2023-10-04 10:47:08.616 +05:30  INF  User profile is available. Using 'C:\Users\DELL\AppData\Local\ASP.NET\DataProtection-Keys' as key repository and Windows DPAPI to encrypt keys at rest.
2023-10-04 10:47:09.311 +05:30  INF  Now listening on: https://localhost:7069
2023-10-04 10:47:09.311 +05:30  INF  Now listening on: http://localhost:5069
2023-10-04 10:47:09.315 +05:30  INF  Application started. Press Ctrl+C to shut down.
2023-10-04 10:47:09.315 +05:30  INF  Hosting environment: Development
2023-10-04 10:47:09.315 +05:30  INF  Content root path: D:\Projects\GitHubProjects\virmani_dotnet\DCRM.Api\
2023-10-04 10:47:11.308 +05:30  INF  Request starting HTTP/2 GET https://localhost:7069/swagger - -
2023-10-04 10:47:11.482 +05:30  INF  Request finished HTTP/2 GET https://localhost:7069/swagger - - - 301 0 - 177.9867ms
2023-10-04 10:47:11.482 +05:30  INF  Request starting HTTP/2 GET https://localhost:7069/swagger/index.html - -
2023-10-04 10:47:12.043 +05:30  INF  Request starting HTTP/2 GET https://localhost:7069/swagger/swagger-ui-bundle.js - -
2023-10-04 10:47:12.044 +05:30  INF  Request starting HTTP/2 GET https://localhost:7069/_framework/aspnetcore-browser-refresh.js - -
2023-10-04 10:47:12.044 +05:30  INF  Request starting HTTP/2 GET https://localhost:7069/swagger/swagger-ui-standalone-preset.js - -
2023-10-04 10:47:12.044 +05:30  INF  Request starting HTTP/2 GET https://localhost:7069/swagger/swagger-ui.css - -
2023-10-04 10:47:12.050 +05:30  INF  Request finished HTTP/2 GET https://localhost:7069/swagger/index.html - - - 200 - text/html;charset=utf-8 567.3483ms
2023-10-04 10:47:12.050 +05:30  INF  Request finished HTTP/2 GET https://localhost:7069/_framework/aspnetcore-browser-refresh.js - - - 200 12348 application/javascript;+charset=utf-8 5.6174ms
2023-10-04 10:47:12.075 +05:30  INF  Sending file. Request path: '/swagger-ui.css'. Physical path: 'N/A'
2023-10-04 10:47:12.083 +05:30  INF  Request starting HTTP/2 GET https://localhost:7069/_vs/browserLink - -
2023-10-04 10:47:12.094 +05:30  INF  Request finished HTTP/2 GET https://localhost:7069/swagger/swagger-ui.css - - - 200 143632 text/css 49.9755ms
2023-10-04 10:47:12.102 +05:30  INF  Sending file. Request path: '/swagger-ui-standalone-preset.js'. Physical path: 'N/A'
2023-10-04 10:47:12.103 +05:30  INF  Request finished HTTP/2 GET https://localhost:7069/swagger/swagger-ui-standalone-preset.js - - - 200 337162 application/javascript 59.3056ms
2023-10-04 10:47:12.115 +05:30  INF  Sending file. Request path: '/swagger-ui-bundle.js'. Physical path: 'N/A'
2023-10-04 10:47:12.116 +05:30  INF  Request finished HTTP/2 GET https://localhost:7069/swagger/swagger-ui-bundle.js - - - 200 1092889 application/javascript 72.0946ms
2023-10-04 10:47:12.166 +05:30  INF  Request finished HTTP/2 GET https://localhost:7069/_vs/browserLink - - - 200 - text/javascript;+charset=UTF-8 82.8657ms
2023-10-04 10:47:12.271 +05:30  INF  Request starting HTTP/2 GET https://localhost:7069/swagger/v1/swagger.json - -
2023-10-04 10:47:12.300 +05:30  INF  Request starting HTTP/2 GET https://localhost:7069/swagger/favicon-32x32.png - -
2023-10-04 10:47:12.300 +05:30  INF  Sending file. Request path: '/favicon-32x32.png'. Physical path: 'N/A'
2023-10-04 10:47:12.300 +05:30  INF  Request finished HTTP/2 GET https://localhost:7069/swagger/favicon-32x32.png - - - 200 628 image/png 0.6718ms
2023-10-04 10:47:12.470 +05:30  INF  Request finished HTTP/2 GET https://localhost:7069/swagger/v1/swagger.json - - - 200 - application/json;charset=utf-8 198.5198ms
2023-10-04 11:28:18.315 +05:30  INF  User profile is available. Using 'C:\Users\DELL\AppData\Local\ASP.NET\DataProtection-Keys' as key repository and Windows DPAPI to encrypt keys at rest.
2023-10-04 11:28:18.863 +05:30  INF  Now listening on: https://localhost:7069
2023-10-04 11:28:18.863 +05:30  INF  Now listening on: http://localhost:5069
2023-10-04 11:28:18.867 +05:30  INF  Application started. Press Ctrl+C to shut down.
2023-10-04 11:28:18.867 +05:30  INF  Hosting environment: Development
2023-10-04 11:28:18.867 +05:30  INF  Content root path: D:\Projects\GitHubProjects\virmani_dotnet\DCRM.Api\
2023-10-04 11:28:20.651 +05:30  INF  Request starting HTTP/2 GET https://localhost:7069/swagger - -
2023-10-04 11:28:20.847 +05:30  INF  Request starting HTTP/2 GET https://localhost:7069/swagger/index.html - -
2023-10-04 11:28:20.847 +05:30  INF  Request finished HTTP/2 GET https://localhost:7069/swagger - - - 301 0 - 202.9091ms
2023-10-04 11:28:21.252 +05:30  INF  Request finished HTTP/2 GET https://localhost:7069/swagger/index.html - - - 200 - text/html;charset=utf-8 405.2388ms
2023-10-04 11:28:21.253 +05:30  INF  Request starting HTTP/2 GET https://localhost:7069/swagger/swagger-ui-bundle.js - -
2023-10-04 11:28:21.253 +05:30  INF  Request starting HTTP/2 GET https://localhost:7069/swagger/swagger-ui-standalone-preset.js - -
2023-10-04 11:28:21.254 +05:30  INF  Request starting HTTP/2 GET https://localhost:7069/_vs/browserLink - -
2023-10-04 11:28:21.254 +05:30  INF  Request starting HTTP/2 GET https://localhost:7069/_framework/aspnetcore-browser-refresh.js - -
2023-10-04 11:28:21.255 +05:30  INF  Request starting HTTP/2 GET https://localhost:7069/swagger/swagger-ui.css - -
2023-10-04 11:28:21.266 +05:30  INF  Request finished HTTP/2 GET https://localhost:7069/_framework/aspnetcore-browser-refresh.js - - - 200 12348 application/javascript;+charset=utf-8 11.9182ms
2023-10-04 11:28:21.315 +05:30  INF  Request finished HTTP/2 GET https://localhost:7069/_vs/browserLink - - - 200 - text/javascript;+charset=UTF-8 61.3684ms
2023-10-04 11:28:21.328 +05:30  INF  Sending file. Request path: '/swagger-ui.css'. Physical path: 'N/A'
2023-10-04 11:28:21.328 +05:30  INF  Sending file. Request path: '/swagger-ui-standalone-preset.js'. Physical path: 'N/A'
2023-10-04 11:28:21.329 +05:30  INF  Request finished HTTP/2 GET https://localhost:7069/swagger/swagger-ui-standalone-preset.js - - - 200 337162 application/javascript 75.2655ms
2023-10-04 11:28:21.329 +05:30  INF  Request finished HTTP/2 GET https://localhost:7069/swagger/swagger-ui.css - - - 200 143632 text/css 73.9072ms
2023-10-04 11:28:21.332 +05:30  INF  Sending file. Request path: '/swagger-ui-bundle.js'. Physical path: 'N/A'
2023-10-04 11:28:21.333 +05:30  INF  Request finished HTTP/2 GET https://localhost:7069/swagger/swagger-ui-bundle.js - - - 200 1092889 application/javascript 79.3329ms
2023-10-04 11:28:21.494 +05:30  INF  Request starting HTTP/2 GET https://localhost:7069/swagger/v1/swagger.json - -
2023-10-04 11:28:21.732 +05:30  INF  Request finished HTTP/2 GET https://localhost:7069/swagger/v1/swagger.json - - - 200 - application/json;charset=utf-8 238.0716ms
2023-10-04 11:29:03.678 +05:30  INF  Request starting HTTP/2 POST https://localhost:7069/api/Authenticate/user application/json 57
2023-10-04 11:29:03.687 +05:30  INF  CORS policy execution successful.
2023-10-04 11:29:06.410 +05:30  INF  Executing endpoint 'DCRM.Api.Controllers.AuthenticateController.Post (DCRM.Api)'
2023-10-04 11:29:06.452 +05:30  INF  Route matched with {action = "Post", controller = "Authenticate"}. Executing controller action with signature Microsoft.AspNetCore.Mvc.IActionResult Post(System.String, DCRM.Common.AuthenticateRequest) on controller DCRM.Api.Controllers.AuthenticateController (DCRM.Api).
2023-10-04 11:29:08.150 +05:30  INF  Executed DbCommand (28ms) [Parameters=[@__authenticateRequest_Email_0='?' (Size = 4000), @__authenticateRequest_Password_1='?' (Size = 4000)], CommandType='"Text"', CommandTimeout='30']
SELECT `u`.`Id`, `u`.`About_Me`, `u`.`Account_Type`, `u`.`Address`, `u`.`Available_Days`, `u`.`Bn_Name`, `u`.`City`, `u`.`Country`, `u`.`Created_At`, `u`.`Currency`, `u`.`Degree`, `u`.`Email`, `u`.`Email_Verified`, `u`.`Enable_Appointment`, `u`.`Enable_Rating`, `u`.`Exp_Years`, `u`.`Facebook`, `u`.`Google_Analytics`, `u`.`Image`, `u`.`Instagram`, `u`.`Linkedin`, `u`.`Name`, `u`.`Parent_Id`, `u`.`Password`, `u`.`Paypal_Email`, `u`.`Paypal_Mode`, `u`.`Paypal_Payment`, `u`.`Paystack_Payment`, `u`.`Paystack_Public_Key`, `u`.`Paystack_Secret_Key`, `u`.`Phone`, `u`.`Publish_Key`, `u`.`Qr_Code`, `u`.`Razorpay_Key_Id`, `u`.`Razorpay_Key_Secret`, `u`.`Razorpay_Payment`, `u`.`Role`, `u`.`Secret_Key`, `u`.`Skype`, `u`.`Slug`, `u`.`Specialist`, `u`.`Status`, `u`.`Stripe_Payment`, `u`.`Thumb`, `u`.`Trial_Expire`, `u`.`Twitter`, `u`.`User_Name`, `u`.`User_Type`, `u`.`Verify_Code`, `u`.`Whatsapp`
FROM `Users` AS `u`
WHERE ((`u`.`Status` = 1) AND (`u`.`Email` = @__authenticateRequest_Email_0)) AND (`u`.`Password` = @__authenticateRequest_Password_1)
LIMIT 2
2023-10-04 11:29:08.797 +05:30  INF  Executing OkObjectResult, writing value of type 'DCRM.Common.AuthenticateResponse'.
2023-10-04 11:29:08.821 +05:30  INF  Executed action DCRM.Api.Controllers.AuthenticateController.Post (DCRM.Api) in 2363.4149ms
2023-10-04 11:29:08.822 +05:30  INF  Executed endpoint 'DCRM.Api.Controllers.AuthenticateController.Post (DCRM.Api)'
2023-10-04 11:29:08.840 +05:30  INF  Request finished HTTP/2 POST https://localhost:7069/api/Authenticate/user application/json 57 - 200 - application/json;+charset=utf-8 5162.0880ms
2023-10-04 11:31:18.959 +05:30  INF  Request starting HTTP/2 POST https://localhost:7069/api/Patient/Create application/json 2357
2023-10-04 11:31:18.962 +05:30  INF  CORS policy execution successful.
2023-10-04 11:31:19.187 +05:30  INF  Executed DbCommand (16ms) [Parameters=[@__id_0='?' (DbType = Int32)], CommandType='"Text"', CommandTimeout='30']
SELECT `u`.`Id`, `u`.`About_Me`, `u`.`Account_Type`, `u`.`Address`, `u`.`Available_Days`, `u`.`Bn_Name`, `u`.`City`, `u`.`Country`, `u`.`Created_At`, `u`.`Currency`, `u`.`Degree`, `u`.`Email`, `u`.`Email_Verified`, `u`.`Enable_Appointment`, `u`.`Enable_Rating`, `u`.`Exp_Years`, `u`.`Facebook`, `u`.`Google_Analytics`, `u`.`Image`, `u`.`Instagram`, `u`.`Linkedin`, `u`.`Name`, `u`.`Parent_Id`, `u`.`Password`, `u`.`Paypal_Email`, `u`.`Paypal_Mode`, `u`.`Paypal_Payment`, `u`.`Paystack_Payment`, `u`.`Paystack_Public_Key`, `u`.`Paystack_Secret_Key`, `u`.`Phone`, `u`.`Publish_Key`, `u`.`Qr_Code`, `u`.`Razorpay_Key_Id`, `u`.`Razorpay_Key_Secret`, `u`.`Razorpay_Payment`, `u`.`Role`, `u`.`Secret_Key`, `u`.`Skype`, `u`.`Slug`, `u`.`Specialist`, `u`.`Status`, `u`.`Stripe_Payment`, `u`.`Thumb`, `u`.`Trial_Expire`, `u`.`Twitter`, `u`.`User_Name`, `u`.`User_Type`, `u`.`Verify_Code`, `u`.`Whatsapp`
FROM `Users` AS `u`
WHERE `u`.`Id` = @__id_0
LIMIT 1
2023-10-04 11:31:19.205 +05:30  INF  Executing endpoint 'DCRM.Api.Controllers.PatientController.Create (DCRM.Api)'
2023-10-04 11:31:19.206 +05:30  INF  Route matched with {action = "Create", controller = "Patient"}. Executing controller action with signature Microsoft.AspNetCore.Mvc.IActionResult Create(DCRM.Common.Entity.PatientRequest) on controller DCRM.Api.Controllers.PatientController (DCRM.Api).
2023-10-04 11:31:22.664 +05:30  INF  Executed DbCommand (20ms) [Parameters=[@__phone_0='?' (DbType = Int64)], CommandType='"Text"', CommandTimeout='30']
SELECT `p`.`Id`, `p`.`Address_O`, `p`.`Address_Other`, `p`.`Address_R`, `p`.`City_O`, `p`.`City_Other`, `p`.`City_R`, `p`.`Country_O`, `p`.`Country_Other`, `p`.`Country_R`, `p`.`Created_At`, `p`.`Doctor_Name`, `p`.`Email`, `p`.`Email2`, `p`.`Medical_History_Allergies`, `p`.`Patient_Id`, `p`.`Phone`, `p`.`Phone1`, `p`.`Phone2`, `p`.`Phone3`, `p`.`Phone4`, `p`.`Physician`, `p`.`Reffered_By`, `p`.`Relationship_Type`, `p`.`Special_Notes`, `p`.`Updated_At`, `p`.`Zip_O`, `p`.`Zip_Other`, `p`.`Zip_R`
FROM `Patients_Contact` AS `p`
WHERE `p`.`Phone1` = @__phone_0
LIMIT 1
2023-10-04 11:31:41.073 +05:30  INF  Executed DbCommand (129ms) [Parameters=[@p0='?' (DbType = SByte), @p1='?' (Size = 4000), @p2='?' (DbType = DateTime), @p3='?' (Size = 4000), @p4='?' (Size = 4000), @p5='?' (DbType = Int32), @p6='?' (Size = 4000), @p7='?' (Size = 4000), @p8='?' (Size = 4000), @p9='?' (Size = 4000), @p10='?' (Size = 4000), @p11='?' (Size = 4000), @p12='?' (Size = 4000), @p13='?' (Size = 4000), @p14='?' (Size = 4000), @p15='?' (Size = 4000), @p16='?' (Size = 4000), @p17='?' (Size = 4000), @p18='?' (DbType = Int64), @p19='?' (Size = 4000), @p20='?' (DbType = Int32)], CommandType='"Text"', CommandTimeout='30']
INSERT INTO `Patientses` (`Age`, `Chamber_Id`, `Created_At`, `Email`, `Guardian`, `Is_Delete`, `Mobile`, `Mr_Number`, `Name`, `Password`, `Permanent_Address`, `Present_Address`, `Role`, `Sex`, `Slug`, `Thumb`, `Title`, `UserName`, `User_Id`, `Verify_Code`, `Weight`)
VALUES (@p0, @p1, @p2, @p3, @p4, @p5, @p6, @p7, @p8, @p9, @p10, @p11, @p12, @p13, @p14, @p15, @p16, @p17, @p18, @p19, @p20);
SELECT `Id`
FROM `Patientses`
WHERE ROW_COUNT() = 1 AND `Id` = LAST_INSERT_ID();
2023-10-04 11:31:46.137 +05:30  INF  Executed DbCommand (2ms) [Parameters=[@__item_Id_0='?' (DbType = Int64)], CommandType='"Text"', CommandTimeout='30']
SELECT `p`.`Id`, `p`.`Address_O`, `p`.`Address_Other`, `p`.`Address_R`, `p`.`City_O`, `p`.`City_Other`, `p`.`City_R`, `p`.`Country_O`, `p`.`Country_Other`, `p`.`Country_R`, `p`.`Created_At`, `p`.`Doctor_Name`, `p`.`Email`, `p`.`Email2`, `p`.`Medical_History_Allergies`, `p`.`Patient_Id`, `p`.`Phone`, `p`.`Phone1`, `p`.`Phone2`, `p`.`Phone3`, `p`.`Phone4`, `p`.`Physician`, `p`.`Reffered_By`, `p`.`Relationship_Type`, `p`.`Special_Notes`, `p`.`Updated_At`, `p`.`Zip_O`, `p`.`Zip_Other`, `p`.`Zip_R`
FROM `Patients_Contact` AS `p`
WHERE `p`.`Id` = @__item_Id_0
LIMIT 1
2023-10-04 11:31:51.887 +05:30  INF  Executed DbCommand (4ms) [Parameters=[@p0='?' (Size = 4000), @p1='?' (Size = 4000), @p2='?' (Size = 4000), @p3='?' (Size = 4000), @p4='?' (Size = 4000), @p5='?' (Size = 4000), @p6='?' (Size = 4000), @p7='?' (Size = 4000), @p8='?' (Size = 4000), @p9='?' (DbType = DateTime), @p10='?' (Size = 4000), @p11='?' (Size = 4000), @p12='?' (Size = 4000), @p13='?' (Size = 4000), @p14='?' (DbType = Int64), @p15='?' (Size = 4000), @p16='?' (DbType = Int64), @p17='?' (DbType = Int64), @p18='?' (DbType = Int64), @p19='?' (DbType = Int64), @p20='?' (Size = 4000), @p21='?' (Size = 4000), @p22='?' (Size = 4000), @p23='?' (Size = 4000), @p24='?' (DbType = DateTime), @p25='?' (Size = 4000), @p26='?' (DbType = Int64), @p27='?' (Size = 4000)], CommandType='"Text"', CommandTimeout='30']
INSERT INTO `Patients_Contact` (`Address_O`, `Address_Other`, `Address_R`, `City_O`, `City_Other`, `City_R`, `Country_O`, `Country_Other`, `Country_R`, `Created_At`, `Doctor_Name`, `Email`, `Email2`, `Medical_History_Allergies`, `Patient_Id`, `Phone`, `Phone1`, `Phone2`, `Phone3`, `Phone4`, `Physician`, `Reffered_By`, `Relationship_Type`, `Special_Notes`, `Updated_At`, `Zip_O`, `Zip_Other`, `Zip_R`)
VALUES (@p0, @p1, @p2, @p3, @p4, @p5, @p6, @p7, @p8, @p9, @p10, @p11, @p12, @p13, @p14, @p15, @p16, @p17, @p18, @p19, @p20, @p21, @p22, @p23, @p24, @p25, @p26, @p27);
SELECT `Id`
FROM `Patients_Contact`
WHERE ROW_COUNT() = 1 AND `Id` = LAST_INSERT_ID();
2023-10-04 11:31:57.855 +05:30  INF  Executed DbCommand (9ms) [Parameters=[@__item_Id_0='?' (DbType = Int64)], CommandType='"Text"', CommandTimeout='30']
SELECT `p`.`Id`, `p`.`Amount`, `p`.`Balance_Amount`, `p`.`Balance_Spent`, `p`.`Created_At`, `p`.`Name`, `p`.`Patients_Id`, `p`.`Type`, `p`.`Updated_At`
FROM `Patients_Insurance_Loan` AS `p`
WHERE `p`.`Id` = @__item_Id_0
LIMIT 1
2023-10-04 11:32:02.981 +05:30  INF  Executed DbCommand (3ms) [Parameters=[@p0='?' (Size = 4000), @p1='?' (Size = 4000), @p2='?' (Size = 4000), @p3='?' (DbType = DateTime), @p4='?' (Size = 4000), @p5='?' (DbType = Int64), @p6='?' (Size = 4000), @p7='?' (DbType = DateTime)], CommandType='"Text"', CommandTimeout='30']
INSERT INTO `Patients_Insurance_Loan` (`Amount`, `Balance_Amount`, `Balance_Spent`, `Created_At`, `Name`, `Patients_Id`, `Type`, `Updated_At`)
VALUES (@p0, @p1, @p2, @p3, @p4, @p5, @p6, @p7);
SELECT `Id`
FROM `Patients_Insurance_Loan`
WHERE ROW_COUNT() = 1 AND `Id` = LAST_INSERT_ID();
2023-10-04 11:32:08.296 +05:30  INF  Executed DbCommand (13ms) [Parameters=[@__item_Id_0='?' (DbType = Int32)], CommandType='"Text"', CommandTimeout='30']
SELECT `p`.`Id`, `p`.`Created_At`, `p`.`Patient_Id`, `p`.`Report`, `p`.`Report_File`, `p`.`Scan_Name`, `p`.`Status`, `p`.`Type`, `p`.`Updated_At`
FROM `Patient_Scans` AS `p`
WHERE `p`.`Id` = @__item_Id_0
LIMIT 1
2023-10-04 11:32:22.691 +05:30  INF  Executed DbCommand (8ms) [Parameters=[@p0='?' (DbType = DateTime), @p1='?' (DbType = Int64), @p2='?' (Size = 4000), @p3='?' (Size = 4000), @p4='?' (Size = 4000), @p5='?' (DbType = Int32), @p6='?' (Size = 4000), @p7='?' (DbType = DateTime)], CommandType='"Text"', CommandTimeout='30']
INSERT INTO `Patient_Scans` (`Created_At`, `Patient_Id`, `Report`, `Report_File`, `Scan_Name`, `Status`, `Type`, `Updated_At`)
VALUES (@p0, @p1, @p2, @p3, @p4, @p5, @p6, @p7);
SELECT `Id`
FROM `Patient_Scans`
WHERE ROW_COUNT() = 1 AND `Id` = LAST_INSERT_ID();
2023-10-04 11:32:42.064 +05:30  INF  Executed DbCommand (10ms) [Parameters=[@__item_Id_0='?' (DbType = Int32)], CommandType='"Text"', CommandTimeout='30']
SELECT `p`.`Id`, `p`.`Created_At`, `p`.`Patient_Id`, `p`.`Report`, `p`.`Report_Date`, `p`.`Report_File`, `p`.`Status`, `p`.`Test_Name`, `p`.`Test_Price`, `p`.`Updated_At`
FROM `Patient_Tests` AS `p`
WHERE `p`.`Id` = @__item_Id_0
LIMIT 1
2023-10-04 11:32:48.426 +05:30  INF  Executed DbCommand (6ms) [Parameters=[@p0='?' (DbType = DateTime), @p1='?' (DbType = Int64), @p2='?' (Size = 4000), @p3='?' (DbType = DateTime), @p4='?' (Size = 4000), @p5='?' (DbType = Int32), @p6='?' (Size = 4000), @p7='?' (Size = 4000), @p8='?' (DbType = DateTime)], CommandType='"Text"', CommandTimeout='30']
INSERT INTO `Patient_Tests` (`Created_At`, `Patient_Id`, `Report`, `Report_Date`, `Report_File`, `Status`, `Test_Name`, `Test_Price`, `Updated_At`)
VALUES (@p0, @p1, @p2, @p3, @p4, @p5, @p6, @p7, @p8);
SELECT `Id`
FROM `Patient_Tests`
WHERE ROW_COUNT() = 1 AND `Id` = LAST_INSERT_ID();
2023-10-04 11:32:54.852 +05:30  INF  Executed DbCommand (1ms) [Parameters=[@__id_0='?' (DbType = Int64)], CommandType='"Text"', CommandTimeout='30']
SELECT `p`.`Id`, `p`.`Age`, `p`.`Chamber_Id`, `p`.`Created_At`, `p`.`Email`, `p`.`Guardian`, `p`.`Is_Delete`, `p`.`Mobile`, `p`.`Mr_Number`, `p`.`Name`, `p`.`Password`, `p`.`Permanent_Address`, `p`.`Present_Address`, `p`.`Role`, `p`.`Sex`, `p`.`Slug`, `p`.`Thumb`, `p`.`Title`, `p`.`UserName`, `p`.`User_Id`, `p`.`Verify_Code`, `p`.`Weight`
FROM `Patientses` AS `p`
WHERE `p`.`Id` = @__id_0
LIMIT 1
2023-10-04 11:32:54.855 +05:30  INF  Executing OkObjectResult, writing value of type 'System.String'.
2023-10-04 11:32:54.855 +05:30  INF  Executed action DCRM.Api.Controllers.PatientController.Create (DCRM.Api) in 95648.9883ms
2023-10-04 11:32:54.855 +05:30  INF  Executed endpoint 'DCRM.Api.Controllers.PatientController.Create (DCRM.Api)'
2023-10-04 11:32:54.855 +05:30  INF  Request finished HTTP/2 POST https://localhost:7069/api/Patient/Create application/json 2357 - 200 - text/plain;+charset=utf-8 95895.9036ms
2023-10-04 11:33:06.913 +05:30  INF  Request starting HTTP/2 GET https://localhost:7069/api/Patient/GetAll - -
2023-10-04 11:33:06.946 +05:30  INF  Executed DbCommand (1ms) [Parameters=[@__id_0='?' (DbType = Int32)], CommandType='"Text"', CommandTimeout='30']
SELECT `u`.`Id`, `u`.`About_Me`, `u`.`Account_Type`, `u`.`Address`, `u`.`Available_Days`, `u`.`Bn_Name`, `u`.`City`, `u`.`Country`, `u`.`Created_At`, `u`.`Currency`, `u`.`Degree`, `u`.`Email`, `u`.`Email_Verified`, `u`.`Enable_Appointment`, `u`.`Enable_Rating`, `u`.`Exp_Years`, `u`.`Facebook`, `u`.`Google_Analytics`, `u`.`Image`, `u`.`Instagram`, `u`.`Linkedin`, `u`.`Name`, `u`.`Parent_Id`, `u`.`Password`, `u`.`Paypal_Email`, `u`.`Paypal_Mode`, `u`.`Paypal_Payment`, `u`.`Paystack_Payment`, `u`.`Paystack_Public_Key`, `u`.`Paystack_Secret_Key`, `u`.`Phone`, `u`.`Publish_Key`, `u`.`Qr_Code`, `u`.`Razorpay_Key_Id`, `u`.`Razorpay_Key_Secret`, `u`.`Razorpay_Payment`, `u`.`Role`, `u`.`Secret_Key`, `u`.`Skype`, `u`.`Slug`, `u`.`Specialist`, `u`.`Status`, `u`.`Stripe_Payment`, `u`.`Thumb`, `u`.`Trial_Expire`, `u`.`Twitter`, `u`.`User_Name`, `u`.`User_Type`, `u`.`Verify_Code`, `u`.`Whatsapp`
FROM `Users` AS `u`
WHERE `u`.`Id` = @__id_0
LIMIT 1
2023-10-04 11:33:06.947 +05:30  INF  Executing endpoint 'DCRM.Api.Controllers.PatientController.GetAll (DCRM.Api)'
2023-10-04 11:33:06.950 +05:30  INF  Route matched with {action = "GetAll", controller = "Patient"}. Executing controller action with signature System.Threading.Tasks.Task`1[System.Collections.Generic.List`1[DCRM.Common.Dto.PatientseDto]] GetAll() on controller DCRM.Api.Controllers.PatientController (DCRM.Api).
2023-10-04 11:33:06.981 +05:30  INF  Executed DbCommand (3ms) [Parameters=[], CommandType='"Text"', CommandTimeout='30']
SELECT `p`.`Id`, `p`.`Age`, `p`.`Chamber_Id`, `p`.`Created_At`, `p`.`Email`, `p`.`Guardian`, `p`.`Is_Delete`, `p`.`Mobile`, `p`.`Mr_Number`, `p`.`Name`, `p`.`Password`, `p`.`Permanent_Address`, `p`.`Present_Address`, `p`.`Role`, `p`.`Sex`, `p`.`Slug`, `p`.`Thumb`, `p`.`Title`, `p`.`UserName`, `p`.`User_Id`, `p`.`Verify_Code`, `p`.`Weight`
FROM `Patientses` AS `p`
WHERE `p`.`Is_Delete` = 0
2023-10-04 11:33:07.011 +05:30  INF  Executed DbCommand (15ms) [Parameters=[], CommandType='"Text"', CommandTimeout='30']
SELECT `p`.`Id`, `p`.`Amount_Type`, `p`.`Balance`, `p`.`Created_At`, `p`.`Credit_Amount`, `p`.`Debit_Amount`, `p`.`Description`, `p`.`Doctor_Id`, `p`.`Patient_Id`, `p`.`Payment_Mode`, `p`.`Updated_At`, `p`.`Workdone_Id`
FROM `Payment_History` AS `p`
2023-10-04 11:33:07.052 +05:30  INF  Executed DbCommand (2ms) [Parameters=[@__p_0='?' (DbType = Int64)], CommandType='"Text"', CommandTimeout='30']
SELECT `p`.`Id`, `p`.`Amount`, `p`.`Balance_Amount`, `p`.`Balance_Spent`, `p`.`Created_At`, `p`.`Name`, `p`.`Patients_Id`, `p`.`Type`, `p`.`Updated_At`
FROM `Patients_Insurance_Loan` AS `p`
WHERE `p`.`Patients_Id` = @__p_0
2023-10-04 11:33:07.058 +05:30  INF  Executed DbCommand (2ms) [Parameters=[@__p_0='?' (DbType = Int64)], CommandType='"Text"', CommandTimeout='30']
SELECT `p`.`Id`, `p`.`Created_At`, `p`.`Patient_Id`, `p`.`Report`, `p`.`Report_Date`, `p`.`Report_File`, `p`.`Status`, `p`.`Test_Name`, `p`.`Test_Price`, `p`.`Updated_At`
FROM `Patient_Tests` AS `p`
WHERE `p`.`Patient_Id` = @__p_0
2023-10-04 11:33:07.065 +05:30  INF  Executed DbCommand (1ms) [Parameters=[@__p_0='?' (DbType = Int64)], CommandType='"Text"', CommandTimeout='30']
SELECT `p`.`Id`, `p`.`Address_O`, `p`.`Address_Other`, `p`.`Address_R`, `p`.`City_O`, `p`.`City_Other`, `p`.`City_R`, `p`.`Country_O`, `p`.`Country_Other`, `p`.`Country_R`, `p`.`Created_At`, `p`.`Doctor_Name`, `p`.`Email`, `p`.`Email2`, `p`.`Medical_History_Allergies`, `p`.`Patient_Id`, `p`.`Phone`, `p`.`Phone1`, `p`.`Phone2`, `p`.`Phone3`, `p`.`Phone4`, `p`.`Physician`, `p`.`Reffered_By`, `p`.`Relationship_Type`, `p`.`Special_Notes`, `p`.`Updated_At`, `p`.`Zip_O`, `p`.`Zip_Other`, `p`.`Zip_R`
FROM `Patients_Contact` AS `p`
WHERE `p`.`Patient_Id` = @__p_0
2023-10-04 11:33:07.069 +05:30  INF  Executed DbCommand (0ms) [Parameters=[@__p_0='?' (DbType = Int64)], CommandType='"Text"', CommandTimeout='30']
SELECT `p`.`Id`, `p`.`Created_At`, `p`.`Patient_Id`, `p`.`Report`, `p`.`Report_File`, `p`.`Scan_Name`, `p`.`Status`, `p`.`Type`, `p`.`Updated_At`
FROM `Patient_Scans` AS `p`
WHERE `p`.`Patient_Id` = @__p_0
2023-10-04 11:33:07.072 +05:30  INF  Executed DbCommand (1ms) [Parameters=[], CommandType='"Text"', CommandTimeout='30']
SELECT `p`.`Id`, `p`.`Amount_Type`, `p`.`Balance`, `p`.`Created_At`, `p`.`Credit_Amount`, `p`.`Debit_Amount`, `p`.`Description`, `p`.`Doctor_Id`, `p`.`Patient_Id`, `p`.`Payment_Mode`, `p`.`Updated_At`, `p`.`Workdone_Id`
FROM `Payment_History` AS `p`
2023-10-04 11:33:07.078 +05:30  INF  Executed DbCommand (1ms) [Parameters=[@__p_0='?' (DbType = Int64)], CommandType='"Text"', CommandTimeout='30']
SELECT `p`.`Id`, `p`.`Amount`, `p`.`Balance_Amount`, `p`.`Balance_Spent`, `p`.`Created_At`, `p`.`Name`, `p`.`Patients_Id`, `p`.`Type`, `p`.`Updated_At`
FROM `Patients_Insurance_Loan` AS `p`
WHERE `p`.`Patients_Id` = @__p_0
2023-10-04 11:33:07.080 +05:30  INF  Executed DbCommand (2ms) [Parameters=[@__p_0='?' (DbType = Int64)], CommandType='"Text"', CommandTimeout='30']
SELECT `p`.`Id`, `p`.`Created_At`, `p`.`Patient_Id`, `p`.`Report`, `p`.`Report_Date`, `p`.`Report_File`, `p`.`Status`, `p`.`Test_Name`, `p`.`Test_Price`, `p`.`Updated_At`
FROM `Patient_Tests` AS `p`
WHERE `p`.`Patient_Id` = @__p_0
2023-10-04 11:33:07.083 +05:30  INF  Executed DbCommand (1ms) [Parameters=[@__p_0='?' (DbType = Int64)], CommandType='"Text"', CommandTimeout='30']
SELECT `p`.`Id`, `p`.`Address_O`, `p`.`Address_Other`, `p`.`Address_R`, `p`.`City_O`, `p`.`City_Other`, `p`.`City_R`, `p`.`Country_O`, `p`.`Country_Other`, `p`.`Country_R`, `p`.`Created_At`, `p`.`Doctor_Name`, `p`.`Email`, `p`.`Email2`, `p`.`Medical_History_Allergies`, `p`.`Patient_Id`, `p`.`Phone`, `p`.`Phone1`, `p`.`Phone2`, `p`.`Phone3`, `p`.`Phone4`, `p`.`Physician`, `p`.`Reffered_By`, `p`.`Relationship_Type`, `p`.`Special_Notes`, `p`.`Updated_At`, `p`.`Zip_O`, `p`.`Zip_Other`, `p`.`Zip_R`
FROM `Patients_Contact` AS `p`
WHERE `p`.`Patient_Id` = @__p_0
2023-10-04 11:33:07.084 +05:30  INF  Executed DbCommand (0ms) [Parameters=[@__p_0='?' (DbType = Int64)], CommandType='"Text"', CommandTimeout='30']
SELECT `p`.`Id`, `p`.`Created_At`, `p`.`Patient_Id`, `p`.`Report`, `p`.`Report_File`, `p`.`Scan_Name`, `p`.`Status`, `p`.`Type`, `p`.`Updated_At`
FROM `Patient_Scans` AS `p`
WHERE `p`.`Patient_Id` = @__p_0
2023-10-04 11:33:07.085 +05:30  INF  Executed DbCommand (1ms) [Parameters=[], CommandType='"Text"', CommandTimeout='30']
SELECT `p`.`Id`, `p`.`Amount_Type`, `p`.`Balance`, `p`.`Created_At`, `p`.`Credit_Amount`, `p`.`Debit_Amount`, `p`.`Description`, `p`.`Doctor_Id`, `p`.`Patient_Id`, `p`.`Payment_Mode`, `p`.`Updated_At`, `p`.`Workdone_Id`
FROM `Payment_History` AS `p`
2023-10-04 11:33:07.097 +05:30  INF  Executed DbCommand (1ms) [Parameters=[@__p_0='?' (DbType = Int64)], CommandType='"Text"', CommandTimeout='30']
SELECT `p`.`Id`, `p`.`Amount`, `p`.`Balance_Amount`, `p`.`Balance_Spent`, `p`.`Created_At`, `p`.`Name`, `p`.`Patients_Id`, `p`.`Type`, `p`.`Updated_At`
FROM `Patients_Insurance_Loan` AS `p`
WHERE `p`.`Patients_Id` = @__p_0
2023-10-04 11:33:07.098 +05:30  INF  Executed DbCommand (0ms) [Parameters=[@__p_0='?' (DbType = Int64)], CommandType='"Text"', CommandTimeout='30']
SELECT `p`.`Id`, `p`.`Created_At`, `p`.`Patient_Id`, `p`.`Report`, `p`.`Report_Date`, `p`.`Report_File`, `p`.`Status`, `p`.`Test_Name`, `p`.`Test_Price`, `p`.`Updated_At`
FROM `Patient_Tests` AS `p`
WHERE `p`.`Patient_Id` = @__p_0
2023-10-04 11:33:07.100 +05:30  INF  Executed DbCommand (1ms) [Parameters=[@__p_0='?' (DbType = Int64)], CommandType='"Text"', CommandTimeout='30']
SELECT `p`.`Id`, `p`.`Address_O`, `p`.`Address_Other`, `p`.`Address_R`, `p`.`City_O`, `p`.`City_Other`, `p`.`City_R`, `p`.`Country_O`, `p`.`Country_Other`, `p`.`Country_R`, `p`.`Created_At`, `p`.`Doctor_Name`, `p`.`Email`, `p`.`Email2`, `p`.`Medical_History_Allergies`, `p`.`Patient_Id`, `p`.`Phone`, `p`.`Phone1`, `p`.`Phone2`, `p`.`Phone3`, `p`.`Phone4`, `p`.`Physician`, `p`.`Reffered_By`, `p`.`Relationship_Type`, `p`.`Special_Notes`, `p`.`Updated_At`, `p`.`Zip_O`, `p`.`Zip_Other`, `p`.`Zip_R`
FROM `Patients_Contact` AS `p`
WHERE `p`.`Patient_Id` = @__p_0
2023-10-04 11:33:07.102 +05:30  INF  Executed DbCommand (0ms) [Parameters=[@__p_0='?' (DbType = Int64)], CommandType='"Text"', CommandTimeout='30']
SELECT `p`.`Id`, `p`.`Created_At`, `p`.`Patient_Id`, `p`.`Report`, `p`.`Report_File`, `p`.`Scan_Name`, `p`.`Status`, `p`.`Type`, `p`.`Updated_At`
FROM `Patient_Scans` AS `p`
WHERE `p`.`Patient_Id` = @__p_0
2023-10-04 11:33:07.103 +05:30  INF  Executed DbCommand (1ms) [Parameters=[], CommandType='"Text"', CommandTimeout='30']
SELECT `p`.`Id`, `p`.`Amount_Type`, `p`.`Balance`, `p`.`Created_At`, `p`.`Credit_Amount`, `p`.`Debit_Amount`, `p`.`Description`, `p`.`Doctor_Id`, `p`.`Patient_Id`, `p`.`Payment_Mode`, `p`.`Updated_At`, `p`.`Workdone_Id`
FROM `Payment_History` AS `p`
2023-10-04 11:33:07.108 +05:30  INF  Executed DbCommand (1ms) [Parameters=[@__p_0='?' (DbType = Int64)], CommandType='"Text"', CommandTimeout='30']
SELECT `p`.`Id`, `p`.`Amount`, `p`.`Balance_Amount`, `p`.`Balance_Spent`, `p`.`Created_At`, `p`.`Name`, `p`.`Patients_Id`, `p`.`Type`, `p`.`Updated_At`
FROM `Patients_Insurance_Loan` AS `p`
WHERE `p`.`Patients_Id` = @__p_0
2023-10-04 11:33:07.111 +05:30  INF  Executed DbCommand (1ms) [Parameters=[@__p_0='?' (DbType = Int64)], CommandType='"Text"', CommandTimeout='30']
SELECT `p`.`Id`, `p`.`Created_At`, `p`.`Patient_Id`, `p`.`Report`, `p`.`Report_Date`, `p`.`Report_File`, `p`.`Status`, `p`.`Test_Name`, `p`.`Test_Price`, `p`.`Updated_At`
FROM `Patient_Tests` AS `p`
WHERE `p`.`Patient_Id` = @__p_0
2023-10-04 11:33:07.113 +05:30  INF  Executed DbCommand (1ms) [Parameters=[@__p_0='?' (DbType = Int64)], CommandType='"Text"', CommandTimeout='30']
SELECT `p`.`Id`, `p`.`Address_O`, `p`.`Address_Other`, `p`.`Address_R`, `p`.`City_O`, `p`.`City_Other`, `p`.`City_R`, `p`.`Country_O`, `p`.`Country_Other`, `p`.`Country_R`, `p`.`Created_At`, `p`.`Doctor_Name`, `p`.`Email`, `p`.`Email2`, `p`.`Medical_History_Allergies`, `p`.`Patient_Id`, `p`.`Phone`, `p`.`Phone1`, `p`.`Phone2`, `p`.`Phone3`, `p`.`Phone4`, `p`.`Physician`, `p`.`Reffered_By`, `p`.`Relationship_Type`, `p`.`Special_Notes`, `p`.`Updated_At`, `p`.`Zip_O`, `p`.`Zip_Other`, `p`.`Zip_R`
FROM `Patients_Contact` AS `p`
WHERE `p`.`Patient_Id` = @__p_0
2023-10-04 11:33:07.114 +05:30  INF  Executed DbCommand (0ms) [Parameters=[@__p_0='?' (DbType = Int64)], CommandType='"Text"', CommandTimeout='30']
SELECT `p`.`Id`, `p`.`Created_At`, `p`.`Patient_Id`, `p`.`Report`, `p`.`Report_File`, `p`.`Scan_Name`, `p`.`Status`, `p`.`Type`, `p`.`Updated_At`
FROM `Patient_Scans` AS `p`
WHERE `p`.`Patient_Id` = @__p_0
2023-10-04 11:33:07.115 +05:30  INF  Executed DbCommand (1ms) [Parameters=[], CommandType='"Text"', CommandTimeout='30']
SELECT `p`.`Id`, `p`.`Amount_Type`, `p`.`Balance`, `p`.`Created_At`, `p`.`Credit_Amount`, `p`.`Debit_Amount`, `p`.`Description`, `p`.`Doctor_Id`, `p`.`Patient_Id`, `p`.`Payment_Mode`, `p`.`Updated_At`, `p`.`Workdone_Id`
FROM `Payment_History` AS `p`
2023-10-04 11:33:07.120 +05:30  INF  Executed DbCommand (1ms) [Parameters=[@__p_0='?' (DbType = Int64)], CommandType='"Text"', CommandTimeout='30']
SELECT `p`.`Id`, `p`.`Amount`, `p`.`Balance_Amount`, `p`.`Balance_Spent`, `p`.`Created_At`, `p`.`Name`, `p`.`Patients_Id`, `p`.`Type`, `p`.`Updated_At`
FROM `Patients_Insurance_Loan` AS `p`
WHERE `p`.`Patients_Id` = @__p_0
2023-10-04 11:33:07.122 +05:30  INF  Executed DbCommand (0ms) [Parameters=[@__p_0='?' (DbType = Int64)], CommandType='"Text"', CommandTimeout='30']
SELECT `p`.`Id`, `p`.`Created_At`, `p`.`Patient_Id`, `p`.`Report`, `p`.`Report_Date`, `p`.`Report_File`, `p`.`Status`, `p`.`Test_Name`, `p`.`Test_Price`, `p`.`Updated_At`
FROM `Patient_Tests` AS `p`
WHERE `p`.`Patient_Id` = @__p_0
2023-10-04 11:33:07.124 +05:30  INF  Executed DbCommand (1ms) [Parameters=[@__p_0='?' (DbType = Int64)], CommandType='"Text"', CommandTimeout='30']
SELECT `p`.`Id`, `p`.`Address_O`, `p`.`Address_Other`, `p`.`Address_R`, `p`.`City_O`, `p`.`City_Other`, `p`.`City_R`, `p`.`Country_O`, `p`.`Country_Other`, `p`.`Country_R`, `p`.`Created_At`, `p`.`Doctor_Name`, `p`.`Email`, `p`.`Email2`, `p`.`Medical_History_Allergies`, `p`.`Patient_Id`, `p`.`Phone`, `p`.`Phone1`, `p`.`Phone2`, `p`.`Phone3`, `p`.`Phone4`, `p`.`Physician`, `p`.`Reffered_By`, `p`.`Relationship_Type`, `p`.`Special_Notes`, `p`.`Updated_At`, `p`.`Zip_O`, `p`.`Zip_Other`, `p`.`Zip_R`
FROM `Patients_Contact` AS `p`
WHERE `p`.`Patient_Id` = @__p_0
2023-10-04 11:33:07.126 +05:30  INF  Executed DbCommand (1ms) [Parameters=[@__p_0='?' (DbType = Int64)], CommandType='"Text"', CommandTimeout='30']
SELECT `p`.`Id`, `p`.`Created_At`, `p`.`Patient_Id`, `p`.`Report`, `p`.`Report_File`, `p`.`Scan_Name`, `p`.`Status`, `p`.`Type`, `p`.`Updated_At`
FROM `Patient_Scans` AS `p`
WHERE `p`.`Patient_Id` = @__p_0
2023-10-04 11:33:07.127 +05:30  INF  Executed DbCommand (1ms) [Parameters=[], CommandType='"Text"', CommandTimeout='30']
SELECT `p`.`Id`, `p`.`Amount_Type`, `p`.`Balance`, `p`.`Created_At`, `p`.`Credit_Amount`, `p`.`Debit_Amount`, `p`.`Description`, `p`.`Doctor_Id`, `p`.`Patient_Id`, `p`.`Payment_Mode`, `p`.`Updated_At`, `p`.`Workdone_Id`
FROM `Payment_History` AS `p`
2023-10-04 11:33:07.132 +05:30  INF  Executed DbCommand (1ms) [Parameters=[@__p_0='?' (DbType = Int64)], CommandType='"Text"', CommandTimeout='30']
SELECT `p`.`Id`, `p`.`Amount`, `p`.`Balance_Amount`, `p`.`Balance_Spent`, `p`.`Created_At`, `p`.`Name`, `p`.`Patients_Id`, `p`.`Type`, `p`.`Updated_At`
FROM `Patients_Insurance_Loan` AS `p`
WHERE `p`.`Patients_Id` = @__p_0
2023-10-04 11:33:07.133 +05:30  INF  Executed DbCommand (0ms) [Parameters=[@__p_0='?' (DbType = Int64)], CommandType='"Text"', CommandTimeout='30']
SELECT `p`.`Id`, `p`.`Created_At`, `p`.`Patient_Id`, `p`.`Report`, `p`.`Report_Date`, `p`.`Report_File`, `p`.`Status`, `p`.`Test_Name`, `p`.`Test_Price`, `p`.`Updated_At`
FROM `Patient_Tests` AS `p`
WHERE `p`.`Patient_Id` = @__p_0
2023-10-04 11:33:07.135 +05:30  INF  Executed DbCommand (1ms) [Parameters=[@__p_0='?' (DbType = Int64)], CommandType='"Text"', CommandTimeout='30']
SELECT `p`.`Id`, `p`.`Address_O`, `p`.`Address_Other`, `p`.`Address_R`, `p`.`City_O`, `p`.`City_Other`, `p`.`City_R`, `p`.`Country_O`, `p`.`Country_Other`, `p`.`Country_R`, `p`.`Created_At`, `p`.`Doctor_Name`, `p`.`Email`, `p`.`Email2`, `p`.`Medical_History_Allergies`, `p`.`Patient_Id`, `p`.`Phone`, `p`.`Phone1`, `p`.`Phone2`, `p`.`Phone3`, `p`.`Phone4`, `p`.`Physician`, `p`.`Reffered_By`, `p`.`Relationship_Type`, `p`.`Special_Notes`, `p`.`Updated_At`, `p`.`Zip_O`, `p`.`Zip_Other`, `p`.`Zip_R`
FROM `Patients_Contact` AS `p`
WHERE `p`.`Patient_Id` = @__p_0
2023-10-04 11:33:07.136 +05:30  INF  Executed DbCommand (0ms) [Parameters=[@__p_0='?' (DbType = Int64)], CommandType='"Text"', CommandTimeout='30']
SELECT `p`.`Id`, `p`.`Created_At`, `p`.`Patient_Id`, `p`.`Report`, `p`.`Report_File`, `p`.`Scan_Name`, `p`.`Status`, `p`.`Type`, `p`.`Updated_At`
FROM `Patient_Scans` AS `p`
WHERE `p`.`Patient_Id` = @__p_0
2023-10-04 11:33:07.137 +05:30  INF  Executed DbCommand (1ms) [Parameters=[], CommandType='"Text"', CommandTimeout='30']
SELECT `p`.`Id`, `p`.`Amount_Type`, `p`.`Balance`, `p`.`Created_At`, `p`.`Credit_Amount`, `p`.`Debit_Amount`, `p`.`Description`, `p`.`Doctor_Id`, `p`.`Patient_Id`, `p`.`Payment_Mode`, `p`.`Updated_At`, `p`.`Workdone_Id`
FROM `Payment_History` AS `p`
2023-10-04 11:33:07.144 +05:30  INF  Executed DbCommand (1ms) [Parameters=[@__p_0='?' (DbType = Int64)], CommandType='"Text"', CommandTimeout='30']
SELECT `p`.`Id`, `p`.`Amount`, `p`.`Balance_Amount`, `p`.`Balance_Spent`, `p`.`Created_At`, `p`.`Name`, `p`.`Patients_Id`, `p`.`Type`, `p`.`Updated_At`
FROM `Patients_Insurance_Loan` AS `p`
WHERE `p`.`Patients_Id` = @__p_0
2023-10-04 11:33:07.145 +05:30  INF  Executed DbCommand (0ms) [Parameters=[@__p_0='?' (DbType = Int64)], CommandType='"Text"', CommandTimeout='30']
SELECT `p`.`Id`, `p`.`Created_At`, `p`.`Patient_Id`, `p`.`Report`, `p`.`Report_Date`, `p`.`Report_File`, `p`.`Status`, `p`.`Test_Name`, `p`.`Test_Price`, `p`.`Updated_At`
FROM `Patient_Tests` AS `p`
WHERE `p`.`Patient_Id` = @__p_0
2023-10-04 11:33:07.147 +05:30  INF  Executed DbCommand (1ms) [Parameters=[@__p_0='?' (DbType = Int64)], CommandType='"Text"', CommandTimeout='30']
SELECT `p`.`Id`, `p`.`Address_O`, `p`.`Address_Other`, `p`.`Address_R`, `p`.`City_O`, `p`.`City_Other`, `p`.`City_R`, `p`.`Country_O`, `p`.`Country_Other`, `p`.`Country_R`, `p`.`Created_At`, `p`.`Doctor_Name`, `p`.`Email`, `p`.`Email2`, `p`.`Medical_History_Allergies`, `p`.`Patient_Id`, `p`.`Phone`, `p`.`Phone1`, `p`.`Phone2`, `p`.`Phone3`, `p`.`Phone4`, `p`.`Physician`, `p`.`Reffered_By`, `p`.`Relationship_Type`, `p`.`Special_Notes`, `p`.`Updated_At`, `p`.`Zip_O`, `p`.`Zip_Other`, `p`.`Zip_R`
FROM `Patients_Contact` AS `p`
WHERE `p`.`Patient_Id` = @__p_0
2023-10-04 11:33:07.148 +05:30  INF  Executed DbCommand (0ms) [Parameters=[@__p_0='?' (DbType = Int64)], CommandType='"Text"', CommandTimeout='30']
SELECT `p`.`Id`, `p`.`Created_At`, `p`.`Patient_Id`, `p`.`Report`, `p`.`Report_File`, `p`.`Scan_Name`, `p`.`Status`, `p`.`Type`, `p`.`Updated_At`
FROM `Patient_Scans` AS `p`
WHERE `p`.`Patient_Id` = @__p_0
2023-10-04 11:33:07.149 +05:30  INF  Executed DbCommand (1ms) [Parameters=[], CommandType='"Text"', CommandTimeout='30']
SELECT `p`.`Id`, `p`.`Amount_Type`, `p`.`Balance`, `p`.`Created_At`, `p`.`Credit_Amount`, `p`.`Debit_Amount`, `p`.`Description`, `p`.`Doctor_Id`, `p`.`Patient_Id`, `p`.`Payment_Mode`, `p`.`Updated_At`, `p`.`Workdone_Id`
FROM `Payment_History` AS `p`
2023-10-04 11:33:07.155 +05:30  INF  Executed DbCommand (1ms) [Parameters=[@__p_0='?' (DbType = Int64)], CommandType='"Text"', CommandTimeout='30']
SELECT `p`.`Id`, `p`.`Amount`, `p`.`Balance_Amount`, `p`.`Balance_Spent`, `p`.`Created_At`, `p`.`Name`, `p`.`Patients_Id`, `p`.`Type`, `p`.`Updated_At`
FROM `Patients_Insurance_Loan` AS `p`
WHERE `p`.`Patients_Id` = @__p_0
2023-10-04 11:33:07.156 +05:30  INF  Executed DbCommand (0ms) [Parameters=[@__p_0='?' (DbType = Int64)], CommandType='"Text"', CommandTimeout='30']
SELECT `p`.`Id`, `p`.`Created_At`, `p`.`Patient_Id`, `p`.`Report`, `p`.`Report_Date`, `p`.`Report_File`, `p`.`Status`, `p`.`Test_Name`, `p`.`Test_Price`, `p`.`Updated_At`
FROM `Patient_Tests` AS `p`
WHERE `p`.`Patient_Id` = @__p_0
2023-10-04 11:33:07.159 +05:30  INF  Executed DbCommand (2ms) [Parameters=[@__p_0='?' (DbType = Int64)], CommandType='"Text"', CommandTimeout='30']
SELECT `p`.`Id`, `p`.`Address_O`, `p`.`Address_Other`, `p`.`Address_R`, `p`.`City_O`, `p`.`City_Other`, `p`.`City_R`, `p`.`Country_O`, `p`.`Country_Other`, `p`.`Country_R`, `p`.`Created_At`, `p`.`Doctor_Name`, `p`.`Email`, `p`.`Email2`, `p`.`Medical_History_Allergies`, `p`.`Patient_Id`, `p`.`Phone`, `p`.`Phone1`, `p`.`Phone2`, `p`.`Phone3`, `p`.`Phone4`, `p`.`Physician`, `p`.`Reffered_By`, `p`.`Relationship_Type`, `p`.`Special_Notes`, `p`.`Updated_At`, `p`.`Zip_O`, `p`.`Zip_Other`, `p`.`Zip_R`
FROM `Patients_Contact` AS `p`
WHERE `p`.`Patient_Id` = @__p_0
2023-10-04 11:33:07.161 +05:30  INF  Executed DbCommand (0ms) [Parameters=[@__p_0='?' (DbType = Int64)], CommandType='"Text"', CommandTimeout='30']
SELECT `p`.`Id`, `p`.`Created_At`, `p`.`Patient_Id`, `p`.`Report`, `p`.`Report_File`, `p`.`Scan_Name`, `p`.`Status`, `p`.`Type`, `p`.`Updated_At`
FROM `Patient_Scans` AS `p`
WHERE `p`.`Patient_Id` = @__p_0
2023-10-04 11:33:07.162 +05:30  INF  Executed DbCommand (1ms) [Parameters=[], CommandType='"Text"', CommandTimeout='30']
SELECT `p`.`Id`, `p`.`Amount_Type`, `p`.`Balance`, `p`.`Created_At`, `p`.`Credit_Amount`, `p`.`Debit_Amount`, `p`.`Description`, `p`.`Doctor_Id`, `p`.`Patient_Id`, `p`.`Payment_Mode`, `p`.`Updated_At`, `p`.`Workdone_Id`
FROM `Payment_History` AS `p`
2023-10-04 11:33:07.169 +05:30  INF  Executed DbCommand (1ms) [Parameters=[@__p_0='?' (DbType = Int64)], CommandType='"Text"', CommandTimeout='30']
SELECT `p`.`Id`, `p`.`Amount`, `p`.`Balance_Amount`, `p`.`Balance_Spent`, `p`.`Created_At`, `p`.`Name`, `p`.`Patients_Id`, `p`.`Type`, `p`.`Updated_At`
FROM `Patients_Insurance_Loan` AS `p`
WHERE `p`.`Patients_Id` = @__p_0
2023-10-04 11:33:07.170 +05:30  INF  Executed DbCommand (0ms) [Parameters=[@__p_0='?' (DbType = Int64)], CommandType='"Text"', CommandTimeout='30']
SELECT `p`.`Id`, `p`.`Created_At`, `p`.`Patient_Id`, `p`.`Report`, `p`.`Report_Date`, `p`.`Report_File`, `p`.`Status`, `p`.`Test_Name`, `p`.`Test_Price`, `p`.`Updated_At`
FROM `Patient_Tests` AS `p`
WHERE `p`.`Patient_Id` = @__p_0
2023-10-04 11:33:07.172 +05:30  INF  Executed DbCommand (1ms) [Parameters=[@__p_0='?' (DbType = Int64)], CommandType='"Text"', CommandTimeout='30']
SELECT `p`.`Id`, `p`.`Address_O`, `p`.`Address_Other`, `p`.`Address_R`, `p`.`City_O`, `p`.`City_Other`, `p`.`City_R`, `p`.`Country_O`, `p`.`Country_Other`, `p`.`Country_R`, `p`.`Created_At`, `p`.`Doctor_Name`, `p`.`Email`, `p`.`Email2`, `p`.`Medical_History_Allergies`, `p`.`Patient_Id`, `p`.`Phone`, `p`.`Phone1`, `p`.`Phone2`, `p`.`Phone3`, `p`.`Phone4`, `p`.`Physician`, `p`.`Reffered_By`, `p`.`Relationship_Type`, `p`.`Special_Notes`, `p`.`Updated_At`, `p`.`Zip_O`, `p`.`Zip_Other`, `p`.`Zip_R`
FROM `Patients_Contact` AS `p`
WHERE `p`.`Patient_Id` = @__p_0
2023-10-04 11:33:07.174 +05:30  INF  Executed DbCommand (0ms) [Parameters=[@__p_0='?' (DbType = Int64)], CommandType='"Text"', CommandTimeout='30']
SELECT `p`.`Id`, `p`.`Created_At`, `p`.`Patient_Id`, `p`.`Report`, `p`.`Report_File`, `p`.`Scan_Name`, `p`.`Status`, `p`.`Type`, `p`.`Updated_At`
FROM `Patient_Scans` AS `p`
WHERE `p`.`Patient_Id` = @__p_0
2023-10-04 11:33:07.175 +05:30  INF  Executed DbCommand (1ms) [Parameters=[], CommandType='"Text"', CommandTimeout='30']
SELECT `p`.`Id`, `p`.`Amount_Type`, `p`.`Balance`, `p`.`Created_At`, `p`.`Credit_Amount`, `p`.`Debit_Amount`, `p`.`Description`, `p`.`Doctor_Id`, `p`.`Patient_Id`, `p`.`Payment_Mode`, `p`.`Updated_At`, `p`.`Workdone_Id`
FROM `Payment_History` AS `p`
2023-10-04 11:33:07.182 +05:30  INF  Executed DbCommand (1ms) [Parameters=[@__p_0='?' (DbType = Int64)], CommandType='"Text"', CommandTimeout='30']
SELECT `p`.`Id`, `p`.`Amount`, `p`.`Balance_Amount`, `p`.`Balance_Spent`, `p`.`Created_At`, `p`.`Name`, `p`.`Patients_Id`, `p`.`Type`, `p`.`Updated_At`
FROM `Patients_Insurance_Loan` AS `p`
WHERE `p`.`Patients_Id` = @__p_0
2023-10-04 11:33:07.183 +05:30  INF  Executed DbCommand (0ms) [Parameters=[@__p_0='?' (DbType = Int64)], CommandType='"Text"', CommandTimeout='30']
SELECT `p`.`Id`, `p`.`Created_At`, `p`.`Patient_Id`, `p`.`Report`, `p`.`Report_Date`, `p`.`Report_File`, `p`.`Status`, `p`.`Test_Name`, `p`.`Test_Price`, `p`.`Updated_At`
FROM `Patient_Tests` AS `p`
WHERE `p`.`Patient_Id` = @__p_0
2023-10-04 11:33:07.185 +05:30  INF  Executed DbCommand (1ms) [Parameters=[@__p_0='?' (DbType = Int64)], CommandType='"Text"', CommandTimeout='30']
SELECT `p`.`Id`, `p`.`Address_O`, `p`.`Address_Other`, `p`.`Address_R`, `p`.`City_O`, `p`.`City_Other`, `p`.`City_R`, `p`.`Country_O`, `p`.`Country_Other`, `p`.`Country_R`, `p`.`Created_At`, `p`.`Doctor_Name`, `p`.`Email`, `p`.`Email2`, `p`.`Medical_History_Allergies`, `p`.`Patient_Id`, `p`.`Phone`, `p`.`Phone1`, `p`.`Phone2`, `p`.`Phone3`, `p`.`Phone4`, `p`.`Physician`, `p`.`Reffered_By`, `p`.`Relationship_Type`, `p`.`Special_Notes`, `p`.`Updated_At`, `p`.`Zip_O`, `p`.`Zip_Other`, `p`.`Zip_R`
FROM `Patients_Contact` AS `p`
WHERE `p`.`Patient_Id` = @__p_0
2023-10-04 11:33:07.186 +05:30  INF  Executed DbCommand (0ms) [Parameters=[@__p_0='?' (DbType = Int64)], CommandType='"Text"', CommandTimeout='30']
SELECT `p`.`Id`, `p`.`Created_At`, `p`.`Patient_Id`, `p`.`Report`, `p`.`Report_File`, `p`.`Scan_Name`, `p`.`Status`, `p`.`Type`, `p`.`Updated_At`
FROM `Patient_Scans` AS `p`
WHERE `p`.`Patient_Id` = @__p_0
2023-10-04 11:33:07.187 +05:30  INF  Executed DbCommand (1ms) [Parameters=[], CommandType='"Text"', CommandTimeout='30']
SELECT `p`.`Id`, `p`.`Amount_Type`, `p`.`Balance`, `p`.`Created_At`, `p`.`Credit_Amount`, `p`.`Debit_Amount`, `p`.`Description`, `p`.`Doctor_Id`, `p`.`Patient_Id`, `p`.`Payment_Mode`, `p`.`Updated_At`, `p`.`Workdone_Id`
FROM `Payment_History` AS `p`
2023-10-04 11:33:07.195 +05:30  INF  Executed DbCommand (1ms) [Parameters=[@__p_0='?' (DbType = Int64)], CommandType='"Text"', CommandTimeout='30']
SELECT `p`.`Id`, `p`.`Amount`, `p`.`Balance_Amount`, `p`.`Balance_Spent`, `p`.`Created_At`, `p`.`Name`, `p`.`Patients_Id`, `p`.`Type`, `p`.`Updated_At`
FROM `Patients_Insurance_Loan` AS `p`
WHERE `p`.`Patients_Id` = @__p_0
2023-10-04 11:33:07.196 +05:30  INF  Executed DbCommand (0ms) [Parameters=[@__p_0='?' (DbType = Int64)], CommandType='"Text"', CommandTimeout='30']
SELECT `p`.`Id`, `p`.`Created_At`, `p`.`Patient_Id`, `p`.`Report`, `p`.`Report_Date`, `p`.`Report_File`, `p`.`Status`, `p`.`Test_Name`, `p`.`Test_Price`, `p`.`Updated_At`
FROM `Patient_Tests` AS `p`
WHERE `p`.`Patient_Id` = @__p_0
2023-10-04 11:33:07.198 +05:30  INF  Executed DbCommand (1ms) [Parameters=[@__p_0='?' (DbType = Int64)], CommandType='"Text"', CommandTimeout='30']
SELECT `p`.`Id`, `p`.`Address_O`, `p`.`Address_Other`, `p`.`Address_R`, `p`.`City_O`, `p`.`City_Other`, `p`.`City_R`, `p`.`Country_O`, `p`.`Country_Other`, `p`.`Country_R`, `p`.`Created_At`, `p`.`Doctor_Name`, `p`.`Email`, `p`.`Email2`, `p`.`Medical_History_Allergies`, `p`.`Patient_Id`, `p`.`Phone`, `p`.`Phone1`, `p`.`Phone2`, `p`.`Phone3`, `p`.`Phone4`, `p`.`Physician`, `p`.`Reffered_By`, `p`.`Relationship_Type`, `p`.`Special_Notes`, `p`.`Updated_At`, `p`.`Zip_O`, `p`.`Zip_Other`, `p`.`Zip_R`
FROM `Patients_Contact` AS `p`
WHERE `p`.`Patient_Id` = @__p_0
2023-10-04 11:33:07.201 +05:30  INF  Executed DbCommand (1ms) [Parameters=[@__p_0='?' (DbType = Int64)], CommandType='"Text"', CommandTimeout='30']
SELECT `p`.`Id`, `p`.`Created_At`, `p`.`Patient_Id`, `p`.`Report`, `p`.`Report_File`, `p`.`Scan_Name`, `p`.`Status`, `p`.`Type`, `p`.`Updated_At`
FROM `Patient_Scans` AS `p`
WHERE `p`.`Patient_Id` = @__p_0
2023-10-04 11:33:07.202 +05:30  INF  Executed DbCommand (1ms) [Parameters=[], CommandType='"Text"', CommandTimeout='30']
SELECT `p`.`Id`, `p`.`Amount_Type`, `p`.`Balance`, `p`.`Created_At`, `p`.`Credit_Amount`, `p`.`Debit_Amount`, `p`.`Description`, `p`.`Doctor_Id`, `p`.`Patient_Id`, `p`.`Payment_Mode`, `p`.`Updated_At`, `p`.`Workdone_Id`
FROM `Payment_History` AS `p`
2023-10-04 11:33:07.209 +05:30  INF  Executed DbCommand (1ms) [Parameters=[@__p_0='?' (DbType = Int64)], CommandType='"Text"', CommandTimeout='30']
SELECT `p`.`Id`, `p`.`Amount`, `p`.`Balance_Amount`, `p`.`Balance_Spent`, `p`.`Created_At`, `p`.`Name`, `p`.`Patients_Id`, `p`.`Type`, `p`.`Updated_At`
FROM `Patients_Insurance_Loan` AS `p`
WHERE `p`.`Patients_Id` = @__p_0
2023-10-04 11:33:07.211 +05:30  INF  Executed DbCommand (1ms) [Parameters=[@__p_0='?' (DbType = Int64)], CommandType='"Text"', CommandTimeout='30']
SELECT `p`.`Id`, `p`.`Created_At`, `p`.`Patient_Id`, `p`.`Report`, `p`.`Report_Date`, `p`.`Report_File`, `p`.`Status`, `p`.`Test_Name`, `p`.`Test_Price`, `p`.`Updated_At`
FROM `Patient_Tests` AS `p`
WHERE `p`.`Patient_Id` = @__p_0
2023-10-04 11:33:07.213 +05:30  INF  Executed DbCommand (1ms) [Parameters=[@__p_0='?' (DbType = Int64)], CommandType='"Text"', CommandTimeout='30']
SELECT `p`.`Id`, `p`.`Address_O`, `p`.`Address_Other`, `p`.`Address_R`, `p`.`City_O`, `p`.`City_Other`, `p`.`City_R`, `p`.`Country_O`, `p`.`Country_Other`, `p`.`Country_R`, `p`.`Created_At`, `p`.`Doctor_Name`, `p`.`Email`, `p`.`Email2`, `p`.`Medical_History_Allergies`, `p`.`Patient_Id`, `p`.`Phone`, `p`.`Phone1`, `p`.`Phone2`, `p`.`Phone3`, `p`.`Phone4`, `p`.`Physician`, `p`.`Reffered_By`, `p`.`Relationship_Type`, `p`.`Special_Notes`, `p`.`Updated_At`, `p`.`Zip_O`, `p`.`Zip_Other`, `p`.`Zip_R`
FROM `Patients_Contact` AS `p`
WHERE `p`.`Patient_Id` = @__p_0
2023-10-04 11:33:07.215 +05:30  INF  Executed DbCommand (0ms) [Parameters=[@__p_0='?' (DbType = Int64)], CommandType='"Text"', CommandTimeout='30']
SELECT `p`.`Id`, `p`.`Created_At`, `p`.`Patient_Id`, `p`.`Report`, `p`.`Report_File`, `p`.`Scan_Name`, `p`.`Status`, `p`.`Type`, `p`.`Updated_At`
FROM `Patient_Scans` AS `p`
WHERE `p`.`Patient_Id` = @__p_0
2023-10-04 11:33:07.216 +05:30  INF  Executed DbCommand (1ms) [Parameters=[], CommandType='"Text"', CommandTimeout='30']
SELECT `p`.`Id`, `p`.`Amount_Type`, `p`.`Balance`, `p`.`Created_At`, `p`.`Credit_Amount`, `p`.`Debit_Amount`, `p`.`Description`, `p`.`Doctor_Id`, `p`.`Patient_Id`, `p`.`Payment_Mode`, `p`.`Updated_At`, `p`.`Workdone_Id`
FROM `Payment_History` AS `p`
2023-10-04 11:33:07.223 +05:30  INF  Executed DbCommand (1ms) [Parameters=[@__p_0='?' (DbType = Int64)], CommandType='"Text"', CommandTimeout='30']
SELECT `p`.`Id`, `p`.`Amount`, `p`.`Balance_Amount`, `p`.`Balance_Spent`, `p`.`Created_At`, `p`.`Name`, `p`.`Patients_Id`, `p`.`Type`, `p`.`Updated_At`
FROM `Patients_Insurance_Loan` AS `p`
WHERE `p`.`Patients_Id` = @__p_0
2023-10-04 11:33:07.225 +05:30  INF  Executed DbCommand (1ms) [Parameters=[@__p_0='?' (DbType = Int64)], CommandType='"Text"', CommandTimeout='30']
SELECT `p`.`Id`, `p`.`Created_At`, `p`.`Patient_Id`, `p`.`Report`, `p`.`Report_Date`, `p`.`Report_File`, `p`.`Status`, `p`.`Test_Name`, `p`.`Test_Price`, `p`.`Updated_At`
FROM `Patient_Tests` AS `p`
WHERE `p`.`Patient_Id` = @__p_0
2023-10-04 11:33:07.227 +05:30  INF  Executed DbCommand (1ms) [Parameters=[@__p_0='?' (DbType = Int64)], CommandType='"Text"', CommandTimeout='30']
SELECT `p`.`Id`, `p`.`Address_O`, `p`.`Address_Other`, `p`.`Address_R`, `p`.`City_O`, `p`.`City_Other`, `p`.`City_R`, `p`.`Country_O`, `p`.`Country_Other`, `p`.`Country_R`, `p`.`Created_At`, `p`.`Doctor_Name`, `p`.`Email`, `p`.`Email2`, `p`.`Medical_History_Allergies`, `p`.`Patient_Id`, `p`.`Phone`, `p`.`Phone1`, `p`.`Phone2`, `p`.`Phone3`, `p`.`Phone4`, `p`.`Physician`, `p`.`Reffered_By`, `p`.`Relationship_Type`, `p`.`Special_Notes`, `p`.`Updated_At`, `p`.`Zip_O`, `p`.`Zip_Other`, `p`.`Zip_R`
FROM `Patients_Contact` AS `p`
WHERE `p`.`Patient_Id` = @__p_0
2023-10-04 11:33:07.229 +05:30  INF  Executed DbCommand (1ms) [Parameters=[@__p_0='?' (DbType = Int64)], CommandType='"Text"', CommandTimeout='30']
SELECT `p`.`Id`, `p`.`Created_At`, `p`.`Patient_Id`, `p`.`Report`, `p`.`Report_File`, `p`.`Scan_Name`, `p`.`Status`, `p`.`Type`, `p`.`Updated_At`
FROM `Patient_Scans` AS `p`
WHERE `p`.`Patient_Id` = @__p_0
2023-10-04 11:33:07.231 +05:30  INF  Executed DbCommand (1ms) [Parameters=[], CommandType='"Text"', CommandTimeout='30']
SELECT `p`.`Id`, `p`.`Amount_Type`, `p`.`Balance`, `p`.`Created_At`, `p`.`Credit_Amount`, `p`.`Debit_Amount`, `p`.`Description`, `p`.`Doctor_Id`, `p`.`Patient_Id`, `p`.`Payment_Mode`, `p`.`Updated_At`, `p`.`Workdone_Id`
FROM `Payment_History` AS `p`
2023-10-04 11:33:07.238 +05:30  INF  Executed DbCommand (1ms) [Parameters=[@__p_0='?' (DbType = Int64)], CommandType='"Text"', CommandTimeout='30']
SELECT `p`.`Id`, `p`.`Amount`, `p`.`Balance_Amount`, `p`.`Balance_Spent`, `p`.`Created_At`, `p`.`Name`, `p`.`Patients_Id`, `p`.`Type`, `p`.`Updated_At`
FROM `Patients_Insurance_Loan` AS `p`
WHERE `p`.`Patients_Id` = @__p_0
2023-10-04 11:33:07.239 +05:30  INF  Executed DbCommand (0ms) [Parameters=[@__p_0='?' (DbType = Int64)], CommandType='"Text"', CommandTimeout='30']
SELECT `p`.`Id`, `p`.`Created_At`, `p`.`Patient_Id`, `p`.`Report`, `p`.`Report_Date`, `p`.`Report_File`, `p`.`Status`, `p`.`Test_Name`, `p`.`Test_Price`, `p`.`Updated_At`
FROM `Patient_Tests` AS `p`
WHERE `p`.`Patient_Id` = @__p_0
2023-10-04 11:33:07.242 +05:30  INF  Executed DbCommand (2ms) [Parameters=[@__p_0='?' (DbType = Int64)], CommandType='"Text"', CommandTimeout='30']
SELECT `p`.`Id`, `p`.`Address_O`, `p`.`Address_Other`, `p`.`Address_R`, `p`.`City_O`, `p`.`City_Other`, `p`.`City_R`, `p`.`Country_O`, `p`.`Country_Other`, `p`.`Country_R`, `p`.`Created_At`, `p`.`Doctor_Name`, `p`.`Email`, `p`.`Email2`, `p`.`Medical_History_Allergies`, `p`.`Patient_Id`, `p`.`Phone`, `p`.`Phone1`, `p`.`Phone2`, `p`.`Phone3`, `p`.`Phone4`, `p`.`Physician`, `p`.`Reffered_By`, `p`.`Relationship_Type`, `p`.`Special_Notes`, `p`.`Updated_At`, `p`.`Zip_O`, `p`.`Zip_Other`, `p`.`Zip_R`
FROM `Patients_Contact` AS `p`
WHERE `p`.`Patient_Id` = @__p_0
2023-10-04 11:33:07.243 +05:30  INF  Executed DbCommand (0ms) [Parameters=[@__p_0='?' (DbType = Int64)], CommandType='"Text"', CommandTimeout='30']
SELECT `p`.`Id`, `p`.`Created_At`, `p`.`Patient_Id`, `p`.`Report`, `p`.`Report_File`, `p`.`Scan_Name`, `p`.`Status`, `p`.`Type`, `p`.`Updated_At`
FROM `Patient_Scans` AS `p`
WHERE `p`.`Patient_Id` = @__p_0
2023-10-04 11:33:07.245 +05:30  INF  Executed DbCommand (1ms) [Parameters=[], CommandType='"Text"', CommandTimeout='30']
SELECT `p`.`Id`, `p`.`Amount_Type`, `p`.`Balance`, `p`.`Created_At`, `p`.`Credit_Amount`, `p`.`Debit_Amount`, `p`.`Description`, `p`.`Doctor_Id`, `p`.`Patient_Id`, `p`.`Payment_Mode`, `p`.`Updated_At`, `p`.`Workdone_Id`
FROM `Payment_History` AS `p`
2023-10-04 11:33:07.252 +05:30  INF  Executed DbCommand (1ms) [Parameters=[@__p_0='?' (DbType = Int64)], CommandType='"Text"', CommandTimeout='30']
SELECT `p`.`Id`, `p`.`Amount`, `p`.`Balance_Amount`, `p`.`Balance_Spent`, `p`.`Created_At`, `p`.`Name`, `p`.`Patients_Id`, `p`.`Type`, `p`.`Updated_At`
FROM `Patients_Insurance_Loan` AS `p`
WHERE `p`.`Patients_Id` = @__p_0
2023-10-04 11:33:07.253 +05:30  INF  Executed DbCommand (0ms) [Parameters=[@__p_0='?' (DbType = Int64)], CommandType='"Text"', CommandTimeout='30']
SELECT `p`.`Id`, `p`.`Created_At`, `p`.`Patient_Id`, `p`.`Report`, `p`.`Report_Date`, `p`.`Report_File`, `p`.`Status`, `p`.`Test_Name`, `p`.`Test_Price`, `p`.`Updated_At`
FROM `Patient_Tests` AS `p`
WHERE `p`.`Patient_Id` = @__p_0
2023-10-04 11:33:07.255 +05:30  INF  Executed DbCommand (1ms) [Parameters=[@__p_0='?' (DbType = Int64)], CommandType='"Text"', CommandTimeout='30']
SELECT `p`.`Id`, `p`.`Address_O`, `p`.`Address_Other`, `p`.`Address_R`, `p`.`City_O`, `p`.`City_Other`, `p`.`City_R`, `p`.`Country_O`, `p`.`Country_Other`, `p`.`Country_R`, `p`.`Created_At`, `p`.`Doctor_Name`, `p`.`Email`, `p`.`Email2`, `p`.`Medical_History_Allergies`, `p`.`Patient_Id`, `p`.`Phone`, `p`.`Phone1`, `p`.`Phone2`, `p`.`Phone3`, `p`.`Phone4`, `p`.`Physician`, `p`.`Reffered_By`, `p`.`Relationship_Type`, `p`.`Special_Notes`, `p`.`Updated_At`, `p`.`Zip_O`, `p`.`Zip_Other`, `p`.`Zip_R`
FROM `Patients_Contact` AS `p`
WHERE `p`.`Patient_Id` = @__p_0
2023-10-04 11:33:07.256 +05:30  INF  Executed DbCommand (0ms) [Parameters=[@__p_0='?' (DbType = Int64)], CommandType='"Text"', CommandTimeout='30']
SELECT `p`.`Id`, `p`.`Created_At`, `p`.`Patient_Id`, `p`.`Report`, `p`.`Report_File`, `p`.`Scan_Name`, `p`.`Status`, `p`.`Type`, `p`.`Updated_At`
FROM `Patient_Scans` AS `p`
WHERE `p`.`Patient_Id` = @__p_0
2023-10-04 11:33:07.257 +05:30  INF  Executed DbCommand (1ms) [Parameters=[], CommandType='"Text"', CommandTimeout='30']
SELECT `p`.`Id`, `p`.`Amount_Type`, `p`.`Balance`, `p`.`Created_At`, `p`.`Credit_Amount`, `p`.`Debit_Amount`, `p`.`Description`, `p`.`Doctor_Id`, `p`.`Patient_Id`, `p`.`Payment_Mode`, `p`.`Updated_At`, `p`.`Workdone_Id`
FROM `Payment_History` AS `p`
2023-10-04 11:33:07.265 +05:30  INF  Executed DbCommand (1ms) [Parameters=[@__p_0='?' (DbType = Int64)], CommandType='"Text"', CommandTimeout='30']
SELECT `p`.`Id`, `p`.`Amount`, `p`.`Balance_Amount`, `p`.`Balance_Spent`, `p`.`Created_At`, `p`.`Name`, `p`.`Patients_Id`, `p`.`Type`, `p`.`Updated_At`
FROM `Patients_Insurance_Loan` AS `p`
WHERE `p`.`Patients_Id` = @__p_0
2023-10-04 11:33:07.266 +05:30  INF  Executed DbCommand (1ms) [Parameters=[@__p_0='?' (DbType = Int64)], CommandType='"Text"', CommandTimeout='30']
SELECT `p`.`Id`, `p`.`Created_At`, `p`.`Patient_Id`, `p`.`Report`, `p`.`Report_Date`, `p`.`Report_File`, `p`.`Status`, `p`.`Test_Name`, `p`.`Test_Price`, `p`.`Updated_At`
FROM `Patient_Tests` AS `p`
WHERE `p`.`Patient_Id` = @__p_0
2023-10-04 11:33:07.268 +05:30  INF  Executed DbCommand (1ms) [Parameters=[@__p_0='?' (DbType = Int64)], CommandType='"Text"', CommandTimeout='30']
SELECT `p`.`Id`, `p`.`Address_O`, `p`.`Address_Other`, `p`.`Address_R`, `p`.`City_O`, `p`.`City_Other`, `p`.`City_R`, `p`.`Country_O`, `p`.`Country_Other`, `p`.`Country_R`, `p`.`Created_At`, `p`.`Doctor_Name`, `p`.`Email`, `p`.`Email2`, `p`.`Medical_History_Allergies`, `p`.`Patient_Id`, `p`.`Phone`, `p`.`Phone1`, `p`.`Phone2`, `p`.`Phone3`, `p`.`Phone4`, `p`.`Physician`, `p`.`Reffered_By`, `p`.`Relationship_Type`, `p`.`Special_Notes`, `p`.`Updated_At`, `p`.`Zip_O`, `p`.`Zip_Other`, `p`.`Zip_R`
FROM `Patients_Contact` AS `p`
WHERE `p`.`Patient_Id` = @__p_0
2023-10-04 11:33:07.270 +05:30  INF  Executed DbCommand (0ms) [Parameters=[@__p_0='?' (DbType = Int64)], CommandType='"Text"', CommandTimeout='30']
SELECT `p`.`Id`, `p`.`Created_At`, `p`.`Patient_Id`, `p`.`Report`, `p`.`Report_File`, `p`.`Scan_Name`, `p`.`Status`, `p`.`Type`, `p`.`Updated_At`
FROM `Patient_Scans` AS `p`
WHERE `p`.`Patient_Id` = @__p_0
2023-10-04 11:33:07.271 +05:30  INF  Executed DbCommand (1ms) [Parameters=[], CommandType='"Text"', CommandTimeout='30']
SELECT `p`.`Id`, `p`.`Amount_Type`, `p`.`Balance`, `p`.`Created_At`, `p`.`Credit_Amount`, `p`.`Debit_Amount`, `p`.`Description`, `p`.`Doctor_Id`, `p`.`Patient_Id`, `p`.`Payment_Mode`, `p`.`Updated_At`, `p`.`Workdone_Id`
FROM `Payment_History` AS `p`
2023-10-04 11:33:07.278 +05:30  INF  Executed DbCommand (1ms) [Parameters=[@__p_0='?' (DbType = Int64)], CommandType='"Text"', CommandTimeout='30']
SELECT `p`.`Id`, `p`.`Amount`, `p`.`Balance_Amount`, `p`.`Balance_Spent`, `p`.`Created_At`, `p`.`Name`, `p`.`Patients_Id`, `p`.`Type`, `p`.`Updated_At`
FROM `Patients_Insurance_Loan` AS `p`
WHERE `p`.`Patients_Id` = @__p_0
2023-10-04 11:33:07.280 +05:30  INF  Executed DbCommand (1ms) [Parameters=[@__p_0='?' (DbType = Int64)], CommandType='"Text"', CommandTimeout='30']
SELECT `p`.`Id`, `p`.`Created_At`, `p`.`Patient_Id`, `p`.`Report`, `p`.`Report_Date`, `p`.`Report_File`, `p`.`Status`, `p`.`Test_Name`, `p`.`Test_Price`, `p`.`Updated_At`
FROM `Patient_Tests` AS `p`
WHERE `p`.`Patient_Id` = @__p_0
2023-10-04 11:33:07.282 +05:30  INF  Executed DbCommand (1ms) [Parameters=[@__p_0='?' (DbType = Int64)], CommandType='"Text"', CommandTimeout='30']
SELECT `p`.`Id`, `p`.`Address_O`, `p`.`Address_Other`, `p`.`Address_R`, `p`.`City_O`, `p`.`City_Other`, `p`.`City_R`, `p`.`Country_O`, `p`.`Country_Other`, `p`.`Country_R`, `p`.`Created_At`, `p`.`Doctor_Name`, `p`.`Email`, `p`.`Email2`, `p`.`Medical_History_Allergies`, `p`.`Patient_Id`, `p`.`Phone`, `p`.`Phone1`, `p`.`Phone2`, `p`.`Phone3`, `p`.`Phone4`, `p`.`Physician`, `p`.`Reffered_By`, `p`.`Relationship_Type`, `p`.`Special_Notes`, `p`.`Updated_At`, `p`.`Zip_O`, `p`.`Zip_Other`, `p`.`Zip_R`
FROM `Patients_Contact` AS `p`
WHERE `p`.`Patient_Id` = @__p_0
2023-10-04 11:33:07.283 +05:30  INF  Executed DbCommand (0ms) [Parameters=[@__p_0='?' (DbType = Int64)], CommandType='"Text"', CommandTimeout='30']
SELECT `p`.`Id`, `p`.`Created_At`, `p`.`Patient_Id`, `p`.`Report`, `p`.`Report_File`, `p`.`Scan_Name`, `p`.`Status`, `p`.`Type`, `p`.`Updated_At`
FROM `Patient_Scans` AS `p`
WHERE `p`.`Patient_Id` = @__p_0
2023-10-04 11:33:07.285 +05:30  INF  Executed DbCommand (1ms) [Parameters=[], CommandType='"Text"', CommandTimeout='30']
SELECT `p`.`Id`, `p`.`Amount_Type`, `p`.`Balance`, `p`.`Created_At`, `p`.`Credit_Amount`, `p`.`Debit_Amount`, `p`.`Description`, `p`.`Doctor_Id`, `p`.`Patient_Id`, `p`.`Payment_Mode`, `p`.`Updated_At`, `p`.`Workdone_Id`
FROM `Payment_History` AS `p`
2023-10-04 11:33:07.292 +05:30  INF  Executed DbCommand (1ms) [Parameters=[@__p_0='?' (DbType = Int64)], CommandType='"Text"', CommandTimeout='30']
SELECT `p`.`Id`, `p`.`Amount`, `p`.`Balance_Amount`, `p`.`Balance_Spent`, `p`.`Created_At`, `p`.`Name`, `p`.`Patients_Id`, `p`.`Type`, `p`.`Updated_At`
FROM `Patients_Insurance_Loan` AS `p`
WHERE `p`.`Patients_Id` = @__p_0
2023-10-04 11:33:07.293 +05:30  INF  Executed DbCommand (0ms) [Parameters=[@__p_0='?' (DbType = Int64)], CommandType='"Text"', CommandTimeout='30']
SELECT `p`.`Id`, `p`.`Created_At`, `p`.`Patient_Id`, `p`.`Report`, `p`.`Report_Date`, `p`.`Report_File`, `p`.`Status`, `p`.`Test_Name`, `p`.`Test_Price`, `p`.`Updated_At`
FROM `Patient_Tests` AS `p`
WHERE `p`.`Patient_Id` = @__p_0
2023-10-04 11:33:07.296 +05:30  INF  Executed DbCommand (1ms) [Parameters=[@__p_0='?' (DbType = Int64)], CommandType='"Text"', CommandTimeout='30']
SELECT `p`.`Id`, `p`.`Address_O`, `p`.`Address_Other`, `p`.`Address_R`, `p`.`City_O`, `p`.`City_Other`, `p`.`City_R`, `p`.`Country_O`, `p`.`Country_Other`, `p`.`Country_R`, `p`.`Created_At`, `p`.`Doctor_Name`, `p`.`Email`, `p`.`Email2`, `p`.`Medical_History_Allergies`, `p`.`Patient_Id`, `p`.`Phone`, `p`.`Phone1`, `p`.`Phone2`, `p`.`Phone3`, `p`.`Phone4`, `p`.`Physician`, `p`.`Reffered_By`, `p`.`Relationship_Type`, `p`.`Special_Notes`, `p`.`Updated_At`, `p`.`Zip_O`, `p`.`Zip_Other`, `p`.`Zip_R`
FROM `Patients_Contact` AS `p`
WHERE `p`.`Patient_Id` = @__p_0
2023-10-04 11:33:07.298 +05:30  INF  Executed DbCommand (1ms) [Parameters=[@__p_0='?' (DbType = Int64)], CommandType='"Text"', CommandTimeout='30']
SELECT `p`.`Id`, `p`.`Created_At`, `p`.`Patient_Id`, `p`.`Report`, `p`.`Report_File`, `p`.`Scan_Name`, `p`.`Status`, `p`.`Type`, `p`.`Updated_At`
FROM `Patient_Scans` AS `p`
WHERE `p`.`Patient_Id` = @__p_0
2023-10-04 11:33:07.299 +05:30  INF  Executed DbCommand (1ms) [Parameters=[], CommandType='"Text"', CommandTimeout='30']
SELECT `p`.`Id`, `p`.`Amount_Type`, `p`.`Balance`, `p`.`Created_At`, `p`.`Credit_Amount`, `p`.`Debit_Amount`, `p`.`Description`, `p`.`Doctor_Id`, `p`.`Patient_Id`, `p`.`Payment_Mode`, `p`.`Updated_At`, `p`.`Workdone_Id`
FROM `Payment_History` AS `p`
2023-10-04 11:33:07.306 +05:30  INF  Executed DbCommand (1ms) [Parameters=[@__p_0='?' (DbType = Int64)], CommandType='"Text"', CommandTimeout='30']
SELECT `p`.`Id`, `p`.`Amount`, `p`.`Balance_Amount`, `p`.`Balance_Spent`, `p`.`Created_At`, `p`.`Name`, `p`.`Patients_Id`, `p`.`Type`, `p`.`Updated_At`
FROM `Patients_Insurance_Loan` AS `p`
WHERE `p`.`Patients_Id` = @__p_0
2023-10-04 11:33:07.307 +05:30  INF  Executed DbCommand (0ms) [Parameters=[@__p_0='?' (DbType = Int64)], CommandType='"Text"', CommandTimeout='30']
SELECT `p`.`Id`, `p`.`Created_At`, `p`.`Patient_Id`, `p`.`Report`, `p`.`Report_Date`, `p`.`Report_File`, `p`.`Status`, `p`.`Test_Name`, `p`.`Test_Price`, `p`.`Updated_At`
FROM `Patient_Tests` AS `p`
WHERE `p`.`Patient_Id` = @__p_0
2023-10-04 11:33:07.309 +05:30  INF  Executed DbCommand (1ms) [Parameters=[@__p_0='?' (DbType = Int64)], CommandType='"Text"', CommandTimeout='30']
SELECT `p`.`Id`, `p`.`Address_O`, `p`.`Address_Other`, `p`.`Address_R`, `p`.`City_O`, `p`.`City_Other`, `p`.`City_R`, `p`.`Country_O`, `p`.`Country_Other`, `p`.`Country_R`, `p`.`Created_At`, `p`.`Doctor_Name`, `p`.`Email`, `p`.`Email2`, `p`.`Medical_History_Allergies`, `p`.`Patient_Id`, `p`.`Phone`, `p`.`Phone1`, `p`.`Phone2`, `p`.`Phone3`, `p`.`Phone4`, `p`.`Physician`, `p`.`Reffered_By`, `p`.`Relationship_Type`, `p`.`Special_Notes`, `p`.`Updated_At`, `p`.`Zip_O`, `p`.`Zip_Other`, `p`.`Zip_R`
FROM `Patients_Contact` AS `p`
WHERE `p`.`Patient_Id` = @__p_0
2023-10-04 11:33:07.311 +05:30  INF  Executed DbCommand (1ms) [Parameters=[@__p_0='?' (DbType = Int64)], CommandType='"Text"', CommandTimeout='30']
SELECT `p`.`Id`, `p`.`Created_At`, `p`.`Patient_Id`, `p`.`Report`, `p`.`Report_File`, `p`.`Scan_Name`, `p`.`Status`, `p`.`Type`, `p`.`Updated_At`
FROM `Patient_Scans` AS `p`
WHERE `p`.`Patient_Id` = @__p_0
2023-10-04 11:33:07.312 +05:30  INF  Executed DbCommand (1ms) [Parameters=[], CommandType='"Text"', CommandTimeout='30']
SELECT `p`.`Id`, `p`.`Amount_Type`, `p`.`Balance`, `p`.`Created_At`, `p`.`Credit_Amount`, `p`.`Debit_Amount`, `p`.`Description`, `p`.`Doctor_Id`, `p`.`Patient_Id`, `p`.`Payment_Mode`, `p`.`Updated_At`, `p`.`Workdone_Id`
FROM `Payment_History` AS `p`
2023-10-04 11:33:07.319 +05:30  INF  Executed DbCommand (1ms) [Parameters=[@__p_0='?' (DbType = Int64)], CommandType='"Text"', CommandTimeout='30']
SELECT `p`.`Id`, `p`.`Amount`, `p`.`Balance_Amount`, `p`.`Balance_Spent`, `p`.`Created_At`, `p`.`Name`, `p`.`Patients_Id`, `p`.`Type`, `p`.`Updated_At`
FROM `Patients_Insurance_Loan` AS `p`
WHERE `p`.`Patients_Id` = @__p_0
2023-10-04 11:33:07.321 +05:30  INF  Executed DbCommand (0ms) [Parameters=[@__p_0='?' (DbType = Int64)], CommandType='"Text"', CommandTimeout='30']
SELECT `p`.`Id`, `p`.`Created_At`, `p`.`Patient_Id`, `p`.`Report`, `p`.`Report_Date`, `p`.`Report_File`, `p`.`Status`, `p`.`Test_Name`, `p`.`Test_Price`, `p`.`Updated_At`
FROM `Patient_Tests` AS `p`
WHERE `p`.`Patient_Id` = @__p_0
2023-10-04 11:33:07.323 +05:30  INF  Executed DbCommand (1ms) [Parameters=[@__p_0='?' (DbType = Int64)], CommandType='"Text"', CommandTimeout='30']
SELECT `p`.`Id`, `p`.`Address_O`, `p`.`Address_Other`, `p`.`Address_R`, `p`.`City_O`, `p`.`City_Other`, `p`.`City_R`, `p`.`Country_O`, `p`.`Country_Other`, `p`.`Country_R`, `p`.`Created_At`, `p`.`Doctor_Name`, `p`.`Email`, `p`.`Email2`, `p`.`Medical_History_Allergies`, `p`.`Patient_Id`, `p`.`Phone`, `p`.`Phone1`, `p`.`Phone2`, `p`.`Phone3`, `p`.`Phone4`, `p`.`Physician`, `p`.`Reffered_By`, `p`.`Relationship_Type`, `p`.`Special_Notes`, `p`.`Updated_At`, `p`.`Zip_O`, `p`.`Zip_Other`, `p`.`Zip_R`
FROM `Patients_Contact` AS `p`
WHERE `p`.`Patient_Id` = @__p_0
2023-10-04 11:33:07.324 +05:30  INF  Executed DbCommand (0ms) [Parameters=[@__p_0='?' (DbType = Int64)], CommandType='"Text"', CommandTimeout='30']
SELECT `p`.`Id`, `p`.`Created_At`, `p`.`Patient_Id`, `p`.`Report`, `p`.`Report_File`, `p`.`Scan_Name`, `p`.`Status`, `p`.`Type`, `p`.`Updated_At`
FROM `Patient_Scans` AS `p`
WHERE `p`.`Patient_Id` = @__p_0
2023-10-04 11:33:07.325 +05:30  INF  Executed DbCommand (1ms) [Parameters=[], CommandType='"Text"', CommandTimeout='30']
SELECT `p`.`Id`, `p`.`Amount_Type`, `p`.`Balance`, `p`.`Created_At`, `p`.`Credit_Amount`, `p`.`Debit_Amount`, `p`.`Description`, `p`.`Doctor_Id`, `p`.`Patient_Id`, `p`.`Payment_Mode`, `p`.`Updated_At`, `p`.`Workdone_Id`
FROM `Payment_History` AS `p`
2023-10-04 11:33:07.333 +05:30  INF  Executed DbCommand (1ms) [Parameters=[@__p_0='?' (DbType = Int64)], CommandType='"Text"', CommandTimeout='30']
SELECT `p`.`Id`, `p`.`Amount`, `p`.`Balance_Amount`, `p`.`Balance_Spent`, `p`.`Created_At`, `p`.`Name`, `p`.`Patients_Id`, `p`.`Type`, `p`.`Updated_At`
FROM `Patients_Insurance_Loan` AS `p`
WHERE `p`.`Patients_Id` = @__p_0
2023-10-04 11:33:07.334 +05:30  INF  Executed DbCommand (0ms) [Parameters=[@__p_0='?' (DbType = Int64)], CommandType='"Text"', CommandTimeout='30']
SELECT `p`.`Id`, `p`.`Created_At`, `p`.`Patient_Id`, `p`.`Report`, `p`.`Report_Date`, `p`.`Report_File`, `p`.`Status`, `p`.`Test_Name`, `p`.`Test_Price`, `p`.`Updated_At`
FROM `Patient_Tests` AS `p`
WHERE `p`.`Patient_Id` = @__p_0
2023-10-04 11:33:07.336 +05:30  INF  Executed DbCommand (1ms) [Parameters=[@__p_0='?' (DbType = Int64)], CommandType='"Text"', CommandTimeout='30']
SELECT `p`.`Id`, `p`.`Address_O`, `p`.`Address_Other`, `p`.`Address_R`, `p`.`City_O`, `p`.`City_Other`, `p`.`City_R`, `p`.`Country_O`, `p`.`Country_Other`, `p`.`Country_R`, `p`.`Created_At`, `p`.`Doctor_Name`, `p`.`Email`, `p`.`Email2`, `p`.`Medical_History_Allergies`, `p`.`Patient_Id`, `p`.`Phone`, `p`.`Phone1`, `p`.`Phone2`, `p`.`Phone3`, `p`.`Phone4`, `p`.`Physician`, `p`.`Reffered_By`, `p`.`Relationship_Type`, `p`.`Special_Notes`, `p`.`Updated_At`, `p`.`Zip_O`, `p`.`Zip_Other`, `p`.`Zip_R`
FROM `Patients_Contact` AS `p`
WHERE `p`.`Patient_Id` = @__p_0
2023-10-04 11:33:07.338 +05:30  INF  Executed DbCommand (0ms) [Parameters=[@__p_0='?' (DbType = Int64)], CommandType='"Text"', CommandTimeout='30']
SELECT `p`.`Id`, `p`.`Created_At`, `p`.`Patient_Id`, `p`.`Report`, `p`.`Report_File`, `p`.`Scan_Name`, `p`.`Status`, `p`.`Type`, `p`.`Updated_At`
FROM `Patient_Scans` AS `p`
WHERE `p`.`Patient_Id` = @__p_0
2023-10-04 11:33:07.339 +05:30  INF  Executed DbCommand (1ms) [Parameters=[], CommandType='"Text"', CommandTimeout='30']
SELECT `p`.`Id`, `p`.`Amount_Type`, `p`.`Balance`, `p`.`Created_At`, `p`.`Credit_Amount`, `p`.`Debit_Amount`, `p`.`Description`, `p`.`Doctor_Id`, `p`.`Patient_Id`, `p`.`Payment_Mode`, `p`.`Updated_At`, `p`.`Workdone_Id`
FROM `Payment_History` AS `p`
2023-10-04 11:33:07.346 +05:30  INF  Executed DbCommand (1ms) [Parameters=[@__p_0='?' (DbType = Int64)], CommandType='"Text"', CommandTimeout='30']
SELECT `p`.`Id`, `p`.`Amount`, `p`.`Balance_Amount`, `p`.`Balance_Spent`, `p`.`Created_At`, `p`.`Name`, `p`.`Patients_Id`, `p`.`Type`, `p`.`Updated_At`
FROM `Patients_Insurance_Loan` AS `p`
WHERE `p`.`Patients_Id` = @__p_0
2023-10-04 11:33:07.348 +05:30  INF  Executed DbCommand (0ms) [Parameters=[@__p_0='?' (DbType = Int64)], CommandType='"Text"', CommandTimeout='30']
SELECT `p`.`Id`, `p`.`Created_At`, `p`.`Patient_Id`, `p`.`Report`, `p`.`Report_Date`, `p`.`Report_File`, `p`.`Status`, `p`.`Test_Name`, `p`.`Test_Price`, `p`.`Updated_At`
FROM `Patient_Tests` AS `p`
WHERE `p`.`Patient_Id` = @__p_0
2023-10-04 11:33:07.350 +05:30  INF  Executed DbCommand (1ms) [Parameters=[@__p_0='?' (DbType = Int64)], CommandType='"Text"', CommandTimeout='30']
SELECT `p`.`Id`, `p`.`Address_O`, `p`.`Address_Other`, `p`.`Address_R`, `p`.`City_O`, `p`.`City_Other`, `p`.`City_R`, `p`.`Country_O`, `p`.`Country_Other`, `p`.`Country_R`, `p`.`Created_At`, `p`.`Doctor_Name`, `p`.`Email`, `p`.`Email2`, `p`.`Medical_History_Allergies`, `p`.`Patient_Id`, `p`.`Phone`, `p`.`Phone1`, `p`.`Phone2`, `p`.`Phone3`, `p`.`Phone4`, `p`.`Physician`, `p`.`Reffered_By`, `p`.`Relationship_Type`, `p`.`Special_Notes`, `p`.`Updated_At`, `p`.`Zip_O`, `p`.`Zip_Other`, `p`.`Zip_R`
FROM `Patients_Contact` AS `p`
WHERE `p`.`Patient_Id` = @__p_0
2023-10-04 11:33:07.351 +05:30  INF  Executed DbCommand (0ms) [Parameters=[@__p_0='?' (DbType = Int64)], CommandType='"Text"', CommandTimeout='30']
SELECT `p`.`Id`, `p`.`Created_At`, `p`.`Patient_Id`, `p`.`Report`, `p`.`Report_File`, `p`.`Scan_Name`, `p`.`Status`, `p`.`Type`, `p`.`Updated_At`
FROM `Patient_Scans` AS `p`
WHERE `p`.`Patient_Id` = @__p_0
2023-10-04 11:33:07.352 +05:30  INF  Executed DbCommand (1ms) [Parameters=[], CommandType='"Text"', CommandTimeout='30']
SELECT `p`.`Id`, `p`.`Amount_Type`, `p`.`Balance`, `p`.`Created_At`, `p`.`Credit_Amount`, `p`.`Debit_Amount`, `p`.`Description`, `p`.`Doctor_Id`, `p`.`Patient_Id`, `p`.`Payment_Mode`, `p`.`Updated_At`, `p`.`Workdone_Id`
FROM `Payment_History` AS `p`
2023-10-04 11:33:07.360 +05:30  INF  Executed DbCommand (1ms) [Parameters=[@__p_0='?' (DbType = Int64)], CommandType='"Text"', CommandTimeout='30']
SELECT `p`.`Id`, `p`.`Amount`, `p`.`Balance_Amount`, `p`.`Balance_Spent`, `p`.`Created_At`, `p`.`Name`, `p`.`Patients_Id`, `p`.`Type`, `p`.`Updated_At`
FROM `Patients_Insurance_Loan` AS `p`
WHERE `p`.`Patients_Id` = @__p_0
2023-10-04 11:33:07.361 +05:30  INF  Executed DbCommand (0ms) [Parameters=[@__p_0='?' (DbType = Int64)], CommandType='"Text"', CommandTimeout='30']
SELECT `p`.`Id`, `p`.`Created_At`, `p`.`Patient_Id`, `p`.`Report`, `p`.`Report_Date`, `p`.`Report_File`, `p`.`Status`, `p`.`Test_Name`, `p`.`Test_Price`, `p`.`Updated_At`
FROM `Patient_Tests` AS `p`
WHERE `p`.`Patient_Id` = @__p_0
2023-10-04 11:33:07.364 +05:30  INF  Executed DbCommand (1ms) [Parameters=[@__p_0='?' (DbType = Int64)], CommandType='"Text"', CommandTimeout='30']
SELECT `p`.`Id`, `p`.`Address_O`, `p`.`Address_Other`, `p`.`Address_R`, `p`.`City_O`, `p`.`City_Other`, `p`.`City_R`, `p`.`Country_O`, `p`.`Country_Other`, `p`.`Country_R`, `p`.`Created_At`, `p`.`Doctor_Name`, `p`.`Email`, `p`.`Email2`, `p`.`Medical_History_Allergies`, `p`.`Patient_Id`, `p`.`Phone`, `p`.`Phone1`, `p`.`Phone2`, `p`.`Phone3`, `p`.`Phone4`, `p`.`Physician`, `p`.`Reffered_By`, `p`.`Relationship_Type`, `p`.`Special_Notes`, `p`.`Updated_At`, `p`.`Zip_O`, `p`.`Zip_Other`, `p`.`Zip_R`
FROM `Patients_Contact` AS `p`
WHERE `p`.`Patient_Id` = @__p_0
2023-10-04 11:33:07.365 +05:30  INF  Executed DbCommand (0ms) [Parameters=[@__p_0='?' (DbType = Int64)], CommandType='"Text"', CommandTimeout='30']
SELECT `p`.`Id`, `p`.`Created_At`, `p`.`Patient_Id`, `p`.`Report`, `p`.`Report_File`, `p`.`Scan_Name`, `p`.`Status`, `p`.`Type`, `p`.`Updated_At`
FROM `Patient_Scans` AS `p`
WHERE `p`.`Patient_Id` = @__p_0
2023-10-04 11:33:07.366 +05:30  INF  Executed DbCommand (1ms) [Parameters=[], CommandType='"Text"', CommandTimeout='30']
SELECT `p`.`Id`, `p`.`Amount_Type`, `p`.`Balance`, `p`.`Created_At`, `p`.`Credit_Amount`, `p`.`Debit_Amount`, `p`.`Description`, `p`.`Doctor_Id`, `p`.`Patient_Id`, `p`.`Payment_Mode`, `p`.`Updated_At`, `p`.`Workdone_Id`
FROM `Payment_History` AS `p`
2023-10-04 11:33:07.379 +05:30  INF  Executed DbCommand (1ms) [Parameters=[@__p_0='?' (DbType = Int64)], CommandType='"Text"', CommandTimeout='30']
SELECT `p`.`Id`, `p`.`Amount`, `p`.`Balance_Amount`, `p`.`Balance_Spent`, `p`.`Created_At`, `p`.`Name`, `p`.`Patients_Id`, `p`.`Type`, `p`.`Updated_At`
FROM `Patients_Insurance_Loan` AS `p`
WHERE `p`.`Patients_Id` = @__p_0
2023-10-04 11:33:07.381 +05:30  INF  Executed DbCommand (0ms) [Parameters=[@__p_0='?' (DbType = Int64)], CommandType='"Text"', CommandTimeout='30']
SELECT `p`.`Id`, `p`.`Created_At`, `p`.`Patient_Id`, `p`.`Report`, `p`.`Report_Date`, `p`.`Report_File`, `p`.`Status`, `p`.`Test_Name`, `p`.`Test_Price`, `p`.`Updated_At`
FROM `Patient_Tests` AS `p`
WHERE `p`.`Patient_Id` = @__p_0
2023-10-04 11:33:07.383 +05:30  INF  Executed DbCommand (1ms) [Parameters=[@__p_0='?' (DbType = Int64)], CommandType='"Text"', CommandTimeout='30']
SELECT `p`.`Id`, `p`.`Address_O`, `p`.`Address_Other`, `p`.`Address_R`, `p`.`City_O`, `p`.`City_Other`, `p`.`City_R`, `p`.`Country_O`, `p`.`Country_Other`, `p`.`Country_R`, `p`.`Created_At`, `p`.`Doctor_Name`, `p`.`Email`, `p`.`Email2`, `p`.`Medical_History_Allergies`, `p`.`Patient_Id`, `p`.`Phone`, `p`.`Phone1`, `p`.`Phone2`, `p`.`Phone3`, `p`.`Phone4`, `p`.`Physician`, `p`.`Reffered_By`, `p`.`Relationship_Type`, `p`.`Special_Notes`, `p`.`Updated_At`, `p`.`Zip_O`, `p`.`Zip_Other`, `p`.`Zip_R`
FROM `Patients_Contact` AS `p`
WHERE `p`.`Patient_Id` = @__p_0
2023-10-04 11:33:07.385 +05:30  INF  Executed DbCommand (0ms) [Parameters=[@__p_0='?' (DbType = Int64)], CommandType='"Text"', CommandTimeout='30']
SELECT `p`.`Id`, `p`.`Created_At`, `p`.`Patient_Id`, `p`.`Report`, `p`.`Report_File`, `p`.`Scan_Name`, `p`.`Status`, `p`.`Type`, `p`.`Updated_At`
FROM `Patient_Scans` AS `p`
WHERE `p`.`Patient_Id` = @__p_0
2023-10-04 11:33:07.386 +05:30  INF  Executed DbCommand (1ms) [Parameters=[], CommandType='"Text"', CommandTimeout='30']
SELECT `p`.`Id`, `p`.`Amount_Type`, `p`.`Balance`, `p`.`Created_At`, `p`.`Credit_Amount`, `p`.`Debit_Amount`, `p`.`Description`, `p`.`Doctor_Id`, `p`.`Patient_Id`, `p`.`Payment_Mode`, `p`.`Updated_At`, `p`.`Workdone_Id`
FROM `Payment_History` AS `p`
2023-10-04 11:33:07.391 +05:30  INF  Executed DbCommand (1ms) [Parameters=[@__p_0='?' (DbType = Int64)], CommandType='"Text"', CommandTimeout='30']
SELECT `p`.`Id`, `p`.`Amount`, `p`.`Balance_Amount`, `p`.`Balance_Spent`, `p`.`Created_At`, `p`.`Name`, `p`.`Patients_Id`, `p`.`Type`, `p`.`Updated_At`
FROM `Patients_Insurance_Loan` AS `p`
WHERE `p`.`Patients_Id` = @__p_0
2023-10-04 11:33:07.393 +05:30  INF  Executed DbCommand (0ms) [Parameters=[@__p_0='?' (DbType = Int64)], CommandType='"Text"', CommandTimeout='30']
SELECT `p`.`Id`, `p`.`Created_At`, `p`.`Patient_Id`, `p`.`Report`, `p`.`Report_Date`, `p`.`Report_File`, `p`.`Status`, `p`.`Test_Name`, `p`.`Test_Price`, `p`.`Updated_At`
FROM `Patient_Tests` AS `p`
WHERE `p`.`Patient_Id` = @__p_0
2023-10-04 11:33:07.395 +05:30  INF  Executed DbCommand (1ms) [Parameters=[@__p_0='?' (DbType = Int64)], CommandType='"Text"', CommandTimeout='30']
SELECT `p`.`Id`, `p`.`Address_O`, `p`.`Address_Other`, `p`.`Address_R`, `p`.`City_O`, `p`.`City_Other`, `p`.`City_R`, `p`.`Country_O`, `p`.`Country_Other`, `p`.`Country_R`, `p`.`Created_At`, `p`.`Doctor_Name`, `p`.`Email`, `p`.`Email2`, `p`.`Medical_History_Allergies`, `p`.`Patient_Id`, `p`.`Phone`, `p`.`Phone1`, `p`.`Phone2`, `p`.`Phone3`, `p`.`Phone4`, `p`.`Physician`, `p`.`Reffered_By`, `p`.`Relationship_Type`, `p`.`Special_Notes`, `p`.`Updated_At`, `p`.`Zip_O`, `p`.`Zip_Other`, `p`.`Zip_R`
FROM `Patients_Contact` AS `p`
WHERE `p`.`Patient_Id` = @__p_0
2023-10-04 11:33:07.397 +05:30  INF  Executed DbCommand (1ms) [Parameters=[@__p_0='?' (DbType = Int64)], CommandType='"Text"', CommandTimeout='30']
SELECT `p`.`Id`, `p`.`Created_At`, `p`.`Patient_Id`, `p`.`Report`, `p`.`Report_File`, `p`.`Scan_Name`, `p`.`Status`, `p`.`Type`, `p`.`Updated_At`
FROM `Patient_Scans` AS `p`
WHERE `p`.`Patient_Id` = @__p_0
2023-10-04 11:33:07.398 +05:30  INF  Executed DbCommand (1ms) [Parameters=[], CommandType='"Text"', CommandTimeout='30']
SELECT `p`.`Id`, `p`.`Amount_Type`, `p`.`Balance`, `p`.`Created_At`, `p`.`Credit_Amount`, `p`.`Debit_Amount`, `p`.`Description`, `p`.`Doctor_Id`, `p`.`Patient_Id`, `p`.`Payment_Mode`, `p`.`Updated_At`, `p`.`Workdone_Id`
FROM `Payment_History` AS `p`
2023-10-04 11:33:07.403 +05:30  INF  Executed DbCommand (1ms) [Parameters=[@__p_0='?' (DbType = Int64)], CommandType='"Text"', CommandTimeout='30']
SELECT `p`.`Id`, `p`.`Amount`, `p`.`Balance_Amount`, `p`.`Balance_Spent`, `p`.`Created_At`, `p`.`Name`, `p`.`Patients_Id`, `p`.`Type`, `p`.`Updated_At`
FROM `Patients_Insurance_Loan` AS `p`
WHERE `p`.`Patients_Id` = @__p_0
2023-10-04 11:33:07.405 +05:30  INF  Executed DbCommand (0ms) [Parameters=[@__p_0='?' (DbType = Int64)], CommandType='"Text"', CommandTimeout='30']
SELECT `p`.`Id`, `p`.`Created_At`, `p`.`Patient_Id`, `p`.`Report`, `p`.`Report_Date`, `p`.`Report_File`, `p`.`Status`, `p`.`Test_Name`, `p`.`Test_Price`, `p`.`Updated_At`
FROM `Patient_Tests` AS `p`
WHERE `p`.`Patient_Id` = @__p_0
2023-10-04 11:33:07.407 +05:30  INF  Executed DbCommand (1ms) [Parameters=[@__p_0='?' (DbType = Int64)], CommandType='"Text"', CommandTimeout='30']
SELECT `p`.`Id`, `p`.`Address_O`, `p`.`Address_Other`, `p`.`Address_R`, `p`.`City_O`, `p`.`City_Other`, `p`.`City_R`, `p`.`Country_O`, `p`.`Country_Other`, `p`.`Country_R`, `p`.`Created_At`, `p`.`Doctor_Name`, `p`.`Email`, `p`.`Email2`, `p`.`Medical_History_Allergies`, `p`.`Patient_Id`, `p`.`Phone`, `p`.`Phone1`, `p`.`Phone2`, `p`.`Phone3`, `p`.`Phone4`, `p`.`Physician`, `p`.`Reffered_By`, `p`.`Relationship_Type`, `p`.`Special_Notes`, `p`.`Updated_At`, `p`.`Zip_O`, `p`.`Zip_Other`, `p`.`Zip_R`
FROM `Patients_Contact` AS `p`
WHERE `p`.`Patient_Id` = @__p_0
2023-10-04 11:33:07.409 +05:30  INF  Executed DbCommand (1ms) [Parameters=[@__p_0='?' (DbType = Int64)], CommandType='"Text"', CommandTimeout='30']
SELECT `p`.`Id`, `p`.`Created_At`, `p`.`Patient_Id`, `p`.`Report`, `p`.`Report_File`, `p`.`Scan_Name`, `p`.`Status`, `p`.`Type`, `p`.`Updated_At`
FROM `Patient_Scans` AS `p`
WHERE `p`.`Patient_Id` = @__p_0
2023-10-04 11:33:07.410 +05:30  INF  Executed DbCommand (1ms) [Parameters=[], CommandType='"Text"', CommandTimeout='30']
SELECT `p`.`Id`, `p`.`Amount_Type`, `p`.`Balance`, `p`.`Created_At`, `p`.`Credit_Amount`, `p`.`Debit_Amount`, `p`.`Description`, `p`.`Doctor_Id`, `p`.`Patient_Id`, `p`.`Payment_Mode`, `p`.`Updated_At`, `p`.`Workdone_Id`
FROM `Payment_History` AS `p`
2023-10-04 11:33:07.417 +05:30  INF  Executed DbCommand (1ms) [Parameters=[@__p_0='?' (DbType = Int64)], CommandType='"Text"', CommandTimeout='30']
SELECT `p`.`Id`, `p`.`Amount`, `p`.`Balance_Amount`, `p`.`Balance_Spent`, `p`.`Created_At`, `p`.`Name`, `p`.`Patients_Id`, `p`.`Type`, `p`.`Updated_At`
FROM `Patients_Insurance_Loan` AS `p`
WHERE `p`.`Patients_Id` = @__p_0
2023-10-04 11:33:07.418 +05:30  INF  Executed DbCommand (0ms) [Parameters=[@__p_0='?' (DbType = Int64)], CommandType='"Text"', CommandTimeout='30']
SELECT `p`.`Id`, `p`.`Created_At`, `p`.`Patient_Id`, `p`.`Report`, `p`.`Report_Date`, `p`.`Report_File`, `p`.`Status`, `p`.`Test_Name`, `p`.`Test_Price`, `p`.`Updated_At`
FROM `Patient_Tests` AS `p`
WHERE `p`.`Patient_Id` = @__p_0
2023-10-04 11:33:07.420 +05:30  INF  Executed DbCommand (1ms) [Parameters=[@__p_0='?' (DbType = Int64)], CommandType='"Text"', CommandTimeout='30']
SELECT `p`.`Id`, `p`.`Address_O`, `p`.`Address_Other`, `p`.`Address_R`, `p`.`City_O`, `p`.`City_Other`, `p`.`City_R`, `p`.`Country_O`, `p`.`Country_Other`, `p`.`Country_R`, `p`.`Created_At`, `p`.`Doctor_Name`, `p`.`Email`, `p`.`Email2`, `p`.`Medical_History_Allergies`, `p`.`Patient_Id`, `p`.`Phone`, `p`.`Phone1`, `p`.`Phone2`, `p`.`Phone3`, `p`.`Phone4`, `p`.`Physician`, `p`.`Reffered_By`, `p`.`Relationship_Type`, `p`.`Special_Notes`, `p`.`Updated_At`, `p`.`Zip_O`, `p`.`Zip_Other`, `p`.`Zip_R`
FROM `Patients_Contact` AS `p`
WHERE `p`.`Patient_Id` = @__p_0
2023-10-04 11:33:07.421 +05:30  INF  Executed DbCommand (0ms) [Parameters=[@__p_0='?' (DbType = Int64)], CommandType='"Text"', CommandTimeout='30']
SELECT `p`.`Id`, `p`.`Created_At`, `p`.`Patient_Id`, `p`.`Report`, `p`.`Report_File`, `p`.`Scan_Name`, `p`.`Status`, `p`.`Type`, `p`.`Updated_At`
FROM `Patient_Scans` AS `p`
WHERE `p`.`Patient_Id` = @__p_0
2023-10-04 11:33:07.422 +05:30  INF  Executed DbCommand (1ms) [Parameters=[], CommandType='"Text"', CommandTimeout='30']
SELECT `p`.`Id`, `p`.`Amount_Type`, `p`.`Balance`, `p`.`Created_At`, `p`.`Credit_Amount`, `p`.`Debit_Amount`, `p`.`Description`, `p`.`Doctor_Id`, `p`.`Patient_Id`, `p`.`Payment_Mode`, `p`.`Updated_At`, `p`.`Workdone_Id`
FROM `Payment_History` AS `p`
2023-10-04 11:33:07.427 +05:30  INF  Executed DbCommand (1ms) [Parameters=[@__p_0='?' (DbType = Int64)], CommandType='"Text"', CommandTimeout='30']
SELECT `p`.`Id`, `p`.`Amount`, `p`.`Balance_Amount`, `p`.`Balance_Spent`, `p`.`Created_At`, `p`.`Name`, `p`.`Patients_Id`, `p`.`Type`, `p`.`Updated_At`
FROM `Patients_Insurance_Loan` AS `p`
WHERE `p`.`Patients_Id` = @__p_0
2023-10-04 11:33:07.429 +05:30  INF  Executed DbCommand (1ms) [Parameters=[@__p_0='?' (DbType = Int64)], CommandType='"Text"', CommandTimeout='30']
SELECT `p`.`Id`, `p`.`Created_At`, `p`.`Patient_Id`, `p`.`Report`, `p`.`Report_Date`, `p`.`Report_File`, `p`.`Status`, `p`.`Test_Name`, `p`.`Test_Price`, `p`.`Updated_At`
FROM `Patient_Tests` AS `p`
WHERE `p`.`Patient_Id` = @__p_0
2023-10-04 11:33:07.432 +05:30  INF  Executed DbCommand (1ms) [Parameters=[@__p_0='?' (DbType = Int64)], CommandType='"Text"', CommandTimeout='30']
SELECT `p`.`Id`, `p`.`Address_O`, `p`.`Address_Other`, `p`.`Address_R`, `p`.`City_O`, `p`.`City_Other`, `p`.`City_R`, `p`.`Country_O`, `p`.`Country_Other`, `p`.`Country_R`, `p`.`Created_At`, `p`.`Doctor_Name`, `p`.`Email`, `p`.`Email2`, `p`.`Medical_History_Allergies`, `p`.`Patient_Id`, `p`.`Phone`, `p`.`Phone1`, `p`.`Phone2`, `p`.`Phone3`, `p`.`Phone4`, `p`.`Physician`, `p`.`Reffered_By`, `p`.`Relationship_Type`, `p`.`Special_Notes`, `p`.`Updated_At`, `p`.`Zip_O`, `p`.`Zip_Other`, `p`.`Zip_R`
FROM `Patients_Contact` AS `p`
WHERE `p`.`Patient_Id` = @__p_0
2023-10-04 11:33:07.433 +05:30  INF  Executed DbCommand (0ms) [Parameters=[@__p_0='?' (DbType = Int64)], CommandType='"Text"', CommandTimeout='30']
SELECT `p`.`Id`, `p`.`Created_At`, `p`.`Patient_Id`, `p`.`Report`, `p`.`Report_File`, `p`.`Scan_Name`, `p`.`Status`, `p`.`Type`, `p`.`Updated_At`
FROM `Patient_Scans` AS `p`
WHERE `p`.`Patient_Id` = @__p_0
2023-10-04 11:33:07.434 +05:30  INF  Executed DbCommand (1ms) [Parameters=[], CommandType='"Text"', CommandTimeout='30']
SELECT `p`.`Id`, `p`.`Amount_Type`, `p`.`Balance`, `p`.`Created_At`, `p`.`Credit_Amount`, `p`.`Debit_Amount`, `p`.`Description`, `p`.`Doctor_Id`, `p`.`Patient_Id`, `p`.`Payment_Mode`, `p`.`Updated_At`, `p`.`Workdone_Id`
FROM `Payment_History` AS `p`
2023-10-04 11:33:07.441 +05:30  INF  Executed DbCommand (1ms) [Parameters=[@__p_0='?' (DbType = Int64)], CommandType='"Text"', CommandTimeout='30']
SELECT `p`.`Id`, `p`.`Amount`, `p`.`Balance_Amount`, `p`.`Balance_Spent`, `p`.`Created_At`, `p`.`Name`, `p`.`Patients_Id`, `p`.`Type`, `p`.`Updated_At`
FROM `Patients_Insurance_Loan` AS `p`
WHERE `p`.`Patients_Id` = @__p_0
2023-10-04 11:33:07.443 +05:30  INF  Executed DbCommand (0ms) [Parameters=[@__p_0='?' (DbType = Int64)], CommandType='"Text"', CommandTimeout='30']
SELECT `p`.`Id`, `p`.`Created_At`, `p`.`Patient_Id`, `p`.`Report`, `p`.`Report_Date`, `p`.`Report_File`, `p`.`Status`, `p`.`Test_Name`, `p`.`Test_Price`, `p`.`Updated_At`
FROM `Patient_Tests` AS `p`
WHERE `p`.`Patient_Id` = @__p_0
2023-10-04 11:33:07.445 +05:30  INF  Executed DbCommand (1ms) [Parameters=[@__p_0='?' (DbType = Int64)], CommandType='"Text"', CommandTimeout='30']
SELECT `p`.`Id`, `p`.`Address_O`, `p`.`Address_Other`, `p`.`Address_R`, `p`.`City_O`, `p`.`City_Other`, `p`.`City_R`, `p`.`Country_O`, `p`.`Country_Other`, `p`.`Country_R`, `p`.`Created_At`, `p`.`Doctor_Name`, `p`.`Email`, `p`.`Email2`, `p`.`Medical_History_Allergies`, `p`.`Patient_Id`, `p`.`Phone`, `p`.`Phone1`, `p`.`Phone2`, `p`.`Phone3`, `p`.`Phone4`, `p`.`Physician`, `p`.`Reffered_By`, `p`.`Relationship_Type`, `p`.`Special_Notes`, `p`.`Updated_At`, `p`.`Zip_O`, `p`.`Zip_Other`, `p`.`Zip_R`
FROM `Patients_Contact` AS `p`
WHERE `p`.`Patient_Id` = @__p_0
2023-10-04 11:33:07.447 +05:30  INF  Executed DbCommand (1ms) [Parameters=[@__p_0='?' (DbType = Int64)], CommandType='"Text"', CommandTimeout='30']
SELECT `p`.`Id`, `p`.`Created_At`, `p`.`Patient_Id`, `p`.`Report`, `p`.`Report_File`, `p`.`Scan_Name`, `p`.`Status`, `p`.`Type`, `p`.`Updated_At`
FROM `Patient_Scans` AS `p`
WHERE `p`.`Patient_Id` = @__p_0
2023-10-04 11:33:07.448 +05:30  INF  Executed DbCommand (1ms) [Parameters=[], CommandType='"Text"', CommandTimeout='30']
SELECT `p`.`Id`, `p`.`Amount_Type`, `p`.`Balance`, `p`.`Created_At`, `p`.`Credit_Amount`, `p`.`Debit_Amount`, `p`.`Description`, `p`.`Doctor_Id`, `p`.`Patient_Id`, `p`.`Payment_Mode`, `p`.`Updated_At`, `p`.`Workdone_Id`
FROM `Payment_History` AS `p`
2023-10-04 11:33:07.453 +05:30  INF  Executed DbCommand (1ms) [Parameters=[@__p_0='?' (DbType = Int64)], CommandType='"Text"', CommandTimeout='30']
SELECT `p`.`Id`, `p`.`Amount`, `p`.`Balance_Amount`, `p`.`Balance_Spent`, `p`.`Created_At`, `p`.`Name`, `p`.`Patients_Id`, `p`.`Type`, `p`.`Updated_At`
FROM `Patients_Insurance_Loan` AS `p`
WHERE `p`.`Patients_Id` = @__p_0
2023-10-04 11:33:07.454 +05:30  INF  Executed DbCommand (0ms) [Parameters=[@__p_0='?' (DbType = Int64)], CommandType='"Text"', CommandTimeout='30']
SELECT `p`.`Id`, `p`.`Created_At`, `p`.`Patient_Id`, `p`.`Report`, `p`.`Report_Date`, `p`.`Report_File`, `p`.`Status`, `p`.`Test_Name`, `p`.`Test_Price`, `p`.`Updated_At`
FROM `Patient_Tests` AS `p`
WHERE `p`.`Patient_Id` = @__p_0
2023-10-04 11:33:07.456 +05:30  INF  Executed DbCommand (1ms) [Parameters=[@__p_0='?' (DbType = Int64)], CommandType='"Text"', CommandTimeout='30']
SELECT `p`.`Id`, `p`.`Address_O`, `p`.`Address_Other`, `p`.`Address_R`, `p`.`City_O`, `p`.`City_Other`, `p`.`City_R`, `p`.`Country_O`, `p`.`Country_Other`, `p`.`Country_R`, `p`.`Created_At`, `p`.`Doctor_Name`, `p`.`Email`, `p`.`Email2`, `p`.`Medical_History_Allergies`, `p`.`Patient_Id`, `p`.`Phone`, `p`.`Phone1`, `p`.`Phone2`, `p`.`Phone3`, `p`.`Phone4`, `p`.`Physician`, `p`.`Reffered_By`, `p`.`Relationship_Type`, `p`.`Special_Notes`, `p`.`Updated_At`, `p`.`Zip_O`, `p`.`Zip_Other`, `p`.`Zip_R`
FROM `Patients_Contact` AS `p`
WHERE `p`.`Patient_Id` = @__p_0
2023-10-04 11:33:07.458 +05:30  INF  Executed DbCommand (0ms) [Parameters=[@__p_0='?' (DbType = Int64)], CommandType='"Text"', CommandTimeout='30']
SELECT `p`.`Id`, `p`.`Created_At`, `p`.`Patient_Id`, `p`.`Report`, `p`.`Report_File`, `p`.`Scan_Name`, `p`.`Status`, `p`.`Type`, `p`.`Updated_At`
FROM `Patient_Scans` AS `p`
WHERE `p`.`Patient_Id` = @__p_0
2023-10-04 11:33:07.459 +05:30  INF  Executed DbCommand (1ms) [Parameters=[], CommandType='"Text"', CommandTimeout='30']
SELECT `p`.`Id`, `p`.`Amount_Type`, `p`.`Balance`, `p`.`Created_At`, `p`.`Credit_Amount`, `p`.`Debit_Amount`, `p`.`Description`, `p`.`Doctor_Id`, `p`.`Patient_Id`, `p`.`Payment_Mode`, `p`.`Updated_At`, `p`.`Workdone_Id`
FROM `Payment_History` AS `p`
2023-10-04 11:33:07.465 +05:30  INF  Executed DbCommand (1ms) [Parameters=[@__p_0='?' (DbType = Int64)], CommandType='"Text"', CommandTimeout='30']
SELECT `p`.`Id`, `p`.`Amount`, `p`.`Balance_Amount`, `p`.`Balance_Spent`, `p`.`Created_At`, `p`.`Name`, `p`.`Patients_Id`, `p`.`Type`, `p`.`Updated_At`
FROM `Patients_Insurance_Loan` AS `p`
WHERE `p`.`Patients_Id` = @__p_0
2023-10-04 11:33:07.466 +05:30  INF  Executed DbCommand (0ms) [Parameters=[@__p_0='?' (DbType = Int64)], CommandType='"Text"', CommandTimeout='30']
SELECT `p`.`Id`, `p`.`Created_At`, `p`.`Patient_Id`, `p`.`Report`, `p`.`Report_Date`, `p`.`Report_File`, `p`.`Status`, `p`.`Test_Name`, `p`.`Test_Price`, `p`.`Updated_At`
FROM `Patient_Tests` AS `p`
WHERE `p`.`Patient_Id` = @__p_0
2023-10-04 11:33:07.468 +05:30  INF  Executed DbCommand (1ms) [Parameters=[@__p_0='?' (DbType = Int64)], CommandType='"Text"', CommandTimeout='30']
SELECT `p`.`Id`, `p`.`Address_O`, `p`.`Address_Other`, `p`.`Address_R`, `p`.`City_O`, `p`.`City_Other`, `p`.`City_R`, `p`.`Country_O`, `p`.`Country_Other`, `p`.`Country_R`, `p`.`Created_At`, `p`.`Doctor_Name`, `p`.`Email`, `p`.`Email2`, `p`.`Medical_History_Allergies`, `p`.`Patient_Id`, `p`.`Phone`, `p`.`Phone1`, `p`.`Phone2`, `p`.`Phone3`, `p`.`Phone4`, `p`.`Physician`, `p`.`Reffered_By`, `p`.`Relationship_Type`, `p`.`Special_Notes`, `p`.`Updated_At`, `p`.`Zip_O`, `p`.`Zip_Other`, `p`.`Zip_R`
FROM `Patients_Contact` AS `p`
WHERE `p`.`Patient_Id` = @__p_0
2023-10-04 11:33:07.469 +05:30  INF  Executed DbCommand (0ms) [Parameters=[@__p_0='?' (DbType = Int64)], CommandType='"Text"', CommandTimeout='30']
SELECT `p`.`Id`, `p`.`Created_At`, `p`.`Patient_Id`, `p`.`Report`, `p`.`Report_File`, `p`.`Scan_Name`, `p`.`Status`, `p`.`Type`, `p`.`Updated_At`
FROM `Patient_Scans` AS `p`
WHERE `p`.`Patient_Id` = @__p_0
2023-10-04 11:33:07.470 +05:30  INF  Executed DbCommand (1ms) [Parameters=[], CommandType='"Text"', CommandTimeout='30']
SELECT `p`.`Id`, `p`.`Amount_Type`, `p`.`Balance`, `p`.`Created_At`, `p`.`Credit_Amount`, `p`.`Debit_Amount`, `p`.`Description`, `p`.`Doctor_Id`, `p`.`Patient_Id`, `p`.`Payment_Mode`, `p`.`Updated_At`, `p`.`Workdone_Id`
FROM `Payment_History` AS `p`
2023-10-04 11:33:07.476 +05:30  INF  Executed DbCommand (1ms) [Parameters=[@__p_0='?' (DbType = Int64)], CommandType='"Text"', CommandTimeout='30']
SELECT `p`.`Id`, `p`.`Amount`, `p`.`Balance_Amount`, `p`.`Balance_Spent`, `p`.`Created_At`, `p`.`Name`, `p`.`Patients_Id`, `p`.`Type`, `p`.`Updated_At`
FROM `Patients_Insurance_Loan` AS `p`
WHERE `p`.`Patients_Id` = @__p_0
2023-10-04 11:33:07.478 +05:30  INF  Executed DbCommand (0ms) [Parameters=[@__p_0='?' (DbType = Int64)], CommandType='"Text"', CommandTimeout='30']
SELECT `p`.`Id`, `p`.`Created_At`, `p`.`Patient_Id`, `p`.`Report`, `p`.`Report_Date`, `p`.`Report_File`, `p`.`Status`, `p`.`Test_Name`, `p`.`Test_Price`, `p`.`Updated_At`
FROM `Patient_Tests` AS `p`
WHERE `p`.`Patient_Id` = @__p_0
2023-10-04 11:33:07.480 +05:30  INF  Executed DbCommand (1ms) [Parameters=[@__p_0='?' (DbType = Int64)], CommandType='"Text"', CommandTimeout='30']
SELECT `p`.`Id`, `p`.`Address_O`, `p`.`Address_Other`, `p`.`Address_R`, `p`.`City_O`, `p`.`City_Other`, `p`.`City_R`, `p`.`Country_O`, `p`.`Country_Other`, `p`.`Country_R`, `p`.`Created_At`, `p`.`Doctor_Name`, `p`.`Email`, `p`.`Email2`, `p`.`Medical_History_Allergies`, `p`.`Patient_Id`, `p`.`Phone`, `p`.`Phone1`, `p`.`Phone2`, `p`.`Phone3`, `p`.`Phone4`, `p`.`Physician`, `p`.`Reffered_By`, `p`.`Relationship_Type`, `p`.`Special_Notes`, `p`.`Updated_At`, `p`.`Zip_O`, `p`.`Zip_Other`, `p`.`Zip_R`
FROM `Patients_Contact` AS `p`
WHERE `p`.`Patient_Id` = @__p_0
2023-10-04 11:33:07.482 +05:30  INF  Executed DbCommand (0ms) [Parameters=[@__p_0='?' (DbType = Int64)], CommandType='"Text"', CommandTimeout='30']
SELECT `p`.`Id`, `p`.`Created_At`, `p`.`Patient_Id`, `p`.`Report`, `p`.`Report_File`, `p`.`Scan_Name`, `p`.`Status`, `p`.`Type`, `p`.`Updated_At`
FROM `Patient_Scans` AS `p`
WHERE `p`.`Patient_Id` = @__p_0
2023-10-04 11:33:07.483 +05:30  INF  Executed DbCommand (1ms) [Parameters=[], CommandType='"Text"', CommandTimeout='30']
SELECT `p`.`Id`, `p`.`Amount_Type`, `p`.`Balance`, `p`.`Created_At`, `p`.`Credit_Amount`, `p`.`Debit_Amount`, `p`.`Description`, `p`.`Doctor_Id`, `p`.`Patient_Id`, `p`.`Payment_Mode`, `p`.`Updated_At`, `p`.`Workdone_Id`
FROM `Payment_History` AS `p`
2023-10-04 11:33:07.488 +05:30  INF  Executed DbCommand (1ms) [Parameters=[@__p_0='?' (DbType = Int64)], CommandType='"Text"', CommandTimeout='30']
SELECT `p`.`Id`, `p`.`Amount`, `p`.`Balance_Amount`, `p`.`Balance_Spent`, `p`.`Created_At`, `p`.`Name`, `p`.`Patients_Id`, `p`.`Type`, `p`.`Updated_At`
FROM `Patients_Insurance_Loan` AS `p`
WHERE `p`.`Patients_Id` = @__p_0
2023-10-04 11:33:07.489 +05:30  INF  Executed DbCommand (0ms) [Parameters=[@__p_0='?' (DbType = Int64)], CommandType='"Text"', CommandTimeout='30']
SELECT `p`.`Id`, `p`.`Created_At`, `p`.`Patient_Id`, `p`.`Report`, `p`.`Report_Date`, `p`.`Report_File`, `p`.`Status`, `p`.`Test_Name`, `p`.`Test_Price`, `p`.`Updated_At`
FROM `Patient_Tests` AS `p`
WHERE `p`.`Patient_Id` = @__p_0
2023-10-04 11:33:07.492 +05:30  INF  Executed DbCommand (2ms) [Parameters=[@__p_0='?' (DbType = Int64)], CommandType='"Text"', CommandTimeout='30']
SELECT `p`.`Id`, `p`.`Address_O`, `p`.`Address_Other`, `p`.`Address_R`, `p`.`City_O`, `p`.`City_Other`, `p`.`City_R`, `p`.`Country_O`, `p`.`Country_Other`, `p`.`Country_R`, `p`.`Created_At`, `p`.`Doctor_Name`, `p`.`Email`, `p`.`Email2`, `p`.`Medical_History_Allergies`, `p`.`Patient_Id`, `p`.`Phone`, `p`.`Phone1`, `p`.`Phone2`, `p`.`Phone3`, `p`.`Phone4`, `p`.`Physician`, `p`.`Reffered_By`, `p`.`Relationship_Type`, `p`.`Special_Notes`, `p`.`Updated_At`, `p`.`Zip_O`, `p`.`Zip_Other`, `p`.`Zip_R`
FROM `Patients_Contact` AS `p`
WHERE `p`.`Patient_Id` = @__p_0
2023-10-04 11:33:07.493 +05:30  INF  Executed DbCommand (0ms) [Parameters=[@__p_0='?' (DbType = Int64)], CommandType='"Text"', CommandTimeout='30']
SELECT `p`.`Id`, `p`.`Created_At`, `p`.`Patient_Id`, `p`.`Report`, `p`.`Report_File`, `p`.`Scan_Name`, `p`.`Status`, `p`.`Type`, `p`.`Updated_At`
FROM `Patient_Scans` AS `p`
WHERE `p`.`Patient_Id` = @__p_0
2023-10-04 11:33:07.495 +05:30  INF  Executed DbCommand (1ms) [Parameters=[], CommandType='"Text"', CommandTimeout='30']
SELECT `p`.`Id`, `p`.`Amount_Type`, `p`.`Balance`, `p`.`Created_At`, `p`.`Credit_Amount`, `p`.`Debit_Amount`, `p`.`Description`, `p`.`Doctor_Id`, `p`.`Patient_Id`, `p`.`Payment_Mode`, `p`.`Updated_At`, `p`.`Workdone_Id`
FROM `Payment_History` AS `p`
2023-10-04 11:33:07.501 +05:30  INF  Executed DbCommand (1ms) [Parameters=[@__p_0='?' (DbType = Int64)], CommandType='"Text"', CommandTimeout='30']
SELECT `p`.`Id`, `p`.`Amount`, `p`.`Balance_Amount`, `p`.`Balance_Spent`, `p`.`Created_At`, `p`.`Name`, `p`.`Patients_Id`, `p`.`Type`, `p`.`Updated_At`
FROM `Patients_Insurance_Loan` AS `p`
WHERE `p`.`Patients_Id` = @__p_0
2023-10-04 11:33:07.502 +05:30  INF  Executed DbCommand (0ms) [Parameters=[@__p_0='?' (DbType = Int64)], CommandType='"Text"', CommandTimeout='30']
SELECT `p`.`Id`, `p`.`Created_At`, `p`.`Patient_Id`, `p`.`Report`, `p`.`Report_Date`, `p`.`Report_File`, `p`.`Status`, `p`.`Test_Name`, `p`.`Test_Price`, `p`.`Updated_At`
FROM `Patient_Tests` AS `p`
WHERE `p`.`Patient_Id` = @__p_0
2023-10-04 11:33:07.504 +05:30  INF  Executed DbCommand (1ms) [Parameters=[@__p_0='?' (DbType = Int64)], CommandType='"Text"', CommandTimeout='30']
SELECT `p`.`Id`, `p`.`Address_O`, `p`.`Address_Other`, `p`.`Address_R`, `p`.`City_O`, `p`.`City_Other`, `p`.`City_R`, `p`.`Country_O`, `p`.`Country_Other`, `p`.`Country_R`, `p`.`Created_At`, `p`.`Doctor_Name`, `p`.`Email`, `p`.`Email2`, `p`.`Medical_History_Allergies`, `p`.`Patient_Id`, `p`.`Phone`, `p`.`Phone1`, `p`.`Phone2`, `p`.`Phone3`, `p`.`Phone4`, `p`.`Physician`, `p`.`Reffered_By`, `p`.`Relationship_Type`, `p`.`Special_Notes`, `p`.`Updated_At`, `p`.`Zip_O`, `p`.`Zip_Other`, `p`.`Zip_R`
FROM `Patients_Contact` AS `p`
WHERE `p`.`Patient_Id` = @__p_0
2023-10-04 11:33:07.505 +05:30  INF  Executed DbCommand (0ms) [Parameters=[@__p_0='?' (DbType = Int64)], CommandType='"Text"', CommandTimeout='30']
SELECT `p`.`Id`, `p`.`Created_At`, `p`.`Patient_Id`, `p`.`Report`, `p`.`Report_File`, `p`.`Scan_Name`, `p`.`Status`, `p`.`Type`, `p`.`Updated_At`
FROM `Patient_Scans` AS `p`
WHERE `p`.`Patient_Id` = @__p_0
2023-10-04 11:33:07.506 +05:30  INF  Executed DbCommand (1ms) [Parameters=[], CommandType='"Text"', CommandTimeout='30']
SELECT `p`.`Id`, `p`.`Amount_Type`, `p`.`Balance`, `p`.`Created_At`, `p`.`Credit_Amount`, `p`.`Debit_Amount`, `p`.`Description`, `p`.`Doctor_Id`, `p`.`Patient_Id`, `p`.`Payment_Mode`, `p`.`Updated_At`, `p`.`Workdone_Id`
FROM `Payment_History` AS `p`
2023-10-04 11:33:07.512 +05:30  INF  Executed DbCommand (1ms) [Parameters=[@__p_0='?' (DbType = Int64)], CommandType='"Text"', CommandTimeout='30']
SELECT `p`.`Id`, `p`.`Amount`, `p`.`Balance_Amount`, `p`.`Balance_Spent`, `p`.`Created_At`, `p`.`Name`, `p`.`Patients_Id`, `p`.`Type`, `p`.`Updated_At`
FROM `Patients_Insurance_Loan` AS `p`
WHERE `p`.`Patients_Id` = @__p_0
2023-10-04 11:33:07.514 +05:30  INF  Executed DbCommand (1ms) [Parameters=[@__p_0='?' (DbType = Int64)], CommandType='"Text"', CommandTimeout='30']
SELECT `p`.`Id`, `p`.`Created_At`, `p`.`Patient_Id`, `p`.`Report`, `p`.`Report_Date`, `p`.`Report_File`, `p`.`Status`, `p`.`Test_Name`, `p`.`Test_Price`, `p`.`Updated_At`
FROM `Patient_Tests` AS `p`
WHERE `p`.`Patient_Id` = @__p_0
2023-10-04 11:33:07.516 +05:30  INF  Executed DbCommand (1ms) [Parameters=[@__p_0='?' (DbType = Int64)], CommandType='"Text"', CommandTimeout='30']
SELECT `p`.`Id`, `p`.`Address_O`, `p`.`Address_Other`, `p`.`Address_R`, `p`.`City_O`, `p`.`City_Other`, `p`.`City_R`, `p`.`Country_O`, `p`.`Country_Other`, `p`.`Country_R`, `p`.`Created_At`, `p`.`Doctor_Name`, `p`.`Email`, `p`.`Email2`, `p`.`Medical_History_Allergies`, `p`.`Patient_Id`, `p`.`Phone`, `p`.`Phone1`, `p`.`Phone2`, `p`.`Phone3`, `p`.`Phone4`, `p`.`Physician`, `p`.`Reffered_By`, `p`.`Relationship_Type`, `p`.`Special_Notes`, `p`.`Updated_At`, `p`.`Zip_O`, `p`.`Zip_Other`, `p`.`Zip_R`
FROM `Patients_Contact` AS `p`
WHERE `p`.`Patient_Id` = @__p_0
2023-10-04 11:33:07.517 +05:30  INF  Executed DbCommand (0ms) [Parameters=[@__p_0='?' (DbType = Int64)], CommandType='"Text"', CommandTimeout='30']
SELECT `p`.`Id`, `p`.`Created_At`, `p`.`Patient_Id`, `p`.`Report`, `p`.`Report_File`, `p`.`Scan_Name`, `p`.`Status`, `p`.`Type`, `p`.`Updated_At`
FROM `Patient_Scans` AS `p`
WHERE `p`.`Patient_Id` = @__p_0
2023-10-04 11:33:07.518 +05:30  INF  Executed DbCommand (1ms) [Parameters=[], CommandType='"Text"', CommandTimeout='30']
SELECT `p`.`Id`, `p`.`Amount_Type`, `p`.`Balance`, `p`.`Created_At`, `p`.`Credit_Amount`, `p`.`Debit_Amount`, `p`.`Description`, `p`.`Doctor_Id`, `p`.`Patient_Id`, `p`.`Payment_Mode`, `p`.`Updated_At`, `p`.`Workdone_Id`
FROM `Payment_History` AS `p`
2023-10-04 11:33:07.523 +05:30  INF  Executed DbCommand (1ms) [Parameters=[@__p_0='?' (DbType = Int64)], CommandType='"Text"', CommandTimeout='30']
SELECT `p`.`Id`, `p`.`Amount`, `p`.`Balance_Amount`, `p`.`Balance_Spent`, `p`.`Created_At`, `p`.`Name`, `p`.`Patients_Id`, `p`.`Type`, `p`.`Updated_At`
FROM `Patients_Insurance_Loan` AS `p`
WHERE `p`.`Patients_Id` = @__p_0
2023-10-04 11:33:07.525 +05:30  INF  Executed DbCommand (1ms) [Parameters=[@__p_0='?' (DbType = Int64)], CommandType='"Text"', CommandTimeout='30']
SELECT `p`.`Id`, `p`.`Created_At`, `p`.`Patient_Id`, `p`.`Report`, `p`.`Report_Date`, `p`.`Report_File`, `p`.`Status`, `p`.`Test_Name`, `p`.`Test_Price`, `p`.`Updated_At`
FROM `Patient_Tests` AS `p`
WHERE `p`.`Patient_Id` = @__p_0
2023-10-04 11:33:07.527 +05:30  INF  Executed DbCommand (1ms) [Parameters=[@__p_0='?' (DbType = Int64)], CommandType='"Text"', CommandTimeout='30']
SELECT `p`.`Id`, `p`.`Address_O`, `p`.`Address_Other`, `p`.`Address_R`, `p`.`City_O`, `p`.`City_Other`, `p`.`City_R`, `p`.`Country_O`, `p`.`Country_Other`, `p`.`Country_R`, `p`.`Created_At`, `p`.`Doctor_Name`, `p`.`Email`, `p`.`Email2`, `p`.`Medical_History_Allergies`, `p`.`Patient_Id`, `p`.`Phone`, `p`.`Phone1`, `p`.`Phone2`, `p`.`Phone3`, `p`.`Phone4`, `p`.`Physician`, `p`.`Reffered_By`, `p`.`Relationship_Type`, `p`.`Special_Notes`, `p`.`Updated_At`, `p`.`Zip_O`, `p`.`Zip_Other`, `p`.`Zip_R`
FROM `Patients_Contact` AS `p`
WHERE `p`.`Patient_Id` = @__p_0
2023-10-04 11:33:07.529 +05:30  INF  Executed DbCommand (1ms) [Parameters=[@__p_0='?' (DbType = Int64)], CommandType='"Text"', CommandTimeout='30']
SELECT `p`.`Id`, `p`.`Created_At`, `p`.`Patient_Id`, `p`.`Report`, `p`.`Report_File`, `p`.`Scan_Name`, `p`.`Status`, `p`.`Type`, `p`.`Updated_At`
FROM `Patient_Scans` AS `p`
WHERE `p`.`Patient_Id` = @__p_0
2023-10-04 11:33:07.530 +05:30  INF  Executed DbCommand (1ms) [Parameters=[], CommandType='"Text"', CommandTimeout='30']
SELECT `p`.`Id`, `p`.`Amount_Type`, `p`.`Balance`, `p`.`Created_At`, `p`.`Credit_Amount`, `p`.`Debit_Amount`, `p`.`Description`, `p`.`Doctor_Id`, `p`.`Patient_Id`, `p`.`Payment_Mode`, `p`.`Updated_At`, `p`.`Workdone_Id`
FROM `Payment_History` AS `p`
2023-10-04 11:33:07.535 +05:30  INF  Executed DbCommand (1ms) [Parameters=[@__p_0='?' (DbType = Int64)], CommandType='"Text"', CommandTimeout='30']
SELECT `p`.`Id`, `p`.`Amount`, `p`.`Balance_Amount`, `p`.`Balance_Spent`, `p`.`Created_At`, `p`.`Name`, `p`.`Patients_Id`, `p`.`Type`, `p`.`Updated_At`
FROM `Patients_Insurance_Loan` AS `p`
WHERE `p`.`Patients_Id` = @__p_0
2023-10-04 11:33:07.537 +05:30  INF  Executed DbCommand (0ms) [Parameters=[@__p_0='?' (DbType = Int64)], CommandType='"Text"', CommandTimeout='30']
SELECT `p`.`Id`, `p`.`Created_At`, `p`.`Patient_Id`, `p`.`Report`, `p`.`Report_Date`, `p`.`Report_File`, `p`.`Status`, `p`.`Test_Name`, `p`.`Test_Price`, `p`.`Updated_At`
FROM `Patient_Tests` AS `p`
WHERE `p`.`Patient_Id` = @__p_0
2023-10-04 11:33:07.539 +05:30  INF  Executed DbCommand (1ms) [Parameters=[@__p_0='?' (DbType = Int64)], CommandType='"Text"', CommandTimeout='30']
SELECT `p`.`Id`, `p`.`Address_O`, `p`.`Address_Other`, `p`.`Address_R`, `p`.`City_O`, `p`.`City_Other`, `p`.`City_R`, `p`.`Country_O`, `p`.`Country_Other`, `p`.`Country_R`, `p`.`Created_At`, `p`.`Doctor_Name`, `p`.`Email`, `p`.`Email2`, `p`.`Medical_History_Allergies`, `p`.`Patient_Id`, `p`.`Phone`, `p`.`Phone1`, `p`.`Phone2`, `p`.`Phone3`, `p`.`Phone4`, `p`.`Physician`, `p`.`Reffered_By`, `p`.`Relationship_Type`, `p`.`Special_Notes`, `p`.`Updated_At`, `p`.`Zip_O`, `p`.`Zip_Other`, `p`.`Zip_R`
FROM `Patients_Contact` AS `p`
WHERE `p`.`Patient_Id` = @__p_0
2023-10-04 11:33:07.540 +05:30  INF  Executed DbCommand (0ms) [Parameters=[@__p_0='?' (DbType = Int64)], CommandType='"Text"', CommandTimeout='30']
SELECT `p`.`Id`, `p`.`Created_At`, `p`.`Patient_Id`, `p`.`Report`, `p`.`Report_File`, `p`.`Scan_Name`, `p`.`Status`, `p`.`Type`, `p`.`Updated_At`
FROM `Patient_Scans` AS `p`
WHERE `p`.`Patient_Id` = @__p_0
2023-10-04 11:33:07.542 +05:30  INF  Executed DbCommand (1ms) [Parameters=[], CommandType='"Text"', CommandTimeout='30']
SELECT `p`.`Id`, `p`.`Amount_Type`, `p`.`Balance`, `p`.`Created_At`, `p`.`Credit_Amount`, `p`.`Debit_Amount`, `p`.`Description`, `p`.`Doctor_Id`, `p`.`Patient_Id`, `p`.`Payment_Mode`, `p`.`Updated_At`, `p`.`Workdone_Id`
FROM `Payment_History` AS `p`
2023-10-04 11:33:07.548 +05:30  INF  Executed DbCommand (1ms) [Parameters=[@__p_0='?' (DbType = Int64)], CommandType='"Text"', CommandTimeout='30']
SELECT `p`.`Id`, `p`.`Amount`, `p`.`Balance_Amount`, `p`.`Balance_Spent`, `p`.`Created_At`, `p`.`Name`, `p`.`Patients_Id`, `p`.`Type`, `p`.`Updated_At`
FROM `Patients_Insurance_Loan` AS `p`
WHERE `p`.`Patients_Id` = @__p_0
2023-10-04 11:33:07.549 +05:30  INF  Executed DbCommand (0ms) [Parameters=[@__p_0='?' (DbType = Int64)], CommandType='"Text"', CommandTimeout='30']
SELECT `p`.`Id`, `p`.`Created_At`, `p`.`Patient_Id`, `p`.`Report`, `p`.`Report_Date`, `p`.`Report_File`, `p`.`Status`, `p`.`Test_Name`, `p`.`Test_Price`, `p`.`Updated_At`
FROM `Patient_Tests` AS `p`
WHERE `p`.`Patient_Id` = @__p_0
2023-10-04 11:33:07.551 +05:30  INF  Executed DbCommand (1ms) [Parameters=[@__p_0='?' (DbType = Int64)], CommandType='"Text"', CommandTimeout='30']
SELECT `p`.`Id`, `p`.`Address_O`, `p`.`Address_Other`, `p`.`Address_R`, `p`.`City_O`, `p`.`City_Other`, `p`.`City_R`, `p`.`Country_O`, `p`.`Country_Other`, `p`.`Country_R`, `p`.`Created_At`, `p`.`Doctor_Name`, `p`.`Email`, `p`.`Email2`, `p`.`Medical_History_Allergies`, `p`.`Patient_Id`, `p`.`Phone`, `p`.`Phone1`, `p`.`Phone2`, `p`.`Phone3`, `p`.`Phone4`, `p`.`Physician`, `p`.`Reffered_By`, `p`.`Relationship_Type`, `p`.`Special_Notes`, `p`.`Updated_At`, `p`.`Zip_O`, `p`.`Zip_Other`, `p`.`Zip_R`
FROM `Patients_Contact` AS `p`
WHERE `p`.`Patient_Id` = @__p_0
2023-10-04 11:33:07.553 +05:30  INF  Executed DbCommand (0ms) [Parameters=[@__p_0='?' (DbType = Int64)], CommandType='"Text"', CommandTimeout='30']
SELECT `p`.`Id`, `p`.`Created_At`, `p`.`Patient_Id`, `p`.`Report`, `p`.`Report_File`, `p`.`Scan_Name`, `p`.`Status`, `p`.`Type`, `p`.`Updated_At`
FROM `Patient_Scans` AS `p`
WHERE `p`.`Patient_Id` = @__p_0
2023-10-04 11:33:07.554 +05:30  INF  Executed DbCommand (1ms) [Parameters=[], CommandType='"Text"', CommandTimeout='30']
SELECT `p`.`Id`, `p`.`Amount_Type`, `p`.`Balance`, `p`.`Created_At`, `p`.`Credit_Amount`, `p`.`Debit_Amount`, `p`.`Description`, `p`.`Doctor_Id`, `p`.`Patient_Id`, `p`.`Payment_Mode`, `p`.`Updated_At`, `p`.`Workdone_Id`
FROM `Payment_History` AS `p`
2023-10-04 11:33:07.560 +05:30  INF  Executed DbCommand (1ms) [Parameters=[@__p_0='?' (DbType = Int64)], CommandType='"Text"', CommandTimeout='30']
SELECT `p`.`Id`, `p`.`Amount`, `p`.`Balance_Amount`, `p`.`Balance_Spent`, `p`.`Created_At`, `p`.`Name`, `p`.`Patients_Id`, `p`.`Type`, `p`.`Updated_At`
FROM `Patients_Insurance_Loan` AS `p`
WHERE `p`.`Patients_Id` = @__p_0
2023-10-04 11:33:07.561 +05:30  INF  Executed DbCommand (0ms) [Parameters=[@__p_0='?' (DbType = Int64)], CommandType='"Text"', CommandTimeout='30']
SELECT `p`.`Id`, `p`.`Created_At`, `p`.`Patient_Id`, `p`.`Report`, `p`.`Report_Date`, `p`.`Report_File`, `p`.`Status`, `p`.`Test_Name`, `p`.`Test_Price`, `p`.`Updated_At`
FROM `Patient_Tests` AS `p`
WHERE `p`.`Patient_Id` = @__p_0
2023-10-04 11:33:07.564 +05:30  INF  Executed DbCommand (1ms) [Parameters=[@__p_0='?' (DbType = Int64)], CommandType='"Text"', CommandTimeout='30']
SELECT `p`.`Id`, `p`.`Address_O`, `p`.`Address_Other`, `p`.`Address_R`, `p`.`City_O`, `p`.`City_Other`, `p`.`City_R`, `p`.`Country_O`, `p`.`Country_Other`, `p`.`Country_R`, `p`.`Created_At`, `p`.`Doctor_Name`, `p`.`Email`, `p`.`Email2`, `p`.`Medical_History_Allergies`, `p`.`Patient_Id`, `p`.`Phone`, `p`.`Phone1`, `p`.`Phone2`, `p`.`Phone3`, `p`.`Phone4`, `p`.`Physician`, `p`.`Reffered_By`, `p`.`Relationship_Type`, `p`.`Special_Notes`, `p`.`Updated_At`, `p`.`Zip_O`, `p`.`Zip_Other`, `p`.`Zip_R`
FROM `Patients_Contact` AS `p`
WHERE `p`.`Patient_Id` = @__p_0
2023-10-04 11:33:07.565 +05:30  INF  Executed DbCommand (0ms) [Parameters=[@__p_0='?' (DbType = Int64)], CommandType='"Text"', CommandTimeout='30']
SELECT `p`.`Id`, `p`.`Created_At`, `p`.`Patient_Id`, `p`.`Report`, `p`.`Report_File`, `p`.`Scan_Name`, `p`.`Status`, `p`.`Type`, `p`.`Updated_At`
FROM `Patient_Scans` AS `p`
WHERE `p`.`Patient_Id` = @__p_0
2023-10-04 11:33:07.566 +05:30  INF  Executed DbCommand (1ms) [Parameters=[], CommandType='"Text"', CommandTimeout='30']
SELECT `p`.`Id`, `p`.`Amount_Type`, `p`.`Balance`, `p`.`Created_At`, `p`.`Credit_Amount`, `p`.`Debit_Amount`, `p`.`Description`, `p`.`Doctor_Id`, `p`.`Patient_Id`, `p`.`Payment_Mode`, `p`.`Updated_At`, `p`.`Workdone_Id`
FROM `Payment_History` AS `p`
2023-10-04 11:33:07.573 +05:30  INF  Executed DbCommand (1ms) [Parameters=[@__p_0='?' (DbType = Int64)], CommandType='"Text"', CommandTimeout='30']
SELECT `p`.`Id`, `p`.`Amount`, `p`.`Balance_Amount`, `p`.`Balance_Spent`, `p`.`Created_At`, `p`.`Name`, `p`.`Patients_Id`, `p`.`Type`, `p`.`Updated_At`
FROM `Patients_Insurance_Loan` AS `p`
WHERE `p`.`Patients_Id` = @__p_0
2023-10-04 11:33:07.575 +05:30  INF  Executed DbCommand (1ms) [Parameters=[@__p_0='?' (DbType = Int64)], CommandType='"Text"', CommandTimeout='30']
SELECT `p`.`Id`, `p`.`Created_At`, `p`.`Patient_Id`, `p`.`Report`, `p`.`Report_Date`, `p`.`Report_File`, `p`.`Status`, `p`.`Test_Name`, `p`.`Test_Price`, `p`.`Updated_At`
FROM `Patient_Tests` AS `p`
WHERE `p`.`Patient_Id` = @__p_0
2023-10-04 11:33:07.577 +05:30  INF  Executed DbCommand (1ms) [Parameters=[@__p_0='?' (DbType = Int64)], CommandType='"Text"', CommandTimeout='30']
SELECT `p`.`Id`, `p`.`Address_O`, `p`.`Address_Other`, `p`.`Address_R`, `p`.`City_O`, `p`.`City_Other`, `p`.`City_R`, `p`.`Country_O`, `p`.`Country_Other`, `p`.`Country_R`, `p`.`Created_At`, `p`.`Doctor_Name`, `p`.`Email`, `p`.`Email2`, `p`.`Medical_History_Allergies`, `p`.`Patient_Id`, `p`.`Phone`, `p`.`Phone1`, `p`.`Phone2`, `p`.`Phone3`, `p`.`Phone4`, `p`.`Physician`, `p`.`Reffered_By`, `p`.`Relationship_Type`, `p`.`Special_Notes`, `p`.`Updated_At`, `p`.`Zip_O`, `p`.`Zip_Other`, `p`.`Zip_R`
FROM `Patients_Contact` AS `p`
WHERE `p`.`Patient_Id` = @__p_0
2023-10-04 11:33:07.579 +05:30  INF  Executed DbCommand (0ms) [Parameters=[@__p_0='?' (DbType = Int64)], CommandType='"Text"', CommandTimeout='30']
SELECT `p`.`Id`, `p`.`Created_At`, `p`.`Patient_Id`, `p`.`Report`, `p`.`Report_File`, `p`.`Scan_Name`, `p`.`Status`, `p`.`Type`, `p`.`Updated_At`
FROM `Patient_Scans` AS `p`
WHERE `p`.`Patient_Id` = @__p_0
2023-10-04 11:33:07.580 +05:30  INF  Executed DbCommand (1ms) [Parameters=[], CommandType='"Text"', CommandTimeout='30']
SELECT `p`.`Id`, `p`.`Amount_Type`, `p`.`Balance`, `p`.`Created_At`, `p`.`Credit_Amount`, `p`.`Debit_Amount`, `p`.`Description`, `p`.`Doctor_Id`, `p`.`Patient_Id`, `p`.`Payment_Mode`, `p`.`Updated_At`, `p`.`Workdone_Id`
FROM `Payment_History` AS `p`
2023-10-04 11:33:07.585 +05:30  INF  Executed DbCommand (1ms) [Parameters=[@__p_0='?' (DbType = Int64)], CommandType='"Text"', CommandTimeout='30']
SELECT `p`.`Id`, `p`.`Amount`, `p`.`Balance_Amount`, `p`.`Balance_Spent`, `p`.`Created_At`, `p`.`Name`, `p`.`Patients_Id`, `p`.`Type`, `p`.`Updated_At`
FROM `Patients_Insurance_Loan` AS `p`
WHERE `p`.`Patients_Id` = @__p_0
2023-10-04 11:33:07.586 +05:30  INF  Executed DbCommand (0ms) [Parameters=[@__p_0='?' (DbType = Int64)], CommandType='"Text"', CommandTimeout='30']
SELECT `p`.`Id`, `p`.`Created_At`, `p`.`Patient_Id`, `p`.`Report`, `p`.`Report_Date`, `p`.`Report_File`, `p`.`Status`, `p`.`Test_Name`, `p`.`Test_Price`, `p`.`Updated_At`
FROM `Patient_Tests` AS `p`
WHERE `p`.`Patient_Id` = @__p_0
2023-10-04 11:33:07.588 +05:30  INF  Executed DbCommand (1ms) [Parameters=[@__p_0='?' (DbType = Int64)], CommandType='"Text"', CommandTimeout='30']
SELECT `p`.`Id`, `p`.`Address_O`, `p`.`Address_Other`, `p`.`Address_R`, `p`.`City_O`, `p`.`City_Other`, `p`.`City_R`, `p`.`Country_O`, `p`.`Country_Other`, `p`.`Country_R`, `p`.`Created_At`, `p`.`Doctor_Name`, `p`.`Email`, `p`.`Email2`, `p`.`Medical_History_Allergies`, `p`.`Patient_Id`, `p`.`Phone`, `p`.`Phone1`, `p`.`Phone2`, `p`.`Phone3`, `p`.`Phone4`, `p`.`Physician`, `p`.`Reffered_By`, `p`.`Relationship_Type`, `p`.`Special_Notes`, `p`.`Updated_At`, `p`.`Zip_O`, `p`.`Zip_Other`, `p`.`Zip_R`
FROM `Patients_Contact` AS `p`
WHERE `p`.`Patient_Id` = @__p_0
2023-10-04 11:33:07.589 +05:30  INF  Executed DbCommand (0ms) [Parameters=[@__p_0='?' (DbType = Int64)], CommandType='"Text"', CommandTimeout='30']
SELECT `p`.`Id`, `p`.`Created_At`, `p`.`Patient_Id`, `p`.`Report`, `p`.`Report_File`, `p`.`Scan_Name`, `p`.`Status`, `p`.`Type`, `p`.`Updated_At`
FROM `Patient_Scans` AS `p`
WHERE `p`.`Patient_Id` = @__p_0
2023-10-04 11:33:07.591 +05:30  INF  Executed DbCommand (1ms) [Parameters=[], CommandType='"Text"', CommandTimeout='30']
SELECT `p`.`Id`, `p`.`Amount_Type`, `p`.`Balance`, `p`.`Created_At`, `p`.`Credit_Amount`, `p`.`Debit_Amount`, `p`.`Description`, `p`.`Doctor_Id`, `p`.`Patient_Id`, `p`.`Payment_Mode`, `p`.`Updated_At`, `p`.`Workdone_Id`
FROM `Payment_History` AS `p`
2023-10-04 11:33:07.596 +05:30  INF  Executed DbCommand (1ms) [Parameters=[@__p_0='?' (DbType = Int64)], CommandType='"Text"', CommandTimeout='30']
SELECT `p`.`Id`, `p`.`Amount`, `p`.`Balance_Amount`, `p`.`Balance_Spent`, `p`.`Created_At`, `p`.`Name`, `p`.`Patients_Id`, `p`.`Type`, `p`.`Updated_At`
FROM `Patients_Insurance_Loan` AS `p`
WHERE `p`.`Patients_Id` = @__p_0
2023-10-04 11:33:07.597 +05:30  INF  Executed DbCommand (0ms) [Parameters=[@__p_0='?' (DbType = Int64)], CommandType='"Text"', CommandTimeout='30']
SELECT `p`.`Id`, `p`.`Created_At`, `p`.`Patient_Id`, `p`.`Report`, `p`.`Report_Date`, `p`.`Report_File`, `p`.`Status`, `p`.`Test_Name`, `p`.`Test_Price`, `p`.`Updated_At`
FROM `Patient_Tests` AS `p`
WHERE `p`.`Patient_Id` = @__p_0
2023-10-04 11:33:07.599 +05:30  INF  Executed DbCommand (1ms) [Parameters=[@__p_0='?' (DbType = Int64)], CommandType='"Text"', CommandTimeout='30']
SELECT `p`.`Id`, `p`.`Address_O`, `p`.`Address_Other`, `p`.`Address_R`, `p`.`City_O`, `p`.`City_Other`, `p`.`City_R`, `p`.`Country_O`, `p`.`Country_Other`, `p`.`Country_R`, `p`.`Created_At`, `p`.`Doctor_Name`, `p`.`Email`, `p`.`Email2`, `p`.`Medical_History_Allergies`, `p`.`Patient_Id`, `p`.`Phone`, `p`.`Phone1`, `p`.`Phone2`, `p`.`Phone3`, `p`.`Phone4`, `p`.`Physician`, `p`.`Reffered_By`, `p`.`Relationship_Type`, `p`.`Special_Notes`, `p`.`Updated_At`, `p`.`Zip_O`, `p`.`Zip_Other`, `p`.`Zip_R`
FROM `Patients_Contact` AS `p`
WHERE `p`.`Patient_Id` = @__p_0
2023-10-04 11:33:07.601 +05:30  INF  Executed DbCommand (0ms) [Parameters=[@__p_0='?' (DbType = Int64)], CommandType='"Text"', CommandTimeout='30']
SELECT `p`.`Id`, `p`.`Created_At`, `p`.`Patient_Id`, `p`.`Report`, `p`.`Report_File`, `p`.`Scan_Name`, `p`.`Status`, `p`.`Type`, `p`.`Updated_At`
FROM `Patient_Scans` AS `p`
WHERE `p`.`Patient_Id` = @__p_0
2023-10-04 11:33:07.602 +05:30  INF  Executed DbCommand (1ms) [Parameters=[], CommandType='"Text"', CommandTimeout='30']
SELECT `p`.`Id`, `p`.`Amount_Type`, `p`.`Balance`, `p`.`Created_At`, `p`.`Credit_Amount`, `p`.`Debit_Amount`, `p`.`Description`, `p`.`Doctor_Id`, `p`.`Patient_Id`, `p`.`Payment_Mode`, `p`.`Updated_At`, `p`.`Workdone_Id`
FROM `Payment_History` AS `p`
2023-10-04 11:33:07.607 +05:30  INF  Executed DbCommand (1ms) [Parameters=[@__p_0='?' (DbType = Int64)], CommandType='"Text"', CommandTimeout='30']
SELECT `p`.`Id`, `p`.`Amount`, `p`.`Balance_Amount`, `p`.`Balance_Spent`, `p`.`Created_At`, `p`.`Name`, `p`.`Patients_Id`, `p`.`Type`, `p`.`Updated_At`
FROM `Patients_Insurance_Loan` AS `p`
WHERE `p`.`Patients_Id` = @__p_0
2023-10-04 11:33:07.609 +05:30  INF  Executed DbCommand (1ms) [Parameters=[@__p_0='?' (DbType = Int64)], CommandType='"Text"', CommandTimeout='30']
SELECT `p`.`Id`, `p`.`Created_At`, `p`.`Patient_Id`, `p`.`Report`, `p`.`Report_Date`, `p`.`Report_File`, `p`.`Status`, `p`.`Test_Name`, `p`.`Test_Price`, `p`.`Updated_At`
FROM `Patient_Tests` AS `p`
WHERE `p`.`Patient_Id` = @__p_0
2023-10-04 11:33:07.611 +05:30  INF  Executed DbCommand (1ms) [Parameters=[@__p_0='?' (DbType = Int64)], CommandType='"Text"', CommandTimeout='30']
SELECT `p`.`Id`, `p`.`Address_O`, `p`.`Address_Other`, `p`.`Address_R`, `p`.`City_O`, `p`.`City_Other`, `p`.`City_R`, `p`.`Country_O`, `p`.`Country_Other`, `p`.`Country_R`, `p`.`Created_At`, `p`.`Doctor_Name`, `p`.`Email`, `p`.`Email2`, `p`.`Medical_History_Allergies`, `p`.`Patient_Id`, `p`.`Phone`, `p`.`Phone1`, `p`.`Phone2`, `p`.`Phone3`, `p`.`Phone4`, `p`.`Physician`, `p`.`Reffered_By`, `p`.`Relationship_Type`, `p`.`Special_Notes`, `p`.`Updated_At`, `p`.`Zip_O`, `p`.`Zip_Other`, `p`.`Zip_R`
FROM `Patients_Contact` AS `p`
WHERE `p`.`Patient_Id` = @__p_0
2023-10-04 11:33:07.612 +05:30  INF  Executed DbCommand (0ms) [Parameters=[@__p_0='?' (DbType = Int64)], CommandType='"Text"', CommandTimeout='30']
SELECT `p`.`Id`, `p`.`Created_At`, `p`.`Patient_Id`, `p`.`Report`, `p`.`Report_File`, `p`.`Scan_Name`, `p`.`Status`, `p`.`Type`, `p`.`Updated_At`
FROM `Patient_Scans` AS `p`
WHERE `p`.`Patient_Id` = @__p_0
2023-10-04 11:33:07.614 +05:30  INF  Executed DbCommand (1ms) [Parameters=[], CommandType='"Text"', CommandTimeout='30']
SELECT `p`.`Id`, `p`.`Amount_Type`, `p`.`Balance`, `p`.`Created_At`, `p`.`Credit_Amount`, `p`.`Debit_Amount`, `p`.`Description`, `p`.`Doctor_Id`, `p`.`Patient_Id`, `p`.`Payment_Mode`, `p`.`Updated_At`, `p`.`Workdone_Id`
FROM `Payment_History` AS `p`
2023-10-04 11:33:07.619 +05:30  INF  Executed DbCommand (1ms) [Parameters=[@__p_0='?' (DbType = Int64)], CommandType='"Text"', CommandTimeout='30']
SELECT `p`.`Id`, `p`.`Amount`, `p`.`Balance_Amount`, `p`.`Balance_Spent`, `p`.`Created_At`, `p`.`Name`, `p`.`Patients_Id`, `p`.`Type`, `p`.`Updated_At`
FROM `Patients_Insurance_Loan` AS `p`
WHERE `p`.`Patients_Id` = @__p_0
2023-10-04 11:33:07.620 +05:30  INF  Executed DbCommand (0ms) [Parameters=[@__p_0='?' (DbType = Int64)], CommandType='"Text"', CommandTimeout='30']
SELECT `p`.`Id`, `p`.`Created_At`, `p`.`Patient_Id`, `p`.`Report`, `p`.`Report_Date`, `p`.`Report_File`, `p`.`Status`, `p`.`Test_Name`, `p`.`Test_Price`, `p`.`Updated_At`
FROM `Patient_Tests` AS `p`
WHERE `p`.`Patient_Id` = @__p_0
2023-10-04 11:33:07.622 +05:30  INF  Executed DbCommand (1ms) [Parameters=[@__p_0='?' (DbType = Int64)], CommandType='"Text"', CommandTimeout='30']
SELECT `p`.`Id`, `p`.`Address_O`, `p`.`Address_Other`, `p`.`Address_R`, `p`.`City_O`, `p`.`City_Other`, `p`.`City_R`, `p`.`Country_O`, `p`.`Country_Other`, `p`.`Country_R`, `p`.`Created_At`, `p`.`Doctor_Name`, `p`.`Email`, `p`.`Email2`, `p`.`Medical_History_Allergies`, `p`.`Patient_Id`, `p`.`Phone`, `p`.`Phone1`, `p`.`Phone2`, `p`.`Phone3`, `p`.`Phone4`, `p`.`Physician`, `p`.`Reffered_By`, `p`.`Relationship_Type`, `p`.`Special_Notes`, `p`.`Updated_At`, `p`.`Zip_O`, `p`.`Zip_Other`, `p`.`Zip_R`
FROM `Patients_Contact` AS `p`
WHERE `p`.`Patient_Id` = @__p_0
2023-10-04 11:33:07.624 +05:30  INF  Executed DbCommand (1ms) [Parameters=[@__p_0='?' (DbType = Int64)], CommandType='"Text"', CommandTimeout='30']
SELECT `p`.`Id`, `p`.`Created_At`, `p`.`Patient_Id`, `p`.`Report`, `p`.`Report_File`, `p`.`Scan_Name`, `p`.`Status`, `p`.`Type`, `p`.`Updated_At`
FROM `Patient_Scans` AS `p`
WHERE `p`.`Patient_Id` = @__p_0
2023-10-04 11:33:07.625 +05:30  INF  Executed DbCommand (1ms) [Parameters=[], CommandType='"Text"', CommandTimeout='30']
SELECT `p`.`Id`, `p`.`Amount_Type`, `p`.`Balance`, `p`.`Created_At`, `p`.`Credit_Amount`, `p`.`Debit_Amount`, `p`.`Description`, `p`.`Doctor_Id`, `p`.`Patient_Id`, `p`.`Payment_Mode`, `p`.`Updated_At`, `p`.`Workdone_Id`
FROM `Payment_History` AS `p`
2023-10-04 11:33:07.631 +05:30  INF  Executed DbCommand (1ms) [Parameters=[@__p_0='?' (DbType = Int64)], CommandType='"Text"', CommandTimeout='30']
SELECT `p`.`Id`, `p`.`Amount`, `p`.`Balance_Amount`, `p`.`Balance_Spent`, `p`.`Created_At`, `p`.`Name`, `p`.`Patients_Id`, `p`.`Type`, `p`.`Updated_At`
FROM `Patients_Insurance_Loan` AS `p`
WHERE `p`.`Patients_Id` = @__p_0
2023-10-04 11:33:07.632 +05:30  INF  Executed DbCommand (0ms) [Parameters=[@__p_0='?' (DbType = Int64)], CommandType='"Text"', CommandTimeout='30']
SELECT `p`.`Id`, `p`.`Created_At`, `p`.`Patient_Id`, `p`.`Report`, `p`.`Report_Date`, `p`.`Report_File`, `p`.`Status`, `p`.`Test_Name`, `p`.`Test_Price`, `p`.`Updated_At`
FROM `Patient_Tests` AS `p`
WHERE `p`.`Patient_Id` = @__p_0
2023-10-04 11:33:07.634 +05:30  INF  Executed DbCommand (1ms) [Parameters=[@__p_0='?' (DbType = Int64)], CommandType='"Text"', CommandTimeout='30']
SELECT `p`.`Id`, `p`.`Address_O`, `p`.`Address_Other`, `p`.`Address_R`, `p`.`City_O`, `p`.`City_Other`, `p`.`City_R`, `p`.`Country_O`, `p`.`Country_Other`, `p`.`Country_R`, `p`.`Created_At`, `p`.`Doctor_Name`, `p`.`Email`, `p`.`Email2`, `p`.`Medical_History_Allergies`, `p`.`Patient_Id`, `p`.`Phone`, `p`.`Phone1`, `p`.`Phone2`, `p`.`Phone3`, `p`.`Phone4`, `p`.`Physician`, `p`.`Reffered_By`, `p`.`Relationship_Type`, `p`.`Special_Notes`, `p`.`Updated_At`, `p`.`Zip_O`, `p`.`Zip_Other`, `p`.`Zip_R`
FROM `Patients_Contact` AS `p`
WHERE `p`.`Patient_Id` = @__p_0
2023-10-04 11:33:07.635 +05:30  INF  Executed DbCommand (0ms) [Parameters=[@__p_0='?' (DbType = Int64)], CommandType='"Text"', CommandTimeout='30']
SELECT `p`.`Id`, `p`.`Created_At`, `p`.`Patient_Id`, `p`.`Report`, `p`.`Report_File`, `p`.`Scan_Name`, `p`.`Status`, `p`.`Type`, `p`.`Updated_At`
FROM `Patient_Scans` AS `p`
WHERE `p`.`Patient_Id` = @__p_0
2023-10-04 11:33:07.637 +05:30  INF  Executed DbCommand (1ms) [Parameters=[], CommandType='"Text"', CommandTimeout='30']
SELECT `p`.`Id`, `p`.`Amount_Type`, `p`.`Balance`, `p`.`Created_At`, `p`.`Credit_Amount`, `p`.`Debit_Amount`, `p`.`Description`, `p`.`Doctor_Id`, `p`.`Patient_Id`, `p`.`Payment_Mode`, `p`.`Updated_At`, `p`.`Workdone_Id`
FROM `Payment_History` AS `p`
2023-10-04 11:33:07.642 +05:30  INF  Executed DbCommand (1ms) [Parameters=[@__p_0='?' (DbType = Int64)], CommandType='"Text"', CommandTimeout='30']
SELECT `p`.`Id`, `p`.`Amount`, `p`.`Balance_Amount`, `p`.`Balance_Spent`, `p`.`Created_At`, `p`.`Name`, `p`.`Patients_Id`, `p`.`Type`, `p`.`Updated_At`
FROM `Patients_Insurance_Loan` AS `p`
WHERE `p`.`Patients_Id` = @__p_0
2023-10-04 11:33:07.644 +05:30  INF  Executed DbCommand (0ms) [Parameters=[@__p_0='?' (DbType = Int64)], CommandType='"Text"', CommandTimeout='30']
SELECT `p`.`Id`, `p`.`Created_At`, `p`.`Patient_Id`, `p`.`Report`, `p`.`Report_Date`, `p`.`Report_File`, `p`.`Status`, `p`.`Test_Name`, `p`.`Test_Price`, `p`.`Updated_At`
FROM `Patient_Tests` AS `p`
WHERE `p`.`Patient_Id` = @__p_0
2023-10-04 11:33:07.646 +05:30  INF  Executed DbCommand (1ms) [Parameters=[@__p_0='?' (DbType = Int64)], CommandType='"Text"', CommandTimeout='30']
SELECT `p`.`Id`, `p`.`Address_O`, `p`.`Address_Other`, `p`.`Address_R`, `p`.`City_O`, `p`.`City_Other`, `p`.`City_R`, `p`.`Country_O`, `p`.`Country_Other`, `p`.`Country_R`, `p`.`Created_At`, `p`.`Doctor_Name`, `p`.`Email`, `p`.`Email2`, `p`.`Medical_History_Allergies`, `p`.`Patient_Id`, `p`.`Phone`, `p`.`Phone1`, `p`.`Phone2`, `p`.`Phone3`, `p`.`Phone4`, `p`.`Physician`, `p`.`Reffered_By`, `p`.`Relationship_Type`, `p`.`Special_Notes`, `p`.`Updated_At`, `p`.`Zip_O`, `p`.`Zip_Other`, `p`.`Zip_R`
FROM `Patients_Contact` AS `p`
WHERE `p`.`Patient_Id` = @__p_0
2023-10-04 11:33:07.647 +05:30  INF  Executed DbCommand (0ms) [Parameters=[@__p_0='?' (DbType = Int64)], CommandType='"Text"', CommandTimeout='30']
SELECT `p`.`Id`, `p`.`Created_At`, `p`.`Patient_Id`, `p`.`Report`, `p`.`Report_File`, `p`.`Scan_Name`, `p`.`Status`, `p`.`Type`, `p`.`Updated_At`
FROM `Patient_Scans` AS `p`
WHERE `p`.`Patient_Id` = @__p_0
2023-10-04 11:33:07.648 +05:30  INF  Executed DbCommand (1ms) [Parameters=[], CommandType='"Text"', CommandTimeout='30']
SELECT `p`.`Id`, `p`.`Amount_Type`, `p`.`Balance`, `p`.`Created_At`, `p`.`Credit_Amount`, `p`.`Debit_Amount`, `p`.`Description`, `p`.`Doctor_Id`, `p`.`Patient_Id`, `p`.`Payment_Mode`, `p`.`Updated_At`, `p`.`Workdone_Id`
FROM `Payment_History` AS `p`
2023-10-04 11:33:07.655 +05:30  INF  Executed DbCommand (1ms) [Parameters=[@__p_0='?' (DbType = Int64)], CommandType='"Text"', CommandTimeout='30']
SELECT `p`.`Id`, `p`.`Amount`, `p`.`Balance_Amount`, `p`.`Balance_Spent`, `p`.`Created_At`, `p`.`Name`, `p`.`Patients_Id`, `p`.`Type`, `p`.`Updated_At`
FROM `Patients_Insurance_Loan` AS `p`
WHERE `p`.`Patients_Id` = @__p_0
2023-10-04 11:33:07.657 +05:30  INF  Executed DbCommand (1ms) [Parameters=[@__p_0='?' (DbType = Int64)], CommandType='"Text"', CommandTimeout='30']
SELECT `p`.`Id`, `p`.`Created_At`, `p`.`Patient_Id`, `p`.`Report`, `p`.`Report_Date`, `p`.`Report_File`, `p`.`Status`, `p`.`Test_Name`, `p`.`Test_Price`, `p`.`Updated_At`
FROM `Patient_Tests` AS `p`
WHERE `p`.`Patient_Id` = @__p_0
2023-10-04 11:33:07.659 +05:30  INF  Executed DbCommand (1ms) [Parameters=[@__p_0='?' (DbType = Int64)], CommandType='"Text"', CommandTimeout='30']
SELECT `p`.`Id`, `p`.`Address_O`, `p`.`Address_Other`, `p`.`Address_R`, `p`.`City_O`, `p`.`City_Other`, `p`.`City_R`, `p`.`Country_O`, `p`.`Country_Other`, `p`.`Country_R`, `p`.`Created_At`, `p`.`Doctor_Name`, `p`.`Email`, `p`.`Email2`, `p`.`Medical_History_Allergies`, `p`.`Patient_Id`, `p`.`Phone`, `p`.`Phone1`, `p`.`Phone2`, `p`.`Phone3`, `p`.`Phone4`, `p`.`Physician`, `p`.`Reffered_By`, `p`.`Relationship_Type`, `p`.`Special_Notes`, `p`.`Updated_At`, `p`.`Zip_O`, `p`.`Zip_Other`, `p`.`Zip_R`
FROM `Patients_Contact` AS `p`
WHERE `p`.`Patient_Id` = @__p_0
2023-10-04 11:33:07.661 +05:30  INF  Executed DbCommand (0ms) [Parameters=[@__p_0='?' (DbType = Int64)], CommandType='"Text"', CommandTimeout='30']
SELECT `p`.`Id`, `p`.`Created_At`, `p`.`Patient_Id`, `p`.`Report`, `p`.`Report_File`, `p`.`Scan_Name`, `p`.`Status`, `p`.`Type`, `p`.`Updated_At`
FROM `Patient_Scans` AS `p`
WHERE `p`.`Patient_Id` = @__p_0
2023-10-04 11:33:07.662 +05:30  INF  Executed DbCommand (1ms) [Parameters=[], CommandType='"Text"', CommandTimeout='30']
SELECT `p`.`Id`, `p`.`Amount_Type`, `p`.`Balance`, `p`.`Created_At`, `p`.`Credit_Amount`, `p`.`Debit_Amount`, `p`.`Description`, `p`.`Doctor_Id`, `p`.`Patient_Id`, `p`.`Payment_Mode`, `p`.`Updated_At`, `p`.`Workdone_Id`
FROM `Payment_History` AS `p`
2023-10-04 11:33:07.667 +05:30  INF  Executed DbCommand (1ms) [Parameters=[@__p_0='?' (DbType = Int64)], CommandType='"Text"', CommandTimeout='30']
SELECT `p`.`Id`, `p`.`Amount`, `p`.`Balance_Amount`, `p`.`Balance_Spent`, `p`.`Created_At`, `p`.`Name`, `p`.`Patients_Id`, `p`.`Type`, `p`.`Updated_At`
FROM `Patients_Insurance_Loan` AS `p`
WHERE `p`.`Patients_Id` = @__p_0
2023-10-04 11:33:07.668 +05:30  INF  Executed DbCommand (0ms) [Parameters=[@__p_0='?' (DbType = Int64)], CommandType='"Text"', CommandTimeout='30']
SELECT `p`.`Id`, `p`.`Created_At`, `p`.`Patient_Id`, `p`.`Report`, `p`.`Report_Date`, `p`.`Report_File`, `p`.`Status`, `p`.`Test_Name`, `p`.`Test_Price`, `p`.`Updated_At`
FROM `Patient_Tests` AS `p`
WHERE `p`.`Patient_Id` = @__p_0
2023-10-04 11:33:07.670 +05:30  INF  Executed DbCommand (1ms) [Parameters=[@__p_0='?' (DbType = Int64)], CommandType='"Text"', CommandTimeout='30']
SELECT `p`.`Id`, `p`.`Address_O`, `p`.`Address_Other`, `p`.`Address_R`, `p`.`City_O`, `p`.`City_Other`, `p`.`City_R`, `p`.`Country_O`, `p`.`Country_Other`, `p`.`Country_R`, `p`.`Created_At`, `p`.`Doctor_Name`, `p`.`Email`, `p`.`Email2`, `p`.`Medical_History_Allergies`, `p`.`Patient_Id`, `p`.`Phone`, `p`.`Phone1`, `p`.`Phone2`, `p`.`Phone3`, `p`.`Phone4`, `p`.`Physician`, `p`.`Reffered_By`, `p`.`Relationship_Type`, `p`.`Special_Notes`, `p`.`Updated_At`, `p`.`Zip_O`, `p`.`Zip_Other`, `p`.`Zip_R`
FROM `Patients_Contact` AS `p`
WHERE `p`.`Patient_Id` = @__p_0
2023-10-04 11:33:07.671 +05:30  INF  Executed DbCommand (0ms) [Parameters=[@__p_0='?' (DbType = Int64)], CommandType='"Text"', CommandTimeout='30']
SELECT `p`.`Id`, `p`.`Created_At`, `p`.`Patient_Id`, `p`.`Report`, `p`.`Report_File`, `p`.`Scan_Name`, `p`.`Status`, `p`.`Type`, `p`.`Updated_At`
FROM `Patient_Scans` AS `p`
WHERE `p`.`Patient_Id` = @__p_0
2023-10-04 11:33:07.672 +05:30  INF  Executed DbCommand (1ms) [Parameters=[], CommandType='"Text"', CommandTimeout='30']
SELECT `p`.`Id`, `p`.`Amount_Type`, `p`.`Balance`, `p`.`Created_At`, `p`.`Credit_Amount`, `p`.`Debit_Amount`, `p`.`Description`, `p`.`Doctor_Id`, `p`.`Patient_Id`, `p`.`Payment_Mode`, `p`.`Updated_At`, `p`.`Workdone_Id`
FROM `Payment_History` AS `p`
2023-10-04 11:33:07.678 +05:30  INF  Executed DbCommand (1ms) [Parameters=[@__p_0='?' (DbType = Int64)], CommandType='"Text"', CommandTimeout='30']
SELECT `p`.`Id`, `p`.`Amount`, `p`.`Balance_Amount`, `p`.`Balance_Spent`, `p`.`Created_At`, `p`.`Name`, `p`.`Patients_Id`, `p`.`Type`, `p`.`Updated_At`
FROM `Patients_Insurance_Loan` AS `p`
WHERE `p`.`Patients_Id` = @__p_0
2023-10-04 11:33:07.680 +05:30  INF  Executed DbCommand (0ms) [Parameters=[@__p_0='?' (DbType = Int64)], CommandType='"Text"', CommandTimeout='30']
SELECT `p`.`Id`, `p`.`Created_At`, `p`.`Patient_Id`, `p`.`Report`, `p`.`Report_Date`, `p`.`Report_File`, `p`.`Status`, `p`.`Test_Name`, `p`.`Test_Price`, `p`.`Updated_At`
FROM `Patient_Tests` AS `p`
WHERE `p`.`Patient_Id` = @__p_0
2023-10-04 11:33:07.682 +05:30  INF  Executed DbCommand (1ms) [Parameters=[@__p_0='?' (DbType = Int64)], CommandType='"Text"', CommandTimeout='30']
SELECT `p`.`Id`, `p`.`Address_O`, `p`.`Address_Other`, `p`.`Address_R`, `p`.`City_O`, `p`.`City_Other`, `p`.`City_R`, `p`.`Country_O`, `p`.`Country_Other`, `p`.`Country_R`, `p`.`Created_At`, `p`.`Doctor_Name`, `p`.`Email`, `p`.`Email2`, `p`.`Medical_History_Allergies`, `p`.`Patient_Id`, `p`.`Phone`, `p`.`Phone1`, `p`.`Phone2`, `p`.`Phone3`, `p`.`Phone4`, `p`.`Physician`, `p`.`Reffered_By`, `p`.`Relationship_Type`, `p`.`Special_Notes`, `p`.`Updated_At`, `p`.`Zip_O`, `p`.`Zip_Other`, `p`.`Zip_R`
FROM `Patients_Contact` AS `p`
WHERE `p`.`Patient_Id` = @__p_0
2023-10-04 11:33:07.683 +05:30  INF  Executed DbCommand (0ms) [Parameters=[@__p_0='?' (DbType = Int64)], CommandType='"Text"', CommandTimeout='30']
SELECT `p`.`Id`, `p`.`Created_At`, `p`.`Patient_Id`, `p`.`Report`, `p`.`Report_File`, `p`.`Scan_Name`, `p`.`Status`, `p`.`Type`, `p`.`Updated_At`
FROM `Patient_Scans` AS `p`
WHERE `p`.`Patient_Id` = @__p_0
2023-10-04 11:33:07.684 +05:30  INF  Executed DbCommand (1ms) [Parameters=[], CommandType='"Text"', CommandTimeout='30']
SELECT `p`.`Id`, `p`.`Amount_Type`, `p`.`Balance`, `p`.`Created_At`, `p`.`Credit_Amount`, `p`.`Debit_Amount`, `p`.`Description`, `p`.`Doctor_Id`, `p`.`Patient_Id`, `p`.`Payment_Mode`, `p`.`Updated_At`, `p`.`Workdone_Id`
FROM `Payment_History` AS `p`
2023-10-04 11:33:07.689 +05:30  INF  Executed DbCommand (1ms) [Parameters=[@__p_0='?' (DbType = Int64)], CommandType='"Text"', CommandTimeout='30']
SELECT `p`.`Id`, `p`.`Amount`, `p`.`Balance_Amount`, `p`.`Balance_Spent`, `p`.`Created_At`, `p`.`Name`, `p`.`Patients_Id`, `p`.`Type`, `p`.`Updated_At`
FROM `Patients_Insurance_Loan` AS `p`
WHERE `p`.`Patients_Id` = @__p_0
2023-10-04 11:33:07.691 +05:30  INF  Executed DbCommand (1ms) [Parameters=[@__p_0='?' (DbType = Int64)], CommandType='"Text"', CommandTimeout='30']
SELECT `p`.`Id`, `p`.`Created_At`, `p`.`Patient_Id`, `p`.`Report`, `p`.`Report_Date`, `p`.`Report_File`, `p`.`Status`, `p`.`Test_Name`, `p`.`Test_Price`, `p`.`Updated_At`
FROM `Patient_Tests` AS `p`
WHERE `p`.`Patient_Id` = @__p_0
2023-10-04 11:33:07.693 +05:30  INF  Executed DbCommand (1ms) [Parameters=[@__p_0='?' (DbType = Int64)], CommandType='"Text"', CommandTimeout='30']
SELECT `p`.`Id`, `p`.`Address_O`, `p`.`Address_Other`, `p`.`Address_R`, `p`.`City_O`, `p`.`City_Other`, `p`.`City_R`, `p`.`Country_O`, `p`.`Country_Other`, `p`.`Country_R`, `p`.`Created_At`, `p`.`Doctor_Name`, `p`.`Email`, `p`.`Email2`, `p`.`Medical_History_Allergies`, `p`.`Patient_Id`, `p`.`Phone`, `p`.`Phone1`, `p`.`Phone2`, `p`.`Phone3`, `p`.`Phone4`, `p`.`Physician`, `p`.`Reffered_By`, `p`.`Relationship_Type`, `p`.`Special_Notes`, `p`.`Updated_At`, `p`.`Zip_O`, `p`.`Zip_Other`, `p`.`Zip_R`
FROM `Patients_Contact` AS `p`
WHERE `p`.`Patient_Id` = @__p_0
2023-10-04 11:33:07.695 +05:30  INF  Executed DbCommand (0ms) [Parameters=[@__p_0='?' (DbType = Int64)], CommandType='"Text"', CommandTimeout='30']
SELECT `p`.`Id`, `p`.`Created_At`, `p`.`Patient_Id`, `p`.`Report`, `p`.`Report_File`, `p`.`Scan_Name`, `p`.`Status`, `p`.`Type`, `p`.`Updated_At`
FROM `Patient_Scans` AS `p`
WHERE `p`.`Patient_Id` = @__p_0
2023-10-04 11:33:07.696 +05:30  INF  Executed DbCommand (1ms) [Parameters=[], CommandType='"Text"', CommandTimeout='30']
SELECT `p`.`Id`, `p`.`Amount_Type`, `p`.`Balance`, `p`.`Created_At`, `p`.`Credit_Amount`, `p`.`Debit_Amount`, `p`.`Description`, `p`.`Doctor_Id`, `p`.`Patient_Id`, `p`.`Payment_Mode`, `p`.`Updated_At`, `p`.`Workdone_Id`
FROM `Payment_History` AS `p`
2023-10-04 11:33:07.701 +05:30  INF  Executed DbCommand (1ms) [Parameters=[@__p_0='?' (DbType = Int64)], CommandType='"Text"', CommandTimeout='30']
SELECT `p`.`Id`, `p`.`Amount`, `p`.`Balance_Amount`, `p`.`Balance_Spent`, `p`.`Created_At`, `p`.`Name`, `p`.`Patients_Id`, `p`.`Type`, `p`.`Updated_At`
FROM `Patients_Insurance_Loan` AS `p`
WHERE `p`.`Patients_Id` = @__p_0
2023-10-04 11:33:07.702 +05:30  INF  Executed DbCommand (0ms) [Parameters=[@__p_0='?' (DbType = Int64)], CommandType='"Text"', CommandTimeout='30']
SELECT `p`.`Id`, `p`.`Created_At`, `p`.`Patient_Id`, `p`.`Report`, `p`.`Report_Date`, `p`.`Report_File`, `p`.`Status`, `p`.`Test_Name`, `p`.`Test_Price`, `p`.`Updated_At`
FROM `Patient_Tests` AS `p`
WHERE `p`.`Patient_Id` = @__p_0
2023-10-04 11:33:07.704 +05:30  INF  Executed DbCommand (1ms) [Parameters=[@__p_0='?' (DbType = Int64)], CommandType='"Text"', CommandTimeout='30']
SELECT `p`.`Id`, `p`.`Address_O`, `p`.`Address_Other`, `p`.`Address_R`, `p`.`City_O`, `p`.`City_Other`, `p`.`City_R`, `p`.`Country_O`, `p`.`Country_Other`, `p`.`Country_R`, `p`.`Created_At`, `p`.`Doctor_Name`, `p`.`Email`, `p`.`Email2`, `p`.`Medical_History_Allergies`, `p`.`Patient_Id`, `p`.`Phone`, `p`.`Phone1`, `p`.`Phone2`, `p`.`Phone3`, `p`.`Phone4`, `p`.`Physician`, `p`.`Reffered_By`, `p`.`Relationship_Type`, `p`.`Special_Notes`, `p`.`Updated_At`, `p`.`Zip_O`, `p`.`Zip_Other`, `p`.`Zip_R`
FROM `Patients_Contact` AS `p`
WHERE `p`.`Patient_Id` = @__p_0
2023-10-04 11:33:07.706 +05:30  INF  Executed DbCommand (0ms) [Parameters=[@__p_0='?' (DbType = Int64)], CommandType='"Text"', CommandTimeout='30']
SELECT `p`.`Id`, `p`.`Created_At`, `p`.`Patient_Id`, `p`.`Report`, `p`.`Report_File`, `p`.`Scan_Name`, `p`.`Status`, `p`.`Type`, `p`.`Updated_At`
FROM `Patient_Scans` AS `p`
WHERE `p`.`Patient_Id` = @__p_0
2023-10-04 11:33:07.707 +05:30  INF  Executed DbCommand (1ms) [Parameters=[], CommandType='"Text"', CommandTimeout='30']
SELECT `p`.`Id`, `p`.`Amount_Type`, `p`.`Balance`, `p`.`Created_At`, `p`.`Credit_Amount`, `p`.`Debit_Amount`, `p`.`Description`, `p`.`Doctor_Id`, `p`.`Patient_Id`, `p`.`Payment_Mode`, `p`.`Updated_At`, `p`.`Workdone_Id`
FROM `Payment_History` AS `p`
2023-10-04 11:33:07.712 +05:30  INF  Executed DbCommand (1ms) [Parameters=[@__p_0='?' (DbType = Int64)], CommandType='"Text"', CommandTimeout='30']
SELECT `p`.`Id`, `p`.`Amount`, `p`.`Balance_Amount`, `p`.`Balance_Spent`, `p`.`Created_At`, `p`.`Name`, `p`.`Patients_Id`, `p`.`Type`, `p`.`Updated_At`
FROM `Patients_Insurance_Loan` AS `p`
WHERE `p`.`Patients_Id` = @__p_0
2023-10-04 11:33:07.714 +05:30  INF  Executed DbCommand (0ms) [Parameters=[@__p_0='?' (DbType = Int64)], CommandType='"Text"', CommandTimeout='30']
SELECT `p`.`Id`, `p`.`Created_At`, `p`.`Patient_Id`, `p`.`Report`, `p`.`Report_Date`, `p`.`Report_File`, `p`.`Status`, `p`.`Test_Name`, `p`.`Test_Price`, `p`.`Updated_At`
FROM `Patient_Tests` AS `p`
WHERE `p`.`Patient_Id` = @__p_0
2023-10-04 11:33:07.715 +05:30  INF  Executed DbCommand (1ms) [Parameters=[@__p_0='?' (DbType = Int64)], CommandType='"Text"', CommandTimeout='30']
SELECT `p`.`Id`, `p`.`Address_O`, `p`.`Address_Other`, `p`.`Address_R`, `p`.`City_O`, `p`.`City_Other`, `p`.`City_R`, `p`.`Country_O`, `p`.`Country_Other`, `p`.`Country_R`, `p`.`Created_At`, `p`.`Doctor_Name`, `p`.`Email`, `p`.`Email2`, `p`.`Medical_History_Allergies`, `p`.`Patient_Id`, `p`.`Phone`, `p`.`Phone1`, `p`.`Phone2`, `p`.`Phone3`, `p`.`Phone4`, `p`.`Physician`, `p`.`Reffered_By`, `p`.`Relationship_Type`, `p`.`Special_Notes`, `p`.`Updated_At`, `p`.`Zip_O`, `p`.`Zip_Other`, `p`.`Zip_R`
FROM `Patients_Contact` AS `p`
WHERE `p`.`Patient_Id` = @__p_0
2023-10-04 11:33:07.717 +05:30  INF  Executed DbCommand (0ms) [Parameters=[@__p_0='?' (DbType = Int64)], CommandType='"Text"', CommandTimeout='30']
SELECT `p`.`Id`, `p`.`Created_At`, `p`.`Patient_Id`, `p`.`Report`, `p`.`Report_File`, `p`.`Scan_Name`, `p`.`Status`, `p`.`Type`, `p`.`Updated_At`
FROM `Patient_Scans` AS `p`
WHERE `p`.`Patient_Id` = @__p_0
2023-10-04 11:33:07.718 +05:30  INF  Executed DbCommand (1ms) [Parameters=[], CommandType='"Text"', CommandTimeout='30']
SELECT `p`.`Id`, `p`.`Amount_Type`, `p`.`Balance`, `p`.`Created_At`, `p`.`Credit_Amount`, `p`.`Debit_Amount`, `p`.`Description`, `p`.`Doctor_Id`, `p`.`Patient_Id`, `p`.`Payment_Mode`, `p`.`Updated_At`, `p`.`Workdone_Id`
FROM `Payment_History` AS `p`
2023-10-04 11:33:07.723 +05:30  INF  Executed DbCommand (1ms) [Parameters=[@__p_0='?' (DbType = Int64)], CommandType='"Text"', CommandTimeout='30']
SELECT `p`.`Id`, `p`.`Amount`, `p`.`Balance_Amount`, `p`.`Balance_Spent`, `p`.`Created_At`, `p`.`Name`, `p`.`Patients_Id`, `p`.`Type`, `p`.`Updated_At`
FROM `Patients_Insurance_Loan` AS `p`
WHERE `p`.`Patients_Id` = @__p_0
2023-10-04 11:33:07.724 +05:30  INF  Executed DbCommand (1ms) [Parameters=[@__p_0='?' (DbType = Int64)], CommandType='"Text"', CommandTimeout='30']
SELECT `p`.`Id`, `p`.`Created_At`, `p`.`Patient_Id`, `p`.`Report`, `p`.`Report_Date`, `p`.`Report_File`, `p`.`Status`, `p`.`Test_Name`, `p`.`Test_Price`, `p`.`Updated_At`
FROM `Patient_Tests` AS `p`
WHERE `p`.`Patient_Id` = @__p_0
2023-10-04 11:33:07.727 +05:30  INF  Executed DbCommand (1ms) [Parameters=[@__p_0='?' (DbType = Int64)], CommandType='"Text"', CommandTimeout='30']
SELECT `p`.`Id`, `p`.`Address_O`, `p`.`Address_Other`, `p`.`Address_R`, `p`.`City_O`, `p`.`City_Other`, `p`.`City_R`, `p`.`Country_O`, `p`.`Country_Other`, `p`.`Country_R`, `p`.`Created_At`, `p`.`Doctor_Name`, `p`.`Email`, `p`.`Email2`, `p`.`Medical_History_Allergies`, `p`.`Patient_Id`, `p`.`Phone`, `p`.`Phone1`, `p`.`Phone2`, `p`.`Phone3`, `p`.`Phone4`, `p`.`Physician`, `p`.`Reffered_By`, `p`.`Relationship_Type`, `p`.`Special_Notes`, `p`.`Updated_At`, `p`.`Zip_O`, `p`.`Zip_Other`, `p`.`Zip_R`
FROM `Patients_Contact` AS `p`
WHERE `p`.`Patient_Id` = @__p_0
2023-10-04 11:33:07.728 +05:30  INF  Executed DbCommand (0ms) [Parameters=[@__p_0='?' (DbType = Int64)], CommandType='"Text"', CommandTimeout='30']
SELECT `p`.`Id`, `p`.`Created_At`, `p`.`Patient_Id`, `p`.`Report`, `p`.`Report_File`, `p`.`Scan_Name`, `p`.`Status`, `p`.`Type`, `p`.`Updated_At`
FROM `Patient_Scans` AS `p`
WHERE `p`.`Patient_Id` = @__p_0
2023-10-04 11:33:07.729 +05:30  INF  Executed DbCommand (1ms) [Parameters=[], CommandType='"Text"', CommandTimeout='30']
SELECT `p`.`Id`, `p`.`Amount_Type`, `p`.`Balance`, `p`.`Created_At`, `p`.`Credit_Amount`, `p`.`Debit_Amount`, `p`.`Description`, `p`.`Doctor_Id`, `p`.`Patient_Id`, `p`.`Payment_Mode`, `p`.`Updated_At`, `p`.`Workdone_Id`
FROM `Payment_History` AS `p`
2023-10-04 11:33:07.734 +05:30  INF  Executed DbCommand (1ms) [Parameters=[@__p_0='?' (DbType = Int64)], CommandType='"Text"', CommandTimeout='30']
SELECT `p`.`Id`, `p`.`Amount`, `p`.`Balance_Amount`, `p`.`Balance_Spent`, `p`.`Created_At`, `p`.`Name`, `p`.`Patients_Id`, `p`.`Type`, `p`.`Updated_At`
FROM `Patients_Insurance_Loan` AS `p`
WHERE `p`.`Patients_Id` = @__p_0
2023-10-04 11:33:07.735 +05:30  INF  Executed DbCommand (0ms) [Parameters=[@__p_0='?' (DbType = Int64)], CommandType='"Text"', CommandTimeout='30']
SELECT `p`.`Id`, `p`.`Created_At`, `p`.`Patient_Id`, `p`.`Report`, `p`.`Report_Date`, `p`.`Report_File`, `p`.`Status`, `p`.`Test_Name`, `p`.`Test_Price`, `p`.`Updated_At`
FROM `Patient_Tests` AS `p`
WHERE `p`.`Patient_Id` = @__p_0
2023-10-04 11:33:07.737 +05:30  INF  Executed DbCommand (1ms) [Parameters=[@__p_0='?' (DbType = Int64)], CommandType='"Text"', CommandTimeout='30']
SELECT `p`.`Id`, `p`.`Address_O`, `p`.`Address_Other`, `p`.`Address_R`, `p`.`City_O`, `p`.`City_Other`, `p`.`City_R`, `p`.`Country_O`, `p`.`Country_Other`, `p`.`Country_R`, `p`.`Created_At`, `p`.`Doctor_Name`, `p`.`Email`, `p`.`Email2`, `p`.`Medical_History_Allergies`, `p`.`Patient_Id`, `p`.`Phone`, `p`.`Phone1`, `p`.`Phone2`, `p`.`Phone3`, `p`.`Phone4`, `p`.`Physician`, `p`.`Reffered_By`, `p`.`Relationship_Type`, `p`.`Special_Notes`, `p`.`Updated_At`, `p`.`Zip_O`, `p`.`Zip_Other`, `p`.`Zip_R`
FROM `Patients_Contact` AS `p`
WHERE `p`.`Patient_Id` = @__p_0
2023-10-04 11:33:07.738 +05:30  INF  Executed DbCommand (0ms) [Parameters=[@__p_0='?' (DbType = Int64)], CommandType='"Text"', CommandTimeout='30']
SELECT `p`.`Id`, `p`.`Created_At`, `p`.`Patient_Id`, `p`.`Report`, `p`.`Report_File`, `p`.`Scan_Name`, `p`.`Status`, `p`.`Type`, `p`.`Updated_At`
FROM `Patient_Scans` AS `p`
WHERE `p`.`Patient_Id` = @__p_0
2023-10-04 11:33:07.739 +05:30  INF  Executed DbCommand (1ms) [Parameters=[], CommandType='"Text"', CommandTimeout='30']
SELECT `p`.`Id`, `p`.`Amount_Type`, `p`.`Balance`, `p`.`Created_At`, `p`.`Credit_Amount`, `p`.`Debit_Amount`, `p`.`Description`, `p`.`Doctor_Id`, `p`.`Patient_Id`, `p`.`Payment_Mode`, `p`.`Updated_At`, `p`.`Workdone_Id`
FROM `Payment_History` AS `p`
2023-10-04 11:33:07.746 +05:30  INF  Executed DbCommand (1ms) [Parameters=[@__p_0='?' (DbType = Int64)], CommandType='"Text"', CommandTimeout='30']
SELECT `p`.`Id`, `p`.`Amount`, `p`.`Balance_Amount`, `p`.`Balance_Spent`, `p`.`Created_At`, `p`.`Name`, `p`.`Patients_Id`, `p`.`Type`, `p`.`Updated_At`
FROM `Patients_Insurance_Loan` AS `p`
WHERE `p`.`Patients_Id` = @__p_0
2023-10-04 11:33:07.747 +05:30  INF  Executed DbCommand (0ms) [Parameters=[@__p_0='?' (DbType = Int64)], CommandType='"Text"', CommandTimeout='30']
SELECT `p`.`Id`, `p`.`Created_At`, `p`.`Patient_Id`, `p`.`Report`, `p`.`Report_Date`, `p`.`Report_File`, `p`.`Status`, `p`.`Test_Name`, `p`.`Test_Price`, `p`.`Updated_At`
FROM `Patient_Tests` AS `p`
WHERE `p`.`Patient_Id` = @__p_0
2023-10-04 11:33:07.749 +05:30  INF  Executed DbCommand (1ms) [Parameters=[@__p_0='?' (DbType = Int64)], CommandType='"Text"', CommandTimeout='30']
SELECT `p`.`Id`, `p`.`Address_O`, `p`.`Address_Other`, `p`.`Address_R`, `p`.`City_O`, `p`.`City_Other`, `p`.`City_R`, `p`.`Country_O`, `p`.`Country_Other`, `p`.`Country_R`, `p`.`Created_At`, `p`.`Doctor_Name`, `p`.`Email`, `p`.`Email2`, `p`.`Medical_History_Allergies`, `p`.`Patient_Id`, `p`.`Phone`, `p`.`Phone1`, `p`.`Phone2`, `p`.`Phone3`, `p`.`Phone4`, `p`.`Physician`, `p`.`Reffered_By`, `p`.`Relationship_Type`, `p`.`Special_Notes`, `p`.`Updated_At`, `p`.`Zip_O`, `p`.`Zip_Other`, `p`.`Zip_R`
FROM `Patients_Contact` AS `p`
WHERE `p`.`Patient_Id` = @__p_0
2023-10-04 11:33:07.751 +05:30  INF  Executed DbCommand (0ms) [Parameters=[@__p_0='?' (DbType = Int64)], CommandType='"Text"', CommandTimeout='30']
SELECT `p`.`Id`, `p`.`Created_At`, `p`.`Patient_Id`, `p`.`Report`, `p`.`Report_File`, `p`.`Scan_Name`, `p`.`Status`, `p`.`Type`, `p`.`Updated_At`
FROM `Patient_Scans` AS `p`
WHERE `p`.`Patient_Id` = @__p_0
2023-10-04 11:33:07.752 +05:30  INF  Executed DbCommand (1ms) [Parameters=[], CommandType='"Text"', CommandTimeout='30']
SELECT `p`.`Id`, `p`.`Amount_Type`, `p`.`Balance`, `p`.`Created_At`, `p`.`Credit_Amount`, `p`.`Debit_Amount`, `p`.`Description`, `p`.`Doctor_Id`, `p`.`Patient_Id`, `p`.`Payment_Mode`, `p`.`Updated_At`, `p`.`Workdone_Id`
FROM `Payment_History` AS `p`
2023-10-04 11:33:07.757 +05:30  INF  Executed DbCommand (1ms) [Parameters=[@__p_0='?' (DbType = Int64)], CommandType='"Text"', CommandTimeout='30']
SELECT `p`.`Id`, `p`.`Amount`, `p`.`Balance_Amount`, `p`.`Balance_Spent`, `p`.`Created_At`, `p`.`Name`, `p`.`Patients_Id`, `p`.`Type`, `p`.`Updated_At`
FROM `Patients_Insurance_Loan` AS `p`
WHERE `p`.`Patients_Id` = @__p_0
2023-10-04 11:33:07.759 +05:30  INF  Executed DbCommand (1ms) [Parameters=[@__p_0='?' (DbType = Int64)], CommandType='"Text"', CommandTimeout='30']
SELECT `p`.`Id`, `p`.`Created_At`, `p`.`Patient_Id`, `p`.`Report`, `p`.`Report_Date`, `p`.`Report_File`, `p`.`Status`, `p`.`Test_Name`, `p`.`Test_Price`, `p`.`Updated_At`
FROM `Patient_Tests` AS `p`
WHERE `p`.`Patient_Id` = @__p_0
2023-10-04 11:33:07.761 +05:30  INF  Executed DbCommand (1ms) [Parameters=[@__p_0='?' (DbType = Int64)], CommandType='"Text"', CommandTimeout='30']
SELECT `p`.`Id`, `p`.`Address_O`, `p`.`Address_Other`, `p`.`Address_R`, `p`.`City_O`, `p`.`City_Other`, `p`.`City_R`, `p`.`Country_O`, `p`.`Country_Other`, `p`.`Country_R`, `p`.`Created_At`, `p`.`Doctor_Name`, `p`.`Email`, `p`.`Email2`, `p`.`Medical_History_Allergies`, `p`.`Patient_Id`, `p`.`Phone`, `p`.`Phone1`, `p`.`Phone2`, `p`.`Phone3`, `p`.`Phone4`, `p`.`Physician`, `p`.`Reffered_By`, `p`.`Relationship_Type`, `p`.`Special_Notes`, `p`.`Updated_At`, `p`.`Zip_O`, `p`.`Zip_Other`, `p`.`Zip_R`
FROM `Patients_Contact` AS `p`
WHERE `p`.`Patient_Id` = @__p_0
2023-10-04 11:33:07.763 +05:30  INF  Executed DbCommand (0ms) [Parameters=[@__p_0='?' (DbType = Int64)], CommandType='"Text"', CommandTimeout='30']
SELECT `p`.`Id`, `p`.`Created_At`, `p`.`Patient_Id`, `p`.`Report`, `p`.`Report_File`, `p`.`Scan_Name`, `p`.`Status`, `p`.`Type`, `p`.`Updated_At`
FROM `Patient_Scans` AS `p`
WHERE `p`.`Patient_Id` = @__p_0
2023-10-04 11:33:07.764 +05:30  INF  Executed DbCommand (1ms) [Parameters=[], CommandType='"Text"', CommandTimeout='30']
SELECT `p`.`Id`, `p`.`Amount_Type`, `p`.`Balance`, `p`.`Created_At`, `p`.`Credit_Amount`, `p`.`Debit_Amount`, `p`.`Description`, `p`.`Doctor_Id`, `p`.`Patient_Id`, `p`.`Payment_Mode`, `p`.`Updated_At`, `p`.`Workdone_Id`
FROM `Payment_History` AS `p`
2023-10-04 11:33:07.769 +05:30  INF  Executed DbCommand (1ms) [Parameters=[@__p_0='?' (DbType = Int64)], CommandType='"Text"', CommandTimeout='30']
SELECT `p`.`Id`, `p`.`Amount`, `p`.`Balance_Amount`, `p`.`Balance_Spent`, `p`.`Created_At`, `p`.`Name`, `p`.`Patients_Id`, `p`.`Type`, `p`.`Updated_At`
FROM `Patients_Insurance_Loan` AS `p`
WHERE `p`.`Patients_Id` = @__p_0
2023-10-04 11:33:07.770 +05:30  INF  Executed DbCommand (0ms) [Parameters=[@__p_0='?' (DbType = Int64)], CommandType='"Text"', CommandTimeout='30']
SELECT `p`.`Id`, `p`.`Created_At`, `p`.`Patient_Id`, `p`.`Report`, `p`.`Report_Date`, `p`.`Report_File`, `p`.`Status`, `p`.`Test_Name`, `p`.`Test_Price`, `p`.`Updated_At`
FROM `Patient_Tests` AS `p`
WHERE `p`.`Patient_Id` = @__p_0
2023-10-04 11:33:07.772 +05:30  INF  Executed DbCommand (1ms) [Parameters=[@__p_0='?' (DbType = Int64)], CommandType='"Text"', CommandTimeout='30']
SELECT `p`.`Id`, `p`.`Address_O`, `p`.`Address_Other`, `p`.`Address_R`, `p`.`City_O`, `p`.`City_Other`, `p`.`City_R`, `p`.`Country_O`, `p`.`Country_Other`, `p`.`Country_R`, `p`.`Created_At`, `p`.`Doctor_Name`, `p`.`Email`, `p`.`Email2`, `p`.`Medical_History_Allergies`, `p`.`Patient_Id`, `p`.`Phone`, `p`.`Phone1`, `p`.`Phone2`, `p`.`Phone3`, `p`.`Phone4`, `p`.`Physician`, `p`.`Reffered_By`, `p`.`Relationship_Type`, `p`.`Special_Notes`, `p`.`Updated_At`, `p`.`Zip_O`, `p`.`Zip_Other`, `p`.`Zip_R`
FROM `Patients_Contact` AS `p`
WHERE `p`.`Patient_Id` = @__p_0
2023-10-04 11:33:07.773 +05:30  INF  Executed DbCommand (0ms) [Parameters=[@__p_0='?' (DbType = Int64)], CommandType='"Text"', CommandTimeout='30']
SELECT `p`.`Id`, `p`.`Created_At`, `p`.`Patient_Id`, `p`.`Report`, `p`.`Report_File`, `p`.`Scan_Name`, `p`.`Status`, `p`.`Type`, `p`.`Updated_At`
FROM `Patient_Scans` AS `p`
WHERE `p`.`Patient_Id` = @__p_0
2023-10-04 11:33:07.775 +05:30  INF  Executed DbCommand (1ms) [Parameters=[], CommandType='"Text"', CommandTimeout='30']
SELECT `p`.`Id`, `p`.`Amount_Type`, `p`.`Balance`, `p`.`Created_At`, `p`.`Credit_Amount`, `p`.`Debit_Amount`, `p`.`Description`, `p`.`Doctor_Id`, `p`.`Patient_Id`, `p`.`Payment_Mode`, `p`.`Updated_At`, `p`.`Workdone_Id`
FROM `Payment_History` AS `p`
2023-10-04 11:33:07.780 +05:30  INF  Executed DbCommand (1ms) [Parameters=[@__p_0='?' (DbType = Int64)], CommandType='"Text"', CommandTimeout='30']
SELECT `p`.`Id`, `p`.`Amount`, `p`.`Balance_Amount`, `p`.`Balance_Spent`, `p`.`Created_At`, `p`.`Name`, `p`.`Patients_Id`, `p`.`Type`, `p`.`Updated_At`
FROM `Patients_Insurance_Loan` AS `p`
WHERE `p`.`Patients_Id` = @__p_0
2023-10-04 11:33:07.781 +05:30  INF  Executed DbCommand (0ms) [Parameters=[@__p_0='?' (DbType = Int64)], CommandType='"Text"', CommandTimeout='30']
SELECT `p`.`Id`, `p`.`Created_At`, `p`.`Patient_Id`, `p`.`Report`, `p`.`Report_Date`, `p`.`Report_File`, `p`.`Status`, `p`.`Test_Name`, `p`.`Test_Price`, `p`.`Updated_At`
FROM `Patient_Tests` AS `p`
WHERE `p`.`Patient_Id` = @__p_0
2023-10-04 11:33:07.783 +05:30  INF  Executed DbCommand (1ms) [Parameters=[@__p_0='?' (DbType = Int64)], CommandType='"Text"', CommandTimeout='30']
SELECT `p`.`Id`, `p`.`Address_O`, `p`.`Address_Other`, `p`.`Address_R`, `p`.`City_O`, `p`.`City_Other`, `p`.`City_R`, `p`.`Country_O`, `p`.`Country_Other`, `p`.`Country_R`, `p`.`Created_At`, `p`.`Doctor_Name`, `p`.`Email`, `p`.`Email2`, `p`.`Medical_History_Allergies`, `p`.`Patient_Id`, `p`.`Phone`, `p`.`Phone1`, `p`.`Phone2`, `p`.`Phone3`, `p`.`Phone4`, `p`.`Physician`, `p`.`Reffered_By`, `p`.`Relationship_Type`, `p`.`Special_Notes`, `p`.`Updated_At`, `p`.`Zip_O`, `p`.`Zip_Other`, `p`.`Zip_R`
FROM `Patients_Contact` AS `p`
WHERE `p`.`Patient_Id` = @__p_0
2023-10-04 11:33:07.784 +05:30  INF  Executed DbCommand (0ms) [Parameters=[@__p_0='?' (DbType = Int64)], CommandType='"Text"', CommandTimeout='30']
SELECT `p`.`Id`, `p`.`Created_At`, `p`.`Patient_Id`, `p`.`Report`, `p`.`Report_File`, `p`.`Scan_Name`, `p`.`Status`, `p`.`Type`, `p`.`Updated_At`
FROM `Patient_Scans` AS `p`
WHERE `p`.`Patient_Id` = @__p_0
2023-10-04 11:33:07.785 +05:30  INF  Executed DbCommand (1ms) [Parameters=[], CommandType='"Text"', CommandTimeout='30']
SELECT `p`.`Id`, `p`.`Amount_Type`, `p`.`Balance`, `p`.`Created_At`, `p`.`Credit_Amount`, `p`.`Debit_Amount`, `p`.`Description`, `p`.`Doctor_Id`, `p`.`Patient_Id`, `p`.`Payment_Mode`, `p`.`Updated_At`, `p`.`Workdone_Id`
FROM `Payment_History` AS `p`
2023-10-04 11:33:07.791 +05:30  INF  Executed DbCommand (1ms) [Parameters=[@__p_0='?' (DbType = Int64)], CommandType='"Text"', CommandTimeout='30']
SELECT `p`.`Id`, `p`.`Amount`, `p`.`Balance_Amount`, `p`.`Balance_Spent`, `p`.`Created_At`, `p`.`Name`, `p`.`Patients_Id`, `p`.`Type`, `p`.`Updated_At`
FROM `Patients_Insurance_Loan` AS `p`
WHERE `p`.`Patients_Id` = @__p_0
2023-10-04 11:33:07.793 +05:30  INF  Executed DbCommand (0ms) [Parameters=[@__p_0='?' (DbType = Int64)], CommandType='"Text"', CommandTimeout='30']
SELECT `p`.`Id`, `p`.`Created_At`, `p`.`Patient_Id`, `p`.`Report`, `p`.`Report_Date`, `p`.`Report_File`, `p`.`Status`, `p`.`Test_Name`, `p`.`Test_Price`, `p`.`Updated_At`
FROM `Patient_Tests` AS `p`
WHERE `p`.`Patient_Id` = @__p_0
2023-10-04 11:33:07.795 +05:30  INF  Executed DbCommand (1ms) [Parameters=[@__p_0='?' (DbType = Int64)], CommandType='"Text"', CommandTimeout='30']
SELECT `p`.`Id`, `p`.`Address_O`, `p`.`Address_Other`, `p`.`Address_R`, `p`.`City_O`, `p`.`City_Other`, `p`.`City_R`, `p`.`Country_O`, `p`.`Country_Other`, `p`.`Country_R`, `p`.`Created_At`, `p`.`Doctor_Name`, `p`.`Email`, `p`.`Email2`, `p`.`Medical_History_Allergies`, `p`.`Patient_Id`, `p`.`Phone`, `p`.`Phone1`, `p`.`Phone2`, `p`.`Phone3`, `p`.`Phone4`, `p`.`Physician`, `p`.`Reffered_By`, `p`.`Relationship_Type`, `p`.`Special_Notes`, `p`.`Updated_At`, `p`.`Zip_O`, `p`.`Zip_Other`, `p`.`Zip_R`
FROM `Patients_Contact` AS `p`
WHERE `p`.`Patient_Id` = @__p_0
2023-10-04 11:33:07.796 +05:30  INF  Executed DbCommand (0ms) [Parameters=[@__p_0='?' (DbType = Int64)], CommandType='"Text"', CommandTimeout='30']
SELECT `p`.`Id`, `p`.`Created_At`, `p`.`Patient_Id`, `p`.`Report`, `p`.`Report_File`, `p`.`Scan_Name`, `p`.`Status`, `p`.`Type`, `p`.`Updated_At`
FROM `Patient_Scans` AS `p`
WHERE `p`.`Patient_Id` = @__p_0
2023-10-04 11:33:07.797 +05:30  INF  Executed DbCommand (1ms) [Parameters=[], CommandType='"Text"', CommandTimeout='30']
SELECT `p`.`Id`, `p`.`Amount_Type`, `p`.`Balance`, `p`.`Created_At`, `p`.`Credit_Amount`, `p`.`Debit_Amount`, `p`.`Description`, `p`.`Doctor_Id`, `p`.`Patient_Id`, `p`.`Payment_Mode`, `p`.`Updated_At`, `p`.`Workdone_Id`
FROM `Payment_History` AS `p`
2023-10-04 11:33:07.802 +05:30  INF  Executed DbCommand (1ms) [Parameters=[@__p_0='?' (DbType = Int64)], CommandType='"Text"', CommandTimeout='30']
SELECT `p`.`Id`, `p`.`Amount`, `p`.`Balance_Amount`, `p`.`Balance_Spent`, `p`.`Created_At`, `p`.`Name`, `p`.`Patients_Id`, `p`.`Type`, `p`.`Updated_At`
FROM `Patients_Insurance_Loan` AS `p`
WHERE `p`.`Patients_Id` = @__p_0
2023-10-04 11:33:07.803 +05:30  INF  Executed DbCommand (0ms) [Parameters=[@__p_0='?' (DbType = Int64)], CommandType='"Text"', CommandTimeout='30']
SELECT `p`.`Id`, `p`.`Created_At`, `p`.`Patient_Id`, `p`.`Report`, `p`.`Report_Date`, `p`.`Report_File`, `p`.`Status`, `p`.`Test_Name`, `p`.`Test_Price`, `p`.`Updated_At`
FROM `Patient_Tests` AS `p`
WHERE `p`.`Patient_Id` = @__p_0
2023-10-04 11:33:07.805 +05:30  INF  Executed DbCommand (1ms) [Parameters=[@__p_0='?' (DbType = Int64)], CommandType='"Text"', CommandTimeout='30']
SELECT `p`.`Id`, `p`.`Address_O`, `p`.`Address_Other`, `p`.`Address_R`, `p`.`City_O`, `p`.`City_Other`, `p`.`City_R`, `p`.`Country_O`, `p`.`Country_Other`, `p`.`Country_R`, `p`.`Created_At`, `p`.`Doctor_Name`, `p`.`Email`, `p`.`Email2`, `p`.`Medical_History_Allergies`, `p`.`Patient_Id`, `p`.`Phone`, `p`.`Phone1`, `p`.`Phone2`, `p`.`Phone3`, `p`.`Phone4`, `p`.`Physician`, `p`.`Reffered_By`, `p`.`Relationship_Type`, `p`.`Special_Notes`, `p`.`Updated_At`, `p`.`Zip_O`, `p`.`Zip_Other`, `p`.`Zip_R`
FROM `Patients_Contact` AS `p`
WHERE `p`.`Patient_Id` = @__p_0
2023-10-04 11:33:07.806 +05:30  INF  Executed DbCommand (0ms) [Parameters=[@__p_0='?' (DbType = Int64)], CommandType='"Text"', CommandTimeout='30']
SELECT `p`.`Id`, `p`.`Created_At`, `p`.`Patient_Id`, `p`.`Report`, `p`.`Report_File`, `p`.`Scan_Name`, `p`.`Status`, `p`.`Type`, `p`.`Updated_At`
FROM `Patient_Scans` AS `p`
WHERE `p`.`Patient_Id` = @__p_0
2023-10-04 11:33:07.808 +05:30  INF  Executed DbCommand (1ms) [Parameters=[], CommandType='"Text"', CommandTimeout='30']
SELECT `p`.`Id`, `p`.`Amount_Type`, `p`.`Balance`, `p`.`Created_At`, `p`.`Credit_Amount`, `p`.`Debit_Amount`, `p`.`Description`, `p`.`Doctor_Id`, `p`.`Patient_Id`, `p`.`Payment_Mode`, `p`.`Updated_At`, `p`.`Workdone_Id`
FROM `Payment_History` AS `p`
2023-10-04 11:33:07.813 +05:30  INF  Executed DbCommand (1ms) [Parameters=[@__p_0='?' (DbType = Int64)], CommandType='"Text"', CommandTimeout='30']
SELECT `p`.`Id`, `p`.`Amount`, `p`.`Balance_Amount`, `p`.`Balance_Spent`, `p`.`Created_At`, `p`.`Name`, `p`.`Patients_Id`, `p`.`Type`, `p`.`Updated_At`
FROM `Patients_Insurance_Loan` AS `p`
WHERE `p`.`Patients_Id` = @__p_0
2023-10-04 11:33:07.814 +05:30  INF  Executed DbCommand (0ms) [Parameters=[@__p_0='?' (DbType = Int64)], CommandType='"Text"', CommandTimeout='30']
SELECT `p`.`Id`, `p`.`Created_At`, `p`.`Patient_Id`, `p`.`Report`, `p`.`Report_Date`, `p`.`Report_File`, `p`.`Status`, `p`.`Test_Name`, `p`.`Test_Price`, `p`.`Updated_At`
FROM `Patient_Tests` AS `p`
WHERE `p`.`Patient_Id` = @__p_0
2023-10-04 11:33:07.816 +05:30  INF  Executed DbCommand (1ms) [Parameters=[@__p_0='?' (DbType = Int64)], CommandType='"Text"', CommandTimeout='30']
SELECT `p`.`Id`, `p`.`Address_O`, `p`.`Address_Other`, `p`.`Address_R`, `p`.`City_O`, `p`.`City_Other`, `p`.`City_R`, `p`.`Country_O`, `p`.`Country_Other`, `p`.`Country_R`, `p`.`Created_At`, `p`.`Doctor_Name`, `p`.`Email`, `p`.`Email2`, `p`.`Medical_History_Allergies`, `p`.`Patient_Id`, `p`.`Phone`, `p`.`Phone1`, `p`.`Phone2`, `p`.`Phone3`, `p`.`Phone4`, `p`.`Physician`, `p`.`Reffered_By`, `p`.`Relationship_Type`, `p`.`Special_Notes`, `p`.`Updated_At`, `p`.`Zip_O`, `p`.`Zip_Other`, `p`.`Zip_R`
FROM `Patients_Contact` AS `p`
WHERE `p`.`Patient_Id` = @__p_0
2023-10-04 11:33:07.817 +05:30  INF  Executed DbCommand (0ms) [Parameters=[@__p_0='?' (DbType = Int64)], CommandType='"Text"', CommandTimeout='30']
SELECT `p`.`Id`, `p`.`Created_At`, `p`.`Patient_Id`, `p`.`Report`, `p`.`Report_File`, `p`.`Scan_Name`, `p`.`Status`, `p`.`Type`, `p`.`Updated_At`
FROM `Patient_Scans` AS `p`
WHERE `p`.`Patient_Id` = @__p_0
2023-10-04 11:33:07.818 +05:30  INF  Executed DbCommand (1ms) [Parameters=[], CommandType='"Text"', CommandTimeout='30']
SELECT `p`.`Id`, `p`.`Amount_Type`, `p`.`Balance`, `p`.`Created_At`, `p`.`Credit_Amount`, `p`.`Debit_Amount`, `p`.`Description`, `p`.`Doctor_Id`, `p`.`Patient_Id`, `p`.`Payment_Mode`, `p`.`Updated_At`, `p`.`Workdone_Id`
FROM `Payment_History` AS `p`
2023-10-04 11:33:07.824 +05:30  INF  Executed DbCommand (1ms) [Parameters=[@__p_0='?' (DbType = Int64)], CommandType='"Text"', CommandTimeout='30']
SELECT `p`.`Id`, `p`.`Amount`, `p`.`Balance_Amount`, `p`.`Balance_Spent`, `p`.`Created_At`, `p`.`Name`, `p`.`Patients_Id`, `p`.`Type`, `p`.`Updated_At`
FROM `Patients_Insurance_Loan` AS `p`
WHERE `p`.`Patients_Id` = @__p_0
2023-10-04 11:33:07.826 +05:30  INF  Executed DbCommand (0ms) [Parameters=[@__p_0='?' (DbType = Int64)], CommandType='"Text"', CommandTimeout='30']
SELECT `p`.`Id`, `p`.`Created_At`, `p`.`Patient_Id`, `p`.`Report`, `p`.`Report_Date`, `p`.`Report_File`, `p`.`Status`, `p`.`Test_Name`, `p`.`Test_Price`, `p`.`Updated_At`
FROM `Patient_Tests` AS `p`
WHERE `p`.`Patient_Id` = @__p_0
2023-10-04 11:33:07.828 +05:30  INF  Executed DbCommand (1ms) [Parameters=[@__p_0='?' (DbType = Int64)], CommandType='"Text"', CommandTimeout='30']
SELECT `p`.`Id`, `p`.`Address_O`, `p`.`Address_Other`, `p`.`Address_R`, `p`.`City_O`, `p`.`City_Other`, `p`.`City_R`, `p`.`Country_O`, `p`.`Country_Other`, `p`.`Country_R`, `p`.`Created_At`, `p`.`Doctor_Name`, `p`.`Email`, `p`.`Email2`, `p`.`Medical_History_Allergies`, `p`.`Patient_Id`, `p`.`Phone`, `p`.`Phone1`, `p`.`Phone2`, `p`.`Phone3`, `p`.`Phone4`, `p`.`Physician`, `p`.`Reffered_By`, `p`.`Relationship_Type`, `p`.`Special_Notes`, `p`.`Updated_At`, `p`.`Zip_O`, `p`.`Zip_Other`, `p`.`Zip_R`
FROM `Patients_Contact` AS `p`
WHERE `p`.`Patient_Id` = @__p_0
2023-10-04 11:33:07.829 +05:30  INF  Executed DbCommand (0ms) [Parameters=[@__p_0='?' (DbType = Int64)], CommandType='"Text"', CommandTimeout='30']
SELECT `p`.`Id`, `p`.`Created_At`, `p`.`Patient_Id`, `p`.`Report`, `p`.`Report_File`, `p`.`Scan_Name`, `p`.`Status`, `p`.`Type`, `p`.`Updated_At`
FROM `Patient_Scans` AS `p`
WHERE `p`.`Patient_Id` = @__p_0
2023-10-04 11:33:07.830 +05:30  INF  Executed DbCommand (1ms) [Parameters=[], CommandType='"Text"', CommandTimeout='30']
SELECT `p`.`Id`, `p`.`Amount_Type`, `p`.`Balance`, `p`.`Created_At`, `p`.`Credit_Amount`, `p`.`Debit_Amount`, `p`.`Description`, `p`.`Doctor_Id`, `p`.`Patient_Id`, `p`.`Payment_Mode`, `p`.`Updated_At`, `p`.`Workdone_Id`
FROM `Payment_History` AS `p`
2023-10-04 11:33:07.835 +05:30  INF  Executed DbCommand (1ms) [Parameters=[@__p_0='?' (DbType = Int64)], CommandType='"Text"', CommandTimeout='30']
SELECT `p`.`Id`, `p`.`Amount`, `p`.`Balance_Amount`, `p`.`Balance_Spent`, `p`.`Created_At`, `p`.`Name`, `p`.`Patients_Id`, `p`.`Type`, `p`.`Updated_At`
FROM `Patients_Insurance_Loan` AS `p`
WHERE `p`.`Patients_Id` = @__p_0
2023-10-04 11:33:07.836 +05:30  INF  Executed DbCommand (0ms) [Parameters=[@__p_0='?' (DbType = Int64)], CommandType='"Text"', CommandTimeout='30']
SELECT `p`.`Id`, `p`.`Created_At`, `p`.`Patient_Id`, `p`.`Report`, `p`.`Report_Date`, `p`.`Report_File`, `p`.`Status`, `p`.`Test_Name`, `p`.`Test_Price`, `p`.`Updated_At`
FROM `Patient_Tests` AS `p`
WHERE `p`.`Patient_Id` = @__p_0
2023-10-04 11:33:07.838 +05:30  INF  Executed DbCommand (1ms) [Parameters=[@__p_0='?' (DbType = Int64)], CommandType='"Text"', CommandTimeout='30']
SELECT `p`.`Id`, `p`.`Address_O`, `p`.`Address_Other`, `p`.`Address_R`, `p`.`City_O`, `p`.`City_Other`, `p`.`City_R`, `p`.`Country_O`, `p`.`Country_Other`, `p`.`Country_R`, `p`.`Created_At`, `p`.`Doctor_Name`, `p`.`Email`, `p`.`Email2`, `p`.`Medical_History_Allergies`, `p`.`Patient_Id`, `p`.`Phone`, `p`.`Phone1`, `p`.`Phone2`, `p`.`Phone3`, `p`.`Phone4`, `p`.`Physician`, `p`.`Reffered_By`, `p`.`Relationship_Type`, `p`.`Special_Notes`, `p`.`Updated_At`, `p`.`Zip_O`, `p`.`Zip_Other`, `p`.`Zip_R`
FROM `Patients_Contact` AS `p`
WHERE `p`.`Patient_Id` = @__p_0
2023-10-04 11:33:07.839 +05:30  INF  Executed DbCommand (0ms) [Parameters=[@__p_0='?' (DbType = Int64)], CommandType='"Text"', CommandTimeout='30']
SELECT `p`.`Id`, `p`.`Created_At`, `p`.`Patient_Id`, `p`.`Report`, `p`.`Report_File`, `p`.`Scan_Name`, `p`.`Status`, `p`.`Type`, `p`.`Updated_At`
FROM `Patient_Scans` AS `p`
WHERE `p`.`Patient_Id` = @__p_0
2023-10-04 11:33:07.841 +05:30  INF  Executed DbCommand (1ms) [Parameters=[], CommandType='"Text"', CommandTimeout='30']
SELECT `p`.`Id`, `p`.`Amount_Type`, `p`.`Balance`, `p`.`Created_At`, `p`.`Credit_Amount`, `p`.`Debit_Amount`, `p`.`Description`, `p`.`Doctor_Id`, `p`.`Patient_Id`, `p`.`Payment_Mode`, `p`.`Updated_At`, `p`.`Workdone_Id`
FROM `Payment_History` AS `p`
2023-10-04 11:33:07.846 +05:30  INF  Executed DbCommand (1ms) [Parameters=[@__p_0='?' (DbType = Int64)], CommandType='"Text"', CommandTimeout='30']
SELECT `p`.`Id`, `p`.`Amount`, `p`.`Balance_Amount`, `p`.`Balance_Spent`, `p`.`Created_At`, `p`.`Name`, `p`.`Patients_Id`, `p`.`Type`, `p`.`Updated_At`
FROM `Patients_Insurance_Loan` AS `p`
WHERE `p`.`Patients_Id` = @__p_0
2023-10-04 11:33:07.847 +05:30  INF  Executed DbCommand (0ms) [Parameters=[@__p_0='?' (DbType = Int64)], CommandType='"Text"', CommandTimeout='30']
SELECT `p`.`Id`, `p`.`Created_At`, `p`.`Patient_Id`, `p`.`Report`, `p`.`Report_Date`, `p`.`Report_File`, `p`.`Status`, `p`.`Test_Name`, `p`.`Test_Price`, `p`.`Updated_At`
FROM `Patient_Tests` AS `p`
WHERE `p`.`Patient_Id` = @__p_0
2023-10-04 11:33:07.849 +05:30  INF  Executed DbCommand (1ms) [Parameters=[@__p_0='?' (DbType = Int64)], CommandType='"Text"', CommandTimeout='30']
SELECT `p`.`Id`, `p`.`Address_O`, `p`.`Address_Other`, `p`.`Address_R`, `p`.`City_O`, `p`.`City_Other`, `p`.`City_R`, `p`.`Country_O`, `p`.`Country_Other`, `p`.`Country_R`, `p`.`Created_At`, `p`.`Doctor_Name`, `p`.`Email`, `p`.`Email2`, `p`.`Medical_History_Allergies`, `p`.`Patient_Id`, `p`.`Phone`, `p`.`Phone1`, `p`.`Phone2`, `p`.`Phone3`, `p`.`Phone4`, `p`.`Physician`, `p`.`Reffered_By`, `p`.`Relationship_Type`, `p`.`Special_Notes`, `p`.`Updated_At`, `p`.`Zip_O`, `p`.`Zip_Other`, `p`.`Zip_R`
FROM `Patients_Contact` AS `p`
WHERE `p`.`Patient_Id` = @__p_0
2023-10-04 11:33:07.850 +05:30  INF  Executed DbCommand (0ms) [Parameters=[@__p_0='?' (DbType = Int64)], CommandType='"Text"', CommandTimeout='30']
SELECT `p`.`Id`, `p`.`Created_At`, `p`.`Patient_Id`, `p`.`Report`, `p`.`Report_File`, `p`.`Scan_Name`, `p`.`Status`, `p`.`Type`, `p`.`Updated_At`
FROM `Patient_Scans` AS `p`
WHERE `p`.`Patient_Id` = @__p_0
2023-10-04 11:33:07.851 +05:30  INF  Executed DbCommand (1ms) [Parameters=[], CommandType='"Text"', CommandTimeout='30']
SELECT `p`.`Id`, `p`.`Amount_Type`, `p`.`Balance`, `p`.`Created_At`, `p`.`Credit_Amount`, `p`.`Debit_Amount`, `p`.`Description`, `p`.`Doctor_Id`, `p`.`Patient_Id`, `p`.`Payment_Mode`, `p`.`Updated_At`, `p`.`Workdone_Id`
FROM `Payment_History` AS `p`
2023-10-04 11:33:07.856 +05:30  INF  Executed DbCommand (1ms) [Parameters=[@__p_0='?' (DbType = Int64)], CommandType='"Text"', CommandTimeout='30']
SELECT `p`.`Id`, `p`.`Amount`, `p`.`Balance_Amount`, `p`.`Balance_Spent`, `p`.`Created_At`, `p`.`Name`, `p`.`Patients_Id`, `p`.`Type`, `p`.`Updated_At`
FROM `Patients_Insurance_Loan` AS `p`
WHERE `p`.`Patients_Id` = @__p_0
2023-10-04 11:33:07.858 +05:30  INF  Executed DbCommand (0ms) [Parameters=[@__p_0='?' (DbType = Int64)], CommandType='"Text"', CommandTimeout='30']
SELECT `p`.`Id`, `p`.`Created_At`, `p`.`Patient_Id`, `p`.`Report`, `p`.`Report_Date`, `p`.`Report_File`, `p`.`Status`, `p`.`Test_Name`, `p`.`Test_Price`, `p`.`Updated_At`
FROM `Patient_Tests` AS `p`
WHERE `p`.`Patient_Id` = @__p_0
2023-10-04 11:33:07.860 +05:30  INF  Executed DbCommand (1ms) [Parameters=[@__p_0='?' (DbType = Int64)], CommandType='"Text"', CommandTimeout='30']
SELECT `p`.`Id`, `p`.`Address_O`, `p`.`Address_Other`, `p`.`Address_R`, `p`.`City_O`, `p`.`City_Other`, `p`.`City_R`, `p`.`Country_O`, `p`.`Country_Other`, `p`.`Country_R`, `p`.`Created_At`, `p`.`Doctor_Name`, `p`.`Email`, `p`.`Email2`, `p`.`Medical_History_Allergies`, `p`.`Patient_Id`, `p`.`Phone`, `p`.`Phone1`, `p`.`Phone2`, `p`.`Phone3`, `p`.`Phone4`, `p`.`Physician`, `p`.`Reffered_By`, `p`.`Relationship_Type`, `p`.`Special_Notes`, `p`.`Updated_At`, `p`.`Zip_O`, `p`.`Zip_Other`, `p`.`Zip_R`
FROM `Patients_Contact` AS `p`
WHERE `p`.`Patient_Id` = @__p_0
2023-10-04 11:33:07.861 +05:30  INF  Executed DbCommand (0ms) [Parameters=[@__p_0='?' (DbType = Int64)], CommandType='"Text"', CommandTimeout='30']
SELECT `p`.`Id`, `p`.`Created_At`, `p`.`Patient_Id`, `p`.`Report`, `p`.`Report_File`, `p`.`Scan_Name`, `p`.`Status`, `p`.`Type`, `p`.`Updated_At`
FROM `Patient_Scans` AS `p`
WHERE `p`.`Patient_Id` = @__p_0
2023-10-04 11:33:07.863 +05:30  INF  Executed DbCommand (1ms) [Parameters=[], CommandType='"Text"', CommandTimeout='30']
SELECT `p`.`Id`, `p`.`Amount_Type`, `p`.`Balance`, `p`.`Created_At`, `p`.`Credit_Amount`, `p`.`Debit_Amount`, `p`.`Description`, `p`.`Doctor_Id`, `p`.`Patient_Id`, `p`.`Payment_Mode`, `p`.`Updated_At`, `p`.`Workdone_Id`
FROM `Payment_History` AS `p`
2023-10-04 11:33:07.868 +05:30  INF  Executed DbCommand (1ms) [Parameters=[@__p_0='?' (DbType = Int64)], CommandType='"Text"', CommandTimeout='30']
SELECT `p`.`Id`, `p`.`Amount`, `p`.`Balance_Amount`, `p`.`Balance_Spent`, `p`.`Created_At`, `p`.`Name`, `p`.`Patients_Id`, `p`.`Type`, `p`.`Updated_At`
FROM `Patients_Insurance_Loan` AS `p`
WHERE `p`.`Patients_Id` = @__p_0
2023-10-04 11:33:07.869 +05:30  INF  Executed DbCommand (0ms) [Parameters=[@__p_0='?' (DbType = Int64)], CommandType='"Text"', CommandTimeout='30']
SELECT `p`.`Id`, `p`.`Created_At`, `p`.`Patient_Id`, `p`.`Report`, `p`.`Report_Date`, `p`.`Report_File`, `p`.`Status`, `p`.`Test_Name`, `p`.`Test_Price`, `p`.`Updated_At`
FROM `Patient_Tests` AS `p`
WHERE `p`.`Patient_Id` = @__p_0
2023-10-04 11:33:07.872 +05:30  INF  Executed DbCommand (1ms) [Parameters=[@__p_0='?' (DbType = Int64)], CommandType='"Text"', CommandTimeout='30']
SELECT `p`.`Id`, `p`.`Address_O`, `p`.`Address_Other`, `p`.`Address_R`, `p`.`City_O`, `p`.`City_Other`, `p`.`City_R`, `p`.`Country_O`, `p`.`Country_Other`, `p`.`Country_R`, `p`.`Created_At`, `p`.`Doctor_Name`, `p`.`Email`, `p`.`Email2`, `p`.`Medical_History_Allergies`, `p`.`Patient_Id`, `p`.`Phone`, `p`.`Phone1`, `p`.`Phone2`, `p`.`Phone3`, `p`.`Phone4`, `p`.`Physician`, `p`.`Reffered_By`, `p`.`Relationship_Type`, `p`.`Special_Notes`, `p`.`Updated_At`, `p`.`Zip_O`, `p`.`Zip_Other`, `p`.`Zip_R`
FROM `Patients_Contact` AS `p`
WHERE `p`.`Patient_Id` = @__p_0
2023-10-04 11:33:07.874 +05:30  INF  Executed DbCommand (1ms) [Parameters=[@__p_0='?' (DbType = Int64)], CommandType='"Text"', CommandTimeout='30']
SELECT `p`.`Id`, `p`.`Created_At`, `p`.`Patient_Id`, `p`.`Report`, `p`.`Report_File`, `p`.`Scan_Name`, `p`.`Status`, `p`.`Type`, `p`.`Updated_At`
FROM `Patient_Scans` AS `p`
WHERE `p`.`Patient_Id` = @__p_0
2023-10-04 11:33:07.876 +05:30  INF  Executed DbCommand (1ms) [Parameters=[], CommandType='"Text"', CommandTimeout='30']
SELECT `p`.`Id`, `p`.`Amount_Type`, `p`.`Balance`, `p`.`Created_At`, `p`.`Credit_Amount`, `p`.`Debit_Amount`, `p`.`Description`, `p`.`Doctor_Id`, `p`.`Patient_Id`, `p`.`Payment_Mode`, `p`.`Updated_At`, `p`.`Workdone_Id`
FROM `Payment_History` AS `p`
2023-10-04 11:33:07.881 +05:30  INF  Executed DbCommand (1ms) [Parameters=[@__p_0='?' (DbType = Int64)], CommandType='"Text"', CommandTimeout='30']
SELECT `p`.`Id`, `p`.`Amount`, `p`.`Balance_Amount`, `p`.`Balance_Spent`, `p`.`Created_At`, `p`.`Name`, `p`.`Patients_Id`, `p`.`Type`, `p`.`Updated_At`
FROM `Patients_Insurance_Loan` AS `p`
WHERE `p`.`Patients_Id` = @__p_0
2023-10-04 11:33:07.882 +05:30  INF  Executed DbCommand (0ms) [Parameters=[@__p_0='?' (DbType = Int64)], CommandType='"Text"', CommandTimeout='30']
SELECT `p`.`Id`, `p`.`Created_At`, `p`.`Patient_Id`, `p`.`Report`, `p`.`Report_Date`, `p`.`Report_File`, `p`.`Status`, `p`.`Test_Name`, `p`.`Test_Price`, `p`.`Updated_At`
FROM `Patient_Tests` AS `p`
WHERE `p`.`Patient_Id` = @__p_0
2023-10-04 11:33:07.884 +05:30  INF  Executed DbCommand (1ms) [Parameters=[@__p_0='?' (DbType = Int64)], CommandType='"Text"', CommandTimeout='30']
SELECT `p`.`Id`, `p`.`Address_O`, `p`.`Address_Other`, `p`.`Address_R`, `p`.`City_O`, `p`.`City_Other`, `p`.`City_R`, `p`.`Country_O`, `p`.`Country_Other`, `p`.`Country_R`, `p`.`Created_At`, `p`.`Doctor_Name`, `p`.`Email`, `p`.`Email2`, `p`.`Medical_History_Allergies`, `p`.`Patient_Id`, `p`.`Phone`, `p`.`Phone1`, `p`.`Phone2`, `p`.`Phone3`, `p`.`Phone4`, `p`.`Physician`, `p`.`Reffered_By`, `p`.`Relationship_Type`, `p`.`Special_Notes`, `p`.`Updated_At`, `p`.`Zip_O`, `p`.`Zip_Other`, `p`.`Zip_R`
FROM `Patients_Contact` AS `p`
WHERE `p`.`Patient_Id` = @__p_0
2023-10-04 11:33:07.885 +05:30  INF  Executed DbCommand (0ms) [Parameters=[@__p_0='?' (DbType = Int64)], CommandType='"Text"', CommandTimeout='30']
SELECT `p`.`Id`, `p`.`Created_At`, `p`.`Patient_Id`, `p`.`Report`, `p`.`Report_File`, `p`.`Scan_Name`, `p`.`Status`, `p`.`Type`, `p`.`Updated_At`
FROM `Patient_Scans` AS `p`
WHERE `p`.`Patient_Id` = @__p_0
2023-10-04 11:33:07.886 +05:30  INF  Executed DbCommand (1ms) [Parameters=[], CommandType='"Text"', CommandTimeout='30']
SELECT `p`.`Id`, `p`.`Amount_Type`, `p`.`Balance`, `p`.`Created_At`, `p`.`Credit_Amount`, `p`.`Debit_Amount`, `p`.`Description`, `p`.`Doctor_Id`, `p`.`Patient_Id`, `p`.`Payment_Mode`, `p`.`Updated_At`, `p`.`Workdone_Id`
FROM `Payment_History` AS `p`
2023-10-04 11:33:07.892 +05:30  INF  Executed DbCommand (1ms) [Parameters=[@__p_0='?' (DbType = Int64)], CommandType='"Text"', CommandTimeout='30']
SELECT `p`.`Id`, `p`.`Amount`, `p`.`Balance_Amount`, `p`.`Balance_Spent`, `p`.`Created_At`, `p`.`Name`, `p`.`Patients_Id`, `p`.`Type`, `p`.`Updated_At`
FROM `Patients_Insurance_Loan` AS `p`
WHERE `p`.`Patients_Id` = @__p_0
2023-10-04 11:33:07.893 +05:30  INF  Executed DbCommand (0ms) [Parameters=[@__p_0='?' (DbType = Int64)], CommandType='"Text"', CommandTimeout='30']
SELECT `p`.`Id`, `p`.`Created_At`, `p`.`Patient_Id`, `p`.`Report`, `p`.`Report_Date`, `p`.`Report_File`, `p`.`Status`, `p`.`Test_Name`, `p`.`Test_Price`, `p`.`Updated_At`
FROM `Patient_Tests` AS `p`
WHERE `p`.`Patient_Id` = @__p_0
2023-10-04 11:33:07.895 +05:30  INF  Executed DbCommand (1ms) [Parameters=[@__p_0='?' (DbType = Int64)], CommandType='"Text"', CommandTimeout='30']
SELECT `p`.`Id`, `p`.`Address_O`, `p`.`Address_Other`, `p`.`Address_R`, `p`.`City_O`, `p`.`City_Other`, `p`.`City_R`, `p`.`Country_O`, `p`.`Country_Other`, `p`.`Country_R`, `p`.`Created_At`, `p`.`Doctor_Name`, `p`.`Email`, `p`.`Email2`, `p`.`Medical_History_Allergies`, `p`.`Patient_Id`, `p`.`Phone`, `p`.`Phone1`, `p`.`Phone2`, `p`.`Phone3`, `p`.`Phone4`, `p`.`Physician`, `p`.`Reffered_By`, `p`.`Relationship_Type`, `p`.`Special_Notes`, `p`.`Updated_At`, `p`.`Zip_O`, `p`.`Zip_Other`, `p`.`Zip_R`
FROM `Patients_Contact` AS `p`
WHERE `p`.`Patient_Id` = @__p_0
2023-10-04 11:33:07.896 +05:30  INF  Executed DbCommand (0ms) [Parameters=[@__p_0='?' (DbType = Int64)], CommandType='"Text"', CommandTimeout='30']
SELECT `p`.`Id`, `p`.`Created_At`, `p`.`Patient_Id`, `p`.`Report`, `p`.`Report_File`, `p`.`Scan_Name`, `p`.`Status`, `p`.`Type`, `p`.`Updated_At`
FROM `Patient_Scans` AS `p`
WHERE `p`.`Patient_Id` = @__p_0
2023-10-04 11:33:07.897 +05:30  INF  Executed DbCommand (1ms) [Parameters=[], CommandType='"Text"', CommandTimeout='30']
SELECT `p`.`Id`, `p`.`Amount_Type`, `p`.`Balance`, `p`.`Created_At`, `p`.`Credit_Amount`, `p`.`Debit_Amount`, `p`.`Description`, `p`.`Doctor_Id`, `p`.`Patient_Id`, `p`.`Payment_Mode`, `p`.`Updated_At`, `p`.`Workdone_Id`
FROM `Payment_History` AS `p`
2023-10-04 11:33:07.903 +05:30  INF  Executed DbCommand (1ms) [Parameters=[@__p_0='?' (DbType = Int64)], CommandType='"Text"', CommandTimeout='30']
SELECT `p`.`Id`, `p`.`Amount`, `p`.`Balance_Amount`, `p`.`Balance_Spent`, `p`.`Created_At`, `p`.`Name`, `p`.`Patients_Id`, `p`.`Type`, `p`.`Updated_At`
FROM `Patients_Insurance_Loan` AS `p`
WHERE `p`.`Patients_Id` = @__p_0
2023-10-04 11:33:07.905 +05:30  INF  Executed DbCommand (0ms) [Parameters=[@__p_0='?' (DbType = Int64)], CommandType='"Text"', CommandTimeout='30']
SELECT `p`.`Id`, `p`.`Created_At`, `p`.`Patient_Id`, `p`.`Report`, `p`.`Report_Date`, `p`.`Report_File`, `p`.`Status`, `p`.`Test_Name`, `p`.`Test_Price`, `p`.`Updated_At`
FROM `Patient_Tests` AS `p`
WHERE `p`.`Patient_Id` = @__p_0
2023-10-04 11:33:07.907 +05:30  INF  Executed DbCommand (1ms) [Parameters=[@__p_0='?' (DbType = Int64)], CommandType='"Text"', CommandTimeout='30']
SELECT `p`.`Id`, `p`.`Address_O`, `p`.`Address_Other`, `p`.`Address_R`, `p`.`City_O`, `p`.`City_Other`, `p`.`City_R`, `p`.`Country_O`, `p`.`Country_Other`, `p`.`Country_R`, `p`.`Created_At`, `p`.`Doctor_Name`, `p`.`Email`, `p`.`Email2`, `p`.`Medical_History_Allergies`, `p`.`Patient_Id`, `p`.`Phone`, `p`.`Phone1`, `p`.`Phone2`, `p`.`Phone3`, `p`.`Phone4`, `p`.`Physician`, `p`.`Reffered_By`, `p`.`Relationship_Type`, `p`.`Special_Notes`, `p`.`Updated_At`, `p`.`Zip_O`, `p`.`Zip_Other`, `p`.`Zip_R`
FROM `Patients_Contact` AS `p`
WHERE `p`.`Patient_Id` = @__p_0
2023-10-04 11:33:07.908 +05:30  INF  Executed DbCommand (0ms) [Parameters=[@__p_0='?' (DbType = Int64)], CommandType='"Text"', CommandTimeout='30']
SELECT `p`.`Id`, `p`.`Created_At`, `p`.`Patient_Id`, `p`.`Report`, `p`.`Report_File`, `p`.`Scan_Name`, `p`.`Status`, `p`.`Type`, `p`.`Updated_At`
FROM `Patient_Scans` AS `p`
WHERE `p`.`Patient_Id` = @__p_0
2023-10-04 11:33:07.909 +05:30  INF  Executed DbCommand (1ms) [Parameters=[], CommandType='"Text"', CommandTimeout='30']
SELECT `p`.`Id`, `p`.`Amount_Type`, `p`.`Balance`, `p`.`Created_At`, `p`.`Credit_Amount`, `p`.`Debit_Amount`, `p`.`Description`, `p`.`Doctor_Id`, `p`.`Patient_Id`, `p`.`Payment_Mode`, `p`.`Updated_At`, `p`.`Workdone_Id`
FROM `Payment_History` AS `p`
2023-10-04 11:33:07.914 +05:30  INF  Executed DbCommand (1ms) [Parameters=[@__p_0='?' (DbType = Int64)], CommandType='"Text"', CommandTimeout='30']
SELECT `p`.`Id`, `p`.`Amount`, `p`.`Balance_Amount`, `p`.`Balance_Spent`, `p`.`Created_At`, `p`.`Name`, `p`.`Patients_Id`, `p`.`Type`, `p`.`Updated_At`
FROM `Patients_Insurance_Loan` AS `p`
WHERE `p`.`Patients_Id` = @__p_0
2023-10-04 11:33:07.915 +05:30  INF  Executed DbCommand (0ms) [Parameters=[@__p_0='?' (DbType = Int64)], CommandType='"Text"', CommandTimeout='30']
SELECT `p`.`Id`, `p`.`Created_At`, `p`.`Patient_Id`, `p`.`Report`, `p`.`Report_Date`, `p`.`Report_File`, `p`.`Status`, `p`.`Test_Name`, `p`.`Test_Price`, `p`.`Updated_At`
FROM `Patient_Tests` AS `p`
WHERE `p`.`Patient_Id` = @__p_0
2023-10-04 11:33:07.917 +05:30  INF  Executed DbCommand (1ms) [Parameters=[@__p_0='?' (DbType = Int64)], CommandType='"Text"', CommandTimeout='30']
SELECT `p`.`Id`, `p`.`Address_O`, `p`.`Address_Other`, `p`.`Address_R`, `p`.`City_O`, `p`.`City_Other`, `p`.`City_R`, `p`.`Country_O`, `p`.`Country_Other`, `p`.`Country_R`, `p`.`Created_At`, `p`.`Doctor_Name`, `p`.`Email`, `p`.`Email2`, `p`.`Medical_History_Allergies`, `p`.`Patient_Id`, `p`.`Phone`, `p`.`Phone1`, `p`.`Phone2`, `p`.`Phone3`, `p`.`Phone4`, `p`.`Physician`, `p`.`Reffered_By`, `p`.`Relationship_Type`, `p`.`Special_Notes`, `p`.`Updated_At`, `p`.`Zip_O`, `p`.`Zip_Other`, `p`.`Zip_R`
FROM `Patients_Contact` AS `p`
WHERE `p`.`Patient_Id` = @__p_0
2023-10-04 11:33:07.918 +05:30  INF  Executed DbCommand (0ms) [Parameters=[@__p_0='?' (DbType = Int64)], CommandType='"Text"', CommandTimeout='30']
SELECT `p`.`Id`, `p`.`Created_At`, `p`.`Patient_Id`, `p`.`Report`, `p`.`Report_File`, `p`.`Scan_Name`, `p`.`Status`, `p`.`Type`, `p`.`Updated_At`
FROM `Patient_Scans` AS `p`
WHERE `p`.`Patient_Id` = @__p_0
2023-10-04 11:33:07.920 +05:30  INF  Executed DbCommand (1ms) [Parameters=[], CommandType='"Text"', CommandTimeout='30']
SELECT `p`.`Id`, `p`.`Amount_Type`, `p`.`Balance`, `p`.`Created_At`, `p`.`Credit_Amount`, `p`.`Debit_Amount`, `p`.`Description`, `p`.`Doctor_Id`, `p`.`Patient_Id`, `p`.`Payment_Mode`, `p`.`Updated_At`, `p`.`Workdone_Id`
FROM `Payment_History` AS `p`
2023-10-04 11:33:07.925 +05:30  INF  Executed DbCommand (1ms) [Parameters=[@__p_0='?' (DbType = Int64)], CommandType='"Text"', CommandTimeout='30']
SELECT `p`.`Id`, `p`.`Amount`, `p`.`Balance_Amount`, `p`.`Balance_Spent`, `p`.`Created_At`, `p`.`Name`, `p`.`Patients_Id`, `p`.`Type`, `p`.`Updated_At`
FROM `Patients_Insurance_Loan` AS `p`
WHERE `p`.`Patients_Id` = @__p_0
2023-10-04 11:33:07.926 +05:30  INF  Executed DbCommand (0ms) [Parameters=[@__p_0='?' (DbType = Int64)], CommandType='"Text"', CommandTimeout='30']
SELECT `p`.`Id`, `p`.`Created_At`, `p`.`Patient_Id`, `p`.`Report`, `p`.`Report_Date`, `p`.`Report_File`, `p`.`Status`, `p`.`Test_Name`, `p`.`Test_Price`, `p`.`Updated_At`
FROM `Patient_Tests` AS `p`
WHERE `p`.`Patient_Id` = @__p_0
2023-10-04 11:33:07.928 +05:30  INF  Executed DbCommand (1ms) [Parameters=[@__p_0='?' (DbType = Int64)], CommandType='"Text"', CommandTimeout='30']
SELECT `p`.`Id`, `p`.`Address_O`, `p`.`Address_Other`, `p`.`Address_R`, `p`.`City_O`, `p`.`City_Other`, `p`.`City_R`, `p`.`Country_O`, `p`.`Country_Other`, `p`.`Country_R`, `p`.`Created_At`, `p`.`Doctor_Name`, `p`.`Email`, `p`.`Email2`, `p`.`Medical_History_Allergies`, `p`.`Patient_Id`, `p`.`Phone`, `p`.`Phone1`, `p`.`Phone2`, `p`.`Phone3`, `p`.`Phone4`, `p`.`Physician`, `p`.`Reffered_By`, `p`.`Relationship_Type`, `p`.`Special_Notes`, `p`.`Updated_At`, `p`.`Zip_O`, `p`.`Zip_Other`, `p`.`Zip_R`
FROM `Patients_Contact` AS `p`
WHERE `p`.`Patient_Id` = @__p_0
2023-10-04 11:33:07.931 +05:30  INF  Executed DbCommand (1ms) [Parameters=[@__p_0='?' (DbType = Int64)], CommandType='"Text"', CommandTimeout='30']
SELECT `p`.`Id`, `p`.`Created_At`, `p`.`Patient_Id`, `p`.`Report`, `p`.`Report_File`, `p`.`Scan_Name`, `p`.`Status`, `p`.`Type`, `p`.`Updated_At`
FROM `Patient_Scans` AS `p`
WHERE `p`.`Patient_Id` = @__p_0
2023-10-04 11:33:07.932 +05:30  INF  Executed DbCommand (1ms) [Parameters=[], CommandType='"Text"', CommandTimeout='30']
SELECT `p`.`Id`, `p`.`Amount_Type`, `p`.`Balance`, `p`.`Created_At`, `p`.`Credit_Amount`, `p`.`Debit_Amount`, `p`.`Description`, `p`.`Doctor_Id`, `p`.`Patient_Id`, `p`.`Payment_Mode`, `p`.`Updated_At`, `p`.`Workdone_Id`
FROM `Payment_History` AS `p`
2023-10-04 11:33:07.937 +05:30  INF  Executed DbCommand (1ms) [Parameters=[@__p_0='?' (DbType = Int64)], CommandType='"Text"', CommandTimeout='30']
SELECT `p`.`Id`, `p`.`Amount`, `p`.`Balance_Amount`, `p`.`Balance_Spent`, `p`.`Created_At`, `p`.`Name`, `p`.`Patients_Id`, `p`.`Type`, `p`.`Updated_At`
FROM `Patients_Insurance_Loan` AS `p`
WHERE `p`.`Patients_Id` = @__p_0
2023-10-04 11:33:07.938 +05:30  INF  Executed DbCommand (0ms) [Parameters=[@__p_0='?' (DbType = Int64)], CommandType='"Text"', CommandTimeout='30']
SELECT `p`.`Id`, `p`.`Created_At`, `p`.`Patient_Id`, `p`.`Report`, `p`.`Report_Date`, `p`.`Report_File`, `p`.`Status`, `p`.`Test_Name`, `p`.`Test_Price`, `p`.`Updated_At`
FROM `Patient_Tests` AS `p`
WHERE `p`.`Patient_Id` = @__p_0
2023-10-04 11:33:07.940 +05:30  INF  Executed DbCommand (1ms) [Parameters=[@__p_0='?' (DbType = Int64)], CommandType='"Text"', CommandTimeout='30']
SELECT `p`.`Id`, `p`.`Address_O`, `p`.`Address_Other`, `p`.`Address_R`, `p`.`City_O`, `p`.`City_Other`, `p`.`City_R`, `p`.`Country_O`, `p`.`Country_Other`, `p`.`Country_R`, `p`.`Created_At`, `p`.`Doctor_Name`, `p`.`Email`, `p`.`Email2`, `p`.`Medical_History_Allergies`, `p`.`Patient_Id`, `p`.`Phone`, `p`.`Phone1`, `p`.`Phone2`, `p`.`Phone3`, `p`.`Phone4`, `p`.`Physician`, `p`.`Reffered_By`, `p`.`Relationship_Type`, `p`.`Special_Notes`, `p`.`Updated_At`, `p`.`Zip_O`, `p`.`Zip_Other`, `p`.`Zip_R`
FROM `Patients_Contact` AS `p`
WHERE `p`.`Patient_Id` = @__p_0
2023-10-04 11:33:07.942 +05:30  INF  Executed DbCommand (0ms) [Parameters=[@__p_0='?' (DbType = Int64)], CommandType='"Text"', CommandTimeout='30']
SELECT `p`.`Id`, `p`.`Created_At`, `p`.`Patient_Id`, `p`.`Report`, `p`.`Report_File`, `p`.`Scan_Name`, `p`.`Status`, `p`.`Type`, `p`.`Updated_At`
FROM `Patient_Scans` AS `p`
WHERE `p`.`Patient_Id` = @__p_0
2023-10-04 11:33:07.943 +05:30  INF  Executed DbCommand (1ms) [Parameters=[], CommandType='"Text"', CommandTimeout='30']
SELECT `p`.`Id`, `p`.`Amount_Type`, `p`.`Balance`, `p`.`Created_At`, `p`.`Credit_Amount`, `p`.`Debit_Amount`, `p`.`Description`, `p`.`Doctor_Id`, `p`.`Patient_Id`, `p`.`Payment_Mode`, `p`.`Updated_At`, `p`.`Workdone_Id`
FROM `Payment_History` AS `p`
2023-10-04 11:33:07.948 +05:30  INF  Executed DbCommand (1ms) [Parameters=[@__p_0='?' (DbType = Int64)], CommandType='"Text"', CommandTimeout='30']
SELECT `p`.`Id`, `p`.`Amount`, `p`.`Balance_Amount`, `p`.`Balance_Spent`, `p`.`Created_At`, `p`.`Name`, `p`.`Patients_Id`, `p`.`Type`, `p`.`Updated_At`
FROM `Patients_Insurance_Loan` AS `p`
WHERE `p`.`Patients_Id` = @__p_0
2023-10-04 11:33:07.949 +05:30  INF  Executed DbCommand (0ms) [Parameters=[@__p_0='?' (DbType = Int64)], CommandType='"Text"', CommandTimeout='30']
SELECT `p`.`Id`, `p`.`Created_At`, `p`.`Patient_Id`, `p`.`Report`, `p`.`Report_Date`, `p`.`Report_File`, `p`.`Status`, `p`.`Test_Name`, `p`.`Test_Price`, `p`.`Updated_At`
FROM `Patient_Tests` AS `p`
WHERE `p`.`Patient_Id` = @__p_0
2023-10-04 11:33:07.951 +05:30  INF  Executed DbCommand (1ms) [Parameters=[@__p_0='?' (DbType = Int64)], CommandType='"Text"', CommandTimeout='30']
SELECT `p`.`Id`, `p`.`Address_O`, `p`.`Address_Other`, `p`.`Address_R`, `p`.`City_O`, `p`.`City_Other`, `p`.`City_R`, `p`.`Country_O`, `p`.`Country_Other`, `p`.`Country_R`, `p`.`Created_At`, `p`.`Doctor_Name`, `p`.`Email`, `p`.`Email2`, `p`.`Medical_History_Allergies`, `p`.`Patient_Id`, `p`.`Phone`, `p`.`Phone1`, `p`.`Phone2`, `p`.`Phone3`, `p`.`Phone4`, `p`.`Physician`, `p`.`Reffered_By`, `p`.`Relationship_Type`, `p`.`Special_Notes`, `p`.`Updated_At`, `p`.`Zip_O`, `p`.`Zip_Other`, `p`.`Zip_R`
FROM `Patients_Contact` AS `p`
WHERE `p`.`Patient_Id` = @__p_0
2023-10-04 11:33:07.952 +05:30  INF  Executed DbCommand (0ms) [Parameters=[@__p_0='?' (DbType = Int64)], CommandType='"Text"', CommandTimeout='30']
SELECT `p`.`Id`, `p`.`Created_At`, `p`.`Patient_Id`, `p`.`Report`, `p`.`Report_File`, `p`.`Scan_Name`, `p`.`Status`, `p`.`Type`, `p`.`Updated_At`
FROM `Patient_Scans` AS `p`
WHERE `p`.`Patient_Id` = @__p_0
2023-10-04 11:33:07.953 +05:30  INF  Executed DbCommand (1ms) [Parameters=[], CommandType='"Text"', CommandTimeout='30']
SELECT `p`.`Id`, `p`.`Amount_Type`, `p`.`Balance`, `p`.`Created_At`, `p`.`Credit_Amount`, `p`.`Debit_Amount`, `p`.`Description`, `p`.`Doctor_Id`, `p`.`Patient_Id`, `p`.`Payment_Mode`, `p`.`Updated_At`, `p`.`Workdone_Id`
FROM `Payment_History` AS `p`
2023-10-04 11:33:07.959 +05:30  INF  Executed DbCommand (1ms) [Parameters=[@__p_0='?' (DbType = Int64)], CommandType='"Text"', CommandTimeout='30']
SELECT `p`.`Id`, `p`.`Amount`, `p`.`Balance_Amount`, `p`.`Balance_Spent`, `p`.`Created_At`, `p`.`Name`, `p`.`Patients_Id`, `p`.`Type`, `p`.`Updated_At`
FROM `Patients_Insurance_Loan` AS `p`
WHERE `p`.`Patients_Id` = @__p_0
2023-10-04 11:33:07.960 +05:30  INF  Executed DbCommand (0ms) [Parameters=[@__p_0='?' (DbType = Int64)], CommandType='"Text"', CommandTimeout='30']
SELECT `p`.`Id`, `p`.`Created_At`, `p`.`Patient_Id`, `p`.`Report`, `p`.`Report_Date`, `p`.`Report_File`, `p`.`Status`, `p`.`Test_Name`, `p`.`Test_Price`, `p`.`Updated_At`
FROM `Patient_Tests` AS `p`
WHERE `p`.`Patient_Id` = @__p_0
2023-10-04 11:33:07.962 +05:30  INF  Executed DbCommand (1ms) [Parameters=[@__p_0='?' (DbType = Int64)], CommandType='"Text"', CommandTimeout='30']
SELECT `p`.`Id`, `p`.`Address_O`, `p`.`Address_Other`, `p`.`Address_R`, `p`.`City_O`, `p`.`City_Other`, `p`.`City_R`, `p`.`Country_O`, `p`.`Country_Other`, `p`.`Country_R`, `p`.`Created_At`, `p`.`Doctor_Name`, `p`.`Email`, `p`.`Email2`, `p`.`Medical_History_Allergies`, `p`.`Patient_Id`, `p`.`Phone`, `p`.`Phone1`, `p`.`Phone2`, `p`.`Phone3`, `p`.`Phone4`, `p`.`Physician`, `p`.`Reffered_By`, `p`.`Relationship_Type`, `p`.`Special_Notes`, `p`.`Updated_At`, `p`.`Zip_O`, `p`.`Zip_Other`, `p`.`Zip_R`
FROM `Patients_Contact` AS `p`
WHERE `p`.`Patient_Id` = @__p_0
2023-10-04 11:33:07.963 +05:30  INF  Executed DbCommand (0ms) [Parameters=[@__p_0='?' (DbType = Int64)], CommandType='"Text"', CommandTimeout='30']
SELECT `p`.`Id`, `p`.`Created_At`, `p`.`Patient_Id`, `p`.`Report`, `p`.`Report_File`, `p`.`Scan_Name`, `p`.`Status`, `p`.`Type`, `p`.`Updated_At`
FROM `Patient_Scans` AS `p`
WHERE `p`.`Patient_Id` = @__p_0
2023-10-04 11:33:07.965 +05:30  INF  Executed DbCommand (1ms) [Parameters=[], CommandType='"Text"', CommandTimeout='30']
SELECT `p`.`Id`, `p`.`Amount_Type`, `p`.`Balance`, `p`.`Created_At`, `p`.`Credit_Amount`, `p`.`Debit_Amount`, `p`.`Description`, `p`.`Doctor_Id`, `p`.`Patient_Id`, `p`.`Payment_Mode`, `p`.`Updated_At`, `p`.`Workdone_Id`
FROM `Payment_History` AS `p`
2023-10-04 11:33:07.971 +05:30  INF  Executed DbCommand (1ms) [Parameters=[@__p_0='?' (DbType = Int64)], CommandType='"Text"', CommandTimeout='30']
SELECT `p`.`Id`, `p`.`Amount`, `p`.`Balance_Amount`, `p`.`Balance_Spent`, `p`.`Created_At`, `p`.`Name`, `p`.`Patients_Id`, `p`.`Type`, `p`.`Updated_At`
FROM `Patients_Insurance_Loan` AS `p`
WHERE `p`.`Patients_Id` = @__p_0
2023-10-04 11:33:07.972 +05:30  INF  Executed DbCommand (0ms) [Parameters=[@__p_0='?' (DbType = Int64)], CommandType='"Text"', CommandTimeout='30']
SELECT `p`.`Id`, `p`.`Created_At`, `p`.`Patient_Id`, `p`.`Report`, `p`.`Report_Date`, `p`.`Report_File`, `p`.`Status`, `p`.`Test_Name`, `p`.`Test_Price`, `p`.`Updated_At`
FROM `Patient_Tests` AS `p`
WHERE `p`.`Patient_Id` = @__p_0
2023-10-04 11:33:07.975 +05:30  INF  Executed DbCommand (1ms) [Parameters=[@__p_0='?' (DbType = Int64)], CommandType='"Text"', CommandTimeout='30']
SELECT `p`.`Id`, `p`.`Address_O`, `p`.`Address_Other`, `p`.`Address_R`, `p`.`City_O`, `p`.`City_Other`, `p`.`City_R`, `p`.`Country_O`, `p`.`Country_Other`, `p`.`Country_R`, `p`.`Created_At`, `p`.`Doctor_Name`, `p`.`Email`, `p`.`Email2`, `p`.`Medical_History_Allergies`, `p`.`Patient_Id`, `p`.`Phone`, `p`.`Phone1`, `p`.`Phone2`, `p`.`Phone3`, `p`.`Phone4`, `p`.`Physician`, `p`.`Reffered_By`, `p`.`Relationship_Type`, `p`.`Special_Notes`, `p`.`Updated_At`, `p`.`Zip_O`, `p`.`Zip_Other`, `p`.`Zip_R`
FROM `Patients_Contact` AS `p`
WHERE `p`.`Patient_Id` = @__p_0
2023-10-04 11:33:07.976 +05:30  INF  Executed DbCommand (0ms) [Parameters=[@__p_0='?' (DbType = Int64)], CommandType='"Text"', CommandTimeout='30']
SELECT `p`.`Id`, `p`.`Created_At`, `p`.`Patient_Id`, `p`.`Report`, `p`.`Report_File`, `p`.`Scan_Name`, `p`.`Status`, `p`.`Type`, `p`.`Updated_At`
FROM `Patient_Scans` AS `p`
WHERE `p`.`Patient_Id` = @__p_0
2023-10-04 11:33:07.977 +05:30  INF  Executed DbCommand (1ms) [Parameters=[], CommandType='"Text"', CommandTimeout='30']
SELECT `p`.`Id`, `p`.`Amount_Type`, `p`.`Balance`, `p`.`Created_At`, `p`.`Credit_Amount`, `p`.`Debit_Amount`, `p`.`Description`, `p`.`Doctor_Id`, `p`.`Patient_Id`, `p`.`Payment_Mode`, `p`.`Updated_At`, `p`.`Workdone_Id`
FROM `Payment_History` AS `p`
2023-10-04 11:33:07.983 +05:30  INF  Executed DbCommand (1ms) [Parameters=[@__p_0='?' (DbType = Int64)], CommandType='"Text"', CommandTimeout='30']
SELECT `p`.`Id`, `p`.`Amount`, `p`.`Balance_Amount`, `p`.`Balance_Spent`, `p`.`Created_At`, `p`.`Name`, `p`.`Patients_Id`, `p`.`Type`, `p`.`Updated_At`
FROM `Patients_Insurance_Loan` AS `p`
WHERE `p`.`Patients_Id` = @__p_0
2023-10-04 11:33:07.984 +05:30  INF  Executed DbCommand (0ms) [Parameters=[@__p_0='?' (DbType = Int64)], CommandType='"Text"', CommandTimeout='30']
SELECT `p`.`Id`, `p`.`Created_At`, `p`.`Patient_Id`, `p`.`Report`, `p`.`Report_Date`, `p`.`Report_File`, `p`.`Status`, `p`.`Test_Name`, `p`.`Test_Price`, `p`.`Updated_At`
FROM `Patient_Tests` AS `p`
WHERE `p`.`Patient_Id` = @__p_0
2023-10-04 11:33:07.986 +05:30  INF  Executed DbCommand (1ms) [Parameters=[@__p_0='?' (DbType = Int64)], CommandType='"Text"', CommandTimeout='30']
SELECT `p`.`Id`, `p`.`Address_O`, `p`.`Address_Other`, `p`.`Address_R`, `p`.`City_O`, `p`.`City_Other`, `p`.`City_R`, `p`.`Country_O`, `p`.`Country_Other`, `p`.`Country_R`, `p`.`Created_At`, `p`.`Doctor_Name`, `p`.`Email`, `p`.`Email2`, `p`.`Medical_History_Allergies`, `p`.`Patient_Id`, `p`.`Phone`, `p`.`Phone1`, `p`.`Phone2`, `p`.`Phone3`, `p`.`Phone4`, `p`.`Physician`, `p`.`Reffered_By`, `p`.`Relationship_Type`, `p`.`Special_Notes`, `p`.`Updated_At`, `p`.`Zip_O`, `p`.`Zip_Other`, `p`.`Zip_R`
FROM `Patients_Contact` AS `p`
WHERE `p`.`Patient_Id` = @__p_0
2023-10-04 11:33:07.987 +05:30  INF  Executed DbCommand (0ms) [Parameters=[@__p_0='?' (DbType = Int64)], CommandType='"Text"', CommandTimeout='30']
SELECT `p`.`Id`, `p`.`Created_At`, `p`.`Patient_Id`, `p`.`Report`, `p`.`Report_File`, `p`.`Scan_Name`, `p`.`Status`, `p`.`Type`, `p`.`Updated_At`
FROM `Patient_Scans` AS `p`
WHERE `p`.`Patient_Id` = @__p_0
2023-10-04 11:33:07.988 +05:30  INF  Executed DbCommand (1ms) [Parameters=[], CommandType='"Text"', CommandTimeout='30']
SELECT `p`.`Id`, `p`.`Amount_Type`, `p`.`Balance`, `p`.`Created_At`, `p`.`Credit_Amount`, `p`.`Debit_Amount`, `p`.`Description`, `p`.`Doctor_Id`, `p`.`Patient_Id`, `p`.`Payment_Mode`, `p`.`Updated_At`, `p`.`Workdone_Id`
FROM `Payment_History` AS `p`
2023-10-04 11:33:07.995 +05:30  INF  Executed DbCommand (1ms) [Parameters=[@__p_0='?' (DbType = Int64)], CommandType='"Text"', CommandTimeout='30']
SELECT `p`.`Id`, `p`.`Amount`, `p`.`Balance_Amount`, `p`.`Balance_Spent`, `p`.`Created_At`, `p`.`Name`, `p`.`Patients_Id`, `p`.`Type`, `p`.`Updated_At`
FROM `Patients_Insurance_Loan` AS `p`
WHERE `p`.`Patients_Id` = @__p_0
2023-10-04 11:33:07.996 +05:30  INF  Executed DbCommand (0ms) [Parameters=[@__p_0='?' (DbType = Int64)], CommandType='"Text"', CommandTimeout='30']
SELECT `p`.`Id`, `p`.`Created_At`, `p`.`Patient_Id`, `p`.`Report`, `p`.`Report_Date`, `p`.`Report_File`, `p`.`Status`, `p`.`Test_Name`, `p`.`Test_Price`, `p`.`Updated_At`
FROM `Patient_Tests` AS `p`
WHERE `p`.`Patient_Id` = @__p_0
2023-10-04 11:33:07.998 +05:30  INF  Executed DbCommand (1ms) [Parameters=[@__p_0='?' (DbType = Int64)], CommandType='"Text"', CommandTimeout='30']
SELECT `p`.`Id`, `p`.`Address_O`, `p`.`Address_Other`, `p`.`Address_R`, `p`.`City_O`, `p`.`City_Other`, `p`.`City_R`, `p`.`Country_O`, `p`.`Country_Other`, `p`.`Country_R`, `p`.`Created_At`, `p`.`Doctor_Name`, `p`.`Email`, `p`.`Email2`, `p`.`Medical_History_Allergies`, `p`.`Patient_Id`, `p`.`Phone`, `p`.`Phone1`, `p`.`Phone2`, `p`.`Phone3`, `p`.`Phone4`, `p`.`Physician`, `p`.`Reffered_By`, `p`.`Relationship_Type`, `p`.`Special_Notes`, `p`.`Updated_At`, `p`.`Zip_O`, `p`.`Zip_Other`, `p`.`Zip_R`
FROM `Patients_Contact` AS `p`
WHERE `p`.`Patient_Id` = @__p_0
2023-10-04 11:33:08.000 +05:30  INF  Executed DbCommand (0ms) [Parameters=[@__p_0='?' (DbType = Int64)], CommandType='"Text"', CommandTimeout='30']
SELECT `p`.`Id`, `p`.`Created_At`, `p`.`Patient_Id`, `p`.`Report`, `p`.`Report_File`, `p`.`Scan_Name`, `p`.`Status`, `p`.`Type`, `p`.`Updated_At`
FROM `Patient_Scans` AS `p`
WHERE `p`.`Patient_Id` = @__p_0
2023-10-04 11:33:08.001 +05:30  INF  Executed DbCommand (1ms) [Parameters=[], CommandType='"Text"', CommandTimeout='30']
SELECT `p`.`Id`, `p`.`Amount_Type`, `p`.`Balance`, `p`.`Created_At`, `p`.`Credit_Amount`, `p`.`Debit_Amount`, `p`.`Description`, `p`.`Doctor_Id`, `p`.`Patient_Id`, `p`.`Payment_Mode`, `p`.`Updated_At`, `p`.`Workdone_Id`
FROM `Payment_History` AS `p`
2023-10-04 11:33:08.006 +05:30  INF  Executed DbCommand (1ms) [Parameters=[@__p_0='?' (DbType = Int64)], CommandType='"Text"', CommandTimeout='30']
SELECT `p`.`Id`, `p`.`Amount`, `p`.`Balance_Amount`, `p`.`Balance_Spent`, `p`.`Created_At`, `p`.`Name`, `p`.`Patients_Id`, `p`.`Type`, `p`.`Updated_At`
FROM `Patients_Insurance_Loan` AS `p`
WHERE `p`.`Patients_Id` = @__p_0
2023-10-04 11:33:08.008 +05:30  INF  Executed DbCommand (1ms) [Parameters=[@__p_0='?' (DbType = Int64)], CommandType='"Text"', CommandTimeout='30']
SELECT `p`.`Id`, `p`.`Created_At`, `p`.`Patient_Id`, `p`.`Report`, `p`.`Report_Date`, `p`.`Report_File`, `p`.`Status`, `p`.`Test_Name`, `p`.`Test_Price`, `p`.`Updated_At`
FROM `Patient_Tests` AS `p`
WHERE `p`.`Patient_Id` = @__p_0
2023-10-04 11:33:08.010 +05:30  INF  Executed DbCommand (1ms) [Parameters=[@__p_0='?' (DbType = Int64)], CommandType='"Text"', CommandTimeout='30']
SELECT `p`.`Id`, `p`.`Address_O`, `p`.`Address_Other`, `p`.`Address_R`, `p`.`City_O`, `p`.`City_Other`, `p`.`City_R`, `p`.`Country_O`, `p`.`Country_Other`, `p`.`Country_R`, `p`.`Created_At`, `p`.`Doctor_Name`, `p`.`Email`, `p`.`Email2`, `p`.`Medical_History_Allergies`, `p`.`Patient_Id`, `p`.`Phone`, `p`.`Phone1`, `p`.`Phone2`, `p`.`Phone3`, `p`.`Phone4`, `p`.`Physician`, `p`.`Reffered_By`, `p`.`Relationship_Type`, `p`.`Special_Notes`, `p`.`Updated_At`, `p`.`Zip_O`, `p`.`Zip_Other`, `p`.`Zip_R`
FROM `Patients_Contact` AS `p`
WHERE `p`.`Patient_Id` = @__p_0
2023-10-04 11:33:08.012 +05:30  INF  Executed DbCommand (0ms) [Parameters=[@__p_0='?' (DbType = Int64)], CommandType='"Text"', CommandTimeout='30']
SELECT `p`.`Id`, `p`.`Created_At`, `p`.`Patient_Id`, `p`.`Report`, `p`.`Report_File`, `p`.`Scan_Name`, `p`.`Status`, `p`.`Type`, `p`.`Updated_At`
FROM `Patient_Scans` AS `p`
WHERE `p`.`Patient_Id` = @__p_0
2023-10-04 11:33:08.014 +05:30  INF  Executed DbCommand (1ms) [Parameters=[], CommandType='"Text"', CommandTimeout='30']
SELECT `p`.`Id`, `p`.`Amount_Type`, `p`.`Balance`, `p`.`Created_At`, `p`.`Credit_Amount`, `p`.`Debit_Amount`, `p`.`Description`, `p`.`Doctor_Id`, `p`.`Patient_Id`, `p`.`Payment_Mode`, `p`.`Updated_At`, `p`.`Workdone_Id`
FROM `Payment_History` AS `p`
2023-10-04 11:33:08.019 +05:30  INF  Executed DbCommand (1ms) [Parameters=[@__p_0='?' (DbType = Int64)], CommandType='"Text"', CommandTimeout='30']
SELECT `p`.`Id`, `p`.`Amount`, `p`.`Balance_Amount`, `p`.`Balance_Spent`, `p`.`Created_At`, `p`.`Name`, `p`.`Patients_Id`, `p`.`Type`, `p`.`Updated_At`
FROM `Patients_Insurance_Loan` AS `p`
WHERE `p`.`Patients_Id` = @__p_0
2023-10-04 11:33:08.020 +05:30  INF  Executed DbCommand (0ms) [Parameters=[@__p_0='?' (DbType = Int64)], CommandType='"Text"', CommandTimeout='30']
SELECT `p`.`Id`, `p`.`Created_At`, `p`.`Patient_Id`, `p`.`Report`, `p`.`Report_Date`, `p`.`Report_File`, `p`.`Status`, `p`.`Test_Name`, `p`.`Test_Price`, `p`.`Updated_At`
FROM `Patient_Tests` AS `p`
WHERE `p`.`Patient_Id` = @__p_0
2023-10-04 11:33:08.022 +05:30  INF  Executed DbCommand (1ms) [Parameters=[@__p_0='?' (DbType = Int64)], CommandType='"Text"', CommandTimeout='30']
SELECT `p`.`Id`, `p`.`Address_O`, `p`.`Address_Other`, `p`.`Address_R`, `p`.`City_O`, `p`.`City_Other`, `p`.`City_R`, `p`.`Country_O`, `p`.`Country_Other`, `p`.`Country_R`, `p`.`Created_At`, `p`.`Doctor_Name`, `p`.`Email`, `p`.`Email2`, `p`.`Medical_History_Allergies`, `p`.`Patient_Id`, `p`.`Phone`, `p`.`Phone1`, `p`.`Phone2`, `p`.`Phone3`, `p`.`Phone4`, `p`.`Physician`, `p`.`Reffered_By`, `p`.`Relationship_Type`, `p`.`Special_Notes`, `p`.`Updated_At`, `p`.`Zip_O`, `p`.`Zip_Other`, `p`.`Zip_R`
FROM `Patients_Contact` AS `p`
WHERE `p`.`Patient_Id` = @__p_0
2023-10-04 11:33:08.024 +05:30  INF  Executed DbCommand (1ms) [Parameters=[@__p_0='?' (DbType = Int64)], CommandType='"Text"', CommandTimeout='30']
SELECT `p`.`Id`, `p`.`Created_At`, `p`.`Patient_Id`, `p`.`Report`, `p`.`Report_File`, `p`.`Scan_Name`, `p`.`Status`, `p`.`Type`, `p`.`Updated_At`
FROM `Patient_Scans` AS `p`
WHERE `p`.`Patient_Id` = @__p_0
2023-10-04 11:33:08.025 +05:30  INF  Executed DbCommand (1ms) [Parameters=[], CommandType='"Text"', CommandTimeout='30']
SELECT `p`.`Id`, `p`.`Amount_Type`, `p`.`Balance`, `p`.`Created_At`, `p`.`Credit_Amount`, `p`.`Debit_Amount`, `p`.`Description`, `p`.`Doctor_Id`, `p`.`Patient_Id`, `p`.`Payment_Mode`, `p`.`Updated_At`, `p`.`Workdone_Id`
FROM `Payment_History` AS `p`
2023-10-04 11:33:08.030 +05:30  INF  Executed DbCommand (1ms) [Parameters=[@__p_0='?' (DbType = Int64)], CommandType='"Text"', CommandTimeout='30']
SELECT `p`.`Id`, `p`.`Amount`, `p`.`Balance_Amount`, `p`.`Balance_Spent`, `p`.`Created_At`, `p`.`Name`, `p`.`Patients_Id`, `p`.`Type`, `p`.`Updated_At`
FROM `Patients_Insurance_Loan` AS `p`
WHERE `p`.`Patients_Id` = @__p_0
2023-10-04 11:33:08.032 +05:30  INF  Executed DbCommand (0ms) [Parameters=[@__p_0='?' (DbType = Int64)], CommandType='"Text"', CommandTimeout='30']
SELECT `p`.`Id`, `p`.`Created_At`, `p`.`Patient_Id`, `p`.`Report`, `p`.`Report_Date`, `p`.`Report_File`, `p`.`Status`, `p`.`Test_Name`, `p`.`Test_Price`, `p`.`Updated_At`
FROM `Patient_Tests` AS `p`
WHERE `p`.`Patient_Id` = @__p_0
2023-10-04 11:33:08.034 +05:30  INF  Executed DbCommand (1ms) [Parameters=[@__p_0='?' (DbType = Int64)], CommandType='"Text"', CommandTimeout='30']
SELECT `p`.`Id`, `p`.`Address_O`, `p`.`Address_Other`, `p`.`Address_R`, `p`.`City_O`, `p`.`City_Other`, `p`.`City_R`, `p`.`Country_O`, `p`.`Country_Other`, `p`.`Country_R`, `p`.`Created_At`, `p`.`Doctor_Name`, `p`.`Email`, `p`.`Email2`, `p`.`Medical_History_Allergies`, `p`.`Patient_Id`, `p`.`Phone`, `p`.`Phone1`, `p`.`Phone2`, `p`.`Phone3`, `p`.`Phone4`, `p`.`Physician`, `p`.`Reffered_By`, `p`.`Relationship_Type`, `p`.`Special_Notes`, `p`.`Updated_At`, `p`.`Zip_O`, `p`.`Zip_Other`, `p`.`Zip_R`
FROM `Patients_Contact` AS `p`
WHERE `p`.`Patient_Id` = @__p_0
2023-10-04 11:33:08.035 +05:30  INF  Executed DbCommand (0ms) [Parameters=[@__p_0='?' (DbType = Int64)], CommandType='"Text"', CommandTimeout='30']
SELECT `p`.`Id`, `p`.`Created_At`, `p`.`Patient_Id`, `p`.`Report`, `p`.`Report_File`, `p`.`Scan_Name`, `p`.`Status`, `p`.`Type`, `p`.`Updated_At`
FROM `Patient_Scans` AS `p`
WHERE `p`.`Patient_Id` = @__p_0
2023-10-04 11:33:08.036 +05:30  INF  Executed DbCommand (1ms) [Parameters=[], CommandType='"Text"', CommandTimeout='30']
SELECT `p`.`Id`, `p`.`Amount_Type`, `p`.`Balance`, `p`.`Created_At`, `p`.`Credit_Amount`, `p`.`Debit_Amount`, `p`.`Description`, `p`.`Doctor_Id`, `p`.`Patient_Id`, `p`.`Payment_Mode`, `p`.`Updated_At`, `p`.`Workdone_Id`
FROM `Payment_History` AS `p`
2023-10-04 11:33:08.042 +05:30  INF  Executed DbCommand (1ms) [Parameters=[@__p_0='?' (DbType = Int64)], CommandType='"Text"', CommandTimeout='30']
SELECT `p`.`Id`, `p`.`Amount`, `p`.`Balance_Amount`, `p`.`Balance_Spent`, `p`.`Created_At`, `p`.`Name`, `p`.`Patients_Id`, `p`.`Type`, `p`.`Updated_At`
FROM `Patients_Insurance_Loan` AS `p`
WHERE `p`.`Patients_Id` = @__p_0
2023-10-04 11:33:08.043 +05:30  INF  Executed DbCommand (0ms) [Parameters=[@__p_0='?' (DbType = Int64)], CommandType='"Text"', CommandTimeout='30']
SELECT `p`.`Id`, `p`.`Created_At`, `p`.`Patient_Id`, `p`.`Report`, `p`.`Report_Date`, `p`.`Report_File`, `p`.`Status`, `p`.`Test_Name`, `p`.`Test_Price`, `p`.`Updated_At`
FROM `Patient_Tests` AS `p`
WHERE `p`.`Patient_Id` = @__p_0
2023-10-04 11:33:08.045 +05:30  INF  Executed DbCommand (1ms) [Parameters=[@__p_0='?' (DbType = Int64)], CommandType='"Text"', CommandTimeout='30']
SELECT `p`.`Id`, `p`.`Address_O`, `p`.`Address_Other`, `p`.`Address_R`, `p`.`City_O`, `p`.`City_Other`, `p`.`City_R`, `p`.`Country_O`, `p`.`Country_Other`, `p`.`Country_R`, `p`.`Created_At`, `p`.`Doctor_Name`, `p`.`Email`, `p`.`Email2`, `p`.`Medical_History_Allergies`, `p`.`Patient_Id`, `p`.`Phone`, `p`.`Phone1`, `p`.`Phone2`, `p`.`Phone3`, `p`.`Phone4`, `p`.`Physician`, `p`.`Reffered_By`, `p`.`Relationship_Type`, `p`.`Special_Notes`, `p`.`Updated_At`, `p`.`Zip_O`, `p`.`Zip_Other`, `p`.`Zip_R`
FROM `Patients_Contact` AS `p`
WHERE `p`.`Patient_Id` = @__p_0
2023-10-04 11:33:08.046 +05:30  INF  Executed DbCommand (0ms) [Parameters=[@__p_0='?' (DbType = Int64)], CommandType='"Text"', CommandTimeout='30']
SELECT `p`.`Id`, `p`.`Created_At`, `p`.`Patient_Id`, `p`.`Report`, `p`.`Report_File`, `p`.`Scan_Name`, `p`.`Status`, `p`.`Type`, `p`.`Updated_At`
FROM `Patient_Scans` AS `p`
WHERE `p`.`Patient_Id` = @__p_0
2023-10-04 11:33:08.048 +05:30  INF  Executed DbCommand (1ms) [Parameters=[], CommandType='"Text"', CommandTimeout='30']
SELECT `p`.`Id`, `p`.`Amount_Type`, `p`.`Balance`, `p`.`Created_At`, `p`.`Credit_Amount`, `p`.`Debit_Amount`, `p`.`Description`, `p`.`Doctor_Id`, `p`.`Patient_Id`, `p`.`Payment_Mode`, `p`.`Updated_At`, `p`.`Workdone_Id`
FROM `Payment_History` AS `p`
2023-10-04 11:33:08.053 +05:30  INF  Executed DbCommand (1ms) [Parameters=[@__p_0='?' (DbType = Int64)], CommandType='"Text"', CommandTimeout='30']
SELECT `p`.`Id`, `p`.`Amount`, `p`.`Balance_Amount`, `p`.`Balance_Spent`, `p`.`Created_At`, `p`.`Name`, `p`.`Patients_Id`, `p`.`Type`, `p`.`Updated_At`
FROM `Patients_Insurance_Loan` AS `p`
WHERE `p`.`Patients_Id` = @__p_0
2023-10-04 11:33:08.054 +05:30  INF  Executed DbCommand (1ms) [Parameters=[@__p_0='?' (DbType = Int64)], CommandType='"Text"', CommandTimeout='30']
SELECT `p`.`Id`, `p`.`Created_At`, `p`.`Patient_Id`, `p`.`Report`, `p`.`Report_Date`, `p`.`Report_File`, `p`.`Status`, `p`.`Test_Name`, `p`.`Test_Price`, `p`.`Updated_At`
FROM `Patient_Tests` AS `p`
WHERE `p`.`Patient_Id` = @__p_0
2023-10-04 11:33:08.056 +05:30  INF  Executed DbCommand (1ms) [Parameters=[@__p_0='?' (DbType = Int64)], CommandType='"Text"', CommandTimeout='30']
SELECT `p`.`Id`, `p`.`Address_O`, `p`.`Address_Other`, `p`.`Address_R`, `p`.`City_O`, `p`.`City_Other`, `p`.`City_R`, `p`.`Country_O`, `p`.`Country_Other`, `p`.`Country_R`, `p`.`Created_At`, `p`.`Doctor_Name`, `p`.`Email`, `p`.`Email2`, `p`.`Medical_History_Allergies`, `p`.`Patient_Id`, `p`.`Phone`, `p`.`Phone1`, `p`.`Phone2`, `p`.`Phone3`, `p`.`Phone4`, `p`.`Physician`, `p`.`Reffered_By`, `p`.`Relationship_Type`, `p`.`Special_Notes`, `p`.`Updated_At`, `p`.`Zip_O`, `p`.`Zip_Other`, `p`.`Zip_R`
FROM `Patients_Contact` AS `p`
WHERE `p`.`Patient_Id` = @__p_0
2023-10-04 11:33:08.058 +05:30  INF  Executed DbCommand (1ms) [Parameters=[@__p_0='?' (DbType = Int64)], CommandType='"Text"', CommandTimeout='30']
SELECT `p`.`Id`, `p`.`Created_At`, `p`.`Patient_Id`, `p`.`Report`, `p`.`Report_File`, `p`.`Scan_Name`, `p`.`Status`, `p`.`Type`, `p`.`Updated_At`
FROM `Patient_Scans` AS `p`
WHERE `p`.`Patient_Id` = @__p_0
2023-10-04 11:33:08.060 +05:30  INF  Executed DbCommand (1ms) [Parameters=[], CommandType='"Text"', CommandTimeout='30']
SELECT `p`.`Id`, `p`.`Amount_Type`, `p`.`Balance`, `p`.`Created_At`, `p`.`Credit_Amount`, `p`.`Debit_Amount`, `p`.`Description`, `p`.`Doctor_Id`, `p`.`Patient_Id`, `p`.`Payment_Mode`, `p`.`Updated_At`, `p`.`Workdone_Id`
FROM `Payment_History` AS `p`
2023-10-04 11:33:08.065 +05:30  INF  Executed DbCommand (1ms) [Parameters=[@__p_0='?' (DbType = Int64)], CommandType='"Text"', CommandTimeout='30']
SELECT `p`.`Id`, `p`.`Amount`, `p`.`Balance_Amount`, `p`.`Balance_Spent`, `p`.`Created_At`, `p`.`Name`, `p`.`Patients_Id`, `p`.`Type`, `p`.`Updated_At`
FROM `Patients_Insurance_Loan` AS `p`
WHERE `p`.`Patients_Id` = @__p_0
2023-10-04 11:33:08.066 +05:30  INF  Executed DbCommand (0ms) [Parameters=[@__p_0='?' (DbType = Int64)], CommandType='"Text"', CommandTimeout='30']
SELECT `p`.`Id`, `p`.`Created_At`, `p`.`Patient_Id`, `p`.`Report`, `p`.`Report_Date`, `p`.`Report_File`, `p`.`Status`, `p`.`Test_Name`, `p`.`Test_Price`, `p`.`Updated_At`
FROM `Patient_Tests` AS `p`
WHERE `p`.`Patient_Id` = @__p_0
2023-10-04 11:33:08.068 +05:30  INF  Executed DbCommand (1ms) [Parameters=[@__p_0='?' (DbType = Int64)], CommandType='"Text"', CommandTimeout='30']
SELECT `p`.`Id`, `p`.`Address_O`, `p`.`Address_Other`, `p`.`Address_R`, `p`.`City_O`, `p`.`City_Other`, `p`.`City_R`, `p`.`Country_O`, `p`.`Country_Other`, `p`.`Country_R`, `p`.`Created_At`, `p`.`Doctor_Name`, `p`.`Email`, `p`.`Email2`, `p`.`Medical_History_Allergies`, `p`.`Patient_Id`, `p`.`Phone`, `p`.`Phone1`, `p`.`Phone2`, `p`.`Phone3`, `p`.`Phone4`, `p`.`Physician`, `p`.`Reffered_By`, `p`.`Relationship_Type`, `p`.`Special_Notes`, `p`.`Updated_At`, `p`.`Zip_O`, `p`.`Zip_Other`, `p`.`Zip_R`
FROM `Patients_Contact` AS `p`
WHERE `p`.`Patient_Id` = @__p_0
2023-10-04 11:33:08.069 +05:30  INF  Executed DbCommand (0ms) [Parameters=[@__p_0='?' (DbType = Int64)], CommandType='"Text"', CommandTimeout='30']
SELECT `p`.`Id`, `p`.`Created_At`, `p`.`Patient_Id`, `p`.`Report`, `p`.`Report_File`, `p`.`Scan_Name`, `p`.`Status`, `p`.`Type`, `p`.`Updated_At`
FROM `Patient_Scans` AS `p`
WHERE `p`.`Patient_Id` = @__p_0
2023-10-04 11:33:08.070 +05:30  INF  Executed DbCommand (1ms) [Parameters=[], CommandType='"Text"', CommandTimeout='30']
SELECT `p`.`Id`, `p`.`Amount_Type`, `p`.`Balance`, `p`.`Created_At`, `p`.`Credit_Amount`, `p`.`Debit_Amount`, `p`.`Description`, `p`.`Doctor_Id`, `p`.`Patient_Id`, `p`.`Payment_Mode`, `p`.`Updated_At`, `p`.`Workdone_Id`
FROM `Payment_History` AS `p`
2023-10-04 11:33:08.077 +05:30  INF  Executed DbCommand (1ms) [Parameters=[@__p_0='?' (DbType = Int64)], CommandType='"Text"', CommandTimeout='30']
SELECT `p`.`Id`, `p`.`Amount`, `p`.`Balance_Amount`, `p`.`Balance_Spent`, `p`.`Created_At`, `p`.`Name`, `p`.`Patients_Id`, `p`.`Type`, `p`.`Updated_At`
FROM `Patients_Insurance_Loan` AS `p`
WHERE `p`.`Patients_Id` = @__p_0
2023-10-04 11:33:08.078 +05:30  INF  Executed DbCommand (0ms) [Parameters=[@__p_0='?' (DbType = Int64)], CommandType='"Text"', CommandTimeout='30']
SELECT `p`.`Id`, `p`.`Created_At`, `p`.`Patient_Id`, `p`.`Report`, `p`.`Report_Date`, `p`.`Report_File`, `p`.`Status`, `p`.`Test_Name`, `p`.`Test_Price`, `p`.`Updated_At`
FROM `Patient_Tests` AS `p`
WHERE `p`.`Patient_Id` = @__p_0
2023-10-04 11:33:08.080 +05:30  INF  Executed DbCommand (1ms) [Parameters=[@__p_0='?' (DbType = Int64)], CommandType='"Text"', CommandTimeout='30']
SELECT `p`.`Id`, `p`.`Address_O`, `p`.`Address_Other`, `p`.`Address_R`, `p`.`City_O`, `p`.`City_Other`, `p`.`City_R`, `p`.`Country_O`, `p`.`Country_Other`, `p`.`Country_R`, `p`.`Created_At`, `p`.`Doctor_Name`, `p`.`Email`, `p`.`Email2`, `p`.`Medical_History_Allergies`, `p`.`Patient_Id`, `p`.`Phone`, `p`.`Phone1`, `p`.`Phone2`, `p`.`Phone3`, `p`.`Phone4`, `p`.`Physician`, `p`.`Reffered_By`, `p`.`Relationship_Type`, `p`.`Special_Notes`, `p`.`Updated_At`, `p`.`Zip_O`, `p`.`Zip_Other`, `p`.`Zip_R`
FROM `Patients_Contact` AS `p`
WHERE `p`.`Patient_Id` = @__p_0
2023-10-04 11:33:08.081 +05:30  INF  Executed DbCommand (0ms) [Parameters=[@__p_0='?' (DbType = Int64)], CommandType='"Text"', CommandTimeout='30']
SELECT `p`.`Id`, `p`.`Created_At`, `p`.`Patient_Id`, `p`.`Report`, `p`.`Report_File`, `p`.`Scan_Name`, `p`.`Status`, `p`.`Type`, `p`.`Updated_At`
FROM `Patient_Scans` AS `p`
WHERE `p`.`Patient_Id` = @__p_0
2023-10-04 11:33:08.083 +05:30  INF  Executed DbCommand (1ms) [Parameters=[], CommandType='"Text"', CommandTimeout='30']
SELECT `p`.`Id`, `p`.`Amount_Type`, `p`.`Balance`, `p`.`Created_At`, `p`.`Credit_Amount`, `p`.`Debit_Amount`, `p`.`Description`, `p`.`Doctor_Id`, `p`.`Patient_Id`, `p`.`Payment_Mode`, `p`.`Updated_At`, `p`.`Workdone_Id`
FROM `Payment_History` AS `p`
2023-10-04 11:33:08.088 +05:30  INF  Executed DbCommand (1ms) [Parameters=[@__p_0='?' (DbType = Int64)], CommandType='"Text"', CommandTimeout='30']
SELECT `p`.`Id`, `p`.`Amount`, `p`.`Balance_Amount`, `p`.`Balance_Spent`, `p`.`Created_At`, `p`.`Name`, `p`.`Patients_Id`, `p`.`Type`, `p`.`Updated_At`
FROM `Patients_Insurance_Loan` AS `p`
WHERE `p`.`Patients_Id` = @__p_0
2023-10-04 11:33:08.090 +05:30  INF  Executed DbCommand (1ms) [Parameters=[@__p_0='?' (DbType = Int64)], CommandType='"Text"', CommandTimeout='30']
SELECT `p`.`Id`, `p`.`Created_At`, `p`.`Patient_Id`, `p`.`Report`, `p`.`Report_Date`, `p`.`Report_File`, `p`.`Status`, `p`.`Test_Name`, `p`.`Test_Price`, `p`.`Updated_At`
FROM `Patient_Tests` AS `p`
WHERE `p`.`Patient_Id` = @__p_0
2023-10-04 11:33:08.093 +05:30  INF  Executed DbCommand (2ms) [Parameters=[@__p_0='?' (DbType = Int64)], CommandType='"Text"', CommandTimeout='30']
SELECT `p`.`Id`, `p`.`Address_O`, `p`.`Address_Other`, `p`.`Address_R`, `p`.`City_O`, `p`.`City_Other`, `p`.`City_R`, `p`.`Country_O`, `p`.`Country_Other`, `p`.`Country_R`, `p`.`Created_At`, `p`.`Doctor_Name`, `p`.`Email`, `p`.`Email2`, `p`.`Medical_History_Allergies`, `p`.`Patient_Id`, `p`.`Phone`, `p`.`Phone1`, `p`.`Phone2`, `p`.`Phone3`, `p`.`Phone4`, `p`.`Physician`, `p`.`Reffered_By`, `p`.`Relationship_Type`, `p`.`Special_Notes`, `p`.`Updated_At`, `p`.`Zip_O`, `p`.`Zip_Other`, `p`.`Zip_R`
FROM `Patients_Contact` AS `p`
WHERE `p`.`Patient_Id` = @__p_0
2023-10-04 11:33:08.095 +05:30  INF  Executed DbCommand (1ms) [Parameters=[@__p_0='?' (DbType = Int64)], CommandType='"Text"', CommandTimeout='30']
SELECT `p`.`Id`, `p`.`Created_At`, `p`.`Patient_Id`, `p`.`Report`, `p`.`Report_File`, `p`.`Scan_Name`, `p`.`Status`, `p`.`Type`, `p`.`Updated_At`
FROM `Patient_Scans` AS `p`
WHERE `p`.`Patient_Id` = @__p_0
2023-10-04 11:33:08.096 +05:30  INF  Executed DbCommand (1ms) [Parameters=[], CommandType='"Text"', CommandTimeout='30']
SELECT `p`.`Id`, `p`.`Amount_Type`, `p`.`Balance`, `p`.`Created_At`, `p`.`Credit_Amount`, `p`.`Debit_Amount`, `p`.`Description`, `p`.`Doctor_Id`, `p`.`Patient_Id`, `p`.`Payment_Mode`, `p`.`Updated_At`, `p`.`Workdone_Id`
FROM `Payment_History` AS `p`
2023-10-04 11:33:08.101 +05:30  INF  Executed DbCommand (1ms) [Parameters=[@__p_0='?' (DbType = Int64)], CommandType='"Text"', CommandTimeout='30']
SELECT `p`.`Id`, `p`.`Amount`, `p`.`Balance_Amount`, `p`.`Balance_Spent`, `p`.`Created_At`, `p`.`Name`, `p`.`Patients_Id`, `p`.`Type`, `p`.`Updated_At`
FROM `Patients_Insurance_Loan` AS `p`
WHERE `p`.`Patients_Id` = @__p_0
2023-10-04 11:33:08.102 +05:30  INF  Executed DbCommand (0ms) [Parameters=[@__p_0='?' (DbType = Int64)], CommandType='"Text"', CommandTimeout='30']
SELECT `p`.`Id`, `p`.`Created_At`, `p`.`Patient_Id`, `p`.`Report`, `p`.`Report_Date`, `p`.`Report_File`, `p`.`Status`, `p`.`Test_Name`, `p`.`Test_Price`, `p`.`Updated_At`
FROM `Patient_Tests` AS `p`
WHERE `p`.`Patient_Id` = @__p_0
2023-10-04 11:33:08.105 +05:30  INF  Executed DbCommand (1ms) [Parameters=[@__p_0='?' (DbType = Int64)], CommandType='"Text"', CommandTimeout='30']
SELECT `p`.`Id`, `p`.`Address_O`, `p`.`Address_Other`, `p`.`Address_R`, `p`.`City_O`, `p`.`City_Other`, `p`.`City_R`, `p`.`Country_O`, `p`.`Country_Other`, `p`.`Country_R`, `p`.`Created_At`, `p`.`Doctor_Name`, `p`.`Email`, `p`.`Email2`, `p`.`Medical_History_Allergies`, `p`.`Patient_Id`, `p`.`Phone`, `p`.`Phone1`, `p`.`Phone2`, `p`.`Phone3`, `p`.`Phone4`, `p`.`Physician`, `p`.`Reffered_By`, `p`.`Relationship_Type`, `p`.`Special_Notes`, `p`.`Updated_At`, `p`.`Zip_O`, `p`.`Zip_Other`, `p`.`Zip_R`
FROM `Patients_Contact` AS `p`
WHERE `p`.`Patient_Id` = @__p_0
2023-10-04 11:33:08.106 +05:30  INF  Executed DbCommand (0ms) [Parameters=[@__p_0='?' (DbType = Int64)], CommandType='"Text"', CommandTimeout='30']
SELECT `p`.`Id`, `p`.`Created_At`, `p`.`Patient_Id`, `p`.`Report`, `p`.`Report_File`, `p`.`Scan_Name`, `p`.`Status`, `p`.`Type`, `p`.`Updated_At`
FROM `Patient_Scans` AS `p`
WHERE `p`.`Patient_Id` = @__p_0
2023-10-04 11:33:08.107 +05:30  INF  Executed DbCommand (1ms) [Parameters=[], CommandType='"Text"', CommandTimeout='30']
SELECT `p`.`Id`, `p`.`Amount_Type`, `p`.`Balance`, `p`.`Created_At`, `p`.`Credit_Amount`, `p`.`Debit_Amount`, `p`.`Description`, `p`.`Doctor_Id`, `p`.`Patient_Id`, `p`.`Payment_Mode`, `p`.`Updated_At`, `p`.`Workdone_Id`
FROM `Payment_History` AS `p`
2023-10-04 11:33:08.113 +05:30  INF  Executed DbCommand (1ms) [Parameters=[@__p_0='?' (DbType = Int64)], CommandType='"Text"', CommandTimeout='30']
SELECT `p`.`Id`, `p`.`Amount`, `p`.`Balance_Amount`, `p`.`Balance_Spent`, `p`.`Created_At`, `p`.`Name`, `p`.`Patients_Id`, `p`.`Type`, `p`.`Updated_At`
FROM `Patients_Insurance_Loan` AS `p`
WHERE `p`.`Patients_Id` = @__p_0
2023-10-04 11:33:08.114 +05:30  INF  Executed DbCommand (0ms) [Parameters=[@__p_0='?' (DbType = Int64)], CommandType='"Text"', CommandTimeout='30']
SELECT `p`.`Id`, `p`.`Created_At`, `p`.`Patient_Id`, `p`.`Report`, `p`.`Report_Date`, `p`.`Report_File`, `p`.`Status`, `p`.`Test_Name`, `p`.`Test_Price`, `p`.`Updated_At`
FROM `Patient_Tests` AS `p`
WHERE `p`.`Patient_Id` = @__p_0
2023-10-04 11:33:08.116 +05:30  INF  Executed DbCommand (1ms) [Parameters=[@__p_0='?' (DbType = Int64)], CommandType='"Text"', CommandTimeout='30']
SELECT `p`.`Id`, `p`.`Address_O`, `p`.`Address_Other`, `p`.`Address_R`, `p`.`City_O`, `p`.`City_Other`, `p`.`City_R`, `p`.`Country_O`, `p`.`Country_Other`, `p`.`Country_R`, `p`.`Created_At`, `p`.`Doctor_Name`, `p`.`Email`, `p`.`Email2`, `p`.`Medical_History_Allergies`, `p`.`Patient_Id`, `p`.`Phone`, `p`.`Phone1`, `p`.`Phone2`, `p`.`Phone3`, `p`.`Phone4`, `p`.`Physician`, `p`.`Reffered_By`, `p`.`Relationship_Type`, `p`.`Special_Notes`, `p`.`Updated_At`, `p`.`Zip_O`, `p`.`Zip_Other`, `p`.`Zip_R`
FROM `Patients_Contact` AS `p`
WHERE `p`.`Patient_Id` = @__p_0
2023-10-04 11:33:08.117 +05:30  INF  Executed DbCommand (0ms) [Parameters=[@__p_0='?' (DbType = Int64)], CommandType='"Text"', CommandTimeout='30']
SELECT `p`.`Id`, `p`.`Created_At`, `p`.`Patient_Id`, `p`.`Report`, `p`.`Report_File`, `p`.`Scan_Name`, `p`.`Status`, `p`.`Type`, `p`.`Updated_At`
FROM `Patient_Scans` AS `p`
WHERE `p`.`Patient_Id` = @__p_0
2023-10-04 11:33:08.118 +05:30  INF  Executed DbCommand (1ms) [Parameters=[], CommandType='"Text"', CommandTimeout='30']
SELECT `p`.`Id`, `p`.`Amount_Type`, `p`.`Balance`, `p`.`Created_At`, `p`.`Credit_Amount`, `p`.`Debit_Amount`, `p`.`Description`, `p`.`Doctor_Id`, `p`.`Patient_Id`, `p`.`Payment_Mode`, `p`.`Updated_At`, `p`.`Workdone_Id`
FROM `Payment_History` AS `p`
2023-10-04 11:33:08.123 +05:30  INF  Executed DbCommand (1ms) [Parameters=[@__p_0='?' (DbType = Int64)], CommandType='"Text"', CommandTimeout='30']
SELECT `p`.`Id`, `p`.`Amount`, `p`.`Balance_Amount`, `p`.`Balance_Spent`, `p`.`Created_At`, `p`.`Name`, `p`.`Patients_Id`, `p`.`Type`, `p`.`Updated_At`
FROM `Patients_Insurance_Loan` AS `p`
WHERE `p`.`Patients_Id` = @__p_0
2023-10-04 11:33:08.125 +05:30  INF  Executed DbCommand (1ms) [Parameters=[@__p_0='?' (DbType = Int64)], CommandType='"Text"', CommandTimeout='30']
SELECT `p`.`Id`, `p`.`Created_At`, `p`.`Patient_Id`, `p`.`Report`, `p`.`Report_Date`, `p`.`Report_File`, `p`.`Status`, `p`.`Test_Name`, `p`.`Test_Price`, `p`.`Updated_At`
FROM `Patient_Tests` AS `p`
WHERE `p`.`Patient_Id` = @__p_0
2023-10-04 11:33:08.127 +05:30  INF  Executed DbCommand (1ms) [Parameters=[@__p_0='?' (DbType = Int64)], CommandType='"Text"', CommandTimeout='30']
SELECT `p`.`Id`, `p`.`Address_O`, `p`.`Address_Other`, `p`.`Address_R`, `p`.`City_O`, `p`.`City_Other`, `p`.`City_R`, `p`.`Country_O`, `p`.`Country_Other`, `p`.`Country_R`, `p`.`Created_At`, `p`.`Doctor_Name`, `p`.`Email`, `p`.`Email2`, `p`.`Medical_History_Allergies`, `p`.`Patient_Id`, `p`.`Phone`, `p`.`Phone1`, `p`.`Phone2`, `p`.`Phone3`, `p`.`Phone4`, `p`.`Physician`, `p`.`Reffered_By`, `p`.`Relationship_Type`, `p`.`Special_Notes`, `p`.`Updated_At`, `p`.`Zip_O`, `p`.`Zip_Other`, `p`.`Zip_R`
FROM `Patients_Contact` AS `p`
WHERE `p`.`Patient_Id` = @__p_0
2023-10-04 11:33:08.129 +05:30  INF  Executed DbCommand (0ms) [Parameters=[@__p_0='?' (DbType = Int64)], CommandType='"Text"', CommandTimeout='30']
SELECT `p`.`Id`, `p`.`Created_At`, `p`.`Patient_Id`, `p`.`Report`, `p`.`Report_File`, `p`.`Scan_Name`, `p`.`Status`, `p`.`Type`, `p`.`Updated_At`
FROM `Patient_Scans` AS `p`
WHERE `p`.`Patient_Id` = @__p_0
2023-10-04 11:33:08.129 +05:30  INF  Executing ObjectResult, writing value of type 'System.Collections.Generic.List`1[[DCRM.Common.Dto.PatientseDto, DCRM.Common, Version=1.0.0.0, Culture=neutral, PublicKeyToken=null]]'.
2023-10-04 11:33:08.165 +05:30  INF  Executed action DCRM.Api.Controllers.PatientController.GetAll (DCRM.Api) in 1214.8959ms
2023-10-04 11:33:08.165 +05:30  INF  Executed endpoint 'DCRM.Api.Controllers.PatientController.GetAll (DCRM.Api)'
2023-10-04 11:33:08.165 +05:30  INF  Request finished HTTP/2 GET https://localhost:7069/api/Patient/GetAll - - - 200 - application/json;+charset=utf-8 1252.6098ms
2023-10-04 11:34:54.841 +05:30  INF  Request starting HTTP/2 GET https://localhost:7069/api/Patient/GetAll - -
2023-10-04 11:34:54.865 +05:30  INF  Executed DbCommand (6ms) [Parameters=[@__id_0='?' (DbType = Int32)], CommandType='"Text"', CommandTimeout='30']
SELECT `u`.`Id`, `u`.`About_Me`, `u`.`Account_Type`, `u`.`Address`, `u`.`Available_Days`, `u`.`Bn_Name`, `u`.`City`, `u`.`Country`, `u`.`Created_At`, `u`.`Currency`, `u`.`Degree`, `u`.`Email`, `u`.`Email_Verified`, `u`.`Enable_Appointment`, `u`.`Enable_Rating`, `u`.`Exp_Years`, `u`.`Facebook`, `u`.`Google_Analytics`, `u`.`Image`, `u`.`Instagram`, `u`.`Linkedin`, `u`.`Name`, `u`.`Parent_Id`, `u`.`Password`, `u`.`Paypal_Email`, `u`.`Paypal_Mode`, `u`.`Paypal_Payment`, `u`.`Paystack_Payment`, `u`.`Paystack_Public_Key`, `u`.`Paystack_Secret_Key`, `u`.`Phone`, `u`.`Publish_Key`, `u`.`Qr_Code`, `u`.`Razorpay_Key_Id`, `u`.`Razorpay_Key_Secret`, `u`.`Razorpay_Payment`, `u`.`Role`, `u`.`Secret_Key`, `u`.`Skype`, `u`.`Slug`, `u`.`Specialist`, `u`.`Status`, `u`.`Stripe_Payment`, `u`.`Thumb`, `u`.`Trial_Expire`, `u`.`Twitter`, `u`.`User_Name`, `u`.`User_Type`, `u`.`Verify_Code`, `u`.`Whatsapp`
FROM `Users` AS `u`
WHERE `u`.`Id` = @__id_0
LIMIT 1
2023-10-04 11:34:54.865 +05:30  INF  Executing endpoint 'DCRM.Api.Controllers.PatientController.GetAll (DCRM.Api)'
2023-10-04 11:34:54.865 +05:30  INF  Route matched with {action = "GetAll", controller = "Patient"}. Executing controller action with signature System.Threading.Tasks.Task`1[System.Collections.Generic.List`1[DCRM.Common.Dto.PatientseDto]] GetAll() on controller DCRM.Api.Controllers.PatientController (DCRM.Api).
2023-10-04 11:34:54.872 +05:30  INF  Executed DbCommand (1ms) [Parameters=[], CommandType='"Text"', CommandTimeout='30']
SELECT `p`.`Id`, `p`.`Age`, `p`.`Chamber_Id`, `p`.`Created_At`, `p`.`Email`, `p`.`Guardian`, `p`.`Is_Delete`, `p`.`Mobile`, `p`.`Mr_Number`, `p`.`Name`, `p`.`Password`, `p`.`Permanent_Address`, `p`.`Present_Address`, `p`.`Role`, `p`.`Sex`, `p`.`Slug`, `p`.`Thumb`, `p`.`Title`, `p`.`UserName`, `p`.`User_Id`, `p`.`Verify_Code`, `p`.`Weight`
FROM `Patientses` AS `p`
WHERE `p`.`Is_Delete` = 0
2023-10-04 11:34:54.879 +05:30  INF  Executed DbCommand (1ms) [Parameters=[], CommandType='"Text"', CommandTimeout='30']
SELECT `p`.`Id`, `p`.`Amount_Type`, `p`.`Balance`, `p`.`Created_At`, `p`.`Credit_Amount`, `p`.`Debit_Amount`, `p`.`Description`, `p`.`Doctor_Id`, `p`.`Patient_Id`, `p`.`Payment_Mode`, `p`.`Updated_At`, `p`.`Workdone_Id`
FROM `Payment_History` AS `p`
2023-10-04 11:34:54.888 +05:30  INF  Executed DbCommand (1ms) [Parameters=[@__p_0='?' (DbType = Int64)], CommandType='"Text"', CommandTimeout='30']
SELECT `p`.`Id`, `p`.`Amount`, `p`.`Balance_Amount`, `p`.`Balance_Spent`, `p`.`Created_At`, `p`.`Name`, `p`.`Patients_Id`, `p`.`Type`, `p`.`Updated_At`
FROM `Patients_Insurance_Loan` AS `p`
WHERE `p`.`Patients_Id` = @__p_0
2023-10-04 11:34:54.889 +05:30  INF  Executed DbCommand (0ms) [Parameters=[@__p_0='?' (DbType = Int64)], CommandType='"Text"', CommandTimeout='30']
SELECT `p`.`Id`, `p`.`Created_At`, `p`.`Patient_Id`, `p`.`Report`, `p`.`Report_Date`, `p`.`Report_File`, `p`.`Status`, `p`.`Test_Name`, `p`.`Test_Price`, `p`.`Updated_At`
FROM `Patient_Tests` AS `p`
WHERE `p`.`Patient_Id` = @__p_0
2023-10-04 11:34:54.890 +05:30  INF  Executed DbCommand (1ms) [Parameters=[@__p_0='?' (DbType = Int64)], CommandType='"Text"', CommandTimeout='30']
SELECT `p`.`Id`, `p`.`Address_O`, `p`.`Address_Other`, `p`.`Address_R`, `p`.`City_O`, `p`.`City_Other`, `p`.`City_R`, `p`.`Country_O`, `p`.`Country_Other`, `p`.`Country_R`, `p`.`Created_At`, `p`.`Doctor_Name`, `p`.`Email`, `p`.`Email2`, `p`.`Medical_History_Allergies`, `p`.`Patient_Id`, `p`.`Phone`, `p`.`Phone1`, `p`.`Phone2`, `p`.`Phone3`, `p`.`Phone4`, `p`.`Physician`, `p`.`Reffered_By`, `p`.`Relationship_Type`, `p`.`Special_Notes`, `p`.`Updated_At`, `p`.`Zip_O`, `p`.`Zip_Other`, `p`.`Zip_R`
FROM `Patients_Contact` AS `p`
WHERE `p`.`Patient_Id` = @__p_0
2023-10-04 11:34:54.892 +05:30  INF  Executed DbCommand (0ms) [Parameters=[@__p_0='?' (DbType = Int64)], CommandType='"Text"', CommandTimeout='30']
SELECT `p`.`Id`, `p`.`Created_At`, `p`.`Patient_Id`, `p`.`Report`, `p`.`Report_File`, `p`.`Scan_Name`, `p`.`Status`, `p`.`Type`, `p`.`Updated_At`
FROM `Patient_Scans` AS `p`
WHERE `p`.`Patient_Id` = @__p_0
2023-10-04 11:34:54.893 +05:30  INF  Executed DbCommand (1ms) [Parameters=[], CommandType='"Text"', CommandTimeout='30']
SELECT `p`.`Id`, `p`.`Amount_Type`, `p`.`Balance`, `p`.`Created_At`, `p`.`Credit_Amount`, `p`.`Debit_Amount`, `p`.`Description`, `p`.`Doctor_Id`, `p`.`Patient_Id`, `p`.`Payment_Mode`, `p`.`Updated_At`, `p`.`Workdone_Id`
FROM `Payment_History` AS `p`
2023-10-04 11:34:54.897 +05:30  INF  Executed DbCommand (1ms) [Parameters=[@__p_0='?' (DbType = Int64)], CommandType='"Text"', CommandTimeout='30']
SELECT `p`.`Id`, `p`.`Amount`, `p`.`Balance_Amount`, `p`.`Balance_Spent`, `p`.`Created_At`, `p`.`Name`, `p`.`Patients_Id`, `p`.`Type`, `p`.`Updated_At`
FROM `Patients_Insurance_Loan` AS `p`
WHERE `p`.`Patients_Id` = @__p_0
2023-10-04 11:34:54.898 +05:30  INF  Executed DbCommand (0ms) [Parameters=[@__p_0='?' (DbType = Int64)], CommandType='"Text"', CommandTimeout='30']
SELECT `p`.`Id`, `p`.`Created_At`, `p`.`Patient_Id`, `p`.`Report`, `p`.`Report_Date`, `p`.`Report_File`, `p`.`Status`, `p`.`Test_Name`, `p`.`Test_Price`, `p`.`Updated_At`
FROM `Patient_Tests` AS `p`
WHERE `p`.`Patient_Id` = @__p_0
2023-10-04 11:34:54.900 +05:30  INF  Executed DbCommand (1ms) [Parameters=[@__p_0='?' (DbType = Int64)], CommandType='"Text"', CommandTimeout='30']
SELECT `p`.`Id`, `p`.`Address_O`, `p`.`Address_Other`, `p`.`Address_R`, `p`.`City_O`, `p`.`City_Other`, `p`.`City_R`, `p`.`Country_O`, `p`.`Country_Other`, `p`.`Country_R`, `p`.`Created_At`, `p`.`Doctor_Name`, `p`.`Email`, `p`.`Email2`, `p`.`Medical_History_Allergies`, `p`.`Patient_Id`, `p`.`Phone`, `p`.`Phone1`, `p`.`Phone2`, `p`.`Phone3`, `p`.`Phone4`, `p`.`Physician`, `p`.`Reffered_By`, `p`.`Relationship_Type`, `p`.`Special_Notes`, `p`.`Updated_At`, `p`.`Zip_O`, `p`.`Zip_Other`, `p`.`Zip_R`
FROM `Patients_Contact` AS `p`
WHERE `p`.`Patient_Id` = @__p_0
2023-10-04 11:34:54.901 +05:30  INF  Executed DbCommand (0ms) [Parameters=[@__p_0='?' (DbType = Int64)], CommandType='"Text"', CommandTimeout='30']
SELECT `p`.`Id`, `p`.`Created_At`, `p`.`Patient_Id`, `p`.`Report`, `p`.`Report_File`, `p`.`Scan_Name`, `p`.`Status`, `p`.`Type`, `p`.`Updated_At`
FROM `Patient_Scans` AS `p`
WHERE `p`.`Patient_Id` = @__p_0
2023-10-04 11:34:54.903 +05:30  INF  Executed DbCommand (1ms) [Parameters=[], CommandType='"Text"', CommandTimeout='30']
SELECT `p`.`Id`, `p`.`Amount_Type`, `p`.`Balance`, `p`.`Created_At`, `p`.`Credit_Amount`, `p`.`Debit_Amount`, `p`.`Description`, `p`.`Doctor_Id`, `p`.`Patient_Id`, `p`.`Payment_Mode`, `p`.`Updated_At`, `p`.`Workdone_Id`
FROM `Payment_History` AS `p`
2023-10-04 11:34:54.907 +05:30  INF  Executed DbCommand (1ms) [Parameters=[@__p_0='?' (DbType = Int64)], CommandType='"Text"', CommandTimeout='30']
SELECT `p`.`Id`, `p`.`Amount`, `p`.`Balance_Amount`, `p`.`Balance_Spent`, `p`.`Created_At`, `p`.`Name`, `p`.`Patients_Id`, `p`.`Type`, `p`.`Updated_At`
FROM `Patients_Insurance_Loan` AS `p`
WHERE `p`.`Patients_Id` = @__p_0
2023-10-04 11:34:54.908 +05:30  INF  Executed DbCommand (0ms) [Parameters=[@__p_0='?' (DbType = Int64)], CommandType='"Text"', CommandTimeout='30']
SELECT `p`.`Id`, `p`.`Created_At`, `p`.`Patient_Id`, `p`.`Report`, `p`.`Report_Date`, `p`.`Report_File`, `p`.`Status`, `p`.`Test_Name`, `p`.`Test_Price`, `p`.`Updated_At`
FROM `Patient_Tests` AS `p`
WHERE `p`.`Patient_Id` = @__p_0
2023-10-04 11:34:54.910 +05:30  INF  Executed DbCommand (1ms) [Parameters=[@__p_0='?' (DbType = Int64)], CommandType='"Text"', CommandTimeout='30']
SELECT `p`.`Id`, `p`.`Address_O`, `p`.`Address_Other`, `p`.`Address_R`, `p`.`City_O`, `p`.`City_Other`, `p`.`City_R`, `p`.`Country_O`, `p`.`Country_Other`, `p`.`Country_R`, `p`.`Created_At`, `p`.`Doctor_Name`, `p`.`Email`, `p`.`Email2`, `p`.`Medical_History_Allergies`, `p`.`Patient_Id`, `p`.`Phone`, `p`.`Phone1`, `p`.`Phone2`, `p`.`Phone3`, `p`.`Phone4`, `p`.`Physician`, `p`.`Reffered_By`, `p`.`Relationship_Type`, `p`.`Special_Notes`, `p`.`Updated_At`, `p`.`Zip_O`, `p`.`Zip_Other`, `p`.`Zip_R`
FROM `Patients_Contact` AS `p`
WHERE `p`.`Patient_Id` = @__p_0
2023-10-04 11:34:54.911 +05:30  INF  Executed DbCommand (0ms) [Parameters=[@__p_0='?' (DbType = Int64)], CommandType='"Text"', CommandTimeout='30']
SELECT `p`.`Id`, `p`.`Created_At`, `p`.`Patient_Id`, `p`.`Report`, `p`.`Report_File`, `p`.`Scan_Name`, `p`.`Status`, `p`.`Type`, `p`.`Updated_At`
FROM `Patient_Scans` AS `p`
WHERE `p`.`Patient_Id` = @__p_0
2023-10-04 11:34:54.912 +05:30  INF  Executed DbCommand (1ms) [Parameters=[], CommandType='"Text"', CommandTimeout='30']
SELECT `p`.`Id`, `p`.`Amount_Type`, `p`.`Balance`, `p`.`Created_At`, `p`.`Credit_Amount`, `p`.`Debit_Amount`, `p`.`Description`, `p`.`Doctor_Id`, `p`.`Patient_Id`, `p`.`Payment_Mode`, `p`.`Updated_At`, `p`.`Workdone_Id`
FROM `Payment_History` AS `p`
2023-10-04 11:34:54.917 +05:30  INF  Executed DbCommand (1ms) [Parameters=[@__p_0='?' (DbType = Int64)], CommandType='"Text"', CommandTimeout='30']
SELECT `p`.`Id`, `p`.`Amount`, `p`.`Balance_Amount`, `p`.`Balance_Spent`, `p`.`Created_At`, `p`.`Name`, `p`.`Patients_Id`, `p`.`Type`, `p`.`Updated_At`
FROM `Patients_Insurance_Loan` AS `p`
WHERE `p`.`Patients_Id` = @__p_0
2023-10-04 11:34:54.918 +05:30  INF  Executed DbCommand (0ms) [Parameters=[@__p_0='?' (DbType = Int64)], CommandType='"Text"', CommandTimeout='30']
SELECT `p`.`Id`, `p`.`Created_At`, `p`.`Patient_Id`, `p`.`Report`, `p`.`Report_Date`, `p`.`Report_File`, `p`.`Status`, `p`.`Test_Name`, `p`.`Test_Price`, `p`.`Updated_At`
FROM `Patient_Tests` AS `p`
WHERE `p`.`Patient_Id` = @__p_0
2023-10-04 11:34:54.921 +05:30  INF  Executed DbCommand (1ms) [Parameters=[@__p_0='?' (DbType = Int64)], CommandType='"Text"', CommandTimeout='30']
SELECT `p`.`Id`, `p`.`Address_O`, `p`.`Address_Other`, `p`.`Address_R`, `p`.`City_O`, `p`.`City_Other`, `p`.`City_R`, `p`.`Country_O`, `p`.`Country_Other`, `p`.`Country_R`, `p`.`Created_At`, `p`.`Doctor_Name`, `p`.`Email`, `p`.`Email2`, `p`.`Medical_History_Allergies`, `p`.`Patient_Id`, `p`.`Phone`, `p`.`Phone1`, `p`.`Phone2`, `p`.`Phone3`, `p`.`Phone4`, `p`.`Physician`, `p`.`Reffered_By`, `p`.`Relationship_Type`, `p`.`Special_Notes`, `p`.`Updated_At`, `p`.`Zip_O`, `p`.`Zip_Other`, `p`.`Zip_R`
FROM `Patients_Contact` AS `p`
WHERE `p`.`Patient_Id` = @__p_0
2023-10-04 11:34:54.922 +05:30  INF  Executed DbCommand (0ms) [Parameters=[@__p_0='?' (DbType = Int64)], CommandType='"Text"', CommandTimeout='30']
SELECT `p`.`Id`, `p`.`Created_At`, `p`.`Patient_Id`, `p`.`Report`, `p`.`Report_File`, `p`.`Scan_Name`, `p`.`Status`, `p`.`Type`, `p`.`Updated_At`
FROM `Patient_Scans` AS `p`
WHERE `p`.`Patient_Id` = @__p_0
2023-10-04 11:34:54.923 +05:30  INF  Executed DbCommand (1ms) [Parameters=[], CommandType='"Text"', CommandTimeout='30']
SELECT `p`.`Id`, `p`.`Amount_Type`, `p`.`Balance`, `p`.`Created_At`, `p`.`Credit_Amount`, `p`.`Debit_Amount`, `p`.`Description`, `p`.`Doctor_Id`, `p`.`Patient_Id`, `p`.`Payment_Mode`, `p`.`Updated_At`, `p`.`Workdone_Id`
FROM `Payment_History` AS `p`
2023-10-04 11:34:54.928 +05:30  INF  Executed DbCommand (1ms) [Parameters=[@__p_0='?' (DbType = Int64)], CommandType='"Text"', CommandTimeout='30']
SELECT `p`.`Id`, `p`.`Amount`, `p`.`Balance_Amount`, `p`.`Balance_Spent`, `p`.`Created_At`, `p`.`Name`, `p`.`Patients_Id`, `p`.`Type`, `p`.`Updated_At`
FROM `Patients_Insurance_Loan` AS `p`
WHERE `p`.`Patients_Id` = @__p_0
2023-10-04 11:34:54.929 +05:30  INF  Executed DbCommand (0ms) [Parameters=[@__p_0='?' (DbType = Int64)], CommandType='"Text"', CommandTimeout='30']
SELECT `p`.`Id`, `p`.`Created_At`, `p`.`Patient_Id`, `p`.`Report`, `p`.`Report_Date`, `p`.`Report_File`, `p`.`Status`, `p`.`Test_Name`, `p`.`Test_Price`, `p`.`Updated_At`
FROM `Patient_Tests` AS `p`
WHERE `p`.`Patient_Id` = @__p_0
2023-10-04 11:34:54.930 +05:30  INF  Executed DbCommand (1ms) [Parameters=[@__p_0='?' (DbType = Int64)], CommandType='"Text"', CommandTimeout='30']
SELECT `p`.`Id`, `p`.`Address_O`, `p`.`Address_Other`, `p`.`Address_R`, `p`.`City_O`, `p`.`City_Other`, `p`.`City_R`, `p`.`Country_O`, `p`.`Country_Other`, `p`.`Country_R`, `p`.`Created_At`, `p`.`Doctor_Name`, `p`.`Email`, `p`.`Email2`, `p`.`Medical_History_Allergies`, `p`.`Patient_Id`, `p`.`Phone`, `p`.`Phone1`, `p`.`Phone2`, `p`.`Phone3`, `p`.`Phone4`, `p`.`Physician`, `p`.`Reffered_By`, `p`.`Relationship_Type`, `p`.`Special_Notes`, `p`.`Updated_At`, `p`.`Zip_O`, `p`.`Zip_Other`, `p`.`Zip_R`
FROM `Patients_Contact` AS `p`
WHERE `p`.`Patient_Id` = @__p_0
2023-10-04 11:34:54.932 +05:30  INF  Executed DbCommand (0ms) [Parameters=[@__p_0='?' (DbType = Int64)], CommandType='"Text"', CommandTimeout='30']
SELECT `p`.`Id`, `p`.`Created_At`, `p`.`Patient_Id`, `p`.`Report`, `p`.`Report_File`, `p`.`Scan_Name`, `p`.`Status`, `p`.`Type`, `p`.`Updated_At`
FROM `Patient_Scans` AS `p`
WHERE `p`.`Patient_Id` = @__p_0
2023-10-04 11:34:54.933 +05:30  INF  Executed DbCommand (1ms) [Parameters=[], CommandType='"Text"', CommandTimeout='30']
SELECT `p`.`Id`, `p`.`Amount_Type`, `p`.`Balance`, `p`.`Created_At`, `p`.`Credit_Amount`, `p`.`Debit_Amount`, `p`.`Description`, `p`.`Doctor_Id`, `p`.`Patient_Id`, `p`.`Payment_Mode`, `p`.`Updated_At`, `p`.`Workdone_Id`
FROM `Payment_History` AS `p`
2023-10-04 11:34:54.941 +05:30  INF  Executed DbCommand (1ms) [Parameters=[@__p_0='?' (DbType = Int64)], CommandType='"Text"', CommandTimeout='30']
SELECT `p`.`Id`, `p`.`Amount`, `p`.`Balance_Amount`, `p`.`Balance_Spent`, `p`.`Created_At`, `p`.`Name`, `p`.`Patients_Id`, `p`.`Type`, `p`.`Updated_At`
FROM `Patients_Insurance_Loan` AS `p`
WHERE `p`.`Patients_Id` = @__p_0
2023-10-04 11:34:54.942 +05:30  INF  Executed DbCommand (0ms) [Parameters=[@__p_0='?' (DbType = Int64)], CommandType='"Text"', CommandTimeout='30']
SELECT `p`.`Id`, `p`.`Created_At`, `p`.`Patient_Id`, `p`.`Report`, `p`.`Report_Date`, `p`.`Report_File`, `p`.`Status`, `p`.`Test_Name`, `p`.`Test_Price`, `p`.`Updated_At`
FROM `Patient_Tests` AS `p`
WHERE `p`.`Patient_Id` = @__p_0
2023-10-04 11:34:54.944 +05:30  INF  Executed DbCommand (1ms) [Parameters=[@__p_0='?' (DbType = Int64)], CommandType='"Text"', CommandTimeout='30']
SELECT `p`.`Id`, `p`.`Address_O`, `p`.`Address_Other`, `p`.`Address_R`, `p`.`City_O`, `p`.`City_Other`, `p`.`City_R`, `p`.`Country_O`, `p`.`Country_Other`, `p`.`Country_R`, `p`.`Created_At`, `p`.`Doctor_Name`, `p`.`Email`, `p`.`Email2`, `p`.`Medical_History_Allergies`, `p`.`Patient_Id`, `p`.`Phone`, `p`.`Phone1`, `p`.`Phone2`, `p`.`Phone3`, `p`.`Phone4`, `p`.`Physician`, `p`.`Reffered_By`, `p`.`Relationship_Type`, `p`.`Special_Notes`, `p`.`Updated_At`, `p`.`Zip_O`, `p`.`Zip_Other`, `p`.`Zip_R`
FROM `Patients_Contact` AS `p`
WHERE `p`.`Patient_Id` = @__p_0
2023-10-04 11:34:54.945 +05:30  INF  Executed DbCommand (0ms) [Parameters=[@__p_0='?' (DbType = Int64)], CommandType='"Text"', CommandTimeout='30']
SELECT `p`.`Id`, `p`.`Created_At`, `p`.`Patient_Id`, `p`.`Report`, `p`.`Report_File`, `p`.`Scan_Name`, `p`.`Status`, `p`.`Type`, `p`.`Updated_At`
FROM `Patient_Scans` AS `p`
WHERE `p`.`Patient_Id` = @__p_0
2023-10-04 11:34:54.946 +05:30  INF  Executed DbCommand (1ms) [Parameters=[], CommandType='"Text"', CommandTimeout='30']
SELECT `p`.`Id`, `p`.`Amount_Type`, `p`.`Balance`, `p`.`Created_At`, `p`.`Credit_Amount`, `p`.`Debit_Amount`, `p`.`Description`, `p`.`Doctor_Id`, `p`.`Patient_Id`, `p`.`Payment_Mode`, `p`.`Updated_At`, `p`.`Workdone_Id`
FROM `Payment_History` AS `p`
2023-10-04 11:34:54.951 +05:30  INF  Executed DbCommand (1ms) [Parameters=[@__p_0='?' (DbType = Int64)], CommandType='"Text"', CommandTimeout='30']
SELECT `p`.`Id`, `p`.`Amount`, `p`.`Balance_Amount`, `p`.`Balance_Spent`, `p`.`Created_At`, `p`.`Name`, `p`.`Patients_Id`, `p`.`Type`, `p`.`Updated_At`
FROM `Patients_Insurance_Loan` AS `p`
WHERE `p`.`Patients_Id` = @__p_0
2023-10-04 11:34:54.953 +05:30  INF  Executed DbCommand (0ms) [Parameters=[@__p_0='?' (DbType = Int64)], CommandType='"Text"', CommandTimeout='30']
SELECT `p`.`Id`, `p`.`Created_At`, `p`.`Patient_Id`, `p`.`Report`, `p`.`Report_Date`, `p`.`Report_File`, `p`.`Status`, `p`.`Test_Name`, `p`.`Test_Price`, `p`.`Updated_At`
FROM `Patient_Tests` AS `p`
WHERE `p`.`Patient_Id` = @__p_0
2023-10-04 11:34:54.955 +05:30  INF  Executed DbCommand (1ms) [Parameters=[@__p_0='?' (DbType = Int64)], CommandType='"Text"', CommandTimeout='30']
SELECT `p`.`Id`, `p`.`Address_O`, `p`.`Address_Other`, `p`.`Address_R`, `p`.`City_O`, `p`.`City_Other`, `p`.`City_R`, `p`.`Country_O`, `p`.`Country_Other`, `p`.`Country_R`, `p`.`Created_At`, `p`.`Doctor_Name`, `p`.`Email`, `p`.`Email2`, `p`.`Medical_History_Allergies`, `p`.`Patient_Id`, `p`.`Phone`, `p`.`Phone1`, `p`.`Phone2`, `p`.`Phone3`, `p`.`Phone4`, `p`.`Physician`, `p`.`Reffered_By`, `p`.`Relationship_Type`, `p`.`Special_Notes`, `p`.`Updated_At`, `p`.`Zip_O`, `p`.`Zip_Other`, `p`.`Zip_R`
FROM `Patients_Contact` AS `p`
WHERE `p`.`Patient_Id` = @__p_0
2023-10-04 11:34:54.956 +05:30  INF  Executed DbCommand (0ms) [Parameters=[@__p_0='?' (DbType = Int64)], CommandType='"Text"', CommandTimeout='30']
SELECT `p`.`Id`, `p`.`Created_At`, `p`.`Patient_Id`, `p`.`Report`, `p`.`Report_File`, `p`.`Scan_Name`, `p`.`Status`, `p`.`Type`, `p`.`Updated_At`
FROM `Patient_Scans` AS `p`
WHERE `p`.`Patient_Id` = @__p_0
2023-10-04 11:34:54.958 +05:30  INF  Executed DbCommand (1ms) [Parameters=[], CommandType='"Text"', CommandTimeout='30']
SELECT `p`.`Id`, `p`.`Amount_Type`, `p`.`Balance`, `p`.`Created_At`, `p`.`Credit_Amount`, `p`.`Debit_Amount`, `p`.`Description`, `p`.`Doctor_Id`, `p`.`Patient_Id`, `p`.`Payment_Mode`, `p`.`Updated_At`, `p`.`Workdone_Id`
FROM `Payment_History` AS `p`
2023-10-04 11:34:54.962 +05:30  INF  Executed DbCommand (1ms) [Parameters=[@__p_0='?' (DbType = Int64)], CommandType='"Text"', CommandTimeout='30']
SELECT `p`.`Id`, `p`.`Amount`, `p`.`Balance_Amount`, `p`.`Balance_Spent`, `p`.`Created_At`, `p`.`Name`, `p`.`Patients_Id`, `p`.`Type`, `p`.`Updated_At`
FROM `Patients_Insurance_Loan` AS `p`
WHERE `p`.`Patients_Id` = @__p_0
2023-10-04 11:34:54.964 +05:30  INF  Executed DbCommand (0ms) [Parameters=[@__p_0='?' (DbType = Int64)], CommandType='"Text"', CommandTimeout='30']
SELECT `p`.`Id`, `p`.`Created_At`, `p`.`Patient_Id`, `p`.`Report`, `p`.`Report_Date`, `p`.`Report_File`, `p`.`Status`, `p`.`Test_Name`, `p`.`Test_Price`, `p`.`Updated_At`
FROM `Patient_Tests` AS `p`
WHERE `p`.`Patient_Id` = @__p_0
2023-10-04 11:34:54.966 +05:30  INF  Executed DbCommand (1ms) [Parameters=[@__p_0='?' (DbType = Int64)], CommandType='"Text"', CommandTimeout='30']
SELECT `p`.`Id`, `p`.`Address_O`, `p`.`Address_Other`, `p`.`Address_R`, `p`.`City_O`, `p`.`City_Other`, `p`.`City_R`, `p`.`Country_O`, `p`.`Country_Other`, `p`.`Country_R`, `p`.`Created_At`, `p`.`Doctor_Name`, `p`.`Email`, `p`.`Email2`, `p`.`Medical_History_Allergies`, `p`.`Patient_Id`, `p`.`Phone`, `p`.`Phone1`, `p`.`Phone2`, `p`.`Phone3`, `p`.`Phone4`, `p`.`Physician`, `p`.`Reffered_By`, `p`.`Relationship_Type`, `p`.`Special_Notes`, `p`.`Updated_At`, `p`.`Zip_O`, `p`.`Zip_Other`, `p`.`Zip_R`
FROM `Patients_Contact` AS `p`
WHERE `p`.`Patient_Id` = @__p_0
2023-10-04 11:34:54.967 +05:30  INF  Executed DbCommand (1ms) [Parameters=[@__p_0='?' (DbType = Int64)], CommandType='"Text"', CommandTimeout='30']
SELECT `p`.`Id`, `p`.`Created_At`, `p`.`Patient_Id`, `p`.`Report`, `p`.`Report_File`, `p`.`Scan_Name`, `p`.`Status`, `p`.`Type`, `p`.`Updated_At`
FROM `Patient_Scans` AS `p`
WHERE `p`.`Patient_Id` = @__p_0
2023-10-04 11:34:54.968 +05:30  INF  Executed DbCommand (1ms) [Parameters=[], CommandType='"Text"', CommandTimeout='30']
SELECT `p`.`Id`, `p`.`Amount_Type`, `p`.`Balance`, `p`.`Created_At`, `p`.`Credit_Amount`, `p`.`Debit_Amount`, `p`.`Description`, `p`.`Doctor_Id`, `p`.`Patient_Id`, `p`.`Payment_Mode`, `p`.`Updated_At`, `p`.`Workdone_Id`
FROM `Payment_History` AS `p`
2023-10-04 11:34:54.974 +05:30  INF  Executed DbCommand (1ms) [Parameters=[@__p_0='?' (DbType = Int64)], CommandType='"Text"', CommandTimeout='30']
SELECT `p`.`Id`, `p`.`Amount`, `p`.`Balance_Amount`, `p`.`Balance_Spent`, `p`.`Created_At`, `p`.`Name`, `p`.`Patients_Id`, `p`.`Type`, `p`.`Updated_At`
FROM `Patients_Insurance_Loan` AS `p`
WHERE `p`.`Patients_Id` = @__p_0
2023-10-04 11:34:54.975 +05:30  INF  Executed DbCommand (0ms) [Parameters=[@__p_0='?' (DbType = Int64)], CommandType='"Text"', CommandTimeout='30']
SELECT `p`.`Id`, `p`.`Created_At`, `p`.`Patient_Id`, `p`.`Report`, `p`.`Report_Date`, `p`.`Report_File`, `p`.`Status`, `p`.`Test_Name`, `p`.`Test_Price`, `p`.`Updated_At`
FROM `Patient_Tests` AS `p`
WHERE `p`.`Patient_Id` = @__p_0
2023-10-04 11:34:54.976 +05:30  INF  Executed DbCommand (1ms) [Parameters=[@__p_0='?' (DbType = Int64)], CommandType='"Text"', CommandTimeout='30']
SELECT `p`.`Id`, `p`.`Address_O`, `p`.`Address_Other`, `p`.`Address_R`, `p`.`City_O`, `p`.`City_Other`, `p`.`City_R`, `p`.`Country_O`, `p`.`Country_Other`, `p`.`Country_R`, `p`.`Created_At`, `p`.`Doctor_Name`, `p`.`Email`, `p`.`Email2`, `p`.`Medical_History_Allergies`, `p`.`Patient_Id`, `p`.`Phone`, `p`.`Phone1`, `p`.`Phone2`, `p`.`Phone3`, `p`.`Phone4`, `p`.`Physician`, `p`.`Reffered_By`, `p`.`Relationship_Type`, `p`.`Special_Notes`, `p`.`Updated_At`, `p`.`Zip_O`, `p`.`Zip_Other`, `p`.`Zip_R`
FROM `Patients_Contact` AS `p`
WHERE `p`.`Patient_Id` = @__p_0
2023-10-04 11:34:54.978 +05:30  INF  Executed DbCommand (0ms) [Parameters=[@__p_0='?' (DbType = Int64)], CommandType='"Text"', CommandTimeout='30']
SELECT `p`.`Id`, `p`.`Created_At`, `p`.`Patient_Id`, `p`.`Report`, `p`.`Report_File`, `p`.`Scan_Name`, `p`.`Status`, `p`.`Type`, `p`.`Updated_At`
FROM `Patient_Scans` AS `p`
WHERE `p`.`Patient_Id` = @__p_0
2023-10-04 11:34:54.979 +05:30  INF  Executed DbCommand (1ms) [Parameters=[], CommandType='"Text"', CommandTimeout='30']
SELECT `p`.`Id`, `p`.`Amount_Type`, `p`.`Balance`, `p`.`Created_At`, `p`.`Credit_Amount`, `p`.`Debit_Amount`, `p`.`Description`, `p`.`Doctor_Id`, `p`.`Patient_Id`, `p`.`Payment_Mode`, `p`.`Updated_At`, `p`.`Workdone_Id`
FROM `Payment_History` AS `p`
2023-10-04 11:34:54.984 +05:30  INF  Executed DbCommand (1ms) [Parameters=[@__p_0='?' (DbType = Int64)], CommandType='"Text"', CommandTimeout='30']
SELECT `p`.`Id`, `p`.`Amount`, `p`.`Balance_Amount`, `p`.`Balance_Spent`, `p`.`Created_At`, `p`.`Name`, `p`.`Patients_Id`, `p`.`Type`, `p`.`Updated_At`
FROM `Patients_Insurance_Loan` AS `p`
WHERE `p`.`Patients_Id` = @__p_0
2023-10-04 11:34:54.985 +05:30  INF  Executed DbCommand (0ms) [Parameters=[@__p_0='?' (DbType = Int64)], CommandType='"Text"', CommandTimeout='30']
SELECT `p`.`Id`, `p`.`Created_At`, `p`.`Patient_Id`, `p`.`Report`, `p`.`Report_Date`, `p`.`Report_File`, `p`.`Status`, `p`.`Test_Name`, `p`.`Test_Price`, `p`.`Updated_At`
FROM `Patient_Tests` AS `p`
WHERE `p`.`Patient_Id` = @__p_0
2023-10-04 11:34:54.987 +05:30  INF  Executed DbCommand (1ms) [Parameters=[@__p_0='?' (DbType = Int64)], CommandType='"Text"', CommandTimeout='30']
SELECT `p`.`Id`, `p`.`Address_O`, `p`.`Address_Other`, `p`.`Address_R`, `p`.`City_O`, `p`.`City_Other`, `p`.`City_R`, `p`.`Country_O`, `p`.`Country_Other`, `p`.`Country_R`, `p`.`Created_At`, `p`.`Doctor_Name`, `p`.`Email`, `p`.`Email2`, `p`.`Medical_History_Allergies`, `p`.`Patient_Id`, `p`.`Phone`, `p`.`Phone1`, `p`.`Phone2`, `p`.`Phone3`, `p`.`Phone4`, `p`.`Physician`, `p`.`Reffered_By`, `p`.`Relationship_Type`, `p`.`Special_Notes`, `p`.`Updated_At`, `p`.`Zip_O`, `p`.`Zip_Other`, `p`.`Zip_R`
FROM `Patients_Contact` AS `p`
WHERE `p`.`Patient_Id` = @__p_0
2023-10-04 11:34:54.989 +05:30  INF  Executed DbCommand (0ms) [Parameters=[@__p_0='?' (DbType = Int64)], CommandType='"Text"', CommandTimeout='30']
SELECT `p`.`Id`, `p`.`Created_At`, `p`.`Patient_Id`, `p`.`Report`, `p`.`Report_File`, `p`.`Scan_Name`, `p`.`Status`, `p`.`Type`, `p`.`Updated_At`
FROM `Patient_Scans` AS `p`
WHERE `p`.`Patient_Id` = @__p_0
2023-10-04 11:34:54.990 +05:30  INF  Executed DbCommand (1ms) [Parameters=[], CommandType='"Text"', CommandTimeout='30']
SELECT `p`.`Id`, `p`.`Amount_Type`, `p`.`Balance`, `p`.`Created_At`, `p`.`Credit_Amount`, `p`.`Debit_Amount`, `p`.`Description`, `p`.`Doctor_Id`, `p`.`Patient_Id`, `p`.`Payment_Mode`, `p`.`Updated_At`, `p`.`Workdone_Id`
FROM `Payment_History` AS `p`
2023-10-04 11:34:54.994 +05:30  INF  Executed DbCommand (1ms) [Parameters=[@__p_0='?' (DbType = Int64)], CommandType='"Text"', CommandTimeout='30']
SELECT `p`.`Id`, `p`.`Amount`, `p`.`Balance_Amount`, `p`.`Balance_Spent`, `p`.`Created_At`, `p`.`Name`, `p`.`Patients_Id`, `p`.`Type`, `p`.`Updated_At`
FROM `Patients_Insurance_Loan` AS `p`
WHERE `p`.`Patients_Id` = @__p_0
2023-10-04 11:34:54.996 +05:30  INF  Executed DbCommand (0ms) [Parameters=[@__p_0='?' (DbType = Int64)], CommandType='"Text"', CommandTimeout='30']
SELECT `p`.`Id`, `p`.`Created_At`, `p`.`Patient_Id`, `p`.`Report`, `p`.`Report_Date`, `p`.`Report_File`, `p`.`Status`, `p`.`Test_Name`, `p`.`Test_Price`, `p`.`Updated_At`
FROM `Patient_Tests` AS `p`
WHERE `p`.`Patient_Id` = @__p_0
2023-10-04 11:34:54.998 +05:30  INF  Executed DbCommand (1ms) [Parameters=[@__p_0='?' (DbType = Int64)], CommandType='"Text"', CommandTimeout='30']
SELECT `p`.`Id`, `p`.`Address_O`, `p`.`Address_Other`, `p`.`Address_R`, `p`.`City_O`, `p`.`City_Other`, `p`.`City_R`, `p`.`Country_O`, `p`.`Country_Other`, `p`.`Country_R`, `p`.`Created_At`, `p`.`Doctor_Name`, `p`.`Email`, `p`.`Email2`, `p`.`Medical_History_Allergies`, `p`.`Patient_Id`, `p`.`Phone`, `p`.`Phone1`, `p`.`Phone2`, `p`.`Phone3`, `p`.`Phone4`, `p`.`Physician`, `p`.`Reffered_By`, `p`.`Relationship_Type`, `p`.`Special_Notes`, `p`.`Updated_At`, `p`.`Zip_O`, `p`.`Zip_Other`, `p`.`Zip_R`
FROM `Patients_Contact` AS `p`
WHERE `p`.`Patient_Id` = @__p_0
2023-10-04 11:34:54.999 +05:30  INF  Executed DbCommand (0ms) [Parameters=[@__p_0='?' (DbType = Int64)], CommandType='"Text"', CommandTimeout='30']
SELECT `p`.`Id`, `p`.`Created_At`, `p`.`Patient_Id`, `p`.`Report`, `p`.`Report_File`, `p`.`Scan_Name`, `p`.`Status`, `p`.`Type`, `p`.`Updated_At`
FROM `Patient_Scans` AS `p`
WHERE `p`.`Patient_Id` = @__p_0
2023-10-04 11:34:55.000 +05:30  INF  Executed DbCommand (1ms) [Parameters=[], CommandType='"Text"', CommandTimeout='30']
SELECT `p`.`Id`, `p`.`Amount_Type`, `p`.`Balance`, `p`.`Created_At`, `p`.`Credit_Amount`, `p`.`Debit_Amount`, `p`.`Description`, `p`.`Doctor_Id`, `p`.`Patient_Id`, `p`.`Payment_Mode`, `p`.`Updated_At`, `p`.`Workdone_Id`
FROM `Payment_History` AS `p`
2023-10-04 11:34:55.005 +05:30  INF  Executed DbCommand (1ms) [Parameters=[@__p_0='?' (DbType = Int64)], CommandType='"Text"', CommandTimeout='30']
SELECT `p`.`Id`, `p`.`Amount`, `p`.`Balance_Amount`, `p`.`Balance_Spent`, `p`.`Created_At`, `p`.`Name`, `p`.`Patients_Id`, `p`.`Type`, `p`.`Updated_At`
FROM `Patients_Insurance_Loan` AS `p`
WHERE `p`.`Patients_Id` = @__p_0
2023-10-04 11:34:55.006 +05:30  INF  Executed DbCommand (0ms) [Parameters=[@__p_0='?' (DbType = Int64)], CommandType='"Text"', CommandTimeout='30']
SELECT `p`.`Id`, `p`.`Created_At`, `p`.`Patient_Id`, `p`.`Report`, `p`.`Report_Date`, `p`.`Report_File`, `p`.`Status`, `p`.`Test_Name`, `p`.`Test_Price`, `p`.`Updated_At`
FROM `Patient_Tests` AS `p`
WHERE `p`.`Patient_Id` = @__p_0
2023-10-04 11:34:55.008 +05:30  INF  Executed DbCommand (1ms) [Parameters=[@__p_0='?' (DbType = Int64)], CommandType='"Text"', CommandTimeout='30']
SELECT `p`.`Id`, `p`.`Address_O`, `p`.`Address_Other`, `p`.`Address_R`, `p`.`City_O`, `p`.`City_Other`, `p`.`City_R`, `p`.`Country_O`, `p`.`Country_Other`, `p`.`Country_R`, `p`.`Created_At`, `p`.`Doctor_Name`, `p`.`Email`, `p`.`Email2`, `p`.`Medical_History_Allergies`, `p`.`Patient_Id`, `p`.`Phone`, `p`.`Phone1`, `p`.`Phone2`, `p`.`Phone3`, `p`.`Phone4`, `p`.`Physician`, `p`.`Reffered_By`, `p`.`Relationship_Type`, `p`.`Special_Notes`, `p`.`Updated_At`, `p`.`Zip_O`, `p`.`Zip_Other`, `p`.`Zip_R`
FROM `Patients_Contact` AS `p`
WHERE `p`.`Patient_Id` = @__p_0
2023-10-04 11:34:55.009 +05:30  INF  Executed DbCommand (0ms) [Parameters=[@__p_0='?' (DbType = Int64)], CommandType='"Text"', CommandTimeout='30']
SELECT `p`.`Id`, `p`.`Created_At`, `p`.`Patient_Id`, `p`.`Report`, `p`.`Report_File`, `p`.`Scan_Name`, `p`.`Status`, `p`.`Type`, `p`.`Updated_At`
FROM `Patient_Scans` AS `p`
WHERE `p`.`Patient_Id` = @__p_0
2023-10-04 11:34:55.010 +05:30  INF  Executed DbCommand (1ms) [Parameters=[], CommandType='"Text"', CommandTimeout='30']
SELECT `p`.`Id`, `p`.`Amount_Type`, `p`.`Balance`, `p`.`Created_At`, `p`.`Credit_Amount`, `p`.`Debit_Amount`, `p`.`Description`, `p`.`Doctor_Id`, `p`.`Patient_Id`, `p`.`Payment_Mode`, `p`.`Updated_At`, `p`.`Workdone_Id`
FROM `Payment_History` AS `p`
2023-10-04 11:34:55.016 +05:30  INF  Executed DbCommand (1ms) [Parameters=[@__p_0='?' (DbType = Int64)], CommandType='"Text"', CommandTimeout='30']
SELECT `p`.`Id`, `p`.`Amount`, `p`.`Balance_Amount`, `p`.`Balance_Spent`, `p`.`Created_At`, `p`.`Name`, `p`.`Patients_Id`, `p`.`Type`, `p`.`Updated_At`
FROM `Patients_Insurance_Loan` AS `p`
WHERE `p`.`Patients_Id` = @__p_0
2023-10-04 11:34:55.017 +05:30  INF  Executed DbCommand (0ms) [Parameters=[@__p_0='?' (DbType = Int64)], CommandType='"Text"', CommandTimeout='30']
SELECT `p`.`Id`, `p`.`Created_At`, `p`.`Patient_Id`, `p`.`Report`, `p`.`Report_Date`, `p`.`Report_File`, `p`.`Status`, `p`.`Test_Name`, `p`.`Test_Price`, `p`.`Updated_At`
FROM `Patient_Tests` AS `p`
WHERE `p`.`Patient_Id` = @__p_0
2023-10-04 11:34:55.020 +05:30  INF  Executed DbCommand (1ms) [Parameters=[@__p_0='?' (DbType = Int64)], CommandType='"Text"', CommandTimeout='30']
SELECT `p`.`Id`, `p`.`Address_O`, `p`.`Address_Other`, `p`.`Address_R`, `p`.`City_O`, `p`.`City_Other`, `p`.`City_R`, `p`.`Country_O`, `p`.`Country_Other`, `p`.`Country_R`, `p`.`Created_At`, `p`.`Doctor_Name`, `p`.`Email`, `p`.`Email2`, `p`.`Medical_History_Allergies`, `p`.`Patient_Id`, `p`.`Phone`, `p`.`Phone1`, `p`.`Phone2`, `p`.`Phone3`, `p`.`Phone4`, `p`.`Physician`, `p`.`Reffered_By`, `p`.`Relationship_Type`, `p`.`Special_Notes`, `p`.`Updated_At`, `p`.`Zip_O`, `p`.`Zip_Other`, `p`.`Zip_R`
FROM `Patients_Contact` AS `p`
WHERE `p`.`Patient_Id` = @__p_0
2023-10-04 11:34:55.021 +05:30  INF  Executed DbCommand (0ms) [Parameters=[@__p_0='?' (DbType = Int64)], CommandType='"Text"', CommandTimeout='30']
SELECT `p`.`Id`, `p`.`Created_At`, `p`.`Patient_Id`, `p`.`Report`, `p`.`Report_File`, `p`.`Scan_Name`, `p`.`Status`, `p`.`Type`, `p`.`Updated_At`
FROM `Patient_Scans` AS `p`
WHERE `p`.`Patient_Id` = @__p_0
2023-10-04 11:34:55.022 +05:30  INF  Executed DbCommand (1ms) [Parameters=[], CommandType='"Text"', CommandTimeout='30']
SELECT `p`.`Id`, `p`.`Amount_Type`, `p`.`Balance`, `p`.`Created_At`, `p`.`Credit_Amount`, `p`.`Debit_Amount`, `p`.`Description`, `p`.`Doctor_Id`, `p`.`Patient_Id`, `p`.`Payment_Mode`, `p`.`Updated_At`, `p`.`Workdone_Id`
FROM `Payment_History` AS `p`
2023-10-04 11:34:55.027 +05:30  INF  Executed DbCommand (1ms) [Parameters=[@__p_0='?' (DbType = Int64)], CommandType='"Text"', CommandTimeout='30']
SELECT `p`.`Id`, `p`.`Amount`, `p`.`Balance_Amount`, `p`.`Balance_Spent`, `p`.`Created_At`, `p`.`Name`, `p`.`Patients_Id`, `p`.`Type`, `p`.`Updated_At`
FROM `Patients_Insurance_Loan` AS `p`
WHERE `p`.`Patients_Id` = @__p_0
2023-10-04 11:34:55.028 +05:30  INF  Executed DbCommand (0ms) [Parameters=[@__p_0='?' (DbType = Int64)], CommandType='"Text"', CommandTimeout='30']
SELECT `p`.`Id`, `p`.`Created_At`, `p`.`Patient_Id`, `p`.`Report`, `p`.`Report_Date`, `p`.`Report_File`, `p`.`Status`, `p`.`Test_Name`, `p`.`Test_Price`, `p`.`Updated_At`
FROM `Patient_Tests` AS `p`
WHERE `p`.`Patient_Id` = @__p_0
2023-10-04 11:34:55.030 +05:30  INF  Executed DbCommand (1ms) [Parameters=[@__p_0='?' (DbType = Int64)], CommandType='"Text"', CommandTimeout='30']
SELECT `p`.`Id`, `p`.`Address_O`, `p`.`Address_Other`, `p`.`Address_R`, `p`.`City_O`, `p`.`City_Other`, `p`.`City_R`, `p`.`Country_O`, `p`.`Country_Other`, `p`.`Country_R`, `p`.`Created_At`, `p`.`Doctor_Name`, `p`.`Email`, `p`.`Email2`, `p`.`Medical_History_Allergies`, `p`.`Patient_Id`, `p`.`Phone`, `p`.`Phone1`, `p`.`Phone2`, `p`.`Phone3`, `p`.`Phone4`, `p`.`Physician`, `p`.`Reffered_By`, `p`.`Relationship_Type`, `p`.`Special_Notes`, `p`.`Updated_At`, `p`.`Zip_O`, `p`.`Zip_Other`, `p`.`Zip_R`
FROM `Patients_Contact` AS `p`
WHERE `p`.`Patient_Id` = @__p_0
2023-10-04 11:34:55.032 +05:30  INF  Executed DbCommand (0ms) [Parameters=[@__p_0='?' (DbType = Int64)], CommandType='"Text"', CommandTimeout='30']
SELECT `p`.`Id`, `p`.`Created_At`, `p`.`Patient_Id`, `p`.`Report`, `p`.`Report_File`, `p`.`Scan_Name`, `p`.`Status`, `p`.`Type`, `p`.`Updated_At`
FROM `Patient_Scans` AS `p`
WHERE `p`.`Patient_Id` = @__p_0
2023-10-04 11:34:55.033 +05:30  INF  Executed DbCommand (1ms) [Parameters=[], CommandType='"Text"', CommandTimeout='30']
SELECT `p`.`Id`, `p`.`Amount_Type`, `p`.`Balance`, `p`.`Created_At`, `p`.`Credit_Amount`, `p`.`Debit_Amount`, `p`.`Description`, `p`.`Doctor_Id`, `p`.`Patient_Id`, `p`.`Payment_Mode`, `p`.`Updated_At`, `p`.`Workdone_Id`
FROM `Payment_History` AS `p`
2023-10-04 11:34:55.038 +05:30  INF  Executed DbCommand (1ms) [Parameters=[@__p_0='?' (DbType = Int64)], CommandType='"Text"', CommandTimeout='30']
SELECT `p`.`Id`, `p`.`Amount`, `p`.`Balance_Amount`, `p`.`Balance_Spent`, `p`.`Created_At`, `p`.`Name`, `p`.`Patients_Id`, `p`.`Type`, `p`.`Updated_At`
FROM `Patients_Insurance_Loan` AS `p`
WHERE `p`.`Patients_Id` = @__p_0
2023-10-04 11:34:55.039 +05:30  INF  Executed DbCommand (0ms) [Parameters=[@__p_0='?' (DbType = Int64)], CommandType='"Text"', CommandTimeout='30']
SELECT `p`.`Id`, `p`.`Created_At`, `p`.`Patient_Id`, `p`.`Report`, `p`.`Report_Date`, `p`.`Report_File`, `p`.`Status`, `p`.`Test_Name`, `p`.`Test_Price`, `p`.`Updated_At`
FROM `Patient_Tests` AS `p`
WHERE `p`.`Patient_Id` = @__p_0
2023-10-04 11:34:55.041 +05:30  INF  Executed DbCommand (1ms) [Parameters=[@__p_0='?' (DbType = Int64)], CommandType='"Text"', CommandTimeout='30']
SELECT `p`.`Id`, `p`.`Address_O`, `p`.`Address_Other`, `p`.`Address_R`, `p`.`City_O`, `p`.`City_Other`, `p`.`City_R`, `p`.`Country_O`, `p`.`Country_Other`, `p`.`Country_R`, `p`.`Created_At`, `p`.`Doctor_Name`, `p`.`Email`, `p`.`Email2`, `p`.`Medical_History_Allergies`, `p`.`Patient_Id`, `p`.`Phone`, `p`.`Phone1`, `p`.`Phone2`, `p`.`Phone3`, `p`.`Phone4`, `p`.`Physician`, `p`.`Reffered_By`, `p`.`Relationship_Type`, `p`.`Special_Notes`, `p`.`Updated_At`, `p`.`Zip_O`, `p`.`Zip_Other`, `p`.`Zip_R`
FROM `Patients_Contact` AS `p`
WHERE `p`.`Patient_Id` = @__p_0
2023-10-04 11:34:55.042 +05:30  INF  Executed DbCommand (0ms) [Parameters=[@__p_0='?' (DbType = Int64)], CommandType='"Text"', CommandTimeout='30']
SELECT `p`.`Id`, `p`.`Created_At`, `p`.`Patient_Id`, `p`.`Report`, `p`.`Report_File`, `p`.`Scan_Name`, `p`.`Status`, `p`.`Type`, `p`.`Updated_At`
FROM `Patient_Scans` AS `p`
WHERE `p`.`Patient_Id` = @__p_0
2023-10-04 11:34:55.043 +05:30  INF  Executed DbCommand (1ms) [Parameters=[], CommandType='"Text"', CommandTimeout='30']
SELECT `p`.`Id`, `p`.`Amount_Type`, `p`.`Balance`, `p`.`Created_At`, `p`.`Credit_Amount`, `p`.`Debit_Amount`, `p`.`Description`, `p`.`Doctor_Id`, `p`.`Patient_Id`, `p`.`Payment_Mode`, `p`.`Updated_At`, `p`.`Workdone_Id`
FROM `Payment_History` AS `p`
2023-10-04 11:34:55.048 +05:30  INF  Executed DbCommand (1ms) [Parameters=[@__p_0='?' (DbType = Int64)], CommandType='"Text"', CommandTimeout='30']
SELECT `p`.`Id`, `p`.`Amount`, `p`.`Balance_Amount`, `p`.`Balance_Spent`, `p`.`Created_At`, `p`.`Name`, `p`.`Patients_Id`, `p`.`Type`, `p`.`Updated_At`
FROM `Patients_Insurance_Loan` AS `p`
WHERE `p`.`Patients_Id` = @__p_0
2023-10-04 11:34:55.050 +05:30  INF  Executed DbCommand (0ms) [Parameters=[@__p_0='?' (DbType = Int64)], CommandType='"Text"', CommandTimeout='30']
SELECT `p`.`Id`, `p`.`Created_At`, `p`.`Patient_Id`, `p`.`Report`, `p`.`Report_Date`, `p`.`Report_File`, `p`.`Status`, `p`.`Test_Name`, `p`.`Test_Price`, `p`.`Updated_At`
FROM `Patient_Tests` AS `p`
WHERE `p`.`Patient_Id` = @__p_0
2023-10-04 11:34:55.051 +05:30  INF  Executed DbCommand (1ms) [Parameters=[@__p_0='?' (DbType = Int64)], CommandType='"Text"', CommandTimeout='30']
SELECT `p`.`Id`, `p`.`Address_O`, `p`.`Address_Other`, `p`.`Address_R`, `p`.`City_O`, `p`.`City_Other`, `p`.`City_R`, `p`.`Country_O`, `p`.`Country_Other`, `p`.`Country_R`, `p`.`Created_At`, `p`.`Doctor_Name`, `p`.`Email`, `p`.`Email2`, `p`.`Medical_History_Allergies`, `p`.`Patient_Id`, `p`.`Phone`, `p`.`Phone1`, `p`.`Phone2`, `p`.`Phone3`, `p`.`Phone4`, `p`.`Physician`, `p`.`Reffered_By`, `p`.`Relationship_Type`, `p`.`Special_Notes`, `p`.`Updated_At`, `p`.`Zip_O`, `p`.`Zip_Other`, `p`.`Zip_R`
FROM `Patients_Contact` AS `p`
WHERE `p`.`Patient_Id` = @__p_0
2023-10-04 11:34:55.053 +05:30  INF  Executed DbCommand (0ms) [Parameters=[@__p_0='?' (DbType = Int64)], CommandType='"Text"', CommandTimeout='30']
SELECT `p`.`Id`, `p`.`Created_At`, `p`.`Patient_Id`, `p`.`Report`, `p`.`Report_File`, `p`.`Scan_Name`, `p`.`Status`, `p`.`Type`, `p`.`Updated_At`
FROM `Patient_Scans` AS `p`
WHERE `p`.`Patient_Id` = @__p_0
2023-10-04 11:34:55.054 +05:30  INF  Executed DbCommand (1ms) [Parameters=[], CommandType='"Text"', CommandTimeout='30']
SELECT `p`.`Id`, `p`.`Amount_Type`, `p`.`Balance`, `p`.`Created_At`, `p`.`Credit_Amount`, `p`.`Debit_Amount`, `p`.`Description`, `p`.`Doctor_Id`, `p`.`Patient_Id`, `p`.`Payment_Mode`, `p`.`Updated_At`, `p`.`Workdone_Id`
FROM `Payment_History` AS `p`
2023-10-04 11:34:55.059 +05:30  INF  Executed DbCommand (1ms) [Parameters=[@__p_0='?' (DbType = Int64)], CommandType='"Text"', CommandTimeout='30']
SELECT `p`.`Id`, `p`.`Amount`, `p`.`Balance_Amount`, `p`.`Balance_Spent`, `p`.`Created_At`, `p`.`Name`, `p`.`Patients_Id`, `p`.`Type`, `p`.`Updated_At`
FROM `Patients_Insurance_Loan` AS `p`
WHERE `p`.`Patients_Id` = @__p_0
2023-10-04 11:34:55.060 +05:30  INF  Executed DbCommand (0ms) [Parameters=[@__p_0='?' (DbType = Int64)], CommandType='"Text"', CommandTimeout='30']
SELECT `p`.`Id`, `p`.`Created_At`, `p`.`Patient_Id`, `p`.`Report`, `p`.`Report_Date`, `p`.`Report_File`, `p`.`Status`, `p`.`Test_Name`, `p`.`Test_Price`, `p`.`Updated_At`
FROM `Patient_Tests` AS `p`
WHERE `p`.`Patient_Id` = @__p_0
2023-10-04 11:34:55.063 +05:30  INF  Executed DbCommand (1ms) [Parameters=[@__p_0='?' (DbType = Int64)], CommandType='"Text"', CommandTimeout='30']
SELECT `p`.`Id`, `p`.`Address_O`, `p`.`Address_Other`, `p`.`Address_R`, `p`.`City_O`, `p`.`City_Other`, `p`.`City_R`, `p`.`Country_O`, `p`.`Country_Other`, `p`.`Country_R`, `p`.`Created_At`, `p`.`Doctor_Name`, `p`.`Email`, `p`.`Email2`, `p`.`Medical_History_Allergies`, `p`.`Patient_Id`, `p`.`Phone`, `p`.`Phone1`, `p`.`Phone2`, `p`.`Phone3`, `p`.`Phone4`, `p`.`Physician`, `p`.`Reffered_By`, `p`.`Relationship_Type`, `p`.`Special_Notes`, `p`.`Updated_At`, `p`.`Zip_O`, `p`.`Zip_Other`, `p`.`Zip_R`
FROM `Patients_Contact` AS `p`
WHERE `p`.`Patient_Id` = @__p_0
2023-10-04 11:34:55.065 +05:30  INF  Executed DbCommand (1ms) [Parameters=[@__p_0='?' (DbType = Int64)], CommandType='"Text"', CommandTimeout='30']
SELECT `p`.`Id`, `p`.`Created_At`, `p`.`Patient_Id`, `p`.`Report`, `p`.`Report_File`, `p`.`Scan_Name`, `p`.`Status`, `p`.`Type`, `p`.`Updated_At`
FROM `Patient_Scans` AS `p`
WHERE `p`.`Patient_Id` = @__p_0
2023-10-04 11:34:55.066 +05:30  INF  Executed DbCommand (1ms) [Parameters=[], CommandType='"Text"', CommandTimeout='30']
SELECT `p`.`Id`, `p`.`Amount_Type`, `p`.`Balance`, `p`.`Created_At`, `p`.`Credit_Amount`, `p`.`Debit_Amount`, `p`.`Description`, `p`.`Doctor_Id`, `p`.`Patient_Id`, `p`.`Payment_Mode`, `p`.`Updated_At`, `p`.`Workdone_Id`
FROM `Payment_History` AS `p`
2023-10-04 11:34:55.072 +05:30  INF  Executed DbCommand (1ms) [Parameters=[@__p_0='?' (DbType = Int64)], CommandType='"Text"', CommandTimeout='30']
SELECT `p`.`Id`, `p`.`Amount`, `p`.`Balance_Amount`, `p`.`Balance_Spent`, `p`.`Created_At`, `p`.`Name`, `p`.`Patients_Id`, `p`.`Type`, `p`.`Updated_At`
FROM `Patients_Insurance_Loan` AS `p`
WHERE `p`.`Patients_Id` = @__p_0
2023-10-04 11:34:55.073 +05:30  INF  Executed DbCommand (0ms) [Parameters=[@__p_0='?' (DbType = Int64)], CommandType='"Text"', CommandTimeout='30']
SELECT `p`.`Id`, `p`.`Created_At`, `p`.`Patient_Id`, `p`.`Report`, `p`.`Report_Date`, `p`.`Report_File`, `p`.`Status`, `p`.`Test_Name`, `p`.`Test_Price`, `p`.`Updated_At`
FROM `Patient_Tests` AS `p`
WHERE `p`.`Patient_Id` = @__p_0
2023-10-04 11:34:55.075 +05:30  INF  Executed DbCommand (1ms) [Parameters=[@__p_0='?' (DbType = Int64)], CommandType='"Text"', CommandTimeout='30']
SELECT `p`.`Id`, `p`.`Address_O`, `p`.`Address_Other`, `p`.`Address_R`, `p`.`City_O`, `p`.`City_Other`, `p`.`City_R`, `p`.`Country_O`, `p`.`Country_Other`, `p`.`Country_R`, `p`.`Created_At`, `p`.`Doctor_Name`, `p`.`Email`, `p`.`Email2`, `p`.`Medical_History_Allergies`, `p`.`Patient_Id`, `p`.`Phone`, `p`.`Phone1`, `p`.`Phone2`, `p`.`Phone3`, `p`.`Phone4`, `p`.`Physician`, `p`.`Reffered_By`, `p`.`Relationship_Type`, `p`.`Special_Notes`, `p`.`Updated_At`, `p`.`Zip_O`, `p`.`Zip_Other`, `p`.`Zip_R`
FROM `Patients_Contact` AS `p`
WHERE `p`.`Patient_Id` = @__p_0
2023-10-04 11:34:55.077 +05:30  INF  Executed DbCommand (1ms) [Parameters=[@__p_0='?' (DbType = Int64)], CommandType='"Text"', CommandTimeout='30']
SELECT `p`.`Id`, `p`.`Created_At`, `p`.`Patient_Id`, `p`.`Report`, `p`.`Report_File`, `p`.`Scan_Name`, `p`.`Status`, `p`.`Type`, `p`.`Updated_At`
FROM `Patient_Scans` AS `p`
WHERE `p`.`Patient_Id` = @__p_0
2023-10-04 11:34:55.078 +05:30  INF  Executed DbCommand (1ms) [Parameters=[], CommandType='"Text"', CommandTimeout='30']
SELECT `p`.`Id`, `p`.`Amount_Type`, `p`.`Balance`, `p`.`Created_At`, `p`.`Credit_Amount`, `p`.`Debit_Amount`, `p`.`Description`, `p`.`Doctor_Id`, `p`.`Patient_Id`, `p`.`Payment_Mode`, `p`.`Updated_At`, `p`.`Workdone_Id`
FROM `Payment_History` AS `p`
2023-10-04 11:34:55.083 +05:30  INF  Executed DbCommand (1ms) [Parameters=[@__p_0='?' (DbType = Int64)], CommandType='"Text"', CommandTimeout='30']
SELECT `p`.`Id`, `p`.`Amount`, `p`.`Balance_Amount`, `p`.`Balance_Spent`, `p`.`Created_At`, `p`.`Name`, `p`.`Patients_Id`, `p`.`Type`, `p`.`Updated_At`
FROM `Patients_Insurance_Loan` AS `p`
WHERE `p`.`Patients_Id` = @__p_0
2023-10-04 11:34:55.084 +05:30  INF  Executed DbCommand (0ms) [Parameters=[@__p_0='?' (DbType = Int64)], CommandType='"Text"', CommandTimeout='30']
SELECT `p`.`Id`, `p`.`Created_At`, `p`.`Patient_Id`, `p`.`Report`, `p`.`Report_Date`, `p`.`Report_File`, `p`.`Status`, `p`.`Test_Name`, `p`.`Test_Price`, `p`.`Updated_At`
FROM `Patient_Tests` AS `p`
WHERE `p`.`Patient_Id` = @__p_0
2023-10-04 11:34:55.087 +05:30  INF  Executed DbCommand (2ms) [Parameters=[@__p_0='?' (DbType = Int64)], CommandType='"Text"', CommandTimeout='30']
SELECT `p`.`Id`, `p`.`Address_O`, `p`.`Address_Other`, `p`.`Address_R`, `p`.`City_O`, `p`.`City_Other`, `p`.`City_R`, `p`.`Country_O`, `p`.`Country_Other`, `p`.`Country_R`, `p`.`Created_At`, `p`.`Doctor_Name`, `p`.`Email`, `p`.`Email2`, `p`.`Medical_History_Allergies`, `p`.`Patient_Id`, `p`.`Phone`, `p`.`Phone1`, `p`.`Phone2`, `p`.`Phone3`, `p`.`Phone4`, `p`.`Physician`, `p`.`Reffered_By`, `p`.`Relationship_Type`, `p`.`Special_Notes`, `p`.`Updated_At`, `p`.`Zip_O`, `p`.`Zip_Other`, `p`.`Zip_R`
FROM `Patients_Contact` AS `p`
WHERE `p`.`Patient_Id` = @__p_0
2023-10-04 11:34:55.089 +05:30  INF  Executed DbCommand (0ms) [Parameters=[@__p_0='?' (DbType = Int64)], CommandType='"Text"', CommandTimeout='30']
SELECT `p`.`Id`, `p`.`Created_At`, `p`.`Patient_Id`, `p`.`Report`, `p`.`Report_File`, `p`.`Scan_Name`, `p`.`Status`, `p`.`Type`, `p`.`Updated_At`
FROM `Patient_Scans` AS `p`
WHERE `p`.`Patient_Id` = @__p_0
2023-10-04 11:34:55.090 +05:30  INF  Executed DbCommand (1ms) [Parameters=[], CommandType='"Text"', CommandTimeout='30']
SELECT `p`.`Id`, `p`.`Amount_Type`, `p`.`Balance`, `p`.`Created_At`, `p`.`Credit_Amount`, `p`.`Debit_Amount`, `p`.`Description`, `p`.`Doctor_Id`, `p`.`Patient_Id`, `p`.`Payment_Mode`, `p`.`Updated_At`, `p`.`Workdone_Id`
FROM `Payment_History` AS `p`
2023-10-04 11:34:55.096 +05:30  INF  Executed DbCommand (1ms) [Parameters=[@__p_0='?' (DbType = Int64)], CommandType='"Text"', CommandTimeout='30']
SELECT `p`.`Id`, `p`.`Amount`, `p`.`Balance_Amount`, `p`.`Balance_Spent`, `p`.`Created_At`, `p`.`Name`, `p`.`Patients_Id`, `p`.`Type`, `p`.`Updated_At`
FROM `Patients_Insurance_Loan` AS `p`
WHERE `p`.`Patients_Id` = @__p_0
2023-10-04 11:34:55.097 +05:30  INF  Executed DbCommand (0ms) [Parameters=[@__p_0='?' (DbType = Int64)], CommandType='"Text"', CommandTimeout='30']
SELECT `p`.`Id`, `p`.`Created_At`, `p`.`Patient_Id`, `p`.`Report`, `p`.`Report_Date`, `p`.`Report_File`, `p`.`Status`, `p`.`Test_Name`, `p`.`Test_Price`, `p`.`Updated_At`
FROM `Patient_Tests` AS `p`
WHERE `p`.`Patient_Id` = @__p_0
2023-10-04 11:34:55.099 +05:30  INF  Executed DbCommand (1ms) [Parameters=[@__p_0='?' (DbType = Int64)], CommandType='"Text"', CommandTimeout='30']
SELECT `p`.`Id`, `p`.`Address_O`, `p`.`Address_Other`, `p`.`Address_R`, `p`.`City_O`, `p`.`City_Other`, `p`.`City_R`, `p`.`Country_O`, `p`.`Country_Other`, `p`.`Country_R`, `p`.`Created_At`, `p`.`Doctor_Name`, `p`.`Email`, `p`.`Email2`, `p`.`Medical_History_Allergies`, `p`.`Patient_Id`, `p`.`Phone`, `p`.`Phone1`, `p`.`Phone2`, `p`.`Phone3`, `p`.`Phone4`, `p`.`Physician`, `p`.`Reffered_By`, `p`.`Relationship_Type`, `p`.`Special_Notes`, `p`.`Updated_At`, `p`.`Zip_O`, `p`.`Zip_Other`, `p`.`Zip_R`
FROM `Patients_Contact` AS `p`
WHERE `p`.`Patient_Id` = @__p_0
2023-10-04 11:34:55.100 +05:30  INF  Executed DbCommand (0ms) [Parameters=[@__p_0='?' (DbType = Int64)], CommandType='"Text"', CommandTimeout='30']
SELECT `p`.`Id`, `p`.`Created_At`, `p`.`Patient_Id`, `p`.`Report`, `p`.`Report_File`, `p`.`Scan_Name`, `p`.`Status`, `p`.`Type`, `p`.`Updated_At`
FROM `Patient_Scans` AS `p`
WHERE `p`.`Patient_Id` = @__p_0
2023-10-04 11:34:55.101 +05:30  INF  Executed DbCommand (1ms) [Parameters=[], CommandType='"Text"', CommandTimeout='30']
SELECT `p`.`Id`, `p`.`Amount_Type`, `p`.`Balance`, `p`.`Created_At`, `p`.`Credit_Amount`, `p`.`Debit_Amount`, `p`.`Description`, `p`.`Doctor_Id`, `p`.`Patient_Id`, `p`.`Payment_Mode`, `p`.`Updated_At`, `p`.`Workdone_Id`
FROM `Payment_History` AS `p`
2023-10-04 11:34:55.106 +05:30  INF  Executed DbCommand (1ms) [Parameters=[@__p_0='?' (DbType = Int64)], CommandType='"Text"', CommandTimeout='30']
SELECT `p`.`Id`, `p`.`Amount`, `p`.`Balance_Amount`, `p`.`Balance_Spent`, `p`.`Created_At`, `p`.`Name`, `p`.`Patients_Id`, `p`.`Type`, `p`.`Updated_At`
FROM `Patients_Insurance_Loan` AS `p`
WHERE `p`.`Patients_Id` = @__p_0
2023-10-04 11:34:55.107 +05:30  INF  Executed DbCommand (0ms) [Parameters=[@__p_0='?' (DbType = Int64)], CommandType='"Text"', CommandTimeout='30']
SELECT `p`.`Id`, `p`.`Created_At`, `p`.`Patient_Id`, `p`.`Report`, `p`.`Report_Date`, `p`.`Report_File`, `p`.`Status`, `p`.`Test_Name`, `p`.`Test_Price`, `p`.`Updated_At`
FROM `Patient_Tests` AS `p`
WHERE `p`.`Patient_Id` = @__p_0
2023-10-04 11:34:55.109 +05:30  INF  Executed DbCommand (1ms) [Parameters=[@__p_0='?' (DbType = Int64)], CommandType='"Text"', CommandTimeout='30']
SELECT `p`.`Id`, `p`.`Address_O`, `p`.`Address_Other`, `p`.`Address_R`, `p`.`City_O`, `p`.`City_Other`, `p`.`City_R`, `p`.`Country_O`, `p`.`Country_Other`, `p`.`Country_R`, `p`.`Created_At`, `p`.`Doctor_Name`, `p`.`Email`, `p`.`Email2`, `p`.`Medical_History_Allergies`, `p`.`Patient_Id`, `p`.`Phone`, `p`.`Phone1`, `p`.`Phone2`, `p`.`Phone3`, `p`.`Phone4`, `p`.`Physician`, `p`.`Reffered_By`, `p`.`Relationship_Type`, `p`.`Special_Notes`, `p`.`Updated_At`, `p`.`Zip_O`, `p`.`Zip_Other`, `p`.`Zip_R`
FROM `Patients_Contact` AS `p`
WHERE `p`.`Patient_Id` = @__p_0
2023-10-04 11:34:55.110 +05:30  INF  Executed DbCommand (0ms) [Parameters=[@__p_0='?' (DbType = Int64)], CommandType='"Text"', CommandTimeout='30']
SELECT `p`.`Id`, `p`.`Created_At`, `p`.`Patient_Id`, `p`.`Report`, `p`.`Report_File`, `p`.`Scan_Name`, `p`.`Status`, `p`.`Type`, `p`.`Updated_At`
FROM `Patient_Scans` AS `p`
WHERE `p`.`Patient_Id` = @__p_0
2023-10-04 11:34:55.112 +05:30  INF  Executed DbCommand (1ms) [Parameters=[], CommandType='"Text"', CommandTimeout='30']
SELECT `p`.`Id`, `p`.`Amount_Type`, `p`.`Balance`, `p`.`Created_At`, `p`.`Credit_Amount`, `p`.`Debit_Amount`, `p`.`Description`, `p`.`Doctor_Id`, `p`.`Patient_Id`, `p`.`Payment_Mode`, `p`.`Updated_At`, `p`.`Workdone_Id`
FROM `Payment_History` AS `p`
2023-10-04 11:34:55.116 +05:30  INF  Executed DbCommand (1ms) [Parameters=[@__p_0='?' (DbType = Int64)], CommandType='"Text"', CommandTimeout='30']
SELECT `p`.`Id`, `p`.`Amount`, `p`.`Balance_Amount`, `p`.`Balance_Spent`, `p`.`Created_At`, `p`.`Name`, `p`.`Patients_Id`, `p`.`Type`, `p`.`Updated_At`
FROM `Patients_Insurance_Loan` AS `p`
WHERE `p`.`Patients_Id` = @__p_0
2023-10-04 11:34:55.117 +05:30  INF  Executed DbCommand (0ms) [Parameters=[@__p_0='?' (DbType = Int64)], CommandType='"Text"', CommandTimeout='30']
SELECT `p`.`Id`, `p`.`Created_At`, `p`.`Patient_Id`, `p`.`Report`, `p`.`Report_Date`, `p`.`Report_File`, `p`.`Status`, `p`.`Test_Name`, `p`.`Test_Price`, `p`.`Updated_At`
FROM `Patient_Tests` AS `p`
WHERE `p`.`Patient_Id` = @__p_0
2023-10-04 11:34:55.120 +05:30  INF  Executed DbCommand (1ms) [Parameters=[@__p_0='?' (DbType = Int64)], CommandType='"Text"', CommandTimeout='30']
SELECT `p`.`Id`, `p`.`Address_O`, `p`.`Address_Other`, `p`.`Address_R`, `p`.`City_O`, `p`.`City_Other`, `p`.`City_R`, `p`.`Country_O`, `p`.`Country_Other`, `p`.`Country_R`, `p`.`Created_At`, `p`.`Doctor_Name`, `p`.`Email`, `p`.`Email2`, `p`.`Medical_History_Allergies`, `p`.`Patient_Id`, `p`.`Phone`, `p`.`Phone1`, `p`.`Phone2`, `p`.`Phone3`, `p`.`Phone4`, `p`.`Physician`, `p`.`Reffered_By`, `p`.`Relationship_Type`, `p`.`Special_Notes`, `p`.`Updated_At`, `p`.`Zip_O`, `p`.`Zip_Other`, `p`.`Zip_R`
FROM `Patients_Contact` AS `p`
WHERE `p`.`Patient_Id` = @__p_0
2023-10-04 11:34:55.121 +05:30  INF  Executed DbCommand (0ms) [Parameters=[@__p_0='?' (DbType = Int64)], CommandType='"Text"', CommandTimeout='30']
SELECT `p`.`Id`, `p`.`Created_At`, `p`.`Patient_Id`, `p`.`Report`, `p`.`Report_File`, `p`.`Scan_Name`, `p`.`Status`, `p`.`Type`, `p`.`Updated_At`
FROM `Patient_Scans` AS `p`
WHERE `p`.`Patient_Id` = @__p_0
2023-10-04 11:34:55.123 +05:30  INF  Executed DbCommand (1ms) [Parameters=[], CommandType='"Text"', CommandTimeout='30']
SELECT `p`.`Id`, `p`.`Amount_Type`, `p`.`Balance`, `p`.`Created_At`, `p`.`Credit_Amount`, `p`.`Debit_Amount`, `p`.`Description`, `p`.`Doctor_Id`, `p`.`Patient_Id`, `p`.`Payment_Mode`, `p`.`Updated_At`, `p`.`Workdone_Id`
FROM `Payment_History` AS `p`
2023-10-04 11:34:55.127 +05:30  INF  Executed DbCommand (1ms) [Parameters=[@__p_0='?' (DbType = Int64)], CommandType='"Text"', CommandTimeout='30']
SELECT `p`.`Id`, `p`.`Amount`, `p`.`Balance_Amount`, `p`.`Balance_Spent`, `p`.`Created_At`, `p`.`Name`, `p`.`Patients_Id`, `p`.`Type`, `p`.`Updated_At`
FROM `Patients_Insurance_Loan` AS `p`
WHERE `p`.`Patients_Id` = @__p_0
2023-10-04 11:34:55.129 +05:30  INF  Executed DbCommand (0ms) [Parameters=[@__p_0='?' (DbType = Int64)], CommandType='"Text"', CommandTimeout='30']
SELECT `p`.`Id`, `p`.`Created_At`, `p`.`Patient_Id`, `p`.`Report`, `p`.`Report_Date`, `p`.`Report_File`, `p`.`Status`, `p`.`Test_Name`, `p`.`Test_Price`, `p`.`Updated_At`
FROM `Patient_Tests` AS `p`
WHERE `p`.`Patient_Id` = @__p_0
2023-10-04 11:34:55.131 +05:30  INF  Executed DbCommand (1ms) [Parameters=[@__p_0='?' (DbType = Int64)], CommandType='"Text"', CommandTimeout='30']
SELECT `p`.`Id`, `p`.`Address_O`, `p`.`Address_Other`, `p`.`Address_R`, `p`.`City_O`, `p`.`City_Other`, `p`.`City_R`, `p`.`Country_O`, `p`.`Country_Other`, `p`.`Country_R`, `p`.`Created_At`, `p`.`Doctor_Name`, `p`.`Email`, `p`.`Email2`, `p`.`Medical_History_Allergies`, `p`.`Patient_Id`, `p`.`Phone`, `p`.`Phone1`, `p`.`Phone2`, `p`.`Phone3`, `p`.`Phone4`, `p`.`Physician`, `p`.`Reffered_By`, `p`.`Relationship_Type`, `p`.`Special_Notes`, `p`.`Updated_At`, `p`.`Zip_O`, `p`.`Zip_Other`, `p`.`Zip_R`
FROM `Patients_Contact` AS `p`
WHERE `p`.`Patient_Id` = @__p_0
2023-10-04 11:34:55.132 +05:30  INF  Executed DbCommand (0ms) [Parameters=[@__p_0='?' (DbType = Int64)], CommandType='"Text"', CommandTimeout='30']
SELECT `p`.`Id`, `p`.`Created_At`, `p`.`Patient_Id`, `p`.`Report`, `p`.`Report_File`, `p`.`Scan_Name`, `p`.`Status`, `p`.`Type`, `p`.`Updated_At`
FROM `Patient_Scans` AS `p`
WHERE `p`.`Patient_Id` = @__p_0
2023-10-04 11:34:55.133 +05:30  INF  Executed DbCommand (1ms) [Parameters=[], CommandType='"Text"', CommandTimeout='30']
SELECT `p`.`Id`, `p`.`Amount_Type`, `p`.`Balance`, `p`.`Created_At`, `p`.`Credit_Amount`, `p`.`Debit_Amount`, `p`.`Description`, `p`.`Doctor_Id`, `p`.`Patient_Id`, `p`.`Payment_Mode`, `p`.`Updated_At`, `p`.`Workdone_Id`
FROM `Payment_History` AS `p`
2023-10-04 11:34:55.138 +05:30  INF  Executed DbCommand (1ms) [Parameters=[@__p_0='?' (DbType = Int64)], CommandType='"Text"', CommandTimeout='30']
SELECT `p`.`Id`, `p`.`Amount`, `p`.`Balance_Amount`, `p`.`Balance_Spent`, `p`.`Created_At`, `p`.`Name`, `p`.`Patients_Id`, `p`.`Type`, `p`.`Updated_At`
FROM `Patients_Insurance_Loan` AS `p`
WHERE `p`.`Patients_Id` = @__p_0
2023-10-04 11:34:55.140 +05:30  INF  Executed DbCommand (0ms) [Parameters=[@__p_0='?' (DbType = Int64)], CommandType='"Text"', CommandTimeout='30']
SELECT `p`.`Id`, `p`.`Created_At`, `p`.`Patient_Id`, `p`.`Report`, `p`.`Report_Date`, `p`.`Report_File`, `p`.`Status`, `p`.`Test_Name`, `p`.`Test_Price`, `p`.`Updated_At`
FROM `Patient_Tests` AS `p`
WHERE `p`.`Patient_Id` = @__p_0
2023-10-04 11:34:55.142 +05:30  INF  Executed DbCommand (1ms) [Parameters=[@__p_0='?' (DbType = Int64)], CommandType='"Text"', CommandTimeout='30']
SELECT `p`.`Id`, `p`.`Address_O`, `p`.`Address_Other`, `p`.`Address_R`, `p`.`City_O`, `p`.`City_Other`, `p`.`City_R`, `p`.`Country_O`, `p`.`Country_Other`, `p`.`Country_R`, `p`.`Created_At`, `p`.`Doctor_Name`, `p`.`Email`, `p`.`Email2`, `p`.`Medical_History_Allergies`, `p`.`Patient_Id`, `p`.`Phone`, `p`.`Phone1`, `p`.`Phone2`, `p`.`Phone3`, `p`.`Phone4`, `p`.`Physician`, `p`.`Reffered_By`, `p`.`Relationship_Type`, `p`.`Special_Notes`, `p`.`Updated_At`, `p`.`Zip_O`, `p`.`Zip_Other`, `p`.`Zip_R`
FROM `Patients_Contact` AS `p`
WHERE `p`.`Patient_Id` = @__p_0
2023-10-04 11:34:55.143 +05:30  INF  Executed DbCommand (0ms) [Parameters=[@__p_0='?' (DbType = Int64)], CommandType='"Text"', CommandTimeout='30']
SELECT `p`.`Id`, `p`.`Created_At`, `p`.`Patient_Id`, `p`.`Report`, `p`.`Report_File`, `p`.`Scan_Name`, `p`.`Status`, `p`.`Type`, `p`.`Updated_At`
FROM `Patient_Scans` AS `p`
WHERE `p`.`Patient_Id` = @__p_0
2023-10-04 11:34:55.144 +05:30  INF  Executed DbCommand (1ms) [Parameters=[], CommandType='"Text"', CommandTimeout='30']
SELECT `p`.`Id`, `p`.`Amount_Type`, `p`.`Balance`, `p`.`Created_At`, `p`.`Credit_Amount`, `p`.`Debit_Amount`, `p`.`Description`, `p`.`Doctor_Id`, `p`.`Patient_Id`, `p`.`Payment_Mode`, `p`.`Updated_At`, `p`.`Workdone_Id`
FROM `Payment_History` AS `p`
2023-10-04 11:34:55.149 +05:30  INF  Executed DbCommand (1ms) [Parameters=[@__p_0='?' (DbType = Int64)], CommandType='"Text"', CommandTimeout='30']
SELECT `p`.`Id`, `p`.`Amount`, `p`.`Balance_Amount`, `p`.`Balance_Spent`, `p`.`Created_At`, `p`.`Name`, `p`.`Patients_Id`, `p`.`Type`, `p`.`Updated_At`
FROM `Patients_Insurance_Loan` AS `p`
WHERE `p`.`Patients_Id` = @__p_0
2023-10-04 11:34:55.150 +05:30  INF  Executed DbCommand (0ms) [Parameters=[@__p_0='?' (DbType = Int64)], CommandType='"Text"', CommandTimeout='30']
SELECT `p`.`Id`, `p`.`Created_At`, `p`.`Patient_Id`, `p`.`Report`, `p`.`Report_Date`, `p`.`Report_File`, `p`.`Status`, `p`.`Test_Name`, `p`.`Test_Price`, `p`.`Updated_At`
FROM `Patient_Tests` AS `p`
WHERE `p`.`Patient_Id` = @__p_0
2023-10-04 11:34:55.153 +05:30  INF  Executed DbCommand (2ms) [Parameters=[@__p_0='?' (DbType = Int64)], CommandType='"Text"', CommandTimeout='30']
SELECT `p`.`Id`, `p`.`Address_O`, `p`.`Address_Other`, `p`.`Address_R`, `p`.`City_O`, `p`.`City_Other`, `p`.`City_R`, `p`.`Country_O`, `p`.`Country_Other`, `p`.`Country_R`, `p`.`Created_At`, `p`.`Doctor_Name`, `p`.`Email`, `p`.`Email2`, `p`.`Medical_History_Allergies`, `p`.`Patient_Id`, `p`.`Phone`, `p`.`Phone1`, `p`.`Phone2`, `p`.`Phone3`, `p`.`Phone4`, `p`.`Physician`, `p`.`Reffered_By`, `p`.`Relationship_Type`, `p`.`Special_Notes`, `p`.`Updated_At`, `p`.`Zip_O`, `p`.`Zip_Other`, `p`.`Zip_R`
FROM `Patients_Contact` AS `p`
WHERE `p`.`Patient_Id` = @__p_0
2023-10-04 11:34:55.154 +05:30  INF  Executed DbCommand (0ms) [Parameters=[@__p_0='?' (DbType = Int64)], CommandType='"Text"', CommandTimeout='30']
SELECT `p`.`Id`, `p`.`Created_At`, `p`.`Patient_Id`, `p`.`Report`, `p`.`Report_File`, `p`.`Scan_Name`, `p`.`Status`, `p`.`Type`, `p`.`Updated_At`
FROM `Patient_Scans` AS `p`
WHERE `p`.`Patient_Id` = @__p_0
2023-10-04 11:34:55.155 +05:30  INF  Executed DbCommand (1ms) [Parameters=[], CommandType='"Text"', CommandTimeout='30']
SELECT `p`.`Id`, `p`.`Amount_Type`, `p`.`Balance`, `p`.`Created_At`, `p`.`Credit_Amount`, `p`.`Debit_Amount`, `p`.`Description`, `p`.`Doctor_Id`, `p`.`Patient_Id`, `p`.`Payment_Mode`, `p`.`Updated_At`, `p`.`Workdone_Id`
FROM `Payment_History` AS `p`
2023-10-04 11:34:55.161 +05:30  INF  Executed DbCommand (1ms) [Parameters=[@__p_0='?' (DbType = Int64)], CommandType='"Text"', CommandTimeout='30']
SELECT `p`.`Id`, `p`.`Amount`, `p`.`Balance_Amount`, `p`.`Balance_Spent`, `p`.`Created_At`, `p`.`Name`, `p`.`Patients_Id`, `p`.`Type`, `p`.`Updated_At`
FROM `Patients_Insurance_Loan` AS `p`
WHERE `p`.`Patients_Id` = @__p_0
2023-10-04 11:34:55.162 +05:30  INF  Executed DbCommand (0ms) [Parameters=[@__p_0='?' (DbType = Int64)], CommandType='"Text"', CommandTimeout='30']
SELECT `p`.`Id`, `p`.`Created_At`, `p`.`Patient_Id`, `p`.`Report`, `p`.`Report_Date`, `p`.`Report_File`, `p`.`Status`, `p`.`Test_Name`, `p`.`Test_Price`, `p`.`Updated_At`
FROM `Patient_Tests` AS `p`
WHERE `p`.`Patient_Id` = @__p_0
2023-10-04 11:34:55.164 +05:30  INF  Executed DbCommand (1ms) [Parameters=[@__p_0='?' (DbType = Int64)], CommandType='"Text"', CommandTimeout='30']
SELECT `p`.`Id`, `p`.`Address_O`, `p`.`Address_Other`, `p`.`Address_R`, `p`.`City_O`, `p`.`City_Other`, `p`.`City_R`, `p`.`Country_O`, `p`.`Country_Other`, `p`.`Country_R`, `p`.`Created_At`, `p`.`Doctor_Name`, `p`.`Email`, `p`.`Email2`, `p`.`Medical_History_Allergies`, `p`.`Patient_Id`, `p`.`Phone`, `p`.`Phone1`, `p`.`Phone2`, `p`.`Phone3`, `p`.`Phone4`, `p`.`Physician`, `p`.`Reffered_By`, `p`.`Relationship_Type`, `p`.`Special_Notes`, `p`.`Updated_At`, `p`.`Zip_O`, `p`.`Zip_Other`, `p`.`Zip_R`
FROM `Patients_Contact` AS `p`
WHERE `p`.`Patient_Id` = @__p_0
2023-10-04 11:34:55.165 +05:30  INF  Executed DbCommand (0ms) [Parameters=[@__p_0='?' (DbType = Int64)], CommandType='"Text"', CommandTimeout='30']
SELECT `p`.`Id`, `p`.`Created_At`, `p`.`Patient_Id`, `p`.`Report`, `p`.`Report_File`, `p`.`Scan_Name`, `p`.`Status`, `p`.`Type`, `p`.`Updated_At`
FROM `Patient_Scans` AS `p`
WHERE `p`.`Patient_Id` = @__p_0
2023-10-04 11:34:55.166 +05:30  INF  Executed DbCommand (1ms) [Parameters=[], CommandType='"Text"', CommandTimeout='30']
SELECT `p`.`Id`, `p`.`Amount_Type`, `p`.`Balance`, `p`.`Created_At`, `p`.`Credit_Amount`, `p`.`Debit_Amount`, `p`.`Description`, `p`.`Doctor_Id`, `p`.`Patient_Id`, `p`.`Payment_Mode`, `p`.`Updated_At`, `p`.`Workdone_Id`
FROM `Payment_History` AS `p`
2023-10-04 11:34:55.172 +05:30  INF  Executed DbCommand (1ms) [Parameters=[@__p_0='?' (DbType = Int64)], CommandType='"Text"', CommandTimeout='30']
SELECT `p`.`Id`, `p`.`Amount`, `p`.`Balance_Amount`, `p`.`Balance_Spent`, `p`.`Created_At`, `p`.`Name`, `p`.`Patients_Id`, `p`.`Type`, `p`.`Updated_At`
FROM `Patients_Insurance_Loan` AS `p`
WHERE `p`.`Patients_Id` = @__p_0
2023-10-04 11:34:55.173 +05:30  INF  Executed DbCommand (0ms) [Parameters=[@__p_0='?' (DbType = Int64)], CommandType='"Text"', CommandTimeout='30']
SELECT `p`.`Id`, `p`.`Created_At`, `p`.`Patient_Id`, `p`.`Report`, `p`.`Report_Date`, `p`.`Report_File`, `p`.`Status`, `p`.`Test_Name`, `p`.`Test_Price`, `p`.`Updated_At`
FROM `Patient_Tests` AS `p`
WHERE `p`.`Patient_Id` = @__p_0
2023-10-04 11:34:55.175 +05:30  INF  Executed DbCommand (1ms) [Parameters=[@__p_0='?' (DbType = Int64)], CommandType='"Text"', CommandTimeout='30']
SELECT `p`.`Id`, `p`.`Address_O`, `p`.`Address_Other`, `p`.`Address_R`, `p`.`City_O`, `p`.`City_Other`, `p`.`City_R`, `p`.`Country_O`, `p`.`Country_Other`, `p`.`Country_R`, `p`.`Created_At`, `p`.`Doctor_Name`, `p`.`Email`, `p`.`Email2`, `p`.`Medical_History_Allergies`, `p`.`Patient_Id`, `p`.`Phone`, `p`.`Phone1`, `p`.`Phone2`, `p`.`Phone3`, `p`.`Phone4`, `p`.`Physician`, `p`.`Reffered_By`, `p`.`Relationship_Type`, `p`.`Special_Notes`, `p`.`Updated_At`, `p`.`Zip_O`, `p`.`Zip_Other`, `p`.`Zip_R`
FROM `Patients_Contact` AS `p`
WHERE `p`.`Patient_Id` = @__p_0
2023-10-04 11:34:55.176 +05:30  INF  Executed DbCommand (0ms) [Parameters=[@__p_0='?' (DbType = Int64)], CommandType='"Text"', CommandTimeout='30']
SELECT `p`.`Id`, `p`.`Created_At`, `p`.`Patient_Id`, `p`.`Report`, `p`.`Report_File`, `p`.`Scan_Name`, `p`.`Status`, `p`.`Type`, `p`.`Updated_At`
FROM `Patient_Scans` AS `p`
WHERE `p`.`Patient_Id` = @__p_0
2023-10-04 11:34:55.177 +05:30  INF  Executed DbCommand (1ms) [Parameters=[], CommandType='"Text"', CommandTimeout='30']
SELECT `p`.`Id`, `p`.`Amount_Type`, `p`.`Balance`, `p`.`Created_At`, `p`.`Credit_Amount`, `p`.`Debit_Amount`, `p`.`Description`, `p`.`Doctor_Id`, `p`.`Patient_Id`, `p`.`Payment_Mode`, `p`.`Updated_At`, `p`.`Workdone_Id`
FROM `Payment_History` AS `p`
2023-10-04 11:34:55.182 +05:30  INF  Executed DbCommand (1ms) [Parameters=[@__p_0='?' (DbType = Int64)], CommandType='"Text"', CommandTimeout='30']
SELECT `p`.`Id`, `p`.`Amount`, `p`.`Balance_Amount`, `p`.`Balance_Spent`, `p`.`Created_At`, `p`.`Name`, `p`.`Patients_Id`, `p`.`Type`, `p`.`Updated_At`
FROM `Patients_Insurance_Loan` AS `p`
WHERE `p`.`Patients_Id` = @__p_0
2023-10-04 11:34:55.183 +05:30  INF  Executed DbCommand (0ms) [Parameters=[@__p_0='?' (DbType = Int64)], CommandType='"Text"', CommandTimeout='30']
SELECT `p`.`Id`, `p`.`Created_At`, `p`.`Patient_Id`, `p`.`Report`, `p`.`Report_Date`, `p`.`Report_File`, `p`.`Status`, `p`.`Test_Name`, `p`.`Test_Price`, `p`.`Updated_At`
FROM `Patient_Tests` AS `p`
WHERE `p`.`Patient_Id` = @__p_0
2023-10-04 11:34:55.185 +05:30  INF  Executed DbCommand (1ms) [Parameters=[@__p_0='?' (DbType = Int64)], CommandType='"Text"', CommandTimeout='30']
SELECT `p`.`Id`, `p`.`Address_O`, `p`.`Address_Other`, `p`.`Address_R`, `p`.`City_O`, `p`.`City_Other`, `p`.`City_R`, `p`.`Country_O`, `p`.`Country_Other`, `p`.`Country_R`, `p`.`Created_At`, `p`.`Doctor_Name`, `p`.`Email`, `p`.`Email2`, `p`.`Medical_History_Allergies`, `p`.`Patient_Id`, `p`.`Phone`, `p`.`Phone1`, `p`.`Phone2`, `p`.`Phone3`, `p`.`Phone4`, `p`.`Physician`, `p`.`Reffered_By`, `p`.`Relationship_Type`, `p`.`Special_Notes`, `p`.`Updated_At`, `p`.`Zip_O`, `p`.`Zip_Other`, `p`.`Zip_R`
FROM `Patients_Contact` AS `p`
WHERE `p`.`Patient_Id` = @__p_0
2023-10-04 11:34:55.187 +05:30  INF  Executed DbCommand (0ms) [Parameters=[@__p_0='?' (DbType = Int64)], CommandType='"Text"', CommandTimeout='30']
SELECT `p`.`Id`, `p`.`Created_At`, `p`.`Patient_Id`, `p`.`Report`, `p`.`Report_File`, `p`.`Scan_Name`, `p`.`Status`, `p`.`Type`, `p`.`Updated_At`
FROM `Patient_Scans` AS `p`
WHERE `p`.`Patient_Id` = @__p_0
2023-10-04 11:34:55.188 +05:30  INF  Executed DbCommand (1ms) [Parameters=[], CommandType='"Text"', CommandTimeout='30']
SELECT `p`.`Id`, `p`.`Amount_Type`, `p`.`Balance`, `p`.`Created_At`, `p`.`Credit_Amount`, `p`.`Debit_Amount`, `p`.`Description`, `p`.`Doctor_Id`, `p`.`Patient_Id`, `p`.`Payment_Mode`, `p`.`Updated_At`, `p`.`Workdone_Id`
FROM `Payment_History` AS `p`
2023-10-04 11:34:55.193 +05:30  INF  Executed DbCommand (1ms) [Parameters=[@__p_0='?' (DbType = Int64)], CommandType='"Text"', CommandTimeout='30']
SELECT `p`.`Id`, `p`.`Amount`, `p`.`Balance_Amount`, `p`.`Balance_Spent`, `p`.`Created_At`, `p`.`Name`, `p`.`Patients_Id`, `p`.`Type`, `p`.`Updated_At`
FROM `Patients_Insurance_Loan` AS `p`
WHERE `p`.`Patients_Id` = @__p_0
2023-10-04 11:34:55.194 +05:30  INF  Executed DbCommand (0ms) [Parameters=[@__p_0='?' (DbType = Int64)], CommandType='"Text"', CommandTimeout='30']
SELECT `p`.`Id`, `p`.`Created_At`, `p`.`Patient_Id`, `p`.`Report`, `p`.`Report_Date`, `p`.`Report_File`, `p`.`Status`, `p`.`Test_Name`, `p`.`Test_Price`, `p`.`Updated_At`
FROM `Patient_Tests` AS `p`
WHERE `p`.`Patient_Id` = @__p_0
2023-10-04 11:34:55.196 +05:30  INF  Executed DbCommand (1ms) [Parameters=[@__p_0='?' (DbType = Int64)], CommandType='"Text"', CommandTimeout='30']
SELECT `p`.`Id`, `p`.`Address_O`, `p`.`Address_Other`, `p`.`Address_R`, `p`.`City_O`, `p`.`City_Other`, `p`.`City_R`, `p`.`Country_O`, `p`.`Country_Other`, `p`.`Country_R`, `p`.`Created_At`, `p`.`Doctor_Name`, `p`.`Email`, `p`.`Email2`, `p`.`Medical_History_Allergies`, `p`.`Patient_Id`, `p`.`Phone`, `p`.`Phone1`, `p`.`Phone2`, `p`.`Phone3`, `p`.`Phone4`, `p`.`Physician`, `p`.`Reffered_By`, `p`.`Relationship_Type`, `p`.`Special_Notes`, `p`.`Updated_At`, `p`.`Zip_O`, `p`.`Zip_Other`, `p`.`Zip_R`
FROM `Patients_Contact` AS `p`
WHERE `p`.`Patient_Id` = @__p_0
2023-10-04 11:34:55.197 +05:30  INF  Executed DbCommand (0ms) [Parameters=[@__p_0='?' (DbType = Int64)], CommandType='"Text"', CommandTimeout='30']
SELECT `p`.`Id`, `p`.`Created_At`, `p`.`Patient_Id`, `p`.`Report`, `p`.`Report_File`, `p`.`Scan_Name`, `p`.`Status`, `p`.`Type`, `p`.`Updated_At`
FROM `Patient_Scans` AS `p`
WHERE `p`.`Patient_Id` = @__p_0
2023-10-04 11:34:55.198 +05:30  INF  Executed DbCommand (1ms) [Parameters=[], CommandType='"Text"', CommandTimeout='30']
SELECT `p`.`Id`, `p`.`Amount_Type`, `p`.`Balance`, `p`.`Created_At`, `p`.`Credit_Amount`, `p`.`Debit_Amount`, `p`.`Description`, `p`.`Doctor_Id`, `p`.`Patient_Id`, `p`.`Payment_Mode`, `p`.`Updated_At`, `p`.`Workdone_Id`
FROM `Payment_History` AS `p`
2023-10-04 11:34:55.203 +05:30  INF  Executed DbCommand (1ms) [Parameters=[@__p_0='?' (DbType = Int64)], CommandType='"Text"', CommandTimeout='30']
SELECT `p`.`Id`, `p`.`Amount`, `p`.`Balance_Amount`, `p`.`Balance_Spent`, `p`.`Created_At`, `p`.`Name`, `p`.`Patients_Id`, `p`.`Type`, `p`.`Updated_At`
FROM `Patients_Insurance_Loan` AS `p`
WHERE `p`.`Patients_Id` = @__p_0
2023-10-04 11:34:55.205 +05:30  INF  Executed DbCommand (0ms) [Parameters=[@__p_0='?' (DbType = Int64)], CommandType='"Text"', CommandTimeout='30']
SELECT `p`.`Id`, `p`.`Created_At`, `p`.`Patient_Id`, `p`.`Report`, `p`.`Report_Date`, `p`.`Report_File`, `p`.`Status`, `p`.`Test_Name`, `p`.`Test_Price`, `p`.`Updated_At`
FROM `Patient_Tests` AS `p`
WHERE `p`.`Patient_Id` = @__p_0
2023-10-04 11:34:55.206 +05:30  INF  Executed DbCommand (1ms) [Parameters=[@__p_0='?' (DbType = Int64)], CommandType='"Text"', CommandTimeout='30']
SELECT `p`.`Id`, `p`.`Address_O`, `p`.`Address_Other`, `p`.`Address_R`, `p`.`City_O`, `p`.`City_Other`, `p`.`City_R`, `p`.`Country_O`, `p`.`Country_Other`, `p`.`Country_R`, `p`.`Created_At`, `p`.`Doctor_Name`, `p`.`Email`, `p`.`Email2`, `p`.`Medical_History_Allergies`, `p`.`Patient_Id`, `p`.`Phone`, `p`.`Phone1`, `p`.`Phone2`, `p`.`Phone3`, `p`.`Phone4`, `p`.`Physician`, `p`.`Reffered_By`, `p`.`Relationship_Type`, `p`.`Special_Notes`, `p`.`Updated_At`, `p`.`Zip_O`, `p`.`Zip_Other`, `p`.`Zip_R`
FROM `Patients_Contact` AS `p`
WHERE `p`.`Patient_Id` = @__p_0
2023-10-04 11:34:55.208 +05:30  INF  Executed DbCommand (0ms) [Parameters=[@__p_0='?' (DbType = Int64)], CommandType='"Text"', CommandTimeout='30']
SELECT `p`.`Id`, `p`.`Created_At`, `p`.`Patient_Id`, `p`.`Report`, `p`.`Report_File`, `p`.`Scan_Name`, `p`.`Status`, `p`.`Type`, `p`.`Updated_At`
FROM `Patient_Scans` AS `p`
WHERE `p`.`Patient_Id` = @__p_0
2023-10-04 11:34:55.209 +05:30  INF  Executed DbCommand (1ms) [Parameters=[], CommandType='"Text"', CommandTimeout='30']
SELECT `p`.`Id`, `p`.`Amount_Type`, `p`.`Balance`, `p`.`Created_At`, `p`.`Credit_Amount`, `p`.`Debit_Amount`, `p`.`Description`, `p`.`Doctor_Id`, `p`.`Patient_Id`, `p`.`Payment_Mode`, `p`.`Updated_At`, `p`.`Workdone_Id`
FROM `Payment_History` AS `p`
2023-10-04 11:34:55.213 +05:30  INF  Executed DbCommand (1ms) [Parameters=[@__p_0='?' (DbType = Int64)], CommandType='"Text"', CommandTimeout='30']
SELECT `p`.`Id`, `p`.`Amount`, `p`.`Balance_Amount`, `p`.`Balance_Spent`, `p`.`Created_At`, `p`.`Name`, `p`.`Patients_Id`, `p`.`Type`, `p`.`Updated_At`
FROM `Patients_Insurance_Loan` AS `p`
WHERE `p`.`Patients_Id` = @__p_0
2023-10-04 11:34:55.215 +05:30  INF  Executed DbCommand (0ms) [Parameters=[@__p_0='?' (DbType = Int64)], CommandType='"Text"', CommandTimeout='30']
SELECT `p`.`Id`, `p`.`Created_At`, `p`.`Patient_Id`, `p`.`Report`, `p`.`Report_Date`, `p`.`Report_File`, `p`.`Status`, `p`.`Test_Name`, `p`.`Test_Price`, `p`.`Updated_At`
FROM `Patient_Tests` AS `p`
WHERE `p`.`Patient_Id` = @__p_0
2023-10-04 11:34:55.217 +05:30  INF  Executed DbCommand (1ms) [Parameters=[@__p_0='?' (DbType = Int64)], CommandType='"Text"', CommandTimeout='30']
SELECT `p`.`Id`, `p`.`Address_O`, `p`.`Address_Other`, `p`.`Address_R`, `p`.`City_O`, `p`.`City_Other`, `p`.`City_R`, `p`.`Country_O`, `p`.`Country_Other`, `p`.`Country_R`, `p`.`Created_At`, `p`.`Doctor_Name`, `p`.`Email`, `p`.`Email2`, `p`.`Medical_History_Allergies`, `p`.`Patient_Id`, `p`.`Phone`, `p`.`Phone1`, `p`.`Phone2`, `p`.`Phone3`, `p`.`Phone4`, `p`.`Physician`, `p`.`Reffered_By`, `p`.`Relationship_Type`, `p`.`Special_Notes`, `p`.`Updated_At`, `p`.`Zip_O`, `p`.`Zip_Other`, `p`.`Zip_R`
FROM `Patients_Contact` AS `p`
WHERE `p`.`Patient_Id` = @__p_0
2023-10-04 11:34:55.218 +05:30  INF  Executed DbCommand (0ms) [Parameters=[@__p_0='?' (DbType = Int64)], CommandType='"Text"', CommandTimeout='30']
SELECT `p`.`Id`, `p`.`Created_At`, `p`.`Patient_Id`, `p`.`Report`, `p`.`Report_File`, `p`.`Scan_Name`, `p`.`Status`, `p`.`Type`, `p`.`Updated_At`
FROM `Patient_Scans` AS `p`
WHERE `p`.`Patient_Id` = @__p_0
2023-10-04 11:34:55.219 +05:30  INF  Executed DbCommand (1ms) [Parameters=[], CommandType='"Text"', CommandTimeout='30']
SELECT `p`.`Id`, `p`.`Amount_Type`, `p`.`Balance`, `p`.`Created_At`, `p`.`Credit_Amount`, `p`.`Debit_Amount`, `p`.`Description`, `p`.`Doctor_Id`, `p`.`Patient_Id`, `p`.`Payment_Mode`, `p`.`Updated_At`, `p`.`Workdone_Id`
FROM `Payment_History` AS `p`
2023-10-04 11:34:55.224 +05:30  INF  Executed DbCommand (1ms) [Parameters=[@__p_0='?' (DbType = Int64)], CommandType='"Text"', CommandTimeout='30']
SELECT `p`.`Id`, `p`.`Amount`, `p`.`Balance_Amount`, `p`.`Balance_Spent`, `p`.`Created_At`, `p`.`Name`, `p`.`Patients_Id`, `p`.`Type`, `p`.`Updated_At`
FROM `Patients_Insurance_Loan` AS `p`
WHERE `p`.`Patients_Id` = @__p_0
2023-10-04 11:34:55.225 +05:30  INF  Executed DbCommand (0ms) [Parameters=[@__p_0='?' (DbType = Int64)], CommandType='"Text"', CommandTimeout='30']
SELECT `p`.`Id`, `p`.`Created_At`, `p`.`Patient_Id`, `p`.`Report`, `p`.`Report_Date`, `p`.`Report_File`, `p`.`Status`, `p`.`Test_Name`, `p`.`Test_Price`, `p`.`Updated_At`
FROM `Patient_Tests` AS `p`
WHERE `p`.`Patient_Id` = @__p_0
2023-10-04 11:34:55.227 +05:30  INF  Executed DbCommand (1ms) [Parameters=[@__p_0='?' (DbType = Int64)], CommandType='"Text"', CommandTimeout='30']
SELECT `p`.`Id`, `p`.`Address_O`, `p`.`Address_Other`, `p`.`Address_R`, `p`.`City_O`, `p`.`City_Other`, `p`.`City_R`, `p`.`Country_O`, `p`.`Country_Other`, `p`.`Country_R`, `p`.`Created_At`, `p`.`Doctor_Name`, `p`.`Email`, `p`.`Email2`, `p`.`Medical_History_Allergies`, `p`.`Patient_Id`, `p`.`Phone`, `p`.`Phone1`, `p`.`Phone2`, `p`.`Phone3`, `p`.`Phone4`, `p`.`Physician`, `p`.`Reffered_By`, `p`.`Relationship_Type`, `p`.`Special_Notes`, `p`.`Updated_At`, `p`.`Zip_O`, `p`.`Zip_Other`, `p`.`Zip_R`
FROM `Patients_Contact` AS `p`
WHERE `p`.`Patient_Id` = @__p_0
2023-10-04 11:34:55.228 +05:30  INF  Executed DbCommand (0ms) [Parameters=[@__p_0='?' (DbType = Int64)], CommandType='"Text"', CommandTimeout='30']
SELECT `p`.`Id`, `p`.`Created_At`, `p`.`Patient_Id`, `p`.`Report`, `p`.`Report_File`, `p`.`Scan_Name`, `p`.`Status`, `p`.`Type`, `p`.`Updated_At`
FROM `Patient_Scans` AS `p`
WHERE `p`.`Patient_Id` = @__p_0
2023-10-04 11:34:55.229 +05:30  INF  Executed DbCommand (1ms) [Parameters=[], CommandType='"Text"', CommandTimeout='30']
SELECT `p`.`Id`, `p`.`Amount_Type`, `p`.`Balance`, `p`.`Created_At`, `p`.`Credit_Amount`, `p`.`Debit_Amount`, `p`.`Description`, `p`.`Doctor_Id`, `p`.`Patient_Id`, `p`.`Payment_Mode`, `p`.`Updated_At`, `p`.`Workdone_Id`
FROM `Payment_History` AS `p`
2023-10-04 11:34:55.235 +05:30  INF  Executed DbCommand (1ms) [Parameters=[@__p_0='?' (DbType = Int64)], CommandType='"Text"', CommandTimeout='30']
SELECT `p`.`Id`, `p`.`Amount`, `p`.`Balance_Amount`, `p`.`Balance_Spent`, `p`.`Created_At`, `p`.`Name`, `p`.`Patients_Id`, `p`.`Type`, `p`.`Updated_At`
FROM `Patients_Insurance_Loan` AS `p`
WHERE `p`.`Patients_Id` = @__p_0
2023-10-04 11:34:55.237 +05:30  INF  Executed DbCommand (0ms) [Parameters=[@__p_0='?' (DbType = Int64)], CommandType='"Text"', CommandTimeout='30']
SELECT `p`.`Id`, `p`.`Created_At`, `p`.`Patient_Id`, `p`.`Report`, `p`.`Report_Date`, `p`.`Report_File`, `p`.`Status`, `p`.`Test_Name`, `p`.`Test_Price`, `p`.`Updated_At`
FROM `Patient_Tests` AS `p`
WHERE `p`.`Patient_Id` = @__p_0
2023-10-04 11:34:55.239 +05:30  INF  Executed DbCommand (1ms) [Parameters=[@__p_0='?' (DbType = Int64)], CommandType='"Text"', CommandTimeout='30']
SELECT `p`.`Id`, `p`.`Address_O`, `p`.`Address_Other`, `p`.`Address_R`, `p`.`City_O`, `p`.`City_Other`, `p`.`City_R`, `p`.`Country_O`, `p`.`Country_Other`, `p`.`Country_R`, `p`.`Created_At`, `p`.`Doctor_Name`, `p`.`Email`, `p`.`Email2`, `p`.`Medical_History_Allergies`, `p`.`Patient_Id`, `p`.`Phone`, `p`.`Phone1`, `p`.`Phone2`, `p`.`Phone3`, `p`.`Phone4`, `p`.`Physician`, `p`.`Reffered_By`, `p`.`Relationship_Type`, `p`.`Special_Notes`, `p`.`Updated_At`, `p`.`Zip_O`, `p`.`Zip_Other`, `p`.`Zip_R`
FROM `Patients_Contact` AS `p`
WHERE `p`.`Patient_Id` = @__p_0
2023-10-04 11:34:55.240 +05:30  INF  Executed DbCommand (0ms) [Parameters=[@__p_0='?' (DbType = Int64)], CommandType='"Text"', CommandTimeout='30']
SELECT `p`.`Id`, `p`.`Created_At`, `p`.`Patient_Id`, `p`.`Report`, `p`.`Report_File`, `p`.`Scan_Name`, `p`.`Status`, `p`.`Type`, `p`.`Updated_At`
FROM `Patient_Scans` AS `p`
WHERE `p`.`Patient_Id` = @__p_0
2023-10-04 11:34:55.241 +05:30  INF  Executed DbCommand (1ms) [Parameters=[], CommandType='"Text"', CommandTimeout='30']
SELECT `p`.`Id`, `p`.`Amount_Type`, `p`.`Balance`, `p`.`Created_At`, `p`.`Credit_Amount`, `p`.`Debit_Amount`, `p`.`Description`, `p`.`Doctor_Id`, `p`.`Patient_Id`, `p`.`Payment_Mode`, `p`.`Updated_At`, `p`.`Workdone_Id`
FROM `Payment_History` AS `p`
2023-10-04 11:34:55.246 +05:30  INF  Executed DbCommand (1ms) [Parameters=[@__p_0='?' (DbType = Int64)], CommandType='"Text"', CommandTimeout='30']
SELECT `p`.`Id`, `p`.`Amount`, `p`.`Balance_Amount`, `p`.`Balance_Spent`, `p`.`Created_At`, `p`.`Name`, `p`.`Patients_Id`, `p`.`Type`, `p`.`Updated_At`
FROM `Patients_Insurance_Loan` AS `p`
WHERE `p`.`Patients_Id` = @__p_0
2023-10-04 11:34:55.247 +05:30  INF  Executed DbCommand (0ms) [Parameters=[@__p_0='?' (DbType = Int64)], CommandType='"Text"', CommandTimeout='30']
SELECT `p`.`Id`, `p`.`Created_At`, `p`.`Patient_Id`, `p`.`Report`, `p`.`Report_Date`, `p`.`Report_File`, `p`.`Status`, `p`.`Test_Name`, `p`.`Test_Price`, `p`.`Updated_At`
FROM `Patient_Tests` AS `p`
WHERE `p`.`Patient_Id` = @__p_0
2023-10-04 11:34:55.249 +05:30  INF  Executed DbCommand (1ms) [Parameters=[@__p_0='?' (DbType = Int64)], CommandType='"Text"', CommandTimeout='30']
SELECT `p`.`Id`, `p`.`Address_O`, `p`.`Address_Other`, `p`.`Address_R`, `p`.`City_O`, `p`.`City_Other`, `p`.`City_R`, `p`.`Country_O`, `p`.`Country_Other`, `p`.`Country_R`, `p`.`Created_At`, `p`.`Doctor_Name`, `p`.`Email`, `p`.`Email2`, `p`.`Medical_History_Allergies`, `p`.`Patient_Id`, `p`.`Phone`, `p`.`Phone1`, `p`.`Phone2`, `p`.`Phone3`, `p`.`Phone4`, `p`.`Physician`, `p`.`Reffered_By`, `p`.`Relationship_Type`, `p`.`Special_Notes`, `p`.`Updated_At`, `p`.`Zip_O`, `p`.`Zip_Other`, `p`.`Zip_R`
FROM `Patients_Contact` AS `p`
WHERE `p`.`Patient_Id` = @__p_0
2023-10-04 11:34:55.250 +05:30  INF  Executed DbCommand (0ms) [Parameters=[@__p_0='?' (DbType = Int64)], CommandType='"Text"', CommandTimeout='30']
SELECT `p`.`Id`, `p`.`Created_At`, `p`.`Patient_Id`, `p`.`Report`, `p`.`Report_File`, `p`.`Scan_Name`, `p`.`Status`, `p`.`Type`, `p`.`Updated_At`
FROM `Patient_Scans` AS `p`
WHERE `p`.`Patient_Id` = @__p_0
2023-10-04 11:34:55.252 +05:30  INF  Executed DbCommand (1ms) [Parameters=[], CommandType='"Text"', CommandTimeout='30']
SELECT `p`.`Id`, `p`.`Amount_Type`, `p`.`Balance`, `p`.`Created_At`, `p`.`Credit_Amount`, `p`.`Debit_Amount`, `p`.`Description`, `p`.`Doctor_Id`, `p`.`Patient_Id`, `p`.`Payment_Mode`, `p`.`Updated_At`, `p`.`Workdone_Id`
FROM `Payment_History` AS `p`
2023-10-04 11:34:55.257 +05:30  INF  Executed DbCommand (1ms) [Parameters=[@__p_0='?' (DbType = Int64)], CommandType='"Text"', CommandTimeout='30']
SELECT `p`.`Id`, `p`.`Amount`, `p`.`Balance_Amount`, `p`.`Balance_Spent`, `p`.`Created_At`, `p`.`Name`, `p`.`Patients_Id`, `p`.`Type`, `p`.`Updated_At`
FROM `Patients_Insurance_Loan` AS `p`
WHERE `p`.`Patients_Id` = @__p_0
2023-10-04 11:34:55.258 +05:30  INF  Executed DbCommand (0ms) [Parameters=[@__p_0='?' (DbType = Int64)], CommandType='"Text"', CommandTimeout='30']
SELECT `p`.`Id`, `p`.`Created_At`, `p`.`Patient_Id`, `p`.`Report`, `p`.`Report_Date`, `p`.`Report_File`, `p`.`Status`, `p`.`Test_Name`, `p`.`Test_Price`, `p`.`Updated_At`
FROM `Patient_Tests` AS `p`
WHERE `p`.`Patient_Id` = @__p_0
2023-10-04 11:34:55.260 +05:30  INF  Executed DbCommand (1ms) [Parameters=[@__p_0='?' (DbType = Int64)], CommandType='"Text"', CommandTimeout='30']
SELECT `p`.`Id`, `p`.`Address_O`, `p`.`Address_Other`, `p`.`Address_R`, `p`.`City_O`, `p`.`City_Other`, `p`.`City_R`, `p`.`Country_O`, `p`.`Country_Other`, `p`.`Country_R`, `p`.`Created_At`, `p`.`Doctor_Name`, `p`.`Email`, `p`.`Email2`, `p`.`Medical_History_Allergies`, `p`.`Patient_Id`, `p`.`Phone`, `p`.`Phone1`, `p`.`Phone2`, `p`.`Phone3`, `p`.`Phone4`, `p`.`Physician`, `p`.`Reffered_By`, `p`.`Relationship_Type`, `p`.`Special_Notes`, `p`.`Updated_At`, `p`.`Zip_O`, `p`.`Zip_Other`, `p`.`Zip_R`
FROM `Patients_Contact` AS `p`
WHERE `p`.`Patient_Id` = @__p_0
2023-10-04 11:34:55.261 +05:30  INF  Executed DbCommand (0ms) [Parameters=[@__p_0='?' (DbType = Int64)], CommandType='"Text"', CommandTimeout='30']
SELECT `p`.`Id`, `p`.`Created_At`, `p`.`Patient_Id`, `p`.`Report`, `p`.`Report_File`, `p`.`Scan_Name`, `p`.`Status`, `p`.`Type`, `p`.`Updated_At`
FROM `Patient_Scans` AS `p`
WHERE `p`.`Patient_Id` = @__p_0
2023-10-04 11:34:55.262 +05:30  INF  Executed DbCommand (1ms) [Parameters=[], CommandType='"Text"', CommandTimeout='30']
SELECT `p`.`Id`, `p`.`Amount_Type`, `p`.`Balance`, `p`.`Created_At`, `p`.`Credit_Amount`, `p`.`Debit_Amount`, `p`.`Description`, `p`.`Doctor_Id`, `p`.`Patient_Id`, `p`.`Payment_Mode`, `p`.`Updated_At`, `p`.`Workdone_Id`
FROM `Payment_History` AS `p`
2023-10-04 11:34:55.269 +05:30  INF  Executed DbCommand (1ms) [Parameters=[@__p_0='?' (DbType = Int64)], CommandType='"Text"', CommandTimeout='30']
SELECT `p`.`Id`, `p`.`Amount`, `p`.`Balance_Amount`, `p`.`Balance_Spent`, `p`.`Created_At`, `p`.`Name`, `p`.`Patients_Id`, `p`.`Type`, `p`.`Updated_At`
FROM `Patients_Insurance_Loan` AS `p`
WHERE `p`.`Patients_Id` = @__p_0
2023-10-04 11:34:55.271 +05:30  INF  Executed DbCommand (1ms) [Parameters=[@__p_0='?' (DbType = Int64)], CommandType='"Text"', CommandTimeout='30']
SELECT `p`.`Id`, `p`.`Created_At`, `p`.`Patient_Id`, `p`.`Report`, `p`.`Report_Date`, `p`.`Report_File`, `p`.`Status`, `p`.`Test_Name`, `p`.`Test_Price`, `p`.`Updated_At`
FROM `Patient_Tests` AS `p`
WHERE `p`.`Patient_Id` = @__p_0
2023-10-04 11:34:55.274 +05:30  INF  Executed DbCommand (2ms) [Parameters=[@__p_0='?' (DbType = Int64)], CommandType='"Text"', CommandTimeout='30']
SELECT `p`.`Id`, `p`.`Address_O`, `p`.`Address_Other`, `p`.`Address_R`, `p`.`City_O`, `p`.`City_Other`, `p`.`City_R`, `p`.`Country_O`, `p`.`Country_Other`, `p`.`Country_R`, `p`.`Created_At`, `p`.`Doctor_Name`, `p`.`Email`, `p`.`Email2`, `p`.`Medical_History_Allergies`, `p`.`Patient_Id`, `p`.`Phone`, `p`.`Phone1`, `p`.`Phone2`, `p`.`Phone3`, `p`.`Phone4`, `p`.`Physician`, `p`.`Reffered_By`, `p`.`Relationship_Type`, `p`.`Special_Notes`, `p`.`Updated_At`, `p`.`Zip_O`, `p`.`Zip_Other`, `p`.`Zip_R`
FROM `Patients_Contact` AS `p`
WHERE `p`.`Patient_Id` = @__p_0
2023-10-04 11:34:55.275 +05:30  INF  Executed DbCommand (0ms) [Parameters=[@__p_0='?' (DbType = Int64)], CommandType='"Text"', CommandTimeout='30']
SELECT `p`.`Id`, `p`.`Created_At`, `p`.`Patient_Id`, `p`.`Report`, `p`.`Report_File`, `p`.`Scan_Name`, `p`.`Status`, `p`.`Type`, `p`.`Updated_At`
FROM `Patient_Scans` AS `p`
WHERE `p`.`Patient_Id` = @__p_0
2023-10-04 11:34:55.277 +05:30  INF  Executed DbCommand (1ms) [Parameters=[], CommandType='"Text"', CommandTimeout='30']
SELECT `p`.`Id`, `p`.`Amount_Type`, `p`.`Balance`, `p`.`Created_At`, `p`.`Credit_Amount`, `p`.`Debit_Amount`, `p`.`Description`, `p`.`Doctor_Id`, `p`.`Patient_Id`, `p`.`Payment_Mode`, `p`.`Updated_At`, `p`.`Workdone_Id`
FROM `Payment_History` AS `p`
2023-10-04 11:34:55.282 +05:30  INF  Executed DbCommand (1ms) [Parameters=[@__p_0='?' (DbType = Int64)], CommandType='"Text"', CommandTimeout='30']
SELECT `p`.`Id`, `p`.`Amount`, `p`.`Balance_Amount`, `p`.`Balance_Spent`, `p`.`Created_At`, `p`.`Name`, `p`.`Patients_Id`, `p`.`Type`, `p`.`Updated_At`
FROM `Patients_Insurance_Loan` AS `p`
WHERE `p`.`Patients_Id` = @__p_0
2023-10-04 11:34:55.284 +05:30  INF  Executed DbCommand (0ms) [Parameters=[@__p_0='?' (DbType = Int64)], CommandType='"Text"', CommandTimeout='30']
SELECT `p`.`Id`, `p`.`Created_At`, `p`.`Patient_Id`, `p`.`Report`, `p`.`Report_Date`, `p`.`Report_File`, `p`.`Status`, `p`.`Test_Name`, `p`.`Test_Price`, `p`.`Updated_At`
FROM `Patient_Tests` AS `p`
WHERE `p`.`Patient_Id` = @__p_0
2023-10-04 11:34:55.287 +05:30  INF  Executed DbCommand (2ms) [Parameters=[@__p_0='?' (DbType = Int64)], CommandType='"Text"', CommandTimeout='30']
SELECT `p`.`Id`, `p`.`Address_O`, `p`.`Address_Other`, `p`.`Address_R`, `p`.`City_O`, `p`.`City_Other`, `p`.`City_R`, `p`.`Country_O`, `p`.`Country_Other`, `p`.`Country_R`, `p`.`Created_At`, `p`.`Doctor_Name`, `p`.`Email`, `p`.`Email2`, `p`.`Medical_History_Allergies`, `p`.`Patient_Id`, `p`.`Phone`, `p`.`Phone1`, `p`.`Phone2`, `p`.`Phone3`, `p`.`Phone4`, `p`.`Physician`, `p`.`Reffered_By`, `p`.`Relationship_Type`, `p`.`Special_Notes`, `p`.`Updated_At`, `p`.`Zip_O`, `p`.`Zip_Other`, `p`.`Zip_R`
FROM `Patients_Contact` AS `p`
WHERE `p`.`Patient_Id` = @__p_0
2023-10-04 11:34:55.288 +05:30  INF  Executed DbCommand (0ms) [Parameters=[@__p_0='?' (DbType = Int64)], CommandType='"Text"', CommandTimeout='30']
SELECT `p`.`Id`, `p`.`Created_At`, `p`.`Patient_Id`, `p`.`Report`, `p`.`Report_File`, `p`.`Scan_Name`, `p`.`Status`, `p`.`Type`, `p`.`Updated_At`
FROM `Patient_Scans` AS `p`
WHERE `p`.`Patient_Id` = @__p_0
2023-10-04 11:34:55.289 +05:30  INF  Executed DbCommand (1ms) [Parameters=[], CommandType='"Text"', CommandTimeout='30']
SELECT `p`.`Id`, `p`.`Amount_Type`, `p`.`Balance`, `p`.`Created_At`, `p`.`Credit_Amount`, `p`.`Debit_Amount`, `p`.`Description`, `p`.`Doctor_Id`, `p`.`Patient_Id`, `p`.`Payment_Mode`, `p`.`Updated_At`, `p`.`Workdone_Id`
FROM `Payment_History` AS `p`
2023-10-04 11:34:55.294 +05:30  INF  Executed DbCommand (1ms) [Parameters=[@__p_0='?' (DbType = Int64)], CommandType='"Text"', CommandTimeout='30']
SELECT `p`.`Id`, `p`.`Amount`, `p`.`Balance_Amount`, `p`.`Balance_Spent`, `p`.`Created_At`, `p`.`Name`, `p`.`Patients_Id`, `p`.`Type`, `p`.`Updated_At`
FROM `Patients_Insurance_Loan` AS `p`
WHERE `p`.`Patients_Id` = @__p_0
2023-10-04 11:34:55.295 +05:30  INF  Executed DbCommand (1ms) [Parameters=[@__p_0='?' (DbType = Int64)], CommandType='"Text"', CommandTimeout='30']
SELECT `p`.`Id`, `p`.`Created_At`, `p`.`Patient_Id`, `p`.`Report`, `p`.`Report_Date`, `p`.`Report_File`, `p`.`Status`, `p`.`Test_Name`, `p`.`Test_Price`, `p`.`Updated_At`
FROM `Patient_Tests` AS `p`
WHERE `p`.`Patient_Id` = @__p_0
2023-10-04 11:34:55.297 +05:30  INF  Executed DbCommand (1ms) [Parameters=[@__p_0='?' (DbType = Int64)], CommandType='"Text"', CommandTimeout='30']
SELECT `p`.`Id`, `p`.`Address_O`, `p`.`Address_Other`, `p`.`Address_R`, `p`.`City_O`, `p`.`City_Other`, `p`.`City_R`, `p`.`Country_O`, `p`.`Country_Other`, `p`.`Country_R`, `p`.`Created_At`, `p`.`Doctor_Name`, `p`.`Email`, `p`.`Email2`, `p`.`Medical_History_Allergies`, `p`.`Patient_Id`, `p`.`Phone`, `p`.`Phone1`, `p`.`Phone2`, `p`.`Phone3`, `p`.`Phone4`, `p`.`Physician`, `p`.`Reffered_By`, `p`.`Relationship_Type`, `p`.`Special_Notes`, `p`.`Updated_At`, `p`.`Zip_O`, `p`.`Zip_Other`, `p`.`Zip_R`
FROM `Patients_Contact` AS `p`
WHERE `p`.`Patient_Id` = @__p_0
2023-10-04 11:34:55.298 +05:30  INF  Executed DbCommand (0ms) [Parameters=[@__p_0='?' (DbType = Int64)], CommandType='"Text"', CommandTimeout='30']
SELECT `p`.`Id`, `p`.`Created_At`, `p`.`Patient_Id`, `p`.`Report`, `p`.`Report_File`, `p`.`Scan_Name`, `p`.`Status`, `p`.`Type`, `p`.`Updated_At`
FROM `Patient_Scans` AS `p`
WHERE `p`.`Patient_Id` = @__p_0
2023-10-04 11:34:55.299 +05:30  INF  Executed DbCommand (1ms) [Parameters=[], CommandType='"Text"', CommandTimeout='30']
SELECT `p`.`Id`, `p`.`Amount_Type`, `p`.`Balance`, `p`.`Created_At`, `p`.`Credit_Amount`, `p`.`Debit_Amount`, `p`.`Description`, `p`.`Doctor_Id`, `p`.`Patient_Id`, `p`.`Payment_Mode`, `p`.`Updated_At`, `p`.`Workdone_Id`
FROM `Payment_History` AS `p`
2023-10-04 11:34:55.304 +05:30  INF  Executed DbCommand (1ms) [Parameters=[@__p_0='?' (DbType = Int64)], CommandType='"Text"', CommandTimeout='30']
SELECT `p`.`Id`, `p`.`Amount`, `p`.`Balance_Amount`, `p`.`Balance_Spent`, `p`.`Created_At`, `p`.`Name`, `p`.`Patients_Id`, `p`.`Type`, `p`.`Updated_At`
FROM `Patients_Insurance_Loan` AS `p`
WHERE `p`.`Patients_Id` = @__p_0
2023-10-04 11:34:55.306 +05:30  INF  Executed DbCommand (0ms) [Parameters=[@__p_0='?' (DbType = Int64)], CommandType='"Text"', CommandTimeout='30']
SELECT `p`.`Id`, `p`.`Created_At`, `p`.`Patient_Id`, `p`.`Report`, `p`.`Report_Date`, `p`.`Report_File`, `p`.`Status`, `p`.`Test_Name`, `p`.`Test_Price`, `p`.`Updated_At`
FROM `Patient_Tests` AS `p`
WHERE `p`.`Patient_Id` = @__p_0
2023-10-04 11:34:55.307 +05:30  INF  Executed DbCommand (1ms) [Parameters=[@__p_0='?' (DbType = Int64)], CommandType='"Text"', CommandTimeout='30']
SELECT `p`.`Id`, `p`.`Address_O`, `p`.`Address_Other`, `p`.`Address_R`, `p`.`City_O`, `p`.`City_Other`, `p`.`City_R`, `p`.`Country_O`, `p`.`Country_Other`, `p`.`Country_R`, `p`.`Created_At`, `p`.`Doctor_Name`, `p`.`Email`, `p`.`Email2`, `p`.`Medical_History_Allergies`, `p`.`Patient_Id`, `p`.`Phone`, `p`.`Phone1`, `p`.`Phone2`, `p`.`Phone3`, `p`.`Phone4`, `p`.`Physician`, `p`.`Reffered_By`, `p`.`Relationship_Type`, `p`.`Special_Notes`, `p`.`Updated_At`, `p`.`Zip_O`, `p`.`Zip_Other`, `p`.`Zip_R`
FROM `Patients_Contact` AS `p`
WHERE `p`.`Patient_Id` = @__p_0
2023-10-04 11:34:55.309 +05:30  INF  Executed DbCommand (0ms) [Parameters=[@__p_0='?' (DbType = Int64)], CommandType='"Text"', CommandTimeout='30']
SELECT `p`.`Id`, `p`.`Created_At`, `p`.`Patient_Id`, `p`.`Report`, `p`.`Report_File`, `p`.`Scan_Name`, `p`.`Status`, `p`.`Type`, `p`.`Updated_At`
FROM `Patient_Scans` AS `p`
WHERE `p`.`Patient_Id` = @__p_0
2023-10-04 11:34:55.310 +05:30  INF  Executed DbCommand (1ms) [Parameters=[], CommandType='"Text"', CommandTimeout='30']
SELECT `p`.`Id`, `p`.`Amount_Type`, `p`.`Balance`, `p`.`Created_At`, `p`.`Credit_Amount`, `p`.`Debit_Amount`, `p`.`Description`, `p`.`Doctor_Id`, `p`.`Patient_Id`, `p`.`Payment_Mode`, `p`.`Updated_At`, `p`.`Workdone_Id`
FROM `Payment_History` AS `p`
2023-10-04 11:34:55.315 +05:30  INF  Executed DbCommand (1ms) [Parameters=[@__p_0='?' (DbType = Int64)], CommandType='"Text"', CommandTimeout='30']
SELECT `p`.`Id`, `p`.`Amount`, `p`.`Balance_Amount`, `p`.`Balance_Spent`, `p`.`Created_At`, `p`.`Name`, `p`.`Patients_Id`, `p`.`Type`, `p`.`Updated_At`
FROM `Patients_Insurance_Loan` AS `p`
WHERE `p`.`Patients_Id` = @__p_0
2023-10-04 11:34:55.316 +05:30  INF  Executed DbCommand (0ms) [Parameters=[@__p_0='?' (DbType = Int64)], CommandType='"Text"', CommandTimeout='30']
SELECT `p`.`Id`, `p`.`Created_At`, `p`.`Patient_Id`, `p`.`Report`, `p`.`Report_Date`, `p`.`Report_File`, `p`.`Status`, `p`.`Test_Name`, `p`.`Test_Price`, `p`.`Updated_At`
FROM `Patient_Tests` AS `p`
WHERE `p`.`Patient_Id` = @__p_0
2023-10-04 11:34:55.319 +05:30  INF  Executed DbCommand (1ms) [Parameters=[@__p_0='?' (DbType = Int64)], CommandType='"Text"', CommandTimeout='30']
SELECT `p`.`Id`, `p`.`Address_O`, `p`.`Address_Other`, `p`.`Address_R`, `p`.`City_O`, `p`.`City_Other`, `p`.`City_R`, `p`.`Country_O`, `p`.`Country_Other`, `p`.`Country_R`, `p`.`Created_At`, `p`.`Doctor_Name`, `p`.`Email`, `p`.`Email2`, `p`.`Medical_History_Allergies`, `p`.`Patient_Id`, `p`.`Phone`, `p`.`Phone1`, `p`.`Phone2`, `p`.`Phone3`, `p`.`Phone4`, `p`.`Physician`, `p`.`Reffered_By`, `p`.`Relationship_Type`, `p`.`Special_Notes`, `p`.`Updated_At`, `p`.`Zip_O`, `p`.`Zip_Other`, `p`.`Zip_R`
FROM `Patients_Contact` AS `p`
WHERE `p`.`Patient_Id` = @__p_0
2023-10-04 11:34:55.320 +05:30  INF  Executed DbCommand (0ms) [Parameters=[@__p_0='?' (DbType = Int64)], CommandType='"Text"', CommandTimeout='30']
SELECT `p`.`Id`, `p`.`Created_At`, `p`.`Patient_Id`, `p`.`Report`, `p`.`Report_File`, `p`.`Scan_Name`, `p`.`Status`, `p`.`Type`, `p`.`Updated_At`
FROM `Patient_Scans` AS `p`
WHERE `p`.`Patient_Id` = @__p_0
2023-10-04 11:34:55.321 +05:30  INF  Executed DbCommand (1ms) [Parameters=[], CommandType='"Text"', CommandTimeout='30']
SELECT `p`.`Id`, `p`.`Amount_Type`, `p`.`Balance`, `p`.`Created_At`, `p`.`Credit_Amount`, `p`.`Debit_Amount`, `p`.`Description`, `p`.`Doctor_Id`, `p`.`Patient_Id`, `p`.`Payment_Mode`, `p`.`Updated_At`, `p`.`Workdone_Id`
FROM `Payment_History` AS `p`
2023-10-04 11:34:55.326 +05:30  INF  Executed DbCommand (1ms) [Parameters=[@__p_0='?' (DbType = Int64)], CommandType='"Text"', CommandTimeout='30']
SELECT `p`.`Id`, `p`.`Amount`, `p`.`Balance_Amount`, `p`.`Balance_Spent`, `p`.`Created_At`, `p`.`Name`, `p`.`Patients_Id`, `p`.`Type`, `p`.`Updated_At`
FROM `Patients_Insurance_Loan` AS `p`
WHERE `p`.`Patients_Id` = @__p_0
2023-10-04 11:34:55.328 +05:30  INF  Executed DbCommand (0ms) [Parameters=[@__p_0='?' (DbType = Int64)], CommandType='"Text"', CommandTimeout='30']
SELECT `p`.`Id`, `p`.`Created_At`, `p`.`Patient_Id`, `p`.`Report`, `p`.`Report_Date`, `p`.`Report_File`, `p`.`Status`, `p`.`Test_Name`, `p`.`Test_Price`, `p`.`Updated_At`
FROM `Patient_Tests` AS `p`
WHERE `p`.`Patient_Id` = @__p_0
2023-10-04 11:34:55.329 +05:30  INF  Executed DbCommand (1ms) [Parameters=[@__p_0='?' (DbType = Int64)], CommandType='"Text"', CommandTimeout='30']
SELECT `p`.`Id`, `p`.`Address_O`, `p`.`Address_Other`, `p`.`Address_R`, `p`.`City_O`, `p`.`City_Other`, `p`.`City_R`, `p`.`Country_O`, `p`.`Country_Other`, `p`.`Country_R`, `p`.`Created_At`, `p`.`Doctor_Name`, `p`.`Email`, `p`.`Email2`, `p`.`Medical_History_Allergies`, `p`.`Patient_Id`, `p`.`Phone`, `p`.`Phone1`, `p`.`Phone2`, `p`.`Phone3`, `p`.`Phone4`, `p`.`Physician`, `p`.`Reffered_By`, `p`.`Relationship_Type`, `p`.`Special_Notes`, `p`.`Updated_At`, `p`.`Zip_O`, `p`.`Zip_Other`, `p`.`Zip_R`
FROM `Patients_Contact` AS `p`
WHERE `p`.`Patient_Id` = @__p_0
2023-10-04 11:34:55.331 +05:30  INF  Executed DbCommand (0ms) [Parameters=[@__p_0='?' (DbType = Int64)], CommandType='"Text"', CommandTimeout='30']
SELECT `p`.`Id`, `p`.`Created_At`, `p`.`Patient_Id`, `p`.`Report`, `p`.`Report_File`, `p`.`Scan_Name`, `p`.`Status`, `p`.`Type`, `p`.`Updated_At`
FROM `Patient_Scans` AS `p`
WHERE `p`.`Patient_Id` = @__p_0
2023-10-04 11:34:55.332 +05:30  INF  Executed DbCommand (1ms) [Parameters=[], CommandType='"Text"', CommandTimeout='30']
SELECT `p`.`Id`, `p`.`Amount_Type`, `p`.`Balance`, `p`.`Created_At`, `p`.`Credit_Amount`, `p`.`Debit_Amount`, `p`.`Description`, `p`.`Doctor_Id`, `p`.`Patient_Id`, `p`.`Payment_Mode`, `p`.`Updated_At`, `p`.`Workdone_Id`
FROM `Payment_History` AS `p`
2023-10-04 11:34:55.337 +05:30  INF  Executed DbCommand (1ms) [Parameters=[@__p_0='?' (DbType = Int64)], CommandType='"Text"', CommandTimeout='30']
SELECT `p`.`Id`, `p`.`Amount`, `p`.`Balance_Amount`, `p`.`Balance_Spent`, `p`.`Created_At`, `p`.`Name`, `p`.`Patients_Id`, `p`.`Type`, `p`.`Updated_At`
FROM `Patients_Insurance_Loan` AS `p`
WHERE `p`.`Patients_Id` = @__p_0
2023-10-04 11:34:55.338 +05:30  INF  Executed DbCommand (0ms) [Parameters=[@__p_0='?' (DbType = Int64)], CommandType='"Text"', CommandTimeout='30']
SELECT `p`.`Id`, `p`.`Created_At`, `p`.`Patient_Id`, `p`.`Report`, `p`.`Report_Date`, `p`.`Report_File`, `p`.`Status`, `p`.`Test_Name`, `p`.`Test_Price`, `p`.`Updated_At`
FROM `Patient_Tests` AS `p`
WHERE `p`.`Patient_Id` = @__p_0
2023-10-04 11:34:55.340 +05:30  INF  Executed DbCommand (1ms) [Parameters=[@__p_0='?' (DbType = Int64)], CommandType='"Text"', CommandTimeout='30']
SELECT `p`.`Id`, `p`.`Address_O`, `p`.`Address_Other`, `p`.`Address_R`, `p`.`City_O`, `p`.`City_Other`, `p`.`City_R`, `p`.`Country_O`, `p`.`Country_Other`, `p`.`Country_R`, `p`.`Created_At`, `p`.`Doctor_Name`, `p`.`Email`, `p`.`Email2`, `p`.`Medical_History_Allergies`, `p`.`Patient_Id`, `p`.`Phone`, `p`.`Phone1`, `p`.`Phone2`, `p`.`Phone3`, `p`.`Phone4`, `p`.`Physician`, `p`.`Reffered_By`, `p`.`Relationship_Type`, `p`.`Special_Notes`, `p`.`Updated_At`, `p`.`Zip_O`, `p`.`Zip_Other`, `p`.`Zip_R`
FROM `Patients_Contact` AS `p`
WHERE `p`.`Patient_Id` = @__p_0
2023-10-04 11:34:55.341 +05:30  INF  Executed DbCommand (0ms) [Parameters=[@__p_0='?' (DbType = Int64)], CommandType='"Text"', CommandTimeout='30']
SELECT `p`.`Id`, `p`.`Created_At`, `p`.`Patient_Id`, `p`.`Report`, `p`.`Report_File`, `p`.`Scan_Name`, `p`.`Status`, `p`.`Type`, `p`.`Updated_At`
FROM `Patient_Scans` AS `p`
WHERE `p`.`Patient_Id` = @__p_0
2023-10-04 11:34:55.343 +05:30  INF  Executed DbCommand (1ms) [Parameters=[], CommandType='"Text"', CommandTimeout='30']
SELECT `p`.`Id`, `p`.`Amount_Type`, `p`.`Balance`, `p`.`Created_At`, `p`.`Credit_Amount`, `p`.`Debit_Amount`, `p`.`Description`, `p`.`Doctor_Id`, `p`.`Patient_Id`, `p`.`Payment_Mode`, `p`.`Updated_At`, `p`.`Workdone_Id`
FROM `Payment_History` AS `p`
2023-10-04 11:34:55.347 +05:30  INF  Executed DbCommand (1ms) [Parameters=[@__p_0='?' (DbType = Int64)], CommandType='"Text"', CommandTimeout='30']
SELECT `p`.`Id`, `p`.`Amount`, `p`.`Balance_Amount`, `p`.`Balance_Spent`, `p`.`Created_At`, `p`.`Name`, `p`.`Patients_Id`, `p`.`Type`, `p`.`Updated_At`
FROM `Patients_Insurance_Loan` AS `p`
WHERE `p`.`Patients_Id` = @__p_0
2023-10-04 11:34:55.349 +05:30  INF  Executed DbCommand (0ms) [Parameters=[@__p_0='?' (DbType = Int64)], CommandType='"Text"', CommandTimeout='30']
SELECT `p`.`Id`, `p`.`Created_At`, `p`.`Patient_Id`, `p`.`Report`, `p`.`Report_Date`, `p`.`Report_File`, `p`.`Status`, `p`.`Test_Name`, `p`.`Test_Price`, `p`.`Updated_At`
FROM `Patient_Tests` AS `p`
WHERE `p`.`Patient_Id` = @__p_0
2023-10-04 11:34:55.350 +05:30  INF  Executed DbCommand (1ms) [Parameters=[@__p_0='?' (DbType = Int64)], CommandType='"Text"', CommandTimeout='30']
SELECT `p`.`Id`, `p`.`Address_O`, `p`.`Address_Other`, `p`.`Address_R`, `p`.`City_O`, `p`.`City_Other`, `p`.`City_R`, `p`.`Country_O`, `p`.`Country_Other`, `p`.`Country_R`, `p`.`Created_At`, `p`.`Doctor_Name`, `p`.`Email`, `p`.`Email2`, `p`.`Medical_History_Allergies`, `p`.`Patient_Id`, `p`.`Phone`, `p`.`Phone1`, `p`.`Phone2`, `p`.`Phone3`, `p`.`Phone4`, `p`.`Physician`, `p`.`Reffered_By`, `p`.`Relationship_Type`, `p`.`Special_Notes`, `p`.`Updated_At`, `p`.`Zip_O`, `p`.`Zip_Other`, `p`.`Zip_R`
FROM `Patients_Contact` AS `p`
WHERE `p`.`Patient_Id` = @__p_0
2023-10-04 11:34:55.352 +05:30  INF  Executed DbCommand (1ms) [Parameters=[@__p_0='?' (DbType = Int64)], CommandType='"Text"', CommandTimeout='30']
SELECT `p`.`Id`, `p`.`Created_At`, `p`.`Patient_Id`, `p`.`Report`, `p`.`Report_File`, `p`.`Scan_Name`, `p`.`Status`, `p`.`Type`, `p`.`Updated_At`
FROM `Patient_Scans` AS `p`
WHERE `p`.`Patient_Id` = @__p_0
2023-10-04 11:34:55.353 +05:30  INF  Executed DbCommand (1ms) [Parameters=[], CommandType='"Text"', CommandTimeout='30']
SELECT `p`.`Id`, `p`.`Amount_Type`, `p`.`Balance`, `p`.`Created_At`, `p`.`Credit_Amount`, `p`.`Debit_Amount`, `p`.`Description`, `p`.`Doctor_Id`, `p`.`Patient_Id`, `p`.`Payment_Mode`, `p`.`Updated_At`, `p`.`Workdone_Id`
FROM `Payment_History` AS `p`
2023-10-04 11:34:55.358 +05:30  INF  Executed DbCommand (1ms) [Parameters=[@__p_0='?' (DbType = Int64)], CommandType='"Text"', CommandTimeout='30']
SELECT `p`.`Id`, `p`.`Amount`, `p`.`Balance_Amount`, `p`.`Balance_Spent`, `p`.`Created_At`, `p`.`Name`, `p`.`Patients_Id`, `p`.`Type`, `p`.`Updated_At`
FROM `Patients_Insurance_Loan` AS `p`
WHERE `p`.`Patients_Id` = @__p_0
2023-10-04 11:34:55.359 +05:30  INF  Executed DbCommand (0ms) [Parameters=[@__p_0='?' (DbType = Int64)], CommandType='"Text"', CommandTimeout='30']
SELECT `p`.`Id`, `p`.`Created_At`, `p`.`Patient_Id`, `p`.`Report`, `p`.`Report_Date`, `p`.`Report_File`, `p`.`Status`, `p`.`Test_Name`, `p`.`Test_Price`, `p`.`Updated_At`
FROM `Patient_Tests` AS `p`
WHERE `p`.`Patient_Id` = @__p_0
2023-10-04 11:34:55.361 +05:30  INF  Executed DbCommand (1ms) [Parameters=[@__p_0='?' (DbType = Int64)], CommandType='"Text"', CommandTimeout='30']
SELECT `p`.`Id`, `p`.`Address_O`, `p`.`Address_Other`, `p`.`Address_R`, `p`.`City_O`, `p`.`City_Other`, `p`.`City_R`, `p`.`Country_O`, `p`.`Country_Other`, `p`.`Country_R`, `p`.`Created_At`, `p`.`Doctor_Name`, `p`.`Email`, `p`.`Email2`, `p`.`Medical_History_Allergies`, `p`.`Patient_Id`, `p`.`Phone`, `p`.`Phone1`, `p`.`Phone2`, `p`.`Phone3`, `p`.`Phone4`, `p`.`Physician`, `p`.`Reffered_By`, `p`.`Relationship_Type`, `p`.`Special_Notes`, `p`.`Updated_At`, `p`.`Zip_O`, `p`.`Zip_Other`, `p`.`Zip_R`
FROM `Patients_Contact` AS `p`
WHERE `p`.`Patient_Id` = @__p_0
2023-10-04 11:34:55.362 +05:30  INF  Executed DbCommand (0ms) [Parameters=[@__p_0='?' (DbType = Int64)], CommandType='"Text"', CommandTimeout='30']
SELECT `p`.`Id`, `p`.`Created_At`, `p`.`Patient_Id`, `p`.`Report`, `p`.`Report_File`, `p`.`Scan_Name`, `p`.`Status`, `p`.`Type`, `p`.`Updated_At`
FROM `Patient_Scans` AS `p`
WHERE `p`.`Patient_Id` = @__p_0
2023-10-04 11:34:55.364 +05:30  INF  Executed DbCommand (1ms) [Parameters=[], CommandType='"Text"', CommandTimeout='30']
SELECT `p`.`Id`, `p`.`Amount_Type`, `p`.`Balance`, `p`.`Created_At`, `p`.`Credit_Amount`, `p`.`Debit_Amount`, `p`.`Description`, `p`.`Doctor_Id`, `p`.`Patient_Id`, `p`.`Payment_Mode`, `p`.`Updated_At`, `p`.`Workdone_Id`
FROM `Payment_History` AS `p`
2023-10-04 11:34:55.369 +05:30  INF  Executed DbCommand (1ms) [Parameters=[@__p_0='?' (DbType = Int64)], CommandType='"Text"', CommandTimeout='30']
SELECT `p`.`Id`, `p`.`Amount`, `p`.`Balance_Amount`, `p`.`Balance_Spent`, `p`.`Created_At`, `p`.`Name`, `p`.`Patients_Id`, `p`.`Type`, `p`.`Updated_At`
FROM `Patients_Insurance_Loan` AS `p`
WHERE `p`.`Patients_Id` = @__p_0
2023-10-04 11:34:55.370 +05:30  INF  Executed DbCommand (0ms) [Parameters=[@__p_0='?' (DbType = Int64)], CommandType='"Text"', CommandTimeout='30']
SELECT `p`.`Id`, `p`.`Created_At`, `p`.`Patient_Id`, `p`.`Report`, `p`.`Report_Date`, `p`.`Report_File`, `p`.`Status`, `p`.`Test_Name`, `p`.`Test_Price`, `p`.`Updated_At`
FROM `Patient_Tests` AS `p`
WHERE `p`.`Patient_Id` = @__p_0
2023-10-04 11:34:55.372 +05:30  INF  Executed DbCommand (1ms) [Parameters=[@__p_0='?' (DbType = Int64)], CommandType='"Text"', CommandTimeout='30']
SELECT `p`.`Id`, `p`.`Address_O`, `p`.`Address_Other`, `p`.`Address_R`, `p`.`City_O`, `p`.`City_Other`, `p`.`City_R`, `p`.`Country_O`, `p`.`Country_Other`, `p`.`Country_R`, `p`.`Created_At`, `p`.`Doctor_Name`, `p`.`Email`, `p`.`Email2`, `p`.`Medical_History_Allergies`, `p`.`Patient_Id`, `p`.`Phone`, `p`.`Phone1`, `p`.`Phone2`, `p`.`Phone3`, `p`.`Phone4`, `p`.`Physician`, `p`.`Reffered_By`, `p`.`Relationship_Type`, `p`.`Special_Notes`, `p`.`Updated_At`, `p`.`Zip_O`, `p`.`Zip_Other`, `p`.`Zip_R`
FROM `Patients_Contact` AS `p`
WHERE `p`.`Patient_Id` = @__p_0
2023-10-04 11:34:55.374 +05:30  INF  Executed DbCommand (0ms) [Parameters=[@__p_0='?' (DbType = Int64)], CommandType='"Text"', CommandTimeout='30']
SELECT `p`.`Id`, `p`.`Created_At`, `p`.`Patient_Id`, `p`.`Report`, `p`.`Report_File`, `p`.`Scan_Name`, `p`.`Status`, `p`.`Type`, `p`.`Updated_At`
FROM `Patient_Scans` AS `p`
WHERE `p`.`Patient_Id` = @__p_0
2023-10-04 11:34:55.375 +05:30  INF  Executed DbCommand (1ms) [Parameters=[], CommandType='"Text"', CommandTimeout='30']
SELECT `p`.`Id`, `p`.`Amount_Type`, `p`.`Balance`, `p`.`Created_At`, `p`.`Credit_Amount`, `p`.`Debit_Amount`, `p`.`Description`, `p`.`Doctor_Id`, `p`.`Patient_Id`, `p`.`Payment_Mode`, `p`.`Updated_At`, `p`.`Workdone_Id`
FROM `Payment_History` AS `p`
2023-10-04 11:34:55.379 +05:30  INF  Executed DbCommand (1ms) [Parameters=[@__p_0='?' (DbType = Int64)], CommandType='"Text"', CommandTimeout='30']
SELECT `p`.`Id`, `p`.`Amount`, `p`.`Balance_Amount`, `p`.`Balance_Spent`, `p`.`Created_At`, `p`.`Name`, `p`.`Patients_Id`, `p`.`Type`, `p`.`Updated_At`
FROM `Patients_Insurance_Loan` AS `p`
WHERE `p`.`Patients_Id` = @__p_0
2023-10-04 11:34:55.381 +05:30  INF  Executed DbCommand (0ms) [Parameters=[@__p_0='?' (DbType = Int64)], CommandType='"Text"', CommandTimeout='30']
SELECT `p`.`Id`, `p`.`Created_At`, `p`.`Patient_Id`, `p`.`Report`, `p`.`Report_Date`, `p`.`Report_File`, `p`.`Status`, `p`.`Test_Name`, `p`.`Test_Price`, `p`.`Updated_At`
FROM `Patient_Tests` AS `p`
WHERE `p`.`Patient_Id` = @__p_0
2023-10-04 11:34:55.382 +05:30  INF  Executed DbCommand (1ms) [Parameters=[@__p_0='?' (DbType = Int64)], CommandType='"Text"', CommandTimeout='30']
SELECT `p`.`Id`, `p`.`Address_O`, `p`.`Address_Other`, `p`.`Address_R`, `p`.`City_O`, `p`.`City_Other`, `p`.`City_R`, `p`.`Country_O`, `p`.`Country_Other`, `p`.`Country_R`, `p`.`Created_At`, `p`.`Doctor_Name`, `p`.`Email`, `p`.`Email2`, `p`.`Medical_History_Allergies`, `p`.`Patient_Id`, `p`.`Phone`, `p`.`Phone1`, `p`.`Phone2`, `p`.`Phone3`, `p`.`Phone4`, `p`.`Physician`, `p`.`Reffered_By`, `p`.`Relationship_Type`, `p`.`Special_Notes`, `p`.`Updated_At`, `p`.`Zip_O`, `p`.`Zip_Other`, `p`.`Zip_R`
FROM `Patients_Contact` AS `p`
WHERE `p`.`Patient_Id` = @__p_0
2023-10-04 11:34:55.384 +05:30  INF  Executed DbCommand (0ms) [Parameters=[@__p_0='?' (DbType = Int64)], CommandType='"Text"', CommandTimeout='30']
SELECT `p`.`Id`, `p`.`Created_At`, `p`.`Patient_Id`, `p`.`Report`, `p`.`Report_File`, `p`.`Scan_Name`, `p`.`Status`, `p`.`Type`, `p`.`Updated_At`
FROM `Patient_Scans` AS `p`
WHERE `p`.`Patient_Id` = @__p_0
2023-10-04 11:34:55.385 +05:30  INF  Executed DbCommand (1ms) [Parameters=[], CommandType='"Text"', CommandTimeout='30']
SELECT `p`.`Id`, `p`.`Amount_Type`, `p`.`Balance`, `p`.`Created_At`, `p`.`Credit_Amount`, `p`.`Debit_Amount`, `p`.`Description`, `p`.`Doctor_Id`, `p`.`Patient_Id`, `p`.`Payment_Mode`, `p`.`Updated_At`, `p`.`Workdone_Id`
FROM `Payment_History` AS `p`
2023-10-04 11:34:55.390 +05:30  INF  Executed DbCommand (1ms) [Parameters=[@__p_0='?' (DbType = Int64)], CommandType='"Text"', CommandTimeout='30']
SELECT `p`.`Id`, `p`.`Amount`, `p`.`Balance_Amount`, `p`.`Balance_Spent`, `p`.`Created_At`, `p`.`Name`, `p`.`Patients_Id`, `p`.`Type`, `p`.`Updated_At`
FROM `Patients_Insurance_Loan` AS `p`
WHERE `p`.`Patients_Id` = @__p_0
2023-10-04 11:34:55.391 +05:30  INF  Executed DbCommand (0ms) [Parameters=[@__p_0='?' (DbType = Int64)], CommandType='"Text"', CommandTimeout='30']
SELECT `p`.`Id`, `p`.`Created_At`, `p`.`Patient_Id`, `p`.`Report`, `p`.`Report_Date`, `p`.`Report_File`, `p`.`Status`, `p`.`Test_Name`, `p`.`Test_Price`, `p`.`Updated_At`
FROM `Patient_Tests` AS `p`
WHERE `p`.`Patient_Id` = @__p_0
2023-10-04 11:34:55.393 +05:30  INF  Executed DbCommand (1ms) [Parameters=[@__p_0='?' (DbType = Int64)], CommandType='"Text"', CommandTimeout='30']
SELECT `p`.`Id`, `p`.`Address_O`, `p`.`Address_Other`, `p`.`Address_R`, `p`.`City_O`, `p`.`City_Other`, `p`.`City_R`, `p`.`Country_O`, `p`.`Country_Other`, `p`.`Country_R`, `p`.`Created_At`, `p`.`Doctor_Name`, `p`.`Email`, `p`.`Email2`, `p`.`Medical_History_Allergies`, `p`.`Patient_Id`, `p`.`Phone`, `p`.`Phone1`, `p`.`Phone2`, `p`.`Phone3`, `p`.`Phone4`, `p`.`Physician`, `p`.`Reffered_By`, `p`.`Relationship_Type`, `p`.`Special_Notes`, `p`.`Updated_At`, `p`.`Zip_O`, `p`.`Zip_Other`, `p`.`Zip_R`
FROM `Patients_Contact` AS `p`
WHERE `p`.`Patient_Id` = @__p_0
2023-10-04 11:34:55.394 +05:30  INF  Executed DbCommand (0ms) [Parameters=[@__p_0='?' (DbType = Int64)], CommandType='"Text"', CommandTimeout='30']
SELECT `p`.`Id`, `p`.`Created_At`, `p`.`Patient_Id`, `p`.`Report`, `p`.`Report_File`, `p`.`Scan_Name`, `p`.`Status`, `p`.`Type`, `p`.`Updated_At`
FROM `Patient_Scans` AS `p`
WHERE `p`.`Patient_Id` = @__p_0
2023-10-04 11:34:55.395 +05:30  INF  Executed DbCommand (1ms) [Parameters=[], CommandType='"Text"', CommandTimeout='30']
SELECT `p`.`Id`, `p`.`Amount_Type`, `p`.`Balance`, `p`.`Created_At`, `p`.`Credit_Amount`, `p`.`Debit_Amount`, `p`.`Description`, `p`.`Doctor_Id`, `p`.`Patient_Id`, `p`.`Payment_Mode`, `p`.`Updated_At`, `p`.`Workdone_Id`
FROM `Payment_History` AS `p`
2023-10-04 11:34:55.401 +05:30  INF  Executed DbCommand (1ms) [Parameters=[@__p_0='?' (DbType = Int64)], CommandType='"Text"', CommandTimeout='30']
SELECT `p`.`Id`, `p`.`Amount`, `p`.`Balance_Amount`, `p`.`Balance_Spent`, `p`.`Created_At`, `p`.`Name`, `p`.`Patients_Id`, `p`.`Type`, `p`.`Updated_At`
FROM `Patients_Insurance_Loan` AS `p`
WHERE `p`.`Patients_Id` = @__p_0
2023-10-04 11:34:55.402 +05:30  INF  Executed DbCommand (1ms) [Parameters=[@__p_0='?' (DbType = Int64)], CommandType='"Text"', CommandTimeout='30']
SELECT `p`.`Id`, `p`.`Created_At`, `p`.`Patient_Id`, `p`.`Report`, `p`.`Report_Date`, `p`.`Report_File`, `p`.`Status`, `p`.`Test_Name`, `p`.`Test_Price`, `p`.`Updated_At`
FROM `Patient_Tests` AS `p`
WHERE `p`.`Patient_Id` = @__p_0
2023-10-04 11:34:55.405 +05:30  INF  Executed DbCommand (1ms) [Parameters=[@__p_0='?' (DbType = Int64)], CommandType='"Text"', CommandTimeout='30']
SELECT `p`.`Id`, `p`.`Address_O`, `p`.`Address_Other`, `p`.`Address_R`, `p`.`City_O`, `p`.`City_Other`, `p`.`City_R`, `p`.`Country_O`, `p`.`Country_Other`, `p`.`Country_R`, `p`.`Created_At`, `p`.`Doctor_Name`, `p`.`Email`, `p`.`Email2`, `p`.`Medical_History_Allergies`, `p`.`Patient_Id`, `p`.`Phone`, `p`.`Phone1`, `p`.`Phone2`, `p`.`Phone3`, `p`.`Phone4`, `p`.`Physician`, `p`.`Reffered_By`, `p`.`Relationship_Type`, `p`.`Special_Notes`, `p`.`Updated_At`, `p`.`Zip_O`, `p`.`Zip_Other`, `p`.`Zip_R`
FROM `Patients_Contact` AS `p`
WHERE `p`.`Patient_Id` = @__p_0
2023-10-04 11:34:55.406 +05:30  INF  Executed DbCommand (0ms) [Parameters=[@__p_0='?' (DbType = Int64)], CommandType='"Text"', CommandTimeout='30']
SELECT `p`.`Id`, `p`.`Created_At`, `p`.`Patient_Id`, `p`.`Report`, `p`.`Report_File`, `p`.`Scan_Name`, `p`.`Status`, `p`.`Type`, `p`.`Updated_At`
FROM `Patient_Scans` AS `p`
WHERE `p`.`Patient_Id` = @__p_0
2023-10-04 11:34:55.407 +05:30  INF  Executed DbCommand (1ms) [Parameters=[], CommandType='"Text"', CommandTimeout='30']
SELECT `p`.`Id`, `p`.`Amount_Type`, `p`.`Balance`, `p`.`Created_At`, `p`.`Credit_Amount`, `p`.`Debit_Amount`, `p`.`Description`, `p`.`Doctor_Id`, `p`.`Patient_Id`, `p`.`Payment_Mode`, `p`.`Updated_At`, `p`.`Workdone_Id`
FROM `Payment_History` AS `p`
2023-10-04 11:34:55.412 +05:30  INF  Executed DbCommand (1ms) [Parameters=[@__p_0='?' (DbType = Int64)], CommandType='"Text"', CommandTimeout='30']
SELECT `p`.`Id`, `p`.`Amount`, `p`.`Balance_Amount`, `p`.`Balance_Spent`, `p`.`Created_At`, `p`.`Name`, `p`.`Patients_Id`, `p`.`Type`, `p`.`Updated_At`
FROM `Patients_Insurance_Loan` AS `p`
WHERE `p`.`Patients_Id` = @__p_0
2023-10-04 11:34:55.413 +05:30  INF  Executed DbCommand (0ms) [Parameters=[@__p_0='?' (DbType = Int64)], CommandType='"Text"', CommandTimeout='30']
SELECT `p`.`Id`, `p`.`Created_At`, `p`.`Patient_Id`, `p`.`Report`, `p`.`Report_Date`, `p`.`Report_File`, `p`.`Status`, `p`.`Test_Name`, `p`.`Test_Price`, `p`.`Updated_At`
FROM `Patient_Tests` AS `p`
WHERE `p`.`Patient_Id` = @__p_0
2023-10-04 11:34:55.415 +05:30  INF  Executed DbCommand (1ms) [Parameters=[@__p_0='?' (DbType = Int64)], CommandType='"Text"', CommandTimeout='30']
SELECT `p`.`Id`, `p`.`Address_O`, `p`.`Address_Other`, `p`.`Address_R`, `p`.`City_O`, `p`.`City_Other`, `p`.`City_R`, `p`.`Country_O`, `p`.`Country_Other`, `p`.`Country_R`, `p`.`Created_At`, `p`.`Doctor_Name`, `p`.`Email`, `p`.`Email2`, `p`.`Medical_History_Allergies`, `p`.`Patient_Id`, `p`.`Phone`, `p`.`Phone1`, `p`.`Phone2`, `p`.`Phone3`, `p`.`Phone4`, `p`.`Physician`, `p`.`Reffered_By`, `p`.`Relationship_Type`, `p`.`Special_Notes`, `p`.`Updated_At`, `p`.`Zip_O`, `p`.`Zip_Other`, `p`.`Zip_R`
FROM `Patients_Contact` AS `p`
WHERE `p`.`Patient_Id` = @__p_0
2023-10-04 11:34:55.416 +05:30  INF  Executed DbCommand (0ms) [Parameters=[@__p_0='?' (DbType = Int64)], CommandType='"Text"', CommandTimeout='30']
SELECT `p`.`Id`, `p`.`Created_At`, `p`.`Patient_Id`, `p`.`Report`, `p`.`Report_File`, `p`.`Scan_Name`, `p`.`Status`, `p`.`Type`, `p`.`Updated_At`
FROM `Patient_Scans` AS `p`
WHERE `p`.`Patient_Id` = @__p_0
2023-10-04 11:34:55.417 +05:30  INF  Executed DbCommand (1ms) [Parameters=[], CommandType='"Text"', CommandTimeout='30']
SELECT `p`.`Id`, `p`.`Amount_Type`, `p`.`Balance`, `p`.`Created_At`, `p`.`Credit_Amount`, `p`.`Debit_Amount`, `p`.`Description`, `p`.`Doctor_Id`, `p`.`Patient_Id`, `p`.`Payment_Mode`, `p`.`Updated_At`, `p`.`Workdone_Id`
FROM `Payment_History` AS `p`
2023-10-04 11:34:55.422 +05:30  INF  Executed DbCommand (1ms) [Parameters=[@__p_0='?' (DbType = Int64)], CommandType='"Text"', CommandTimeout='30']
SELECT `p`.`Id`, `p`.`Amount`, `p`.`Balance_Amount`, `p`.`Balance_Spent`, `p`.`Created_At`, `p`.`Name`, `p`.`Patients_Id`, `p`.`Type`, `p`.`Updated_At`
FROM `Patients_Insurance_Loan` AS `p`
WHERE `p`.`Patients_Id` = @__p_0
2023-10-04 11:34:55.423 +05:30  INF  Executed DbCommand (0ms) [Parameters=[@__p_0='?' (DbType = Int64)], CommandType='"Text"', CommandTimeout='30']
SELECT `p`.`Id`, `p`.`Created_At`, `p`.`Patient_Id`, `p`.`Report`, `p`.`Report_Date`, `p`.`Report_File`, `p`.`Status`, `p`.`Test_Name`, `p`.`Test_Price`, `p`.`Updated_At`
FROM `Patient_Tests` AS `p`
WHERE `p`.`Patient_Id` = @__p_0
2023-10-04 11:34:55.425 +05:30  INF  Executed DbCommand (1ms) [Parameters=[@__p_0='?' (DbType = Int64)], CommandType='"Text"', CommandTimeout='30']
SELECT `p`.`Id`, `p`.`Address_O`, `p`.`Address_Other`, `p`.`Address_R`, `p`.`City_O`, `p`.`City_Other`, `p`.`City_R`, `p`.`Country_O`, `p`.`Country_Other`, `p`.`Country_R`, `p`.`Created_At`, `p`.`Doctor_Name`, `p`.`Email`, `p`.`Email2`, `p`.`Medical_History_Allergies`, `p`.`Patient_Id`, `p`.`Phone`, `p`.`Phone1`, `p`.`Phone2`, `p`.`Phone3`, `p`.`Phone4`, `p`.`Physician`, `p`.`Reffered_By`, `p`.`Relationship_Type`, `p`.`Special_Notes`, `p`.`Updated_At`, `p`.`Zip_O`, `p`.`Zip_Other`, `p`.`Zip_R`
FROM `Patients_Contact` AS `p`
WHERE `p`.`Patient_Id` = @__p_0
2023-10-04 11:34:55.426 +05:30  INF  Executed DbCommand (0ms) [Parameters=[@__p_0='?' (DbType = Int64)], CommandType='"Text"', CommandTimeout='30']
SELECT `p`.`Id`, `p`.`Created_At`, `p`.`Patient_Id`, `p`.`Report`, `p`.`Report_File`, `p`.`Scan_Name`, `p`.`Status`, `p`.`Type`, `p`.`Updated_At`
FROM `Patient_Scans` AS `p`
WHERE `p`.`Patient_Id` = @__p_0
2023-10-04 11:34:55.427 +05:30  INF  Executed DbCommand (1ms) [Parameters=[], CommandType='"Text"', CommandTimeout='30']
SELECT `p`.`Id`, `p`.`Amount_Type`, `p`.`Balance`, `p`.`Created_At`, `p`.`Credit_Amount`, `p`.`Debit_Amount`, `p`.`Description`, `p`.`Doctor_Id`, `p`.`Patient_Id`, `p`.`Payment_Mode`, `p`.`Updated_At`, `p`.`Workdone_Id`
FROM `Payment_History` AS `p`
2023-10-04 11:34:55.432 +05:30  INF  Executed DbCommand (1ms) [Parameters=[@__p_0='?' (DbType = Int64)], CommandType='"Text"', CommandTimeout='30']
SELECT `p`.`Id`, `p`.`Amount`, `p`.`Balance_Amount`, `p`.`Balance_Spent`, `p`.`Created_At`, `p`.`Name`, `p`.`Patients_Id`, `p`.`Type`, `p`.`Updated_At`
FROM `Patients_Insurance_Loan` AS `p`
WHERE `p`.`Patients_Id` = @__p_0
2023-10-04 11:34:55.434 +05:30  INF  Executed DbCommand (0ms) [Parameters=[@__p_0='?' (DbType = Int64)], CommandType='"Text"', CommandTimeout='30']
SELECT `p`.`Id`, `p`.`Created_At`, `p`.`Patient_Id`, `p`.`Report`, `p`.`Report_Date`, `p`.`Report_File`, `p`.`Status`, `p`.`Test_Name`, `p`.`Test_Price`, `p`.`Updated_At`
FROM `Patient_Tests` AS `p`
WHERE `p`.`Patient_Id` = @__p_0
2023-10-04 11:34:55.436 +05:30  INF  Executed DbCommand (1ms) [Parameters=[@__p_0='?' (DbType = Int64)], CommandType='"Text"', CommandTimeout='30']
SELECT `p`.`Id`, `p`.`Address_O`, `p`.`Address_Other`, `p`.`Address_R`, `p`.`City_O`, `p`.`City_Other`, `p`.`City_R`, `p`.`Country_O`, `p`.`Country_Other`, `p`.`Country_R`, `p`.`Created_At`, `p`.`Doctor_Name`, `p`.`Email`, `p`.`Email2`, `p`.`Medical_History_Allergies`, `p`.`Patient_Id`, `p`.`Phone`, `p`.`Phone1`, `p`.`Phone2`, `p`.`Phone3`, `p`.`Phone4`, `p`.`Physician`, `p`.`Reffered_By`, `p`.`Relationship_Type`, `p`.`Special_Notes`, `p`.`Updated_At`, `p`.`Zip_O`, `p`.`Zip_Other`, `p`.`Zip_R`
FROM `Patients_Contact` AS `p`
WHERE `p`.`Patient_Id` = @__p_0
2023-10-04 11:34:55.437 +05:30  INF  Executed DbCommand (0ms) [Parameters=[@__p_0='?' (DbType = Int64)], CommandType='"Text"', CommandTimeout='30']
SELECT `p`.`Id`, `p`.`Created_At`, `p`.`Patient_Id`, `p`.`Report`, `p`.`Report_File`, `p`.`Scan_Name`, `p`.`Status`, `p`.`Type`, `p`.`Updated_At`
FROM `Patient_Scans` AS `p`
WHERE `p`.`Patient_Id` = @__p_0
2023-10-04 11:34:55.438 +05:30  INF  Executed DbCommand (1ms) [Parameters=[], CommandType='"Text"', CommandTimeout='30']
SELECT `p`.`Id`, `p`.`Amount_Type`, `p`.`Balance`, `p`.`Created_At`, `p`.`Credit_Amount`, `p`.`Debit_Amount`, `p`.`Description`, `p`.`Doctor_Id`, `p`.`Patient_Id`, `p`.`Payment_Mode`, `p`.`Updated_At`, `p`.`Workdone_Id`
FROM `Payment_History` AS `p`
2023-10-04 11:34:55.443 +05:30  INF  Executed DbCommand (1ms) [Parameters=[@__p_0='?' (DbType = Int64)], CommandType='"Text"', CommandTimeout='30']
SELECT `p`.`Id`, `p`.`Amount`, `p`.`Balance_Amount`, `p`.`Balance_Spent`, `p`.`Created_At`, `p`.`Name`, `p`.`Patients_Id`, `p`.`Type`, `p`.`Updated_At`
FROM `Patients_Insurance_Loan` AS `p`
WHERE `p`.`Patients_Id` = @__p_0
2023-10-04 11:34:55.444 +05:30  INF  Executed DbCommand (0ms) [Parameters=[@__p_0='?' (DbType = Int64)], CommandType='"Text"', CommandTimeout='30']
SELECT `p`.`Id`, `p`.`Created_At`, `p`.`Patient_Id`, `p`.`Report`, `p`.`Report_Date`, `p`.`Report_File`, `p`.`Status`, `p`.`Test_Name`, `p`.`Test_Price`, `p`.`Updated_At`
FROM `Patient_Tests` AS `p`
WHERE `p`.`Patient_Id` = @__p_0
2023-10-04 11:34:55.446 +05:30  INF  Executed DbCommand (1ms) [Parameters=[@__p_0='?' (DbType = Int64)], CommandType='"Text"', CommandTimeout='30']
SELECT `p`.`Id`, `p`.`Address_O`, `p`.`Address_Other`, `p`.`Address_R`, `p`.`City_O`, `p`.`City_Other`, `p`.`City_R`, `p`.`Country_O`, `p`.`Country_Other`, `p`.`Country_R`, `p`.`Created_At`, `p`.`Doctor_Name`, `p`.`Email`, `p`.`Email2`, `p`.`Medical_History_Allergies`, `p`.`Patient_Id`, `p`.`Phone`, `p`.`Phone1`, `p`.`Phone2`, `p`.`Phone3`, `p`.`Phone4`, `p`.`Physician`, `p`.`Reffered_By`, `p`.`Relationship_Type`, `p`.`Special_Notes`, `p`.`Updated_At`, `p`.`Zip_O`, `p`.`Zip_Other`, `p`.`Zip_R`
FROM `Patients_Contact` AS `p`
WHERE `p`.`Patient_Id` = @__p_0
2023-10-04 11:34:55.447 +05:30  INF  Executed DbCommand (0ms) [Parameters=[@__p_0='?' (DbType = Int64)], CommandType='"Text"', CommandTimeout='30']
SELECT `p`.`Id`, `p`.`Created_At`, `p`.`Patient_Id`, `p`.`Report`, `p`.`Report_File`, `p`.`Scan_Name`, `p`.`Status`, `p`.`Type`, `p`.`Updated_At`
FROM `Patient_Scans` AS `p`
WHERE `p`.`Patient_Id` = @__p_0
2023-10-04 11:34:55.448 +05:30  INF  Executed DbCommand (1ms) [Parameters=[], CommandType='"Text"', CommandTimeout='30']
SELECT `p`.`Id`, `p`.`Amount_Type`, `p`.`Balance`, `p`.`Created_At`, `p`.`Credit_Amount`, `p`.`Debit_Amount`, `p`.`Description`, `p`.`Doctor_Id`, `p`.`Patient_Id`, `p`.`Payment_Mode`, `p`.`Updated_At`, `p`.`Workdone_Id`
FROM `Payment_History` AS `p`
2023-10-04 11:34:55.454 +05:30  INF  Executed DbCommand (1ms) [Parameters=[@__p_0='?' (DbType = Int64)], CommandType='"Text"', CommandTimeout='30']
SELECT `p`.`Id`, `p`.`Amount`, `p`.`Balance_Amount`, `p`.`Balance_Spent`, `p`.`Created_At`, `p`.`Name`, `p`.`Patients_Id`, `p`.`Type`, `p`.`Updated_At`
FROM `Patients_Insurance_Loan` AS `p`
WHERE `p`.`Patients_Id` = @__p_0
2023-10-04 11:34:55.455 +05:30  INF  Executed DbCommand (0ms) [Parameters=[@__p_0='?' (DbType = Int64)], CommandType='"Text"', CommandTimeout='30']
SELECT `p`.`Id`, `p`.`Created_At`, `p`.`Patient_Id`, `p`.`Report`, `p`.`Report_Date`, `p`.`Report_File`, `p`.`Status`, `p`.`Test_Name`, `p`.`Test_Price`, `p`.`Updated_At`
FROM `Patient_Tests` AS `p`
WHERE `p`.`Patient_Id` = @__p_0
2023-10-04 11:34:55.457 +05:30  INF  Executed DbCommand (1ms) [Parameters=[@__p_0='?' (DbType = Int64)], CommandType='"Text"', CommandTimeout='30']
SELECT `p`.`Id`, `p`.`Address_O`, `p`.`Address_Other`, `p`.`Address_R`, `p`.`City_O`, `p`.`City_Other`, `p`.`City_R`, `p`.`Country_O`, `p`.`Country_Other`, `p`.`Country_R`, `p`.`Created_At`, `p`.`Doctor_Name`, `p`.`Email`, `p`.`Email2`, `p`.`Medical_History_Allergies`, `p`.`Patient_Id`, `p`.`Phone`, `p`.`Phone1`, `p`.`Phone2`, `p`.`Phone3`, `p`.`Phone4`, `p`.`Physician`, `p`.`Reffered_By`, `p`.`Relationship_Type`, `p`.`Special_Notes`, `p`.`Updated_At`, `p`.`Zip_O`, `p`.`Zip_Other`, `p`.`Zip_R`
FROM `Patients_Contact` AS `p`
WHERE `p`.`Patient_Id` = @__p_0
2023-10-04 11:34:55.458 +05:30  INF  Executed DbCommand (0ms) [Parameters=[@__p_0='?' (DbType = Int64)], CommandType='"Text"', CommandTimeout='30']
SELECT `p`.`Id`, `p`.`Created_At`, `p`.`Patient_Id`, `p`.`Report`, `p`.`Report_File`, `p`.`Scan_Name`, `p`.`Status`, `p`.`Type`, `p`.`Updated_At`
FROM `Patient_Scans` AS `p`
WHERE `p`.`Patient_Id` = @__p_0
2023-10-04 11:34:55.459 +05:30  INF  Executed DbCommand (1ms) [Parameters=[], CommandType='"Text"', CommandTimeout='30']
SELECT `p`.`Id`, `p`.`Amount_Type`, `p`.`Balance`, `p`.`Created_At`, `p`.`Credit_Amount`, `p`.`Debit_Amount`, `p`.`Description`, `p`.`Doctor_Id`, `p`.`Patient_Id`, `p`.`Payment_Mode`, `p`.`Updated_At`, `p`.`Workdone_Id`
FROM `Payment_History` AS `p`
2023-10-04 11:34:55.464 +05:30  INF  Executed DbCommand (1ms) [Parameters=[@__p_0='?' (DbType = Int64)], CommandType='"Text"', CommandTimeout='30']
SELECT `p`.`Id`, `p`.`Amount`, `p`.`Balance_Amount`, `p`.`Balance_Spent`, `p`.`Created_At`, `p`.`Name`, `p`.`Patients_Id`, `p`.`Type`, `p`.`Updated_At`
FROM `Patients_Insurance_Loan` AS `p`
WHERE `p`.`Patients_Id` = @__p_0
2023-10-04 11:34:55.465 +05:30  INF  Executed DbCommand (0ms) [Parameters=[@__p_0='?' (DbType = Int64)], CommandType='"Text"', CommandTimeout='30']
SELECT `p`.`Id`, `p`.`Created_At`, `p`.`Patient_Id`, `p`.`Report`, `p`.`Report_Date`, `p`.`Report_File`, `p`.`Status`, `p`.`Test_Name`, `p`.`Test_Price`, `p`.`Updated_At`
FROM `Patient_Tests` AS `p`
WHERE `p`.`Patient_Id` = @__p_0
2023-10-04 11:34:55.467 +05:30  INF  Executed DbCommand (1ms) [Parameters=[@__p_0='?' (DbType = Int64)], CommandType='"Text"', CommandTimeout='30']
SELECT `p`.`Id`, `p`.`Address_O`, `p`.`Address_Other`, `p`.`Address_R`, `p`.`City_O`, `p`.`City_Other`, `p`.`City_R`, `p`.`Country_O`, `p`.`Country_Other`, `p`.`Country_R`, `p`.`Created_At`, `p`.`Doctor_Name`, `p`.`Email`, `p`.`Email2`, `p`.`Medical_History_Allergies`, `p`.`Patient_Id`, `p`.`Phone`, `p`.`Phone1`, `p`.`Phone2`, `p`.`Phone3`, `p`.`Phone4`, `p`.`Physician`, `p`.`Reffered_By`, `p`.`Relationship_Type`, `p`.`Special_Notes`, `p`.`Updated_At`, `p`.`Zip_O`, `p`.`Zip_Other`, `p`.`Zip_R`
FROM `Patients_Contact` AS `p`
WHERE `p`.`Patient_Id` = @__p_0
2023-10-04 11:34:55.470 +05:30  INF  Executed DbCommand (1ms) [Parameters=[@__p_0='?' (DbType = Int64)], CommandType='"Text"', CommandTimeout='30']
SELECT `p`.`Id`, `p`.`Created_At`, `p`.`Patient_Id`, `p`.`Report`, `p`.`Report_File`, `p`.`Scan_Name`, `p`.`Status`, `p`.`Type`, `p`.`Updated_At`
FROM `Patient_Scans` AS `p`
WHERE `p`.`Patient_Id` = @__p_0
2023-10-04 11:34:55.471 +05:30  INF  Executed DbCommand (1ms) [Parameters=[], CommandType='"Text"', CommandTimeout='30']
SELECT `p`.`Id`, `p`.`Amount_Type`, `p`.`Balance`, `p`.`Created_At`, `p`.`Credit_Amount`, `p`.`Debit_Amount`, `p`.`Description`, `p`.`Doctor_Id`, `p`.`Patient_Id`, `p`.`Payment_Mode`, `p`.`Updated_At`, `p`.`Workdone_Id`
FROM `Payment_History` AS `p`
2023-10-04 11:34:55.477 +05:30  INF  Executed DbCommand (1ms) [Parameters=[@__p_0='?' (DbType = Int64)], CommandType='"Text"', CommandTimeout='30']
SELECT `p`.`Id`, `p`.`Amount`, `p`.`Balance_Amount`, `p`.`Balance_Spent`, `p`.`Created_At`, `p`.`Name`, `p`.`Patients_Id`, `p`.`Type`, `p`.`Updated_At`
FROM `Patients_Insurance_Loan` AS `p`
WHERE `p`.`Patients_Id` = @__p_0
2023-10-04 11:34:55.478 +05:30  INF  Executed DbCommand (0ms) [Parameters=[@__p_0='?' (DbType = Int64)], CommandType='"Text"', CommandTimeout='30']
SELECT `p`.`Id`, `p`.`Created_At`, `p`.`Patient_Id`, `p`.`Report`, `p`.`Report_Date`, `p`.`Report_File`, `p`.`Status`, `p`.`Test_Name`, `p`.`Test_Price`, `p`.`Updated_At`
FROM `Patient_Tests` AS `p`
WHERE `p`.`Patient_Id` = @__p_0
2023-10-04 11:34:55.480 +05:30  INF  Executed DbCommand (1ms) [Parameters=[@__p_0='?' (DbType = Int64)], CommandType='"Text"', CommandTimeout='30']
SELECT `p`.`Id`, `p`.`Address_O`, `p`.`Address_Other`, `p`.`Address_R`, `p`.`City_O`, `p`.`City_Other`, `p`.`City_R`, `p`.`Country_O`, `p`.`Country_Other`, `p`.`Country_R`, `p`.`Created_At`, `p`.`Doctor_Name`, `p`.`Email`, `p`.`Email2`, `p`.`Medical_History_Allergies`, `p`.`Patient_Id`, `p`.`Phone`, `p`.`Phone1`, `p`.`Phone2`, `p`.`Phone3`, `p`.`Phone4`, `p`.`Physician`, `p`.`Reffered_By`, `p`.`Relationship_Type`, `p`.`Special_Notes`, `p`.`Updated_At`, `p`.`Zip_O`, `p`.`Zip_Other`, `p`.`Zip_R`
FROM `Patients_Contact` AS `p`
WHERE `p`.`Patient_Id` = @__p_0
2023-10-04 11:34:55.481 +05:30  INF  Executed DbCommand (0ms) [Parameters=[@__p_0='?' (DbType = Int64)], CommandType='"Text"', CommandTimeout='30']
SELECT `p`.`Id`, `p`.`Created_At`, `p`.`Patient_Id`, `p`.`Report`, `p`.`Report_File`, `p`.`Scan_Name`, `p`.`Status`, `p`.`Type`, `p`.`Updated_At`
FROM `Patient_Scans` AS `p`
WHERE `p`.`Patient_Id` = @__p_0
2023-10-04 11:34:55.482 +05:30  INF  Executed DbCommand (1ms) [Parameters=[], CommandType='"Text"', CommandTimeout='30']
SELECT `p`.`Id`, `p`.`Amount_Type`, `p`.`Balance`, `p`.`Created_At`, `p`.`Credit_Amount`, `p`.`Debit_Amount`, `p`.`Description`, `p`.`Doctor_Id`, `p`.`Patient_Id`, `p`.`Payment_Mode`, `p`.`Updated_At`, `p`.`Workdone_Id`
FROM `Payment_History` AS `p`
2023-10-04 11:34:55.488 +05:30  INF  Executed DbCommand (1ms) [Parameters=[@__p_0='?' (DbType = Int64)], CommandType='"Text"', CommandTimeout='30']
SELECT `p`.`Id`, `p`.`Amount`, `p`.`Balance_Amount`, `p`.`Balance_Spent`, `p`.`Created_At`, `p`.`Name`, `p`.`Patients_Id`, `p`.`Type`, `p`.`Updated_At`
FROM `Patients_Insurance_Loan` AS `p`
WHERE `p`.`Patients_Id` = @__p_0
2023-10-04 11:34:55.490 +05:30  INF  Executed DbCommand (1ms) [Parameters=[@__p_0='?' (DbType = Int64)], CommandType='"Text"', CommandTimeout='30']
SELECT `p`.`Id`, `p`.`Created_At`, `p`.`Patient_Id`, `p`.`Report`, `p`.`Report_Date`, `p`.`Report_File`, `p`.`Status`, `p`.`Test_Name`, `p`.`Test_Price`, `p`.`Updated_At`
FROM `Patient_Tests` AS `p`
WHERE `p`.`Patient_Id` = @__p_0
2023-10-04 11:34:55.492 +05:30  INF  Executed DbCommand (1ms) [Parameters=[@__p_0='?' (DbType = Int64)], CommandType='"Text"', CommandTimeout='30']
SELECT `p`.`Id`, `p`.`Address_O`, `p`.`Address_Other`, `p`.`Address_R`, `p`.`City_O`, `p`.`City_Other`, `p`.`City_R`, `p`.`Country_O`, `p`.`Country_Other`, `p`.`Country_R`, `p`.`Created_At`, `p`.`Doctor_Name`, `p`.`Email`, `p`.`Email2`, `p`.`Medical_History_Allergies`, `p`.`Patient_Id`, `p`.`Phone`, `p`.`Phone1`, `p`.`Phone2`, `p`.`Phone3`, `p`.`Phone4`, `p`.`Physician`, `p`.`Reffered_By`, `p`.`Relationship_Type`, `p`.`Special_Notes`, `p`.`Updated_At`, `p`.`Zip_O`, `p`.`Zip_Other`, `p`.`Zip_R`
FROM `Patients_Contact` AS `p`
WHERE `p`.`Patient_Id` = @__p_0
2023-10-04 11:34:55.493 +05:30  INF  Executed DbCommand (0ms) [Parameters=[@__p_0='?' (DbType = Int64)], CommandType='"Text"', CommandTimeout='30']
SELECT `p`.`Id`, `p`.`Created_At`, `p`.`Patient_Id`, `p`.`Report`, `p`.`Report_File`, `p`.`Scan_Name`, `p`.`Status`, `p`.`Type`, `p`.`Updated_At`
FROM `Patient_Scans` AS `p`
WHERE `p`.`Patient_Id` = @__p_0
2023-10-04 11:34:55.494 +05:30  INF  Executed DbCommand (1ms) [Parameters=[], CommandType='"Text"', CommandTimeout='30']
SELECT `p`.`Id`, `p`.`Amount_Type`, `p`.`Balance`, `p`.`Created_At`, `p`.`Credit_Amount`, `p`.`Debit_Amount`, `p`.`Description`, `p`.`Doctor_Id`, `p`.`Patient_Id`, `p`.`Payment_Mode`, `p`.`Updated_At`, `p`.`Workdone_Id`
FROM `Payment_History` AS `p`
2023-10-04 11:34:55.499 +05:30  INF  Executed DbCommand (1ms) [Parameters=[@__p_0='?' (DbType = Int64)], CommandType='"Text"', CommandTimeout='30']
SELECT `p`.`Id`, `p`.`Amount`, `p`.`Balance_Amount`, `p`.`Balance_Spent`, `p`.`Created_At`, `p`.`Name`, `p`.`Patients_Id`, `p`.`Type`, `p`.`Updated_At`
FROM `Patients_Insurance_Loan` AS `p`
WHERE `p`.`Patients_Id` = @__p_0
2023-10-04 11:34:55.500 +05:30  INF  Executed DbCommand (0ms) [Parameters=[@__p_0='?' (DbType = Int64)], CommandType='"Text"', CommandTimeout='30']
SELECT `p`.`Id`, `p`.`Created_At`, `p`.`Patient_Id`, `p`.`Report`, `p`.`Report_Date`, `p`.`Report_File`, `p`.`Status`, `p`.`Test_Name`, `p`.`Test_Price`, `p`.`Updated_At`
FROM `Patient_Tests` AS `p`
WHERE `p`.`Patient_Id` = @__p_0
2023-10-04 11:34:55.504 +05:30  INF  Executed DbCommand (3ms) [Parameters=[@__p_0='?' (DbType = Int64)], CommandType='"Text"', CommandTimeout='30']
SELECT `p`.`Id`, `p`.`Address_O`, `p`.`Address_Other`, `p`.`Address_R`, `p`.`City_O`, `p`.`City_Other`, `p`.`City_R`, `p`.`Country_O`, `p`.`Country_Other`, `p`.`Country_R`, `p`.`Created_At`, `p`.`Doctor_Name`, `p`.`Email`, `p`.`Email2`, `p`.`Medical_History_Allergies`, `p`.`Patient_Id`, `p`.`Phone`, `p`.`Phone1`, `p`.`Phone2`, `p`.`Phone3`, `p`.`Phone4`, `p`.`Physician`, `p`.`Reffered_By`, `p`.`Relationship_Type`, `p`.`Special_Notes`, `p`.`Updated_At`, `p`.`Zip_O`, `p`.`Zip_Other`, `p`.`Zip_R`
FROM `Patients_Contact` AS `p`
WHERE `p`.`Patient_Id` = @__p_0
2023-10-04 11:34:55.507 +05:30  INF  Executed DbCommand (0ms) [Parameters=[@__p_0='?' (DbType = Int64)], CommandType='"Text"', CommandTimeout='30']
SELECT `p`.`Id`, `p`.`Created_At`, `p`.`Patient_Id`, `p`.`Report`, `p`.`Report_File`, `p`.`Scan_Name`, `p`.`Status`, `p`.`Type`, `p`.`Updated_At`
FROM `Patient_Scans` AS `p`
WHERE `p`.`Patient_Id` = @__p_0
2023-10-04 11:34:55.508 +05:30  INF  Executed DbCommand (1ms) [Parameters=[], CommandType='"Text"', CommandTimeout='30']
SELECT `p`.`Id`, `p`.`Amount_Type`, `p`.`Balance`, `p`.`Created_At`, `p`.`Credit_Amount`, `p`.`Debit_Amount`, `p`.`Description`, `p`.`Doctor_Id`, `p`.`Patient_Id`, `p`.`Payment_Mode`, `p`.`Updated_At`, `p`.`Workdone_Id`
FROM `Payment_History` AS `p`
2023-10-04 11:34:55.513 +05:30  INF  Executed DbCommand (1ms) [Parameters=[@__p_0='?' (DbType = Int64)], CommandType='"Text"', CommandTimeout='30']
SELECT `p`.`Id`, `p`.`Amount`, `p`.`Balance_Amount`, `p`.`Balance_Spent`, `p`.`Created_At`, `p`.`Name`, `p`.`Patients_Id`, `p`.`Type`, `p`.`Updated_At`
FROM `Patients_Insurance_Loan` AS `p`
WHERE `p`.`Patients_Id` = @__p_0
2023-10-04 11:34:55.514 +05:30  INF  Executed DbCommand (0ms) [Parameters=[@__p_0='?' (DbType = Int64)], CommandType='"Text"', CommandTimeout='30']
SELECT `p`.`Id`, `p`.`Created_At`, `p`.`Patient_Id`, `p`.`Report`, `p`.`Report_Date`, `p`.`Report_File`, `p`.`Status`, `p`.`Test_Name`, `p`.`Test_Price`, `p`.`Updated_At`
FROM `Patient_Tests` AS `p`
WHERE `p`.`Patient_Id` = @__p_0
2023-10-04 11:34:55.516 +05:30  INF  Executed DbCommand (1ms) [Parameters=[@__p_0='?' (DbType = Int64)], CommandType='"Text"', CommandTimeout='30']
SELECT `p`.`Id`, `p`.`Address_O`, `p`.`Address_Other`, `p`.`Address_R`, `p`.`City_O`, `p`.`City_Other`, `p`.`City_R`, `p`.`Country_O`, `p`.`Country_Other`, `p`.`Country_R`, `p`.`Created_At`, `p`.`Doctor_Name`, `p`.`Email`, `p`.`Email2`, `p`.`Medical_History_Allergies`, `p`.`Patient_Id`, `p`.`Phone`, `p`.`Phone1`, `p`.`Phone2`, `p`.`Phone3`, `p`.`Phone4`, `p`.`Physician`, `p`.`Reffered_By`, `p`.`Relationship_Type`, `p`.`Special_Notes`, `p`.`Updated_At`, `p`.`Zip_O`, `p`.`Zip_Other`, `p`.`Zip_R`
FROM `Patients_Contact` AS `p`
WHERE `p`.`Patient_Id` = @__p_0
2023-10-04 11:34:55.517 +05:30  INF  Executed DbCommand (0ms) [Parameters=[@__p_0='?' (DbType = Int64)], CommandType='"Text"', CommandTimeout='30']
SELECT `p`.`Id`, `p`.`Created_At`, `p`.`Patient_Id`, `p`.`Report`, `p`.`Report_File`, `p`.`Scan_Name`, `p`.`Status`, `p`.`Type`, `p`.`Updated_At`
FROM `Patient_Scans` AS `p`
WHERE `p`.`Patient_Id` = @__p_0
2023-10-04 11:34:55.518 +05:30  INF  Executed DbCommand (1ms) [Parameters=[], CommandType='"Text"', CommandTimeout='30']
SELECT `p`.`Id`, `p`.`Amount_Type`, `p`.`Balance`, `p`.`Created_At`, `p`.`Credit_Amount`, `p`.`Debit_Amount`, `p`.`Description`, `p`.`Doctor_Id`, `p`.`Patient_Id`, `p`.`Payment_Mode`, `p`.`Updated_At`, `p`.`Workdone_Id`
FROM `Payment_History` AS `p`
2023-10-04 11:34:55.523 +05:30  INF  Executed DbCommand (1ms) [Parameters=[@__p_0='?' (DbType = Int64)], CommandType='"Text"', CommandTimeout='30']
SELECT `p`.`Id`, `p`.`Amount`, `p`.`Balance_Amount`, `p`.`Balance_Spent`, `p`.`Created_At`, `p`.`Name`, `p`.`Patients_Id`, `p`.`Type`, `p`.`Updated_At`
FROM `Patients_Insurance_Loan` AS `p`
WHERE `p`.`Patients_Id` = @__p_0
2023-10-04 11:34:55.524 +05:30  INF  Executed DbCommand (0ms) [Parameters=[@__p_0='?' (DbType = Int64)], CommandType='"Text"', CommandTimeout='30']
SELECT `p`.`Id`, `p`.`Created_At`, `p`.`Patient_Id`, `p`.`Report`, `p`.`Report_Date`, `p`.`Report_File`, `p`.`Status`, `p`.`Test_Name`, `p`.`Test_Price`, `p`.`Updated_At`
FROM `Patient_Tests` AS `p`
WHERE `p`.`Patient_Id` = @__p_0
2023-10-04 11:34:55.526 +05:30  INF  Executed DbCommand (1ms) [Parameters=[@__p_0='?' (DbType = Int64)], CommandType='"Text"', CommandTimeout='30']
SELECT `p`.`Id`, `p`.`Address_O`, `p`.`Address_Other`, `p`.`Address_R`, `p`.`City_O`, `p`.`City_Other`, `p`.`City_R`, `p`.`Country_O`, `p`.`Country_Other`, `p`.`Country_R`, `p`.`Created_At`, `p`.`Doctor_Name`, `p`.`Email`, `p`.`Email2`, `p`.`Medical_History_Allergies`, `p`.`Patient_Id`, `p`.`Phone`, `p`.`Phone1`, `p`.`Phone2`, `p`.`Phone3`, `p`.`Phone4`, `p`.`Physician`, `p`.`Reffered_By`, `p`.`Relationship_Type`, `p`.`Special_Notes`, `p`.`Updated_At`, `p`.`Zip_O`, `p`.`Zip_Other`, `p`.`Zip_R`
FROM `Patients_Contact` AS `p`
WHERE `p`.`Patient_Id` = @__p_0
2023-10-04 11:34:55.527 +05:30  INF  Executed DbCommand (0ms) [Parameters=[@__p_0='?' (DbType = Int64)], CommandType='"Text"', CommandTimeout='30']
SELECT `p`.`Id`, `p`.`Created_At`, `p`.`Patient_Id`, `p`.`Report`, `p`.`Report_File`, `p`.`Scan_Name`, `p`.`Status`, `p`.`Type`, `p`.`Updated_At`
FROM `Patient_Scans` AS `p`
WHERE `p`.`Patient_Id` = @__p_0
2023-10-04 11:34:55.528 +05:30  INF  Executed DbCommand (1ms) [Parameters=[], CommandType='"Text"', CommandTimeout='30']
SELECT `p`.`Id`, `p`.`Amount_Type`, `p`.`Balance`, `p`.`Created_At`, `p`.`Credit_Amount`, `p`.`Debit_Amount`, `p`.`Description`, `p`.`Doctor_Id`, `p`.`Patient_Id`, `p`.`Payment_Mode`, `p`.`Updated_At`, `p`.`Workdone_Id`
FROM `Payment_History` AS `p`
2023-10-04 11:34:55.533 +05:30  INF  Executed DbCommand (1ms) [Parameters=[@__p_0='?' (DbType = Int64)], CommandType='"Text"', CommandTimeout='30']
SELECT `p`.`Id`, `p`.`Amount`, `p`.`Balance_Amount`, `p`.`Balance_Spent`, `p`.`Created_At`, `p`.`Name`, `p`.`Patients_Id`, `p`.`Type`, `p`.`Updated_At`
FROM `Patients_Insurance_Loan` AS `p`
WHERE `p`.`Patients_Id` = @__p_0
2023-10-04 11:34:55.535 +05:30  INF  Executed DbCommand (1ms) [Parameters=[@__p_0='?' (DbType = Int64)], CommandType='"Text"', CommandTimeout='30']
SELECT `p`.`Id`, `p`.`Created_At`, `p`.`Patient_Id`, `p`.`Report`, `p`.`Report_Date`, `p`.`Report_File`, `p`.`Status`, `p`.`Test_Name`, `p`.`Test_Price`, `p`.`Updated_At`
FROM `Patient_Tests` AS `p`
WHERE `p`.`Patient_Id` = @__p_0
2023-10-04 11:34:55.537 +05:30  INF  Executed DbCommand (1ms) [Parameters=[@__p_0='?' (DbType = Int64)], CommandType='"Text"', CommandTimeout='30']
SELECT `p`.`Id`, `p`.`Address_O`, `p`.`Address_Other`, `p`.`Address_R`, `p`.`City_O`, `p`.`City_Other`, `p`.`City_R`, `p`.`Country_O`, `p`.`Country_Other`, `p`.`Country_R`, `p`.`Created_At`, `p`.`Doctor_Name`, `p`.`Email`, `p`.`Email2`, `p`.`Medical_History_Allergies`, `p`.`Patient_Id`, `p`.`Phone`, `p`.`Phone1`, `p`.`Phone2`, `p`.`Phone3`, `p`.`Phone4`, `p`.`Physician`, `p`.`Reffered_By`, `p`.`Relationship_Type`, `p`.`Special_Notes`, `p`.`Updated_At`, `p`.`Zip_O`, `p`.`Zip_Other`, `p`.`Zip_R`
FROM `Patients_Contact` AS `p`
WHERE `p`.`Patient_Id` = @__p_0
2023-10-04 11:34:55.538 +05:30  INF  Executed DbCommand (0ms) [Parameters=[@__p_0='?' (DbType = Int64)], CommandType='"Text"', CommandTimeout='30']
SELECT `p`.`Id`, `p`.`Created_At`, `p`.`Patient_Id`, `p`.`Report`, `p`.`Report_File`, `p`.`Scan_Name`, `p`.`Status`, `p`.`Type`, `p`.`Updated_At`
FROM `Patient_Scans` AS `p`
WHERE `p`.`Patient_Id` = @__p_0
2023-10-04 11:34:55.539 +05:30  INF  Executed DbCommand (1ms) [Parameters=[], CommandType='"Text"', CommandTimeout='30']
SELECT `p`.`Id`, `p`.`Amount_Type`, `p`.`Balance`, `p`.`Created_At`, `p`.`Credit_Amount`, `p`.`Debit_Amount`, `p`.`Description`, `p`.`Doctor_Id`, `p`.`Patient_Id`, `p`.`Payment_Mode`, `p`.`Updated_At`, `p`.`Workdone_Id`
FROM `Payment_History` AS `p`
2023-10-04 11:34:55.544 +05:30  INF  Executed DbCommand (1ms) [Parameters=[@__p_0='?' (DbType = Int64)], CommandType='"Text"', CommandTimeout='30']
SELECT `p`.`Id`, `p`.`Amount`, `p`.`Balance_Amount`, `p`.`Balance_Spent`, `p`.`Created_At`, `p`.`Name`, `p`.`Patients_Id`, `p`.`Type`, `p`.`Updated_At`
FROM `Patients_Insurance_Loan` AS `p`
WHERE `p`.`Patients_Id` = @__p_0
2023-10-04 11:34:55.545 +05:30  INF  Executed DbCommand (0ms) [Parameters=[@__p_0='?' (DbType = Int64)], CommandType='"Text"', CommandTimeout='30']
SELECT `p`.`Id`, `p`.`Created_At`, `p`.`Patient_Id`, `p`.`Report`, `p`.`Report_Date`, `p`.`Report_File`, `p`.`Status`, `p`.`Test_Name`, `p`.`Test_Price`, `p`.`Updated_At`
FROM `Patient_Tests` AS `p`
WHERE `p`.`Patient_Id` = @__p_0
2023-10-04 11:34:55.547 +05:30  INF  Executed DbCommand (1ms) [Parameters=[@__p_0='?' (DbType = Int64)], CommandType='"Text"', CommandTimeout='30']
SELECT `p`.`Id`, `p`.`Address_O`, `p`.`Address_Other`, `p`.`Address_R`, `p`.`City_O`, `p`.`City_Other`, `p`.`City_R`, `p`.`Country_O`, `p`.`Country_Other`, `p`.`Country_R`, `p`.`Created_At`, `p`.`Doctor_Name`, `p`.`Email`, `p`.`Email2`, `p`.`Medical_History_Allergies`, `p`.`Patient_Id`, `p`.`Phone`, `p`.`Phone1`, `p`.`Phone2`, `p`.`Phone3`, `p`.`Phone4`, `p`.`Physician`, `p`.`Reffered_By`, `p`.`Relationship_Type`, `p`.`Special_Notes`, `p`.`Updated_At`, `p`.`Zip_O`, `p`.`Zip_Other`, `p`.`Zip_R`
FROM `Patients_Contact` AS `p`
WHERE `p`.`Patient_Id` = @__p_0
2023-10-04 11:34:55.548 +05:30  INF  Executed DbCommand (0ms) [Parameters=[@__p_0='?' (DbType = Int64)], CommandType='"Text"', CommandTimeout='30']
SELECT `p`.`Id`, `p`.`Created_At`, `p`.`Patient_Id`, `p`.`Report`, `p`.`Report_File`, `p`.`Scan_Name`, `p`.`Status`, `p`.`Type`, `p`.`Updated_At`
FROM `Patient_Scans` AS `p`
WHERE `p`.`Patient_Id` = @__p_0
2023-10-04 11:34:55.550 +05:30  INF  Executed DbCommand (1ms) [Parameters=[], CommandType='"Text"', CommandTimeout='30']
SELECT `p`.`Id`, `p`.`Amount_Type`, `p`.`Balance`, `p`.`Created_At`, `p`.`Credit_Amount`, `p`.`Debit_Amount`, `p`.`Description`, `p`.`Doctor_Id`, `p`.`Patient_Id`, `p`.`Payment_Mode`, `p`.`Updated_At`, `p`.`Workdone_Id`
FROM `Payment_History` AS `p`
2023-10-04 11:34:55.556 +05:30  INF  Executed DbCommand (1ms) [Parameters=[@__p_0='?' (DbType = Int64)], CommandType='"Text"', CommandTimeout='30']
SELECT `p`.`Id`, `p`.`Amount`, `p`.`Balance_Amount`, `p`.`Balance_Spent`, `p`.`Created_At`, `p`.`Name`, `p`.`Patients_Id`, `p`.`Type`, `p`.`Updated_At`
FROM `Patients_Insurance_Loan` AS `p`
WHERE `p`.`Patients_Id` = @__p_0
2023-10-04 11:34:55.558 +05:30  INF  Executed DbCommand (0ms) [Parameters=[@__p_0='?' (DbType = Int64)], CommandType='"Text"', CommandTimeout='30']
SELECT `p`.`Id`, `p`.`Created_At`, `p`.`Patient_Id`, `p`.`Report`, `p`.`Report_Date`, `p`.`Report_File`, `p`.`Status`, `p`.`Test_Name`, `p`.`Test_Price`, `p`.`Updated_At`
FROM `Patient_Tests` AS `p`
WHERE `p`.`Patient_Id` = @__p_0
2023-10-04 11:34:55.559 +05:30  INF  Executed DbCommand (1ms) [Parameters=[@__p_0='?' (DbType = Int64)], CommandType='"Text"', CommandTimeout='30']
SELECT `p`.`Id`, `p`.`Address_O`, `p`.`Address_Other`, `p`.`Address_R`, `p`.`City_O`, `p`.`City_Other`, `p`.`City_R`, `p`.`Country_O`, `p`.`Country_Other`, `p`.`Country_R`, `p`.`Created_At`, `p`.`Doctor_Name`, `p`.`Email`, `p`.`Email2`, `p`.`Medical_History_Allergies`, `p`.`Patient_Id`, `p`.`Phone`, `p`.`Phone1`, `p`.`Phone2`, `p`.`Phone3`, `p`.`Phone4`, `p`.`Physician`, `p`.`Reffered_By`, `p`.`Relationship_Type`, `p`.`Special_Notes`, `p`.`Updated_At`, `p`.`Zip_O`, `p`.`Zip_Other`, `p`.`Zip_R`
FROM `Patients_Contact` AS `p`
WHERE `p`.`Patient_Id` = @__p_0
2023-10-04 11:34:55.561 +05:30  INF  Executed DbCommand (0ms) [Parameters=[@__p_0='?' (DbType = Int64)], CommandType='"Text"', CommandTimeout='30']
SELECT `p`.`Id`, `p`.`Created_At`, `p`.`Patient_Id`, `p`.`Report`, `p`.`Report_File`, `p`.`Scan_Name`, `p`.`Status`, `p`.`Type`, `p`.`Updated_At`
FROM `Patient_Scans` AS `p`
WHERE `p`.`Patient_Id` = @__p_0
2023-10-04 11:34:55.562 +05:30  INF  Executed DbCommand (1ms) [Parameters=[], CommandType='"Text"', CommandTimeout='30']
SELECT `p`.`Id`, `p`.`Amount_Type`, `p`.`Balance`, `p`.`Created_At`, `p`.`Credit_Amount`, `p`.`Debit_Amount`, `p`.`Description`, `p`.`Doctor_Id`, `p`.`Patient_Id`, `p`.`Payment_Mode`, `p`.`Updated_At`, `p`.`Workdone_Id`
FROM `Payment_History` AS `p`
2023-10-04 11:34:55.567 +05:30  INF  Executed DbCommand (1ms) [Parameters=[@__p_0='?' (DbType = Int64)], CommandType='"Text"', CommandTimeout='30']
SELECT `p`.`Id`, `p`.`Amount`, `p`.`Balance_Amount`, `p`.`Balance_Spent`, `p`.`Created_At`, `p`.`Name`, `p`.`Patients_Id`, `p`.`Type`, `p`.`Updated_At`
FROM `Patients_Insurance_Loan` AS `p`
WHERE `p`.`Patients_Id` = @__p_0
2023-10-04 11:34:55.568 +05:30  INF  Executed DbCommand (1ms) [Parameters=[@__p_0='?' (DbType = Int64)], CommandType='"Text"', CommandTimeout='30']
SELECT `p`.`Id`, `p`.`Created_At`, `p`.`Patient_Id`, `p`.`Report`, `p`.`Report_Date`, `p`.`Report_File`, `p`.`Status`, `p`.`Test_Name`, `p`.`Test_Price`, `p`.`Updated_At`
FROM `Patient_Tests` AS `p`
WHERE `p`.`Patient_Id` = @__p_0
2023-10-04 11:34:55.571 +05:30  INF  Executed DbCommand (1ms) [Parameters=[@__p_0='?' (DbType = Int64)], CommandType='"Text"', CommandTimeout='30']
SELECT `p`.`Id`, `p`.`Address_O`, `p`.`Address_Other`, `p`.`Address_R`, `p`.`City_O`, `p`.`City_Other`, `p`.`City_R`, `p`.`Country_O`, `p`.`Country_Other`, `p`.`Country_R`, `p`.`Created_At`, `p`.`Doctor_Name`, `p`.`Email`, `p`.`Email2`, `p`.`Medical_History_Allergies`, `p`.`Patient_Id`, `p`.`Phone`, `p`.`Phone1`, `p`.`Phone2`, `p`.`Phone3`, `p`.`Phone4`, `p`.`Physician`, `p`.`Reffered_By`, `p`.`Relationship_Type`, `p`.`Special_Notes`, `p`.`Updated_At`, `p`.`Zip_O`, `p`.`Zip_Other`, `p`.`Zip_R`
FROM `Patients_Contact` AS `p`
WHERE `p`.`Patient_Id` = @__p_0
2023-10-04 11:34:55.572 +05:30  INF  Executed DbCommand (0ms) [Parameters=[@__p_0='?' (DbType = Int64)], CommandType='"Text"', CommandTimeout='30']
SELECT `p`.`Id`, `p`.`Created_At`, `p`.`Patient_Id`, `p`.`Report`, `p`.`Report_File`, `p`.`Scan_Name`, `p`.`Status`, `p`.`Type`, `p`.`Updated_At`
FROM `Patient_Scans` AS `p`
WHERE `p`.`Patient_Id` = @__p_0
2023-10-04 11:34:55.573 +05:30  INF  Executed DbCommand (1ms) [Parameters=[], CommandType='"Text"', CommandTimeout='30']
SELECT `p`.`Id`, `p`.`Amount_Type`, `p`.`Balance`, `p`.`Created_At`, `p`.`Credit_Amount`, `p`.`Debit_Amount`, `p`.`Description`, `p`.`Doctor_Id`, `p`.`Patient_Id`, `p`.`Payment_Mode`, `p`.`Updated_At`, `p`.`Workdone_Id`
FROM `Payment_History` AS `p`
2023-10-04 11:34:55.578 +05:30  INF  Executed DbCommand (1ms) [Parameters=[@__p_0='?' (DbType = Int64)], CommandType='"Text"', CommandTimeout='30']
SELECT `p`.`Id`, `p`.`Amount`, `p`.`Balance_Amount`, `p`.`Balance_Spent`, `p`.`Created_At`, `p`.`Name`, `p`.`Patients_Id`, `p`.`Type`, `p`.`Updated_At`
FROM `Patients_Insurance_Loan` AS `p`
WHERE `p`.`Patients_Id` = @__p_0
2023-10-04 11:34:55.579 +05:30  INF  Executed DbCommand (0ms) [Parameters=[@__p_0='?' (DbType = Int64)], CommandType='"Text"', CommandTimeout='30']
SELECT `p`.`Id`, `p`.`Created_At`, `p`.`Patient_Id`, `p`.`Report`, `p`.`Report_Date`, `p`.`Report_File`, `p`.`Status`, `p`.`Test_Name`, `p`.`Test_Price`, `p`.`Updated_At`
FROM `Patient_Tests` AS `p`
WHERE `p`.`Patient_Id` = @__p_0
2023-10-04 11:34:55.581 +05:30  INF  Executed DbCommand (1ms) [Parameters=[@__p_0='?' (DbType = Int64)], CommandType='"Text"', CommandTimeout='30']
SELECT `p`.`Id`, `p`.`Address_O`, `p`.`Address_Other`, `p`.`Address_R`, `p`.`City_O`, `p`.`City_Other`, `p`.`City_R`, `p`.`Country_O`, `p`.`Country_Other`, `p`.`Country_R`, `p`.`Created_At`, `p`.`Doctor_Name`, `p`.`Email`, `p`.`Email2`, `p`.`Medical_History_Allergies`, `p`.`Patient_Id`, `p`.`Phone`, `p`.`Phone1`, `p`.`Phone2`, `p`.`Phone3`, `p`.`Phone4`, `p`.`Physician`, `p`.`Reffered_By`, `p`.`Relationship_Type`, `p`.`Special_Notes`, `p`.`Updated_At`, `p`.`Zip_O`, `p`.`Zip_Other`, `p`.`Zip_R`
FROM `Patients_Contact` AS `p`
WHERE `p`.`Patient_Id` = @__p_0
2023-10-04 11:34:55.582 +05:30  INF  Executed DbCommand (0ms) [Parameters=[@__p_0='?' (DbType = Int64)], CommandType='"Text"', CommandTimeout='30']
SELECT `p`.`Id`, `p`.`Created_At`, `p`.`Patient_Id`, `p`.`Report`, `p`.`Report_File`, `p`.`Scan_Name`, `p`.`Status`, `p`.`Type`, `p`.`Updated_At`
FROM `Patient_Scans` AS `p`
WHERE `p`.`Patient_Id` = @__p_0
2023-10-04 11:34:55.583 +05:30  INF  Executed DbCommand (1ms) [Parameters=[], CommandType='"Text"', CommandTimeout='30']
SELECT `p`.`Id`, `p`.`Amount_Type`, `p`.`Balance`, `p`.`Created_At`, `p`.`Credit_Amount`, `p`.`Debit_Amount`, `p`.`Description`, `p`.`Doctor_Id`, `p`.`Patient_Id`, `p`.`Payment_Mode`, `p`.`Updated_At`, `p`.`Workdone_Id`
FROM `Payment_History` AS `p`
2023-10-04 11:34:55.588 +05:30  INF  Executed DbCommand (1ms) [Parameters=[@__p_0='?' (DbType = Int64)], CommandType='"Text"', CommandTimeout='30']
SELECT `p`.`Id`, `p`.`Amount`, `p`.`Balance_Amount`, `p`.`Balance_Spent`, `p`.`Created_At`, `p`.`Name`, `p`.`Patients_Id`, `p`.`Type`, `p`.`Updated_At`
FROM `Patients_Insurance_Loan` AS `p`
WHERE `p`.`Patients_Id` = @__p_0
2023-10-04 11:34:55.589 +05:30  INF  Executed DbCommand (0ms) [Parameters=[@__p_0='?' (DbType = Int64)], CommandType='"Text"', CommandTimeout='30']
SELECT `p`.`Id`, `p`.`Created_At`, `p`.`Patient_Id`, `p`.`Report`, `p`.`Report_Date`, `p`.`Report_File`, `p`.`Status`, `p`.`Test_Name`, `p`.`Test_Price`, `p`.`Updated_At`
FROM `Patient_Tests` AS `p`
WHERE `p`.`Patient_Id` = @__p_0
2023-10-04 11:34:55.591 +05:30  INF  Executed DbCommand (1ms) [Parameters=[@__p_0='?' (DbType = Int64)], CommandType='"Text"', CommandTimeout='30']
SELECT `p`.`Id`, `p`.`Address_O`, `p`.`Address_Other`, `p`.`Address_R`, `p`.`City_O`, `p`.`City_Other`, `p`.`City_R`, `p`.`Country_O`, `p`.`Country_Other`, `p`.`Country_R`, `p`.`Created_At`, `p`.`Doctor_Name`, `p`.`Email`, `p`.`Email2`, `p`.`Medical_History_Allergies`, `p`.`Patient_Id`, `p`.`Phone`, `p`.`Phone1`, `p`.`Phone2`, `p`.`Phone3`, `p`.`Phone4`, `p`.`Physician`, `p`.`Reffered_By`, `p`.`Relationship_Type`, `p`.`Special_Notes`, `p`.`Updated_At`, `p`.`Zip_O`, `p`.`Zip_Other`, `p`.`Zip_R`
FROM `Patients_Contact` AS `p`
WHERE `p`.`Patient_Id` = @__p_0
2023-10-04 11:34:55.593 +05:30  INF  Executed DbCommand (0ms) [Parameters=[@__p_0='?' (DbType = Int64)], CommandType='"Text"', CommandTimeout='30']
SELECT `p`.`Id`, `p`.`Created_At`, `p`.`Patient_Id`, `p`.`Report`, `p`.`Report_File`, `p`.`Scan_Name`, `p`.`Status`, `p`.`Type`, `p`.`Updated_At`
FROM `Patient_Scans` AS `p`
WHERE `p`.`Patient_Id` = @__p_0
2023-10-04 11:34:55.594 +05:30  INF  Executed DbCommand (1ms) [Parameters=[], CommandType='"Text"', CommandTimeout='30']
SELECT `p`.`Id`, `p`.`Amount_Type`, `p`.`Balance`, `p`.`Created_At`, `p`.`Credit_Amount`, `p`.`Debit_Amount`, `p`.`Description`, `p`.`Doctor_Id`, `p`.`Patient_Id`, `p`.`Payment_Mode`, `p`.`Updated_At`, `p`.`Workdone_Id`
FROM `Payment_History` AS `p`
2023-10-04 11:34:55.599 +05:30  INF  Executed DbCommand (1ms) [Parameters=[@__p_0='?' (DbType = Int64)], CommandType='"Text"', CommandTimeout='30']
SELECT `p`.`Id`, `p`.`Amount`, `p`.`Balance_Amount`, `p`.`Balance_Spent`, `p`.`Created_At`, `p`.`Name`, `p`.`Patients_Id`, `p`.`Type`, `p`.`Updated_At`
FROM `Patients_Insurance_Loan` AS `p`
WHERE `p`.`Patients_Id` = @__p_0
2023-10-04 11:34:55.600 +05:30  INF  Executed DbCommand (0ms) [Parameters=[@__p_0='?' (DbType = Int64)], CommandType='"Text"', CommandTimeout='30']
SELECT `p`.`Id`, `p`.`Created_At`, `p`.`Patient_Id`, `p`.`Report`, `p`.`Report_Date`, `p`.`Report_File`, `p`.`Status`, `p`.`Test_Name`, `p`.`Test_Price`, `p`.`Updated_At`
FROM `Patient_Tests` AS `p`
WHERE `p`.`Patient_Id` = @__p_0
2023-10-04 11:34:55.602 +05:30  INF  Executed DbCommand (1ms) [Parameters=[@__p_0='?' (DbType = Int64)], CommandType='"Text"', CommandTimeout='30']
SELECT `p`.`Id`, `p`.`Address_O`, `p`.`Address_Other`, `p`.`Address_R`, `p`.`City_O`, `p`.`City_Other`, `p`.`City_R`, `p`.`Country_O`, `p`.`Country_Other`, `p`.`Country_R`, `p`.`Created_At`, `p`.`Doctor_Name`, `p`.`Email`, `p`.`Email2`, `p`.`Medical_History_Allergies`, `p`.`Patient_Id`, `p`.`Phone`, `p`.`Phone1`, `p`.`Phone2`, `p`.`Phone3`, `p`.`Phone4`, `p`.`Physician`, `p`.`Reffered_By`, `p`.`Relationship_Type`, `p`.`Special_Notes`, `p`.`Updated_At`, `p`.`Zip_O`, `p`.`Zip_Other`, `p`.`Zip_R`
FROM `Patients_Contact` AS `p`
WHERE `p`.`Patient_Id` = @__p_0
2023-10-04 11:34:55.604 +05:30  INF  Executed DbCommand (0ms) [Parameters=[@__p_0='?' (DbType = Int64)], CommandType='"Text"', CommandTimeout='30']
SELECT `p`.`Id`, `p`.`Created_At`, `p`.`Patient_Id`, `p`.`Report`, `p`.`Report_File`, `p`.`Scan_Name`, `p`.`Status`, `p`.`Type`, `p`.`Updated_At`
FROM `Patient_Scans` AS `p`
WHERE `p`.`Patient_Id` = @__p_0
2023-10-04 11:34:55.605 +05:30  INF  Executed DbCommand (1ms) [Parameters=[], CommandType='"Text"', CommandTimeout='30']
SELECT `p`.`Id`, `p`.`Amount_Type`, `p`.`Balance`, `p`.`Created_At`, `p`.`Credit_Amount`, `p`.`Debit_Amount`, `p`.`Description`, `p`.`Doctor_Id`, `p`.`Patient_Id`, `p`.`Payment_Mode`, `p`.`Updated_At`, `p`.`Workdone_Id`
FROM `Payment_History` AS `p`
2023-10-04 11:34:55.610 +05:30  INF  Executed DbCommand (1ms) [Parameters=[@__p_0='?' (DbType = Int64)], CommandType='"Text"', CommandTimeout='30']
SELECT `p`.`Id`, `p`.`Amount`, `p`.`Balance_Amount`, `p`.`Balance_Spent`, `p`.`Created_At`, `p`.`Name`, `p`.`Patients_Id`, `p`.`Type`, `p`.`Updated_At`
FROM `Patients_Insurance_Loan` AS `p`
WHERE `p`.`Patients_Id` = @__p_0
2023-10-04 11:34:55.611 +05:30  INF  Executed DbCommand (0ms) [Parameters=[@__p_0='?' (DbType = Int64)], CommandType='"Text"', CommandTimeout='30']
SELECT `p`.`Id`, `p`.`Created_At`, `p`.`Patient_Id`, `p`.`Report`, `p`.`Report_Date`, `p`.`Report_File`, `p`.`Status`, `p`.`Test_Name`, `p`.`Test_Price`, `p`.`Updated_At`
FROM `Patient_Tests` AS `p`
WHERE `p`.`Patient_Id` = @__p_0
2023-10-04 11:34:55.613 +05:30  INF  Executed DbCommand (1ms) [Parameters=[@__p_0='?' (DbType = Int64)], CommandType='"Text"', CommandTimeout='30']
SELECT `p`.`Id`, `p`.`Address_O`, `p`.`Address_Other`, `p`.`Address_R`, `p`.`City_O`, `p`.`City_Other`, `p`.`City_R`, `p`.`Country_O`, `p`.`Country_Other`, `p`.`Country_R`, `p`.`Created_At`, `p`.`Doctor_Name`, `p`.`Email`, `p`.`Email2`, `p`.`Medical_History_Allergies`, `p`.`Patient_Id`, `p`.`Phone`, `p`.`Phone1`, `p`.`Phone2`, `p`.`Phone3`, `p`.`Phone4`, `p`.`Physician`, `p`.`Reffered_By`, `p`.`Relationship_Type`, `p`.`Special_Notes`, `p`.`Updated_At`, `p`.`Zip_O`, `p`.`Zip_Other`, `p`.`Zip_R`
FROM `Patients_Contact` AS `p`
WHERE `p`.`Patient_Id` = @__p_0
2023-10-04 11:34:55.614 +05:30  INF  Executed DbCommand (0ms) [Parameters=[@__p_0='?' (DbType = Int64)], CommandType='"Text"', CommandTimeout='30']
SELECT `p`.`Id`, `p`.`Created_At`, `p`.`Patient_Id`, `p`.`Report`, `p`.`Report_File`, `p`.`Scan_Name`, `p`.`Status`, `p`.`Type`, `p`.`Updated_At`
FROM `Patient_Scans` AS `p`
WHERE `p`.`Patient_Id` = @__p_0
2023-10-04 11:34:55.615 +05:30  INF  Executed DbCommand (1ms) [Parameters=[], CommandType='"Text"', CommandTimeout='30']
SELECT `p`.`Id`, `p`.`Amount_Type`, `p`.`Balance`, `p`.`Created_At`, `p`.`Credit_Amount`, `p`.`Debit_Amount`, `p`.`Description`, `p`.`Doctor_Id`, `p`.`Patient_Id`, `p`.`Payment_Mode`, `p`.`Updated_At`, `p`.`Workdone_Id`
FROM `Payment_History` AS `p`
2023-10-04 11:34:55.620 +05:30  INF  Executed DbCommand (1ms) [Parameters=[@__p_0='?' (DbType = Int64)], CommandType='"Text"', CommandTimeout='30']
SELECT `p`.`Id`, `p`.`Amount`, `p`.`Balance_Amount`, `p`.`Balance_Spent`, `p`.`Created_At`, `p`.`Name`, `p`.`Patients_Id`, `p`.`Type`, `p`.`Updated_At`
FROM `Patients_Insurance_Loan` AS `p`
WHERE `p`.`Patients_Id` = @__p_0
2023-10-04 11:34:55.621 +05:30  INF  Executed DbCommand (0ms) [Parameters=[@__p_0='?' (DbType = Int64)], CommandType='"Text"', CommandTimeout='30']
SELECT `p`.`Id`, `p`.`Created_At`, `p`.`Patient_Id`, `p`.`Report`, `p`.`Report_Date`, `p`.`Report_File`, `p`.`Status`, `p`.`Test_Name`, `p`.`Test_Price`, `p`.`Updated_At`
FROM `Patient_Tests` AS `p`
WHERE `p`.`Patient_Id` = @__p_0
2023-10-04 11:34:55.624 +05:30  INF  Executed DbCommand (1ms) [Parameters=[@__p_0='?' (DbType = Int64)], CommandType='"Text"', CommandTimeout='30']
SELECT `p`.`Id`, `p`.`Address_O`, `p`.`Address_Other`, `p`.`Address_R`, `p`.`City_O`, `p`.`City_Other`, `p`.`City_R`, `p`.`Country_O`, `p`.`Country_Other`, `p`.`Country_R`, `p`.`Created_At`, `p`.`Doctor_Name`, `p`.`Email`, `p`.`Email2`, `p`.`Medical_History_Allergies`, `p`.`Patient_Id`, `p`.`Phone`, `p`.`Phone1`, `p`.`Phone2`, `p`.`Phone3`, `p`.`Phone4`, `p`.`Physician`, `p`.`Reffered_By`, `p`.`Relationship_Type`, `p`.`Special_Notes`, `p`.`Updated_At`, `p`.`Zip_O`, `p`.`Zip_Other`, `p`.`Zip_R`
FROM `Patients_Contact` AS `p`
WHERE `p`.`Patient_Id` = @__p_0
2023-10-04 11:34:55.625 +05:30  INF  Executed DbCommand (0ms) [Parameters=[@__p_0='?' (DbType = Int64)], CommandType='"Text"', CommandTimeout='30']
SELECT `p`.`Id`, `p`.`Created_At`, `p`.`Patient_Id`, `p`.`Report`, `p`.`Report_File`, `p`.`Scan_Name`, `p`.`Status`, `p`.`Type`, `p`.`Updated_At`
FROM `Patient_Scans` AS `p`
WHERE `p`.`Patient_Id` = @__p_0
2023-10-04 11:34:55.626 +05:30  INF  Executed DbCommand (1ms) [Parameters=[], CommandType='"Text"', CommandTimeout='30']
SELECT `p`.`Id`, `p`.`Amount_Type`, `p`.`Balance`, `p`.`Created_At`, `p`.`Credit_Amount`, `p`.`Debit_Amount`, `p`.`Description`, `p`.`Doctor_Id`, `p`.`Patient_Id`, `p`.`Payment_Mode`, `p`.`Updated_At`, `p`.`Workdone_Id`
FROM `Payment_History` AS `p`
2023-10-04 11:34:55.632 +05:30  INF  Executed DbCommand (1ms) [Parameters=[@__p_0='?' (DbType = Int64)], CommandType='"Text"', CommandTimeout='30']
SELECT `p`.`Id`, `p`.`Amount`, `p`.`Balance_Amount`, `p`.`Balance_Spent`, `p`.`Created_At`, `p`.`Name`, `p`.`Patients_Id`, `p`.`Type`, `p`.`Updated_At`
FROM `Patients_Insurance_Loan` AS `p`
WHERE `p`.`Patients_Id` = @__p_0
2023-10-04 11:34:55.633 +05:30  INF  Executed DbCommand (0ms) [Parameters=[@__p_0='?' (DbType = Int64)], CommandType='"Text"', CommandTimeout='30']
SELECT `p`.`Id`, `p`.`Created_At`, `p`.`Patient_Id`, `p`.`Report`, `p`.`Report_Date`, `p`.`Report_File`, `p`.`Status`, `p`.`Test_Name`, `p`.`Test_Price`, `p`.`Updated_At`
FROM `Patient_Tests` AS `p`
WHERE `p`.`Patient_Id` = @__p_0
2023-10-04 11:34:55.635 +05:30  INF  Executed DbCommand (1ms) [Parameters=[@__p_0='?' (DbType = Int64)], CommandType='"Text"', CommandTimeout='30']
SELECT `p`.`Id`, `p`.`Address_O`, `p`.`Address_Other`, `p`.`Address_R`, `p`.`City_O`, `p`.`City_Other`, `p`.`City_R`, `p`.`Country_O`, `p`.`Country_Other`, `p`.`Country_R`, `p`.`Created_At`, `p`.`Doctor_Name`, `p`.`Email`, `p`.`Email2`, `p`.`Medical_History_Allergies`, `p`.`Patient_Id`, `p`.`Phone`, `p`.`Phone1`, `p`.`Phone2`, `p`.`Phone3`, `p`.`Phone4`, `p`.`Physician`, `p`.`Reffered_By`, `p`.`Relationship_Type`, `p`.`Special_Notes`, `p`.`Updated_At`, `p`.`Zip_O`, `p`.`Zip_Other`, `p`.`Zip_R`
FROM `Patients_Contact` AS `p`
WHERE `p`.`Patient_Id` = @__p_0
2023-10-04 11:34:55.636 +05:30  INF  Executed DbCommand (0ms) [Parameters=[@__p_0='?' (DbType = Int64)], CommandType='"Text"', CommandTimeout='30']
SELECT `p`.`Id`, `p`.`Created_At`, `p`.`Patient_Id`, `p`.`Report`, `p`.`Report_File`, `p`.`Scan_Name`, `p`.`Status`, `p`.`Type`, `p`.`Updated_At`
FROM `Patient_Scans` AS `p`
WHERE `p`.`Patient_Id` = @__p_0
2023-10-04 11:34:55.638 +05:30  INF  Executed DbCommand (1ms) [Parameters=[], CommandType='"Text"', CommandTimeout='30']
SELECT `p`.`Id`, `p`.`Amount_Type`, `p`.`Balance`, `p`.`Created_At`, `p`.`Credit_Amount`, `p`.`Debit_Amount`, `p`.`Description`, `p`.`Doctor_Id`, `p`.`Patient_Id`, `p`.`Payment_Mode`, `p`.`Updated_At`, `p`.`Workdone_Id`
FROM `Payment_History` AS `p`
2023-10-04 11:34:55.642 +05:30  INF  Executed DbCommand (1ms) [Parameters=[@__p_0='?' (DbType = Int64)], CommandType='"Text"', CommandTimeout='30']
SELECT `p`.`Id`, `p`.`Amount`, `p`.`Balance_Amount`, `p`.`Balance_Spent`, `p`.`Created_At`, `p`.`Name`, `p`.`Patients_Id`, `p`.`Type`, `p`.`Updated_At`
FROM `Patients_Insurance_Loan` AS `p`
WHERE `p`.`Patients_Id` = @__p_0
2023-10-04 11:34:55.644 +05:30  INF  Executed DbCommand (0ms) [Parameters=[@__p_0='?' (DbType = Int64)], CommandType='"Text"', CommandTimeout='30']
SELECT `p`.`Id`, `p`.`Created_At`, `p`.`Patient_Id`, `p`.`Report`, `p`.`Report_Date`, `p`.`Report_File`, `p`.`Status`, `p`.`Test_Name`, `p`.`Test_Price`, `p`.`Updated_At`
FROM `Patient_Tests` AS `p`
WHERE `p`.`Patient_Id` = @__p_0
2023-10-04 11:34:55.645 +05:30  INF  Executed DbCommand (1ms) [Parameters=[@__p_0='?' (DbType = Int64)], CommandType='"Text"', CommandTimeout='30']
SELECT `p`.`Id`, `p`.`Address_O`, `p`.`Address_Other`, `p`.`Address_R`, `p`.`City_O`, `p`.`City_Other`, `p`.`City_R`, `p`.`Country_O`, `p`.`Country_Other`, `p`.`Country_R`, `p`.`Created_At`, `p`.`Doctor_Name`, `p`.`Email`, `p`.`Email2`, `p`.`Medical_History_Allergies`, `p`.`Patient_Id`, `p`.`Phone`, `p`.`Phone1`, `p`.`Phone2`, `p`.`Phone3`, `p`.`Phone4`, `p`.`Physician`, `p`.`Reffered_By`, `p`.`Relationship_Type`, `p`.`Special_Notes`, `p`.`Updated_At`, `p`.`Zip_O`, `p`.`Zip_Other`, `p`.`Zip_R`
FROM `Patients_Contact` AS `p`
WHERE `p`.`Patient_Id` = @__p_0
2023-10-04 11:34:55.647 +05:30  INF  Executed DbCommand (0ms) [Parameters=[@__p_0='?' (DbType = Int64)], CommandType='"Text"', CommandTimeout='30']
SELECT `p`.`Id`, `p`.`Created_At`, `p`.`Patient_Id`, `p`.`Report`, `p`.`Report_File`, `p`.`Scan_Name`, `p`.`Status`, `p`.`Type`, `p`.`Updated_At`
FROM `Patient_Scans` AS `p`
WHERE `p`.`Patient_Id` = @__p_0
2023-10-04 11:34:55.648 +05:30  INF  Executed DbCommand (1ms) [Parameters=[], CommandType='"Text"', CommandTimeout='30']
SELECT `p`.`Id`, `p`.`Amount_Type`, `p`.`Balance`, `p`.`Created_At`, `p`.`Credit_Amount`, `p`.`Debit_Amount`, `p`.`Description`, `p`.`Doctor_Id`, `p`.`Patient_Id`, `p`.`Payment_Mode`, `p`.`Updated_At`, `p`.`Workdone_Id`
FROM `Payment_History` AS `p`
2023-10-04 11:34:55.653 +05:30  INF  Executed DbCommand (1ms) [Parameters=[@__p_0='?' (DbType = Int64)], CommandType='"Text"', CommandTimeout='30']
SELECT `p`.`Id`, `p`.`Amount`, `p`.`Balance_Amount`, `p`.`Balance_Spent`, `p`.`Created_At`, `p`.`Name`, `p`.`Patients_Id`, `p`.`Type`, `p`.`Updated_At`
FROM `Patients_Insurance_Loan` AS `p`
WHERE `p`.`Patients_Id` = @__p_0
2023-10-04 11:34:55.655 +05:30  INF  Executed DbCommand (1ms) [Parameters=[@__p_0='?' (DbType = Int64)], CommandType='"Text"', CommandTimeout='30']
SELECT `p`.`Id`, `p`.`Created_At`, `p`.`Patient_Id`, `p`.`Report`, `p`.`Report_Date`, `p`.`Report_File`, `p`.`Status`, `p`.`Test_Name`, `p`.`Test_Price`, `p`.`Updated_At`
FROM `Patient_Tests` AS `p`
WHERE `p`.`Patient_Id` = @__p_0
2023-10-04 11:34:55.657 +05:30  INF  Executed DbCommand (1ms) [Parameters=[@__p_0='?' (DbType = Int64)], CommandType='"Text"', CommandTimeout='30']
SELECT `p`.`Id`, `p`.`Address_O`, `p`.`Address_Other`, `p`.`Address_R`, `p`.`City_O`, `p`.`City_Other`, `p`.`City_R`, `p`.`Country_O`, `p`.`Country_Other`, `p`.`Country_R`, `p`.`Created_At`, `p`.`Doctor_Name`, `p`.`Email`, `p`.`Email2`, `p`.`Medical_History_Allergies`, `p`.`Patient_Id`, `p`.`Phone`, `p`.`Phone1`, `p`.`Phone2`, `p`.`Phone3`, `p`.`Phone4`, `p`.`Physician`, `p`.`Reffered_By`, `p`.`Relationship_Type`, `p`.`Special_Notes`, `p`.`Updated_At`, `p`.`Zip_O`, `p`.`Zip_Other`, `p`.`Zip_R`
FROM `Patients_Contact` AS `p`
WHERE `p`.`Patient_Id` = @__p_0
2023-10-04 11:34:55.658 +05:30  INF  Executed DbCommand (0ms) [Parameters=[@__p_0='?' (DbType = Int64)], CommandType='"Text"', CommandTimeout='30']
SELECT `p`.`Id`, `p`.`Created_At`, `p`.`Patient_Id`, `p`.`Report`, `p`.`Report_File`, `p`.`Scan_Name`, `p`.`Status`, `p`.`Type`, `p`.`Updated_At`
FROM `Patient_Scans` AS `p`
WHERE `p`.`Patient_Id` = @__p_0
2023-10-04 11:34:55.659 +05:30  INF  Executed DbCommand (1ms) [Parameters=[], CommandType='"Text"', CommandTimeout='30']
SELECT `p`.`Id`, `p`.`Amount_Type`, `p`.`Balance`, `p`.`Created_At`, `p`.`Credit_Amount`, `p`.`Debit_Amount`, `p`.`Description`, `p`.`Doctor_Id`, `p`.`Patient_Id`, `p`.`Payment_Mode`, `p`.`Updated_At`, `p`.`Workdone_Id`
FROM `Payment_History` AS `p`
2023-10-04 11:34:55.664 +05:30  INF  Executed DbCommand (1ms) [Parameters=[@__p_0='?' (DbType = Int64)], CommandType='"Text"', CommandTimeout='30']
SELECT `p`.`Id`, `p`.`Amount`, `p`.`Balance_Amount`, `p`.`Balance_Spent`, `p`.`Created_At`, `p`.`Name`, `p`.`Patients_Id`, `p`.`Type`, `p`.`Updated_At`
FROM `Patients_Insurance_Loan` AS `p`
WHERE `p`.`Patients_Id` = @__p_0
2023-10-04 11:34:55.665 +05:30  INF  Executed DbCommand (0ms) [Parameters=[@__p_0='?' (DbType = Int64)], CommandType='"Text"', CommandTimeout='30']
SELECT `p`.`Id`, `p`.`Created_At`, `p`.`Patient_Id`, `p`.`Report`, `p`.`Report_Date`, `p`.`Report_File`, `p`.`Status`, `p`.`Test_Name`, `p`.`Test_Price`, `p`.`Updated_At`
FROM `Patient_Tests` AS `p`
WHERE `p`.`Patient_Id` = @__p_0
2023-10-04 11:34:55.667 +05:30  INF  Executed DbCommand (1ms) [Parameters=[@__p_0='?' (DbType = Int64)], CommandType='"Text"', CommandTimeout='30']
SELECT `p`.`Id`, `p`.`Address_O`, `p`.`Address_Other`, `p`.`Address_R`, `p`.`City_O`, `p`.`City_Other`, `p`.`City_R`, `p`.`Country_O`, `p`.`Country_Other`, `p`.`Country_R`, `p`.`Created_At`, `p`.`Doctor_Name`, `p`.`Email`, `p`.`Email2`, `p`.`Medical_History_Allergies`, `p`.`Patient_Id`, `p`.`Phone`, `p`.`Phone1`, `p`.`Phone2`, `p`.`Phone3`, `p`.`Phone4`, `p`.`Physician`, `p`.`Reffered_By`, `p`.`Relationship_Type`, `p`.`Special_Notes`, `p`.`Updated_At`, `p`.`Zip_O`, `p`.`Zip_Other`, `p`.`Zip_R`
FROM `Patients_Contact` AS `p`
WHERE `p`.`Patient_Id` = @__p_0
2023-10-04 11:34:55.669 +05:30  INF  Executed DbCommand (1ms) [Parameters=[@__p_0='?' (DbType = Int64)], CommandType='"Text"', CommandTimeout='30']
SELECT `p`.`Id`, `p`.`Created_At`, `p`.`Patient_Id`, `p`.`Report`, `p`.`Report_File`, `p`.`Scan_Name`, `p`.`Status`, `p`.`Type`, `p`.`Updated_At`
FROM `Patient_Scans` AS `p`
WHERE `p`.`Patient_Id` = @__p_0
2023-10-04 11:34:55.670 +05:30  INF  Executed DbCommand (1ms) [Parameters=[], CommandType='"Text"', CommandTimeout='30']
SELECT `p`.`Id`, `p`.`Amount_Type`, `p`.`Balance`, `p`.`Created_At`, `p`.`Credit_Amount`, `p`.`Debit_Amount`, `p`.`Description`, `p`.`Doctor_Id`, `p`.`Patient_Id`, `p`.`Payment_Mode`, `p`.`Updated_At`, `p`.`Workdone_Id`
FROM `Payment_History` AS `p`
2023-10-04 11:34:55.675 +05:30  INF  Executed DbCommand (1ms) [Parameters=[@__p_0='?' (DbType = Int64)], CommandType='"Text"', CommandTimeout='30']
SELECT `p`.`Id`, `p`.`Amount`, `p`.`Balance_Amount`, `p`.`Balance_Spent`, `p`.`Created_At`, `p`.`Name`, `p`.`Patients_Id`, `p`.`Type`, `p`.`Updated_At`
FROM `Patients_Insurance_Loan` AS `p`
WHERE `p`.`Patients_Id` = @__p_0
2023-10-04 11:34:55.676 +05:30  INF  Executed DbCommand (0ms) [Parameters=[@__p_0='?' (DbType = Int64)], CommandType='"Text"', CommandTimeout='30']
SELECT `p`.`Id`, `p`.`Created_At`, `p`.`Patient_Id`, `p`.`Report`, `p`.`Report_Date`, `p`.`Report_File`, `p`.`Status`, `p`.`Test_Name`, `p`.`Test_Price`, `p`.`Updated_At`
FROM `Patient_Tests` AS `p`
WHERE `p`.`Patient_Id` = @__p_0
2023-10-04 11:34:55.678 +05:30  INF  Executed DbCommand (1ms) [Parameters=[@__p_0='?' (DbType = Int64)], CommandType='"Text"', CommandTimeout='30']
SELECT `p`.`Id`, `p`.`Address_O`, `p`.`Address_Other`, `p`.`Address_R`, `p`.`City_O`, `p`.`City_Other`, `p`.`City_R`, `p`.`Country_O`, `p`.`Country_Other`, `p`.`Country_R`, `p`.`Created_At`, `p`.`Doctor_Name`, `p`.`Email`, `p`.`Email2`, `p`.`Medical_History_Allergies`, `p`.`Patient_Id`, `p`.`Phone`, `p`.`Phone1`, `p`.`Phone2`, `p`.`Phone3`, `p`.`Phone4`, `p`.`Physician`, `p`.`Reffered_By`, `p`.`Relationship_Type`, `p`.`Special_Notes`, `p`.`Updated_At`, `p`.`Zip_O`, `p`.`Zip_Other`, `p`.`Zip_R`
FROM `Patients_Contact` AS `p`
WHERE `p`.`Patient_Id` = @__p_0
2023-10-04 11:34:55.680 +05:30  INF  Executed DbCommand (0ms) [Parameters=[@__p_0='?' (DbType = Int64)], CommandType='"Text"', CommandTimeout='30']
SELECT `p`.`Id`, `p`.`Created_At`, `p`.`Patient_Id`, `p`.`Report`, `p`.`Report_File`, `p`.`Scan_Name`, `p`.`Status`, `p`.`Type`, `p`.`Updated_At`
FROM `Patient_Scans` AS `p`
WHERE `p`.`Patient_Id` = @__p_0
2023-10-04 11:34:55.681 +05:30  INF  Executed DbCommand (1ms) [Parameters=[], CommandType='"Text"', CommandTimeout='30']
SELECT `p`.`Id`, `p`.`Amount_Type`, `p`.`Balance`, `p`.`Created_At`, `p`.`Credit_Amount`, `p`.`Debit_Amount`, `p`.`Description`, `p`.`Doctor_Id`, `p`.`Patient_Id`, `p`.`Payment_Mode`, `p`.`Updated_At`, `p`.`Workdone_Id`
FROM `Payment_History` AS `p`
2023-10-04 11:34:55.687 +05:30  INF  Executed DbCommand (1ms) [Parameters=[@__p_0='?' (DbType = Int64)], CommandType='"Text"', CommandTimeout='30']
SELECT `p`.`Id`, `p`.`Amount`, `p`.`Balance_Amount`, `p`.`Balance_Spent`, `p`.`Created_At`, `p`.`Name`, `p`.`Patients_Id`, `p`.`Type`, `p`.`Updated_At`
FROM `Patients_Insurance_Loan` AS `p`
WHERE `p`.`Patients_Id` = @__p_0
2023-10-04 11:34:55.689 +05:30  INF  Executed DbCommand (0ms) [Parameters=[@__p_0='?' (DbType = Int64)], CommandType='"Text"', CommandTimeout='30']
SELECT `p`.`Id`, `p`.`Created_At`, `p`.`Patient_Id`, `p`.`Report`, `p`.`Report_Date`, `p`.`Report_File`, `p`.`Status`, `p`.`Test_Name`, `p`.`Test_Price`, `p`.`Updated_At`
FROM `Patient_Tests` AS `p`
WHERE `p`.`Patient_Id` = @__p_0
2023-10-04 11:34:55.691 +05:30  INF  Executed DbCommand (1ms) [Parameters=[@__p_0='?' (DbType = Int64)], CommandType='"Text"', CommandTimeout='30']
SELECT `p`.`Id`, `p`.`Address_O`, `p`.`Address_Other`, `p`.`Address_R`, `p`.`City_O`, `p`.`City_Other`, `p`.`City_R`, `p`.`Country_O`, `p`.`Country_Other`, `p`.`Country_R`, `p`.`Created_At`, `p`.`Doctor_Name`, `p`.`Email`, `p`.`Email2`, `p`.`Medical_History_Allergies`, `p`.`Patient_Id`, `p`.`Phone`, `p`.`Phone1`, `p`.`Phone2`, `p`.`Phone3`, `p`.`Phone4`, `p`.`Physician`, `p`.`Reffered_By`, `p`.`Relationship_Type`, `p`.`Special_Notes`, `p`.`Updated_At`, `p`.`Zip_O`, `p`.`Zip_Other`, `p`.`Zip_R`
FROM `Patients_Contact` AS `p`
WHERE `p`.`Patient_Id` = @__p_0
2023-10-04 11:34:55.692 +05:30  INF  Executed DbCommand (0ms) [Parameters=[@__p_0='?' (DbType = Int64)], CommandType='"Text"', CommandTimeout='30']
SELECT `p`.`Id`, `p`.`Created_At`, `p`.`Patient_Id`, `p`.`Report`, `p`.`Report_File`, `p`.`Scan_Name`, `p`.`Status`, `p`.`Type`, `p`.`Updated_At`
FROM `Patient_Scans` AS `p`
WHERE `p`.`Patient_Id` = @__p_0
2023-10-04 11:34:55.693 +05:30  INF  Executed DbCommand (1ms) [Parameters=[], CommandType='"Text"', CommandTimeout='30']
SELECT `p`.`Id`, `p`.`Amount_Type`, `p`.`Balance`, `p`.`Created_At`, `p`.`Credit_Amount`, `p`.`Debit_Amount`, `p`.`Description`, `p`.`Doctor_Id`, `p`.`Patient_Id`, `p`.`Payment_Mode`, `p`.`Updated_At`, `p`.`Workdone_Id`
FROM `Payment_History` AS `p`
2023-10-04 11:34:55.698 +05:30  INF  Executed DbCommand (1ms) [Parameters=[@__p_0='?' (DbType = Int64)], CommandType='"Text"', CommandTimeout='30']
SELECT `p`.`Id`, `p`.`Amount`, `p`.`Balance_Amount`, `p`.`Balance_Spent`, `p`.`Created_At`, `p`.`Name`, `p`.`Patients_Id`, `p`.`Type`, `p`.`Updated_At`
FROM `Patients_Insurance_Loan` AS `p`
WHERE `p`.`Patients_Id` = @__p_0
2023-10-04 11:34:55.699 +05:30  INF  Executed DbCommand (1ms) [Parameters=[@__p_0='?' (DbType = Int64)], CommandType='"Text"', CommandTimeout='30']
SELECT `p`.`Id`, `p`.`Created_At`, `p`.`Patient_Id`, `p`.`Report`, `p`.`Report_Date`, `p`.`Report_File`, `p`.`Status`, `p`.`Test_Name`, `p`.`Test_Price`, `p`.`Updated_At`
FROM `Patient_Tests` AS `p`
WHERE `p`.`Patient_Id` = @__p_0
2023-10-04 11:34:55.702 +05:30  INF  Executed DbCommand (2ms) [Parameters=[@__p_0='?' (DbType = Int64)], CommandType='"Text"', CommandTimeout='30']
SELECT `p`.`Id`, `p`.`Address_O`, `p`.`Address_Other`, `p`.`Address_R`, `p`.`City_O`, `p`.`City_Other`, `p`.`City_R`, `p`.`Country_O`, `p`.`Country_Other`, `p`.`Country_R`, `p`.`Created_At`, `p`.`Doctor_Name`, `p`.`Email`, `p`.`Email2`, `p`.`Medical_History_Allergies`, `p`.`Patient_Id`, `p`.`Phone`, `p`.`Phone1`, `p`.`Phone2`, `p`.`Phone3`, `p`.`Phone4`, `p`.`Physician`, `p`.`Reffered_By`, `p`.`Relationship_Type`, `p`.`Special_Notes`, `p`.`Updated_At`, `p`.`Zip_O`, `p`.`Zip_Other`, `p`.`Zip_R`
FROM `Patients_Contact` AS `p`
WHERE `p`.`Patient_Id` = @__p_0
2023-10-04 11:34:55.704 +05:30  INF  Executed DbCommand (1ms) [Parameters=[@__p_0='?' (DbType = Int64)], CommandType='"Text"', CommandTimeout='30']
SELECT `p`.`Id`, `p`.`Created_At`, `p`.`Patient_Id`, `p`.`Report`, `p`.`Report_File`, `p`.`Scan_Name`, `p`.`Status`, `p`.`Type`, `p`.`Updated_At`
FROM `Patient_Scans` AS `p`
WHERE `p`.`Patient_Id` = @__p_0
2023-10-04 11:34:55.706 +05:30  INF  Executed DbCommand (1ms) [Parameters=[], CommandType='"Text"', CommandTimeout='30']
SELECT `p`.`Id`, `p`.`Amount_Type`, `p`.`Balance`, `p`.`Created_At`, `p`.`Credit_Amount`, `p`.`Debit_Amount`, `p`.`Description`, `p`.`Doctor_Id`, `p`.`Patient_Id`, `p`.`Payment_Mode`, `p`.`Updated_At`, `p`.`Workdone_Id`
FROM `Payment_History` AS `p`
2023-10-04 11:34:55.711 +05:30  INF  Executed DbCommand (1ms) [Parameters=[@__p_0='?' (DbType = Int64)], CommandType='"Text"', CommandTimeout='30']
SELECT `p`.`Id`, `p`.`Amount`, `p`.`Balance_Amount`, `p`.`Balance_Spent`, `p`.`Created_At`, `p`.`Name`, `p`.`Patients_Id`, `p`.`Type`, `p`.`Updated_At`
FROM `Patients_Insurance_Loan` AS `p`
WHERE `p`.`Patients_Id` = @__p_0
2023-10-04 11:34:55.713 +05:30  INF  Executed DbCommand (0ms) [Parameters=[@__p_0='?' (DbType = Int64)], CommandType='"Text"', CommandTimeout='30']
SELECT `p`.`Id`, `p`.`Created_At`, `p`.`Patient_Id`, `p`.`Report`, `p`.`Report_Date`, `p`.`Report_File`, `p`.`Status`, `p`.`Test_Name`, `p`.`Test_Price`, `p`.`Updated_At`
FROM `Patient_Tests` AS `p`
WHERE `p`.`Patient_Id` = @__p_0
2023-10-04 11:34:55.715 +05:30  INF  Executed DbCommand (2ms) [Parameters=[@__p_0='?' (DbType = Int64)], CommandType='"Text"', CommandTimeout='30']
SELECT `p`.`Id`, `p`.`Address_O`, `p`.`Address_Other`, `p`.`Address_R`, `p`.`City_O`, `p`.`City_Other`, `p`.`City_R`, `p`.`Country_O`, `p`.`Country_Other`, `p`.`Country_R`, `p`.`Created_At`, `p`.`Doctor_Name`, `p`.`Email`, `p`.`Email2`, `p`.`Medical_History_Allergies`, `p`.`Patient_Id`, `p`.`Phone`, `p`.`Phone1`, `p`.`Phone2`, `p`.`Phone3`, `p`.`Phone4`, `p`.`Physician`, `p`.`Reffered_By`, `p`.`Relationship_Type`, `p`.`Special_Notes`, `p`.`Updated_At`, `p`.`Zip_O`, `p`.`Zip_Other`, `p`.`Zip_R`
FROM `Patients_Contact` AS `p`
WHERE `p`.`Patient_Id` = @__p_0
2023-10-04 11:34:55.717 +05:30  INF  Executed DbCommand (0ms) [Parameters=[@__p_0='?' (DbType = Int64)], CommandType='"Text"', CommandTimeout='30']
SELECT `p`.`Id`, `p`.`Created_At`, `p`.`Patient_Id`, `p`.`Report`, `p`.`Report_File`, `p`.`Scan_Name`, `p`.`Status`, `p`.`Type`, `p`.`Updated_At`
FROM `Patient_Scans` AS `p`
WHERE `p`.`Patient_Id` = @__p_0
2023-10-04 11:34:55.718 +05:30  INF  Executed DbCommand (1ms) [Parameters=[], CommandType='"Text"', CommandTimeout='30']
SELECT `p`.`Id`, `p`.`Amount_Type`, `p`.`Balance`, `p`.`Created_At`, `p`.`Credit_Amount`, `p`.`Debit_Amount`, `p`.`Description`, `p`.`Doctor_Id`, `p`.`Patient_Id`, `p`.`Payment_Mode`, `p`.`Updated_At`, `p`.`Workdone_Id`
FROM `Payment_History` AS `p`
2023-10-04 11:34:55.723 +05:30  INF  Executed DbCommand (1ms) [Parameters=[@__p_0='?' (DbType = Int64)], CommandType='"Text"', CommandTimeout='30']
SELECT `p`.`Id`, `p`.`Amount`, `p`.`Balance_Amount`, `p`.`Balance_Spent`, `p`.`Created_At`, `p`.`Name`, `p`.`Patients_Id`, `p`.`Type`, `p`.`Updated_At`
FROM `Patients_Insurance_Loan` AS `p`
WHERE `p`.`Patients_Id` = @__p_0
2023-10-04 11:34:55.725 +05:30  INF  Executed DbCommand (0ms) [Parameters=[@__p_0='?' (DbType = Int64)], CommandType='"Text"', CommandTimeout='30']
SELECT `p`.`Id`, `p`.`Created_At`, `p`.`Patient_Id`, `p`.`Report`, `p`.`Report_Date`, `p`.`Report_File`, `p`.`Status`, `p`.`Test_Name`, `p`.`Test_Price`, `p`.`Updated_At`
FROM `Patient_Tests` AS `p`
WHERE `p`.`Patient_Id` = @__p_0
2023-10-04 11:34:55.727 +05:30  INF  Executed DbCommand (1ms) [Parameters=[@__p_0='?' (DbType = Int64)], CommandType='"Text"', CommandTimeout='30']
SELECT `p`.`Id`, `p`.`Address_O`, `p`.`Address_Other`, `p`.`Address_R`, `p`.`City_O`, `p`.`City_Other`, `p`.`City_R`, `p`.`Country_O`, `p`.`Country_Other`, `p`.`Country_R`, `p`.`Created_At`, `p`.`Doctor_Name`, `p`.`Email`, `p`.`Email2`, `p`.`Medical_History_Allergies`, `p`.`Patient_Id`, `p`.`Phone`, `p`.`Phone1`, `p`.`Phone2`, `p`.`Phone3`, `p`.`Phone4`, `p`.`Physician`, `p`.`Reffered_By`, `p`.`Relationship_Type`, `p`.`Special_Notes`, `p`.`Updated_At`, `p`.`Zip_O`, `p`.`Zip_Other`, `p`.`Zip_R`
FROM `Patients_Contact` AS `p`
WHERE `p`.`Patient_Id` = @__p_0
2023-10-04 11:34:55.728 +05:30  INF  Executed DbCommand (0ms) [Parameters=[@__p_0='?' (DbType = Int64)], CommandType='"Text"', CommandTimeout='30']
SELECT `p`.`Id`, `p`.`Created_At`, `p`.`Patient_Id`, `p`.`Report`, `p`.`Report_File`, `p`.`Scan_Name`, `p`.`Status`, `p`.`Type`, `p`.`Updated_At`
FROM `Patient_Scans` AS `p`
WHERE `p`.`Patient_Id` = @__p_0
2023-10-04 11:34:55.729 +05:30  INF  Executed DbCommand (1ms) [Parameters=[], CommandType='"Text"', CommandTimeout='30']
SELECT `p`.`Id`, `p`.`Amount_Type`, `p`.`Balance`, `p`.`Created_At`, `p`.`Credit_Amount`, `p`.`Debit_Amount`, `p`.`Description`, `p`.`Doctor_Id`, `p`.`Patient_Id`, `p`.`Payment_Mode`, `p`.`Updated_At`, `p`.`Workdone_Id`
FROM `Payment_History` AS `p`
2023-10-04 11:34:55.734 +05:30  INF  Executed DbCommand (1ms) [Parameters=[@__p_0='?' (DbType = Int64)], CommandType='"Text"', CommandTimeout='30']
SELECT `p`.`Id`, `p`.`Amount`, `p`.`Balance_Amount`, `p`.`Balance_Spent`, `p`.`Created_At`, `p`.`Name`, `p`.`Patients_Id`, `p`.`Type`, `p`.`Updated_At`
FROM `Patients_Insurance_Loan` AS `p`
WHERE `p`.`Patients_Id` = @__p_0
2023-10-04 11:34:55.736 +05:30  INF  Executed DbCommand (0ms) [Parameters=[@__p_0='?' (DbType = Int64)], CommandType='"Text"', CommandTimeout='30']
SELECT `p`.`Id`, `p`.`Created_At`, `p`.`Patient_Id`, `p`.`Report`, `p`.`Report_Date`, `p`.`Report_File`, `p`.`Status`, `p`.`Test_Name`, `p`.`Test_Price`, `p`.`Updated_At`
FROM `Patient_Tests` AS `p`
WHERE `p`.`Patient_Id` = @__p_0
2023-10-04 11:34:55.738 +05:30  INF  Executed DbCommand (1ms) [Parameters=[@__p_0='?' (DbType = Int64)], CommandType='"Text"', CommandTimeout='30']
SELECT `p`.`Id`, `p`.`Address_O`, `p`.`Address_Other`, `p`.`Address_R`, `p`.`City_O`, `p`.`City_Other`, `p`.`City_R`, `p`.`Country_O`, `p`.`Country_Other`, `p`.`Country_R`, `p`.`Created_At`, `p`.`Doctor_Name`, `p`.`Email`, `p`.`Email2`, `p`.`Medical_History_Allergies`, `p`.`Patient_Id`, `p`.`Phone`, `p`.`Phone1`, `p`.`Phone2`, `p`.`Phone3`, `p`.`Phone4`, `p`.`Physician`, `p`.`Reffered_By`, `p`.`Relationship_Type`, `p`.`Special_Notes`, `p`.`Updated_At`, `p`.`Zip_O`, `p`.`Zip_Other`, `p`.`Zip_R`
FROM `Patients_Contact` AS `p`
WHERE `p`.`Patient_Id` = @__p_0
2023-10-04 11:34:55.740 +05:30  INF  Executed DbCommand (1ms) [Parameters=[@__p_0='?' (DbType = Int64)], CommandType='"Text"', CommandTimeout='30']
SELECT `p`.`Id`, `p`.`Created_At`, `p`.`Patient_Id`, `p`.`Report`, `p`.`Report_File`, `p`.`Scan_Name`, `p`.`Status`, `p`.`Type`, `p`.`Updated_At`
FROM `Patient_Scans` AS `p`
WHERE `p`.`Patient_Id` = @__p_0
2023-10-04 11:34:55.741 +05:30  INF  Executed DbCommand (1ms) [Parameters=[], CommandType='"Text"', CommandTimeout='30']
SELECT `p`.`Id`, `p`.`Amount_Type`, `p`.`Balance`, `p`.`Created_At`, `p`.`Credit_Amount`, `p`.`Debit_Amount`, `p`.`Description`, `p`.`Doctor_Id`, `p`.`Patient_Id`, `p`.`Payment_Mode`, `p`.`Updated_At`, `p`.`Workdone_Id`
FROM `Payment_History` AS `p`
2023-10-04 11:34:55.746 +05:30  INF  Executed DbCommand (1ms) [Parameters=[@__p_0='?' (DbType = Int64)], CommandType='"Text"', CommandTimeout='30']
SELECT `p`.`Id`, `p`.`Amount`, `p`.`Balance_Amount`, `p`.`Balance_Spent`, `p`.`Created_At`, `p`.`Name`, `p`.`Patients_Id`, `p`.`Type`, `p`.`Updated_At`
FROM `Patients_Insurance_Loan` AS `p`
WHERE `p`.`Patients_Id` = @__p_0
2023-10-04 11:34:55.747 +05:30  INF  Executed DbCommand (0ms) [Parameters=[@__p_0='?' (DbType = Int64)], CommandType='"Text"', CommandTimeout='30']
SELECT `p`.`Id`, `p`.`Created_At`, `p`.`Patient_Id`, `p`.`Report`, `p`.`Report_Date`, `p`.`Report_File`, `p`.`Status`, `p`.`Test_Name`, `p`.`Test_Price`, `p`.`Updated_At`
FROM `Patient_Tests` AS `p`
WHERE `p`.`Patient_Id` = @__p_0
2023-10-04 11:34:55.749 +05:30  INF  Executed DbCommand (1ms) [Parameters=[@__p_0='?' (DbType = Int64)], CommandType='"Text"', CommandTimeout='30']
SELECT `p`.`Id`, `p`.`Address_O`, `p`.`Address_Other`, `p`.`Address_R`, `p`.`City_O`, `p`.`City_Other`, `p`.`City_R`, `p`.`Country_O`, `p`.`Country_Other`, `p`.`Country_R`, `p`.`Created_At`, `p`.`Doctor_Name`, `p`.`Email`, `p`.`Email2`, `p`.`Medical_History_Allergies`, `p`.`Patient_Id`, `p`.`Phone`, `p`.`Phone1`, `p`.`Phone2`, `p`.`Phone3`, `p`.`Phone4`, `p`.`Physician`, `p`.`Reffered_By`, `p`.`Relationship_Type`, `p`.`Special_Notes`, `p`.`Updated_At`, `p`.`Zip_O`, `p`.`Zip_Other`, `p`.`Zip_R`
FROM `Patients_Contact` AS `p`
WHERE `p`.`Patient_Id` = @__p_0
2023-10-04 11:34:55.750 +05:30  INF  Executed DbCommand (0ms) [Parameters=[@__p_0='?' (DbType = Int64)], CommandType='"Text"', CommandTimeout='30']
SELECT `p`.`Id`, `p`.`Created_At`, `p`.`Patient_Id`, `p`.`Report`, `p`.`Report_File`, `p`.`Scan_Name`, `p`.`Status`, `p`.`Type`, `p`.`Updated_At`
FROM `Patient_Scans` AS `p`
WHERE `p`.`Patient_Id` = @__p_0
2023-10-04 11:34:55.751 +05:30  INF  Executed DbCommand (1ms) [Parameters=[], CommandType='"Text"', CommandTimeout='30']
SELECT `p`.`Id`, `p`.`Amount_Type`, `p`.`Balance`, `p`.`Created_At`, `p`.`Credit_Amount`, `p`.`Debit_Amount`, `p`.`Description`, `p`.`Doctor_Id`, `p`.`Patient_Id`, `p`.`Payment_Mode`, `p`.`Updated_At`, `p`.`Workdone_Id`
FROM `Payment_History` AS `p`
2023-10-04 11:34:55.757 +05:30  INF  Executed DbCommand (1ms) [Parameters=[@__p_0='?' (DbType = Int64)], CommandType='"Text"', CommandTimeout='30']
SELECT `p`.`Id`, `p`.`Amount`, `p`.`Balance_Amount`, `p`.`Balance_Spent`, `p`.`Created_At`, `p`.`Name`, `p`.`Patients_Id`, `p`.`Type`, `p`.`Updated_At`
FROM `Patients_Insurance_Loan` AS `p`
WHERE `p`.`Patients_Id` = @__p_0
2023-10-04 11:34:55.759 +05:30  INF  Executed DbCommand (1ms) [Parameters=[@__p_0='?' (DbType = Int64)], CommandType='"Text"', CommandTimeout='30']
SELECT `p`.`Id`, `p`.`Created_At`, `p`.`Patient_Id`, `p`.`Report`, `p`.`Report_Date`, `p`.`Report_File`, `p`.`Status`, `p`.`Test_Name`, `p`.`Test_Price`, `p`.`Updated_At`
FROM `Patient_Tests` AS `p`
WHERE `p`.`Patient_Id` = @__p_0
2023-10-04 11:34:55.762 +05:30  INF  Executed DbCommand (1ms) [Parameters=[@__p_0='?' (DbType = Int64)], CommandType='"Text"', CommandTimeout='30']
SELECT `p`.`Id`, `p`.`Address_O`, `p`.`Address_Other`, `p`.`Address_R`, `p`.`City_O`, `p`.`City_Other`, `p`.`City_R`, `p`.`Country_O`, `p`.`Country_Other`, `p`.`Country_R`, `p`.`Created_At`, `p`.`Doctor_Name`, `p`.`Email`, `p`.`Email2`, `p`.`Medical_History_Allergies`, `p`.`Patient_Id`, `p`.`Phone`, `p`.`Phone1`, `p`.`Phone2`, `p`.`Phone3`, `p`.`Phone4`, `p`.`Physician`, `p`.`Reffered_By`, `p`.`Relationship_Type`, `p`.`Special_Notes`, `p`.`Updated_At`, `p`.`Zip_O`, `p`.`Zip_Other`, `p`.`Zip_R`
FROM `Patients_Contact` AS `p`
WHERE `p`.`Patient_Id` = @__p_0
2023-10-04 11:34:55.764 +05:30  INF  Executed DbCommand (0ms) [Parameters=[@__p_0='?' (DbType = Int64)], CommandType='"Text"', CommandTimeout='30']
SELECT `p`.`Id`, `p`.`Created_At`, `p`.`Patient_Id`, `p`.`Report`, `p`.`Report_File`, `p`.`Scan_Name`, `p`.`Status`, `p`.`Type`, `p`.`Updated_At`
FROM `Patient_Scans` AS `p`
WHERE `p`.`Patient_Id` = @__p_0
2023-10-04 11:34:55.765 +05:30  INF  Executed DbCommand (1ms) [Parameters=[], CommandType='"Text"', CommandTimeout='30']
SELECT `p`.`Id`, `p`.`Amount_Type`, `p`.`Balance`, `p`.`Created_At`, `p`.`Credit_Amount`, `p`.`Debit_Amount`, `p`.`Description`, `p`.`Doctor_Id`, `p`.`Patient_Id`, `p`.`Payment_Mode`, `p`.`Updated_At`, `p`.`Workdone_Id`
FROM `Payment_History` AS `p`
2023-10-04 11:34:55.770 +05:30  INF  Executed DbCommand (1ms) [Parameters=[@__p_0='?' (DbType = Int64)], CommandType='"Text"', CommandTimeout='30']
SELECT `p`.`Id`, `p`.`Amount`, `p`.`Balance_Amount`, `p`.`Balance_Spent`, `p`.`Created_At`, `p`.`Name`, `p`.`Patients_Id`, `p`.`Type`, `p`.`Updated_At`
FROM `Patients_Insurance_Loan` AS `p`
WHERE `p`.`Patients_Id` = @__p_0
2023-10-04 11:34:55.771 +05:30  INF  Executed DbCommand (0ms) [Parameters=[@__p_0='?' (DbType = Int64)], CommandType='"Text"', CommandTimeout='30']
SELECT `p`.`Id`, `p`.`Created_At`, `p`.`Patient_Id`, `p`.`Report`, `p`.`Report_Date`, `p`.`Report_File`, `p`.`Status`, `p`.`Test_Name`, `p`.`Test_Price`, `p`.`Updated_At`
FROM `Patient_Tests` AS `p`
WHERE `p`.`Patient_Id` = @__p_0
2023-10-04 11:34:55.774 +05:30  INF  Executed DbCommand (1ms) [Parameters=[@__p_0='?' (DbType = Int64)], CommandType='"Text"', CommandTimeout='30']
SELECT `p`.`Id`, `p`.`Address_O`, `p`.`Address_Other`, `p`.`Address_R`, `p`.`City_O`, `p`.`City_Other`, `p`.`City_R`, `p`.`Country_O`, `p`.`Country_Other`, `p`.`Country_R`, `p`.`Created_At`, `p`.`Doctor_Name`, `p`.`Email`, `p`.`Email2`, `p`.`Medical_History_Allergies`, `p`.`Patient_Id`, `p`.`Phone`, `p`.`Phone1`, `p`.`Phone2`, `p`.`Phone3`, `p`.`Phone4`, `p`.`Physician`, `p`.`Reffered_By`, `p`.`Relationship_Type`, `p`.`Special_Notes`, `p`.`Updated_At`, `p`.`Zip_O`, `p`.`Zip_Other`, `p`.`Zip_R`
FROM `Patients_Contact` AS `p`
WHERE `p`.`Patient_Id` = @__p_0
2023-10-04 11:34:55.775 +05:30  INF  Executed DbCommand (1ms) [Parameters=[@__p_0='?' (DbType = Int64)], CommandType='"Text"', CommandTimeout='30']
SELECT `p`.`Id`, `p`.`Created_At`, `p`.`Patient_Id`, `p`.`Report`, `p`.`Report_File`, `p`.`Scan_Name`, `p`.`Status`, `p`.`Type`, `p`.`Updated_At`
FROM `Patient_Scans` AS `p`
WHERE `p`.`Patient_Id` = @__p_0
2023-10-04 11:34:55.777 +05:30  INF  Executed DbCommand (1ms) [Parameters=[], CommandType='"Text"', CommandTimeout='30']
SELECT `p`.`Id`, `p`.`Amount_Type`, `p`.`Balance`, `p`.`Created_At`, `p`.`Credit_Amount`, `p`.`Debit_Amount`, `p`.`Description`, `p`.`Doctor_Id`, `p`.`Patient_Id`, `p`.`Payment_Mode`, `p`.`Updated_At`, `p`.`Workdone_Id`
FROM `Payment_History` AS `p`
2023-10-04 11:34:55.781 +05:30  INF  Executed DbCommand (1ms) [Parameters=[@__p_0='?' (DbType = Int64)], CommandType='"Text"', CommandTimeout='30']
SELECT `p`.`Id`, `p`.`Amount`, `p`.`Balance_Amount`, `p`.`Balance_Spent`, `p`.`Created_At`, `p`.`Name`, `p`.`Patients_Id`, `p`.`Type`, `p`.`Updated_At`
FROM `Patients_Insurance_Loan` AS `p`
WHERE `p`.`Patients_Id` = @__p_0
2023-10-04 11:34:55.783 +05:30  INF  Executed DbCommand (0ms) [Parameters=[@__p_0='?' (DbType = Int64)], CommandType='"Text"', CommandTimeout='30']
SELECT `p`.`Id`, `p`.`Created_At`, `p`.`Patient_Id`, `p`.`Report`, `p`.`Report_Date`, `p`.`Report_File`, `p`.`Status`, `p`.`Test_Name`, `p`.`Test_Price`, `p`.`Updated_At`
FROM `Patient_Tests` AS `p`
WHERE `p`.`Patient_Id` = @__p_0
2023-10-04 11:34:55.785 +05:30  INF  Executed DbCommand (2ms) [Parameters=[@__p_0='?' (DbType = Int64)], CommandType='"Text"', CommandTimeout='30']
SELECT `p`.`Id`, `p`.`Address_O`, `p`.`Address_Other`, `p`.`Address_R`, `p`.`City_O`, `p`.`City_Other`, `p`.`City_R`, `p`.`Country_O`, `p`.`Country_Other`, `p`.`Country_R`, `p`.`Created_At`, `p`.`Doctor_Name`, `p`.`Email`, `p`.`Email2`, `p`.`Medical_History_Allergies`, `p`.`Patient_Id`, `p`.`Phone`, `p`.`Phone1`, `p`.`Phone2`, `p`.`Phone3`, `p`.`Phone4`, `p`.`Physician`, `p`.`Reffered_By`, `p`.`Relationship_Type`, `p`.`Special_Notes`, `p`.`Updated_At`, `p`.`Zip_O`, `p`.`Zip_Other`, `p`.`Zip_R`
FROM `Patients_Contact` AS `p`
WHERE `p`.`Patient_Id` = @__p_0
2023-10-04 11:34:55.787 +05:30  INF  Executed DbCommand (0ms) [Parameters=[@__p_0='?' (DbType = Int64)], CommandType='"Text"', CommandTimeout='30']
SELECT `p`.`Id`, `p`.`Created_At`, `p`.`Patient_Id`, `p`.`Report`, `p`.`Report_File`, `p`.`Scan_Name`, `p`.`Status`, `p`.`Type`, `p`.`Updated_At`
FROM `Patient_Scans` AS `p`
WHERE `p`.`Patient_Id` = @__p_0
2023-10-04 11:34:55.788 +05:30  INF  Executed DbCommand (1ms) [Parameters=[], CommandType='"Text"', CommandTimeout='30']
SELECT `p`.`Id`, `p`.`Amount_Type`, `p`.`Balance`, `p`.`Created_At`, `p`.`Credit_Amount`, `p`.`Debit_Amount`, `p`.`Description`, `p`.`Doctor_Id`, `p`.`Patient_Id`, `p`.`Payment_Mode`, `p`.`Updated_At`, `p`.`Workdone_Id`
FROM `Payment_History` AS `p`
2023-10-04 11:34:55.794 +05:30  INF  Executed DbCommand (1ms) [Parameters=[@__p_0='?' (DbType = Int64)], CommandType='"Text"', CommandTimeout='30']
SELECT `p`.`Id`, `p`.`Amount`, `p`.`Balance_Amount`, `p`.`Balance_Spent`, `p`.`Created_At`, `p`.`Name`, `p`.`Patients_Id`, `p`.`Type`, `p`.`Updated_At`
FROM `Patients_Insurance_Loan` AS `p`
WHERE `p`.`Patients_Id` = @__p_0
2023-10-04 11:34:55.795 +05:30  INF  Executed DbCommand (0ms) [Parameters=[@__p_0='?' (DbType = Int64)], CommandType='"Text"', CommandTimeout='30']
SELECT `p`.`Id`, `p`.`Created_At`, `p`.`Patient_Id`, `p`.`Report`, `p`.`Report_Date`, `p`.`Report_File`, `p`.`Status`, `p`.`Test_Name`, `p`.`Test_Price`, `p`.`Updated_At`
FROM `Patient_Tests` AS `p`
WHERE `p`.`Patient_Id` = @__p_0
2023-10-04 11:34:55.797 +05:30  INF  Executed DbCommand (1ms) [Parameters=[@__p_0='?' (DbType = Int64)], CommandType='"Text"', CommandTimeout='30']
SELECT `p`.`Id`, `p`.`Address_O`, `p`.`Address_Other`, `p`.`Address_R`, `p`.`City_O`, `p`.`City_Other`, `p`.`City_R`, `p`.`Country_O`, `p`.`Country_Other`, `p`.`Country_R`, `p`.`Created_At`, `p`.`Doctor_Name`, `p`.`Email`, `p`.`Email2`, `p`.`Medical_History_Allergies`, `p`.`Patient_Id`, `p`.`Phone`, `p`.`Phone1`, `p`.`Phone2`, `p`.`Phone3`, `p`.`Phone4`, `p`.`Physician`, `p`.`Reffered_By`, `p`.`Relationship_Type`, `p`.`Special_Notes`, `p`.`Updated_At`, `p`.`Zip_O`, `p`.`Zip_Other`, `p`.`Zip_R`
FROM `Patients_Contact` AS `p`
WHERE `p`.`Patient_Id` = @__p_0
2023-10-04 11:34:55.798 +05:30  INF  Executed DbCommand (0ms) [Parameters=[@__p_0='?' (DbType = Int64)], CommandType='"Text"', CommandTimeout='30']
SELECT `p`.`Id`, `p`.`Created_At`, `p`.`Patient_Id`, `p`.`Report`, `p`.`Report_File`, `p`.`Scan_Name`, `p`.`Status`, `p`.`Type`, `p`.`Updated_At`
FROM `Patient_Scans` AS `p`
WHERE `p`.`Patient_Id` = @__p_0
2023-10-04 11:34:55.799 +05:30  INF  Executed DbCommand (1ms) [Parameters=[], CommandType='"Text"', CommandTimeout='30']
SELECT `p`.`Id`, `p`.`Amount_Type`, `p`.`Balance`, `p`.`Created_At`, `p`.`Credit_Amount`, `p`.`Debit_Amount`, `p`.`Description`, `p`.`Doctor_Id`, `p`.`Patient_Id`, `p`.`Payment_Mode`, `p`.`Updated_At`, `p`.`Workdone_Id`
FROM `Payment_History` AS `p`
2023-10-04 11:34:55.809 +05:30  INF  Executed DbCommand (1ms) [Parameters=[@__p_0='?' (DbType = Int64)], CommandType='"Text"', CommandTimeout='30']
SELECT `p`.`Id`, `p`.`Amount`, `p`.`Balance_Amount`, `p`.`Balance_Spent`, `p`.`Created_At`, `p`.`Name`, `p`.`Patients_Id`, `p`.`Type`, `p`.`Updated_At`
FROM `Patients_Insurance_Loan` AS `p`
WHERE `p`.`Patients_Id` = @__p_0
2023-10-04 11:34:55.810 +05:30  INF  Executed DbCommand (0ms) [Parameters=[@__p_0='?' (DbType = Int64)], CommandType='"Text"', CommandTimeout='30']
SELECT `p`.`Id`, `p`.`Created_At`, `p`.`Patient_Id`, `p`.`Report`, `p`.`Report_Date`, `p`.`Report_File`, `p`.`Status`, `p`.`Test_Name`, `p`.`Test_Price`, `p`.`Updated_At`
FROM `Patient_Tests` AS `p`
WHERE `p`.`Patient_Id` = @__p_0
2023-10-04 11:34:55.812 +05:30  INF  Executed DbCommand (1ms) [Parameters=[@__p_0='?' (DbType = Int64)], CommandType='"Text"', CommandTimeout='30']
SELECT `p`.`Id`, `p`.`Address_O`, `p`.`Address_Other`, `p`.`Address_R`, `p`.`City_O`, `p`.`City_Other`, `p`.`City_R`, `p`.`Country_O`, `p`.`Country_Other`, `p`.`Country_R`, `p`.`Created_At`, `p`.`Doctor_Name`, `p`.`Email`, `p`.`Email2`, `p`.`Medical_History_Allergies`, `p`.`Patient_Id`, `p`.`Phone`, `p`.`Phone1`, `p`.`Phone2`, `p`.`Phone3`, `p`.`Phone4`, `p`.`Physician`, `p`.`Reffered_By`, `p`.`Relationship_Type`, `p`.`Special_Notes`, `p`.`Updated_At`, `p`.`Zip_O`, `p`.`Zip_Other`, `p`.`Zip_R`
FROM `Patients_Contact` AS `p`
WHERE `p`.`Patient_Id` = @__p_0
2023-10-04 11:34:55.813 +05:30  INF  Executed DbCommand (0ms) [Parameters=[@__p_0='?' (DbType = Int64)], CommandType='"Text"', CommandTimeout='30']
SELECT `p`.`Id`, `p`.`Created_At`, `p`.`Patient_Id`, `p`.`Report`, `p`.`Report_File`, `p`.`Scan_Name`, `p`.`Status`, `p`.`Type`, `p`.`Updated_At`
FROM `Patient_Scans` AS `p`
WHERE `p`.`Patient_Id` = @__p_0
2023-10-04 11:34:55.814 +05:30  INF  Executed DbCommand (1ms) [Parameters=[], CommandType='"Text"', CommandTimeout='30']
SELECT `p`.`Id`, `p`.`Amount_Type`, `p`.`Balance`, `p`.`Created_At`, `p`.`Credit_Amount`, `p`.`Debit_Amount`, `p`.`Description`, `p`.`Doctor_Id`, `p`.`Patient_Id`, `p`.`Payment_Mode`, `p`.`Updated_At`, `p`.`Workdone_Id`
FROM `Payment_History` AS `p`
2023-10-04 11:34:55.820 +05:30  INF  Executed DbCommand (1ms) [Parameters=[@__p_0='?' (DbType = Int64)], CommandType='"Text"', CommandTimeout='30']
SELECT `p`.`Id`, `p`.`Amount`, `p`.`Balance_Amount`, `p`.`Balance_Spent`, `p`.`Created_At`, `p`.`Name`, `p`.`Patients_Id`, `p`.`Type`, `p`.`Updated_At`
FROM `Patients_Insurance_Loan` AS `p`
WHERE `p`.`Patients_Id` = @__p_0
2023-10-04 11:34:55.821 +05:30  INF  Executed DbCommand (1ms) [Parameters=[@__p_0='?' (DbType = Int64)], CommandType='"Text"', CommandTimeout='30']
SELECT `p`.`Id`, `p`.`Created_At`, `p`.`Patient_Id`, `p`.`Report`, `p`.`Report_Date`, `p`.`Report_File`, `p`.`Status`, `p`.`Test_Name`, `p`.`Test_Price`, `p`.`Updated_At`
FROM `Patient_Tests` AS `p`
WHERE `p`.`Patient_Id` = @__p_0
2023-10-04 11:34:55.824 +05:30  INF  Executed DbCommand (1ms) [Parameters=[@__p_0='?' (DbType = Int64)], CommandType='"Text"', CommandTimeout='30']
SELECT `p`.`Id`, `p`.`Address_O`, `p`.`Address_Other`, `p`.`Address_R`, `p`.`City_O`, `p`.`City_Other`, `p`.`City_R`, `p`.`Country_O`, `p`.`Country_Other`, `p`.`Country_R`, `p`.`Created_At`, `p`.`Doctor_Name`, `p`.`Email`, `p`.`Email2`, `p`.`Medical_History_Allergies`, `p`.`Patient_Id`, `p`.`Phone`, `p`.`Phone1`, `p`.`Phone2`, `p`.`Phone3`, `p`.`Phone4`, `p`.`Physician`, `p`.`Reffered_By`, `p`.`Relationship_Type`, `p`.`Special_Notes`, `p`.`Updated_At`, `p`.`Zip_O`, `p`.`Zip_Other`, `p`.`Zip_R`
FROM `Patients_Contact` AS `p`
WHERE `p`.`Patient_Id` = @__p_0
2023-10-04 11:34:55.825 +05:30  INF  Executed DbCommand (0ms) [Parameters=[@__p_0='?' (DbType = Int64)], CommandType='"Text"', CommandTimeout='30']
SELECT `p`.`Id`, `p`.`Created_At`, `p`.`Patient_Id`, `p`.`Report`, `p`.`Report_File`, `p`.`Scan_Name`, `p`.`Status`, `p`.`Type`, `p`.`Updated_At`
FROM `Patient_Scans` AS `p`
WHERE `p`.`Patient_Id` = @__p_0
2023-10-04 11:34:55.826 +05:30  INF  Executed DbCommand (1ms) [Parameters=[], CommandType='"Text"', CommandTimeout='30']
SELECT `p`.`Id`, `p`.`Amount_Type`, `p`.`Balance`, `p`.`Created_At`, `p`.`Credit_Amount`, `p`.`Debit_Amount`, `p`.`Description`, `p`.`Doctor_Id`, `p`.`Patient_Id`, `p`.`Payment_Mode`, `p`.`Updated_At`, `p`.`Workdone_Id`
FROM `Payment_History` AS `p`
2023-10-04 11:34:55.832 +05:30  INF  Executed DbCommand (1ms) [Parameters=[@__p_0='?' (DbType = Int64)], CommandType='"Text"', CommandTimeout='30']
SELECT `p`.`Id`, `p`.`Amount`, `p`.`Balance_Amount`, `p`.`Balance_Spent`, `p`.`Created_At`, `p`.`Name`, `p`.`Patients_Id`, `p`.`Type`, `p`.`Updated_At`
FROM `Patients_Insurance_Loan` AS `p`
WHERE `p`.`Patients_Id` = @__p_0
2023-10-04 11:34:55.833 +05:30  INF  Executed DbCommand (0ms) [Parameters=[@__p_0='?' (DbType = Int64)], CommandType='"Text"', CommandTimeout='30']
SELECT `p`.`Id`, `p`.`Created_At`, `p`.`Patient_Id`, `p`.`Report`, `p`.`Report_Date`, `p`.`Report_File`, `p`.`Status`, `p`.`Test_Name`, `p`.`Test_Price`, `p`.`Updated_At`
FROM `Patient_Tests` AS `p`
WHERE `p`.`Patient_Id` = @__p_0
2023-10-04 11:34:55.835 +05:30  INF  Executed DbCommand (1ms) [Parameters=[@__p_0='?' (DbType = Int64)], CommandType='"Text"', CommandTimeout='30']
SELECT `p`.`Id`, `p`.`Address_O`, `p`.`Address_Other`, `p`.`Address_R`, `p`.`City_O`, `p`.`City_Other`, `p`.`City_R`, `p`.`Country_O`, `p`.`Country_Other`, `p`.`Country_R`, `p`.`Created_At`, `p`.`Doctor_Name`, `p`.`Email`, `p`.`Email2`, `p`.`Medical_History_Allergies`, `p`.`Patient_Id`, `p`.`Phone`, `p`.`Phone1`, `p`.`Phone2`, `p`.`Phone3`, `p`.`Phone4`, `p`.`Physician`, `p`.`Reffered_By`, `p`.`Relationship_Type`, `p`.`Special_Notes`, `p`.`Updated_At`, `p`.`Zip_O`, `p`.`Zip_Other`, `p`.`Zip_R`
FROM `Patients_Contact` AS `p`
WHERE `p`.`Patient_Id` = @__p_0
2023-10-04 11:34:55.836 +05:30  INF  Executed DbCommand (0ms) [Parameters=[@__p_0='?' (DbType = Int64)], CommandType='"Text"', CommandTimeout='30']
SELECT `p`.`Id`, `p`.`Created_At`, `p`.`Patient_Id`, `p`.`Report`, `p`.`Report_File`, `p`.`Scan_Name`, `p`.`Status`, `p`.`Type`, `p`.`Updated_At`
FROM `Patient_Scans` AS `p`
WHERE `p`.`Patient_Id` = @__p_0
2023-10-04 11:34:55.837 +05:30  INF  Executed DbCommand (1ms) [Parameters=[], CommandType='"Text"', CommandTimeout='30']
SELECT `p`.`Id`, `p`.`Amount_Type`, `p`.`Balance`, `p`.`Created_At`, `p`.`Credit_Amount`, `p`.`Debit_Amount`, `p`.`Description`, `p`.`Doctor_Id`, `p`.`Patient_Id`, `p`.`Payment_Mode`, `p`.`Updated_At`, `p`.`Workdone_Id`
FROM `Payment_History` AS `p`
2023-10-04 11:34:55.843 +05:30  INF  Executed DbCommand (1ms) [Parameters=[@__p_0='?' (DbType = Int64)], CommandType='"Text"', CommandTimeout='30']
SELECT `p`.`Id`, `p`.`Amount`, `p`.`Balance_Amount`, `p`.`Balance_Spent`, `p`.`Created_At`, `p`.`Name`, `p`.`Patients_Id`, `p`.`Type`, `p`.`Updated_At`
FROM `Patients_Insurance_Loan` AS `p`
WHERE `p`.`Patients_Id` = @__p_0
2023-10-04 11:34:55.844 +05:30  INF  Executed DbCommand (0ms) [Parameters=[@__p_0='?' (DbType = Int64)], CommandType='"Text"', CommandTimeout='30']
SELECT `p`.`Id`, `p`.`Created_At`, `p`.`Patient_Id`, `p`.`Report`, `p`.`Report_Date`, `p`.`Report_File`, `p`.`Status`, `p`.`Test_Name`, `p`.`Test_Price`, `p`.`Updated_At`
FROM `Patient_Tests` AS `p`
WHERE `p`.`Patient_Id` = @__p_0
2023-10-04 11:34:55.846 +05:30  INF  Executed DbCommand (1ms) [Parameters=[@__p_0='?' (DbType = Int64)], CommandType='"Text"', CommandTimeout='30']
SELECT `p`.`Id`, `p`.`Address_O`, `p`.`Address_Other`, `p`.`Address_R`, `p`.`City_O`, `p`.`City_Other`, `p`.`City_R`, `p`.`Country_O`, `p`.`Country_Other`, `p`.`Country_R`, `p`.`Created_At`, `p`.`Doctor_Name`, `p`.`Email`, `p`.`Email2`, `p`.`Medical_History_Allergies`, `p`.`Patient_Id`, `p`.`Phone`, `p`.`Phone1`, `p`.`Phone2`, `p`.`Phone3`, `p`.`Phone4`, `p`.`Physician`, `p`.`Reffered_By`, `p`.`Relationship_Type`, `p`.`Special_Notes`, `p`.`Updated_At`, `p`.`Zip_O`, `p`.`Zip_Other`, `p`.`Zip_R`
FROM `Patients_Contact` AS `p`
WHERE `p`.`Patient_Id` = @__p_0
2023-10-04 11:34:55.848 +05:30  INF  Executed DbCommand (1ms) [Parameters=[@__p_0='?' (DbType = Int64)], CommandType='"Text"', CommandTimeout='30']
SELECT `p`.`Id`, `p`.`Created_At`, `p`.`Patient_Id`, `p`.`Report`, `p`.`Report_File`, `p`.`Scan_Name`, `p`.`Status`, `p`.`Type`, `p`.`Updated_At`
FROM `Patient_Scans` AS `p`
WHERE `p`.`Patient_Id` = @__p_0
2023-10-04 11:34:55.849 +05:30  INF  Executed DbCommand (1ms) [Parameters=[], CommandType='"Text"', CommandTimeout='30']
SELECT `p`.`Id`, `p`.`Amount_Type`, `p`.`Balance`, `p`.`Created_At`, `p`.`Credit_Amount`, `p`.`Debit_Amount`, `p`.`Description`, `p`.`Doctor_Id`, `p`.`Patient_Id`, `p`.`Payment_Mode`, `p`.`Updated_At`, `p`.`Workdone_Id`
FROM `Payment_History` AS `p`
2023-10-04 11:34:55.854 +05:30  INF  Executed DbCommand (1ms) [Parameters=[@__p_0='?' (DbType = Int64)], CommandType='"Text"', CommandTimeout='30']
SELECT `p`.`Id`, `p`.`Amount`, `p`.`Balance_Amount`, `p`.`Balance_Spent`, `p`.`Created_At`, `p`.`Name`, `p`.`Patients_Id`, `p`.`Type`, `p`.`Updated_At`
FROM `Patients_Insurance_Loan` AS `p`
WHERE `p`.`Patients_Id` = @__p_0
2023-10-04 11:34:55.856 +05:30  INF  Executed DbCommand (1ms) [Parameters=[@__p_0='?' (DbType = Int64)], CommandType='"Text"', CommandTimeout='30']
SELECT `p`.`Id`, `p`.`Created_At`, `p`.`Patient_Id`, `p`.`Report`, `p`.`Report_Date`, `p`.`Report_File`, `p`.`Status`, `p`.`Test_Name`, `p`.`Test_Price`, `p`.`Updated_At`
FROM `Patient_Tests` AS `p`
WHERE `p`.`Patient_Id` = @__p_0
2023-10-04 11:34:55.858 +05:30  INF  Executed DbCommand (1ms) [Parameters=[@__p_0='?' (DbType = Int64)], CommandType='"Text"', CommandTimeout='30']
SELECT `p`.`Id`, `p`.`Address_O`, `p`.`Address_Other`, `p`.`Address_R`, `p`.`City_O`, `p`.`City_Other`, `p`.`City_R`, `p`.`Country_O`, `p`.`Country_Other`, `p`.`Country_R`, `p`.`Created_At`, `p`.`Doctor_Name`, `p`.`Email`, `p`.`Email2`, `p`.`Medical_History_Allergies`, `p`.`Patient_Id`, `p`.`Phone`, `p`.`Phone1`, `p`.`Phone2`, `p`.`Phone3`, `p`.`Phone4`, `p`.`Physician`, `p`.`Reffered_By`, `p`.`Relationship_Type`, `p`.`Special_Notes`, `p`.`Updated_At`, `p`.`Zip_O`, `p`.`Zip_Other`, `p`.`Zip_R`
FROM `Patients_Contact` AS `p`
WHERE `p`.`Patient_Id` = @__p_0
2023-10-04 11:34:55.860 +05:30  INF  Executed DbCommand (0ms) [Parameters=[@__p_0='?' (DbType = Int64)], CommandType='"Text"', CommandTimeout='30']
SELECT `p`.`Id`, `p`.`Created_At`, `p`.`Patient_Id`, `p`.`Report`, `p`.`Report_File`, `p`.`Scan_Name`, `p`.`Status`, `p`.`Type`, `p`.`Updated_At`
FROM `Patient_Scans` AS `p`
WHERE `p`.`Patient_Id` = @__p_0
2023-10-04 11:34:55.860 +05:30  INF  Executing ObjectResult, writing value of type 'System.Collections.Generic.List`1[[DCRM.Common.Dto.PatientseDto, DCRM.Common, Version=1.0.0.0, Culture=neutral, PublicKeyToken=null]]'.
2023-10-04 11:34:55.861 +05:30  INF  Executed action DCRM.Api.Controllers.PatientController.GetAll (DCRM.Api) in 996.0189ms
2023-10-04 11:34:55.861 +05:30  INF  Executed endpoint 'DCRM.Api.Controllers.PatientController.GetAll (DCRM.Api)'
2023-10-04 11:34:55.861 +05:30  INF  Request finished HTTP/2 GET https://localhost:7069/api/Patient/GetAll - - - 200 - application/json;+charset=utf-8 1020.2251ms
2023-10-04 11:48:28.021 +05:30  INF  User profile is available. Using 'C:\Users\DELL\AppData\Local\ASP.NET\DataProtection-Keys' as key repository and Windows DPAPI to encrypt keys at rest.
2023-10-04 11:48:28.311 +05:30  INF  Now listening on: https://localhost:7069
2023-10-04 11:48:28.311 +05:30  INF  Now listening on: http://localhost:5069
2023-10-04 11:48:28.315 +05:30  INF  Application started. Press Ctrl+C to shut down.
2023-10-04 11:48:28.316 +05:30  INF  Hosting environment: Development
2023-10-04 11:48:28.316 +05:30  INF  Content root path: D:\Projects\GitHubProjects\virmani_dotnet\DCRM.Api\
2023-10-04 11:48:28.904 +05:30  INF  Request starting HTTP/2 GET https://localhost:7069/swagger - -
2023-10-04 11:48:29.034 +05:30  INF  Request finished HTTP/2 GET https://localhost:7069/swagger - - - 301 0 - 134.3384ms
2023-10-04 11:48:29.035 +05:30  INF  Request starting HTTP/2 GET https://localhost:7069/swagger/index.html - -
2023-10-04 11:48:29.381 +05:30  INF  Request finished HTTP/2 GET https://localhost:7069/swagger/index.html - - - 200 - text/html;charset=utf-8 345.7969ms
2023-10-04 11:48:29.384 +05:30  INF  Request starting HTTP/2 GET https://localhost:7069/swagger/swagger-ui-bundle.js - -
2023-10-04 11:48:29.384 +05:30  INF  Request starting HTTP/2 GET https://localhost:7069/_vs/browserLink - -
2023-10-04 11:48:29.384 +05:30  INF  Request starting HTTP/2 GET https://localhost:7069/_framework/aspnetcore-browser-refresh.js - -
2023-10-04 11:48:29.385 +05:30  INF  Request starting HTTP/2 GET https://localhost:7069/swagger/swagger-ui-standalone-preset.js - -
2023-10-04 11:48:29.385 +05:30  INF  Request starting HTTP/2 GET https://localhost:7069/swagger/swagger-ui.css - -
2023-10-04 11:48:29.396 +05:30  INF  Request finished HTTP/2 GET https://localhost:7069/_framework/aspnetcore-browser-refresh.js - - - 200 12348 application/javascript;+charset=utf-8 11.6308ms
2023-10-04 11:48:29.417 +05:30  INF  Sending file. Request path: '/swagger-ui.css'. Physical path: 'N/A'
2023-10-04 11:48:29.418 +05:30  INF  Request finished HTTP/2 GET https://localhost:7069/swagger/swagger-ui.css - - - 200 143632 text/css 33.3090ms
2023-10-04 11:48:29.437 +05:30  INF  Sending file. Request path: '/swagger-ui-standalone-preset.js'. Physical path: 'N/A'
2023-10-04 11:48:29.437 +05:30  INF  Sending file. Request path: '/swagger-ui-bundle.js'. Physical path: 'N/A'
2023-10-04 11:48:29.437 +05:30  INF  Request finished HTTP/2 GET https://localhost:7069/swagger/swagger-ui-bundle.js - - - 200 1092889 application/javascript 53.1281ms
2023-10-04 11:48:29.437 +05:30  INF  Request finished HTTP/2 GET https://localhost:7069/swagger/swagger-ui-standalone-preset.js - - - 200 337162 application/javascript 52.3206ms
2023-10-04 11:48:29.437 +05:30  INF  Request finished HTTP/2 GET https://localhost:7069/_vs/browserLink - - - 200 - text/javascript;+charset=UTF-8 52.8201ms
2023-10-04 11:48:29.595 +05:30  INF  Request starting HTTP/2 GET https://localhost:7069/swagger/v1/swagger.json - -
2023-10-04 11:48:29.782 +05:30  INF  Request finished HTTP/2 GET https://localhost:7069/swagger/v1/swagger.json - - - 200 - application/json;charset=utf-8 187.8743ms
2023-10-04 11:58:48.580 +05:30  INF  Request starting HTTP/2 POST https://localhost:7069/api/Authenticate/user application/json 47
2023-10-04 11:58:48.589 +05:30  INF  CORS policy execution successful.
2023-10-04 11:58:49.884 +05:30  INF  Executing endpoint 'DCRM.Api.Controllers.AuthenticateController.Post (DCRM.Api)'
2023-10-04 11:58:49.925 +05:30  INF  Route matched with {action = "Post", controller = "Authenticate"}. Executing controller action with signature Microsoft.AspNetCore.Mvc.IActionResult Post(System.String, DCRM.Common.AuthenticateRequest) on controller DCRM.Api.Controllers.AuthenticateController (DCRM.Api).
2023-10-04 11:58:51.237 +05:30  INF  Executed DbCommand (30ms) [Parameters=[@__authenticateRequest_Email_0='?' (Size = 4000), @__authenticateRequest_Password_1='?' (Size = 4000)], CommandType='"Text"', CommandTimeout='30']
SELECT `u`.`Id`, `u`.`About_Me`, `u`.`Account_Type`, `u`.`Address`, `u`.`Available_Days`, `u`.`Bn_Name`, `u`.`City`, `u`.`Country`, `u`.`Created_At`, `u`.`Currency`, `u`.`Degree`, `u`.`Email`, `u`.`Email_Verified`, `u`.`Enable_Appointment`, `u`.`Enable_Rating`, `u`.`Exp_Years`, `u`.`Facebook`, `u`.`Google_Analytics`, `u`.`Image`, `u`.`Instagram`, `u`.`Linkedin`, `u`.`Name`, `u`.`Parent_Id`, `u`.`Password`, `u`.`Paypal_Email`, `u`.`Paypal_Mode`, `u`.`Paypal_Payment`, `u`.`Paystack_Payment`, `u`.`Paystack_Public_Key`, `u`.`Paystack_Secret_Key`, `u`.`Phone`, `u`.`Publish_Key`, `u`.`Qr_Code`, `u`.`Razorpay_Key_Id`, `u`.`Razorpay_Key_Secret`, `u`.`Razorpay_Payment`, `u`.`Role`, `u`.`Secret_Key`, `u`.`Skype`, `u`.`Slug`, `u`.`Specialist`, `u`.`Status`, `u`.`Stripe_Payment`, `u`.`Thumb`, `u`.`Trial_Expire`, `u`.`Twitter`, `u`.`User_Name`, `u`.`User_Type`, `u`.`Verify_Code`, `u`.`Whatsapp`
FROM `Users` AS `u`
WHERE ((`u`.`Status` = 1) AND (`u`.`Email` = @__authenticateRequest_Email_0)) AND (`u`.`Password` = @__authenticateRequest_Password_1)
LIMIT 2
2023-10-04 11:58:57.758 +05:30  INF  Executed action DCRM.Api.Controllers.AuthenticateController.Post (DCRM.Api) in 7826.1588ms
2023-10-04 11:58:57.761 +05:30  INF  Executed endpoint 'DCRM.Api.Controllers.AuthenticateController.Post (DCRM.Api)'
2023-10-04 11:58:57.848 +05:30  INF  Request finished HTTP/2 POST https://localhost:7069/api/Authenticate/user application/json 47 - 400 - application/json 9267.6789ms
2023-10-04 11:59:15.303 +05:30  INF  Request starting HTTP/2 POST https://localhost:7069/api/Authenticate/user application/json 57
2023-10-04 11:59:15.322 +05:30  INF  CORS policy execution successful.
2023-10-04 11:59:15.377 +05:30  INF  Executing endpoint 'DCRM.Api.Controllers.AuthenticateController.Post (DCRM.Api)'
2023-10-04 11:59:15.385 +05:30  INF  Route matched with {action = "Post", controller = "Authenticate"}. Executing controller action with signature Microsoft.AspNetCore.Mvc.IActionResult Post(System.String, DCRM.Common.AuthenticateRequest) on controller DCRM.Api.Controllers.AuthenticateController (DCRM.Api).
2023-10-04 11:59:15.395 +05:30  INF  Executed DbCommand (1ms) [Parameters=[@__authenticateRequest_Email_0='?' (Size = 4000), @__authenticateRequest_Password_1='?' (Size = 4000)], CommandType='"Text"', CommandTimeout='30']
SELECT `u`.`Id`, `u`.`About_Me`, `u`.`Account_Type`, `u`.`Address`, `u`.`Available_Days`, `u`.`Bn_Name`, `u`.`City`, `u`.`Country`, `u`.`Created_At`, `u`.`Currency`, `u`.`Degree`, `u`.`Email`, `u`.`Email_Verified`, `u`.`Enable_Appointment`, `u`.`Enable_Rating`, `u`.`Exp_Years`, `u`.`Facebook`, `u`.`Google_Analytics`, `u`.`Image`, `u`.`Instagram`, `u`.`Linkedin`, `u`.`Name`, `u`.`Parent_Id`, `u`.`Password`, `u`.`Paypal_Email`, `u`.`Paypal_Mode`, `u`.`Paypal_Payment`, `u`.`Paystack_Payment`, `u`.`Paystack_Public_Key`, `u`.`Paystack_Secret_Key`, `u`.`Phone`, `u`.`Publish_Key`, `u`.`Qr_Code`, `u`.`Razorpay_Key_Id`, `u`.`Razorpay_Key_Secret`, `u`.`Razorpay_Payment`, `u`.`Role`, `u`.`Secret_Key`, `u`.`Skype`, `u`.`Slug`, `u`.`Specialist`, `u`.`Status`, `u`.`Stripe_Payment`, `u`.`Thumb`, `u`.`Trial_Expire`, `u`.`Twitter`, `u`.`User_Name`, `u`.`User_Type`, `u`.`Verify_Code`, `u`.`Whatsapp`
FROM `Users` AS `u`
WHERE ((`u`.`Status` = 1) AND (`u`.`Email` = @__authenticateRequest_Email_0)) AND (`u`.`Password` = @__authenticateRequest_Password_1)
LIMIT 2
2023-10-04 11:59:15.763 +05:30  INF  Executing OkObjectResult, writing value of type 'DCRM.Common.AuthenticateResponse'.
2023-10-04 11:59:15.776 +05:30  INF  Executed action DCRM.Api.Controllers.AuthenticateController.Post (DCRM.Api) in 391.5698ms
2023-10-04 11:59:15.776 +05:30  INF  Executed endpoint 'DCRM.Api.Controllers.AuthenticateController.Post (DCRM.Api)'
2023-10-04 11:59:15.777 +05:30  INF  Request finished HTTP/2 POST https://localhost:7069/api/Authenticate/user application/json 57 - 200 - application/json;+charset=utf-8 473.2913ms
2023-10-04 12:05:06.016 +05:30  INF  Request starting HTTP/2 POST https://localhost:7069/api/Treatmentplan/Create application/json 1199
2023-10-04 12:05:06.027 +05:30  INF  CORS policy execution successful.
2023-10-04 12:05:06.342 +05:30  INF  Executed DbCommand (11ms) [Parameters=[@__id_0='?' (DbType = Int32)], CommandType='"Text"', CommandTimeout='30']
SELECT `u`.`Id`, `u`.`About_Me`, `u`.`Account_Type`, `u`.`Address`, `u`.`Available_Days`, `u`.`Bn_Name`, `u`.`City`, `u`.`Country`, `u`.`Created_At`, `u`.`Currency`, `u`.`Degree`, `u`.`Email`, `u`.`Email_Verified`, `u`.`Enable_Appointment`, `u`.`Enable_Rating`, `u`.`Exp_Years`, `u`.`Facebook`, `u`.`Google_Analytics`, `u`.`Image`, `u`.`Instagram`, `u`.`Linkedin`, `u`.`Name`, `u`.`Parent_Id`, `u`.`Password`, `u`.`Paypal_Email`, `u`.`Paypal_Mode`, `u`.`Paypal_Payment`, `u`.`Paystack_Payment`, `u`.`Paystack_Public_Key`, `u`.`Paystack_Secret_Key`, `u`.`Phone`, `u`.`Publish_Key`, `u`.`Qr_Code`, `u`.`Razorpay_Key_Id`, `u`.`Razorpay_Key_Secret`, `u`.`Razorpay_Payment`, `u`.`Role`, `u`.`Secret_Key`, `u`.`Skype`, `u`.`Slug`, `u`.`Specialist`, `u`.`Status`, `u`.`Stripe_Payment`, `u`.`Thumb`, `u`.`Trial_Expire`, `u`.`Twitter`, `u`.`User_Name`, `u`.`User_Type`, `u`.`Verify_Code`, `u`.`Whatsapp`
FROM `Users` AS `u`
WHERE `u`.`Id` = @__id_0
LIMIT 1
2023-10-04 12:05:06.360 +05:30  INF  Executing endpoint 'DCRM.Api.Controllers.TreatmentplanController.Create (DCRM.Api)'
2023-10-04 12:05:06.361 +05:30  INF  Route matched with {action = "Create", controller = "Treatmentplan"}. Executing controller action with signature Microsoft.AspNetCore.Mvc.IActionResult Create(DCRM.Common.RequestModel.TreatmentplanRequest) on controller DCRM.Api.Controllers.TreatmentplanController (DCRM.Api).
2023-10-04 12:05:51.718 +05:30  INF  Executing StatusCodeResult, setting HTTP status code 200
2023-10-04 12:05:51.718 +05:30  INF  Executed action DCRM.Api.Controllers.TreatmentplanController.Create (DCRM.Api) in 45357.1441ms
2023-10-04 12:05:51.718 +05:30  INF  Executed endpoint 'DCRM.Api.Controllers.TreatmentplanController.Create (DCRM.Api)'
2023-10-04 12:05:51.719 +05:30  INF  Request finished HTTP/2 POST https://localhost:7069/api/Treatmentplan/Create application/json 1199 - 200 0 - 45704.0373ms
2023-10-04 12:05:56.630 +05:30  INF  Request starting HTTP/2 POST https://localhost:7069/api/Treatmentplan/Create application/json 1200
2023-10-04 12:05:56.632 +05:30  INF  CORS policy execution successful.
2023-10-04 12:05:56.658 +05:30  INF  Executed DbCommand (2ms) [Parameters=[@__id_0='?' (DbType = Int32)], CommandType='"Text"', CommandTimeout='30']
SELECT `u`.`Id`, `u`.`About_Me`, `u`.`Account_Type`, `u`.`Address`, `u`.`Available_Days`, `u`.`Bn_Name`, `u`.`City`, `u`.`Country`, `u`.`Created_At`, `u`.`Currency`, `u`.`Degree`, `u`.`Email`, `u`.`Email_Verified`, `u`.`Enable_Appointment`, `u`.`Enable_Rating`, `u`.`Exp_Years`, `u`.`Facebook`, `u`.`Google_Analytics`, `u`.`Image`, `u`.`Instagram`, `u`.`Linkedin`, `u`.`Name`, `u`.`Parent_Id`, `u`.`Password`, `u`.`Paypal_Email`, `u`.`Paypal_Mode`, `u`.`Paypal_Payment`, `u`.`Paystack_Payment`, `u`.`Paystack_Public_Key`, `u`.`Paystack_Secret_Key`, `u`.`Phone`, `u`.`Publish_Key`, `u`.`Qr_Code`, `u`.`Razorpay_Key_Id`, `u`.`Razorpay_Key_Secret`, `u`.`Razorpay_Payment`, `u`.`Role`, `u`.`Secret_Key`, `u`.`Skype`, `u`.`Slug`, `u`.`Specialist`, `u`.`Status`, `u`.`Stripe_Payment`, `u`.`Thumb`, `u`.`Trial_Expire`, `u`.`Twitter`, `u`.`User_Name`, `u`.`User_Type`, `u`.`Verify_Code`, `u`.`Whatsapp`
FROM `Users` AS `u`
WHERE `u`.`Id` = @__id_0
LIMIT 1
2023-10-04 12:05:56.659 +05:30  INF  Executing endpoint 'DCRM.Api.Controllers.TreatmentplanController.Create (DCRM.Api)'
2023-10-04 12:05:56.659 +05:30  INF  Route matched with {action = "Create", controller = "Treatmentplan"}. Executing controller action with signature Microsoft.AspNetCore.Mvc.IActionResult Create(DCRM.Common.RequestModel.TreatmentplanRequest) on controller DCRM.Api.Controllers.TreatmentplanController (DCRM.Api).
2023-10-04 12:06:53.068 +05:30  INF  Executed DbCommand (42ms) [Parameters=[@p0='?' (DbType = Single), @p1='?' (Size = 4000), @p2='?' (Size = 4000), @p3='?' (DbType = DateTime), @p4='?' (DbType = DateTime), @p5='?' (DbType = Int32), @p6='?' (Size = 4000), @p7='?' (Size = 4000), @p8='?' (DbType = Int32), @p9='?' (DbType = Int32), @p10='?' (Size = 4000), @p11='?' (DbType = Int32), @p12='?' (DbType = Int32), @p13='?' (DbType = SByte), @p14='?' (DbType = DateTime), @p15='?' (DbType = Int32)], CommandType='"Text"', CommandTimeout='30']
INSERT INTO `Treatmentplans` (`Amount`, `Completed_Date`, `Courtesy`, `Created_At`, `Date`, `Doctor`, `Individual_Tooth_Wrk`, `Job`, `Job_Id`, `Patient_Id`, `Print_Tooth_Name`, `Sitting_Status`, `Status`, `Treatment_Status`, `Updated_At`, `Workdone_Id`)
VALUES (@p0, @p1, @p2, @p3, @p4, @p5, @p6, @p7, @p8, @p9, @p10, @p11, @p12, @p13, @p14, @p15);
SELECT `Id`
FROM `Treatmentplans`
WHERE ROW_COUNT() = 1 AND `Id` = LAST_INSERT_ID();
2023-10-04 12:07:05.347 +05:30  INF  Executed DbCommand (17ms) [Parameters=[@p0='?' (DbType = DateTime), @p1='?' (DbType = DateTime), @p2='?' (DbType = Int64), @p3='?' (Size = 4000), @p4='?' (Size = 4000), @p5='?' (Size = 4000), @p6='?' (DbType = Int32), @p7='?' (DbType = Int32), @p8='?' (Size = 4000), @p9='?' (DbType = Int64), @p10='?' (Size = 4000), @p11='?' (Size = 4000), @p12='?' (DbType = Int64), @p13='?' (Size = 4000), @p14='?' (DbType = Int32)], CommandType='"Text"', CommandTimeout='30']
INSERT INTO `Teethinfo` (`Added_Date`, `Date`, `Doc_Id`, `Note_Status`, `Ord`, `Rmd`, `Sitting`, `Teeth_Id`, `Teeth_Number_Note`, `Tooth_Patient_Id`, `Toth_Note`, `Treatment_Notes`, `Treatmentplans_Id`, `Type`, `Workdone_Id`)
VALUES (@p0, @p1, @p2, @p3, @p4, @p5, @p6, @p7, @p8, @p9, @p10, @p11, @p12, @p13, @p14);
SELECT `Id`
FROM `Teethinfo`
WHERE ROW_COUNT() = 1 AND `Id` = LAST_INSERT_ID();
2023-10-04 12:07:10.529 +05:30  INF  Executed DbCommand (17ms) [Parameters=[@p0='?' (DbType = DateTime), @p1='?' (DbType = Double), @p2='?' (DbType = Double), @p3='?' (DbType = Int32), @p4='?' (DbType = Double), @p5='?' (DbType = Double), @p6='?' (DbType = Int64), @p7='?' (DbType = DateTime), @p8='?' (DbType = Int32)], CommandType='"Text"', CommandTimeout='30']
INSERT INTO `Workdone_New` (`Created_At`, `Current_Work_Amt`, `Discount`, `Doctor_Id`, `Estimated_Amount`, `Total_Amt`, `Treatment_Id`, `Updated_At`, `Workdone_Status`)
VALUES (@p0, @p1, @p2, @p3, @p4, @p5, @p6, @p7, @p8);
SELECT `Id`
FROM `Workdone_New`
WHERE ROW_COUNT() = 1 AND `Id` = LAST_INSERT_ID();
2023-10-04 12:07:15.367 +05:30  INF  Executing StatusCodeResult, setting HTTP status code 200
2023-10-04 12:07:15.367 +05:30  INF  Executed action DCRM.Api.Controllers.TreatmentplanController.Create (DCRM.Api) in 78708.418ms
2023-10-04 12:07:15.367 +05:30  INF  Executed endpoint 'DCRM.Api.Controllers.TreatmentplanController.Create (DCRM.Api)'
2023-10-04 12:07:15.367 +05:30  INF  Request finished HTTP/2 POST https://localhost:7069/api/Treatmentplan/Create application/json 1200 - 200 0 - 78737.1178ms
2023-10-04 13:12:46.304 +05:30  INF  User profile is available. Using 'C:\Users\DELL\AppData\Local\ASP.NET\DataProtection-Keys' as key repository and Windows DPAPI to encrypt keys at rest.
2023-10-04 13:12:46.822 +05:30  INF  Now listening on: https://localhost:7069
2023-10-04 13:12:46.823 +05:30  INF  Now listening on: http://localhost:5069
2023-10-04 13:12:46.827 +05:30  INF  Application started. Press Ctrl+C to shut down.
2023-10-04 13:12:46.828 +05:30  INF  Hosting environment: Development
2023-10-04 13:12:46.828 +05:30  INF  Content root path: D:\Projects\GitHubProjects\virmani_dotnet\DCRM.Api\
2023-10-04 13:12:48.124 +05:30  INF  Request starting HTTP/2 GET https://localhost:7069/swagger - -
2023-10-04 13:12:48.304 +05:30  INF  Request finished HTTP/2 GET https://localhost:7069/swagger - - - 301 0 - 185.3062ms
2023-10-04 13:12:48.306 +05:30  INF  Request starting HTTP/2 GET https://localhost:7069/swagger/index.html - -
2023-10-04 13:12:48.848 +05:30  INF  Request starting HTTP/2 GET https://localhost:7069/swagger/swagger-ui-bundle.js - -
2023-10-04 13:12:48.848 +05:30  INF  Request starting HTTP/2 GET https://localhost:7069/swagger/swagger-ui-standalone-preset.js - -
2023-10-04 13:12:48.848 +05:30  INF  Request starting HTTP/2 GET https://localhost:7069/_framework/aspnetcore-browser-refresh.js - -
2023-10-04 13:12:48.849 +05:30  INF  Request starting HTTP/2 GET https://localhost:7069/swagger/swagger-ui.css - -
2023-10-04 13:12:48.851 +05:30  INF  Request starting HTTP/2 GET https://localhost:7069/_vs/browserLink - -
2023-10-04 13:12:48.858 +05:30  INF  Request finished HTTP/2 GET https://localhost:7069/swagger/index.html - - - 200 - text/html;charset=utf-8 552.3898ms
2023-10-04 13:12:48.863 +05:30  INF  Request finished HTTP/2 GET https://localhost:7069/_framework/aspnetcore-browser-refresh.js - - - 200 12348 application/javascript;+charset=utf-8 14.8487ms
2023-10-04 13:12:48.885 +05:30  INF  Sending file. Request path: '/swagger-ui.css'. Physical path: 'N/A'
2023-10-04 13:12:48.912 +05:30  INF  Request finished HTTP/2 GET https://localhost:7069/swagger/swagger-ui.css - - - 200 143632 text/css 63.6206ms
2023-10-04 13:12:48.920 +05:30  INF  Sending file. Request path: '/swagger-ui-standalone-preset.js'. Physical path: 'N/A'
2023-10-04 13:12:48.922 +05:30  INF  Request finished HTTP/2 GET https://localhost:7069/swagger/swagger-ui-standalone-preset.js - - - 200 337162 application/javascript 73.3820ms
2023-10-04 13:12:48.922 +05:30  INF  Request finished HTTP/2 GET https://localhost:7069/_vs/browserLink - - - 200 - text/javascript;+charset=UTF-8 72.7438ms
2023-10-04 13:12:48.929 +05:30  INF  Sending file. Request path: '/swagger-ui-bundle.js'. Physical path: 'N/A'
2023-10-04 13:12:48.929 +05:30  INF  Request finished HTTP/2 GET https://localhost:7069/swagger/swagger-ui-bundle.js - - - 200 1092889 application/javascript 80.9783ms
2023-10-04 13:12:49.092 +05:30  INF  Request starting HTTP/2 GET https://localhost:7069/swagger/v1/swagger.json - -
2023-10-04 13:12:49.267 +05:30  INF  Request finished HTTP/2 GET https://localhost:7069/swagger/v1/swagger.json - - - 200 - application/json;charset=utf-8 175.2418ms
2023-10-04 13:13:22.862 +05:30  INF  Request starting HTTP/2 POST https://localhost:7069/api/Authenticate/user application/json 57
2023-10-04 13:13:22.869 +05:30  INF  CORS policy execution successful.
2023-10-04 13:13:24.151 +05:30  INF  Executing endpoint 'DCRM.Api.Controllers.AuthenticateController.Post (DCRM.Api)'
2023-10-04 13:13:24.193 +05:30  INF  Route matched with {action = "Post", controller = "Authenticate"}. Executing controller action with signature Microsoft.AspNetCore.Mvc.IActionResult Post(System.String, DCRM.Common.AuthenticateRequest) on controller DCRM.Api.Controllers.AuthenticateController (DCRM.Api).
2023-10-04 13:13:25.555 +05:30  INF  Executed DbCommand (29ms) [Parameters=[@__authenticateRequest_Email_0='?' (Size = 4000), @__authenticateRequest_Password_1='?' (Size = 4000)], CommandType='"Text"', CommandTimeout='30']
SELECT `u`.`Id`, `u`.`About_Me`, `u`.`Account_Type`, `u`.`Address`, `u`.`Available_Days`, `u`.`Bn_Name`, `u`.`City`, `u`.`Country`, `u`.`Created_At`, `u`.`Currency`, `u`.`Degree`, `u`.`Email`, `u`.`Email_Verified`, `u`.`Enable_Appointment`, `u`.`Enable_Rating`, `u`.`Exp_Years`, `u`.`Facebook`, `u`.`Google_Analytics`, `u`.`Image`, `u`.`Instagram`, `u`.`Linkedin`, `u`.`Name`, `u`.`Parent_Id`, `u`.`Password`, `u`.`Paypal_Email`, `u`.`Paypal_Mode`, `u`.`Paypal_Payment`, `u`.`Paystack_Payment`, `u`.`Paystack_Public_Key`, `u`.`Paystack_Secret_Key`, `u`.`Phone`, `u`.`Publish_Key`, `u`.`Qr_Code`, `u`.`Razorpay_Key_Id`, `u`.`Razorpay_Key_Secret`, `u`.`Razorpay_Payment`, `u`.`Role`, `u`.`Secret_Key`, `u`.`Skype`, `u`.`Slug`, `u`.`Specialist`, `u`.`Status`, `u`.`Stripe_Payment`, `u`.`Thumb`, `u`.`Trial_Expire`, `u`.`Twitter`, `u`.`User_Name`, `u`.`User_Type`, `u`.`Verify_Code`, `u`.`Whatsapp`
FROM `Users` AS `u`
WHERE ((`u`.`Status` = 1) AND (`u`.`Email` = @__authenticateRequest_Email_0)) AND (`u`.`Password` = @__authenticateRequest_Password_1)
LIMIT 2
2023-10-04 13:13:25.926 +05:30  INF  Executing OkObjectResult, writing value of type 'DCRM.Common.AuthenticateResponse'.
2023-10-04 13:13:25.953 +05:30  INF  Executed action DCRM.Api.Controllers.AuthenticateController.Post (DCRM.Api) in 1753.3372ms
2023-10-04 13:13:25.954 +05:30  INF  Executed endpoint 'DCRM.Api.Controllers.AuthenticateController.Post (DCRM.Api)'
2023-10-04 13:13:25.972 +05:30  INF  Request finished HTTP/2 POST https://localhost:7069/api/Authenticate/user application/json 57 - 200 - application/json;+charset=utf-8 3109.7320ms
2023-10-04 13:44:41.083 +05:30  INF  User profile is available. Using 'C:\Users\DELL\AppData\Local\ASP.NET\DataProtection-Keys' as key repository and Windows DPAPI to encrypt keys at rest.
2023-10-04 13:44:42.825 +05:30  INF  Now listening on: https://localhost:7069
2023-10-04 13:44:42.825 +05:30  INF  Now listening on: http://localhost:5069
2023-10-04 13:44:42.831 +05:30  INF  Application started. Press Ctrl+C to shut down.
2023-10-04 13:44:42.831 +05:30  INF  Hosting environment: Development
2023-10-04 13:44:42.831 +05:30  INF  Content root path: D:\Projects\GitHubProjects\virmani_dotnet\DCRM.Api\
2023-10-04 13:44:44.532 +05:30  INF  Request starting HTTP/2 GET https://localhost:7069/swagger - -
2023-10-04 13:44:44.951 +05:30  INF  Request finished HTTP/2 GET https://localhost:7069/swagger - - - 301 0 - 407.5801ms
2023-10-04 13:44:45.048 +05:30  INF  Request starting HTTP/2 GET https://localhost:7069/swagger/index.html - -
2023-10-04 13:44:45.558 +05:30  INF  Request finished HTTP/2 GET https://localhost:7069/swagger/index.html - - - 200 - text/html;charset=utf-8 509.8704ms
2023-10-04 13:44:45.569 +05:30  INF  Request starting HTTP/2 GET https://localhost:7069/swagger/swagger-ui.css - -
2023-10-04 13:44:45.577 +05:30  INF  Request starting HTTP/2 GET https://localhost:7069/swagger/swagger-ui-bundle.js - -
2023-10-04 13:44:45.580 +05:30  INF  Request starting HTTP/2 GET https://localhost:7069/swagger/swagger-ui-standalone-preset.js - -
2023-10-04 13:44:45.581 +05:30  INF  Request starting HTTP/2 GET https://localhost:7069/_framework/aspnetcore-browser-refresh.js - -
2023-10-04 13:44:45.581 +05:30  INF  Request starting HTTP/2 GET https://localhost:7069/_vs/browserLink - -
2023-10-04 13:44:45.594 +05:30  INF  Request finished HTTP/2 GET https://localhost:7069/_framework/aspnetcore-browser-refresh.js - - - 200 12348 application/javascript;+charset=utf-8 13.4115ms
2023-10-04 13:44:45.625 +05:30  INF  Sending file. Request path: '/swagger-ui.css'. Physical path: 'N/A'
2023-10-04 13:44:45.625 +05:30  INF  Request finished HTTP/2 GET https://localhost:7069/swagger/swagger-ui.css - - - 200 143632 text/css 55.7741ms
2023-10-04 13:44:45.636 +05:30  INF  Request finished HTTP/2 GET https://localhost:7069/_vs/browserLink - - - 200 - text/javascript;+charset=UTF-8 54.5944ms
2023-10-04 13:44:45.639 +05:30  INF  Sending file. Request path: '/swagger-ui-standalone-preset.js'. Physical path: 'N/A'
2023-10-04 13:44:45.639 +05:30  INF  Request finished HTTP/2 GET https://localhost:7069/swagger/swagger-ui-standalone-preset.js - - - 200 337162 application/javascript 59.0865ms
2023-10-04 13:44:45.664 +05:30  INF  Sending file. Request path: '/swagger-ui-bundle.js'. Physical path: 'N/A'
2023-10-04 13:44:45.664 +05:30  INF  Request finished HTTP/2 GET https://localhost:7069/swagger/swagger-ui-bundle.js - - - 200 1092889 application/javascript 86.4990ms
2023-10-04 13:44:45.870 +05:30  INF  Request starting HTTP/2 GET https://localhost:7069/swagger/v1/swagger.json - -
2023-10-04 13:44:46.070 +05:30  INF  Request finished HTTP/2 GET https://localhost:7069/swagger/v1/swagger.json - - - 200 - application/json;charset=utf-8 199.9649ms
2023-10-04 13:49:35.846 +05:30  INF  User profile is available. Using 'C:\Users\DELL\AppData\Local\ASP.NET\DataProtection-Keys' as key repository and Windows DPAPI to encrypt keys at rest.
2023-10-04 13:49:36.387 +05:30  INF  Now listening on: https://localhost:7069
2023-10-04 13:49:36.387 +05:30  INF  Now listening on: http://localhost:5069
2023-10-04 13:49:36.391 +05:30  INF  Application started. Press Ctrl+C to shut down.
2023-10-04 13:49:36.391 +05:30  INF  Hosting environment: Development
2023-10-04 13:49:36.391 +05:30  INF  Content root path: D:\Projects\GitHubProjects\virmani_dotnet\DCRM.Api\
2023-10-04 13:49:38.153 +05:30  INF  Request starting HTTP/2 GET https://localhost:7069/swagger - -
2023-10-04 13:49:38.446 +05:30  INF  Request starting HTTP/2 GET https://localhost:7069/swagger/index.html - -
2023-10-04 13:49:38.447 +05:30  INF  Request finished HTTP/2 GET https://localhost:7069/swagger - - - 301 0 - 295.3178ms
2023-10-04 13:49:39.011 +05:30  INF  Request finished HTTP/2 GET https://localhost:7069/swagger/index.html - - - 200 - text/html;charset=utf-8 564.7869ms
2023-10-04 13:49:39.017 +05:30  INF  Request starting HTTP/2 GET https://localhost:7069/swagger/swagger-ui-bundle.js - -
2023-10-04 13:49:39.017 +05:30  INF  Request starting HTTP/2 GET https://localhost:7069/swagger/swagger-ui.css - -
2023-10-04 13:49:39.019 +05:30  INF  Request starting HTTP/2 GET https://localhost:7069/_framework/aspnetcore-browser-refresh.js - -
2023-10-04 13:49:39.020 +05:30  INF  Request starting HTTP/2 GET https://localhost:7069/_vs/browserLink - -
2023-10-04 13:49:39.020 +05:30  INF  Request starting HTTP/2 GET https://localhost:7069/swagger/swagger-ui-standalone-preset.js - -
2023-10-04 13:49:39.034 +05:30  INF  Request finished HTTP/2 GET https://localhost:7069/_framework/aspnetcore-browser-refresh.js - - - 200 12348 application/javascript;+charset=utf-8 14.3756ms
2023-10-04 13:49:39.067 +05:30  INF  Sending file. Request path: '/swagger-ui.css'. Physical path: 'N/A'
2023-10-04 13:49:39.068 +05:30  INF  Request finished HTTP/2 GET https://localhost:7069/swagger/swagger-ui.css - - - 200 143632 text/css 51.8219ms
2023-10-04 13:49:39.089 +05:30  INF  Request finished HTTP/2 GET https://localhost:7069/_vs/browserLink - - - 200 - text/javascript;+charset=UTF-8 69.1463ms
2023-10-04 13:49:39.101 +05:30  INF  Sending file. Request path: '/swagger-ui-standalone-preset.js'. Physical path: 'N/A'
2023-10-04 13:49:39.102 +05:30  INF  Request finished HTTP/2 GET https://localhost:7069/swagger/swagger-ui-standalone-preset.js - - - 200 337162 application/javascript 81.6046ms
2023-10-04 13:49:39.142 +05:30  INF  Sending file. Request path: '/swagger-ui-bundle.js'. Physical path: 'N/A'
2023-10-04 13:49:39.143 +05:30  INF  Request finished HTTP/2 GET https://localhost:7069/swagger/swagger-ui-bundle.js - - - 200 1092889 application/javascript 126.2702ms
2023-10-04 13:49:39.349 +05:30  INF  Request starting HTTP/2 GET https://localhost:7069/swagger/v1/swagger.json - -
2023-10-04 13:49:39.386 +05:30  INF  Request starting HTTP/2 GET https://localhost:7069/swagger/favicon-32x32.png - -
2023-10-04 13:49:39.386 +05:30  INF  Sending file. Request path: '/favicon-32x32.png'. Physical path: 'N/A'
2023-10-04 13:49:39.386 +05:30  INF  Request finished HTTP/2 GET https://localhost:7069/swagger/favicon-32x32.png - - - 200 628 image/png 0.5136ms
2023-10-04 13:49:39.545 +05:30  INF  Request finished HTTP/2 GET https://localhost:7069/swagger/v1/swagger.json - - - 200 - application/json;charset=utf-8 196.6010ms
2023-10-04 13:53:46.784 +05:30  INF  Request starting HTTP/2 OPTIONS https://localhost:7069/api/Authenticate/user - -
2023-10-04 13:53:46.858 +05:30  INF  CORS policy execution successful.
2023-10-04 13:53:46.862 +05:30  INF  Request finished HTTP/2 OPTIONS https://localhost:7069/api/Authenticate/user - - - 204 - - 84.2235ms
2023-10-04 13:53:46.866 +05:30  INF  Request starting HTTP/2 POST https://localhost:7069/api/Authenticate/user application/json 48
2023-10-04 13:53:46.872 +05:30  INF  CORS policy execution successful.
2023-10-04 13:53:51.064 +05:30  INF  Executing endpoint 'DCRM.Api.Controllers.AuthenticateController.Post (DCRM.Api)'
2023-10-04 13:53:51.319 +05:30  INF  Route matched with {action = "Post", controller = "Authenticate"}. Executing controller action with signature Microsoft.AspNetCore.Mvc.IActionResult Post(System.String, DCRM.Common.AuthenticateRequest) on controller DCRM.Api.Controllers.AuthenticateController (DCRM.Api).
2023-10-04 13:54:09.313 +05:30  INF  Executed DbCommand (448ms) [Parameters=[@__authenticateRequest_Email_0='?' (Size = 4000), @__authenticateRequest_Password_1='?' (Size = 4000)], CommandType='"Text"', CommandTimeout='30']
SELECT `u`.`Id`, `u`.`About_Me`, `u`.`Account_Type`, `u`.`Address`, `u`.`Available_Days`, `u`.`Bn_Name`, `u`.`City`, `u`.`Country`, `u`.`Created_At`, `u`.`Currency`, `u`.`Degree`, `u`.`Email`, `u`.`Email_Verified`, `u`.`Enable_Appointment`, `u`.`Enable_Rating`, `u`.`Exp_Years`, `u`.`Facebook`, `u`.`Google_Analytics`, `u`.`Image`, `u`.`Instagram`, `u`.`Linkedin`, `u`.`Name`, `u`.`Parent_Id`, `u`.`Password`, `u`.`Paypal_Email`, `u`.`Paypal_Mode`, `u`.`Paypal_Payment`, `u`.`Paystack_Payment`, `u`.`Paystack_Public_Key`, `u`.`Paystack_Secret_Key`, `u`.`Phone`, `u`.`Publish_Key`, `u`.`Qr_Code`, `u`.`Razorpay_Key_Id`, `u`.`Razorpay_Key_Secret`, `u`.`Razorpay_Payment`, `u`.`Role`, `u`.`Secret_Key`, `u`.`Skype`, `u`.`Slug`, `u`.`Specialist`, `u`.`Status`, `u`.`Stripe_Payment`, `u`.`Thumb`, `u`.`Trial_Expire`, `u`.`Twitter`, `u`.`User_Name`, `u`.`User_Type`, `u`.`Verify_Code`, `u`.`Whatsapp`
FROM `Users` AS `u`
WHERE ((`u`.`Status` = 1) AND (`u`.`Email` = @__authenticateRequest_Email_0)) AND (`u`.`Password` = @__authenticateRequest_Password_1)
LIMIT 2
2023-10-04 13:54:11.804 +05:30  INF  Executing OkObjectResult, writing value of type 'DCRM.Common.AuthenticateResponse'.
2023-10-04 13:54:11.842 +05:30  INF  Executed action DCRM.Api.Controllers.AuthenticateController.Post (DCRM.Api) in 20509.6406ms
2023-10-04 13:54:11.844 +05:30  INF  Executed endpoint 'DCRM.Api.Controllers.AuthenticateController.Post (DCRM.Api)'
2023-10-04 13:54:11.869 +05:30  INF  Request finished HTTP/2 POST https://localhost:7069/api/Authenticate/user application/json 48 - 200 - application/json;+charset=utf-8 25002.2923ms
2023-10-04 13:54:12.848 +05:30  INF  Request starting HTTP/2 OPTIONS https://localhost:7069/api/Dashboard/Get - -
2023-10-04 13:54:12.857 +05:30  INF  CORS policy execution successful.
2023-10-04 13:54:12.859 +05:30  INF  Request finished HTTP/2 OPTIONS https://localhost:7069/api/Dashboard/Get - - - 204 - - 11.0678ms
2023-10-04 13:54:12.860 +05:30  INF  Request starting HTTP/2 GET https://localhost:7069/api/Dashboard/Get application/json -
2023-10-04 13:54:12.863 +05:30  INF  CORS policy execution successful.
2023-10-04 13:54:14.731 +05:30  INF  Executed DbCommand (396ms) [Parameters=[@__id_0='?' (DbType = Int32)], CommandType='"Text"', CommandTimeout='30']
SELECT `u`.`Id`, `u`.`About_Me`, `u`.`Account_Type`, `u`.`Address`, `u`.`Available_Days`, `u`.`Bn_Name`, `u`.`City`, `u`.`Country`, `u`.`Created_At`, `u`.`Currency`, `u`.`Degree`, `u`.`Email`, `u`.`Email_Verified`, `u`.`Enable_Appointment`, `u`.`Enable_Rating`, `u`.`Exp_Years`, `u`.`Facebook`, `u`.`Google_Analytics`, `u`.`Image`, `u`.`Instagram`, `u`.`Linkedin`, `u`.`Name`, `u`.`Parent_Id`, `u`.`Password`, `u`.`Paypal_Email`, `u`.`Paypal_Mode`, `u`.`Paypal_Payment`, `u`.`Paystack_Payment`, `u`.`Paystack_Public_Key`, `u`.`Paystack_Secret_Key`, `u`.`Phone`, `u`.`Publish_Key`, `u`.`Qr_Code`, `u`.`Razorpay_Key_Id`, `u`.`Razorpay_Key_Secret`, `u`.`Razorpay_Payment`, `u`.`Role`, `u`.`Secret_Key`, `u`.`Skype`, `u`.`Slug`, `u`.`Specialist`, `u`.`Status`, `u`.`Stripe_Payment`, `u`.`Thumb`, `u`.`Trial_Expire`, `u`.`Twitter`, `u`.`User_Name`, `u`.`User_Type`, `u`.`Verify_Code`, `u`.`Whatsapp`
FROM `Users` AS `u`
WHERE `u`.`Id` = @__id_0
LIMIT 1
2023-10-04 13:54:14.755 +05:30  INF  Executing endpoint 'DCRM.Api.Controllers.DashboardController.Get (DCRM.Api)'
2023-10-04 13:54:14.801 +05:30  INF  Route matched with {action = "Get", controller = "Dashboard"}. Executing controller action with signature DCRM.Common.Dto.DashboardDto Get() on controller DCRM.Api.Controllers.DashboardController (DCRM.Api).
2023-10-04 13:54:14.881 +05:30  INF  Executed DbCommand (29ms) [Parameters=[@__p_0='?' (DbType = Int64)], CommandType='"Text"', CommandTimeout='30']
SELECT `p`.`Id`, `p`.`Age`, `p`.`Chamber_Id`, `p`.`Created_At`, `p`.`Email`, `p`.`Guardian`, `p`.`Is_Delete`, `p`.`Mobile`, `p`.`Mr_Number`, `p`.`Name`, `p`.`Password`, `p`.`Permanent_Address`, `p`.`Present_Address`, `p`.`Role`, `p`.`Sex`, `p`.`Slug`, `p`.`Thumb`, `p`.`Title`, `p`.`UserName`, `p`.`User_Id`, `p`.`Verify_Code`, `p`.`Weight`
FROM `Patientses` AS `p`
WHERE (`p`.`User_Id` = @__p_0) AND (`p`.`Is_Delete` = 0)
2023-10-04 13:54:16.276 +05:30  INF  Executed DbCommand (1,131ms) [Parameters=[@__userId_0='?' (DbType = Int32)], CommandType='"Text"', CommandTimeout='30']
SELECT `s`.`Id`, `s`.`Blood_Group`, `s`.`Chamber_Id`, `s`.`Created_At`, `s`.`Current_Address`, `s`.`Date_Of_Joining`, `s`.`Department`, `s`.`Designation`, `s`.`Dob`, `s`.`Email`, `s`.`Father`, `s`.`Gender`, `s`.`Gst`, `s`.`Is_Deleted`, `s`.`Marital_Status`, `s`.`Mother`, `s`.`Name`, `s`.`Note`, `s`.`Pan`, `s`.`Password`, `s`.`Permanent_Address`, `s`.`Phone`, `s`.`Qualification`, `s`.`Role`, `s`.`Slug`, `s`.`Specialization`, `s`.`Status`, `s`.`Thumb`, `s`.`User_Id`, `s`.`User_Name`, `s`.`Work_Experience`
FROM `Staffs` AS `s`
WHERE (`s`.`User_Id` = @__userId_0) AND (`s`.`Is_Deleted` = 0)
2023-10-04 13:54:16.374 +05:30  INF  Executed DbCommand (17ms) [Parameters=[@__userId_0='?' (DbType = Int32)], CommandType='"Text"', CommandTimeout='30']
SELECT `a`.`Id`, `a`.`Appointment_Status`, `a`.`Cause`, `a`.`Chair`, `a`.`Chamber_Id`, `a`.`Created_At`, `a`.`Date`, `a`.`Doctor_Id`, `a`.`Doctor_Name`, `a`.`End_Time`, `a`.`Extra_Notes`, `a`.`Files`, `a`.`Is_Delete`, `a`.`Is_Start`, `a`.`Meeting_Notes`, `a`.`Number_Of_Slot`, `a`.`Patient_Id`, `a`.`Prescription_Id`, `a`.`Serial_Id`, `a`.`Slot_Time`, `a`.`Start_Time`, `a`.`Status`, `a`.`Type`, `a`.`User_Id`
FROM `Appointments` AS `a`
WHERE (`a`.`User_Id` = @__userId_0) AND (`a`.`Is_Delete` = 0)
2023-10-04 13:54:16.443 +05:30  INF  Executed DbCommand (4ms) [Parameters=[@__userId_0='?' (DbType = Int32)], CommandType='"Text"', CommandTimeout='30']
SELECT `a`.`Id`, `a`.`Appointment_Status`, `a`.`Cause`, `a`.`Chair`, `a`.`Chamber_Id`, `a`.`Created_At`, `a`.`Date`, `a`.`Doctor_Id`, `a`.`Doctor_Name`, `a`.`End_Time`, `a`.`Extra_Notes`, `a`.`Files`, `a`.`Is_Delete`, `a`.`Is_Start`, `a`.`Meeting_Notes`, `a`.`Number_Of_Slot`, `a`.`Patient_Id`, `a`.`Prescription_Id`, `a`.`Serial_Id`, `a`.`Slot_Time`, `a`.`Start_Time`, `a`.`Status`, `a`.`Type`, `a`.`User_Id`
FROM `Appointments` AS `a`
WHERE ((`a`.`User_Id` = @__userId_0) AND (`a`.`Is_Delete` = 0)) AND (`a`.`Date` = CURDATE())
2023-10-04 13:54:16.444 +05:30  INF  Executing ObjectResult, writing value of type 'DCRM.Common.Dto.DashboardDto'.
2023-10-04 13:54:16.445 +05:30  INF  Executed action DCRM.Api.Controllers.DashboardController.Get (DCRM.Api) in 1644.1422ms
2023-10-04 13:54:16.445 +05:30  INF  Executed endpoint 'DCRM.Api.Controllers.DashboardController.Get (DCRM.Api)'
2023-10-04 13:54:16.445 +05:30  INF  Request finished HTTP/2 GET https://localhost:7069/api/Dashboard/Get application/json - - 200 - application/json;+charset=utf-8 3585.3720ms
2023-10-04 15:13:40.798 +05:30  INF  User profile is available. Using 'C:\Users\DELL\AppData\Local\ASP.NET\DataProtection-Keys' as key repository and Windows DPAPI to encrypt keys at rest.
2023-10-04 15:13:41.464 +05:30  INF  Now listening on: https://localhost:7069
2023-10-04 15:13:41.464 +05:30  INF  Now listening on: http://localhost:5069
2023-10-04 15:13:41.467 +05:30  INF  Application started. Press Ctrl+C to shut down.
2023-10-04 15:13:41.468 +05:30  INF  Hosting environment: Development
2023-10-04 15:13:41.468 +05:30  INF  Content root path: D:\Projects\GitHubProjects\virmani_dotnet\DCRM.Api\
2023-10-04 15:13:43.192 +05:30  INF  Request starting HTTP/2 GET https://localhost:7069/swagger - -
2023-10-04 15:13:43.466 +05:30  INF  Request finished HTTP/2 GET https://localhost:7069/swagger - - - 301 0 - 288.7399ms
2023-10-04 15:13:43.468 +05:30  INF  Request starting HTTP/2 GET https://localhost:7069/swagger/index.html - -
2023-10-04 15:13:44.054 +05:30  INF  Request finished HTTP/2 GET https://localhost:7069/swagger/index.html - - - 200 - text/html;charset=utf-8 586.0033ms
2023-10-04 15:13:44.060 +05:30  INF  Request starting HTTP/2 GET https://localhost:7069/swagger/swagger-ui-standalone-preset.js - -
2023-10-04 15:13:44.060 +05:30  INF  Request starting HTTP/2 GET https://localhost:7069/swagger/swagger-ui.css - -
2023-10-04 15:13:44.060 +05:30  INF  Request starting HTTP/2 GET https://localhost:7069/swagger/swagger-ui-bundle.js - -
2023-10-04 15:13:44.066 +05:30  INF  Request starting HTTP/2 GET https://localhost:7069/_framework/aspnetcore-browser-refresh.js - -
2023-10-04 15:13:44.079 +05:30  INF  Request finished HTTP/2 GET https://localhost:7069/_framework/aspnetcore-browser-refresh.js - - - 200 12348 application/javascript;+charset=utf-8 13.4280ms
2023-10-04 15:13:44.111 +05:30  INF  Sending file. Request path: '/swagger-ui.css'. Physical path: 'N/A'
2023-10-04 15:13:44.118 +05:30  INF  Request starting HTTP/2 GET https://localhost:7069/_vs/browserLink - -
2023-10-04 15:13:44.133 +05:30  INF  Request finished HTTP/2 GET https://localhost:7069/swagger/swagger-ui.css - - - 200 143632 text/css 72.6164ms
2023-10-04 15:13:44.141 +05:30  INF  Sending file. Request path: '/swagger-ui-standalone-preset.js'. Physical path: 'N/A'
2023-10-04 15:13:44.141 +05:30  INF  Request finished HTTP/2 GET https://localhost:7069/swagger/swagger-ui-standalone-preset.js - - - 200 337162 application/javascript 80.6243ms
2023-10-04 15:13:44.166 +05:30  INF  Sending file. Request path: '/swagger-ui-bundle.js'. Physical path: 'N/A'
2023-10-04 15:13:44.167 +05:30  INF  Request finished HTTP/2 GET https://localhost:7069/_vs/browserLink - - - 200 - text/javascript;+charset=UTF-8 48.9650ms
2023-10-04 15:13:44.168 +05:30  INF  Request finished HTTP/2 GET https://localhost:7069/swagger/swagger-ui-bundle.js - - - 200 1092889 application/javascript 106.8759ms
2023-10-04 15:13:44.367 +05:30  INF  Request starting HTTP/2 GET https://localhost:7069/swagger/v1/swagger.json - -
2023-10-04 15:13:44.611 +05:30  INF  Request finished HTTP/2 GET https://localhost:7069/swagger/v1/swagger.json - - - 200 - application/json;charset=utf-8 244.2742ms
2023-10-04 15:44:15.646 +05:30  INF  User profile is available. Using 'C:\Users\DELL\AppData\Local\ASP.NET\DataProtection-Keys' as key repository and Windows DPAPI to encrypt keys at rest.
2023-10-04 15:44:16.136 +05:30  INF  Now listening on: https://localhost:7069
2023-10-04 15:44:16.136 +05:30  INF  Now listening on: http://localhost:5069
2023-10-04 15:44:16.141 +05:30  INF  Application started. Press Ctrl+C to shut down.
2023-10-04 15:44:16.141 +05:30  INF  Hosting environment: Development
2023-10-04 15:44:16.141 +05:30  INF  Content root path: D:\Projects\GitHubProjects\virmani_dotnet\DCRM.Api\
2023-10-04 15:44:17.315 +05:30  INF  Request starting HTTP/2 GET https://localhost:7069/swagger - -
2023-10-04 15:44:17.515 +05:30  INF  Request finished HTTP/2 GET https://localhost:7069/swagger - - - 301 0 - 204.1712ms
2023-10-04 15:44:17.516 +05:30  INF  Request starting HTTP/2 GET https://localhost:7069/swagger/index.html - -
2023-10-04 15:44:17.972 +05:30  INF  Request starting HTTP/2 GET https://localhost:7069/swagger/swagger-ui-bundle.js - -
2023-10-04 15:44:17.972 +05:30  INF  Request starting HTTP/2 GET https://localhost:7069/swagger/swagger-ui-standalone-preset.js - -
2023-10-04 15:44:17.975 +05:30  INF  Request starting HTTP/2 GET https://localhost:7069/_vs/browserLink - -
2023-10-04 15:44:17.979 +05:30  INF  Request starting HTTP/2 GET https://localhost:7069/swagger/swagger-ui.css - -
2023-10-04 15:44:17.979 +05:30  INF  Request starting HTTP/2 GET https://localhost:7069/_framework/aspnetcore-browser-refresh.js - -
2023-10-04 15:44:17.999 +05:30  INF  Request finished HTTP/2 GET https://localhost:7069/swagger/index.html - - - 200 - text/html;charset=utf-8 482.7817ms
2023-10-04 15:44:18.009 +05:30  INF  Request finished HTTP/2 GET https://localhost:7069/_framework/aspnetcore-browser-refresh.js - - - 200 12348 application/javascript;+charset=utf-8 33.7854ms
2023-10-04 15:44:18.058 +05:30  INF  Request finished HTTP/2 GET https://localhost:7069/_vs/browserLink - - - 200 - text/javascript;+charset=UTF-8 82.6178ms
2023-10-04 15:44:18.076 +05:30  INF  Sending file. Request path: '/swagger-ui.css'. Physical path: 'N/A'
2023-10-04 15:44:18.076 +05:30  INF  Sending file. Request path: '/swagger-ui-standalone-preset.js'. Physical path: 'N/A'
2023-10-04 15:44:18.077 +05:30  INF  Request finished HTTP/2 GET https://localhost:7069/swagger/swagger-ui-standalone-preset.js - - - 200 337162 application/javascript 104.4454ms
2023-10-04 15:44:18.078 +05:30  INF  Request finished HTTP/2 GET https://localhost:7069/swagger/swagger-ui.css - - - 200 143632 text/css 99.5315ms
2023-10-04 15:44:18.078 +05:30  INF  Sending file. Request path: '/swagger-ui-bundle.js'. Physical path: 'N/A'
2023-10-04 15:44:18.079 +05:30  INF  Request finished HTTP/2 GET https://localhost:7069/swagger/swagger-ui-bundle.js - - - 200 1092889 application/javascript 106.1996ms
2023-10-04 15:44:18.276 +05:30  INF  Request starting HTTP/2 GET https://localhost:7069/swagger/v1/swagger.json - -
2023-10-04 15:44:18.513 +05:30  INF  Request finished HTTP/2 GET https://localhost:7069/swagger/v1/swagger.json - - - 200 - application/json;charset=utf-8 236.9566ms
2023-10-04 16:17:40.478 +05:30  INF  User profile is available. Using 'C:\Users\DELL\AppData\Local\ASP.NET\DataProtection-Keys' as key repository and Windows DPAPI to encrypt keys at rest.
2023-10-04 16:17:40.981 +05:30  INF  Now listening on: https://localhost:7069
2023-10-04 16:17:40.981 +05:30  INF  Now listening on: http://localhost:5069
2023-10-04 16:17:40.985 +05:30  INF  Application started. Press Ctrl+C to shut down.
2023-10-04 16:17:40.986 +05:30  INF  Hosting environment: Development
2023-10-04 16:17:40.986 +05:30  INF  Content root path: D:\Projects\GitHubProjects\virmani_dotnet\DCRM.Api\
2023-10-04 16:17:42.607 +05:30  INF  Request starting HTTP/2 GET https://localhost:7069/swagger - -
2023-10-04 16:17:42.801 +05:30  INF  Request finished HTTP/2 GET https://localhost:7069/swagger - - - 301 0 - 201.7644ms
2023-10-04 16:17:42.803 +05:30  INF  Request starting HTTP/2 GET https://localhost:7069/swagger/index.html - -
2023-10-04 16:17:43.318 +05:30  INF  Request finished HTTP/2 GET https://localhost:7069/swagger/index.html - - - 200 - text/html;charset=utf-8 514.7980ms
2023-10-04 16:17:43.329 +05:30  INF  Request starting HTTP/2 GET https://localhost:7069/swagger/swagger-ui-standalone-preset.js - -
2023-10-04 16:17:43.329 +05:30  INF  Request starting HTTP/2 GET https://localhost:7069/_framework/aspnetcore-browser-refresh.js - -
2023-10-04 16:17:43.329 +05:30  INF  Request starting HTTP/2 GET https://localhost:7069/_vs/browserLink - -
2023-10-04 16:17:43.329 +05:30  INF  Request starting HTTP/2 GET https://localhost:7069/swagger/swagger-ui-bundle.js - -
2023-10-04 16:17:43.329 +05:30  INF  Request starting HTTP/2 GET https://localhost:7069/swagger/swagger-ui.css - -
2023-10-04 16:17:43.341 +05:30  INF  Request finished HTTP/2 GET https://localhost:7069/_framework/aspnetcore-browser-refresh.js - - - 200 12348 application/javascript;+charset=utf-8 11.7712ms
2023-10-04 16:17:43.366 +05:30  INF  Sending file. Request path: '/swagger-ui.css'. Physical path: 'N/A'
2023-10-04 16:17:43.368 +05:30  INF  Request finished HTTP/2 GET https://localhost:7069/swagger/swagger-ui.css - - - 200 143632 text/css 38.8131ms
2023-10-04 16:17:43.389 +05:30  INF  Sending file. Request path: '/swagger-ui-standalone-preset.js'. Physical path: 'N/A'
2023-10-04 16:17:43.390 +05:30  INF  Request finished HTTP/2 GET https://localhost:7069/swagger/swagger-ui-standalone-preset.js - - - 200 337162 application/javascript 61.2659ms
2023-10-04 16:17:43.391 +05:30  INF  Request finished HTTP/2 GET https://localhost:7069/_vs/browserLink - - - 200 - text/javascript;+charset=UTF-8 62.0781ms
2023-10-04 16:17:43.396 +05:30  INF  Sending file. Request path: '/swagger-ui-bundle.js'. Physical path: 'N/A'
2023-10-04 16:17:43.396 +05:30  INF  Request finished HTTP/2 GET https://localhost:7069/swagger/swagger-ui-bundle.js - - - 200 1092889 application/javascript 67.2930ms
2023-10-04 16:17:43.568 +05:30  INF  Request starting HTTP/2 GET https://localhost:7069/swagger/v1/swagger.json - -
2023-10-04 16:17:43.757 +05:30  INF  Request finished HTTP/2 GET https://localhost:7069/swagger/v1/swagger.json - - - 200 - application/json;charset=utf-8 189.4533ms
2023-10-04 16:37:02.023 +05:30  INF  User profile is available. Using 'C:\Users\DELL\AppData\Local\ASP.NET\DataProtection-Keys' as key repository and Windows DPAPI to encrypt keys at rest.
2023-10-04 16:37:02.613 +05:30  INF  Now listening on: https://localhost:7069
2023-10-04 16:37:02.613 +05:30  INF  Now listening on: http://localhost:5069
2023-10-04 16:37:02.617 +05:30  INF  Application started. Press Ctrl+C to shut down.
2023-10-04 16:37:02.618 +05:30  INF  Hosting environment: Development
2023-10-04 16:37:02.618 +05:30  INF  Content root path: D:\Projects\GitHubProjects\virmani_dotnet\DCRM.Api\
2023-10-04 16:37:04.167 +05:30  INF  Request starting HTTP/2 GET https://localhost:7069/swagger - -
2023-10-04 16:37:04.340 +05:30  INF  Request finished HTTP/2 GET https://localhost:7069/swagger - - - 301 0 - 178.0573ms
2023-10-04 16:37:04.344 +05:30  INF  Request starting HTTP/2 GET https://localhost:7069/swagger/index.html - -
2023-10-04 16:37:04.752 +05:30  INF  Request finished HTTP/2 GET https://localhost:7069/swagger/index.html - - - 200 - text/html;charset=utf-8 408.2157ms
2023-10-04 16:37:04.759 +05:30  INF  Request starting HTTP/2 GET https://localhost:7069/_framework/aspnetcore-browser-refresh.js - -
2023-10-04 16:37:04.759 +05:30  INF  Request starting HTTP/2 GET https://localhost:7069/swagger/swagger-ui-standalone-preset.js - -
2023-10-04 16:37:04.759 +05:30  INF  Request starting HTTP/2 GET https://localhost:7069/_vs/browserLink - -
2023-10-04 16:37:04.760 +05:30  INF  Request starting HTTP/2 GET https://localhost:7069/swagger/swagger-ui-bundle.js - -
2023-10-04 16:37:04.760 +05:30  INF  Request starting HTTP/2 GET https://localhost:7069/swagger/swagger-ui.css - -
2023-10-04 16:37:04.771 +05:30  INF  Request finished HTTP/2 GET https://localhost:7069/_framework/aspnetcore-browser-refresh.js - - - 200 12348 application/javascript;+charset=utf-8 11.5515ms
2023-10-04 16:37:04.803 +05:30  INF  Sending file. Request path: '/swagger-ui.css'. Physical path: 'N/A'
2023-10-04 16:37:04.804 +05:30  INF  Request finished HTTP/2 GET https://localhost:7069/swagger/swagger-ui.css - - - 200 143632 text/css 44.6814ms
2023-10-04 16:37:04.824 +05:30  INF  Request finished HTTP/2 GET https://localhost:7069/_vs/browserLink - - - 200 - text/javascript;+charset=UTF-8 65.0417ms
2023-10-04 16:37:04.829 +05:30  INF  Sending file. Request path: '/swagger-ui-standalone-preset.js'. Physical path: 'N/A'
2023-10-04 16:37:04.830 +05:30  INF  Request finished HTTP/2 GET https://localhost:7069/swagger/swagger-ui-standalone-preset.js - - - 200 337162 application/javascript 70.4683ms
2023-10-04 16:37:04.842 +05:30  INF  Sending file. Request path: '/swagger-ui-bundle.js'. Physical path: 'N/A'
2023-10-04 16:37:04.842 +05:30  INF  Request finished HTTP/2 GET https://localhost:7069/swagger/swagger-ui-bundle.js - - - 200 1092889 application/javascript 82.4350ms
2023-10-04 16:37:04.995 +05:30  INF  Request starting HTTP/2 GET https://localhost:7069/swagger/v1/swagger.json - -
2023-10-04 16:37:05.174 +05:30  INF  Request finished HTTP/2 GET https://localhost:7069/swagger/v1/swagger.json - - - 200 - application/json;charset=utf-8 178.7389ms
2023-10-04 16:42:31.747 +05:30  INF  Request starting HTTP/2 OPTIONS https://localhost:7069/api/Dashboard/Get - -
2023-10-04 16:42:32.495 +05:30  INF  CORS policy execution successful.
2023-10-04 16:42:32.509 +05:30  INF  Request finished HTTP/2 OPTIONS https://localhost:7069/api/Dashboard/Get - - - 204 - - 781.4124ms
2023-10-04 16:42:32.512 +05:30  INF  Request starting HTTP/2 GET https://localhost:7069/api/Dashboard/Get application/json -
2023-10-04 16:42:32.526 +05:30  INF  CORS policy execution successful.
2023-10-04 16:43:06.401 +05:30  INF  Executing endpoint 'DCRM.Api.Controllers.DashboardController.Get (DCRM.Api)'
2023-10-04 16:43:06.488 +05:30  INF  Route matched with {action = "Get", controller = "Dashboard"}. Executing controller action with signature DCRM.Common.Dto.DashboardDto Get() on controller DCRM.Api.Controllers.DashboardController (DCRM.Api).
2023-10-04 16:43:06.504 +05:30  INF  Authorization failed for the request at filter 'DCRM.Common.Authorization.AuthorizeAttribute'.
2023-10-04 16:43:06.511 +05:30  INF  Executing JsonResult, writing value of type '<>f__AnonymousType0`1[[System.String, System.Private.CoreLib, Version=6.0.0.0, Culture=neutral, PublicKeyToken=7cec85d7bea7798e]]'.
2023-10-04 16:43:06.550 +05:30  INF  Executed action DCRM.Api.Controllers.DashboardController.Get (DCRM.Api) in 52.9242ms
2023-10-04 16:43:06.555 +05:30  INF  Executed endpoint 'DCRM.Api.Controllers.DashboardController.Get (DCRM.Api)'
2023-10-04 16:43:06.568 +05:30  INF  Request finished HTTP/2 GET https://localhost:7069/api/Dashboard/Get application/json - - 401 - application/json;+charset=utf-8 34056.6709ms
2023-10-04 16:43:21.089 +05:30  INF  Request starting HTTP/2 OPTIONS https://localhost:7069/api/Authenticate/user - -
2023-10-04 16:43:21.092 +05:30  INF  CORS policy execution successful.
2023-10-04 16:43:21.092 +05:30  INF  Request finished HTTP/2 OPTIONS https://localhost:7069/api/Authenticate/user - - - 204 - - 2.7237ms
2023-10-04 16:43:21.098 +05:30  INF  Request starting HTTP/2 POST https://localhost:7069/api/Authenticate/user application/json 48
2023-10-04 16:43:21.099 +05:30  INF  CORS policy execution successful.
2023-10-04 16:43:21.152 +05:30  INF  Executing endpoint 'DCRM.Api.Controllers.AuthenticateController.Post (DCRM.Api)'
2023-10-04 16:43:21.173 +05:30  INF  Route matched with {action = "Post", controller = "Authenticate"}. Executing controller action with signature Microsoft.AspNetCore.Mvc.IActionResult Post(System.String, DCRM.Common.AuthenticateRequest) on controller DCRM.Api.Controllers.AuthenticateController (DCRM.Api).
2023-10-04 16:43:23.265 +05:30  INF  Executed DbCommand (32ms) [Parameters=[@__authenticateRequest_Email_0='?' (Size = 4000), @__authenticateRequest_Password_1='?' (Size = 4000)], CommandType='"Text"', CommandTimeout='30']
SELECT `u`.`Id`, `u`.`About_Me`, `u`.`Account_Type`, `u`.`Address`, `u`.`Available_Days`, `u`.`Bn_Name`, `u`.`City`, `u`.`Country`, `u`.`Created_At`, `u`.`Currency`, `u`.`Degree`, `u`.`Email`, `u`.`Email_Verified`, `u`.`Enable_Appointment`, `u`.`Enable_Rating`, `u`.`Exp_Years`, `u`.`Facebook`, `u`.`Google_Analytics`, `u`.`Image`, `u`.`Instagram`, `u`.`Linkedin`, `u`.`Name`, `u`.`Parent_Id`, `u`.`Password`, `u`.`Paypal_Email`, `u`.`Paypal_Mode`, `u`.`Paypal_Payment`, `u`.`Paystack_Payment`, `u`.`Paystack_Public_Key`, `u`.`Paystack_Secret_Key`, `u`.`Phone`, `u`.`Publish_Key`, `u`.`Qr_Code`, `u`.`Razorpay_Key_Id`, `u`.`Razorpay_Key_Secret`, `u`.`Razorpay_Payment`, `u`.`Role`, `u`.`Secret_Key`, `u`.`Skype`, `u`.`Slug`, `u`.`Specialist`, `u`.`Status`, `u`.`Stripe_Payment`, `u`.`Thumb`, `u`.`Trial_Expire`, `u`.`Twitter`, `u`.`User_Name`, `u`.`User_Type`, `u`.`Verify_Code`, `u`.`Whatsapp`
FROM `Users` AS `u`
WHERE ((`u`.`Status` = 1) AND (`u`.`Email` = @__authenticateRequest_Email_0)) AND (`u`.`Password` = @__authenticateRequest_Password_1)
LIMIT 2
2023-10-04 16:43:23.486 +05:30  INF  Executing OkObjectResult, writing value of type 'DCRM.Common.AuthenticateResponse'.
2023-10-04 16:43:23.498 +05:30  INF  Executed action DCRM.Api.Controllers.AuthenticateController.Post (DCRM.Api) in 2325.0205ms
2023-10-04 16:43:23.498 +05:30  INF  Executed endpoint 'DCRM.Api.Controllers.AuthenticateController.Post (DCRM.Api)'
2023-10-04 16:43:23.505 +05:30  INF  Request starting HTTP/2 OPTIONS https://localhost:7069/api/Dashboard/Get - -
2023-10-04 16:43:23.505 +05:30  INF  CORS policy execution successful.
2023-10-04 16:43:23.505 +05:30  INF  Request finished HTTP/2 OPTIONS https://localhost:7069/api/Dashboard/Get - - - 204 - - 0.2519ms
2023-10-04 16:43:23.506 +05:30  INF  Request starting HTTP/2 GET https://localhost:7069/api/Dashboard/Get application/json -
2023-10-04 16:43:23.506 +05:30  INF  CORS policy execution successful.
2023-10-04 16:43:23.509 +05:30  INF  Request finished HTTP/2 POST https://localhost:7069/api/Authenticate/user application/json 48 - 200 - application/json;+charset=utf-8 2410.8940ms
2023-10-04 16:43:23.624 +05:30  INF  Executed DbCommand (15ms) [Parameters=[@__id_0='?' (DbType = Int32)], CommandType='"Text"', CommandTimeout='30']
SELECT `u`.`Id`, `u`.`About_Me`, `u`.`Account_Type`, `u`.`Address`, `u`.`Available_Days`, `u`.`Bn_Name`, `u`.`City`, `u`.`Country`, `u`.`Created_At`, `u`.`Currency`, `u`.`Degree`, `u`.`Email`, `u`.`Email_Verified`, `u`.`Enable_Appointment`, `u`.`Enable_Rating`, `u`.`Exp_Years`, `u`.`Facebook`, `u`.`Google_Analytics`, `u`.`Image`, `u`.`Instagram`, `u`.`Linkedin`, `u`.`Name`, `u`.`Parent_Id`, `u`.`Password`, `u`.`Paypal_Email`, `u`.`Paypal_Mode`, `u`.`Paypal_Payment`, `u`.`Paystack_Payment`, `u`.`Paystack_Public_Key`, `u`.`Paystack_Secret_Key`, `u`.`Phone`, `u`.`Publish_Key`, `u`.`Qr_Code`, `u`.`Razorpay_Key_Id`, `u`.`Razorpay_Key_Secret`, `u`.`Razorpay_Payment`, `u`.`Role`, `u`.`Secret_Key`, `u`.`Skype`, `u`.`Slug`, `u`.`Specialist`, `u`.`Status`, `u`.`Stripe_Payment`, `u`.`Thumb`, `u`.`Trial_Expire`, `u`.`Twitter`, `u`.`User_Name`, `u`.`User_Type`, `u`.`Verify_Code`, `u`.`Whatsapp`
FROM `Users` AS `u`
WHERE `u`.`Id` = @__id_0
LIMIT 1
2023-10-04 16:43:23.643 +05:30  INF  Executing endpoint 'DCRM.Api.Controllers.DashboardController.Get (DCRM.Api)'
2023-10-04 16:43:23.643 +05:30  INF  Route matched with {action = "Get", controller = "Dashboard"}. Executing controller action with signature DCRM.Common.Dto.DashboardDto Get() on controller DCRM.Api.Controllers.DashboardController (DCRM.Api).
2023-10-04 16:43:23.676 +05:30  INF  Executed DbCommand (25ms) [Parameters=[@__p_0='?' (DbType = Int64)], CommandType='"Text"', CommandTimeout='30']
SELECT `p`.`Id`, `p`.`Age`, `p`.`Chamber_Id`, `p`.`Created_At`, `p`.`Email`, `p`.`Guardian`, `p`.`Is_Delete`, `p`.`Mobile`, `p`.`Mr_Number`, `p`.`Name`, `p`.`Password`, `p`.`Permanent_Address`, `p`.`Present_Address`, `p`.`Role`, `p`.`Sex`, `p`.`Slug`, `p`.`Thumb`, `p`.`Title`, `p`.`UserName`, `p`.`User_Id`, `p`.`Verify_Code`, `p`.`Weight`
FROM `Patientses` AS `p`
WHERE (`p`.`User_Id` = @__p_0) AND (`p`.`Is_Delete` = 0)
2023-10-04 16:43:23.759 +05:30  INF  Executed DbCommand (27ms) [Parameters=[@__userId_0='?' (DbType = Int32)], CommandType='"Text"', CommandTimeout='30']
SELECT `s`.`Id`, `s`.`Blood_Group`, `s`.`Chamber_Id`, `s`.`Created_At`, `s`.`Current_Address`, `s`.`Date_Of_Joining`, `s`.`Department`, `s`.`Designation`, `s`.`Dob`, `s`.`Email`, `s`.`Father`, `s`.`Gender`, `s`.`Gst`, `s`.`Is_Deleted`, `s`.`Marital_Status`, `s`.`Mother`, `s`.`Name`, `s`.`Note`, `s`.`Pan`, `s`.`Password`, `s`.`Permanent_Address`, `s`.`Phone`, `s`.`Qualification`, `s`.`Role`, `s`.`Slug`, `s`.`Specialization`, `s`.`Status`, `s`.`Thumb`, `s`.`User_Id`, `s`.`User_Name`, `s`.`Work_Experience`
FROM `Staffs` AS `s`
WHERE (`s`.`User_Id` = @__userId_0) AND (`s`.`Is_Deleted` = 0)
2023-10-04 16:43:23.832 +05:30  INF  Executed DbCommand (18ms) [Parameters=[@__userId_0='?' (DbType = Int32)], CommandType='"Text"', CommandTimeout='30']
SELECT `a`.`Id`, `a`.`Appointment_Status`, `a`.`Cause`, `a`.`Chair`, `a`.`Chamber_Id`, `a`.`Created_At`, `a`.`Date`, `a`.`Doctor_Id`, `a`.`Doctor_Name`, `a`.`End_Time`, `a`.`Extra_Notes`, `a`.`Files`, `a`.`Is_Delete`, `a`.`Is_Start`, `a`.`Meeting_Notes`, `a`.`Number_Of_Slot`, `a`.`Patient_Id`, `a`.`Prescription_Id`, `a`.`Serial_Id`, `a`.`Slot_Time`, `a`.`Start_Time`, `a`.`Status`, `a`.`Type`, `a`.`User_Id`
FROM `Appointments` AS `a`
WHERE (`a`.`User_Id` = @__userId_0) AND (`a`.`Is_Delete` = 0)
2023-10-04 16:43:23.901 +05:30  INF  Executed DbCommand (1ms) [Parameters=[@__userId_0='?' (DbType = Int32)], CommandType='"Text"', CommandTimeout='30']
SELECT `a`.`Id`, `a`.`Appointment_Status`, `a`.`Cause`, `a`.`Chair`, `a`.`Chamber_Id`, `a`.`Created_At`, `a`.`Date`, `a`.`Doctor_Id`, `a`.`Doctor_Name`, `a`.`End_Time`, `a`.`Extra_Notes`, `a`.`Files`, `a`.`Is_Delete`, `a`.`Is_Start`, `a`.`Meeting_Notes`, `a`.`Number_Of_Slot`, `a`.`Patient_Id`, `a`.`Prescription_Id`, `a`.`Serial_Id`, `a`.`Slot_Time`, `a`.`Start_Time`, `a`.`Status`, `a`.`Type`, `a`.`User_Id`
FROM `Appointments` AS `a`
WHERE ((`a`.`User_Id` = @__userId_0) AND (`a`.`Is_Delete` = 0)) AND (`a`.`Date` = CURDATE())
2023-10-04 16:43:23.902 +05:30  INF  Executing ObjectResult, writing value of type 'DCRM.Common.Dto.DashboardDto'.
2023-10-04 16:43:23.903 +05:30  INF  Executed action DCRM.Api.Controllers.DashboardController.Get (DCRM.Api) in 260.6695ms
2023-10-04 16:43:23.903 +05:30  INF  Executed endpoint 'DCRM.Api.Controllers.DashboardController.Get (DCRM.Api)'
2023-10-04 16:43:23.904 +05:30  INF  Request finished HTTP/2 GET https://localhost:7069/api/Dashboard/Get application/json - - 200 - application/json;+charset=utf-8 397.4335ms
2023-10-04 18:01:47.971 +05:30  INF  Request starting HTTP/2 OPTIONS https://localhost:7069/api/Patient/Create - -
2023-10-04 18:01:48.020 +05:30  INF  CORS policy execution successful.
2023-10-04 18:01:48.023 +05:30  INF  Request finished HTTP/2 OPTIONS https://localhost:7069/api/Patient/Create - - - 204 - - 57.8478ms
2023-10-04 18:01:48.033 +05:30  INF  Request starting HTTP/2 POST https://localhost:7069/api/Patient/Create application/json 605
2023-10-04 18:01:48.075 +05:30  INF  CORS policy execution successful.
2023-10-04 18:01:49.036 +05:30  INF  Executed DbCommand (11ms) [Parameters=[@__id_0='?' (DbType = Int32)], CommandType='"Text"', CommandTimeout='30']
SELECT `u`.`Id`, `u`.`About_Me`, `u`.`Account_Type`, `u`.`Address`, `u`.`Available_Days`, `u`.`Bn_Name`, `u`.`City`, `u`.`Country`, `u`.`Created_At`, `u`.`Currency`, `u`.`Degree`, `u`.`Email`, `u`.`Email_Verified`, `u`.`Enable_Appointment`, `u`.`Enable_Rating`, `u`.`Exp_Years`, `u`.`Facebook`, `u`.`Google_Analytics`, `u`.`Image`, `u`.`Instagram`, `u`.`Linkedin`, `u`.`Name`, `u`.`Parent_Id`, `u`.`Password`, `u`.`Paypal_Email`, `u`.`Paypal_Mode`, `u`.`Paypal_Payment`, `u`.`Paystack_Payment`, `u`.`Paystack_Public_Key`, `u`.`Paystack_Secret_Key`, `u`.`Phone`, `u`.`Publish_Key`, `u`.`Qr_Code`, `u`.`Razorpay_Key_Id`, `u`.`Razorpay_Key_Secret`, `u`.`Razorpay_Payment`, `u`.`Role`, `u`.`Secret_Key`, `u`.`Skype`, `u`.`Slug`, `u`.`Specialist`, `u`.`Status`, `u`.`Stripe_Payment`, `u`.`Thumb`, `u`.`Trial_Expire`, `u`.`Twitter`, `u`.`User_Name`, `u`.`User_Type`, `u`.`Verify_Code`, `u`.`Whatsapp`
FROM `Users` AS `u`
WHERE `u`.`Id` = @__id_0
LIMIT 1
2023-10-04 18:01:49.046 +05:30  INF  Executing endpoint 'DCRM.Api.Controllers.PatientController.Create (DCRM.Api)'
2023-10-04 18:01:49.080 +05:30  INF  Route matched with {action = "Create", controller = "Patient"}. Executing controller action with signature Microsoft.AspNetCore.Mvc.IActionResult Create(DCRM.Common.Entity.PatientRequest) on controller DCRM.Api.Controllers.PatientController (DCRM.Api).
2023-10-04 18:02:07.668 +05:30  INF  Executed DbCommand (37ms) [Parameters=[@__phone_0='?' (DbType = Int64)], CommandType='"Text"', CommandTimeout='30']
SELECT `p`.`Id`, `p`.`Address_O`, `p`.`Address_Other`, `p`.`Address_R`, `p`.`City_O`, `p`.`City_Other`, `p`.`City_R`, `p`.`Country_O`, `p`.`Country_Other`, `p`.`Country_R`, `p`.`Created_At`, `p`.`Doctor_Name`, `p`.`Email`, `p`.`Email2`, `p`.`Medical_History_Allergies`, `p`.`Patient_Id`, `p`.`Phone`, `p`.`Phone1`, `p`.`Phone2`, `p`.`Phone3`, `p`.`Phone4`, `p`.`Physician`, `p`.`Reffered_By`, `p`.`Relationship_Type`, `p`.`Special_Notes`, `p`.`Updated_At`, `p`.`Zip_O`, `p`.`Zip_Other`, `p`.`Zip_R`
FROM `Patients_Contact` AS `p`
WHERE `p`.`Phone1` = @__phone_0
LIMIT 1
2023-10-04 18:02:08.362 +05:30  INF  Executed DbCommand (135ms) [Parameters=[@p0='?' (DbType = SByte), @p1='?' (Size = 4000), @p2='?' (DbType = DateTime), @p3='?' (Size = 4000), @p4='?' (Size = 4000), @p5='?' (DbType = Int32), @p6='?' (Size = 4000), @p7='?' (Size = 4000), @p8='?' (Size = 4000), @p9='?' (Size = 4000), @p10='?' (Size = 4000), @p11='?' (Size = 4000), @p12='?' (Size = 4000), @p13='?' (Size = 4000), @p14='?' (Size = 4000), @p15='?' (Size = 4000), @p16='?' (Size = 4000), @p17='?' (Size = 4000), @p18='?' (DbType = Int64), @p19='?' (Size = 4000), @p20='?' (DbType = Int32)], CommandType='"Text"', CommandTimeout='30']
INSERT INTO `Patientses` (`Age`, `Chamber_Id`, `Created_At`, `Email`, `Guardian`, `Is_Delete`, `Mobile`, `Mr_Number`, `Name`, `Password`, `Permanent_Address`, `Present_Address`, `Role`, `Sex`, `Slug`, `Thumb`, `Title`, `UserName`, `User_Id`, `Verify_Code`, `Weight`)
VALUES (@p0, @p1, @p2, @p3, @p4, @p5, @p6, @p7, @p8, @p9, @p10, @p11, @p12, @p13, @p14, @p15, @p16, @p17, @p18, @p19, @p20);
SELECT `Id`
FROM `Patientses`
WHERE ROW_COUNT() = 1 AND `Id` = LAST_INSERT_ID();
2023-10-04 18:02:08.434 +05:30  INF  Executed DbCommand (3ms) [Parameters=[@__item_Id_0='?' (DbType = Int64)], CommandType='"Text"', CommandTimeout='30']
SELECT `p`.`Id`, `p`.`Address_O`, `p`.`Address_Other`, `p`.`Address_R`, `p`.`City_O`, `p`.`City_Other`, `p`.`City_R`, `p`.`Country_O`, `p`.`Country_Other`, `p`.`Country_R`, `p`.`Created_At`, `p`.`Doctor_Name`, `p`.`Email`, `p`.`Email2`, `p`.`Medical_History_Allergies`, `p`.`Patient_Id`, `p`.`Phone`, `p`.`Phone1`, `p`.`Phone2`, `p`.`Phone3`, `p`.`Phone4`, `p`.`Physician`, `p`.`Reffered_By`, `p`.`Relationship_Type`, `p`.`Special_Notes`, `p`.`Updated_At`, `p`.`Zip_O`, `p`.`Zip_Other`, `p`.`Zip_R`
FROM `Patients_Contact` AS `p`
WHERE `p`.`Id` = @__item_Id_0
LIMIT 1
2023-10-04 18:02:09.021 +05:30  ERR  Failed executing DbCommand (352ms) [Parameters=[@p0='?' (Size = 4000), @p1='?' (Size = 4000), @p2='?' (Size = 4000), @p3='?' (Size = 4000), @p4='?' (Size = 4000), @p5='?' (Size = 4000), @p6='?' (Size = 4000), @p7='?' (Size = 4000), @p8='?' (Size = 4000), @p9='?' (DbType = DateTime), @p10='?' (Size = 4000), @p11='?' (Size = 4000), @p12='?' (Size = 4000), @p13='?' (Size = 4000), @p14='?' (DbType = Int64), @p15='?' (Size = 4000), @p16='?' (DbType = Int64), @p17='?' (DbType = Int64), @p18='?' (DbType = Int64), @p19='?' (DbType = Int64), @p20='?' (Size = 4000), @p21='?' (Size = 4000), @p22='?' (Size = 4000), @p23='?' (Size = 4000), @p24='?' (DbType = DateTime), @p25='?' (Size = 4000), @p26='?' (DbType = Int64), @p27='?' (Size = 4000)], CommandType='"Text"', CommandTimeout='30']
INSERT INTO `Patients_Contact` (`Address_O`, `Address_Other`, `Address_R`, `City_O`, `City_Other`, `City_R`, `Country_O`, `Country_Other`, `Country_R`, `Created_At`, `Doctor_Name`, `Email`, `Email2`, `Medical_History_Allergies`, `Patient_Id`, `Phone`, `Phone1`, `Phone2`, `Phone3`, `Phone4`, `Physician`, `Reffered_By`, `Relationship_Type`, `Special_Notes`, `Updated_At`, `Zip_O`, `Zip_Other`, `Zip_R`)
VALUES (@p0, @p1, @p2, @p3, @p4, @p5, @p6, @p7, @p8, @p9, @p10, @p11, @p12, @p13, @p14, @p15, @p16, @p17, @p18, @p19, @p20, @p21, @p22, @p23, @p24, @p25, @p26, @p27);
SELECT `Id`
FROM `Patients_Contact`
WHERE ROW_COUNT() = 1 AND `Id` = LAST_INSERT_ID();
2023-10-04 18:02:09.078 +05:30  ERR  An exception occurred in the database while saving changes for context type 'DCRM.Repository.Database.DCRMDBContext'.
Microsoft.EntityFrameworkCore.DbUpdateException: Could not save changes. Please configure your entity type accordingly.
 ---> MySql.Data.MySqlClient.MySqlException (0x80004005): Column 'phone' cannot be null
   at MySql.Data.MySqlClient.MySqlStream.ReadPacketAsync(Boolean execAsync)
   at MySql.Data.MySqlClient.NativeDriver.GetResultAsync(Int32 affectedRow, Int64 insertedId, Boolean execAsync)
   at MySql.Data.MySqlClient.Driver.GetResultAsync(Int32 statementId, Int32 affectedRows, Int64 insertedId, Boolean execAsync)
   at MySql.Data.MySqlClient.Driver.NextResultAsync(Int32 statementId, Boolean force, Boolean execAsync)
   at MySql.Data.MySqlClient.MySqlDataReader.NextResultAsync(Boolean execAsync, CancellationToken cancellationToken)
   at MySql.Data.MySqlClient.MySqlDataReader.NextResultAsync(Boolean execAsync, CancellationToken cancellationToken)
   at MySql.Data.MySqlClient.MySqlCommand.ExecuteReaderAsync(CommandBehavior behavior, Boolean execAsync, CancellationToken cancellationToken)
   at MySql.Data.MySqlClient.MySqlCommand.ExecuteReaderAsync(CommandBehavior behavior, Boolean execAsync, CancellationToken cancellationToken)
   at MySql.Data.MySqlClient.MySqlCommand.ExecuteReaderAsync(CommandBehavior behavior, Boolean execAsync, CancellationToken cancellationToken)
   at MySql.Data.MySqlClient.MySqlCommand.ExecuteReader(CommandBehavior behavior)
   at Microsoft.EntityFrameworkCore.Storage.RelationalCommand.ExecuteReader(RelationalCommandParameterObject parameterObject)
   at Microsoft.EntityFrameworkCore.Update.ReaderModificationCommandBatch.Execute(IRelationalConnection connection)
   --- End of inner exception stack trace ---
   at MySql.EntityFrameworkCore.Update.MySQLModificationCommandBatch.Execute(IRelationalConnection connection)
   at Microsoft.EntityFrameworkCore.Update.Internal.BatchExecutor.Execute(IEnumerable`1 commandBatches, IRelationalConnection connection)
   at Microsoft.EntityFrameworkCore.ChangeTracking.Internal.StateManager.SaveChanges(IList`1 entriesToSave)
   at Microsoft.EntityFrameworkCore.ChangeTracking.Internal.StateManager.SaveChanges(StateManager stateManager, Boolean acceptAllChangesOnSuccess)
   at MySql.EntityFrameworkCore.Storage.Internal.MySQLExecutionStrategy.Execute[TState,TResult](TState state, Func`3 operation, Func`3 verifySucceeded)
   at Microsoft.EntityFrameworkCore.ChangeTracking.Internal.StateManager.SaveChanges(Boolean acceptAllChangesOnSuccess)
   at Microsoft.EntityFrameworkCore.DbContext.SaveChanges(Boolean acceptAllChangesOnSuccess)Microsoft.EntityFrameworkCore.DbUpdateException: Could not save changes. Please configure your entity type accordingly.
 ---> MySql.Data.MySqlClient.MySqlException (0x80004005): Column 'phone' cannot be null
   at MySql.Data.MySqlClient.MySqlStream.ReadPacketAsync(Boolean execAsync)
   at MySql.Data.MySqlClient.NativeDriver.GetResultAsync(Int32 affectedRow, Int64 insertedId, Boolean execAsync)
   at MySql.Data.MySqlClient.Driver.GetResultAsync(Int32 statementId, Int32 affectedRows, Int64 insertedId, Boolean execAsync)
   at MySql.Data.MySqlClient.Driver.NextResultAsync(Int32 statementId, Boolean force, Boolean execAsync)
   at MySql.Data.MySqlClient.MySqlDataReader.NextResultAsync(Boolean execAsync, CancellationToken cancellationToken)
   at MySql.Data.MySqlClient.MySqlDataReader.NextResultAsync(Boolean execAsync, CancellationToken cancellationToken)
   at MySql.Data.MySqlClient.MySqlCommand.ExecuteReaderAsync(CommandBehavior behavior, Boolean execAsync, CancellationToken cancellationToken)
   at MySql.Data.MySqlClient.MySqlCommand.ExecuteReaderAsync(CommandBehavior behavior, Boolean execAsync, CancellationToken cancellationToken)
   at MySql.Data.MySqlClient.MySqlCommand.ExecuteReaderAsync(CommandBehavior behavior, Boolean execAsync, CancellationToken cancellationToken)
   at MySql.Data.MySqlClient.MySqlCommand.ExecuteReader(CommandBehavior behavior)
   at Microsoft.EntityFrameworkCore.Storage.RelationalCommand.ExecuteReader(RelationalCommandParameterObject parameterObject)
   at Microsoft.EntityFrameworkCore.Update.ReaderModificationCommandBatch.Execute(IRelationalConnection connection)
   --- End of inner exception stack trace ---
   at MySql.EntityFrameworkCore.Update.MySQLModificationCommandBatch.Execute(IRelationalConnection connection)
   at Microsoft.EntityFrameworkCore.Update.Internal.BatchExecutor.Execute(IEnumerable`1 commandBatches, IRelationalConnection connection)
   at Microsoft.EntityFrameworkCore.ChangeTracking.Internal.StateManager.SaveChanges(IList`1 entriesToSave)
   at Microsoft.EntityFrameworkCore.ChangeTracking.Internal.StateManager.SaveChanges(StateManager stateManager, Boolean acceptAllChangesOnSuccess)
   at MySql.EntityFrameworkCore.Storage.Internal.MySQLExecutionStrategy.Execute[TState,TResult](TState state, Func`3 operation, Func`3 verifySucceeded)
   at Microsoft.EntityFrameworkCore.ChangeTracking.Internal.StateManager.SaveChanges(Boolean acceptAllChangesOnSuccess)
   at Microsoft.EntityFrameworkCore.DbContext.SaveChanges(Boolean acceptAllChangesOnSuccess)

2023-10-04 18:02:14.617 +05:30  INF  Executed action DCRM.Api.Controllers.PatientController.Create (DCRM.Api) in 25535.555ms
2023-10-04 18:02:14.624 +05:30  INF  Executed endpoint 'DCRM.Api.Controllers.PatientController.Create (DCRM.Api)'
2023-10-04 18:02:14.696 +05:30  INF  Request finished HTTP/2 POST https://localhost:7069/api/Patient/Create application/json 605 - 500 - application/json 26663.6828ms
2023-10-04 18:02:24.159 +05:30  INF  Request starting HTTP/2 OPTIONS https://localhost:7069/api/Patient/Create - -
2023-10-04 18:02:24.159 +05:30  INF  CORS policy execution successful.
2023-10-04 18:02:24.159 +05:30  INF  Request finished HTTP/2 OPTIONS https://localhost:7069/api/Patient/Create - - - 204 - - 1.0141ms
2023-10-04 18:02:24.162 +05:30  INF  Request starting HTTP/2 POST https://localhost:7069/api/Patient/Create application/json 605
2023-10-04 18:02:24.162 +05:30  INF  CORS policy execution successful.
2023-10-04 18:02:24.169 +05:30  INF  Executed DbCommand (2ms) [Parameters=[@__id_0='?' (DbType = Int32)], CommandType='"Text"', CommandTimeout='30']
SELECT `u`.`Id`, `u`.`About_Me`, `u`.`Account_Type`, `u`.`Address`, `u`.`Available_Days`, `u`.`Bn_Name`, `u`.`City`, `u`.`Country`, `u`.`Created_At`, `u`.`Currency`, `u`.`Degree`, `u`.`Email`, `u`.`Email_Verified`, `u`.`Enable_Appointment`, `u`.`Enable_Rating`, `u`.`Exp_Years`, `u`.`Facebook`, `u`.`Google_Analytics`, `u`.`Image`, `u`.`Instagram`, `u`.`Linkedin`, `u`.`Name`, `u`.`Parent_Id`, `u`.`Password`, `u`.`Paypal_Email`, `u`.`Paypal_Mode`, `u`.`Paypal_Payment`, `u`.`Paystack_Payment`, `u`.`Paystack_Public_Key`, `u`.`Paystack_Secret_Key`, `u`.`Phone`, `u`.`Publish_Key`, `u`.`Qr_Code`, `u`.`Razorpay_Key_Id`, `u`.`Razorpay_Key_Secret`, `u`.`Razorpay_Payment`, `u`.`Role`, `u`.`Secret_Key`, `u`.`Skype`, `u`.`Slug`, `u`.`Specialist`, `u`.`Status`, `u`.`Stripe_Payment`, `u`.`Thumb`, `u`.`Trial_Expire`, `u`.`Twitter`, `u`.`User_Name`, `u`.`User_Type`, `u`.`Verify_Code`, `u`.`Whatsapp`
FROM `Users` AS `u`
WHERE `u`.`Id` = @__id_0
LIMIT 1
2023-10-04 18:02:24.169 +05:30  INF  Executing endpoint 'DCRM.Api.Controllers.PatientController.Create (DCRM.Api)'
2023-10-04 18:02:24.169 +05:30  INF  Route matched with {action = "Create", controller = "Patient"}. Executing controller action with signature Microsoft.AspNetCore.Mvc.IActionResult Create(DCRM.Common.Entity.PatientRequest) on controller DCRM.Api.Controllers.PatientController (DCRM.Api).
2023-10-04 18:03:31.509 +05:30  INF  Executed DbCommand (3ms) [Parameters=[@__phone_0='?' (DbType = Int64)], CommandType='"Text"', CommandTimeout='30']
SELECT `p`.`Id`, `p`.`Address_O`, `p`.`Address_Other`, `p`.`Address_R`, `p`.`City_O`, `p`.`City_Other`, `p`.`City_R`, `p`.`Country_O`, `p`.`Country_Other`, `p`.`Country_R`, `p`.`Created_At`, `p`.`Doctor_Name`, `p`.`Email`, `p`.`Email2`, `p`.`Medical_History_Allergies`, `p`.`Patient_Id`, `p`.`Phone`, `p`.`Phone1`, `p`.`Phone2`, `p`.`Phone3`, `p`.`Phone4`, `p`.`Physician`, `p`.`Reffered_By`, `p`.`Relationship_Type`, `p`.`Special_Notes`, `p`.`Updated_At`, `p`.`Zip_O`, `p`.`Zip_Other`, `p`.`Zip_R`
FROM `Patients_Contact` AS `p`
WHERE `p`.`Phone1` = @__phone_0
LIMIT 1
2023-10-04 18:04:28.394 +05:30  INF  Executed DbCommand (8ms) [Parameters=[@p0='?' (DbType = SByte), @p1='?' (Size = 4000), @p2='?' (DbType = DateTime), @p3='?' (Size = 4000), @p4='?' (Size = 4000), @p5='?' (DbType = Int32), @p6='?' (Size = 4000), @p7='?' (Size = 4000), @p8='?' (Size = 4000), @p9='?' (Size = 4000), @p10='?' (Size = 4000), @p11='?' (Size = 4000), @p12='?' (Size = 4000), @p13='?' (Size = 4000), @p14='?' (Size = 4000), @p15='?' (Size = 4000), @p16='?' (Size = 4000), @p17='?' (Size = 4000), @p18='?' (DbType = Int64), @p19='?' (Size = 4000), @p20='?' (DbType = Int32)], CommandType='"Text"', CommandTimeout='30']
INSERT INTO `Patientses` (`Age`, `Chamber_Id`, `Created_At`, `Email`, `Guardian`, `Is_Delete`, `Mobile`, `Mr_Number`, `Name`, `Password`, `Permanent_Address`, `Present_Address`, `Role`, `Sex`, `Slug`, `Thumb`, `Title`, `UserName`, `User_Id`, `Verify_Code`, `Weight`)
VALUES (@p0, @p1, @p2, @p3, @p4, @p5, @p6, @p7, @p8, @p9, @p10, @p11, @p12, @p13, @p14, @p15, @p16, @p17, @p18, @p19, @p20);
SELECT `Id`
FROM `Patientses`
WHERE ROW_COUNT() = 1 AND `Id` = LAST_INSERT_ID();
2023-10-04 18:04:35.758 +05:30  INF  Executed DbCommand (2ms) [Parameters=[@__item_Id_0='?' (DbType = Int64)], CommandType='"Text"', CommandTimeout='30']
SELECT `p`.`Id`, `p`.`Address_O`, `p`.`Address_Other`, `p`.`Address_R`, `p`.`City_O`, `p`.`City_Other`, `p`.`City_R`, `p`.`Country_O`, `p`.`Country_Other`, `p`.`Country_R`, `p`.`Created_At`, `p`.`Doctor_Name`, `p`.`Email`, `p`.`Email2`, `p`.`Medical_History_Allergies`, `p`.`Patient_Id`, `p`.`Phone`, `p`.`Phone1`, `p`.`Phone2`, `p`.`Phone3`, `p`.`Phone4`, `p`.`Physician`, `p`.`Reffered_By`, `p`.`Relationship_Type`, `p`.`Special_Notes`, `p`.`Updated_At`, `p`.`Zip_O`, `p`.`Zip_Other`, `p`.`Zip_R`
FROM `Patients_Contact` AS `p`
WHERE `p`.`Id` = @__item_Id_0
LIMIT 1
2023-10-04 18:06:55.797 +05:30  ERR  Failed executing DbCommand (6ms) [Parameters=[@p0='?' (Size = 4000), @p1='?' (Size = 4000), @p2='?' (Size = 4000), @p3='?' (Size = 4000), @p4='?' (Size = 4000), @p5='?' (Size = 4000), @p6='?' (Size = 4000), @p7='?' (Size = 4000), @p8='?' (Size = 4000), @p9='?' (DbType = DateTime), @p10='?' (Size = 4000), @p11='?' (Size = 4000), @p12='?' (Size = 4000), @p13='?' (Size = 4000), @p14='?' (DbType = Int64), @p15='?' (Size = 4000), @p16='?' (DbType = Int64), @p17='?' (DbType = Int64), @p18='?' (DbType = Int64), @p19='?' (DbType = Int64), @p20='?' (Size = 4000), @p21='?' (Size = 4000), @p22='?' (Size = 4000), @p23='?' (Size = 4000), @p24='?' (DbType = DateTime), @p25='?' (Size = 4000), @p26='?' (DbType = Int64), @p27='?' (Size = 4000)], CommandType='"Text"', CommandTimeout='30']
INSERT INTO `Patients_Contact` (`Address_O`, `Address_Other`, `Address_R`, `City_O`, `City_Other`, `City_R`, `Country_O`, `Country_Other`, `Country_R`, `Created_At`, `Doctor_Name`, `Email`, `Email2`, `Medical_History_Allergies`, `Patient_Id`, `Phone`, `Phone1`, `Phone2`, `Phone3`, `Phone4`, `Physician`, `Reffered_By`, `Relationship_Type`, `Special_Notes`, `Updated_At`, `Zip_O`, `Zip_Other`, `Zip_R`)
VALUES (@p0, @p1, @p2, @p3, @p4, @p5, @p6, @p7, @p8, @p9, @p10, @p11, @p12, @p13, @p14, @p15, @p16, @p17, @p18, @p19, @p20, @p21, @p22, @p23, @p24, @p25, @p26, @p27);
SELECT `Id`
FROM `Patients_Contact`
WHERE ROW_COUNT() = 1 AND `Id` = LAST_INSERT_ID();
2023-10-04 18:06:55.801 +05:30  ERR  An exception occurred in the database while saving changes for context type 'DCRM.Repository.Database.DCRMDBContext'.
Microsoft.EntityFrameworkCore.DbUpdateException: Could not save changes. Please configure your entity type accordingly.
 ---> MySql.Data.MySqlClient.MySqlException (0x80004005): Column 'zip_other' cannot be null
   at MySql.Data.MySqlClient.MySqlStream.ReadPacketAsync(Boolean execAsync)
   at MySql.Data.MySqlClient.NativeDriver.GetResultAsync(Int32 affectedRow, Int64 insertedId, Boolean execAsync)
   at MySql.Data.MySqlClient.Driver.GetResultAsync(Int32 statementId, Int32 affectedRows, Int64 insertedId, Boolean execAsync)
   at MySql.Data.MySqlClient.Driver.NextResultAsync(Int32 statementId, Boolean force, Boolean execAsync)
   at MySql.Data.MySqlClient.MySqlDataReader.NextResultAsync(Boolean execAsync, CancellationToken cancellationToken)
   at MySql.Data.MySqlClient.MySqlDataReader.NextResultAsync(Boolean execAsync, CancellationToken cancellationToken)
   at MySql.Data.MySqlClient.MySqlCommand.ExecuteReaderAsync(CommandBehavior behavior, Boolean execAsync, CancellationToken cancellationToken)
   at MySql.Data.MySqlClient.MySqlCommand.ExecuteReaderAsync(CommandBehavior behavior, Boolean execAsync, CancellationToken cancellationToken)
   at MySql.Data.MySqlClient.MySqlCommand.ExecuteReaderAsync(CommandBehavior behavior, Boolean execAsync, CancellationToken cancellationToken)
   at MySql.Data.MySqlClient.MySqlCommand.ExecuteReader(CommandBehavior behavior)
   at Microsoft.EntityFrameworkCore.Storage.RelationalCommand.ExecuteReader(RelationalCommandParameterObject parameterObject)
   at Microsoft.EntityFrameworkCore.Update.ReaderModificationCommandBatch.Execute(IRelationalConnection connection)
   --- End of inner exception stack trace ---
   at MySql.EntityFrameworkCore.Update.MySQLModificationCommandBatch.Execute(IRelationalConnection connection)
   at Microsoft.EntityFrameworkCore.Update.Internal.BatchExecutor.Execute(IEnumerable`1 commandBatches, IRelationalConnection connection)
   at Microsoft.EntityFrameworkCore.ChangeTracking.Internal.StateManager.SaveChanges(IList`1 entriesToSave)
   at Microsoft.EntityFrameworkCore.ChangeTracking.Internal.StateManager.SaveChanges(StateManager stateManager, Boolean acceptAllChangesOnSuccess)
   at MySql.EntityFrameworkCore.Storage.Internal.MySQLExecutionStrategy.Execute[TState,TResult](TState state, Func`3 operation, Func`3 verifySucceeded)
   at Microsoft.EntityFrameworkCore.ChangeTracking.Internal.StateManager.SaveChanges(Boolean acceptAllChangesOnSuccess)
   at Microsoft.EntityFrameworkCore.DbContext.SaveChanges(Boolean acceptAllChangesOnSuccess)Microsoft.EntityFrameworkCore.DbUpdateException: Could not save changes. Please configure your entity type accordingly.
 ---> MySql.Data.MySqlClient.MySqlException (0x80004005): Column 'zip_other' cannot be null
   at MySql.Data.MySqlClient.MySqlStream.ReadPacketAsync(Boolean execAsync)
   at MySql.Data.MySqlClient.NativeDriver.GetResultAsync(Int32 affectedRow, Int64 insertedId, Boolean execAsync)
   at MySql.Data.MySqlClient.Driver.GetResultAsync(Int32 statementId, Int32 affectedRows, Int64 insertedId, Boolean execAsync)
   at MySql.Data.MySqlClient.Driver.NextResultAsync(Int32 statementId, Boolean force, Boolean execAsync)
   at MySql.Data.MySqlClient.MySqlDataReader.NextResultAsync(Boolean execAsync, CancellationToken cancellationToken)
   at MySql.Data.MySqlClient.MySqlDataReader.NextResultAsync(Boolean execAsync, CancellationToken cancellationToken)
   at MySql.Data.MySqlClient.MySqlCommand.ExecuteReaderAsync(CommandBehavior behavior, Boolean execAsync, CancellationToken cancellationToken)
   at MySql.Data.MySqlClient.MySqlCommand.ExecuteReaderAsync(CommandBehavior behavior, Boolean execAsync, CancellationToken cancellationToken)
   at MySql.Data.MySqlClient.MySqlCommand.ExecuteReaderAsync(CommandBehavior behavior, Boolean execAsync, CancellationToken cancellationToken)
   at MySql.Data.MySqlClient.MySqlCommand.ExecuteReader(CommandBehavior behavior)
   at Microsoft.EntityFrameworkCore.Storage.RelationalCommand.ExecuteReader(RelationalCommandParameterObject parameterObject)
   at Microsoft.EntityFrameworkCore.Update.ReaderModificationCommandBatch.Execute(IRelationalConnection connection)
   --- End of inner exception stack trace ---
   at MySql.EntityFrameworkCore.Update.MySQLModificationCommandBatch.Execute(IRelationalConnection connection)
   at Microsoft.EntityFrameworkCore.Update.Internal.BatchExecutor.Execute(IEnumerable`1 commandBatches, IRelationalConnection connection)
   at Microsoft.EntityFrameworkCore.ChangeTracking.Internal.StateManager.SaveChanges(IList`1 entriesToSave)
   at Microsoft.EntityFrameworkCore.ChangeTracking.Internal.StateManager.SaveChanges(StateManager stateManager, Boolean acceptAllChangesOnSuccess)
   at MySql.EntityFrameworkCore.Storage.Internal.MySQLExecutionStrategy.Execute[TState,TResult](TState state, Func`3 operation, Func`3 verifySucceeded)
   at Microsoft.EntityFrameworkCore.ChangeTracking.Internal.StateManager.SaveChanges(Boolean acceptAllChangesOnSuccess)
   at Microsoft.EntityFrameworkCore.DbContext.SaveChanges(Boolean acceptAllChangesOnSuccess)

2023-10-04 18:11:43.346 +05:30  INF  User profile is available. Using 'C:\Users\DELL\AppData\Local\ASP.NET\DataProtection-Keys' as key repository and Windows DPAPI to encrypt keys at rest.
2023-10-04 18:11:44.139 +05:30  INF  Now listening on: https://localhost:7069
2023-10-04 18:11:44.139 +05:30  INF  Now listening on: http://localhost:5069
2023-10-04 18:11:44.146 +05:30  INF  Application started. Press Ctrl+C to shut down.
2023-10-04 18:11:44.147 +05:30  INF  Hosting environment: Development
2023-10-04 18:11:44.147 +05:30  INF  Content root path: D:\Projects\GitHubProjects\virmani_dotnet\DCRM.Api\
2023-10-04 18:11:46.068 +05:30  INF  Request starting HTTP/2 GET https://localhost:7069/swagger - -
2023-10-04 18:11:46.458 +05:30  INF  Request finished HTTP/2 GET https://localhost:7069/swagger - - - 301 0 - 396.2683ms
2023-10-04 18:11:46.494 +05:30  INF  Request starting HTTP/2 GET https://localhost:7069/swagger/index.html - -
2023-10-04 18:11:47.352 +05:30  INF  Request starting HTTP/2 GET https://localhost:7069/swagger/swagger-ui.css - -
2023-10-04 18:11:47.353 +05:30  INF  Request finished HTTP/2 GET https://localhost:7069/swagger/index.html - - - 200 - text/html;charset=utf-8 859.0991ms
2023-10-04 18:11:47.359 +05:30  INF  Request starting HTTP/2 GET https://localhost:7069/swagger/swagger-ui-bundle.js - -
2023-10-04 18:11:47.359 +05:30  INF  Request starting HTTP/2 GET https://localhost:7069/swagger/swagger-ui-standalone-preset.js - -
2023-10-04 18:11:47.385 +05:30  INF  Request starting HTTP/2 GET https://localhost:7069/_framework/aspnetcore-browser-refresh.js - -
2023-10-04 18:11:47.385 +05:30  INF  Request starting HTTP/2 GET https://localhost:7069/_vs/browserLink - -
2023-10-04 18:11:47.395 +05:30  INF  Request finished HTTP/2 GET https://localhost:7069/_framework/aspnetcore-browser-refresh.js - - - 200 12348 application/javascript;+charset=utf-8 10.6113ms
2023-10-04 18:11:47.462 +05:30  INF  Sending file. Request path: '/swagger-ui-standalone-preset.js'. Physical path: 'N/A'
2023-10-04 18:11:47.462 +05:30  INF  Sending file. Request path: '/swagger-ui.css'. Physical path: 'N/A'
2023-10-04 18:11:47.463 +05:30  INF  Request finished HTTP/2 GET https://localhost:7069/swagger/swagger-ui-standalone-preset.js - - - 200 337162 application/javascript 103.3863ms
2023-10-04 18:11:47.463 +05:30  INF  Request finished HTTP/2 GET https://localhost:7069/swagger/swagger-ui.css - - - 200 143632 text/css 110.8750ms
2023-10-04 18:11:47.470 +05:30  INF  Request finished HTTP/2 GET https://localhost:7069/_vs/browserLink - - - 200 - text/javascript;+charset=UTF-8 84.3332ms
2023-10-04 18:11:47.483 +05:30  INF  Sending file. Request path: '/swagger-ui-bundle.js'. Physical path: 'N/A'
2023-10-04 18:11:47.483 +05:30  INF  Request finished HTTP/2 GET https://localhost:7069/swagger/swagger-ui-bundle.js - - - 200 1092889 application/javascript 123.7291ms
2023-10-04 18:11:47.674 +05:30  INF  Request starting HTTP/2 GET https://localhost:7069/swagger/v1/swagger.json - -
2023-10-04 18:11:47.947 +05:30  INF  Request finished HTTP/2 GET https://localhost:7069/swagger/v1/swagger.json - - - 200 - application/json;charset=utf-8 273.2443ms
2023-10-04 18:11:58.288 +05:30  INF  Request starting HTTP/2 OPTIONS https://localhost:7069/api/Patient/Create - -
2023-10-04 18:11:58.297 +05:30  INF  CORS policy execution successful.
2023-10-04 18:11:58.300 +05:30  INF  Request finished HTTP/2 OPTIONS https://localhost:7069/api/Patient/Create - - - 204 - - 11.9806ms
2023-10-04 18:11:58.302 +05:30  INF  Request starting HTTP/2 POST https://localhost:7069/api/Patient/Create application/json 577
2023-10-04 18:11:58.302 +05:30  INF  CORS policy execution successful.
2023-10-04 18:12:01.138 +05:30  INF  Executed DbCommand (21ms) [Parameters=[@__id_0='?' (DbType = Int32)], CommandType='"Text"', CommandTimeout='30']
SELECT `u`.`Id`, `u`.`About_Me`, `u`.`Account_Type`, `u`.`Address`, `u`.`Available_Days`, `u`.`Bn_Name`, `u`.`City`, `u`.`Country`, `u`.`Created_At`, `u`.`Currency`, `u`.`Degree`, `u`.`Email`, `u`.`Email_Verified`, `u`.`Enable_Appointment`, `u`.`Enable_Rating`, `u`.`Exp_Years`, `u`.`Facebook`, `u`.`Google_Analytics`, `u`.`Image`, `u`.`Instagram`, `u`.`Linkedin`, `u`.`Name`, `u`.`Parent_Id`, `u`.`Password`, `u`.`Paypal_Email`, `u`.`Paypal_Mode`, `u`.`Paypal_Payment`, `u`.`Paystack_Payment`, `u`.`Paystack_Public_Key`, `u`.`Paystack_Secret_Key`, `u`.`Phone`, `u`.`Publish_Key`, `u`.`Qr_Code`, `u`.`Razorpay_Key_Id`, `u`.`Razorpay_Key_Secret`, `u`.`Razorpay_Payment`, `u`.`Role`, `u`.`Secret_Key`, `u`.`Skype`, `u`.`Slug`, `u`.`Specialist`, `u`.`Status`, `u`.`Stripe_Payment`, `u`.`Thumb`, `u`.`Trial_Expire`, `u`.`Twitter`, `u`.`User_Name`, `u`.`User_Type`, `u`.`Verify_Code`, `u`.`Whatsapp`
FROM `Users` AS `u`
WHERE `u`.`Id` = @__id_0
LIMIT 1
2023-10-04 18:12:01.320 +05:30  INF  Executing endpoint 'DCRM.Api.Controllers.PatientController.Create (DCRM.Api)'
2023-10-04 18:12:01.361 +05:30  INF  Route matched with {action = "Create", controller = "Patient"}. Executing controller action with signature Microsoft.AspNetCore.Mvc.IActionResult Create(DCRM.Common.Entity.PatientRequest) on controller DCRM.Api.Controllers.PatientController (DCRM.Api).
2023-10-04 18:12:20.489 +05:30  INF  Executed DbCommand (13ms) [Parameters=[@__phone_0='?' (DbType = Int64)], CommandType='"Text"', CommandTimeout='30']
SELECT `p`.`Id`, `p`.`Address_O`, `p`.`Address_Other`, `p`.`Address_R`, `p`.`City_O`, `p`.`City_Other`, `p`.`City_R`, `p`.`Country_O`, `p`.`Country_Other`, `p`.`Country_R`, `p`.`Created_At`, `p`.`Doctor_Name`, `p`.`Email`, `p`.`Email2`, `p`.`Medical_History_Allergies`, `p`.`Patient_Id`, `p`.`Phone`, `p`.`Phone1`, `p`.`Phone2`, `p`.`Phone3`, `p`.`Phone4`, `p`.`Physician`, `p`.`Reffered_By`, `p`.`Relationship_Type`, `p`.`Special_Notes`, `p`.`Updated_At`, `p`.`Zip_O`, `p`.`Zip_Other`, `p`.`Zip_R`
FROM `Patients_Contact` AS `p`
WHERE `p`.`Phone1` = @__phone_0
LIMIT 1
2023-10-04 18:12:20.748 +05:30  INF  Executed DbCommand (30ms) [Parameters=[@p0='?' (DbType = SByte), @p1='?' (Size = 4000), @p2='?' (DbType = DateTime), @p3='?' (Size = 4000), @p4='?' (Size = 4000), @p5='?' (DbType = Int32), @p6='?' (Size = 4000), @p7='?' (Size = 4000), @p8='?' (Size = 4000), @p9='?' (Size = 4000), @p10='?' (Size = 4000), @p11='?' (Size = 4000), @p12='?' (Size = 4000), @p13='?' (Size = 4000), @p14='?' (Size = 4000), @p15='?' (Size = 4000), @p16='?' (Size = 4000), @p17='?' (Size = 4000), @p18='?' (DbType = Int64), @p19='?' (Size = 4000), @p20='?' (DbType = Int32)], CommandType='"Text"', CommandTimeout='30']
INSERT INTO `Patientses` (`Age`, `Chamber_Id`, `Created_At`, `Email`, `Guardian`, `Is_Delete`, `Mobile`, `Mr_Number`, `Name`, `Password`, `Permanent_Address`, `Present_Address`, `Role`, `Sex`, `Slug`, `Thumb`, `Title`, `UserName`, `User_Id`, `Verify_Code`, `Weight`)
VALUES (@p0, @p1, @p2, @p3, @p4, @p5, @p6, @p7, @p8, @p9, @p10, @p11, @p12, @p13, @p14, @p15, @p16, @p17, @p18, @p19, @p20);
SELECT `Id`
FROM `Patientses`
WHERE ROW_COUNT() = 1 AND `Id` = LAST_INSERT_ID();
2023-10-04 18:12:25.728 +05:30  INF  Executed DbCommand (1ms) [Parameters=[@__item_Id_0='?' (DbType = Int64)], CommandType='"Text"', CommandTimeout='30']
SELECT `p`.`Id`, `p`.`Address_O`, `p`.`Address_Other`, `p`.`Address_R`, `p`.`City_O`, `p`.`City_Other`, `p`.`City_R`, `p`.`Country_O`, `p`.`Country_Other`, `p`.`Country_R`, `p`.`Created_At`, `p`.`Doctor_Name`, `p`.`Email`, `p`.`Email2`, `p`.`Medical_History_Allergies`, `p`.`Patient_Id`, `p`.`Phone`, `p`.`Phone1`, `p`.`Phone2`, `p`.`Phone3`, `p`.`Phone4`, `p`.`Physician`, `p`.`Reffered_By`, `p`.`Relationship_Type`, `p`.`Special_Notes`, `p`.`Updated_At`, `p`.`Zip_O`, `p`.`Zip_Other`, `p`.`Zip_R`
FROM `Patients_Contact` AS `p`
WHERE `p`.`Id` = @__item_Id_0
LIMIT 1
2023-10-04 18:12:29.874 +05:30  INF  Executed DbCommand (8ms) [Parameters=[@p0='?' (Size = 4000), @p1='?' (Size = 4000), @p2='?' (Size = 4000), @p3='?' (Size = 4000), @p4='?' (Size = 4000), @p5='?' (Size = 4000), @p6='?' (Size = 4000), @p7='?' (Size = 4000), @p8='?' (Size = 4000), @p9='?' (DbType = DateTime), @p10='?' (Size = 4000), @p11='?' (Size = 4000), @p12='?' (Size = 4000), @p13='?' (Size = 4000), @p14='?' (DbType = Int64), @p15='?' (Size = 4000), @p16='?' (DbType = Int64), @p17='?' (DbType = Int64), @p18='?' (DbType = Int64), @p19='?' (DbType = Int64), @p20='?' (Size = 4000), @p21='?' (Size = 4000), @p22='?' (Size = 4000), @p23='?' (Size = 4000), @p24='?' (DbType = DateTime), @p25='?' (Size = 4000), @p26='?' (DbType = Int64), @p27='?' (Size = 4000)], CommandType='"Text"', CommandTimeout='30']
INSERT INTO `Patients_Contact` (`Address_O`, `Address_Other`, `Address_R`, `City_O`, `City_Other`, `City_R`, `Country_O`, `Country_Other`, `Country_R`, `Created_At`, `Doctor_Name`, `Email`, `Email2`, `Medical_History_Allergies`, `Patient_Id`, `Phone`, `Phone1`, `Phone2`, `Phone3`, `Phone4`, `Physician`, `Reffered_By`, `Relationship_Type`, `Special_Notes`, `Updated_At`, `Zip_O`, `Zip_Other`, `Zip_R`)
VALUES (@p0, @p1, @p2, @p3, @p4, @p5, @p6, @p7, @p8, @p9, @p10, @p11, @p12, @p13, @p14, @p15, @p16, @p17, @p18, @p19, @p20, @p21, @p22, @p23, @p24, @p25, @p26, @p27);
SELECT `Id`
FROM `Patients_Contact`
WHERE ROW_COUNT() = 1 AND `Id` = LAST_INSERT_ID();
2023-10-04 18:12:34.590 +05:30  INF  Executed DbCommand (1ms) [Parameters=[@__id_0='?' (DbType = Int64)], CommandType='"Text"', CommandTimeout='30']
SELECT `p`.`Id`, `p`.`Age`, `p`.`Chamber_Id`, `p`.`Created_At`, `p`.`Email`, `p`.`Guardian`, `p`.`Is_Delete`, `p`.`Mobile`, `p`.`Mr_Number`, `p`.`Name`, `p`.`Password`, `p`.`Permanent_Address`, `p`.`Present_Address`, `p`.`Role`, `p`.`Sex`, `p`.`Slug`, `p`.`Thumb`, `p`.`Title`, `p`.`UserName`, `p`.`User_Id`, `p`.`Verify_Code`, `p`.`Weight`
FROM `Patientses` AS `p`
WHERE `p`.`Id` = @__id_0
LIMIT 1
2023-10-04 18:12:34.597 +05:30  INF  Executing OkObjectResult, writing value of type 'System.String'.
2023-10-04 18:12:34.607 +05:30  INF  Executed action DCRM.Api.Controllers.PatientController.Create (DCRM.Api) in 33239.2253ms
2023-10-04 18:12:34.609 +05:30  INF  Executed endpoint 'DCRM.Api.Controllers.PatientController.Create (DCRM.Api)'
2023-10-04 18:12:34.626 +05:30  INF  Request finished HTTP/2 POST https://localhost:7069/api/Patient/Create application/json 577 - 200 - text/plain;+charset=utf-8 36324.0954ms
2023-10-04 18:12:42.273 +05:30  INF  Request starting HTTP/2 OPTIONS https://localhost:7069/api/Patient/GetAll - -
2023-10-04 18:12:42.276 +05:30  INF  CORS policy execution successful.
2023-10-04 18:12:42.277 +05:30  INF  Request finished HTTP/2 OPTIONS https://localhost:7069/api/Patient/GetAll - - - 204 - - 3.4356ms
2023-10-04 18:12:42.278 +05:30  INF  Request starting HTTP/2 GET https://localhost:7069/api/Patient/GetAll application/json -
2023-10-04 18:12:42.278 +05:30  INF  CORS policy execution successful.
2023-10-04 18:12:42.331 +05:30  INF  Executed DbCommand (1ms) [Parameters=[@__id_0='?' (DbType = Int32)], CommandType='"Text"', CommandTimeout='30']
SELECT `u`.`Id`, `u`.`About_Me`, `u`.`Account_Type`, `u`.`Address`, `u`.`Available_Days`, `u`.`Bn_Name`, `u`.`City`, `u`.`Country`, `u`.`Created_At`, `u`.`Currency`, `u`.`Degree`, `u`.`Email`, `u`.`Email_Verified`, `u`.`Enable_Appointment`, `u`.`Enable_Rating`, `u`.`Exp_Years`, `u`.`Facebook`, `u`.`Google_Analytics`, `u`.`Image`, `u`.`Instagram`, `u`.`Linkedin`, `u`.`Name`, `u`.`Parent_Id`, `u`.`Password`, `u`.`Paypal_Email`, `u`.`Paypal_Mode`, `u`.`Paypal_Payment`, `u`.`Paystack_Payment`, `u`.`Paystack_Public_Key`, `u`.`Paystack_Secret_Key`, `u`.`Phone`, `u`.`Publish_Key`, `u`.`Qr_Code`, `u`.`Razorpay_Key_Id`, `u`.`Razorpay_Key_Secret`, `u`.`Razorpay_Payment`, `u`.`Role`, `u`.`Secret_Key`, `u`.`Skype`, `u`.`Slug`, `u`.`Specialist`, `u`.`Status`, `u`.`Stripe_Payment`, `u`.`Thumb`, `u`.`Trial_Expire`, `u`.`Twitter`, `u`.`User_Name`, `u`.`User_Type`, `u`.`Verify_Code`, `u`.`Whatsapp`
FROM `Users` AS `u`
WHERE `u`.`Id` = @__id_0
LIMIT 1
2023-10-04 18:12:42.331 +05:30  INF  Executing endpoint 'DCRM.Api.Controllers.PatientController.GetAll (DCRM.Api)'
2023-10-04 18:12:42.335 +05:30  INF  Route matched with {action = "GetAll", controller = "Patient"}. Executing controller action with signature System.Threading.Tasks.Task`1[System.Collections.Generic.List`1[DCRM.Common.Dto.PatientseDto]] GetAll() on controller DCRM.Api.Controllers.PatientController (DCRM.Api).
2023-10-04 18:12:42.351 +05:30  INF  Executed DbCommand (2ms) [Parameters=[], CommandType='"Text"', CommandTimeout='30']
SELECT `p`.`Id`, `p`.`Age`, `p`.`Chamber_Id`, `p`.`Created_At`, `p`.`Email`, `p`.`Guardian`, `p`.`Is_Delete`, `p`.`Mobile`, `p`.`Mr_Number`, `p`.`Name`, `p`.`Password`, `p`.`Permanent_Address`, `p`.`Present_Address`, `p`.`Role`, `p`.`Sex`, `p`.`Slug`, `p`.`Thumb`, `p`.`Title`, `p`.`UserName`, `p`.`User_Id`, `p`.`Verify_Code`, `p`.`Weight`
FROM `Patientses` AS `p`
WHERE `p`.`Is_Delete` = 0
2023-10-04 18:12:42.393 +05:30  INF  Executed DbCommand (26ms) [Parameters=[], CommandType='"Text"', CommandTimeout='30']
SELECT `p`.`Id`, `p`.`Amount_Type`, `p`.`Balance`, `p`.`Created_At`, `p`.`Credit_Amount`, `p`.`Debit_Amount`, `p`.`Description`, `p`.`Doctor_Id`, `p`.`Patient_Id`, `p`.`Payment_Mode`, `p`.`Updated_At`, `p`.`Workdone_Id`
FROM `Payment_History` AS `p`
2023-10-04 18:12:42.449 +05:30  INF  Executed DbCommand (17ms) [Parameters=[@__p_0='?' (DbType = Int64)], CommandType='"Text"', CommandTimeout='30']
SELECT `p`.`Id`, `p`.`Amount`, `p`.`Balance_Amount`, `p`.`Balance_Spent`, `p`.`Created_At`, `p`.`Name`, `p`.`Patients_Id`, `p`.`Type`, `p`.`Updated_At`
FROM `Patients_Insurance_Loan` AS `p`
WHERE `p`.`Patients_Id` = @__p_0
2023-10-04 18:12:42.473 +05:30  INF  Executed DbCommand (9ms) [Parameters=[@__p_0='?' (DbType = Int64)], CommandType='"Text"', CommandTimeout='30']
SELECT `p`.`Id`, `p`.`Created_At`, `p`.`Patient_Id`, `p`.`Report`, `p`.`Report_Date`, `p`.`Report_File`, `p`.`Status`, `p`.`Test_Name`, `p`.`Test_Price`, `p`.`Updated_At`
FROM `Patient_Tests` AS `p`
WHERE `p`.`Patient_Id` = @__p_0
2023-10-04 18:12:42.485 +05:30  INF  Executed DbCommand (1ms) [Parameters=[@__p_0='?' (DbType = Int64)], CommandType='"Text"', CommandTimeout='30']
SELECT `p`.`Id`, `p`.`Address_O`, `p`.`Address_Other`, `p`.`Address_R`, `p`.`City_O`, `p`.`City_Other`, `p`.`City_R`, `p`.`Country_O`, `p`.`Country_Other`, `p`.`Country_R`, `p`.`Created_At`, `p`.`Doctor_Name`, `p`.`Email`, `p`.`Email2`, `p`.`Medical_History_Allergies`, `p`.`Patient_Id`, `p`.`Phone`, `p`.`Phone1`, `p`.`Phone2`, `p`.`Phone3`, `p`.`Phone4`, `p`.`Physician`, `p`.`Reffered_By`, `p`.`Relationship_Type`, `p`.`Special_Notes`, `p`.`Updated_At`, `p`.`Zip_O`, `p`.`Zip_Other`, `p`.`Zip_R`
FROM `Patients_Contact` AS `p`
WHERE `p`.`Patient_Id` = @__p_0
2023-10-04 18:12:42.499 +05:30  INF  Executed DbCommand (9ms) [Parameters=[@__p_0='?' (DbType = Int64)], CommandType='"Text"', CommandTimeout='30']
SELECT `p`.`Id`, `p`.`Created_At`, `p`.`Patient_Id`, `p`.`Report`, `p`.`Report_File`, `p`.`Scan_Name`, `p`.`Status`, `p`.`Type`, `p`.`Updated_At`
FROM `Patient_Scans` AS `p`
WHERE `p`.`Patient_Id` = @__p_0
2023-10-04 18:12:42.513 +05:30  INF  Executed DbCommand (1ms) [Parameters=[], CommandType='"Text"', CommandTimeout='30']
SELECT `p`.`Id`, `p`.`Amount_Type`, `p`.`Balance`, `p`.`Created_At`, `p`.`Credit_Amount`, `p`.`Debit_Amount`, `p`.`Description`, `p`.`Doctor_Id`, `p`.`Patient_Id`, `p`.`Payment_Mode`, `p`.`Updated_At`, `p`.`Workdone_Id`
FROM `Payment_History` AS `p`
2023-10-04 18:12:42.518 +05:30  INF  Executed DbCommand (1ms) [Parameters=[@__p_0='?' (DbType = Int64)], CommandType='"Text"', CommandTimeout='30']
SELECT `p`.`Id`, `p`.`Amount`, `p`.`Balance_Amount`, `p`.`Balance_Spent`, `p`.`Created_At`, `p`.`Name`, `p`.`Patients_Id`, `p`.`Type`, `p`.`Updated_At`
FROM `Patients_Insurance_Loan` AS `p`
WHERE `p`.`Patients_Id` = @__p_0
2023-10-04 18:12:42.520 +05:30  INF  Executed DbCommand (0ms) [Parameters=[@__p_0='?' (DbType = Int64)], CommandType='"Text"', CommandTimeout='30']
SELECT `p`.`Id`, `p`.`Created_At`, `p`.`Patient_Id`, `p`.`Report`, `p`.`Report_Date`, `p`.`Report_File`, `p`.`Status`, `p`.`Test_Name`, `p`.`Test_Price`, `p`.`Updated_At`
FROM `Patient_Tests` AS `p`
WHERE `p`.`Patient_Id` = @__p_0
2023-10-04 18:12:42.522 +05:30  INF  Executed DbCommand (1ms) [Parameters=[@__p_0='?' (DbType = Int64)], CommandType='"Text"', CommandTimeout='30']
SELECT `p`.`Id`, `p`.`Address_O`, `p`.`Address_Other`, `p`.`Address_R`, `p`.`City_O`, `p`.`City_Other`, `p`.`City_R`, `p`.`Country_O`, `p`.`Country_Other`, `p`.`Country_R`, `p`.`Created_At`, `p`.`Doctor_Name`, `p`.`Email`, `p`.`Email2`, `p`.`Medical_History_Allergies`, `p`.`Patient_Id`, `p`.`Phone`, `p`.`Phone1`, `p`.`Phone2`, `p`.`Phone3`, `p`.`Phone4`, `p`.`Physician`, `p`.`Reffered_By`, `p`.`Relationship_Type`, `p`.`Special_Notes`, `p`.`Updated_At`, `p`.`Zip_O`, `p`.`Zip_Other`, `p`.`Zip_R`
FROM `Patients_Contact` AS `p`
WHERE `p`.`Patient_Id` = @__p_0
2023-10-04 18:12:42.524 +05:30  INF  Executed DbCommand (0ms) [Parameters=[@__p_0='?' (DbType = Int64)], CommandType='"Text"', CommandTimeout='30']
SELECT `p`.`Id`, `p`.`Created_At`, `p`.`Patient_Id`, `p`.`Report`, `p`.`Report_File`, `p`.`Scan_Name`, `p`.`Status`, `p`.`Type`, `p`.`Updated_At`
FROM `Patient_Scans` AS `p`
WHERE `p`.`Patient_Id` = @__p_0
2023-10-04 18:12:42.525 +05:30  INF  Executed DbCommand (1ms) [Parameters=[], CommandType='"Text"', CommandTimeout='30']
SELECT `p`.`Id`, `p`.`Amount_Type`, `p`.`Balance`, `p`.`Created_At`, `p`.`Credit_Amount`, `p`.`Debit_Amount`, `p`.`Description`, `p`.`Doctor_Id`, `p`.`Patient_Id`, `p`.`Payment_Mode`, `p`.`Updated_At`, `p`.`Workdone_Id`
FROM `Payment_History` AS `p`
2023-10-04 18:12:42.533 +05:30  INF  Executed DbCommand (1ms) [Parameters=[@__p_0='?' (DbType = Int64)], CommandType='"Text"', CommandTimeout='30']
SELECT `p`.`Id`, `p`.`Amount`, `p`.`Balance_Amount`, `p`.`Balance_Spent`, `p`.`Created_At`, `p`.`Name`, `p`.`Patients_Id`, `p`.`Type`, `p`.`Updated_At`
FROM `Patients_Insurance_Loan` AS `p`
WHERE `p`.`Patients_Id` = @__p_0
2023-10-04 18:12:42.535 +05:30  INF  Executed DbCommand (0ms) [Parameters=[@__p_0='?' (DbType = Int64)], CommandType='"Text"', CommandTimeout='30']
SELECT `p`.`Id`, `p`.`Created_At`, `p`.`Patient_Id`, `p`.`Report`, `p`.`Report_Date`, `p`.`Report_File`, `p`.`Status`, `p`.`Test_Name`, `p`.`Test_Price`, `p`.`Updated_At`
FROM `Patient_Tests` AS `p`
WHERE `p`.`Patient_Id` = @__p_0
2023-10-04 18:12:42.537 +05:30  INF  Executed DbCommand (1ms) [Parameters=[@__p_0='?' (DbType = Int64)], CommandType='"Text"', CommandTimeout='30']
SELECT `p`.`Id`, `p`.`Address_O`, `p`.`Address_Other`, `p`.`Address_R`, `p`.`City_O`, `p`.`City_Other`, `p`.`City_R`, `p`.`Country_O`, `p`.`Country_Other`, `p`.`Country_R`, `p`.`Created_At`, `p`.`Doctor_Name`, `p`.`Email`, `p`.`Email2`, `p`.`Medical_History_Allergies`, `p`.`Patient_Id`, `p`.`Phone`, `p`.`Phone1`, `p`.`Phone2`, `p`.`Phone3`, `p`.`Phone4`, `p`.`Physician`, `p`.`Reffered_By`, `p`.`Relationship_Type`, `p`.`Special_Notes`, `p`.`Updated_At`, `p`.`Zip_O`, `p`.`Zip_Other`, `p`.`Zip_R`
FROM `Patients_Contact` AS `p`
WHERE `p`.`Patient_Id` = @__p_0
2023-10-04 18:12:42.538 +05:30  INF  Executed DbCommand (0ms) [Parameters=[@__p_0='?' (DbType = Int64)], CommandType='"Text"', CommandTimeout='30']
SELECT `p`.`Id`, `p`.`Created_At`, `p`.`Patient_Id`, `p`.`Report`, `p`.`Report_File`, `p`.`Scan_Name`, `p`.`Status`, `p`.`Type`, `p`.`Updated_At`
FROM `Patient_Scans` AS `p`
WHERE `p`.`Patient_Id` = @__p_0
2023-10-04 18:12:42.539 +05:30  INF  Executed DbCommand (1ms) [Parameters=[], CommandType='"Text"', CommandTimeout='30']
SELECT `p`.`Id`, `p`.`Amount_Type`, `p`.`Balance`, `p`.`Created_At`, `p`.`Credit_Amount`, `p`.`Debit_Amount`, `p`.`Description`, `p`.`Doctor_Id`, `p`.`Patient_Id`, `p`.`Payment_Mode`, `p`.`Updated_At`, `p`.`Workdone_Id`
FROM `Payment_History` AS `p`
2023-10-04 18:12:42.544 +05:30  INF  Executed DbCommand (1ms) [Parameters=[@__p_0='?' (DbType = Int64)], CommandType='"Text"', CommandTimeout='30']
SELECT `p`.`Id`, `p`.`Amount`, `p`.`Balance_Amount`, `p`.`Balance_Spent`, `p`.`Created_At`, `p`.`Name`, `p`.`Patients_Id`, `p`.`Type`, `p`.`Updated_At`
FROM `Patients_Insurance_Loan` AS `p`
WHERE `p`.`Patients_Id` = @__p_0
2023-10-04 18:12:42.546 +05:30  INF  Executed DbCommand (0ms) [Parameters=[@__p_0='?' (DbType = Int64)], CommandType='"Text"', CommandTimeout='30']
SELECT `p`.`Id`, `p`.`Created_At`, `p`.`Patient_Id`, `p`.`Report`, `p`.`Report_Date`, `p`.`Report_File`, `p`.`Status`, `p`.`Test_Name`, `p`.`Test_Price`, `p`.`Updated_At`
FROM `Patient_Tests` AS `p`
WHERE `p`.`Patient_Id` = @__p_0
2023-10-04 18:12:42.548 +05:30  INF  Executed DbCommand (1ms) [Parameters=[@__p_0='?' (DbType = Int64)], CommandType='"Text"', CommandTimeout='30']
SELECT `p`.`Id`, `p`.`Address_O`, `p`.`Address_Other`, `p`.`Address_R`, `p`.`City_O`, `p`.`City_Other`, `p`.`City_R`, `p`.`Country_O`, `p`.`Country_Other`, `p`.`Country_R`, `p`.`Created_At`, `p`.`Doctor_Name`, `p`.`Email`, `p`.`Email2`, `p`.`Medical_History_Allergies`, `p`.`Patient_Id`, `p`.`Phone`, `p`.`Phone1`, `p`.`Phone2`, `p`.`Phone3`, `p`.`Phone4`, `p`.`Physician`, `p`.`Reffered_By`, `p`.`Relationship_Type`, `p`.`Special_Notes`, `p`.`Updated_At`, `p`.`Zip_O`, `p`.`Zip_Other`, `p`.`Zip_R`
FROM `Patients_Contact` AS `p`
WHERE `p`.`Patient_Id` = @__p_0
2023-10-04 18:12:42.549 +05:30  INF  Executed DbCommand (1ms) [Parameters=[@__p_0='?' (DbType = Int64)], CommandType='"Text"', CommandTimeout='30']
SELECT `p`.`Id`, `p`.`Created_At`, `p`.`Patient_Id`, `p`.`Report`, `p`.`Report_File`, `p`.`Scan_Name`, `p`.`Status`, `p`.`Type`, `p`.`Updated_At`
FROM `Patient_Scans` AS `p`
WHERE `p`.`Patient_Id` = @__p_0
2023-10-04 18:12:42.551 +05:30  INF  Executed DbCommand (1ms) [Parameters=[], CommandType='"Text"', CommandTimeout='30']
SELECT `p`.`Id`, `p`.`Amount_Type`, `p`.`Balance`, `p`.`Created_At`, `p`.`Credit_Amount`, `p`.`Debit_Amount`, `p`.`Description`, `p`.`Doctor_Id`, `p`.`Patient_Id`, `p`.`Payment_Mode`, `p`.`Updated_At`, `p`.`Workdone_Id`
FROM `Payment_History` AS `p`
2023-10-04 18:12:42.556 +05:30  INF  Executed DbCommand (1ms) [Parameters=[@__p_0='?' (DbType = Int64)], CommandType='"Text"', CommandTimeout='30']
SELECT `p`.`Id`, `p`.`Amount`, `p`.`Balance_Amount`, `p`.`Balance_Spent`, `p`.`Created_At`, `p`.`Name`, `p`.`Patients_Id`, `p`.`Type`, `p`.`Updated_At`
FROM `Patients_Insurance_Loan` AS `p`
WHERE `p`.`Patients_Id` = @__p_0
2023-10-04 18:12:42.558 +05:30  INF  Executed DbCommand (0ms) [Parameters=[@__p_0='?' (DbType = Int64)], CommandType='"Text"', CommandTimeout='30']
SELECT `p`.`Id`, `p`.`Created_At`, `p`.`Patient_Id`, `p`.`Report`, `p`.`Report_Date`, `p`.`Report_File`, `p`.`Status`, `p`.`Test_Name`, `p`.`Test_Price`, `p`.`Updated_At`
FROM `Patient_Tests` AS `p`
WHERE `p`.`Patient_Id` = @__p_0
2023-10-04 18:12:42.560 +05:30  INF  Executed DbCommand (1ms) [Parameters=[@__p_0='?' (DbType = Int64)], CommandType='"Text"', CommandTimeout='30']
SELECT `p`.`Id`, `p`.`Address_O`, `p`.`Address_Other`, `p`.`Address_R`, `p`.`City_O`, `p`.`City_Other`, `p`.`City_R`, `p`.`Country_O`, `p`.`Country_Other`, `p`.`Country_R`, `p`.`Created_At`, `p`.`Doctor_Name`, `p`.`Email`, `p`.`Email2`, `p`.`Medical_History_Allergies`, `p`.`Patient_Id`, `p`.`Phone`, `p`.`Phone1`, `p`.`Phone2`, `p`.`Phone3`, `p`.`Phone4`, `p`.`Physician`, `p`.`Reffered_By`, `p`.`Relationship_Type`, `p`.`Special_Notes`, `p`.`Updated_At`, `p`.`Zip_O`, `p`.`Zip_Other`, `p`.`Zip_R`
FROM `Patients_Contact` AS `p`
WHERE `p`.`Patient_Id` = @__p_0
2023-10-04 18:12:42.561 +05:30  INF  Executed DbCommand (0ms) [Parameters=[@__p_0='?' (DbType = Int64)], CommandType='"Text"', CommandTimeout='30']
SELECT `p`.`Id`, `p`.`Created_At`, `p`.`Patient_Id`, `p`.`Report`, `p`.`Report_File`, `p`.`Scan_Name`, `p`.`Status`, `p`.`Type`, `p`.`Updated_At`
FROM `Patient_Scans` AS `p`
WHERE `p`.`Patient_Id` = @__p_0
2023-10-04 18:12:42.562 +05:30  INF  Executed DbCommand (1ms) [Parameters=[], CommandType='"Text"', CommandTimeout='30']
SELECT `p`.`Id`, `p`.`Amount_Type`, `p`.`Balance`, `p`.`Created_At`, `p`.`Credit_Amount`, `p`.`Debit_Amount`, `p`.`Description`, `p`.`Doctor_Id`, `p`.`Patient_Id`, `p`.`Payment_Mode`, `p`.`Updated_At`, `p`.`Workdone_Id`
FROM `Payment_History` AS `p`
2023-10-04 18:12:42.567 +05:30  INF  Executed DbCommand (1ms) [Parameters=[@__p_0='?' (DbType = Int64)], CommandType='"Text"', CommandTimeout='30']
SELECT `p`.`Id`, `p`.`Amount`, `p`.`Balance_Amount`, `p`.`Balance_Spent`, `p`.`Created_At`, `p`.`Name`, `p`.`Patients_Id`, `p`.`Type`, `p`.`Updated_At`
FROM `Patients_Insurance_Loan` AS `p`
WHERE `p`.`Patients_Id` = @__p_0
2023-10-04 18:12:42.568 +05:30  INF  Executed DbCommand (0ms) [Parameters=[@__p_0='?' (DbType = Int64)], CommandType='"Text"', CommandTimeout='30']
SELECT `p`.`Id`, `p`.`Created_At`, `p`.`Patient_Id`, `p`.`Report`, `p`.`Report_Date`, `p`.`Report_File`, `p`.`Status`, `p`.`Test_Name`, `p`.`Test_Price`, `p`.`Updated_At`
FROM `Patient_Tests` AS `p`
WHERE `p`.`Patient_Id` = @__p_0
2023-10-04 18:12:42.570 +05:30  INF  Executed DbCommand (1ms) [Parameters=[@__p_0='?' (DbType = Int64)], CommandType='"Text"', CommandTimeout='30']
SELECT `p`.`Id`, `p`.`Address_O`, `p`.`Address_Other`, `p`.`Address_R`, `p`.`City_O`, `p`.`City_Other`, `p`.`City_R`, `p`.`Country_O`, `p`.`Country_Other`, `p`.`Country_R`, `p`.`Created_At`, `p`.`Doctor_Name`, `p`.`Email`, `p`.`Email2`, `p`.`Medical_History_Allergies`, `p`.`Patient_Id`, `p`.`Phone`, `p`.`Phone1`, `p`.`Phone2`, `p`.`Phone3`, `p`.`Phone4`, `p`.`Physician`, `p`.`Reffered_By`, `p`.`Relationship_Type`, `p`.`Special_Notes`, `p`.`Updated_At`, `p`.`Zip_O`, `p`.`Zip_Other`, `p`.`Zip_R`
FROM `Patients_Contact` AS `p`
WHERE `p`.`Patient_Id` = @__p_0
2023-10-04 18:12:42.571 +05:30  INF  Executed DbCommand (0ms) [Parameters=[@__p_0='?' (DbType = Int64)], CommandType='"Text"', CommandTimeout='30']
SELECT `p`.`Id`, `p`.`Created_At`, `p`.`Patient_Id`, `p`.`Report`, `p`.`Report_File`, `p`.`Scan_Name`, `p`.`Status`, `p`.`Type`, `p`.`Updated_At`
FROM `Patient_Scans` AS `p`
WHERE `p`.`Patient_Id` = @__p_0
2023-10-04 18:12:42.572 +05:30  INF  Executed DbCommand (1ms) [Parameters=[], CommandType='"Text"', CommandTimeout='30']
SELECT `p`.`Id`, `p`.`Amount_Type`, `p`.`Balance`, `p`.`Created_At`, `p`.`Credit_Amount`, `p`.`Debit_Amount`, `p`.`Description`, `p`.`Doctor_Id`, `p`.`Patient_Id`, `p`.`Payment_Mode`, `p`.`Updated_At`, `p`.`Workdone_Id`
FROM `Payment_History` AS `p`
2023-10-04 18:12:42.582 +05:30  INF  Executed DbCommand (1ms) [Parameters=[@__p_0='?' (DbType = Int64)], CommandType='"Text"', CommandTimeout='30']
SELECT `p`.`Id`, `p`.`Amount`, `p`.`Balance_Amount`, `p`.`Balance_Spent`, `p`.`Created_At`, `p`.`Name`, `p`.`Patients_Id`, `p`.`Type`, `p`.`Updated_At`
FROM `Patients_Insurance_Loan` AS `p`
WHERE `p`.`Patients_Id` = @__p_0
2023-10-04 18:12:42.583 +05:30  INF  Executed DbCommand (1ms) [Parameters=[@__p_0='?' (DbType = Int64)], CommandType='"Text"', CommandTimeout='30']
SELECT `p`.`Id`, `p`.`Created_At`, `p`.`Patient_Id`, `p`.`Report`, `p`.`Report_Date`, `p`.`Report_File`, `p`.`Status`, `p`.`Test_Name`, `p`.`Test_Price`, `p`.`Updated_At`
FROM `Patient_Tests` AS `p`
WHERE `p`.`Patient_Id` = @__p_0
2023-10-04 18:12:42.586 +05:30  INF  Executed DbCommand (2ms) [Parameters=[@__p_0='?' (DbType = Int64)], CommandType='"Text"', CommandTimeout='30']
SELECT `p`.`Id`, `p`.`Address_O`, `p`.`Address_Other`, `p`.`Address_R`, `p`.`City_O`, `p`.`City_Other`, `p`.`City_R`, `p`.`Country_O`, `p`.`Country_Other`, `p`.`Country_R`, `p`.`Created_At`, `p`.`Doctor_Name`, `p`.`Email`, `p`.`Email2`, `p`.`Medical_History_Allergies`, `p`.`Patient_Id`, `p`.`Phone`, `p`.`Phone1`, `p`.`Phone2`, `p`.`Phone3`, `p`.`Phone4`, `p`.`Physician`, `p`.`Reffered_By`, `p`.`Relationship_Type`, `p`.`Special_Notes`, `p`.`Updated_At`, `p`.`Zip_O`, `p`.`Zip_Other`, `p`.`Zip_R`
FROM `Patients_Contact` AS `p`
WHERE `p`.`Patient_Id` = @__p_0
2023-10-04 18:12:42.588 +05:30  INF  Executed DbCommand (0ms) [Parameters=[@__p_0='?' (DbType = Int64)], CommandType='"Text"', CommandTimeout='30']
SELECT `p`.`Id`, `p`.`Created_At`, `p`.`Patient_Id`, `p`.`Report`, `p`.`Report_File`, `p`.`Scan_Name`, `p`.`Status`, `p`.`Type`, `p`.`Updated_At`
FROM `Patient_Scans` AS `p`
WHERE `p`.`Patient_Id` = @__p_0
2023-10-04 18:12:42.589 +05:30  INF  Executed DbCommand (1ms) [Parameters=[], CommandType='"Text"', CommandTimeout='30']
SELECT `p`.`Id`, `p`.`Amount_Type`, `p`.`Balance`, `p`.`Created_At`, `p`.`Credit_Amount`, `p`.`Debit_Amount`, `p`.`Description`, `p`.`Doctor_Id`, `p`.`Patient_Id`, `p`.`Payment_Mode`, `p`.`Updated_At`, `p`.`Workdone_Id`
FROM `Payment_History` AS `p`
2023-10-04 18:12:42.594 +05:30  INF  Executed DbCommand (1ms) [Parameters=[@__p_0='?' (DbType = Int64)], CommandType='"Text"', CommandTimeout='30']
SELECT `p`.`Id`, `p`.`Amount`, `p`.`Balance_Amount`, `p`.`Balance_Spent`, `p`.`Created_At`, `p`.`Name`, `p`.`Patients_Id`, `p`.`Type`, `p`.`Updated_At`
FROM `Patients_Insurance_Loan` AS `p`
WHERE `p`.`Patients_Id` = @__p_0
2023-10-04 18:12:42.596 +05:30  INF  Executed DbCommand (0ms) [Parameters=[@__p_0='?' (DbType = Int64)], CommandType='"Text"', CommandTimeout='30']
SELECT `p`.`Id`, `p`.`Created_At`, `p`.`Patient_Id`, `p`.`Report`, `p`.`Report_Date`, `p`.`Report_File`, `p`.`Status`, `p`.`Test_Name`, `p`.`Test_Price`, `p`.`Updated_At`
FROM `Patient_Tests` AS `p`
WHERE `p`.`Patient_Id` = @__p_0
2023-10-04 18:12:42.598 +05:30  INF  Executed DbCommand (1ms) [Parameters=[@__p_0='?' (DbType = Int64)], CommandType='"Text"', CommandTimeout='30']
SELECT `p`.`Id`, `p`.`Address_O`, `p`.`Address_Other`, `p`.`Address_R`, `p`.`City_O`, `p`.`City_Other`, `p`.`City_R`, `p`.`Country_O`, `p`.`Country_Other`, `p`.`Country_R`, `p`.`Created_At`, `p`.`Doctor_Name`, `p`.`Email`, `p`.`Email2`, `p`.`Medical_History_Allergies`, `p`.`Patient_Id`, `p`.`Phone`, `p`.`Phone1`, `p`.`Phone2`, `p`.`Phone3`, `p`.`Phone4`, `p`.`Physician`, `p`.`Reffered_By`, `p`.`Relationship_Type`, `p`.`Special_Notes`, `p`.`Updated_At`, `p`.`Zip_O`, `p`.`Zip_Other`, `p`.`Zip_R`
FROM `Patients_Contact` AS `p`
WHERE `p`.`Patient_Id` = @__p_0
2023-10-04 18:12:42.599 +05:30  INF  Executed DbCommand (0ms) [Parameters=[@__p_0='?' (DbType = Int64)], CommandType='"Text"', CommandTimeout='30']
SELECT `p`.`Id`, `p`.`Created_At`, `p`.`Patient_Id`, `p`.`Report`, `p`.`Report_File`, `p`.`Scan_Name`, `p`.`Status`, `p`.`Type`, `p`.`Updated_At`
FROM `Patient_Scans` AS `p`
WHERE `p`.`Patient_Id` = @__p_0
2023-10-04 18:12:42.600 +05:30  INF  Executed DbCommand (1ms) [Parameters=[], CommandType='"Text"', CommandTimeout='30']
SELECT `p`.`Id`, `p`.`Amount_Type`, `p`.`Balance`, `p`.`Created_At`, `p`.`Credit_Amount`, `p`.`Debit_Amount`, `p`.`Description`, `p`.`Doctor_Id`, `p`.`Patient_Id`, `p`.`Payment_Mode`, `p`.`Updated_At`, `p`.`Workdone_Id`
FROM `Payment_History` AS `p`
2023-10-04 18:12:42.606 +05:30  INF  Executed DbCommand (1ms) [Parameters=[@__p_0='?' (DbType = Int64)], CommandType='"Text"', CommandTimeout='30']
SELECT `p`.`Id`, `p`.`Amount`, `p`.`Balance_Amount`, `p`.`Balance_Spent`, `p`.`Created_At`, `p`.`Name`, `p`.`Patients_Id`, `p`.`Type`, `p`.`Updated_At`
FROM `Patients_Insurance_Loan` AS `p`
WHERE `p`.`Patients_Id` = @__p_0
2023-10-04 18:12:42.607 +05:30  INF  Executed DbCommand (0ms) [Parameters=[@__p_0='?' (DbType = Int64)], CommandType='"Text"', CommandTimeout='30']
SELECT `p`.`Id`, `p`.`Created_At`, `p`.`Patient_Id`, `p`.`Report`, `p`.`Report_Date`, `p`.`Report_File`, `p`.`Status`, `p`.`Test_Name`, `p`.`Test_Price`, `p`.`Updated_At`
FROM `Patient_Tests` AS `p`
WHERE `p`.`Patient_Id` = @__p_0
2023-10-04 18:12:42.609 +05:30  INF  Executed DbCommand (1ms) [Parameters=[@__p_0='?' (DbType = Int64)], CommandType='"Text"', CommandTimeout='30']
SELECT `p`.`Id`, `p`.`Address_O`, `p`.`Address_Other`, `p`.`Address_R`, `p`.`City_O`, `p`.`City_Other`, `p`.`City_R`, `p`.`Country_O`, `p`.`Country_Other`, `p`.`Country_R`, `p`.`Created_At`, `p`.`Doctor_Name`, `p`.`Email`, `p`.`Email2`, `p`.`Medical_History_Allergies`, `p`.`Patient_Id`, `p`.`Phone`, `p`.`Phone1`, `p`.`Phone2`, `p`.`Phone3`, `p`.`Phone4`, `p`.`Physician`, `p`.`Reffered_By`, `p`.`Relationship_Type`, `p`.`Special_Notes`, `p`.`Updated_At`, `p`.`Zip_O`, `p`.`Zip_Other`, `p`.`Zip_R`
FROM `Patients_Contact` AS `p`
WHERE `p`.`Patient_Id` = @__p_0
2023-10-04 18:12:42.611 +05:30  INF  Executed DbCommand (0ms) [Parameters=[@__p_0='?' (DbType = Int64)], CommandType='"Text"', CommandTimeout='30']
SELECT `p`.`Id`, `p`.`Created_At`, `p`.`Patient_Id`, `p`.`Report`, `p`.`Report_File`, `p`.`Scan_Name`, `p`.`Status`, `p`.`Type`, `p`.`Updated_At`
FROM `Patient_Scans` AS `p`
WHERE `p`.`Patient_Id` = @__p_0
2023-10-04 18:12:42.612 +05:30  INF  Executed DbCommand (1ms) [Parameters=[], CommandType='"Text"', CommandTimeout='30']
SELECT `p`.`Id`, `p`.`Amount_Type`, `p`.`Balance`, `p`.`Created_At`, `p`.`Credit_Amount`, `p`.`Debit_Amount`, `p`.`Description`, `p`.`Doctor_Id`, `p`.`Patient_Id`, `p`.`Payment_Mode`, `p`.`Updated_At`, `p`.`Workdone_Id`
FROM `Payment_History` AS `p`
2023-10-04 18:12:42.618 +05:30  INF  Executed DbCommand (1ms) [Parameters=[@__p_0='?' (DbType = Int64)], CommandType='"Text"', CommandTimeout='30']
SELECT `p`.`Id`, `p`.`Amount`, `p`.`Balance_Amount`, `p`.`Balance_Spent`, `p`.`Created_At`, `p`.`Name`, `p`.`Patients_Id`, `p`.`Type`, `p`.`Updated_At`
FROM `Patients_Insurance_Loan` AS `p`
WHERE `p`.`Patients_Id` = @__p_0
2023-10-04 18:12:42.619 +05:30  INF  Executed DbCommand (0ms) [Parameters=[@__p_0='?' (DbType = Int64)], CommandType='"Text"', CommandTimeout='30']
SELECT `p`.`Id`, `p`.`Created_At`, `p`.`Patient_Id`, `p`.`Report`, `p`.`Report_Date`, `p`.`Report_File`, `p`.`Status`, `p`.`Test_Name`, `p`.`Test_Price`, `p`.`Updated_At`
FROM `Patient_Tests` AS `p`
WHERE `p`.`Patient_Id` = @__p_0
2023-10-04 18:12:42.622 +05:30  INF  Executed DbCommand (2ms) [Parameters=[@__p_0='?' (DbType = Int64)], CommandType='"Text"', CommandTimeout='30']
SELECT `p`.`Id`, `p`.`Address_O`, `p`.`Address_Other`, `p`.`Address_R`, `p`.`City_O`, `p`.`City_Other`, `p`.`City_R`, `p`.`Country_O`, `p`.`Country_Other`, `p`.`Country_R`, `p`.`Created_At`, `p`.`Doctor_Name`, `p`.`Email`, `p`.`Email2`, `p`.`Medical_History_Allergies`, `p`.`Patient_Id`, `p`.`Phone`, `p`.`Phone1`, `p`.`Phone2`, `p`.`Phone3`, `p`.`Phone4`, `p`.`Physician`, `p`.`Reffered_By`, `p`.`Relationship_Type`, `p`.`Special_Notes`, `p`.`Updated_At`, `p`.`Zip_O`, `p`.`Zip_Other`, `p`.`Zip_R`
FROM `Patients_Contact` AS `p`
WHERE `p`.`Patient_Id` = @__p_0
2023-10-04 18:12:42.624 +05:30  INF  Executed DbCommand (1ms) [Parameters=[@__p_0='?' (DbType = Int64)], CommandType='"Text"', CommandTimeout='30']
SELECT `p`.`Id`, `p`.`Created_At`, `p`.`Patient_Id`, `p`.`Report`, `p`.`Report_File`, `p`.`Scan_Name`, `p`.`Status`, `p`.`Type`, `p`.`Updated_At`
FROM `Patient_Scans` AS `p`
WHERE `p`.`Patient_Id` = @__p_0
2023-10-04 18:12:42.625 +05:30  INF  Executed DbCommand (1ms) [Parameters=[], CommandType='"Text"', CommandTimeout='30']
SELECT `p`.`Id`, `p`.`Amount_Type`, `p`.`Balance`, `p`.`Created_At`, `p`.`Credit_Amount`, `p`.`Debit_Amount`, `p`.`Description`, `p`.`Doctor_Id`, `p`.`Patient_Id`, `p`.`Payment_Mode`, `p`.`Updated_At`, `p`.`Workdone_Id`
FROM `Payment_History` AS `p`
2023-10-04 18:12:42.630 +05:30  INF  Executed DbCommand (1ms) [Parameters=[@__p_0='?' (DbType = Int64)], CommandType='"Text"', CommandTimeout='30']
SELECT `p`.`Id`, `p`.`Amount`, `p`.`Balance_Amount`, `p`.`Balance_Spent`, `p`.`Created_At`, `p`.`Name`, `p`.`Patients_Id`, `p`.`Type`, `p`.`Updated_At`
FROM `Patients_Insurance_Loan` AS `p`
WHERE `p`.`Patients_Id` = @__p_0
2023-10-04 18:12:42.632 +05:30  INF  Executed DbCommand (1ms) [Parameters=[@__p_0='?' (DbType = Int64)], CommandType='"Text"', CommandTimeout='30']
SELECT `p`.`Id`, `p`.`Created_At`, `p`.`Patient_Id`, `p`.`Report`, `p`.`Report_Date`, `p`.`Report_File`, `p`.`Status`, `p`.`Test_Name`, `p`.`Test_Price`, `p`.`Updated_At`
FROM `Patient_Tests` AS `p`
WHERE `p`.`Patient_Id` = @__p_0
2023-10-04 18:12:42.635 +05:30  INF  Executed DbCommand (1ms) [Parameters=[@__p_0='?' (DbType = Int64)], CommandType='"Text"', CommandTimeout='30']
SELECT `p`.`Id`, `p`.`Address_O`, `p`.`Address_Other`, `p`.`Address_R`, `p`.`City_O`, `p`.`City_Other`, `p`.`City_R`, `p`.`Country_O`, `p`.`Country_Other`, `p`.`Country_R`, `p`.`Created_At`, `p`.`Doctor_Name`, `p`.`Email`, `p`.`Email2`, `p`.`Medical_History_Allergies`, `p`.`Patient_Id`, `p`.`Phone`, `p`.`Phone1`, `p`.`Phone2`, `p`.`Phone3`, `p`.`Phone4`, `p`.`Physician`, `p`.`Reffered_By`, `p`.`Relationship_Type`, `p`.`Special_Notes`, `p`.`Updated_At`, `p`.`Zip_O`, `p`.`Zip_Other`, `p`.`Zip_R`
FROM `Patients_Contact` AS `p`
WHERE `p`.`Patient_Id` = @__p_0
2023-10-04 18:12:42.636 +05:30  INF  Executed DbCommand (0ms) [Parameters=[@__p_0='?' (DbType = Int64)], CommandType='"Text"', CommandTimeout='30']
SELECT `p`.`Id`, `p`.`Created_At`, `p`.`Patient_Id`, `p`.`Report`, `p`.`Report_File`, `p`.`Scan_Name`, `p`.`Status`, `p`.`Type`, `p`.`Updated_At`
FROM `Patient_Scans` AS `p`
WHERE `p`.`Patient_Id` = @__p_0
2023-10-04 18:12:42.637 +05:30  INF  Executed DbCommand (1ms) [Parameters=[], CommandType='"Text"', CommandTimeout='30']
SELECT `p`.`Id`, `p`.`Amount_Type`, `p`.`Balance`, `p`.`Created_At`, `p`.`Credit_Amount`, `p`.`Debit_Amount`, `p`.`Description`, `p`.`Doctor_Id`, `p`.`Patient_Id`, `p`.`Payment_Mode`, `p`.`Updated_At`, `p`.`Workdone_Id`
FROM `Payment_History` AS `p`
2023-10-04 18:12:42.642 +05:30  INF  Executed DbCommand (1ms) [Parameters=[@__p_0='?' (DbType = Int64)], CommandType='"Text"', CommandTimeout='30']
SELECT `p`.`Id`, `p`.`Amount`, `p`.`Balance_Amount`, `p`.`Balance_Spent`, `p`.`Created_At`, `p`.`Name`, `p`.`Patients_Id`, `p`.`Type`, `p`.`Updated_At`
FROM `Patients_Insurance_Loan` AS `p`
WHERE `p`.`Patients_Id` = @__p_0
2023-10-04 18:12:42.644 +05:30  INF  Executed DbCommand (0ms) [Parameters=[@__p_0='?' (DbType = Int64)], CommandType='"Text"', CommandTimeout='30']
SELECT `p`.`Id`, `p`.`Created_At`, `p`.`Patient_Id`, `p`.`Report`, `p`.`Report_Date`, `p`.`Report_File`, `p`.`Status`, `p`.`Test_Name`, `p`.`Test_Price`, `p`.`Updated_At`
FROM `Patient_Tests` AS `p`
WHERE `p`.`Patient_Id` = @__p_0
2023-10-04 18:12:42.646 +05:30  INF  Executed DbCommand (1ms) [Parameters=[@__p_0='?' (DbType = Int64)], CommandType='"Text"', CommandTimeout='30']
SELECT `p`.`Id`, `p`.`Address_O`, `p`.`Address_Other`, `p`.`Address_R`, `p`.`City_O`, `p`.`City_Other`, `p`.`City_R`, `p`.`Country_O`, `p`.`Country_Other`, `p`.`Country_R`, `p`.`Created_At`, `p`.`Doctor_Name`, `p`.`Email`, `p`.`Email2`, `p`.`Medical_History_Allergies`, `p`.`Patient_Id`, `p`.`Phone`, `p`.`Phone1`, `p`.`Phone2`, `p`.`Phone3`, `p`.`Phone4`, `p`.`Physician`, `p`.`Reffered_By`, `p`.`Relationship_Type`, `p`.`Special_Notes`, `p`.`Updated_At`, `p`.`Zip_O`, `p`.`Zip_Other`, `p`.`Zip_R`
FROM `Patients_Contact` AS `p`
WHERE `p`.`Patient_Id` = @__p_0
2023-10-04 18:12:42.647 +05:30  INF  Executed DbCommand (0ms) [Parameters=[@__p_0='?' (DbType = Int64)], CommandType='"Text"', CommandTimeout='30']
SELECT `p`.`Id`, `p`.`Created_At`, `p`.`Patient_Id`, `p`.`Report`, `p`.`Report_File`, `p`.`Scan_Name`, `p`.`Status`, `p`.`Type`, `p`.`Updated_At`
FROM `Patient_Scans` AS `p`
WHERE `p`.`Patient_Id` = @__p_0
2023-10-04 18:12:42.648 +05:30  INF  Executed DbCommand (1ms) [Parameters=[], CommandType='"Text"', CommandTimeout='30']
SELECT `p`.`Id`, `p`.`Amount_Type`, `p`.`Balance`, `p`.`Created_At`, `p`.`Credit_Amount`, `p`.`Debit_Amount`, `p`.`Description`, `p`.`Doctor_Id`, `p`.`Patient_Id`, `p`.`Payment_Mode`, `p`.`Updated_At`, `p`.`Workdone_Id`
FROM `Payment_History` AS `p`
2023-10-04 18:12:42.654 +05:30  INF  Executed DbCommand (1ms) [Parameters=[@__p_0='?' (DbType = Int64)], CommandType='"Text"', CommandTimeout='30']
SELECT `p`.`Id`, `p`.`Amount`, `p`.`Balance_Amount`, `p`.`Balance_Spent`, `p`.`Created_At`, `p`.`Name`, `p`.`Patients_Id`, `p`.`Type`, `p`.`Updated_At`
FROM `Patients_Insurance_Loan` AS `p`
WHERE `p`.`Patients_Id` = @__p_0
2023-10-04 18:12:42.657 +05:30  INF  Executed DbCommand (0ms) [Parameters=[@__p_0='?' (DbType = Int64)], CommandType='"Text"', CommandTimeout='30']
SELECT `p`.`Id`, `p`.`Created_At`, `p`.`Patient_Id`, `p`.`Report`, `p`.`Report_Date`, `p`.`Report_File`, `p`.`Status`, `p`.`Test_Name`, `p`.`Test_Price`, `p`.`Updated_At`
FROM `Patient_Tests` AS `p`
WHERE `p`.`Patient_Id` = @__p_0
2023-10-04 18:12:42.659 +05:30  INF  Executed DbCommand (1ms) [Parameters=[@__p_0='?' (DbType = Int64)], CommandType='"Text"', CommandTimeout='30']
SELECT `p`.`Id`, `p`.`Address_O`, `p`.`Address_Other`, `p`.`Address_R`, `p`.`City_O`, `p`.`City_Other`, `p`.`City_R`, `p`.`Country_O`, `p`.`Country_Other`, `p`.`Country_R`, `p`.`Created_At`, `p`.`Doctor_Name`, `p`.`Email`, `p`.`Email2`, `p`.`Medical_History_Allergies`, `p`.`Patient_Id`, `p`.`Phone`, `p`.`Phone1`, `p`.`Phone2`, `p`.`Phone3`, `p`.`Phone4`, `p`.`Physician`, `p`.`Reffered_By`, `p`.`Relationship_Type`, `p`.`Special_Notes`, `p`.`Updated_At`, `p`.`Zip_O`, `p`.`Zip_Other`, `p`.`Zip_R`
FROM `Patients_Contact` AS `p`
WHERE `p`.`Patient_Id` = @__p_0
2023-10-04 18:12:42.661 +05:30  INF  Executed DbCommand (0ms) [Parameters=[@__p_0='?' (DbType = Int64)], CommandType='"Text"', CommandTimeout='30']
SELECT `p`.`Id`, `p`.`Created_At`, `p`.`Patient_Id`, `p`.`Report`, `p`.`Report_File`, `p`.`Scan_Name`, `p`.`Status`, `p`.`Type`, `p`.`Updated_At`
FROM `Patient_Scans` AS `p`
WHERE `p`.`Patient_Id` = @__p_0
2023-10-04 18:12:42.662 +05:30  INF  Executed DbCommand (1ms) [Parameters=[], CommandType='"Text"', CommandTimeout='30']
SELECT `p`.`Id`, `p`.`Amount_Type`, `p`.`Balance`, `p`.`Created_At`, `p`.`Credit_Amount`, `p`.`Debit_Amount`, `p`.`Description`, `p`.`Doctor_Id`, `p`.`Patient_Id`, `p`.`Payment_Mode`, `p`.`Updated_At`, `p`.`Workdone_Id`
FROM `Payment_History` AS `p`
2023-10-04 18:12:42.667 +05:30  INF  Executed DbCommand (1ms) [Parameters=[@__p_0='?' (DbType = Int64)], CommandType='"Text"', CommandTimeout='30']
SELECT `p`.`Id`, `p`.`Amount`, `p`.`Balance_Amount`, `p`.`Balance_Spent`, `p`.`Created_At`, `p`.`Name`, `p`.`Patients_Id`, `p`.`Type`, `p`.`Updated_At`
FROM `Patients_Insurance_Loan` AS `p`
WHERE `p`.`Patients_Id` = @__p_0
2023-10-04 18:12:42.668 +05:30  INF  Executed DbCommand (0ms) [Parameters=[@__p_0='?' (DbType = Int64)], CommandType='"Text"', CommandTimeout='30']
SELECT `p`.`Id`, `p`.`Created_At`, `p`.`Patient_Id`, `p`.`Report`, `p`.`Report_Date`, `p`.`Report_File`, `p`.`Status`, `p`.`Test_Name`, `p`.`Test_Price`, `p`.`Updated_At`
FROM `Patient_Tests` AS `p`
WHERE `p`.`Patient_Id` = @__p_0
2023-10-04 18:12:42.670 +05:30  INF  Executed DbCommand (1ms) [Parameters=[@__p_0='?' (DbType = Int64)], CommandType='"Text"', CommandTimeout='30']
SELECT `p`.`Id`, `p`.`Address_O`, `p`.`Address_Other`, `p`.`Address_R`, `p`.`City_O`, `p`.`City_Other`, `p`.`City_R`, `p`.`Country_O`, `p`.`Country_Other`, `p`.`Country_R`, `p`.`Created_At`, `p`.`Doctor_Name`, `p`.`Email`, `p`.`Email2`, `p`.`Medical_History_Allergies`, `p`.`Patient_Id`, `p`.`Phone`, `p`.`Phone1`, `p`.`Phone2`, `p`.`Phone3`, `p`.`Phone4`, `p`.`Physician`, `p`.`Reffered_By`, `p`.`Relationship_Type`, `p`.`Special_Notes`, `p`.`Updated_At`, `p`.`Zip_O`, `p`.`Zip_Other`, `p`.`Zip_R`
FROM `Patients_Contact` AS `p`
WHERE `p`.`Patient_Id` = @__p_0
2023-10-04 18:12:42.672 +05:30  INF  Executed DbCommand (0ms) [Parameters=[@__p_0='?' (DbType = Int64)], CommandType='"Text"', CommandTimeout='30']
SELECT `p`.`Id`, `p`.`Created_At`, `p`.`Patient_Id`, `p`.`Report`, `p`.`Report_File`, `p`.`Scan_Name`, `p`.`Status`, `p`.`Type`, `p`.`Updated_At`
FROM `Patient_Scans` AS `p`
WHERE `p`.`Patient_Id` = @__p_0
2023-10-04 18:12:42.673 +05:30  INF  Executed DbCommand (1ms) [Parameters=[], CommandType='"Text"', CommandTimeout='30']
SELECT `p`.`Id`, `p`.`Amount_Type`, `p`.`Balance`, `p`.`Created_At`, `p`.`Credit_Amount`, `p`.`Debit_Amount`, `p`.`Description`, `p`.`Doctor_Id`, `p`.`Patient_Id`, `p`.`Payment_Mode`, `p`.`Updated_At`, `p`.`Workdone_Id`
FROM `Payment_History` AS `p`
2023-10-04 18:12:42.678 +05:30  INF  Executed DbCommand (1ms) [Parameters=[@__p_0='?' (DbType = Int64)], CommandType='"Text"', CommandTimeout='30']
SELECT `p`.`Id`, `p`.`Amount`, `p`.`Balance_Amount`, `p`.`Balance_Spent`, `p`.`Created_At`, `p`.`Name`, `p`.`Patients_Id`, `p`.`Type`, `p`.`Updated_At`
FROM `Patients_Insurance_Loan` AS `p`
WHERE `p`.`Patients_Id` = @__p_0
2023-10-04 18:12:42.679 +05:30  INF  Executed DbCommand (0ms) [Parameters=[@__p_0='?' (DbType = Int64)], CommandType='"Text"', CommandTimeout='30']
SELECT `p`.`Id`, `p`.`Created_At`, `p`.`Patient_Id`, `p`.`Report`, `p`.`Report_Date`, `p`.`Report_File`, `p`.`Status`, `p`.`Test_Name`, `p`.`Test_Price`, `p`.`Updated_At`
FROM `Patient_Tests` AS `p`
WHERE `p`.`Patient_Id` = @__p_0
2023-10-04 18:12:42.681 +05:30  INF  Executed DbCommand (1ms) [Parameters=[@__p_0='?' (DbType = Int64)], CommandType='"Text"', CommandTimeout='30']
SELECT `p`.`Id`, `p`.`Address_O`, `p`.`Address_Other`, `p`.`Address_R`, `p`.`City_O`, `p`.`City_Other`, `p`.`City_R`, `p`.`Country_O`, `p`.`Country_Other`, `p`.`Country_R`, `p`.`Created_At`, `p`.`Doctor_Name`, `p`.`Email`, `p`.`Email2`, `p`.`Medical_History_Allergies`, `p`.`Patient_Id`, `p`.`Phone`, `p`.`Phone1`, `p`.`Phone2`, `p`.`Phone3`, `p`.`Phone4`, `p`.`Physician`, `p`.`Reffered_By`, `p`.`Relationship_Type`, `p`.`Special_Notes`, `p`.`Updated_At`, `p`.`Zip_O`, `p`.`Zip_Other`, `p`.`Zip_R`
FROM `Patients_Contact` AS `p`
WHERE `p`.`Patient_Id` = @__p_0
2023-10-04 18:12:42.682 +05:30  INF  Executed DbCommand (1ms) [Parameters=[@__p_0='?' (DbType = Int64)], CommandType='"Text"', CommandTimeout='30']
SELECT `p`.`Id`, `p`.`Created_At`, `p`.`Patient_Id`, `p`.`Report`, `p`.`Report_File`, `p`.`Scan_Name`, `p`.`Status`, `p`.`Type`, `p`.`Updated_At`
FROM `Patient_Scans` AS `p`
WHERE `p`.`Patient_Id` = @__p_0
2023-10-04 18:12:42.685 +05:30  INF  Executed DbCommand (2ms) [Parameters=[], CommandType='"Text"', CommandTimeout='30']
SELECT `p`.`Id`, `p`.`Amount_Type`, `p`.`Balance`, `p`.`Created_At`, `p`.`Credit_Amount`, `p`.`Debit_Amount`, `p`.`Description`, `p`.`Doctor_Id`, `p`.`Patient_Id`, `p`.`Payment_Mode`, `p`.`Updated_At`, `p`.`Workdone_Id`
FROM `Payment_History` AS `p`
2023-10-04 18:12:42.691 +05:30  INF  Executed DbCommand (1ms) [Parameters=[@__p_0='?' (DbType = Int64)], CommandType='"Text"', CommandTimeout='30']
SELECT `p`.`Id`, `p`.`Amount`, `p`.`Balance_Amount`, `p`.`Balance_Spent`, `p`.`Created_At`, `p`.`Name`, `p`.`Patients_Id`, `p`.`Type`, `p`.`Updated_At`
FROM `Patients_Insurance_Loan` AS `p`
WHERE `p`.`Patients_Id` = @__p_0
2023-10-04 18:12:42.692 +05:30  INF  Executed DbCommand (0ms) [Parameters=[@__p_0='?' (DbType = Int64)], CommandType='"Text"', CommandTimeout='30']
SELECT `p`.`Id`, `p`.`Created_At`, `p`.`Patient_Id`, `p`.`Report`, `p`.`Report_Date`, `p`.`Report_File`, `p`.`Status`, `p`.`Test_Name`, `p`.`Test_Price`, `p`.`Updated_At`
FROM `Patient_Tests` AS `p`
WHERE `p`.`Patient_Id` = @__p_0
2023-10-04 18:12:42.694 +05:30  INF  Executed DbCommand (1ms) [Parameters=[@__p_0='?' (DbType = Int64)], CommandType='"Text"', CommandTimeout='30']
SELECT `p`.`Id`, `p`.`Address_O`, `p`.`Address_Other`, `p`.`Address_R`, `p`.`City_O`, `p`.`City_Other`, `p`.`City_R`, `p`.`Country_O`, `p`.`Country_Other`, `p`.`Country_R`, `p`.`Created_At`, `p`.`Doctor_Name`, `p`.`Email`, `p`.`Email2`, `p`.`Medical_History_Allergies`, `p`.`Patient_Id`, `p`.`Phone`, `p`.`Phone1`, `p`.`Phone2`, `p`.`Phone3`, `p`.`Phone4`, `p`.`Physician`, `p`.`Reffered_By`, `p`.`Relationship_Type`, `p`.`Special_Notes`, `p`.`Updated_At`, `p`.`Zip_O`, `p`.`Zip_Other`, `p`.`Zip_R`
FROM `Patients_Contact` AS `p`
WHERE `p`.`Patient_Id` = @__p_0
2023-10-04 18:12:42.696 +05:30  INF  Executed DbCommand (0ms) [Parameters=[@__p_0='?' (DbType = Int64)], CommandType='"Text"', CommandTimeout='30']
SELECT `p`.`Id`, `p`.`Created_At`, `p`.`Patient_Id`, `p`.`Report`, `p`.`Report_File`, `p`.`Scan_Name`, `p`.`Status`, `p`.`Type`, `p`.`Updated_At`
FROM `Patient_Scans` AS `p`
WHERE `p`.`Patient_Id` = @__p_0
2023-10-04 18:12:42.697 +05:30  INF  Executed DbCommand (1ms) [Parameters=[], CommandType='"Text"', CommandTimeout='30']
SELECT `p`.`Id`, `p`.`Amount_Type`, `p`.`Balance`, `p`.`Created_At`, `p`.`Credit_Amount`, `p`.`Debit_Amount`, `p`.`Description`, `p`.`Doctor_Id`, `p`.`Patient_Id`, `p`.`Payment_Mode`, `p`.`Updated_At`, `p`.`Workdone_Id`
FROM `Payment_History` AS `p`
2023-10-04 18:12:42.703 +05:30  INF  Executed DbCommand (1ms) [Parameters=[@__p_0='?' (DbType = Int64)], CommandType='"Text"', CommandTimeout='30']
SELECT `p`.`Id`, `p`.`Amount`, `p`.`Balance_Amount`, `p`.`Balance_Spent`, `p`.`Created_At`, `p`.`Name`, `p`.`Patients_Id`, `p`.`Type`, `p`.`Updated_At`
FROM `Patients_Insurance_Loan` AS `p`
WHERE `p`.`Patients_Id` = @__p_0
2023-10-04 18:12:42.704 +05:30  INF  Executed DbCommand (0ms) [Parameters=[@__p_0='?' (DbType = Int64)], CommandType='"Text"', CommandTimeout='30']
SELECT `p`.`Id`, `p`.`Created_At`, `p`.`Patient_Id`, `p`.`Report`, `p`.`Report_Date`, `p`.`Report_File`, `p`.`Status`, `p`.`Test_Name`, `p`.`Test_Price`, `p`.`Updated_At`
FROM `Patient_Tests` AS `p`
WHERE `p`.`Patient_Id` = @__p_0
2023-10-04 18:12:42.706 +05:30  INF  Executed DbCommand (1ms) [Parameters=[@__p_0='?' (DbType = Int64)], CommandType='"Text"', CommandTimeout='30']
SELECT `p`.`Id`, `p`.`Address_O`, `p`.`Address_Other`, `p`.`Address_R`, `p`.`City_O`, `p`.`City_Other`, `p`.`City_R`, `p`.`Country_O`, `p`.`Country_Other`, `p`.`Country_R`, `p`.`Created_At`, `p`.`Doctor_Name`, `p`.`Email`, `p`.`Email2`, `p`.`Medical_History_Allergies`, `p`.`Patient_Id`, `p`.`Phone`, `p`.`Phone1`, `p`.`Phone2`, `p`.`Phone3`, `p`.`Phone4`, `p`.`Physician`, `p`.`Reffered_By`, `p`.`Relationship_Type`, `p`.`Special_Notes`, `p`.`Updated_At`, `p`.`Zip_O`, `p`.`Zip_Other`, `p`.`Zip_R`
FROM `Patients_Contact` AS `p`
WHERE `p`.`Patient_Id` = @__p_0
2023-10-04 18:12:42.707 +05:30  INF  Executed DbCommand (0ms) [Parameters=[@__p_0='?' (DbType = Int64)], CommandType='"Text"', CommandTimeout='30']
SELECT `p`.`Id`, `p`.`Created_At`, `p`.`Patient_Id`, `p`.`Report`, `p`.`Report_File`, `p`.`Scan_Name`, `p`.`Status`, `p`.`Type`, `p`.`Updated_At`
FROM `Patient_Scans` AS `p`
WHERE `p`.`Patient_Id` = @__p_0
2023-10-04 18:12:42.708 +05:30  INF  Executed DbCommand (1ms) [Parameters=[], CommandType='"Text"', CommandTimeout='30']
SELECT `p`.`Id`, `p`.`Amount_Type`, `p`.`Balance`, `p`.`Created_At`, `p`.`Credit_Amount`, `p`.`Debit_Amount`, `p`.`Description`, `p`.`Doctor_Id`, `p`.`Patient_Id`, `p`.`Payment_Mode`, `p`.`Updated_At`, `p`.`Workdone_Id`
FROM `Payment_History` AS `p`
2023-10-04 18:12:42.713 +05:30  INF  Executed DbCommand (1ms) [Parameters=[@__p_0='?' (DbType = Int64)], CommandType='"Text"', CommandTimeout='30']
SELECT `p`.`Id`, `p`.`Amount`, `p`.`Balance_Amount`, `p`.`Balance_Spent`, `p`.`Created_At`, `p`.`Name`, `p`.`Patients_Id`, `p`.`Type`, `p`.`Updated_At`
FROM `Patients_Insurance_Loan` AS `p`
WHERE `p`.`Patients_Id` = @__p_0
2023-10-04 18:12:42.715 +05:30  INF  Executed DbCommand (1ms) [Parameters=[@__p_0='?' (DbType = Int64)], CommandType='"Text"', CommandTimeout='30']
SELECT `p`.`Id`, `p`.`Created_At`, `p`.`Patient_Id`, `p`.`Report`, `p`.`Report_Date`, `p`.`Report_File`, `p`.`Status`, `p`.`Test_Name`, `p`.`Test_Price`, `p`.`Updated_At`
FROM `Patient_Tests` AS `p`
WHERE `p`.`Patient_Id` = @__p_0
2023-10-04 18:12:42.717 +05:30  INF  Executed DbCommand (2ms) [Parameters=[@__p_0='?' (DbType = Int64)], CommandType='"Text"', CommandTimeout='30']
SELECT `p`.`Id`, `p`.`Address_O`, `p`.`Address_Other`, `p`.`Address_R`, `p`.`City_O`, `p`.`City_Other`, `p`.`City_R`, `p`.`Country_O`, `p`.`Country_Other`, `p`.`Country_R`, `p`.`Created_At`, `p`.`Doctor_Name`, `p`.`Email`, `p`.`Email2`, `p`.`Medical_History_Allergies`, `p`.`Patient_Id`, `p`.`Phone`, `p`.`Phone1`, `p`.`Phone2`, `p`.`Phone3`, `p`.`Phone4`, `p`.`Physician`, `p`.`Reffered_By`, `p`.`Relationship_Type`, `p`.`Special_Notes`, `p`.`Updated_At`, `p`.`Zip_O`, `p`.`Zip_Other`, `p`.`Zip_R`
FROM `Patients_Contact` AS `p`
WHERE `p`.`Patient_Id` = @__p_0
2023-10-04 18:12:42.719 +05:30  INF  Executed DbCommand (1ms) [Parameters=[@__p_0='?' (DbType = Int64)], CommandType='"Text"', CommandTimeout='30']
SELECT `p`.`Id`, `p`.`Created_At`, `p`.`Patient_Id`, `p`.`Report`, `p`.`Report_File`, `p`.`Scan_Name`, `p`.`Status`, `p`.`Type`, `p`.`Updated_At`
FROM `Patient_Scans` AS `p`
WHERE `p`.`Patient_Id` = @__p_0
2023-10-04 18:12:42.720 +05:30  INF  Executed DbCommand (1ms) [Parameters=[], CommandType='"Text"', CommandTimeout='30']
SELECT `p`.`Id`, `p`.`Amount_Type`, `p`.`Balance`, `p`.`Created_At`, `p`.`Credit_Amount`, `p`.`Debit_Amount`, `p`.`Description`, `p`.`Doctor_Id`, `p`.`Patient_Id`, `p`.`Payment_Mode`, `p`.`Updated_At`, `p`.`Workdone_Id`
FROM `Payment_History` AS `p`
2023-10-04 18:12:42.725 +05:30  INF  Executed DbCommand (1ms) [Parameters=[@__p_0='?' (DbType = Int64)], CommandType='"Text"', CommandTimeout='30']
SELECT `p`.`Id`, `p`.`Amount`, `p`.`Balance_Amount`, `p`.`Balance_Spent`, `p`.`Created_At`, `p`.`Name`, `p`.`Patients_Id`, `p`.`Type`, `p`.`Updated_At`
FROM `Patients_Insurance_Loan` AS `p`
WHERE `p`.`Patients_Id` = @__p_0
2023-10-04 18:12:42.727 +05:30  INF  Executed DbCommand (1ms) [Parameters=[@__p_0='?' (DbType = Int64)], CommandType='"Text"', CommandTimeout='30']
SELECT `p`.`Id`, `p`.`Created_At`, `p`.`Patient_Id`, `p`.`Report`, `p`.`Report_Date`, `p`.`Report_File`, `p`.`Status`, `p`.`Test_Name`, `p`.`Test_Price`, `p`.`Updated_At`
FROM `Patient_Tests` AS `p`
WHERE `p`.`Patient_Id` = @__p_0
2023-10-04 18:12:42.729 +05:30  INF  Executed DbCommand (2ms) [Parameters=[@__p_0='?' (DbType = Int64)], CommandType='"Text"', CommandTimeout='30']
SELECT `p`.`Id`, `p`.`Address_O`, `p`.`Address_Other`, `p`.`Address_R`, `p`.`City_O`, `p`.`City_Other`, `p`.`City_R`, `p`.`Country_O`, `p`.`Country_Other`, `p`.`Country_R`, `p`.`Created_At`, `p`.`Doctor_Name`, `p`.`Email`, `p`.`Email2`, `p`.`Medical_History_Allergies`, `p`.`Patient_Id`, `p`.`Phone`, `p`.`Phone1`, `p`.`Phone2`, `p`.`Phone3`, `p`.`Phone4`, `p`.`Physician`, `p`.`Reffered_By`, `p`.`Relationship_Type`, `p`.`Special_Notes`, `p`.`Updated_At`, `p`.`Zip_O`, `p`.`Zip_Other`, `p`.`Zip_R`
FROM `Patients_Contact` AS `p`
WHERE `p`.`Patient_Id` = @__p_0
2023-10-04 18:12:42.732 +05:30  INF  Executed DbCommand (1ms) [Parameters=[@__p_0='?' (DbType = Int64)], CommandType='"Text"', CommandTimeout='30']
SELECT `p`.`Id`, `p`.`Created_At`, `p`.`Patient_Id`, `p`.`Report`, `p`.`Report_File`, `p`.`Scan_Name`, `p`.`Status`, `p`.`Type`, `p`.`Updated_At`
FROM `Patient_Scans` AS `p`
WHERE `p`.`Patient_Id` = @__p_0
2023-10-04 18:12:42.733 +05:30  INF  Executed DbCommand (1ms) [Parameters=[], CommandType='"Text"', CommandTimeout='30']
SELECT `p`.`Id`, `p`.`Amount_Type`, `p`.`Balance`, `p`.`Created_At`, `p`.`Credit_Amount`, `p`.`Debit_Amount`, `p`.`Description`, `p`.`Doctor_Id`, `p`.`Patient_Id`, `p`.`Payment_Mode`, `p`.`Updated_At`, `p`.`Workdone_Id`
FROM `Payment_History` AS `p`
2023-10-04 18:12:42.738 +05:30  INF  Executed DbCommand (1ms) [Parameters=[@__p_0='?' (DbType = Int64)], CommandType='"Text"', CommandTimeout='30']
SELECT `p`.`Id`, `p`.`Amount`, `p`.`Balance_Amount`, `p`.`Balance_Spent`, `p`.`Created_At`, `p`.`Name`, `p`.`Patients_Id`, `p`.`Type`, `p`.`Updated_At`
FROM `Patients_Insurance_Loan` AS `p`
WHERE `p`.`Patients_Id` = @__p_0
2023-10-04 18:12:42.740 +05:30  INF  Executed DbCommand (0ms) [Parameters=[@__p_0='?' (DbType = Int64)], CommandType='"Text"', CommandTimeout='30']
SELECT `p`.`Id`, `p`.`Created_At`, `p`.`Patient_Id`, `p`.`Report`, `p`.`Report_Date`, `p`.`Report_File`, `p`.`Status`, `p`.`Test_Name`, `p`.`Test_Price`, `p`.`Updated_At`
FROM `Patient_Tests` AS `p`
WHERE `p`.`Patient_Id` = @__p_0
2023-10-04 18:12:42.742 +05:30  INF  Executed DbCommand (1ms) [Parameters=[@__p_0='?' (DbType = Int64)], CommandType='"Text"', CommandTimeout='30']
SELECT `p`.`Id`, `p`.`Address_O`, `p`.`Address_Other`, `p`.`Address_R`, `p`.`City_O`, `p`.`City_Other`, `p`.`City_R`, `p`.`Country_O`, `p`.`Country_Other`, `p`.`Country_R`, `p`.`Created_At`, `p`.`Doctor_Name`, `p`.`Email`, `p`.`Email2`, `p`.`Medical_History_Allergies`, `p`.`Patient_Id`, `p`.`Phone`, `p`.`Phone1`, `p`.`Phone2`, `p`.`Phone3`, `p`.`Phone4`, `p`.`Physician`, `p`.`Reffered_By`, `p`.`Relationship_Type`, `p`.`Special_Notes`, `p`.`Updated_At`, `p`.`Zip_O`, `p`.`Zip_Other`, `p`.`Zip_R`
FROM `Patients_Contact` AS `p`
WHERE `p`.`Patient_Id` = @__p_0
2023-10-04 18:12:42.743 +05:30  INF  Executed DbCommand (1ms) [Parameters=[@__p_0='?' (DbType = Int64)], CommandType='"Text"', CommandTimeout='30']
SELECT `p`.`Id`, `p`.`Created_At`, `p`.`Patient_Id`, `p`.`Report`, `p`.`Report_File`, `p`.`Scan_Name`, `p`.`Status`, `p`.`Type`, `p`.`Updated_At`
FROM `Patient_Scans` AS `p`
WHERE `p`.`Patient_Id` = @__p_0
2023-10-04 18:12:42.745 +05:30  INF  Executed DbCommand (1ms) [Parameters=[], CommandType='"Text"', CommandTimeout='30']
SELECT `p`.`Id`, `p`.`Amount_Type`, `p`.`Balance`, `p`.`Created_At`, `p`.`Credit_Amount`, `p`.`Debit_Amount`, `p`.`Description`, `p`.`Doctor_Id`, `p`.`Patient_Id`, `p`.`Payment_Mode`, `p`.`Updated_At`, `p`.`Workdone_Id`
FROM `Payment_History` AS `p`
2023-10-04 18:12:42.750 +05:30  INF  Executed DbCommand (1ms) [Parameters=[@__p_0='?' (DbType = Int64)], CommandType='"Text"', CommandTimeout='30']
SELECT `p`.`Id`, `p`.`Amount`, `p`.`Balance_Amount`, `p`.`Balance_Spent`, `p`.`Created_At`, `p`.`Name`, `p`.`Patients_Id`, `p`.`Type`, `p`.`Updated_At`
FROM `Patients_Insurance_Loan` AS `p`
WHERE `p`.`Patients_Id` = @__p_0
2023-10-04 18:12:42.752 +05:30  INF  Executed DbCommand (0ms) [Parameters=[@__p_0='?' (DbType = Int64)], CommandType='"Text"', CommandTimeout='30']
SELECT `p`.`Id`, `p`.`Created_At`, `p`.`Patient_Id`, `p`.`Report`, `p`.`Report_Date`, `p`.`Report_File`, `p`.`Status`, `p`.`Test_Name`, `p`.`Test_Price`, `p`.`Updated_At`
FROM `Patient_Tests` AS `p`
WHERE `p`.`Patient_Id` = @__p_0
2023-10-04 18:12:42.754 +05:30  INF  Executed DbCommand (1ms) [Parameters=[@__p_0='?' (DbType = Int64)], CommandType='"Text"', CommandTimeout='30']
SELECT `p`.`Id`, `p`.`Address_O`, `p`.`Address_Other`, `p`.`Address_R`, `p`.`City_O`, `p`.`City_Other`, `p`.`City_R`, `p`.`Country_O`, `p`.`Country_Other`, `p`.`Country_R`, `p`.`Created_At`, `p`.`Doctor_Name`, `p`.`Email`, `p`.`Email2`, `p`.`Medical_History_Allergies`, `p`.`Patient_Id`, `p`.`Phone`, `p`.`Phone1`, `p`.`Phone2`, `p`.`Phone3`, `p`.`Phone4`, `p`.`Physician`, `p`.`Reffered_By`, `p`.`Relationship_Type`, `p`.`Special_Notes`, `p`.`Updated_At`, `p`.`Zip_O`, `p`.`Zip_Other`, `p`.`Zip_R`
FROM `Patients_Contact` AS `p`
WHERE `p`.`Patient_Id` = @__p_0
2023-10-04 18:12:42.755 +05:30  INF  Executed DbCommand (0ms) [Parameters=[@__p_0='?' (DbType = Int64)], CommandType='"Text"', CommandTimeout='30']
SELECT `p`.`Id`, `p`.`Created_At`, `p`.`Patient_Id`, `p`.`Report`, `p`.`Report_File`, `p`.`Scan_Name`, `p`.`Status`, `p`.`Type`, `p`.`Updated_At`
FROM `Patient_Scans` AS `p`
WHERE `p`.`Patient_Id` = @__p_0
2023-10-04 18:12:42.756 +05:30  INF  Executed DbCommand (1ms) [Parameters=[], CommandType='"Text"', CommandTimeout='30']
SELECT `p`.`Id`, `p`.`Amount_Type`, `p`.`Balance`, `p`.`Created_At`, `p`.`Credit_Amount`, `p`.`Debit_Amount`, `p`.`Description`, `p`.`Doctor_Id`, `p`.`Patient_Id`, `p`.`Payment_Mode`, `p`.`Updated_At`, `p`.`Workdone_Id`
FROM `Payment_History` AS `p`
2023-10-04 18:12:42.762 +05:30  INF  Executed DbCommand (1ms) [Parameters=[@__p_0='?' (DbType = Int64)], CommandType='"Text"', CommandTimeout='30']
SELECT `p`.`Id`, `p`.`Amount`, `p`.`Balance_Amount`, `p`.`Balance_Spent`, `p`.`Created_At`, `p`.`Name`, `p`.`Patients_Id`, `p`.`Type`, `p`.`Updated_At`
FROM `Patients_Insurance_Loan` AS `p`
WHERE `p`.`Patients_Id` = @__p_0
2023-10-04 18:12:42.763 +05:30  INF  Executed DbCommand (0ms) [Parameters=[@__p_0='?' (DbType = Int64)], CommandType='"Text"', CommandTimeout='30']
SELECT `p`.`Id`, `p`.`Created_At`, `p`.`Patient_Id`, `p`.`Report`, `p`.`Report_Date`, `p`.`Report_File`, `p`.`Status`, `p`.`Test_Name`, `p`.`Test_Price`, `p`.`Updated_At`
FROM `Patient_Tests` AS `p`
WHERE `p`.`Patient_Id` = @__p_0
2023-10-04 18:12:42.765 +05:30  INF  Executed DbCommand (1ms) [Parameters=[@__p_0='?' (DbType = Int64)], CommandType='"Text"', CommandTimeout='30']
SELECT `p`.`Id`, `p`.`Address_O`, `p`.`Address_Other`, `p`.`Address_R`, `p`.`City_O`, `p`.`City_Other`, `p`.`City_R`, `p`.`Country_O`, `p`.`Country_Other`, `p`.`Country_R`, `p`.`Created_At`, `p`.`Doctor_Name`, `p`.`Email`, `p`.`Email2`, `p`.`Medical_History_Allergies`, `p`.`Patient_Id`, `p`.`Phone`, `p`.`Phone1`, `p`.`Phone2`, `p`.`Phone3`, `p`.`Phone4`, `p`.`Physician`, `p`.`Reffered_By`, `p`.`Relationship_Type`, `p`.`Special_Notes`, `p`.`Updated_At`, `p`.`Zip_O`, `p`.`Zip_Other`, `p`.`Zip_R`
FROM `Patients_Contact` AS `p`
WHERE `p`.`Patient_Id` = @__p_0
2023-10-04 18:12:42.766 +05:30  INF  Executed DbCommand (0ms) [Parameters=[@__p_0='?' (DbType = Int64)], CommandType='"Text"', CommandTimeout='30']
SELECT `p`.`Id`, `p`.`Created_At`, `p`.`Patient_Id`, `p`.`Report`, `p`.`Report_File`, `p`.`Scan_Name`, `p`.`Status`, `p`.`Type`, `p`.`Updated_At`
FROM `Patient_Scans` AS `p`
WHERE `p`.`Patient_Id` = @__p_0
2023-10-04 18:12:42.767 +05:30  INF  Executed DbCommand (1ms) [Parameters=[], CommandType='"Text"', CommandTimeout='30']
SELECT `p`.`Id`, `p`.`Amount_Type`, `p`.`Balance`, `p`.`Created_At`, `p`.`Credit_Amount`, `p`.`Debit_Amount`, `p`.`Description`, `p`.`Doctor_Id`, `p`.`Patient_Id`, `p`.`Payment_Mode`, `p`.`Updated_At`, `p`.`Workdone_Id`
FROM `Payment_History` AS `p`
2023-10-04 18:12:42.772 +05:30  INF  Executed DbCommand (1ms) [Parameters=[@__p_0='?' (DbType = Int64)], CommandType='"Text"', CommandTimeout='30']
SELECT `p`.`Id`, `p`.`Amount`, `p`.`Balance_Amount`, `p`.`Balance_Spent`, `p`.`Created_At`, `p`.`Name`, `p`.`Patients_Id`, `p`.`Type`, `p`.`Updated_At`
FROM `Patients_Insurance_Loan` AS `p`
WHERE `p`.`Patients_Id` = @__p_0
2023-10-04 18:12:42.773 +05:30  INF  Executed DbCommand (0ms) [Parameters=[@__p_0='?' (DbType = Int64)], CommandType='"Text"', CommandTimeout='30']
SELECT `p`.`Id`, `p`.`Created_At`, `p`.`Patient_Id`, `p`.`Report`, `p`.`Report_Date`, `p`.`Report_File`, `p`.`Status`, `p`.`Test_Name`, `p`.`Test_Price`, `p`.`Updated_At`
FROM `Patient_Tests` AS `p`
WHERE `p`.`Patient_Id` = @__p_0
2023-10-04 18:12:42.776 +05:30  INF  Executed DbCommand (1ms) [Parameters=[@__p_0='?' (DbType = Int64)], CommandType='"Text"', CommandTimeout='30']
SELECT `p`.`Id`, `p`.`Address_O`, `p`.`Address_Other`, `p`.`Address_R`, `p`.`City_O`, `p`.`City_Other`, `p`.`City_R`, `p`.`Country_O`, `p`.`Country_Other`, `p`.`Country_R`, `p`.`Created_At`, `p`.`Doctor_Name`, `p`.`Email`, `p`.`Email2`, `p`.`Medical_History_Allergies`, `p`.`Patient_Id`, `p`.`Phone`, `p`.`Phone1`, `p`.`Phone2`, `p`.`Phone3`, `p`.`Phone4`, `p`.`Physician`, `p`.`Reffered_By`, `p`.`Relationship_Type`, `p`.`Special_Notes`, `p`.`Updated_At`, `p`.`Zip_O`, `p`.`Zip_Other`, `p`.`Zip_R`
FROM `Patients_Contact` AS `p`
WHERE `p`.`Patient_Id` = @__p_0
2023-10-04 18:12:42.778 +05:30  INF  Executed DbCommand (1ms) [Parameters=[@__p_0='?' (DbType = Int64)], CommandType='"Text"', CommandTimeout='30']
SELECT `p`.`Id`, `p`.`Created_At`, `p`.`Patient_Id`, `p`.`Report`, `p`.`Report_File`, `p`.`Scan_Name`, `p`.`Status`, `p`.`Type`, `p`.`Updated_At`
FROM `Patient_Scans` AS `p`
WHERE `p`.`Patient_Id` = @__p_0
2023-10-04 18:12:42.780 +05:30  INF  Executed DbCommand (1ms) [Parameters=[], CommandType='"Text"', CommandTimeout='30']
SELECT `p`.`Id`, `p`.`Amount_Type`, `p`.`Balance`, `p`.`Created_At`, `p`.`Credit_Amount`, `p`.`Debit_Amount`, `p`.`Description`, `p`.`Doctor_Id`, `p`.`Patient_Id`, `p`.`Payment_Mode`, `p`.`Updated_At`, `p`.`Workdone_Id`
FROM `Payment_History` AS `p`
2023-10-04 18:12:42.786 +05:30  INF  Executed DbCommand (1ms) [Parameters=[@__p_0='?' (DbType = Int64)], CommandType='"Text"', CommandTimeout='30']
SELECT `p`.`Id`, `p`.`Amount`, `p`.`Balance_Amount`, `p`.`Balance_Spent`, `p`.`Created_At`, `p`.`Name`, `p`.`Patients_Id`, `p`.`Type`, `p`.`Updated_At`
FROM `Patients_Insurance_Loan` AS `p`
WHERE `p`.`Patients_Id` = @__p_0
2023-10-04 18:12:42.788 +05:30  INF  Executed DbCommand (0ms) [Parameters=[@__p_0='?' (DbType = Int64)], CommandType='"Text"', CommandTimeout='30']
SELECT `p`.`Id`, `p`.`Created_At`, `p`.`Patient_Id`, `p`.`Report`, `p`.`Report_Date`, `p`.`Report_File`, `p`.`Status`, `p`.`Test_Name`, `p`.`Test_Price`, `p`.`Updated_At`
FROM `Patient_Tests` AS `p`
WHERE `p`.`Patient_Id` = @__p_0
2023-10-04 18:12:42.790 +05:30  INF  Executed DbCommand (1ms) [Parameters=[@__p_0='?' (DbType = Int64)], CommandType='"Text"', CommandTimeout='30']
SELECT `p`.`Id`, `p`.`Address_O`, `p`.`Address_Other`, `p`.`Address_R`, `p`.`City_O`, `p`.`City_Other`, `p`.`City_R`, `p`.`Country_O`, `p`.`Country_Other`, `p`.`Country_R`, `p`.`Created_At`, `p`.`Doctor_Name`, `p`.`Email`, `p`.`Email2`, `p`.`Medical_History_Allergies`, `p`.`Patient_Id`, `p`.`Phone`, `p`.`Phone1`, `p`.`Phone2`, `p`.`Phone3`, `p`.`Phone4`, `p`.`Physician`, `p`.`Reffered_By`, `p`.`Relationship_Type`, `p`.`Special_Notes`, `p`.`Updated_At`, `p`.`Zip_O`, `p`.`Zip_Other`, `p`.`Zip_R`
FROM `Patients_Contact` AS `p`
WHERE `p`.`Patient_Id` = @__p_0
2023-10-04 18:12:42.792 +05:30  INF  Executed DbCommand (1ms) [Parameters=[@__p_0='?' (DbType = Int64)], CommandType='"Text"', CommandTimeout='30']
SELECT `p`.`Id`, `p`.`Created_At`, `p`.`Patient_Id`, `p`.`Report`, `p`.`Report_File`, `p`.`Scan_Name`, `p`.`Status`, `p`.`Type`, `p`.`Updated_At`
FROM `Patient_Scans` AS `p`
WHERE `p`.`Patient_Id` = @__p_0
2023-10-04 18:12:42.794 +05:30  INF  Executed DbCommand (1ms) [Parameters=[], CommandType='"Text"', CommandTimeout='30']
SELECT `p`.`Id`, `p`.`Amount_Type`, `p`.`Balance`, `p`.`Created_At`, `p`.`Credit_Amount`, `p`.`Debit_Amount`, `p`.`Description`, `p`.`Doctor_Id`, `p`.`Patient_Id`, `p`.`Payment_Mode`, `p`.`Updated_At`, `p`.`Workdone_Id`
FROM `Payment_History` AS `p`
2023-10-04 18:12:42.800 +05:30  INF  Executed DbCommand (1ms) [Parameters=[@__p_0='?' (DbType = Int64)], CommandType='"Text"', CommandTimeout='30']
SELECT `p`.`Id`, `p`.`Amount`, `p`.`Balance_Amount`, `p`.`Balance_Spent`, `p`.`Created_At`, `p`.`Name`, `p`.`Patients_Id`, `p`.`Type`, `p`.`Updated_At`
FROM `Patients_Insurance_Loan` AS `p`
WHERE `p`.`Patients_Id` = @__p_0
2023-10-04 18:12:42.802 +05:30  INF  Executed DbCommand (1ms) [Parameters=[@__p_0='?' (DbType = Int64)], CommandType='"Text"', CommandTimeout='30']
SELECT `p`.`Id`, `p`.`Created_At`, `p`.`Patient_Id`, `p`.`Report`, `p`.`Report_Date`, `p`.`Report_File`, `p`.`Status`, `p`.`Test_Name`, `p`.`Test_Price`, `p`.`Updated_At`
FROM `Patient_Tests` AS `p`
WHERE `p`.`Patient_Id` = @__p_0
2023-10-04 18:12:42.804 +05:30  INF  Executed DbCommand (1ms) [Parameters=[@__p_0='?' (DbType = Int64)], CommandType='"Text"', CommandTimeout='30']
SELECT `p`.`Id`, `p`.`Address_O`, `p`.`Address_Other`, `p`.`Address_R`, `p`.`City_O`, `p`.`City_Other`, `p`.`City_R`, `p`.`Country_O`, `p`.`Country_Other`, `p`.`Country_R`, `p`.`Created_At`, `p`.`Doctor_Name`, `p`.`Email`, `p`.`Email2`, `p`.`Medical_History_Allergies`, `p`.`Patient_Id`, `p`.`Phone`, `p`.`Phone1`, `p`.`Phone2`, `p`.`Phone3`, `p`.`Phone4`, `p`.`Physician`, `p`.`Reffered_By`, `p`.`Relationship_Type`, `p`.`Special_Notes`, `p`.`Updated_At`, `p`.`Zip_O`, `p`.`Zip_Other`, `p`.`Zip_R`
FROM `Patients_Contact` AS `p`
WHERE `p`.`Patient_Id` = @__p_0
2023-10-04 18:12:42.805 +05:30  INF  Executed DbCommand (0ms) [Parameters=[@__p_0='?' (DbType = Int64)], CommandType='"Text"', CommandTimeout='30']
SELECT `p`.`Id`, `p`.`Created_At`, `p`.`Patient_Id`, `p`.`Report`, `p`.`Report_File`, `p`.`Scan_Name`, `p`.`Status`, `p`.`Type`, `p`.`Updated_At`
FROM `Patient_Scans` AS `p`
WHERE `p`.`Patient_Id` = @__p_0
2023-10-04 18:12:42.806 +05:30  INF  Executed DbCommand (1ms) [Parameters=[], CommandType='"Text"', CommandTimeout='30']
SELECT `p`.`Id`, `p`.`Amount_Type`, `p`.`Balance`, `p`.`Created_At`, `p`.`Credit_Amount`, `p`.`Debit_Amount`, `p`.`Description`, `p`.`Doctor_Id`, `p`.`Patient_Id`, `p`.`Payment_Mode`, `p`.`Updated_At`, `p`.`Workdone_Id`
FROM `Payment_History` AS `p`
2023-10-04 18:12:42.811 +05:30  INF  Executed DbCommand (1ms) [Parameters=[@__p_0='?' (DbType = Int64)], CommandType='"Text"', CommandTimeout='30']
SELECT `p`.`Id`, `p`.`Amount`, `p`.`Balance_Amount`, `p`.`Balance_Spent`, `p`.`Created_At`, `p`.`Name`, `p`.`Patients_Id`, `p`.`Type`, `p`.`Updated_At`
FROM `Patients_Insurance_Loan` AS `p`
WHERE `p`.`Patients_Id` = @__p_0
2023-10-04 18:12:42.813 +05:30  INF  Executed DbCommand (0ms) [Parameters=[@__p_0='?' (DbType = Int64)], CommandType='"Text"', CommandTimeout='30']
SELECT `p`.`Id`, `p`.`Created_At`, `p`.`Patient_Id`, `p`.`Report`, `p`.`Report_Date`, `p`.`Report_File`, `p`.`Status`, `p`.`Test_Name`, `p`.`Test_Price`, `p`.`Updated_At`
FROM `Patient_Tests` AS `p`
WHERE `p`.`Patient_Id` = @__p_0
2023-10-04 18:12:42.815 +05:30  INF  Executed DbCommand (1ms) [Parameters=[@__p_0='?' (DbType = Int64)], CommandType='"Text"', CommandTimeout='30']
SELECT `p`.`Id`, `p`.`Address_O`, `p`.`Address_Other`, `p`.`Address_R`, `p`.`City_O`, `p`.`City_Other`, `p`.`City_R`, `p`.`Country_O`, `p`.`Country_Other`, `p`.`Country_R`, `p`.`Created_At`, `p`.`Doctor_Name`, `p`.`Email`, `p`.`Email2`, `p`.`Medical_History_Allergies`, `p`.`Patient_Id`, `p`.`Phone`, `p`.`Phone1`, `p`.`Phone2`, `p`.`Phone3`, `p`.`Phone4`, `p`.`Physician`, `p`.`Reffered_By`, `p`.`Relationship_Type`, `p`.`Special_Notes`, `p`.`Updated_At`, `p`.`Zip_O`, `p`.`Zip_Other`, `p`.`Zip_R`
FROM `Patients_Contact` AS `p`
WHERE `p`.`Patient_Id` = @__p_0
2023-10-04 18:12:42.816 +05:30  INF  Executed DbCommand (0ms) [Parameters=[@__p_0='?' (DbType = Int64)], CommandType='"Text"', CommandTimeout='30']
SELECT `p`.`Id`, `p`.`Created_At`, `p`.`Patient_Id`, `p`.`Report`, `p`.`Report_File`, `p`.`Scan_Name`, `p`.`Status`, `p`.`Type`, `p`.`Updated_At`
FROM `Patient_Scans` AS `p`
WHERE `p`.`Patient_Id` = @__p_0
2023-10-04 18:12:42.817 +05:30  INF  Executed DbCommand (1ms) [Parameters=[], CommandType='"Text"', CommandTimeout='30']
SELECT `p`.`Id`, `p`.`Amount_Type`, `p`.`Balance`, `p`.`Created_At`, `p`.`Credit_Amount`, `p`.`Debit_Amount`, `p`.`Description`, `p`.`Doctor_Id`, `p`.`Patient_Id`, `p`.`Payment_Mode`, `p`.`Updated_At`, `p`.`Workdone_Id`
FROM `Payment_History` AS `p`
2023-10-04 18:12:42.822 +05:30  INF  Executed DbCommand (1ms) [Parameters=[@__p_0='?' (DbType = Int64)], CommandType='"Text"', CommandTimeout='30']
SELECT `p`.`Id`, `p`.`Amount`, `p`.`Balance_Amount`, `p`.`Balance_Spent`, `p`.`Created_At`, `p`.`Name`, `p`.`Patients_Id`, `p`.`Type`, `p`.`Updated_At`
FROM `Patients_Insurance_Loan` AS `p`
WHERE `p`.`Patients_Id` = @__p_0
2023-10-04 18:12:42.823 +05:30  INF  Executed DbCommand (0ms) [Parameters=[@__p_0='?' (DbType = Int64)], CommandType='"Text"', CommandTimeout='30']
SELECT `p`.`Id`, `p`.`Created_At`, `p`.`Patient_Id`, `p`.`Report`, `p`.`Report_Date`, `p`.`Report_File`, `p`.`Status`, `p`.`Test_Name`, `p`.`Test_Price`, `p`.`Updated_At`
FROM `Patient_Tests` AS `p`
WHERE `p`.`Patient_Id` = @__p_0
2023-10-04 18:12:42.825 +05:30  INF  Executed DbCommand (1ms) [Parameters=[@__p_0='?' (DbType = Int64)], CommandType='"Text"', CommandTimeout='30']
SELECT `p`.`Id`, `p`.`Address_O`, `p`.`Address_Other`, `p`.`Address_R`, `p`.`City_O`, `p`.`City_Other`, `p`.`City_R`, `p`.`Country_O`, `p`.`Country_Other`, `p`.`Country_R`, `p`.`Created_At`, `p`.`Doctor_Name`, `p`.`Email`, `p`.`Email2`, `p`.`Medical_History_Allergies`, `p`.`Patient_Id`, `p`.`Phone`, `p`.`Phone1`, `p`.`Phone2`, `p`.`Phone3`, `p`.`Phone4`, `p`.`Physician`, `p`.`Reffered_By`, `p`.`Relationship_Type`, `p`.`Special_Notes`, `p`.`Updated_At`, `p`.`Zip_O`, `p`.`Zip_Other`, `p`.`Zip_R`
FROM `Patients_Contact` AS `p`
WHERE `p`.`Patient_Id` = @__p_0
2023-10-04 18:12:42.826 +05:30  INF  Executed DbCommand (0ms) [Parameters=[@__p_0='?' (DbType = Int64)], CommandType='"Text"', CommandTimeout='30']
SELECT `p`.`Id`, `p`.`Created_At`, `p`.`Patient_Id`, `p`.`Report`, `p`.`Report_File`, `p`.`Scan_Name`, `p`.`Status`, `p`.`Type`, `p`.`Updated_At`
FROM `Patient_Scans` AS `p`
WHERE `p`.`Patient_Id` = @__p_0
2023-10-04 18:12:42.827 +05:30  INF  Executed DbCommand (1ms) [Parameters=[], CommandType='"Text"', CommandTimeout='30']
SELECT `p`.`Id`, `p`.`Amount_Type`, `p`.`Balance`, `p`.`Created_At`, `p`.`Credit_Amount`, `p`.`Debit_Amount`, `p`.`Description`, `p`.`Doctor_Id`, `p`.`Patient_Id`, `p`.`Payment_Mode`, `p`.`Updated_At`, `p`.`Workdone_Id`
FROM `Payment_History` AS `p`
2023-10-04 18:12:42.832 +05:30  INF  Executed DbCommand (1ms) [Parameters=[@__p_0='?' (DbType = Int64)], CommandType='"Text"', CommandTimeout='30']
SELECT `p`.`Id`, `p`.`Amount`, `p`.`Balance_Amount`, `p`.`Balance_Spent`, `p`.`Created_At`, `p`.`Name`, `p`.`Patients_Id`, `p`.`Type`, `p`.`Updated_At`
FROM `Patients_Insurance_Loan` AS `p`
WHERE `p`.`Patients_Id` = @__p_0
2023-10-04 18:12:42.834 +05:30  INF  Executed DbCommand (1ms) [Parameters=[@__p_0='?' (DbType = Int64)], CommandType='"Text"', CommandTimeout='30']
SELECT `p`.`Id`, `p`.`Created_At`, `p`.`Patient_Id`, `p`.`Report`, `p`.`Report_Date`, `p`.`Report_File`, `p`.`Status`, `p`.`Test_Name`, `p`.`Test_Price`, `p`.`Updated_At`
FROM `Patient_Tests` AS `p`
WHERE `p`.`Patient_Id` = @__p_0
2023-10-04 18:12:42.836 +05:30  INF  Executed DbCommand (1ms) [Parameters=[@__p_0='?' (DbType = Int64)], CommandType='"Text"', CommandTimeout='30']
SELECT `p`.`Id`, `p`.`Address_O`, `p`.`Address_Other`, `p`.`Address_R`, `p`.`City_O`, `p`.`City_Other`, `p`.`City_R`, `p`.`Country_O`, `p`.`Country_Other`, `p`.`Country_R`, `p`.`Created_At`, `p`.`Doctor_Name`, `p`.`Email`, `p`.`Email2`, `p`.`Medical_History_Allergies`, `p`.`Patient_Id`, `p`.`Phone`, `p`.`Phone1`, `p`.`Phone2`, `p`.`Phone3`, `p`.`Phone4`, `p`.`Physician`, `p`.`Reffered_By`, `p`.`Relationship_Type`, `p`.`Special_Notes`, `p`.`Updated_At`, `p`.`Zip_O`, `p`.`Zip_Other`, `p`.`Zip_R`
FROM `Patients_Contact` AS `p`
WHERE `p`.`Patient_Id` = @__p_0
2023-10-04 18:12:42.838 +05:30  INF  Executed DbCommand (0ms) [Parameters=[@__p_0='?' (DbType = Int64)], CommandType='"Text"', CommandTimeout='30']
SELECT `p`.`Id`, `p`.`Created_At`, `p`.`Patient_Id`, `p`.`Report`, `p`.`Report_File`, `p`.`Scan_Name`, `p`.`Status`, `p`.`Type`, `p`.`Updated_At`
FROM `Patient_Scans` AS `p`
WHERE `p`.`Patient_Id` = @__p_0
2023-10-04 18:12:42.839 +05:30  INF  Executed DbCommand (1ms) [Parameters=[], CommandType='"Text"', CommandTimeout='30']
SELECT `p`.`Id`, `p`.`Amount_Type`, `p`.`Balance`, `p`.`Created_At`, `p`.`Credit_Amount`, `p`.`Debit_Amount`, `p`.`Description`, `p`.`Doctor_Id`, `p`.`Patient_Id`, `p`.`Payment_Mode`, `p`.`Updated_At`, `p`.`Workdone_Id`
FROM `Payment_History` AS `p`
2023-10-04 18:12:42.844 +05:30  INF  Executed DbCommand (1ms) [Parameters=[@__p_0='?' (DbType = Int64)], CommandType='"Text"', CommandTimeout='30']
SELECT `p`.`Id`, `p`.`Amount`, `p`.`Balance_Amount`, `p`.`Balance_Spent`, `p`.`Created_At`, `p`.`Name`, `p`.`Patients_Id`, `p`.`Type`, `p`.`Updated_At`
FROM `Patients_Insurance_Loan` AS `p`
WHERE `p`.`Patients_Id` = @__p_0
2023-10-04 18:12:42.846 +05:30  INF  Executed DbCommand (0ms) [Parameters=[@__p_0='?' (DbType = Int64)], CommandType='"Text"', CommandTimeout='30']
SELECT `p`.`Id`, `p`.`Created_At`, `p`.`Patient_Id`, `p`.`Report`, `p`.`Report_Date`, `p`.`Report_File`, `p`.`Status`, `p`.`Test_Name`, `p`.`Test_Price`, `p`.`Updated_At`
FROM `Patient_Tests` AS `p`
WHERE `p`.`Patient_Id` = @__p_0
2023-10-04 18:12:42.848 +05:30  INF  Executed DbCommand (1ms) [Parameters=[@__p_0='?' (DbType = Int64)], CommandType='"Text"', CommandTimeout='30']
SELECT `p`.`Id`, `p`.`Address_O`, `p`.`Address_Other`, `p`.`Address_R`, `p`.`City_O`, `p`.`City_Other`, `p`.`City_R`, `p`.`Country_O`, `p`.`Country_Other`, `p`.`Country_R`, `p`.`Created_At`, `p`.`Doctor_Name`, `p`.`Email`, `p`.`Email2`, `p`.`Medical_History_Allergies`, `p`.`Patient_Id`, `p`.`Phone`, `p`.`Phone1`, `p`.`Phone2`, `p`.`Phone3`, `p`.`Phone4`, `p`.`Physician`, `p`.`Reffered_By`, `p`.`Relationship_Type`, `p`.`Special_Notes`, `p`.`Updated_At`, `p`.`Zip_O`, `p`.`Zip_Other`, `p`.`Zip_R`
FROM `Patients_Contact` AS `p`
WHERE `p`.`Patient_Id` = @__p_0
2023-10-04 18:12:42.849 +05:30  INF  Executed DbCommand (0ms) [Parameters=[@__p_0='?' (DbType = Int64)], CommandType='"Text"', CommandTimeout='30']
SELECT `p`.`Id`, `p`.`Created_At`, `p`.`Patient_Id`, `p`.`Report`, `p`.`Report_File`, `p`.`Scan_Name`, `p`.`Status`, `p`.`Type`, `p`.`Updated_At`
FROM `Patient_Scans` AS `p`
WHERE `p`.`Patient_Id` = @__p_0
2023-10-04 18:12:42.850 +05:30  INF  Executed DbCommand (1ms) [Parameters=[], CommandType='"Text"', CommandTimeout='30']
SELECT `p`.`Id`, `p`.`Amount_Type`, `p`.`Balance`, `p`.`Created_At`, `p`.`Credit_Amount`, `p`.`Debit_Amount`, `p`.`Description`, `p`.`Doctor_Id`, `p`.`Patient_Id`, `p`.`Payment_Mode`, `p`.`Updated_At`, `p`.`Workdone_Id`
FROM `Payment_History` AS `p`
2023-10-04 18:12:42.855 +05:30  INF  Executed DbCommand (1ms) [Parameters=[@__p_0='?' (DbType = Int64)], CommandType='"Text"', CommandTimeout='30']
SELECT `p`.`Id`, `p`.`Amount`, `p`.`Balance_Amount`, `p`.`Balance_Spent`, `p`.`Created_At`, `p`.`Name`, `p`.`Patients_Id`, `p`.`Type`, `p`.`Updated_At`
FROM `Patients_Insurance_Loan` AS `p`
WHERE `p`.`Patients_Id` = @__p_0
2023-10-04 18:12:42.856 +05:30  INF  Executed DbCommand (0ms) [Parameters=[@__p_0='?' (DbType = Int64)], CommandType='"Text"', CommandTimeout='30']
SELECT `p`.`Id`, `p`.`Created_At`, `p`.`Patient_Id`, `p`.`Report`, `p`.`Report_Date`, `p`.`Report_File`, `p`.`Status`, `p`.`Test_Name`, `p`.`Test_Price`, `p`.`Updated_At`
FROM `Patient_Tests` AS `p`
WHERE `p`.`Patient_Id` = @__p_0
2023-10-04 18:12:42.858 +05:30  INF  Executed DbCommand (1ms) [Parameters=[@__p_0='?' (DbType = Int64)], CommandType='"Text"', CommandTimeout='30']
SELECT `p`.`Id`, `p`.`Address_O`, `p`.`Address_Other`, `p`.`Address_R`, `p`.`City_O`, `p`.`City_Other`, `p`.`City_R`, `p`.`Country_O`, `p`.`Country_Other`, `p`.`Country_R`, `p`.`Created_At`, `p`.`Doctor_Name`, `p`.`Email`, `p`.`Email2`, `p`.`Medical_History_Allergies`, `p`.`Patient_Id`, `p`.`Phone`, `p`.`Phone1`, `p`.`Phone2`, `p`.`Phone3`, `p`.`Phone4`, `p`.`Physician`, `p`.`Reffered_By`, `p`.`Relationship_Type`, `p`.`Special_Notes`, `p`.`Updated_At`, `p`.`Zip_O`, `p`.`Zip_Other`, `p`.`Zip_R`
FROM `Patients_Contact` AS `p`
WHERE `p`.`Patient_Id` = @__p_0
2023-10-04 18:12:42.859 +05:30  INF  Executed DbCommand (0ms) [Parameters=[@__p_0='?' (DbType = Int64)], CommandType='"Text"', CommandTimeout='30']
SELECT `p`.`Id`, `p`.`Created_At`, `p`.`Patient_Id`, `p`.`Report`, `p`.`Report_File`, `p`.`Scan_Name`, `p`.`Status`, `p`.`Type`, `p`.`Updated_At`
FROM `Patient_Scans` AS `p`
WHERE `p`.`Patient_Id` = @__p_0
2023-10-04 18:12:42.861 +05:30  INF  Executed DbCommand (1ms) [Parameters=[], CommandType='"Text"', CommandTimeout='30']
SELECT `p`.`Id`, `p`.`Amount_Type`, `p`.`Balance`, `p`.`Created_At`, `p`.`Credit_Amount`, `p`.`Debit_Amount`, `p`.`Description`, `p`.`Doctor_Id`, `p`.`Patient_Id`, `p`.`Payment_Mode`, `p`.`Updated_At`, `p`.`Workdone_Id`
FROM `Payment_History` AS `p`
2023-10-04 18:12:42.867 +05:30  INF  Executed DbCommand (1ms) [Parameters=[@__p_0='?' (DbType = Int64)], CommandType='"Text"', CommandTimeout='30']
SELECT `p`.`Id`, `p`.`Amount`, `p`.`Balance_Amount`, `p`.`Balance_Spent`, `p`.`Created_At`, `p`.`Name`, `p`.`Patients_Id`, `p`.`Type`, `p`.`Updated_At`
FROM `Patients_Insurance_Loan` AS `p`
WHERE `p`.`Patients_Id` = @__p_0
2023-10-04 18:12:42.868 +05:30  INF  Executed DbCommand (1ms) [Parameters=[@__p_0='?' (DbType = Int64)], CommandType='"Text"', CommandTimeout='30']
SELECT `p`.`Id`, `p`.`Created_At`, `p`.`Patient_Id`, `p`.`Report`, `p`.`Report_Date`, `p`.`Report_File`, `p`.`Status`, `p`.`Test_Name`, `p`.`Test_Price`, `p`.`Updated_At`
FROM `Patient_Tests` AS `p`
WHERE `p`.`Patient_Id` = @__p_0
2023-10-04 18:12:42.870 +05:30  INF  Executed DbCommand (1ms) [Parameters=[@__p_0='?' (DbType = Int64)], CommandType='"Text"', CommandTimeout='30']
SELECT `p`.`Id`, `p`.`Address_O`, `p`.`Address_Other`, `p`.`Address_R`, `p`.`City_O`, `p`.`City_Other`, `p`.`City_R`, `p`.`Country_O`, `p`.`Country_Other`, `p`.`Country_R`, `p`.`Created_At`, `p`.`Doctor_Name`, `p`.`Email`, `p`.`Email2`, `p`.`Medical_History_Allergies`, `p`.`Patient_Id`, `p`.`Phone`, `p`.`Phone1`, `p`.`Phone2`, `p`.`Phone3`, `p`.`Phone4`, `p`.`Physician`, `p`.`Reffered_By`, `p`.`Relationship_Type`, `p`.`Special_Notes`, `p`.`Updated_At`, `p`.`Zip_O`, `p`.`Zip_Other`, `p`.`Zip_R`
FROM `Patients_Contact` AS `p`
WHERE `p`.`Patient_Id` = @__p_0
2023-10-04 18:12:42.872 +05:30  INF  Executed DbCommand (0ms) [Parameters=[@__p_0='?' (DbType = Int64)], CommandType='"Text"', CommandTimeout='30']
SELECT `p`.`Id`, `p`.`Created_At`, `p`.`Patient_Id`, `p`.`Report`, `p`.`Report_File`, `p`.`Scan_Name`, `p`.`Status`, `p`.`Type`, `p`.`Updated_At`
FROM `Patient_Scans` AS `p`
WHERE `p`.`Patient_Id` = @__p_0
2023-10-04 18:12:42.873 +05:30  INF  Executed DbCommand (1ms) [Parameters=[], CommandType='"Text"', CommandTimeout='30']
SELECT `p`.`Id`, `p`.`Amount_Type`, `p`.`Balance`, `p`.`Created_At`, `p`.`Credit_Amount`, `p`.`Debit_Amount`, `p`.`Description`, `p`.`Doctor_Id`, `p`.`Patient_Id`, `p`.`Payment_Mode`, `p`.`Updated_At`, `p`.`Workdone_Id`
FROM `Payment_History` AS `p`
2023-10-04 18:12:42.878 +05:30  INF  Executed DbCommand (1ms) [Parameters=[@__p_0='?' (DbType = Int64)], CommandType='"Text"', CommandTimeout='30']
SELECT `p`.`Id`, `p`.`Amount`, `p`.`Balance_Amount`, `p`.`Balance_Spent`, `p`.`Created_At`, `p`.`Name`, `p`.`Patients_Id`, `p`.`Type`, `p`.`Updated_At`
FROM `Patients_Insurance_Loan` AS `p`
WHERE `p`.`Patients_Id` = @__p_0
2023-10-04 18:12:42.879 +05:30  INF  Executed DbCommand (0ms) [Parameters=[@__p_0='?' (DbType = Int64)], CommandType='"Text"', CommandTimeout='30']
SELECT `p`.`Id`, `p`.`Created_At`, `p`.`Patient_Id`, `p`.`Report`, `p`.`Report_Date`, `p`.`Report_File`, `p`.`Status`, `p`.`Test_Name`, `p`.`Test_Price`, `p`.`Updated_At`
FROM `Patient_Tests` AS `p`
WHERE `p`.`Patient_Id` = @__p_0
2023-10-04 18:12:42.881 +05:30  INF  Executed DbCommand (1ms) [Parameters=[@__p_0='?' (DbType = Int64)], CommandType='"Text"', CommandTimeout='30']
SELECT `p`.`Id`, `p`.`Address_O`, `p`.`Address_Other`, `p`.`Address_R`, `p`.`City_O`, `p`.`City_Other`, `p`.`City_R`, `p`.`Country_O`, `p`.`Country_Other`, `p`.`Country_R`, `p`.`Created_At`, `p`.`Doctor_Name`, `p`.`Email`, `p`.`Email2`, `p`.`Medical_History_Allergies`, `p`.`Patient_Id`, `p`.`Phone`, `p`.`Phone1`, `p`.`Phone2`, `p`.`Phone3`, `p`.`Phone4`, `p`.`Physician`, `p`.`Reffered_By`, `p`.`Relationship_Type`, `p`.`Special_Notes`, `p`.`Updated_At`, `p`.`Zip_O`, `p`.`Zip_Other`, `p`.`Zip_R`
FROM `Patients_Contact` AS `p`
WHERE `p`.`Patient_Id` = @__p_0
2023-10-04 18:12:42.882 +05:30  INF  Executed DbCommand (0ms) [Parameters=[@__p_0='?' (DbType = Int64)], CommandType='"Text"', CommandTimeout='30']
SELECT `p`.`Id`, `p`.`Created_At`, `p`.`Patient_Id`, `p`.`Report`, `p`.`Report_File`, `p`.`Scan_Name`, `p`.`Status`, `p`.`Type`, `p`.`Updated_At`
FROM `Patient_Scans` AS `p`
WHERE `p`.`Patient_Id` = @__p_0
2023-10-04 18:12:42.884 +05:30  INF  Executed DbCommand (1ms) [Parameters=[], CommandType='"Text"', CommandTimeout='30']
SELECT `p`.`Id`, `p`.`Amount_Type`, `p`.`Balance`, `p`.`Created_At`, `p`.`Credit_Amount`, `p`.`Debit_Amount`, `p`.`Description`, `p`.`Doctor_Id`, `p`.`Patient_Id`, `p`.`Payment_Mode`, `p`.`Updated_At`, `p`.`Workdone_Id`
FROM `Payment_History` AS `p`
2023-10-04 18:12:42.889 +05:30  INF  Executed DbCommand (1ms) [Parameters=[@__p_0='?' (DbType = Int64)], CommandType='"Text"', CommandTimeout='30']
SELECT `p`.`Id`, `p`.`Amount`, `p`.`Balance_Amount`, `p`.`Balance_Spent`, `p`.`Created_At`, `p`.`Name`, `p`.`Patients_Id`, `p`.`Type`, `p`.`Updated_At`
FROM `Patients_Insurance_Loan` AS `p`
WHERE `p`.`Patients_Id` = @__p_0
2023-10-04 18:12:42.890 +05:30  INF  Executed DbCommand (0ms) [Parameters=[@__p_0='?' (DbType = Int64)], CommandType='"Text"', CommandTimeout='30']
SELECT `p`.`Id`, `p`.`Created_At`, `p`.`Patient_Id`, `p`.`Report`, `p`.`Report_Date`, `p`.`Report_File`, `p`.`Status`, `p`.`Test_Name`, `p`.`Test_Price`, `p`.`Updated_At`
FROM `Patient_Tests` AS `p`
WHERE `p`.`Patient_Id` = @__p_0
2023-10-04 18:12:42.892 +05:30  INF  Executed DbCommand (1ms) [Parameters=[@__p_0='?' (DbType = Int64)], CommandType='"Text"', CommandTimeout='30']
SELECT `p`.`Id`, `p`.`Address_O`, `p`.`Address_Other`, `p`.`Address_R`, `p`.`City_O`, `p`.`City_Other`, `p`.`City_R`, `p`.`Country_O`, `p`.`Country_Other`, `p`.`Country_R`, `p`.`Created_At`, `p`.`Doctor_Name`, `p`.`Email`, `p`.`Email2`, `p`.`Medical_History_Allergies`, `p`.`Patient_Id`, `p`.`Phone`, `p`.`Phone1`, `p`.`Phone2`, `p`.`Phone3`, `p`.`Phone4`, `p`.`Physician`, `p`.`Reffered_By`, `p`.`Relationship_Type`, `p`.`Special_Notes`, `p`.`Updated_At`, `p`.`Zip_O`, `p`.`Zip_Other`, `p`.`Zip_R`
FROM `Patients_Contact` AS `p`
WHERE `p`.`Patient_Id` = @__p_0
2023-10-04 18:12:42.893 +05:30  INF  Executed DbCommand (0ms) [Parameters=[@__p_0='?' (DbType = Int64)], CommandType='"Text"', CommandTimeout='30']
SELECT `p`.`Id`, `p`.`Created_At`, `p`.`Patient_Id`, `p`.`Report`, `p`.`Report_File`, `p`.`Scan_Name`, `p`.`Status`, `p`.`Type`, `p`.`Updated_At`
FROM `Patient_Scans` AS `p`
WHERE `p`.`Patient_Id` = @__p_0
2023-10-04 18:12:42.894 +05:30  INF  Executed DbCommand (1ms) [Parameters=[], CommandType='"Text"', CommandTimeout='30']
SELECT `p`.`Id`, `p`.`Amount_Type`, `p`.`Balance`, `p`.`Created_At`, `p`.`Credit_Amount`, `p`.`Debit_Amount`, `p`.`Description`, `p`.`Doctor_Id`, `p`.`Patient_Id`, `p`.`Payment_Mode`, `p`.`Updated_At`, `p`.`Workdone_Id`
FROM `Payment_History` AS `p`
2023-10-04 18:12:42.899 +05:30  INF  Executed DbCommand (1ms) [Parameters=[@__p_0='?' (DbType = Int64)], CommandType='"Text"', CommandTimeout='30']
SELECT `p`.`Id`, `p`.`Amount`, `p`.`Balance_Amount`, `p`.`Balance_Spent`, `p`.`Created_At`, `p`.`Name`, `p`.`Patients_Id`, `p`.`Type`, `p`.`Updated_At`
FROM `Patients_Insurance_Loan` AS `p`
WHERE `p`.`Patients_Id` = @__p_0
2023-10-04 18:12:42.900 +05:30  INF  Executed DbCommand (0ms) [Parameters=[@__p_0='?' (DbType = Int64)], CommandType='"Text"', CommandTimeout='30']
SELECT `p`.`Id`, `p`.`Created_At`, `p`.`Patient_Id`, `p`.`Report`, `p`.`Report_Date`, `p`.`Report_File`, `p`.`Status`, `p`.`Test_Name`, `p`.`Test_Price`, `p`.`Updated_At`
FROM `Patient_Tests` AS `p`
WHERE `p`.`Patient_Id` = @__p_0
2023-10-04 18:12:42.902 +05:30  INF  Executed DbCommand (1ms) [Parameters=[@__p_0='?' (DbType = Int64)], CommandType='"Text"', CommandTimeout='30']
SELECT `p`.`Id`, `p`.`Address_O`, `p`.`Address_Other`, `p`.`Address_R`, `p`.`City_O`, `p`.`City_Other`, `p`.`City_R`, `p`.`Country_O`, `p`.`Country_Other`, `p`.`Country_R`, `p`.`Created_At`, `p`.`Doctor_Name`, `p`.`Email`, `p`.`Email2`, `p`.`Medical_History_Allergies`, `p`.`Patient_Id`, `p`.`Phone`, `p`.`Phone1`, `p`.`Phone2`, `p`.`Phone3`, `p`.`Phone4`, `p`.`Physician`, `p`.`Reffered_By`, `p`.`Relationship_Type`, `p`.`Special_Notes`, `p`.`Updated_At`, `p`.`Zip_O`, `p`.`Zip_Other`, `p`.`Zip_R`
FROM `Patients_Contact` AS `p`
WHERE `p`.`Patient_Id` = @__p_0
2023-10-04 18:12:42.904 +05:30  INF  Executed DbCommand (0ms) [Parameters=[@__p_0='?' (DbType = Int64)], CommandType='"Text"', CommandTimeout='30']
SELECT `p`.`Id`, `p`.`Created_At`, `p`.`Patient_Id`, `p`.`Report`, `p`.`Report_File`, `p`.`Scan_Name`, `p`.`Status`, `p`.`Type`, `p`.`Updated_At`
FROM `Patient_Scans` AS `p`
WHERE `p`.`Patient_Id` = @__p_0
2023-10-04 18:12:42.905 +05:30  INF  Executed DbCommand (1ms) [Parameters=[], CommandType='"Text"', CommandTimeout='30']
SELECT `p`.`Id`, `p`.`Amount_Type`, `p`.`Balance`, `p`.`Created_At`, `p`.`Credit_Amount`, `p`.`Debit_Amount`, `p`.`Description`, `p`.`Doctor_Id`, `p`.`Patient_Id`, `p`.`Payment_Mode`, `p`.`Updated_At`, `p`.`Workdone_Id`
FROM `Payment_History` AS `p`
2023-10-04 18:12:42.910 +05:30  INF  Executed DbCommand (1ms) [Parameters=[@__p_0='?' (DbType = Int64)], CommandType='"Text"', CommandTimeout='30']
SELECT `p`.`Id`, `p`.`Amount`, `p`.`Balance_Amount`, `p`.`Balance_Spent`, `p`.`Created_At`, `p`.`Name`, `p`.`Patients_Id`, `p`.`Type`, `p`.`Updated_At`
FROM `Patients_Insurance_Loan` AS `p`
WHERE `p`.`Patients_Id` = @__p_0
2023-10-04 18:12:42.911 +05:30  INF  Executed DbCommand (0ms) [Parameters=[@__p_0='?' (DbType = Int64)], CommandType='"Text"', CommandTimeout='30']
SELECT `p`.`Id`, `p`.`Created_At`, `p`.`Patient_Id`, `p`.`Report`, `p`.`Report_Date`, `p`.`Report_File`, `p`.`Status`, `p`.`Test_Name`, `p`.`Test_Price`, `p`.`Updated_At`
FROM `Patient_Tests` AS `p`
WHERE `p`.`Patient_Id` = @__p_0
2023-10-04 18:12:42.913 +05:30  INF  Executed DbCommand (1ms) [Parameters=[@__p_0='?' (DbType = Int64)], CommandType='"Text"', CommandTimeout='30']
SELECT `p`.`Id`, `p`.`Address_O`, `p`.`Address_Other`, `p`.`Address_R`, `p`.`City_O`, `p`.`City_Other`, `p`.`City_R`, `p`.`Country_O`, `p`.`Country_Other`, `p`.`Country_R`, `p`.`Created_At`, `p`.`Doctor_Name`, `p`.`Email`, `p`.`Email2`, `p`.`Medical_History_Allergies`, `p`.`Patient_Id`, `p`.`Phone`, `p`.`Phone1`, `p`.`Phone2`, `p`.`Phone3`, `p`.`Phone4`, `p`.`Physician`, `p`.`Reffered_By`, `p`.`Relationship_Type`, `p`.`Special_Notes`, `p`.`Updated_At`, `p`.`Zip_O`, `p`.`Zip_Other`, `p`.`Zip_R`
FROM `Patients_Contact` AS `p`
WHERE `p`.`Patient_Id` = @__p_0
2023-10-04 18:12:42.914 +05:30  INF  Executed DbCommand (0ms) [Parameters=[@__p_0='?' (DbType = Int64)], CommandType='"Text"', CommandTimeout='30']
SELECT `p`.`Id`, `p`.`Created_At`, `p`.`Patient_Id`, `p`.`Report`, `p`.`Report_File`, `p`.`Scan_Name`, `p`.`Status`, `p`.`Type`, `p`.`Updated_At`
FROM `Patient_Scans` AS `p`
WHERE `p`.`Patient_Id` = @__p_0
2023-10-04 18:12:42.915 +05:30  INF  Executed DbCommand (1ms) [Parameters=[], CommandType='"Text"', CommandTimeout='30']
SELECT `p`.`Id`, `p`.`Amount_Type`, `p`.`Balance`, `p`.`Created_At`, `p`.`Credit_Amount`, `p`.`Debit_Amount`, `p`.`Description`, `p`.`Doctor_Id`, `p`.`Patient_Id`, `p`.`Payment_Mode`, `p`.`Updated_At`, `p`.`Workdone_Id`
FROM `Payment_History` AS `p`
2023-10-04 18:12:42.920 +05:30  INF  Executed DbCommand (1ms) [Parameters=[@__p_0='?' (DbType = Int64)], CommandType='"Text"', CommandTimeout='30']
SELECT `p`.`Id`, `p`.`Amount`, `p`.`Balance_Amount`, `p`.`Balance_Spent`, `p`.`Created_At`, `p`.`Name`, `p`.`Patients_Id`, `p`.`Type`, `p`.`Updated_At`
FROM `Patients_Insurance_Loan` AS `p`
WHERE `p`.`Patients_Id` = @__p_0
2023-10-04 18:12:42.921 +05:30  INF  Executed DbCommand (0ms) [Parameters=[@__p_0='?' (DbType = Int64)], CommandType='"Text"', CommandTimeout='30']
SELECT `p`.`Id`, `p`.`Created_At`, `p`.`Patient_Id`, `p`.`Report`, `p`.`Report_Date`, `p`.`Report_File`, `p`.`Status`, `p`.`Test_Name`, `p`.`Test_Price`, `p`.`Updated_At`
FROM `Patient_Tests` AS `p`
WHERE `p`.`Patient_Id` = @__p_0
2023-10-04 18:12:42.923 +05:30  INF  Executed DbCommand (1ms) [Parameters=[@__p_0='?' (DbType = Int64)], CommandType='"Text"', CommandTimeout='30']
SELECT `p`.`Id`, `p`.`Address_O`, `p`.`Address_Other`, `p`.`Address_R`, `p`.`City_O`, `p`.`City_Other`, `p`.`City_R`, `p`.`Country_O`, `p`.`Country_Other`, `p`.`Country_R`, `p`.`Created_At`, `p`.`Doctor_Name`, `p`.`Email`, `p`.`Email2`, `p`.`Medical_History_Allergies`, `p`.`Patient_Id`, `p`.`Phone`, `p`.`Phone1`, `p`.`Phone2`, `p`.`Phone3`, `p`.`Phone4`, `p`.`Physician`, `p`.`Reffered_By`, `p`.`Relationship_Type`, `p`.`Special_Notes`, `p`.`Updated_At`, `p`.`Zip_O`, `p`.`Zip_Other`, `p`.`Zip_R`
FROM `Patients_Contact` AS `p`
WHERE `p`.`Patient_Id` = @__p_0
2023-10-04 18:12:42.924 +05:30  INF  Executed DbCommand (0ms) [Parameters=[@__p_0='?' (DbType = Int64)], CommandType='"Text"', CommandTimeout='30']
SELECT `p`.`Id`, `p`.`Created_At`, `p`.`Patient_Id`, `p`.`Report`, `p`.`Report_File`, `p`.`Scan_Name`, `p`.`Status`, `p`.`Type`, `p`.`Updated_At`
FROM `Patient_Scans` AS `p`
WHERE `p`.`Patient_Id` = @__p_0
2023-10-04 18:12:42.926 +05:30  INF  Executed DbCommand (1ms) [Parameters=[], CommandType='"Text"', CommandTimeout='30']
SELECT `p`.`Id`, `p`.`Amount_Type`, `p`.`Balance`, `p`.`Created_At`, `p`.`Credit_Amount`, `p`.`Debit_Amount`, `p`.`Description`, `p`.`Doctor_Id`, `p`.`Patient_Id`, `p`.`Payment_Mode`, `p`.`Updated_At`, `p`.`Workdone_Id`
FROM `Payment_History` AS `p`
2023-10-04 18:12:42.931 +05:30  INF  Executed DbCommand (1ms) [Parameters=[@__p_0='?' (DbType = Int64)], CommandType='"Text"', CommandTimeout='30']
SELECT `p`.`Id`, `p`.`Amount`, `p`.`Balance_Amount`, `p`.`Balance_Spent`, `p`.`Created_At`, `p`.`Name`, `p`.`Patients_Id`, `p`.`Type`, `p`.`Updated_At`
FROM `Patients_Insurance_Loan` AS `p`
WHERE `p`.`Patients_Id` = @__p_0
2023-10-04 18:12:42.932 +05:30  INF  Executed DbCommand (0ms) [Parameters=[@__p_0='?' (DbType = Int64)], CommandType='"Text"', CommandTimeout='30']
SELECT `p`.`Id`, `p`.`Created_At`, `p`.`Patient_Id`, `p`.`Report`, `p`.`Report_Date`, `p`.`Report_File`, `p`.`Status`, `p`.`Test_Name`, `p`.`Test_Price`, `p`.`Updated_At`
FROM `Patient_Tests` AS `p`
WHERE `p`.`Patient_Id` = @__p_0
2023-10-04 18:12:42.935 +05:30  INF  Executed DbCommand (1ms) [Parameters=[@__p_0='?' (DbType = Int64)], CommandType='"Text"', CommandTimeout='30']
SELECT `p`.`Id`, `p`.`Address_O`, `p`.`Address_Other`, `p`.`Address_R`, `p`.`City_O`, `p`.`City_Other`, `p`.`City_R`, `p`.`Country_O`, `p`.`Country_Other`, `p`.`Country_R`, `p`.`Created_At`, `p`.`Doctor_Name`, `p`.`Email`, `p`.`Email2`, `p`.`Medical_History_Allergies`, `p`.`Patient_Id`, `p`.`Phone`, `p`.`Phone1`, `p`.`Phone2`, `p`.`Phone3`, `p`.`Phone4`, `p`.`Physician`, `p`.`Reffered_By`, `p`.`Relationship_Type`, `p`.`Special_Notes`, `p`.`Updated_At`, `p`.`Zip_O`, `p`.`Zip_Other`, `p`.`Zip_R`
FROM `Patients_Contact` AS `p`
WHERE `p`.`Patient_Id` = @__p_0
2023-10-04 18:12:42.936 +05:30  INF  Executed DbCommand (0ms) [Parameters=[@__p_0='?' (DbType = Int64)], CommandType='"Text"', CommandTimeout='30']
SELECT `p`.`Id`, `p`.`Created_At`, `p`.`Patient_Id`, `p`.`Report`, `p`.`Report_File`, `p`.`Scan_Name`, `p`.`Status`, `p`.`Type`, `p`.`Updated_At`
FROM `Patient_Scans` AS `p`
WHERE `p`.`Patient_Id` = @__p_0
2023-10-04 18:12:42.937 +05:30  INF  Executed DbCommand (1ms) [Parameters=[], CommandType='"Text"', CommandTimeout='30']
SELECT `p`.`Id`, `p`.`Amount_Type`, `p`.`Balance`, `p`.`Created_At`, `p`.`Credit_Amount`, `p`.`Debit_Amount`, `p`.`Description`, `p`.`Doctor_Id`, `p`.`Patient_Id`, `p`.`Payment_Mode`, `p`.`Updated_At`, `p`.`Workdone_Id`
FROM `Payment_History` AS `p`
2023-10-04 18:12:42.942 +05:30  INF  Executed DbCommand (1ms) [Parameters=[@__p_0='?' (DbType = Int64)], CommandType='"Text"', CommandTimeout='30']
SELECT `p`.`Id`, `p`.`Amount`, `p`.`Balance_Amount`, `p`.`Balance_Spent`, `p`.`Created_At`, `p`.`Name`, `p`.`Patients_Id`, `p`.`Type`, `p`.`Updated_At`
FROM `Patients_Insurance_Loan` AS `p`
WHERE `p`.`Patients_Id` = @__p_0
2023-10-04 18:12:42.943 +05:30  INF  Executed DbCommand (0ms) [Parameters=[@__p_0='?' (DbType = Int64)], CommandType='"Text"', CommandTimeout='30']
SELECT `p`.`Id`, `p`.`Created_At`, `p`.`Patient_Id`, `p`.`Report`, `p`.`Report_Date`, `p`.`Report_File`, `p`.`Status`, `p`.`Test_Name`, `p`.`Test_Price`, `p`.`Updated_At`
FROM `Patient_Tests` AS `p`
WHERE `p`.`Patient_Id` = @__p_0
2023-10-04 18:12:42.945 +05:30  INF  Executed DbCommand (1ms) [Parameters=[@__p_0='?' (DbType = Int64)], CommandType='"Text"', CommandTimeout='30']
SELECT `p`.`Id`, `p`.`Address_O`, `p`.`Address_Other`, `p`.`Address_R`, `p`.`City_O`, `p`.`City_Other`, `p`.`City_R`, `p`.`Country_O`, `p`.`Country_Other`, `p`.`Country_R`, `p`.`Created_At`, `p`.`Doctor_Name`, `p`.`Email`, `p`.`Email2`, `p`.`Medical_History_Allergies`, `p`.`Patient_Id`, `p`.`Phone`, `p`.`Phone1`, `p`.`Phone2`, `p`.`Phone3`, `p`.`Phone4`, `p`.`Physician`, `p`.`Reffered_By`, `p`.`Relationship_Type`, `p`.`Special_Notes`, `p`.`Updated_At`, `p`.`Zip_O`, `p`.`Zip_Other`, `p`.`Zip_R`
FROM `Patients_Contact` AS `p`
WHERE `p`.`Patient_Id` = @__p_0
2023-10-04 18:12:42.947 +05:30  INF  Executed DbCommand (0ms) [Parameters=[@__p_0='?' (DbType = Int64)], CommandType='"Text"', CommandTimeout='30']
SELECT `p`.`Id`, `p`.`Created_At`, `p`.`Patient_Id`, `p`.`Report`, `p`.`Report_File`, `p`.`Scan_Name`, `p`.`Status`, `p`.`Type`, `p`.`Updated_At`
FROM `Patient_Scans` AS `p`
WHERE `p`.`Patient_Id` = @__p_0
2023-10-04 18:12:42.948 +05:30  INF  Executed DbCommand (1ms) [Parameters=[], CommandType='"Text"', CommandTimeout='30']
SELECT `p`.`Id`, `p`.`Amount_Type`, `p`.`Balance`, `p`.`Created_At`, `p`.`Credit_Amount`, `p`.`Debit_Amount`, `p`.`Description`, `p`.`Doctor_Id`, `p`.`Patient_Id`, `p`.`Payment_Mode`, `p`.`Updated_At`, `p`.`Workdone_Id`
FROM `Payment_History` AS `p`
2023-10-04 18:12:42.954 +05:30  INF  Executed DbCommand (1ms) [Parameters=[@__p_0='?' (DbType = Int64)], CommandType='"Text"', CommandTimeout='30']
SELECT `p`.`Id`, `p`.`Amount`, `p`.`Balance_Amount`, `p`.`Balance_Spent`, `p`.`Created_At`, `p`.`Name`, `p`.`Patients_Id`, `p`.`Type`, `p`.`Updated_At`
FROM `Patients_Insurance_Loan` AS `p`
WHERE `p`.`Patients_Id` = @__p_0
2023-10-04 18:12:42.956 +05:30  INF  Executed DbCommand (0ms) [Parameters=[@__p_0='?' (DbType = Int64)], CommandType='"Text"', CommandTimeout='30']
SELECT `p`.`Id`, `p`.`Created_At`, `p`.`Patient_Id`, `p`.`Report`, `p`.`Report_Date`, `p`.`Report_File`, `p`.`Status`, `p`.`Test_Name`, `p`.`Test_Price`, `p`.`Updated_At`
FROM `Patient_Tests` AS `p`
WHERE `p`.`Patient_Id` = @__p_0
2023-10-04 18:12:42.958 +05:30  INF  Executed DbCommand (1ms) [Parameters=[@__p_0='?' (DbType = Int64)], CommandType='"Text"', CommandTimeout='30']
SELECT `p`.`Id`, `p`.`Address_O`, `p`.`Address_Other`, `p`.`Address_R`, `p`.`City_O`, `p`.`City_Other`, `p`.`City_R`, `p`.`Country_O`, `p`.`Country_Other`, `p`.`Country_R`, `p`.`Created_At`, `p`.`Doctor_Name`, `p`.`Email`, `p`.`Email2`, `p`.`Medical_History_Allergies`, `p`.`Patient_Id`, `p`.`Phone`, `p`.`Phone1`, `p`.`Phone2`, `p`.`Phone3`, `p`.`Phone4`, `p`.`Physician`, `p`.`Reffered_By`, `p`.`Relationship_Type`, `p`.`Special_Notes`, `p`.`Updated_At`, `p`.`Zip_O`, `p`.`Zip_Other`, `p`.`Zip_R`
FROM `Patients_Contact` AS `p`
WHERE `p`.`Patient_Id` = @__p_0
2023-10-04 18:12:42.959 +05:30  INF  Executed DbCommand (0ms) [Parameters=[@__p_0='?' (DbType = Int64)], CommandType='"Text"', CommandTimeout='30']
SELECT `p`.`Id`, `p`.`Created_At`, `p`.`Patient_Id`, `p`.`Report`, `p`.`Report_File`, `p`.`Scan_Name`, `p`.`Status`, `p`.`Type`, `p`.`Updated_At`
FROM `Patient_Scans` AS `p`
WHERE `p`.`Patient_Id` = @__p_0
2023-10-04 18:12:42.961 +05:30  INF  Executed DbCommand (1ms) [Parameters=[], CommandType='"Text"', CommandTimeout='30']
SELECT `p`.`Id`, `p`.`Amount_Type`, `p`.`Balance`, `p`.`Created_At`, `p`.`Credit_Amount`, `p`.`Debit_Amount`, `p`.`Description`, `p`.`Doctor_Id`, `p`.`Patient_Id`, `p`.`Payment_Mode`, `p`.`Updated_At`, `p`.`Workdone_Id`
FROM `Payment_History` AS `p`
2023-10-04 18:12:42.966 +05:30  INF  Executed DbCommand (1ms) [Parameters=[@__p_0='?' (DbType = Int64)], CommandType='"Text"', CommandTimeout='30']
SELECT `p`.`Id`, `p`.`Amount`, `p`.`Balance_Amount`, `p`.`Balance_Spent`, `p`.`Created_At`, `p`.`Name`, `p`.`Patients_Id`, `p`.`Type`, `p`.`Updated_At`
FROM `Patients_Insurance_Loan` AS `p`
WHERE `p`.`Patients_Id` = @__p_0
2023-10-04 18:12:42.967 +05:30  INF  Executed DbCommand (0ms) [Parameters=[@__p_0='?' (DbType = Int64)], CommandType='"Text"', CommandTimeout='30']
SELECT `p`.`Id`, `p`.`Created_At`, `p`.`Patient_Id`, `p`.`Report`, `p`.`Report_Date`, `p`.`Report_File`, `p`.`Status`, `p`.`Test_Name`, `p`.`Test_Price`, `p`.`Updated_At`
FROM `Patient_Tests` AS `p`
WHERE `p`.`Patient_Id` = @__p_0
2023-10-04 18:12:42.969 +05:30  INF  Executed DbCommand (1ms) [Parameters=[@__p_0='?' (DbType = Int64)], CommandType='"Text"', CommandTimeout='30']
SELECT `p`.`Id`, `p`.`Address_O`, `p`.`Address_Other`, `p`.`Address_R`, `p`.`City_O`, `p`.`City_Other`, `p`.`City_R`, `p`.`Country_O`, `p`.`Country_Other`, `p`.`Country_R`, `p`.`Created_At`, `p`.`Doctor_Name`, `p`.`Email`, `p`.`Email2`, `p`.`Medical_History_Allergies`, `p`.`Patient_Id`, `p`.`Phone`, `p`.`Phone1`, `p`.`Phone2`, `p`.`Phone3`, `p`.`Phone4`, `p`.`Physician`, `p`.`Reffered_By`, `p`.`Relationship_Type`, `p`.`Special_Notes`, `p`.`Updated_At`, `p`.`Zip_O`, `p`.`Zip_Other`, `p`.`Zip_R`
FROM `Patients_Contact` AS `p`
WHERE `p`.`Patient_Id` = @__p_0
2023-10-04 18:12:42.970 +05:30  INF  Executed DbCommand (0ms) [Parameters=[@__p_0='?' (DbType = Int64)], CommandType='"Text"', CommandTimeout='30']
SELECT `p`.`Id`, `p`.`Created_At`, `p`.`Patient_Id`, `p`.`Report`, `p`.`Report_File`, `p`.`Scan_Name`, `p`.`Status`, `p`.`Type`, `p`.`Updated_At`
FROM `Patient_Scans` AS `p`
WHERE `p`.`Patient_Id` = @__p_0
2023-10-04 18:12:42.971 +05:30  INF  Executed DbCommand (1ms) [Parameters=[], CommandType='"Text"', CommandTimeout='30']
SELECT `p`.`Id`, `p`.`Amount_Type`, `p`.`Balance`, `p`.`Created_At`, `p`.`Credit_Amount`, `p`.`Debit_Amount`, `p`.`Description`, `p`.`Doctor_Id`, `p`.`Patient_Id`, `p`.`Payment_Mode`, `p`.`Updated_At`, `p`.`Workdone_Id`
FROM `Payment_History` AS `p`
2023-10-04 18:12:42.977 +05:30  INF  Executed DbCommand (1ms) [Parameters=[@__p_0='?' (DbType = Int64)], CommandType='"Text"', CommandTimeout='30']
SELECT `p`.`Id`, `p`.`Amount`, `p`.`Balance_Amount`, `p`.`Balance_Spent`, `p`.`Created_At`, `p`.`Name`, `p`.`Patients_Id`, `p`.`Type`, `p`.`Updated_At`
FROM `Patients_Insurance_Loan` AS `p`
WHERE `p`.`Patients_Id` = @__p_0
2023-10-04 18:12:42.978 +05:30  INF  Executed DbCommand (0ms) [Parameters=[@__p_0='?' (DbType = Int64)], CommandType='"Text"', CommandTimeout='30']
SELECT `p`.`Id`, `p`.`Created_At`, `p`.`Patient_Id`, `p`.`Report`, `p`.`Report_Date`, `p`.`Report_File`, `p`.`Status`, `p`.`Test_Name`, `p`.`Test_Price`, `p`.`Updated_At`
FROM `Patient_Tests` AS `p`
WHERE `p`.`Patient_Id` = @__p_0
2023-10-04 18:12:42.980 +05:30  INF  Executed DbCommand (1ms) [Parameters=[@__p_0='?' (DbType = Int64)], CommandType='"Text"', CommandTimeout='30']
SELECT `p`.`Id`, `p`.`Address_O`, `p`.`Address_Other`, `p`.`Address_R`, `p`.`City_O`, `p`.`City_Other`, `p`.`City_R`, `p`.`Country_O`, `p`.`Country_Other`, `p`.`Country_R`, `p`.`Created_At`, `p`.`Doctor_Name`, `p`.`Email`, `p`.`Email2`, `p`.`Medical_History_Allergies`, `p`.`Patient_Id`, `p`.`Phone`, `p`.`Phone1`, `p`.`Phone2`, `p`.`Phone3`, `p`.`Phone4`, `p`.`Physician`, `p`.`Reffered_By`, `p`.`Relationship_Type`, `p`.`Special_Notes`, `p`.`Updated_At`, `p`.`Zip_O`, `p`.`Zip_Other`, `p`.`Zip_R`
FROM `Patients_Contact` AS `p`
WHERE `p`.`Patient_Id` = @__p_0
2023-10-04 18:12:42.982 +05:30  INF  Executed DbCommand (0ms) [Parameters=[@__p_0='?' (DbType = Int64)], CommandType='"Text"', CommandTimeout='30']
SELECT `p`.`Id`, `p`.`Created_At`, `p`.`Patient_Id`, `p`.`Report`, `p`.`Report_File`, `p`.`Scan_Name`, `p`.`Status`, `p`.`Type`, `p`.`Updated_At`
FROM `Patient_Scans` AS `p`
WHERE `p`.`Patient_Id` = @__p_0
2023-10-04 18:12:42.983 +05:30  INF  Executed DbCommand (1ms) [Parameters=[], CommandType='"Text"', CommandTimeout='30']
SELECT `p`.`Id`, `p`.`Amount_Type`, `p`.`Balance`, `p`.`Created_At`, `p`.`Credit_Amount`, `p`.`Debit_Amount`, `p`.`Description`, `p`.`Doctor_Id`, `p`.`Patient_Id`, `p`.`Payment_Mode`, `p`.`Updated_At`, `p`.`Workdone_Id`
FROM `Payment_History` AS `p`
2023-10-04 18:12:42.988 +05:30  INF  Executed DbCommand (1ms) [Parameters=[@__p_0='?' (DbType = Int64)], CommandType='"Text"', CommandTimeout='30']
SELECT `p`.`Id`, `p`.`Amount`, `p`.`Balance_Amount`, `p`.`Balance_Spent`, `p`.`Created_At`, `p`.`Name`, `p`.`Patients_Id`, `p`.`Type`, `p`.`Updated_At`
FROM `Patients_Insurance_Loan` AS `p`
WHERE `p`.`Patients_Id` = @__p_0
2023-10-04 18:12:42.989 +05:30  INF  Executed DbCommand (0ms) [Parameters=[@__p_0='?' (DbType = Int64)], CommandType='"Text"', CommandTimeout='30']
SELECT `p`.`Id`, `p`.`Created_At`, `p`.`Patient_Id`, `p`.`Report`, `p`.`Report_Date`, `p`.`Report_File`, `p`.`Status`, `p`.`Test_Name`, `p`.`Test_Price`, `p`.`Updated_At`
FROM `Patient_Tests` AS `p`
WHERE `p`.`Patient_Id` = @__p_0
2023-10-04 18:12:42.991 +05:30  INF  Executed DbCommand (1ms) [Parameters=[@__p_0='?' (DbType = Int64)], CommandType='"Text"', CommandTimeout='30']
SELECT `p`.`Id`, `p`.`Address_O`, `p`.`Address_Other`, `p`.`Address_R`, `p`.`City_O`, `p`.`City_Other`, `p`.`City_R`, `p`.`Country_O`, `p`.`Country_Other`, `p`.`Country_R`, `p`.`Created_At`, `p`.`Doctor_Name`, `p`.`Email`, `p`.`Email2`, `p`.`Medical_History_Allergies`, `p`.`Patient_Id`, `p`.`Phone`, `p`.`Phone1`, `p`.`Phone2`, `p`.`Phone3`, `p`.`Phone4`, `p`.`Physician`, `p`.`Reffered_By`, `p`.`Relationship_Type`, `p`.`Special_Notes`, `p`.`Updated_At`, `p`.`Zip_O`, `p`.`Zip_Other`, `p`.`Zip_R`
FROM `Patients_Contact` AS `p`
WHERE `p`.`Patient_Id` = @__p_0
2023-10-04 18:12:42.992 +05:30  INF  Executed DbCommand (0ms) [Parameters=[@__p_0='?' (DbType = Int64)], CommandType='"Text"', CommandTimeout='30']
SELECT `p`.`Id`, `p`.`Created_At`, `p`.`Patient_Id`, `p`.`Report`, `p`.`Report_File`, `p`.`Scan_Name`, `p`.`Status`, `p`.`Type`, `p`.`Updated_At`
FROM `Patient_Scans` AS `p`
WHERE `p`.`Patient_Id` = @__p_0
2023-10-04 18:12:42.993 +05:30  INF  Executed DbCommand (1ms) [Parameters=[], CommandType='"Text"', CommandTimeout='30']
SELECT `p`.`Id`, `p`.`Amount_Type`, `p`.`Balance`, `p`.`Created_At`, `p`.`Credit_Amount`, `p`.`Debit_Amount`, `p`.`Description`, `p`.`Doctor_Id`, `p`.`Patient_Id`, `p`.`Payment_Mode`, `p`.`Updated_At`, `p`.`Workdone_Id`
FROM `Payment_History` AS `p`
2023-10-04 18:12:42.999 +05:30  INF  Executed DbCommand (1ms) [Parameters=[@__p_0='?' (DbType = Int64)], CommandType='"Text"', CommandTimeout='30']
SELECT `p`.`Id`, `p`.`Amount`, `p`.`Balance_Amount`, `p`.`Balance_Spent`, `p`.`Created_At`, `p`.`Name`, `p`.`Patients_Id`, `p`.`Type`, `p`.`Updated_At`
FROM `Patients_Insurance_Loan` AS `p`
WHERE `p`.`Patients_Id` = @__p_0
2023-10-04 18:12:43.000 +05:30  INF  Executed DbCommand (0ms) [Parameters=[@__p_0='?' (DbType = Int64)], CommandType='"Text"', CommandTimeout='30']
SELECT `p`.`Id`, `p`.`Created_At`, `p`.`Patient_Id`, `p`.`Report`, `p`.`Report_Date`, `p`.`Report_File`, `p`.`Status`, `p`.`Test_Name`, `p`.`Test_Price`, `p`.`Updated_At`
FROM `Patient_Tests` AS `p`
WHERE `p`.`Patient_Id` = @__p_0
2023-10-04 18:12:43.002 +05:30  INF  Executed DbCommand (1ms) [Parameters=[@__p_0='?' (DbType = Int64)], CommandType='"Text"', CommandTimeout='30']
SELECT `p`.`Id`, `p`.`Address_O`, `p`.`Address_Other`, `p`.`Address_R`, `p`.`City_O`, `p`.`City_Other`, `p`.`City_R`, `p`.`Country_O`, `p`.`Country_Other`, `p`.`Country_R`, `p`.`Created_At`, `p`.`Doctor_Name`, `p`.`Email`, `p`.`Email2`, `p`.`Medical_History_Allergies`, `p`.`Patient_Id`, `p`.`Phone`, `p`.`Phone1`, `p`.`Phone2`, `p`.`Phone3`, `p`.`Phone4`, `p`.`Physician`, `p`.`Reffered_By`, `p`.`Relationship_Type`, `p`.`Special_Notes`, `p`.`Updated_At`, `p`.`Zip_O`, `p`.`Zip_Other`, `p`.`Zip_R`
FROM `Patients_Contact` AS `p`
WHERE `p`.`Patient_Id` = @__p_0
2023-10-04 18:12:43.004 +05:30  INF  Executed DbCommand (0ms) [Parameters=[@__p_0='?' (DbType = Int64)], CommandType='"Text"', CommandTimeout='30']
SELECT `p`.`Id`, `p`.`Created_At`, `p`.`Patient_Id`, `p`.`Report`, `p`.`Report_File`, `p`.`Scan_Name`, `p`.`Status`, `p`.`Type`, `p`.`Updated_At`
FROM `Patient_Scans` AS `p`
WHERE `p`.`Patient_Id` = @__p_0
2023-10-04 18:12:43.005 +05:30  INF  Executed DbCommand (1ms) [Parameters=[], CommandType='"Text"', CommandTimeout='30']
SELECT `p`.`Id`, `p`.`Amount_Type`, `p`.`Balance`, `p`.`Created_At`, `p`.`Credit_Amount`, `p`.`Debit_Amount`, `p`.`Description`, `p`.`Doctor_Id`, `p`.`Patient_Id`, `p`.`Payment_Mode`, `p`.`Updated_At`, `p`.`Workdone_Id`
FROM `Payment_History` AS `p`
2023-10-04 18:12:43.010 +05:30  INF  Executed DbCommand (1ms) [Parameters=[@__p_0='?' (DbType = Int64)], CommandType='"Text"', CommandTimeout='30']
SELECT `p`.`Id`, `p`.`Amount`, `p`.`Balance_Amount`, `p`.`Balance_Spent`, `p`.`Created_At`, `p`.`Name`, `p`.`Patients_Id`, `p`.`Type`, `p`.`Updated_At`
FROM `Patients_Insurance_Loan` AS `p`
WHERE `p`.`Patients_Id` = @__p_0
2023-10-04 18:12:43.012 +05:30  INF  Executed DbCommand (1ms) [Parameters=[@__p_0='?' (DbType = Int64)], CommandType='"Text"', CommandTimeout='30']
SELECT `p`.`Id`, `p`.`Created_At`, `p`.`Patient_Id`, `p`.`Report`, `p`.`Report_Date`, `p`.`Report_File`, `p`.`Status`, `p`.`Test_Name`, `p`.`Test_Price`, `p`.`Updated_At`
FROM `Patient_Tests` AS `p`
WHERE `p`.`Patient_Id` = @__p_0
2023-10-04 18:12:43.014 +05:30  INF  Executed DbCommand (1ms) [Parameters=[@__p_0='?' (DbType = Int64)], CommandType='"Text"', CommandTimeout='30']
SELECT `p`.`Id`, `p`.`Address_O`, `p`.`Address_Other`, `p`.`Address_R`, `p`.`City_O`, `p`.`City_Other`, `p`.`City_R`, `p`.`Country_O`, `p`.`Country_Other`, `p`.`Country_R`, `p`.`Created_At`, `p`.`Doctor_Name`, `p`.`Email`, `p`.`Email2`, `p`.`Medical_History_Allergies`, `p`.`Patient_Id`, `p`.`Phone`, `p`.`Phone1`, `p`.`Phone2`, `p`.`Phone3`, `p`.`Phone4`, `p`.`Physician`, `p`.`Reffered_By`, `p`.`Relationship_Type`, `p`.`Special_Notes`, `p`.`Updated_At`, `p`.`Zip_O`, `p`.`Zip_Other`, `p`.`Zip_R`
FROM `Patients_Contact` AS `p`
WHERE `p`.`Patient_Id` = @__p_0
2023-10-04 18:12:43.016 +05:30  INF  Executed DbCommand (0ms) [Parameters=[@__p_0='?' (DbType = Int64)], CommandType='"Text"', CommandTimeout='30']
SELECT `p`.`Id`, `p`.`Created_At`, `p`.`Patient_Id`, `p`.`Report`, `p`.`Report_File`, `p`.`Scan_Name`, `p`.`Status`, `p`.`Type`, `p`.`Updated_At`
FROM `Patient_Scans` AS `p`
WHERE `p`.`Patient_Id` = @__p_0
2023-10-04 18:12:43.017 +05:30  INF  Executed DbCommand (1ms) [Parameters=[], CommandType='"Text"', CommandTimeout='30']
SELECT `p`.`Id`, `p`.`Amount_Type`, `p`.`Balance`, `p`.`Created_At`, `p`.`Credit_Amount`, `p`.`Debit_Amount`, `p`.`Description`, `p`.`Doctor_Id`, `p`.`Patient_Id`, `p`.`Payment_Mode`, `p`.`Updated_At`, `p`.`Workdone_Id`
FROM `Payment_History` AS `p`
2023-10-04 18:12:43.022 +05:30  INF  Executed DbCommand (1ms) [Parameters=[@__p_0='?' (DbType = Int64)], CommandType='"Text"', CommandTimeout='30']
SELECT `p`.`Id`, `p`.`Amount`, `p`.`Balance_Amount`, `p`.`Balance_Spent`, `p`.`Created_At`, `p`.`Name`, `p`.`Patients_Id`, `p`.`Type`, `p`.`Updated_At`
FROM `Patients_Insurance_Loan` AS `p`
WHERE `p`.`Patients_Id` = @__p_0
2023-10-04 18:12:43.023 +05:30  INF  Executed DbCommand (0ms) [Parameters=[@__p_0='?' (DbType = Int64)], CommandType='"Text"', CommandTimeout='30']
SELECT `p`.`Id`, `p`.`Created_At`, `p`.`Patient_Id`, `p`.`Report`, `p`.`Report_Date`, `p`.`Report_File`, `p`.`Status`, `p`.`Test_Name`, `p`.`Test_Price`, `p`.`Updated_At`
FROM `Patient_Tests` AS `p`
WHERE `p`.`Patient_Id` = @__p_0
2023-10-04 18:12:43.025 +05:30  INF  Executed DbCommand (2ms) [Parameters=[@__p_0='?' (DbType = Int64)], CommandType='"Text"', CommandTimeout='30']
SELECT `p`.`Id`, `p`.`Address_O`, `p`.`Address_Other`, `p`.`Address_R`, `p`.`City_O`, `p`.`City_Other`, `p`.`City_R`, `p`.`Country_O`, `p`.`Country_Other`, `p`.`Country_R`, `p`.`Created_At`, `p`.`Doctor_Name`, `p`.`Email`, `p`.`Email2`, `p`.`Medical_History_Allergies`, `p`.`Patient_Id`, `p`.`Phone`, `p`.`Phone1`, `p`.`Phone2`, `p`.`Phone3`, `p`.`Phone4`, `p`.`Physician`, `p`.`Reffered_By`, `p`.`Relationship_Type`, `p`.`Special_Notes`, `p`.`Updated_At`, `p`.`Zip_O`, `p`.`Zip_Other`, `p`.`Zip_R`
FROM `Patients_Contact` AS `p`
WHERE `p`.`Patient_Id` = @__p_0
2023-10-04 18:12:43.027 +05:30  INF  Executed DbCommand (0ms) [Parameters=[@__p_0='?' (DbType = Int64)], CommandType='"Text"', CommandTimeout='30']
SELECT `p`.`Id`, `p`.`Created_At`, `p`.`Patient_Id`, `p`.`Report`, `p`.`Report_File`, `p`.`Scan_Name`, `p`.`Status`, `p`.`Type`, `p`.`Updated_At`
FROM `Patient_Scans` AS `p`
WHERE `p`.`Patient_Id` = @__p_0
2023-10-04 18:12:43.028 +05:30  INF  Executed DbCommand (1ms) [Parameters=[], CommandType='"Text"', CommandTimeout='30']
SELECT `p`.`Id`, `p`.`Amount_Type`, `p`.`Balance`, `p`.`Created_At`, `p`.`Credit_Amount`, `p`.`Debit_Amount`, `p`.`Description`, `p`.`Doctor_Id`, `p`.`Patient_Id`, `p`.`Payment_Mode`, `p`.`Updated_At`, `p`.`Workdone_Id`
FROM `Payment_History` AS `p`
2023-10-04 18:12:43.033 +05:30  INF  Executed DbCommand (1ms) [Parameters=[@__p_0='?' (DbType = Int64)], CommandType='"Text"', CommandTimeout='30']
SELECT `p`.`Id`, `p`.`Amount`, `p`.`Balance_Amount`, `p`.`Balance_Spent`, `p`.`Created_At`, `p`.`Name`, `p`.`Patients_Id`, `p`.`Type`, `p`.`Updated_At`
FROM `Patients_Insurance_Loan` AS `p`
WHERE `p`.`Patients_Id` = @__p_0
2023-10-04 18:12:43.034 +05:30  INF  Executed DbCommand (0ms) [Parameters=[@__p_0='?' (DbType = Int64)], CommandType='"Text"', CommandTimeout='30']
SELECT `p`.`Id`, `p`.`Created_At`, `p`.`Patient_Id`, `p`.`Report`, `p`.`Report_Date`, `p`.`Report_File`, `p`.`Status`, `p`.`Test_Name`, `p`.`Test_Price`, `p`.`Updated_At`
FROM `Patient_Tests` AS `p`
WHERE `p`.`Patient_Id` = @__p_0
2023-10-04 18:12:43.036 +05:30  INF  Executed DbCommand (1ms) [Parameters=[@__p_0='?' (DbType = Int64)], CommandType='"Text"', CommandTimeout='30']
SELECT `p`.`Id`, `p`.`Address_O`, `p`.`Address_Other`, `p`.`Address_R`, `p`.`City_O`, `p`.`City_Other`, `p`.`City_R`, `p`.`Country_O`, `p`.`Country_Other`, `p`.`Country_R`, `p`.`Created_At`, `p`.`Doctor_Name`, `p`.`Email`, `p`.`Email2`, `p`.`Medical_History_Allergies`, `p`.`Patient_Id`, `p`.`Phone`, `p`.`Phone1`, `p`.`Phone2`, `p`.`Phone3`, `p`.`Phone4`, `p`.`Physician`, `p`.`Reffered_By`, `p`.`Relationship_Type`, `p`.`Special_Notes`, `p`.`Updated_At`, `p`.`Zip_O`, `p`.`Zip_Other`, `p`.`Zip_R`
FROM `Patients_Contact` AS `p`
WHERE `p`.`Patient_Id` = @__p_0
2023-10-04 18:12:43.037 +05:30  INF  Executed DbCommand (0ms) [Parameters=[@__p_0='?' (DbType = Int64)], CommandType='"Text"', CommandTimeout='30']
SELECT `p`.`Id`, `p`.`Created_At`, `p`.`Patient_Id`, `p`.`Report`, `p`.`Report_File`, `p`.`Scan_Name`, `p`.`Status`, `p`.`Type`, `p`.`Updated_At`
FROM `Patient_Scans` AS `p`
WHERE `p`.`Patient_Id` = @__p_0
2023-10-04 18:12:43.039 +05:30  INF  Executed DbCommand (1ms) [Parameters=[], CommandType='"Text"', CommandTimeout='30']
SELECT `p`.`Id`, `p`.`Amount_Type`, `p`.`Balance`, `p`.`Created_At`, `p`.`Credit_Amount`, `p`.`Debit_Amount`, `p`.`Description`, `p`.`Doctor_Id`, `p`.`Patient_Id`, `p`.`Payment_Mode`, `p`.`Updated_At`, `p`.`Workdone_Id`
FROM `Payment_History` AS `p`
2023-10-04 18:12:43.044 +05:30  INF  Executed DbCommand (1ms) [Parameters=[@__p_0='?' (DbType = Int64)], CommandType='"Text"', CommandTimeout='30']
SELECT `p`.`Id`, `p`.`Amount`, `p`.`Balance_Amount`, `p`.`Balance_Spent`, `p`.`Created_At`, `p`.`Name`, `p`.`Patients_Id`, `p`.`Type`, `p`.`Updated_At`
FROM `Patients_Insurance_Loan` AS `p`
WHERE `p`.`Patients_Id` = @__p_0
2023-10-04 18:12:43.046 +05:30  INF  Executed DbCommand (0ms) [Parameters=[@__p_0='?' (DbType = Int64)], CommandType='"Text"', CommandTimeout='30']
SELECT `p`.`Id`, `p`.`Created_At`, `p`.`Patient_Id`, `p`.`Report`, `p`.`Report_Date`, `p`.`Report_File`, `p`.`Status`, `p`.`Test_Name`, `p`.`Test_Price`, `p`.`Updated_At`
FROM `Patient_Tests` AS `p`
WHERE `p`.`Patient_Id` = @__p_0
2023-10-04 18:12:43.048 +05:30  INF  Executed DbCommand (1ms) [Parameters=[@__p_0='?' (DbType = Int64)], CommandType='"Text"', CommandTimeout='30']
SELECT `p`.`Id`, `p`.`Address_O`, `p`.`Address_Other`, `p`.`Address_R`, `p`.`City_O`, `p`.`City_Other`, `p`.`City_R`, `p`.`Country_O`, `p`.`Country_Other`, `p`.`Country_R`, `p`.`Created_At`, `p`.`Doctor_Name`, `p`.`Email`, `p`.`Email2`, `p`.`Medical_History_Allergies`, `p`.`Patient_Id`, `p`.`Phone`, `p`.`Phone1`, `p`.`Phone2`, `p`.`Phone3`, `p`.`Phone4`, `p`.`Physician`, `p`.`Reffered_By`, `p`.`Relationship_Type`, `p`.`Special_Notes`, `p`.`Updated_At`, `p`.`Zip_O`, `p`.`Zip_Other`, `p`.`Zip_R`
FROM `Patients_Contact` AS `p`
WHERE `p`.`Patient_Id` = @__p_0
2023-10-04 18:12:43.049 +05:30  INF  Executed DbCommand (0ms) [Parameters=[@__p_0='?' (DbType = Int64)], CommandType='"Text"', CommandTimeout='30']
SELECT `p`.`Id`, `p`.`Created_At`, `p`.`Patient_Id`, `p`.`Report`, `p`.`Report_File`, `p`.`Scan_Name`, `p`.`Status`, `p`.`Type`, `p`.`Updated_At`
FROM `Patient_Scans` AS `p`
WHERE `p`.`Patient_Id` = @__p_0
2023-10-04 18:12:43.051 +05:30  INF  Executed DbCommand (1ms) [Parameters=[], CommandType='"Text"', CommandTimeout='30']
SELECT `p`.`Id`, `p`.`Amount_Type`, `p`.`Balance`, `p`.`Created_At`, `p`.`Credit_Amount`, `p`.`Debit_Amount`, `p`.`Description`, `p`.`Doctor_Id`, `p`.`Patient_Id`, `p`.`Payment_Mode`, `p`.`Updated_At`, `p`.`Workdone_Id`
FROM `Payment_History` AS `p`
2023-10-04 18:12:43.056 +05:30  INF  Executed DbCommand (1ms) [Parameters=[@__p_0='?' (DbType = Int64)], CommandType='"Text"', CommandTimeout='30']
SELECT `p`.`Id`, `p`.`Amount`, `p`.`Balance_Amount`, `p`.`Balance_Spent`, `p`.`Created_At`, `p`.`Name`, `p`.`Patients_Id`, `p`.`Type`, `p`.`Updated_At`
FROM `Patients_Insurance_Loan` AS `p`
WHERE `p`.`Patients_Id` = @__p_0
2023-10-04 18:12:43.057 +05:30  INF  Executed DbCommand (0ms) [Parameters=[@__p_0='?' (DbType = Int64)], CommandType='"Text"', CommandTimeout='30']
SELECT `p`.`Id`, `p`.`Created_At`, `p`.`Patient_Id`, `p`.`Report`, `p`.`Report_Date`, `p`.`Report_File`, `p`.`Status`, `p`.`Test_Name`, `p`.`Test_Price`, `p`.`Updated_At`
FROM `Patient_Tests` AS `p`
WHERE `p`.`Patient_Id` = @__p_0
2023-10-04 18:12:43.059 +05:30  INF  Executed DbCommand (1ms) [Parameters=[@__p_0='?' (DbType = Int64)], CommandType='"Text"', CommandTimeout='30']
SELECT `p`.`Id`, `p`.`Address_O`, `p`.`Address_Other`, `p`.`Address_R`, `p`.`City_O`, `p`.`City_Other`, `p`.`City_R`, `p`.`Country_O`, `p`.`Country_Other`, `p`.`Country_R`, `p`.`Created_At`, `p`.`Doctor_Name`, `p`.`Email`, `p`.`Email2`, `p`.`Medical_History_Allergies`, `p`.`Patient_Id`, `p`.`Phone`, `p`.`Phone1`, `p`.`Phone2`, `p`.`Phone3`, `p`.`Phone4`, `p`.`Physician`, `p`.`Reffered_By`, `p`.`Relationship_Type`, `p`.`Special_Notes`, `p`.`Updated_At`, `p`.`Zip_O`, `p`.`Zip_Other`, `p`.`Zip_R`
FROM `Patients_Contact` AS `p`
WHERE `p`.`Patient_Id` = @__p_0
2023-10-04 18:12:43.061 +05:30  INF  Executed DbCommand (0ms) [Parameters=[@__p_0='?' (DbType = Int64)], CommandType='"Text"', CommandTimeout='30']
SELECT `p`.`Id`, `p`.`Created_At`, `p`.`Patient_Id`, `p`.`Report`, `p`.`Report_File`, `p`.`Scan_Name`, `p`.`Status`, `p`.`Type`, `p`.`Updated_At`
FROM `Patient_Scans` AS `p`
WHERE `p`.`Patient_Id` = @__p_0
2023-10-04 18:12:43.062 +05:30  INF  Executed DbCommand (1ms) [Parameters=[], CommandType='"Text"', CommandTimeout='30']
SELECT `p`.`Id`, `p`.`Amount_Type`, `p`.`Balance`, `p`.`Created_At`, `p`.`Credit_Amount`, `p`.`Debit_Amount`, `p`.`Description`, `p`.`Doctor_Id`, `p`.`Patient_Id`, `p`.`Payment_Mode`, `p`.`Updated_At`, `p`.`Workdone_Id`
FROM `Payment_History` AS `p`
2023-10-04 18:12:43.067 +05:30  INF  Executed DbCommand (1ms) [Parameters=[@__p_0='?' (DbType = Int64)], CommandType='"Text"', CommandTimeout='30']
SELECT `p`.`Id`, `p`.`Amount`, `p`.`Balance_Amount`, `p`.`Balance_Spent`, `p`.`Created_At`, `p`.`Name`, `p`.`Patients_Id`, `p`.`Type`, `p`.`Updated_At`
FROM `Patients_Insurance_Loan` AS `p`
WHERE `p`.`Patients_Id` = @__p_0
2023-10-04 18:12:43.068 +05:30  INF  Executed DbCommand (0ms) [Parameters=[@__p_0='?' (DbType = Int64)], CommandType='"Text"', CommandTimeout='30']
SELECT `p`.`Id`, `p`.`Created_At`, `p`.`Patient_Id`, `p`.`Report`, `p`.`Report_Date`, `p`.`Report_File`, `p`.`Status`, `p`.`Test_Name`, `p`.`Test_Price`, `p`.`Updated_At`
FROM `Patient_Tests` AS `p`
WHERE `p`.`Patient_Id` = @__p_0
2023-10-04 18:12:43.070 +05:30  INF  Executed DbCommand (1ms) [Parameters=[@__p_0='?' (DbType = Int64)], CommandType='"Text"', CommandTimeout='30']
SELECT `p`.`Id`, `p`.`Address_O`, `p`.`Address_Other`, `p`.`Address_R`, `p`.`City_O`, `p`.`City_Other`, `p`.`City_R`, `p`.`Country_O`, `p`.`Country_Other`, `p`.`Country_R`, `p`.`Created_At`, `p`.`Doctor_Name`, `p`.`Email`, `p`.`Email2`, `p`.`Medical_History_Allergies`, `p`.`Patient_Id`, `p`.`Phone`, `p`.`Phone1`, `p`.`Phone2`, `p`.`Phone3`, `p`.`Phone4`, `p`.`Physician`, `p`.`Reffered_By`, `p`.`Relationship_Type`, `p`.`Special_Notes`, `p`.`Updated_At`, `p`.`Zip_O`, `p`.`Zip_Other`, `p`.`Zip_R`
FROM `Patients_Contact` AS `p`
WHERE `p`.`Patient_Id` = @__p_0
2023-10-04 18:12:43.072 +05:30  INF  Executed DbCommand (0ms) [Parameters=[@__p_0='?' (DbType = Int64)], CommandType='"Text"', CommandTimeout='30']
SELECT `p`.`Id`, `p`.`Created_At`, `p`.`Patient_Id`, `p`.`Report`, `p`.`Report_File`, `p`.`Scan_Name`, `p`.`Status`, `p`.`Type`, `p`.`Updated_At`
FROM `Patient_Scans` AS `p`
WHERE `p`.`Patient_Id` = @__p_0
2023-10-04 18:12:43.073 +05:30  INF  Executed DbCommand (1ms) [Parameters=[], CommandType='"Text"', CommandTimeout='30']
SELECT `p`.`Id`, `p`.`Amount_Type`, `p`.`Balance`, `p`.`Created_At`, `p`.`Credit_Amount`, `p`.`Debit_Amount`, `p`.`Description`, `p`.`Doctor_Id`, `p`.`Patient_Id`, `p`.`Payment_Mode`, `p`.`Updated_At`, `p`.`Workdone_Id`
FROM `Payment_History` AS `p`
2023-10-04 18:12:43.078 +05:30  INF  Executed DbCommand (1ms) [Parameters=[@__p_0='?' (DbType = Int64)], CommandType='"Text"', CommandTimeout='30']
SELECT `p`.`Id`, `p`.`Amount`, `p`.`Balance_Amount`, `p`.`Balance_Spent`, `p`.`Created_At`, `p`.`Name`, `p`.`Patients_Id`, `p`.`Type`, `p`.`Updated_At`
FROM `Patients_Insurance_Loan` AS `p`
WHERE `p`.`Patients_Id` = @__p_0
2023-10-04 18:12:43.079 +05:30  INF  Executed DbCommand (0ms) [Parameters=[@__p_0='?' (DbType = Int64)], CommandType='"Text"', CommandTimeout='30']
SELECT `p`.`Id`, `p`.`Created_At`, `p`.`Patient_Id`, `p`.`Report`, `p`.`Report_Date`, `p`.`Report_File`, `p`.`Status`, `p`.`Test_Name`, `p`.`Test_Price`, `p`.`Updated_At`
FROM `Patient_Tests` AS `p`
WHERE `p`.`Patient_Id` = @__p_0
2023-10-04 18:12:43.081 +05:30  INF  Executed DbCommand (1ms) [Parameters=[@__p_0='?' (DbType = Int64)], CommandType='"Text"', CommandTimeout='30']
SELECT `p`.`Id`, `p`.`Address_O`, `p`.`Address_Other`, `p`.`Address_R`, `p`.`City_O`, `p`.`City_Other`, `p`.`City_R`, `p`.`Country_O`, `p`.`Country_Other`, `p`.`Country_R`, `p`.`Created_At`, `p`.`Doctor_Name`, `p`.`Email`, `p`.`Email2`, `p`.`Medical_History_Allergies`, `p`.`Patient_Id`, `p`.`Phone`, `p`.`Phone1`, `p`.`Phone2`, `p`.`Phone3`, `p`.`Phone4`, `p`.`Physician`, `p`.`Reffered_By`, `p`.`Relationship_Type`, `p`.`Special_Notes`, `p`.`Updated_At`, `p`.`Zip_O`, `p`.`Zip_Other`, `p`.`Zip_R`
FROM `Patients_Contact` AS `p`
WHERE `p`.`Patient_Id` = @__p_0
2023-10-04 18:12:43.082 +05:30  INF  Executed DbCommand (0ms) [Parameters=[@__p_0='?' (DbType = Int64)], CommandType='"Text"', CommandTimeout='30']
SELECT `p`.`Id`, `p`.`Created_At`, `p`.`Patient_Id`, `p`.`Report`, `p`.`Report_File`, `p`.`Scan_Name`, `p`.`Status`, `p`.`Type`, `p`.`Updated_At`
FROM `Patient_Scans` AS `p`
WHERE `p`.`Patient_Id` = @__p_0
2023-10-04 18:12:43.083 +05:30  INF  Executed DbCommand (1ms) [Parameters=[], CommandType='"Text"', CommandTimeout='30']
SELECT `p`.`Id`, `p`.`Amount_Type`, `p`.`Balance`, `p`.`Created_At`, `p`.`Credit_Amount`, `p`.`Debit_Amount`, `p`.`Description`, `p`.`Doctor_Id`, `p`.`Patient_Id`, `p`.`Payment_Mode`, `p`.`Updated_At`, `p`.`Workdone_Id`
FROM `Payment_History` AS `p`
2023-10-04 18:12:43.088 +05:30  INF  Executed DbCommand (1ms) [Parameters=[@__p_0='?' (DbType = Int64)], CommandType='"Text"', CommandTimeout='30']
SELECT `p`.`Id`, `p`.`Amount`, `p`.`Balance_Amount`, `p`.`Balance_Spent`, `p`.`Created_At`, `p`.`Name`, `p`.`Patients_Id`, `p`.`Type`, `p`.`Updated_At`
FROM `Patients_Insurance_Loan` AS `p`
WHERE `p`.`Patients_Id` = @__p_0
2023-10-04 18:12:43.090 +05:30  INF  Executed DbCommand (0ms) [Parameters=[@__p_0='?' (DbType = Int64)], CommandType='"Text"', CommandTimeout='30']
SELECT `p`.`Id`, `p`.`Created_At`, `p`.`Patient_Id`, `p`.`Report`, `p`.`Report_Date`, `p`.`Report_File`, `p`.`Status`, `p`.`Test_Name`, `p`.`Test_Price`, `p`.`Updated_At`
FROM `Patient_Tests` AS `p`
WHERE `p`.`Patient_Id` = @__p_0
2023-10-04 18:12:43.091 +05:30  INF  Executed DbCommand (1ms) [Parameters=[@__p_0='?' (DbType = Int64)], CommandType='"Text"', CommandTimeout='30']
SELECT `p`.`Id`, `p`.`Address_O`, `p`.`Address_Other`, `p`.`Address_R`, `p`.`City_O`, `p`.`City_Other`, `p`.`City_R`, `p`.`Country_O`, `p`.`Country_Other`, `p`.`Country_R`, `p`.`Created_At`, `p`.`Doctor_Name`, `p`.`Email`, `p`.`Email2`, `p`.`Medical_History_Allergies`, `p`.`Patient_Id`, `p`.`Phone`, `p`.`Phone1`, `p`.`Phone2`, `p`.`Phone3`, `p`.`Phone4`, `p`.`Physician`, `p`.`Reffered_By`, `p`.`Relationship_Type`, `p`.`Special_Notes`, `p`.`Updated_At`, `p`.`Zip_O`, `p`.`Zip_Other`, `p`.`Zip_R`
FROM `Patients_Contact` AS `p`
WHERE `p`.`Patient_Id` = @__p_0
2023-10-04 18:12:43.093 +05:30  INF  Executed DbCommand (0ms) [Parameters=[@__p_0='?' (DbType = Int64)], CommandType='"Text"', CommandTimeout='30']
SELECT `p`.`Id`, `p`.`Created_At`, `p`.`Patient_Id`, `p`.`Report`, `p`.`Report_File`, `p`.`Scan_Name`, `p`.`Status`, `p`.`Type`, `p`.`Updated_At`
FROM `Patient_Scans` AS `p`
WHERE `p`.`Patient_Id` = @__p_0
2023-10-04 18:12:43.094 +05:30  INF  Executed DbCommand (1ms) [Parameters=[], CommandType='"Text"', CommandTimeout='30']
SELECT `p`.`Id`, `p`.`Amount_Type`, `p`.`Balance`, `p`.`Created_At`, `p`.`Credit_Amount`, `p`.`Debit_Amount`, `p`.`Description`, `p`.`Doctor_Id`, `p`.`Patient_Id`, `p`.`Payment_Mode`, `p`.`Updated_At`, `p`.`Workdone_Id`
FROM `Payment_History` AS `p`
2023-10-04 18:12:43.099 +05:30  INF  Executed DbCommand (1ms) [Parameters=[@__p_0='?' (DbType = Int64)], CommandType='"Text"', CommandTimeout='30']
SELECT `p`.`Id`, `p`.`Amount`, `p`.`Balance_Amount`, `p`.`Balance_Spent`, `p`.`Created_At`, `p`.`Name`, `p`.`Patients_Id`, `p`.`Type`, `p`.`Updated_At`
FROM `Patients_Insurance_Loan` AS `p`
WHERE `p`.`Patients_Id` = @__p_0
2023-10-04 18:12:43.100 +05:30  INF  Executed DbCommand (0ms) [Parameters=[@__p_0='?' (DbType = Int64)], CommandType='"Text"', CommandTimeout='30']
SELECT `p`.`Id`, `p`.`Created_At`, `p`.`Patient_Id`, `p`.`Report`, `p`.`Report_Date`, `p`.`Report_File`, `p`.`Status`, `p`.`Test_Name`, `p`.`Test_Price`, `p`.`Updated_At`
FROM `Patient_Tests` AS `p`
WHERE `p`.`Patient_Id` = @__p_0
2023-10-04 18:12:43.102 +05:30  INF  Executed DbCommand (1ms) [Parameters=[@__p_0='?' (DbType = Int64)], CommandType='"Text"', CommandTimeout='30']
SELECT `p`.`Id`, `p`.`Address_O`, `p`.`Address_Other`, `p`.`Address_R`, `p`.`City_O`, `p`.`City_Other`, `p`.`City_R`, `p`.`Country_O`, `p`.`Country_Other`, `p`.`Country_R`, `p`.`Created_At`, `p`.`Doctor_Name`, `p`.`Email`, `p`.`Email2`, `p`.`Medical_History_Allergies`, `p`.`Patient_Id`, `p`.`Phone`, `p`.`Phone1`, `p`.`Phone2`, `p`.`Phone3`, `p`.`Phone4`, `p`.`Physician`, `p`.`Reffered_By`, `p`.`Relationship_Type`, `p`.`Special_Notes`, `p`.`Updated_At`, `p`.`Zip_O`, `p`.`Zip_Other`, `p`.`Zip_R`
FROM `Patients_Contact` AS `p`
WHERE `p`.`Patient_Id` = @__p_0
2023-10-04 18:12:43.103 +05:30  INF  Executed DbCommand (0ms) [Parameters=[@__p_0='?' (DbType = Int64)], CommandType='"Text"', CommandTimeout='30']
SELECT `p`.`Id`, `p`.`Created_At`, `p`.`Patient_Id`, `p`.`Report`, `p`.`Report_File`, `p`.`Scan_Name`, `p`.`Status`, `p`.`Type`, `p`.`Updated_At`
FROM `Patient_Scans` AS `p`
WHERE `p`.`Patient_Id` = @__p_0
2023-10-04 18:12:43.104 +05:30  INF  Executed DbCommand (1ms) [Parameters=[], CommandType='"Text"', CommandTimeout='30']
SELECT `p`.`Id`, `p`.`Amount_Type`, `p`.`Balance`, `p`.`Created_At`, `p`.`Credit_Amount`, `p`.`Debit_Amount`, `p`.`Description`, `p`.`Doctor_Id`, `p`.`Patient_Id`, `p`.`Payment_Mode`, `p`.`Updated_At`, `p`.`Workdone_Id`
FROM `Payment_History` AS `p`
2023-10-04 18:12:43.109 +05:30  INF  Executed DbCommand (1ms) [Parameters=[@__p_0='?' (DbType = Int64)], CommandType='"Text"', CommandTimeout='30']
SELECT `p`.`Id`, `p`.`Amount`, `p`.`Balance_Amount`, `p`.`Balance_Spent`, `p`.`Created_At`, `p`.`Name`, `p`.`Patients_Id`, `p`.`Type`, `p`.`Updated_At`
FROM `Patients_Insurance_Loan` AS `p`
WHERE `p`.`Patients_Id` = @__p_0
2023-10-04 18:12:43.111 +05:30  INF  Executed DbCommand (0ms) [Parameters=[@__p_0='?' (DbType = Int64)], CommandType='"Text"', CommandTimeout='30']
SELECT `p`.`Id`, `p`.`Created_At`, `p`.`Patient_Id`, `p`.`Report`, `p`.`Report_Date`, `p`.`Report_File`, `p`.`Status`, `p`.`Test_Name`, `p`.`Test_Price`, `p`.`Updated_At`
FROM `Patient_Tests` AS `p`
WHERE `p`.`Patient_Id` = @__p_0
2023-10-04 18:12:43.112 +05:30  INF  Executed DbCommand (1ms) [Parameters=[@__p_0='?' (DbType = Int64)], CommandType='"Text"', CommandTimeout='30']
SELECT `p`.`Id`, `p`.`Address_O`, `p`.`Address_Other`, `p`.`Address_R`, `p`.`City_O`, `p`.`City_Other`, `p`.`City_R`, `p`.`Country_O`, `p`.`Country_Other`, `p`.`Country_R`, `p`.`Created_At`, `p`.`Doctor_Name`, `p`.`Email`, `p`.`Email2`, `p`.`Medical_History_Allergies`, `p`.`Patient_Id`, `p`.`Phone`, `p`.`Phone1`, `p`.`Phone2`, `p`.`Phone3`, `p`.`Phone4`, `p`.`Physician`, `p`.`Reffered_By`, `p`.`Relationship_Type`, `p`.`Special_Notes`, `p`.`Updated_At`, `p`.`Zip_O`, `p`.`Zip_Other`, `p`.`Zip_R`
FROM `Patients_Contact` AS `p`
WHERE `p`.`Patient_Id` = @__p_0
2023-10-04 18:12:43.113 +05:30  INF  Executed DbCommand (0ms) [Parameters=[@__p_0='?' (DbType = Int64)], CommandType='"Text"', CommandTimeout='30']
SELECT `p`.`Id`, `p`.`Created_At`, `p`.`Patient_Id`, `p`.`Report`, `p`.`Report_File`, `p`.`Scan_Name`, `p`.`Status`, `p`.`Type`, `p`.`Updated_At`
FROM `Patient_Scans` AS `p`
WHERE `p`.`Patient_Id` = @__p_0
2023-10-04 18:12:43.115 +05:30  INF  Executed DbCommand (1ms) [Parameters=[], CommandType='"Text"', CommandTimeout='30']
SELECT `p`.`Id`, `p`.`Amount_Type`, `p`.`Balance`, `p`.`Created_At`, `p`.`Credit_Amount`, `p`.`Debit_Amount`, `p`.`Description`, `p`.`Doctor_Id`, `p`.`Patient_Id`, `p`.`Payment_Mode`, `p`.`Updated_At`, `p`.`Workdone_Id`
FROM `Payment_History` AS `p`
2023-10-04 18:12:43.120 +05:30  INF  Executed DbCommand (1ms) [Parameters=[@__p_0='?' (DbType = Int64)], CommandType='"Text"', CommandTimeout='30']
SELECT `p`.`Id`, `p`.`Amount`, `p`.`Balance_Amount`, `p`.`Balance_Spent`, `p`.`Created_At`, `p`.`Name`, `p`.`Patients_Id`, `p`.`Type`, `p`.`Updated_At`
FROM `Patients_Insurance_Loan` AS `p`
WHERE `p`.`Patients_Id` = @__p_0
2023-10-04 18:12:43.122 +05:30  INF  Executed DbCommand (0ms) [Parameters=[@__p_0='?' (DbType = Int64)], CommandType='"Text"', CommandTimeout='30']
SELECT `p`.`Id`, `p`.`Created_At`, `p`.`Patient_Id`, `p`.`Report`, `p`.`Report_Date`, `p`.`Report_File`, `p`.`Status`, `p`.`Test_Name`, `p`.`Test_Price`, `p`.`Updated_At`
FROM `Patient_Tests` AS `p`
WHERE `p`.`Patient_Id` = @__p_0
2023-10-04 18:12:43.123 +05:30  INF  Executed DbCommand (1ms) [Parameters=[@__p_0='?' (DbType = Int64)], CommandType='"Text"', CommandTimeout='30']
SELECT `p`.`Id`, `p`.`Address_O`, `p`.`Address_Other`, `p`.`Address_R`, `p`.`City_O`, `p`.`City_Other`, `p`.`City_R`, `p`.`Country_O`, `p`.`Country_Other`, `p`.`Country_R`, `p`.`Created_At`, `p`.`Doctor_Name`, `p`.`Email`, `p`.`Email2`, `p`.`Medical_History_Allergies`, `p`.`Patient_Id`, `p`.`Phone`, `p`.`Phone1`, `p`.`Phone2`, `p`.`Phone3`, `p`.`Phone4`, `p`.`Physician`, `p`.`Reffered_By`, `p`.`Relationship_Type`, `p`.`Special_Notes`, `p`.`Updated_At`, `p`.`Zip_O`, `p`.`Zip_Other`, `p`.`Zip_R`
FROM `Patients_Contact` AS `p`
WHERE `p`.`Patient_Id` = @__p_0
2023-10-04 18:12:43.125 +05:30  INF  Executed DbCommand (0ms) [Parameters=[@__p_0='?' (DbType = Int64)], CommandType='"Text"', CommandTimeout='30']
SELECT `p`.`Id`, `p`.`Created_At`, `p`.`Patient_Id`, `p`.`Report`, `p`.`Report_File`, `p`.`Scan_Name`, `p`.`Status`, `p`.`Type`, `p`.`Updated_At`
FROM `Patient_Scans` AS `p`
WHERE `p`.`Patient_Id` = @__p_0
2023-10-04 18:12:43.126 +05:30  INF  Executed DbCommand (1ms) [Parameters=[], CommandType='"Text"', CommandTimeout='30']
SELECT `p`.`Id`, `p`.`Amount_Type`, `p`.`Balance`, `p`.`Created_At`, `p`.`Credit_Amount`, `p`.`Debit_Amount`, `p`.`Description`, `p`.`Doctor_Id`, `p`.`Patient_Id`, `p`.`Payment_Mode`, `p`.`Updated_At`, `p`.`Workdone_Id`
FROM `Payment_History` AS `p`
2023-10-04 18:12:43.131 +05:30  INF  Executed DbCommand (1ms) [Parameters=[@__p_0='?' (DbType = Int64)], CommandType='"Text"', CommandTimeout='30']
SELECT `p`.`Id`, `p`.`Amount`, `p`.`Balance_Amount`, `p`.`Balance_Spent`, `p`.`Created_At`, `p`.`Name`, `p`.`Patients_Id`, `p`.`Type`, `p`.`Updated_At`
FROM `Patients_Insurance_Loan` AS `p`
WHERE `p`.`Patients_Id` = @__p_0
2023-10-04 18:12:43.132 +05:30  INF  Executed DbCommand (0ms) [Parameters=[@__p_0='?' (DbType = Int64)], CommandType='"Text"', CommandTimeout='30']
SELECT `p`.`Id`, `p`.`Created_At`, `p`.`Patient_Id`, `p`.`Report`, `p`.`Report_Date`, `p`.`Report_File`, `p`.`Status`, `p`.`Test_Name`, `p`.`Test_Price`, `p`.`Updated_At`
FROM `Patient_Tests` AS `p`
WHERE `p`.`Patient_Id` = @__p_0
2023-10-04 18:12:43.134 +05:30  INF  Executed DbCommand (1ms) [Parameters=[@__p_0='?' (DbType = Int64)], CommandType='"Text"', CommandTimeout='30']
SELECT `p`.`Id`, `p`.`Address_O`, `p`.`Address_Other`, `p`.`Address_R`, `p`.`City_O`, `p`.`City_Other`, `p`.`City_R`, `p`.`Country_O`, `p`.`Country_Other`, `p`.`Country_R`, `p`.`Created_At`, `p`.`Doctor_Name`, `p`.`Email`, `p`.`Email2`, `p`.`Medical_History_Allergies`, `p`.`Patient_Id`, `p`.`Phone`, `p`.`Phone1`, `p`.`Phone2`, `p`.`Phone3`, `p`.`Phone4`, `p`.`Physician`, `p`.`Reffered_By`, `p`.`Relationship_Type`, `p`.`Special_Notes`, `p`.`Updated_At`, `p`.`Zip_O`, `p`.`Zip_Other`, `p`.`Zip_R`
FROM `Patients_Contact` AS `p`
WHERE `p`.`Patient_Id` = @__p_0
2023-10-04 18:12:43.136 +05:30  INF  Executed DbCommand (0ms) [Parameters=[@__p_0='?' (DbType = Int64)], CommandType='"Text"', CommandTimeout='30']
SELECT `p`.`Id`, `p`.`Created_At`, `p`.`Patient_Id`, `p`.`Report`, `p`.`Report_File`, `p`.`Scan_Name`, `p`.`Status`, `p`.`Type`, `p`.`Updated_At`
FROM `Patient_Scans` AS `p`
WHERE `p`.`Patient_Id` = @__p_0
2023-10-04 18:12:43.137 +05:30  INF  Executed DbCommand (1ms) [Parameters=[], CommandType='"Text"', CommandTimeout='30']
SELECT `p`.`Id`, `p`.`Amount_Type`, `p`.`Balance`, `p`.`Created_At`, `p`.`Credit_Amount`, `p`.`Debit_Amount`, `p`.`Description`, `p`.`Doctor_Id`, `p`.`Patient_Id`, `p`.`Payment_Mode`, `p`.`Updated_At`, `p`.`Workdone_Id`
FROM `Payment_History` AS `p`
2023-10-04 18:12:43.142 +05:30  INF  Executed DbCommand (1ms) [Parameters=[@__p_0='?' (DbType = Int64)], CommandType='"Text"', CommandTimeout='30']
SELECT `p`.`Id`, `p`.`Amount`, `p`.`Balance_Amount`, `p`.`Balance_Spent`, `p`.`Created_At`, `p`.`Name`, `p`.`Patients_Id`, `p`.`Type`, `p`.`Updated_At`
FROM `Patients_Insurance_Loan` AS `p`
WHERE `p`.`Patients_Id` = @__p_0
2023-10-04 18:12:43.143 +05:30  INF  Executed DbCommand (0ms) [Parameters=[@__p_0='?' (DbType = Int64)], CommandType='"Text"', CommandTimeout='30']
SELECT `p`.`Id`, `p`.`Created_At`, `p`.`Patient_Id`, `p`.`Report`, `p`.`Report_Date`, `p`.`Report_File`, `p`.`Status`, `p`.`Test_Name`, `p`.`Test_Price`, `p`.`Updated_At`
FROM `Patient_Tests` AS `p`
WHERE `p`.`Patient_Id` = @__p_0
2023-10-04 18:12:43.145 +05:30  INF  Executed DbCommand (1ms) [Parameters=[@__p_0='?' (DbType = Int64)], CommandType='"Text"', CommandTimeout='30']
SELECT `p`.`Id`, `p`.`Address_O`, `p`.`Address_Other`, `p`.`Address_R`, `p`.`City_O`, `p`.`City_Other`, `p`.`City_R`, `p`.`Country_O`, `p`.`Country_Other`, `p`.`Country_R`, `p`.`Created_At`, `p`.`Doctor_Name`, `p`.`Email`, `p`.`Email2`, `p`.`Medical_History_Allergies`, `p`.`Patient_Id`, `p`.`Phone`, `p`.`Phone1`, `p`.`Phone2`, `p`.`Phone3`, `p`.`Phone4`, `p`.`Physician`, `p`.`Reffered_By`, `p`.`Relationship_Type`, `p`.`Special_Notes`, `p`.`Updated_At`, `p`.`Zip_O`, `p`.`Zip_Other`, `p`.`Zip_R`
FROM `Patients_Contact` AS `p`
WHERE `p`.`Patient_Id` = @__p_0
2023-10-04 18:12:43.146 +05:30  INF  Executed DbCommand (0ms) [Parameters=[@__p_0='?' (DbType = Int64)], CommandType='"Text"', CommandTimeout='30']
SELECT `p`.`Id`, `p`.`Created_At`, `p`.`Patient_Id`, `p`.`Report`, `p`.`Report_File`, `p`.`Scan_Name`, `p`.`Status`, `p`.`Type`, `p`.`Updated_At`
FROM `Patient_Scans` AS `p`
WHERE `p`.`Patient_Id` = @__p_0
2023-10-04 18:12:43.147 +05:30  INF  Executed DbCommand (1ms) [Parameters=[], CommandType='"Text"', CommandTimeout='30']
SELECT `p`.`Id`, `p`.`Amount_Type`, `p`.`Balance`, `p`.`Created_At`, `p`.`Credit_Amount`, `p`.`Debit_Amount`, `p`.`Description`, `p`.`Doctor_Id`, `p`.`Patient_Id`, `p`.`Payment_Mode`, `p`.`Updated_At`, `p`.`Workdone_Id`
FROM `Payment_History` AS `p`
2023-10-04 18:12:43.152 +05:30  INF  Executed DbCommand (1ms) [Parameters=[@__p_0='?' (DbType = Int64)], CommandType='"Text"', CommandTimeout='30']
SELECT `p`.`Id`, `p`.`Amount`, `p`.`Balance_Amount`, `p`.`Balance_Spent`, `p`.`Created_At`, `p`.`Name`, `p`.`Patients_Id`, `p`.`Type`, `p`.`Updated_At`
FROM `Patients_Insurance_Loan` AS `p`
WHERE `p`.`Patients_Id` = @__p_0
2023-10-04 18:12:43.153 +05:30  INF  Executed DbCommand (0ms) [Parameters=[@__p_0='?' (DbType = Int64)], CommandType='"Text"', CommandTimeout='30']
SELECT `p`.`Id`, `p`.`Created_At`, `p`.`Patient_Id`, `p`.`Report`, `p`.`Report_Date`, `p`.`Report_File`, `p`.`Status`, `p`.`Test_Name`, `p`.`Test_Price`, `p`.`Updated_At`
FROM `Patient_Tests` AS `p`
WHERE `p`.`Patient_Id` = @__p_0
2023-10-04 18:12:43.155 +05:30  INF  Executed DbCommand (1ms) [Parameters=[@__p_0='?' (DbType = Int64)], CommandType='"Text"', CommandTimeout='30']
SELECT `p`.`Id`, `p`.`Address_O`, `p`.`Address_Other`, `p`.`Address_R`, `p`.`City_O`, `p`.`City_Other`, `p`.`City_R`, `p`.`Country_O`, `p`.`Country_Other`, `p`.`Country_R`, `p`.`Created_At`, `p`.`Doctor_Name`, `p`.`Email`, `p`.`Email2`, `p`.`Medical_History_Allergies`, `p`.`Patient_Id`, `p`.`Phone`, `p`.`Phone1`, `p`.`Phone2`, `p`.`Phone3`, `p`.`Phone4`, `p`.`Physician`, `p`.`Reffered_By`, `p`.`Relationship_Type`, `p`.`Special_Notes`, `p`.`Updated_At`, `p`.`Zip_O`, `p`.`Zip_Other`, `p`.`Zip_R`
FROM `Patients_Contact` AS `p`
WHERE `p`.`Patient_Id` = @__p_0
2023-10-04 18:12:43.157 +05:30  INF  Executed DbCommand (0ms) [Parameters=[@__p_0='?' (DbType = Int64)], CommandType='"Text"', CommandTimeout='30']
SELECT `p`.`Id`, `p`.`Created_At`, `p`.`Patient_Id`, `p`.`Report`, `p`.`Report_File`, `p`.`Scan_Name`, `p`.`Status`, `p`.`Type`, `p`.`Updated_At`
FROM `Patient_Scans` AS `p`
WHERE `p`.`Patient_Id` = @__p_0
2023-10-04 18:12:43.158 +05:30  INF  Executed DbCommand (1ms) [Parameters=[], CommandType='"Text"', CommandTimeout='30']
SELECT `p`.`Id`, `p`.`Amount_Type`, `p`.`Balance`, `p`.`Created_At`, `p`.`Credit_Amount`, `p`.`Debit_Amount`, `p`.`Description`, `p`.`Doctor_Id`, `p`.`Patient_Id`, `p`.`Payment_Mode`, `p`.`Updated_At`, `p`.`Workdone_Id`
FROM `Payment_History` AS `p`
2023-10-04 18:12:43.163 +05:30  INF  Executed DbCommand (1ms) [Parameters=[@__p_0='?' (DbType = Int64)], CommandType='"Text"', CommandTimeout='30']
SELECT `p`.`Id`, `p`.`Amount`, `p`.`Balance_Amount`, `p`.`Balance_Spent`, `p`.`Created_At`, `p`.`Name`, `p`.`Patients_Id`, `p`.`Type`, `p`.`Updated_At`
FROM `Patients_Insurance_Loan` AS `p`
WHERE `p`.`Patients_Id` = @__p_0
2023-10-04 18:12:43.164 +05:30  INF  Executed DbCommand (0ms) [Parameters=[@__p_0='?' (DbType = Int64)], CommandType='"Text"', CommandTimeout='30']
SELECT `p`.`Id`, `p`.`Created_At`, `p`.`Patient_Id`, `p`.`Report`, `p`.`Report_Date`, `p`.`Report_File`, `p`.`Status`, `p`.`Test_Name`, `p`.`Test_Price`, `p`.`Updated_At`
FROM `Patient_Tests` AS `p`
WHERE `p`.`Patient_Id` = @__p_0
2023-10-04 18:12:43.166 +05:30  INF  Executed DbCommand (1ms) [Parameters=[@__p_0='?' (DbType = Int64)], CommandType='"Text"', CommandTimeout='30']
SELECT `p`.`Id`, `p`.`Address_O`, `p`.`Address_Other`, `p`.`Address_R`, `p`.`City_O`, `p`.`City_Other`, `p`.`City_R`, `p`.`Country_O`, `p`.`Country_Other`, `p`.`Country_R`, `p`.`Created_At`, `p`.`Doctor_Name`, `p`.`Email`, `p`.`Email2`, `p`.`Medical_History_Allergies`, `p`.`Patient_Id`, `p`.`Phone`, `p`.`Phone1`, `p`.`Phone2`, `p`.`Phone3`, `p`.`Phone4`, `p`.`Physician`, `p`.`Reffered_By`, `p`.`Relationship_Type`, `p`.`Special_Notes`, `p`.`Updated_At`, `p`.`Zip_O`, `p`.`Zip_Other`, `p`.`Zip_R`
FROM `Patients_Contact` AS `p`
WHERE `p`.`Patient_Id` = @__p_0
2023-10-04 18:12:43.167 +05:30  INF  Executed DbCommand (0ms) [Parameters=[@__p_0='?' (DbType = Int64)], CommandType='"Text"', CommandTimeout='30']
SELECT `p`.`Id`, `p`.`Created_At`, `p`.`Patient_Id`, `p`.`Report`, `p`.`Report_File`, `p`.`Scan_Name`, `p`.`Status`, `p`.`Type`, `p`.`Updated_At`
FROM `Patient_Scans` AS `p`
WHERE `p`.`Patient_Id` = @__p_0
2023-10-04 18:12:43.168 +05:30  INF  Executed DbCommand (1ms) [Parameters=[], CommandType='"Text"', CommandTimeout='30']
SELECT `p`.`Id`, `p`.`Amount_Type`, `p`.`Balance`, `p`.`Created_At`, `p`.`Credit_Amount`, `p`.`Debit_Amount`, `p`.`Description`, `p`.`Doctor_Id`, `p`.`Patient_Id`, `p`.`Payment_Mode`, `p`.`Updated_At`, `p`.`Workdone_Id`
FROM `Payment_History` AS `p`
2023-10-04 18:12:43.173 +05:30  INF  Executed DbCommand (1ms) [Parameters=[@__p_0='?' (DbType = Int64)], CommandType='"Text"', CommandTimeout='30']
SELECT `p`.`Id`, `p`.`Amount`, `p`.`Balance_Amount`, `p`.`Balance_Spent`, `p`.`Created_At`, `p`.`Name`, `p`.`Patients_Id`, `p`.`Type`, `p`.`Updated_At`
FROM `Patients_Insurance_Loan` AS `p`
WHERE `p`.`Patients_Id` = @__p_0
2023-10-04 18:12:43.174 +05:30  INF  Executed DbCommand (0ms) [Parameters=[@__p_0='?' (DbType = Int64)], CommandType='"Text"', CommandTimeout='30']
SELECT `p`.`Id`, `p`.`Created_At`, `p`.`Patient_Id`, `p`.`Report`, `p`.`Report_Date`, `p`.`Report_File`, `p`.`Status`, `p`.`Test_Name`, `p`.`Test_Price`, `p`.`Updated_At`
FROM `Patient_Tests` AS `p`
WHERE `p`.`Patient_Id` = @__p_0
2023-10-04 18:12:43.176 +05:30  INF  Executed DbCommand (1ms) [Parameters=[@__p_0='?' (DbType = Int64)], CommandType='"Text"', CommandTimeout='30']
SELECT `p`.`Id`, `p`.`Address_O`, `p`.`Address_Other`, `p`.`Address_R`, `p`.`City_O`, `p`.`City_Other`, `p`.`City_R`, `p`.`Country_O`, `p`.`Country_Other`, `p`.`Country_R`, `p`.`Created_At`, `p`.`Doctor_Name`, `p`.`Email`, `p`.`Email2`, `p`.`Medical_History_Allergies`, `p`.`Patient_Id`, `p`.`Phone`, `p`.`Phone1`, `p`.`Phone2`, `p`.`Phone3`, `p`.`Phone4`, `p`.`Physician`, `p`.`Reffered_By`, `p`.`Relationship_Type`, `p`.`Special_Notes`, `p`.`Updated_At`, `p`.`Zip_O`, `p`.`Zip_Other`, `p`.`Zip_R`
FROM `Patients_Contact` AS `p`
WHERE `p`.`Patient_Id` = @__p_0
2023-10-04 18:12:43.178 +05:30  INF  Executed DbCommand (0ms) [Parameters=[@__p_0='?' (DbType = Int64)], CommandType='"Text"', CommandTimeout='30']
SELECT `p`.`Id`, `p`.`Created_At`, `p`.`Patient_Id`, `p`.`Report`, `p`.`Report_File`, `p`.`Scan_Name`, `p`.`Status`, `p`.`Type`, `p`.`Updated_At`
FROM `Patient_Scans` AS `p`
WHERE `p`.`Patient_Id` = @__p_0
2023-10-04 18:12:43.179 +05:30  INF  Executed DbCommand (1ms) [Parameters=[], CommandType='"Text"', CommandTimeout='30']
SELECT `p`.`Id`, `p`.`Amount_Type`, `p`.`Balance`, `p`.`Created_At`, `p`.`Credit_Amount`, `p`.`Debit_Amount`, `p`.`Description`, `p`.`Doctor_Id`, `p`.`Patient_Id`, `p`.`Payment_Mode`, `p`.`Updated_At`, `p`.`Workdone_Id`
FROM `Payment_History` AS `p`
2023-10-04 18:12:43.185 +05:30  INF  Executed DbCommand (1ms) [Parameters=[@__p_0='?' (DbType = Int64)], CommandType='"Text"', CommandTimeout='30']
SELECT `p`.`Id`, `p`.`Amount`, `p`.`Balance_Amount`, `p`.`Balance_Spent`, `p`.`Created_At`, `p`.`Name`, `p`.`Patients_Id`, `p`.`Type`, `p`.`Updated_At`
FROM `Patients_Insurance_Loan` AS `p`
WHERE `p`.`Patients_Id` = @__p_0
2023-10-04 18:12:43.186 +05:30  INF  Executed DbCommand (0ms) [Parameters=[@__p_0='?' (DbType = Int64)], CommandType='"Text"', CommandTimeout='30']
SELECT `p`.`Id`, `p`.`Created_At`, `p`.`Patient_Id`, `p`.`Report`, `p`.`Report_Date`, `p`.`Report_File`, `p`.`Status`, `p`.`Test_Name`, `p`.`Test_Price`, `p`.`Updated_At`
FROM `Patient_Tests` AS `p`
WHERE `p`.`Patient_Id` = @__p_0
2023-10-04 18:12:43.188 +05:30  INF  Executed DbCommand (1ms) [Parameters=[@__p_0='?' (DbType = Int64)], CommandType='"Text"', CommandTimeout='30']
SELECT `p`.`Id`, `p`.`Address_O`, `p`.`Address_Other`, `p`.`Address_R`, `p`.`City_O`, `p`.`City_Other`, `p`.`City_R`, `p`.`Country_O`, `p`.`Country_Other`, `p`.`Country_R`, `p`.`Created_At`, `p`.`Doctor_Name`, `p`.`Email`, `p`.`Email2`, `p`.`Medical_History_Allergies`, `p`.`Patient_Id`, `p`.`Phone`, `p`.`Phone1`, `p`.`Phone2`, `p`.`Phone3`, `p`.`Phone4`, `p`.`Physician`, `p`.`Reffered_By`, `p`.`Relationship_Type`, `p`.`Special_Notes`, `p`.`Updated_At`, `p`.`Zip_O`, `p`.`Zip_Other`, `p`.`Zip_R`
FROM `Patients_Contact` AS `p`
WHERE `p`.`Patient_Id` = @__p_0
2023-10-04 18:12:43.189 +05:30  INF  Executed DbCommand (0ms) [Parameters=[@__p_0='?' (DbType = Int64)], CommandType='"Text"', CommandTimeout='30']
SELECT `p`.`Id`, `p`.`Created_At`, `p`.`Patient_Id`, `p`.`Report`, `p`.`Report_File`, `p`.`Scan_Name`, `p`.`Status`, `p`.`Type`, `p`.`Updated_At`
FROM `Patient_Scans` AS `p`
WHERE `p`.`Patient_Id` = @__p_0
2023-10-04 18:12:43.190 +05:30  INF  Executed DbCommand (1ms) [Parameters=[], CommandType='"Text"', CommandTimeout='30']
SELECT `p`.`Id`, `p`.`Amount_Type`, `p`.`Balance`, `p`.`Created_At`, `p`.`Credit_Amount`, `p`.`Debit_Amount`, `p`.`Description`, `p`.`Doctor_Id`, `p`.`Patient_Id`, `p`.`Payment_Mode`, `p`.`Updated_At`, `p`.`Workdone_Id`
FROM `Payment_History` AS `p`
2023-10-04 18:12:43.196 +05:30  INF  Executed DbCommand (1ms) [Parameters=[@__p_0='?' (DbType = Int64)], CommandType='"Text"', CommandTimeout='30']
SELECT `p`.`Id`, `p`.`Amount`, `p`.`Balance_Amount`, `p`.`Balance_Spent`, `p`.`Created_At`, `p`.`Name`, `p`.`Patients_Id`, `p`.`Type`, `p`.`Updated_At`
FROM `Patients_Insurance_Loan` AS `p`
WHERE `p`.`Patients_Id` = @__p_0
2023-10-04 18:12:43.197 +05:30  INF  Executed DbCommand (0ms) [Parameters=[@__p_0='?' (DbType = Int64)], CommandType='"Text"', CommandTimeout='30']
SELECT `p`.`Id`, `p`.`Created_At`, `p`.`Patient_Id`, `p`.`Report`, `p`.`Report_Date`, `p`.`Report_File`, `p`.`Status`, `p`.`Test_Name`, `p`.`Test_Price`, `p`.`Updated_At`
FROM `Patient_Tests` AS `p`
WHERE `p`.`Patient_Id` = @__p_0
2023-10-04 18:12:43.199 +05:30  INF  Executed DbCommand (1ms) [Parameters=[@__p_0='?' (DbType = Int64)], CommandType='"Text"', CommandTimeout='30']
SELECT `p`.`Id`, `p`.`Address_O`, `p`.`Address_Other`, `p`.`Address_R`, `p`.`City_O`, `p`.`City_Other`, `p`.`City_R`, `p`.`Country_O`, `p`.`Country_Other`, `p`.`Country_R`, `p`.`Created_At`, `p`.`Doctor_Name`, `p`.`Email`, `p`.`Email2`, `p`.`Medical_History_Allergies`, `p`.`Patient_Id`, `p`.`Phone`, `p`.`Phone1`, `p`.`Phone2`, `p`.`Phone3`, `p`.`Phone4`, `p`.`Physician`, `p`.`Reffered_By`, `p`.`Relationship_Type`, `p`.`Special_Notes`, `p`.`Updated_At`, `p`.`Zip_O`, `p`.`Zip_Other`, `p`.`Zip_R`
FROM `Patients_Contact` AS `p`
WHERE `p`.`Patient_Id` = @__p_0
2023-10-04 18:12:43.200 +05:30  INF  Executed DbCommand (0ms) [Parameters=[@__p_0='?' (DbType = Int64)], CommandType='"Text"', CommandTimeout='30']
SELECT `p`.`Id`, `p`.`Created_At`, `p`.`Patient_Id`, `p`.`Report`, `p`.`Report_File`, `p`.`Scan_Name`, `p`.`Status`, `p`.`Type`, `p`.`Updated_At`
FROM `Patient_Scans` AS `p`
WHERE `p`.`Patient_Id` = @__p_0
2023-10-04 18:12:43.201 +05:30  INF  Executed DbCommand (1ms) [Parameters=[], CommandType='"Text"', CommandTimeout='30']
SELECT `p`.`Id`, `p`.`Amount_Type`, `p`.`Balance`, `p`.`Created_At`, `p`.`Credit_Amount`, `p`.`Debit_Amount`, `p`.`Description`, `p`.`Doctor_Id`, `p`.`Patient_Id`, `p`.`Payment_Mode`, `p`.`Updated_At`, `p`.`Workdone_Id`
FROM `Payment_History` AS `p`
2023-10-04 18:12:43.206 +05:30  INF  Executed DbCommand (1ms) [Parameters=[@__p_0='?' (DbType = Int64)], CommandType='"Text"', CommandTimeout='30']
SELECT `p`.`Id`, `p`.`Amount`, `p`.`Balance_Amount`, `p`.`Balance_Spent`, `p`.`Created_At`, `p`.`Name`, `p`.`Patients_Id`, `p`.`Type`, `p`.`Updated_At`
FROM `Patients_Insurance_Loan` AS `p`
WHERE `p`.`Patients_Id` = @__p_0
2023-10-04 18:12:43.208 +05:30  INF  Executed DbCommand (0ms) [Parameters=[@__p_0='?' (DbType = Int64)], CommandType='"Text"', CommandTimeout='30']
SELECT `p`.`Id`, `p`.`Created_At`, `p`.`Patient_Id`, `p`.`Report`, `p`.`Report_Date`, `p`.`Report_File`, `p`.`Status`, `p`.`Test_Name`, `p`.`Test_Price`, `p`.`Updated_At`
FROM `Patient_Tests` AS `p`
WHERE `p`.`Patient_Id` = @__p_0
2023-10-04 18:12:43.209 +05:30  INF  Executed DbCommand (1ms) [Parameters=[@__p_0='?' (DbType = Int64)], CommandType='"Text"', CommandTimeout='30']
SELECT `p`.`Id`, `p`.`Address_O`, `p`.`Address_Other`, `p`.`Address_R`, `p`.`City_O`, `p`.`City_Other`, `p`.`City_R`, `p`.`Country_O`, `p`.`Country_Other`, `p`.`Country_R`, `p`.`Created_At`, `p`.`Doctor_Name`, `p`.`Email`, `p`.`Email2`, `p`.`Medical_History_Allergies`, `p`.`Patient_Id`, `p`.`Phone`, `p`.`Phone1`, `p`.`Phone2`, `p`.`Phone3`, `p`.`Phone4`, `p`.`Physician`, `p`.`Reffered_By`, `p`.`Relationship_Type`, `p`.`Special_Notes`, `p`.`Updated_At`, `p`.`Zip_O`, `p`.`Zip_Other`, `p`.`Zip_R`
FROM `Patients_Contact` AS `p`
WHERE `p`.`Patient_Id` = @__p_0
2023-10-04 18:12:43.211 +05:30  INF  Executed DbCommand (0ms) [Parameters=[@__p_0='?' (DbType = Int64)], CommandType='"Text"', CommandTimeout='30']
SELECT `p`.`Id`, `p`.`Created_At`, `p`.`Patient_Id`, `p`.`Report`, `p`.`Report_File`, `p`.`Scan_Name`, `p`.`Status`, `p`.`Type`, `p`.`Updated_At`
FROM `Patient_Scans` AS `p`
WHERE `p`.`Patient_Id` = @__p_0
2023-10-04 18:12:43.212 +05:30  INF  Executed DbCommand (1ms) [Parameters=[], CommandType='"Text"', CommandTimeout='30']
SELECT `p`.`Id`, `p`.`Amount_Type`, `p`.`Balance`, `p`.`Created_At`, `p`.`Credit_Amount`, `p`.`Debit_Amount`, `p`.`Description`, `p`.`Doctor_Id`, `p`.`Patient_Id`, `p`.`Payment_Mode`, `p`.`Updated_At`, `p`.`Workdone_Id`
FROM `Payment_History` AS `p`
2023-10-04 18:12:43.218 +05:30  INF  Executed DbCommand (1ms) [Parameters=[@__p_0='?' (DbType = Int64)], CommandType='"Text"', CommandTimeout='30']
SELECT `p`.`Id`, `p`.`Amount`, `p`.`Balance_Amount`, `p`.`Balance_Spent`, `p`.`Created_At`, `p`.`Name`, `p`.`Patients_Id`, `p`.`Type`, `p`.`Updated_At`
FROM `Patients_Insurance_Loan` AS `p`
WHERE `p`.`Patients_Id` = @__p_0
2023-10-04 18:12:43.219 +05:30  INF  Executed DbCommand (0ms) [Parameters=[@__p_0='?' (DbType = Int64)], CommandType='"Text"', CommandTimeout='30']
SELECT `p`.`Id`, `p`.`Created_At`, `p`.`Patient_Id`, `p`.`Report`, `p`.`Report_Date`, `p`.`Report_File`, `p`.`Status`, `p`.`Test_Name`, `p`.`Test_Price`, `p`.`Updated_At`
FROM `Patient_Tests` AS `p`
WHERE `p`.`Patient_Id` = @__p_0
2023-10-04 18:12:43.221 +05:30  INF  Executed DbCommand (1ms) [Parameters=[@__p_0='?' (DbType = Int64)], CommandType='"Text"', CommandTimeout='30']
SELECT `p`.`Id`, `p`.`Address_O`, `p`.`Address_Other`, `p`.`Address_R`, `p`.`City_O`, `p`.`City_Other`, `p`.`City_R`, `p`.`Country_O`, `p`.`Country_Other`, `p`.`Country_R`, `p`.`Created_At`, `p`.`Doctor_Name`, `p`.`Email`, `p`.`Email2`, `p`.`Medical_History_Allergies`, `p`.`Patient_Id`, `p`.`Phone`, `p`.`Phone1`, `p`.`Phone2`, `p`.`Phone3`, `p`.`Phone4`, `p`.`Physician`, `p`.`Reffered_By`, `p`.`Relationship_Type`, `p`.`Special_Notes`, `p`.`Updated_At`, `p`.`Zip_O`, `p`.`Zip_Other`, `p`.`Zip_R`
FROM `Patients_Contact` AS `p`
WHERE `p`.`Patient_Id` = @__p_0
2023-10-04 18:12:43.223 +05:30  INF  Executed DbCommand (0ms) [Parameters=[@__p_0='?' (DbType = Int64)], CommandType='"Text"', CommandTimeout='30']
SELECT `p`.`Id`, `p`.`Created_At`, `p`.`Patient_Id`, `p`.`Report`, `p`.`Report_File`, `p`.`Scan_Name`, `p`.`Status`, `p`.`Type`, `p`.`Updated_At`
FROM `Patient_Scans` AS `p`
WHERE `p`.`Patient_Id` = @__p_0
2023-10-04 18:12:43.224 +05:30  INF  Executed DbCommand (1ms) [Parameters=[], CommandType='"Text"', CommandTimeout='30']
SELECT `p`.`Id`, `p`.`Amount_Type`, `p`.`Balance`, `p`.`Created_At`, `p`.`Credit_Amount`, `p`.`Debit_Amount`, `p`.`Description`, `p`.`Doctor_Id`, `p`.`Patient_Id`, `p`.`Payment_Mode`, `p`.`Updated_At`, `p`.`Workdone_Id`
FROM `Payment_History` AS `p`
2023-10-04 18:12:43.229 +05:30  INF  Executed DbCommand (1ms) [Parameters=[@__p_0='?' (DbType = Int64)], CommandType='"Text"', CommandTimeout='30']
SELECT `p`.`Id`, `p`.`Amount`, `p`.`Balance_Amount`, `p`.`Balance_Spent`, `p`.`Created_At`, `p`.`Name`, `p`.`Patients_Id`, `p`.`Type`, `p`.`Updated_At`
FROM `Patients_Insurance_Loan` AS `p`
WHERE `p`.`Patients_Id` = @__p_0
2023-10-04 18:12:43.230 +05:30  INF  Executed DbCommand (0ms) [Parameters=[@__p_0='?' (DbType = Int64)], CommandType='"Text"', CommandTimeout='30']
SELECT `p`.`Id`, `p`.`Created_At`, `p`.`Patient_Id`, `p`.`Report`, `p`.`Report_Date`, `p`.`Report_File`, `p`.`Status`, `p`.`Test_Name`, `p`.`Test_Price`, `p`.`Updated_At`
FROM `Patient_Tests` AS `p`
WHERE `p`.`Patient_Id` = @__p_0
2023-10-04 18:12:43.233 +05:30  INF  Executed DbCommand (1ms) [Parameters=[@__p_0='?' (DbType = Int64)], CommandType='"Text"', CommandTimeout='30']
SELECT `p`.`Id`, `p`.`Address_O`, `p`.`Address_Other`, `p`.`Address_R`, `p`.`City_O`, `p`.`City_Other`, `p`.`City_R`, `p`.`Country_O`, `p`.`Country_Other`, `p`.`Country_R`, `p`.`Created_At`, `p`.`Doctor_Name`, `p`.`Email`, `p`.`Email2`, `p`.`Medical_History_Allergies`, `p`.`Patient_Id`, `p`.`Phone`, `p`.`Phone1`, `p`.`Phone2`, `p`.`Phone3`, `p`.`Phone4`, `p`.`Physician`, `p`.`Reffered_By`, `p`.`Relationship_Type`, `p`.`Special_Notes`, `p`.`Updated_At`, `p`.`Zip_O`, `p`.`Zip_Other`, `p`.`Zip_R`
FROM `Patients_Contact` AS `p`
WHERE `p`.`Patient_Id` = @__p_0
2023-10-04 18:12:43.234 +05:30  INF  Executed DbCommand (0ms) [Parameters=[@__p_0='?' (DbType = Int64)], CommandType='"Text"', CommandTimeout='30']
SELECT `p`.`Id`, `p`.`Created_At`, `p`.`Patient_Id`, `p`.`Report`, `p`.`Report_File`, `p`.`Scan_Name`, `p`.`Status`, `p`.`Type`, `p`.`Updated_At`
FROM `Patient_Scans` AS `p`
WHERE `p`.`Patient_Id` = @__p_0
2023-10-04 18:12:43.235 +05:30  INF  Executed DbCommand (1ms) [Parameters=[], CommandType='"Text"', CommandTimeout='30']
SELECT `p`.`Id`, `p`.`Amount_Type`, `p`.`Balance`, `p`.`Created_At`, `p`.`Credit_Amount`, `p`.`Debit_Amount`, `p`.`Description`, `p`.`Doctor_Id`, `p`.`Patient_Id`, `p`.`Payment_Mode`, `p`.`Updated_At`, `p`.`Workdone_Id`
FROM `Payment_History` AS `p`
2023-10-04 18:12:43.240 +05:30  INF  Executed DbCommand (1ms) [Parameters=[@__p_0='?' (DbType = Int64)], CommandType='"Text"', CommandTimeout='30']
SELECT `p`.`Id`, `p`.`Amount`, `p`.`Balance_Amount`, `p`.`Balance_Spent`, `p`.`Created_At`, `p`.`Name`, `p`.`Patients_Id`, `p`.`Type`, `p`.`Updated_At`
FROM `Patients_Insurance_Loan` AS `p`
WHERE `p`.`Patients_Id` = @__p_0
2023-10-04 18:12:43.242 +05:30  INF  Executed DbCommand (0ms) [Parameters=[@__p_0='?' (DbType = Int64)], CommandType='"Text"', CommandTimeout='30']
SELECT `p`.`Id`, `p`.`Created_At`, `p`.`Patient_Id`, `p`.`Report`, `p`.`Report_Date`, `p`.`Report_File`, `p`.`Status`, `p`.`Test_Name`, `p`.`Test_Price`, `p`.`Updated_At`
FROM `Patient_Tests` AS `p`
WHERE `p`.`Patient_Id` = @__p_0
2023-10-04 18:12:43.244 +05:30  INF  Executed DbCommand (1ms) [Parameters=[@__p_0='?' (DbType = Int64)], CommandType='"Text"', CommandTimeout='30']
SELECT `p`.`Id`, `p`.`Address_O`, `p`.`Address_Other`, `p`.`Address_R`, `p`.`City_O`, `p`.`City_Other`, `p`.`City_R`, `p`.`Country_O`, `p`.`Country_Other`, `p`.`Country_R`, `p`.`Created_At`, `p`.`Doctor_Name`, `p`.`Email`, `p`.`Email2`, `p`.`Medical_History_Allergies`, `p`.`Patient_Id`, `p`.`Phone`, `p`.`Phone1`, `p`.`Phone2`, `p`.`Phone3`, `p`.`Phone4`, `p`.`Physician`, `p`.`Reffered_By`, `p`.`Relationship_Type`, `p`.`Special_Notes`, `p`.`Updated_At`, `p`.`Zip_O`, `p`.`Zip_Other`, `p`.`Zip_R`
FROM `Patients_Contact` AS `p`
WHERE `p`.`Patient_Id` = @__p_0
2023-10-04 18:12:43.245 +05:30  INF  Executed DbCommand (0ms) [Parameters=[@__p_0='?' (DbType = Int64)], CommandType='"Text"', CommandTimeout='30']
SELECT `p`.`Id`, `p`.`Created_At`, `p`.`Patient_Id`, `p`.`Report`, `p`.`Report_File`, `p`.`Scan_Name`, `p`.`Status`, `p`.`Type`, `p`.`Updated_At`
FROM `Patient_Scans` AS `p`
WHERE `p`.`Patient_Id` = @__p_0
2023-10-04 18:12:43.246 +05:30  INF  Executed DbCommand (1ms) [Parameters=[], CommandType='"Text"', CommandTimeout='30']
SELECT `p`.`Id`, `p`.`Amount_Type`, `p`.`Balance`, `p`.`Created_At`, `p`.`Credit_Amount`, `p`.`Debit_Amount`, `p`.`Description`, `p`.`Doctor_Id`, `p`.`Patient_Id`, `p`.`Payment_Mode`, `p`.`Updated_At`, `p`.`Workdone_Id`
FROM `Payment_History` AS `p`
2023-10-04 18:12:43.251 +05:30  INF  Executed DbCommand (1ms) [Parameters=[@__p_0='?' (DbType = Int64)], CommandType='"Text"', CommandTimeout='30']
SELECT `p`.`Id`, `p`.`Amount`, `p`.`Balance_Amount`, `p`.`Balance_Spent`, `p`.`Created_At`, `p`.`Name`, `p`.`Patients_Id`, `p`.`Type`, `p`.`Updated_At`
FROM `Patients_Insurance_Loan` AS `p`
WHERE `p`.`Patients_Id` = @__p_0
2023-10-04 18:12:43.252 +05:30  INF  Executed DbCommand (0ms) [Parameters=[@__p_0='?' (DbType = Int64)], CommandType='"Text"', CommandTimeout='30']
SELECT `p`.`Id`, `p`.`Created_At`, `p`.`Patient_Id`, `p`.`Report`, `p`.`Report_Date`, `p`.`Report_File`, `p`.`Status`, `p`.`Test_Name`, `p`.`Test_Price`, `p`.`Updated_At`
FROM `Patient_Tests` AS `p`
WHERE `p`.`Patient_Id` = @__p_0
2023-10-04 18:12:43.254 +05:30  INF  Executed DbCommand (1ms) [Parameters=[@__p_0='?' (DbType = Int64)], CommandType='"Text"', CommandTimeout='30']
SELECT `p`.`Id`, `p`.`Address_O`, `p`.`Address_Other`, `p`.`Address_R`, `p`.`City_O`, `p`.`City_Other`, `p`.`City_R`, `p`.`Country_O`, `p`.`Country_Other`, `p`.`Country_R`, `p`.`Created_At`, `p`.`Doctor_Name`, `p`.`Email`, `p`.`Email2`, `p`.`Medical_History_Allergies`, `p`.`Patient_Id`, `p`.`Phone`, `p`.`Phone1`, `p`.`Phone2`, `p`.`Phone3`, `p`.`Phone4`, `p`.`Physician`, `p`.`Reffered_By`, `p`.`Relationship_Type`, `p`.`Special_Notes`, `p`.`Updated_At`, `p`.`Zip_O`, `p`.`Zip_Other`, `p`.`Zip_R`
FROM `Patients_Contact` AS `p`
WHERE `p`.`Patient_Id` = @__p_0
2023-10-04 18:12:43.256 +05:30  INF  Executed DbCommand (0ms) [Parameters=[@__p_0='?' (DbType = Int64)], CommandType='"Text"', CommandTimeout='30']
SELECT `p`.`Id`, `p`.`Created_At`, `p`.`Patient_Id`, `p`.`Report`, `p`.`Report_File`, `p`.`Scan_Name`, `p`.`Status`, `p`.`Type`, `p`.`Updated_At`
FROM `Patient_Scans` AS `p`
WHERE `p`.`Patient_Id` = @__p_0
2023-10-04 18:12:43.258 +05:30  INF  Executed DbCommand (1ms) [Parameters=[], CommandType='"Text"', CommandTimeout='30']
SELECT `p`.`Id`, `p`.`Amount_Type`, `p`.`Balance`, `p`.`Created_At`, `p`.`Credit_Amount`, `p`.`Debit_Amount`, `p`.`Description`, `p`.`Doctor_Id`, `p`.`Patient_Id`, `p`.`Payment_Mode`, `p`.`Updated_At`, `p`.`Workdone_Id`
FROM `Payment_History` AS `p`
2023-10-04 18:12:43.263 +05:30  INF  Executed DbCommand (1ms) [Parameters=[@__p_0='?' (DbType = Int64)], CommandType='"Text"', CommandTimeout='30']
SELECT `p`.`Id`, `p`.`Amount`, `p`.`Balance_Amount`, `p`.`Balance_Spent`, `p`.`Created_At`, `p`.`Name`, `p`.`Patients_Id`, `p`.`Type`, `p`.`Updated_At`
FROM `Patients_Insurance_Loan` AS `p`
WHERE `p`.`Patients_Id` = @__p_0
2023-10-04 18:12:43.264 +05:30  INF  Executed DbCommand (0ms) [Parameters=[@__p_0='?' (DbType = Int64)], CommandType='"Text"', CommandTimeout='30']
SELECT `p`.`Id`, `p`.`Created_At`, `p`.`Patient_Id`, `p`.`Report`, `p`.`Report_Date`, `p`.`Report_File`, `p`.`Status`, `p`.`Test_Name`, `p`.`Test_Price`, `p`.`Updated_At`
FROM `Patient_Tests` AS `p`
WHERE `p`.`Patient_Id` = @__p_0
2023-10-04 18:12:43.266 +05:30  INF  Executed DbCommand (1ms) [Parameters=[@__p_0='?' (DbType = Int64)], CommandType='"Text"', CommandTimeout='30']
SELECT `p`.`Id`, `p`.`Address_O`, `p`.`Address_Other`, `p`.`Address_R`, `p`.`City_O`, `p`.`City_Other`, `p`.`City_R`, `p`.`Country_O`, `p`.`Country_Other`, `p`.`Country_R`, `p`.`Created_At`, `p`.`Doctor_Name`, `p`.`Email`, `p`.`Email2`, `p`.`Medical_History_Allergies`, `p`.`Patient_Id`, `p`.`Phone`, `p`.`Phone1`, `p`.`Phone2`, `p`.`Phone3`, `p`.`Phone4`, `p`.`Physician`, `p`.`Reffered_By`, `p`.`Relationship_Type`, `p`.`Special_Notes`, `p`.`Updated_At`, `p`.`Zip_O`, `p`.`Zip_Other`, `p`.`Zip_R`
FROM `Patients_Contact` AS `p`
WHERE `p`.`Patient_Id` = @__p_0
2023-10-04 18:12:43.267 +05:30  INF  Executed DbCommand (0ms) [Parameters=[@__p_0='?' (DbType = Int64)], CommandType='"Text"', CommandTimeout='30']
SELECT `p`.`Id`, `p`.`Created_At`, `p`.`Patient_Id`, `p`.`Report`, `p`.`Report_File`, `p`.`Scan_Name`, `p`.`Status`, `p`.`Type`, `p`.`Updated_At`
FROM `Patient_Scans` AS `p`
WHERE `p`.`Patient_Id` = @__p_0
2023-10-04 18:12:43.268 +05:30  INF  Executed DbCommand (1ms) [Parameters=[], CommandType='"Text"', CommandTimeout='30']
SELECT `p`.`Id`, `p`.`Amount_Type`, `p`.`Balance`, `p`.`Created_At`, `p`.`Credit_Amount`, `p`.`Debit_Amount`, `p`.`Description`, `p`.`Doctor_Id`, `p`.`Patient_Id`, `p`.`Payment_Mode`, `p`.`Updated_At`, `p`.`Workdone_Id`
FROM `Payment_History` AS `p`
2023-10-04 18:12:43.274 +05:30  INF  Executed DbCommand (1ms) [Parameters=[@__p_0='?' (DbType = Int64)], CommandType='"Text"', CommandTimeout='30']
SELECT `p`.`Id`, `p`.`Amount`, `p`.`Balance_Amount`, `p`.`Balance_Spent`, `p`.`Created_At`, `p`.`Name`, `p`.`Patients_Id`, `p`.`Type`, `p`.`Updated_At`
FROM `Patients_Insurance_Loan` AS `p`
WHERE `p`.`Patients_Id` = @__p_0
2023-10-04 18:12:43.275 +05:30  INF  Executed DbCommand (0ms) [Parameters=[@__p_0='?' (DbType = Int64)], CommandType='"Text"', CommandTimeout='30']
SELECT `p`.`Id`, `p`.`Created_At`, `p`.`Patient_Id`, `p`.`Report`, `p`.`Report_Date`, `p`.`Report_File`, `p`.`Status`, `p`.`Test_Name`, `p`.`Test_Price`, `p`.`Updated_At`
FROM `Patient_Tests` AS `p`
WHERE `p`.`Patient_Id` = @__p_0
2023-10-04 18:12:43.277 +05:30  INF  Executed DbCommand (1ms) [Parameters=[@__p_0='?' (DbType = Int64)], CommandType='"Text"', CommandTimeout='30']
SELECT `p`.`Id`, `p`.`Address_O`, `p`.`Address_Other`, `p`.`Address_R`, `p`.`City_O`, `p`.`City_Other`, `p`.`City_R`, `p`.`Country_O`, `p`.`Country_Other`, `p`.`Country_R`, `p`.`Created_At`, `p`.`Doctor_Name`, `p`.`Email`, `p`.`Email2`, `p`.`Medical_History_Allergies`, `p`.`Patient_Id`, `p`.`Phone`, `p`.`Phone1`, `p`.`Phone2`, `p`.`Phone3`, `p`.`Phone4`, `p`.`Physician`, `p`.`Reffered_By`, `p`.`Relationship_Type`, `p`.`Special_Notes`, `p`.`Updated_At`, `p`.`Zip_O`, `p`.`Zip_Other`, `p`.`Zip_R`
FROM `Patients_Contact` AS `p`
WHERE `p`.`Patient_Id` = @__p_0
2023-10-04 18:12:43.278 +05:30  INF  Executed DbCommand (0ms) [Parameters=[@__p_0='?' (DbType = Int64)], CommandType='"Text"', CommandTimeout='30']
SELECT `p`.`Id`, `p`.`Created_At`, `p`.`Patient_Id`, `p`.`Report`, `p`.`Report_File`, `p`.`Scan_Name`, `p`.`Status`, `p`.`Type`, `p`.`Updated_At`
FROM `Patient_Scans` AS `p`
WHERE `p`.`Patient_Id` = @__p_0
2023-10-04 18:12:43.279 +05:30  INF  Executed DbCommand (1ms) [Parameters=[], CommandType='"Text"', CommandTimeout='30']
SELECT `p`.`Id`, `p`.`Amount_Type`, `p`.`Balance`, `p`.`Created_At`, `p`.`Credit_Amount`, `p`.`Debit_Amount`, `p`.`Description`, `p`.`Doctor_Id`, `p`.`Patient_Id`, `p`.`Payment_Mode`, `p`.`Updated_At`, `p`.`Workdone_Id`
FROM `Payment_History` AS `p`
2023-10-04 18:12:43.284 +05:30  INF  Executed DbCommand (1ms) [Parameters=[@__p_0='?' (DbType = Int64)], CommandType='"Text"', CommandTimeout='30']
SELECT `p`.`Id`, `p`.`Amount`, `p`.`Balance_Amount`, `p`.`Balance_Spent`, `p`.`Created_At`, `p`.`Name`, `p`.`Patients_Id`, `p`.`Type`, `p`.`Updated_At`
FROM `Patients_Insurance_Loan` AS `p`
WHERE `p`.`Patients_Id` = @__p_0
2023-10-04 18:12:43.286 +05:30  INF  Executed DbCommand (0ms) [Parameters=[@__p_0='?' (DbType = Int64)], CommandType='"Text"', CommandTimeout='30']
SELECT `p`.`Id`, `p`.`Created_At`, `p`.`Patient_Id`, `p`.`Report`, `p`.`Report_Date`, `p`.`Report_File`, `p`.`Status`, `p`.`Test_Name`, `p`.`Test_Price`, `p`.`Updated_At`
FROM `Patient_Tests` AS `p`
WHERE `p`.`Patient_Id` = @__p_0
2023-10-04 18:12:43.288 +05:30  INF  Executed DbCommand (1ms) [Parameters=[@__p_0='?' (DbType = Int64)], CommandType='"Text"', CommandTimeout='30']
SELECT `p`.`Id`, `p`.`Address_O`, `p`.`Address_Other`, `p`.`Address_R`, `p`.`City_O`, `p`.`City_Other`, `p`.`City_R`, `p`.`Country_O`, `p`.`Country_Other`, `p`.`Country_R`, `p`.`Created_At`, `p`.`Doctor_Name`, `p`.`Email`, `p`.`Email2`, `p`.`Medical_History_Allergies`, `p`.`Patient_Id`, `p`.`Phone`, `p`.`Phone1`, `p`.`Phone2`, `p`.`Phone3`, `p`.`Phone4`, `p`.`Physician`, `p`.`Reffered_By`, `p`.`Relationship_Type`, `p`.`Special_Notes`, `p`.`Updated_At`, `p`.`Zip_O`, `p`.`Zip_Other`, `p`.`Zip_R`
FROM `Patients_Contact` AS `p`
WHERE `p`.`Patient_Id` = @__p_0
2023-10-04 18:12:43.289 +05:30  INF  Executed DbCommand (0ms) [Parameters=[@__p_0='?' (DbType = Int64)], CommandType='"Text"', CommandTimeout='30']
SELECT `p`.`Id`, `p`.`Created_At`, `p`.`Patient_Id`, `p`.`Report`, `p`.`Report_File`, `p`.`Scan_Name`, `p`.`Status`, `p`.`Type`, `p`.`Updated_At`
FROM `Patient_Scans` AS `p`
WHERE `p`.`Patient_Id` = @__p_0
2023-10-04 18:12:43.290 +05:30  INF  Executed DbCommand (1ms) [Parameters=[], CommandType='"Text"', CommandTimeout='30']
SELECT `p`.`Id`, `p`.`Amount_Type`, `p`.`Balance`, `p`.`Created_At`, `p`.`Credit_Amount`, `p`.`Debit_Amount`, `p`.`Description`, `p`.`Doctor_Id`, `p`.`Patient_Id`, `p`.`Payment_Mode`, `p`.`Updated_At`, `p`.`Workdone_Id`
FROM `Payment_History` AS `p`
2023-10-04 18:12:43.296 +05:30  INF  Executed DbCommand (1ms) [Parameters=[@__p_0='?' (DbType = Int64)], CommandType='"Text"', CommandTimeout='30']
SELECT `p`.`Id`, `p`.`Amount`, `p`.`Balance_Amount`, `p`.`Balance_Spent`, `p`.`Created_At`, `p`.`Name`, `p`.`Patients_Id`, `p`.`Type`, `p`.`Updated_At`
FROM `Patients_Insurance_Loan` AS `p`
WHERE `p`.`Patients_Id` = @__p_0
2023-10-04 18:12:43.297 +05:30  INF  Executed DbCommand (0ms) [Parameters=[@__p_0='?' (DbType = Int64)], CommandType='"Text"', CommandTimeout='30']
SELECT `p`.`Id`, `p`.`Created_At`, `p`.`Patient_Id`, `p`.`Report`, `p`.`Report_Date`, `p`.`Report_File`, `p`.`Status`, `p`.`Test_Name`, `p`.`Test_Price`, `p`.`Updated_At`
FROM `Patient_Tests` AS `p`
WHERE `p`.`Patient_Id` = @__p_0
2023-10-04 18:12:43.299 +05:30  INF  Executed DbCommand (1ms) [Parameters=[@__p_0='?' (DbType = Int64)], CommandType='"Text"', CommandTimeout='30']
SELECT `p`.`Id`, `p`.`Address_O`, `p`.`Address_Other`, `p`.`Address_R`, `p`.`City_O`, `p`.`City_Other`, `p`.`City_R`, `p`.`Country_O`, `p`.`Country_Other`, `p`.`Country_R`, `p`.`Created_At`, `p`.`Doctor_Name`, `p`.`Email`, `p`.`Email2`, `p`.`Medical_History_Allergies`, `p`.`Patient_Id`, `p`.`Phone`, `p`.`Phone1`, `p`.`Phone2`, `p`.`Phone3`, `p`.`Phone4`, `p`.`Physician`, `p`.`Reffered_By`, `p`.`Relationship_Type`, `p`.`Special_Notes`, `p`.`Updated_At`, `p`.`Zip_O`, `p`.`Zip_Other`, `p`.`Zip_R`
FROM `Patients_Contact` AS `p`
WHERE `p`.`Patient_Id` = @__p_0
2023-10-04 18:12:43.300 +05:30  INF  Executed DbCommand (0ms) [Parameters=[@__p_0='?' (DbType = Int64)], CommandType='"Text"', CommandTimeout='30']
SELECT `p`.`Id`, `p`.`Created_At`, `p`.`Patient_Id`, `p`.`Report`, `p`.`Report_File`, `p`.`Scan_Name`, `p`.`Status`, `p`.`Type`, `p`.`Updated_At`
FROM `Patient_Scans` AS `p`
WHERE `p`.`Patient_Id` = @__p_0
2023-10-04 18:12:43.301 +05:30  INF  Executed DbCommand (1ms) [Parameters=[], CommandType='"Text"', CommandTimeout='30']
SELECT `p`.`Id`, `p`.`Amount_Type`, `p`.`Balance`, `p`.`Created_At`, `p`.`Credit_Amount`, `p`.`Debit_Amount`, `p`.`Description`, `p`.`Doctor_Id`, `p`.`Patient_Id`, `p`.`Payment_Mode`, `p`.`Updated_At`, `p`.`Workdone_Id`
FROM `Payment_History` AS `p`
2023-10-04 18:12:43.306 +05:30  INF  Executed DbCommand (1ms) [Parameters=[@__p_0='?' (DbType = Int64)], CommandType='"Text"', CommandTimeout='30']
SELECT `p`.`Id`, `p`.`Amount`, `p`.`Balance_Amount`, `p`.`Balance_Spent`, `p`.`Created_At`, `p`.`Name`, `p`.`Patients_Id`, `p`.`Type`, `p`.`Updated_At`
FROM `Patients_Insurance_Loan` AS `p`
WHERE `p`.`Patients_Id` = @__p_0
2023-10-04 18:12:43.308 +05:30  INF  Executed DbCommand (0ms) [Parameters=[@__p_0='?' (DbType = Int64)], CommandType='"Text"', CommandTimeout='30']
SELECT `p`.`Id`, `p`.`Created_At`, `p`.`Patient_Id`, `p`.`Report`, `p`.`Report_Date`, `p`.`Report_File`, `p`.`Status`, `p`.`Test_Name`, `p`.`Test_Price`, `p`.`Updated_At`
FROM `Patient_Tests` AS `p`
WHERE `p`.`Patient_Id` = @__p_0
2023-10-04 18:12:43.309 +05:30  INF  Executed DbCommand (1ms) [Parameters=[@__p_0='?' (DbType = Int64)], CommandType='"Text"', CommandTimeout='30']
SELECT `p`.`Id`, `p`.`Address_O`, `p`.`Address_Other`, `p`.`Address_R`, `p`.`City_O`, `p`.`City_Other`, `p`.`City_R`, `p`.`Country_O`, `p`.`Country_Other`, `p`.`Country_R`, `p`.`Created_At`, `p`.`Doctor_Name`, `p`.`Email`, `p`.`Email2`, `p`.`Medical_History_Allergies`, `p`.`Patient_Id`, `p`.`Phone`, `p`.`Phone1`, `p`.`Phone2`, `p`.`Phone3`, `p`.`Phone4`, `p`.`Physician`, `p`.`Reffered_By`, `p`.`Relationship_Type`, `p`.`Special_Notes`, `p`.`Updated_At`, `p`.`Zip_O`, `p`.`Zip_Other`, `p`.`Zip_R`
FROM `Patients_Contact` AS `p`
WHERE `p`.`Patient_Id` = @__p_0
2023-10-04 18:12:43.311 +05:30  INF  Executed DbCommand (0ms) [Parameters=[@__p_0='?' (DbType = Int64)], CommandType='"Text"', CommandTimeout='30']
SELECT `p`.`Id`, `p`.`Created_At`, `p`.`Patient_Id`, `p`.`Report`, `p`.`Report_File`, `p`.`Scan_Name`, `p`.`Status`, `p`.`Type`, `p`.`Updated_At`
FROM `Patient_Scans` AS `p`
WHERE `p`.`Patient_Id` = @__p_0
2023-10-04 18:12:43.312 +05:30  INF  Executed DbCommand (1ms) [Parameters=[], CommandType='"Text"', CommandTimeout='30']
SELECT `p`.`Id`, `p`.`Amount_Type`, `p`.`Balance`, `p`.`Created_At`, `p`.`Credit_Amount`, `p`.`Debit_Amount`, `p`.`Description`, `p`.`Doctor_Id`, `p`.`Patient_Id`, `p`.`Payment_Mode`, `p`.`Updated_At`, `p`.`Workdone_Id`
FROM `Payment_History` AS `p`
2023-10-04 18:12:43.317 +05:30  INF  Executed DbCommand (1ms) [Parameters=[@__p_0='?' (DbType = Int64)], CommandType='"Text"', CommandTimeout='30']
SELECT `p`.`Id`, `p`.`Amount`, `p`.`Balance_Amount`, `p`.`Balance_Spent`, `p`.`Created_At`, `p`.`Name`, `p`.`Patients_Id`, `p`.`Type`, `p`.`Updated_At`
FROM `Patients_Insurance_Loan` AS `p`
WHERE `p`.`Patients_Id` = @__p_0
2023-10-04 18:12:43.318 +05:30  INF  Executed DbCommand (0ms) [Parameters=[@__p_0='?' (DbType = Int64)], CommandType='"Text"', CommandTimeout='30']
SELECT `p`.`Id`, `p`.`Created_At`, `p`.`Patient_Id`, `p`.`Report`, `p`.`Report_Date`, `p`.`Report_File`, `p`.`Status`, `p`.`Test_Name`, `p`.`Test_Price`, `p`.`Updated_At`
FROM `Patient_Tests` AS `p`
WHERE `p`.`Patient_Id` = @__p_0
2023-10-04 18:12:43.320 +05:30  INF  Executed DbCommand (1ms) [Parameters=[@__p_0='?' (DbType = Int64)], CommandType='"Text"', CommandTimeout='30']
SELECT `p`.`Id`, `p`.`Address_O`, `p`.`Address_Other`, `p`.`Address_R`, `p`.`City_O`, `p`.`City_Other`, `p`.`City_R`, `p`.`Country_O`, `p`.`Country_Other`, `p`.`Country_R`, `p`.`Created_At`, `p`.`Doctor_Name`, `p`.`Email`, `p`.`Email2`, `p`.`Medical_History_Allergies`, `p`.`Patient_Id`, `p`.`Phone`, `p`.`Phone1`, `p`.`Phone2`, `p`.`Phone3`, `p`.`Phone4`, `p`.`Physician`, `p`.`Reffered_By`, `p`.`Relationship_Type`, `p`.`Special_Notes`, `p`.`Updated_At`, `p`.`Zip_O`, `p`.`Zip_Other`, `p`.`Zip_R`
FROM `Patients_Contact` AS `p`
WHERE `p`.`Patient_Id` = @__p_0
2023-10-04 18:12:43.321 +05:30  INF  Executed DbCommand (0ms) [Parameters=[@__p_0='?' (DbType = Int64)], CommandType='"Text"', CommandTimeout='30']
SELECT `p`.`Id`, `p`.`Created_At`, `p`.`Patient_Id`, `p`.`Report`, `p`.`Report_File`, `p`.`Scan_Name`, `p`.`Status`, `p`.`Type`, `p`.`Updated_At`
FROM `Patient_Scans` AS `p`
WHERE `p`.`Patient_Id` = @__p_0
2023-10-04 18:12:43.322 +05:30  INF  Executed DbCommand (1ms) [Parameters=[], CommandType='"Text"', CommandTimeout='30']
SELECT `p`.`Id`, `p`.`Amount_Type`, `p`.`Balance`, `p`.`Created_At`, `p`.`Credit_Amount`, `p`.`Debit_Amount`, `p`.`Description`, `p`.`Doctor_Id`, `p`.`Patient_Id`, `p`.`Payment_Mode`, `p`.`Updated_At`, `p`.`Workdone_Id`
FROM `Payment_History` AS `p`
2023-10-04 18:12:43.327 +05:30  INF  Executed DbCommand (1ms) [Parameters=[@__p_0='?' (DbType = Int64)], CommandType='"Text"', CommandTimeout='30']
SELECT `p`.`Id`, `p`.`Amount`, `p`.`Balance_Amount`, `p`.`Balance_Spent`, `p`.`Created_At`, `p`.`Name`, `p`.`Patients_Id`, `p`.`Type`, `p`.`Updated_At`
FROM `Patients_Insurance_Loan` AS `p`
WHERE `p`.`Patients_Id` = @__p_0
2023-10-04 18:12:43.330 +05:30  INF  Executed DbCommand (1ms) [Parameters=[@__p_0='?' (DbType = Int64)], CommandType='"Text"', CommandTimeout='30']
SELECT `p`.`Id`, `p`.`Created_At`, `p`.`Patient_Id`, `p`.`Report`, `p`.`Report_Date`, `p`.`Report_File`, `p`.`Status`, `p`.`Test_Name`, `p`.`Test_Price`, `p`.`Updated_At`
FROM `Patient_Tests` AS `p`
WHERE `p`.`Patient_Id` = @__p_0
2023-10-04 18:12:43.332 +05:30  INF  Executed DbCommand (1ms) [Parameters=[@__p_0='?' (DbType = Int64)], CommandType='"Text"', CommandTimeout='30']
SELECT `p`.`Id`, `p`.`Address_O`, `p`.`Address_Other`, `p`.`Address_R`, `p`.`City_O`, `p`.`City_Other`, `p`.`City_R`, `p`.`Country_O`, `p`.`Country_Other`, `p`.`Country_R`, `p`.`Created_At`, `p`.`Doctor_Name`, `p`.`Email`, `p`.`Email2`, `p`.`Medical_History_Allergies`, `p`.`Patient_Id`, `p`.`Phone`, `p`.`Phone1`, `p`.`Phone2`, `p`.`Phone3`, `p`.`Phone4`, `p`.`Physician`, `p`.`Reffered_By`, `p`.`Relationship_Type`, `p`.`Special_Notes`, `p`.`Updated_At`, `p`.`Zip_O`, `p`.`Zip_Other`, `p`.`Zip_R`
FROM `Patients_Contact` AS `p`
WHERE `p`.`Patient_Id` = @__p_0
2023-10-04 18:12:43.333 +05:30  INF  Executed DbCommand (0ms) [Parameters=[@__p_0='?' (DbType = Int64)], CommandType='"Text"', CommandTimeout='30']
SELECT `p`.`Id`, `p`.`Created_At`, `p`.`Patient_Id`, `p`.`Report`, `p`.`Report_File`, `p`.`Scan_Name`, `p`.`Status`, `p`.`Type`, `p`.`Updated_At`
FROM `Patient_Scans` AS `p`
WHERE `p`.`Patient_Id` = @__p_0
2023-10-04 18:12:43.334 +05:30  INF  Executed DbCommand (1ms) [Parameters=[], CommandType='"Text"', CommandTimeout='30']
SELECT `p`.`Id`, `p`.`Amount_Type`, `p`.`Balance`, `p`.`Created_At`, `p`.`Credit_Amount`, `p`.`Debit_Amount`, `p`.`Description`, `p`.`Doctor_Id`, `p`.`Patient_Id`, `p`.`Payment_Mode`, `p`.`Updated_At`, `p`.`Workdone_Id`
FROM `Payment_History` AS `p`
2023-10-04 18:12:43.340 +05:30  INF  Executed DbCommand (1ms) [Parameters=[@__p_0='?' (DbType = Int64)], CommandType='"Text"', CommandTimeout='30']
SELECT `p`.`Id`, `p`.`Amount`, `p`.`Balance_Amount`, `p`.`Balance_Spent`, `p`.`Created_At`, `p`.`Name`, `p`.`Patients_Id`, `p`.`Type`, `p`.`Updated_At`
FROM `Patients_Insurance_Loan` AS `p`
WHERE `p`.`Patients_Id` = @__p_0
2023-10-04 18:12:43.341 +05:30  INF  Executed DbCommand (0ms) [Parameters=[@__p_0='?' (DbType = Int64)], CommandType='"Text"', CommandTimeout='30']
SELECT `p`.`Id`, `p`.`Created_At`, `p`.`Patient_Id`, `p`.`Report`, `p`.`Report_Date`, `p`.`Report_File`, `p`.`Status`, `p`.`Test_Name`, `p`.`Test_Price`, `p`.`Updated_At`
FROM `Patient_Tests` AS `p`
WHERE `p`.`Patient_Id` = @__p_0
2023-10-04 18:12:43.343 +05:30  INF  Executed DbCommand (1ms) [Parameters=[@__p_0='?' (DbType = Int64)], CommandType='"Text"', CommandTimeout='30']
SELECT `p`.`Id`, `p`.`Address_O`, `p`.`Address_Other`, `p`.`Address_R`, `p`.`City_O`, `p`.`City_Other`, `p`.`City_R`, `p`.`Country_O`, `p`.`Country_Other`, `p`.`Country_R`, `p`.`Created_At`, `p`.`Doctor_Name`, `p`.`Email`, `p`.`Email2`, `p`.`Medical_History_Allergies`, `p`.`Patient_Id`, `p`.`Phone`, `p`.`Phone1`, `p`.`Phone2`, `p`.`Phone3`, `p`.`Phone4`, `p`.`Physician`, `p`.`Reffered_By`, `p`.`Relationship_Type`, `p`.`Special_Notes`, `p`.`Updated_At`, `p`.`Zip_O`, `p`.`Zip_Other`, `p`.`Zip_R`
FROM `Patients_Contact` AS `p`
WHERE `p`.`Patient_Id` = @__p_0
2023-10-04 18:12:43.344 +05:30  INF  Executed DbCommand (0ms) [Parameters=[@__p_0='?' (DbType = Int64)], CommandType='"Text"', CommandTimeout='30']
SELECT `p`.`Id`, `p`.`Created_At`, `p`.`Patient_Id`, `p`.`Report`, `p`.`Report_File`, `p`.`Scan_Name`, `p`.`Status`, `p`.`Type`, `p`.`Updated_At`
FROM `Patient_Scans` AS `p`
WHERE `p`.`Patient_Id` = @__p_0
2023-10-04 18:12:43.345 +05:30  INF  Executed DbCommand (1ms) [Parameters=[], CommandType='"Text"', CommandTimeout='30']
SELECT `p`.`Id`, `p`.`Amount_Type`, `p`.`Balance`, `p`.`Created_At`, `p`.`Credit_Amount`, `p`.`Debit_Amount`, `p`.`Description`, `p`.`Doctor_Id`, `p`.`Patient_Id`, `p`.`Payment_Mode`, `p`.`Updated_At`, `p`.`Workdone_Id`
FROM `Payment_History` AS `p`
2023-10-04 18:12:43.351 +05:30  INF  Executed DbCommand (1ms) [Parameters=[@__p_0='?' (DbType = Int64)], CommandType='"Text"', CommandTimeout='30']
SELECT `p`.`Id`, `p`.`Amount`, `p`.`Balance_Amount`, `p`.`Balance_Spent`, `p`.`Created_At`, `p`.`Name`, `p`.`Patients_Id`, `p`.`Type`, `p`.`Updated_At`
FROM `Patients_Insurance_Loan` AS `p`
WHERE `p`.`Patients_Id` = @__p_0
2023-10-04 18:12:43.352 +05:30  INF  Executed DbCommand (0ms) [Parameters=[@__p_0='?' (DbType = Int64)], CommandType='"Text"', CommandTimeout='30']
SELECT `p`.`Id`, `p`.`Created_At`, `p`.`Patient_Id`, `p`.`Report`, `p`.`Report_Date`, `p`.`Report_File`, `p`.`Status`, `p`.`Test_Name`, `p`.`Test_Price`, `p`.`Updated_At`
FROM `Patient_Tests` AS `p`
WHERE `p`.`Patient_Id` = @__p_0
2023-10-04 18:12:43.354 +05:30  INF  Executed DbCommand (1ms) [Parameters=[@__p_0='?' (DbType = Int64)], CommandType='"Text"', CommandTimeout='30']
SELECT `p`.`Id`, `p`.`Address_O`, `p`.`Address_Other`, `p`.`Address_R`, `p`.`City_O`, `p`.`City_Other`, `p`.`City_R`, `p`.`Country_O`, `p`.`Country_Other`, `p`.`Country_R`, `p`.`Created_At`, `p`.`Doctor_Name`, `p`.`Email`, `p`.`Email2`, `p`.`Medical_History_Allergies`, `p`.`Patient_Id`, `p`.`Phone`, `p`.`Phone1`, `p`.`Phone2`, `p`.`Phone3`, `p`.`Phone4`, `p`.`Physician`, `p`.`Reffered_By`, `p`.`Relationship_Type`, `p`.`Special_Notes`, `p`.`Updated_At`, `p`.`Zip_O`, `p`.`Zip_Other`, `p`.`Zip_R`
FROM `Patients_Contact` AS `p`
WHERE `p`.`Patient_Id` = @__p_0
2023-10-04 18:12:43.355 +05:30  INF  Executed DbCommand (0ms) [Parameters=[@__p_0='?' (DbType = Int64)], CommandType='"Text"', CommandTimeout='30']
SELECT `p`.`Id`, `p`.`Created_At`, `p`.`Patient_Id`, `p`.`Report`, `p`.`Report_File`, `p`.`Scan_Name`, `p`.`Status`, `p`.`Type`, `p`.`Updated_At`
FROM `Patient_Scans` AS `p`
WHERE `p`.`Patient_Id` = @__p_0
2023-10-04 18:12:43.356 +05:30  INF  Executed DbCommand (1ms) [Parameters=[], CommandType='"Text"', CommandTimeout='30']
SELECT `p`.`Id`, `p`.`Amount_Type`, `p`.`Balance`, `p`.`Created_At`, `p`.`Credit_Amount`, `p`.`Debit_Amount`, `p`.`Description`, `p`.`Doctor_Id`, `p`.`Patient_Id`, `p`.`Payment_Mode`, `p`.`Updated_At`, `p`.`Workdone_Id`
FROM `Payment_History` AS `p`
2023-10-04 18:12:43.361 +05:30  INF  Executed DbCommand (1ms) [Parameters=[@__p_0='?' (DbType = Int64)], CommandType='"Text"', CommandTimeout='30']
SELECT `p`.`Id`, `p`.`Amount`, `p`.`Balance_Amount`, `p`.`Balance_Spent`, `p`.`Created_At`, `p`.`Name`, `p`.`Patients_Id`, `p`.`Type`, `p`.`Updated_At`
FROM `Patients_Insurance_Loan` AS `p`
WHERE `p`.`Patients_Id` = @__p_0
2023-10-04 18:12:43.362 +05:30  INF  Executed DbCommand (0ms) [Parameters=[@__p_0='?' (DbType = Int64)], CommandType='"Text"', CommandTimeout='30']
SELECT `p`.`Id`, `p`.`Created_At`, `p`.`Patient_Id`, `p`.`Report`, `p`.`Report_Date`, `p`.`Report_File`, `p`.`Status`, `p`.`Test_Name`, `p`.`Test_Price`, `p`.`Updated_At`
FROM `Patient_Tests` AS `p`
WHERE `p`.`Patient_Id` = @__p_0
2023-10-04 18:12:43.364 +05:30  INF  Executed DbCommand (1ms) [Parameters=[@__p_0='?' (DbType = Int64)], CommandType='"Text"', CommandTimeout='30']
SELECT `p`.`Id`, `p`.`Address_O`, `p`.`Address_Other`, `p`.`Address_R`, `p`.`City_O`, `p`.`City_Other`, `p`.`City_R`, `p`.`Country_O`, `p`.`Country_Other`, `p`.`Country_R`, `p`.`Created_At`, `p`.`Doctor_Name`, `p`.`Email`, `p`.`Email2`, `p`.`Medical_History_Allergies`, `p`.`Patient_Id`, `p`.`Phone`, `p`.`Phone1`, `p`.`Phone2`, `p`.`Phone3`, `p`.`Phone4`, `p`.`Physician`, `p`.`Reffered_By`, `p`.`Relationship_Type`, `p`.`Special_Notes`, `p`.`Updated_At`, `p`.`Zip_O`, `p`.`Zip_Other`, `p`.`Zip_R`
FROM `Patients_Contact` AS `p`
WHERE `p`.`Patient_Id` = @__p_0
2023-10-04 18:12:43.366 +05:30  INF  Executed DbCommand (0ms) [Parameters=[@__p_0='?' (DbType = Int64)], CommandType='"Text"', CommandTimeout='30']
SELECT `p`.`Id`, `p`.`Created_At`, `p`.`Patient_Id`, `p`.`Report`, `p`.`Report_File`, `p`.`Scan_Name`, `p`.`Status`, `p`.`Type`, `p`.`Updated_At`
FROM `Patient_Scans` AS `p`
WHERE `p`.`Patient_Id` = @__p_0
2023-10-04 18:12:43.367 +05:30  INF  Executed DbCommand (1ms) [Parameters=[], CommandType='"Text"', CommandTimeout='30']
SELECT `p`.`Id`, `p`.`Amount_Type`, `p`.`Balance`, `p`.`Created_At`, `p`.`Credit_Amount`, `p`.`Debit_Amount`, `p`.`Description`, `p`.`Doctor_Id`, `p`.`Patient_Id`, `p`.`Payment_Mode`, `p`.`Updated_At`, `p`.`Workdone_Id`
FROM `Payment_History` AS `p`
2023-10-04 18:12:43.372 +05:30  INF  Executed DbCommand (1ms) [Parameters=[@__p_0='?' (DbType = Int64)], CommandType='"Text"', CommandTimeout='30']
SELECT `p`.`Id`, `p`.`Amount`, `p`.`Balance_Amount`, `p`.`Balance_Spent`, `p`.`Created_At`, `p`.`Name`, `p`.`Patients_Id`, `p`.`Type`, `p`.`Updated_At`
FROM `Patients_Insurance_Loan` AS `p`
WHERE `p`.`Patients_Id` = @__p_0
2023-10-04 18:12:43.373 +05:30  INF  Executed DbCommand (0ms) [Parameters=[@__p_0='?' (DbType = Int64)], CommandType='"Text"', CommandTimeout='30']
SELECT `p`.`Id`, `p`.`Created_At`, `p`.`Patient_Id`, `p`.`Report`, `p`.`Report_Date`, `p`.`Report_File`, `p`.`Status`, `p`.`Test_Name`, `p`.`Test_Price`, `p`.`Updated_At`
FROM `Patient_Tests` AS `p`
WHERE `p`.`Patient_Id` = @__p_0
2023-10-04 18:12:43.375 +05:30  INF  Executed DbCommand (1ms) [Parameters=[@__p_0='?' (DbType = Int64)], CommandType='"Text"', CommandTimeout='30']
SELECT `p`.`Id`, `p`.`Address_O`, `p`.`Address_Other`, `p`.`Address_R`, `p`.`City_O`, `p`.`City_Other`, `p`.`City_R`, `p`.`Country_O`, `p`.`Country_Other`, `p`.`Country_R`, `p`.`Created_At`, `p`.`Doctor_Name`, `p`.`Email`, `p`.`Email2`, `p`.`Medical_History_Allergies`, `p`.`Patient_Id`, `p`.`Phone`, `p`.`Phone1`, `p`.`Phone2`, `p`.`Phone3`, `p`.`Phone4`, `p`.`Physician`, `p`.`Reffered_By`, `p`.`Relationship_Type`, `p`.`Special_Notes`, `p`.`Updated_At`, `p`.`Zip_O`, `p`.`Zip_Other`, `p`.`Zip_R`
FROM `Patients_Contact` AS `p`
WHERE `p`.`Patient_Id` = @__p_0
2023-10-04 18:12:43.376 +05:30  INF  Executed DbCommand (0ms) [Parameters=[@__p_0='?' (DbType = Int64)], CommandType='"Text"', CommandTimeout='30']
SELECT `p`.`Id`, `p`.`Created_At`, `p`.`Patient_Id`, `p`.`Report`, `p`.`Report_File`, `p`.`Scan_Name`, `p`.`Status`, `p`.`Type`, `p`.`Updated_At`
FROM `Patient_Scans` AS `p`
WHERE `p`.`Patient_Id` = @__p_0
2023-10-04 18:12:43.377 +05:30  INF  Executed DbCommand (1ms) [Parameters=[], CommandType='"Text"', CommandTimeout='30']
SELECT `p`.`Id`, `p`.`Amount_Type`, `p`.`Balance`, `p`.`Created_At`, `p`.`Credit_Amount`, `p`.`Debit_Amount`, `p`.`Description`, `p`.`Doctor_Id`, `p`.`Patient_Id`, `p`.`Payment_Mode`, `p`.`Updated_At`, `p`.`Workdone_Id`
FROM `Payment_History` AS `p`
2023-10-04 18:12:43.383 +05:30  INF  Executed DbCommand (1ms) [Parameters=[@__p_0='?' (DbType = Int64)], CommandType='"Text"', CommandTimeout='30']
SELECT `p`.`Id`, `p`.`Amount`, `p`.`Balance_Amount`, `p`.`Balance_Spent`, `p`.`Created_At`, `p`.`Name`, `p`.`Patients_Id`, `p`.`Type`, `p`.`Updated_At`
FROM `Patients_Insurance_Loan` AS `p`
WHERE `p`.`Patients_Id` = @__p_0
2023-10-04 18:12:43.384 +05:30  INF  Executed DbCommand (0ms) [Parameters=[@__p_0='?' (DbType = Int64)], CommandType='"Text"', CommandTimeout='30']
SELECT `p`.`Id`, `p`.`Created_At`, `p`.`Patient_Id`, `p`.`Report`, `p`.`Report_Date`, `p`.`Report_File`, `p`.`Status`, `p`.`Test_Name`, `p`.`Test_Price`, `p`.`Updated_At`
FROM `Patient_Tests` AS `p`
WHERE `p`.`Patient_Id` = @__p_0
2023-10-04 18:12:43.386 +05:30  INF  Executed DbCommand (1ms) [Parameters=[@__p_0='?' (DbType = Int64)], CommandType='"Text"', CommandTimeout='30']
SELECT `p`.`Id`, `p`.`Address_O`, `p`.`Address_Other`, `p`.`Address_R`, `p`.`City_O`, `p`.`City_Other`, `p`.`City_R`, `p`.`Country_O`, `p`.`Country_Other`, `p`.`Country_R`, `p`.`Created_At`, `p`.`Doctor_Name`, `p`.`Email`, `p`.`Email2`, `p`.`Medical_History_Allergies`, `p`.`Patient_Id`, `p`.`Phone`, `p`.`Phone1`, `p`.`Phone2`, `p`.`Phone3`, `p`.`Phone4`, `p`.`Physician`, `p`.`Reffered_By`, `p`.`Relationship_Type`, `p`.`Special_Notes`, `p`.`Updated_At`, `p`.`Zip_O`, `p`.`Zip_Other`, `p`.`Zip_R`
FROM `Patients_Contact` AS `p`
WHERE `p`.`Patient_Id` = @__p_0
2023-10-04 18:12:43.387 +05:30  INF  Executed DbCommand (0ms) [Parameters=[@__p_0='?' (DbType = Int64)], CommandType='"Text"', CommandTimeout='30']
SELECT `p`.`Id`, `p`.`Created_At`, `p`.`Patient_Id`, `p`.`Report`, `p`.`Report_File`, `p`.`Scan_Name`, `p`.`Status`, `p`.`Type`, `p`.`Updated_At`
FROM `Patient_Scans` AS `p`
WHERE `p`.`Patient_Id` = @__p_0
2023-10-04 18:12:43.388 +05:30  INF  Executed DbCommand (1ms) [Parameters=[], CommandType='"Text"', CommandTimeout='30']
SELECT `p`.`Id`, `p`.`Amount_Type`, `p`.`Balance`, `p`.`Created_At`, `p`.`Credit_Amount`, `p`.`Debit_Amount`, `p`.`Description`, `p`.`Doctor_Id`, `p`.`Patient_Id`, `p`.`Payment_Mode`, `p`.`Updated_At`, `p`.`Workdone_Id`
FROM `Payment_History` AS `p`
2023-10-04 18:12:43.393 +05:30  INF  Executed DbCommand (1ms) [Parameters=[@__p_0='?' (DbType = Int64)], CommandType='"Text"', CommandTimeout='30']
SELECT `p`.`Id`, `p`.`Amount`, `p`.`Balance_Amount`, `p`.`Balance_Spent`, `p`.`Created_At`, `p`.`Name`, `p`.`Patients_Id`, `p`.`Type`, `p`.`Updated_At`
FROM `Patients_Insurance_Loan` AS `p`
WHERE `p`.`Patients_Id` = @__p_0
2023-10-04 18:12:43.394 +05:30  INF  Executed DbCommand (0ms) [Parameters=[@__p_0='?' (DbType = Int64)], CommandType='"Text"', CommandTimeout='30']
SELECT `p`.`Id`, `p`.`Created_At`, `p`.`Patient_Id`, `p`.`Report`, `p`.`Report_Date`, `p`.`Report_File`, `p`.`Status`, `p`.`Test_Name`, `p`.`Test_Price`, `p`.`Updated_At`
FROM `Patient_Tests` AS `p`
WHERE `p`.`Patient_Id` = @__p_0
2023-10-04 18:12:43.397 +05:30  INF  Executed DbCommand (1ms) [Parameters=[@__p_0='?' (DbType = Int64)], CommandType='"Text"', CommandTimeout='30']
SELECT `p`.`Id`, `p`.`Address_O`, `p`.`Address_Other`, `p`.`Address_R`, `p`.`City_O`, `p`.`City_Other`, `p`.`City_R`, `p`.`Country_O`, `p`.`Country_Other`, `p`.`Country_R`, `p`.`Created_At`, `p`.`Doctor_Name`, `p`.`Email`, `p`.`Email2`, `p`.`Medical_History_Allergies`, `p`.`Patient_Id`, `p`.`Phone`, `p`.`Phone1`, `p`.`Phone2`, `p`.`Phone3`, `p`.`Phone4`, `p`.`Physician`, `p`.`Reffered_By`, `p`.`Relationship_Type`, `p`.`Special_Notes`, `p`.`Updated_At`, `p`.`Zip_O`, `p`.`Zip_Other`, `p`.`Zip_R`
FROM `Patients_Contact` AS `p`
WHERE `p`.`Patient_Id` = @__p_0
2023-10-04 18:12:43.398 +05:30  INF  Executed DbCommand (0ms) [Parameters=[@__p_0='?' (DbType = Int64)], CommandType='"Text"', CommandTimeout='30']
SELECT `p`.`Id`, `p`.`Created_At`, `p`.`Patient_Id`, `p`.`Report`, `p`.`Report_File`, `p`.`Scan_Name`, `p`.`Status`, `p`.`Type`, `p`.`Updated_At`
FROM `Patient_Scans` AS `p`
WHERE `p`.`Patient_Id` = @__p_0
2023-10-04 18:12:43.399 +05:30  INF  Executed DbCommand (1ms) [Parameters=[], CommandType='"Text"', CommandTimeout='30']
SELECT `p`.`Id`, `p`.`Amount_Type`, `p`.`Balance`, `p`.`Created_At`, `p`.`Credit_Amount`, `p`.`Debit_Amount`, `p`.`Description`, `p`.`Doctor_Id`, `p`.`Patient_Id`, `p`.`Payment_Mode`, `p`.`Updated_At`, `p`.`Workdone_Id`
FROM `Payment_History` AS `p`
2023-10-04 18:12:43.404 +05:30  INF  Executed DbCommand (1ms) [Parameters=[@__p_0='?' (DbType = Int64)], CommandType='"Text"', CommandTimeout='30']
SELECT `p`.`Id`, `p`.`Amount`, `p`.`Balance_Amount`, `p`.`Balance_Spent`, `p`.`Created_At`, `p`.`Name`, `p`.`Patients_Id`, `p`.`Type`, `p`.`Updated_At`
FROM `Patients_Insurance_Loan` AS `p`
WHERE `p`.`Patients_Id` = @__p_0
2023-10-04 18:12:43.405 +05:30  INF  Executed DbCommand (0ms) [Parameters=[@__p_0='?' (DbType = Int64)], CommandType='"Text"', CommandTimeout='30']
SELECT `p`.`Id`, `p`.`Created_At`, `p`.`Patient_Id`, `p`.`Report`, `p`.`Report_Date`, `p`.`Report_File`, `p`.`Status`, `p`.`Test_Name`, `p`.`Test_Price`, `p`.`Updated_At`
FROM `Patient_Tests` AS `p`
WHERE `p`.`Patient_Id` = @__p_0
2023-10-04 18:12:43.407 +05:30  INF  Executed DbCommand (1ms) [Parameters=[@__p_0='?' (DbType = Int64)], CommandType='"Text"', CommandTimeout='30']
SELECT `p`.`Id`, `p`.`Address_O`, `p`.`Address_Other`, `p`.`Address_R`, `p`.`City_O`, `p`.`City_Other`, `p`.`City_R`, `p`.`Country_O`, `p`.`Country_Other`, `p`.`Country_R`, `p`.`Created_At`, `p`.`Doctor_Name`, `p`.`Email`, `p`.`Email2`, `p`.`Medical_History_Allergies`, `p`.`Patient_Id`, `p`.`Phone`, `p`.`Phone1`, `p`.`Phone2`, `p`.`Phone3`, `p`.`Phone4`, `p`.`Physician`, `p`.`Reffered_By`, `p`.`Relationship_Type`, `p`.`Special_Notes`, `p`.`Updated_At`, `p`.`Zip_O`, `p`.`Zip_Other`, `p`.`Zip_R`
FROM `Patients_Contact` AS `p`
WHERE `p`.`Patient_Id` = @__p_0
2023-10-04 18:12:43.408 +05:30  INF  Executed DbCommand (0ms) [Parameters=[@__p_0='?' (DbType = Int64)], CommandType='"Text"', CommandTimeout='30']
SELECT `p`.`Id`, `p`.`Created_At`, `p`.`Patient_Id`, `p`.`Report`, `p`.`Report_File`, `p`.`Scan_Name`, `p`.`Status`, `p`.`Type`, `p`.`Updated_At`
FROM `Patient_Scans` AS `p`
WHERE `p`.`Patient_Id` = @__p_0
2023-10-04 18:12:43.409 +05:30  INF  Executed DbCommand (1ms) [Parameters=[], CommandType='"Text"', CommandTimeout='30']
SELECT `p`.`Id`, `p`.`Amount_Type`, `p`.`Balance`, `p`.`Created_At`, `p`.`Credit_Amount`, `p`.`Debit_Amount`, `p`.`Description`, `p`.`Doctor_Id`, `p`.`Patient_Id`, `p`.`Payment_Mode`, `p`.`Updated_At`, `p`.`Workdone_Id`
FROM `Payment_History` AS `p`
2023-10-04 18:12:43.415 +05:30  INF  Executed DbCommand (1ms) [Parameters=[@__p_0='?' (DbType = Int64)], CommandType='"Text"', CommandTimeout='30']
SELECT `p`.`Id`, `p`.`Amount`, `p`.`Balance_Amount`, `p`.`Balance_Spent`, `p`.`Created_At`, `p`.`Name`, `p`.`Patients_Id`, `p`.`Type`, `p`.`Updated_At`
FROM `Patients_Insurance_Loan` AS `p`
WHERE `p`.`Patients_Id` = @__p_0
2023-10-04 18:12:43.416 +05:30  INF  Executed DbCommand (0ms) [Parameters=[@__p_0='?' (DbType = Int64)], CommandType='"Text"', CommandTimeout='30']
SELECT `p`.`Id`, `p`.`Created_At`, `p`.`Patient_Id`, `p`.`Report`, `p`.`Report_Date`, `p`.`Report_File`, `p`.`Status`, `p`.`Test_Name`, `p`.`Test_Price`, `p`.`Updated_At`
FROM `Patient_Tests` AS `p`
WHERE `p`.`Patient_Id` = @__p_0
2023-10-04 18:12:43.418 +05:30  INF  Executed DbCommand (1ms) [Parameters=[@__p_0='?' (DbType = Int64)], CommandType='"Text"', CommandTimeout='30']
SELECT `p`.`Id`, `p`.`Address_O`, `p`.`Address_Other`, `p`.`Address_R`, `p`.`City_O`, `p`.`City_Other`, `p`.`City_R`, `p`.`Country_O`, `p`.`Country_Other`, `p`.`Country_R`, `p`.`Created_At`, `p`.`Doctor_Name`, `p`.`Email`, `p`.`Email2`, `p`.`Medical_History_Allergies`, `p`.`Patient_Id`, `p`.`Phone`, `p`.`Phone1`, `p`.`Phone2`, `p`.`Phone3`, `p`.`Phone4`, `p`.`Physician`, `p`.`Reffered_By`, `p`.`Relationship_Type`, `p`.`Special_Notes`, `p`.`Updated_At`, `p`.`Zip_O`, `p`.`Zip_Other`, `p`.`Zip_R`
FROM `Patients_Contact` AS `p`
WHERE `p`.`Patient_Id` = @__p_0
2023-10-04 18:12:43.419 +05:30  INF  Executed DbCommand (0ms) [Parameters=[@__p_0='?' (DbType = Int64)], CommandType='"Text"', CommandTimeout='30']
SELECT `p`.`Id`, `p`.`Created_At`, `p`.`Patient_Id`, `p`.`Report`, `p`.`Report_File`, `p`.`Scan_Name`, `p`.`Status`, `p`.`Type`, `p`.`Updated_At`
FROM `Patient_Scans` AS `p`
WHERE `p`.`Patient_Id` = @__p_0
2023-10-04 18:12:43.421 +05:30  INF  Executed DbCommand (1ms) [Parameters=[], CommandType='"Text"', CommandTimeout='30']
SELECT `p`.`Id`, `p`.`Amount_Type`, `p`.`Balance`, `p`.`Created_At`, `p`.`Credit_Amount`, `p`.`Debit_Amount`, `p`.`Description`, `p`.`Doctor_Id`, `p`.`Patient_Id`, `p`.`Payment_Mode`, `p`.`Updated_At`, `p`.`Workdone_Id`
FROM `Payment_History` AS `p`
2023-10-04 18:12:43.426 +05:30  INF  Executed DbCommand (1ms) [Parameters=[@__p_0='?' (DbType = Int64)], CommandType='"Text"', CommandTimeout='30']
SELECT `p`.`Id`, `p`.`Amount`, `p`.`Balance_Amount`, `p`.`Balance_Spent`, `p`.`Created_At`, `p`.`Name`, `p`.`Patients_Id`, `p`.`Type`, `p`.`Updated_At`
FROM `Patients_Insurance_Loan` AS `p`
WHERE `p`.`Patients_Id` = @__p_0
2023-10-04 18:12:43.427 +05:30  INF  Executed DbCommand (0ms) [Parameters=[@__p_0='?' (DbType = Int64)], CommandType='"Text"', CommandTimeout='30']
SELECT `p`.`Id`, `p`.`Created_At`, `p`.`Patient_Id`, `p`.`Report`, `p`.`Report_Date`, `p`.`Report_File`, `p`.`Status`, `p`.`Test_Name`, `p`.`Test_Price`, `p`.`Updated_At`
FROM `Patient_Tests` AS `p`
WHERE `p`.`Patient_Id` = @__p_0
2023-10-04 18:12:43.429 +05:30  INF  Executed DbCommand (1ms) [Parameters=[@__p_0='?' (DbType = Int64)], CommandType='"Text"', CommandTimeout='30']
SELECT `p`.`Id`, `p`.`Address_O`, `p`.`Address_Other`, `p`.`Address_R`, `p`.`City_O`, `p`.`City_Other`, `p`.`City_R`, `p`.`Country_O`, `p`.`Country_Other`, `p`.`Country_R`, `p`.`Created_At`, `p`.`Doctor_Name`, `p`.`Email`, `p`.`Email2`, `p`.`Medical_History_Allergies`, `p`.`Patient_Id`, `p`.`Phone`, `p`.`Phone1`, `p`.`Phone2`, `p`.`Phone3`, `p`.`Phone4`, `p`.`Physician`, `p`.`Reffered_By`, `p`.`Relationship_Type`, `p`.`Special_Notes`, `p`.`Updated_At`, `p`.`Zip_O`, `p`.`Zip_Other`, `p`.`Zip_R`
FROM `Patients_Contact` AS `p`
WHERE `p`.`Patient_Id` = @__p_0
2023-10-04 18:12:43.431 +05:30  INF  Executed DbCommand (1ms) [Parameters=[@__p_0='?' (DbType = Int64)], CommandType='"Text"', CommandTimeout='30']
SELECT `p`.`Id`, `p`.`Created_At`, `p`.`Patient_Id`, `p`.`Report`, `p`.`Report_File`, `p`.`Scan_Name`, `p`.`Status`, `p`.`Type`, `p`.`Updated_At`
FROM `Patient_Scans` AS `p`
WHERE `p`.`Patient_Id` = @__p_0
2023-10-04 18:12:43.432 +05:30  INF  Executed DbCommand (1ms) [Parameters=[], CommandType='"Text"', CommandTimeout='30']
SELECT `p`.`Id`, `p`.`Amount_Type`, `p`.`Balance`, `p`.`Created_At`, `p`.`Credit_Amount`, `p`.`Debit_Amount`, `p`.`Description`, `p`.`Doctor_Id`, `p`.`Patient_Id`, `p`.`Payment_Mode`, `p`.`Updated_At`, `p`.`Workdone_Id`
FROM `Payment_History` AS `p`
2023-10-04 18:12:43.438 +05:30  INF  Executed DbCommand (1ms) [Parameters=[@__p_0='?' (DbType = Int64)], CommandType='"Text"', CommandTimeout='30']
SELECT `p`.`Id`, `p`.`Amount`, `p`.`Balance_Amount`, `p`.`Balance_Spent`, `p`.`Created_At`, `p`.`Name`, `p`.`Patients_Id`, `p`.`Type`, `p`.`Updated_At`
FROM `Patients_Insurance_Loan` AS `p`
WHERE `p`.`Patients_Id` = @__p_0
2023-10-04 18:12:43.439 +05:30  INF  Executed DbCommand (0ms) [Parameters=[@__p_0='?' (DbType = Int64)], CommandType='"Text"', CommandTimeout='30']
SELECT `p`.`Id`, `p`.`Created_At`, `p`.`Patient_Id`, `p`.`Report`, `p`.`Report_Date`, `p`.`Report_File`, `p`.`Status`, `p`.`Test_Name`, `p`.`Test_Price`, `p`.`Updated_At`
FROM `Patient_Tests` AS `p`
WHERE `p`.`Patient_Id` = @__p_0
2023-10-04 18:12:43.441 +05:30  INF  Executed DbCommand (1ms) [Parameters=[@__p_0='?' (DbType = Int64)], CommandType='"Text"', CommandTimeout='30']
SELECT `p`.`Id`, `p`.`Address_O`, `p`.`Address_Other`, `p`.`Address_R`, `p`.`City_O`, `p`.`City_Other`, `p`.`City_R`, `p`.`Country_O`, `p`.`Country_Other`, `p`.`Country_R`, `p`.`Created_At`, `p`.`Doctor_Name`, `p`.`Email`, `p`.`Email2`, `p`.`Medical_History_Allergies`, `p`.`Patient_Id`, `p`.`Phone`, `p`.`Phone1`, `p`.`Phone2`, `p`.`Phone3`, `p`.`Phone4`, `p`.`Physician`, `p`.`Reffered_By`, `p`.`Relationship_Type`, `p`.`Special_Notes`, `p`.`Updated_At`, `p`.`Zip_O`, `p`.`Zip_Other`, `p`.`Zip_R`
FROM `Patients_Contact` AS `p`
WHERE `p`.`Patient_Id` = @__p_0
2023-10-04 18:12:43.442 +05:30  INF  Executed DbCommand (0ms) [Parameters=[@__p_0='?' (DbType = Int64)], CommandType='"Text"', CommandTimeout='30']
SELECT `p`.`Id`, `p`.`Created_At`, `p`.`Patient_Id`, `p`.`Report`, `p`.`Report_File`, `p`.`Scan_Name`, `p`.`Status`, `p`.`Type`, `p`.`Updated_At`
FROM `Patient_Scans` AS `p`
WHERE `p`.`Patient_Id` = @__p_0
2023-10-04 18:12:43.443 +05:30  INF  Executed DbCommand (1ms) [Parameters=[], CommandType='"Text"', CommandTimeout='30']
SELECT `p`.`Id`, `p`.`Amount_Type`, `p`.`Balance`, `p`.`Created_At`, `p`.`Credit_Amount`, `p`.`Debit_Amount`, `p`.`Description`, `p`.`Doctor_Id`, `p`.`Patient_Id`, `p`.`Payment_Mode`, `p`.`Updated_At`, `p`.`Workdone_Id`
FROM `Payment_History` AS `p`
2023-10-04 18:12:43.448 +05:30  INF  Executed DbCommand (1ms) [Parameters=[@__p_0='?' (DbType = Int64)], CommandType='"Text"', CommandTimeout='30']
SELECT `p`.`Id`, `p`.`Amount`, `p`.`Balance_Amount`, `p`.`Balance_Spent`, `p`.`Created_At`, `p`.`Name`, `p`.`Patients_Id`, `p`.`Type`, `p`.`Updated_At`
FROM `Patients_Insurance_Loan` AS `p`
WHERE `p`.`Patients_Id` = @__p_0
2023-10-04 18:12:43.449 +05:30  INF  Executed DbCommand (0ms) [Parameters=[@__p_0='?' (DbType = Int64)], CommandType='"Text"', CommandTimeout='30']
SELECT `p`.`Id`, `p`.`Created_At`, `p`.`Patient_Id`, `p`.`Report`, `p`.`Report_Date`, `p`.`Report_File`, `p`.`Status`, `p`.`Test_Name`, `p`.`Test_Price`, `p`.`Updated_At`
FROM `Patient_Tests` AS `p`
WHERE `p`.`Patient_Id` = @__p_0
2023-10-04 18:12:43.451 +05:30  INF  Executed DbCommand (1ms) [Parameters=[@__p_0='?' (DbType = Int64)], CommandType='"Text"', CommandTimeout='30']
SELECT `p`.`Id`, `p`.`Address_O`, `p`.`Address_Other`, `p`.`Address_R`, `p`.`City_O`, `p`.`City_Other`, `p`.`City_R`, `p`.`Country_O`, `p`.`Country_Other`, `p`.`Country_R`, `p`.`Created_At`, `p`.`Doctor_Name`, `p`.`Email`, `p`.`Email2`, `p`.`Medical_History_Allergies`, `p`.`Patient_Id`, `p`.`Phone`, `p`.`Phone1`, `p`.`Phone2`, `p`.`Phone3`, `p`.`Phone4`, `p`.`Physician`, `p`.`Reffered_By`, `p`.`Relationship_Type`, `p`.`Special_Notes`, `p`.`Updated_At`, `p`.`Zip_O`, `p`.`Zip_Other`, `p`.`Zip_R`
FROM `Patients_Contact` AS `p`
WHERE `p`.`Patient_Id` = @__p_0
2023-10-04 18:12:43.452 +05:30  INF  Executed DbCommand (0ms) [Parameters=[@__p_0='?' (DbType = Int64)], CommandType='"Text"', CommandTimeout='30']
SELECT `p`.`Id`, `p`.`Created_At`, `p`.`Patient_Id`, `p`.`Report`, `p`.`Report_File`, `p`.`Scan_Name`, `p`.`Status`, `p`.`Type`, `p`.`Updated_At`
FROM `Patient_Scans` AS `p`
WHERE `p`.`Patient_Id` = @__p_0
2023-10-04 18:12:43.453 +05:30  INF  Executed DbCommand (1ms) [Parameters=[], CommandType='"Text"', CommandTimeout='30']
SELECT `p`.`Id`, `p`.`Amount_Type`, `p`.`Balance`, `p`.`Created_At`, `p`.`Credit_Amount`, `p`.`Debit_Amount`, `p`.`Description`, `p`.`Doctor_Id`, `p`.`Patient_Id`, `p`.`Payment_Mode`, `p`.`Updated_At`, `p`.`Workdone_Id`
FROM `Payment_History` AS `p`
2023-10-04 18:12:43.458 +05:30  INF  Executed DbCommand (1ms) [Parameters=[@__p_0='?' (DbType = Int64)], CommandType='"Text"', CommandTimeout='30']
SELECT `p`.`Id`, `p`.`Amount`, `p`.`Balance_Amount`, `p`.`Balance_Spent`, `p`.`Created_At`, `p`.`Name`, `p`.`Patients_Id`, `p`.`Type`, `p`.`Updated_At`
FROM `Patients_Insurance_Loan` AS `p`
WHERE `p`.`Patients_Id` = @__p_0
2023-10-04 18:12:43.460 +05:30  INF  Executed DbCommand (0ms) [Parameters=[@__p_0='?' (DbType = Int64)], CommandType='"Text"', CommandTimeout='30']
SELECT `p`.`Id`, `p`.`Created_At`, `p`.`Patient_Id`, `p`.`Report`, `p`.`Report_Date`, `p`.`Report_File`, `p`.`Status`, `p`.`Test_Name`, `p`.`Test_Price`, `p`.`Updated_At`
FROM `Patient_Tests` AS `p`
WHERE `p`.`Patient_Id` = @__p_0
2023-10-04 18:12:43.462 +05:30  INF  Executed DbCommand (1ms) [Parameters=[@__p_0='?' (DbType = Int64)], CommandType='"Text"', CommandTimeout='30']
SELECT `p`.`Id`, `p`.`Address_O`, `p`.`Address_Other`, `p`.`Address_R`, `p`.`City_O`, `p`.`City_Other`, `p`.`City_R`, `p`.`Country_O`, `p`.`Country_Other`, `p`.`Country_R`, `p`.`Created_At`, `p`.`Doctor_Name`, `p`.`Email`, `p`.`Email2`, `p`.`Medical_History_Allergies`, `p`.`Patient_Id`, `p`.`Phone`, `p`.`Phone1`, `p`.`Phone2`, `p`.`Phone3`, `p`.`Phone4`, `p`.`Physician`, `p`.`Reffered_By`, `p`.`Relationship_Type`, `p`.`Special_Notes`, `p`.`Updated_At`, `p`.`Zip_O`, `p`.`Zip_Other`, `p`.`Zip_R`
FROM `Patients_Contact` AS `p`
WHERE `p`.`Patient_Id` = @__p_0
2023-10-04 18:12:43.463 +05:30  INF  Executed DbCommand (0ms) [Parameters=[@__p_0='?' (DbType = Int64)], CommandType='"Text"', CommandTimeout='30']
SELECT `p`.`Id`, `p`.`Created_At`, `p`.`Patient_Id`, `p`.`Report`, `p`.`Report_File`, `p`.`Scan_Name`, `p`.`Status`, `p`.`Type`, `p`.`Updated_At`
FROM `Patient_Scans` AS `p`
WHERE `p`.`Patient_Id` = @__p_0
2023-10-04 18:12:43.464 +05:30  INF  Executed DbCommand (1ms) [Parameters=[], CommandType='"Text"', CommandTimeout='30']
SELECT `p`.`Id`, `p`.`Amount_Type`, `p`.`Balance`, `p`.`Created_At`, `p`.`Credit_Amount`, `p`.`Debit_Amount`, `p`.`Description`, `p`.`Doctor_Id`, `p`.`Patient_Id`, `p`.`Payment_Mode`, `p`.`Updated_At`, `p`.`Workdone_Id`
FROM `Payment_History` AS `p`
2023-10-04 18:12:43.469 +05:30  INF  Executed DbCommand (1ms) [Parameters=[@__p_0='?' (DbType = Int64)], CommandType='"Text"', CommandTimeout='30']
SELECT `p`.`Id`, `p`.`Amount`, `p`.`Balance_Amount`, `p`.`Balance_Spent`, `p`.`Created_At`, `p`.`Name`, `p`.`Patients_Id`, `p`.`Type`, `p`.`Updated_At`
FROM `Patients_Insurance_Loan` AS `p`
WHERE `p`.`Patients_Id` = @__p_0
2023-10-04 18:12:43.471 +05:30  INF  Executed DbCommand (0ms) [Parameters=[@__p_0='?' (DbType = Int64)], CommandType='"Text"', CommandTimeout='30']
SELECT `p`.`Id`, `p`.`Created_At`, `p`.`Patient_Id`, `p`.`Report`, `p`.`Report_Date`, `p`.`Report_File`, `p`.`Status`, `p`.`Test_Name`, `p`.`Test_Price`, `p`.`Updated_At`
FROM `Patient_Tests` AS `p`
WHERE `p`.`Patient_Id` = @__p_0
2023-10-04 18:12:43.472 +05:30  INF  Executed DbCommand (1ms) [Parameters=[@__p_0='?' (DbType = Int64)], CommandType='"Text"', CommandTimeout='30']
SELECT `p`.`Id`, `p`.`Address_O`, `p`.`Address_Other`, `p`.`Address_R`, `p`.`City_O`, `p`.`City_Other`, `p`.`City_R`, `p`.`Country_O`, `p`.`Country_Other`, `p`.`Country_R`, `p`.`Created_At`, `p`.`Doctor_Name`, `p`.`Email`, `p`.`Email2`, `p`.`Medical_History_Allergies`, `p`.`Patient_Id`, `p`.`Phone`, `p`.`Phone1`, `p`.`Phone2`, `p`.`Phone3`, `p`.`Phone4`, `p`.`Physician`, `p`.`Reffered_By`, `p`.`Relationship_Type`, `p`.`Special_Notes`, `p`.`Updated_At`, `p`.`Zip_O`, `p`.`Zip_Other`, `p`.`Zip_R`
FROM `Patients_Contact` AS `p`
WHERE `p`.`Patient_Id` = @__p_0
2023-10-04 18:12:43.473 +05:30  INF  Executed DbCommand (0ms) [Parameters=[@__p_0='?' (DbType = Int64)], CommandType='"Text"', CommandTimeout='30']
SELECT `p`.`Id`, `p`.`Created_At`, `p`.`Patient_Id`, `p`.`Report`, `p`.`Report_File`, `p`.`Scan_Name`, `p`.`Status`, `p`.`Type`, `p`.`Updated_At`
FROM `Patient_Scans` AS `p`
WHERE `p`.`Patient_Id` = @__p_0
2023-10-04 18:12:43.475 +05:30  INF  Executed DbCommand (1ms) [Parameters=[], CommandType='"Text"', CommandTimeout='30']
SELECT `p`.`Id`, `p`.`Amount_Type`, `p`.`Balance`, `p`.`Created_At`, `p`.`Credit_Amount`, `p`.`Debit_Amount`, `p`.`Description`, `p`.`Doctor_Id`, `p`.`Patient_Id`, `p`.`Payment_Mode`, `p`.`Updated_At`, `p`.`Workdone_Id`
FROM `Payment_History` AS `p`
2023-10-04 18:12:43.480 +05:30  INF  Executed DbCommand (1ms) [Parameters=[@__p_0='?' (DbType = Int64)], CommandType='"Text"', CommandTimeout='30']
SELECT `p`.`Id`, `p`.`Amount`, `p`.`Balance_Amount`, `p`.`Balance_Spent`, `p`.`Created_At`, `p`.`Name`, `p`.`Patients_Id`, `p`.`Type`, `p`.`Updated_At`
FROM `Patients_Insurance_Loan` AS `p`
WHERE `p`.`Patients_Id` = @__p_0
2023-10-04 18:12:43.481 +05:30  INF  Executed DbCommand (0ms) [Parameters=[@__p_0='?' (DbType = Int64)], CommandType='"Text"', CommandTimeout='30']
SELECT `p`.`Id`, `p`.`Created_At`, `p`.`Patient_Id`, `p`.`Report`, `p`.`Report_Date`, `p`.`Report_File`, `p`.`Status`, `p`.`Test_Name`, `p`.`Test_Price`, `p`.`Updated_At`
FROM `Patient_Tests` AS `p`
WHERE `p`.`Patient_Id` = @__p_0
2023-10-04 18:12:43.483 +05:30  INF  Executed DbCommand (1ms) [Parameters=[@__p_0='?' (DbType = Int64)], CommandType='"Text"', CommandTimeout='30']
SELECT `p`.`Id`, `p`.`Address_O`, `p`.`Address_Other`, `p`.`Address_R`, `p`.`City_O`, `p`.`City_Other`, `p`.`City_R`, `p`.`Country_O`, `p`.`Country_Other`, `p`.`Country_R`, `p`.`Created_At`, `p`.`Doctor_Name`, `p`.`Email`, `p`.`Email2`, `p`.`Medical_History_Allergies`, `p`.`Patient_Id`, `p`.`Phone`, `p`.`Phone1`, `p`.`Phone2`, `p`.`Phone3`, `p`.`Phone4`, `p`.`Physician`, `p`.`Reffered_By`, `p`.`Relationship_Type`, `p`.`Special_Notes`, `p`.`Updated_At`, `p`.`Zip_O`, `p`.`Zip_Other`, `p`.`Zip_R`
FROM `Patients_Contact` AS `p`
WHERE `p`.`Patient_Id` = @__p_0
2023-10-04 18:12:43.484 +05:30  INF  Executed DbCommand (0ms) [Parameters=[@__p_0='?' (DbType = Int64)], CommandType='"Text"', CommandTimeout='30']
SELECT `p`.`Id`, `p`.`Created_At`, `p`.`Patient_Id`, `p`.`Report`, `p`.`Report_File`, `p`.`Scan_Name`, `p`.`Status`, `p`.`Type`, `p`.`Updated_At`
FROM `Patient_Scans` AS `p`
WHERE `p`.`Patient_Id` = @__p_0
2023-10-04 18:12:43.485 +05:30  INF  Executed DbCommand (1ms) [Parameters=[], CommandType='"Text"', CommandTimeout='30']
SELECT `p`.`Id`, `p`.`Amount_Type`, `p`.`Balance`, `p`.`Created_At`, `p`.`Credit_Amount`, `p`.`Debit_Amount`, `p`.`Description`, `p`.`Doctor_Id`, `p`.`Patient_Id`, `p`.`Payment_Mode`, `p`.`Updated_At`, `p`.`Workdone_Id`
FROM `Payment_History` AS `p`
2023-10-04 18:12:43.491 +05:30  INF  Executed DbCommand (1ms) [Parameters=[@__p_0='?' (DbType = Int64)], CommandType='"Text"', CommandTimeout='30']
SELECT `p`.`Id`, `p`.`Amount`, `p`.`Balance_Amount`, `p`.`Balance_Spent`, `p`.`Created_At`, `p`.`Name`, `p`.`Patients_Id`, `p`.`Type`, `p`.`Updated_At`
FROM `Patients_Insurance_Loan` AS `p`
WHERE `p`.`Patients_Id` = @__p_0
2023-10-04 18:12:43.492 +05:30  INF  Executed DbCommand (0ms) [Parameters=[@__p_0='?' (DbType = Int64)], CommandType='"Text"', CommandTimeout='30']
SELECT `p`.`Id`, `p`.`Created_At`, `p`.`Patient_Id`, `p`.`Report`, `p`.`Report_Date`, `p`.`Report_File`, `p`.`Status`, `p`.`Test_Name`, `p`.`Test_Price`, `p`.`Updated_At`
FROM `Patient_Tests` AS `p`
WHERE `p`.`Patient_Id` = @__p_0
2023-10-04 18:12:43.507 +05:30  INF  Executed DbCommand (1ms) [Parameters=[@__p_0='?' (DbType = Int64)], CommandType='"Text"', CommandTimeout='30']
SELECT `p`.`Id`, `p`.`Address_O`, `p`.`Address_Other`, `p`.`Address_R`, `p`.`City_O`, `p`.`City_Other`, `p`.`City_R`, `p`.`Country_O`, `p`.`Country_Other`, `p`.`Country_R`, `p`.`Created_At`, `p`.`Doctor_Name`, `p`.`Email`, `p`.`Email2`, `p`.`Medical_History_Allergies`, `p`.`Patient_Id`, `p`.`Phone`, `p`.`Phone1`, `p`.`Phone2`, `p`.`Phone3`, `p`.`Phone4`, `p`.`Physician`, `p`.`Reffered_By`, `p`.`Relationship_Type`, `p`.`Special_Notes`, `p`.`Updated_At`, `p`.`Zip_O`, `p`.`Zip_Other`, `p`.`Zip_R`
FROM `Patients_Contact` AS `p`
WHERE `p`.`Patient_Id` = @__p_0
2023-10-04 18:12:43.509 +05:30  INF  Executed DbCommand (1ms) [Parameters=[@__p_0='?' (DbType = Int64)], CommandType='"Text"', CommandTimeout='30']
SELECT `p`.`Id`, `p`.`Created_At`, `p`.`Patient_Id`, `p`.`Report`, `p`.`Report_File`, `p`.`Scan_Name`, `p`.`Status`, `p`.`Type`, `p`.`Updated_At`
FROM `Patient_Scans` AS `p`
WHERE `p`.`Patient_Id` = @__p_0
2023-10-04 18:12:43.510 +05:30  INF  Executed DbCommand (1ms) [Parameters=[], CommandType='"Text"', CommandTimeout='30']
SELECT `p`.`Id`, `p`.`Amount_Type`, `p`.`Balance`, `p`.`Created_At`, `p`.`Credit_Amount`, `p`.`Debit_Amount`, `p`.`Description`, `p`.`Doctor_Id`, `p`.`Patient_Id`, `p`.`Payment_Mode`, `p`.`Updated_At`, `p`.`Workdone_Id`
FROM `Payment_History` AS `p`
2023-10-04 18:12:43.515 +05:30  INF  Executed DbCommand (1ms) [Parameters=[@__p_0='?' (DbType = Int64)], CommandType='"Text"', CommandTimeout='30']
SELECT `p`.`Id`, `p`.`Amount`, `p`.`Balance_Amount`, `p`.`Balance_Spent`, `p`.`Created_At`, `p`.`Name`, `p`.`Patients_Id`, `p`.`Type`, `p`.`Updated_At`
FROM `Patients_Insurance_Loan` AS `p`
WHERE `p`.`Patients_Id` = @__p_0
2023-10-04 18:12:43.517 +05:30  INF  Executed DbCommand (0ms) [Parameters=[@__p_0='?' (DbType = Int64)], CommandType='"Text"', CommandTimeout='30']
SELECT `p`.`Id`, `p`.`Created_At`, `p`.`Patient_Id`, `p`.`Report`, `p`.`Report_Date`, `p`.`Report_File`, `p`.`Status`, `p`.`Test_Name`, `p`.`Test_Price`, `p`.`Updated_At`
FROM `Patient_Tests` AS `p`
WHERE `p`.`Patient_Id` = @__p_0
2023-10-04 18:12:43.519 +05:30  INF  Executed DbCommand (1ms) [Parameters=[@__p_0='?' (DbType = Int64)], CommandType='"Text"', CommandTimeout='30']
SELECT `p`.`Id`, `p`.`Address_O`, `p`.`Address_Other`, `p`.`Address_R`, `p`.`City_O`, `p`.`City_Other`, `p`.`City_R`, `p`.`Country_O`, `p`.`Country_Other`, `p`.`Country_R`, `p`.`Created_At`, `p`.`Doctor_Name`, `p`.`Email`, `p`.`Email2`, `p`.`Medical_History_Allergies`, `p`.`Patient_Id`, `p`.`Phone`, `p`.`Phone1`, `p`.`Phone2`, `p`.`Phone3`, `p`.`Phone4`, `p`.`Physician`, `p`.`Reffered_By`, `p`.`Relationship_Type`, `p`.`Special_Notes`, `p`.`Updated_At`, `p`.`Zip_O`, `p`.`Zip_Other`, `p`.`Zip_R`
FROM `Patients_Contact` AS `p`
WHERE `p`.`Patient_Id` = @__p_0
2023-10-04 18:12:43.520 +05:30  INF  Executed DbCommand (0ms) [Parameters=[@__p_0='?' (DbType = Int64)], CommandType='"Text"', CommandTimeout='30']
SELECT `p`.`Id`, `p`.`Created_At`, `p`.`Patient_Id`, `p`.`Report`, `p`.`Report_File`, `p`.`Scan_Name`, `p`.`Status`, `p`.`Type`, `p`.`Updated_At`
FROM `Patient_Scans` AS `p`
WHERE `p`.`Patient_Id` = @__p_0
2023-10-04 18:12:43.521 +05:30  INF  Executing ObjectResult, writing value of type 'System.Collections.Generic.List`1[[DCRM.Common.Dto.PatientseDto, DCRM.Common, Version=1.0.0.0, Culture=neutral, PublicKeyToken=null]]'.
2023-10-04 18:12:43.567 +05:30  INF  Executed action DCRM.Api.Controllers.PatientController.GetAll (DCRM.Api) in 1231.3184ms
2023-10-04 18:12:43.567 +05:30  INF  Executed endpoint 'DCRM.Api.Controllers.PatientController.GetAll (DCRM.Api)'
2023-10-04 18:12:43.569 +05:30  INF  Request finished HTTP/2 GET https://localhost:7069/api/Patient/GetAll application/json - - 200 - application/json;+charset=utf-8 1288.9074ms
