2024-07-27 17:04:16.708 +05:30  INF  User profile is available. Using 'C:\Users\pramo\AppData\Local\ASP.NET\DataProtection-Keys' as key repository and Windows DPAPI to encrypt keys at rest.

2024-07-27 17:04:17.286 +05:30  INF  Now listening on: https://localhost:7069

2024-07-27 17:04:17.287 +05:30  INF  Now listening on: http://localhost:5069

2024-07-27 17:04:17.522 +05:30  INF  Application started. Press Ctrl+C to shut down.

2024-07-27 17:04:17.522 +05:30  INF  Hosting environment: Development

2024-07-27 17:04:17.523 +05:30  INF  Content root path: C:\Projects\EZProjects\virmani_dotnet\DCRM.Api\

2024-07-27 17:05:06.889 +05:30  INF  Request starting HTTP/2 GET https://localhost:7069/swagger - -

2024-07-27 17:05:07.220 +05:30  INF  Request finished HTTP/2 GET https://localhost:7069/swagger - - - 301 0 - 336.7549ms

2024-07-27 17:05:07.222 +05:30  INF  Request starting HTTP/2 GET https://localhost:7069/swagger/index.html - -

2024-07-27 17:05:07.339 +05:30  INF  Request finished HTTP/2 GET https://localhost:7069/swagger/index.html - - - 200 - text/html;charset=utf-8 116.4846ms

2024-07-27 17:05:07.351 +05:30  INF  Request starting HTTP/2 GET https://localhost:7069/swagger/swagger-ui-standalone-preset.js - -

2024-07-27 17:05:07.351 +05:30  INF  Request starting HTTP/2 GET https://localhost:7069/swagger/swagger-ui.css - -

2024-07-27 17:05:07.351 +05:30  INF  Request starting HTTP/2 GET https://localhost:7069/_framework/aspnetcore-browser-refresh.js - -

2024-07-27 17:05:07.352 +05:30  INF  Request starting HTTP/2 GET https://localhost:7069/swagger/swagger-ui-bundle.js - -

2024-07-27 17:05:07.356 +05:30  INF  Request finished HTTP/2 GET https://localhost:7069/_framework/aspnetcore-browser-refresh.js - - - 200 11974 application/javascript;+charset=utf-8 5.0841ms

2024-07-27 17:05:07.400 +05:30  INF  Request starting HTTP/2 GET https://localhost:7069/_vs/browserLink - -

2024-07-27 17:05:07.408 +05:30  INF  Sending file. Request path: '/swagger-ui-bundle.js'. Physical path: 'N/A'

2024-07-27 17:05:07.408 +05:30  INF  Sending file. Request path: '/swagger-ui.css'. Physical path: 'N/A'

2024-07-27 17:05:07.408 +05:30  INF  Sending file. Request path: '/swagger-ui-standalone-preset.js'. Physical path: 'N/A'

2024-07-27 17:05:07.411 +05:30  INF  Request finished HTTP/2 GET https://localhost:7069/swagger/swagger-ui.css - - - 200 143632 text/css 59.4295ms

2024-07-27 17:05:07.411 +05:30  INF  Request finished HTTP/2 GET https://localhost:7069/swagger/swagger-ui-standalone-preset.js - - - 200 337162 application/javascript 59.7401ms

2024-07-27 17:05:07.412 +05:30  INF  Request finished HTTP/2 GET https://localhost:7069/swagger/swagger-ui-bundle.js - - - 200 1092889 application/javascript 59.9299ms

2024-07-27 17:05:07.499 +05:30  INF  Request finished HTTP/2 GET https://localhost:7069/_vs/browserLink - - - 200 - text/javascript;+charset=UTF-8 100.0195ms

2024-07-27 17:05:07.564 +05:30  INF  Request starting HTTP/2 GET https://localhost:7069/swagger/v1/swagger.json - -

2024-07-27 17:05:07.590 +05:30  INF  Request starting HTTP/2 GET https://localhost:7069/swagger/favicon-32x32.png - -

2024-07-27 17:05:07.591 +05:30  INF  Sending file. Request path: '/favicon-32x32.png'. Physical path: 'N/A'

2024-07-27 17:05:07.592 +05:30  INF  Request finished HTTP/2 GET https://localhost:7069/swagger/favicon-32x32.png - - - 200 628 image/png 1.6043ms

2024-07-27 17:05:07.872 +05:30  INF  Request finished HTTP/2 GET https://localhost:7069/swagger/v1/swagger.json - - - 200 - application/json;charset=utf-8 308.5935ms

2024-07-27 17:06:15.729 +05:30  INF  Request starting HTTP/2 OPTIONS https://localhost:7069/api/Dashboard/Get - -

2024-07-27 17:06:15.740 +05:30  INF  CORS policy execution successful.

2024-07-27 17:06:15.743 +05:30  INF  Request finished HTTP/2 OPTIONS https://localhost:7069/api/Dashboard/Get - - - 204 - - 14.3340ms

2024-07-27 17:06:15.752 +05:30  INF  Request starting HTTP/2 GET https://localhost:7069/api/Dashboard/Get application/json -

2024-07-27 17:06:15.753 +05:30  INF  CORS policy execution successful.

2024-07-27 17:06:17.983 +05:30  INF  Request starting HTTP/2 OPTIONS https://localhost:7069/api/Appointment/GetAppointmentWithPatient - -

2024-07-27 17:06:17.989 +05:30  INF  CORS policy execution successful.

2024-07-27 17:06:17.989 +05:30  INF  Request finished HTTP/2 OPTIONS https://localhost:7069/api/Appointment/GetAppointmentWithPatient - - - 204 - - 6.6345ms

2024-07-27 17:06:17.995 +05:30  INF  Request starting HTTP/2 GET https://localhost:7069/api/Appointment/GetAppointmentWithPatient application/json -

2024-07-27 17:06:17.999 +05:30  INF  CORS policy execution successful.

2024-07-27 17:06:21.071 +05:30  ERR  An error occurred using the connection to database 'dcrmdb' on server 'virmanidevdatabase.mysql.database.azure.com'.

2024-07-27 17:06:21.089 +05:30  ERR  An exception occurred while iterating over the results of a query for context type 'DCRM.Repository.Database.DCRMDBContext'.
System.ArgumentException: An item with the same key has already been added. Key: server=virmanidevdatabase.mysql.database.azure.com;user id=virmanidevdatabase;password=ez@123#$;database=dcrmdb;convertzerodatetime=True
   at System.Collections.Generic.Dictionary`2.TryInsert(TKey key, TValue value, InsertionBehavior behavior)
   at MySql.Data.MySqlClient.MySqlPoolManager.GetPoolAsync(MySqlConnectionStringBuilder settings, Boolean execAsync, CancellationToken cancellationToken)
   at MySql.Data.MySqlClient.MySqlConnection.OpenAsync(Boolean execAsync, CancellationToken cancellationToken)
   at MySql.Data.MySqlClient.MySqlConnection.Open()
   at Microsoft.EntityFrameworkCore.Storage.RelationalConnection.OpenInternal(Boolean errorsExpected)
   at Microsoft.EntityFrameworkCore.Storage.RelationalConnection.Open(Boolean errorsExpected)
   at Microsoft.EntityFrameworkCore.Storage.RelationalCommand.ExecuteReader(RelationalCommandParameterObject parameterObject)
   at Microsoft.EntityFrameworkCore.Query.Internal.SingleQueryingEnumerable`1.Enumerator.InitializeReader(Enumerator enumerator)
   at MySql.EntityFrameworkCore.Storage.Internal.MySQLExecutionStrategy.Execute[TState,TResult](TState state, Func`3 operation, Func`3 verifySucceeded)
   at Microsoft.EntityFrameworkCore.Query.Internal.SingleQueryingEnumerable`1.Enumerator.MoveNext()System.ArgumentException: An item with the same key has already been added. Key: server=virmanidevdatabase.mysql.database.azure.com;user id=virmanidevdatabase;password=ez@123#$;database=dcrmdb;convertzerodatetime=True
   at System.Collections.Generic.Dictionary`2.TryInsert(TKey key, TValue value, InsertionBehavior behavior)
   at MySql.Data.MySqlClient.MySqlPoolManager.GetPoolAsync(MySqlConnectionStringBuilder settings, Boolean execAsync, CancellationToken cancellationToken)
   at MySql.Data.MySqlClient.MySqlConnection.OpenAsync(Boolean execAsync, CancellationToken cancellationToken)
   at MySql.Data.MySqlClient.MySqlConnection.Open()
   at Microsoft.EntityFrameworkCore.Storage.RelationalConnection.OpenInternal(Boolean errorsExpected)
   at Microsoft.EntityFrameworkCore.Storage.RelationalConnection.Open(Boolean errorsExpected)
   at Microsoft.EntityFrameworkCore.Storage.RelationalCommand.ExecuteReader(RelationalCommandParameterObject parameterObject)
   at Microsoft.EntityFrameworkCore.Query.Internal.SingleQueryingEnumerable`1.Enumerator.InitializeReader(Enumerator enumerator)
   at MySql.EntityFrameworkCore.Storage.Internal.MySQLExecutionStrategy.Execute[TState,TResult](TState state, Func`3 operation, Func`3 verifySucceeded)
   at Microsoft.EntityFrameworkCore.Query.Internal.SingleQueryingEnumerable`1.Enumerator.MoveNext()


2024-07-27 17:06:21.224 +05:30  INF  Request finished HTTP/2 GET https://localhost:7069/api/Dashboard/Get application/json - - 500 - application/json 5472.1890ms

2024-07-27 17:06:24.751 +05:30  INF  Executed DbCommand (245ms) [Parameters=[@__id_0='?' (DbType = Int64)], CommandType='"Text"', CommandTimeout='30']
SELECT `u`.`Id`, `u`.`About_Me`, `u`.`Account_Type`, `u`.`Address`, `u`.`Available_Days`, `u`.`Bn_Name`, `u`.`City`, `u`.`Country`, `u`.`Created_At`, `u`.`Currency`, `u`.`Degree`, `u`.`Email`, `u`.`Email_Verified`, `u`.`Enable_Appointment`, `u`.`Enable_Rating`, `u`.`Exp_Years`, `u`.`Facebook`, `u`.`Google_Analytics`, `u`.`Image`, `u`.`Instagram`, `u`.`Linkedin`, `u`.`Name`, `u`.`Parent_Id`, `u`.`Password`, `u`.`Paypal_Email`, `u`.`Paypal_Mode`, `u`.`Paypal_Payment`, `u`.`Paystack_Payment`, `u`.`Paystack_Public_Key`, `u`.`Paystack_Secret_Key`, `u`.`Phone`, `u`.`Publish_Key`, `u`.`Qr_Code`, `u`.`Razorpay_Key_Id`, `u`.`Razorpay_Key_Secret`, `u`.`Razorpay_Payment`, `u`.`Role`, `u`.`Secret_Key`, `u`.`Skype`, `u`.`Slug`, `u`.`Specialist`, `u`.`Status`, `u`.`Stripe_Payment`, `u`.`Thumb`, `u`.`Trial_Expire`, `u`.`Twitter`, `u`.`User_Name`, `u`.`User_Type`, `u`.`Verify_Code`, `u`.`Whatsapp`
FROM `Users` AS `u`
WHERE `u`.`Id` = @__id_0
LIMIT 1

2024-07-27 17:06:24.966 +05:30  INF  Executing endpoint 'DCRM.Api.Controllers.AppointmentController.GetAppointmentWithPatient (DCRM.Api)'

2024-07-27 17:06:24.999 +05:30  INF  Route matched with {action = "GetAppointmentWithPatient", controller = "Appointment"}. Executing controller action with signature System.Collections.Generic.List`1[DCRM.Common.Dto.AppointmentDto] GetAppointmentWithPatient() on controller DCRM.Api.Controllers.AppointmentController (DCRM.Api).

2024-07-27 17:06:25.933 +05:30  INF  Executed DbCommand (440ms) [Parameters=[], CommandType='"Text"', CommandTimeout='30']
SELECT `a`.`Id`, `a`.`Appointment_Status`, `a`.`Cause`, `a`.`Chair`, `a`.`Chamber_Id`, `a`.`Created_At`, `a`.`Date`, `a`.`Doctor_Id`, `a`.`Doctor_Name`, `a`.`End_Time`, `a`.`Extra_Notes`, `a`.`Files`, `a`.`Is_Delete`, `a`.`Is_Start`, `a`.`Meeting_Notes`, `a`.`Number_Of_Slot`, `a`.`Patient_Id`, `a`.`Prescription_Id`, `a`.`Serial_Id`, `a`.`Slot_Time`, `a`.`Start_Time`, `a`.`Status`, `a`.`Type`, `a`.`User_Id`, `a`.`Workdone_Id`
FROM `Appointments` AS `a`
WHERE `a`.`Is_Delete` = 0

2024-07-27 17:06:26.817 +05:30  INF  Executed DbCommand (220ms) [Parameters=[], CommandType='"Text"', CommandTimeout='30']
SELECT `p`.`Id`, `p`.`Age`, `p`.`Chamber_Id`, `p`.`Created_At`, `p`.`Email`, `p`.`Guardian`, `p`.`Is_Delete`, `p`.`Mobile`, `p`.`Mr_Number`, `p`.`Name`, `p`.`Password`, `p`.`Permanent_Address`, `p`.`Present_Address`, `p`.`Role`, `p`.`Sex`, `p`.`Slug`, `p`.`Thumb`, `p`.`Title`, `p`.`UserName`, `p`.`User_Id`, `p`.`Verify_Code`, `p`.`Weight`
FROM `Patientses` AS `p`
WHERE `p`.`Is_Delete` = 0

2024-07-27 17:06:28.168 +05:30  INF  Executed DbCommand (220ms) [Parameters=[], CommandType='"Text"', CommandTimeout='30']
SELECT `d`.`Id`, `d`.`Age`, `d`.`Blood_Group`, `d`.`Created_At`, `d`.`Dob`, `d`.`Email`, `d`.`Email2`, `d`.`Gender`, `d`.`Gst_Number`, `d`.`Is_Delete`, `d`.`Marital_Status`, `d`.`Name`, `d`.`Pan_Number`, `d`.`Password`, `d`.`Phone1`, `d`.`Phone2`, `d`.`Phone3`, `d`.`Phone4`, `d`.`Qualification`, `d`.`Role`, `d`.`Speciality`, `d`.`Thumb`, `d`.`Updated_At`, `d`.`User_Id`
FROM `Doctors` AS `d`

2024-07-27 17:06:28.433 +05:30  INF  Executing ObjectResult, writing value of type 'System.Collections.Generic.List`1[[DCRM.Common.Dto.AppointmentDto, DCRM.Common, Version=1.0.0.0, Culture=neutral, PublicKeyToken=null]]'.

2024-07-27 17:06:28.516 +05:30  INF  Executed action DCRM.Api.Controllers.AppointmentController.GetAppointmentWithPatient (DCRM.Api) in 3508.7481ms

2024-07-27 17:06:28.517 +05:30  INF  Executed endpoint 'DCRM.Api.Controllers.AppointmentController.GetAppointmentWithPatient (DCRM.Api)'

2024-07-27 17:06:28.517 +05:30  INF  Request finished HTTP/2 GET https://localhost:7069/api/Appointment/GetAppointmentWithPatient application/json - - 200 - application/json;+charset=utf-8 10521.8608ms

2024-07-27 17:10:24.136 +05:30  INF  User profile is available. Using 'C:\Users\pramo\AppData\Local\ASP.NET\DataProtection-Keys' as key repository and Windows DPAPI to encrypt keys at rest.

2024-07-27 17:10:24.407 +05:30  INF  Now listening on: https://localhost:7069

2024-07-27 17:10:24.408 +05:30  INF  Now listening on: http://localhost:5069

2024-07-27 17:10:24.549 +05:30  INF  Application started. Press Ctrl+C to shut down.

2024-07-27 17:10:24.550 +05:30  INF  Hosting environment: Development

2024-07-27 17:10:24.550 +05:30  INF  Content root path: C:\Projects\EZProjects\virmani_dotnet\DCRM.Api\

2024-07-27 17:10:25.105 +05:30  INF  Request starting HTTP/2 GET https://localhost:7069/swagger - -

2024-07-27 17:10:25.341 +05:30  INF  Request finished HTTP/2 GET https://localhost:7069/swagger - - - 301 0 - 239.8894ms

2024-07-27 17:10:25.344 +05:30  INF  Request starting HTTP/2 GET https://localhost:7069/swagger/index.html - -

2024-07-27 17:10:25.459 +05:30  INF  Request finished HTTP/2 GET https://localhost:7069/swagger/index.html - - - 200 - text/html;charset=utf-8 114.7149ms

2024-07-27 17:10:25.478 +05:30  INF  Request starting HTTP/2 GET https://localhost:7069/swagger/swagger-ui-bundle.js - -

2024-07-27 17:10:25.478 +05:30  INF  Request starting HTTP/2 GET https://localhost:7069/swagger/swagger-ui-standalone-preset.js - -

2024-07-27 17:10:25.478 +05:30  INF  Request starting HTTP/2 GET https://localhost:7069/_framework/aspnetcore-browser-refresh.js - -

2024-07-27 17:10:25.478 +05:30  INF  Request starting HTTP/2 GET https://localhost:7069/swagger/swagger-ui.css - -

2024-07-27 17:10:25.481 +05:30  INF  Request finished HTTP/2 GET https://localhost:7069/_framework/aspnetcore-browser-refresh.js - - - 200 11974 application/javascript;+charset=utf-8 3.4918ms

2024-07-27 17:10:25.496 +05:30  INF  Sending file. Request path: '/swagger-ui.css'. Physical path: 'N/A'

2024-07-27 17:10:25.496 +05:30  INF  Sending file. Request path: '/swagger-ui-standalone-preset.js'. Physical path: 'N/A'

2024-07-27 17:10:25.514 +05:30  INF  Request finished HTTP/2 GET https://localhost:7069/swagger/swagger-ui.css - - - 200 143632 text/css 36.1780ms

2024-07-27 17:10:25.514 +05:30  INF  Request finished HTTP/2 GET https://localhost:7069/swagger/swagger-ui-standalone-preset.js - - - 200 337162 application/javascript 36.1732ms

2024-07-27 17:10:25.521 +05:30  INF  Sending file. Request path: '/swagger-ui-bundle.js'. Physical path: 'N/A'

2024-07-27 17:10:25.523 +05:30  INF  Request starting HTTP/2 GET https://localhost:7069/_vs/browserLink - -

2024-07-27 17:10:25.524 +05:30  INF  Request finished HTTP/2 GET https://localhost:7069/swagger/swagger-ui-bundle.js - - - 200 1092889 application/javascript 46.2875ms

2024-07-27 17:10:25.583 +05:30  INF  Request finished HTTP/2 GET https://localhost:7069/_vs/browserLink - - - 200 - text/javascript;+charset=UTF-8 60.0119ms

2024-07-27 17:10:25.747 +05:30  INF  Request starting HTTP/2 GET https://localhost:7069/swagger/v1/swagger.json - -

2024-07-27 17:10:25.923 +05:30  INF  Request finished HTTP/2 GET https://localhost:7069/swagger/v1/swagger.json - - - 200 - application/json;charset=utf-8 176.5111ms

2024-07-27 17:12:13.985 +05:30  INF  Request starting HTTP/2 OPTIONS https://localhost:7069/api/Appointment/GetAppointmentWithPatient - -

2024-07-27 17:12:13.994 +05:30  INF  CORS policy execution successful.

2024-07-27 17:12:13.997 +05:30  INF  Request finished HTTP/2 OPTIONS https://localhost:7069/api/Appointment/GetAppointmentWithPatient - - - 204 - - 12.0551ms

2024-07-27 17:12:14.000 +05:30  INF  Request starting HTTP/2 GET https://localhost:7069/api/Appointment/GetAppointmentWithPatient application/json -

2024-07-27 17:12:14.001 +05:30  INF  CORS policy execution successful.

2024-07-27 17:12:20.109 +05:30  INF  Executed DbCommand (236ms) [Parameters=[@__id_0='?' (DbType = Int64)], CommandType='"Text"', CommandTimeout='30']
SELECT `u`.`Id`, `u`.`About_Me`, `u`.`Account_Type`, `u`.`Address`, `u`.`Available_Days`, `u`.`Bn_Name`, `u`.`City`, `u`.`Country`, `u`.`Created_At`, `u`.`Currency`, `u`.`Degree`, `u`.`Email`, `u`.`Email_Verified`, `u`.`Enable_Appointment`, `u`.`Enable_Rating`, `u`.`Exp_Years`, `u`.`Facebook`, `u`.`Google_Analytics`, `u`.`Image`, `u`.`Instagram`, `u`.`Linkedin`, `u`.`Name`, `u`.`Parent_Id`, `u`.`Password`, `u`.`Paypal_Email`, `u`.`Paypal_Mode`, `u`.`Paypal_Payment`, `u`.`Paystack_Payment`, `u`.`Paystack_Public_Key`, `u`.`Paystack_Secret_Key`, `u`.`Phone`, `u`.`Publish_Key`, `u`.`Qr_Code`, `u`.`Razorpay_Key_Id`, `u`.`Razorpay_Key_Secret`, `u`.`Razorpay_Payment`, `u`.`Role`, `u`.`Secret_Key`, `u`.`Skype`, `u`.`Slug`, `u`.`Specialist`, `u`.`Status`, `u`.`Stripe_Payment`, `u`.`Thumb`, `u`.`Trial_Expire`, `u`.`Twitter`, `u`.`User_Name`, `u`.`User_Type`, `u`.`Verify_Code`, `u`.`Whatsapp`
FROM `Users` AS `u`
WHERE `u`.`Id` = @__id_0
LIMIT 1

2024-07-27 17:12:20.347 +05:30  INF  Executing endpoint 'DCRM.Api.Controllers.AppointmentController.GetAppointmentWithPatient (DCRM.Api)'

2024-07-27 17:12:20.366 +05:30  INF  Route matched with {action = "GetAppointmentWithPatient", controller = "Appointment"}. Executing controller action with signature System.Collections.Generic.List`1[DCRM.Common.Dto.AppointmentDto] GetAppointmentWithPatient() on controller DCRM.Api.Controllers.AppointmentController (DCRM.Api).

2024-07-27 17:12:21.283 +05:30  INF  Executed DbCommand (442ms) [Parameters=[], CommandType='"Text"', CommandTimeout='30']
SELECT `a`.`Id`, `a`.`Appointment_Status`, `a`.`Cause`, `a`.`Chair`, `a`.`Chamber_Id`, `a`.`Created_At`, `a`.`Date`, `a`.`Doctor_Id`, `a`.`Doctor_Name`, `a`.`End_Time`, `a`.`Extra_Notes`, `a`.`Files`, `a`.`Is_Delete`, `a`.`Is_Start`, `a`.`Meeting_Notes`, `a`.`Number_Of_Slot`, `a`.`Patient_Id`, `a`.`Prescription_Id`, `a`.`Serial_Id`, `a`.`Slot_Time`, `a`.`Start_Time`, `a`.`Status`, `a`.`Type`, `a`.`User_Id`, `a`.`Workdone_Id`
FROM `Appointments` AS `a`
WHERE `a`.`Is_Delete` = 0

2024-07-27 17:12:22.179 +05:30  INF  Executed DbCommand (223ms) [Parameters=[], CommandType='"Text"', CommandTimeout='30']
SELECT `p`.`Id`, `p`.`Age`, `p`.`Chamber_Id`, `p`.`Created_At`, `p`.`Email`, `p`.`Guardian`, `p`.`Is_Delete`, `p`.`Mobile`, `p`.`Mr_Number`, `p`.`Name`, `p`.`Password`, `p`.`Permanent_Address`, `p`.`Present_Address`, `p`.`Role`, `p`.`Sex`, `p`.`Slug`, `p`.`Thumb`, `p`.`Title`, `p`.`UserName`, `p`.`User_Id`, `p`.`Verify_Code`, `p`.`Weight`
FROM `Patientses` AS `p`
WHERE `p`.`Is_Delete` = 0

2024-07-27 17:12:23.530 +05:30  INF  Executed DbCommand (222ms) [Parameters=[], CommandType='"Text"', CommandTimeout='30']
SELECT `d`.`Id`, `d`.`Age`, `d`.`Blood_Group`, `d`.`Created_At`, `d`.`Dob`, `d`.`Email`, `d`.`Email2`, `d`.`Gender`, `d`.`Gst_Number`, `d`.`Is_Delete`, `d`.`Marital_Status`, `d`.`Name`, `d`.`Pan_Number`, `d`.`Password`, `d`.`Phone1`, `d`.`Phone2`, `d`.`Phone3`, `d`.`Phone4`, `d`.`Qualification`, `d`.`Role`, `d`.`Speciality`, `d`.`Thumb`, `d`.`Updated_At`, `d`.`User_Id`
FROM `Doctors` AS `d`

2024-07-27 17:12:23.777 +05:30  INF  Executing ObjectResult, writing value of type 'System.Collections.Generic.List`1[[DCRM.Common.Dto.AppointmentDto, DCRM.Common, Version=1.0.0.0, Culture=neutral, PublicKeyToken=null]]'.

2024-07-27 17:12:23.845 +05:30  INF  Executed action DCRM.Api.Controllers.AppointmentController.GetAppointmentWithPatient (DCRM.Api) in 3468.4917ms

2024-07-27 17:12:23.846 +05:30  INF  Executed endpoint 'DCRM.Api.Controllers.AppointmentController.GetAppointmentWithPatient (DCRM.Api)'

2024-07-27 17:12:23.865 +05:30  INF  Request finished HTTP/2 GET https://localhost:7069/api/Appointment/GetAppointmentWithPatient application/json - - 200 - application/json;+charset=utf-8 9865.5626ms

2024-07-27 17:13:06.349 +05:30  INF  Request starting HTTP/2 OPTIONS https://localhost:7069/api/Appointment/Get/388 - -

2024-07-27 17:13:06.355 +05:30  INF  CORS policy execution successful.

2024-07-27 17:13:06.355 +05:30  INF  Request finished HTTP/2 OPTIONS https://localhost:7069/api/Appointment/Get/388 - - - 204 - - 6.8505ms

2024-07-27 17:13:06.364 +05:30  INF  Request starting HTTP/2 GET https://localhost:7069/api/Appointment/Get/388 application/json -

2024-07-27 17:13:06.364 +05:30  INF  CORS policy execution successful.

2024-07-27 17:13:07.088 +05:30  INF  Executed DbCommand (222ms) [Parameters=[@__id_0='?' (DbType = Int64)], CommandType='"Text"', CommandTimeout='30']
SELECT `u`.`Id`, `u`.`About_Me`, `u`.`Account_Type`, `u`.`Address`, `u`.`Available_Days`, `u`.`Bn_Name`, `u`.`City`, `u`.`Country`, `u`.`Created_At`, `u`.`Currency`, `u`.`Degree`, `u`.`Email`, `u`.`Email_Verified`, `u`.`Enable_Appointment`, `u`.`Enable_Rating`, `u`.`Exp_Years`, `u`.`Facebook`, `u`.`Google_Analytics`, `u`.`Image`, `u`.`Instagram`, `u`.`Linkedin`, `u`.`Name`, `u`.`Parent_Id`, `u`.`Password`, `u`.`Paypal_Email`, `u`.`Paypal_Mode`, `u`.`Paypal_Payment`, `u`.`Paystack_Payment`, `u`.`Paystack_Public_Key`, `u`.`Paystack_Secret_Key`, `u`.`Phone`, `u`.`Publish_Key`, `u`.`Qr_Code`, `u`.`Razorpay_Key_Id`, `u`.`Razorpay_Key_Secret`, `u`.`Razorpay_Payment`, `u`.`Role`, `u`.`Secret_Key`, `u`.`Skype`, `u`.`Slug`, `u`.`Specialist`, `u`.`Status`, `u`.`Stripe_Payment`, `u`.`Thumb`, `u`.`Trial_Expire`, `u`.`Twitter`, `u`.`User_Name`, `u`.`User_Type`, `u`.`Verify_Code`, `u`.`Whatsapp`
FROM `Users` AS `u`
WHERE `u`.`Id` = @__id_0
LIMIT 1

2024-07-27 17:13:07.089 +05:30  INF  Executing endpoint 'DCRM.Api.Controllers.AppointmentController.Get (DCRM.Api)'

2024-07-27 17:13:07.112 +05:30  INF  Route matched with {action = "Get", controller = "Appointment"}. Executing controller action with signature DCRM.Common.Entity.Appointment Get(Int32) on controller DCRM.Api.Controllers.AppointmentController (DCRM.Api).

2024-07-27 17:13:07.841 +05:30  INF  Executed DbCommand (221ms) [Parameters=[@__id_0='?' (DbType = Int64)], CommandType='"Text"', CommandTimeout='30']
SELECT `a`.`Id`, `a`.`Appointment_Status`, `a`.`Cause`, `a`.`Chair`, `a`.`Chamber_Id`, `a`.`Created_At`, `a`.`Date`, `a`.`Doctor_Id`, `a`.`Doctor_Name`, `a`.`End_Time`, `a`.`Extra_Notes`, `a`.`Files`, `a`.`Is_Delete`, `a`.`Is_Start`, `a`.`Meeting_Notes`, `a`.`Number_Of_Slot`, `a`.`Patient_Id`, `a`.`Prescription_Id`, `a`.`Serial_Id`, `a`.`Slot_Time`, `a`.`Start_Time`, `a`.`Status`, `a`.`Type`, `a`.`User_Id`, `a`.`Workdone_Id`
FROM `Appointments` AS `a`
WHERE (`a`.`Id` = @__id_0) AND (`a`.`Is_Delete` = 0)
LIMIT 1

2024-07-27 17:13:07.841 +05:30  INF  Executing ObjectResult, writing value of type 'DCRM.Common.Entity.Appointment'.

2024-07-27 17:13:07.851 +05:30  INF  Executed action DCRM.Api.Controllers.AppointmentController.Get (DCRM.Api) in 738.7128ms

2024-07-27 17:13:07.851 +05:30  INF  Executed endpoint 'DCRM.Api.Controllers.AppointmentController.Get (DCRM.Api)'

2024-07-27 17:13:07.851 +05:30  INF  Request finished HTTP/2 GET https://localhost:7069/api/Appointment/Get/388 application/json - - 200 - application/json;+charset=utf-8 1487.1994ms

2024-07-27 17:13:10.021 +05:30  INF  Request starting HTTP/2 OPTIONS https://localhost:7069/api/Patient/Get/388 - -

2024-07-27 17:13:10.022 +05:30  INF  CORS policy execution successful.

2024-07-27 17:13:10.022 +05:30  INF  Request starting HTTP/2 OPTIONS https://localhost:7069/api/Doctor/Get/Names - -

2024-07-27 17:13:10.022 +05:30  INF  Request finished HTTP/2 OPTIONS https://localhost:7069/api/Patient/Get/388 - - - 204 - - 1.2690ms

2024-07-27 17:13:10.022 +05:30  INF  CORS policy execution successful.

2024-07-27 17:13:10.023 +05:30  INF  Request starting HTTP/2 OPTIONS https://localhost:7069/api/Patient/Get/Names - -

2024-07-27 17:13:10.023 +05:30  INF  Request finished HTTP/2 OPTIONS https://localhost:7069/api/Doctor/Get/Names - - - 204 - - 0.4743ms

2024-07-27 17:13:10.026 +05:30  INF  Request starting HTTP/2 GET https://localhost:7069/api/Patient/Get/388 application/json -

2024-07-27 17:13:10.026 +05:30  INF  Request starting HTTP/2 OPTIONS https://localhost:7069/api/Patient/Get/508 - -

2024-07-27 17:13:10.027 +05:30  INF  CORS policy execution successful.

2024-07-27 17:13:10.027 +05:30  INF  CORS policy execution successful.

2024-07-27 17:13:10.027 +05:30  INF  CORS policy execution successful.

2024-07-27 17:13:10.027 +05:30  INF  Request finished HTTP/2 OPTIONS https://localhost:7069/api/Patient/Get/Names - - - 204 - - 4.3107ms

2024-07-27 17:13:10.027 +05:30  INF  Request starting HTTP/2 OPTIONS https://localhost:7069/api/Chair/GetAll - -

2024-07-27 17:13:10.027 +05:30  INF  Request finished HTTP/2 OPTIONS https://localhost:7069/api/Patient/Get/508 - - - 204 - - 0.9796ms

2024-07-27 17:13:10.027 +05:30  INF  CORS policy execution successful.

2024-07-27 17:13:10.026 +05:30  INF  Request starting HTTP/2 GET https://localhost:7069/api/Doctor/Get/Names application/json -

2024-07-27 17:13:10.027 +05:30  INF  Request finished HTTP/2 OPTIONS https://localhost:7069/api/Chair/GetAll - - - 204 - - 0.4523ms

2024-07-27 17:13:10.029 +05:30  INF  CORS policy execution successful.

2024-07-27 17:13:10.031 +05:30  INF  Request starting HTTP/2 GET https://localhost:7069/api/Patient/Get/Names application/json -

2024-07-27 17:13:10.031 +05:30  INF  Request starting HTTP/2 GET https://localhost:7069/api/Patient/Get/508 application/json -

2024-07-27 17:13:10.031 +05:30  INF  Request starting HTTP/2 GET https://localhost:7069/api/Chair/GetAll application/json -

2024-07-27 17:13:10.031 +05:30  INF  CORS policy execution successful.

2024-07-27 17:13:10.031 +05:30  INF  CORS policy execution successful.

2024-07-27 17:13:10.032 +05:30  INF  CORS policy execution successful.

2024-07-27 17:13:10.710 +05:30  INF  Executed DbCommand (221ms) [Parameters=[@__id_0='?' (DbType = Int64)], CommandType='"Text"', CommandTimeout='30']
SELECT `u`.`Id`, `u`.`About_Me`, `u`.`Account_Type`, `u`.`Address`, `u`.`Available_Days`, `u`.`Bn_Name`, `u`.`City`, `u`.`Country`, `u`.`Created_At`, `u`.`Currency`, `u`.`Degree`, `u`.`Email`, `u`.`Email_Verified`, `u`.`Enable_Appointment`, `u`.`Enable_Rating`, `u`.`Exp_Years`, `u`.`Facebook`, `u`.`Google_Analytics`, `u`.`Image`, `u`.`Instagram`, `u`.`Linkedin`, `u`.`Name`, `u`.`Parent_Id`, `u`.`Password`, `u`.`Paypal_Email`, `u`.`Paypal_Mode`, `u`.`Paypal_Payment`, `u`.`Paystack_Payment`, `u`.`Paystack_Public_Key`, `u`.`Paystack_Secret_Key`, `u`.`Phone`, `u`.`Publish_Key`, `u`.`Qr_Code`, `u`.`Razorpay_Key_Id`, `u`.`Razorpay_Key_Secret`, `u`.`Razorpay_Payment`, `u`.`Role`, `u`.`Secret_Key`, `u`.`Skype`, `u`.`Slug`, `u`.`Specialist`, `u`.`Status`, `u`.`Stripe_Payment`, `u`.`Thumb`, `u`.`Trial_Expire`, `u`.`Twitter`, `u`.`User_Name`, `u`.`User_Type`, `u`.`Verify_Code`, `u`.`Whatsapp`
FROM `Users` AS `u`
WHERE `u`.`Id` = @__id_0
LIMIT 1

2024-07-27 17:13:10.710 +05:30  INF  Executing endpoint 'DCRM.Api.Controllers.DoctorController.DoctorNameList (DCRM.Api)'

2024-07-27 17:13:10.711 +05:30  INF  Route matched with {action = "DoctorNameList", controller = "Doctor"}. Executing controller action with signature System.Collections.Generic.List`1[DCRM.Common.Dto.DropdownDataDto] DoctorNameList() on controller DCRM.Api.Controllers.DoctorController (DCRM.Api).

2024-07-27 17:13:11.606 +05:30  INF  Executed DbCommand (440ms) [Parameters=[@__userId_0='?' (DbType = Int64)], CommandType='"Text"', CommandTimeout='30']
SELECT `d`.`Id`, `d`.`Age`, `d`.`Blood_Group`, `d`.`Created_At`, `d`.`Dob`, `d`.`Email`, `d`.`Email2`, `d`.`Gender`, `d`.`Gst_Number`, `d`.`Is_Delete`, `d`.`Marital_Status`, `d`.`Name`, `d`.`Pan_Number`, `d`.`Password`, `d`.`Phone1`, `d`.`Phone2`, `d`.`Phone3`, `d`.`Phone4`, `d`.`Qualification`, `d`.`Role`, `d`.`Speciality`, `d`.`Thumb`, `d`.`Updated_At`, `d`.`User_Id`
FROM `Doctors` AS `d`
WHERE (`d`.`User_Id` = @__userId_0) AND (`d`.`Is_Delete` = 0)

2024-07-27 17:13:12.500 +05:30  INF  Executing ObjectResult, writing value of type 'System.Collections.Generic.List`1[[DCRM.Common.Dto.DropdownDataDto, DCRM.Common, Version=1.0.0.0, Culture=neutral, PublicKeyToken=null]]'.

2024-07-27 17:13:12.502 +05:30  INF  Executed action DCRM.Api.Controllers.DoctorController.DoctorNameList (DCRM.Api) in 1790.8529ms

2024-07-27 17:13:12.502 +05:30  INF  Executed endpoint 'DCRM.Api.Controllers.DoctorController.DoctorNameList (DCRM.Api)'

2024-07-27 17:13:12.502 +05:30  INF  Request finished HTTP/2 GET https://localhost:7069/api/Doctor/Get/Names application/json - - 200 - application/json;+charset=utf-8 2475.9991ms

2024-07-27 17:13:13.130 +05:30  INF  Executed DbCommand (215ms) [Parameters=[@__id_0='?' (DbType = Int64)], CommandType='"Text"', CommandTimeout='30']
SELECT `u`.`Id`, `u`.`About_Me`, `u`.`Account_Type`, `u`.`Address`, `u`.`Available_Days`, `u`.`Bn_Name`, `u`.`City`, `u`.`Country`, `u`.`Created_At`, `u`.`Currency`, `u`.`Degree`, `u`.`Email`, `u`.`Email_Verified`, `u`.`Enable_Appointment`, `u`.`Enable_Rating`, `u`.`Exp_Years`, `u`.`Facebook`, `u`.`Google_Analytics`, `u`.`Image`, `u`.`Instagram`, `u`.`Linkedin`, `u`.`Name`, `u`.`Parent_Id`, `u`.`Password`, `u`.`Paypal_Email`, `u`.`Paypal_Mode`, `u`.`Paypal_Payment`, `u`.`Paystack_Payment`, `u`.`Paystack_Public_Key`, `u`.`Paystack_Secret_Key`, `u`.`Phone`, `u`.`Publish_Key`, `u`.`Qr_Code`, `u`.`Razorpay_Key_Id`, `u`.`Razorpay_Key_Secret`, `u`.`Razorpay_Payment`, `u`.`Role`, `u`.`Secret_Key`, `u`.`Skype`, `u`.`Slug`, `u`.`Specialist`, `u`.`Status`, `u`.`Stripe_Payment`, `u`.`Thumb`, `u`.`Trial_Expire`, `u`.`Twitter`, `u`.`User_Name`, `u`.`User_Type`, `u`.`Verify_Code`, `u`.`Whatsapp`
FROM `Users` AS `u`
WHERE `u`.`Id` = @__id_0
LIMIT 1

2024-07-27 17:13:13.131 +05:30  INF  Executing endpoint 'DCRM.Api.Controllers.PatientController.Get (DCRM.Api)'

2024-07-27 17:13:13.135 +05:30  INF  Executed DbCommand (216ms) [Parameters=[@__id_0='?' (DbType = Int64)], CommandType='"Text"', CommandTimeout='30']
SELECT `u`.`Id`, `u`.`About_Me`, `u`.`Account_Type`, `u`.`Address`, `u`.`Available_Days`, `u`.`Bn_Name`, `u`.`City`, `u`.`Country`, `u`.`Created_At`, `u`.`Currency`, `u`.`Degree`, `u`.`Email`, `u`.`Email_Verified`, `u`.`Enable_Appointment`, `u`.`Enable_Rating`, `u`.`Exp_Years`, `u`.`Facebook`, `u`.`Google_Analytics`, `u`.`Image`, `u`.`Instagram`, `u`.`Linkedin`, `u`.`Name`, `u`.`Parent_Id`, `u`.`Password`, `u`.`Paypal_Email`, `u`.`Paypal_Mode`, `u`.`Paypal_Payment`, `u`.`Paystack_Payment`, `u`.`Paystack_Public_Key`, `u`.`Paystack_Secret_Key`, `u`.`Phone`, `u`.`Publish_Key`, `u`.`Qr_Code`, `u`.`Razorpay_Key_Id`, `u`.`Razorpay_Key_Secret`, `u`.`Razorpay_Payment`, `u`.`Role`, `u`.`Secret_Key`, `u`.`Skype`, `u`.`Slug`, `u`.`Specialist`, `u`.`Status`, `u`.`Stripe_Payment`, `u`.`Thumb`, `u`.`Trial_Expire`, `u`.`Twitter`, `u`.`User_Name`, `u`.`User_Type`, `u`.`Verify_Code`, `u`.`Whatsapp`
FROM `Users` AS `u`
WHERE `u`.`Id` = @__id_0
LIMIT 1

2024-07-27 17:13:13.135 +05:30  INF  Route matched with {action = "Get", controller = "Patient"}. Executing controller action with signature DCRM.Common.Dto.PatientseDto Get(Int64) on controller DCRM.Api.Controllers.PatientController (DCRM.Api).

2024-07-27 17:13:13.135 +05:30  INF  Executed DbCommand (216ms) [Parameters=[@__id_0='?' (DbType = Int64)], CommandType='"Text"', CommandTimeout='30']
SELECT `u`.`Id`, `u`.`About_Me`, `u`.`Account_Type`, `u`.`Address`, `u`.`Available_Days`, `u`.`Bn_Name`, `u`.`City`, `u`.`Country`, `u`.`Created_At`, `u`.`Currency`, `u`.`Degree`, `u`.`Email`, `u`.`Email_Verified`, `u`.`Enable_Appointment`, `u`.`Enable_Rating`, `u`.`Exp_Years`, `u`.`Facebook`, `u`.`Google_Analytics`, `u`.`Image`, `u`.`Instagram`, `u`.`Linkedin`, `u`.`Name`, `u`.`Parent_Id`, `u`.`Password`, `u`.`Paypal_Email`, `u`.`Paypal_Mode`, `u`.`Paypal_Payment`, `u`.`Paystack_Payment`, `u`.`Paystack_Public_Key`, `u`.`Paystack_Secret_Key`, `u`.`Phone`, `u`.`Publish_Key`, `u`.`Qr_Code`, `u`.`Razorpay_Key_Id`, `u`.`Razorpay_Key_Secret`, `u`.`Razorpay_Payment`, `u`.`Role`, `u`.`Secret_Key`, `u`.`Skype`, `u`.`Slug`, `u`.`Specialist`, `u`.`Status`, `u`.`Stripe_Payment`, `u`.`Thumb`, `u`.`Trial_Expire`, `u`.`Twitter`, `u`.`User_Name`, `u`.`User_Type`, `u`.`Verify_Code`, `u`.`Whatsapp`
FROM `Users` AS `u`
WHERE `u`.`Id` = @__id_0
LIMIT 1

2024-07-27 17:13:13.135 +05:30  INF  Executing endpoint 'DCRM.Api.Controllers.PatientController.Get (DCRM.Api)'

2024-07-27 17:13:13.135 +05:30  INF  Executing endpoint 'DCRM.Api.Controllers.ChairController.GetAll (DCRM.Api)'

2024-07-27 17:13:13.135 +05:30  INF  Route matched with {action = "Get", controller = "Patient"}. Executing controller action with signature DCRM.Common.Dto.PatientseDto Get(Int64) on controller DCRM.Api.Controllers.PatientController (DCRM.Api).

2024-07-27 17:13:13.136 +05:30  INF  Route matched with {action = "GetAll", controller = "Chair"}. Executing controller action with signature System.Collections.Generic.List`1[DCRM.Common.Dto.ChairDto] GetAll() on controller DCRM.Api.Controllers.ChairController (DCRM.Api).

2024-07-27 17:13:13.222 +05:30  INF  Executed DbCommand (220ms) [Parameters=[@__id_0='?' (DbType = Int64)], CommandType='"Text"', CommandTimeout='30']
SELECT `u`.`Id`, `u`.`About_Me`, `u`.`Account_Type`, `u`.`Address`, `u`.`Available_Days`, `u`.`Bn_Name`, `u`.`City`, `u`.`Country`, `u`.`Created_At`, `u`.`Currency`, `u`.`Degree`, `u`.`Email`, `u`.`Email_Verified`, `u`.`Enable_Appointment`, `u`.`Enable_Rating`, `u`.`Exp_Years`, `u`.`Facebook`, `u`.`Google_Analytics`, `u`.`Image`, `u`.`Instagram`, `u`.`Linkedin`, `u`.`Name`, `u`.`Parent_Id`, `u`.`Password`, `u`.`Paypal_Email`, `u`.`Paypal_Mode`, `u`.`Paypal_Payment`, `u`.`Paystack_Payment`, `u`.`Paystack_Public_Key`, `u`.`Paystack_Secret_Key`, `u`.`Phone`, `u`.`Publish_Key`, `u`.`Qr_Code`, `u`.`Razorpay_Key_Id`, `u`.`Razorpay_Key_Secret`, `u`.`Razorpay_Payment`, `u`.`Role`, `u`.`Secret_Key`, `u`.`Skype`, `u`.`Slug`, `u`.`Specialist`, `u`.`Status`, `u`.`Stripe_Payment`, `u`.`Thumb`, `u`.`Trial_Expire`, `u`.`Twitter`, `u`.`User_Name`, `u`.`User_Type`, `u`.`Verify_Code`, `u`.`Whatsapp`
FROM `Users` AS `u`
WHERE `u`.`Id` = @__id_0
LIMIT 1

2024-07-27 17:13:13.222 +05:30  INF  Executing endpoint 'DCRM.Api.Controllers.PatientController.PatientDetailList (DCRM.Api)'

2024-07-27 17:13:13.223 +05:30  INF  Route matched with {action = "PatientDetailList", controller = "Patient"}. Executing controller action with signature System.Collections.Generic.List`1[DCRM.Common.Dto.DropdownDataDto] PatientDetailList() on controller DCRM.Api.Controllers.PatientController (DCRM.Api).

2024-07-27 17:13:13.788 +05:30  INF  Executed DbCommand (216ms) [Parameters=[], CommandType='"Text"', CommandTimeout='30']
SELECT `c`.`Id`, `c`.`Address`, `c`.`Appoinment_Limit`, `c`.`Created_At`, `c`.`Doctor_Id`, `c`.`Is_Primary`, `c`.`Name`, `c`.`Status`, `c`.`Uid`, `c`.`User_Id`
FROM `Chairs` AS `c`

2024-07-27 17:13:13.791 +05:30  INF  Executed DbCommand (213ms) [Parameters=[@__id_0='?' (DbType = Int64)], CommandType='"Text"', CommandTimeout='30']
SELECT `p`.`Id`, `p`.`Age`, `p`.`Chamber_Id`, `p`.`Created_At`, `p`.`Email`, `p`.`Guardian`, `p`.`Is_Delete`, `p`.`Mobile`, `p`.`Mr_Number`, `p`.`Name`, `p`.`Password`, `p`.`Permanent_Address`, `p`.`Present_Address`, `p`.`Role`, `p`.`Sex`, `p`.`Slug`, `p`.`Thumb`, `p`.`Title`, `p`.`UserName`, `p`.`User_Id`, `p`.`Verify_Code`, `p`.`Weight`
FROM `Patientses` AS `p`
WHERE (`p`.`Is_Delete` = 0) AND (`p`.`Id` = @__id_0)
LIMIT 1

2024-07-27 17:13:13.794 +05:30  INF  Executed DbCommand (215ms) [Parameters=[@__id_0='?' (DbType = Int64)], CommandType='"Text"', CommandTimeout='30']
SELECT `p`.`Id`, `p`.`Age`, `p`.`Chamber_Id`, `p`.`Created_At`, `p`.`Email`, `p`.`Guardian`, `p`.`Is_Delete`, `p`.`Mobile`, `p`.`Mr_Number`, `p`.`Name`, `p`.`Password`, `p`.`Permanent_Address`, `p`.`Present_Address`, `p`.`Role`, `p`.`Sex`, `p`.`Slug`, `p`.`Thumb`, `p`.`Title`, `p`.`UserName`, `p`.`User_Id`, `p`.`Verify_Code`, `p`.`Weight`
FROM `Patientses` AS `p`
WHERE (`p`.`Is_Delete` = 0) AND (`p`.`Id` = @__id_0)
LIMIT 1

2024-07-27 17:13:13.897 +05:30  INF  Executed DbCommand (223ms) [Parameters=[@__userId_0='?' (DbType = Int64)], CommandType='"Text"', CommandTimeout='30']
SELECT `p`.`Id`, `p`.`Age`, `p`.`Chamber_Id`, `p`.`Created_At`, `p`.`Email`, `p`.`Guardian`, `p`.`Is_Delete`, `p`.`Mobile`, `p`.`Mr_Number`, `p`.`Name`, `p`.`Password`, `p`.`Permanent_Address`, `p`.`Present_Address`, `p`.`Role`, `p`.`Sex`, `p`.`Slug`, `p`.`Thumb`, `p`.`Title`, `p`.`UserName`, `p`.`User_Id`, `p`.`Verify_Code`, `p`.`Weight`
FROM `Patientses` AS `p`
WHERE (`p`.`User_Id` = @__userId_0) AND (`p`.`Is_Delete` = 0)

2024-07-27 17:13:14.440 +05:30  INF  Executed DbCommand (216ms) [Parameters=[], CommandType='"Text"', CommandTimeout='30']
SELECT `p`.`Id`, `p`.`Amount_Type`, `p`.`Balance`, `p`.`Created_At`, `p`.`Credit_Amount`, `p`.`Debit_Amount`, `p`.`Description`, `p`.`Doctor_Id`, `p`.`Patient_Id`, `p`.`Payment_Mode`, `p`.`Updated_At`, `p`.`Workdone_Id`, `p`.`isPrinted`
FROM `Payment_History` AS `p`

2024-07-27 17:13:14.441 +05:30  INF  Executed DbCommand (217ms) [Parameters=[], CommandType='"Text"', CommandTimeout='30']
SELECT `p`.`Id`, `p`.`Amount_Type`, `p`.`Balance`, `p`.`Created_At`, `p`.`Credit_Amount`, `p`.`Debit_Amount`, `p`.`Description`, `p`.`Doctor_Id`, `p`.`Patient_Id`, `p`.`Payment_Mode`, `p`.`Updated_At`, `p`.`Workdone_Id`, `p`.`isPrinted`
FROM `Payment_History` AS `p`

2024-07-27 17:13:14.443 +05:30  INF  Executed DbCommand (215ms) [Parameters=[@__Id_0='?' (DbType = Int64)], CommandType='"Text"', CommandTimeout='30']
SELECT `d`.`Id`, `d`.`Age`, `d`.`Blood_Group`, `d`.`Created_At`, `d`.`Dob`, `d`.`Email`, `d`.`Email2`, `d`.`Gender`, `d`.`Gst_Number`, `d`.`Is_Delete`, `d`.`Marital_Status`, `d`.`Name`, `d`.`Pan_Number`, `d`.`Password`, `d`.`Phone1`, `d`.`Phone2`, `d`.`Phone3`, `d`.`Phone4`, `d`.`Qualification`, `d`.`Role`, `d`.`Speciality`, `d`.`Thumb`, `d`.`Updated_At`, `d`.`User_Id`
FROM `Doctors` AS `d`
WHERE `d`.`Id` = @__Id_0
LIMIT 2

2024-07-27 17:13:15.001 +05:30  INF  Executing ObjectResult, writing value of type 'System.Collections.Generic.List`1[[DCRM.Common.Dto.DropdownDataDto, DCRM.Common, Version=1.0.0.0, Culture=neutral, PublicKeyToken=null]]'.

2024-07-27 17:13:15.002 +05:30  INF  Executed action DCRM.Api.Controllers.PatientController.PatientDetailList (DCRM.Api) in 1778.2174ms

2024-07-27 17:13:15.002 +05:30  INF  Executed endpoint 'DCRM.Api.Controllers.PatientController.PatientDetailList (DCRM.Api)'

2024-07-27 17:13:15.002 +05:30  INF  Request finished HTTP/2 GET https://localhost:7069/api/Patient/Get/Names application/json - - 200 - application/json;+charset=utf-8 4971.1967ms

2024-07-27 17:13:15.086 +05:30  INF  Executed DbCommand (214ms) [Parameters=[@__Id_0='?' (DbType = Int64)], CommandType='"Text"', CommandTimeout='30']
SELECT `d`.`Id`, `d`.`Age`, `d`.`Blood_Group`, `d`.`Created_At`, `d`.`Dob`, `d`.`Email`, `d`.`Email2`, `d`.`Gender`, `d`.`Gst_Number`, `d`.`Is_Delete`, `d`.`Marital_Status`, `d`.`Name`, `d`.`Pan_Number`, `d`.`Password`, `d`.`Phone1`, `d`.`Phone2`, `d`.`Phone3`, `d`.`Phone4`, `d`.`Qualification`, `d`.`Role`, `d`.`Speciality`, `d`.`Thumb`, `d`.`Updated_At`, `d`.`User_Id`
FROM `Doctors` AS `d`
WHERE `d`.`Id` = @__Id_0
LIMIT 2

2024-07-27 17:13:15.314 +05:30  INF  Executed DbCommand (214ms) [Parameters=[@__p_0='?' (DbType = Int64)], CommandType='"Text"', CommandTimeout='30']
SELECT `p`.`Id`, `p`.`Amount`, `p`.`Balance_Amount`, `p`.`Balance_Spent`, `p`.`Created_At`, `p`.`Name`, `p`.`Patients_Id`, `p`.`Type`, `p`.`Updated_At`
FROM `Patients_Insurance_Loan` AS `p`
WHERE `p`.`Patients_Id` = @__p_0

2024-07-27 17:13:15.314 +05:30  INF  Executed DbCommand (214ms) [Parameters=[@__p_0='?' (DbType = Int64)], CommandType='"Text"', CommandTimeout='30']
SELECT `p`.`Id`, `p`.`Amount`, `p`.`Balance_Amount`, `p`.`Balance_Spent`, `p`.`Created_At`, `p`.`Name`, `p`.`Patients_Id`, `p`.`Type`, `p`.`Updated_At`
FROM `Patients_Insurance_Loan` AS `p`
WHERE `p`.`Patients_Id` = @__p_0

2024-07-27 17:13:15.726 +05:30  INF  Executed DbCommand (215ms) [Parameters=[@__Id_0='?' (DbType = Int64)], CommandType='"Text"', CommandTimeout='30']
SELECT `d`.`Id`, `d`.`Age`, `d`.`Blood_Group`, `d`.`Created_At`, `d`.`Dob`, `d`.`Email`, `d`.`Email2`, `d`.`Gender`, `d`.`Gst_Number`, `d`.`Is_Delete`, `d`.`Marital_Status`, `d`.`Name`, `d`.`Pan_Number`, `d`.`Password`, `d`.`Phone1`, `d`.`Phone2`, `d`.`Phone3`, `d`.`Phone4`, `d`.`Qualification`, `d`.`Role`, `d`.`Speciality`, `d`.`Thumb`, `d`.`Updated_At`, `d`.`User_Id`
FROM `Doctors` AS `d`
WHERE `d`.`Id` = @__Id_0
LIMIT 2

2024-07-27 17:13:15.979 +05:30  INF  Executed DbCommand (215ms) [Parameters=[@__p_0='?' (DbType = Int64)], CommandType='"Text"', CommandTimeout='30']
SELECT `p`.`Id`, `p`.`Created_At`, `p`.`Patient_Id`, `p`.`Report`, `p`.`Report_Date`, `p`.`Report_File`, `p`.`Status`, `p`.`Test_Name`, `p`.`Test_Price`, `p`.`Updated_At`
FROM `Patient_Tests` AS `p`
WHERE `p`.`Patient_Id` = @__p_0

2024-07-27 17:13:15.979 +05:30  INF  Executed DbCommand (214ms) [Parameters=[@__p_0='?' (DbType = Int64)], CommandType='"Text"', CommandTimeout='30']
SELECT `p`.`Id`, `p`.`Created_At`, `p`.`Patient_Id`, `p`.`Report`, `p`.`Report_Date`, `p`.`Report_File`, `p`.`Status`, `p`.`Test_Name`, `p`.`Test_Price`, `p`.`Updated_At`
FROM `Patient_Tests` AS `p`
WHERE `p`.`Patient_Id` = @__p_0

2024-07-27 17:13:16.363 +05:30  INF  Executed DbCommand (212ms) [Parameters=[@__Id_0='?' (DbType = Int64)], CommandType='"Text"', CommandTimeout='30']
SELECT `d`.`Id`, `d`.`Age`, `d`.`Blood_Group`, `d`.`Created_At`, `d`.`Dob`, `d`.`Email`, `d`.`Email2`, `d`.`Gender`, `d`.`Gst_Number`, `d`.`Is_Delete`, `d`.`Marital_Status`, `d`.`Name`, `d`.`Pan_Number`, `d`.`Password`, `d`.`Phone1`, `d`.`Phone2`, `d`.`Phone3`, `d`.`Phone4`, `d`.`Qualification`, `d`.`Role`, `d`.`Speciality`, `d`.`Thumb`, `d`.`Updated_At`, `d`.`User_Id`
FROM `Doctors` AS `d`
WHERE `d`.`Id` = @__Id_0
LIMIT 2

2024-07-27 17:13:16.631 +05:30  INF  Executed DbCommand (215ms) [Parameters=[@__p_0='?' (DbType = Int64)], CommandType='"Text"', CommandTimeout='30']
SELECT `p`.`Id`, `p`.`Address_O`, `p`.`Address_Other`, `p`.`Address_R`, `p`.`City_O`, `p`.`City_Other`, `p`.`City_R`, `p`.`Country_O`, `p`.`Country_Other`, `p`.`Country_R`, `p`.`Created_At`, `p`.`Doctor_Name`, `p`.`Email`, `p`.`Email2`, `p`.`Medical_History_Allergies`, `p`.`Patient_Id`, `p`.`Phone`, `p`.`Phone1`, `p`.`Phone2`, `p`.`Phone3`, `p`.`Phone4`, `p`.`Physician`, `p`.`Reffered_By`, `p`.`Relationship_Type`, `p`.`Special_Notes`, `p`.`Updated_At`, `p`.`Zip_O`, `p`.`Zip_Other`, `p`.`Zip_R`
FROM `Patients_Contact` AS `p`
WHERE `p`.`Patient_Id` = @__p_0

2024-07-27 17:13:16.631 +05:30  INF  Executed DbCommand (215ms) [Parameters=[@__p_0='?' (DbType = Int64)], CommandType='"Text"', CommandTimeout='30']
SELECT `p`.`Id`, `p`.`Address_O`, `p`.`Address_Other`, `p`.`Address_R`, `p`.`City_O`, `p`.`City_Other`, `p`.`City_R`, `p`.`Country_O`, `p`.`Country_Other`, `p`.`Country_R`, `p`.`Created_At`, `p`.`Doctor_Name`, `p`.`Email`, `p`.`Email2`, `p`.`Medical_History_Allergies`, `p`.`Patient_Id`, `p`.`Phone`, `p`.`Phone1`, `p`.`Phone2`, `p`.`Phone3`, `p`.`Phone4`, `p`.`Physician`, `p`.`Reffered_By`, `p`.`Relationship_Type`, `p`.`Special_Notes`, `p`.`Updated_At`, `p`.`Zip_O`, `p`.`Zip_Other`, `p`.`Zip_R`
FROM `Patients_Contact` AS `p`
WHERE `p`.`Patient_Id` = @__p_0

2024-07-27 17:13:17.000 +05:30  INF  Executed DbCommand (214ms) [Parameters=[@__Id_0='?' (DbType = Int64)], CommandType='"Text"', CommandTimeout='30']
SELECT `d`.`Id`, `d`.`Age`, `d`.`Blood_Group`, `d`.`Created_At`, `d`.`Dob`, `d`.`Email`, `d`.`Email2`, `d`.`Gender`, `d`.`Gst_Number`, `d`.`Is_Delete`, `d`.`Marital_Status`, `d`.`Name`, `d`.`Pan_Number`, `d`.`Password`, `d`.`Phone1`, `d`.`Phone2`, `d`.`Phone3`, `d`.`Phone4`, `d`.`Qualification`, `d`.`Role`, `d`.`Speciality`, `d`.`Thumb`, `d`.`Updated_At`, `d`.`User_Id`
FROM `Doctors` AS `d`
WHERE `d`.`Id` = @__Id_0
LIMIT 2

2024-07-27 17:13:17.341 +05:30  INF  Executed DbCommand (213ms) [Parameters=[@__p_0='?' (DbType = Int64)], CommandType='"Text"', CommandTimeout='30']
SELECT `p`.`Id`, `p`.`Created_At`, `p`.`Patient_Id`, `p`.`Report`, `p`.`Report_File`, `p`.`Scan_Name`, `p`.`Status`, `p`.`Type`, `p`.`Updated_At`
FROM `Patient_Scans` AS `p`
WHERE `p`.`Patient_Id` = @__p_0

2024-07-27 17:13:17.341 +05:30  INF  Executed DbCommand (214ms) [Parameters=[@__p_0='?' (DbType = Int64)], CommandType='"Text"', CommandTimeout='30']
SELECT `p`.`Id`, `p`.`Created_At`, `p`.`Patient_Id`, `p`.`Report`, `p`.`Report_File`, `p`.`Scan_Name`, `p`.`Status`, `p`.`Type`, `p`.`Updated_At`
FROM `Patient_Scans` AS `p`
WHERE `p`.`Patient_Id` = @__p_0

2024-07-27 17:13:17.341 +05:30  INF  Executing ObjectResult, writing value of type 'DCRM.Common.Dto.PatientseDto'.

2024-07-27 17:13:17.341 +05:30  INF  Executing ObjectResult, writing value of type 'DCRM.Common.Dto.PatientseDto'.

2024-07-27 17:13:17.374 +05:30  INF  Executed action DCRM.Api.Controllers.PatientController.Get (DCRM.Api) in 4238.9523ms

2024-07-27 17:13:17.374 +05:30  INF  Executed action DCRM.Api.Controllers.PatientController.Get (DCRM.Api) in 4239.5664ms

2024-07-27 17:13:17.374 +05:30  INF  Executed endpoint 'DCRM.Api.Controllers.PatientController.Get (DCRM.Api)'

2024-07-27 17:13:17.374 +05:30  INF  Executed endpoint 'DCRM.Api.Controllers.PatientController.Get (DCRM.Api)'

2024-07-27 17:13:17.375 +05:30  INF  Request finished HTTP/2 GET https://localhost:7069/api/Patient/Get/388 application/json - - 200 - application/json;+charset=utf-8 7348.8047ms

2024-07-27 17:13:17.375 +05:30  INF  Request finished HTTP/2 GET https://localhost:7069/api/Patient/Get/508 application/json - - 200 - application/json;+charset=utf-8 7343.6330ms

2024-07-27 17:13:17.639 +05:30  INF  Executed DbCommand (214ms) [Parameters=[@__Id_0='?' (DbType = Int64)], CommandType='"Text"', CommandTimeout='30']
SELECT `d`.`Id`, `d`.`Age`, `d`.`Blood_Group`, `d`.`Created_At`, `d`.`Dob`, `d`.`Email`, `d`.`Email2`, `d`.`Gender`, `d`.`Gst_Number`, `d`.`Is_Delete`, `d`.`Marital_Status`, `d`.`Name`, `d`.`Pan_Number`, `d`.`Password`, `d`.`Phone1`, `d`.`Phone2`, `d`.`Phone3`, `d`.`Phone4`, `d`.`Qualification`, `d`.`Role`, `d`.`Speciality`, `d`.`Thumb`, `d`.`Updated_At`, `d`.`User_Id`
FROM `Doctors` AS `d`
WHERE `d`.`Id` = @__Id_0
LIMIT 2

2024-07-27 17:13:18.279 +05:30  INF  Executed DbCommand (214ms) [Parameters=[@__Id_0='?' (DbType = Int64)], CommandType='"Text"', CommandTimeout='30']
SELECT `d`.`Id`, `d`.`Age`, `d`.`Blood_Group`, `d`.`Created_At`, `d`.`Dob`, `d`.`Email`, `d`.`Email2`, `d`.`Gender`, `d`.`Gst_Number`, `d`.`Is_Delete`, `d`.`Marital_Status`, `d`.`Name`, `d`.`Pan_Number`, `d`.`Password`, `d`.`Phone1`, `d`.`Phone2`, `d`.`Phone3`, `d`.`Phone4`, `d`.`Qualification`, `d`.`Role`, `d`.`Speciality`, `d`.`Thumb`, `d`.`Updated_At`, `d`.`User_Id`
FROM `Doctors` AS `d`
WHERE `d`.`Id` = @__Id_0
LIMIT 2

2024-07-27 17:13:18.926 +05:30  INF  Executed DbCommand (223ms) [Parameters=[@__Id_0='?' (DbType = Int64)], CommandType='"Text"', CommandTimeout='30']
SELECT `d`.`Id`, `d`.`Age`, `d`.`Blood_Group`, `d`.`Created_At`, `d`.`Dob`, `d`.`Email`, `d`.`Email2`, `d`.`Gender`, `d`.`Gst_Number`, `d`.`Is_Delete`, `d`.`Marital_Status`, `d`.`Name`, `d`.`Pan_Number`, `d`.`Password`, `d`.`Phone1`, `d`.`Phone2`, `d`.`Phone3`, `d`.`Phone4`, `d`.`Qualification`, `d`.`Role`, `d`.`Speciality`, `d`.`Thumb`, `d`.`Updated_At`, `d`.`User_Id`
FROM `Doctors` AS `d`
WHERE `d`.`Id` = @__Id_0
LIMIT 2

2024-07-27 17:13:19.568 +05:30  INF  Executed DbCommand (215ms) [Parameters=[@__Id_0='?' (DbType = Int64)], CommandType='"Text"', CommandTimeout='30']
SELECT `d`.`Id`, `d`.`Age`, `d`.`Blood_Group`, `d`.`Created_At`, `d`.`Dob`, `d`.`Email`, `d`.`Email2`, `d`.`Gender`, `d`.`Gst_Number`, `d`.`Is_Delete`, `d`.`Marital_Status`, `d`.`Name`, `d`.`Pan_Number`, `d`.`Password`, `d`.`Phone1`, `d`.`Phone2`, `d`.`Phone3`, `d`.`Phone4`, `d`.`Qualification`, `d`.`Role`, `d`.`Speciality`, `d`.`Thumb`, `d`.`Updated_At`, `d`.`User_Id`
FROM `Doctors` AS `d`
WHERE `d`.`Id` = @__Id_0
LIMIT 2

2024-07-27 17:13:20.208 +05:30  INF  Executed DbCommand (214ms) [Parameters=[@__Id_0='?' (DbType = Int64)], CommandType='"Text"', CommandTimeout='30']
SELECT `d`.`Id`, `d`.`Age`, `d`.`Blood_Group`, `d`.`Created_At`, `d`.`Dob`, `d`.`Email`, `d`.`Email2`, `d`.`Gender`, `d`.`Gst_Number`, `d`.`Is_Delete`, `d`.`Marital_Status`, `d`.`Name`, `d`.`Pan_Number`, `d`.`Password`, `d`.`Phone1`, `d`.`Phone2`, `d`.`Phone3`, `d`.`Phone4`, `d`.`Qualification`, `d`.`Role`, `d`.`Speciality`, `d`.`Thumb`, `d`.`Updated_At`, `d`.`User_Id`
FROM `Doctors` AS `d`
WHERE `d`.`Id` = @__Id_0
LIMIT 2

2024-07-27 17:13:20.847 +05:30  INF  Executed DbCommand (214ms) [Parameters=[@__Id_0='?' (DbType = Int64)], CommandType='"Text"', CommandTimeout='30']
SELECT `d`.`Id`, `d`.`Age`, `d`.`Blood_Group`, `d`.`Created_At`, `d`.`Dob`, `d`.`Email`, `d`.`Email2`, `d`.`Gender`, `d`.`Gst_Number`, `d`.`Is_Delete`, `d`.`Marital_Status`, `d`.`Name`, `d`.`Pan_Number`, `d`.`Password`, `d`.`Phone1`, `d`.`Phone2`, `d`.`Phone3`, `d`.`Phone4`, `d`.`Qualification`, `d`.`Role`, `d`.`Speciality`, `d`.`Thumb`, `d`.`Updated_At`, `d`.`User_Id`
FROM `Doctors` AS `d`
WHERE `d`.`Id` = @__Id_0
LIMIT 2

2024-07-27 17:13:21.486 +05:30  INF  Executed DbCommand (214ms) [Parameters=[@__Id_0='?' (DbType = Int64)], CommandType='"Text"', CommandTimeout='30']
SELECT `d`.`Id`, `d`.`Age`, `d`.`Blood_Group`, `d`.`Created_At`, `d`.`Dob`, `d`.`Email`, `d`.`Email2`, `d`.`Gender`, `d`.`Gst_Number`, `d`.`Is_Delete`, `d`.`Marital_Status`, `d`.`Name`, `d`.`Pan_Number`, `d`.`Password`, `d`.`Phone1`, `d`.`Phone2`, `d`.`Phone3`, `d`.`Phone4`, `d`.`Qualification`, `d`.`Role`, `d`.`Speciality`, `d`.`Thumb`, `d`.`Updated_At`, `d`.`User_Id`
FROM `Doctors` AS `d`
WHERE `d`.`Id` = @__Id_0
LIMIT 2

2024-07-27 17:13:22.126 +05:30  INF  Executed DbCommand (214ms) [Parameters=[@__Id_0='?' (DbType = Int64)], CommandType='"Text"', CommandTimeout='30']
SELECT `d`.`Id`, `d`.`Age`, `d`.`Blood_Group`, `d`.`Created_At`, `d`.`Dob`, `d`.`Email`, `d`.`Email2`, `d`.`Gender`, `d`.`Gst_Number`, `d`.`Is_Delete`, `d`.`Marital_Status`, `d`.`Name`, `d`.`Pan_Number`, `d`.`Password`, `d`.`Phone1`, `d`.`Phone2`, `d`.`Phone3`, `d`.`Phone4`, `d`.`Qualification`, `d`.`Role`, `d`.`Speciality`, `d`.`Thumb`, `d`.`Updated_At`, `d`.`User_Id`
FROM `Doctors` AS `d`
WHERE `d`.`Id` = @__Id_0
LIMIT 2

2024-07-27 17:13:22.766 +05:30  INF  Executed DbCommand (214ms) [Parameters=[@__Id_0='?' (DbType = Int64)], CommandType='"Text"', CommandTimeout='30']
SELECT `d`.`Id`, `d`.`Age`, `d`.`Blood_Group`, `d`.`Created_At`, `d`.`Dob`, `d`.`Email`, `d`.`Email2`, `d`.`Gender`, `d`.`Gst_Number`, `d`.`Is_Delete`, `d`.`Marital_Status`, `d`.`Name`, `d`.`Pan_Number`, `d`.`Password`, `d`.`Phone1`, `d`.`Phone2`, `d`.`Phone3`, `d`.`Phone4`, `d`.`Qualification`, `d`.`Role`, `d`.`Speciality`, `d`.`Thumb`, `d`.`Updated_At`, `d`.`User_Id`
FROM `Doctors` AS `d`
WHERE `d`.`Id` = @__Id_0
LIMIT 2

2024-07-27 17:13:23.404 +05:30  INF  Executed DbCommand (214ms) [Parameters=[@__Id_0='?' (DbType = Int64)], CommandType='"Text"', CommandTimeout='30']
SELECT `d`.`Id`, `d`.`Age`, `d`.`Blood_Group`, `d`.`Created_At`, `d`.`Dob`, `d`.`Email`, `d`.`Email2`, `d`.`Gender`, `d`.`Gst_Number`, `d`.`Is_Delete`, `d`.`Marital_Status`, `d`.`Name`, `d`.`Pan_Number`, `d`.`Password`, `d`.`Phone1`, `d`.`Phone2`, `d`.`Phone3`, `d`.`Phone4`, `d`.`Qualification`, `d`.`Role`, `d`.`Speciality`, `d`.`Thumb`, `d`.`Updated_At`, `d`.`User_Id`
FROM `Doctors` AS `d`
WHERE `d`.`Id` = @__Id_0
LIMIT 2

2024-07-27 17:13:24.049 +05:30  INF  Executed DbCommand (214ms) [Parameters=[@__Id_0='?' (DbType = Int64)], CommandType='"Text"', CommandTimeout='30']
SELECT `d`.`Id`, `d`.`Age`, `d`.`Blood_Group`, `d`.`Created_At`, `d`.`Dob`, `d`.`Email`, `d`.`Email2`, `d`.`Gender`, `d`.`Gst_Number`, `d`.`Is_Delete`, `d`.`Marital_Status`, `d`.`Name`, `d`.`Pan_Number`, `d`.`Password`, `d`.`Phone1`, `d`.`Phone2`, `d`.`Phone3`, `d`.`Phone4`, `d`.`Qualification`, `d`.`Role`, `d`.`Speciality`, `d`.`Thumb`, `d`.`Updated_At`, `d`.`User_Id`
FROM `Doctors` AS `d`
WHERE `d`.`Id` = @__Id_0
LIMIT 2

2024-07-27 17:13:24.693 +05:30  INF  Executed DbCommand (217ms) [Parameters=[@__Id_0='?' (DbType = Int64)], CommandType='"Text"', CommandTimeout='30']
SELECT `d`.`Id`, `d`.`Age`, `d`.`Blood_Group`, `d`.`Created_At`, `d`.`Dob`, `d`.`Email`, `d`.`Email2`, `d`.`Gender`, `d`.`Gst_Number`, `d`.`Is_Delete`, `d`.`Marital_Status`, `d`.`Name`, `d`.`Pan_Number`, `d`.`Password`, `d`.`Phone1`, `d`.`Phone2`, `d`.`Phone3`, `d`.`Phone4`, `d`.`Qualification`, `d`.`Role`, `d`.`Speciality`, `d`.`Thumb`, `d`.`Updated_At`, `d`.`User_Id`
FROM `Doctors` AS `d`
WHERE `d`.`Id` = @__Id_0
LIMIT 2

2024-07-27 17:13:25.334 +05:30  INF  Executed DbCommand (214ms) [Parameters=[@__Id_0='?' (DbType = Int64)], CommandType='"Text"', CommandTimeout='30']
SELECT `d`.`Id`, `d`.`Age`, `d`.`Blood_Group`, `d`.`Created_At`, `d`.`Dob`, `d`.`Email`, `d`.`Email2`, `d`.`Gender`, `d`.`Gst_Number`, `d`.`Is_Delete`, `d`.`Marital_Status`, `d`.`Name`, `d`.`Pan_Number`, `d`.`Password`, `d`.`Phone1`, `d`.`Phone2`, `d`.`Phone3`, `d`.`Phone4`, `d`.`Qualification`, `d`.`Role`, `d`.`Speciality`, `d`.`Thumb`, `d`.`Updated_At`, `d`.`User_Id`
FROM `Doctors` AS `d`
WHERE `d`.`Id` = @__Id_0
LIMIT 2

2024-07-27 17:13:25.973 +05:30  INF  Executed DbCommand (215ms) [Parameters=[@__Id_0='?' (DbType = Int64)], CommandType='"Text"', CommandTimeout='30']
SELECT `d`.`Id`, `d`.`Age`, `d`.`Blood_Group`, `d`.`Created_At`, `d`.`Dob`, `d`.`Email`, `d`.`Email2`, `d`.`Gender`, `d`.`Gst_Number`, `d`.`Is_Delete`, `d`.`Marital_Status`, `d`.`Name`, `d`.`Pan_Number`, `d`.`Password`, `d`.`Phone1`, `d`.`Phone2`, `d`.`Phone3`, `d`.`Phone4`, `d`.`Qualification`, `d`.`Role`, `d`.`Speciality`, `d`.`Thumb`, `d`.`Updated_At`, `d`.`User_Id`
FROM `Doctors` AS `d`
WHERE `d`.`Id` = @__Id_0
LIMIT 2

2024-07-27 17:13:25.974 +05:30  INF  Executing ObjectResult, writing value of type 'System.Collections.Generic.List`1[[DCRM.Common.Dto.ChairDto, DCRM.Common, Version=1.0.0.0, Culture=neutral, PublicKeyToken=null]]'.

2024-07-27 17:13:25.978 +05:30  INF  Executed action DCRM.Api.Controllers.ChairController.GetAll (DCRM.Api) in 12841.1508ms

2024-07-27 17:13:25.978 +05:30  INF  Executed endpoint 'DCRM.Api.Controllers.ChairController.GetAll (DCRM.Api)'

2024-07-27 17:13:25.978 +05:30  INF  Request finished HTTP/2 GET https://localhost:7069/api/Chair/GetAll application/json - - 200 - application/json;+charset=utf-8 15946.7082ms

2024-07-27 17:13:38.207 +05:30  INF  Request starting HTTP/2 OPTIONS https://localhost:7069/api/Appointment/Update - -

2024-07-27 17:13:38.207 +05:30  INF  CORS policy execution successful.

2024-07-27 17:13:38.207 +05:30  INF  Request finished HTTP/2 OPTIONS https://localhost:7069/api/Appointment/Update - - - 204 - - 0.3968ms

2024-07-27 17:13:38.212 +05:30  INF  Request starting HTTP/2 POST https://localhost:7069/api/Appointment/Update application/json 547

2024-07-27 17:13:38.212 +05:30  INF  CORS policy execution successful.

2024-07-27 17:13:38.854 +05:30  INF  Executed DbCommand (214ms) [Parameters=[@__id_0='?' (DbType = Int64)], CommandType='"Text"', CommandTimeout='30']
SELECT `u`.`Id`, `u`.`About_Me`, `u`.`Account_Type`, `u`.`Address`, `u`.`Available_Days`, `u`.`Bn_Name`, `u`.`City`, `u`.`Country`, `u`.`Created_At`, `u`.`Currency`, `u`.`Degree`, `u`.`Email`, `u`.`Email_Verified`, `u`.`Enable_Appointment`, `u`.`Enable_Rating`, `u`.`Exp_Years`, `u`.`Facebook`, `u`.`Google_Analytics`, `u`.`Image`, `u`.`Instagram`, `u`.`Linkedin`, `u`.`Name`, `u`.`Parent_Id`, `u`.`Password`, `u`.`Paypal_Email`, `u`.`Paypal_Mode`, `u`.`Paypal_Payment`, `u`.`Paystack_Payment`, `u`.`Paystack_Public_Key`, `u`.`Paystack_Secret_Key`, `u`.`Phone`, `u`.`Publish_Key`, `u`.`Qr_Code`, `u`.`Razorpay_Key_Id`, `u`.`Razorpay_Key_Secret`, `u`.`Razorpay_Payment`, `u`.`Role`, `u`.`Secret_Key`, `u`.`Skype`, `u`.`Slug`, `u`.`Specialist`, `u`.`Status`, `u`.`Stripe_Payment`, `u`.`Thumb`, `u`.`Trial_Expire`, `u`.`Twitter`, `u`.`User_Name`, `u`.`User_Type`, `u`.`Verify_Code`, `u`.`Whatsapp`
FROM `Users` AS `u`
WHERE `u`.`Id` = @__id_0
LIMIT 1

2024-07-27 17:13:38.855 +05:30  INF  Executing endpoint 'DCRM.Api.Controllers.AppointmentController.Update (DCRM.Api)'

2024-07-27 17:13:38.856 +05:30  INF  Route matched with {action = "Update", controller = "Appointment"}. Executing controller action with signature Microsoft.AspNetCore.Mvc.IActionResult Update(DCRM.Common.Entity.Appointment) on controller DCRM.Api.Controllers.AppointmentController (DCRM.Api).

2024-07-27 17:13:53.540 +05:30  INF  Executed DbCommand (377ms) [Parameters=[@p24='?' (DbType = Int32), @p0='?' (DbType = Int32), @p1='?' (Size = 4000), @p2='?' (Size = 4000), @p3='?' (DbType = Int32), @p4='?' (DbType = DateTime), @p5='?' (DbType = DateTime), @p6='?' (DbType = Int64), @p7='?' (Size = 4000), @p8='?' (DbType = Time), @p9='?' (Size = 4000), @p10='?' (Size = 4000), @p11='?' (DbType = SByte), @p12='?' (DbType = Int32), @p13='?' (Size = 4000), @p14='?' (Size = 4000), @p15='?' (DbType = Int32), @p16='?' (DbType = Int32), @p17='?' (DbType = Int32), @p18='?' (Size = 4000), @p19='?' (DbType = Time), @p20='?' (DbType = Int32), @p21='?' (Size = 4000), @p22='?' (DbType = Int32), @p23='?' (DbType = Int64)], CommandType='"Text"', CommandTimeout='30']
UPDATE `Appointments` SET `Appointment_Status` = @p0, `Cause` = @p1, `Chair` = @p2, `Chamber_Id` = @p3, `Created_At` = @p4, `Date` = @p5, `Doctor_Id` = @p6, `Doctor_Name` = @p7, `End_Time` = @p8, `Extra_Notes` = @p9, `Files` = @p10, `Is_Delete` = @p11, `Is_Start` = @p12, `Meeting_Notes` = @p13, `Number_Of_Slot` = @p14, `Patient_Id` = @p15, `Prescription_Id` = @p16, `Serial_Id` = @p17, `Slot_Time` = @p18, `Start_Time` = @p19, `Status` = @p20, `Type` = @p21, `User_Id` = @p22, `Workdone_Id` = @p23
WHERE `Id` = @p24;

2024-07-27 17:13:53.569 +05:30  INF  Executing OkObjectResult, writing value of type 'DCRM.Common.Entity.Appointment'.

2024-07-27 17:13:53.570 +05:30  INF  Executed action DCRM.Api.Controllers.AppointmentController.Update (DCRM.Api) in 14713.6686ms

2024-07-27 17:13:53.570 +05:30  INF  Executed endpoint 'DCRM.Api.Controllers.AppointmentController.Update (DCRM.Api)'

2024-07-27 17:13:53.570 +05:30  INF  Request finished HTTP/2 POST https://localhost:7069/api/Appointment/Update application/json 547 - 200 - application/json;+charset=utf-8 15358.3747ms

2024-07-27 17:13:53.616 +05:30  INF  Request starting HTTP/2 OPTIONS https://localhost:7069/api/Appointment/GetAppointmentWithPatient - -

2024-07-27 17:13:53.616 +05:30  INF  CORS policy execution successful.

2024-07-27 17:13:53.616 +05:30  INF  Request finished HTTP/2 OPTIONS https://localhost:7069/api/Appointment/GetAppointmentWithPatient - - - 204 - - 0.3301ms

2024-07-27 17:13:53.631 +05:30  INF  Request starting HTTP/2 GET https://localhost:7069/api/Appointment/GetAppointmentWithPatient application/json -

2024-07-27 17:13:53.631 +05:30  INF  CORS policy execution successful.

2024-07-27 17:13:54.281 +05:30  INF  Executed DbCommand (214ms) [Parameters=[@__id_0='?' (DbType = Int64)], CommandType='"Text"', CommandTimeout='30']
SELECT `u`.`Id`, `u`.`About_Me`, `u`.`Account_Type`, `u`.`Address`, `u`.`Available_Days`, `u`.`Bn_Name`, `u`.`City`, `u`.`Country`, `u`.`Created_At`, `u`.`Currency`, `u`.`Degree`, `u`.`Email`, `u`.`Email_Verified`, `u`.`Enable_Appointment`, `u`.`Enable_Rating`, `u`.`Exp_Years`, `u`.`Facebook`, `u`.`Google_Analytics`, `u`.`Image`, `u`.`Instagram`, `u`.`Linkedin`, `u`.`Name`, `u`.`Parent_Id`, `u`.`Password`, `u`.`Paypal_Email`, `u`.`Paypal_Mode`, `u`.`Paypal_Payment`, `u`.`Paystack_Payment`, `u`.`Paystack_Public_Key`, `u`.`Paystack_Secret_Key`, `u`.`Phone`, `u`.`Publish_Key`, `u`.`Qr_Code`, `u`.`Razorpay_Key_Id`, `u`.`Razorpay_Key_Secret`, `u`.`Razorpay_Payment`, `u`.`Role`, `u`.`Secret_Key`, `u`.`Skype`, `u`.`Slug`, `u`.`Specialist`, `u`.`Status`, `u`.`Stripe_Payment`, `u`.`Thumb`, `u`.`Trial_Expire`, `u`.`Twitter`, `u`.`User_Name`, `u`.`User_Type`, `u`.`Verify_Code`, `u`.`Whatsapp`
FROM `Users` AS `u`
WHERE `u`.`Id` = @__id_0
LIMIT 1

2024-07-27 17:13:54.282 +05:30  INF  Executing endpoint 'DCRM.Api.Controllers.AppointmentController.GetAppointmentWithPatient (DCRM.Api)'

2024-07-27 17:13:54.282 +05:30  INF  Route matched with {action = "GetAppointmentWithPatient", controller = "Appointment"}. Executing controller action with signature System.Collections.Generic.List`1[DCRM.Common.Dto.AppointmentDto] GetAppointmentWithPatient() on controller DCRM.Api.Controllers.AppointmentController (DCRM.Api).

2024-07-27 17:13:55.137 +05:30  INF  Executed DbCommand (429ms) [Parameters=[], CommandType='"Text"', CommandTimeout='30']
SELECT `a`.`Id`, `a`.`Appointment_Status`, `a`.`Cause`, `a`.`Chair`, `a`.`Chamber_Id`, `a`.`Created_At`, `a`.`Date`, `a`.`Doctor_Id`, `a`.`Doctor_Name`, `a`.`End_Time`, `a`.`Extra_Notes`, `a`.`Files`, `a`.`Is_Delete`, `a`.`Is_Start`, `a`.`Meeting_Notes`, `a`.`Number_Of_Slot`, `a`.`Patient_Id`, `a`.`Prescription_Id`, `a`.`Serial_Id`, `a`.`Slot_Time`, `a`.`Start_Time`, `a`.`Status`, `a`.`Type`, `a`.`User_Id`, `a`.`Workdone_Id`
FROM `Appointments` AS `a`
WHERE `a`.`Is_Delete` = 0

2024-07-27 17:13:55.997 +05:30  INF  Executed DbCommand (219ms) [Parameters=[], CommandType='"Text"', CommandTimeout='30']
SELECT `p`.`Id`, `p`.`Age`, `p`.`Chamber_Id`, `p`.`Created_At`, `p`.`Email`, `p`.`Guardian`, `p`.`Is_Delete`, `p`.`Mobile`, `p`.`Mr_Number`, `p`.`Name`, `p`.`Password`, `p`.`Permanent_Address`, `p`.`Present_Address`, `p`.`Role`, `p`.`Sex`, `p`.`Slug`, `p`.`Thumb`, `p`.`Title`, `p`.`UserName`, `p`.`User_Id`, `p`.`Verify_Code`, `p`.`Weight`
FROM `Patientses` AS `p`
WHERE `p`.`Is_Delete` = 0

2024-07-27 17:13:56.401 +05:30  INF  Request starting HTTP/2 GET https://localhost:7069/api/Appointment/GetAppointmentWithPatient application/json -

2024-07-27 17:13:56.401 +05:30  INF  CORS policy execution successful.

2024-07-27 17:13:57.042 +05:30  INF  Executed DbCommand (214ms) [Parameters=[@__id_0='?' (DbType = Int64)], CommandType='"Text"', CommandTimeout='30']
SELECT `u`.`Id`, `u`.`About_Me`, `u`.`Account_Type`, `u`.`Address`, `u`.`Available_Days`, `u`.`Bn_Name`, `u`.`City`, `u`.`Country`, `u`.`Created_At`, `u`.`Currency`, `u`.`Degree`, `u`.`Email`, `u`.`Email_Verified`, `u`.`Enable_Appointment`, `u`.`Enable_Rating`, `u`.`Exp_Years`, `u`.`Facebook`, `u`.`Google_Analytics`, `u`.`Image`, `u`.`Instagram`, `u`.`Linkedin`, `u`.`Name`, `u`.`Parent_Id`, `u`.`Password`, `u`.`Paypal_Email`, `u`.`Paypal_Mode`, `u`.`Paypal_Payment`, `u`.`Paystack_Payment`, `u`.`Paystack_Public_Key`, `u`.`Paystack_Secret_Key`, `u`.`Phone`, `u`.`Publish_Key`, `u`.`Qr_Code`, `u`.`Razorpay_Key_Id`, `u`.`Razorpay_Key_Secret`, `u`.`Razorpay_Payment`, `u`.`Role`, `u`.`Secret_Key`, `u`.`Skype`, `u`.`Slug`, `u`.`Specialist`, `u`.`Status`, `u`.`Stripe_Payment`, `u`.`Thumb`, `u`.`Trial_Expire`, `u`.`Twitter`, `u`.`User_Name`, `u`.`User_Type`, `u`.`Verify_Code`, `u`.`Whatsapp`
FROM `Users` AS `u`
WHERE `u`.`Id` = @__id_0
LIMIT 1

2024-07-27 17:13:57.042 +05:30  INF  Executing endpoint 'DCRM.Api.Controllers.AppointmentController.GetAppointmentWithPatient (DCRM.Api)'

2024-07-27 17:13:57.042 +05:30  INF  Route matched with {action = "GetAppointmentWithPatient", controller = "Appointment"}. Executing controller action with signature System.Collections.Generic.List`1[DCRM.Common.Dto.AppointmentDto] GetAppointmentWithPatient() on controller DCRM.Api.Controllers.AppointmentController (DCRM.Api).

2024-07-27 17:13:57.520 +05:30  INF  Executed DbCommand (215ms) [Parameters=[], CommandType='"Text"', CommandTimeout='30']
SELECT `d`.`Id`, `d`.`Age`, `d`.`Blood_Group`, `d`.`Created_At`, `d`.`Dob`, `d`.`Email`, `d`.`Email2`, `d`.`Gender`, `d`.`Gst_Number`, `d`.`Is_Delete`, `d`.`Marital_Status`, `d`.`Name`, `d`.`Pan_Number`, `d`.`Password`, `d`.`Phone1`, `d`.`Phone2`, `d`.`Phone3`, `d`.`Phone4`, `d`.`Qualification`, `d`.`Role`, `d`.`Speciality`, `d`.`Thumb`, `d`.`Updated_At`, `d`.`User_Id`
FROM `Doctors` AS `d`

2024-07-27 17:13:57.890 +05:30  INF  Executed DbCommand (426ms) [Parameters=[], CommandType='"Text"', CommandTimeout='30']
SELECT `a`.`Id`, `a`.`Appointment_Status`, `a`.`Cause`, `a`.`Chair`, `a`.`Chamber_Id`, `a`.`Created_At`, `a`.`Date`, `a`.`Doctor_Id`, `a`.`Doctor_Name`, `a`.`End_Time`, `a`.`Extra_Notes`, `a`.`Files`, `a`.`Is_Delete`, `a`.`Is_Start`, `a`.`Meeting_Notes`, `a`.`Number_Of_Slot`, `a`.`Patient_Id`, `a`.`Prescription_Id`, `a`.`Serial_Id`, `a`.`Slot_Time`, `a`.`Start_Time`, `a`.`Status`, `a`.`Type`, `a`.`User_Id`, `a`.`Workdone_Id`
FROM `Appointments` AS `a`
WHERE `a`.`Is_Delete` = 0

2024-07-27 17:13:58.158 +05:30  INF  Executing ObjectResult, writing value of type 'System.Collections.Generic.List`1[[DCRM.Common.Dto.AppointmentDto, DCRM.Common, Version=1.0.0.0, Culture=neutral, PublicKeyToken=null]]'.

2024-07-27 17:13:58.172 +05:30  INF  Executed action DCRM.Api.Controllers.AppointmentController.GetAppointmentWithPatient (DCRM.Api) in 3890.5459ms

2024-07-27 17:13:58.172 +05:30  INF  Executed endpoint 'DCRM.Api.Controllers.AppointmentController.GetAppointmentWithPatient (DCRM.Api)'

2024-07-27 17:13:58.173 +05:30  INF  Request finished HTTP/2 GET https://localhost:7069/api/Appointment/GetAppointmentWithPatient application/json - - 0 - application/json;+charset=utf-8 4541.4466ms

2024-07-27 17:13:58.748 +05:30  INF  Executed DbCommand (217ms) [Parameters=[], CommandType='"Text"', CommandTimeout='30']
SELECT `p`.`Id`, `p`.`Age`, `p`.`Chamber_Id`, `p`.`Created_At`, `p`.`Email`, `p`.`Guardian`, `p`.`Is_Delete`, `p`.`Mobile`, `p`.`Mr_Number`, `p`.`Name`, `p`.`Password`, `p`.`Permanent_Address`, `p`.`Present_Address`, `p`.`Role`, `p`.`Sex`, `p`.`Slug`, `p`.`Thumb`, `p`.`Title`, `p`.`UserName`, `p`.`User_Id`, `p`.`Verify_Code`, `p`.`Weight`
FROM `Patientses` AS `p`
WHERE `p`.`Is_Delete` = 0

2024-07-27 17:14:00.052 +05:30  INF  Executed DbCommand (216ms) [Parameters=[], CommandType='"Text"', CommandTimeout='30']
SELECT `d`.`Id`, `d`.`Age`, `d`.`Blood_Group`, `d`.`Created_At`, `d`.`Dob`, `d`.`Email`, `d`.`Email2`, `d`.`Gender`, `d`.`Gst_Number`, `d`.`Is_Delete`, `d`.`Marital_Status`, `d`.`Name`, `d`.`Pan_Number`, `d`.`Password`, `d`.`Phone1`, `d`.`Phone2`, `d`.`Phone3`, `d`.`Phone4`, `d`.`Qualification`, `d`.`Role`, `d`.`Speciality`, `d`.`Thumb`, `d`.`Updated_At`, `d`.`User_Id`
FROM `Doctors` AS `d`

2024-07-27 17:14:00.269 +05:30  INF  Executing ObjectResult, writing value of type 'System.Collections.Generic.List`1[[DCRM.Common.Dto.AppointmentDto, DCRM.Common, Version=1.0.0.0, Culture=neutral, PublicKeyToken=null]]'.

2024-07-27 17:14:00.270 +05:30  INF  Executed action DCRM.Api.Controllers.AppointmentController.GetAppointmentWithPatient (DCRM.Api) in 3227.8316ms

2024-07-27 17:14:00.270 +05:30  INF  Executed endpoint 'DCRM.Api.Controllers.AppointmentController.GetAppointmentWithPatient (DCRM.Api)'

2024-07-27 17:14:00.270 +05:30  INF  Request finished HTTP/2 GET https://localhost:7069/api/Appointment/GetAppointmentWithPatient application/json - - 200 - application/json;+charset=utf-8 3869.9104ms

2024-07-27 17:14:44.146 +05:30  INF  Request starting HTTP/2 OPTIONS https://localhost:7069/api/Drug/master/getall - -

2024-07-27 17:14:44.146 +05:30  INF  CORS policy execution successful.

2024-07-27 17:14:44.146 +05:30  INF  Request finished HTTP/2 OPTIONS https://localhost:7069/api/Drug/master/getall - - - 204 - - 0.8508ms

2024-07-27 17:14:44.153 +05:30  INF  Request starting HTTP/2 GET https://localhost:7069/api/Drug/master/getall application/json -

2024-07-27 17:14:44.156 +05:30  INF  CORS policy execution successful.

2024-07-27 17:14:44.805 +05:30  INF  Executed DbCommand (222ms) [Parameters=[@__id_0='?' (DbType = Int64)], CommandType='"Text"', CommandTimeout='30']
SELECT `u`.`Id`, `u`.`About_Me`, `u`.`Account_Type`, `u`.`Address`, `u`.`Available_Days`, `u`.`Bn_Name`, `u`.`City`, `u`.`Country`, `u`.`Created_At`, `u`.`Currency`, `u`.`Degree`, `u`.`Email`, `u`.`Email_Verified`, `u`.`Enable_Appointment`, `u`.`Enable_Rating`, `u`.`Exp_Years`, `u`.`Facebook`, `u`.`Google_Analytics`, `u`.`Image`, `u`.`Instagram`, `u`.`Linkedin`, `u`.`Name`, `u`.`Parent_Id`, `u`.`Password`, `u`.`Paypal_Email`, `u`.`Paypal_Mode`, `u`.`Paypal_Payment`, `u`.`Paystack_Payment`, `u`.`Paystack_Public_Key`, `u`.`Paystack_Secret_Key`, `u`.`Phone`, `u`.`Publish_Key`, `u`.`Qr_Code`, `u`.`Razorpay_Key_Id`, `u`.`Razorpay_Key_Secret`, `u`.`Razorpay_Payment`, `u`.`Role`, `u`.`Secret_Key`, `u`.`Skype`, `u`.`Slug`, `u`.`Specialist`, `u`.`Status`, `u`.`Stripe_Payment`, `u`.`Thumb`, `u`.`Trial_Expire`, `u`.`Twitter`, `u`.`User_Name`, `u`.`User_Type`, `u`.`Verify_Code`, `u`.`Whatsapp`
FROM `Users` AS `u`
WHERE `u`.`Id` = @__id_0
LIMIT 1

2024-07-27 17:14:44.806 +05:30  INF  Executing endpoint 'DCRM.Api.Controllers.DrugController.GetAllMaster (DCRM.Api)'

2024-07-27 17:14:44.807 +05:30  INF  Route matched with {action = "GetAllMaster", controller = "Drug"}. Executing controller action with signature System.Collections.Generic.List`1[DCRM.Common.Dto.MasterDataDto] GetAllMaster() on controller DCRM.Api.Controllers.DrugController (DCRM.Api).

2024-07-27 17:14:45.668 +05:30  INF  Executed DbCommand (434ms) [Parameters=[], CommandType='"Text"', CommandTimeout='30']
SELECT `m`.`Id`, `m`.`Basic_Salt`, `m`.`Company_Name`, `m`.`Created_At`, `m`.`Name`, `m`.`ParentId`, `m`.`TypeId`, `m`.`Updated_At`
FROM `Master_Data` AS `m`

2024-07-27 17:14:46.345 +05:30  INF  Executed DbCommand (217ms) [Parameters=[], CommandType='"Text"', CommandTimeout='30']
SELECT `m`.`Id`, `m`.`Name`
FROM `Master_Type` AS `m`

2024-07-27 17:14:46.354 +05:30  INF  Executing ObjectResult, writing value of type 'System.Collections.Generic.List`1[[DCRM.Common.Dto.MasterDataDto, DCRM.Common, Version=1.0.0.0, Culture=neutral, PublicKeyToken=null]]'.

2024-07-27 17:14:46.356 +05:30  INF  Executed action DCRM.Api.Controllers.DrugController.GetAllMaster (DCRM.Api) in 1549.6959ms

2024-07-27 17:14:46.357 +05:30  INF  Executed endpoint 'DCRM.Api.Controllers.DrugController.GetAllMaster (DCRM.Api)'

2024-07-27 17:14:46.357 +05:30  INF  Request finished HTTP/2 GET https://localhost:7069/api/Drug/master/getall application/json - - 200 - application/json;+charset=utf-8 2203.4540ms

2024-07-27 17:21:14.255 +05:30  INF  Request starting HTTP/2 OPTIONS https://localhost:7069/api/Authenticate/user - -

2024-07-27 17:21:14.255 +05:30  INF  CORS policy execution successful.

2024-07-27 17:21:14.255 +05:30  INF  Request finished HTTP/2 OPTIONS https://localhost:7069/api/Authenticate/user - - - 204 - - 0.4183ms

2024-07-27 17:21:14.257 +05:30  INF  Request starting HTTP/2 POST https://localhost:7069/api/Authenticate/user application/json 50

2024-07-27 17:21:14.257 +05:30  INF  CORS policy execution successful.

2024-07-27 17:21:14.258 +05:30  INF  Executing endpoint 'DCRM.Api.Controllers.AuthenticateController.Post (DCRM.Api)'

2024-07-27 17:21:14.259 +05:30  INF  Route matched with {action = "Post", controller = "Authenticate"}. Executing controller action with signature Microsoft.AspNetCore.Mvc.IActionResult Post(System.String, DCRM.Common.AuthenticateRequest) on controller DCRM.Api.Controllers.AuthenticateController (DCRM.Api).

2024-07-27 17:21:17.414 +05:30  INF  Executed DbCommand (221ms) [Parameters=[@__authenticateRequest_Email_0='?' (Size = 4000), @__authenticateRequest_Password_1='?' (Size = 4000)], CommandType='"Text"', CommandTimeout='30']
SELECT `u`.`Id`, `u`.`About_Me`, `u`.`Account_Type`, `u`.`Address`, `u`.`Available_Days`, `u`.`Bn_Name`, `u`.`City`, `u`.`Country`, `u`.`Created_At`, `u`.`Currency`, `u`.`Degree`, `u`.`Email`, `u`.`Email_Verified`, `u`.`Enable_Appointment`, `u`.`Enable_Rating`, `u`.`Exp_Years`, `u`.`Facebook`, `u`.`Google_Analytics`, `u`.`Image`, `u`.`Instagram`, `u`.`Linkedin`, `u`.`Name`, `u`.`Parent_Id`, `u`.`Password`, `u`.`Paypal_Email`, `u`.`Paypal_Mode`, `u`.`Paypal_Payment`, `u`.`Paystack_Payment`, `u`.`Paystack_Public_Key`, `u`.`Paystack_Secret_Key`, `u`.`Phone`, `u`.`Publish_Key`, `u`.`Qr_Code`, `u`.`Razorpay_Key_Id`, `u`.`Razorpay_Key_Secret`, `u`.`Razorpay_Payment`, `u`.`Role`, `u`.`Secret_Key`, `u`.`Skype`, `u`.`Slug`, `u`.`Specialist`, `u`.`Status`, `u`.`Stripe_Payment`, `u`.`Thumb`, `u`.`Trial_Expire`, `u`.`Twitter`, `u`.`User_Name`, `u`.`User_Type`, `u`.`Verify_Code`, `u`.`Whatsapp`
FROM `Users` AS `u`
WHERE ((`u`.`Status` = 1) AND (`u`.`Email` = @__authenticateRequest_Email_0)) AND (`u`.`Password` = @__authenticateRequest_Password_1)
LIMIT 2

2024-07-27 17:21:17.463 +05:30  INF  Executing OkObjectResult, writing value of type 'DCRM.Common.AuthenticateResponse'.

2024-07-27 17:21:17.468 +05:30  INF  Executed action DCRM.Api.Controllers.AuthenticateController.Post (DCRM.Api) in 3209.0457ms

2024-07-27 17:21:17.468 +05:30  INF  Executed endpoint 'DCRM.Api.Controllers.AuthenticateController.Post (DCRM.Api)'

2024-07-27 17:21:17.468 +05:30  INF  Request finished HTTP/2 POST https://localhost:7069/api/Authenticate/user application/json 50 - 200 - application/json;+charset=utf-8 3211.2192ms

2024-07-27 17:21:36.652 +05:30  INF  Request starting HTTP/2 OPTIONS https://localhost:7069/api/Dashboard/Get - -

2024-07-27 17:21:36.652 +05:30  INF  CORS policy execution successful.

2024-07-27 17:21:36.652 +05:30  INF  Request finished HTTP/2 OPTIONS https://localhost:7069/api/Dashboard/Get - - - 204 - - 0.4582ms

2024-07-27 17:21:36.663 +05:30  INF  Request starting HTTP/2 GET https://localhost:7069/api/Dashboard/Get application/json -

2024-07-27 17:21:36.663 +05:30  INF  CORS policy execution successful.

2024-07-27 17:21:37.327 +05:30  INF  Executed DbCommand (222ms) [Parameters=[@__id_0='?' (DbType = Int64)], CommandType='"Text"', CommandTimeout='30']
SELECT `u`.`Id`, `u`.`About_Me`, `u`.`Account_Type`, `u`.`Address`, `u`.`Available_Days`, `u`.`Bn_Name`, `u`.`City`, `u`.`Country`, `u`.`Created_At`, `u`.`Currency`, `u`.`Degree`, `u`.`Email`, `u`.`Email_Verified`, `u`.`Enable_Appointment`, `u`.`Enable_Rating`, `u`.`Exp_Years`, `u`.`Facebook`, `u`.`Google_Analytics`, `u`.`Image`, `u`.`Instagram`, `u`.`Linkedin`, `u`.`Name`, `u`.`Parent_Id`, `u`.`Password`, `u`.`Paypal_Email`, `u`.`Paypal_Mode`, `u`.`Paypal_Payment`, `u`.`Paystack_Payment`, `u`.`Paystack_Public_Key`, `u`.`Paystack_Secret_Key`, `u`.`Phone`, `u`.`Publish_Key`, `u`.`Qr_Code`, `u`.`Razorpay_Key_Id`, `u`.`Razorpay_Key_Secret`, `u`.`Razorpay_Payment`, `u`.`Role`, `u`.`Secret_Key`, `u`.`Skype`, `u`.`Slug`, `u`.`Specialist`, `u`.`Status`, `u`.`Stripe_Payment`, `u`.`Thumb`, `u`.`Trial_Expire`, `u`.`Twitter`, `u`.`User_Name`, `u`.`User_Type`, `u`.`Verify_Code`, `u`.`Whatsapp`
FROM `Users` AS `u`
WHERE `u`.`Id` = @__id_0
LIMIT 1

2024-07-27 17:21:37.327 +05:30  INF  Executing endpoint 'DCRM.Api.Controllers.DashboardController.Get (DCRM.Api)'

2024-07-27 17:21:37.328 +05:30  INF  Route matched with {action = "Get", controller = "Dashboard"}. Executing controller action with signature DCRM.Common.Dto.DashboardDto Get() on controller DCRM.Api.Controllers.DashboardController (DCRM.Api).

2024-07-27 17:21:38.031 +05:30  INF  Executed DbCommand (220ms) [Parameters=[@__p_0='?' (DbType = Int64)], CommandType='"Text"', CommandTimeout='30']
SELECT COUNT(*)
FROM `Patientses` AS `p`
WHERE (`p`.`User_Id` = @__p_0) AND (`p`.`Is_Delete` = 0)

2024-07-27 17:21:38.694 +05:30  INF  Executed DbCommand (221ms) [Parameters=[@__userId_0='?' (DbType = Int32)], CommandType='"Text"', CommandTimeout='30']
SELECT COUNT(*)
FROM `Staffs` AS `s`
WHERE (`s`.`User_Id` = @__userId_0) AND (`s`.`Is_Deleted` = 0)

2024-07-27 17:21:39.358 +05:30  INF  Executed DbCommand (219ms) [Parameters=[@__userId_0='?' (DbType = Int32)], CommandType='"Text"', CommandTimeout='30']
SELECT COUNT(*)
FROM `Appointments` AS `a`
WHERE (`a`.`User_Id` = @__userId_0) AND (`a`.`Is_Delete` = 0)

2024-07-27 17:21:40.035 +05:30  INF  Executed DbCommand (220ms) [Parameters=[@__userId_0='?' (DbType = Int32)], CommandType='"Text"', CommandTimeout='30']
SELECT COUNT(*)
FROM `Appointments` AS `a`
WHERE ((`a`.`User_Id` = @__userId_0) AND (`a`.`Is_Delete` = 0)) AND (`a`.`Date` = CURDATE())

2024-07-27 17:21:40.035 +05:30  INF  Executing ObjectResult, writing value of type 'DCRM.Common.Dto.DashboardDto'.

2024-07-27 17:21:40.037 +05:30  INF  Executed action DCRM.Api.Controllers.DashboardController.Get (DCRM.Api) in 2708.5821ms

2024-07-27 17:21:40.037 +05:30  INF  Executed endpoint 'DCRM.Api.Controllers.DashboardController.Get (DCRM.Api)'

2024-07-27 17:21:40.037 +05:30  INF  Request finished HTTP/2 GET https://localhost:7069/api/Dashboard/Get application/json - - 200 - application/json;+charset=utf-8 3374.4179ms

2024-07-27 17:21:48.145 +05:30  INF  Request starting HTTP/2 OPTIONS https://localhost:7069/api/Appointment/GetAppointmentWithPatient - -

2024-07-27 17:21:48.145 +05:30  INF  CORS policy execution successful.

2024-07-27 17:21:48.145 +05:30  INF  Request finished HTTP/2 OPTIONS https://localhost:7069/api/Appointment/GetAppointmentWithPatient - - - 204 - - 0.2147ms

2024-07-27 17:21:48.148 +05:30  INF  Request starting HTTP/2 GET https://localhost:7069/api/Appointment/GetAppointmentWithPatient application/json -

2024-07-27 17:21:48.148 +05:30  INF  CORS policy execution successful.

2024-07-27 17:21:48.810 +05:30  INF  Executed DbCommand (223ms) [Parameters=[@__id_0='?' (DbType = Int64)], CommandType='"Text"', CommandTimeout='30']
SELECT `u`.`Id`, `u`.`About_Me`, `u`.`Account_Type`, `u`.`Address`, `u`.`Available_Days`, `u`.`Bn_Name`, `u`.`City`, `u`.`Country`, `u`.`Created_At`, `u`.`Currency`, `u`.`Degree`, `u`.`Email`, `u`.`Email_Verified`, `u`.`Enable_Appointment`, `u`.`Enable_Rating`, `u`.`Exp_Years`, `u`.`Facebook`, `u`.`Google_Analytics`, `u`.`Image`, `u`.`Instagram`, `u`.`Linkedin`, `u`.`Name`, `u`.`Parent_Id`, `u`.`Password`, `u`.`Paypal_Email`, `u`.`Paypal_Mode`, `u`.`Paypal_Payment`, `u`.`Paystack_Payment`, `u`.`Paystack_Public_Key`, `u`.`Paystack_Secret_Key`, `u`.`Phone`, `u`.`Publish_Key`, `u`.`Qr_Code`, `u`.`Razorpay_Key_Id`, `u`.`Razorpay_Key_Secret`, `u`.`Razorpay_Payment`, `u`.`Role`, `u`.`Secret_Key`, `u`.`Skype`, `u`.`Slug`, `u`.`Specialist`, `u`.`Status`, `u`.`Stripe_Payment`, `u`.`Thumb`, `u`.`Trial_Expire`, `u`.`Twitter`, `u`.`User_Name`, `u`.`User_Type`, `u`.`Verify_Code`, `u`.`Whatsapp`
FROM `Users` AS `u`
WHERE `u`.`Id` = @__id_0
LIMIT 1

2024-07-27 17:21:48.810 +05:30  INF  Executing endpoint 'DCRM.Api.Controllers.AppointmentController.GetAppointmentWithPatient (DCRM.Api)'

2024-07-27 17:21:48.810 +05:30  INF  Route matched with {action = "GetAppointmentWithPatient", controller = "Appointment"}. Executing controller action with signature System.Collections.Generic.List`1[DCRM.Common.Dto.AppointmentDto] GetAppointmentWithPatient() on controller DCRM.Api.Controllers.AppointmentController (DCRM.Api).

2024-07-27 17:21:49.685 +05:30  INF  Executed DbCommand (440ms) [Parameters=[], CommandType='"Text"', CommandTimeout='30']
SELECT `a`.`Id`, `a`.`Appointment_Status`, `a`.`Cause`, `a`.`Chair`, `a`.`Chamber_Id`, `a`.`Created_At`, `a`.`Date`, `a`.`Doctor_Id`, `a`.`Doctor_Name`, `a`.`End_Time`, `a`.`Extra_Notes`, `a`.`Files`, `a`.`Is_Delete`, `a`.`Is_Start`, `a`.`Meeting_Notes`, `a`.`Number_Of_Slot`, `a`.`Patient_Id`, `a`.`Prescription_Id`, `a`.`Serial_Id`, `a`.`Slot_Time`, `a`.`Start_Time`, `a`.`Status`, `a`.`Type`, `a`.`User_Id`, `a`.`Workdone_Id`
FROM `Appointments` AS `a`
WHERE `a`.`Is_Delete` = 0

2024-07-27 17:21:50.572 +05:30  INF  Executed DbCommand (223ms) [Parameters=[], CommandType='"Text"', CommandTimeout='30']
SELECT `p`.`Id`, `p`.`Age`, `p`.`Chamber_Id`, `p`.`Created_At`, `p`.`Email`, `p`.`Guardian`, `p`.`Is_Delete`, `p`.`Mobile`, `p`.`Mr_Number`, `p`.`Name`, `p`.`Password`, `p`.`Permanent_Address`, `p`.`Present_Address`, `p`.`Role`, `p`.`Sex`, `p`.`Slug`, `p`.`Thumb`, `p`.`Title`, `p`.`UserName`, `p`.`User_Id`, `p`.`Verify_Code`, `p`.`Weight`
FROM `Patientses` AS `p`
WHERE `p`.`Is_Delete` = 0

2024-07-27 17:21:52.129 +05:30  INF  Executed DbCommand (221ms) [Parameters=[], CommandType='"Text"', CommandTimeout='30']
SELECT `d`.`Id`, `d`.`Age`, `d`.`Blood_Group`, `d`.`Created_At`, `d`.`Dob`, `d`.`Email`, `d`.`Email2`, `d`.`Gender`, `d`.`Gst_Number`, `d`.`Is_Delete`, `d`.`Marital_Status`, `d`.`Name`, `d`.`Pan_Number`, `d`.`Password`, `d`.`Phone1`, `d`.`Phone2`, `d`.`Phone3`, `d`.`Phone4`, `d`.`Qualification`, `d`.`Role`, `d`.`Speciality`, `d`.`Thumb`, `d`.`Updated_At`, `d`.`User_Id`
FROM `Doctors` AS `d`

2024-07-27 17:21:52.352 +05:30  INF  Executing ObjectResult, writing value of type 'System.Collections.Generic.List`1[[DCRM.Common.Dto.AppointmentDto, DCRM.Common, Version=1.0.0.0, Culture=neutral, PublicKeyToken=null]]'.

2024-07-27 17:21:52.352 +05:30  INF  Executed action DCRM.Api.Controllers.AppointmentController.GetAppointmentWithPatient (DCRM.Api) in 3542.6326ms

2024-07-27 17:21:52.352 +05:30  INF  Executed endpoint 'DCRM.Api.Controllers.AppointmentController.GetAppointmentWithPatient (DCRM.Api)'

2024-07-27 17:21:52.353 +05:30  INF  Request finished HTTP/2 GET https://localhost:7069/api/Appointment/GetAppointmentWithPatient application/json - - 200 - application/json;+charset=utf-8 4204.8942ms

2024-07-27 17:23:05.003 +05:30  INF  Request starting HTTP/2 OPTIONS https://localhost:7069/api/Appointment/GetAppointmentWithPatient - -

2024-07-27 17:23:05.003 +05:30  INF  CORS policy execution successful.

2024-07-27 17:23:05.005 +05:30  INF  Request finished HTTP/2 OPTIONS https://localhost:7069/api/Appointment/GetAppointmentWithPatient - - - 204 - - 1.8118ms

2024-07-27 17:23:05.011 +05:30  INF  Request starting HTTP/2 GET https://localhost:7069/api/Appointment/GetAppointmentWithPatient application/json -

2024-07-27 17:23:05.013 +05:30  INF  CORS policy execution successful.

2024-07-27 17:23:05.672 +05:30  INF  Executed DbCommand (218ms) [Parameters=[@__id_0='?' (DbType = Int64)], CommandType='"Text"', CommandTimeout='30']
SELECT `u`.`Id`, `u`.`About_Me`, `u`.`Account_Type`, `u`.`Address`, `u`.`Available_Days`, `u`.`Bn_Name`, `u`.`City`, `u`.`Country`, `u`.`Created_At`, `u`.`Currency`, `u`.`Degree`, `u`.`Email`, `u`.`Email_Verified`, `u`.`Enable_Appointment`, `u`.`Enable_Rating`, `u`.`Exp_Years`, `u`.`Facebook`, `u`.`Google_Analytics`, `u`.`Image`, `u`.`Instagram`, `u`.`Linkedin`, `u`.`Name`, `u`.`Parent_Id`, `u`.`Password`, `u`.`Paypal_Email`, `u`.`Paypal_Mode`, `u`.`Paypal_Payment`, `u`.`Paystack_Payment`, `u`.`Paystack_Public_Key`, `u`.`Paystack_Secret_Key`, `u`.`Phone`, `u`.`Publish_Key`, `u`.`Qr_Code`, `u`.`Razorpay_Key_Id`, `u`.`Razorpay_Key_Secret`, `u`.`Razorpay_Payment`, `u`.`Role`, `u`.`Secret_Key`, `u`.`Skype`, `u`.`Slug`, `u`.`Specialist`, `u`.`Status`, `u`.`Stripe_Payment`, `u`.`Thumb`, `u`.`Trial_Expire`, `u`.`Twitter`, `u`.`User_Name`, `u`.`User_Type`, `u`.`Verify_Code`, `u`.`Whatsapp`
FROM `Users` AS `u`
WHERE `u`.`Id` = @__id_0
LIMIT 1

2024-07-27 17:23:05.672 +05:30  INF  Executing endpoint 'DCRM.Api.Controllers.AppointmentController.GetAppointmentWithPatient (DCRM.Api)'

2024-07-27 17:23:05.673 +05:30  INF  Route matched with {action = "GetAppointmentWithPatient", controller = "Appointment"}. Executing controller action with signature System.Collections.Generic.List`1[DCRM.Common.Dto.AppointmentDto] GetAppointmentWithPatient() on controller DCRM.Api.Controllers.AppointmentController (DCRM.Api).

2024-07-27 17:23:05.837 +05:30  INF  Request starting HTTP/2 OPTIONS https://localhost:7069/api/Dashboard/Get - -

2024-07-27 17:23:05.837 +05:30  INF  CORS policy execution successful.

2024-07-27 17:23:05.837 +05:30  INF  Request finished HTTP/2 OPTIONS https://localhost:7069/api/Dashboard/Get - - - 204 - - 0.3324ms

2024-07-27 17:23:05.841 +05:30  INF  Request starting HTTP/2 GET https://localhost:7069/api/Dashboard/Get application/json -

2024-07-27 17:23:05.841 +05:30  INF  CORS policy execution successful.

2024-07-27 17:23:06.541 +05:30  INF  Executed DbCommand (435ms) [Parameters=[], CommandType='"Text"', CommandTimeout='30']
SELECT `a`.`Id`, `a`.`Appointment_Status`, `a`.`Cause`, `a`.`Chair`, `a`.`Chamber_Id`, `a`.`Created_At`, `a`.`Date`, `a`.`Doctor_Id`, `a`.`Doctor_Name`, `a`.`End_Time`, `a`.`Extra_Notes`, `a`.`Files`, `a`.`Is_Delete`, `a`.`Is_Start`, `a`.`Meeting_Notes`, `a`.`Number_Of_Slot`, `a`.`Patient_Id`, `a`.`Prescription_Id`, `a`.`Serial_Id`, `a`.`Slot_Time`, `a`.`Start_Time`, `a`.`Status`, `a`.`Type`, `a`.`User_Id`, `a`.`Workdone_Id`
FROM `Appointments` AS `a`
WHERE `a`.`Is_Delete` = 0

2024-07-27 17:23:07.422 +05:30  INF  Executed DbCommand (222ms) [Parameters=[], CommandType='"Text"', CommandTimeout='30']
SELECT `p`.`Id`, `p`.`Age`, `p`.`Chamber_Id`, `p`.`Created_At`, `p`.`Email`, `p`.`Guardian`, `p`.`Is_Delete`, `p`.`Mobile`, `p`.`Mr_Number`, `p`.`Name`, `p`.`Password`, `p`.`Permanent_Address`, `p`.`Present_Address`, `p`.`Role`, `p`.`Sex`, `p`.`Slug`, `p`.`Thumb`, `p`.`Title`, `p`.`UserName`, `p`.`User_Id`, `p`.`Verify_Code`, `p`.`Weight`
FROM `Patientses` AS `p`
WHERE `p`.`Is_Delete` = 0

2024-07-27 17:23:08.744 +05:30  INF  Executed DbCommand (221ms) [Parameters=[], CommandType='"Text"', CommandTimeout='30']
SELECT `d`.`Id`, `d`.`Age`, `d`.`Blood_Group`, `d`.`Created_At`, `d`.`Dob`, `d`.`Email`, `d`.`Email2`, `d`.`Gender`, `d`.`Gst_Number`, `d`.`Is_Delete`, `d`.`Marital_Status`, `d`.`Name`, `d`.`Pan_Number`, `d`.`Password`, `d`.`Phone1`, `d`.`Phone2`, `d`.`Phone3`, `d`.`Phone4`, `d`.`Qualification`, `d`.`Role`, `d`.`Speciality`, `d`.`Thumb`, `d`.`Updated_At`, `d`.`User_Id`
FROM `Doctors` AS `d`

2024-07-27 17:23:08.761 +05:30  INF  Executing ObjectResult, writing value of type 'System.Collections.Generic.List`1[[DCRM.Common.Dto.AppointmentDto, DCRM.Common, Version=1.0.0.0, Culture=neutral, PublicKeyToken=null]]'.

2024-07-27 17:23:08.763 +05:30  INF  Executed action DCRM.Api.Controllers.AppointmentController.GetAppointmentWithPatient (DCRM.Api) in 3090.8617ms

2024-07-27 17:23:08.764 +05:30  INF  Executed endpoint 'DCRM.Api.Controllers.AppointmentController.GetAppointmentWithPatient (DCRM.Api)'

2024-07-27 17:23:08.764 +05:30  INF  Request finished HTTP/2 GET https://localhost:7069/api/Appointment/GetAppointmentWithPatient application/json - - 200 - application/json;+charset=utf-8 3752.7966ms

2024-07-27 17:23:08.984 +05:30  INF  Executed DbCommand (218ms) [Parameters=[@__id_0='?' (DbType = Int64)], CommandType='"Text"', CommandTimeout='30']
SELECT `u`.`Id`, `u`.`About_Me`, `u`.`Account_Type`, `u`.`Address`, `u`.`Available_Days`, `u`.`Bn_Name`, `u`.`City`, `u`.`Country`, `u`.`Created_At`, `u`.`Currency`, `u`.`Degree`, `u`.`Email`, `u`.`Email_Verified`, `u`.`Enable_Appointment`, `u`.`Enable_Rating`, `u`.`Exp_Years`, `u`.`Facebook`, `u`.`Google_Analytics`, `u`.`Image`, `u`.`Instagram`, `u`.`Linkedin`, `u`.`Name`, `u`.`Parent_Id`, `u`.`Password`, `u`.`Paypal_Email`, `u`.`Paypal_Mode`, `u`.`Paypal_Payment`, `u`.`Paystack_Payment`, `u`.`Paystack_Public_Key`, `u`.`Paystack_Secret_Key`, `u`.`Phone`, `u`.`Publish_Key`, `u`.`Qr_Code`, `u`.`Razorpay_Key_Id`, `u`.`Razorpay_Key_Secret`, `u`.`Razorpay_Payment`, `u`.`Role`, `u`.`Secret_Key`, `u`.`Skype`, `u`.`Slug`, `u`.`Specialist`, `u`.`Status`, `u`.`Stripe_Payment`, `u`.`Thumb`, `u`.`Trial_Expire`, `u`.`Twitter`, `u`.`User_Name`, `u`.`User_Type`, `u`.`Verify_Code`, `u`.`Whatsapp`
FROM `Users` AS `u`
WHERE `u`.`Id` = @__id_0
LIMIT 1

2024-07-27 17:23:08.984 +05:30  INF  Executing endpoint 'DCRM.Api.Controllers.DashboardController.Get (DCRM.Api)'

2024-07-27 17:23:08.984 +05:30  INF  Route matched with {action = "Get", controller = "Dashboard"}. Executing controller action with signature DCRM.Common.Dto.DashboardDto Get() on controller DCRM.Api.Controllers.DashboardController (DCRM.Api).

2024-07-27 17:23:09.640 +05:30  INF  Executed DbCommand (220ms) [Parameters=[@__p_0='?' (DbType = Int64)], CommandType='"Text"', CommandTimeout='30']
SELECT COUNT(*)
FROM `Patientses` AS `p`
WHERE (`p`.`User_Id` = @__p_0) AND (`p`.`Is_Delete` = 0)

2024-07-27 17:23:10.299 +05:30  INF  Executed DbCommand (220ms) [Parameters=[@__userId_0='?' (DbType = Int32)], CommandType='"Text"', CommandTimeout='30']
SELECT COUNT(*)
FROM `Staffs` AS `s`
WHERE (`s`.`User_Id` = @__userId_0) AND (`s`.`Is_Deleted` = 0)

2024-07-27 17:23:10.956 +05:30  INF  Executed DbCommand (219ms) [Parameters=[@__userId_0='?' (DbType = Int32)], CommandType='"Text"', CommandTimeout='30']
SELECT COUNT(*)
FROM `Appointments` AS `a`
WHERE (`a`.`User_Id` = @__userId_0) AND (`a`.`Is_Delete` = 0)

2024-07-27 17:23:11.614 +05:30  INF  Executed DbCommand (219ms) [Parameters=[@__userId_0='?' (DbType = Int32)], CommandType='"Text"', CommandTimeout='30']
SELECT COUNT(*)
FROM `Appointments` AS `a`
WHERE ((`a`.`User_Id` = @__userId_0) AND (`a`.`Is_Delete` = 0)) AND (`a`.`Date` = CURDATE())

2024-07-27 17:23:11.615 +05:30  INF  Executing ObjectResult, writing value of type 'DCRM.Common.Dto.DashboardDto'.

2024-07-27 17:23:11.615 +05:30  INF  Executed action DCRM.Api.Controllers.DashboardController.Get (DCRM.Api) in 2630.5344ms

2024-07-27 17:23:11.615 +05:30  INF  Executed endpoint 'DCRM.Api.Controllers.DashboardController.Get (DCRM.Api)'

2024-07-27 17:23:11.615 +05:30  INF  Request finished HTTP/2 GET https://localhost:7069/api/Dashboard/Get application/json - - 200 - application/json;+charset=utf-8 5774.6031ms

2024-07-27 17:23:21.801 +05:30  INF  Request starting HTTP/2 OPTIONS https://localhost:7069/api/Appointment/Get/387 - -

2024-07-27 17:23:21.801 +05:30  INF  CORS policy execution successful.

2024-07-27 17:23:21.801 +05:30  INF  Request finished HTTP/2 OPTIONS https://localhost:7069/api/Appointment/Get/387 - - - 204 - - 0.4371ms

2024-07-27 17:23:21.810 +05:30  INF  Request starting HTTP/2 GET https://localhost:7069/api/Appointment/Get/387 application/json -

2024-07-27 17:23:21.810 +05:30  INF  CORS policy execution successful.

2024-07-27 17:23:22.476 +05:30  INF  Executed DbCommand (226ms) [Parameters=[@__id_0='?' (DbType = Int64)], CommandType='"Text"', CommandTimeout='30']
SELECT `u`.`Id`, `u`.`About_Me`, `u`.`Account_Type`, `u`.`Address`, `u`.`Available_Days`, `u`.`Bn_Name`, `u`.`City`, `u`.`Country`, `u`.`Created_At`, `u`.`Currency`, `u`.`Degree`, `u`.`Email`, `u`.`Email_Verified`, `u`.`Enable_Appointment`, `u`.`Enable_Rating`, `u`.`Exp_Years`, `u`.`Facebook`, `u`.`Google_Analytics`, `u`.`Image`, `u`.`Instagram`, `u`.`Linkedin`, `u`.`Name`, `u`.`Parent_Id`, `u`.`Password`, `u`.`Paypal_Email`, `u`.`Paypal_Mode`, `u`.`Paypal_Payment`, `u`.`Paystack_Payment`, `u`.`Paystack_Public_Key`, `u`.`Paystack_Secret_Key`, `u`.`Phone`, `u`.`Publish_Key`, `u`.`Qr_Code`, `u`.`Razorpay_Key_Id`, `u`.`Razorpay_Key_Secret`, `u`.`Razorpay_Payment`, `u`.`Role`, `u`.`Secret_Key`, `u`.`Skype`, `u`.`Slug`, `u`.`Specialist`, `u`.`Status`, `u`.`Stripe_Payment`, `u`.`Thumb`, `u`.`Trial_Expire`, `u`.`Twitter`, `u`.`User_Name`, `u`.`User_Type`, `u`.`Verify_Code`, `u`.`Whatsapp`
FROM `Users` AS `u`
WHERE `u`.`Id` = @__id_0
LIMIT 1

2024-07-27 17:23:22.477 +05:30  INF  Executing endpoint 'DCRM.Api.Controllers.AppointmentController.Get (DCRM.Api)'

2024-07-27 17:23:22.477 +05:30  INF  Route matched with {action = "Get", controller = "Appointment"}. Executing controller action with signature DCRM.Common.Entity.Appointment Get(Int32) on controller DCRM.Api.Controllers.AppointmentController (DCRM.Api).

2024-07-27 17:23:23.131 +05:30  INF  Executed DbCommand (219ms) [Parameters=[@__id_0='?' (DbType = Int64)], CommandType='"Text"', CommandTimeout='30']
SELECT `a`.`Id`, `a`.`Appointment_Status`, `a`.`Cause`, `a`.`Chair`, `a`.`Chamber_Id`, `a`.`Created_At`, `a`.`Date`, `a`.`Doctor_Id`, `a`.`Doctor_Name`, `a`.`End_Time`, `a`.`Extra_Notes`, `a`.`Files`, `a`.`Is_Delete`, `a`.`Is_Start`, `a`.`Meeting_Notes`, `a`.`Number_Of_Slot`, `a`.`Patient_Id`, `a`.`Prescription_Id`, `a`.`Serial_Id`, `a`.`Slot_Time`, `a`.`Start_Time`, `a`.`Status`, `a`.`Type`, `a`.`User_Id`, `a`.`Workdone_Id`
FROM `Appointments` AS `a`
WHERE (`a`.`Id` = @__id_0) AND (`a`.`Is_Delete` = 0)
LIMIT 1

2024-07-27 17:23:23.131 +05:30  INF  Executing ObjectResult, writing value of type 'DCRM.Common.Entity.Appointment'.

2024-07-27 17:23:23.131 +05:30  INF  Executed action DCRM.Api.Controllers.AppointmentController.Get (DCRM.Api) in 654.2646ms

2024-07-27 17:23:23.131 +05:30  INF  Executed endpoint 'DCRM.Api.Controllers.AppointmentController.Get (DCRM.Api)'

2024-07-27 17:23:23.131 +05:30  INF  Request finished HTTP/2 GET https://localhost:7069/api/Appointment/Get/387 application/json - - 200 - application/json;+charset=utf-8 1321.8689ms

2024-07-27 17:23:23.163 +05:30  INF  Request starting HTTP/2 OPTIONS https://localhost:7069/api/Patient/Get/387 - -

2024-07-27 17:23:23.164 +05:30  INF  CORS policy execution successful.

2024-07-27 17:23:23.164 +05:30  INF  Request finished HTTP/2 OPTIONS https://localhost:7069/api/Patient/Get/387 - - - 204 - - 0.3581ms

2024-07-27 17:23:23.168 +05:30  INF  Request starting HTTP/2 OPTIONS https://localhost:7069/api/Doctor/Get/Names - -

2024-07-27 17:23:23.169 +05:30  INF  Request starting HTTP/2 GET https://localhost:7069/api/Patient/Get/387 application/json -

2024-07-27 17:23:23.169 +05:30  INF  Request starting HTTP/2 OPTIONS https://localhost:7069/api/Patient/Get/Names - -

2024-07-27 17:23:23.169 +05:30  INF  Request starting HTTP/2 OPTIONS https://localhost:7069/api/Patient/Get/508 - -

2024-07-27 17:23:23.169 +05:30  INF  CORS policy execution successful.

2024-07-27 17:23:23.169 +05:30  INF  CORS policy execution successful.

2024-07-27 17:23:23.169 +05:30  INF  Request starting HTTP/2 OPTIONS https://localhost:7069/api/Chair/GetAll - -

2024-07-27 17:23:23.169 +05:30  INF  CORS policy execution successful.

2024-07-27 17:23:23.170 +05:30  INF  CORS policy execution successful.

2024-07-27 17:23:23.169 +05:30  INF  CORS policy execution successful.

2024-07-27 17:23:23.170 +05:30  INF  Request finished HTTP/2 OPTIONS https://localhost:7069/api/Doctor/Get/Names - - - 204 - - 1.2074ms

2024-07-27 17:23:23.170 +05:30  INF  Request finished HTTP/2 OPTIONS https://localhost:7069/api/Patient/Get/508 - - - 204 - - 0.4424ms

2024-07-27 17:23:23.170 +05:30  INF  Request finished HTTP/2 OPTIONS https://localhost:7069/api/Chair/GetAll - - - 204 - - 0.3454ms

2024-07-27 17:23:23.170 +05:30  INF  Request finished HTTP/2 OPTIONS https://localhost:7069/api/Patient/Get/Names - - - 204 - - 0.5211ms

2024-07-27 17:23:23.173 +05:30  INF  Request starting HTTP/2 GET https://localhost:7069/api/Doctor/Get/Names application/json -

2024-07-27 17:23:23.173 +05:30  INF  CORS policy execution successful.

2024-07-27 17:23:23.174 +05:30  INF  Request starting HTTP/2 GET https://localhost:7069/api/Patient/Get/508 application/json -

2024-07-27 17:23:23.174 +05:30  INF  CORS policy execution successful.

2024-07-27 17:23:23.174 +05:30  INF  Request starting HTTP/2 GET https://localhost:7069/api/Chair/GetAll application/json -

2024-07-27 17:23:23.174 +05:30  INF  CORS policy execution successful.

2024-07-27 17:23:23.174 +05:30  INF  Request starting HTTP/2 GET https://localhost:7069/api/Patient/Get/Names application/json -

2024-07-27 17:23:23.175 +05:30  INF  CORS policy execution successful.

2024-07-27 17:23:23.828 +05:30  INF  Executed DbCommand (220ms) [Parameters=[@__id_0='?' (DbType = Int64)], CommandType='"Text"', CommandTimeout='30']
SELECT `u`.`Id`, `u`.`About_Me`, `u`.`Account_Type`, `u`.`Address`, `u`.`Available_Days`, `u`.`Bn_Name`, `u`.`City`, `u`.`Country`, `u`.`Created_At`, `u`.`Currency`, `u`.`Degree`, `u`.`Email`, `u`.`Email_Verified`, `u`.`Enable_Appointment`, `u`.`Enable_Rating`, `u`.`Exp_Years`, `u`.`Facebook`, `u`.`Google_Analytics`, `u`.`Image`, `u`.`Instagram`, `u`.`Linkedin`, `u`.`Name`, `u`.`Parent_Id`, `u`.`Password`, `u`.`Paypal_Email`, `u`.`Paypal_Mode`, `u`.`Paypal_Payment`, `u`.`Paystack_Payment`, `u`.`Paystack_Public_Key`, `u`.`Paystack_Secret_Key`, `u`.`Phone`, `u`.`Publish_Key`, `u`.`Qr_Code`, `u`.`Razorpay_Key_Id`, `u`.`Razorpay_Key_Secret`, `u`.`Razorpay_Payment`, `u`.`Role`, `u`.`Secret_Key`, `u`.`Skype`, `u`.`Slug`, `u`.`Specialist`, `u`.`Status`, `u`.`Stripe_Payment`, `u`.`Thumb`, `u`.`Trial_Expire`, `u`.`Twitter`, `u`.`User_Name`, `u`.`User_Type`, `u`.`Verify_Code`, `u`.`Whatsapp`
FROM `Users` AS `u`
WHERE `u`.`Id` = @__id_0
LIMIT 1

2024-07-27 17:23:23.829 +05:30  INF  Executing endpoint 'DCRM.Api.Controllers.PatientController.Get (DCRM.Api)'

2024-07-27 17:23:23.829 +05:30  INF  Route matched with {action = "Get", controller = "Patient"}. Executing controller action with signature DCRM.Common.Dto.PatientseDto Get(Int64) on controller DCRM.Api.Controllers.PatientController (DCRM.Api).

2024-07-27 17:23:23.834 +05:30  INF  Executed DbCommand (221ms) [Parameters=[@__id_0='?' (DbType = Int64)], CommandType='"Text"', CommandTimeout='30']
SELECT `u`.`Id`, `u`.`About_Me`, `u`.`Account_Type`, `u`.`Address`, `u`.`Available_Days`, `u`.`Bn_Name`, `u`.`City`, `u`.`Country`, `u`.`Created_At`, `u`.`Currency`, `u`.`Degree`, `u`.`Email`, `u`.`Email_Verified`, `u`.`Enable_Appointment`, `u`.`Enable_Rating`, `u`.`Exp_Years`, `u`.`Facebook`, `u`.`Google_Analytics`, `u`.`Image`, `u`.`Instagram`, `u`.`Linkedin`, `u`.`Name`, `u`.`Parent_Id`, `u`.`Password`, `u`.`Paypal_Email`, `u`.`Paypal_Mode`, `u`.`Paypal_Payment`, `u`.`Paystack_Payment`, `u`.`Paystack_Public_Key`, `u`.`Paystack_Secret_Key`, `u`.`Phone`, `u`.`Publish_Key`, `u`.`Qr_Code`, `u`.`Razorpay_Key_Id`, `u`.`Razorpay_Key_Secret`, `u`.`Razorpay_Payment`, `u`.`Role`, `u`.`Secret_Key`, `u`.`Skype`, `u`.`Slug`, `u`.`Specialist`, `u`.`Status`, `u`.`Stripe_Payment`, `u`.`Thumb`, `u`.`Trial_Expire`, `u`.`Twitter`, `u`.`User_Name`, `u`.`User_Type`, `u`.`Verify_Code`, `u`.`Whatsapp`
FROM `Users` AS `u`
WHERE `u`.`Id` = @__id_0
LIMIT 1

2024-07-27 17:23:23.835 +05:30  INF  Executing endpoint 'DCRM.Api.Controllers.DoctorController.DoctorNameList (DCRM.Api)'

2024-07-27 17:23:23.835 +05:30  INF  Route matched with {action = "DoctorNameList", controller = "Doctor"}. Executing controller action with signature System.Collections.Generic.List`1[DCRM.Common.Dto.DropdownDataDto] DoctorNameList() on controller DCRM.Api.Controllers.DoctorController (DCRM.Api).

2024-07-27 17:23:24.490 +05:30  INF  Executed DbCommand (219ms) [Parameters=[@__id_0='?' (DbType = Int64)], CommandType='"Text"', CommandTimeout='30']
SELECT `p`.`Id`, `p`.`Age`, `p`.`Chamber_Id`, `p`.`Created_At`, `p`.`Email`, `p`.`Guardian`, `p`.`Is_Delete`, `p`.`Mobile`, `p`.`Mr_Number`, `p`.`Name`, `p`.`Password`, `p`.`Permanent_Address`, `p`.`Present_Address`, `p`.`Role`, `p`.`Sex`, `p`.`Slug`, `p`.`Thumb`, `p`.`Title`, `p`.`UserName`, `p`.`User_Id`, `p`.`Verify_Code`, `p`.`Weight`
FROM `Patientses` AS `p`
WHERE (`p`.`Is_Delete` = 0) AND (`p`.`Id` = @__id_0)
LIMIT 1

2024-07-27 17:23:24.711 +05:30  INF  Executed DbCommand (435ms) [Parameters=[@__userId_0='?' (DbType = Int64)], CommandType='"Text"', CommandTimeout='30']
SELECT `d`.`Id`, `d`.`Age`, `d`.`Blood_Group`, `d`.`Created_At`, `d`.`Dob`, `d`.`Email`, `d`.`Email2`, `d`.`Gender`, `d`.`Gst_Number`, `d`.`Is_Delete`, `d`.`Marital_Status`, `d`.`Name`, `d`.`Pan_Number`, `d`.`Password`, `d`.`Phone1`, `d`.`Phone2`, `d`.`Phone3`, `d`.`Phone4`, `d`.`Qualification`, `d`.`Role`, `d`.`Speciality`, `d`.`Thumb`, `d`.`Updated_At`, `d`.`User_Id`
FROM `Doctors` AS `d`
WHERE (`d`.`User_Id` = @__userId_0) AND (`d`.`Is_Delete` = 0)

2024-07-27 17:23:25.366 +05:30  INF  Executed DbCommand (441ms) [Parameters=[], CommandType='"Text"', CommandTimeout='30']
SELECT `p`.`Id`, `p`.`Amount_Type`, `p`.`Balance`, `p`.`Created_At`, `p`.`Credit_Amount`, `p`.`Debit_Amount`, `p`.`Description`, `p`.`Doctor_Id`, `p`.`Patient_Id`, `p`.`Payment_Mode`, `p`.`Updated_At`, `p`.`Workdone_Id`, `p`.`isPrinted`
FROM `Payment_History` AS `p`

2024-07-27 17:23:25.592 +05:30  INF  Executing ObjectResult, writing value of type 'System.Collections.Generic.List`1[[DCRM.Common.Dto.DropdownDataDto, DCRM.Common, Version=1.0.0.0, Culture=neutral, PublicKeyToken=null]]'.

2024-07-27 17:23:25.592 +05:30  INF  Executed action DCRM.Api.Controllers.DoctorController.DoctorNameList (DCRM.Api) in 1757.322ms

2024-07-27 17:23:25.593 +05:30  INF  Executed endpoint 'DCRM.Api.Controllers.DoctorController.DoctorNameList (DCRM.Api)'

2024-07-27 17:23:25.593 +05:30  INF  Request finished HTTP/2 GET https://localhost:7069/api/Doctor/Get/Names application/json - - 200 - application/json;+charset=utf-8 2419.8890ms

2024-07-27 17:23:26.147 +05:30  INF  Executed DbCommand (208ms) [Parameters=[@__id_0='?' (DbType = Int64)], CommandType='"Text"', CommandTimeout='30']
SELECT `u`.`Id`, `u`.`About_Me`, `u`.`Account_Type`, `u`.`Address`, `u`.`Available_Days`, `u`.`Bn_Name`, `u`.`City`, `u`.`Country`, `u`.`Created_At`, `u`.`Currency`, `u`.`Degree`, `u`.`Email`, `u`.`Email_Verified`, `u`.`Enable_Appointment`, `u`.`Enable_Rating`, `u`.`Exp_Years`, `u`.`Facebook`, `u`.`Google_Analytics`, `u`.`Image`, `u`.`Instagram`, `u`.`Linkedin`, `u`.`Name`, `u`.`Parent_Id`, `u`.`Password`, `u`.`Paypal_Email`, `u`.`Paypal_Mode`, `u`.`Paypal_Payment`, `u`.`Paystack_Payment`, `u`.`Paystack_Public_Key`, `u`.`Paystack_Secret_Key`, `u`.`Phone`, `u`.`Publish_Key`, `u`.`Qr_Code`, `u`.`Razorpay_Key_Id`, `u`.`Razorpay_Key_Secret`, `u`.`Razorpay_Payment`, `u`.`Role`, `u`.`Secret_Key`, `u`.`Skype`, `u`.`Slug`, `u`.`Specialist`, `u`.`Status`, `u`.`Stripe_Payment`, `u`.`Thumb`, `u`.`Trial_Expire`, `u`.`Twitter`, `u`.`User_Name`, `u`.`User_Type`, `u`.`Verify_Code`, `u`.`Whatsapp`
FROM `Users` AS `u`
WHERE `u`.`Id` = @__id_0
LIMIT 1

2024-07-27 17:23:26.147 +05:30  INF  Executing endpoint 'DCRM.Api.Controllers.ChairController.GetAll (DCRM.Api)'

2024-07-27 17:23:26.147 +05:30  INF  Route matched with {action = "GetAll", controller = "Chair"}. Executing controller action with signature System.Collections.Generic.List`1[DCRM.Common.Dto.ChairDto] GetAll() on controller DCRM.Api.Controllers.ChairController (DCRM.Api).

2024-07-27 17:23:26.150 +05:30  INF  Executed DbCommand (211ms) [Parameters=[@__id_0='?' (DbType = Int64)], CommandType='"Text"', CommandTimeout='30']
SELECT `u`.`Id`, `u`.`About_Me`, `u`.`Account_Type`, `u`.`Address`, `u`.`Available_Days`, `u`.`Bn_Name`, `u`.`City`, `u`.`Country`, `u`.`Created_At`, `u`.`Currency`, `u`.`Degree`, `u`.`Email`, `u`.`Email_Verified`, `u`.`Enable_Appointment`, `u`.`Enable_Rating`, `u`.`Exp_Years`, `u`.`Facebook`, `u`.`Google_Analytics`, `u`.`Image`, `u`.`Instagram`, `u`.`Linkedin`, `u`.`Name`, `u`.`Parent_Id`, `u`.`Password`, `u`.`Paypal_Email`, `u`.`Paypal_Mode`, `u`.`Paypal_Payment`, `u`.`Paystack_Payment`, `u`.`Paystack_Public_Key`, `u`.`Paystack_Secret_Key`, `u`.`Phone`, `u`.`Publish_Key`, `u`.`Qr_Code`, `u`.`Razorpay_Key_Id`, `u`.`Razorpay_Key_Secret`, `u`.`Razorpay_Payment`, `u`.`Role`, `u`.`Secret_Key`, `u`.`Skype`, `u`.`Slug`, `u`.`Specialist`, `u`.`Status`, `u`.`Stripe_Payment`, `u`.`Thumb`, `u`.`Trial_Expire`, `u`.`Twitter`, `u`.`User_Name`, `u`.`User_Type`, `u`.`Verify_Code`, `u`.`Whatsapp`
FROM `Users` AS `u`
WHERE `u`.`Id` = @__id_0
LIMIT 1

2024-07-27 17:23:26.150 +05:30  INF  Executing endpoint 'DCRM.Api.Controllers.PatientController.Get (DCRM.Api)'

2024-07-27 17:23:26.150 +05:30  INF  Route matched with {action = "Get", controller = "Patient"}. Executing controller action with signature DCRM.Common.Dto.PatientseDto Get(Int64) on controller DCRM.Api.Controllers.PatientController (DCRM.Api).

2024-07-27 17:23:26.218 +05:30  INF  Executed DbCommand (217ms) [Parameters=[@__id_0='?' (DbType = Int64)], CommandType='"Text"', CommandTimeout='30']
SELECT `u`.`Id`, `u`.`About_Me`, `u`.`Account_Type`, `u`.`Address`, `u`.`Available_Days`, `u`.`Bn_Name`, `u`.`City`, `u`.`Country`, `u`.`Created_At`, `u`.`Currency`, `u`.`Degree`, `u`.`Email`, `u`.`Email_Verified`, `u`.`Enable_Appointment`, `u`.`Enable_Rating`, `u`.`Exp_Years`, `u`.`Facebook`, `u`.`Google_Analytics`, `u`.`Image`, `u`.`Instagram`, `u`.`Linkedin`, `u`.`Name`, `u`.`Parent_Id`, `u`.`Password`, `u`.`Paypal_Email`, `u`.`Paypal_Mode`, `u`.`Paypal_Payment`, `u`.`Paystack_Payment`, `u`.`Paystack_Public_Key`, `u`.`Paystack_Secret_Key`, `u`.`Phone`, `u`.`Publish_Key`, `u`.`Qr_Code`, `u`.`Razorpay_Key_Id`, `u`.`Razorpay_Key_Secret`, `u`.`Razorpay_Payment`, `u`.`Role`, `u`.`Secret_Key`, `u`.`Skype`, `u`.`Slug`, `u`.`Specialist`, `u`.`Status`, `u`.`Stripe_Payment`, `u`.`Thumb`, `u`.`Trial_Expire`, `u`.`Twitter`, `u`.`User_Name`, `u`.`User_Type`, `u`.`Verify_Code`, `u`.`Whatsapp`
FROM `Users` AS `u`
WHERE `u`.`Id` = @__id_0
LIMIT 1

2024-07-27 17:23:26.218 +05:30  INF  Executing endpoint 'DCRM.Api.Controllers.PatientController.PatientDetailList (DCRM.Api)'

2024-07-27 17:23:26.218 +05:30  INF  Route matched with {action = "PatientDetailList", controller = "Patient"}. Executing controller action with signature System.Collections.Generic.List`1[DCRM.Common.Dto.DropdownDataDto] PatientDetailList() on controller DCRM.Api.Controllers.PatientController (DCRM.Api).

2024-07-27 17:23:26.244 +05:30  INF  Executed DbCommand (219ms) [Parameters=[@__p_0='?' (DbType = Int64)], CommandType='"Text"', CommandTimeout='30']
SELECT `p`.`Id`, `p`.`Amount`, `p`.`Balance_Amount`, `p`.`Balance_Spent`, `p`.`Created_At`, `p`.`Name`, `p`.`Patients_Id`, `p`.`Type`, `p`.`Updated_At`
FROM `Patients_Insurance_Loan` AS `p`
WHERE `p`.`Patients_Id` = @__p_0

2024-07-27 17:23:26.774 +05:30  INF  Executed DbCommand (210ms) [Parameters=[], CommandType='"Text"', CommandTimeout='30']
SELECT `c`.`Id`, `c`.`Address`, `c`.`Appoinment_Limit`, `c`.`Created_At`, `c`.`Doctor_Id`, `c`.`Is_Primary`, `c`.`Name`, `c`.`Status`, `c`.`Uid`, `c`.`User_Id`
FROM `Chairs` AS `c`

2024-07-27 17:23:26.777 +05:30  INF  Executed DbCommand (212ms) [Parameters=[@__id_0='?' (DbType = Int64)], CommandType='"Text"', CommandTimeout='30']
SELECT `p`.`Id`, `p`.`Age`, `p`.`Chamber_Id`, `p`.`Created_At`, `p`.`Email`, `p`.`Guardian`, `p`.`Is_Delete`, `p`.`Mobile`, `p`.`Mr_Number`, `p`.`Name`, `p`.`Password`, `p`.`Permanent_Address`, `p`.`Present_Address`, `p`.`Role`, `p`.`Sex`, `p`.`Slug`, `p`.`Thumb`, `p`.`Title`, `p`.`UserName`, `p`.`User_Id`, `p`.`Verify_Code`, `p`.`Weight`
FROM `Patientses` AS `p`
WHERE (`p`.`Is_Delete` = 0) AND (`p`.`Id` = @__id_0)
LIMIT 1

2024-07-27 17:23:26.858 +05:30  INF  Executed DbCommand (215ms) [Parameters=[@__userId_0='?' (DbType = Int64)], CommandType='"Text"', CommandTimeout='30']
SELECT `p`.`Id`, `p`.`Age`, `p`.`Chamber_Id`, `p`.`Created_At`, `p`.`Email`, `p`.`Guardian`, `p`.`Is_Delete`, `p`.`Mobile`, `p`.`Mr_Number`, `p`.`Name`, `p`.`Password`, `p`.`Permanent_Address`, `p`.`Present_Address`, `p`.`Role`, `p`.`Sex`, `p`.`Slug`, `p`.`Thumb`, `p`.`Title`, `p`.`UserName`, `p`.`User_Id`, `p`.`Verify_Code`, `p`.`Weight`
FROM `Patientses` AS `p`
WHERE (`p`.`User_Id` = @__userId_0) AND (`p`.`Is_Delete` = 0)

2024-07-27 17:23:26.903 +05:30  INF  Executed DbCommand (219ms) [Parameters=[@__p_0='?' (DbType = Int64)], CommandType='"Text"', CommandTimeout='30']
SELECT `p`.`Id`, `p`.`Created_At`, `p`.`Patient_Id`, `p`.`Report`, `p`.`Report_Date`, `p`.`Report_File`, `p`.`Status`, `p`.`Test_Name`, `p`.`Test_Price`, `p`.`Updated_At`
FROM `Patient_Tests` AS `p`
WHERE `p`.`Patient_Id` = @__p_0

2024-07-27 17:23:27.397 +05:30  INF  Executed DbCommand (208ms) [Parameters=[@__Id_0='?' (DbType = Int64)], CommandType='"Text"', CommandTimeout='30']
SELECT `d`.`Id`, `d`.`Age`, `d`.`Blood_Group`, `d`.`Created_At`, `d`.`Dob`, `d`.`Email`, `d`.`Email2`, `d`.`Gender`, `d`.`Gst_Number`, `d`.`Is_Delete`, `d`.`Marital_Status`, `d`.`Name`, `d`.`Pan_Number`, `d`.`Password`, `d`.`Phone1`, `d`.`Phone2`, `d`.`Phone3`, `d`.`Phone4`, `d`.`Qualification`, `d`.`Role`, `d`.`Speciality`, `d`.`Thumb`, `d`.`Updated_At`, `d`.`User_Id`
FROM `Doctors` AS `d`
WHERE `d`.`Id` = @__Id_0
LIMIT 2

2024-07-27 17:23:27.400 +05:30  INF  Executed DbCommand (211ms) [Parameters=[], CommandType='"Text"', CommandTimeout='30']
SELECT `p`.`Id`, `p`.`Amount_Type`, `p`.`Balance`, `p`.`Created_At`, `p`.`Credit_Amount`, `p`.`Debit_Amount`, `p`.`Description`, `p`.`Doctor_Id`, `p`.`Patient_Id`, `p`.`Payment_Mode`, `p`.`Updated_At`, `p`.`Workdone_Id`, `p`.`isPrinted`
FROM `Payment_History` AS `p`

2024-07-27 17:23:27.556 +05:30  INF  Executed DbCommand (219ms) [Parameters=[@__p_0='?' (DbType = Int64)], CommandType='"Text"', CommandTimeout='30']
SELECT `p`.`Id`, `p`.`Address_O`, `p`.`Address_Other`, `p`.`Address_R`, `p`.`City_O`, `p`.`City_Other`, `p`.`City_R`, `p`.`Country_O`, `p`.`Country_Other`, `p`.`Country_R`, `p`.`Created_At`, `p`.`Doctor_Name`, `p`.`Email`, `p`.`Email2`, `p`.`Medical_History_Allergies`, `p`.`Patient_Id`, `p`.`Phone`, `p`.`Phone1`, `p`.`Phone2`, `p`.`Phone3`, `p`.`Phone4`, `p`.`Physician`, `p`.`Reffered_By`, `p`.`Relationship_Type`, `p`.`Special_Notes`, `p`.`Updated_At`, `p`.`Zip_O`, `p`.`Zip_Other`, `p`.`Zip_R`
FROM `Patients_Contact` AS `p`
WHERE `p`.`Patient_Id` = @__p_0

2024-07-27 17:23:27.934 +05:30  INF  Executing ObjectResult, writing value of type 'System.Collections.Generic.List`1[[DCRM.Common.Dto.DropdownDataDto, DCRM.Common, Version=1.0.0.0, Culture=neutral, PublicKeyToken=null]]'.

2024-07-27 17:23:27.935 +05:30  INF  Executed action DCRM.Api.Controllers.PatientController.PatientDetailList (DCRM.Api) in 1716.8197ms

2024-07-27 17:23:27.935 +05:30  INF  Executed endpoint 'DCRM.Api.Controllers.PatientController.PatientDetailList (DCRM.Api)'

2024-07-27 17:23:27.935 +05:30  INF  Request finished HTTP/2 GET https://localhost:7069/api/Patient/Get/Names application/json - - 200 - application/json;+charset=utf-8 4760.8322ms

2024-07-27 17:23:28.025 +05:30  INF  Executed DbCommand (210ms) [Parameters=[@__Id_0='?' (DbType = Int64)], CommandType='"Text"', CommandTimeout='30']
SELECT `d`.`Id`, `d`.`Age`, `d`.`Blood_Group`, `d`.`Created_At`, `d`.`Dob`, `d`.`Email`, `d`.`Email2`, `d`.`Gender`, `d`.`Gst_Number`, `d`.`Is_Delete`, `d`.`Marital_Status`, `d`.`Name`, `d`.`Pan_Number`, `d`.`Password`, `d`.`Phone1`, `d`.`Phone2`, `d`.`Phone3`, `d`.`Phone4`, `d`.`Qualification`, `d`.`Role`, `d`.`Speciality`, `d`.`Thumb`, `d`.`Updated_At`, `d`.`User_Id`
FROM `Doctors` AS `d`
WHERE `d`.`Id` = @__Id_0
LIMIT 2

2024-07-27 17:23:28.218 +05:30  INF  Executed DbCommand (226ms) [Parameters=[@__p_0='?' (DbType = Int64)], CommandType='"Text"', CommandTimeout='30']
SELECT `p`.`Id`, `p`.`Created_At`, `p`.`Patient_Id`, `p`.`Report`, `p`.`Report_File`, `p`.`Scan_Name`, `p`.`Status`, `p`.`Type`, `p`.`Updated_At`
FROM `Patient_Scans` AS `p`
WHERE `p`.`Patient_Id` = @__p_0

2024-07-27 17:23:28.218 +05:30  INF  Executing ObjectResult, writing value of type 'DCRM.Common.Dto.PatientseDto'.

2024-07-27 17:23:28.218 +05:30  INF  Executed action DCRM.Api.Controllers.PatientController.Get (DCRM.Api) in 4389.3739ms

2024-07-27 17:23:28.218 +05:30  INF  Executed endpoint 'DCRM.Api.Controllers.PatientController.Get (DCRM.Api)'

2024-07-27 17:23:28.218 +05:30  INF  Request finished HTTP/2 GET https://localhost:7069/api/Patient/Get/387 application/json - - 200 - application/json;+charset=utf-8 5049.6369ms

2024-07-27 17:23:28.232 +05:30  INF  Executed DbCommand (208ms) [Parameters=[@__p_0='?' (DbType = Int64)], CommandType='"Text"', CommandTimeout='30']
SELECT `p`.`Id`, `p`.`Amount`, `p`.`Balance_Amount`, `p`.`Balance_Spent`, `p`.`Created_At`, `p`.`Name`, `p`.`Patients_Id`, `p`.`Type`, `p`.`Updated_At`
FROM `Patients_Insurance_Loan` AS `p`
WHERE `p`.`Patients_Id` = @__p_0

2024-07-27 17:23:28.660 +05:30  INF  Executed DbCommand (222ms) [Parameters=[@__Id_0='?' (DbType = Int64)], CommandType='"Text"', CommandTimeout='30']
SELECT `d`.`Id`, `d`.`Age`, `d`.`Blood_Group`, `d`.`Created_At`, `d`.`Dob`, `d`.`Email`, `d`.`Email2`, `d`.`Gender`, `d`.`Gst_Number`, `d`.`Is_Delete`, `d`.`Marital_Status`, `d`.`Name`, `d`.`Pan_Number`, `d`.`Password`, `d`.`Phone1`, `d`.`Phone2`, `d`.`Phone3`, `d`.`Phone4`, `d`.`Qualification`, `d`.`Role`, `d`.`Speciality`, `d`.`Thumb`, `d`.`Updated_At`, `d`.`User_Id`
FROM `Doctors` AS `d`
WHERE `d`.`Id` = @__Id_0
LIMIT 2

2024-07-27 17:23:28.868 +05:30  INF  Executed DbCommand (208ms) [Parameters=[@__p_0='?' (DbType = Int64)], CommandType='"Text"', CommandTimeout='30']
SELECT `p`.`Id`, `p`.`Created_At`, `p`.`Patient_Id`, `p`.`Report`, `p`.`Report_Date`, `p`.`Report_File`, `p`.`Status`, `p`.`Test_Name`, `p`.`Test_Price`, `p`.`Updated_At`
FROM `Patient_Tests` AS `p`
WHERE `p`.`Patient_Id` = @__p_0

2024-07-27 17:23:29.282 +05:30  INF  Executed DbCommand (209ms) [Parameters=[@__Id_0='?' (DbType = Int64)], CommandType='"Text"', CommandTimeout='30']
SELECT `d`.`Id`, `d`.`Age`, `d`.`Blood_Group`, `d`.`Created_At`, `d`.`Dob`, `d`.`Email`, `d`.`Email2`, `d`.`Gender`, `d`.`Gst_Number`, `d`.`Is_Delete`, `d`.`Marital_Status`, `d`.`Name`, `d`.`Pan_Number`, `d`.`Password`, `d`.`Phone1`, `d`.`Phone2`, `d`.`Phone3`, `d`.`Phone4`, `d`.`Qualification`, `d`.`Role`, `d`.`Speciality`, `d`.`Thumb`, `d`.`Updated_At`, `d`.`User_Id`
FROM `Doctors` AS `d`
WHERE `d`.`Id` = @__Id_0
LIMIT 2

2024-07-27 17:23:29.490 +05:30  INF  Executed DbCommand (209ms) [Parameters=[@__p_0='?' (DbType = Int64)], CommandType='"Text"', CommandTimeout='30']
SELECT `p`.`Id`, `p`.`Address_O`, `p`.`Address_Other`, `p`.`Address_R`, `p`.`City_O`, `p`.`City_Other`, `p`.`City_R`, `p`.`Country_O`, `p`.`Country_Other`, `p`.`Country_R`, `p`.`Created_At`, `p`.`Doctor_Name`, `p`.`Email`, `p`.`Email2`, `p`.`Medical_History_Allergies`, `p`.`Patient_Id`, `p`.`Phone`, `p`.`Phone1`, `p`.`Phone2`, `p`.`Phone3`, `p`.`Phone4`, `p`.`Physician`, `p`.`Reffered_By`, `p`.`Relationship_Type`, `p`.`Special_Notes`, `p`.`Updated_At`, `p`.`Zip_O`, `p`.`Zip_Other`, `p`.`Zip_R`
FROM `Patients_Contact` AS `p`
WHERE `p`.`Patient_Id` = @__p_0

2024-07-27 17:23:29.903 +05:30  INF  Executed DbCommand (209ms) [Parameters=[@__Id_0='?' (DbType = Int64)], CommandType='"Text"', CommandTimeout='30']
SELECT `d`.`Id`, `d`.`Age`, `d`.`Blood_Group`, `d`.`Created_At`, `d`.`Dob`, `d`.`Email`, `d`.`Email2`, `d`.`Gender`, `d`.`Gst_Number`, `d`.`Is_Delete`, `d`.`Marital_Status`, `d`.`Name`, `d`.`Pan_Number`, `d`.`Password`, `d`.`Phone1`, `d`.`Phone2`, `d`.`Phone3`, `d`.`Phone4`, `d`.`Qualification`, `d`.`Role`, `d`.`Speciality`, `d`.`Thumb`, `d`.`Updated_At`, `d`.`User_Id`
FROM `Doctors` AS `d`
WHERE `d`.`Id` = @__Id_0
LIMIT 2

2024-07-27 17:23:30.112 +05:30  INF  Executed DbCommand (209ms) [Parameters=[@__p_0='?' (DbType = Int64)], CommandType='"Text"', CommandTimeout='30']
SELECT `p`.`Id`, `p`.`Created_At`, `p`.`Patient_Id`, `p`.`Report`, `p`.`Report_File`, `p`.`Scan_Name`, `p`.`Status`, `p`.`Type`, `p`.`Updated_At`
FROM `Patient_Scans` AS `p`
WHERE `p`.`Patient_Id` = @__p_0

2024-07-27 17:23:30.112 +05:30  INF  Executing ObjectResult, writing value of type 'DCRM.Common.Dto.PatientseDto'.

2024-07-27 17:23:30.112 +05:30  INF  Executed action DCRM.Api.Controllers.PatientController.Get (DCRM.Api) in 3962.7508ms

2024-07-27 17:23:30.113 +05:30  INF  Executed endpoint 'DCRM.Api.Controllers.PatientController.Get (DCRM.Api)'

2024-07-27 17:23:30.113 +05:30  INF  Request finished HTTP/2 GET https://localhost:7069/api/Patient/Get/508 application/json - - 200 - application/json;+charset=utf-8 6939.0158ms

2024-07-27 17:23:30.534 +05:30  INF  Executed DbCommand (208ms) [Parameters=[@__Id_0='?' (DbType = Int64)], CommandType='"Text"', CommandTimeout='30']
SELECT `d`.`Id`, `d`.`Age`, `d`.`Blood_Group`, `d`.`Created_At`, `d`.`Dob`, `d`.`Email`, `d`.`Email2`, `d`.`Gender`, `d`.`Gst_Number`, `d`.`Is_Delete`, `d`.`Marital_Status`, `d`.`Name`, `d`.`Pan_Number`, `d`.`Password`, `d`.`Phone1`, `d`.`Phone2`, `d`.`Phone3`, `d`.`Phone4`, `d`.`Qualification`, `d`.`Role`, `d`.`Speciality`, `d`.`Thumb`, `d`.`Updated_At`, `d`.`User_Id`
FROM `Doctors` AS `d`
WHERE `d`.`Id` = @__Id_0
LIMIT 2

2024-07-27 17:23:31.156 +05:30  INF  Executed DbCommand (209ms) [Parameters=[@__Id_0='?' (DbType = Int64)], CommandType='"Text"', CommandTimeout='30']
SELECT `d`.`Id`, `d`.`Age`, `d`.`Blood_Group`, `d`.`Created_At`, `d`.`Dob`, `d`.`Email`, `d`.`Email2`, `d`.`Gender`, `d`.`Gst_Number`, `d`.`Is_Delete`, `d`.`Marital_Status`, `d`.`Name`, `d`.`Pan_Number`, `d`.`Password`, `d`.`Phone1`, `d`.`Phone2`, `d`.`Phone3`, `d`.`Phone4`, `d`.`Qualification`, `d`.`Role`, `d`.`Speciality`, `d`.`Thumb`, `d`.`Updated_At`, `d`.`User_Id`
FROM `Doctors` AS `d`
WHERE `d`.`Id` = @__Id_0
LIMIT 2

2024-07-27 17:23:31.778 +05:30  INF  Executed DbCommand (209ms) [Parameters=[@__Id_0='?' (DbType = Int64)], CommandType='"Text"', CommandTimeout='30']
SELECT `d`.`Id`, `d`.`Age`, `d`.`Blood_Group`, `d`.`Created_At`, `d`.`Dob`, `d`.`Email`, `d`.`Email2`, `d`.`Gender`, `d`.`Gst_Number`, `d`.`Is_Delete`, `d`.`Marital_Status`, `d`.`Name`, `d`.`Pan_Number`, `d`.`Password`, `d`.`Phone1`, `d`.`Phone2`, `d`.`Phone3`, `d`.`Phone4`, `d`.`Qualification`, `d`.`Role`, `d`.`Speciality`, `d`.`Thumb`, `d`.`Updated_At`, `d`.`User_Id`
FROM `Doctors` AS `d`
WHERE `d`.`Id` = @__Id_0
LIMIT 2

2024-07-27 17:23:32.403 +05:30  INF  Executed DbCommand (210ms) [Parameters=[@__Id_0='?' (DbType = Int64)], CommandType='"Text"', CommandTimeout='30']
SELECT `d`.`Id`, `d`.`Age`, `d`.`Blood_Group`, `d`.`Created_At`, `d`.`Dob`, `d`.`Email`, `d`.`Email2`, `d`.`Gender`, `d`.`Gst_Number`, `d`.`Is_Delete`, `d`.`Marital_Status`, `d`.`Name`, `d`.`Pan_Number`, `d`.`Password`, `d`.`Phone1`, `d`.`Phone2`, `d`.`Phone3`, `d`.`Phone4`, `d`.`Qualification`, `d`.`Role`, `d`.`Speciality`, `d`.`Thumb`, `d`.`Updated_At`, `d`.`User_Id`
FROM `Doctors` AS `d`
WHERE `d`.`Id` = @__Id_0
LIMIT 2

2024-07-27 17:23:33.025 +05:30  INF  Executed DbCommand (207ms) [Parameters=[@__Id_0='?' (DbType = Int64)], CommandType='"Text"', CommandTimeout='30']
SELECT `d`.`Id`, `d`.`Age`, `d`.`Blood_Group`, `d`.`Created_At`, `d`.`Dob`, `d`.`Email`, `d`.`Email2`, `d`.`Gender`, `d`.`Gst_Number`, `d`.`Is_Delete`, `d`.`Marital_Status`, `d`.`Name`, `d`.`Pan_Number`, `d`.`Password`, `d`.`Phone1`, `d`.`Phone2`, `d`.`Phone3`, `d`.`Phone4`, `d`.`Qualification`, `d`.`Role`, `d`.`Speciality`, `d`.`Thumb`, `d`.`Updated_At`, `d`.`User_Id`
FROM `Doctors` AS `d`
WHERE `d`.`Id` = @__Id_0
LIMIT 2

2024-07-27 17:23:33.645 +05:30  INF  Executed DbCommand (206ms) [Parameters=[@__Id_0='?' (DbType = Int64)], CommandType='"Text"', CommandTimeout='30']
SELECT `d`.`Id`, `d`.`Age`, `d`.`Blood_Group`, `d`.`Created_At`, `d`.`Dob`, `d`.`Email`, `d`.`Email2`, `d`.`Gender`, `d`.`Gst_Number`, `d`.`Is_Delete`, `d`.`Marital_Status`, `d`.`Name`, `d`.`Pan_Number`, `d`.`Password`, `d`.`Phone1`, `d`.`Phone2`, `d`.`Phone3`, `d`.`Phone4`, `d`.`Qualification`, `d`.`Role`, `d`.`Speciality`, `d`.`Thumb`, `d`.`Updated_At`, `d`.`User_Id`
FROM `Doctors` AS `d`
WHERE `d`.`Id` = @__Id_0
LIMIT 2

2024-07-27 17:23:34.264 +05:30  INF  Executed DbCommand (206ms) [Parameters=[@__Id_0='?' (DbType = Int64)], CommandType='"Text"', CommandTimeout='30']
SELECT `d`.`Id`, `d`.`Age`, `d`.`Blood_Group`, `d`.`Created_At`, `d`.`Dob`, `d`.`Email`, `d`.`Email2`, `d`.`Gender`, `d`.`Gst_Number`, `d`.`Is_Delete`, `d`.`Marital_Status`, `d`.`Name`, `d`.`Pan_Number`, `d`.`Password`, `d`.`Phone1`, `d`.`Phone2`, `d`.`Phone3`, `d`.`Phone4`, `d`.`Qualification`, `d`.`Role`, `d`.`Speciality`, `d`.`Thumb`, `d`.`Updated_At`, `d`.`User_Id`
FROM `Doctors` AS `d`
WHERE `d`.`Id` = @__Id_0
LIMIT 2

2024-07-27 17:23:34.884 +05:30  INF  Executed DbCommand (208ms) [Parameters=[@__Id_0='?' (DbType = Int64)], CommandType='"Text"', CommandTimeout='30']
SELECT `d`.`Id`, `d`.`Age`, `d`.`Blood_Group`, `d`.`Created_At`, `d`.`Dob`, `d`.`Email`, `d`.`Email2`, `d`.`Gender`, `d`.`Gst_Number`, `d`.`Is_Delete`, `d`.`Marital_Status`, `d`.`Name`, `d`.`Pan_Number`, `d`.`Password`, `d`.`Phone1`, `d`.`Phone2`, `d`.`Phone3`, `d`.`Phone4`, `d`.`Qualification`, `d`.`Role`, `d`.`Speciality`, `d`.`Thumb`, `d`.`Updated_At`, `d`.`User_Id`
FROM `Doctors` AS `d`
WHERE `d`.`Id` = @__Id_0
LIMIT 2

2024-07-27 17:23:35.505 +05:30  INF  Executed DbCommand (208ms) [Parameters=[@__Id_0='?' (DbType = Int64)], CommandType='"Text"', CommandTimeout='30']
SELECT `d`.`Id`, `d`.`Age`, `d`.`Blood_Group`, `d`.`Created_At`, `d`.`Dob`, `d`.`Email`, `d`.`Email2`, `d`.`Gender`, `d`.`Gst_Number`, `d`.`Is_Delete`, `d`.`Marital_Status`, `d`.`Name`, `d`.`Pan_Number`, `d`.`Password`, `d`.`Phone1`, `d`.`Phone2`, `d`.`Phone3`, `d`.`Phone4`, `d`.`Qualification`, `d`.`Role`, `d`.`Speciality`, `d`.`Thumb`, `d`.`Updated_At`, `d`.`User_Id`
FROM `Doctors` AS `d`
WHERE `d`.`Id` = @__Id_0
LIMIT 2

2024-07-27 17:23:36.128 +05:30  INF  Executed DbCommand (208ms) [Parameters=[@__Id_0='?' (DbType = Int64)], CommandType='"Text"', CommandTimeout='30']
SELECT `d`.`Id`, `d`.`Age`, `d`.`Blood_Group`, `d`.`Created_At`, `d`.`Dob`, `d`.`Email`, `d`.`Email2`, `d`.`Gender`, `d`.`Gst_Number`, `d`.`Is_Delete`, `d`.`Marital_Status`, `d`.`Name`, `d`.`Pan_Number`, `d`.`Password`, `d`.`Phone1`, `d`.`Phone2`, `d`.`Phone3`, `d`.`Phone4`, `d`.`Qualification`, `d`.`Role`, `d`.`Speciality`, `d`.`Thumb`, `d`.`Updated_At`, `d`.`User_Id`
FROM `Doctors` AS `d`
WHERE `d`.`Id` = @__Id_0
LIMIT 2

2024-07-27 17:23:36.751 +05:30  INF  Executed DbCommand (208ms) [Parameters=[@__Id_0='?' (DbType = Int64)], CommandType='"Text"', CommandTimeout='30']
SELECT `d`.`Id`, `d`.`Age`, `d`.`Blood_Group`, `d`.`Created_At`, `d`.`Dob`, `d`.`Email`, `d`.`Email2`, `d`.`Gender`, `d`.`Gst_Number`, `d`.`Is_Delete`, `d`.`Marital_Status`, `d`.`Name`, `d`.`Pan_Number`, `d`.`Password`, `d`.`Phone1`, `d`.`Phone2`, `d`.`Phone3`, `d`.`Phone4`, `d`.`Qualification`, `d`.`Role`, `d`.`Speciality`, `d`.`Thumb`, `d`.`Updated_At`, `d`.`User_Id`
FROM `Doctors` AS `d`
WHERE `d`.`Id` = @__Id_0
LIMIT 2

2024-07-27 17:23:37.373 +05:30  INF  Executed DbCommand (208ms) [Parameters=[@__Id_0='?' (DbType = Int64)], CommandType='"Text"', CommandTimeout='30']
SELECT `d`.`Id`, `d`.`Age`, `d`.`Blood_Group`, `d`.`Created_At`, `d`.`Dob`, `d`.`Email`, `d`.`Email2`, `d`.`Gender`, `d`.`Gst_Number`, `d`.`Is_Delete`, `d`.`Marital_Status`, `d`.`Name`, `d`.`Pan_Number`, `d`.`Password`, `d`.`Phone1`, `d`.`Phone2`, `d`.`Phone3`, `d`.`Phone4`, `d`.`Qualification`, `d`.`Role`, `d`.`Speciality`, `d`.`Thumb`, `d`.`Updated_At`, `d`.`User_Id`
FROM `Doctors` AS `d`
WHERE `d`.`Id` = @__Id_0
LIMIT 2

2024-07-27 17:23:37.995 +05:30  INF  Executed DbCommand (207ms) [Parameters=[@__Id_0='?' (DbType = Int64)], CommandType='"Text"', CommandTimeout='30']
SELECT `d`.`Id`, `d`.`Age`, `d`.`Blood_Group`, `d`.`Created_At`, `d`.`Dob`, `d`.`Email`, `d`.`Email2`, `d`.`Gender`, `d`.`Gst_Number`, `d`.`Is_Delete`, `d`.`Marital_Status`, `d`.`Name`, `d`.`Pan_Number`, `d`.`Password`, `d`.`Phone1`, `d`.`Phone2`, `d`.`Phone3`, `d`.`Phone4`, `d`.`Qualification`, `d`.`Role`, `d`.`Speciality`, `d`.`Thumb`, `d`.`Updated_At`, `d`.`User_Id`
FROM `Doctors` AS `d`
WHERE `d`.`Id` = @__Id_0
LIMIT 2

2024-07-27 17:23:38.613 +05:30  INF  Executed DbCommand (208ms) [Parameters=[@__Id_0='?' (DbType = Int64)], CommandType='"Text"', CommandTimeout='30']
SELECT `d`.`Id`, `d`.`Age`, `d`.`Blood_Group`, `d`.`Created_At`, `d`.`Dob`, `d`.`Email`, `d`.`Email2`, `d`.`Gender`, `d`.`Gst_Number`, `d`.`Is_Delete`, `d`.`Marital_Status`, `d`.`Name`, `d`.`Pan_Number`, `d`.`Password`, `d`.`Phone1`, `d`.`Phone2`, `d`.`Phone3`, `d`.`Phone4`, `d`.`Qualification`, `d`.`Role`, `d`.`Speciality`, `d`.`Thumb`, `d`.`Updated_At`, `d`.`User_Id`
FROM `Doctors` AS `d`
WHERE `d`.`Id` = @__Id_0
LIMIT 2

2024-07-27 17:23:38.613 +05:30  INF  Executing ObjectResult, writing value of type 'System.Collections.Generic.List`1[[DCRM.Common.Dto.ChairDto, DCRM.Common, Version=1.0.0.0, Culture=neutral, PublicKeyToken=null]]'.

2024-07-27 17:23:38.614 +05:30  INF  Executed action DCRM.Api.Controllers.ChairController.GetAll (DCRM.Api) in 12466.6978ms

2024-07-27 17:23:38.614 +05:30  INF  Executed endpoint 'DCRM.Api.Controllers.ChairController.GetAll (DCRM.Api)'

2024-07-27 17:23:38.614 +05:30  INF  Request finished HTTP/2 GET https://localhost:7069/api/Chair/GetAll application/json - - 200 - application/json;+charset=utf-8 15440.0373ms

2024-07-27 17:41:30.109 +05:30  INF  Request starting HTTP/2 OPTIONS https://localhost:7069/api/Appointment/Get/387 - -

2024-07-27 17:41:30.109 +05:30  INF  CORS policy execution successful.

2024-07-27 17:41:30.109 +05:30  INF  Request finished HTTP/2 OPTIONS https://localhost:7069/api/Appointment/Get/387 - - - 204 - - 0.6158ms

2024-07-27 17:41:30.112 +05:30  INF  Request starting HTTP/2 GET https://localhost:7069/api/Appointment/Get/387 application/json -

2024-07-27 17:41:30.112 +05:30  INF  CORS policy execution successful.

2024-07-27 17:41:30.481 +05:30  INF  Request starting HTTP/2 OPTIONS https://localhost:7069/api/Dashboard/Get - -

2024-07-27 17:41:30.483 +05:30  INF  CORS policy execution successful.

2024-07-27 17:41:30.483 +05:30  INF  Request finished HTTP/2 OPTIONS https://localhost:7069/api/Dashboard/Get - - - 204 - - 1.8225ms

2024-07-27 17:41:30.486 +05:30  INF  Request starting HTTP/2 GET https://localhost:7069/api/Dashboard/Get application/json -

2024-07-27 17:41:30.486 +05:30  INF  CORS policy execution successful.

2024-07-27 17:41:33.379 +05:30  INF  Executed DbCommand (214ms) [Parameters=[@__id_0='?' (DbType = Int64)], CommandType='"Text"', CommandTimeout='30']
SELECT `u`.`Id`, `u`.`About_Me`, `u`.`Account_Type`, `u`.`Address`, `u`.`Available_Days`, `u`.`Bn_Name`, `u`.`City`, `u`.`Country`, `u`.`Created_At`, `u`.`Currency`, `u`.`Degree`, `u`.`Email`, `u`.`Email_Verified`, `u`.`Enable_Appointment`, `u`.`Enable_Rating`, `u`.`Exp_Years`, `u`.`Facebook`, `u`.`Google_Analytics`, `u`.`Image`, `u`.`Instagram`, `u`.`Linkedin`, `u`.`Name`, `u`.`Parent_Id`, `u`.`Password`, `u`.`Paypal_Email`, `u`.`Paypal_Mode`, `u`.`Paypal_Payment`, `u`.`Paystack_Payment`, `u`.`Paystack_Public_Key`, `u`.`Paystack_Secret_Key`, `u`.`Phone`, `u`.`Publish_Key`, `u`.`Qr_Code`, `u`.`Razorpay_Key_Id`, `u`.`Razorpay_Key_Secret`, `u`.`Razorpay_Payment`, `u`.`Role`, `u`.`Secret_Key`, `u`.`Skype`, `u`.`Slug`, `u`.`Specialist`, `u`.`Status`, `u`.`Stripe_Payment`, `u`.`Thumb`, `u`.`Trial_Expire`, `u`.`Twitter`, `u`.`User_Name`, `u`.`User_Type`, `u`.`Verify_Code`, `u`.`Whatsapp`
FROM `Users` AS `u`
WHERE `u`.`Id` = @__id_0
LIMIT 1

2024-07-27 17:41:33.379 +05:30  INF  Executing endpoint 'DCRM.Api.Controllers.AppointmentController.Get (DCRM.Api)'

2024-07-27 17:41:33.379 +05:30  INF  Route matched with {action = "Get", controller = "Appointment"}. Executing controller action with signature DCRM.Common.Entity.Appointment Get(Int32) on controller DCRM.Api.Controllers.AppointmentController (DCRM.Api).

2024-07-27 17:41:33.590 +05:30  INF  Executed DbCommand (217ms) [Parameters=[@__id_0='?' (DbType = Int64)], CommandType='"Text"', CommandTimeout='30']
SELECT `u`.`Id`, `u`.`About_Me`, `u`.`Account_Type`, `u`.`Address`, `u`.`Available_Days`, `u`.`Bn_Name`, `u`.`City`, `u`.`Country`, `u`.`Created_At`, `u`.`Currency`, `u`.`Degree`, `u`.`Email`, `u`.`Email_Verified`, `u`.`Enable_Appointment`, `u`.`Enable_Rating`, `u`.`Exp_Years`, `u`.`Facebook`, `u`.`Google_Analytics`, `u`.`Image`, `u`.`Instagram`, `u`.`Linkedin`, `u`.`Name`, `u`.`Parent_Id`, `u`.`Password`, `u`.`Paypal_Email`, `u`.`Paypal_Mode`, `u`.`Paypal_Payment`, `u`.`Paystack_Payment`, `u`.`Paystack_Public_Key`, `u`.`Paystack_Secret_Key`, `u`.`Phone`, `u`.`Publish_Key`, `u`.`Qr_Code`, `u`.`Razorpay_Key_Id`, `u`.`Razorpay_Key_Secret`, `u`.`Razorpay_Payment`, `u`.`Role`, `u`.`Secret_Key`, `u`.`Skype`, `u`.`Slug`, `u`.`Specialist`, `u`.`Status`, `u`.`Stripe_Payment`, `u`.`Thumb`, `u`.`Trial_Expire`, `u`.`Twitter`, `u`.`User_Name`, `u`.`User_Type`, `u`.`Verify_Code`, `u`.`Whatsapp`
FROM `Users` AS `u`
WHERE `u`.`Id` = @__id_0
LIMIT 1

2024-07-27 17:41:33.590 +05:30  INF  Executing endpoint 'DCRM.Api.Controllers.DashboardController.Get (DCRM.Api)'

2024-07-27 17:41:33.590 +05:30  INF  Route matched with {action = "Get", controller = "Dashboard"}. Executing controller action with signature DCRM.Common.Dto.DashboardDto Get() on controller DCRM.Api.Controllers.DashboardController (DCRM.Api).

2024-07-27 17:41:34.026 +05:30  INF  Executed DbCommand (223ms) [Parameters=[@__id_0='?' (DbType = Int64)], CommandType='"Text"', CommandTimeout='30']
SELECT `a`.`Id`, `a`.`Appointment_Status`, `a`.`Cause`, `a`.`Chair`, `a`.`Chamber_Id`, `a`.`Created_At`, `a`.`Date`, `a`.`Doctor_Id`, `a`.`Doctor_Name`, `a`.`End_Time`, `a`.`Extra_Notes`, `a`.`Files`, `a`.`Is_Delete`, `a`.`Is_Start`, `a`.`Meeting_Notes`, `a`.`Number_Of_Slot`, `a`.`Patient_Id`, `a`.`Prescription_Id`, `a`.`Serial_Id`, `a`.`Slot_Time`, `a`.`Start_Time`, `a`.`Status`, `a`.`Type`, `a`.`User_Id`, `a`.`Workdone_Id`
FROM `Appointments` AS `a`
WHERE (`a`.`Id` = @__id_0) AND (`a`.`Is_Delete` = 0)
LIMIT 1

2024-07-27 17:41:34.026 +05:30  INF  Executing ObjectResult, writing value of type 'DCRM.Common.Entity.Appointment'.

2024-07-27 17:41:34.026 +05:30  INF  Executed action DCRM.Api.Controllers.AppointmentController.Get (DCRM.Api) in 646.985ms

2024-07-27 17:41:34.026 +05:30  INF  Executed endpoint 'DCRM.Api.Controllers.AppointmentController.Get (DCRM.Api)'

2024-07-27 17:41:34.027 +05:30  INF  Request finished HTTP/2 GET https://localhost:7069/api/Appointment/Get/387 application/json - - 200 - application/json;+charset=utf-8 3914.7497ms

2024-07-27 17:41:34.086 +05:30  INF  Request starting HTTP/2 OPTIONS https://localhost:7069/api/Patient/Get/387 - -

2024-07-27 17:41:34.086 +05:30  INF  CORS policy execution successful.

2024-07-27 17:41:34.086 +05:30  INF  Request finished HTTP/2 OPTIONS https://localhost:7069/api/Patient/Get/387 - - - 204 - - 0.3012ms

2024-07-27 17:41:34.086 +05:30  INF  Request starting HTTP/2 OPTIONS https://localhost:7069/api/Doctor/Get/Names - -

2024-07-27 17:41:34.087 +05:30  INF  CORS policy execution successful.

2024-07-27 17:41:34.087 +05:30  INF  Request finished HTTP/2 OPTIONS https://localhost:7069/api/Doctor/Get/Names - - - 204 - - 0.3947ms

2024-07-27 17:41:34.087 +05:30  INF  Request starting HTTP/2 OPTIONS https://localhost:7069/api/Patient/Get/Names - -

2024-07-27 17:41:34.087 +05:30  INF  CORS policy execution successful.

2024-07-27 17:41:34.087 +05:30  INF  Request finished HTTP/2 OPTIONS https://localhost:7069/api/Patient/Get/Names - - - 204 - - 0.3198ms

2024-07-27 17:41:34.089 +05:30  INF  Request starting HTTP/2 OPTIONS https://localhost:7069/api/Chair/GetAll - -

2024-07-27 17:41:34.089 +05:30  INF  Request starting HTTP/2 OPTIONS https://localhost:7069/api/Patient/Get/508 - -

2024-07-27 17:41:34.089 +05:30  INF  CORS policy execution successful.

2024-07-27 17:41:34.089 +05:30  INF  Request finished HTTP/2 OPTIONS https://localhost:7069/api/Chair/GetAll - - - 204 - - 0.3203ms

2024-07-27 17:41:34.092 +05:30  INF  CORS policy execution successful.

2024-07-27 17:41:34.094 +05:30  INF  Request finished HTTP/2 OPTIONS https://localhost:7069/api/Patient/Get/508 - - - 204 - - 3.8810ms

2024-07-27 17:41:34.094 +05:30  INF  Request starting HTTP/2 GET https://localhost:7069/api/Doctor/Get/Names application/json -

2024-07-27 17:41:34.094 +05:30  INF  Request starting HTTP/2 GET https://localhost:7069/api/Patient/Get/387 application/json -

2024-07-27 17:41:34.094 +05:30  INF  Request starting HTTP/2 GET https://localhost:7069/api/Patient/Get/Names application/json -

2024-07-27 17:41:34.094 +05:30  INF  Request starting HTTP/2 GET https://localhost:7069/api/Chair/GetAll application/json -

2024-07-27 17:41:34.094 +05:30  INF  CORS policy execution successful.

2024-07-27 17:41:34.094 +05:30  INF  CORS policy execution successful.

2024-07-27 17:41:34.094 +05:30  INF  CORS policy execution successful.

2024-07-27 17:41:34.094 +05:30  INF  CORS policy execution successful.

2024-07-27 17:41:34.100 +05:30  INF  Request starting HTTP/2 GET https://localhost:7069/api/Patient/Get/508 application/json -

2024-07-27 17:41:34.102 +05:30  INF  CORS policy execution successful.

2024-07-27 17:41:34.231 +05:30  INF  Executed DbCommand (214ms) [Parameters=[@__p_0='?' (DbType = Int64)], CommandType='"Text"', CommandTimeout='30']
SELECT COUNT(*)
FROM `Patientses` AS `p`
WHERE (`p`.`User_Id` = @__p_0) AND (`p`.`Is_Delete` = 0)

2024-07-27 17:41:34.739 +05:30  INF  Executed DbCommand (215ms) [Parameters=[@__id_0='?' (DbType = Int64)], CommandType='"Text"', CommandTimeout='30']
SELECT `u`.`Id`, `u`.`About_Me`, `u`.`Account_Type`, `u`.`Address`, `u`.`Available_Days`, `u`.`Bn_Name`, `u`.`City`, `u`.`Country`, `u`.`Created_At`, `u`.`Currency`, `u`.`Degree`, `u`.`Email`, `u`.`Email_Verified`, `u`.`Enable_Appointment`, `u`.`Enable_Rating`, `u`.`Exp_Years`, `u`.`Facebook`, `u`.`Google_Analytics`, `u`.`Image`, `u`.`Instagram`, `u`.`Linkedin`, `u`.`Name`, `u`.`Parent_Id`, `u`.`Password`, `u`.`Paypal_Email`, `u`.`Paypal_Mode`, `u`.`Paypal_Payment`, `u`.`Paystack_Payment`, `u`.`Paystack_Public_Key`, `u`.`Paystack_Secret_Key`, `u`.`Phone`, `u`.`Publish_Key`, `u`.`Qr_Code`, `u`.`Razorpay_Key_Id`, `u`.`Razorpay_Key_Secret`, `u`.`Razorpay_Payment`, `u`.`Role`, `u`.`Secret_Key`, `u`.`Skype`, `u`.`Slug`, `u`.`Specialist`, `u`.`Status`, `u`.`Stripe_Payment`, `u`.`Thumb`, `u`.`Trial_Expire`, `u`.`Twitter`, `u`.`User_Name`, `u`.`User_Type`, `u`.`Verify_Code`, `u`.`Whatsapp`
FROM `Users` AS `u`
WHERE `u`.`Id` = @__id_0
LIMIT 1

2024-07-27 17:41:34.739 +05:30  INF  Executing endpoint 'DCRM.Api.Controllers.ChairController.GetAll (DCRM.Api)'

2024-07-27 17:41:34.739 +05:30  INF  Route matched with {action = "GetAll", controller = "Chair"}. Executing controller action with signature System.Collections.Generic.List`1[DCRM.Common.Dto.ChairDto] GetAll() on controller DCRM.Api.Controllers.ChairController (DCRM.Api).

2024-07-27 17:41:34.870 +05:30  INF  Executed DbCommand (213ms) [Parameters=[@__userId_0='?' (DbType = Int32)], CommandType='"Text"', CommandTimeout='30']
SELECT COUNT(*)
FROM `Staffs` AS `s`
WHERE (`s`.`User_Id` = @__userId_0) AND (`s`.`Is_Deleted` = 0)

2024-07-27 17:41:35.377 +05:30  INF  Executed DbCommand (214ms) [Parameters=[], CommandType='"Text"', CommandTimeout='30']
SELECT `c`.`Id`, `c`.`Address`, `c`.`Appoinment_Limit`, `c`.`Created_At`, `c`.`Doctor_Id`, `c`.`Is_Primary`, `c`.`Name`, `c`.`Status`, `c`.`Uid`, `c`.`User_Id`
FROM `Chairs` AS `c`

2024-07-27 17:41:35.511 +05:30  INF  Executed DbCommand (214ms) [Parameters=[@__userId_0='?' (DbType = Int32)], CommandType='"Text"', CommandTimeout='30']
SELECT COUNT(*)
FROM `Appointments` AS `a`
WHERE (`a`.`User_Id` = @__userId_0) AND (`a`.`Is_Delete` = 0)

2024-07-27 17:41:36.021 +05:30  INF  Executed DbCommand (216ms) [Parameters=[@__Id_0='?' (DbType = Int64)], CommandType='"Text"', CommandTimeout='30']
SELECT `d`.`Id`, `d`.`Age`, `d`.`Blood_Group`, `d`.`Created_At`, `d`.`Dob`, `d`.`Email`, `d`.`Email2`, `d`.`Gender`, `d`.`Gst_Number`, `d`.`Is_Delete`, `d`.`Marital_Status`, `d`.`Name`, `d`.`Pan_Number`, `d`.`Password`, `d`.`Phone1`, `d`.`Phone2`, `d`.`Phone3`, `d`.`Phone4`, `d`.`Qualification`, `d`.`Role`, `d`.`Speciality`, `d`.`Thumb`, `d`.`Updated_At`, `d`.`User_Id`
FROM `Doctors` AS `d`
WHERE `d`.`Id` = @__Id_0
LIMIT 2

2024-07-27 17:41:36.154 +05:30  INF  Executed DbCommand (216ms) [Parameters=[@__userId_0='?' (DbType = Int32)], CommandType='"Text"', CommandTimeout='30']
SELECT COUNT(*)
FROM `Appointments` AS `a`
WHERE ((`a`.`User_Id` = @__userId_0) AND (`a`.`Is_Delete` = 0)) AND (`a`.`Date` = CURDATE())

2024-07-27 17:41:36.154 +05:30  INF  Executing ObjectResult, writing value of type 'DCRM.Common.Dto.DashboardDto'.

2024-07-27 17:41:36.154 +05:30  INF  Executed action DCRM.Api.Controllers.DashboardController.Get (DCRM.Api) in 2564.1153ms

2024-07-27 17:41:36.154 +05:30  INF  Executed endpoint 'DCRM.Api.Controllers.DashboardController.Get (DCRM.Api)'

2024-07-27 17:41:36.154 +05:30  INF  Request finished HTTP/2 GET https://localhost:7069/api/Dashboard/Get application/json - - 200 - application/json;+charset=utf-8 5668.4767ms

2024-07-27 17:41:36.663 +05:30  INF  Executed DbCommand (215ms) [Parameters=[@__Id_0='?' (DbType = Int64)], CommandType='"Text"', CommandTimeout='30']
SELECT `d`.`Id`, `d`.`Age`, `d`.`Blood_Group`, `d`.`Created_At`, `d`.`Dob`, `d`.`Email`, `d`.`Email2`, `d`.`Gender`, `d`.`Gst_Number`, `d`.`Is_Delete`, `d`.`Marital_Status`, `d`.`Name`, `d`.`Pan_Number`, `d`.`Password`, `d`.`Phone1`, `d`.`Phone2`, `d`.`Phone3`, `d`.`Phone4`, `d`.`Qualification`, `d`.`Role`, `d`.`Speciality`, `d`.`Thumb`, `d`.`Updated_At`, `d`.`User_Id`
FROM `Doctors` AS `d`
WHERE `d`.`Id` = @__Id_0
LIMIT 2

2024-07-27 17:41:37.128 +05:30  INF  Executed DbCommand (218ms) [Parameters=[@__id_0='?' (DbType = Int64)], CommandType='"Text"', CommandTimeout='30']
SELECT `u`.`Id`, `u`.`About_Me`, `u`.`Account_Type`, `u`.`Address`, `u`.`Available_Days`, `u`.`Bn_Name`, `u`.`City`, `u`.`Country`, `u`.`Created_At`, `u`.`Currency`, `u`.`Degree`, `u`.`Email`, `u`.`Email_Verified`, `u`.`Enable_Appointment`, `u`.`Enable_Rating`, `u`.`Exp_Years`, `u`.`Facebook`, `u`.`Google_Analytics`, `u`.`Image`, `u`.`Instagram`, `u`.`Linkedin`, `u`.`Name`, `u`.`Parent_Id`, `u`.`Password`, `u`.`Paypal_Email`, `u`.`Paypal_Mode`, `u`.`Paypal_Payment`, `u`.`Paystack_Payment`, `u`.`Paystack_Public_Key`, `u`.`Paystack_Secret_Key`, `u`.`Phone`, `u`.`Publish_Key`, `u`.`Qr_Code`, `u`.`Razorpay_Key_Id`, `u`.`Razorpay_Key_Secret`, `u`.`Razorpay_Payment`, `u`.`Role`, `u`.`Secret_Key`, `u`.`Skype`, `u`.`Slug`, `u`.`Specialist`, `u`.`Status`, `u`.`Stripe_Payment`, `u`.`Thumb`, `u`.`Trial_Expire`, `u`.`Twitter`, `u`.`User_Name`, `u`.`User_Type`, `u`.`Verify_Code`, `u`.`Whatsapp`
FROM `Users` AS `u`
WHERE `u`.`Id` = @__id_0
LIMIT 1

2024-07-27 17:41:37.128 +05:30  INF  Executing endpoint 'DCRM.Api.Controllers.PatientController.Get (DCRM.Api)'

2024-07-27 17:41:37.128 +05:30  INF  Route matched with {action = "Get", controller = "Patient"}. Executing controller action with signature DCRM.Common.Dto.PatientseDto Get(Int64) on controller DCRM.Api.Controllers.PatientController (DCRM.Api).

2024-07-27 17:41:37.129 +05:30  INF  Executed DbCommand (218ms) [Parameters=[@__id_0='?' (DbType = Int64)], CommandType='"Text"', CommandTimeout='30']
SELECT `u`.`Id`, `u`.`About_Me`, `u`.`Account_Type`, `u`.`Address`, `u`.`Available_Days`, `u`.`Bn_Name`, `u`.`City`, `u`.`Country`, `u`.`Created_At`, `u`.`Currency`, `u`.`Degree`, `u`.`Email`, `u`.`Email_Verified`, `u`.`Enable_Appointment`, `u`.`Enable_Rating`, `u`.`Exp_Years`, `u`.`Facebook`, `u`.`Google_Analytics`, `u`.`Image`, `u`.`Instagram`, `u`.`Linkedin`, `u`.`Name`, `u`.`Parent_Id`, `u`.`Password`, `u`.`Paypal_Email`, `u`.`Paypal_Mode`, `u`.`Paypal_Payment`, `u`.`Paystack_Payment`, `u`.`Paystack_Public_Key`, `u`.`Paystack_Secret_Key`, `u`.`Phone`, `u`.`Publish_Key`, `u`.`Qr_Code`, `u`.`Razorpay_Key_Id`, `u`.`Razorpay_Key_Secret`, `u`.`Razorpay_Payment`, `u`.`Role`, `u`.`Secret_Key`, `u`.`Skype`, `u`.`Slug`, `u`.`Specialist`, `u`.`Status`, `u`.`Stripe_Payment`, `u`.`Thumb`, `u`.`Trial_Expire`, `u`.`Twitter`, `u`.`User_Name`, `u`.`User_Type`, `u`.`Verify_Code`, `u`.`Whatsapp`
FROM `Users` AS `u`
WHERE `u`.`Id` = @__id_0
LIMIT 1

2024-07-27 17:41:37.129 +05:30  INF  Executed DbCommand (220ms) [Parameters=[@__id_0='?' (DbType = Int64)], CommandType='"Text"', CommandTimeout='30']
SELECT `u`.`Id`, `u`.`About_Me`, `u`.`Account_Type`, `u`.`Address`, `u`.`Available_Days`, `u`.`Bn_Name`, `u`.`City`, `u`.`Country`, `u`.`Created_At`, `u`.`Currency`, `u`.`Degree`, `u`.`Email`, `u`.`Email_Verified`, `u`.`Enable_Appointment`, `u`.`Enable_Rating`, `u`.`Exp_Years`, `u`.`Facebook`, `u`.`Google_Analytics`, `u`.`Image`, `u`.`Instagram`, `u`.`Linkedin`, `u`.`Name`, `u`.`Parent_Id`, `u`.`Password`, `u`.`Paypal_Email`, `u`.`Paypal_Mode`, `u`.`Paypal_Payment`, `u`.`Paystack_Payment`, `u`.`Paystack_Public_Key`, `u`.`Paystack_Secret_Key`, `u`.`Phone`, `u`.`Publish_Key`, `u`.`Qr_Code`, `u`.`Razorpay_Key_Id`, `u`.`Razorpay_Key_Secret`, `u`.`Razorpay_Payment`, `u`.`Role`, `u`.`Secret_Key`, `u`.`Skype`, `u`.`Slug`, `u`.`Specialist`, `u`.`Status`, `u`.`Stripe_Payment`, `u`.`Thumb`, `u`.`Trial_Expire`, `u`.`Twitter`, `u`.`User_Name`, `u`.`User_Type`, `u`.`Verify_Code`, `u`.`Whatsapp`
FROM `Users` AS `u`
WHERE `u`.`Id` = @__id_0
LIMIT 1

2024-07-27 17:41:37.129 +05:30  INF  Executing endpoint 'DCRM.Api.Controllers.PatientController.Get (DCRM.Api)'

2024-07-27 17:41:37.129 +05:30  INF  Executing endpoint 'DCRM.Api.Controllers.PatientController.PatientDetailList (DCRM.Api)'

2024-07-27 17:41:37.130 +05:30  INF  Route matched with {action = "Get", controller = "Patient"}. Executing controller action with signature DCRM.Common.Dto.PatientseDto Get(Int64) on controller DCRM.Api.Controllers.PatientController (DCRM.Api).

2024-07-27 17:41:37.130 +05:30  INF  Route matched with {action = "PatientDetailList", controller = "Patient"}. Executing controller action with signature System.Collections.Generic.List`1[DCRM.Common.Dto.DropdownDataDto] PatientDetailList() on controller DCRM.Api.Controllers.PatientController (DCRM.Api).

2024-07-27 17:41:37.220 +05:30  INF  Executed DbCommand (222ms) [Parameters=[@__id_0='?' (DbType = Int64)], CommandType='"Text"', CommandTimeout='30']
SELECT `u`.`Id`, `u`.`About_Me`, `u`.`Account_Type`, `u`.`Address`, `u`.`Available_Days`, `u`.`Bn_Name`, `u`.`City`, `u`.`Country`, `u`.`Created_At`, `u`.`Currency`, `u`.`Degree`, `u`.`Email`, `u`.`Email_Verified`, `u`.`Enable_Appointment`, `u`.`Enable_Rating`, `u`.`Exp_Years`, `u`.`Facebook`, `u`.`Google_Analytics`, `u`.`Image`, `u`.`Instagram`, `u`.`Linkedin`, `u`.`Name`, `u`.`Parent_Id`, `u`.`Password`, `u`.`Paypal_Email`, `u`.`Paypal_Mode`, `u`.`Paypal_Payment`, `u`.`Paystack_Payment`, `u`.`Paystack_Public_Key`, `u`.`Paystack_Secret_Key`, `u`.`Phone`, `u`.`Publish_Key`, `u`.`Qr_Code`, `u`.`Razorpay_Key_Id`, `u`.`Razorpay_Key_Secret`, `u`.`Razorpay_Payment`, `u`.`Role`, `u`.`Secret_Key`, `u`.`Skype`, `u`.`Slug`, `u`.`Specialist`, `u`.`Status`, `u`.`Stripe_Payment`, `u`.`Thumb`, `u`.`Trial_Expire`, `u`.`Twitter`, `u`.`User_Name`, `u`.`User_Type`, `u`.`Verify_Code`, `u`.`Whatsapp`
FROM `Users` AS `u`
WHERE `u`.`Id` = @__id_0
LIMIT 1

2024-07-27 17:41:37.221 +05:30  INF  Executing endpoint 'DCRM.Api.Controllers.DoctorController.DoctorNameList (DCRM.Api)'

2024-07-27 17:41:37.221 +05:30  INF  Route matched with {action = "DoctorNameList", controller = "Doctor"}. Executing controller action with signature System.Collections.Generic.List`1[DCRM.Common.Dto.DropdownDataDto] DoctorNameList() on controller DCRM.Api.Controllers.DoctorController (DCRM.Api).

2024-07-27 17:41:37.304 +05:30  INF  Executed DbCommand (213ms) [Parameters=[@__Id_0='?' (DbType = Int64)], CommandType='"Text"', CommandTimeout='30']
SELECT `d`.`Id`, `d`.`Age`, `d`.`Blood_Group`, `d`.`Created_At`, `d`.`Dob`, `d`.`Email`, `d`.`Email2`, `d`.`Gender`, `d`.`Gst_Number`, `d`.`Is_Delete`, `d`.`Marital_Status`, `d`.`Name`, `d`.`Pan_Number`, `d`.`Password`, `d`.`Phone1`, `d`.`Phone2`, `d`.`Phone3`, `d`.`Phone4`, `d`.`Qualification`, `d`.`Role`, `d`.`Speciality`, `d`.`Thumb`, `d`.`Updated_At`, `d`.`User_Id`
FROM `Doctors` AS `d`
WHERE `d`.`Id` = @__Id_0
LIMIT 2

2024-07-27 17:41:37.766 +05:30  INF  Executed DbCommand (213ms) [Parameters=[@__id_0='?' (DbType = Int64)], CommandType='"Text"', CommandTimeout='30']
SELECT `p`.`Id`, `p`.`Age`, `p`.`Chamber_Id`, `p`.`Created_At`, `p`.`Email`, `p`.`Guardian`, `p`.`Is_Delete`, `p`.`Mobile`, `p`.`Mr_Number`, `p`.`Name`, `p`.`Password`, `p`.`Permanent_Address`, `p`.`Present_Address`, `p`.`Role`, `p`.`Sex`, `p`.`Slug`, `p`.`Thumb`, `p`.`Title`, `p`.`UserName`, `p`.`User_Id`, `p`.`Verify_Code`, `p`.`Weight`
FROM `Patientses` AS `p`
WHERE (`p`.`Is_Delete` = 0) AND (`p`.`Id` = @__id_0)
LIMIT 1

2024-07-27 17:41:37.766 +05:30  INF  Executed DbCommand (213ms) [Parameters=[@__id_0='?' (DbType = Int64)], CommandType='"Text"', CommandTimeout='30']
SELECT `p`.`Id`, `p`.`Age`, `p`.`Chamber_Id`, `p`.`Created_At`, `p`.`Email`, `p`.`Guardian`, `p`.`Is_Delete`, `p`.`Mobile`, `p`.`Mr_Number`, `p`.`Name`, `p`.`Password`, `p`.`Permanent_Address`, `p`.`Present_Address`, `p`.`Role`, `p`.`Sex`, `p`.`Slug`, `p`.`Thumb`, `p`.`Title`, `p`.`UserName`, `p`.`User_Id`, `p`.`Verify_Code`, `p`.`Weight`
FROM `Patientses` AS `p`
WHERE (`p`.`Is_Delete` = 0) AND (`p`.`Id` = @__id_0)
LIMIT 1

2024-07-27 17:41:37.769 +05:30  INF  Executed DbCommand (215ms) [Parameters=[@__userId_0='?' (DbType = Int64)], CommandType='"Text"', CommandTimeout='30']
SELECT `p`.`Id`, `p`.`Age`, `p`.`Chamber_Id`, `p`.`Created_At`, `p`.`Email`, `p`.`Guardian`, `p`.`Is_Delete`, `p`.`Mobile`, `p`.`Mr_Number`, `p`.`Name`, `p`.`Password`, `p`.`Permanent_Address`, `p`.`Present_Address`, `p`.`Role`, `p`.`Sex`, `p`.`Slug`, `p`.`Thumb`, `p`.`Title`, `p`.`UserName`, `p`.`User_Id`, `p`.`Verify_Code`, `p`.`Weight`
FROM `Patientses` AS `p`
WHERE (`p`.`User_Id` = @__userId_0) AND (`p`.`Is_Delete` = 0)

2024-07-27 17:41:37.880 +05:30  INF  Executed DbCommand (223ms) [Parameters=[@__userId_0='?' (DbType = Int64)], CommandType='"Text"', CommandTimeout='30']
SELECT `d`.`Id`, `d`.`Age`, `d`.`Blood_Group`, `d`.`Created_At`, `d`.`Dob`, `d`.`Email`, `d`.`Email2`, `d`.`Gender`, `d`.`Gst_Number`, `d`.`Is_Delete`, `d`.`Marital_Status`, `d`.`Name`, `d`.`Pan_Number`, `d`.`Password`, `d`.`Phone1`, `d`.`Phone2`, `d`.`Phone3`, `d`.`Phone4`, `d`.`Qualification`, `d`.`Role`, `d`.`Speciality`, `d`.`Thumb`, `d`.`Updated_At`, `d`.`User_Id`
FROM `Doctors` AS `d`
WHERE (`d`.`User_Id` = @__userId_0) AND (`d`.`Is_Delete` = 0)

2024-07-27 17:41:37.943 +05:30  INF  Executed DbCommand (214ms) [Parameters=[@__Id_0='?' (DbType = Int64)], CommandType='"Text"', CommandTimeout='30']
SELECT `d`.`Id`, `d`.`Age`, `d`.`Blood_Group`, `d`.`Created_At`, `d`.`Dob`, `d`.`Email`, `d`.`Email2`, `d`.`Gender`, `d`.`Gst_Number`, `d`.`Is_Delete`, `d`.`Marital_Status`, `d`.`Name`, `d`.`Pan_Number`, `d`.`Password`, `d`.`Phone1`, `d`.`Phone2`, `d`.`Phone3`, `d`.`Phone4`, `d`.`Qualification`, `d`.`Role`, `d`.`Speciality`, `d`.`Thumb`, `d`.`Updated_At`, `d`.`User_Id`
FROM `Doctors` AS `d`
WHERE `d`.`Id` = @__Id_0
LIMIT 2

2024-07-27 17:41:38.416 +05:30  INF  Executed DbCommand (224ms) [Parameters=[], CommandType='"Text"', CommandTimeout='30']
SELECT `p`.`Id`, `p`.`Amount_Type`, `p`.`Balance`, `p`.`Created_At`, `p`.`Credit_Amount`, `p`.`Debit_Amount`, `p`.`Description`, `p`.`Doctor_Id`, `p`.`Patient_Id`, `p`.`Payment_Mode`, `p`.`Updated_At`, `p`.`Workdone_Id`, `p`.`isPrinted`
FROM `Payment_History` AS `p`

2024-07-27 17:41:38.418 +05:30  INF  Executed DbCommand (219ms) [Parameters=[], CommandType='"Text"', CommandTimeout='30']
SELECT `p`.`Id`, `p`.`Amount_Type`, `p`.`Balance`, `p`.`Created_At`, `p`.`Credit_Amount`, `p`.`Debit_Amount`, `p`.`Description`, `p`.`Doctor_Id`, `p`.`Patient_Id`, `p`.`Payment_Mode`, `p`.`Updated_At`, `p`.`Workdone_Id`, `p`.`isPrinted`
FROM `Payment_History` AS `p`

2024-07-27 17:41:38.578 +05:30  INF  Executed DbCommand (211ms) [Parameters=[@__Id_0='?' (DbType = Int64)], CommandType='"Text"', CommandTimeout='30']
SELECT `d`.`Id`, `d`.`Age`, `d`.`Blood_Group`, `d`.`Created_At`, `d`.`Dob`, `d`.`Email`, `d`.`Email2`, `d`.`Gender`, `d`.`Gst_Number`, `d`.`Is_Delete`, `d`.`Marital_Status`, `d`.`Name`, `d`.`Pan_Number`, `d`.`Password`, `d`.`Phone1`, `d`.`Phone2`, `d`.`Phone3`, `d`.`Phone4`, `d`.`Qualification`, `d`.`Role`, `d`.`Speciality`, `d`.`Thumb`, `d`.`Updated_At`, `d`.`User_Id`
FROM `Doctors` AS `d`
WHERE `d`.`Id` = @__Id_0
LIMIT 2

2024-07-27 17:41:38.762 +05:30  INF  Executing ObjectResult, writing value of type 'System.Collections.Generic.List`1[[DCRM.Common.Dto.DropdownDataDto, DCRM.Common, Version=1.0.0.0, Culture=neutral, PublicKeyToken=null]]'.

2024-07-27 17:41:38.762 +05:30  INF  Executed action DCRM.Api.Controllers.DoctorController.DoctorNameList (DCRM.Api) in 1541.3718ms

2024-07-27 17:41:38.762 +05:30  INF  Executed endpoint 'DCRM.Api.Controllers.DoctorController.DoctorNameList (DCRM.Api)'

2024-07-27 17:41:38.763 +05:30  INF  Request finished HTTP/2 GET https://localhost:7069/api/Doctor/Get/Names application/json - - 200 - application/json;+charset=utf-8 4668.6540ms

2024-07-27 17:41:38.846 +05:30  INF  Executing ObjectResult, writing value of type 'System.Collections.Generic.List`1[[DCRM.Common.Dto.DropdownDataDto, DCRM.Common, Version=1.0.0.0, Culture=neutral, PublicKeyToken=null]]'.

2024-07-27 17:41:38.847 +05:30  INF  Executed action DCRM.Api.Controllers.PatientController.PatientDetailList (DCRM.Api) in 1717.1141ms

2024-07-27 17:41:38.847 +05:30  INF  Executed endpoint 'DCRM.Api.Controllers.PatientController.PatientDetailList (DCRM.Api)'

2024-07-27 17:41:38.847 +05:30  INF  Request finished HTTP/2 GET https://localhost:7069/api/Patient/Get/Names application/json - - 200 - application/json;+charset=utf-8 4752.7234ms

2024-07-27 17:41:39.217 +05:30  INF  Executed DbCommand (214ms) [Parameters=[@__Id_0='?' (DbType = Int64)], CommandType='"Text"', CommandTimeout='30']
SELECT `d`.`Id`, `d`.`Age`, `d`.`Blood_Group`, `d`.`Created_At`, `d`.`Dob`, `d`.`Email`, `d`.`Email2`, `d`.`Gender`, `d`.`Gst_Number`, `d`.`Is_Delete`, `d`.`Marital_Status`, `d`.`Name`, `d`.`Pan_Number`, `d`.`Password`, `d`.`Phone1`, `d`.`Phone2`, `d`.`Phone3`, `d`.`Phone4`, `d`.`Qualification`, `d`.`Role`, `d`.`Speciality`, `d`.`Thumb`, `d`.`Updated_At`, `d`.`User_Id`
FROM `Doctors` AS `d`
WHERE `d`.`Id` = @__Id_0
LIMIT 2

2024-07-27 17:41:39.273 +05:30  INF  Executed DbCommand (213ms) [Parameters=[@__p_0='?' (DbType = Int64)], CommandType='"Text"', CommandTimeout='30']
SELECT `p`.`Id`, `p`.`Amount`, `p`.`Balance_Amount`, `p`.`Balance_Spent`, `p`.`Created_At`, `p`.`Name`, `p`.`Patients_Id`, `p`.`Type`, `p`.`Updated_At`
FROM `Patients_Insurance_Loan` AS `p`
WHERE `p`.`Patients_Id` = @__p_0

2024-07-27 17:41:39.273 +05:30  INF  Executed DbCommand (214ms) [Parameters=[@__p_0='?' (DbType = Int64)], CommandType='"Text"', CommandTimeout='30']
SELECT `p`.`Id`, `p`.`Amount`, `p`.`Balance_Amount`, `p`.`Balance_Spent`, `p`.`Created_At`, `p`.`Name`, `p`.`Patients_Id`, `p`.`Type`, `p`.`Updated_At`
FROM `Patients_Insurance_Loan` AS `p`
WHERE `p`.`Patients_Id` = @__p_0

2024-07-27 17:41:39.857 +05:30  INF  Executed DbCommand (214ms) [Parameters=[@__Id_0='?' (DbType = Int64)], CommandType='"Text"', CommandTimeout='30']
SELECT `d`.`Id`, `d`.`Age`, `d`.`Blood_Group`, `d`.`Created_At`, `d`.`Dob`, `d`.`Email`, `d`.`Email2`, `d`.`Gender`, `d`.`Gst_Number`, `d`.`Is_Delete`, `d`.`Marital_Status`, `d`.`Name`, `d`.`Pan_Number`, `d`.`Password`, `d`.`Phone1`, `d`.`Phone2`, `d`.`Phone3`, `d`.`Phone4`, `d`.`Qualification`, `d`.`Role`, `d`.`Speciality`, `d`.`Thumb`, `d`.`Updated_At`, `d`.`User_Id`
FROM `Doctors` AS `d`
WHERE `d`.`Id` = @__Id_0
LIMIT 2

2024-07-27 17:41:39.920 +05:30  INF  Executed DbCommand (222ms) [Parameters=[@__p_0='?' (DbType = Int64)], CommandType='"Text"', CommandTimeout='30']
SELECT `p`.`Id`, `p`.`Created_At`, `p`.`Patient_Id`, `p`.`Report`, `p`.`Report_Date`, `p`.`Report_File`, `p`.`Status`, `p`.`Test_Name`, `p`.`Test_Price`, `p`.`Updated_At`
FROM `Patient_Tests` AS `p`
WHERE `p`.`Patient_Id` = @__p_0

2024-07-27 17:41:39.920 +05:30  INF  Executed DbCommand (222ms) [Parameters=[@__p_0='?' (DbType = Int64)], CommandType='"Text"', CommandTimeout='30']
SELECT `p`.`Id`, `p`.`Created_At`, `p`.`Patient_Id`, `p`.`Report`, `p`.`Report_Date`, `p`.`Report_File`, `p`.`Status`, `p`.`Test_Name`, `p`.`Test_Price`, `p`.`Updated_At`
FROM `Patient_Tests` AS `p`
WHERE `p`.`Patient_Id` = @__p_0

2024-07-27 17:41:40.496 +05:30  INF  Executed DbCommand (215ms) [Parameters=[@__Id_0='?' (DbType = Int64)], CommandType='"Text"', CommandTimeout='30']
SELECT `d`.`Id`, `d`.`Age`, `d`.`Blood_Group`, `d`.`Created_At`, `d`.`Dob`, `d`.`Email`, `d`.`Email2`, `d`.`Gender`, `d`.`Gst_Number`, `d`.`Is_Delete`, `d`.`Marital_Status`, `d`.`Name`, `d`.`Pan_Number`, `d`.`Password`, `d`.`Phone1`, `d`.`Phone2`, `d`.`Phone3`, `d`.`Phone4`, `d`.`Qualification`, `d`.`Role`, `d`.`Speciality`, `d`.`Thumb`, `d`.`Updated_At`, `d`.`User_Id`
FROM `Doctors` AS `d`
WHERE `d`.`Id` = @__Id_0
LIMIT 2

2024-07-27 17:41:40.576 +05:30  INF  Executed DbCommand (221ms) [Parameters=[@__p_0='?' (DbType = Int64)], CommandType='"Text"', CommandTimeout='30']
SELECT `p`.`Id`, `p`.`Address_O`, `p`.`Address_Other`, `p`.`Address_R`, `p`.`City_O`, `p`.`City_Other`, `p`.`City_R`, `p`.`Country_O`, `p`.`Country_Other`, `p`.`Country_R`, `p`.`Created_At`, `p`.`Doctor_Name`, `p`.`Email`, `p`.`Email2`, `p`.`Medical_History_Allergies`, `p`.`Patient_Id`, `p`.`Phone`, `p`.`Phone1`, `p`.`Phone2`, `p`.`Phone3`, `p`.`Phone4`, `p`.`Physician`, `p`.`Reffered_By`, `p`.`Relationship_Type`, `p`.`Special_Notes`, `p`.`Updated_At`, `p`.`Zip_O`, `p`.`Zip_Other`, `p`.`Zip_R`
FROM `Patients_Contact` AS `p`
WHERE `p`.`Patient_Id` = @__p_0

2024-07-27 17:41:40.578 +05:30  INF  Executed DbCommand (222ms) [Parameters=[@__p_0='?' (DbType = Int64)], CommandType='"Text"', CommandTimeout='30']
SELECT `p`.`Id`, `p`.`Address_O`, `p`.`Address_Other`, `p`.`Address_R`, `p`.`City_O`, `p`.`City_Other`, `p`.`City_R`, `p`.`Country_O`, `p`.`Country_Other`, `p`.`Country_R`, `p`.`Created_At`, `p`.`Doctor_Name`, `p`.`Email`, `p`.`Email2`, `p`.`Medical_History_Allergies`, `p`.`Patient_Id`, `p`.`Phone`, `p`.`Phone1`, `p`.`Phone2`, `p`.`Phone3`, `p`.`Phone4`, `p`.`Physician`, `p`.`Reffered_By`, `p`.`Relationship_Type`, `p`.`Special_Notes`, `p`.`Updated_At`, `p`.`Zip_O`, `p`.`Zip_Other`, `p`.`Zip_R`
FROM `Patients_Contact` AS `p`
WHERE `p`.`Patient_Id` = @__p_0

2024-07-27 17:41:41.138 +05:30  INF  Executed DbCommand (215ms) [Parameters=[@__Id_0='?' (DbType = Int64)], CommandType='"Text"', CommandTimeout='30']
SELECT `d`.`Id`, `d`.`Age`, `d`.`Blood_Group`, `d`.`Created_At`, `d`.`Dob`, `d`.`Email`, `d`.`Email2`, `d`.`Gender`, `d`.`Gst_Number`, `d`.`Is_Delete`, `d`.`Marital_Status`, `d`.`Name`, `d`.`Pan_Number`, `d`.`Password`, `d`.`Phone1`, `d`.`Phone2`, `d`.`Phone3`, `d`.`Phone4`, `d`.`Qualification`, `d`.`Role`, `d`.`Speciality`, `d`.`Thumb`, `d`.`Updated_At`, `d`.`User_Id`
FROM `Doctors` AS `d`
WHERE `d`.`Id` = @__Id_0
LIMIT 2

2024-07-27 17:41:41.218 +05:30  INF  Executed DbCommand (211ms) [Parameters=[@__p_0='?' (DbType = Int64)], CommandType='"Text"', CommandTimeout='30']
SELECT `p`.`Id`, `p`.`Created_At`, `p`.`Patient_Id`, `p`.`Report`, `p`.`Report_File`, `p`.`Scan_Name`, `p`.`Status`, `p`.`Type`, `p`.`Updated_At`
FROM `Patient_Scans` AS `p`
WHERE `p`.`Patient_Id` = @__p_0

2024-07-27 17:41:41.218 +05:30  INF  Executing ObjectResult, writing value of type 'DCRM.Common.Dto.PatientseDto'.

2024-07-27 17:41:41.218 +05:30  INF  Executed DbCommand (211ms) [Parameters=[@__p_0='?' (DbType = Int64)], CommandType='"Text"', CommandTimeout='30']
SELECT `p`.`Id`, `p`.`Created_At`, `p`.`Patient_Id`, `p`.`Report`, `p`.`Report_File`, `p`.`Scan_Name`, `p`.`Status`, `p`.`Type`, `p`.`Updated_At`
FROM `Patient_Scans` AS `p`
WHERE `p`.`Patient_Id` = @__p_0

2024-07-27 17:41:41.218 +05:30  INF  Executing ObjectResult, writing value of type 'DCRM.Common.Dto.PatientseDto'.

2024-07-27 17:41:41.218 +05:30  INF  Executed action DCRM.Api.Controllers.PatientController.Get (DCRM.Api) in 4089.9673ms

2024-07-27 17:41:41.218 +05:30  INF  Executed endpoint 'DCRM.Api.Controllers.PatientController.Get (DCRM.Api)'

2024-07-27 17:41:41.218 +05:30  INF  Request finished HTTP/2 GET https://localhost:7069/api/Patient/Get/508 application/json - - 200 - application/json;+charset=utf-8 7118.2728ms

2024-07-27 17:41:41.218 +05:30  INF  Executed action DCRM.Api.Controllers.PatientController.Get (DCRM.Api) in 4088.8358ms

2024-07-27 17:41:41.218 +05:30  INF  Executed endpoint 'DCRM.Api.Controllers.PatientController.Get (DCRM.Api)'

2024-07-27 17:41:41.219 +05:30  INF  Request finished HTTP/2 GET https://localhost:7069/api/Patient/Get/387 application/json - - 200 - application/json;+charset=utf-8 7124.6620ms

2024-07-27 17:41:41.776 +05:30  INF  Executed DbCommand (213ms) [Parameters=[@__Id_0='?' (DbType = Int64)], CommandType='"Text"', CommandTimeout='30']
SELECT `d`.`Id`, `d`.`Age`, `d`.`Blood_Group`, `d`.`Created_At`, `d`.`Dob`, `d`.`Email`, `d`.`Email2`, `d`.`Gender`, `d`.`Gst_Number`, `d`.`Is_Delete`, `d`.`Marital_Status`, `d`.`Name`, `d`.`Pan_Number`, `d`.`Password`, `d`.`Phone1`, `d`.`Phone2`, `d`.`Phone3`, `d`.`Phone4`, `d`.`Qualification`, `d`.`Role`, `d`.`Speciality`, `d`.`Thumb`, `d`.`Updated_At`, `d`.`User_Id`
FROM `Doctors` AS `d`
WHERE `d`.`Id` = @__Id_0
LIMIT 2

2024-07-27 17:41:42.416 +05:30  INF  Executed DbCommand (214ms) [Parameters=[@__Id_0='?' (DbType = Int64)], CommandType='"Text"', CommandTimeout='30']
SELECT `d`.`Id`, `d`.`Age`, `d`.`Blood_Group`, `d`.`Created_At`, `d`.`Dob`, `d`.`Email`, `d`.`Email2`, `d`.`Gender`, `d`.`Gst_Number`, `d`.`Is_Delete`, `d`.`Marital_Status`, `d`.`Name`, `d`.`Pan_Number`, `d`.`Password`, `d`.`Phone1`, `d`.`Phone2`, `d`.`Phone3`, `d`.`Phone4`, `d`.`Qualification`, `d`.`Role`, `d`.`Speciality`, `d`.`Thumb`, `d`.`Updated_At`, `d`.`User_Id`
FROM `Doctors` AS `d`
WHERE `d`.`Id` = @__Id_0
LIMIT 2

2024-07-27 17:41:43.056 +05:30  INF  Executed DbCommand (213ms) [Parameters=[@__Id_0='?' (DbType = Int64)], CommandType='"Text"', CommandTimeout='30']
SELECT `d`.`Id`, `d`.`Age`, `d`.`Blood_Group`, `d`.`Created_At`, `d`.`Dob`, `d`.`Email`, `d`.`Email2`, `d`.`Gender`, `d`.`Gst_Number`, `d`.`Is_Delete`, `d`.`Marital_Status`, `d`.`Name`, `d`.`Pan_Number`, `d`.`Password`, `d`.`Phone1`, `d`.`Phone2`, `d`.`Phone3`, `d`.`Phone4`, `d`.`Qualification`, `d`.`Role`, `d`.`Speciality`, `d`.`Thumb`, `d`.`Updated_At`, `d`.`User_Id`
FROM `Doctors` AS `d`
WHERE `d`.`Id` = @__Id_0
LIMIT 2

2024-07-27 17:41:43.707 +05:30  INF  Executed DbCommand (215ms) [Parameters=[@__Id_0='?' (DbType = Int64)], CommandType='"Text"', CommandTimeout='30']
SELECT `d`.`Id`, `d`.`Age`, `d`.`Blood_Group`, `d`.`Created_At`, `d`.`Dob`, `d`.`Email`, `d`.`Email2`, `d`.`Gender`, `d`.`Gst_Number`, `d`.`Is_Delete`, `d`.`Marital_Status`, `d`.`Name`, `d`.`Pan_Number`, `d`.`Password`, `d`.`Phone1`, `d`.`Phone2`, `d`.`Phone3`, `d`.`Phone4`, `d`.`Qualification`, `d`.`Role`, `d`.`Speciality`, `d`.`Thumb`, `d`.`Updated_At`, `d`.`User_Id`
FROM `Doctors` AS `d`
WHERE `d`.`Id` = @__Id_0
LIMIT 2

2024-07-27 17:41:44.347 +05:30  INF  Executed DbCommand (214ms) [Parameters=[@__Id_0='?' (DbType = Int64)], CommandType='"Text"', CommandTimeout='30']
SELECT `d`.`Id`, `d`.`Age`, `d`.`Blood_Group`, `d`.`Created_At`, `d`.`Dob`, `d`.`Email`, `d`.`Email2`, `d`.`Gender`, `d`.`Gst_Number`, `d`.`Is_Delete`, `d`.`Marital_Status`, `d`.`Name`, `d`.`Pan_Number`, `d`.`Password`, `d`.`Phone1`, `d`.`Phone2`, `d`.`Phone3`, `d`.`Phone4`, `d`.`Qualification`, `d`.`Role`, `d`.`Speciality`, `d`.`Thumb`, `d`.`Updated_At`, `d`.`User_Id`
FROM `Doctors` AS `d`
WHERE `d`.`Id` = @__Id_0
LIMIT 2

2024-07-27 17:41:44.989 +05:30  INF  Executed DbCommand (215ms) [Parameters=[@__Id_0='?' (DbType = Int64)], CommandType='"Text"', CommandTimeout='30']
SELECT `d`.`Id`, `d`.`Age`, `d`.`Blood_Group`, `d`.`Created_At`, `d`.`Dob`, `d`.`Email`, `d`.`Email2`, `d`.`Gender`, `d`.`Gst_Number`, `d`.`Is_Delete`, `d`.`Marital_Status`, `d`.`Name`, `d`.`Pan_Number`, `d`.`Password`, `d`.`Phone1`, `d`.`Phone2`, `d`.`Phone3`, `d`.`Phone4`, `d`.`Qualification`, `d`.`Role`, `d`.`Speciality`, `d`.`Thumb`, `d`.`Updated_At`, `d`.`User_Id`
FROM `Doctors` AS `d`
WHERE `d`.`Id` = @__Id_0
LIMIT 2

2024-07-27 17:41:45.631 +05:30  INF  Executed DbCommand (215ms) [Parameters=[@__Id_0='?' (DbType = Int64)], CommandType='"Text"', CommandTimeout='30']
SELECT `d`.`Id`, `d`.`Age`, `d`.`Blood_Group`, `d`.`Created_At`, `d`.`Dob`, `d`.`Email`, `d`.`Email2`, `d`.`Gender`, `d`.`Gst_Number`, `d`.`Is_Delete`, `d`.`Marital_Status`, `d`.`Name`, `d`.`Pan_Number`, `d`.`Password`, `d`.`Phone1`, `d`.`Phone2`, `d`.`Phone3`, `d`.`Phone4`, `d`.`Qualification`, `d`.`Role`, `d`.`Speciality`, `d`.`Thumb`, `d`.`Updated_At`, `d`.`User_Id`
FROM `Doctors` AS `d`
WHERE `d`.`Id` = @__Id_0
LIMIT 2

2024-07-27 17:41:46.281 +05:30  INF  Executed DbCommand (224ms) [Parameters=[@__Id_0='?' (DbType = Int64)], CommandType='"Text"', CommandTimeout='30']
SELECT `d`.`Id`, `d`.`Age`, `d`.`Blood_Group`, `d`.`Created_At`, `d`.`Dob`, `d`.`Email`, `d`.`Email2`, `d`.`Gender`, `d`.`Gst_Number`, `d`.`Is_Delete`, `d`.`Marital_Status`, `d`.`Name`, `d`.`Pan_Number`, `d`.`Password`, `d`.`Phone1`, `d`.`Phone2`, `d`.`Phone3`, `d`.`Phone4`, `d`.`Qualification`, `d`.`Role`, `d`.`Speciality`, `d`.`Thumb`, `d`.`Updated_At`, `d`.`User_Id`
FROM `Doctors` AS `d`
WHERE `d`.`Id` = @__Id_0
LIMIT 2

2024-07-27 17:41:46.922 +05:30  INF  Executed DbCommand (214ms) [Parameters=[@__Id_0='?' (DbType = Int64)], CommandType='"Text"', CommandTimeout='30']
SELECT `d`.`Id`, `d`.`Age`, `d`.`Blood_Group`, `d`.`Created_At`, `d`.`Dob`, `d`.`Email`, `d`.`Email2`, `d`.`Gender`, `d`.`Gst_Number`, `d`.`Is_Delete`, `d`.`Marital_Status`, `d`.`Name`, `d`.`Pan_Number`, `d`.`Password`, `d`.`Phone1`, `d`.`Phone2`, `d`.`Phone3`, `d`.`Phone4`, `d`.`Qualification`, `d`.`Role`, `d`.`Speciality`, `d`.`Thumb`, `d`.`Updated_At`, `d`.`User_Id`
FROM `Doctors` AS `d`
WHERE `d`.`Id` = @__Id_0
LIMIT 2

2024-07-27 17:41:47.561 +05:30  INF  Executed DbCommand (214ms) [Parameters=[@__Id_0='?' (DbType = Int64)], CommandType='"Text"', CommandTimeout='30']
SELECT `d`.`Id`, `d`.`Age`, `d`.`Blood_Group`, `d`.`Created_At`, `d`.`Dob`, `d`.`Email`, `d`.`Email2`, `d`.`Gender`, `d`.`Gst_Number`, `d`.`Is_Delete`, `d`.`Marital_Status`, `d`.`Name`, `d`.`Pan_Number`, `d`.`Password`, `d`.`Phone1`, `d`.`Phone2`, `d`.`Phone3`, `d`.`Phone4`, `d`.`Qualification`, `d`.`Role`, `d`.`Speciality`, `d`.`Thumb`, `d`.`Updated_At`, `d`.`User_Id`
FROM `Doctors` AS `d`
WHERE `d`.`Id` = @__Id_0
LIMIT 2

2024-07-27 17:41:47.561 +05:30  INF  Executing ObjectResult, writing value of type 'System.Collections.Generic.List`1[[DCRM.Common.Dto.ChairDto, DCRM.Common, Version=1.0.0.0, Culture=neutral, PublicKeyToken=null]]'.

2024-07-27 17:41:47.562 +05:30  INF  Executed action DCRM.Api.Controllers.ChairController.GetAll (DCRM.Api) in 12822.3835ms

2024-07-27 17:41:47.562 +05:30  INF  Executed endpoint 'DCRM.Api.Controllers.ChairController.GetAll (DCRM.Api)'

2024-07-27 17:41:47.562 +05:30  INF  Request finished HTTP/2 GET https://localhost:7069/api/Chair/GetAll application/json - - 200 - application/json;+charset=utf-8 13467.4722ms

2024-07-27 17:43:42.224 +05:30  INF  Request starting HTTP/2 OPTIONS https://localhost:7069/api/Dashboard/Get - -

2024-07-27 17:43:42.225 +05:30  INF  CORS policy execution successful.

2024-07-27 17:43:42.226 +05:30  INF  Request finished HTTP/2 OPTIONS https://localhost:7069/api/Dashboard/Get - - - 204 - - 1.7550ms

2024-07-27 17:43:42.240 +05:30  INF  Request starting HTTP/2 GET https://localhost:7069/api/Dashboard/Get application/json -

2024-07-27 17:43:42.240 +05:30  INF  CORS policy execution successful.

2024-07-27 17:43:42.417 +05:30  INF  Request starting HTTP/2 OPTIONS https://localhost:7069/api/Appointment/Get/387 - -

2024-07-27 17:43:42.417 +05:30  INF  CORS policy execution successful.

2024-07-27 17:43:42.417 +05:30  INF  Request finished HTTP/2 OPTIONS https://localhost:7069/api/Appointment/Get/387 - - - 204 - - 0.3624ms

2024-07-27 17:43:42.421 +05:30  INF  Request starting HTTP/2 GET https://localhost:7069/api/Appointment/Get/387 application/json -

2024-07-27 17:43:42.421 +05:30  INF  CORS policy execution successful.

2024-07-27 17:43:42.884 +05:30  INF  Executed DbCommand (215ms) [Parameters=[@__id_0='?' (DbType = Int64)], CommandType='"Text"', CommandTimeout='30']
SELECT `u`.`Id`, `u`.`About_Me`, `u`.`Account_Type`, `u`.`Address`, `u`.`Available_Days`, `u`.`Bn_Name`, `u`.`City`, `u`.`Country`, `u`.`Created_At`, `u`.`Currency`, `u`.`Degree`, `u`.`Email`, `u`.`Email_Verified`, `u`.`Enable_Appointment`, `u`.`Enable_Rating`, `u`.`Exp_Years`, `u`.`Facebook`, `u`.`Google_Analytics`, `u`.`Image`, `u`.`Instagram`, `u`.`Linkedin`, `u`.`Name`, `u`.`Parent_Id`, `u`.`Password`, `u`.`Paypal_Email`, `u`.`Paypal_Mode`, `u`.`Paypal_Payment`, `u`.`Paystack_Payment`, `u`.`Paystack_Public_Key`, `u`.`Paystack_Secret_Key`, `u`.`Phone`, `u`.`Publish_Key`, `u`.`Qr_Code`, `u`.`Razorpay_Key_Id`, `u`.`Razorpay_Key_Secret`, `u`.`Razorpay_Payment`, `u`.`Role`, `u`.`Secret_Key`, `u`.`Skype`, `u`.`Slug`, `u`.`Specialist`, `u`.`Status`, `u`.`Stripe_Payment`, `u`.`Thumb`, `u`.`Trial_Expire`, `u`.`Twitter`, `u`.`User_Name`, `u`.`User_Type`, `u`.`Verify_Code`, `u`.`Whatsapp`
FROM `Users` AS `u`
WHERE `u`.`Id` = @__id_0
LIMIT 1

2024-07-27 17:43:42.884 +05:30  INF  Executing endpoint 'DCRM.Api.Controllers.DashboardController.Get (DCRM.Api)'

2024-07-27 17:43:42.884 +05:30  INF  Route matched with {action = "Get", controller = "Dashboard"}. Executing controller action with signature DCRM.Common.Dto.DashboardDto Get() on controller DCRM.Api.Controllers.DashboardController (DCRM.Api).

2024-07-27 17:43:43.058 +05:30  INF  Executed DbCommand (212ms) [Parameters=[@__id_0='?' (DbType = Int64)], CommandType='"Text"', CommandTimeout='30']
SELECT `u`.`Id`, `u`.`About_Me`, `u`.`Account_Type`, `u`.`Address`, `u`.`Available_Days`, `u`.`Bn_Name`, `u`.`City`, `u`.`Country`, `u`.`Created_At`, `u`.`Currency`, `u`.`Degree`, `u`.`Email`, `u`.`Email_Verified`, `u`.`Enable_Appointment`, `u`.`Enable_Rating`, `u`.`Exp_Years`, `u`.`Facebook`, `u`.`Google_Analytics`, `u`.`Image`, `u`.`Instagram`, `u`.`Linkedin`, `u`.`Name`, `u`.`Parent_Id`, `u`.`Password`, `u`.`Paypal_Email`, `u`.`Paypal_Mode`, `u`.`Paypal_Payment`, `u`.`Paystack_Payment`, `u`.`Paystack_Public_Key`, `u`.`Paystack_Secret_Key`, `u`.`Phone`, `u`.`Publish_Key`, `u`.`Qr_Code`, `u`.`Razorpay_Key_Id`, `u`.`Razorpay_Key_Secret`, `u`.`Razorpay_Payment`, `u`.`Role`, `u`.`Secret_Key`, `u`.`Skype`, `u`.`Slug`, `u`.`Specialist`, `u`.`Status`, `u`.`Stripe_Payment`, `u`.`Thumb`, `u`.`Trial_Expire`, `u`.`Twitter`, `u`.`User_Name`, `u`.`User_Type`, `u`.`Verify_Code`, `u`.`Whatsapp`
FROM `Users` AS `u`
WHERE `u`.`Id` = @__id_0
LIMIT 1

2024-07-27 17:43:43.059 +05:30  INF  Executing endpoint 'DCRM.Api.Controllers.AppointmentController.Get (DCRM.Api)'

2024-07-27 17:43:43.059 +05:30  INF  Route matched with {action = "Get", controller = "Appointment"}. Executing controller action with signature DCRM.Common.Entity.Appointment Get(Int32) on controller DCRM.Api.Controllers.AppointmentController (DCRM.Api).

2024-07-27 17:43:43.526 +05:30  INF  Executed DbCommand (215ms) [Parameters=[@__p_0='?' (DbType = Int64)], CommandType='"Text"', CommandTimeout='30']
SELECT COUNT(*)
FROM `Patientses` AS `p`
WHERE (`p`.`User_Id` = @__p_0) AND (`p`.`Is_Delete` = 0)

2024-07-27 17:43:43.699 +05:30  INF  Executed DbCommand (215ms) [Parameters=[@__id_0='?' (DbType = Int64)], CommandType='"Text"', CommandTimeout='30']
SELECT `a`.`Id`, `a`.`Appointment_Status`, `a`.`Cause`, `a`.`Chair`, `a`.`Chamber_Id`, `a`.`Created_At`, `a`.`Date`, `a`.`Doctor_Id`, `a`.`Doctor_Name`, `a`.`End_Time`, `a`.`Extra_Notes`, `a`.`Files`, `a`.`Is_Delete`, `a`.`Is_Start`, `a`.`Meeting_Notes`, `a`.`Number_Of_Slot`, `a`.`Patient_Id`, `a`.`Prescription_Id`, `a`.`Serial_Id`, `a`.`Slot_Time`, `a`.`Start_Time`, `a`.`Status`, `a`.`Type`, `a`.`User_Id`, `a`.`Workdone_Id`
FROM `Appointments` AS `a`
WHERE (`a`.`Id` = @__id_0) AND (`a`.`Is_Delete` = 0)
LIMIT 1

2024-07-27 17:43:43.699 +05:30  INF  Executing ObjectResult, writing value of type 'DCRM.Common.Entity.Appointment'.

2024-07-27 17:43:43.699 +05:30  INF  Executed action DCRM.Api.Controllers.AppointmentController.Get (DCRM.Api) in 640.7569ms

2024-07-27 17:43:43.700 +05:30  INF  Executed endpoint 'DCRM.Api.Controllers.AppointmentController.Get (DCRM.Api)'

2024-07-27 17:43:43.700 +05:30  INF  Request finished HTTP/2 GET https://localhost:7069/api/Appointment/Get/387 application/json - - 200 - application/json;+charset=utf-8 1279.3084ms

2024-07-27 17:43:44.165 +05:30  INF  Executed DbCommand (215ms) [Parameters=[@__userId_0='?' (DbType = Int32)], CommandType='"Text"', CommandTimeout='30']
SELECT COUNT(*)
FROM `Staffs` AS `s`
WHERE (`s`.`User_Id` = @__userId_0) AND (`s`.`Is_Deleted` = 0)

2024-07-27 17:43:44.807 +05:30  INF  Executed DbCommand (213ms) [Parameters=[@__userId_0='?' (DbType = Int32)], CommandType='"Text"', CommandTimeout='30']
SELECT COUNT(*)
FROM `Appointments` AS `a`
WHERE (`a`.`User_Id` = @__userId_0) AND (`a`.`Is_Delete` = 0)

2024-07-27 17:43:45.449 +05:30  INF  Executed DbCommand (214ms) [Parameters=[@__userId_0='?' (DbType = Int32)], CommandType='"Text"', CommandTimeout='30']
SELECT COUNT(*)
FROM `Appointments` AS `a`
WHERE ((`a`.`User_Id` = @__userId_0) AND (`a`.`Is_Delete` = 0)) AND (`a`.`Date` = CURDATE())

2024-07-27 17:43:45.449 +05:30  INF  Executing ObjectResult, writing value of type 'DCRM.Common.Dto.DashboardDto'.

2024-07-27 17:43:45.450 +05:30  INF  Executed action DCRM.Api.Controllers.DashboardController.Get (DCRM.Api) in 2565.6366ms

2024-07-27 17:43:45.450 +05:30  INF  Executed endpoint 'DCRM.Api.Controllers.DashboardController.Get (DCRM.Api)'

2024-07-27 17:43:45.450 +05:30  INF  Request finished HTTP/2 GET https://localhost:7069/api/Dashboard/Get application/json - - 200 - application/json;+charset=utf-8 3209.8154ms

2024-07-27 17:43:52.394 +05:30  INF  Request starting HTTP/2 OPTIONS https://localhost:7069/api/Dashboard/Get - -

2024-07-27 17:43:52.394 +05:30  INF  CORS policy execution successful.

2024-07-27 17:43:52.394 +05:30  INF  Request finished HTTP/2 OPTIONS https://localhost:7069/api/Dashboard/Get - - - 204 - - 0.2995ms

2024-07-27 17:43:52.399 +05:30  INF  Request starting HTTP/2 GET https://localhost:7069/api/Dashboard/Get application/json -

2024-07-27 17:43:52.399 +05:30  INF  CORS policy execution successful.

2024-07-27 17:43:53.043 +05:30  INF  Executed DbCommand (215ms) [Parameters=[@__id_0='?' (DbType = Int64)], CommandType='"Text"', CommandTimeout='30']
SELECT `u`.`Id`, `u`.`About_Me`, `u`.`Account_Type`, `u`.`Address`, `u`.`Available_Days`, `u`.`Bn_Name`, `u`.`City`, `u`.`Country`, `u`.`Created_At`, `u`.`Currency`, `u`.`Degree`, `u`.`Email`, `u`.`Email_Verified`, `u`.`Enable_Appointment`, `u`.`Enable_Rating`, `u`.`Exp_Years`, `u`.`Facebook`, `u`.`Google_Analytics`, `u`.`Image`, `u`.`Instagram`, `u`.`Linkedin`, `u`.`Name`, `u`.`Parent_Id`, `u`.`Password`, `u`.`Paypal_Email`, `u`.`Paypal_Mode`, `u`.`Paypal_Payment`, `u`.`Paystack_Payment`, `u`.`Paystack_Public_Key`, `u`.`Paystack_Secret_Key`, `u`.`Phone`, `u`.`Publish_Key`, `u`.`Qr_Code`, `u`.`Razorpay_Key_Id`, `u`.`Razorpay_Key_Secret`, `u`.`Razorpay_Payment`, `u`.`Role`, `u`.`Secret_Key`, `u`.`Skype`, `u`.`Slug`, `u`.`Specialist`, `u`.`Status`, `u`.`Stripe_Payment`, `u`.`Thumb`, `u`.`Trial_Expire`, `u`.`Twitter`, `u`.`User_Name`, `u`.`User_Type`, `u`.`Verify_Code`, `u`.`Whatsapp`
FROM `Users` AS `u`
WHERE `u`.`Id` = @__id_0
LIMIT 1

2024-07-27 17:43:53.044 +05:30  INF  Executing endpoint 'DCRM.Api.Controllers.DashboardController.Get (DCRM.Api)'

2024-07-27 17:43:53.044 +05:30  INF  Route matched with {action = "Get", controller = "Dashboard"}. Executing controller action with signature DCRM.Common.Dto.DashboardDto Get() on controller DCRM.Api.Controllers.DashboardController (DCRM.Api).

2024-07-27 17:43:53.684 +05:30  INF  Executed DbCommand (214ms) [Parameters=[@__p_0='?' (DbType = Int64)], CommandType='"Text"', CommandTimeout='30']
SELECT COUNT(*)
FROM `Patientses` AS `p`
WHERE (`p`.`User_Id` = @__p_0) AND (`p`.`Is_Delete` = 0)

2024-07-27 17:43:54.326 +05:30  INF  Executed DbCommand (215ms) [Parameters=[@__userId_0='?' (DbType = Int32)], CommandType='"Text"', CommandTimeout='30']
SELECT COUNT(*)
FROM `Staffs` AS `s`
WHERE (`s`.`User_Id` = @__userId_0) AND (`s`.`Is_Deleted` = 0)

2024-07-27 17:43:54.971 +05:30  INF  Executed DbCommand (214ms) [Parameters=[@__userId_0='?' (DbType = Int32)], CommandType='"Text"', CommandTimeout='30']
SELECT COUNT(*)
FROM `Appointments` AS `a`
WHERE (`a`.`User_Id` = @__userId_0) AND (`a`.`Is_Delete` = 0)

2024-07-27 17:43:55.034 +05:30  INF  Request starting HTTP/2 OPTIONS https://localhost:7069/api/Patient/Get/387 - -

2024-07-27 17:43:55.034 +05:30  INF  CORS policy execution successful.

2024-07-27 17:43:55.034 +05:30  INF  Request finished HTTP/2 OPTIONS https://localhost:7069/api/Patient/Get/387 - - - 204 - - 0.3903ms

2024-07-27 17:43:55.035 +05:30  INF  Request starting HTTP/2 OPTIONS https://localhost:7069/api/Doctor/Get/Names - -

2024-07-27 17:43:55.035 +05:30  INF  CORS policy execution successful.

2024-07-27 17:43:55.036 +05:30  INF  Request finished HTTP/2 OPTIONS https://localhost:7069/api/Doctor/Get/Names - - - 204 - - 0.5229ms

2024-07-27 17:43:55.041 +05:30  INF  Request starting HTTP/2 OPTIONS https://localhost:7069/api/Patient/Get/Names - -

2024-07-27 17:43:55.041 +05:30  INF  CORS policy execution successful.

2024-07-27 17:43:55.041 +05:30  INF  Request finished HTTP/2 OPTIONS https://localhost:7069/api/Patient/Get/Names - - - 204 - - 0.4050ms

2024-07-27 17:43:55.047 +05:30  INF  Request starting HTTP/2 GET https://localhost:7069/api/Patient/Get/387 application/json -

2024-07-27 17:43:55.049 +05:30  INF  CORS policy execution successful.

2024-07-27 17:43:55.049 +05:30  INF  Request starting HTTP/2 OPTIONS https://localhost:7069/api/Patient/Get/508 - -

2024-07-27 17:43:55.049 +05:30  INF  Request starting HTTP/2 GET https://localhost:7069/api/Doctor/Get/Names application/json -

2024-07-27 17:43:55.049 +05:30  INF  CORS policy execution successful.

2024-07-27 17:43:55.049 +05:30  INF  CORS policy execution successful.

2024-07-27 17:43:55.050 +05:30  INF  Request starting HTTP/2 OPTIONS https://localhost:7069/api/Chair/GetAll - -

2024-07-27 17:43:55.050 +05:30  INF  CORS policy execution successful.

2024-07-27 17:43:55.050 +05:30  INF  Request finished HTTP/2 OPTIONS https://localhost:7069/api/Patient/Get/508 - - - 204 - - 0.6867ms

2024-07-27 17:43:55.050 +05:30  INF  Request finished HTTP/2 OPTIONS https://localhost:7069/api/Chair/GetAll - - - 204 - - 0.1536ms

2024-07-27 17:43:55.058 +05:30  INF  Request starting HTTP/2 GET https://localhost:7069/api/Patient/Get/Names application/json -

2024-07-27 17:43:55.059 +05:30  INF  CORS policy execution successful.

2024-07-27 17:43:55.069 +05:30  INF  Request starting HTTP/2 GET https://localhost:7069/api/Chair/GetAll application/json -

2024-07-27 17:43:55.069 +05:30  INF  CORS policy execution successful.

2024-07-27 17:43:55.069 +05:30  INF  Request starting HTTP/2 GET https://localhost:7069/api/Patient/Get/508 application/json -

2024-07-27 17:43:55.070 +05:30  INF  CORS policy execution successful.

2024-07-27 17:43:55.625 +05:30  INF  Executed DbCommand (222ms) [Parameters=[@__userId_0='?' (DbType = Int32)], CommandType='"Text"', CommandTimeout='30']
SELECT COUNT(*)
FROM `Appointments` AS `a`
WHERE ((`a`.`User_Id` = @__userId_0) AND (`a`.`Is_Delete` = 0)) AND (`a`.`Date` = CURDATE())

2024-07-27 17:43:55.625 +05:30  INF  Executing ObjectResult, writing value of type 'DCRM.Common.Dto.DashboardDto'.

2024-07-27 17:43:55.625 +05:30  INF  Executed action DCRM.Api.Controllers.DashboardController.Get (DCRM.Api) in 2581.2758ms

2024-07-27 17:43:55.625 +05:30  INF  Executed endpoint 'DCRM.Api.Controllers.DashboardController.Get (DCRM.Api)'

2024-07-27 17:43:55.625 +05:30  INF  Request finished HTTP/2 GET https://localhost:7069/api/Dashboard/Get application/json - - 200 - application/json;+charset=utf-8 3226.5533ms

2024-07-27 17:43:55.709 +05:30  INF  Executed DbCommand (222ms) [Parameters=[@__id_0='?' (DbType = Int64)], CommandType='"Text"', CommandTimeout='30']
SELECT `u`.`Id`, `u`.`About_Me`, `u`.`Account_Type`, `u`.`Address`, `u`.`Available_Days`, `u`.`Bn_Name`, `u`.`City`, `u`.`Country`, `u`.`Created_At`, `u`.`Currency`, `u`.`Degree`, `u`.`Email`, `u`.`Email_Verified`, `u`.`Enable_Appointment`, `u`.`Enable_Rating`, `u`.`Exp_Years`, `u`.`Facebook`, `u`.`Google_Analytics`, `u`.`Image`, `u`.`Instagram`, `u`.`Linkedin`, `u`.`Name`, `u`.`Parent_Id`, `u`.`Password`, `u`.`Paypal_Email`, `u`.`Paypal_Mode`, `u`.`Paypal_Payment`, `u`.`Paystack_Payment`, `u`.`Paystack_Public_Key`, `u`.`Paystack_Secret_Key`, `u`.`Phone`, `u`.`Publish_Key`, `u`.`Qr_Code`, `u`.`Razorpay_Key_Id`, `u`.`Razorpay_Key_Secret`, `u`.`Razorpay_Payment`, `u`.`Role`, `u`.`Secret_Key`, `u`.`Skype`, `u`.`Slug`, `u`.`Specialist`, `u`.`Status`, `u`.`Stripe_Payment`, `u`.`Thumb`, `u`.`Trial_Expire`, `u`.`Twitter`, `u`.`User_Name`, `u`.`User_Type`, `u`.`Verify_Code`, `u`.`Whatsapp`
FROM `Users` AS `u`
WHERE `u`.`Id` = @__id_0
LIMIT 1

2024-07-27 17:43:55.709 +05:30  INF  Executing endpoint 'DCRM.Api.Controllers.PatientController.PatientDetailList (DCRM.Api)'

2024-07-27 17:43:55.709 +05:30  INF  Route matched with {action = "PatientDetailList", controller = "Patient"}. Executing controller action with signature System.Collections.Generic.List`1[DCRM.Common.Dto.DropdownDataDto] PatientDetailList() on controller DCRM.Api.Controllers.PatientController (DCRM.Api).

2024-07-27 17:43:55.711 +05:30  INF  Executed DbCommand (229ms) [Parameters=[@__id_0='?' (DbType = Int64)], CommandType='"Text"', CommandTimeout='30']
SELECT `u`.`Id`, `u`.`About_Me`, `u`.`Account_Type`, `u`.`Address`, `u`.`Available_Days`, `u`.`Bn_Name`, `u`.`City`, `u`.`Country`, `u`.`Created_At`, `u`.`Currency`, `u`.`Degree`, `u`.`Email`, `u`.`Email_Verified`, `u`.`Enable_Appointment`, `u`.`Enable_Rating`, `u`.`Exp_Years`, `u`.`Facebook`, `u`.`Google_Analytics`, `u`.`Image`, `u`.`Instagram`, `u`.`Linkedin`, `u`.`Name`, `u`.`Parent_Id`, `u`.`Password`, `u`.`Paypal_Email`, `u`.`Paypal_Mode`, `u`.`Paypal_Payment`, `u`.`Paystack_Payment`, `u`.`Paystack_Public_Key`, `u`.`Paystack_Secret_Key`, `u`.`Phone`, `u`.`Publish_Key`, `u`.`Qr_Code`, `u`.`Razorpay_Key_Id`, `u`.`Razorpay_Key_Secret`, `u`.`Razorpay_Payment`, `u`.`Role`, `u`.`Secret_Key`, `u`.`Skype`, `u`.`Slug`, `u`.`Specialist`, `u`.`Status`, `u`.`Stripe_Payment`, `u`.`Thumb`, `u`.`Trial_Expire`, `u`.`Twitter`, `u`.`User_Name`, `u`.`User_Type`, `u`.`Verify_Code`, `u`.`Whatsapp`
FROM `Users` AS `u`
WHERE `u`.`Id` = @__id_0
LIMIT 1

2024-07-27 17:43:55.711 +05:30  INF  Executing endpoint 'DCRM.Api.Controllers.DoctorController.DoctorNameList (DCRM.Api)'

2024-07-27 17:43:55.712 +05:30  INF  Executed DbCommand (230ms) [Parameters=[@__id_0='?' (DbType = Int64)], CommandType='"Text"', CommandTimeout='30']
SELECT `u`.`Id`, `u`.`About_Me`, `u`.`Account_Type`, `u`.`Address`, `u`.`Available_Days`, `u`.`Bn_Name`, `u`.`City`, `u`.`Country`, `u`.`Created_At`, `u`.`Currency`, `u`.`Degree`, `u`.`Email`, `u`.`Email_Verified`, `u`.`Enable_Appointment`, `u`.`Enable_Rating`, `u`.`Exp_Years`, `u`.`Facebook`, `u`.`Google_Analytics`, `u`.`Image`, `u`.`Instagram`, `u`.`Linkedin`, `u`.`Name`, `u`.`Parent_Id`, `u`.`Password`, `u`.`Paypal_Email`, `u`.`Paypal_Mode`, `u`.`Paypal_Payment`, `u`.`Paystack_Payment`, `u`.`Paystack_Public_Key`, `u`.`Paystack_Secret_Key`, `u`.`Phone`, `u`.`Publish_Key`, `u`.`Qr_Code`, `u`.`Razorpay_Key_Id`, `u`.`Razorpay_Key_Secret`, `u`.`Razorpay_Payment`, `u`.`Role`, `u`.`Secret_Key`, `u`.`Skype`, `u`.`Slug`, `u`.`Specialist`, `u`.`Status`, `u`.`Stripe_Payment`, `u`.`Thumb`, `u`.`Trial_Expire`, `u`.`Twitter`, `u`.`User_Name`, `u`.`User_Type`, `u`.`Verify_Code`, `u`.`Whatsapp`
FROM `Users` AS `u`
WHERE `u`.`Id` = @__id_0
LIMIT 1

2024-07-27 17:43:55.712 +05:30  INF  Route matched with {action = "DoctorNameList", controller = "Doctor"}. Executing controller action with signature System.Collections.Generic.List`1[DCRM.Common.Dto.DropdownDataDto] DoctorNameList() on controller DCRM.Api.Controllers.DoctorController (DCRM.Api).

2024-07-27 17:43:55.712 +05:30  INF  Executing endpoint 'DCRM.Api.Controllers.PatientController.Get (DCRM.Api)'

2024-07-27 17:43:55.712 +05:30  INF  Route matched with {action = "Get", controller = "Patient"}. Executing controller action with signature DCRM.Common.Dto.PatientseDto Get(Int64) on controller DCRM.Api.Controllers.PatientController (DCRM.Api).

2024-07-27 17:43:55.720 +05:30  INF  Executed DbCommand (219ms) [Parameters=[@__id_0='?' (DbType = Int64)], CommandType='"Text"', CommandTimeout='30']
SELECT `u`.`Id`, `u`.`About_Me`, `u`.`Account_Type`, `u`.`Address`, `u`.`Available_Days`, `u`.`Bn_Name`, `u`.`City`, `u`.`Country`, `u`.`Created_At`, `u`.`Currency`, `u`.`Degree`, `u`.`Email`, `u`.`Email_Verified`, `u`.`Enable_Appointment`, `u`.`Enable_Rating`, `u`.`Exp_Years`, `u`.`Facebook`, `u`.`Google_Analytics`, `u`.`Image`, `u`.`Instagram`, `u`.`Linkedin`, `u`.`Name`, `u`.`Parent_Id`, `u`.`Password`, `u`.`Paypal_Email`, `u`.`Paypal_Mode`, `u`.`Paypal_Payment`, `u`.`Paystack_Payment`, `u`.`Paystack_Public_Key`, `u`.`Paystack_Secret_Key`, `u`.`Phone`, `u`.`Publish_Key`, `u`.`Qr_Code`, `u`.`Razorpay_Key_Id`, `u`.`Razorpay_Key_Secret`, `u`.`Razorpay_Payment`, `u`.`Role`, `u`.`Secret_Key`, `u`.`Skype`, `u`.`Slug`, `u`.`Specialist`, `u`.`Status`, `u`.`Stripe_Payment`, `u`.`Thumb`, `u`.`Trial_Expire`, `u`.`Twitter`, `u`.`User_Name`, `u`.`User_Type`, `u`.`Verify_Code`, `u`.`Whatsapp`
FROM `Users` AS `u`
WHERE `u`.`Id` = @__id_0
LIMIT 1

2024-07-27 17:43:55.720 +05:30  INF  Executing endpoint 'DCRM.Api.Controllers.PatientController.Get (DCRM.Api)'

2024-07-27 17:43:55.720 +05:30  INF  Route matched with {action = "Get", controller = "Patient"}. Executing controller action with signature DCRM.Common.Dto.PatientseDto Get(Int64) on controller DCRM.Api.Controllers.PatientController (DCRM.Api).

2024-07-27 17:43:55.723 +05:30  INF  Executed DbCommand (218ms) [Parameters=[@__id_0='?' (DbType = Int64)], CommandType='"Text"', CommandTimeout='30']
SELECT `u`.`Id`, `u`.`About_Me`, `u`.`Account_Type`, `u`.`Address`, `u`.`Available_Days`, `u`.`Bn_Name`, `u`.`City`, `u`.`Country`, `u`.`Created_At`, `u`.`Currency`, `u`.`Degree`, `u`.`Email`, `u`.`Email_Verified`, `u`.`Enable_Appointment`, `u`.`Enable_Rating`, `u`.`Exp_Years`, `u`.`Facebook`, `u`.`Google_Analytics`, `u`.`Image`, `u`.`Instagram`, `u`.`Linkedin`, `u`.`Name`, `u`.`Parent_Id`, `u`.`Password`, `u`.`Paypal_Email`, `u`.`Paypal_Mode`, `u`.`Paypal_Payment`, `u`.`Paystack_Payment`, `u`.`Paystack_Public_Key`, `u`.`Paystack_Secret_Key`, `u`.`Phone`, `u`.`Publish_Key`, `u`.`Qr_Code`, `u`.`Razorpay_Key_Id`, `u`.`Razorpay_Key_Secret`, `u`.`Razorpay_Payment`, `u`.`Role`, `u`.`Secret_Key`, `u`.`Skype`, `u`.`Slug`, `u`.`Specialist`, `u`.`Status`, `u`.`Stripe_Payment`, `u`.`Thumb`, `u`.`Trial_Expire`, `u`.`Twitter`, `u`.`User_Name`, `u`.`User_Type`, `u`.`Verify_Code`, `u`.`Whatsapp`
FROM `Users` AS `u`
WHERE `u`.`Id` = @__id_0
LIMIT 1

2024-07-27 17:43:55.724 +05:30  INF  Executing endpoint 'DCRM.Api.Controllers.ChairController.GetAll (DCRM.Api)'

2024-07-27 17:43:55.724 +05:30  INF  Route matched with {action = "GetAll", controller = "Chair"}. Executing controller action with signature System.Collections.Generic.List`1[DCRM.Common.Dto.ChairDto] GetAll() on controller DCRM.Api.Controllers.ChairController (DCRM.Api).

2024-07-27 17:43:56.353 +05:30  INF  Executed DbCommand (217ms) [Parameters=[@__id_0='?' (DbType = Int64)], CommandType='"Text"', CommandTimeout='30']
SELECT `p`.`Id`, `p`.`Age`, `p`.`Chamber_Id`, `p`.`Created_At`, `p`.`Email`, `p`.`Guardian`, `p`.`Is_Delete`, `p`.`Mobile`, `p`.`Mr_Number`, `p`.`Name`, `p`.`Password`, `p`.`Permanent_Address`, `p`.`Present_Address`, `p`.`Role`, `p`.`Sex`, `p`.`Slug`, `p`.`Thumb`, `p`.`Title`, `p`.`UserName`, `p`.`User_Id`, `p`.`Verify_Code`, `p`.`Weight`
FROM `Patientses` AS `p`
WHERE (`p`.`Is_Delete` = 0) AND (`p`.`Id` = @__id_0)
LIMIT 1

2024-07-27 17:43:56.356 +05:30  INF  Executed DbCommand (215ms) [Parameters=[@__id_0='?' (DbType = Int64)], CommandType='"Text"', CommandTimeout='30']
SELECT `p`.`Id`, `p`.`Age`, `p`.`Chamber_Id`, `p`.`Created_At`, `p`.`Email`, `p`.`Guardian`, `p`.`Is_Delete`, `p`.`Mobile`, `p`.`Mr_Number`, `p`.`Name`, `p`.`Password`, `p`.`Permanent_Address`, `p`.`Present_Address`, `p`.`Role`, `p`.`Sex`, `p`.`Slug`, `p`.`Thumb`, `p`.`Title`, `p`.`UserName`, `p`.`User_Id`, `p`.`Verify_Code`, `p`.`Weight`
FROM `Patientses` AS `p`
WHERE (`p`.`Is_Delete` = 0) AND (`p`.`Id` = @__id_0)
LIMIT 1

2024-07-27 17:43:56.393 +05:30  INF  Executed DbCommand (219ms) [Parameters=[], CommandType='"Text"', CommandTimeout='30']
SELECT `c`.`Id`, `c`.`Address`, `c`.`Appoinment_Limit`, `c`.`Created_At`, `c`.`Doctor_Id`, `c`.`Is_Primary`, `c`.`Name`, `c`.`Status`, `c`.`Uid`, `c`.`User_Id`
FROM `Chairs` AS `c`

2024-07-27 17:43:56.415 +05:30  INF  Request starting HTTP/2 OPTIONS https://localhost:7069/api/Appointment/Get/387 - -

2024-07-27 17:43:56.415 +05:30  INF  CORS policy execution successful.

2024-07-27 17:43:56.415 +05:30  INF  Request finished HTTP/2 OPTIONS https://localhost:7069/api/Appointment/Get/387 - - - 204 - - 0.4721ms

2024-07-27 17:43:56.418 +05:30  INF  Request starting HTTP/2 GET https://localhost:7069/api/Appointment/Get/387 application/json -

2024-07-27 17:43:56.418 +05:30  INF  CORS policy execution successful.

2024-07-27 17:43:56.565 +05:30  INF  Executed DbCommand (429ms) [Parameters=[@__userId_0='?' (DbType = Int64)], CommandType='"Text"', CommandTimeout='30']
SELECT `d`.`Id`, `d`.`Age`, `d`.`Blood_Group`, `d`.`Created_At`, `d`.`Dob`, `d`.`Email`, `d`.`Email2`, `d`.`Gender`, `d`.`Gst_Number`, `d`.`Is_Delete`, `d`.`Marital_Status`, `d`.`Name`, `d`.`Pan_Number`, `d`.`Password`, `d`.`Phone1`, `d`.`Phone2`, `d`.`Phone3`, `d`.`Phone4`, `d`.`Qualification`, `d`.`Role`, `d`.`Speciality`, `d`.`Thumb`, `d`.`Updated_At`, `d`.`User_Id`
FROM `Doctors` AS `d`
WHERE (`d`.`User_Id` = @__userId_0) AND (`d`.`Is_Delete` = 0)

2024-07-27 17:43:56.566 +05:30  INF  Executed DbCommand (429ms) [Parameters=[@__userId_0='?' (DbType = Int64)], CommandType='"Text"', CommandTimeout='30']
SELECT `p`.`Id`, `p`.`Age`, `p`.`Chamber_Id`, `p`.`Created_At`, `p`.`Email`, `p`.`Guardian`, `p`.`Is_Delete`, `p`.`Mobile`, `p`.`Mr_Number`, `p`.`Name`, `p`.`Password`, `p`.`Permanent_Address`, `p`.`Present_Address`, `p`.`Role`, `p`.`Sex`, `p`.`Slug`, `p`.`Thumb`, `p`.`Title`, `p`.`UserName`, `p`.`User_Id`, `p`.`Verify_Code`, `p`.`Weight`
FROM `Patientses` AS `p`
WHERE (`p`.`User_Id` = @__userId_0) AND (`p`.`Is_Delete` = 0)

2024-07-27 17:43:57.050 +05:30  INF  Executed DbCommand (220ms) [Parameters=[@__Id_0='?' (DbType = Int64)], CommandType='"Text"', CommandTimeout='30']
SELECT `d`.`Id`, `d`.`Age`, `d`.`Blood_Group`, `d`.`Created_At`, `d`.`Dob`, `d`.`Email`, `d`.`Email2`, `d`.`Gender`, `d`.`Gst_Number`, `d`.`Is_Delete`, `d`.`Marital_Status`, `d`.`Name`, `d`.`Pan_Number`, `d`.`Password`, `d`.`Phone1`, `d`.`Phone2`, `d`.`Phone3`, `d`.`Phone4`, `d`.`Qualification`, `d`.`Role`, `d`.`Speciality`, `d`.`Thumb`, `d`.`Updated_At`, `d`.`User_Id`
FROM `Doctors` AS `d`
WHERE `d`.`Id` = @__Id_0
LIMIT 2

2024-07-27 17:43:57.075 +05:30  INF  Executed DbCommand (225ms) [Parameters=[@__id_0='?' (DbType = Int64)], CommandType='"Text"', CommandTimeout='30']
SELECT `u`.`Id`, `u`.`About_Me`, `u`.`Account_Type`, `u`.`Address`, `u`.`Available_Days`, `u`.`Bn_Name`, `u`.`City`, `u`.`Country`, `u`.`Created_At`, `u`.`Currency`, `u`.`Degree`, `u`.`Email`, `u`.`Email_Verified`, `u`.`Enable_Appointment`, `u`.`Enable_Rating`, `u`.`Exp_Years`, `u`.`Facebook`, `u`.`Google_Analytics`, `u`.`Image`, `u`.`Instagram`, `u`.`Linkedin`, `u`.`Name`, `u`.`Parent_Id`, `u`.`Password`, `u`.`Paypal_Email`, `u`.`Paypal_Mode`, `u`.`Paypal_Payment`, `u`.`Paystack_Payment`, `u`.`Paystack_Public_Key`, `u`.`Paystack_Secret_Key`, `u`.`Phone`, `u`.`Publish_Key`, `u`.`Qr_Code`, `u`.`Razorpay_Key_Id`, `u`.`Razorpay_Key_Secret`, `u`.`Razorpay_Payment`, `u`.`Role`, `u`.`Secret_Key`, `u`.`Skype`, `u`.`Slug`, `u`.`Specialist`, `u`.`Status`, `u`.`Stripe_Payment`, `u`.`Thumb`, `u`.`Trial_Expire`, `u`.`Twitter`, `u`.`User_Name`, `u`.`User_Type`, `u`.`Verify_Code`, `u`.`Whatsapp`
FROM `Users` AS `u`
WHERE `u`.`Id` = @__id_0
LIMIT 1

2024-07-27 17:43:57.076 +05:30  INF  Executing endpoint 'DCRM.Api.Controllers.AppointmentController.Get (DCRM.Api)'

2024-07-27 17:43:57.076 +05:30  INF  Route matched with {action = "Get", controller = "Appointment"}. Executing controller action with signature DCRM.Common.Entity.Appointment Get(Int32) on controller DCRM.Api.Controllers.AppointmentController (DCRM.Api).

2024-07-27 17:43:57.213 +05:30  INF  Executed DbCommand (434ms) [Parameters=[], CommandType='"Text"', CommandTimeout='30']
SELECT `p`.`Id`, `p`.`Amount_Type`, `p`.`Balance`, `p`.`Created_At`, `p`.`Credit_Amount`, `p`.`Debit_Amount`, `p`.`Description`, `p`.`Doctor_Id`, `p`.`Patient_Id`, `p`.`Payment_Mode`, `p`.`Updated_At`, `p`.`Workdone_Id`, `p`.`isPrinted`
FROM `Payment_History` AS `p`

2024-07-27 17:43:57.213 +05:30  INF  Executed DbCommand (434ms) [Parameters=[], CommandType='"Text"', CommandTimeout='30']
SELECT `p`.`Id`, `p`.`Amount_Type`, `p`.`Balance`, `p`.`Created_At`, `p`.`Credit_Amount`, `p`.`Debit_Amount`, `p`.`Description`, `p`.`Doctor_Id`, `p`.`Patient_Id`, `p`.`Payment_Mode`, `p`.`Updated_At`, `p`.`Workdone_Id`, `p`.`isPrinted`
FROM `Payment_History` AS `p`

2024-07-27 17:43:57.634 +05:30  INF  Executing ObjectResult, writing value of type 'System.Collections.Generic.List`1[[DCRM.Common.Dto.DropdownDataDto, DCRM.Common, Version=1.0.0.0, Culture=neutral, PublicKeyToken=null]]'.

2024-07-27 17:43:57.635 +05:30  INF  Executed action DCRM.Api.Controllers.DoctorController.DoctorNameList (DCRM.Api) in 1923.4011ms

2024-07-27 17:43:57.635 +05:30  INF  Executed endpoint 'DCRM.Api.Controllers.DoctorController.DoctorNameList (DCRM.Api)'

2024-07-27 17:43:57.635 +05:30  INF  Request finished HTTP/2 GET https://localhost:7069/api/Doctor/Get/Names application/json - - 0 - application/json;+charset=utf-8 2586.1927ms

2024-07-27 17:43:57.641 +05:30  INF  Executing ObjectResult, writing value of type 'System.Collections.Generic.List`1[[DCRM.Common.Dto.DropdownDataDto, DCRM.Common, Version=1.0.0.0, Culture=neutral, PublicKeyToken=null]]'.

2024-07-27 17:43:57.642 +05:30  INF  Executed action DCRM.Api.Controllers.PatientController.PatientDetailList (DCRM.Api) in 1932.3245ms

2024-07-27 17:43:57.642 +05:30  INF  Executed endpoint 'DCRM.Api.Controllers.PatientController.PatientDetailList (DCRM.Api)'

2024-07-27 17:43:57.642 +05:30  INF  Request finished HTTP/2 GET https://localhost:7069/api/Patient/Get/Names application/json - - 0 - application/json;+charset=utf-8 2584.3293ms

2024-07-27 17:43:57.705 +05:30  INF  Executed DbCommand (220ms) [Parameters=[@__Id_0='?' (DbType = Int64)], CommandType='"Text"', CommandTimeout='30']
SELECT `d`.`Id`, `d`.`Age`, `d`.`Blood_Group`, `d`.`Created_At`, `d`.`Dob`, `d`.`Email`, `d`.`Email2`, `d`.`Gender`, `d`.`Gst_Number`, `d`.`Is_Delete`, `d`.`Marital_Status`, `d`.`Name`, `d`.`Pan_Number`, `d`.`Password`, `d`.`Phone1`, `d`.`Phone2`, `d`.`Phone3`, `d`.`Phone4`, `d`.`Qualification`, `d`.`Role`, `d`.`Speciality`, `d`.`Thumb`, `d`.`Updated_At`, `d`.`User_Id`
FROM `Doctors` AS `d`
WHERE `d`.`Id` = @__Id_0
LIMIT 2

2024-07-27 17:43:57.727 +05:30  INF  Executed DbCommand (216ms) [Parameters=[@__id_0='?' (DbType = Int64)], CommandType='"Text"', CommandTimeout='30']
SELECT `a`.`Id`, `a`.`Appointment_Status`, `a`.`Cause`, `a`.`Chair`, `a`.`Chamber_Id`, `a`.`Created_At`, `a`.`Date`, `a`.`Doctor_Id`, `a`.`Doctor_Name`, `a`.`End_Time`, `a`.`Extra_Notes`, `a`.`Files`, `a`.`Is_Delete`, `a`.`Is_Start`, `a`.`Meeting_Notes`, `a`.`Number_Of_Slot`, `a`.`Patient_Id`, `a`.`Prescription_Id`, `a`.`Serial_Id`, `a`.`Slot_Time`, `a`.`Start_Time`, `a`.`Status`, `a`.`Type`, `a`.`User_Id`, `a`.`Workdone_Id`
FROM `Appointments` AS `a`
WHERE (`a`.`Id` = @__id_0) AND (`a`.`Is_Delete` = 0)
LIMIT 1

2024-07-27 17:43:57.727 +05:30  INF  Executing ObjectResult, writing value of type 'DCRM.Common.Entity.Appointment'.

2024-07-27 17:43:57.727 +05:30  INF  Executed action DCRM.Api.Controllers.AppointmentController.Get (DCRM.Api) in 651.6212ms

2024-07-27 17:43:57.727 +05:30  INF  Executed endpoint 'DCRM.Api.Controllers.AppointmentController.Get (DCRM.Api)'

2024-07-27 17:43:57.727 +05:30  INF  Request finished HTTP/2 GET https://localhost:7069/api/Appointment/Get/387 application/json - - 200 - application/json;+charset=utf-8 1309.3369ms

2024-07-27 17:43:58.067 +05:30  INF  Executed DbCommand (213ms) [Parameters=[@__p_0='?' (DbType = Int64)], CommandType='"Text"', CommandTimeout='30']
SELECT `p`.`Id`, `p`.`Amount`, `p`.`Balance_Amount`, `p`.`Balance_Spent`, `p`.`Created_At`, `p`.`Name`, `p`.`Patients_Id`, `p`.`Type`, `p`.`Updated_At`
FROM `Patients_Insurance_Loan` AS `p`
WHERE `p`.`Patients_Id` = @__p_0

2024-07-27 17:43:58.067 +05:30  INF  Executed DbCommand (213ms) [Parameters=[@__p_0='?' (DbType = Int64)], CommandType='"Text"', CommandTimeout='30']
SELECT `p`.`Id`, `p`.`Amount`, `p`.`Balance_Amount`, `p`.`Balance_Spent`, `p`.`Created_At`, `p`.`Name`, `p`.`Patients_Id`, `p`.`Type`, `p`.`Updated_At`
FROM `Patients_Insurance_Loan` AS `p`
WHERE `p`.`Patients_Id` = @__p_0

2024-07-27 17:43:58.368 +05:30  INF  Executed DbCommand (221ms) [Parameters=[@__Id_0='?' (DbType = Int64)], CommandType='"Text"', CommandTimeout='30']
SELECT `d`.`Id`, `d`.`Age`, `d`.`Blood_Group`, `d`.`Created_At`, `d`.`Dob`, `d`.`Email`, `d`.`Email2`, `d`.`Gender`, `d`.`Gst_Number`, `d`.`Is_Delete`, `d`.`Marital_Status`, `d`.`Name`, `d`.`Pan_Number`, `d`.`Password`, `d`.`Phone1`, `d`.`Phone2`, `d`.`Phone3`, `d`.`Phone4`, `d`.`Qualification`, `d`.`Role`, `d`.`Speciality`, `d`.`Thumb`, `d`.`Updated_At`, `d`.`User_Id`
FROM `Doctors` AS `d`
WHERE `d`.`Id` = @__Id_0
LIMIT 2

2024-07-27 17:43:58.704 +05:30  INF  Executed DbCommand (212ms) [Parameters=[@__p_0='?' (DbType = Int64)], CommandType='"Text"', CommandTimeout='30']
SELECT `p`.`Id`, `p`.`Created_At`, `p`.`Patient_Id`, `p`.`Report`, `p`.`Report_Date`, `p`.`Report_File`, `p`.`Status`, `p`.`Test_Name`, `p`.`Test_Price`, `p`.`Updated_At`
FROM `Patient_Tests` AS `p`
WHERE `p`.`Patient_Id` = @__p_0

2024-07-27 17:43:58.704 +05:30  INF  Executed DbCommand (212ms) [Parameters=[@__p_0='?' (DbType = Int64)], CommandType='"Text"', CommandTimeout='30']
SELECT `p`.`Id`, `p`.`Created_At`, `p`.`Patient_Id`, `p`.`Report`, `p`.`Report_Date`, `p`.`Report_File`, `p`.`Status`, `p`.`Test_Name`, `p`.`Test_Price`, `p`.`Updated_At`
FROM `Patient_Tests` AS `p`
WHERE `p`.`Patient_Id` = @__p_0

2024-07-27 17:43:59.024 +05:30  INF  Executed DbCommand (219ms) [Parameters=[@__Id_0='?' (DbType = Int64)], CommandType='"Text"', CommandTimeout='30']
SELECT `d`.`Id`, `d`.`Age`, `d`.`Blood_Group`, `d`.`Created_At`, `d`.`Dob`, `d`.`Email`, `d`.`Email2`, `d`.`Gender`, `d`.`Gst_Number`, `d`.`Is_Delete`, `d`.`Marital_Status`, `d`.`Name`, `d`.`Pan_Number`, `d`.`Password`, `d`.`Phone1`, `d`.`Phone2`, `d`.`Phone3`, `d`.`Phone4`, `d`.`Qualification`, `d`.`Role`, `d`.`Speciality`, `d`.`Thumb`, `d`.`Updated_At`, `d`.`User_Id`
FROM `Doctors` AS `d`
WHERE `d`.`Id` = @__Id_0
LIMIT 2

2024-07-27 17:43:59.344 +05:30  INF  Executed DbCommand (214ms) [Parameters=[@__p_0='?' (DbType = Int64)], CommandType='"Text"', CommandTimeout='30']
SELECT `p`.`Id`, `p`.`Address_O`, `p`.`Address_Other`, `p`.`Address_R`, `p`.`City_O`, `p`.`City_Other`, `p`.`City_R`, `p`.`Country_O`, `p`.`Country_Other`, `p`.`Country_R`, `p`.`Created_At`, `p`.`Doctor_Name`, `p`.`Email`, `p`.`Email2`, `p`.`Medical_History_Allergies`, `p`.`Patient_Id`, `p`.`Phone`, `p`.`Phone1`, `p`.`Phone2`, `p`.`Phone3`, `p`.`Phone4`, `p`.`Physician`, `p`.`Reffered_By`, `p`.`Relationship_Type`, `p`.`Special_Notes`, `p`.`Updated_At`, `p`.`Zip_O`, `p`.`Zip_Other`, `p`.`Zip_R`
FROM `Patients_Contact` AS `p`
WHERE `p`.`Patient_Id` = @__p_0

2024-07-27 17:43:59.344 +05:30  INF  Executed DbCommand (214ms) [Parameters=[@__p_0='?' (DbType = Int64)], CommandType='"Text"', CommandTimeout='30']
SELECT `p`.`Id`, `p`.`Address_O`, `p`.`Address_Other`, `p`.`Address_R`, `p`.`City_O`, `p`.`City_Other`, `p`.`City_R`, `p`.`Country_O`, `p`.`Country_Other`, `p`.`Country_R`, `p`.`Created_At`, `p`.`Doctor_Name`, `p`.`Email`, `p`.`Email2`, `p`.`Medical_History_Allergies`, `p`.`Patient_Id`, `p`.`Phone`, `p`.`Phone1`, `p`.`Phone2`, `p`.`Phone3`, `p`.`Phone4`, `p`.`Physician`, `p`.`Reffered_By`, `p`.`Relationship_Type`, `p`.`Special_Notes`, `p`.`Updated_At`, `p`.`Zip_O`, `p`.`Zip_Other`, `p`.`Zip_R`
FROM `Patients_Contact` AS `p`
WHERE `p`.`Patient_Id` = @__p_0

2024-07-27 17:43:59.583 +05:30  INF  Request starting HTTP/2 GET https://localhost:7069/api/Patient/Get/387 application/json -

2024-07-27 17:43:59.583 +05:30  INF  CORS policy execution successful.

2024-07-27 17:43:59.584 +05:30  INF  Request starting HTTP/2 GET https://localhost:7069/api/Doctor/Get/Names application/json -

2024-07-27 17:43:59.584 +05:30  INF  CORS policy execution successful.

2024-07-27 17:43:59.586 +05:30  INF  Request starting HTTP/2 GET https://localhost:7069/api/Patient/Get/Names application/json -

2024-07-27 17:43:59.586 +05:30  INF  CORS policy execution successful.

2024-07-27 17:43:59.588 +05:30  INF  Request starting HTTP/2 GET https://localhost:7069/api/Patient/Get/508 application/json -

2024-07-27 17:43:59.588 +05:30  INF  CORS policy execution successful.

2024-07-27 17:43:59.590 +05:30  INF  Request starting HTTP/2 GET https://localhost:7069/api/Chair/GetAll application/json -

2024-07-27 17:43:59.590 +05:30  INF  CORS policy execution successful.

2024-07-27 17:43:59.681 +05:30  INF  Executed DbCommand (219ms) [Parameters=[@__Id_0='?' (DbType = Int64)], CommandType='"Text"', CommandTimeout='30']
SELECT `d`.`Id`, `d`.`Age`, `d`.`Blood_Group`, `d`.`Created_At`, `d`.`Dob`, `d`.`Email`, `d`.`Email2`, `d`.`Gender`, `d`.`Gst_Number`, `d`.`Is_Delete`, `d`.`Marital_Status`, `d`.`Name`, `d`.`Pan_Number`, `d`.`Password`, `d`.`Phone1`, `d`.`Phone2`, `d`.`Phone3`, `d`.`Phone4`, `d`.`Qualification`, `d`.`Role`, `d`.`Speciality`, `d`.`Thumb`, `d`.`Updated_At`, `d`.`User_Id`
FROM `Doctors` AS `d`
WHERE `d`.`Id` = @__Id_0
LIMIT 2

2024-07-27 17:43:59.985 +05:30  INF  Executed DbCommand (212ms) [Parameters=[@__p_0='?' (DbType = Int64)], CommandType='"Text"', CommandTimeout='30']
SELECT `p`.`Id`, `p`.`Created_At`, `p`.`Patient_Id`, `p`.`Report`, `p`.`Report_File`, `p`.`Scan_Name`, `p`.`Status`, `p`.`Type`, `p`.`Updated_At`
FROM `Patient_Scans` AS `p`
WHERE `p`.`Patient_Id` = @__p_0

2024-07-27 17:43:59.985 +05:30  INF  Executed DbCommand (212ms) [Parameters=[@__p_0='?' (DbType = Int64)], CommandType='"Text"', CommandTimeout='30']
SELECT `p`.`Id`, `p`.`Created_At`, `p`.`Patient_Id`, `p`.`Report`, `p`.`Report_File`, `p`.`Scan_Name`, `p`.`Status`, `p`.`Type`, `p`.`Updated_At`
FROM `Patient_Scans` AS `p`
WHERE `p`.`Patient_Id` = @__p_0

2024-07-27 17:43:59.985 +05:30  INF  Executing ObjectResult, writing value of type 'DCRM.Common.Dto.PatientseDto'.

2024-07-27 17:43:59.985 +05:30  INF  Executing ObjectResult, writing value of type 'DCRM.Common.Dto.PatientseDto'.

2024-07-27 17:43:59.986 +05:30  INF  Executed action DCRM.Api.Controllers.PatientController.Get (DCRM.Api) in 4265.9546ms

2024-07-27 17:43:59.986 +05:30  INF  Executed action DCRM.Api.Controllers.PatientController.Get (DCRM.Api) in 4274.2796ms

2024-07-27 17:43:59.986 +05:30  INF  Executed endpoint 'DCRM.Api.Controllers.PatientController.Get (DCRM.Api)'

2024-07-27 17:43:59.986 +05:30  INF  Executed endpoint 'DCRM.Api.Controllers.PatientController.Get (DCRM.Api)'

2024-07-27 17:43:59.986 +05:30  INF  Request finished HTTP/2 GET https://localhost:7069/api/Patient/Get/387 application/json - - 0 - application/json;+charset=utf-8 4939.0867ms

2024-07-27 17:43:59.986 +05:30  INF  Request finished HTTP/2 GET https://localhost:7069/api/Patient/Get/508 application/json - - 0 - application/json;+charset=utf-8 4917.2610ms

2024-07-27 17:44:00.224 +05:30  INF  Executed DbCommand (212ms) [Parameters=[@__id_0='?' (DbType = Int64)], CommandType='"Text"', CommandTimeout='30']
SELECT `u`.`Id`, `u`.`About_Me`, `u`.`Account_Type`, `u`.`Address`, `u`.`Available_Days`, `u`.`Bn_Name`, `u`.`City`, `u`.`Country`, `u`.`Created_At`, `u`.`Currency`, `u`.`Degree`, `u`.`Email`, `u`.`Email_Verified`, `u`.`Enable_Appointment`, `u`.`Enable_Rating`, `u`.`Exp_Years`, `u`.`Facebook`, `u`.`Google_Analytics`, `u`.`Image`, `u`.`Instagram`, `u`.`Linkedin`, `u`.`Name`, `u`.`Parent_Id`, `u`.`Password`, `u`.`Paypal_Email`, `u`.`Paypal_Mode`, `u`.`Paypal_Payment`, `u`.`Paystack_Payment`, `u`.`Paystack_Public_Key`, `u`.`Paystack_Secret_Key`, `u`.`Phone`, `u`.`Publish_Key`, `u`.`Qr_Code`, `u`.`Razorpay_Key_Id`, `u`.`Razorpay_Key_Secret`, `u`.`Razorpay_Payment`, `u`.`Role`, `u`.`Secret_Key`, `u`.`Skype`, `u`.`Slug`, `u`.`Specialist`, `u`.`Status`, `u`.`Stripe_Payment`, `u`.`Thumb`, `u`.`Trial_Expire`, `u`.`Twitter`, `u`.`User_Name`, `u`.`User_Type`, `u`.`Verify_Code`, `u`.`Whatsapp`
FROM `Users` AS `u`
WHERE `u`.`Id` = @__id_0
LIMIT 1

2024-07-27 17:44:00.225 +05:30  INF  Executing endpoint 'DCRM.Api.Controllers.PatientController.PatientDetailList (DCRM.Api)'

2024-07-27 17:44:00.225 +05:30  INF  Route matched with {action = "PatientDetailList", controller = "Patient"}. Executing controller action with signature System.Collections.Generic.List`1[DCRM.Common.Dto.DropdownDataDto] PatientDetailList() on controller DCRM.Api.Controllers.PatientController (DCRM.Api).

2024-07-27 17:44:00.226 +05:30  INF  Executed DbCommand (214ms) [Parameters=[@__id_0='?' (DbType = Int64)], CommandType='"Text"', CommandTimeout='30']
SELECT `u`.`Id`, `u`.`About_Me`, `u`.`Account_Type`, `u`.`Address`, `u`.`Available_Days`, `u`.`Bn_Name`, `u`.`City`, `u`.`Country`, `u`.`Created_At`, `u`.`Currency`, `u`.`Degree`, `u`.`Email`, `u`.`Email_Verified`, `u`.`Enable_Appointment`, `u`.`Enable_Rating`, `u`.`Exp_Years`, `u`.`Facebook`, `u`.`Google_Analytics`, `u`.`Image`, `u`.`Instagram`, `u`.`Linkedin`, `u`.`Name`, `u`.`Parent_Id`, `u`.`Password`, `u`.`Paypal_Email`, `u`.`Paypal_Mode`, `u`.`Paypal_Payment`, `u`.`Paystack_Payment`, `u`.`Paystack_Public_Key`, `u`.`Paystack_Secret_Key`, `u`.`Phone`, `u`.`Publish_Key`, `u`.`Qr_Code`, `u`.`Razorpay_Key_Id`, `u`.`Razorpay_Key_Secret`, `u`.`Razorpay_Payment`, `u`.`Role`, `u`.`Secret_Key`, `u`.`Skype`, `u`.`Slug`, `u`.`Specialist`, `u`.`Status`, `u`.`Stripe_Payment`, `u`.`Thumb`, `u`.`Trial_Expire`, `u`.`Twitter`, `u`.`User_Name`, `u`.`User_Type`, `u`.`Verify_Code`, `u`.`Whatsapp`
FROM `Users` AS `u`
WHERE `u`.`Id` = @__id_0
LIMIT 1

2024-07-27 17:44:00.226 +05:30  INF  Executed DbCommand (214ms) [Parameters=[@__id_0='?' (DbType = Int64)], CommandType='"Text"', CommandTimeout='30']
SELECT `u`.`Id`, `u`.`About_Me`, `u`.`Account_Type`, `u`.`Address`, `u`.`Available_Days`, `u`.`Bn_Name`, `u`.`City`, `u`.`Country`, `u`.`Created_At`, `u`.`Currency`, `u`.`Degree`, `u`.`Email`, `u`.`Email_Verified`, `u`.`Enable_Appointment`, `u`.`Enable_Rating`, `u`.`Exp_Years`, `u`.`Facebook`, `u`.`Google_Analytics`, `u`.`Image`, `u`.`Instagram`, `u`.`Linkedin`, `u`.`Name`, `u`.`Parent_Id`, `u`.`Password`, `u`.`Paypal_Email`, `u`.`Paypal_Mode`, `u`.`Paypal_Payment`, `u`.`Paystack_Payment`, `u`.`Paystack_Public_Key`, `u`.`Paystack_Secret_Key`, `u`.`Phone`, `u`.`Publish_Key`, `u`.`Qr_Code`, `u`.`Razorpay_Key_Id`, `u`.`Razorpay_Key_Secret`, `u`.`Razorpay_Payment`, `u`.`Role`, `u`.`Secret_Key`, `u`.`Skype`, `u`.`Slug`, `u`.`Specialist`, `u`.`Status`, `u`.`Stripe_Payment`, `u`.`Thumb`, `u`.`Trial_Expire`, `u`.`Twitter`, `u`.`User_Name`, `u`.`User_Type`, `u`.`Verify_Code`, `u`.`Whatsapp`
FROM `Users` AS `u`
WHERE `u`.`Id` = @__id_0
LIMIT 1

2024-07-27 17:44:00.226 +05:30  INF  Executing endpoint 'DCRM.Api.Controllers.PatientController.Get (DCRM.Api)'

2024-07-27 17:44:00.226 +05:30  INF  Executing endpoint 'DCRM.Api.Controllers.DoctorController.DoctorNameList (DCRM.Api)'

2024-07-27 17:44:00.226 +05:30  INF  Route matched with {action = "Get", controller = "Patient"}. Executing controller action with signature DCRM.Common.Dto.PatientseDto Get(Int64) on controller DCRM.Api.Controllers.PatientController (DCRM.Api).

2024-07-27 17:44:00.226 +05:30  INF  Route matched with {action = "DoctorNameList", controller = "Doctor"}. Executing controller action with signature System.Collections.Generic.List`1[DCRM.Common.Dto.DropdownDataDto] DoctorNameList() on controller DCRM.Api.Controllers.DoctorController (DCRM.Api).

2024-07-27 17:44:00.338 +05:30  INF  Executed DbCommand (220ms) [Parameters=[@__Id_0='?' (DbType = Int64)], CommandType='"Text"', CommandTimeout='30']
SELECT `d`.`Id`, `d`.`Age`, `d`.`Blood_Group`, `d`.`Created_At`, `d`.`Dob`, `d`.`Email`, `d`.`Email2`, `d`.`Gender`, `d`.`Gst_Number`, `d`.`Is_Delete`, `d`.`Marital_Status`, `d`.`Name`, `d`.`Pan_Number`, `d`.`Password`, `d`.`Phone1`, `d`.`Phone2`, `d`.`Phone3`, `d`.`Phone4`, `d`.`Qualification`, `d`.`Role`, `d`.`Speciality`, `d`.`Thumb`, `d`.`Updated_At`, `d`.`User_Id`
FROM `Doctors` AS `d`
WHERE `d`.`Id` = @__Id_0
LIMIT 2

2024-07-27 17:44:00.863 +05:30  INF  Executed DbCommand (215ms) [Parameters=[@__id_0='?' (DbType = Int64)], CommandType='"Text"', CommandTimeout='30']
SELECT `p`.`Id`, `p`.`Age`, `p`.`Chamber_Id`, `p`.`Created_At`, `p`.`Email`, `p`.`Guardian`, `p`.`Is_Delete`, `p`.`Mobile`, `p`.`Mr_Number`, `p`.`Name`, `p`.`Password`, `p`.`Permanent_Address`, `p`.`Present_Address`, `p`.`Role`, `p`.`Sex`, `p`.`Slug`, `p`.`Thumb`, `p`.`Title`, `p`.`UserName`, `p`.`User_Id`, `p`.`Verify_Code`, `p`.`Weight`
FROM `Patientses` AS `p`
WHERE (`p`.`Is_Delete` = 0) AND (`p`.`Id` = @__id_0)
LIMIT 1

2024-07-27 17:44:00.996 +05:30  INF  Executed DbCommand (220ms) [Parameters=[@__Id_0='?' (DbType = Int64)], CommandType='"Text"', CommandTimeout='30']
SELECT `d`.`Id`, `d`.`Age`, `d`.`Blood_Group`, `d`.`Created_At`, `d`.`Dob`, `d`.`Email`, `d`.`Email2`, `d`.`Gender`, `d`.`Gst_Number`, `d`.`Is_Delete`, `d`.`Marital_Status`, `d`.`Name`, `d`.`Pan_Number`, `d`.`Password`, `d`.`Phone1`, `d`.`Phone2`, `d`.`Phone3`, `d`.`Phone4`, `d`.`Qualification`, `d`.`Role`, `d`.`Speciality`, `d`.`Thumb`, `d`.`Updated_At`, `d`.`User_Id`
FROM `Doctors` AS `d`
WHERE `d`.`Id` = @__Id_0
LIMIT 2

2024-07-27 17:44:01.073 +05:30  INF  Executed DbCommand (428ms) [Parameters=[@__userId_0='?' (DbType = Int64)], CommandType='"Text"', CommandTimeout='30']
SELECT `p`.`Id`, `p`.`Age`, `p`.`Chamber_Id`, `p`.`Created_At`, `p`.`Email`, `p`.`Guardian`, `p`.`Is_Delete`, `p`.`Mobile`, `p`.`Mr_Number`, `p`.`Name`, `p`.`Password`, `p`.`Permanent_Address`, `p`.`Present_Address`, `p`.`Role`, `p`.`Sex`, `p`.`Slug`, `p`.`Thumb`, `p`.`Title`, `p`.`UserName`, `p`.`User_Id`, `p`.`Verify_Code`, `p`.`Weight`
FROM `Patientses` AS `p`
WHERE (`p`.`User_Id` = @__userId_0) AND (`p`.`Is_Delete` = 0)

2024-07-27 17:44:01.075 +05:30  INF  Executed DbCommand (427ms) [Parameters=[@__userId_0='?' (DbType = Int64)], CommandType='"Text"', CommandTimeout='30']
SELECT `d`.`Id`, `d`.`Age`, `d`.`Blood_Group`, `d`.`Created_At`, `d`.`Dob`, `d`.`Email`, `d`.`Email2`, `d`.`Gender`, `d`.`Gst_Number`, `d`.`Is_Delete`, `d`.`Marital_Status`, `d`.`Name`, `d`.`Pan_Number`, `d`.`Password`, `d`.`Phone1`, `d`.`Phone2`, `d`.`Phone3`, `d`.`Phone4`, `d`.`Qualification`, `d`.`Role`, `d`.`Speciality`, `d`.`Thumb`, `d`.`Updated_At`, `d`.`User_Id`
FROM `Doctors` AS `d`
WHERE (`d`.`User_Id` = @__userId_0) AND (`d`.`Is_Delete` = 0)

2024-07-27 17:44:01.652 +05:30  INF  Executed DbCommand (220ms) [Parameters=[@__Id_0='?' (DbType = Int64)], CommandType='"Text"', CommandTimeout='30']
SELECT `d`.`Id`, `d`.`Age`, `d`.`Blood_Group`, `d`.`Created_At`, `d`.`Dob`, `d`.`Email`, `d`.`Email2`, `d`.`Gender`, `d`.`Gst_Number`, `d`.`Is_Delete`, `d`.`Marital_Status`, `d`.`Name`, `d`.`Pan_Number`, `d`.`Password`, `d`.`Phone1`, `d`.`Phone2`, `d`.`Phone3`, `d`.`Phone4`, `d`.`Qualification`, `d`.`Role`, `d`.`Speciality`, `d`.`Thumb`, `d`.`Updated_At`, `d`.`User_Id`
FROM `Doctors` AS `d`
WHERE `d`.`Id` = @__Id_0
LIMIT 2

2024-07-27 17:44:01.720 +05:30  INF  Executed DbCommand (432ms) [Parameters=[], CommandType='"Text"', CommandTimeout='30']
SELECT `p`.`Id`, `p`.`Amount_Type`, `p`.`Balance`, `p`.`Created_At`, `p`.`Credit_Amount`, `p`.`Debit_Amount`, `p`.`Description`, `p`.`Doctor_Id`, `p`.`Patient_Id`, `p`.`Payment_Mode`, `p`.`Updated_At`, `p`.`Workdone_Id`, `p`.`isPrinted`
FROM `Payment_History` AS `p`

2024-07-27 17:44:01.937 +05:30  INF  Executing ObjectResult, writing value of type 'System.Collections.Generic.List`1[[DCRM.Common.Dto.DropdownDataDto, DCRM.Common, Version=1.0.0.0, Culture=neutral, PublicKeyToken=null]]'.

2024-07-27 17:44:01.937 +05:30  INF  Executed action DCRM.Api.Controllers.PatientController.PatientDetailList (DCRM.Api) in 1712.5322ms

2024-07-27 17:44:01.937 +05:30  INF  Executed endpoint 'DCRM.Api.Controllers.PatientController.PatientDetailList (DCRM.Api)'

2024-07-27 17:44:01.938 +05:30  INF  Request finished HTTP/2 GET https://localhost:7069/api/Patient/Get/Names application/json - - 200 - application/json;+charset=utf-8 2351.5987ms

2024-07-27 17:44:01.944 +05:30  INF  Executing ObjectResult, writing value of type 'System.Collections.Generic.List`1[[DCRM.Common.Dto.DropdownDataDto, DCRM.Common, Version=1.0.0.0, Culture=neutral, PublicKeyToken=null]]'.

2024-07-27 17:44:01.945 +05:30  INF  Executed action DCRM.Api.Controllers.DoctorController.DoctorNameList (DCRM.Api) in 1718.4864ms

2024-07-27 17:44:01.945 +05:30  INF  Executed endpoint 'DCRM.Api.Controllers.DoctorController.DoctorNameList (DCRM.Api)'

2024-07-27 17:44:01.945 +05:30  INF  Request finished HTTP/2 GET https://localhost:7069/api/Doctor/Get/Names application/json - - 200 - application/json;+charset=utf-8 2360.4896ms

2024-07-27 17:44:02.536 +05:30  INF  Executed DbCommand (445ms) [Parameters=[@__Id_0='?' (DbType = Int64)], CommandType='"Text"', CommandTimeout='30']
SELECT `d`.`Id`, `d`.`Age`, `d`.`Blood_Group`, `d`.`Created_At`, `d`.`Dob`, `d`.`Email`, `d`.`Email2`, `d`.`Gender`, `d`.`Gst_Number`, `d`.`Is_Delete`, `d`.`Marital_Status`, `d`.`Name`, `d`.`Pan_Number`, `d`.`Password`, `d`.`Phone1`, `d`.`Phone2`, `d`.`Phone3`, `d`.`Phone4`, `d`.`Qualification`, `d`.`Role`, `d`.`Speciality`, `d`.`Thumb`, `d`.`Updated_At`, `d`.`User_Id`
FROM `Doctors` AS `d`
WHERE `d`.`Id` = @__Id_0
LIMIT 2

2024-07-27 17:44:02.583 +05:30  INF  Executed DbCommand (214ms) [Parameters=[@__p_0='?' (DbType = Int64)], CommandType='"Text"', CommandTimeout='30']
SELECT `p`.`Id`, `p`.`Amount`, `p`.`Balance_Amount`, `p`.`Balance_Spent`, `p`.`Created_At`, `p`.`Name`, `p`.`Patients_Id`, `p`.`Type`, `p`.`Updated_At`
FROM `Patients_Insurance_Loan` AS `p`
WHERE `p`.`Patients_Id` = @__p_0

2024-07-27 17:44:03.084 +05:30  INF  Executed DbCommand (214ms) [Parameters=[@__id_0='?' (DbType = Int64)], CommandType='"Text"', CommandTimeout='30']
SELECT `u`.`Id`, `u`.`About_Me`, `u`.`Account_Type`, `u`.`Address`, `u`.`Available_Days`, `u`.`Bn_Name`, `u`.`City`, `u`.`Country`, `u`.`Created_At`, `u`.`Currency`, `u`.`Degree`, `u`.`Email`, `u`.`Email_Verified`, `u`.`Enable_Appointment`, `u`.`Enable_Rating`, `u`.`Exp_Years`, `u`.`Facebook`, `u`.`Google_Analytics`, `u`.`Image`, `u`.`Instagram`, `u`.`Linkedin`, `u`.`Name`, `u`.`Parent_Id`, `u`.`Password`, `u`.`Paypal_Email`, `u`.`Paypal_Mode`, `u`.`Paypal_Payment`, `u`.`Paystack_Payment`, `u`.`Paystack_Public_Key`, `u`.`Paystack_Secret_Key`, `u`.`Phone`, `u`.`Publish_Key`, `u`.`Qr_Code`, `u`.`Razorpay_Key_Id`, `u`.`Razorpay_Key_Secret`, `u`.`Razorpay_Payment`, `u`.`Role`, `u`.`Secret_Key`, `u`.`Skype`, `u`.`Slug`, `u`.`Specialist`, `u`.`Status`, `u`.`Stripe_Payment`, `u`.`Thumb`, `u`.`Trial_Expire`, `u`.`Twitter`, `u`.`User_Name`, `u`.`User_Type`, `u`.`Verify_Code`, `u`.`Whatsapp`
FROM `Users` AS `u`
WHERE `u`.`Id` = @__id_0
LIMIT 1

2024-07-27 17:44:03.084 +05:30  INF  Executing endpoint 'DCRM.Api.Controllers.PatientController.Get (DCRM.Api)'

2024-07-27 17:44:03.084 +05:30  INF  Route matched with {action = "Get", controller = "Patient"}. Executing controller action with signature DCRM.Common.Dto.PatientseDto Get(Int64) on controller DCRM.Api.Controllers.PatientController (DCRM.Api).

2024-07-27 17:44:03.086 +05:30  INF  Executed DbCommand (212ms) [Parameters=[@__id_0='?' (DbType = Int64)], CommandType='"Text"', CommandTimeout='30']
SELECT `u`.`Id`, `u`.`About_Me`, `u`.`Account_Type`, `u`.`Address`, `u`.`Available_Days`, `u`.`Bn_Name`, `u`.`City`, `u`.`Country`, `u`.`Created_At`, `u`.`Currency`, `u`.`Degree`, `u`.`Email`, `u`.`Email_Verified`, `u`.`Enable_Appointment`, `u`.`Enable_Rating`, `u`.`Exp_Years`, `u`.`Facebook`, `u`.`Google_Analytics`, `u`.`Image`, `u`.`Instagram`, `u`.`Linkedin`, `u`.`Name`, `u`.`Parent_Id`, `u`.`Password`, `u`.`Paypal_Email`, `u`.`Paypal_Mode`, `u`.`Paypal_Payment`, `u`.`Paystack_Payment`, `u`.`Paystack_Public_Key`, `u`.`Paystack_Secret_Key`, `u`.`Phone`, `u`.`Publish_Key`, `u`.`Qr_Code`, `u`.`Razorpay_Key_Id`, `u`.`Razorpay_Key_Secret`, `u`.`Razorpay_Payment`, `u`.`Role`, `u`.`Secret_Key`, `u`.`Skype`, `u`.`Slug`, `u`.`Specialist`, `u`.`Status`, `u`.`Stripe_Payment`, `u`.`Thumb`, `u`.`Trial_Expire`, `u`.`Twitter`, `u`.`User_Name`, `u`.`User_Type`, `u`.`Verify_Code`, `u`.`Whatsapp`
FROM `Users` AS `u`
WHERE `u`.`Id` = @__id_0
LIMIT 1

2024-07-27 17:44:03.086 +05:30  INF  Executing endpoint 'DCRM.Api.Controllers.ChairController.GetAll (DCRM.Api)'

2024-07-27 17:44:03.086 +05:30  INF  Route matched with {action = "GetAll", controller = "Chair"}. Executing controller action with signature System.Collections.Generic.List`1[DCRM.Common.Dto.ChairDto] GetAll() on controller DCRM.Api.Controllers.ChairController (DCRM.Api).

2024-07-27 17:44:03.200 +05:30  INF  Executed DbCommand (221ms) [Parameters=[@__Id_0='?' (DbType = Int64)], CommandType='"Text"', CommandTimeout='30']
SELECT `d`.`Id`, `d`.`Age`, `d`.`Blood_Group`, `d`.`Created_At`, `d`.`Dob`, `d`.`Email`, `d`.`Email2`, `d`.`Gender`, `d`.`Gst_Number`, `d`.`Is_Delete`, `d`.`Marital_Status`, `d`.`Name`, `d`.`Pan_Number`, `d`.`Password`, `d`.`Phone1`, `d`.`Phone2`, `d`.`Phone3`, `d`.`Phone4`, `d`.`Qualification`, `d`.`Role`, `d`.`Speciality`, `d`.`Thumb`, `d`.`Updated_At`, `d`.`User_Id`
FROM `Doctors` AS `d`
WHERE `d`.`Id` = @__Id_0
LIMIT 2

2024-07-27 17:44:03.225 +05:30  INF  Executed DbCommand (214ms) [Parameters=[@__p_0='?' (DbType = Int64)], CommandType='"Text"', CommandTimeout='30']
SELECT `p`.`Id`, `p`.`Created_At`, `p`.`Patient_Id`, `p`.`Report`, `p`.`Report_Date`, `p`.`Report_File`, `p`.`Status`, `p`.`Test_Name`, `p`.`Test_Price`, `p`.`Updated_At`
FROM `Patient_Tests` AS `p`
WHERE `p`.`Patient_Id` = @__p_0

2024-07-27 17:44:03.724 +05:30  INF  Executed DbCommand (215ms) [Parameters=[], CommandType='"Text"', CommandTimeout='30']
SELECT `c`.`Id`, `c`.`Address`, `c`.`Appoinment_Limit`, `c`.`Created_At`, `c`.`Doctor_Id`, `c`.`Is_Primary`, `c`.`Name`, `c`.`Status`, `c`.`Uid`, `c`.`User_Id`
FROM `Chairs` AS `c`

2024-07-27 17:44:03.725 +05:30  INF  Executed DbCommand (215ms) [Parameters=[@__id_0='?' (DbType = Int64)], CommandType='"Text"', CommandTimeout='30']
SELECT `p`.`Id`, `p`.`Age`, `p`.`Chamber_Id`, `p`.`Created_At`, `p`.`Email`, `p`.`Guardian`, `p`.`Is_Delete`, `p`.`Mobile`, `p`.`Mr_Number`, `p`.`Name`, `p`.`Password`, `p`.`Permanent_Address`, `p`.`Present_Address`, `p`.`Role`, `p`.`Sex`, `p`.`Slug`, `p`.`Thumb`, `p`.`Title`, `p`.`UserName`, `p`.`User_Id`, `p`.`Verify_Code`, `p`.`Weight`
FROM `Patientses` AS `p`
WHERE (`p`.`Is_Delete` = 0) AND (`p`.`Id` = @__id_0)
LIMIT 1

2024-07-27 17:44:03.866 +05:30  INF  Executed DbCommand (213ms) [Parameters=[@__p_0='?' (DbType = Int64)], CommandType='"Text"', CommandTimeout='30']
SELECT `p`.`Id`, `p`.`Address_O`, `p`.`Address_Other`, `p`.`Address_R`, `p`.`City_O`, `p`.`City_Other`, `p`.`City_R`, `p`.`Country_O`, `p`.`Country_Other`, `p`.`Country_R`, `p`.`Created_At`, `p`.`Doctor_Name`, `p`.`Email`, `p`.`Email2`, `p`.`Medical_History_Allergies`, `p`.`Patient_Id`, `p`.`Phone`, `p`.`Phone1`, `p`.`Phone2`, `p`.`Phone3`, `p`.`Phone4`, `p`.`Physician`, `p`.`Reffered_By`, `p`.`Relationship_Type`, `p`.`Special_Notes`, `p`.`Updated_At`, `p`.`Zip_O`, `p`.`Zip_Other`, `p`.`Zip_R`
FROM `Patients_Contact` AS `p`
WHERE `p`.`Patient_Id` = @__p_0

2024-07-27 17:44:03.867 +05:30  INF  Executed DbCommand (220ms) [Parameters=[@__Id_0='?' (DbType = Int64)], CommandType='"Text"', CommandTimeout='30']
SELECT `d`.`Id`, `d`.`Age`, `d`.`Blood_Group`, `d`.`Created_At`, `d`.`Dob`, `d`.`Email`, `d`.`Email2`, `d`.`Gender`, `d`.`Gst_Number`, `d`.`Is_Delete`, `d`.`Marital_Status`, `d`.`Name`, `d`.`Pan_Number`, `d`.`Password`, `d`.`Phone1`, `d`.`Phone2`, `d`.`Phone3`, `d`.`Phone4`, `d`.`Qualification`, `d`.`Role`, `d`.`Speciality`, `d`.`Thumb`, `d`.`Updated_At`, `d`.`User_Id`
FROM `Doctors` AS `d`
WHERE `d`.`Id` = @__Id_0
LIMIT 2

2024-07-27 17:44:04.365 +05:30  INF  Executed DbCommand (215ms) [Parameters=[@__Id_0='?' (DbType = Int64)], CommandType='"Text"', CommandTimeout='30']
SELECT `d`.`Id`, `d`.`Age`, `d`.`Blood_Group`, `d`.`Created_At`, `d`.`Dob`, `d`.`Email`, `d`.`Email2`, `d`.`Gender`, `d`.`Gst_Number`, `d`.`Is_Delete`, `d`.`Marital_Status`, `d`.`Name`, `d`.`Pan_Number`, `d`.`Password`, `d`.`Phone1`, `d`.`Phone2`, `d`.`Phone3`, `d`.`Phone4`, `d`.`Qualification`, `d`.`Role`, `d`.`Speciality`, `d`.`Thumb`, `d`.`Updated_At`, `d`.`User_Id`
FROM `Doctors` AS `d`
WHERE `d`.`Id` = @__Id_0
LIMIT 2

2024-07-27 17:44:04.367 +05:30  INF  Executed DbCommand (216ms) [Parameters=[], CommandType='"Text"', CommandTimeout='30']
SELECT `p`.`Id`, `p`.`Amount_Type`, `p`.`Balance`, `p`.`Created_At`, `p`.`Credit_Amount`, `p`.`Debit_Amount`, `p`.`Description`, `p`.`Doctor_Id`, `p`.`Patient_Id`, `p`.`Payment_Mode`, `p`.`Updated_At`, `p`.`Workdone_Id`, `p`.`isPrinted`
FROM `Payment_History` AS `p`

2024-07-27 17:44:04.505 +05:30  INF  Executed DbCommand (213ms) [Parameters=[@__p_0='?' (DbType = Int64)], CommandType='"Text"', CommandTimeout='30']
SELECT `p`.`Id`, `p`.`Created_At`, `p`.`Patient_Id`, `p`.`Report`, `p`.`Report_File`, `p`.`Scan_Name`, `p`.`Status`, `p`.`Type`, `p`.`Updated_At`
FROM `Patient_Scans` AS `p`
WHERE `p`.`Patient_Id` = @__p_0

2024-07-27 17:44:04.505 +05:30  INF  Executing ObjectResult, writing value of type 'DCRM.Common.Dto.PatientseDto'.

2024-07-27 17:44:04.506 +05:30  INF  Executed action DCRM.Api.Controllers.PatientController.Get (DCRM.Api) in 4279.6326ms

2024-07-27 17:44:04.506 +05:30  INF  Executed endpoint 'DCRM.Api.Controllers.PatientController.Get (DCRM.Api)'

2024-07-27 17:44:04.506 +05:30  INF  Request finished HTTP/2 GET https://localhost:7069/api/Patient/Get/387 application/json - - 200 - application/json;+charset=utf-8 4923.2666ms

2024-07-27 17:44:04.538 +05:30  INF  Executed DbCommand (219ms) [Parameters=[@__Id_0='?' (DbType = Int64)], CommandType='"Text"', CommandTimeout='30']
SELECT `d`.`Id`, `d`.`Age`, `d`.`Blood_Group`, `d`.`Created_At`, `d`.`Dob`, `d`.`Email`, `d`.`Email2`, `d`.`Gender`, `d`.`Gst_Number`, `d`.`Is_Delete`, `d`.`Marital_Status`, `d`.`Name`, `d`.`Pan_Number`, `d`.`Password`, `d`.`Phone1`, `d`.`Phone2`, `d`.`Phone3`, `d`.`Phone4`, `d`.`Qualification`, `d`.`Role`, `d`.`Speciality`, `d`.`Thumb`, `d`.`Updated_At`, `d`.`User_Id`
FROM `Doctors` AS `d`
WHERE `d`.`Id` = @__Id_0
LIMIT 2

2024-07-27 17:44:05.014 +05:30  INF  Executed DbCommand (221ms) [Parameters=[@__Id_0='?' (DbType = Int64)], CommandType='"Text"', CommandTimeout='30']
SELECT `d`.`Id`, `d`.`Age`, `d`.`Blood_Group`, `d`.`Created_At`, `d`.`Dob`, `d`.`Email`, `d`.`Email2`, `d`.`Gender`, `d`.`Gst_Number`, `d`.`Is_Delete`, `d`.`Marital_Status`, `d`.`Name`, `d`.`Pan_Number`, `d`.`Password`, `d`.`Phone1`, `d`.`Phone2`, `d`.`Phone3`, `d`.`Phone4`, `d`.`Qualification`, `d`.`Role`, `d`.`Speciality`, `d`.`Thumb`, `d`.`Updated_At`, `d`.`User_Id`
FROM `Doctors` AS `d`
WHERE `d`.`Id` = @__Id_0
LIMIT 2

2024-07-27 17:44:05.195 +05:30  INF  Executed DbCommand (220ms) [Parameters=[@__Id_0='?' (DbType = Int64)], CommandType='"Text"', CommandTimeout='30']
SELECT `d`.`Id`, `d`.`Age`, `d`.`Blood_Group`, `d`.`Created_At`, `d`.`Dob`, `d`.`Email`, `d`.`Email2`, `d`.`Gender`, `d`.`Gst_Number`, `d`.`Is_Delete`, `d`.`Marital_Status`, `d`.`Name`, `d`.`Pan_Number`, `d`.`Password`, `d`.`Phone1`, `d`.`Phone2`, `d`.`Phone3`, `d`.`Phone4`, `d`.`Qualification`, `d`.`Role`, `d`.`Speciality`, `d`.`Thumb`, `d`.`Updated_At`, `d`.`User_Id`
FROM `Doctors` AS `d`
WHERE `d`.`Id` = @__Id_0
LIMIT 2

2024-07-27 17:44:05.227 +05:30  INF  Executed DbCommand (214ms) [Parameters=[@__p_0='?' (DbType = Int64)], CommandType='"Text"', CommandTimeout='30']
SELECT `p`.`Id`, `p`.`Amount`, `p`.`Balance_Amount`, `p`.`Balance_Spent`, `p`.`Created_At`, `p`.`Name`, `p`.`Patients_Id`, `p`.`Type`, `p`.`Updated_At`
FROM `Patients_Insurance_Loan` AS `p`
WHERE `p`.`Patients_Id` = @__p_0

2024-07-27 17:44:05.654 +05:30  INF  Executed DbCommand (214ms) [Parameters=[@__Id_0='?' (DbType = Int64)], CommandType='"Text"', CommandTimeout='30']
SELECT `d`.`Id`, `d`.`Age`, `d`.`Blood_Group`, `d`.`Created_At`, `d`.`Dob`, `d`.`Email`, `d`.`Email2`, `d`.`Gender`, `d`.`Gst_Number`, `d`.`Is_Delete`, `d`.`Marital_Status`, `d`.`Name`, `d`.`Pan_Number`, `d`.`Password`, `d`.`Phone1`, `d`.`Phone2`, `d`.`Phone3`, `d`.`Phone4`, `d`.`Qualification`, `d`.`Role`, `d`.`Speciality`, `d`.`Thumb`, `d`.`Updated_At`, `d`.`User_Id`
FROM `Doctors` AS `d`
WHERE `d`.`Id` = @__Id_0
LIMIT 2

2024-07-27 17:44:05.852 +05:30  INF  Executed DbCommand (220ms) [Parameters=[@__Id_0='?' (DbType = Int64)], CommandType='"Text"', CommandTimeout='30']
SELECT `d`.`Id`, `d`.`Age`, `d`.`Blood_Group`, `d`.`Created_At`, `d`.`Dob`, `d`.`Email`, `d`.`Email2`, `d`.`Gender`, `d`.`Gst_Number`, `d`.`Is_Delete`, `d`.`Marital_Status`, `d`.`Name`, `d`.`Pan_Number`, `d`.`Password`, `d`.`Phone1`, `d`.`Phone2`, `d`.`Phone3`, `d`.`Phone4`, `d`.`Qualification`, `d`.`Role`, `d`.`Speciality`, `d`.`Thumb`, `d`.`Updated_At`, `d`.`User_Id`
FROM `Doctors` AS `d`
WHERE `d`.`Id` = @__Id_0
LIMIT 2

2024-07-27 17:44:05.865 +05:30  INF  Executed DbCommand (212ms) [Parameters=[@__p_0='?' (DbType = Int64)], CommandType='"Text"', CommandTimeout='30']
SELECT `p`.`Id`, `p`.`Created_At`, `p`.`Patient_Id`, `p`.`Report`, `p`.`Report_Date`, `p`.`Report_File`, `p`.`Status`, `p`.`Test_Name`, `p`.`Test_Price`, `p`.`Updated_At`
FROM `Patient_Tests` AS `p`
WHERE `p`.`Patient_Id` = @__p_0

2024-07-27 17:44:06.289 +05:30  INF  Executed DbCommand (211ms) [Parameters=[@__Id_0='?' (DbType = Int64)], CommandType='"Text"', CommandTimeout='30']
SELECT `d`.`Id`, `d`.`Age`, `d`.`Blood_Group`, `d`.`Created_At`, `d`.`Dob`, `d`.`Email`, `d`.`Email2`, `d`.`Gender`, `d`.`Gst_Number`, `d`.`Is_Delete`, `d`.`Marital_Status`, `d`.`Name`, `d`.`Pan_Number`, `d`.`Password`, `d`.`Phone1`, `d`.`Phone2`, `d`.`Phone3`, `d`.`Phone4`, `d`.`Qualification`, `d`.`Role`, `d`.`Speciality`, `d`.`Thumb`, `d`.`Updated_At`, `d`.`User_Id`
FROM `Doctors` AS `d`
WHERE `d`.`Id` = @__Id_0
LIMIT 2

2024-07-27 17:44:06.503 +05:30  INF  Executed DbCommand (215ms) [Parameters=[@__p_0='?' (DbType = Int64)], CommandType='"Text"', CommandTimeout='30']
SELECT `p`.`Id`, `p`.`Address_O`, `p`.`Address_Other`, `p`.`Address_R`, `p`.`City_O`, `p`.`City_Other`, `p`.`City_R`, `p`.`Country_O`, `p`.`Country_Other`, `p`.`Country_R`, `p`.`Created_At`, `p`.`Doctor_Name`, `p`.`Email`, `p`.`Email2`, `p`.`Medical_History_Allergies`, `p`.`Patient_Id`, `p`.`Phone`, `p`.`Phone1`, `p`.`Phone2`, `p`.`Phone3`, `p`.`Phone4`, `p`.`Physician`, `p`.`Reffered_By`, `p`.`Relationship_Type`, `p`.`Special_Notes`, `p`.`Updated_At`, `p`.`Zip_O`, `p`.`Zip_Other`, `p`.`Zip_R`
FROM `Patients_Contact` AS `p`
WHERE `p`.`Patient_Id` = @__p_0

2024-07-27 17:44:06.511 +05:30  INF  Executed DbCommand (218ms) [Parameters=[@__Id_0='?' (DbType = Int64)], CommandType='"Text"', CommandTimeout='30']
SELECT `d`.`Id`, `d`.`Age`, `d`.`Blood_Group`, `d`.`Created_At`, `d`.`Dob`, `d`.`Email`, `d`.`Email2`, `d`.`Gender`, `d`.`Gst_Number`, `d`.`Is_Delete`, `d`.`Marital_Status`, `d`.`Name`, `d`.`Pan_Number`, `d`.`Password`, `d`.`Phone1`, `d`.`Phone2`, `d`.`Phone3`, `d`.`Phone4`, `d`.`Qualification`, `d`.`Role`, `d`.`Speciality`, `d`.`Thumb`, `d`.`Updated_At`, `d`.`User_Id`
FROM `Doctors` AS `d`
WHERE `d`.`Id` = @__Id_0
LIMIT 2

2024-07-27 17:44:06.927 +05:30  INF  Executed DbCommand (213ms) [Parameters=[@__Id_0='?' (DbType = Int64)], CommandType='"Text"', CommandTimeout='30']
SELECT `d`.`Id`, `d`.`Age`, `d`.`Blood_Group`, `d`.`Created_At`, `d`.`Dob`, `d`.`Email`, `d`.`Email2`, `d`.`Gender`, `d`.`Gst_Number`, `d`.`Is_Delete`, `d`.`Marital_Status`, `d`.`Name`, `d`.`Pan_Number`, `d`.`Password`, `d`.`Phone1`, `d`.`Phone2`, `d`.`Phone3`, `d`.`Phone4`, `d`.`Qualification`, `d`.`Role`, `d`.`Speciality`, `d`.`Thumb`, `d`.`Updated_At`, `d`.`User_Id`
FROM `Doctors` AS `d`
WHERE `d`.`Id` = @__Id_0
LIMIT 2

2024-07-27 17:44:07.140 +05:30  INF  Executed DbCommand (213ms) [Parameters=[@__p_0='?' (DbType = Int64)], CommandType='"Text"', CommandTimeout='30']
SELECT `p`.`Id`, `p`.`Created_At`, `p`.`Patient_Id`, `p`.`Report`, `p`.`Report_File`, `p`.`Scan_Name`, `p`.`Status`, `p`.`Type`, `p`.`Updated_At`
FROM `Patient_Scans` AS `p`
WHERE `p`.`Patient_Id` = @__p_0

2024-07-27 17:44:07.140 +05:30  INF  Executing ObjectResult, writing value of type 'DCRM.Common.Dto.PatientseDto'.

2024-07-27 17:44:07.141 +05:30  INF  Executed action DCRM.Api.Controllers.PatientController.Get (DCRM.Api) in 4056.761ms

2024-07-27 17:44:07.141 +05:30  INF  Executed endpoint 'DCRM.Api.Controllers.PatientController.Get (DCRM.Api)'

2024-07-27 17:44:07.141 +05:30  INF  Request finished HTTP/2 GET https://localhost:7069/api/Patient/Get/508 application/json - - 200 - application/json;+charset=utf-8 7552.8696ms

2024-07-27 17:44:07.166 +05:30  INF  Executed DbCommand (219ms) [Parameters=[@__Id_0='?' (DbType = Int64)], CommandType='"Text"', CommandTimeout='30']
SELECT `d`.`Id`, `d`.`Age`, `d`.`Blood_Group`, `d`.`Created_At`, `d`.`Dob`, `d`.`Email`, `d`.`Email2`, `d`.`Gender`, `d`.`Gst_Number`, `d`.`Is_Delete`, `d`.`Marital_Status`, `d`.`Name`, `d`.`Pan_Number`, `d`.`Password`, `d`.`Phone1`, `d`.`Phone2`, `d`.`Phone3`, `d`.`Phone4`, `d`.`Qualification`, `d`.`Role`, `d`.`Speciality`, `d`.`Thumb`, `d`.`Updated_At`, `d`.`User_Id`
FROM `Doctors` AS `d`
WHERE `d`.`Id` = @__Id_0
LIMIT 2

2024-07-27 17:44:07.568 +05:30  INF  Executed DbCommand (215ms) [Parameters=[@__Id_0='?' (DbType = Int64)], CommandType='"Text"', CommandTimeout='30']
SELECT `d`.`Id`, `d`.`Age`, `d`.`Blood_Group`, `d`.`Created_At`, `d`.`Dob`, `d`.`Email`, `d`.`Email2`, `d`.`Gender`, `d`.`Gst_Number`, `d`.`Is_Delete`, `d`.`Marital_Status`, `d`.`Name`, `d`.`Pan_Number`, `d`.`Password`, `d`.`Phone1`, `d`.`Phone2`, `d`.`Phone3`, `d`.`Phone4`, `d`.`Qualification`, `d`.`Role`, `d`.`Speciality`, `d`.`Thumb`, `d`.`Updated_At`, `d`.`User_Id`
FROM `Doctors` AS `d`
WHERE `d`.`Id` = @__Id_0
LIMIT 2

2024-07-27 17:44:07.825 +05:30  INF  Executed DbCommand (221ms) [Parameters=[@__Id_0='?' (DbType = Int64)], CommandType='"Text"', CommandTimeout='30']
SELECT `d`.`Id`, `d`.`Age`, `d`.`Blood_Group`, `d`.`Created_At`, `d`.`Dob`, `d`.`Email`, `d`.`Email2`, `d`.`Gender`, `d`.`Gst_Number`, `d`.`Is_Delete`, `d`.`Marital_Status`, `d`.`Name`, `d`.`Pan_Number`, `d`.`Password`, `d`.`Phone1`, `d`.`Phone2`, `d`.`Phone3`, `d`.`Phone4`, `d`.`Qualification`, `d`.`Role`, `d`.`Speciality`, `d`.`Thumb`, `d`.`Updated_At`, `d`.`User_Id`
FROM `Doctors` AS `d`
WHERE `d`.`Id` = @__Id_0
LIMIT 2

2024-07-27 17:44:08.214 +05:30  INF  Executed DbCommand (215ms) [Parameters=[@__Id_0='?' (DbType = Int64)], CommandType='"Text"', CommandTimeout='30']
SELECT `d`.`Id`, `d`.`Age`, `d`.`Blood_Group`, `d`.`Created_At`, `d`.`Dob`, `d`.`Email`, `d`.`Email2`, `d`.`Gender`, `d`.`Gst_Number`, `d`.`Is_Delete`, `d`.`Marital_Status`, `d`.`Name`, `d`.`Pan_Number`, `d`.`Password`, `d`.`Phone1`, `d`.`Phone2`, `d`.`Phone3`, `d`.`Phone4`, `d`.`Qualification`, `d`.`Role`, `d`.`Speciality`, `d`.`Thumb`, `d`.`Updated_At`, `d`.`User_Id`
FROM `Doctors` AS `d`
WHERE `d`.`Id` = @__Id_0
LIMIT 2

2024-07-27 17:44:08.483 +05:30  INF  Executed DbCommand (220ms) [Parameters=[@__Id_0='?' (DbType = Int64)], CommandType='"Text"', CommandTimeout='30']
SELECT `d`.`Id`, `d`.`Age`, `d`.`Blood_Group`, `d`.`Created_At`, `d`.`Dob`, `d`.`Email`, `d`.`Email2`, `d`.`Gender`, `d`.`Gst_Number`, `d`.`Is_Delete`, `d`.`Marital_Status`, `d`.`Name`, `d`.`Pan_Number`, `d`.`Password`, `d`.`Phone1`, `d`.`Phone2`, `d`.`Phone3`, `d`.`Phone4`, `d`.`Qualification`, `d`.`Role`, `d`.`Speciality`, `d`.`Thumb`, `d`.`Updated_At`, `d`.`User_Id`
FROM `Doctors` AS `d`
WHERE `d`.`Id` = @__Id_0
LIMIT 2

2024-07-27 17:44:08.854 +05:30  INF  Executed DbCommand (215ms) [Parameters=[@__Id_0='?' (DbType = Int64)], CommandType='"Text"', CommandTimeout='30']
SELECT `d`.`Id`, `d`.`Age`, `d`.`Blood_Group`, `d`.`Created_At`, `d`.`Dob`, `d`.`Email`, `d`.`Email2`, `d`.`Gender`, `d`.`Gst_Number`, `d`.`Is_Delete`, `d`.`Marital_Status`, `d`.`Name`, `d`.`Pan_Number`, `d`.`Password`, `d`.`Phone1`, `d`.`Phone2`, `d`.`Phone3`, `d`.`Phone4`, `d`.`Qualification`, `d`.`Role`, `d`.`Speciality`, `d`.`Thumb`, `d`.`Updated_At`, `d`.`User_Id`
FROM `Doctors` AS `d`
WHERE `d`.`Id` = @__Id_0
LIMIT 2

2024-07-27 17:44:09.144 +05:30  INF  Executed DbCommand (223ms) [Parameters=[@__Id_0='?' (DbType = Int64)], CommandType='"Text"', CommandTimeout='30']
SELECT `d`.`Id`, `d`.`Age`, `d`.`Blood_Group`, `d`.`Created_At`, `d`.`Dob`, `d`.`Email`, `d`.`Email2`, `d`.`Gender`, `d`.`Gst_Number`, `d`.`Is_Delete`, `d`.`Marital_Status`, `d`.`Name`, `d`.`Pan_Number`, `d`.`Password`, `d`.`Phone1`, `d`.`Phone2`, `d`.`Phone3`, `d`.`Phone4`, `d`.`Qualification`, `d`.`Role`, `d`.`Speciality`, `d`.`Thumb`, `d`.`Updated_At`, `d`.`User_Id`
FROM `Doctors` AS `d`
WHERE `d`.`Id` = @__Id_0
LIMIT 2

2024-07-27 17:44:09.144 +05:30  INF  Executing ObjectResult, writing value of type 'System.Collections.Generic.List`1[[DCRM.Common.Dto.ChairDto, DCRM.Common, Version=1.0.0.0, Culture=neutral, PublicKeyToken=null]]'.

2024-07-27 17:44:09.145 +05:30  INF  Executed action DCRM.Api.Controllers.ChairController.GetAll (DCRM.Api) in 13421.3886ms

2024-07-27 17:44:09.146 +05:30  INF  Executed endpoint 'DCRM.Api.Controllers.ChairController.GetAll (DCRM.Api)'

2024-07-27 17:44:09.146 +05:30  INF  Request finished HTTP/2 GET https://localhost:7069/api/Chair/GetAll application/json - - 0 - application/json;+charset=utf-8 14076.9984ms

2024-07-27 17:44:09.497 +05:30  INF  Executed DbCommand (216ms) [Parameters=[@__Id_0='?' (DbType = Int64)], CommandType='"Text"', CommandTimeout='30']
SELECT `d`.`Id`, `d`.`Age`, `d`.`Blood_Group`, `d`.`Created_At`, `d`.`Dob`, `d`.`Email`, `d`.`Email2`, `d`.`Gender`, `d`.`Gst_Number`, `d`.`Is_Delete`, `d`.`Marital_Status`, `d`.`Name`, `d`.`Pan_Number`, `d`.`Password`, `d`.`Phone1`, `d`.`Phone2`, `d`.`Phone3`, `d`.`Phone4`, `d`.`Qualification`, `d`.`Role`, `d`.`Speciality`, `d`.`Thumb`, `d`.`Updated_At`, `d`.`User_Id`
FROM `Doctors` AS `d`
WHERE `d`.`Id` = @__Id_0
LIMIT 2

2024-07-27 17:44:10.146 +05:30  INF  Executed DbCommand (214ms) [Parameters=[@__Id_0='?' (DbType = Int64)], CommandType='"Text"', CommandTimeout='30']
SELECT `d`.`Id`, `d`.`Age`, `d`.`Blood_Group`, `d`.`Created_At`, `d`.`Dob`, `d`.`Email`, `d`.`Email2`, `d`.`Gender`, `d`.`Gst_Number`, `d`.`Is_Delete`, `d`.`Marital_Status`, `d`.`Name`, `d`.`Pan_Number`, `d`.`Password`, `d`.`Phone1`, `d`.`Phone2`, `d`.`Phone3`, `d`.`Phone4`, `d`.`Qualification`, `d`.`Role`, `d`.`Speciality`, `d`.`Thumb`, `d`.`Updated_At`, `d`.`User_Id`
FROM `Doctors` AS `d`
WHERE `d`.`Id` = @__Id_0
LIMIT 2

2024-07-27 17:44:10.789 +05:30  INF  Executed DbCommand (214ms) [Parameters=[@__Id_0='?' (DbType = Int64)], CommandType='"Text"', CommandTimeout='30']
SELECT `d`.`Id`, `d`.`Age`, `d`.`Blood_Group`, `d`.`Created_At`, `d`.`Dob`, `d`.`Email`, `d`.`Email2`, `d`.`Gender`, `d`.`Gst_Number`, `d`.`Is_Delete`, `d`.`Marital_Status`, `d`.`Name`, `d`.`Pan_Number`, `d`.`Password`, `d`.`Phone1`, `d`.`Phone2`, `d`.`Phone3`, `d`.`Phone4`, `d`.`Qualification`, `d`.`Role`, `d`.`Speciality`, `d`.`Thumb`, `d`.`Updated_At`, `d`.`User_Id`
FROM `Doctors` AS `d`
WHERE `d`.`Id` = @__Id_0
LIMIT 2

2024-07-27 17:44:11.428 +05:30  INF  Executed DbCommand (215ms) [Parameters=[@__Id_0='?' (DbType = Int64)], CommandType='"Text"', CommandTimeout='30']
SELECT `d`.`Id`, `d`.`Age`, `d`.`Blood_Group`, `d`.`Created_At`, `d`.`Dob`, `d`.`Email`, `d`.`Email2`, `d`.`Gender`, `d`.`Gst_Number`, `d`.`Is_Delete`, `d`.`Marital_Status`, `d`.`Name`, `d`.`Pan_Number`, `d`.`Password`, `d`.`Phone1`, `d`.`Phone2`, `d`.`Phone3`, `d`.`Phone4`, `d`.`Qualification`, `d`.`Role`, `d`.`Speciality`, `d`.`Thumb`, `d`.`Updated_At`, `d`.`User_Id`
FROM `Doctors` AS `d`
WHERE `d`.`Id` = @__Id_0
LIMIT 2

2024-07-27 17:44:12.075 +05:30  INF  Executed DbCommand (215ms) [Parameters=[@__Id_0='?' (DbType = Int64)], CommandType='"Text"', CommandTimeout='30']
SELECT `d`.`Id`, `d`.`Age`, `d`.`Blood_Group`, `d`.`Created_At`, `d`.`Dob`, `d`.`Email`, `d`.`Email2`, `d`.`Gender`, `d`.`Gst_Number`, `d`.`Is_Delete`, `d`.`Marital_Status`, `d`.`Name`, `d`.`Pan_Number`, `d`.`Password`, `d`.`Phone1`, `d`.`Phone2`, `d`.`Phone3`, `d`.`Phone4`, `d`.`Qualification`, `d`.`Role`, `d`.`Speciality`, `d`.`Thumb`, `d`.`Updated_At`, `d`.`User_Id`
FROM `Doctors` AS `d`
WHERE `d`.`Id` = @__Id_0
LIMIT 2

2024-07-27 17:44:12.714 +05:30  INF  Executed DbCommand (213ms) [Parameters=[@__Id_0='?' (DbType = Int64)], CommandType='"Text"', CommandTimeout='30']
SELECT `d`.`Id`, `d`.`Age`, `d`.`Blood_Group`, `d`.`Created_At`, `d`.`Dob`, `d`.`Email`, `d`.`Email2`, `d`.`Gender`, `d`.`Gst_Number`, `d`.`Is_Delete`, `d`.`Marital_Status`, `d`.`Name`, `d`.`Pan_Number`, `d`.`Password`, `d`.`Phone1`, `d`.`Phone2`, `d`.`Phone3`, `d`.`Phone4`, `d`.`Qualification`, `d`.`Role`, `d`.`Speciality`, `d`.`Thumb`, `d`.`Updated_At`, `d`.`User_Id`
FROM `Doctors` AS `d`
WHERE `d`.`Id` = @__Id_0
LIMIT 2

2024-07-27 17:44:13.351 +05:30  INF  Executed DbCommand (214ms) [Parameters=[@__Id_0='?' (DbType = Int64)], CommandType='"Text"', CommandTimeout='30']
SELECT `d`.`Id`, `d`.`Age`, `d`.`Blood_Group`, `d`.`Created_At`, `d`.`Dob`, `d`.`Email`, `d`.`Email2`, `d`.`Gender`, `d`.`Gst_Number`, `d`.`Is_Delete`, `d`.`Marital_Status`, `d`.`Name`, `d`.`Pan_Number`, `d`.`Password`, `d`.`Phone1`, `d`.`Phone2`, `d`.`Phone3`, `d`.`Phone4`, `d`.`Qualification`, `d`.`Role`, `d`.`Speciality`, `d`.`Thumb`, `d`.`Updated_At`, `d`.`User_Id`
FROM `Doctors` AS `d`
WHERE `d`.`Id` = @__Id_0
LIMIT 2

2024-07-27 17:44:13.991 +05:30  INF  Executed DbCommand (214ms) [Parameters=[@__Id_0='?' (DbType = Int64)], CommandType='"Text"', CommandTimeout='30']
SELECT `d`.`Id`, `d`.`Age`, `d`.`Blood_Group`, `d`.`Created_At`, `d`.`Dob`, `d`.`Email`, `d`.`Email2`, `d`.`Gender`, `d`.`Gst_Number`, `d`.`Is_Delete`, `d`.`Marital_Status`, `d`.`Name`, `d`.`Pan_Number`, `d`.`Password`, `d`.`Phone1`, `d`.`Phone2`, `d`.`Phone3`, `d`.`Phone4`, `d`.`Qualification`, `d`.`Role`, `d`.`Speciality`, `d`.`Thumb`, `d`.`Updated_At`, `d`.`User_Id`
FROM `Doctors` AS `d`
WHERE `d`.`Id` = @__Id_0
LIMIT 2

2024-07-27 17:44:14.632 +05:30  INF  Executed DbCommand (214ms) [Parameters=[@__Id_0='?' (DbType = Int64)], CommandType='"Text"', CommandTimeout='30']
SELECT `d`.`Id`, `d`.`Age`, `d`.`Blood_Group`, `d`.`Created_At`, `d`.`Dob`, `d`.`Email`, `d`.`Email2`, `d`.`Gender`, `d`.`Gst_Number`, `d`.`Is_Delete`, `d`.`Marital_Status`, `d`.`Name`, `d`.`Pan_Number`, `d`.`Password`, `d`.`Phone1`, `d`.`Phone2`, `d`.`Phone3`, `d`.`Phone4`, `d`.`Qualification`, `d`.`Role`, `d`.`Speciality`, `d`.`Thumb`, `d`.`Updated_At`, `d`.`User_Id`
FROM `Doctors` AS `d`
WHERE `d`.`Id` = @__Id_0
LIMIT 2

2024-07-27 17:44:15.268 +05:30  INF  Executed DbCommand (213ms) [Parameters=[@__Id_0='?' (DbType = Int64)], CommandType='"Text"', CommandTimeout='30']
SELECT `d`.`Id`, `d`.`Age`, `d`.`Blood_Group`, `d`.`Created_At`, `d`.`Dob`, `d`.`Email`, `d`.`Email2`, `d`.`Gender`, `d`.`Gst_Number`, `d`.`Is_Delete`, `d`.`Marital_Status`, `d`.`Name`, `d`.`Pan_Number`, `d`.`Password`, `d`.`Phone1`, `d`.`Phone2`, `d`.`Phone3`, `d`.`Phone4`, `d`.`Qualification`, `d`.`Role`, `d`.`Speciality`, `d`.`Thumb`, `d`.`Updated_At`, `d`.`User_Id`
FROM `Doctors` AS `d`
WHERE `d`.`Id` = @__Id_0
LIMIT 2

2024-07-27 17:44:15.907 +05:30  INF  Executed DbCommand (214ms) [Parameters=[@__Id_0='?' (DbType = Int64)], CommandType='"Text"', CommandTimeout='30']
SELECT `d`.`Id`, `d`.`Age`, `d`.`Blood_Group`, `d`.`Created_At`, `d`.`Dob`, `d`.`Email`, `d`.`Email2`, `d`.`Gender`, `d`.`Gst_Number`, `d`.`Is_Delete`, `d`.`Marital_Status`, `d`.`Name`, `d`.`Pan_Number`, `d`.`Password`, `d`.`Phone1`, `d`.`Phone2`, `d`.`Phone3`, `d`.`Phone4`, `d`.`Qualification`, `d`.`Role`, `d`.`Speciality`, `d`.`Thumb`, `d`.`Updated_At`, `d`.`User_Id`
FROM `Doctors` AS `d`
WHERE `d`.`Id` = @__Id_0
LIMIT 2

2024-07-27 17:44:15.907 +05:30  INF  Executing ObjectResult, writing value of type 'System.Collections.Generic.List`1[[DCRM.Common.Dto.ChairDto, DCRM.Common, Version=1.0.0.0, Culture=neutral, PublicKeyToken=null]]'.

2024-07-27 17:44:15.908 +05:30  INF  Executed action DCRM.Api.Controllers.ChairController.GetAll (DCRM.Api) in 12821.35ms

2024-07-27 17:44:15.908 +05:30  INF  Executed endpoint 'DCRM.Api.Controllers.ChairController.GetAll (DCRM.Api)'

2024-07-27 17:44:15.908 +05:30  INF  Request finished HTTP/2 GET https://localhost:7069/api/Chair/GetAll application/json - - 200 - application/json;+charset=utf-8 16317.9353ms

2024-07-27 18:04:21.064 +05:30  INF  Request starting HTTP/2 OPTIONS https://localhost:7069/api/Dashboard/Get - -

2024-07-27 18:04:21.064 +05:30  INF  CORS policy execution successful.

2024-07-27 18:04:21.064 +05:30  INF  Request finished HTTP/2 OPTIONS https://localhost:7069/api/Dashboard/Get - - - 204 - - 0.7324ms

2024-07-27 18:04:21.067 +05:30  INF  Request starting HTTP/2 GET https://localhost:7069/api/Dashboard/Get application/json -

2024-07-27 18:04:21.067 +05:30  INF  CORS policy execution successful.

2024-07-27 18:04:24.042 +05:30  INF  Request starting HTTP/2 OPTIONS https://localhost:7069/api/Appointment/Get/387 - -

2024-07-27 18:04:24.042 +05:30  INF  CORS policy execution successful.

2024-07-27 18:04:24.042 +05:30  INF  Request finished HTTP/2 OPTIONS https://localhost:7069/api/Appointment/Get/387 - - - 204 - - 0.4001ms

2024-07-27 18:04:24.050 +05:30  INF  Request starting HTTP/2 GET https://localhost:7069/api/Appointment/Get/387 application/json -

2024-07-27 18:04:24.050 +05:30  INF  CORS policy execution successful.

2024-07-27 18:04:24.192 +05:30  INF  Executed DbCommand (221ms) [Parameters=[@__id_0='?' (DbType = Int64)], CommandType='"Text"', CommandTimeout='30']
SELECT `u`.`Id`, `u`.`About_Me`, `u`.`Account_Type`, `u`.`Address`, `u`.`Available_Days`, `u`.`Bn_Name`, `u`.`City`, `u`.`Country`, `u`.`Created_At`, `u`.`Currency`, `u`.`Degree`, `u`.`Email`, `u`.`Email_Verified`, `u`.`Enable_Appointment`, `u`.`Enable_Rating`, `u`.`Exp_Years`, `u`.`Facebook`, `u`.`Google_Analytics`, `u`.`Image`, `u`.`Instagram`, `u`.`Linkedin`, `u`.`Name`, `u`.`Parent_Id`, `u`.`Password`, `u`.`Paypal_Email`, `u`.`Paypal_Mode`, `u`.`Paypal_Payment`, `u`.`Paystack_Payment`, `u`.`Paystack_Public_Key`, `u`.`Paystack_Secret_Key`, `u`.`Phone`, `u`.`Publish_Key`, `u`.`Qr_Code`, `u`.`Razorpay_Key_Id`, `u`.`Razorpay_Key_Secret`, `u`.`Razorpay_Payment`, `u`.`Role`, `u`.`Secret_Key`, `u`.`Skype`, `u`.`Slug`, `u`.`Specialist`, `u`.`Status`, `u`.`Stripe_Payment`, `u`.`Thumb`, `u`.`Trial_Expire`, `u`.`Twitter`, `u`.`User_Name`, `u`.`User_Type`, `u`.`Verify_Code`, `u`.`Whatsapp`
FROM `Users` AS `u`
WHERE `u`.`Id` = @__id_0
LIMIT 1

2024-07-27 18:04:24.192 +05:30  INF  Executing endpoint 'DCRM.Api.Controllers.DashboardController.Get (DCRM.Api)'

2024-07-27 18:04:24.192 +05:30  INF  Route matched with {action = "Get", controller = "Dashboard"}. Executing controller action with signature DCRM.Common.Dto.DashboardDto Get() on controller DCRM.Api.Controllers.DashboardController (DCRM.Api).

2024-07-27 18:04:24.852 +05:30  INF  Executed DbCommand (219ms) [Parameters=[@__p_0='?' (DbType = Int64)], CommandType='"Text"', CommandTimeout='30']
SELECT COUNT(*)
FROM `Patientses` AS `p`
WHERE (`p`.`User_Id` = @__p_0) AND (`p`.`Is_Delete` = 0)

2024-07-27 18:04:25.520 +05:30  INF  Executed DbCommand (231ms) [Parameters=[@__userId_0='?' (DbType = Int32)], CommandType='"Text"', CommandTimeout='30']
SELECT COUNT(*)
FROM `Staffs` AS `s`
WHERE (`s`.`User_Id` = @__userId_0) AND (`s`.`Is_Deleted` = 0)

2024-07-27 18:04:26.180 +05:30  INF  Executed DbCommand (221ms) [Parameters=[@__userId_0='?' (DbType = Int32)], CommandType='"Text"', CommandTimeout='30']
SELECT COUNT(*)
FROM `Appointments` AS `a`
WHERE (`a`.`User_Id` = @__userId_0) AND (`a`.`Is_Delete` = 0)

2024-07-27 18:04:26.836 +05:30  INF  Executed DbCommand (219ms) [Parameters=[@__userId_0='?' (DbType = Int32)], CommandType='"Text"', CommandTimeout='30']
SELECT COUNT(*)
FROM `Appointments` AS `a`
WHERE ((`a`.`User_Id` = @__userId_0) AND (`a`.`Is_Delete` = 0)) AND (`a`.`Date` = CURDATE())

2024-07-27 18:04:26.836 +05:30  INF  Executing ObjectResult, writing value of type 'DCRM.Common.Dto.DashboardDto'.

2024-07-27 18:04:26.837 +05:30  INF  Executed action DCRM.Api.Controllers.DashboardController.Get (DCRM.Api) in 2644.3679ms

2024-07-27 18:04:26.837 +05:30  INF  Executed endpoint 'DCRM.Api.Controllers.DashboardController.Get (DCRM.Api)'

2024-07-27 18:04:26.837 +05:30  INF  Request finished HTTP/2 GET https://localhost:7069/api/Dashboard/Get application/json - - 200 - application/json;+charset=utf-8 5769.5988ms

2024-07-27 18:04:27.089 +05:30  INF  Executed DbCommand (213ms) [Parameters=[@__id_0='?' (DbType = Int64)], CommandType='"Text"', CommandTimeout='30']
SELECT `u`.`Id`, `u`.`About_Me`, `u`.`Account_Type`, `u`.`Address`, `u`.`Available_Days`, `u`.`Bn_Name`, `u`.`City`, `u`.`Country`, `u`.`Created_At`, `u`.`Currency`, `u`.`Degree`, `u`.`Email`, `u`.`Email_Verified`, `u`.`Enable_Appointment`, `u`.`Enable_Rating`, `u`.`Exp_Years`, `u`.`Facebook`, `u`.`Google_Analytics`, `u`.`Image`, `u`.`Instagram`, `u`.`Linkedin`, `u`.`Name`, `u`.`Parent_Id`, `u`.`Password`, `u`.`Paypal_Email`, `u`.`Paypal_Mode`, `u`.`Paypal_Payment`, `u`.`Paystack_Payment`, `u`.`Paystack_Public_Key`, `u`.`Paystack_Secret_Key`, `u`.`Phone`, `u`.`Publish_Key`, `u`.`Qr_Code`, `u`.`Razorpay_Key_Id`, `u`.`Razorpay_Key_Secret`, `u`.`Razorpay_Payment`, `u`.`Role`, `u`.`Secret_Key`, `u`.`Skype`, `u`.`Slug`, `u`.`Specialist`, `u`.`Status`, `u`.`Stripe_Payment`, `u`.`Thumb`, `u`.`Trial_Expire`, `u`.`Twitter`, `u`.`User_Name`, `u`.`User_Type`, `u`.`Verify_Code`, `u`.`Whatsapp`
FROM `Users` AS `u`
WHERE `u`.`Id` = @__id_0
LIMIT 1

2024-07-27 18:04:27.089 +05:30  INF  Executing endpoint 'DCRM.Api.Controllers.AppointmentController.Get (DCRM.Api)'

2024-07-27 18:04:27.089 +05:30  INF  Route matched with {action = "Get", controller = "Appointment"}. Executing controller action with signature DCRM.Common.Entity.Appointment Get(Int32) on controller DCRM.Api.Controllers.AppointmentController (DCRM.Api).

2024-07-27 18:04:27.727 +05:30  INF  Executed DbCommand (213ms) [Parameters=[@__id_0='?' (DbType = Int64)], CommandType='"Text"', CommandTimeout='30']
SELECT `a`.`Id`, `a`.`Appointment_Status`, `a`.`Cause`, `a`.`Chair`, `a`.`Chamber_Id`, `a`.`Created_At`, `a`.`Date`, `a`.`Doctor_Id`, `a`.`Doctor_Name`, `a`.`End_Time`, `a`.`Extra_Notes`, `a`.`Files`, `a`.`Is_Delete`, `a`.`Is_Start`, `a`.`Meeting_Notes`, `a`.`Number_Of_Slot`, `a`.`Patient_Id`, `a`.`Prescription_Id`, `a`.`Serial_Id`, `a`.`Slot_Time`, `a`.`Start_Time`, `a`.`Status`, `a`.`Type`, `a`.`User_Id`, `a`.`Workdone_Id`
FROM `Appointments` AS `a`
WHERE (`a`.`Id` = @__id_0) AND (`a`.`Is_Delete` = 0)
LIMIT 1

2024-07-27 18:04:27.727 +05:30  INF  Executing ObjectResult, writing value of type 'DCRM.Common.Entity.Appointment'.

2024-07-27 18:04:27.727 +05:30  INF  Executed action DCRM.Api.Controllers.AppointmentController.Get (DCRM.Api) in 638.7089ms

2024-07-27 18:04:27.728 +05:30  INF  Executed endpoint 'DCRM.Api.Controllers.AppointmentController.Get (DCRM.Api)'

2024-07-27 18:04:27.728 +05:30  INF  Request finished HTTP/2 GET https://localhost:7069/api/Appointment/Get/387 application/json - - 200 - application/json;+charset=utf-8 3677.9340ms

2024-07-27 18:04:29.898 +05:30  INF  Request starting HTTP/2 OPTIONS https://localhost:7069/api/Patient/Get/387 - -

2024-07-27 18:04:29.899 +05:30  INF  CORS policy execution successful.

2024-07-27 18:04:29.899 +05:30  INF  Request finished HTTP/2 OPTIONS https://localhost:7069/api/Patient/Get/387 - - - 204 - - 0.6621ms

2024-07-27 18:04:29.900 +05:30  INF  Request starting HTTP/2 OPTIONS https://localhost:7069/api/Doctor/Get/Names - -

2024-07-27 18:04:29.900 +05:30  INF  CORS policy execution successful.

2024-07-27 18:04:29.900 +05:30  INF  Request finished HTTP/2 OPTIONS https://localhost:7069/api/Doctor/Get/Names - - - 204 - - 0.4538ms

2024-07-27 18:04:29.902 +05:30  INF  Request starting HTTP/2 GET https://localhost:7069/api/Patient/Get/387 application/json -

2024-07-27 18:04:29.903 +05:30  INF  Request starting HTTP/2 OPTIONS https://localhost:7069/api/Patient/Get/Names - -

2024-07-27 18:04:29.903 +05:30  INF  CORS policy execution successful.

2024-07-27 18:04:29.903 +05:30  INF  CORS policy execution successful.

2024-07-27 18:04:29.903 +05:30  INF  Request finished HTTP/2 OPTIONS https://localhost:7069/api/Patient/Get/Names - - - 204 - - 0.3174ms

2024-07-27 18:04:29.903 +05:30  INF  Request starting HTTP/2 GET https://localhost:7069/api/Doctor/Get/Names application/json -

2024-07-27 18:04:29.903 +05:30  INF  CORS policy execution successful.

2024-07-27 18:04:29.904 +05:30  INF  Request starting HTTP/2 OPTIONS https://localhost:7069/api/Patient/Get/508 - -

2024-07-27 18:04:29.904 +05:30  INF  CORS policy execution successful.

2024-07-27 18:04:29.904 +05:30  INF  Request finished HTTP/2 OPTIONS https://localhost:7069/api/Patient/Get/508 - - - 204 - - 0.2490ms

2024-07-27 18:04:29.906 +05:30  INF  Request starting HTTP/2 GET https://localhost:7069/api/Patient/Get/Names application/json -

2024-07-27 18:04:29.906 +05:30  INF  CORS policy execution successful.

2024-07-27 18:04:29.910 +05:30  INF  Request starting HTTP/2 OPTIONS https://localhost:7069/api/Chair/GetAll - -

2024-07-27 18:04:29.914 +05:30  INF  CORS policy execution successful.

2024-07-27 18:04:29.914 +05:30  INF  Request starting HTTP/2 GET https://localhost:7069/api/Patient/Get/508 application/json -

2024-07-27 18:04:29.914 +05:30  INF  Request finished HTTP/2 OPTIONS https://localhost:7069/api/Chair/GetAll - - - 204 - - 4.5499ms

2024-07-27 18:04:29.915 +05:30  INF  CORS policy execution successful.

2024-07-27 18:04:29.920 +05:30  INF  Request starting HTTP/2 GET https://localhost:7069/api/Chair/GetAll application/json -

2024-07-27 18:04:29.921 +05:30  INF  CORS policy execution successful.

2024-07-27 18:04:30.543 +05:30  INF  Executed DbCommand (214ms) [Parameters=[@__id_0='?' (DbType = Int64)], CommandType='"Text"', CommandTimeout='30']
SELECT `u`.`Id`, `u`.`About_Me`, `u`.`Account_Type`, `u`.`Address`, `u`.`Available_Days`, `u`.`Bn_Name`, `u`.`City`, `u`.`Country`, `u`.`Created_At`, `u`.`Currency`, `u`.`Degree`, `u`.`Email`, `u`.`Email_Verified`, `u`.`Enable_Appointment`, `u`.`Enable_Rating`, `u`.`Exp_Years`, `u`.`Facebook`, `u`.`Google_Analytics`, `u`.`Image`, `u`.`Instagram`, `u`.`Linkedin`, `u`.`Name`, `u`.`Parent_Id`, `u`.`Password`, `u`.`Paypal_Email`, `u`.`Paypal_Mode`, `u`.`Paypal_Payment`, `u`.`Paystack_Payment`, `u`.`Paystack_Public_Key`, `u`.`Paystack_Secret_Key`, `u`.`Phone`, `u`.`Publish_Key`, `u`.`Qr_Code`, `u`.`Razorpay_Key_Id`, `u`.`Razorpay_Key_Secret`, `u`.`Razorpay_Payment`, `u`.`Role`, `u`.`Secret_Key`, `u`.`Skype`, `u`.`Slug`, `u`.`Specialist`, `u`.`Status`, `u`.`Stripe_Payment`, `u`.`Thumb`, `u`.`Trial_Expire`, `u`.`Twitter`, `u`.`User_Name`, `u`.`User_Type`, `u`.`Verify_Code`, `u`.`Whatsapp`
FROM `Users` AS `u`
WHERE `u`.`Id` = @__id_0
LIMIT 1

2024-07-27 18:04:30.544 +05:30  INF  Executing endpoint 'DCRM.Api.Controllers.PatientController.Get (DCRM.Api)'

2024-07-27 18:04:30.544 +05:30  INF  Route matched with {action = "Get", controller = "Patient"}. Executing controller action with signature DCRM.Common.Dto.PatientseDto Get(Int64) on controller DCRM.Api.Controllers.PatientController (DCRM.Api).

2024-07-27 18:04:30.557 +05:30  INF  Executed DbCommand (217ms) [Parameters=[@__id_0='?' (DbType = Int64)], CommandType='"Text"', CommandTimeout='30']
SELECT `u`.`Id`, `u`.`About_Me`, `u`.`Account_Type`, `u`.`Address`, `u`.`Available_Days`, `u`.`Bn_Name`, `u`.`City`, `u`.`Country`, `u`.`Created_At`, `u`.`Currency`, `u`.`Degree`, `u`.`Email`, `u`.`Email_Verified`, `u`.`Enable_Appointment`, `u`.`Enable_Rating`, `u`.`Exp_Years`, `u`.`Facebook`, `u`.`Google_Analytics`, `u`.`Image`, `u`.`Instagram`, `u`.`Linkedin`, `u`.`Name`, `u`.`Parent_Id`, `u`.`Password`, `u`.`Paypal_Email`, `u`.`Paypal_Mode`, `u`.`Paypal_Payment`, `u`.`Paystack_Payment`, `u`.`Paystack_Public_Key`, `u`.`Paystack_Secret_Key`, `u`.`Phone`, `u`.`Publish_Key`, `u`.`Qr_Code`, `u`.`Razorpay_Key_Id`, `u`.`Razorpay_Key_Secret`, `u`.`Razorpay_Payment`, `u`.`Role`, `u`.`Secret_Key`, `u`.`Skype`, `u`.`Slug`, `u`.`Specialist`, `u`.`Status`, `u`.`Stripe_Payment`, `u`.`Thumb`, `u`.`Trial_Expire`, `u`.`Twitter`, `u`.`User_Name`, `u`.`User_Type`, `u`.`Verify_Code`, `u`.`Whatsapp`
FROM `Users` AS `u`
WHERE `u`.`Id` = @__id_0
LIMIT 1

2024-07-27 18:04:30.557 +05:30  INF  Executing endpoint 'DCRM.Api.Controllers.DoctorController.DoctorNameList (DCRM.Api)'

2024-07-27 18:04:30.557 +05:30  INF  Route matched with {action = "DoctorNameList", controller = "Doctor"}. Executing controller action with signature System.Collections.Generic.List`1[DCRM.Common.Dto.DropdownDataDto] DoctorNameList() on controller DCRM.Api.Controllers.DoctorController (DCRM.Api).

2024-07-27 18:04:31.178 +05:30  INF  Executed DbCommand (214ms) [Parameters=[@__id_0='?' (DbType = Int64)], CommandType='"Text"', CommandTimeout='30']
SELECT `p`.`Id`, `p`.`Age`, `p`.`Chamber_Id`, `p`.`Created_At`, `p`.`Email`, `p`.`Guardian`, `p`.`Is_Delete`, `p`.`Mobile`, `p`.`Mr_Number`, `p`.`Name`, `p`.`Password`, `p`.`Permanent_Address`, `p`.`Present_Address`, `p`.`Role`, `p`.`Sex`, `p`.`Slug`, `p`.`Thumb`, `p`.`Title`, `p`.`UserName`, `p`.`User_Id`, `p`.`Verify_Code`, `p`.`Weight`
FROM `Patientses` AS `p`
WHERE (`p`.`Is_Delete` = 0) AND (`p`.`Id` = @__id_0)
LIMIT 1

2024-07-27 18:04:31.428 +05:30  INF  Executed DbCommand (436ms) [Parameters=[@__userId_0='?' (DbType = Int64)], CommandType='"Text"', CommandTimeout='30']
SELECT `d`.`Id`, `d`.`Age`, `d`.`Blood_Group`, `d`.`Created_At`, `d`.`Dob`, `d`.`Email`, `d`.`Email2`, `d`.`Gender`, `d`.`Gst_Number`, `d`.`Is_Delete`, `d`.`Marital_Status`, `d`.`Name`, `d`.`Pan_Number`, `d`.`Password`, `d`.`Phone1`, `d`.`Phone2`, `d`.`Phone3`, `d`.`Phone4`, `d`.`Qualification`, `d`.`Role`, `d`.`Speciality`, `d`.`Thumb`, `d`.`Updated_At`, `d`.`User_Id`
FROM `Doctors` AS `d`
WHERE (`d`.`User_Id` = @__userId_0) AND (`d`.`Is_Delete` = 0)

2024-07-27 18:04:32.031 +05:30  INF  Executed DbCommand (426ms) [Parameters=[], CommandType='"Text"', CommandTimeout='30']
SELECT `p`.`Id`, `p`.`Amount_Type`, `p`.`Balance`, `p`.`Created_At`, `p`.`Credit_Amount`, `p`.`Debit_Amount`, `p`.`Description`, `p`.`Doctor_Id`, `p`.`Patient_Id`, `p`.`Payment_Mode`, `p`.`Updated_At`, `p`.`Workdone_Id`, `p`.`isPrinted`
FROM `Payment_History` AS `p`

2024-07-27 18:04:32.305 +05:30  INF  Executing ObjectResult, writing value of type 'System.Collections.Generic.List`1[[DCRM.Common.Dto.DropdownDataDto, DCRM.Common, Version=1.0.0.0, Culture=neutral, PublicKeyToken=null]]'.

2024-07-27 18:04:32.305 +05:30  INF  Executed action DCRM.Api.Controllers.DoctorController.DoctorNameList (DCRM.Api) in 1747.57ms

2024-07-27 18:04:32.305 +05:30  INF  Executed endpoint 'DCRM.Api.Controllers.DoctorController.DoctorNameList (DCRM.Api)'

2024-07-27 18:04:32.305 +05:30  INF  Request finished HTTP/2 GET https://localhost:7069/api/Doctor/Get/Names application/json - - 200 - application/json;+charset=utf-8 2402.0148ms

2024-07-27 18:04:32.872 +05:30  INF  Executed DbCommand (212ms) [Parameters=[@__id_0='?' (DbType = Int64)], CommandType='"Text"', CommandTimeout='30']
SELECT `u`.`Id`, `u`.`About_Me`, `u`.`Account_Type`, `u`.`Address`, `u`.`Available_Days`, `u`.`Bn_Name`, `u`.`City`, `u`.`Country`, `u`.`Created_At`, `u`.`Currency`, `u`.`Degree`, `u`.`Email`, `u`.`Email_Verified`, `u`.`Enable_Appointment`, `u`.`Enable_Rating`, `u`.`Exp_Years`, `u`.`Facebook`, `u`.`Google_Analytics`, `u`.`Image`, `u`.`Instagram`, `u`.`Linkedin`, `u`.`Name`, `u`.`Parent_Id`, `u`.`Password`, `u`.`Paypal_Email`, `u`.`Paypal_Mode`, `u`.`Paypal_Payment`, `u`.`Paystack_Payment`, `u`.`Paystack_Public_Key`, `u`.`Paystack_Secret_Key`, `u`.`Phone`, `u`.`Publish_Key`, `u`.`Qr_Code`, `u`.`Razorpay_Key_Id`, `u`.`Razorpay_Key_Secret`, `u`.`Razorpay_Payment`, `u`.`Role`, `u`.`Secret_Key`, `u`.`Skype`, `u`.`Slug`, `u`.`Specialist`, `u`.`Status`, `u`.`Stripe_Payment`, `u`.`Thumb`, `u`.`Trial_Expire`, `u`.`Twitter`, `u`.`User_Name`, `u`.`User_Type`, `u`.`Verify_Code`, `u`.`Whatsapp`
FROM `Users` AS `u`
WHERE `u`.`Id` = @__id_0
LIMIT 1

2024-07-27 18:04:32.872 +05:30  INF  Executing endpoint 'DCRM.Api.Controllers.PatientController.Get (DCRM.Api)'

2024-07-27 18:04:32.872 +05:30  INF  Route matched with {action = "Get", controller = "Patient"}. Executing controller action with signature DCRM.Common.Dto.PatientseDto Get(Int64) on controller DCRM.Api.Controllers.PatientController (DCRM.Api).

2024-07-27 18:04:32.885 +05:30  INF  Executed DbCommand (215ms) [Parameters=[@__p_0='?' (DbType = Int64)], CommandType='"Text"', CommandTimeout='30']
SELECT `p`.`Id`, `p`.`Amount`, `p`.`Balance_Amount`, `p`.`Balance_Spent`, `p`.`Created_At`, `p`.`Name`, `p`.`Patients_Id`, `p`.`Type`, `p`.`Updated_At`
FROM `Patients_Insurance_Loan` AS `p`
WHERE `p`.`Patients_Id` = @__p_0

2024-07-27 18:04:32.931 +05:30  INF  Executed DbCommand (218ms) [Parameters=[@__id_0='?' (DbType = Int64)], CommandType='"Text"', CommandTimeout='30']
SELECT `u`.`Id`, `u`.`About_Me`, `u`.`Account_Type`, `u`.`Address`, `u`.`Available_Days`, `u`.`Bn_Name`, `u`.`City`, `u`.`Country`, `u`.`Created_At`, `u`.`Currency`, `u`.`Degree`, `u`.`Email`, `u`.`Email_Verified`, `u`.`Enable_Appointment`, `u`.`Enable_Rating`, `u`.`Exp_Years`, `u`.`Facebook`, `u`.`Google_Analytics`, `u`.`Image`, `u`.`Instagram`, `u`.`Linkedin`, `u`.`Name`, `u`.`Parent_Id`, `u`.`Password`, `u`.`Paypal_Email`, `u`.`Paypal_Mode`, `u`.`Paypal_Payment`, `u`.`Paystack_Payment`, `u`.`Paystack_Public_Key`, `u`.`Paystack_Secret_Key`, `u`.`Phone`, `u`.`Publish_Key`, `u`.`Qr_Code`, `u`.`Razorpay_Key_Id`, `u`.`Razorpay_Key_Secret`, `u`.`Razorpay_Payment`, `u`.`Role`, `u`.`Secret_Key`, `u`.`Skype`, `u`.`Slug`, `u`.`Specialist`, `u`.`Status`, `u`.`Stripe_Payment`, `u`.`Thumb`, `u`.`Trial_Expire`, `u`.`Twitter`, `u`.`User_Name`, `u`.`User_Type`, `u`.`Verify_Code`, `u`.`Whatsapp`
FROM `Users` AS `u`
WHERE `u`.`Id` = @__id_0
LIMIT 1

2024-07-27 18:04:32.931 +05:30  INF  Executing endpoint 'DCRM.Api.Controllers.PatientController.PatientDetailList (DCRM.Api)'

2024-07-27 18:04:32.931 +05:30  INF  Route matched with {action = "PatientDetailList", controller = "Patient"}. Executing controller action with signature System.Collections.Generic.List`1[DCRM.Common.Dto.DropdownDataDto] PatientDetailList() on controller DCRM.Api.Controllers.PatientController (DCRM.Api).

2024-07-27 18:04:33.052 +05:30  INF  Executed DbCommand (222ms) [Parameters=[@__id_0='?' (DbType = Int64)], CommandType='"Text"', CommandTimeout='30']
SELECT `u`.`Id`, `u`.`About_Me`, `u`.`Account_Type`, `u`.`Address`, `u`.`Available_Days`, `u`.`Bn_Name`, `u`.`City`, `u`.`Country`, `u`.`Created_At`, `u`.`Currency`, `u`.`Degree`, `u`.`Email`, `u`.`Email_Verified`, `u`.`Enable_Appointment`, `u`.`Enable_Rating`, `u`.`Exp_Years`, `u`.`Facebook`, `u`.`Google_Analytics`, `u`.`Image`, `u`.`Instagram`, `u`.`Linkedin`, `u`.`Name`, `u`.`Parent_Id`, `u`.`Password`, `u`.`Paypal_Email`, `u`.`Paypal_Mode`, `u`.`Paypal_Payment`, `u`.`Paystack_Payment`, `u`.`Paystack_Public_Key`, `u`.`Paystack_Secret_Key`, `u`.`Phone`, `u`.`Publish_Key`, `u`.`Qr_Code`, `u`.`Razorpay_Key_Id`, `u`.`Razorpay_Key_Secret`, `u`.`Razorpay_Payment`, `u`.`Role`, `u`.`Secret_Key`, `u`.`Skype`, `u`.`Slug`, `u`.`Specialist`, `u`.`Status`, `u`.`Stripe_Payment`, `u`.`Thumb`, `u`.`Trial_Expire`, `u`.`Twitter`, `u`.`User_Name`, `u`.`User_Type`, `u`.`Verify_Code`, `u`.`Whatsapp`
FROM `Users` AS `u`
WHERE `u`.`Id` = @__id_0
LIMIT 1

2024-07-27 18:04:33.052 +05:30  INF  Executing endpoint 'DCRM.Api.Controllers.ChairController.GetAll (DCRM.Api)'

2024-07-27 18:04:33.052 +05:30  INF  Route matched with {action = "GetAll", controller = "Chair"}. Executing controller action with signature System.Collections.Generic.List`1[DCRM.Common.Dto.ChairDto] GetAll() on controller DCRM.Api.Controllers.ChairController (DCRM.Api).

2024-07-27 18:04:33.491 +05:30  INF  Executed DbCommand (207ms) [Parameters=[@__id_0='?' (DbType = Int64)], CommandType='"Text"', CommandTimeout='30']
SELECT `p`.`Id`, `p`.`Age`, `p`.`Chamber_Id`, `p`.`Created_At`, `p`.`Email`, `p`.`Guardian`, `p`.`Is_Delete`, `p`.`Mobile`, `p`.`Mr_Number`, `p`.`Name`, `p`.`Password`, `p`.`Permanent_Address`, `p`.`Present_Address`, `p`.`Role`, `p`.`Sex`, `p`.`Slug`, `p`.`Thumb`, `p`.`Title`, `p`.`UserName`, `p`.`User_Id`, `p`.`Verify_Code`, `p`.`Weight`
FROM `Patientses` AS `p`
WHERE (`p`.`Is_Delete` = 0) AND (`p`.`Id` = @__id_0)
LIMIT 1

2024-07-27 18:04:33.524 +05:30  INF  Executed DbCommand (212ms) [Parameters=[@__p_0='?' (DbType = Int64)], CommandType='"Text"', CommandTimeout='30']
SELECT `p`.`Id`, `p`.`Created_At`, `p`.`Patient_Id`, `p`.`Report`, `p`.`Report_Date`, `p`.`Report_File`, `p`.`Status`, `p`.`Test_Name`, `p`.`Test_Price`, `p`.`Updated_At`
FROM `Patient_Tests` AS `p`
WHERE `p`.`Patient_Id` = @__p_0

2024-07-27 18:04:33.571 +05:30  INF  Executed DbCommand (215ms) [Parameters=[@__userId_0='?' (DbType = Int64)], CommandType='"Text"', CommandTimeout='30']
SELECT `p`.`Id`, `p`.`Age`, `p`.`Chamber_Id`, `p`.`Created_At`, `p`.`Email`, `p`.`Guardian`, `p`.`Is_Delete`, `p`.`Mobile`, `p`.`Mr_Number`, `p`.`Name`, `p`.`Password`, `p`.`Permanent_Address`, `p`.`Present_Address`, `p`.`Role`, `p`.`Sex`, `p`.`Slug`, `p`.`Thumb`, `p`.`Title`, `p`.`UserName`, `p`.`User_Id`, `p`.`Verify_Code`, `p`.`Weight`
FROM `Patientses` AS `p`
WHERE (`p`.`User_Id` = @__userId_0) AND (`p`.`Is_Delete` = 0)

2024-07-27 18:04:33.708 +05:30  INF  Executed DbCommand (220ms) [Parameters=[], CommandType='"Text"', CommandTimeout='30']
SELECT `c`.`Id`, `c`.`Address`, `c`.`Appoinment_Limit`, `c`.`Created_At`, `c`.`Doctor_Id`, `c`.`Is_Primary`, `c`.`Name`, `c`.`Status`, `c`.`Uid`, `c`.`User_Id`
FROM `Chairs` AS `c`

2024-07-27 18:04:34.112 +05:30  INF  Executed DbCommand (209ms) [Parameters=[], CommandType='"Text"', CommandTimeout='30']
SELECT `p`.`Id`, `p`.`Amount_Type`, `p`.`Balance`, `p`.`Created_At`, `p`.`Credit_Amount`, `p`.`Debit_Amount`, `p`.`Description`, `p`.`Doctor_Id`, `p`.`Patient_Id`, `p`.`Payment_Mode`, `p`.`Updated_At`, `p`.`Workdone_Id`, `p`.`isPrinted`
FROM `Payment_History` AS `p`

2024-07-27 18:04:34.162 +05:30  INF  Executed DbCommand (216ms) [Parameters=[@__p_0='?' (DbType = Int64)], CommandType='"Text"', CommandTimeout='30']
SELECT `p`.`Id`, `p`.`Address_O`, `p`.`Address_Other`, `p`.`Address_R`, `p`.`City_O`, `p`.`City_Other`, `p`.`City_R`, `p`.`Country_O`, `p`.`Country_Other`, `p`.`Country_R`, `p`.`Created_At`, `p`.`Doctor_Name`, `p`.`Email`, `p`.`Email2`, `p`.`Medical_History_Allergies`, `p`.`Patient_Id`, `p`.`Phone`, `p`.`Phone1`, `p`.`Phone2`, `p`.`Phone3`, `p`.`Phone4`, `p`.`Physician`, `p`.`Reffered_By`, `p`.`Relationship_Type`, `p`.`Special_Notes`, `p`.`Updated_At`, `p`.`Zip_O`, `p`.`Zip_Other`, `p`.`Zip_R`
FROM `Patients_Contact` AS `p`
WHERE `p`.`Patient_Id` = @__p_0

2024-07-27 18:04:34.368 +05:30  INF  Executed DbCommand (220ms) [Parameters=[@__Id_0='?' (DbType = Int64)], CommandType='"Text"', CommandTimeout='30']
SELECT `d`.`Id`, `d`.`Age`, `d`.`Blood_Group`, `d`.`Created_At`, `d`.`Dob`, `d`.`Email`, `d`.`Email2`, `d`.`Gender`, `d`.`Gst_Number`, `d`.`Is_Delete`, `d`.`Marital_Status`, `d`.`Name`, `d`.`Pan_Number`, `d`.`Password`, `d`.`Phone1`, `d`.`Phone2`, `d`.`Phone3`, `d`.`Phone4`, `d`.`Qualification`, `d`.`Role`, `d`.`Speciality`, `d`.`Thumb`, `d`.`Updated_At`, `d`.`User_Id`
FROM `Doctors` AS `d`
WHERE `d`.`Id` = @__Id_0
LIMIT 2

2024-07-27 18:04:34.797 +05:30  INF  Executed DbCommand (214ms) [Parameters=[@__p_0='?' (DbType = Int64)], CommandType='"Text"', CommandTimeout='30']
SELECT `p`.`Id`, `p`.`Created_At`, `p`.`Patient_Id`, `p`.`Report`, `p`.`Report_File`, `p`.`Scan_Name`, `p`.`Status`, `p`.`Type`, `p`.`Updated_At`
FROM `Patient_Scans` AS `p`
WHERE `p`.`Patient_Id` = @__p_0

2024-07-27 18:04:34.797 +05:30  INF  Executing ObjectResult, writing value of type 'DCRM.Common.Dto.PatientseDto'.

2024-07-27 18:04:34.797 +05:30  INF  Executed action DCRM.Api.Controllers.PatientController.Get (DCRM.Api) in 4253.6697ms

2024-07-27 18:04:34.797 +05:30  INF  Executed endpoint 'DCRM.Api.Controllers.PatientController.Get (DCRM.Api)'

2024-07-27 18:04:34.797 +05:30  INF  Request finished HTTP/2 GET https://localhost:7069/api/Patient/Get/387 application/json - - 200 - application/json;+charset=utf-8 4895.3585ms

2024-07-27 18:04:34.947 +05:30  INF  Executed DbCommand (208ms) [Parameters=[@__p_0='?' (DbType = Int64)], CommandType='"Text"', CommandTimeout='30']
SELECT `p`.`Id`, `p`.`Amount`, `p`.`Balance_Amount`, `p`.`Balance_Spent`, `p`.`Created_At`, `p`.`Name`, `p`.`Patients_Id`, `p`.`Type`, `p`.`Updated_At`
FROM `Patients_Insurance_Loan` AS `p`
WHERE `p`.`Patients_Id` = @__p_0

2024-07-27 18:04:35.028 +05:30  INF  Executed DbCommand (221ms) [Parameters=[@__Id_0='?' (DbType = Int64)], CommandType='"Text"', CommandTimeout='30']
SELECT `d`.`Id`, `d`.`Age`, `d`.`Blood_Group`, `d`.`Created_At`, `d`.`Dob`, `d`.`Email`, `d`.`Email2`, `d`.`Gender`, `d`.`Gst_Number`, `d`.`Is_Delete`, `d`.`Marital_Status`, `d`.`Name`, `d`.`Pan_Number`, `d`.`Password`, `d`.`Phone1`, `d`.`Phone2`, `d`.`Phone3`, `d`.`Phone4`, `d`.`Qualification`, `d`.`Role`, `d`.`Speciality`, `d`.`Thumb`, `d`.`Updated_At`, `d`.`User_Id`
FROM `Doctors` AS `d`
WHERE `d`.`Id` = @__Id_0
LIMIT 2

2024-07-27 18:04:35.482 +05:30  INF  Executing ObjectResult, writing value of type 'System.Collections.Generic.List`1[[DCRM.Common.Dto.DropdownDataDto, DCRM.Common, Version=1.0.0.0, Culture=neutral, PublicKeyToken=null]]'.

2024-07-27 18:04:35.482 +05:30  INF  Executed action DCRM.Api.Controllers.PatientController.PatientDetailList (DCRM.Api) in 2550.9529ms

2024-07-27 18:04:35.482 +05:30  INF  Executed endpoint 'DCRM.Api.Controllers.PatientController.PatientDetailList (DCRM.Api)'

2024-07-27 18:04:35.483 +05:30  INF  Request finished HTTP/2 GET https://localhost:7069/api/Patient/Get/Names application/json - - 200 - application/json;+charset=utf-8 5576.5465ms

2024-07-27 18:04:35.578 +05:30  INF  Executed DbCommand (214ms) [Parameters=[@__p_0='?' (DbType = Int64)], CommandType='"Text"', CommandTimeout='30']
SELECT `p`.`Id`, `p`.`Created_At`, `p`.`Patient_Id`, `p`.`Report`, `p`.`Report_Date`, `p`.`Report_File`, `p`.`Status`, `p`.`Test_Name`, `p`.`Test_Price`, `p`.`Updated_At`
FROM `Patient_Tests` AS `p`
WHERE `p`.`Patient_Id` = @__p_0

2024-07-27 18:04:35.685 +05:30  INF  Executed DbCommand (220ms) [Parameters=[@__Id_0='?' (DbType = Int64)], CommandType='"Text"', CommandTimeout='30']
SELECT `d`.`Id`, `d`.`Age`, `d`.`Blood_Group`, `d`.`Created_At`, `d`.`Dob`, `d`.`Email`, `d`.`Email2`, `d`.`Gender`, `d`.`Gst_Number`, `d`.`Is_Delete`, `d`.`Marital_Status`, `d`.`Name`, `d`.`Pan_Number`, `d`.`Password`, `d`.`Phone1`, `d`.`Phone2`, `d`.`Phone3`, `d`.`Phone4`, `d`.`Qualification`, `d`.`Role`, `d`.`Speciality`, `d`.`Thumb`, `d`.`Updated_At`, `d`.`User_Id`
FROM `Doctors` AS `d`
WHERE `d`.`Id` = @__Id_0
LIMIT 2

2024-07-27 18:04:36.205 +05:30  INF  Executed DbCommand (210ms) [Parameters=[@__p_0='?' (DbType = Int64)], CommandType='"Text"', CommandTimeout='30']
SELECT `p`.`Id`, `p`.`Address_O`, `p`.`Address_Other`, `p`.`Address_R`, `p`.`City_O`, `p`.`City_Other`, `p`.`City_R`, `p`.`Country_O`, `p`.`Country_Other`, `p`.`Country_R`, `p`.`Created_At`, `p`.`Doctor_Name`, `p`.`Email`, `p`.`Email2`, `p`.`Medical_History_Allergies`, `p`.`Patient_Id`, `p`.`Phone`, `p`.`Phone1`, `p`.`Phone2`, `p`.`Phone3`, `p`.`Phone4`, `p`.`Physician`, `p`.`Reffered_By`, `p`.`Relationship_Type`, `p`.`Special_Notes`, `p`.`Updated_At`, `p`.`Zip_O`, `p`.`Zip_Other`, `p`.`Zip_R`
FROM `Patients_Contact` AS `p`
WHERE `p`.`Patient_Id` = @__p_0

2024-07-27 18:04:36.344 +05:30  INF  Executed DbCommand (221ms) [Parameters=[@__Id_0='?' (DbType = Int64)], CommandType='"Text"', CommandTimeout='30']
SELECT `d`.`Id`, `d`.`Age`, `d`.`Blood_Group`, `d`.`Created_At`, `d`.`Dob`, `d`.`Email`, `d`.`Email2`, `d`.`Gender`, `d`.`Gst_Number`, `d`.`Is_Delete`, `d`.`Marital_Status`, `d`.`Name`, `d`.`Pan_Number`, `d`.`Password`, `d`.`Phone1`, `d`.`Phone2`, `d`.`Phone3`, `d`.`Phone4`, `d`.`Qualification`, `d`.`Role`, `d`.`Speciality`, `d`.`Thumb`, `d`.`Updated_At`, `d`.`User_Id`
FROM `Doctors` AS `d`
WHERE `d`.`Id` = @__Id_0
LIMIT 2

2024-07-27 18:04:36.829 +05:30  INF  Executed DbCommand (210ms) [Parameters=[@__p_0='?' (DbType = Int64)], CommandType='"Text"', CommandTimeout='30']
SELECT `p`.`Id`, `p`.`Created_At`, `p`.`Patient_Id`, `p`.`Report`, `p`.`Report_File`, `p`.`Scan_Name`, `p`.`Status`, `p`.`Type`, `p`.`Updated_At`
FROM `Patient_Scans` AS `p`
WHERE `p`.`Patient_Id` = @__p_0

2024-07-27 18:04:36.830 +05:30  INF  Executing ObjectResult, writing value of type 'DCRM.Common.Dto.PatientseDto'.

2024-07-27 18:04:36.830 +05:30  INF  Executed action DCRM.Api.Controllers.PatientController.Get (DCRM.Api) in 3957.5777ms

2024-07-27 18:04:36.830 +05:30  INF  Executed endpoint 'DCRM.Api.Controllers.PatientController.Get (DCRM.Api)'

2024-07-27 18:04:36.830 +05:30  INF  Request finished HTTP/2 GET https://localhost:7069/api/Patient/Get/508 application/json - - 200 - application/json;+charset=utf-8 6915.8164ms

2024-07-27 18:04:37.005 +05:30  INF  Executed DbCommand (222ms) [Parameters=[@__Id_0='?' (DbType = Int64)], CommandType='"Text"', CommandTimeout='30']
SELECT `d`.`Id`, `d`.`Age`, `d`.`Blood_Group`, `d`.`Created_At`, `d`.`Dob`, `d`.`Email`, `d`.`Email2`, `d`.`Gender`, `d`.`Gst_Number`, `d`.`Is_Delete`, `d`.`Marital_Status`, `d`.`Name`, `d`.`Pan_Number`, `d`.`Password`, `d`.`Phone1`, `d`.`Phone2`, `d`.`Phone3`, `d`.`Phone4`, `d`.`Qualification`, `d`.`Role`, `d`.`Speciality`, `d`.`Thumb`, `d`.`Updated_At`, `d`.`User_Id`
FROM `Doctors` AS `d`
WHERE `d`.`Id` = @__Id_0
LIMIT 2

2024-07-27 18:04:37.691 +05:30  INF  Executed DbCommand (245ms) [Parameters=[@__Id_0='?' (DbType = Int64)], CommandType='"Text"', CommandTimeout='30']
SELECT `d`.`Id`, `d`.`Age`, `d`.`Blood_Group`, `d`.`Created_At`, `d`.`Dob`, `d`.`Email`, `d`.`Email2`, `d`.`Gender`, `d`.`Gst_Number`, `d`.`Is_Delete`, `d`.`Marital_Status`, `d`.`Name`, `d`.`Pan_Number`, `d`.`Password`, `d`.`Phone1`, `d`.`Phone2`, `d`.`Phone3`, `d`.`Phone4`, `d`.`Qualification`, `d`.`Role`, `d`.`Speciality`, `d`.`Thumb`, `d`.`Updated_At`, `d`.`User_Id`
FROM `Doctors` AS `d`
WHERE `d`.`Id` = @__Id_0
LIMIT 2

2024-07-27 18:04:38.357 +05:30  INF  Executed DbCommand (222ms) [Parameters=[@__Id_0='?' (DbType = Int64)], CommandType='"Text"', CommandTimeout='30']
SELECT `d`.`Id`, `d`.`Age`, `d`.`Blood_Group`, `d`.`Created_At`, `d`.`Dob`, `d`.`Email`, `d`.`Email2`, `d`.`Gender`, `d`.`Gst_Number`, `d`.`Is_Delete`, `d`.`Marital_Status`, `d`.`Name`, `d`.`Pan_Number`, `d`.`Password`, `d`.`Phone1`, `d`.`Phone2`, `d`.`Phone3`, `d`.`Phone4`, `d`.`Qualification`, `d`.`Role`, `d`.`Speciality`, `d`.`Thumb`, `d`.`Updated_At`, `d`.`User_Id`
FROM `Doctors` AS `d`
WHERE `d`.`Id` = @__Id_0
LIMIT 2

2024-07-27 18:04:39.025 +05:30  INF  Executed DbCommand (225ms) [Parameters=[@__Id_0='?' (DbType = Int64)], CommandType='"Text"', CommandTimeout='30']
SELECT `d`.`Id`, `d`.`Age`, `d`.`Blood_Group`, `d`.`Created_At`, `d`.`Dob`, `d`.`Email`, `d`.`Email2`, `d`.`Gender`, `d`.`Gst_Number`, `d`.`Is_Delete`, `d`.`Marital_Status`, `d`.`Name`, `d`.`Pan_Number`, `d`.`Password`, `d`.`Phone1`, `d`.`Phone2`, `d`.`Phone3`, `d`.`Phone4`, `d`.`Qualification`, `d`.`Role`, `d`.`Speciality`, `d`.`Thumb`, `d`.`Updated_At`, `d`.`User_Id`
FROM `Doctors` AS `d`
WHERE `d`.`Id` = @__Id_0
LIMIT 2

2024-07-27 18:04:39.689 +05:30  INF  Executed DbCommand (223ms) [Parameters=[@__Id_0='?' (DbType = Int64)], CommandType='"Text"', CommandTimeout='30']
SELECT `d`.`Id`, `d`.`Age`, `d`.`Blood_Group`, `d`.`Created_At`, `d`.`Dob`, `d`.`Email`, `d`.`Email2`, `d`.`Gender`, `d`.`Gst_Number`, `d`.`Is_Delete`, `d`.`Marital_Status`, `d`.`Name`, `d`.`Pan_Number`, `d`.`Password`, `d`.`Phone1`, `d`.`Phone2`, `d`.`Phone3`, `d`.`Phone4`, `d`.`Qualification`, `d`.`Role`, `d`.`Speciality`, `d`.`Thumb`, `d`.`Updated_At`, `d`.`User_Id`
FROM `Doctors` AS `d`
WHERE `d`.`Id` = @__Id_0
LIMIT 2

2024-07-27 18:04:40.348 +05:30  INF  Executed DbCommand (220ms) [Parameters=[@__Id_0='?' (DbType = Int64)], CommandType='"Text"', CommandTimeout='30']
SELECT `d`.`Id`, `d`.`Age`, `d`.`Blood_Group`, `d`.`Created_At`, `d`.`Dob`, `d`.`Email`, `d`.`Email2`, `d`.`Gender`, `d`.`Gst_Number`, `d`.`Is_Delete`, `d`.`Marital_Status`, `d`.`Name`, `d`.`Pan_Number`, `d`.`Password`, `d`.`Phone1`, `d`.`Phone2`, `d`.`Phone3`, `d`.`Phone4`, `d`.`Qualification`, `d`.`Role`, `d`.`Speciality`, `d`.`Thumb`, `d`.`Updated_At`, `d`.`User_Id`
FROM `Doctors` AS `d`
WHERE `d`.`Id` = @__Id_0
LIMIT 2

2024-07-27 18:04:41.011 +05:30  INF  Executed DbCommand (221ms) [Parameters=[@__Id_0='?' (DbType = Int64)], CommandType='"Text"', CommandTimeout='30']
SELECT `d`.`Id`, `d`.`Age`, `d`.`Blood_Group`, `d`.`Created_At`, `d`.`Dob`, `d`.`Email`, `d`.`Email2`, `d`.`Gender`, `d`.`Gst_Number`, `d`.`Is_Delete`, `d`.`Marital_Status`, `d`.`Name`, `d`.`Pan_Number`, `d`.`Password`, `d`.`Phone1`, `d`.`Phone2`, `d`.`Phone3`, `d`.`Phone4`, `d`.`Qualification`, `d`.`Role`, `d`.`Speciality`, `d`.`Thumb`, `d`.`Updated_At`, `d`.`User_Id`
FROM `Doctors` AS `d`
WHERE `d`.`Id` = @__Id_0
LIMIT 2

2024-07-27 18:04:41.681 +05:30  INF  Executed DbCommand (225ms) [Parameters=[@__Id_0='?' (DbType = Int64)], CommandType='"Text"', CommandTimeout='30']
SELECT `d`.`Id`, `d`.`Age`, `d`.`Blood_Group`, `d`.`Created_At`, `d`.`Dob`, `d`.`Email`, `d`.`Email2`, `d`.`Gender`, `d`.`Gst_Number`, `d`.`Is_Delete`, `d`.`Marital_Status`, `d`.`Name`, `d`.`Pan_Number`, `d`.`Password`, `d`.`Phone1`, `d`.`Phone2`, `d`.`Phone3`, `d`.`Phone4`, `d`.`Qualification`, `d`.`Role`, `d`.`Speciality`, `d`.`Thumb`, `d`.`Updated_At`, `d`.`User_Id`
FROM `Doctors` AS `d`
WHERE `d`.`Id` = @__Id_0
LIMIT 2

2024-07-27 18:04:42.343 +05:30  INF  Executed DbCommand (222ms) [Parameters=[@__Id_0='?' (DbType = Int64)], CommandType='"Text"', CommandTimeout='30']
SELECT `d`.`Id`, `d`.`Age`, `d`.`Blood_Group`, `d`.`Created_At`, `d`.`Dob`, `d`.`Email`, `d`.`Email2`, `d`.`Gender`, `d`.`Gst_Number`, `d`.`Is_Delete`, `d`.`Marital_Status`, `d`.`Name`, `d`.`Pan_Number`, `d`.`Password`, `d`.`Phone1`, `d`.`Phone2`, `d`.`Phone3`, `d`.`Phone4`, `d`.`Qualification`, `d`.`Role`, `d`.`Speciality`, `d`.`Thumb`, `d`.`Updated_At`, `d`.`User_Id`
FROM `Doctors` AS `d`
WHERE `d`.`Id` = @__Id_0
LIMIT 2

2024-07-27 18:04:43.004 +05:30  INF  Executed DbCommand (222ms) [Parameters=[@__Id_0='?' (DbType = Int64)], CommandType='"Text"', CommandTimeout='30']
SELECT `d`.`Id`, `d`.`Age`, `d`.`Blood_Group`, `d`.`Created_At`, `d`.`Dob`, `d`.`Email`, `d`.`Email2`, `d`.`Gender`, `d`.`Gst_Number`, `d`.`Is_Delete`, `d`.`Marital_Status`, `d`.`Name`, `d`.`Pan_Number`, `d`.`Password`, `d`.`Phone1`, `d`.`Phone2`, `d`.`Phone3`, `d`.`Phone4`, `d`.`Qualification`, `d`.`Role`, `d`.`Speciality`, `d`.`Thumb`, `d`.`Updated_At`, `d`.`User_Id`
FROM `Doctors` AS `d`
WHERE `d`.`Id` = @__Id_0
LIMIT 2

2024-07-27 18:04:43.667 +05:30  INF  Executed DbCommand (220ms) [Parameters=[@__Id_0='?' (DbType = Int64)], CommandType='"Text"', CommandTimeout='30']
SELECT `d`.`Id`, `d`.`Age`, `d`.`Blood_Group`, `d`.`Created_At`, `d`.`Dob`, `d`.`Email`, `d`.`Email2`, `d`.`Gender`, `d`.`Gst_Number`, `d`.`Is_Delete`, `d`.`Marital_Status`, `d`.`Name`, `d`.`Pan_Number`, `d`.`Password`, `d`.`Phone1`, `d`.`Phone2`, `d`.`Phone3`, `d`.`Phone4`, `d`.`Qualification`, `d`.`Role`, `d`.`Speciality`, `d`.`Thumb`, `d`.`Updated_At`, `d`.`User_Id`
FROM `Doctors` AS `d`
WHERE `d`.`Id` = @__Id_0
LIMIT 2

2024-07-27 18:04:44.328 +05:30  INF  Executed DbCommand (220ms) [Parameters=[@__Id_0='?' (DbType = Int64)], CommandType='"Text"', CommandTimeout='30']
SELECT `d`.`Id`, `d`.`Age`, `d`.`Blood_Group`, `d`.`Created_At`, `d`.`Dob`, `d`.`Email`, `d`.`Email2`, `d`.`Gender`, `d`.`Gst_Number`, `d`.`Is_Delete`, `d`.`Marital_Status`, `d`.`Name`, `d`.`Pan_Number`, `d`.`Password`, `d`.`Phone1`, `d`.`Phone2`, `d`.`Phone3`, `d`.`Phone4`, `d`.`Qualification`, `d`.`Role`, `d`.`Speciality`, `d`.`Thumb`, `d`.`Updated_At`, `d`.`User_Id`
FROM `Doctors` AS `d`
WHERE `d`.`Id` = @__Id_0
LIMIT 2

2024-07-27 18:04:44.988 +05:30  INF  Executed DbCommand (221ms) [Parameters=[@__Id_0='?' (DbType = Int64)], CommandType='"Text"', CommandTimeout='30']
SELECT `d`.`Id`, `d`.`Age`, `d`.`Blood_Group`, `d`.`Created_At`, `d`.`Dob`, `d`.`Email`, `d`.`Email2`, `d`.`Gender`, `d`.`Gst_Number`, `d`.`Is_Delete`, `d`.`Marital_Status`, `d`.`Name`, `d`.`Pan_Number`, `d`.`Password`, `d`.`Phone1`, `d`.`Phone2`, `d`.`Phone3`, `d`.`Phone4`, `d`.`Qualification`, `d`.`Role`, `d`.`Speciality`, `d`.`Thumb`, `d`.`Updated_At`, `d`.`User_Id`
FROM `Doctors` AS `d`
WHERE `d`.`Id` = @__Id_0
LIMIT 2

2024-07-27 18:04:45.648 +05:30  INF  Executed DbCommand (220ms) [Parameters=[@__Id_0='?' (DbType = Int64)], CommandType='"Text"', CommandTimeout='30']
SELECT `d`.`Id`, `d`.`Age`, `d`.`Blood_Group`, `d`.`Created_At`, `d`.`Dob`, `d`.`Email`, `d`.`Email2`, `d`.`Gender`, `d`.`Gst_Number`, `d`.`Is_Delete`, `d`.`Marital_Status`, `d`.`Name`, `d`.`Pan_Number`, `d`.`Password`, `d`.`Phone1`, `d`.`Phone2`, `d`.`Phone3`, `d`.`Phone4`, `d`.`Qualification`, `d`.`Role`, `d`.`Speciality`, `d`.`Thumb`, `d`.`Updated_At`, `d`.`User_Id`
FROM `Doctors` AS `d`
WHERE `d`.`Id` = @__Id_0
LIMIT 2

2024-07-27 18:04:46.309 +05:30  INF  Executed DbCommand (221ms) [Parameters=[@__Id_0='?' (DbType = Int64)], CommandType='"Text"', CommandTimeout='30']
SELECT `d`.`Id`, `d`.`Age`, `d`.`Blood_Group`, `d`.`Created_At`, `d`.`Dob`, `d`.`Email`, `d`.`Email2`, `d`.`Gender`, `d`.`Gst_Number`, `d`.`Is_Delete`, `d`.`Marital_Status`, `d`.`Name`, `d`.`Pan_Number`, `d`.`Password`, `d`.`Phone1`, `d`.`Phone2`, `d`.`Phone3`, `d`.`Phone4`, `d`.`Qualification`, `d`.`Role`, `d`.`Speciality`, `d`.`Thumb`, `d`.`Updated_At`, `d`.`User_Id`
FROM `Doctors` AS `d`
WHERE `d`.`Id` = @__Id_0
LIMIT 2

2024-07-27 18:04:46.309 +05:30  INF  Executing ObjectResult, writing value of type 'System.Collections.Generic.List`1[[DCRM.Common.Dto.ChairDto, DCRM.Common, Version=1.0.0.0, Culture=neutral, PublicKeyToken=null]]'.

2024-07-27 18:04:46.310 +05:30  INF  Executed action DCRM.Api.Controllers.ChairController.GetAll (DCRM.Api) in 13257.379ms

2024-07-27 18:04:46.310 +05:30  INF  Executed endpoint 'DCRM.Api.Controllers.ChairController.GetAll (DCRM.Api)'

2024-07-27 18:04:46.310 +05:30  INF  Request finished HTTP/2 GET https://localhost:7069/api/Chair/GetAll application/json - - 200 - application/json;+charset=utf-8 16389.5680ms

2024-07-27 18:07:53.704 +05:30  INF  Request starting HTTP/2 OPTIONS https://localhost:7069/api/Dashboard/Get - -

2024-07-27 18:07:53.705 +05:30  INF  CORS policy execution successful.

2024-07-27 18:07:53.706 +05:30  INF  Request finished HTTP/2 OPTIONS https://localhost:7069/api/Dashboard/Get - - - 204 - - 2.7338ms

2024-07-27 18:07:53.720 +05:30  INF  Request starting HTTP/2 GET https://localhost:7069/api/Dashboard/Get application/json -

2024-07-27 18:07:53.720 +05:30  INF  CORS policy execution successful.

2024-07-27 18:07:54.285 +05:30  INF  Request starting HTTP/2 OPTIONS https://localhost:7069/api/Appointment/Get/387 - -

2024-07-27 18:07:54.285 +05:30  INF  CORS policy execution successful.

2024-07-27 18:07:54.286 +05:30  INF  Request finished HTTP/2 OPTIONS https://localhost:7069/api/Appointment/Get/387 - - - 204 - - 0.3686ms

2024-07-27 18:07:54.289 +05:30  INF  Request starting HTTP/2 GET https://localhost:7069/api/Appointment/Get/387 application/json -

2024-07-27 18:07:54.291 +05:30  INF  CORS policy execution successful.

2024-07-27 18:07:54.385 +05:30  INF  Executed DbCommand (221ms) [Parameters=[@__id_0='?' (DbType = Int64)], CommandType='"Text"', CommandTimeout='30']
SELECT `u`.`Id`, `u`.`About_Me`, `u`.`Account_Type`, `u`.`Address`, `u`.`Available_Days`, `u`.`Bn_Name`, `u`.`City`, `u`.`Country`, `u`.`Created_At`, `u`.`Currency`, `u`.`Degree`, `u`.`Email`, `u`.`Email_Verified`, `u`.`Enable_Appointment`, `u`.`Enable_Rating`, `u`.`Exp_Years`, `u`.`Facebook`, `u`.`Google_Analytics`, `u`.`Image`, `u`.`Instagram`, `u`.`Linkedin`, `u`.`Name`, `u`.`Parent_Id`, `u`.`Password`, `u`.`Paypal_Email`, `u`.`Paypal_Mode`, `u`.`Paypal_Payment`, `u`.`Paystack_Payment`, `u`.`Paystack_Public_Key`, `u`.`Paystack_Secret_Key`, `u`.`Phone`, `u`.`Publish_Key`, `u`.`Qr_Code`, `u`.`Razorpay_Key_Id`, `u`.`Razorpay_Key_Secret`, `u`.`Razorpay_Payment`, `u`.`Role`, `u`.`Secret_Key`, `u`.`Skype`, `u`.`Slug`, `u`.`Specialist`, `u`.`Status`, `u`.`Stripe_Payment`, `u`.`Thumb`, `u`.`Trial_Expire`, `u`.`Twitter`, `u`.`User_Name`, `u`.`User_Type`, `u`.`Verify_Code`, `u`.`Whatsapp`
FROM `Users` AS `u`
WHERE `u`.`Id` = @__id_0
LIMIT 1

2024-07-27 18:07:54.385 +05:30  INF  Executing endpoint 'DCRM.Api.Controllers.DashboardController.Get (DCRM.Api)'

2024-07-27 18:07:54.385 +05:30  INF  Route matched with {action = "Get", controller = "Dashboard"}. Executing controller action with signature DCRM.Common.Dto.DashboardDto Get() on controller DCRM.Api.Controllers.DashboardController (DCRM.Api).

2024-07-27 18:07:54.923 +05:30  INF  Executed DbCommand (207ms) [Parameters=[@__id_0='?' (DbType = Int64)], CommandType='"Text"', CommandTimeout='30']
SELECT `u`.`Id`, `u`.`About_Me`, `u`.`Account_Type`, `u`.`Address`, `u`.`Available_Days`, `u`.`Bn_Name`, `u`.`City`, `u`.`Country`, `u`.`Created_At`, `u`.`Currency`, `u`.`Degree`, `u`.`Email`, `u`.`Email_Verified`, `u`.`Enable_Appointment`, `u`.`Enable_Rating`, `u`.`Exp_Years`, `u`.`Facebook`, `u`.`Google_Analytics`, `u`.`Image`, `u`.`Instagram`, `u`.`Linkedin`, `u`.`Name`, `u`.`Parent_Id`, `u`.`Password`, `u`.`Paypal_Email`, `u`.`Paypal_Mode`, `u`.`Paypal_Payment`, `u`.`Paystack_Payment`, `u`.`Paystack_Public_Key`, `u`.`Paystack_Secret_Key`, `u`.`Phone`, `u`.`Publish_Key`, `u`.`Qr_Code`, `u`.`Razorpay_Key_Id`, `u`.`Razorpay_Key_Secret`, `u`.`Razorpay_Payment`, `u`.`Role`, `u`.`Secret_Key`, `u`.`Skype`, `u`.`Slug`, `u`.`Specialist`, `u`.`Status`, `u`.`Stripe_Payment`, `u`.`Thumb`, `u`.`Trial_Expire`, `u`.`Twitter`, `u`.`User_Name`, `u`.`User_Type`, `u`.`Verify_Code`, `u`.`Whatsapp`
FROM `Users` AS `u`
WHERE `u`.`Id` = @__id_0
LIMIT 1

2024-07-27 18:07:54.924 +05:30  INF  Executing endpoint 'DCRM.Api.Controllers.AppointmentController.Get (DCRM.Api)'

2024-07-27 18:07:54.924 +05:30  INF  Route matched with {action = "Get", controller = "Appointment"}. Executing controller action with signature DCRM.Common.Entity.Appointment Get(Int32) on controller DCRM.Api.Controllers.AppointmentController (DCRM.Api).

2024-07-27 18:07:55.046 +05:30  INF  Executed DbCommand (221ms) [Parameters=[@__p_0='?' (DbType = Int64)], CommandType='"Text"', CommandTimeout='30']
SELECT COUNT(*)
FROM `Patientses` AS `p`
WHERE (`p`.`User_Id` = @__p_0) AND (`p`.`Is_Delete` = 0)

2024-07-27 18:07:55.548 +05:30  INF  Executed DbCommand (208ms) [Parameters=[@__id_0='?' (DbType = Int64)], CommandType='"Text"', CommandTimeout='30']
SELECT `a`.`Id`, `a`.`Appointment_Status`, `a`.`Cause`, `a`.`Chair`, `a`.`Chamber_Id`, `a`.`Created_At`, `a`.`Date`, `a`.`Doctor_Id`, `a`.`Doctor_Name`, `a`.`End_Time`, `a`.`Extra_Notes`, `a`.`Files`, `a`.`Is_Delete`, `a`.`Is_Start`, `a`.`Meeting_Notes`, `a`.`Number_Of_Slot`, `a`.`Patient_Id`, `a`.`Prescription_Id`, `a`.`Serial_Id`, `a`.`Slot_Time`, `a`.`Start_Time`, `a`.`Status`, `a`.`Type`, `a`.`User_Id`, `a`.`Workdone_Id`
FROM `Appointments` AS `a`
WHERE (`a`.`Id` = @__id_0) AND (`a`.`Is_Delete` = 0)
LIMIT 1

2024-07-27 18:07:55.549 +05:30  INF  Executing ObjectResult, writing value of type 'DCRM.Common.Entity.Appointment'.

2024-07-27 18:07:55.549 +05:30  INF  Executed action DCRM.Api.Controllers.AppointmentController.Get (DCRM.Api) in 625.0652ms

2024-07-27 18:07:55.549 +05:30  INF  Executed endpoint 'DCRM.Api.Controllers.AppointmentController.Get (DCRM.Api)'

2024-07-27 18:07:55.549 +05:30  INF  Request finished HTTP/2 GET https://localhost:7069/api/Appointment/Get/387 application/json - - 200 - application/json;+charset=utf-8 1259.9499ms

2024-07-27 18:07:55.704 +05:30  INF  Executed DbCommand (219ms) [Parameters=[@__userId_0='?' (DbType = Int32)], CommandType='"Text"', CommandTimeout='30']
SELECT COUNT(*)
FROM `Staffs` AS `s`
WHERE (`s`.`User_Id` = @__userId_0) AND (`s`.`Is_Deleted` = 0)

2024-07-27 18:07:56.362 +05:30  INF  Executed DbCommand (220ms) [Parameters=[@__userId_0='?' (DbType = Int32)], CommandType='"Text"', CommandTimeout='30']
SELECT COUNT(*)
FROM `Appointments` AS `a`
WHERE (`a`.`User_Id` = @__userId_0) AND (`a`.`Is_Delete` = 0)

2024-07-27 18:07:57.020 +05:30  INF  Executed DbCommand (219ms) [Parameters=[@__userId_0='?' (DbType = Int32)], CommandType='"Text"', CommandTimeout='30']
SELECT COUNT(*)
FROM `Appointments` AS `a`
WHERE ((`a`.`User_Id` = @__userId_0) AND (`a`.`Is_Delete` = 0)) AND (`a`.`Date` = CURDATE())

2024-07-27 18:07:57.020 +05:30  INF  Executing ObjectResult, writing value of type 'DCRM.Common.Dto.DashboardDto'.

2024-07-27 18:07:57.020 +05:30  INF  Executed action DCRM.Api.Controllers.DashboardController.Get (DCRM.Api) in 2634.9443ms

2024-07-27 18:07:57.020 +05:30  INF  Executed endpoint 'DCRM.Api.Controllers.DashboardController.Get (DCRM.Api)'

2024-07-27 18:07:57.020 +05:30  INF  Request finished HTTP/2 GET https://localhost:7069/api/Dashboard/Get application/json - - 200 - application/json;+charset=utf-8 3299.8805ms

2024-07-27 18:07:57.778 +05:30  INF  Request starting HTTP/2 OPTIONS https://localhost:7069/api/Patient/Get/387 - -

2024-07-27 18:07:57.778 +05:30  INF  CORS policy execution successful.

2024-07-27 18:07:57.778 +05:30  INF  Request finished HTTP/2 OPTIONS https://localhost:7069/api/Patient/Get/387 - - - 204 - - 0.2827ms

2024-07-27 18:07:57.778 +05:30  INF  Request starting HTTP/2 OPTIONS https://localhost:7069/api/Doctor/Get/Names - -

2024-07-27 18:07:57.779 +05:30  INF  CORS policy execution successful.

2024-07-27 18:07:57.779 +05:30  INF  Request finished HTTP/2 OPTIONS https://localhost:7069/api/Doctor/Get/Names - - - 204 - - 0.4792ms

2024-07-27 18:07:57.781 +05:30  INF  Request starting HTTP/2 GET https://localhost:7069/api/Patient/Get/387 application/json -

2024-07-27 18:07:57.781 +05:30  INF  Request starting HTTP/2 OPTIONS https://localhost:7069/api/Patient/Get/Names - -

2024-07-27 18:07:57.782 +05:30  INF  Request starting HTTP/2 GET https://localhost:7069/api/Doctor/Get/Names application/json -

2024-07-27 18:07:57.782 +05:30  INF  CORS policy execution successful.

2024-07-27 18:07:57.782 +05:30  INF  CORS policy execution successful.

2024-07-27 18:07:57.782 +05:30  INF  CORS policy execution successful.

2024-07-27 18:07:57.782 +05:30  INF  Request finished HTTP/2 OPTIONS https://localhost:7069/api/Patient/Get/Names - - - 204 - - 0.7265ms

2024-07-27 18:07:57.785 +05:30  INF  Request starting HTTP/2 OPTIONS https://localhost:7069/api/Patient/Get/508 - -

2024-07-27 18:07:57.785 +05:30  INF  CORS policy execution successful.

2024-07-27 18:07:57.785 +05:30  INF  Request finished HTTP/2 OPTIONS https://localhost:7069/api/Patient/Get/508 - - - 204 - - 0.5180ms

2024-07-27 18:07:57.792 +05:30  INF  Request starting HTTP/2 GET https://localhost:7069/api/Patient/Get/Names application/json -

2024-07-27 18:07:57.792 +05:30  INF  Request starting HTTP/2 GET https://localhost:7069/api/Patient/Get/508 application/json -

2024-07-27 18:07:57.792 +05:30  INF  Request starting HTTP/2 OPTIONS https://localhost:7069/api/Chair/GetAll - -

2024-07-27 18:07:57.793 +05:30  INF  CORS policy execution successful.

2024-07-27 18:07:57.793 +05:30  INF  CORS policy execution successful.

2024-07-27 18:07:57.795 +05:30  INF  CORS policy execution successful.

2024-07-27 18:07:57.795 +05:30  INF  Request finished HTTP/2 OPTIONS https://localhost:7069/api/Chair/GetAll - - - 204 - - 2.2847ms

2024-07-27 18:07:57.798 +05:30  INF  Request starting HTTP/2 GET https://localhost:7069/api/Chair/GetAll application/json -

2024-07-27 18:07:57.798 +05:30  INF  CORS policy execution successful.

2024-07-27 18:07:58.405 +05:30  INF  Executed DbCommand (206ms) [Parameters=[@__id_0='?' (DbType = Int64)], CommandType='"Text"', CommandTimeout='30']
SELECT `u`.`Id`, `u`.`About_Me`, `u`.`Account_Type`, `u`.`Address`, `u`.`Available_Days`, `u`.`Bn_Name`, `u`.`City`, `u`.`Country`, `u`.`Created_At`, `u`.`Currency`, `u`.`Degree`, `u`.`Email`, `u`.`Email_Verified`, `u`.`Enable_Appointment`, `u`.`Enable_Rating`, `u`.`Exp_Years`, `u`.`Facebook`, `u`.`Google_Analytics`, `u`.`Image`, `u`.`Instagram`, `u`.`Linkedin`, `u`.`Name`, `u`.`Parent_Id`, `u`.`Password`, `u`.`Paypal_Email`, `u`.`Paypal_Mode`, `u`.`Paypal_Payment`, `u`.`Paystack_Payment`, `u`.`Paystack_Public_Key`, `u`.`Paystack_Secret_Key`, `u`.`Phone`, `u`.`Publish_Key`, `u`.`Qr_Code`, `u`.`Razorpay_Key_Id`, `u`.`Razorpay_Key_Secret`, `u`.`Razorpay_Payment`, `u`.`Role`, `u`.`Secret_Key`, `u`.`Skype`, `u`.`Slug`, `u`.`Specialist`, `u`.`Status`, `u`.`Stripe_Payment`, `u`.`Thumb`, `u`.`Trial_Expire`, `u`.`Twitter`, `u`.`User_Name`, `u`.`User_Type`, `u`.`Verify_Code`, `u`.`Whatsapp`
FROM `Users` AS `u`
WHERE `u`.`Id` = @__id_0
LIMIT 1

2024-07-27 18:07:58.405 +05:30  INF  Executing endpoint 'DCRM.Api.Controllers.PatientController.Get (DCRM.Api)'

2024-07-27 18:07:58.405 +05:30  INF  Route matched with {action = "Get", controller = "Patient"}. Executing controller action with signature DCRM.Common.Dto.PatientseDto Get(Int64) on controller DCRM.Api.Controllers.PatientController (DCRM.Api).

2024-07-27 18:07:58.431 +05:30  INF  Executed DbCommand (215ms) [Parameters=[@__id_0='?' (DbType = Int64)], CommandType='"Text"', CommandTimeout='30']
SELECT `u`.`Id`, `u`.`About_Me`, `u`.`Account_Type`, `u`.`Address`, `u`.`Available_Days`, `u`.`Bn_Name`, `u`.`City`, `u`.`Country`, `u`.`Created_At`, `u`.`Currency`, `u`.`Degree`, `u`.`Email`, `u`.`Email_Verified`, `u`.`Enable_Appointment`, `u`.`Enable_Rating`, `u`.`Exp_Years`, `u`.`Facebook`, `u`.`Google_Analytics`, `u`.`Image`, `u`.`Instagram`, `u`.`Linkedin`, `u`.`Name`, `u`.`Parent_Id`, `u`.`Password`, `u`.`Paypal_Email`, `u`.`Paypal_Mode`, `u`.`Paypal_Payment`, `u`.`Paystack_Payment`, `u`.`Paystack_Public_Key`, `u`.`Paystack_Secret_Key`, `u`.`Phone`, `u`.`Publish_Key`, `u`.`Qr_Code`, `u`.`Razorpay_Key_Id`, `u`.`Razorpay_Key_Secret`, `u`.`Razorpay_Payment`, `u`.`Role`, `u`.`Secret_Key`, `u`.`Skype`, `u`.`Slug`, `u`.`Specialist`, `u`.`Status`, `u`.`Stripe_Payment`, `u`.`Thumb`, `u`.`Trial_Expire`, `u`.`Twitter`, `u`.`User_Name`, `u`.`User_Type`, `u`.`Verify_Code`, `u`.`Whatsapp`
FROM `Users` AS `u`
WHERE `u`.`Id` = @__id_0
LIMIT 1

2024-07-27 18:07:58.432 +05:30  INF  Executing endpoint 'DCRM.Api.Controllers.PatientController.Get (DCRM.Api)'

2024-07-27 18:07:58.432 +05:30  INF  Route matched with {action = "Get", controller = "Patient"}. Executing controller action with signature DCRM.Common.Dto.PatientseDto Get(Int64) on controller DCRM.Api.Controllers.PatientController (DCRM.Api).

2024-07-27 18:07:58.434 +05:30  INF  Executed DbCommand (212ms) [Parameters=[@__id_0='?' (DbType = Int64)], CommandType='"Text"', CommandTimeout='30']
SELECT `u`.`Id`, `u`.`About_Me`, `u`.`Account_Type`, `u`.`Address`, `u`.`Available_Days`, `u`.`Bn_Name`, `u`.`City`, `u`.`Country`, `u`.`Created_At`, `u`.`Currency`, `u`.`Degree`, `u`.`Email`, `u`.`Email_Verified`, `u`.`Enable_Appointment`, `u`.`Enable_Rating`, `u`.`Exp_Years`, `u`.`Facebook`, `u`.`Google_Analytics`, `u`.`Image`, `u`.`Instagram`, `u`.`Linkedin`, `u`.`Name`, `u`.`Parent_Id`, `u`.`Password`, `u`.`Paypal_Email`, `u`.`Paypal_Mode`, `u`.`Paypal_Payment`, `u`.`Paystack_Payment`, `u`.`Paystack_Public_Key`, `u`.`Paystack_Secret_Key`, `u`.`Phone`, `u`.`Publish_Key`, `u`.`Qr_Code`, `u`.`Razorpay_Key_Id`, `u`.`Razorpay_Key_Secret`, `u`.`Razorpay_Payment`, `u`.`Role`, `u`.`Secret_Key`, `u`.`Skype`, `u`.`Slug`, `u`.`Specialist`, `u`.`Status`, `u`.`Stripe_Payment`, `u`.`Thumb`, `u`.`Trial_Expire`, `u`.`Twitter`, `u`.`User_Name`, `u`.`User_Type`, `u`.`Verify_Code`, `u`.`Whatsapp`
FROM `Users` AS `u`
WHERE `u`.`Id` = @__id_0
LIMIT 1

2024-07-27 18:07:58.434 +05:30  INF  Executing endpoint 'DCRM.Api.Controllers.PatientController.PatientDetailList (DCRM.Api)'

2024-07-27 18:07:58.434 +05:30  INF  Route matched with {action = "PatientDetailList", controller = "Patient"}. Executing controller action with signature System.Collections.Generic.List`1[DCRM.Common.Dto.DropdownDataDto] PatientDetailList() on controller DCRM.Api.Controllers.PatientController (DCRM.Api).

2024-07-27 18:07:58.441 +05:30  INF  Executed DbCommand (219ms) [Parameters=[@__id_0='?' (DbType = Int64)], CommandType='"Text"', CommandTimeout='30']
SELECT `u`.`Id`, `u`.`About_Me`, `u`.`Account_Type`, `u`.`Address`, `u`.`Available_Days`, `u`.`Bn_Name`, `u`.`City`, `u`.`Country`, `u`.`Created_At`, `u`.`Currency`, `u`.`Degree`, `u`.`Email`, `u`.`Email_Verified`, `u`.`Enable_Appointment`, `u`.`Enable_Rating`, `u`.`Exp_Years`, `u`.`Facebook`, `u`.`Google_Analytics`, `u`.`Image`, `u`.`Instagram`, `u`.`Linkedin`, `u`.`Name`, `u`.`Parent_Id`, `u`.`Password`, `u`.`Paypal_Email`, `u`.`Paypal_Mode`, `u`.`Paypal_Payment`, `u`.`Paystack_Payment`, `u`.`Paystack_Public_Key`, `u`.`Paystack_Secret_Key`, `u`.`Phone`, `u`.`Publish_Key`, `u`.`Qr_Code`, `u`.`Razorpay_Key_Id`, `u`.`Razorpay_Key_Secret`, `u`.`Razorpay_Payment`, `u`.`Role`, `u`.`Secret_Key`, `u`.`Skype`, `u`.`Slug`, `u`.`Specialist`, `u`.`Status`, `u`.`Stripe_Payment`, `u`.`Thumb`, `u`.`Trial_Expire`, `u`.`Twitter`, `u`.`User_Name`, `u`.`User_Type`, `u`.`Verify_Code`, `u`.`Whatsapp`
FROM `Users` AS `u`
WHERE `u`.`Id` = @__id_0
LIMIT 1

2024-07-27 18:07:58.441 +05:30  INF  Executing endpoint 'DCRM.Api.Controllers.DoctorController.DoctorNameList (DCRM.Api)'

2024-07-27 18:07:58.441 +05:30  INF  Route matched with {action = "DoctorNameList", controller = "Doctor"}. Executing controller action with signature System.Collections.Generic.List`1[DCRM.Common.Dto.DropdownDataDto] DoctorNameList() on controller DCRM.Api.Controllers.DoctorController (DCRM.Api).

2024-07-27 18:07:58.448 +05:30  INF  Executed DbCommand (217ms) [Parameters=[@__id_0='?' (DbType = Int64)], CommandType='"Text"', CommandTimeout='30']
SELECT `u`.`Id`, `u`.`About_Me`, `u`.`Account_Type`, `u`.`Address`, `u`.`Available_Days`, `u`.`Bn_Name`, `u`.`City`, `u`.`Country`, `u`.`Created_At`, `u`.`Currency`, `u`.`Degree`, `u`.`Email`, `u`.`Email_Verified`, `u`.`Enable_Appointment`, `u`.`Enable_Rating`, `u`.`Exp_Years`, `u`.`Facebook`, `u`.`Google_Analytics`, `u`.`Image`, `u`.`Instagram`, `u`.`Linkedin`, `u`.`Name`, `u`.`Parent_Id`, `u`.`Password`, `u`.`Paypal_Email`, `u`.`Paypal_Mode`, `u`.`Paypal_Payment`, `u`.`Paystack_Payment`, `u`.`Paystack_Public_Key`, `u`.`Paystack_Secret_Key`, `u`.`Phone`, `u`.`Publish_Key`, `u`.`Qr_Code`, `u`.`Razorpay_Key_Id`, `u`.`Razorpay_Key_Secret`, `u`.`Razorpay_Payment`, `u`.`Role`, `u`.`Secret_Key`, `u`.`Skype`, `u`.`Slug`, `u`.`Specialist`, `u`.`Status`, `u`.`Stripe_Payment`, `u`.`Thumb`, `u`.`Trial_Expire`, `u`.`Twitter`, `u`.`User_Name`, `u`.`User_Type`, `u`.`Verify_Code`, `u`.`Whatsapp`
FROM `Users` AS `u`
WHERE `u`.`Id` = @__id_0
LIMIT 1

2024-07-27 18:07:58.448 +05:30  INF  Executing endpoint 'DCRM.Api.Controllers.ChairController.GetAll (DCRM.Api)'

2024-07-27 18:07:58.449 +05:30  INF  Route matched with {action = "GetAll", controller = "Chair"}. Executing controller action with signature System.Collections.Generic.List`1[DCRM.Common.Dto.ChairDto] GetAll() on controller DCRM.Api.Controllers.ChairController (DCRM.Api).

2024-07-27 18:07:59.028 +05:30  INF  Executed DbCommand (208ms) [Parameters=[@__id_0='?' (DbType = Int64)], CommandType='"Text"', CommandTimeout='30']
SELECT `p`.`Id`, `p`.`Age`, `p`.`Chamber_Id`, `p`.`Created_At`, `p`.`Email`, `p`.`Guardian`, `p`.`Is_Delete`, `p`.`Mobile`, `p`.`Mr_Number`, `p`.`Name`, `p`.`Password`, `p`.`Permanent_Address`, `p`.`Present_Address`, `p`.`Role`, `p`.`Sex`, `p`.`Slug`, `p`.`Thumb`, `p`.`Title`, `p`.`UserName`, `p`.`User_Id`, `p`.`Verify_Code`, `p`.`Weight`
FROM `Patientses` AS `p`
WHERE (`p`.`Is_Delete` = 0) AND (`p`.`Id` = @__id_0)
LIMIT 1

2024-07-27 18:07:59.074 +05:30  INF  Executed DbCommand (219ms) [Parameters=[@__id_0='?' (DbType = Int64)], CommandType='"Text"', CommandTimeout='30']
SELECT `p`.`Id`, `p`.`Age`, `p`.`Chamber_Id`, `p`.`Created_At`, `p`.`Email`, `p`.`Guardian`, `p`.`Is_Delete`, `p`.`Mobile`, `p`.`Mr_Number`, `p`.`Name`, `p`.`Password`, `p`.`Permanent_Address`, `p`.`Present_Address`, `p`.`Role`, `p`.`Sex`, `p`.`Slug`, `p`.`Thumb`, `p`.`Title`, `p`.`UserName`, `p`.`User_Id`, `p`.`Verify_Code`, `p`.`Weight`
FROM `Patientses` AS `p`
WHERE (`p`.`Is_Delete` = 0) AND (`p`.`Id` = @__id_0)
LIMIT 1

2024-07-27 18:07:59.104 +05:30  INF  Executed DbCommand (222ms) [Parameters=[], CommandType='"Text"', CommandTimeout='30']
SELECT `c`.`Id`, `c`.`Address`, `c`.`Appoinment_Limit`, `c`.`Created_At`, `c`.`Doctor_Id`, `c`.`Is_Primary`, `c`.`Name`, `c`.`Status`, `c`.`Uid`, `c`.`User_Id`
FROM `Chairs` AS `c`

2024-07-27 18:07:59.289 +05:30  INF  Executed DbCommand (433ms) [Parameters=[@__userId_0='?' (DbType = Int64)], CommandType='"Text"', CommandTimeout='30']
SELECT `p`.`Id`, `p`.`Age`, `p`.`Chamber_Id`, `p`.`Created_At`, `p`.`Email`, `p`.`Guardian`, `p`.`Is_Delete`, `p`.`Mobile`, `p`.`Mr_Number`, `p`.`Name`, `p`.`Password`, `p`.`Permanent_Address`, `p`.`Present_Address`, `p`.`Role`, `p`.`Sex`, `p`.`Slug`, `p`.`Thumb`, `p`.`Title`, `p`.`UserName`, `p`.`User_Id`, `p`.`Verify_Code`, `p`.`Weight`
FROM `Patientses` AS `p`
WHERE (`p`.`User_Id` = @__userId_0) AND (`p`.`Is_Delete` = 0)

2024-07-27 18:07:59.327 +05:30  INF  Executed DbCommand (450ms) [Parameters=[@__userId_0='?' (DbType = Int64)], CommandType='"Text"', CommandTimeout='30']
SELECT `d`.`Id`, `d`.`Age`, `d`.`Blood_Group`, `d`.`Created_At`, `d`.`Dob`, `d`.`Email`, `d`.`Email2`, `d`.`Gender`, `d`.`Gst_Number`, `d`.`Is_Delete`, `d`.`Marital_Status`, `d`.`Name`, `d`.`Pan_Number`, `d`.`Password`, `d`.`Phone1`, `d`.`Phone2`, `d`.`Phone3`, `d`.`Phone4`, `d`.`Qualification`, `d`.`Role`, `d`.`Speciality`, `d`.`Thumb`, `d`.`Updated_At`, `d`.`User_Id`
FROM `Doctors` AS `d`
WHERE (`d`.`User_Id` = @__userId_0) AND (`d`.`Is_Delete` = 0)

2024-07-27 18:07:59.766 +05:30  INF  Executed DbCommand (221ms) [Parameters=[@__Id_0='?' (DbType = Int64)], CommandType='"Text"', CommandTimeout='30']
SELECT `d`.`Id`, `d`.`Age`, `d`.`Blood_Group`, `d`.`Created_At`, `d`.`Dob`, `d`.`Email`, `d`.`Email2`, `d`.`Gender`, `d`.`Gst_Number`, `d`.`Is_Delete`, `d`.`Marital_Status`, `d`.`Name`, `d`.`Pan_Number`, `d`.`Password`, `d`.`Phone1`, `d`.`Phone2`, `d`.`Phone3`, `d`.`Phone4`, `d`.`Qualification`, `d`.`Role`, `d`.`Speciality`, `d`.`Thumb`, `d`.`Updated_At`, `d`.`User_Id`
FROM `Doctors` AS `d`
WHERE `d`.`Id` = @__Id_0
LIMIT 2

2024-07-27 18:07:59.859 +05:30  INF  Executed DbCommand (416ms) [Parameters=[], CommandType='"Text"', CommandTimeout='30']
SELECT `p`.`Id`, `p`.`Amount_Type`, `p`.`Balance`, `p`.`Created_At`, `p`.`Credit_Amount`, `p`.`Debit_Amount`, `p`.`Description`, `p`.`Doctor_Id`, `p`.`Patient_Id`, `p`.`Payment_Mode`, `p`.`Updated_At`, `p`.`Workdone_Id`, `p`.`isPrinted`
FROM `Payment_History` AS `p`

2024-07-27 18:07:59.928 +05:30  INF  Executed DbCommand (426ms) [Parameters=[], CommandType='"Text"', CommandTimeout='30']
SELECT `p`.`Id`, `p`.`Amount_Type`, `p`.`Balance`, `p`.`Created_At`, `p`.`Credit_Amount`, `p`.`Debit_Amount`, `p`.`Description`, `p`.`Doctor_Id`, `p`.`Patient_Id`, `p`.`Payment_Mode`, `p`.`Updated_At`, `p`.`Workdone_Id`, `p`.`isPrinted`
FROM `Payment_History` AS `p`

2024-07-27 18:08:00.212 +05:30  INF  Executing ObjectResult, writing value of type 'System.Collections.Generic.List`1[[DCRM.Common.Dto.DropdownDataDto, DCRM.Common, Version=1.0.0.0, Culture=neutral, PublicKeyToken=null]]'.

2024-07-27 18:08:00.213 +05:30  INF  Executed action DCRM.Api.Controllers.DoctorController.DoctorNameList (DCRM.Api) in 1771.5263ms

2024-07-27 18:08:00.213 +05:30  INF  Executed endpoint 'DCRM.Api.Controllers.DoctorController.DoctorNameList (DCRM.Api)'

2024-07-27 18:08:00.213 +05:30  INF  Request finished HTTP/2 GET https://localhost:7069/api/Doctor/Get/Names application/json - - 200 - application/json;+charset=utf-8 2430.9667ms

2024-07-27 18:08:00.425 +05:30  INF  Executed DbCommand (222ms) [Parameters=[@__Id_0='?' (DbType = Int64)], CommandType='"Text"', CommandTimeout='30']
SELECT `d`.`Id`, `d`.`Age`, `d`.`Blood_Group`, `d`.`Created_At`, `d`.`Dob`, `d`.`Email`, `d`.`Email2`, `d`.`Gender`, `d`.`Gst_Number`, `d`.`Is_Delete`, `d`.`Marital_Status`, `d`.`Name`, `d`.`Pan_Number`, `d`.`Password`, `d`.`Phone1`, `d`.`Phone2`, `d`.`Phone3`, `d`.`Phone4`, `d`.`Qualification`, `d`.`Role`, `d`.`Speciality`, `d`.`Thumb`, `d`.`Updated_At`, `d`.`User_Id`
FROM `Doctors` AS `d`
WHERE `d`.`Id` = @__Id_0
LIMIT 2

2024-07-27 18:08:00.690 +05:30  INF  Executed DbCommand (208ms) [Parameters=[@__p_0='?' (DbType = Int64)], CommandType='"Text"', CommandTimeout='30']
SELECT `p`.`Id`, `p`.`Amount`, `p`.`Balance_Amount`, `p`.`Balance_Spent`, `p`.`Created_At`, `p`.`Name`, `p`.`Patients_Id`, `p`.`Type`, `p`.`Updated_At`
FROM `Patients_Insurance_Loan` AS `p`
WHERE `p`.`Patients_Id` = @__p_0

2024-07-27 18:08:00.780 +05:30  INF  Executed DbCommand (211ms) [Parameters=[@__p_0='?' (DbType = Int64)], CommandType='"Text"', CommandTimeout='30']
SELECT `p`.`Id`, `p`.`Amount`, `p`.`Balance_Amount`, `p`.`Balance_Spent`, `p`.`Created_At`, `p`.`Name`, `p`.`Patients_Id`, `p`.`Type`, `p`.`Updated_At`
FROM `Patients_Insurance_Loan` AS `p`
WHERE `p`.`Patients_Id` = @__p_0

2024-07-27 18:08:00.986 +05:30  INF  Executing ObjectResult, writing value of type 'System.Collections.Generic.List`1[[DCRM.Common.Dto.DropdownDataDto, DCRM.Common, Version=1.0.0.0, Culture=neutral, PublicKeyToken=null]]'.

2024-07-27 18:08:00.987 +05:30  INF  Executed action DCRM.Api.Controllers.PatientController.PatientDetailList (DCRM.Api) in 2552.8022ms

2024-07-27 18:08:00.987 +05:30  INF  Executed endpoint 'DCRM.Api.Controllers.PatientController.PatientDetailList (DCRM.Api)'

2024-07-27 18:08:00.987 +05:30  INF  Request finished HTTP/2 GET https://localhost:7069/api/Patient/Get/Names application/json - - 200 - application/json;+charset=utf-8 3194.5143ms

2024-07-27 18:08:01.083 +05:30  INF  Executed DbCommand (220ms) [Parameters=[@__Id_0='?' (DbType = Int64)], CommandType='"Text"', CommandTimeout='30']
SELECT `d`.`Id`, `d`.`Age`, `d`.`Blood_Group`, `d`.`Created_At`, `d`.`Dob`, `d`.`Email`, `d`.`Email2`, `d`.`Gender`, `d`.`Gst_Number`, `d`.`Is_Delete`, `d`.`Marital_Status`, `d`.`Name`, `d`.`Pan_Number`, `d`.`Password`, `d`.`Phone1`, `d`.`Phone2`, `d`.`Phone3`, `d`.`Phone4`, `d`.`Qualification`, `d`.`Role`, `d`.`Speciality`, `d`.`Thumb`, `d`.`Updated_At`, `d`.`User_Id`
FROM `Doctors` AS `d`
WHERE `d`.`Id` = @__Id_0
LIMIT 2

2024-07-27 18:08:01.313 +05:30  INF  Executed DbCommand (208ms) [Parameters=[@__p_0='?' (DbType = Int64)], CommandType='"Text"', CommandTimeout='30']
SELECT `p`.`Id`, `p`.`Created_At`, `p`.`Patient_Id`, `p`.`Report`, `p`.`Report_Date`, `p`.`Report_File`, `p`.`Status`, `p`.`Test_Name`, `p`.`Test_Price`, `p`.`Updated_At`
FROM `Patient_Tests` AS `p`
WHERE `p`.`Patient_Id` = @__p_0

2024-07-27 18:08:01.413 +05:30  INF  Executed DbCommand (213ms) [Parameters=[@__p_0='?' (DbType = Int64)], CommandType='"Text"', CommandTimeout='30']
SELECT `p`.`Id`, `p`.`Created_At`, `p`.`Patient_Id`, `p`.`Report`, `p`.`Report_Date`, `p`.`Report_File`, `p`.`Status`, `p`.`Test_Name`, `p`.`Test_Price`, `p`.`Updated_At`
FROM `Patient_Tests` AS `p`
WHERE `p`.`Patient_Id` = @__p_0

2024-07-27 18:08:01.739 +05:30  INF  Executed DbCommand (219ms) [Parameters=[@__Id_0='?' (DbType = Int64)], CommandType='"Text"', CommandTimeout='30']
SELECT `d`.`Id`, `d`.`Age`, `d`.`Blood_Group`, `d`.`Created_At`, `d`.`Dob`, `d`.`Email`, `d`.`Email2`, `d`.`Gender`, `d`.`Gst_Number`, `d`.`Is_Delete`, `d`.`Marital_Status`, `d`.`Name`, `d`.`Pan_Number`, `d`.`Password`, `d`.`Phone1`, `d`.`Phone2`, `d`.`Phone3`, `d`.`Phone4`, `d`.`Qualification`, `d`.`Role`, `d`.`Speciality`, `d`.`Thumb`, `d`.`Updated_At`, `d`.`User_Id`
FROM `Doctors` AS `d`
WHERE `d`.`Id` = @__Id_0
LIMIT 2

2024-07-27 18:08:01.940 +05:30  INF  Executed DbCommand (213ms) [Parameters=[@__p_0='?' (DbType = Int64)], CommandType='"Text"', CommandTimeout='30']
SELECT `p`.`Id`, `p`.`Address_O`, `p`.`Address_Other`, `p`.`Address_R`, `p`.`City_O`, `p`.`City_Other`, `p`.`City_R`, `p`.`Country_O`, `p`.`Country_Other`, `p`.`Country_R`, `p`.`Created_At`, `p`.`Doctor_Name`, `p`.`Email`, `p`.`Email2`, `p`.`Medical_History_Allergies`, `p`.`Patient_Id`, `p`.`Phone`, `p`.`Phone1`, `p`.`Phone2`, `p`.`Phone3`, `p`.`Phone4`, `p`.`Physician`, `p`.`Reffered_By`, `p`.`Relationship_Type`, `p`.`Special_Notes`, `p`.`Updated_At`, `p`.`Zip_O`, `p`.`Zip_Other`, `p`.`Zip_R`
FROM `Patients_Contact` AS `p`
WHERE `p`.`Patient_Id` = @__p_0

2024-07-27 18:08:02.053 +05:30  INF  Executed DbCommand (215ms) [Parameters=[@__p_0='?' (DbType = Int64)], CommandType='"Text"', CommandTimeout='30']
SELECT `p`.`Id`, `p`.`Address_O`, `p`.`Address_Other`, `p`.`Address_R`, `p`.`City_O`, `p`.`City_Other`, `p`.`City_R`, `p`.`Country_O`, `p`.`Country_Other`, `p`.`Country_R`, `p`.`Created_At`, `p`.`Doctor_Name`, `p`.`Email`, `p`.`Email2`, `p`.`Medical_History_Allergies`, `p`.`Patient_Id`, `p`.`Phone`, `p`.`Phone1`, `p`.`Phone2`, `p`.`Phone3`, `p`.`Phone4`, `p`.`Physician`, `p`.`Reffered_By`, `p`.`Relationship_Type`, `p`.`Special_Notes`, `p`.`Updated_At`, `p`.`Zip_O`, `p`.`Zip_Other`, `p`.`Zip_R`
FROM `Patients_Contact` AS `p`
WHERE `p`.`Patient_Id` = @__p_0

2024-07-27 18:08:02.393 +05:30  INF  Executed DbCommand (220ms) [Parameters=[@__Id_0='?' (DbType = Int64)], CommandType='"Text"', CommandTimeout='30']
SELECT `d`.`Id`, `d`.`Age`, `d`.`Blood_Group`, `d`.`Created_At`, `d`.`Dob`, `d`.`Email`, `d`.`Email2`, `d`.`Gender`, `d`.`Gst_Number`, `d`.`Is_Delete`, `d`.`Marital_Status`, `d`.`Name`, `d`.`Pan_Number`, `d`.`Password`, `d`.`Phone1`, `d`.`Phone2`, `d`.`Phone3`, `d`.`Phone4`, `d`.`Qualification`, `d`.`Role`, `d`.`Speciality`, `d`.`Thumb`, `d`.`Updated_At`, `d`.`User_Id`
FROM `Doctors` AS `d`
WHERE `d`.`Id` = @__Id_0
LIMIT 2

2024-07-27 18:08:02.560 +05:30  INF  Executed DbCommand (208ms) [Parameters=[@__p_0='?' (DbType = Int64)], CommandType='"Text"', CommandTimeout='30']
SELECT `p`.`Id`, `p`.`Created_At`, `p`.`Patient_Id`, `p`.`Report`, `p`.`Report_File`, `p`.`Scan_Name`, `p`.`Status`, `p`.`Type`, `p`.`Updated_At`
FROM `Patient_Scans` AS `p`
WHERE `p`.`Patient_Id` = @__p_0

2024-07-27 18:08:02.560 +05:30  INF  Executing ObjectResult, writing value of type 'DCRM.Common.Dto.PatientseDto'.

2024-07-27 18:08:02.560 +05:30  INF  Executed action DCRM.Api.Controllers.PatientController.Get (DCRM.Api) in 4154.8104ms

2024-07-27 18:08:02.560 +05:30  INF  Executed endpoint 'DCRM.Api.Controllers.PatientController.Get (DCRM.Api)'

2024-07-27 18:08:02.560 +05:30  INF  Request finished HTTP/2 GET https://localhost:7069/api/Patient/Get/387 application/json - - 200 - application/json;+charset=utf-8 4779.1413ms

2024-07-27 18:08:02.689 +05:30  INF  Executed DbCommand (213ms) [Parameters=[@__p_0='?' (DbType = Int64)], CommandType='"Text"', CommandTimeout='30']
SELECT `p`.`Id`, `p`.`Created_At`, `p`.`Patient_Id`, `p`.`Report`, `p`.`Report_File`, `p`.`Scan_Name`, `p`.`Status`, `p`.`Type`, `p`.`Updated_At`
FROM `Patient_Scans` AS `p`
WHERE `p`.`Patient_Id` = @__p_0

2024-07-27 18:08:02.690 +05:30  INF  Executing ObjectResult, writing value of type 'DCRM.Common.Dto.PatientseDto'.

2024-07-27 18:08:02.690 +05:30  INF  Executed action DCRM.Api.Controllers.PatientController.Get (DCRM.Api) in 4257.956ms

2024-07-27 18:08:02.690 +05:30  INF  Executed endpoint 'DCRM.Api.Controllers.PatientController.Get (DCRM.Api)'

2024-07-27 18:08:02.690 +05:30  INF  Request finished HTTP/2 GET https://localhost:7069/api/Patient/Get/508 application/json - - 200 - application/json;+charset=utf-8 4897.6174ms

2024-07-27 18:08:03.055 +05:30  INF  Executed DbCommand (220ms) [Parameters=[@__Id_0='?' (DbType = Int64)], CommandType='"Text"', CommandTimeout='30']
SELECT `d`.`Id`, `d`.`Age`, `d`.`Blood_Group`, `d`.`Created_At`, `d`.`Dob`, `d`.`Email`, `d`.`Email2`, `d`.`Gender`, `d`.`Gst_Number`, `d`.`Is_Delete`, `d`.`Marital_Status`, `d`.`Name`, `d`.`Pan_Number`, `d`.`Password`, `d`.`Phone1`, `d`.`Phone2`, `d`.`Phone3`, `d`.`Phone4`, `d`.`Qualification`, `d`.`Role`, `d`.`Speciality`, `d`.`Thumb`, `d`.`Updated_At`, `d`.`User_Id`
FROM `Doctors` AS `d`
WHERE `d`.`Id` = @__Id_0
LIMIT 2

2024-07-27 18:08:03.716 +05:30  INF  Executed DbCommand (220ms) [Parameters=[@__Id_0='?' (DbType = Int64)], CommandType='"Text"', CommandTimeout='30']
SELECT `d`.`Id`, `d`.`Age`, `d`.`Blood_Group`, `d`.`Created_At`, `d`.`Dob`, `d`.`Email`, `d`.`Email2`, `d`.`Gender`, `d`.`Gst_Number`, `d`.`Is_Delete`, `d`.`Marital_Status`, `d`.`Name`, `d`.`Pan_Number`, `d`.`Password`, `d`.`Phone1`, `d`.`Phone2`, `d`.`Phone3`, `d`.`Phone4`, `d`.`Qualification`, `d`.`Role`, `d`.`Speciality`, `d`.`Thumb`, `d`.`Updated_At`, `d`.`User_Id`
FROM `Doctors` AS `d`
WHERE `d`.`Id` = @__Id_0
LIMIT 2

2024-07-27 18:08:04.378 +05:30  INF  Executed DbCommand (223ms) [Parameters=[@__Id_0='?' (DbType = Int64)], CommandType='"Text"', CommandTimeout='30']
SELECT `d`.`Id`, `d`.`Age`, `d`.`Blood_Group`, `d`.`Created_At`, `d`.`Dob`, `d`.`Email`, `d`.`Email2`, `d`.`Gender`, `d`.`Gst_Number`, `d`.`Is_Delete`, `d`.`Marital_Status`, `d`.`Name`, `d`.`Pan_Number`, `d`.`Password`, `d`.`Phone1`, `d`.`Phone2`, `d`.`Phone3`, `d`.`Phone4`, `d`.`Qualification`, `d`.`Role`, `d`.`Speciality`, `d`.`Thumb`, `d`.`Updated_At`, `d`.`User_Id`
FROM `Doctors` AS `d`
WHERE `d`.`Id` = @__Id_0
LIMIT 2

2024-07-27 18:08:05.265 +05:30  INF  Executed DbCommand (447ms) [Parameters=[@__Id_0='?' (DbType = Int64)], CommandType='"Text"', CommandTimeout='30']
SELECT `d`.`Id`, `d`.`Age`, `d`.`Blood_Group`, `d`.`Created_At`, `d`.`Dob`, `d`.`Email`, `d`.`Email2`, `d`.`Gender`, `d`.`Gst_Number`, `d`.`Is_Delete`, `d`.`Marital_Status`, `d`.`Name`, `d`.`Pan_Number`, `d`.`Password`, `d`.`Phone1`, `d`.`Phone2`, `d`.`Phone3`, `d`.`Phone4`, `d`.`Qualification`, `d`.`Role`, `d`.`Speciality`, `d`.`Thumb`, `d`.`Updated_At`, `d`.`User_Id`
FROM `Doctors` AS `d`
WHERE `d`.`Id` = @__Id_0
LIMIT 2

2024-07-27 18:08:05.923 +05:30  INF  Executed DbCommand (220ms) [Parameters=[@__Id_0='?' (DbType = Int64)], CommandType='"Text"', CommandTimeout='30']
SELECT `d`.`Id`, `d`.`Age`, `d`.`Blood_Group`, `d`.`Created_At`, `d`.`Dob`, `d`.`Email`, `d`.`Email2`, `d`.`Gender`, `d`.`Gst_Number`, `d`.`Is_Delete`, `d`.`Marital_Status`, `d`.`Name`, `d`.`Pan_Number`, `d`.`Password`, `d`.`Phone1`, `d`.`Phone2`, `d`.`Phone3`, `d`.`Phone4`, `d`.`Qualification`, `d`.`Role`, `d`.`Speciality`, `d`.`Thumb`, `d`.`Updated_At`, `d`.`User_Id`
FROM `Doctors` AS `d`
WHERE `d`.`Id` = @__Id_0
LIMIT 2

2024-07-27 18:08:06.583 +05:30  INF  Executed DbCommand (221ms) [Parameters=[@__Id_0='?' (DbType = Int64)], CommandType='"Text"', CommandTimeout='30']
SELECT `d`.`Id`, `d`.`Age`, `d`.`Blood_Group`, `d`.`Created_At`, `d`.`Dob`, `d`.`Email`, `d`.`Email2`, `d`.`Gender`, `d`.`Gst_Number`, `d`.`Is_Delete`, `d`.`Marital_Status`, `d`.`Name`, `d`.`Pan_Number`, `d`.`Password`, `d`.`Phone1`, `d`.`Phone2`, `d`.`Phone3`, `d`.`Phone4`, `d`.`Qualification`, `d`.`Role`, `d`.`Speciality`, `d`.`Thumb`, `d`.`Updated_At`, `d`.`User_Id`
FROM `Doctors` AS `d`
WHERE `d`.`Id` = @__Id_0
LIMIT 2

2024-07-27 18:08:07.242 +05:30  INF  Executed DbCommand (221ms) [Parameters=[@__Id_0='?' (DbType = Int64)], CommandType='"Text"', CommandTimeout='30']
SELECT `d`.`Id`, `d`.`Age`, `d`.`Blood_Group`, `d`.`Created_At`, `d`.`Dob`, `d`.`Email`, `d`.`Email2`, `d`.`Gender`, `d`.`Gst_Number`, `d`.`Is_Delete`, `d`.`Marital_Status`, `d`.`Name`, `d`.`Pan_Number`, `d`.`Password`, `d`.`Phone1`, `d`.`Phone2`, `d`.`Phone3`, `d`.`Phone4`, `d`.`Qualification`, `d`.`Role`, `d`.`Speciality`, `d`.`Thumb`, `d`.`Updated_At`, `d`.`User_Id`
FROM `Doctors` AS `d`
WHERE `d`.`Id` = @__Id_0
LIMIT 2

2024-07-27 18:08:07.904 +05:30  INF  Executed DbCommand (224ms) [Parameters=[@__Id_0='?' (DbType = Int64)], CommandType='"Text"', CommandTimeout='30']
SELECT `d`.`Id`, `d`.`Age`, `d`.`Blood_Group`, `d`.`Created_At`, `d`.`Dob`, `d`.`Email`, `d`.`Email2`, `d`.`Gender`, `d`.`Gst_Number`, `d`.`Is_Delete`, `d`.`Marital_Status`, `d`.`Name`, `d`.`Pan_Number`, `d`.`Password`, `d`.`Phone1`, `d`.`Phone2`, `d`.`Phone3`, `d`.`Phone4`, `d`.`Qualification`, `d`.`Role`, `d`.`Speciality`, `d`.`Thumb`, `d`.`Updated_At`, `d`.`User_Id`
FROM `Doctors` AS `d`
WHERE `d`.`Id` = @__Id_0
LIMIT 2

2024-07-27 18:08:08.561 +05:30  INF  Executed DbCommand (219ms) [Parameters=[@__Id_0='?' (DbType = Int64)], CommandType='"Text"', CommandTimeout='30']
SELECT `d`.`Id`, `d`.`Age`, `d`.`Blood_Group`, `d`.`Created_At`, `d`.`Dob`, `d`.`Email`, `d`.`Email2`, `d`.`Gender`, `d`.`Gst_Number`, `d`.`Is_Delete`, `d`.`Marital_Status`, `d`.`Name`, `d`.`Pan_Number`, `d`.`Password`, `d`.`Phone1`, `d`.`Phone2`, `d`.`Phone3`, `d`.`Phone4`, `d`.`Qualification`, `d`.`Role`, `d`.`Speciality`, `d`.`Thumb`, `d`.`Updated_At`, `d`.`User_Id`
FROM `Doctors` AS `d`
WHERE `d`.`Id` = @__Id_0
LIMIT 2

2024-07-27 18:08:09.225 +05:30  INF  Executed DbCommand (220ms) [Parameters=[@__Id_0='?' (DbType = Int64)], CommandType='"Text"', CommandTimeout='30']
SELECT `d`.`Id`, `d`.`Age`, `d`.`Blood_Group`, `d`.`Created_At`, `d`.`Dob`, `d`.`Email`, `d`.`Email2`, `d`.`Gender`, `d`.`Gst_Number`, `d`.`Is_Delete`, `d`.`Marital_Status`, `d`.`Name`, `d`.`Pan_Number`, `d`.`Password`, `d`.`Phone1`, `d`.`Phone2`, `d`.`Phone3`, `d`.`Phone4`, `d`.`Qualification`, `d`.`Role`, `d`.`Speciality`, `d`.`Thumb`, `d`.`Updated_At`, `d`.`User_Id`
FROM `Doctors` AS `d`
WHERE `d`.`Id` = @__Id_0
LIMIT 2

2024-07-27 18:08:09.882 +05:30  INF  Executed DbCommand (221ms) [Parameters=[@__Id_0='?' (DbType = Int64)], CommandType='"Text"', CommandTimeout='30']
SELECT `d`.`Id`, `d`.`Age`, `d`.`Blood_Group`, `d`.`Created_At`, `d`.`Dob`, `d`.`Email`, `d`.`Email2`, `d`.`Gender`, `d`.`Gst_Number`, `d`.`Is_Delete`, `d`.`Marital_Status`, `d`.`Name`, `d`.`Pan_Number`, `d`.`Password`, `d`.`Phone1`, `d`.`Phone2`, `d`.`Phone3`, `d`.`Phone4`, `d`.`Qualification`, `d`.`Role`, `d`.`Speciality`, `d`.`Thumb`, `d`.`Updated_At`, `d`.`User_Id`
FROM `Doctors` AS `d`
WHERE `d`.`Id` = @__Id_0
LIMIT 2

2024-07-27 18:08:10.542 +05:30  INF  Executed DbCommand (221ms) [Parameters=[@__Id_0='?' (DbType = Int64)], CommandType='"Text"', CommandTimeout='30']
SELECT `d`.`Id`, `d`.`Age`, `d`.`Blood_Group`, `d`.`Created_At`, `d`.`Dob`, `d`.`Email`, `d`.`Email2`, `d`.`Gender`, `d`.`Gst_Number`, `d`.`Is_Delete`, `d`.`Marital_Status`, `d`.`Name`, `d`.`Pan_Number`, `d`.`Password`, `d`.`Phone1`, `d`.`Phone2`, `d`.`Phone3`, `d`.`Phone4`, `d`.`Qualification`, `d`.`Role`, `d`.`Speciality`, `d`.`Thumb`, `d`.`Updated_At`, `d`.`User_Id`
FROM `Doctors` AS `d`
WHERE `d`.`Id` = @__Id_0
LIMIT 2

2024-07-27 18:08:11.202 +05:30  INF  Executed DbCommand (221ms) [Parameters=[@__Id_0='?' (DbType = Int64)], CommandType='"Text"', CommandTimeout='30']
SELECT `d`.`Id`, `d`.`Age`, `d`.`Blood_Group`, `d`.`Created_At`, `d`.`Dob`, `d`.`Email`, `d`.`Email2`, `d`.`Gender`, `d`.`Gst_Number`, `d`.`Is_Delete`, `d`.`Marital_Status`, `d`.`Name`, `d`.`Pan_Number`, `d`.`Password`, `d`.`Phone1`, `d`.`Phone2`, `d`.`Phone3`, `d`.`Phone4`, `d`.`Qualification`, `d`.`Role`, `d`.`Speciality`, `d`.`Thumb`, `d`.`Updated_At`, `d`.`User_Id`
FROM `Doctors` AS `d`
WHERE `d`.`Id` = @__Id_0
LIMIT 2

2024-07-27 18:08:11.860 +05:30  INF  Executed DbCommand (220ms) [Parameters=[@__Id_0='?' (DbType = Int64)], CommandType='"Text"', CommandTimeout='30']
SELECT `d`.`Id`, `d`.`Age`, `d`.`Blood_Group`, `d`.`Created_At`, `d`.`Dob`, `d`.`Email`, `d`.`Email2`, `d`.`Gender`, `d`.`Gst_Number`, `d`.`Is_Delete`, `d`.`Marital_Status`, `d`.`Name`, `d`.`Pan_Number`, `d`.`Password`, `d`.`Phone1`, `d`.`Phone2`, `d`.`Phone3`, `d`.`Phone4`, `d`.`Qualification`, `d`.`Role`, `d`.`Speciality`, `d`.`Thumb`, `d`.`Updated_At`, `d`.`User_Id`
FROM `Doctors` AS `d`
WHERE `d`.`Id` = @__Id_0
LIMIT 2

2024-07-27 18:08:11.860 +05:30  INF  Executing ObjectResult, writing value of type 'System.Collections.Generic.List`1[[DCRM.Common.Dto.ChairDto, DCRM.Common, Version=1.0.0.0, Culture=neutral, PublicKeyToken=null]]'.

2024-07-27 18:08:11.861 +05:30  INF  Executed action DCRM.Api.Controllers.ChairController.GetAll (DCRM.Api) in 13412.2409ms

2024-07-27 18:08:11.861 +05:30  INF  Executed endpoint 'DCRM.Api.Controllers.ChairController.GetAll (DCRM.Api)'

2024-07-27 18:08:11.861 +05:30  INF  Request finished HTTP/2 GET https://localhost:7069/api/Chair/GetAll application/json - - 200 - application/json;+charset=utf-8 14063.2020ms

2024-07-27 18:11:02.043 +05:30  INF  Request starting HTTP/2 OPTIONS https://localhost:7069/api/Dashboard/Get - -

2024-07-27 18:11:02.046 +05:30  INF  CORS policy execution successful.

2024-07-27 18:11:02.050 +05:30  INF  Request finished HTTP/2 OPTIONS https://localhost:7069/api/Dashboard/Get - - - 204 - - 5.4666ms

2024-07-27 18:11:02.068 +05:30  INF  Request starting HTTP/2 GET https://localhost:7069/api/Dashboard/Get application/json -

2024-07-27 18:11:02.069 +05:30  INF  CORS policy execution successful.

2024-07-27 18:11:02.452 +05:30  INF  Request starting HTTP/2 OPTIONS https://localhost:7069/api/Appointment/Get/387 - -

2024-07-27 18:11:02.452 +05:30  INF  CORS policy execution successful.

2024-07-27 18:11:02.452 +05:30  INF  Request finished HTTP/2 OPTIONS https://localhost:7069/api/Appointment/Get/387 - - - 204 - - 0.6288ms

2024-07-27 18:11:02.474 +05:30  INF  Request starting HTTP/2 GET https://localhost:7069/api/Appointment/Get/387 application/json -

2024-07-27 18:11:02.478 +05:30  INF  CORS policy execution successful.

2024-07-27 18:11:02.736 +05:30  INF  Executed DbCommand (222ms) [Parameters=[@__id_0='?' (DbType = Int64)], CommandType='"Text"', CommandTimeout='30']
SELECT `u`.`Id`, `u`.`About_Me`, `u`.`Account_Type`, `u`.`Address`, `u`.`Available_Days`, `u`.`Bn_Name`, `u`.`City`, `u`.`Country`, `u`.`Created_At`, `u`.`Currency`, `u`.`Degree`, `u`.`Email`, `u`.`Email_Verified`, `u`.`Enable_Appointment`, `u`.`Enable_Rating`, `u`.`Exp_Years`, `u`.`Facebook`, `u`.`Google_Analytics`, `u`.`Image`, `u`.`Instagram`, `u`.`Linkedin`, `u`.`Name`, `u`.`Parent_Id`, `u`.`Password`, `u`.`Paypal_Email`, `u`.`Paypal_Mode`, `u`.`Paypal_Payment`, `u`.`Paystack_Payment`, `u`.`Paystack_Public_Key`, `u`.`Paystack_Secret_Key`, `u`.`Phone`, `u`.`Publish_Key`, `u`.`Qr_Code`, `u`.`Razorpay_Key_Id`, `u`.`Razorpay_Key_Secret`, `u`.`Razorpay_Payment`, `u`.`Role`, `u`.`Secret_Key`, `u`.`Skype`, `u`.`Slug`, `u`.`Specialist`, `u`.`Status`, `u`.`Stripe_Payment`, `u`.`Thumb`, `u`.`Trial_Expire`, `u`.`Twitter`, `u`.`User_Name`, `u`.`User_Type`, `u`.`Verify_Code`, `u`.`Whatsapp`
FROM `Users` AS `u`
WHERE `u`.`Id` = @__id_0
LIMIT 1

2024-07-27 18:11:02.736 +05:30  INF  Executing endpoint 'DCRM.Api.Controllers.DashboardController.Get (DCRM.Api)'

2024-07-27 18:11:02.736 +05:30  INF  Route matched with {action = "Get", controller = "Dashboard"}. Executing controller action with signature DCRM.Common.Dto.DashboardDto Get() on controller DCRM.Api.Controllers.DashboardController (DCRM.Api).

2024-07-27 18:11:03.124 +05:30  INF  Executed DbCommand (214ms) [Parameters=[@__id_0='?' (DbType = Int64)], CommandType='"Text"', CommandTimeout='30']
SELECT `u`.`Id`, `u`.`About_Me`, `u`.`Account_Type`, `u`.`Address`, `u`.`Available_Days`, `u`.`Bn_Name`, `u`.`City`, `u`.`Country`, `u`.`Created_At`, `u`.`Currency`, `u`.`Degree`, `u`.`Email`, `u`.`Email_Verified`, `u`.`Enable_Appointment`, `u`.`Enable_Rating`, `u`.`Exp_Years`, `u`.`Facebook`, `u`.`Google_Analytics`, `u`.`Image`, `u`.`Instagram`, `u`.`Linkedin`, `u`.`Name`, `u`.`Parent_Id`, `u`.`Password`, `u`.`Paypal_Email`, `u`.`Paypal_Mode`, `u`.`Paypal_Payment`, `u`.`Paystack_Payment`, `u`.`Paystack_Public_Key`, `u`.`Paystack_Secret_Key`, `u`.`Phone`, `u`.`Publish_Key`, `u`.`Qr_Code`, `u`.`Razorpay_Key_Id`, `u`.`Razorpay_Key_Secret`, `u`.`Razorpay_Payment`, `u`.`Role`, `u`.`Secret_Key`, `u`.`Skype`, `u`.`Slug`, `u`.`Specialist`, `u`.`Status`, `u`.`Stripe_Payment`, `u`.`Thumb`, `u`.`Trial_Expire`, `u`.`Twitter`, `u`.`User_Name`, `u`.`User_Type`, `u`.`Verify_Code`, `u`.`Whatsapp`
FROM `Users` AS `u`
WHERE `u`.`Id` = @__id_0
LIMIT 1

2024-07-27 18:11:03.124 +05:30  INF  Executing endpoint 'DCRM.Api.Controllers.AppointmentController.Get (DCRM.Api)'

2024-07-27 18:11:03.125 +05:30  INF  Route matched with {action = "Get", controller = "Appointment"}. Executing controller action with signature DCRM.Common.Entity.Appointment Get(Int32) on controller DCRM.Api.Controllers.AppointmentController (DCRM.Api).

2024-07-27 18:11:03.391 +05:30  INF  Executed DbCommand (219ms) [Parameters=[@__p_0='?' (DbType = Int64)], CommandType='"Text"', CommandTimeout='30']
SELECT COUNT(*)
FROM `Patientses` AS `p`
WHERE (`p`.`User_Id` = @__p_0) AND (`p`.`Is_Delete` = 0)

2024-07-27 18:11:03.766 +05:30  INF  Executed DbCommand (214ms) [Parameters=[@__id_0='?' (DbType = Int64)], CommandType='"Text"', CommandTimeout='30']
SELECT `a`.`Id`, `a`.`Appointment_Status`, `a`.`Cause`, `a`.`Chair`, `a`.`Chamber_Id`, `a`.`Created_At`, `a`.`Date`, `a`.`Doctor_Id`, `a`.`Doctor_Name`, `a`.`End_Time`, `a`.`Extra_Notes`, `a`.`Files`, `a`.`Is_Delete`, `a`.`Is_Start`, `a`.`Meeting_Notes`, `a`.`Number_Of_Slot`, `a`.`Patient_Id`, `a`.`Prescription_Id`, `a`.`Serial_Id`, `a`.`Slot_Time`, `a`.`Start_Time`, `a`.`Status`, `a`.`Type`, `a`.`User_Id`, `a`.`Workdone_Id`
FROM `Appointments` AS `a`
WHERE (`a`.`Id` = @__id_0) AND (`a`.`Is_Delete` = 0)
LIMIT 1

2024-07-27 18:11:03.767 +05:30  INF  Executing ObjectResult, writing value of type 'DCRM.Common.Entity.Appointment'.

2024-07-27 18:11:03.767 +05:30  INF  Executed action DCRM.Api.Controllers.AppointmentController.Get (DCRM.Api) in 642.1814ms

2024-07-27 18:11:03.767 +05:30  INF  Executed endpoint 'DCRM.Api.Controllers.AppointmentController.Get (DCRM.Api)'

2024-07-27 18:11:03.767 +05:30  INF  Request finished HTTP/2 GET https://localhost:7069/api/Appointment/Get/387 application/json - - 200 - application/json;+charset=utf-8 1293.2893ms

2024-07-27 18:11:04.055 +05:30  INF  Executed DbCommand (220ms) [Parameters=[@__userId_0='?' (DbType = Int32)], CommandType='"Text"', CommandTimeout='30']
SELECT COUNT(*)
FROM `Staffs` AS `s`
WHERE (`s`.`User_Id` = @__userId_0) AND (`s`.`Is_Deleted` = 0)

2024-07-27 18:11:04.712 +05:30  INF  Executed DbCommand (219ms) [Parameters=[@__userId_0='?' (DbType = Int32)], CommandType='"Text"', CommandTimeout='30']
SELECT COUNT(*)
FROM `Appointments` AS `a`
WHERE (`a`.`User_Id` = @__userId_0) AND (`a`.`Is_Delete` = 0)

2024-07-27 18:11:05.367 +05:30  INF  Executed DbCommand (219ms) [Parameters=[@__userId_0='?' (DbType = Int32)], CommandType='"Text"', CommandTimeout='30']
SELECT COUNT(*)
FROM `Appointments` AS `a`
WHERE ((`a`.`User_Id` = @__userId_0) AND (`a`.`Is_Delete` = 0)) AND (`a`.`Date` = CURDATE())

2024-07-27 18:11:05.367 +05:30  INF  Executing ObjectResult, writing value of type 'DCRM.Common.Dto.DashboardDto'.

2024-07-27 18:11:05.368 +05:30  INF  Executed action DCRM.Api.Controllers.DashboardController.Get (DCRM.Api) in 2631.4418ms

2024-07-27 18:11:05.368 +05:30  INF  Executed endpoint 'DCRM.Api.Controllers.DashboardController.Get (DCRM.Api)'

2024-07-27 18:11:05.368 +05:30  INF  Request finished HTTP/2 GET https://localhost:7069/api/Dashboard/Get application/json - - 200 - application/json;+charset=utf-8 3299.3723ms

2024-07-27 18:11:14.205 +05:30  INF  Request starting HTTP/2 OPTIONS https://localhost:7069/api/Dashboard/Get - -

2024-07-27 18:11:14.206 +05:30  INF  CORS policy execution successful.

2024-07-27 18:11:14.206 +05:30  INF  Request finished HTTP/2 OPTIONS https://localhost:7069/api/Dashboard/Get - - - 204 - - 0.2814ms

2024-07-27 18:11:14.208 +05:30  INF  Request starting HTTP/2 GET https://localhost:7069/api/Dashboard/Get application/json -

2024-07-27 18:11:14.208 +05:30  INF  CORS policy execution successful.

2024-07-27 18:11:14.864 +05:30  INF  Executed DbCommand (220ms) [Parameters=[@__id_0='?' (DbType = Int64)], CommandType='"Text"', CommandTimeout='30']
SELECT `u`.`Id`, `u`.`About_Me`, `u`.`Account_Type`, `u`.`Address`, `u`.`Available_Days`, `u`.`Bn_Name`, `u`.`City`, `u`.`Country`, `u`.`Created_At`, `u`.`Currency`, `u`.`Degree`, `u`.`Email`, `u`.`Email_Verified`, `u`.`Enable_Appointment`, `u`.`Enable_Rating`, `u`.`Exp_Years`, `u`.`Facebook`, `u`.`Google_Analytics`, `u`.`Image`, `u`.`Instagram`, `u`.`Linkedin`, `u`.`Name`, `u`.`Parent_Id`, `u`.`Password`, `u`.`Paypal_Email`, `u`.`Paypal_Mode`, `u`.`Paypal_Payment`, `u`.`Paystack_Payment`, `u`.`Paystack_Public_Key`, `u`.`Paystack_Secret_Key`, `u`.`Phone`, `u`.`Publish_Key`, `u`.`Qr_Code`, `u`.`Razorpay_Key_Id`, `u`.`Razorpay_Key_Secret`, `u`.`Razorpay_Payment`, `u`.`Role`, `u`.`Secret_Key`, `u`.`Skype`, `u`.`Slug`, `u`.`Specialist`, `u`.`Status`, `u`.`Stripe_Payment`, `u`.`Thumb`, `u`.`Trial_Expire`, `u`.`Twitter`, `u`.`User_Name`, `u`.`User_Type`, `u`.`Verify_Code`, `u`.`Whatsapp`
FROM `Users` AS `u`
WHERE `u`.`Id` = @__id_0
LIMIT 1

2024-07-27 18:11:14.864 +05:30  INF  Executing endpoint 'DCRM.Api.Controllers.DashboardController.Get (DCRM.Api)'

2024-07-27 18:11:14.864 +05:30  INF  Route matched with {action = "Get", controller = "Dashboard"}. Executing controller action with signature DCRM.Common.Dto.DashboardDto Get() on controller DCRM.Api.Controllers.DashboardController (DCRM.Api).

2024-07-27 18:11:15.519 +05:30  INF  Executed DbCommand (219ms) [Parameters=[@__p_0='?' (DbType = Int64)], CommandType='"Text"', CommandTimeout='30']
SELECT COUNT(*)
FROM `Patientses` AS `p`
WHERE (`p`.`User_Id` = @__p_0) AND (`p`.`Is_Delete` = 0)

2024-07-27 18:11:16.180 +05:30  INF  Executed DbCommand (219ms) [Parameters=[@__userId_0='?' (DbType = Int32)], CommandType='"Text"', CommandTimeout='30']
SELECT COUNT(*)
FROM `Staffs` AS `s`
WHERE (`s`.`User_Id` = @__userId_0) AND (`s`.`Is_Deleted` = 0)

2024-07-27 18:11:16.838 +05:30  INF  Executed DbCommand (221ms) [Parameters=[@__userId_0='?' (DbType = Int32)], CommandType='"Text"', CommandTimeout='30']
SELECT COUNT(*)
FROM `Appointments` AS `a`
WHERE (`a`.`User_Id` = @__userId_0) AND (`a`.`Is_Delete` = 0)

2024-07-27 18:11:17.493 +05:30  INF  Executed DbCommand (219ms) [Parameters=[@__userId_0='?' (DbType = Int32)], CommandType='"Text"', CommandTimeout='30']
SELECT COUNT(*)
FROM `Appointments` AS `a`
WHERE ((`a`.`User_Id` = @__userId_0) AND (`a`.`Is_Delete` = 0)) AND (`a`.`Date` = CURDATE())

2024-07-27 18:11:17.494 +05:30  INF  Executing ObjectResult, writing value of type 'DCRM.Common.Dto.DashboardDto'.

2024-07-27 18:11:17.494 +05:30  INF  Executed action DCRM.Api.Controllers.DashboardController.Get (DCRM.Api) in 2629.6505ms

2024-07-27 18:11:17.494 +05:30  INF  Executed endpoint 'DCRM.Api.Controllers.DashboardController.Get (DCRM.Api)'

2024-07-27 18:11:17.494 +05:30  INF  Request finished HTTP/2 GET https://localhost:7069/api/Dashboard/Get application/json - - 200 - application/json;+charset=utf-8 3286.1857ms

2024-07-27 18:11:20.119 +05:30  INF  Request starting HTTP/2 OPTIONS https://localhost:7069/api/Patient/Get/387 - -

2024-07-27 18:11:20.119 +05:30  INF  CORS policy execution successful.

2024-07-27 18:11:20.119 +05:30  INF  Request finished HTTP/2 OPTIONS https://localhost:7069/api/Patient/Get/387 - - - 204 - - 0.3515ms

2024-07-27 18:11:20.121 +05:30  INF  Request starting HTTP/2 OPTIONS https://localhost:7069/api/Doctor/Get/Names - -

2024-07-27 18:11:20.121 +05:30  INF  CORS policy execution successful.

2024-07-27 18:11:20.121 +05:30  INF  Request finished HTTP/2 OPTIONS https://localhost:7069/api/Doctor/Get/Names - - - 204 - - 0.3972ms

2024-07-27 18:11:20.123 +05:30  INF  Request starting HTTP/2 GET https://localhost:7069/api/Patient/Get/387 application/json -

2024-07-27 18:11:20.123 +05:30  INF  CORS policy execution successful.

2024-07-27 18:11:20.125 +05:30  INF  Request starting HTTP/2 OPTIONS https://localhost:7069/api/Patient/Get/508 - -

2024-07-27 18:11:20.125 +05:30  INF  Request starting HTTP/2 OPTIONS https://localhost:7069/api/Patient/Get/Names - -

2024-07-27 18:11:20.125 +05:30  INF  Request starting HTTP/2 GET https://localhost:7069/api/Doctor/Get/Names application/json -

2024-07-27 18:11:20.125 +05:30  INF  CORS policy execution successful.

2024-07-27 18:11:20.125 +05:30  INF  CORS policy execution successful.

2024-07-27 18:11:20.125 +05:30  INF  Request finished HTTP/2 OPTIONS https://localhost:7069/api/Patient/Get/508 - - - 204 - - 0.4757ms

2024-07-27 18:11:20.126 +05:30  INF  CORS policy execution successful.

2024-07-27 18:11:20.126 +05:30  INF  Request finished HTTP/2 OPTIONS https://localhost:7069/api/Patient/Get/Names - - - 204 - - 1.3207ms

2024-07-27 18:11:20.128 +05:30  INF  Request starting HTTP/2 OPTIONS https://localhost:7069/api/Chair/GetAll - -

2024-07-27 18:11:20.129 +05:30  INF  CORS policy execution successful.

2024-07-27 18:11:20.129 +05:30  INF  Request starting HTTP/2 GET https://localhost:7069/api/Patient/Get/508 application/json -

2024-07-27 18:11:20.129 +05:30  INF  Request finished HTTP/2 OPTIONS https://localhost:7069/api/Chair/GetAll - - - 204 - - 0.9174ms

2024-07-27 18:11:20.129 +05:30  INF  CORS policy execution successful.

2024-07-27 18:11:20.129 +05:30  INF  Request starting HTTP/2 GET https://localhost:7069/api/Patient/Get/Names application/json -

2024-07-27 18:11:20.130 +05:30  INF  CORS policy execution successful.

2024-07-27 18:11:20.132 +05:30  INF  Request starting HTTP/2 GET https://localhost:7069/api/Chair/GetAll application/json -

2024-07-27 18:11:20.132 +05:30  INF  CORS policy execution successful.

2024-07-27 18:11:20.754 +05:30  INF  Executed DbCommand (212ms) [Parameters=[@__id_0='?' (DbType = Int64)], CommandType='"Text"', CommandTimeout='30']
SELECT `u`.`Id`, `u`.`About_Me`, `u`.`Account_Type`, `u`.`Address`, `u`.`Available_Days`, `u`.`Bn_Name`, `u`.`City`, `u`.`Country`, `u`.`Created_At`, `u`.`Currency`, `u`.`Degree`, `u`.`Email`, `u`.`Email_Verified`, `u`.`Enable_Appointment`, `u`.`Enable_Rating`, `u`.`Exp_Years`, `u`.`Facebook`, `u`.`Google_Analytics`, `u`.`Image`, `u`.`Instagram`, `u`.`Linkedin`, `u`.`Name`, `u`.`Parent_Id`, `u`.`Password`, `u`.`Paypal_Email`, `u`.`Paypal_Mode`, `u`.`Paypal_Payment`, `u`.`Paystack_Payment`, `u`.`Paystack_Public_Key`, `u`.`Paystack_Secret_Key`, `u`.`Phone`, `u`.`Publish_Key`, `u`.`Qr_Code`, `u`.`Razorpay_Key_Id`, `u`.`Razorpay_Key_Secret`, `u`.`Razorpay_Payment`, `u`.`Role`, `u`.`Secret_Key`, `u`.`Skype`, `u`.`Slug`, `u`.`Specialist`, `u`.`Status`, `u`.`Stripe_Payment`, `u`.`Thumb`, `u`.`Trial_Expire`, `u`.`Twitter`, `u`.`User_Name`, `u`.`User_Type`, `u`.`Verify_Code`, `u`.`Whatsapp`
FROM `Users` AS `u`
WHERE `u`.`Id` = @__id_0
LIMIT 1

2024-07-27 18:11:20.754 +05:30  INF  Executing endpoint 'DCRM.Api.Controllers.PatientController.Get (DCRM.Api)'

2024-07-27 18:11:20.754 +05:30  INF  Route matched with {action = "Get", controller = "Patient"}. Executing controller action with signature DCRM.Common.Dto.PatientseDto Get(Int64) on controller DCRM.Api.Controllers.PatientController (DCRM.Api).

2024-07-27 18:11:20.777 +05:30  INF  Executed DbCommand (217ms) [Parameters=[@__id_0='?' (DbType = Int64)], CommandType='"Text"', CommandTimeout='30']
SELECT `u`.`Id`, `u`.`About_Me`, `u`.`Account_Type`, `u`.`Address`, `u`.`Available_Days`, `u`.`Bn_Name`, `u`.`City`, `u`.`Country`, `u`.`Created_At`, `u`.`Currency`, `u`.`Degree`, `u`.`Email`, `u`.`Email_Verified`, `u`.`Enable_Appointment`, `u`.`Enable_Rating`, `u`.`Exp_Years`, `u`.`Facebook`, `u`.`Google_Analytics`, `u`.`Image`, `u`.`Instagram`, `u`.`Linkedin`, `u`.`Name`, `u`.`Parent_Id`, `u`.`Password`, `u`.`Paypal_Email`, `u`.`Paypal_Mode`, `u`.`Paypal_Payment`, `u`.`Paystack_Payment`, `u`.`Paystack_Public_Key`, `u`.`Paystack_Secret_Key`, `u`.`Phone`, `u`.`Publish_Key`, `u`.`Qr_Code`, `u`.`Razorpay_Key_Id`, `u`.`Razorpay_Key_Secret`, `u`.`Razorpay_Payment`, `u`.`Role`, `u`.`Secret_Key`, `u`.`Skype`, `u`.`Slug`, `u`.`Specialist`, `u`.`Status`, `u`.`Stripe_Payment`, `u`.`Thumb`, `u`.`Trial_Expire`, `u`.`Twitter`, `u`.`User_Name`, `u`.`User_Type`, `u`.`Verify_Code`, `u`.`Whatsapp`
FROM `Users` AS `u`
WHERE `u`.`Id` = @__id_0
LIMIT 1

2024-07-27 18:11:20.777 +05:30  INF  Executed DbCommand (217ms) [Parameters=[@__id_0='?' (DbType = Int64)], CommandType='"Text"', CommandTimeout='30']
SELECT `u`.`Id`, `u`.`About_Me`, `u`.`Account_Type`, `u`.`Address`, `u`.`Available_Days`, `u`.`Bn_Name`, `u`.`City`, `u`.`Country`, `u`.`Created_At`, `u`.`Currency`, `u`.`Degree`, `u`.`Email`, `u`.`Email_Verified`, `u`.`Enable_Appointment`, `u`.`Enable_Rating`, `u`.`Exp_Years`, `u`.`Facebook`, `u`.`Google_Analytics`, `u`.`Image`, `u`.`Instagram`, `u`.`Linkedin`, `u`.`Name`, `u`.`Parent_Id`, `u`.`Password`, `u`.`Paypal_Email`, `u`.`Paypal_Mode`, `u`.`Paypal_Payment`, `u`.`Paystack_Payment`, `u`.`Paystack_Public_Key`, `u`.`Paystack_Secret_Key`, `u`.`Phone`, `u`.`Publish_Key`, `u`.`Qr_Code`, `u`.`Razorpay_Key_Id`, `u`.`Razorpay_Key_Secret`, `u`.`Razorpay_Payment`, `u`.`Role`, `u`.`Secret_Key`, `u`.`Skype`, `u`.`Slug`, `u`.`Specialist`, `u`.`Status`, `u`.`Stripe_Payment`, `u`.`Thumb`, `u`.`Trial_Expire`, `u`.`Twitter`, `u`.`User_Name`, `u`.`User_Type`, `u`.`Verify_Code`, `u`.`Whatsapp`
FROM `Users` AS `u`
WHERE `u`.`Id` = @__id_0
LIMIT 1

2024-07-27 18:11:20.777 +05:30  INF  Executing endpoint 'DCRM.Api.Controllers.DoctorController.DoctorNameList (DCRM.Api)'

2024-07-27 18:11:20.777 +05:30  INF  Executing endpoint 'DCRM.Api.Controllers.PatientController.PatientDetailList (DCRM.Api)'

2024-07-27 18:11:20.777 +05:30  INF  Route matched with {action = "DoctorNameList", controller = "Doctor"}. Executing controller action with signature System.Collections.Generic.List`1[DCRM.Common.Dto.DropdownDataDto] DoctorNameList() on controller DCRM.Api.Controllers.DoctorController (DCRM.Api).

2024-07-27 18:11:20.778 +05:30  INF  Route matched with {action = "PatientDetailList", controller = "Patient"}. Executing controller action with signature System.Collections.Generic.List`1[DCRM.Common.Dto.DropdownDataDto] PatientDetailList() on controller DCRM.Api.Controllers.PatientController (DCRM.Api).

2024-07-27 18:11:20.781 +05:30  INF  Executed DbCommand (217ms) [Parameters=[@__id_0='?' (DbType = Int64)], CommandType='"Text"', CommandTimeout='30']
SELECT `u`.`Id`, `u`.`About_Me`, `u`.`Account_Type`, `u`.`Address`, `u`.`Available_Days`, `u`.`Bn_Name`, `u`.`City`, `u`.`Country`, `u`.`Created_At`, `u`.`Currency`, `u`.`Degree`, `u`.`Email`, `u`.`Email_Verified`, `u`.`Enable_Appointment`, `u`.`Enable_Rating`, `u`.`Exp_Years`, `u`.`Facebook`, `u`.`Google_Analytics`, `u`.`Image`, `u`.`Instagram`, `u`.`Linkedin`, `u`.`Name`, `u`.`Parent_Id`, `u`.`Password`, `u`.`Paypal_Email`, `u`.`Paypal_Mode`, `u`.`Paypal_Payment`, `u`.`Paystack_Payment`, `u`.`Paystack_Public_Key`, `u`.`Paystack_Secret_Key`, `u`.`Phone`, `u`.`Publish_Key`, `u`.`Qr_Code`, `u`.`Razorpay_Key_Id`, `u`.`Razorpay_Key_Secret`, `u`.`Razorpay_Payment`, `u`.`Role`, `u`.`Secret_Key`, `u`.`Skype`, `u`.`Slug`, `u`.`Specialist`, `u`.`Status`, `u`.`Stripe_Payment`, `u`.`Thumb`, `u`.`Trial_Expire`, `u`.`Twitter`, `u`.`User_Name`, `u`.`User_Type`, `u`.`Verify_Code`, `u`.`Whatsapp`
FROM `Users` AS `u`
WHERE `u`.`Id` = @__id_0
LIMIT 1

2024-07-27 18:11:20.781 +05:30  INF  Executing endpoint 'DCRM.Api.Controllers.PatientController.Get (DCRM.Api)'

2024-07-27 18:11:20.781 +05:30  INF  Route matched with {action = "Get", controller = "Patient"}. Executing controller action with signature DCRM.Common.Dto.PatientseDto Get(Int64) on controller DCRM.Api.Controllers.PatientController (DCRM.Api).

2024-07-27 18:11:20.796 +05:30  INF  Executed DbCommand (228ms) [Parameters=[@__id_0='?' (DbType = Int64)], CommandType='"Text"', CommandTimeout='30']
SELECT `u`.`Id`, `u`.`About_Me`, `u`.`Account_Type`, `u`.`Address`, `u`.`Available_Days`, `u`.`Bn_Name`, `u`.`City`, `u`.`Country`, `u`.`Created_At`, `u`.`Currency`, `u`.`Degree`, `u`.`Email`, `u`.`Email_Verified`, `u`.`Enable_Appointment`, `u`.`Enable_Rating`, `u`.`Exp_Years`, `u`.`Facebook`, `u`.`Google_Analytics`, `u`.`Image`, `u`.`Instagram`, `u`.`Linkedin`, `u`.`Name`, `u`.`Parent_Id`, `u`.`Password`, `u`.`Paypal_Email`, `u`.`Paypal_Mode`, `u`.`Paypal_Payment`, `u`.`Paystack_Payment`, `u`.`Paystack_Public_Key`, `u`.`Paystack_Secret_Key`, `u`.`Phone`, `u`.`Publish_Key`, `u`.`Qr_Code`, `u`.`Razorpay_Key_Id`, `u`.`Razorpay_Key_Secret`, `u`.`Razorpay_Payment`, `u`.`Role`, `u`.`Secret_Key`, `u`.`Skype`, `u`.`Slug`, `u`.`Specialist`, `u`.`Status`, `u`.`Stripe_Payment`, `u`.`Thumb`, `u`.`Trial_Expire`, `u`.`Twitter`, `u`.`User_Name`, `u`.`User_Type`, `u`.`Verify_Code`, `u`.`Whatsapp`
FROM `Users` AS `u`
WHERE `u`.`Id` = @__id_0
LIMIT 1

2024-07-27 18:11:20.797 +05:30  INF  Executing endpoint 'DCRM.Api.Controllers.ChairController.GetAll (DCRM.Api)'

2024-07-27 18:11:20.797 +05:30  INF  Route matched with {action = "GetAll", controller = "Chair"}. Executing controller action with signature System.Collections.Generic.List`1[DCRM.Common.Dto.ChairDto] GetAll() on controller DCRM.Api.Controllers.ChairController (DCRM.Api).

2024-07-27 18:11:21.407 +05:30  INF  Executed DbCommand (219ms) [Parameters=[@__id_0='?' (DbType = Int64)], CommandType='"Text"', CommandTimeout='30']
SELECT `p`.`Id`, `p`.`Age`, `p`.`Chamber_Id`, `p`.`Created_At`, `p`.`Email`, `p`.`Guardian`, `p`.`Is_Delete`, `p`.`Mobile`, `p`.`Mr_Number`, `p`.`Name`, `p`.`Password`, `p`.`Permanent_Address`, `p`.`Present_Address`, `p`.`Role`, `p`.`Sex`, `p`.`Slug`, `p`.`Thumb`, `p`.`Title`, `p`.`UserName`, `p`.`User_Id`, `p`.`Verify_Code`, `p`.`Weight`
FROM `Patientses` AS `p`
WHERE (`p`.`Is_Delete` = 0) AND (`p`.`Id` = @__id_0)
LIMIT 1

2024-07-27 18:11:21.433 +05:30  INF  Executed DbCommand (219ms) [Parameters=[@__id_0='?' (DbType = Int64)], CommandType='"Text"', CommandTimeout='30']
SELECT `p`.`Id`, `p`.`Age`, `p`.`Chamber_Id`, `p`.`Created_At`, `p`.`Email`, `p`.`Guardian`, `p`.`Is_Delete`, `p`.`Mobile`, `p`.`Mr_Number`, `p`.`Name`, `p`.`Password`, `p`.`Permanent_Address`, `p`.`Present_Address`, `p`.`Role`, `p`.`Sex`, `p`.`Slug`, `p`.`Thumb`, `p`.`Title`, `p`.`UserName`, `p`.`User_Id`, `p`.`Verify_Code`, `p`.`Weight`
FROM `Patientses` AS `p`
WHERE (`p`.`Is_Delete` = 0) AND (`p`.`Id` = @__id_0)
LIMIT 1

2024-07-27 18:11:21.456 +05:30  INF  Executed DbCommand (220ms) [Parameters=[], CommandType='"Text"', CommandTimeout='30']
SELECT `c`.`Id`, `c`.`Address`, `c`.`Appoinment_Limit`, `c`.`Created_At`, `c`.`Doctor_Id`, `c`.`Is_Primary`, `c`.`Name`, `c`.`Status`, `c`.`Uid`, `c`.`User_Id`
FROM `Chairs` AS `c`

2024-07-27 18:11:21.659 +05:30  INF  Executed DbCommand (457ms) [Parameters=[@__userId_0='?' (DbType = Int64)], CommandType='"Text"', CommandTimeout='30']
SELECT `p`.`Id`, `p`.`Age`, `p`.`Chamber_Id`, `p`.`Created_At`, `p`.`Email`, `p`.`Guardian`, `p`.`Is_Delete`, `p`.`Mobile`, `p`.`Mr_Number`, `p`.`Name`, `p`.`Password`, `p`.`Permanent_Address`, `p`.`Present_Address`, `p`.`Role`, `p`.`Sex`, `p`.`Slug`, `p`.`Thumb`, `p`.`Title`, `p`.`UserName`, `p`.`User_Id`, `p`.`Verify_Code`, `p`.`Weight`
FROM `Patientses` AS `p`
WHERE (`p`.`User_Id` = @__userId_0) AND (`p`.`Is_Delete` = 0)

2024-07-27 18:11:21.659 +05:30  INF  Executed DbCommand (457ms) [Parameters=[@__userId_0='?' (DbType = Int64)], CommandType='"Text"', CommandTimeout='30']
SELECT `d`.`Id`, `d`.`Age`, `d`.`Blood_Group`, `d`.`Created_At`, `d`.`Dob`, `d`.`Email`, `d`.`Email2`, `d`.`Gender`, `d`.`Gst_Number`, `d`.`Is_Delete`, `d`.`Marital_Status`, `d`.`Name`, `d`.`Pan_Number`, `d`.`Password`, `d`.`Phone1`, `d`.`Phone2`, `d`.`Phone3`, `d`.`Phone4`, `d`.`Qualification`, `d`.`Role`, `d`.`Speciality`, `d`.`Thumb`, `d`.`Updated_At`, `d`.`User_Id`
FROM `Doctors` AS `d`
WHERE (`d`.`User_Id` = @__userId_0) AND (`d`.`Is_Delete` = 0)

2024-07-27 18:11:21.743 +05:30  INF  Request starting HTTP/2 OPTIONS https://localhost:7069/api/Appointment/Get/387 - -

2024-07-27 18:11:21.744 +05:30  INF  CORS policy execution successful.

2024-07-27 18:11:21.744 +05:30  INF  Request finished HTTP/2 OPTIONS https://localhost:7069/api/Appointment/Get/387 - - - 204 - - 0.6345ms

2024-07-27 18:11:21.750 +05:30  INF  Request starting HTTP/2 GET https://localhost:7069/api/Appointment/Get/387 application/json -

2024-07-27 18:11:21.750 +05:30  INF  CORS policy execution successful.

2024-07-27 18:11:22.124 +05:30  INF  Executed DbCommand (221ms) [Parameters=[@__Id_0='?' (DbType = Int64)], CommandType='"Text"', CommandTimeout='30']
SELECT `d`.`Id`, `d`.`Age`, `d`.`Blood_Group`, `d`.`Created_At`, `d`.`Dob`, `d`.`Email`, `d`.`Email2`, `d`.`Gender`, `d`.`Gst_Number`, `d`.`Is_Delete`, `d`.`Marital_Status`, `d`.`Name`, `d`.`Pan_Number`, `d`.`Password`, `d`.`Phone1`, `d`.`Phone2`, `d`.`Phone3`, `d`.`Phone4`, `d`.`Qualification`, `d`.`Role`, `d`.`Speciality`, `d`.`Thumb`, `d`.`Updated_At`, `d`.`User_Id`
FROM `Doctors` AS `d`
WHERE `d`.`Id` = @__Id_0
LIMIT 2

2024-07-27 18:11:22.265 +05:30  INF  Executed DbCommand (429ms) [Parameters=[], CommandType='"Text"', CommandTimeout='30']
SELECT `p`.`Id`, `p`.`Amount_Type`, `p`.`Balance`, `p`.`Created_At`, `p`.`Credit_Amount`, `p`.`Debit_Amount`, `p`.`Description`, `p`.`Doctor_Id`, `p`.`Patient_Id`, `p`.`Payment_Mode`, `p`.`Updated_At`, `p`.`Workdone_Id`, `p`.`isPrinted`
FROM `Payment_History` AS `p`

2024-07-27 18:11:22.340 +05:30  INF  Executed DbCommand (461ms) [Parameters=[], CommandType='"Text"', CommandTimeout='30']
SELECT `p`.`Id`, `p`.`Amount_Type`, `p`.`Balance`, `p`.`Created_At`, `p`.`Credit_Amount`, `p`.`Debit_Amount`, `p`.`Description`, `p`.`Doctor_Id`, `p`.`Patient_Id`, `p`.`Payment_Mode`, `p`.`Updated_At`, `p`.`Workdone_Id`, `p`.`isPrinted`
FROM `Payment_History` AS `p`

2024-07-27 18:11:22.546 +05:30  INF  Executing ObjectResult, writing value of type 'System.Collections.Generic.List`1[[DCRM.Common.Dto.DropdownDataDto, DCRM.Common, Version=1.0.0.0, Culture=neutral, PublicKeyToken=null]]'.

2024-07-27 18:11:22.547 +05:30  INF  Executed action DCRM.Api.Controllers.DoctorController.DoctorNameList (DCRM.Api) in 1769.3618ms

2024-07-27 18:11:22.547 +05:30  INF  Executed endpoint 'DCRM.Api.Controllers.DoctorController.DoctorNameList (DCRM.Api)'

2024-07-27 18:11:22.547 +05:30  INF  Request finished HTTP/2 GET https://localhost:7069/api/Doctor/Get/Names application/json - - 0 - application/json;+charset=utf-8 2422.0564ms

2024-07-27 18:11:22.785 +05:30  INF  Executed DbCommand (218ms) [Parameters=[@__Id_0='?' (DbType = Int64)], CommandType='"Text"', CommandTimeout='30']
SELECT `d`.`Id`, `d`.`Age`, `d`.`Blood_Group`, `d`.`Created_At`, `d`.`Dob`, `d`.`Email`, `d`.`Email2`, `d`.`Gender`, `d`.`Gst_Number`, `d`.`Is_Delete`, `d`.`Marital_Status`, `d`.`Name`, `d`.`Pan_Number`, `d`.`Password`, `d`.`Phone1`, `d`.`Phone2`, `d`.`Phone3`, `d`.`Phone4`, `d`.`Qualification`, `d`.`Role`, `d`.`Speciality`, `d`.`Thumb`, `d`.`Updated_At`, `d`.`User_Id`
FROM `Doctors` AS `d`
WHERE `d`.`Id` = @__Id_0
LIMIT 2

2024-07-27 18:11:23.096 +05:30  INF  Executed DbCommand (209ms) [Parameters=[@__p_0='?' (DbType = Int64)], CommandType='"Text"', CommandTimeout='30']
SELECT `p`.`Id`, `p`.`Amount`, `p`.`Balance_Amount`, `p`.`Balance_Spent`, `p`.`Created_At`, `p`.`Name`, `p`.`Patients_Id`, `p`.`Type`, `p`.`Updated_At`
FROM `Patients_Insurance_Loan` AS `p`
WHERE `p`.`Patients_Id` = @__p_0

2024-07-27 18:11:23.218 +05:30  INF  Executed DbCommand (220ms) [Parameters=[@__p_0='?' (DbType = Int64)], CommandType='"Text"', CommandTimeout='30']
SELECT `p`.`Id`, `p`.`Amount`, `p`.`Balance_Amount`, `p`.`Balance_Spent`, `p`.`Created_At`, `p`.`Name`, `p`.`Patients_Id`, `p`.`Type`, `p`.`Updated_At`
FROM `Patients_Insurance_Loan` AS `p`
WHERE `p`.`Patients_Id` = @__p_0

2024-07-27 18:11:23.391 +05:30  INF  Executing ObjectResult, writing value of type 'System.Collections.Generic.List`1[[DCRM.Common.Dto.DropdownDataDto, DCRM.Common, Version=1.0.0.0, Culture=neutral, PublicKeyToken=null]]'.

2024-07-27 18:11:23.393 +05:30  INF  Executed action DCRM.Api.Controllers.PatientController.PatientDetailList (DCRM.Api) in 2615.2368ms

2024-07-27 18:11:23.393 +05:30  INF  Executed endpoint 'DCRM.Api.Controllers.PatientController.PatientDetailList (DCRM.Api)'

2024-07-27 18:11:23.393 +05:30  INF  Request finished HTTP/2 GET https://localhost:7069/api/Patient/Get/Names application/json - - 0 - application/json;+charset=utf-8 3263.6815ms

2024-07-27 18:11:23.443 +05:30  INF  Executed DbCommand (218ms) [Parameters=[@__Id_0='?' (DbType = Int64)], CommandType='"Text"', CommandTimeout='30']
SELECT `d`.`Id`, `d`.`Age`, `d`.`Blood_Group`, `d`.`Created_At`, `d`.`Dob`, `d`.`Email`, `d`.`Email2`, `d`.`Gender`, `d`.`Gst_Number`, `d`.`Is_Delete`, `d`.`Marital_Status`, `d`.`Name`, `d`.`Pan_Number`, `d`.`Password`, `d`.`Phone1`, `d`.`Phone2`, `d`.`Phone3`, `d`.`Phone4`, `d`.`Qualification`, `d`.`Role`, `d`.`Speciality`, `d`.`Thumb`, `d`.`Updated_At`, `d`.`User_Id`
FROM `Doctors` AS `d`
WHERE `d`.`Id` = @__Id_0
LIMIT 2

2024-07-27 18:11:23.718 +05:30  INF  Executed DbCommand (207ms) [Parameters=[@__p_0='?' (DbType = Int64)], CommandType='"Text"', CommandTimeout='30']
SELECT `p`.`Id`, `p`.`Created_At`, `p`.`Patient_Id`, `p`.`Report`, `p`.`Report_Date`, `p`.`Report_File`, `p`.`Status`, `p`.`Test_Name`, `p`.`Test_Price`, `p`.`Updated_At`
FROM `Patient_Tests` AS `p`
WHERE `p`.`Patient_Id` = @__p_0

2024-07-27 18:11:23.872 +05:30  INF  Executed DbCommand (219ms) [Parameters=[@__p_0='?' (DbType = Int64)], CommandType='"Text"', CommandTimeout='30']
SELECT `p`.`Id`, `p`.`Created_At`, `p`.`Patient_Id`, `p`.`Report`, `p`.`Report_Date`, `p`.`Report_File`, `p`.`Status`, `p`.`Test_Name`, `p`.`Test_Price`, `p`.`Updated_At`
FROM `Patient_Tests` AS `p`
WHERE `p`.`Patient_Id` = @__p_0

2024-07-27 18:11:24.098 +05:30  INF  Executed DbCommand (221ms) [Parameters=[@__Id_0='?' (DbType = Int64)], CommandType='"Text"', CommandTimeout='30']
SELECT `d`.`Id`, `d`.`Age`, `d`.`Blood_Group`, `d`.`Created_At`, `d`.`Dob`, `d`.`Email`, `d`.`Email2`, `d`.`Gender`, `d`.`Gst_Number`, `d`.`Is_Delete`, `d`.`Marital_Status`, `d`.`Name`, `d`.`Pan_Number`, `d`.`Password`, `d`.`Phone1`, `d`.`Phone2`, `d`.`Phone3`, `d`.`Phone4`, `d`.`Qualification`, `d`.`Role`, `d`.`Speciality`, `d`.`Thumb`, `d`.`Updated_At`, `d`.`User_Id`
FROM `Doctors` AS `d`
WHERE `d`.`Id` = @__Id_0
LIMIT 2

2024-07-27 18:11:24.340 +05:30  INF  Executed DbCommand (208ms) [Parameters=[@__p_0='?' (DbType = Int64)], CommandType='"Text"', CommandTimeout='30']
SELECT `p`.`Id`, `p`.`Address_O`, `p`.`Address_Other`, `p`.`Address_R`, `p`.`City_O`, `p`.`City_Other`, `p`.`City_R`, `p`.`Country_O`, `p`.`Country_Other`, `p`.`Country_R`, `p`.`Created_At`, `p`.`Doctor_Name`, `p`.`Email`, `p`.`Email2`, `p`.`Medical_History_Allergies`, `p`.`Patient_Id`, `p`.`Phone`, `p`.`Phone1`, `p`.`Phone2`, `p`.`Phone3`, `p`.`Phone4`, `p`.`Physician`, `p`.`Reffered_By`, `p`.`Relationship_Type`, `p`.`Special_Notes`, `p`.`Updated_At`, `p`.`Zip_O`, `p`.`Zip_Other`, `p`.`Zip_R`
FROM `Patients_Contact` AS `p`
WHERE `p`.`Patient_Id` = @__p_0

2024-07-27 18:11:24.526 +05:30  INF  Executed DbCommand (220ms) [Parameters=[@__p_0='?' (DbType = Int64)], CommandType='"Text"', CommandTimeout='30']
SELECT `p`.`Id`, `p`.`Address_O`, `p`.`Address_Other`, `p`.`Address_R`, `p`.`City_O`, `p`.`City_Other`, `p`.`City_R`, `p`.`Country_O`, `p`.`Country_Other`, `p`.`Country_R`, `p`.`Created_At`, `p`.`Doctor_Name`, `p`.`Email`, `p`.`Email2`, `p`.`Medical_History_Allergies`, `p`.`Patient_Id`, `p`.`Phone`, `p`.`Phone1`, `p`.`Phone2`, `p`.`Phone3`, `p`.`Phone4`, `p`.`Physician`, `p`.`Reffered_By`, `p`.`Relationship_Type`, `p`.`Special_Notes`, `p`.`Updated_At`, `p`.`Zip_O`, `p`.`Zip_Other`, `p`.`Zip_R`
FROM `Patients_Contact` AS `p`
WHERE `p`.`Patient_Id` = @__p_0

2024-07-27 18:11:24.750 +05:30  INF  Executed DbCommand (218ms) [Parameters=[@__Id_0='?' (DbType = Int64)], CommandType='"Text"', CommandTimeout='30']
SELECT `d`.`Id`, `d`.`Age`, `d`.`Blood_Group`, `d`.`Created_At`, `d`.`Dob`, `d`.`Email`, `d`.`Email2`, `d`.`Gender`, `d`.`Gst_Number`, `d`.`Is_Delete`, `d`.`Marital_Status`, `d`.`Name`, `d`.`Pan_Number`, `d`.`Password`, `d`.`Phone1`, `d`.`Phone2`, `d`.`Phone3`, `d`.`Phone4`, `d`.`Qualification`, `d`.`Role`, `d`.`Speciality`, `d`.`Thumb`, `d`.`Updated_At`, `d`.`User_Id`
FROM `Doctors` AS `d`
WHERE `d`.`Id` = @__Id_0
LIMIT 2

2024-07-27 18:11:24.893 +05:30  INF  Executed DbCommand (219ms) [Parameters=[@__id_0='?' (DbType = Int64)], CommandType='"Text"', CommandTimeout='30']
SELECT `u`.`Id`, `u`.`About_Me`, `u`.`Account_Type`, `u`.`Address`, `u`.`Available_Days`, `u`.`Bn_Name`, `u`.`City`, `u`.`Country`, `u`.`Created_At`, `u`.`Currency`, `u`.`Degree`, `u`.`Email`, `u`.`Email_Verified`, `u`.`Enable_Appointment`, `u`.`Enable_Rating`, `u`.`Exp_Years`, `u`.`Facebook`, `u`.`Google_Analytics`, `u`.`Image`, `u`.`Instagram`, `u`.`Linkedin`, `u`.`Name`, `u`.`Parent_Id`, `u`.`Password`, `u`.`Paypal_Email`, `u`.`Paypal_Mode`, `u`.`Paypal_Payment`, `u`.`Paystack_Payment`, `u`.`Paystack_Public_Key`, `u`.`Paystack_Secret_Key`, `u`.`Phone`, `u`.`Publish_Key`, `u`.`Qr_Code`, `u`.`Razorpay_Key_Id`, `u`.`Razorpay_Key_Secret`, `u`.`Razorpay_Payment`, `u`.`Role`, `u`.`Secret_Key`, `u`.`Skype`, `u`.`Slug`, `u`.`Specialist`, `u`.`Status`, `u`.`Stripe_Payment`, `u`.`Thumb`, `u`.`Trial_Expire`, `u`.`Twitter`, `u`.`User_Name`, `u`.`User_Type`, `u`.`Verify_Code`, `u`.`Whatsapp`
FROM `Users` AS `u`
WHERE `u`.`Id` = @__id_0
LIMIT 1

2024-07-27 18:11:24.894 +05:30  INF  Executing endpoint 'DCRM.Api.Controllers.AppointmentController.Get (DCRM.Api)'

2024-07-27 18:11:24.894 +05:30  INF  Route matched with {action = "Get", controller = "Appointment"}. Executing controller action with signature DCRM.Common.Entity.Appointment Get(Int32) on controller DCRM.Api.Controllers.AppointmentController (DCRM.Api).

2024-07-27 18:11:24.959 +05:30  INF  Executed DbCommand (205ms) [Parameters=[@__p_0='?' (DbType = Int64)], CommandType='"Text"', CommandTimeout='30']
SELECT `p`.`Id`, `p`.`Created_At`, `p`.`Patient_Id`, `p`.`Report`, `p`.`Report_File`, `p`.`Scan_Name`, `p`.`Status`, `p`.`Type`, `p`.`Updated_At`
FROM `Patient_Scans` AS `p`
WHERE `p`.`Patient_Id` = @__p_0

2024-07-27 18:11:24.959 +05:30  INF  Executing ObjectResult, writing value of type 'DCRM.Common.Dto.PatientseDto'.

2024-07-27 18:11:24.960 +05:30  INF  Executed action DCRM.Api.Controllers.PatientController.Get (DCRM.Api) in 4205.3369ms

2024-07-27 18:11:24.960 +05:30  INF  Executed endpoint 'DCRM.Api.Controllers.PatientController.Get (DCRM.Api)'

2024-07-27 18:11:24.960 +05:30  INF  Request finished HTTP/2 GET https://localhost:7069/api/Patient/Get/508 application/json - - 0 - application/json;+charset=utf-8 4830.9188ms

2024-07-27 18:11:25.182 +05:30  INF  Executed DbCommand (220ms) [Parameters=[@__p_0='?' (DbType = Int64)], CommandType='"Text"', CommandTimeout='30']
SELECT `p`.`Id`, `p`.`Created_At`, `p`.`Patient_Id`, `p`.`Report`, `p`.`Report_File`, `p`.`Scan_Name`, `p`.`Status`, `p`.`Type`, `p`.`Updated_At`
FROM `Patient_Scans` AS `p`
WHERE `p`.`Patient_Id` = @__p_0

2024-07-27 18:11:25.182 +05:30  INF  Executing ObjectResult, writing value of type 'DCRM.Common.Dto.PatientseDto'.

2024-07-27 18:11:25.184 +05:30  INF  Executed action DCRM.Api.Controllers.PatientController.Get (DCRM.Api) in 4402.4726ms

2024-07-27 18:11:25.184 +05:30  INF  Executed endpoint 'DCRM.Api.Controllers.PatientController.Get (DCRM.Api)'

2024-07-27 18:11:25.184 +05:30  INF  Request finished HTTP/2 GET https://localhost:7069/api/Patient/Get/387 application/json - - 0 - application/json;+charset=utf-8 5061.0146ms

2024-07-27 18:11:25.406 +05:30  INF  Executed DbCommand (220ms) [Parameters=[@__Id_0='?' (DbType = Int64)], CommandType='"Text"', CommandTimeout='30']
SELECT `d`.`Id`, `d`.`Age`, `d`.`Blood_Group`, `d`.`Created_At`, `d`.`Dob`, `d`.`Email`, `d`.`Email2`, `d`.`Gender`, `d`.`Gst_Number`, `d`.`Is_Delete`, `d`.`Marital_Status`, `d`.`Name`, `d`.`Pan_Number`, `d`.`Password`, `d`.`Phone1`, `d`.`Phone2`, `d`.`Phone3`, `d`.`Phone4`, `d`.`Qualification`, `d`.`Role`, `d`.`Speciality`, `d`.`Thumb`, `d`.`Updated_At`, `d`.`User_Id`
FROM `Doctors` AS `d`
WHERE `d`.`Id` = @__Id_0
LIMIT 2

2024-07-27 18:11:25.549 +05:30  INF  Executed DbCommand (220ms) [Parameters=[@__id_0='?' (DbType = Int64)], CommandType='"Text"', CommandTimeout='30']
SELECT `a`.`Id`, `a`.`Appointment_Status`, `a`.`Cause`, `a`.`Chair`, `a`.`Chamber_Id`, `a`.`Created_At`, `a`.`Date`, `a`.`Doctor_Id`, `a`.`Doctor_Name`, `a`.`End_Time`, `a`.`Extra_Notes`, `a`.`Files`, `a`.`Is_Delete`, `a`.`Is_Start`, `a`.`Meeting_Notes`, `a`.`Number_Of_Slot`, `a`.`Patient_Id`, `a`.`Prescription_Id`, `a`.`Serial_Id`, `a`.`Slot_Time`, `a`.`Start_Time`, `a`.`Status`, `a`.`Type`, `a`.`User_Id`, `a`.`Workdone_Id`
FROM `Appointments` AS `a`
WHERE (`a`.`Id` = @__id_0) AND (`a`.`Is_Delete` = 0)
LIMIT 1

2024-07-27 18:11:25.549 +05:30  INF  Executing ObjectResult, writing value of type 'DCRM.Common.Entity.Appointment'.

2024-07-27 18:11:25.549 +05:30  INF  Executed action DCRM.Api.Controllers.AppointmentController.Get (DCRM.Api) in 655.6607ms

2024-07-27 18:11:25.550 +05:30  INF  Executed endpoint 'DCRM.Api.Controllers.AppointmentController.Get (DCRM.Api)'

2024-07-27 18:11:25.550 +05:30  INF  Request finished HTTP/2 GET https://localhost:7069/api/Appointment/Get/387 application/json - - 200 - application/json;+charset=utf-8 3800.1807ms

2024-07-27 18:11:26.069 +05:30  INF  Executed DbCommand (221ms) [Parameters=[@__Id_0='?' (DbType = Int64)], CommandType='"Text"', CommandTimeout='30']
SELECT `d`.`Id`, `d`.`Age`, `d`.`Blood_Group`, `d`.`Created_At`, `d`.`Dob`, `d`.`Email`, `d`.`Email2`, `d`.`Gender`, `d`.`Gst_Number`, `d`.`Is_Delete`, `d`.`Marital_Status`, `d`.`Name`, `d`.`Pan_Number`, `d`.`Password`, `d`.`Phone1`, `d`.`Phone2`, `d`.`Phone3`, `d`.`Phone4`, `d`.`Qualification`, `d`.`Role`, `d`.`Speciality`, `d`.`Thumb`, `d`.`Updated_At`, `d`.`User_Id`
FROM `Doctors` AS `d`
WHERE `d`.`Id` = @__Id_0
LIMIT 2

2024-07-27 18:11:26.730 +05:30  INF  Executed DbCommand (220ms) [Parameters=[@__Id_0='?' (DbType = Int64)], CommandType='"Text"', CommandTimeout='30']
SELECT `d`.`Id`, `d`.`Age`, `d`.`Blood_Group`, `d`.`Created_At`, `d`.`Dob`, `d`.`Email`, `d`.`Email2`, `d`.`Gender`, `d`.`Gst_Number`, `d`.`Is_Delete`, `d`.`Marital_Status`, `d`.`Name`, `d`.`Pan_Number`, `d`.`Password`, `d`.`Phone1`, `d`.`Phone2`, `d`.`Phone3`, `d`.`Phone4`, `d`.`Qualification`, `d`.`Role`, `d`.`Speciality`, `d`.`Thumb`, `d`.`Updated_At`, `d`.`User_Id`
FROM `Doctors` AS `d`
WHERE `d`.`Id` = @__Id_0
LIMIT 2

2024-07-27 18:11:27.163 +05:30  INF  Request starting HTTP/2 OPTIONS https://localhost:7069/api/Patient/Get/387 - -

2024-07-27 18:11:27.164 +05:30  INF  CORS policy execution successful.

2024-07-27 18:11:27.164 +05:30  INF  Request finished HTTP/2 OPTIONS https://localhost:7069/api/Patient/Get/387 - - - 204 - - 0.5998ms

2024-07-27 18:11:27.164 +05:30  INF  Request starting HTTP/2 OPTIONS https://localhost:7069/api/Doctor/Get/Names - -

2024-07-27 18:11:27.165 +05:30  INF  CORS policy execution successful.

2024-07-27 18:11:27.165 +05:30  INF  Request finished HTTP/2 OPTIONS https://localhost:7069/api/Doctor/Get/Names - - - 204 - - 0.3102ms

2024-07-27 18:11:27.167 +05:30  INF  Request starting HTTP/2 OPTIONS https://localhost:7069/api/Patient/Get/Names - -

2024-07-27 18:11:27.168 +05:30  INF  CORS policy execution successful.

2024-07-27 18:11:27.168 +05:30  INF  Request finished HTTP/2 OPTIONS https://localhost:7069/api/Patient/Get/Names - - - 204 - - 1.5304ms

2024-07-27 18:11:27.171 +05:30  INF  Request starting HTTP/2 GET https://localhost:7069/api/Patient/Get/387 application/json -

2024-07-27 18:11:27.172 +05:30  INF  CORS policy execution successful.

2024-07-27 18:11:27.177 +05:30  INF  Request starting HTTP/2 OPTIONS https://localhost:7069/api/Patient/Get/508 - -

2024-07-27 18:11:27.179 +05:30  INF  CORS policy execution successful.

2024-07-27 18:11:27.179 +05:30  INF  Request starting HTTP/2 GET https://localhost:7069/api/Doctor/Get/Names application/json -

2024-07-27 18:11:27.181 +05:30  INF  CORS policy execution successful.

2024-07-27 18:11:27.181 +05:30  INF  Request finished HTTP/2 OPTIONS https://localhost:7069/api/Patient/Get/508 - - - 204 - - 4.2799ms

2024-07-27 18:11:27.181 +05:30  INF  Request starting HTTP/2 GET https://localhost:7069/api/Patient/Get/Names application/json -

2024-07-27 18:11:27.181 +05:30  INF  CORS policy execution successful.

2024-07-27 18:11:27.181 +05:30  INF  Request starting HTTP/2 OPTIONS https://localhost:7069/api/Chair/GetAll - -

2024-07-27 18:11:27.181 +05:30  INF  CORS policy execution successful.

2024-07-27 18:11:27.182 +05:30  INF  Request finished HTTP/2 OPTIONS https://localhost:7069/api/Chair/GetAll - - - 204 - - 0.9589ms

2024-07-27 18:11:27.188 +05:30  INF  Request starting HTTP/2 GET https://localhost:7069/api/Patient/Get/508 application/json -

2024-07-27 18:11:27.188 +05:30  INF  Request starting HTTP/2 GET https://localhost:7069/api/Chair/GetAll application/json -

2024-07-27 18:11:27.189 +05:30  INF  CORS policy execution successful.

2024-07-27 18:11:27.190 +05:30  INF  CORS policy execution successful.

2024-07-27 18:11:27.617 +05:30  INF  Executed DbCommand (440ms) [Parameters=[@__Id_0='?' (DbType = Int64)], CommandType='"Text"', CommandTimeout='30']
SELECT `d`.`Id`, `d`.`Age`, `d`.`Blood_Group`, `d`.`Created_At`, `d`.`Dob`, `d`.`Email`, `d`.`Email2`, `d`.`Gender`, `d`.`Gst_Number`, `d`.`Is_Delete`, `d`.`Marital_Status`, `d`.`Name`, `d`.`Pan_Number`, `d`.`Password`, `d`.`Phone1`, `d`.`Phone2`, `d`.`Phone3`, `d`.`Phone4`, `d`.`Qualification`, `d`.`Role`, `d`.`Speciality`, `d`.`Thumb`, `d`.`Updated_At`, `d`.`User_Id`
FROM `Doctors` AS `d`
WHERE `d`.`Id` = @__Id_0
LIMIT 2

2024-07-27 18:11:27.812 +05:30  INF  Executed DbCommand (209ms) [Parameters=[@__id_0='?' (DbType = Int64)], CommandType='"Text"', CommandTimeout='30']
SELECT `u`.`Id`, `u`.`About_Me`, `u`.`Account_Type`, `u`.`Address`, `u`.`Available_Days`, `u`.`Bn_Name`, `u`.`City`, `u`.`Country`, `u`.`Created_At`, `u`.`Currency`, `u`.`Degree`, `u`.`Email`, `u`.`Email_Verified`, `u`.`Enable_Appointment`, `u`.`Enable_Rating`, `u`.`Exp_Years`, `u`.`Facebook`, `u`.`Google_Analytics`, `u`.`Image`, `u`.`Instagram`, `u`.`Linkedin`, `u`.`Name`, `u`.`Parent_Id`, `u`.`Password`, `u`.`Paypal_Email`, `u`.`Paypal_Mode`, `u`.`Paypal_Payment`, `u`.`Paystack_Payment`, `u`.`Paystack_Public_Key`, `u`.`Paystack_Secret_Key`, `u`.`Phone`, `u`.`Publish_Key`, `u`.`Qr_Code`, `u`.`Razorpay_Key_Id`, `u`.`Razorpay_Key_Secret`, `u`.`Razorpay_Payment`, `u`.`Role`, `u`.`Secret_Key`, `u`.`Skype`, `u`.`Slug`, `u`.`Specialist`, `u`.`Status`, `u`.`Stripe_Payment`, `u`.`Thumb`, `u`.`Trial_Expire`, `u`.`Twitter`, `u`.`User_Name`, `u`.`User_Type`, `u`.`Verify_Code`, `u`.`Whatsapp`
FROM `Users` AS `u`
WHERE `u`.`Id` = @__id_0
LIMIT 1

2024-07-27 18:11:27.812 +05:30  INF  Executing endpoint 'DCRM.Api.Controllers.DoctorController.DoctorNameList (DCRM.Api)'

2024-07-27 18:11:27.812 +05:30  INF  Route matched with {action = "DoctorNameList", controller = "Doctor"}. Executing controller action with signature System.Collections.Generic.List`1[DCRM.Common.Dto.DropdownDataDto] DoctorNameList() on controller DCRM.Api.Controllers.DoctorController (DCRM.Api).

2024-07-27 18:11:27.825 +05:30  INF  Executed DbCommand (213ms) [Parameters=[@__id_0='?' (DbType = Int64)], CommandType='"Text"', CommandTimeout='30']
SELECT `u`.`Id`, `u`.`About_Me`, `u`.`Account_Type`, `u`.`Address`, `u`.`Available_Days`, `u`.`Bn_Name`, `u`.`City`, `u`.`Country`, `u`.`Created_At`, `u`.`Currency`, `u`.`Degree`, `u`.`Email`, `u`.`Email_Verified`, `u`.`Enable_Appointment`, `u`.`Enable_Rating`, `u`.`Exp_Years`, `u`.`Facebook`, `u`.`Google_Analytics`, `u`.`Image`, `u`.`Instagram`, `u`.`Linkedin`, `u`.`Name`, `u`.`Parent_Id`, `u`.`Password`, `u`.`Paypal_Email`, `u`.`Paypal_Mode`, `u`.`Paypal_Payment`, `u`.`Paystack_Payment`, `u`.`Paystack_Public_Key`, `u`.`Paystack_Secret_Key`, `u`.`Phone`, `u`.`Publish_Key`, `u`.`Qr_Code`, `u`.`Razorpay_Key_Id`, `u`.`Razorpay_Key_Secret`, `u`.`Razorpay_Payment`, `u`.`Role`, `u`.`Secret_Key`, `u`.`Skype`, `u`.`Slug`, `u`.`Specialist`, `u`.`Status`, `u`.`Stripe_Payment`, `u`.`Thumb`, `u`.`Trial_Expire`, `u`.`Twitter`, `u`.`User_Name`, `u`.`User_Type`, `u`.`Verify_Code`, `u`.`Whatsapp`
FROM `Users` AS `u`
WHERE `u`.`Id` = @__id_0
LIMIT 1

2024-07-27 18:11:27.825 +05:30  INF  Executed DbCommand (213ms) [Parameters=[@__id_0='?' (DbType = Int64)], CommandType='"Text"', CommandTimeout='30']
SELECT `u`.`Id`, `u`.`About_Me`, `u`.`Account_Type`, `u`.`Address`, `u`.`Available_Days`, `u`.`Bn_Name`, `u`.`City`, `u`.`Country`, `u`.`Created_At`, `u`.`Currency`, `u`.`Degree`, `u`.`Email`, `u`.`Email_Verified`, `u`.`Enable_Appointment`, `u`.`Enable_Rating`, `u`.`Exp_Years`, `u`.`Facebook`, `u`.`Google_Analytics`, `u`.`Image`, `u`.`Instagram`, `u`.`Linkedin`, `u`.`Name`, `u`.`Parent_Id`, `u`.`Password`, `u`.`Paypal_Email`, `u`.`Paypal_Mode`, `u`.`Paypal_Payment`, `u`.`Paystack_Payment`, `u`.`Paystack_Public_Key`, `u`.`Paystack_Secret_Key`, `u`.`Phone`, `u`.`Publish_Key`, `u`.`Qr_Code`, `u`.`Razorpay_Key_Id`, `u`.`Razorpay_Key_Secret`, `u`.`Razorpay_Payment`, `u`.`Role`, `u`.`Secret_Key`, `u`.`Skype`, `u`.`Slug`, `u`.`Specialist`, `u`.`Status`, `u`.`Stripe_Payment`, `u`.`Thumb`, `u`.`Trial_Expire`, `u`.`Twitter`, `u`.`User_Name`, `u`.`User_Type`, `u`.`Verify_Code`, `u`.`Whatsapp`
FROM `Users` AS `u`
WHERE `u`.`Id` = @__id_0
LIMIT 1

2024-07-27 18:11:27.826 +05:30  INF  Executing endpoint 'DCRM.Api.Controllers.ChairController.GetAll (DCRM.Api)'

2024-07-27 18:11:27.826 +05:30  INF  Executing endpoint 'DCRM.Api.Controllers.PatientController.Get (DCRM.Api)'

2024-07-27 18:11:27.826 +05:30  INF  Route matched with {action = "GetAll", controller = "Chair"}. Executing controller action with signature System.Collections.Generic.List`1[DCRM.Common.Dto.ChairDto] GetAll() on controller DCRM.Api.Controllers.ChairController (DCRM.Api).

2024-07-27 18:11:27.826 +05:30  INF  Route matched with {action = "Get", controller = "Patient"}. Executing controller action with signature DCRM.Common.Dto.PatientseDto Get(Int64) on controller DCRM.Api.Controllers.PatientController (DCRM.Api).

2024-07-27 18:11:27.833 +05:30  INF  Executed DbCommand (218ms) [Parameters=[@__id_0='?' (DbType = Int64)], CommandType='"Text"', CommandTimeout='30']
SELECT `u`.`Id`, `u`.`About_Me`, `u`.`Account_Type`, `u`.`Address`, `u`.`Available_Days`, `u`.`Bn_Name`, `u`.`City`, `u`.`Country`, `u`.`Created_At`, `u`.`Currency`, `u`.`Degree`, `u`.`Email`, `u`.`Email_Verified`, `u`.`Enable_Appointment`, `u`.`Enable_Rating`, `u`.`Exp_Years`, `u`.`Facebook`, `u`.`Google_Analytics`, `u`.`Image`, `u`.`Instagram`, `u`.`Linkedin`, `u`.`Name`, `u`.`Parent_Id`, `u`.`Password`, `u`.`Paypal_Email`, `u`.`Paypal_Mode`, `u`.`Paypal_Payment`, `u`.`Paystack_Payment`, `u`.`Paystack_Public_Key`, `u`.`Paystack_Secret_Key`, `u`.`Phone`, `u`.`Publish_Key`, `u`.`Qr_Code`, `u`.`Razorpay_Key_Id`, `u`.`Razorpay_Key_Secret`, `u`.`Razorpay_Payment`, `u`.`Role`, `u`.`Secret_Key`, `u`.`Skype`, `u`.`Slug`, `u`.`Specialist`, `u`.`Status`, `u`.`Stripe_Payment`, `u`.`Thumb`, `u`.`Trial_Expire`, `u`.`Twitter`, `u`.`User_Name`, `u`.`User_Type`, `u`.`Verify_Code`, `u`.`Whatsapp`
FROM `Users` AS `u`
WHERE `u`.`Id` = @__id_0
LIMIT 1

2024-07-27 18:11:27.834 +05:30  INF  Executing endpoint 'DCRM.Api.Controllers.PatientController.Get (DCRM.Api)'

2024-07-27 18:11:27.834 +05:30  INF  Route matched with {action = "Get", controller = "Patient"}. Executing controller action with signature DCRM.Common.Dto.PatientseDto Get(Int64) on controller DCRM.Api.Controllers.PatientController (DCRM.Api).

2024-07-27 18:11:27.837 +05:30  INF  Executed DbCommand (217ms) [Parameters=[@__id_0='?' (DbType = Int64)], CommandType='"Text"', CommandTimeout='30']
SELECT `u`.`Id`, `u`.`About_Me`, `u`.`Account_Type`, `u`.`Address`, `u`.`Available_Days`, `u`.`Bn_Name`, `u`.`City`, `u`.`Country`, `u`.`Created_At`, `u`.`Currency`, `u`.`Degree`, `u`.`Email`, `u`.`Email_Verified`, `u`.`Enable_Appointment`, `u`.`Enable_Rating`, `u`.`Exp_Years`, `u`.`Facebook`, `u`.`Google_Analytics`, `u`.`Image`, `u`.`Instagram`, `u`.`Linkedin`, `u`.`Name`, `u`.`Parent_Id`, `u`.`Password`, `u`.`Paypal_Email`, `u`.`Paypal_Mode`, `u`.`Paypal_Payment`, `u`.`Paystack_Payment`, `u`.`Paystack_Public_Key`, `u`.`Paystack_Secret_Key`, `u`.`Phone`, `u`.`Publish_Key`, `u`.`Qr_Code`, `u`.`Razorpay_Key_Id`, `u`.`Razorpay_Key_Secret`, `u`.`Razorpay_Payment`, `u`.`Role`, `u`.`Secret_Key`, `u`.`Skype`, `u`.`Slug`, `u`.`Specialist`, `u`.`Status`, `u`.`Stripe_Payment`, `u`.`Thumb`, `u`.`Trial_Expire`, `u`.`Twitter`, `u`.`User_Name`, `u`.`User_Type`, `u`.`Verify_Code`, `u`.`Whatsapp`
FROM `Users` AS `u`
WHERE `u`.`Id` = @__id_0
LIMIT 1

2024-07-27 18:11:27.838 +05:30  INF  Executing endpoint 'DCRM.Api.Controllers.PatientController.PatientDetailList (DCRM.Api)'

2024-07-27 18:11:27.838 +05:30  INF  Route matched with {action = "PatientDetailList", controller = "Patient"}. Executing controller action with signature System.Collections.Generic.List`1[DCRM.Common.Dto.DropdownDataDto] PatientDetailList() on controller DCRM.Api.Controllers.PatientController (DCRM.Api).

2024-07-27 18:11:28.271 +05:30  INF  Executed DbCommand (221ms) [Parameters=[@__Id_0='?' (DbType = Int64)], CommandType='"Text"', CommandTimeout='30']
SELECT `d`.`Id`, `d`.`Age`, `d`.`Blood_Group`, `d`.`Created_At`, `d`.`Dob`, `d`.`Email`, `d`.`Email2`, `d`.`Gender`, `d`.`Gst_Number`, `d`.`Is_Delete`, `d`.`Marital_Status`, `d`.`Name`, `d`.`Pan_Number`, `d`.`Password`, `d`.`Phone1`, `d`.`Phone2`, `d`.`Phone3`, `d`.`Phone4`, `d`.`Qualification`, `d`.`Role`, `d`.`Speciality`, `d`.`Thumb`, `d`.`Updated_At`, `d`.`User_Id`
FROM `Doctors` AS `d`
WHERE `d`.`Id` = @__Id_0
LIMIT 2

2024-07-27 18:11:28.460 +05:30  INF  Executed DbCommand (212ms) [Parameters=[], CommandType='"Text"', CommandTimeout='30']
SELECT `c`.`Id`, `c`.`Address`, `c`.`Appoinment_Limit`, `c`.`Created_At`, `c`.`Doctor_Id`, `c`.`Is_Primary`, `c`.`Name`, `c`.`Status`, `c`.`Uid`, `c`.`User_Id`
FROM `Chairs` AS `c`

2024-07-27 18:11:28.460 +05:30  INF  Executed DbCommand (211ms) [Parameters=[@__id_0='?' (DbType = Int64)], CommandType='"Text"', CommandTimeout='30']
SELECT `p`.`Id`, `p`.`Age`, `p`.`Chamber_Id`, `p`.`Created_At`, `p`.`Email`, `p`.`Guardian`, `p`.`Is_Delete`, `p`.`Mobile`, `p`.`Mr_Number`, `p`.`Name`, `p`.`Password`, `p`.`Permanent_Address`, `p`.`Present_Address`, `p`.`Role`, `p`.`Sex`, `p`.`Slug`, `p`.`Thumb`, `p`.`Title`, `p`.`UserName`, `p`.`User_Id`, `p`.`Verify_Code`, `p`.`Weight`
FROM `Patientses` AS `p`
WHERE (`p`.`Is_Delete` = 0) AND (`p`.`Id` = @__id_0)
LIMIT 1

2024-07-27 18:11:28.489 +05:30  INF  Executed DbCommand (219ms) [Parameters=[@__id_0='?' (DbType = Int64)], CommandType='"Text"', CommandTimeout='30']
SELECT `p`.`Id`, `p`.`Age`, `p`.`Chamber_Id`, `p`.`Created_At`, `p`.`Email`, `p`.`Guardian`, `p`.`Is_Delete`, `p`.`Mobile`, `p`.`Mr_Number`, `p`.`Name`, `p`.`Password`, `p`.`Permanent_Address`, `p`.`Present_Address`, `p`.`Role`, `p`.`Sex`, `p`.`Slug`, `p`.`Thumb`, `p`.`Title`, `p`.`UserName`, `p`.`User_Id`, `p`.`Verify_Code`, `p`.`Weight`
FROM `Patientses` AS `p`
WHERE (`p`.`Is_Delete` = 0) AND (`p`.`Id` = @__id_0)
LIMIT 1

2024-07-27 18:11:28.641 +05:30  INF  Executed DbCommand (417ms) [Parameters=[@__userId_0='?' (DbType = Int64)], CommandType='"Text"', CommandTimeout='30']
SELECT `d`.`Id`, `d`.`Age`, `d`.`Blood_Group`, `d`.`Created_At`, `d`.`Dob`, `d`.`Email`, `d`.`Email2`, `d`.`Gender`, `d`.`Gst_Number`, `d`.`Is_Delete`, `d`.`Marital_Status`, `d`.`Name`, `d`.`Pan_Number`, `d`.`Password`, `d`.`Phone1`, `d`.`Phone2`, `d`.`Phone3`, `d`.`Phone4`, `d`.`Qualification`, `d`.`Role`, `d`.`Speciality`, `d`.`Thumb`, `d`.`Updated_At`, `d`.`User_Id`
FROM `Doctors` AS `d`
WHERE (`d`.`User_Id` = @__userId_0) AND (`d`.`Is_Delete` = 0)

2024-07-27 18:11:28.708 +05:30  INF  Executed DbCommand (438ms) [Parameters=[@__userId_0='?' (DbType = Int64)], CommandType='"Text"', CommandTimeout='30']
SELECT `p`.`Id`, `p`.`Age`, `p`.`Chamber_Id`, `p`.`Created_At`, `p`.`Email`, `p`.`Guardian`, `p`.`Is_Delete`, `p`.`Mobile`, `p`.`Mr_Number`, `p`.`Name`, `p`.`Password`, `p`.`Permanent_Address`, `p`.`Present_Address`, `p`.`Role`, `p`.`Sex`, `p`.`Slug`, `p`.`Thumb`, `p`.`Title`, `p`.`UserName`, `p`.`User_Id`, `p`.`Verify_Code`, `p`.`Weight`
FROM `Patientses` AS `p`
WHERE (`p`.`User_Id` = @__userId_0) AND (`p`.`Is_Delete` = 0)

2024-07-27 18:11:28.927 +05:30  INF  Executed DbCommand (219ms) [Parameters=[@__Id_0='?' (DbType = Int64)], CommandType='"Text"', CommandTimeout='30']
SELECT `d`.`Id`, `d`.`Age`, `d`.`Blood_Group`, `d`.`Created_At`, `d`.`Dob`, `d`.`Email`, `d`.`Email2`, `d`.`Gender`, `d`.`Gst_Number`, `d`.`Is_Delete`, `d`.`Marital_Status`, `d`.`Name`, `d`.`Pan_Number`, `d`.`Password`, `d`.`Phone1`, `d`.`Phone2`, `d`.`Phone3`, `d`.`Phone4`, `d`.`Qualification`, `d`.`Role`, `d`.`Speciality`, `d`.`Thumb`, `d`.`Updated_At`, `d`.`User_Id`
FROM `Doctors` AS `d`
WHERE `d`.`Id` = @__Id_0
LIMIT 2

2024-07-27 18:11:29.101 +05:30  INF  Executed DbCommand (217ms) [Parameters=[@__Id_0='?' (DbType = Int64)], CommandType='"Text"', CommandTimeout='30']
SELECT `d`.`Id`, `d`.`Age`, `d`.`Blood_Group`, `d`.`Created_At`, `d`.`Dob`, `d`.`Email`, `d`.`Email2`, `d`.`Gender`, `d`.`Gst_Number`, `d`.`Is_Delete`, `d`.`Marital_Status`, `d`.`Name`, `d`.`Pan_Number`, `d`.`Password`, `d`.`Phone1`, `d`.`Phone2`, `d`.`Phone3`, `d`.`Phone4`, `d`.`Qualification`, `d`.`Role`, `d`.`Speciality`, `d`.`Thumb`, `d`.`Updated_At`, `d`.`User_Id`
FROM `Doctors` AS `d`
WHERE `d`.`Id` = @__Id_0
LIMIT 2

2024-07-27 18:11:29.313 +05:30  INF  Executed DbCommand (429ms) [Parameters=[], CommandType='"Text"', CommandTimeout='30']
SELECT `p`.`Id`, `p`.`Amount_Type`, `p`.`Balance`, `p`.`Created_At`, `p`.`Credit_Amount`, `p`.`Debit_Amount`, `p`.`Description`, `p`.`Doctor_Id`, `p`.`Patient_Id`, `p`.`Payment_Mode`, `p`.`Updated_At`, `p`.`Workdone_Id`, `p`.`isPrinted`
FROM `Payment_History` AS `p`

2024-07-27 18:11:29.367 +05:30  INF  Executed DbCommand (440ms) [Parameters=[], CommandType='"Text"', CommandTimeout='30']
SELECT `p`.`Id`, `p`.`Amount_Type`, `p`.`Balance`, `p`.`Created_At`, `p`.`Credit_Amount`, `p`.`Debit_Amount`, `p`.`Description`, `p`.`Doctor_Id`, `p`.`Patient_Id`, `p`.`Payment_Mode`, `p`.`Updated_At`, `p`.`Workdone_Id`, `p`.`isPrinted`
FROM `Payment_History` AS `p`

2024-07-27 18:11:29.487 +05:30  INF  Executing ObjectResult, writing value of type 'System.Collections.Generic.List`1[[DCRM.Common.Dto.DropdownDataDto, DCRM.Common, Version=1.0.0.0, Culture=neutral, PublicKeyToken=null]]'.

2024-07-27 18:11:29.488 +05:30  INF  Executed action DCRM.Api.Controllers.DoctorController.DoctorNameList (DCRM.Api) in 1675.2972ms

2024-07-27 18:11:29.488 +05:30  INF  Executed endpoint 'DCRM.Api.Controllers.DoctorController.DoctorNameList (DCRM.Api)'

2024-07-27 18:11:29.488 +05:30  INF  Request finished HTTP/2 GET https://localhost:7069/api/Doctor/Get/Names application/json - - 200 - application/json;+charset=utf-8 2309.4017ms

2024-07-27 18:11:29.589 +05:30  INF  Executing ObjectResult, writing value of type 'System.Collections.Generic.List`1[[DCRM.Common.Dto.DropdownDataDto, DCRM.Common, Version=1.0.0.0, Culture=neutral, PublicKeyToken=null]]'.

2024-07-27 18:11:29.590 +05:30  INF  Executed action DCRM.Api.Controllers.PatientController.PatientDetailList (DCRM.Api) in 1751.6582ms

2024-07-27 18:11:29.590 +05:30  INF  Executed endpoint 'DCRM.Api.Controllers.PatientController.PatientDetailList (DCRM.Api)'

2024-07-27 18:11:29.590 +05:30  INF  Request finished HTTP/2 GET https://localhost:7069/api/Patient/Get/Names application/json - - 200 - application/json;+charset=utf-8 2408.8013ms

2024-07-27 18:11:29.592 +05:30  INF  Executed DbCommand (223ms) [Parameters=[@__Id_0='?' (DbType = Int64)], CommandType='"Text"', CommandTimeout='30']
SELECT `d`.`Id`, `d`.`Age`, `d`.`Blood_Group`, `d`.`Created_At`, `d`.`Dob`, `d`.`Email`, `d`.`Email2`, `d`.`Gender`, `d`.`Gst_Number`, `d`.`Is_Delete`, `d`.`Marital_Status`, `d`.`Name`, `d`.`Pan_Number`, `d`.`Password`, `d`.`Phone1`, `d`.`Phone2`, `d`.`Phone3`, `d`.`Phone4`, `d`.`Qualification`, `d`.`Role`, `d`.`Speciality`, `d`.`Thumb`, `d`.`Updated_At`, `d`.`User_Id`
FROM `Doctors` AS `d`
WHERE `d`.`Id` = @__Id_0
LIMIT 2

2024-07-27 18:11:29.740 +05:30  INF  Executed DbCommand (213ms) [Parameters=[@__Id_0='?' (DbType = Int64)], CommandType='"Text"', CommandTimeout='30']
SELECT `d`.`Id`, `d`.`Age`, `d`.`Blood_Group`, `d`.`Created_At`, `d`.`Dob`, `d`.`Email`, `d`.`Email2`, `d`.`Gender`, `d`.`Gst_Number`, `d`.`Is_Delete`, `d`.`Marital_Status`, `d`.`Name`, `d`.`Pan_Number`, `d`.`Password`, `d`.`Phone1`, `d`.`Phone2`, `d`.`Phone3`, `d`.`Phone4`, `d`.`Qualification`, `d`.`Role`, `d`.`Speciality`, `d`.`Thumb`, `d`.`Updated_At`, `d`.`User_Id`
FROM `Doctors` AS `d`
WHERE `d`.`Id` = @__Id_0
LIMIT 2

2024-07-27 18:11:30.167 +05:30  INF  Executed DbCommand (211ms) [Parameters=[@__p_0='?' (DbType = Int64)], CommandType='"Text"', CommandTimeout='30']
SELECT `p`.`Id`, `p`.`Amount`, `p`.`Balance_Amount`, `p`.`Balance_Spent`, `p`.`Created_At`, `p`.`Name`, `p`.`Patients_Id`, `p`.`Type`, `p`.`Updated_At`
FROM `Patients_Insurance_Loan` AS `p`
WHERE `p`.`Patients_Id` = @__p_0

2024-07-27 18:11:30.250 +05:30  INF  Executed DbCommand (220ms) [Parameters=[@__p_0='?' (DbType = Int64)], CommandType='"Text"', CommandTimeout='30']
SELECT `p`.`Id`, `p`.`Amount`, `p`.`Balance_Amount`, `p`.`Balance_Spent`, `p`.`Created_At`, `p`.`Name`, `p`.`Patients_Id`, `p`.`Type`, `p`.`Updated_At`
FROM `Patients_Insurance_Loan` AS `p`
WHERE `p`.`Patients_Id` = @__p_0

2024-07-27 18:11:30.251 +05:30  INF  Executed DbCommand (221ms) [Parameters=[@__Id_0='?' (DbType = Int64)], CommandType='"Text"', CommandTimeout='30']
SELECT `d`.`Id`, `d`.`Age`, `d`.`Blood_Group`, `d`.`Created_At`, `d`.`Dob`, `d`.`Email`, `d`.`Email2`, `d`.`Gender`, `d`.`Gst_Number`, `d`.`Is_Delete`, `d`.`Marital_Status`, `d`.`Name`, `d`.`Pan_Number`, `d`.`Password`, `d`.`Phone1`, `d`.`Phone2`, `d`.`Phone3`, `d`.`Phone4`, `d`.`Qualification`, `d`.`Role`, `d`.`Speciality`, `d`.`Thumb`, `d`.`Updated_At`, `d`.`User_Id`
FROM `Doctors` AS `d`
WHERE `d`.`Id` = @__Id_0
LIMIT 2

2024-07-27 18:11:30.378 +05:30  INF  Executed DbCommand (213ms) [Parameters=[@__Id_0='?' (DbType = Int64)], CommandType='"Text"', CommandTimeout='30']
SELECT `d`.`Id`, `d`.`Age`, `d`.`Blood_Group`, `d`.`Created_At`, `d`.`Dob`, `d`.`Email`, `d`.`Email2`, `d`.`Gender`, `d`.`Gst_Number`, `d`.`Is_Delete`, `d`.`Marital_Status`, `d`.`Name`, `d`.`Pan_Number`, `d`.`Password`, `d`.`Phone1`, `d`.`Phone2`, `d`.`Phone3`, `d`.`Phone4`, `d`.`Qualification`, `d`.`Role`, `d`.`Speciality`, `d`.`Thumb`, `d`.`Updated_At`, `d`.`User_Id`
FROM `Doctors` AS `d`
WHERE `d`.`Id` = @__Id_0
LIMIT 2

2024-07-27 18:11:30.802 +05:30  INF  Executed DbCommand (212ms) [Parameters=[@__p_0='?' (DbType = Int64)], CommandType='"Text"', CommandTimeout='30']
SELECT `p`.`Id`, `p`.`Created_At`, `p`.`Patient_Id`, `p`.`Report`, `p`.`Report_Date`, `p`.`Report_File`, `p`.`Status`, `p`.`Test_Name`, `p`.`Test_Price`, `p`.`Updated_At`
FROM `Patient_Tests` AS `p`
WHERE `p`.`Patient_Id` = @__p_0

2024-07-27 18:11:30.905 +05:30  INF  Executed DbCommand (220ms) [Parameters=[@__p_0='?' (DbType = Int64)], CommandType='"Text"', CommandTimeout='30']
SELECT `p`.`Id`, `p`.`Created_At`, `p`.`Patient_Id`, `p`.`Report`, `p`.`Report_Date`, `p`.`Report_File`, `p`.`Status`, `p`.`Test_Name`, `p`.`Test_Price`, `p`.`Updated_At`
FROM `Patient_Tests` AS `p`
WHERE `p`.`Patient_Id` = @__p_0

2024-07-27 18:11:30.905 +05:30  INF  Executed DbCommand (220ms) [Parameters=[@__Id_0='?' (DbType = Int64)], CommandType='"Text"', CommandTimeout='30']
SELECT `d`.`Id`, `d`.`Age`, `d`.`Blood_Group`, `d`.`Created_At`, `d`.`Dob`, `d`.`Email`, `d`.`Email2`, `d`.`Gender`, `d`.`Gst_Number`, `d`.`Is_Delete`, `d`.`Marital_Status`, `d`.`Name`, `d`.`Pan_Number`, `d`.`Password`, `d`.`Phone1`, `d`.`Phone2`, `d`.`Phone3`, `d`.`Phone4`, `d`.`Qualification`, `d`.`Role`, `d`.`Speciality`, `d`.`Thumb`, `d`.`Updated_At`, `d`.`User_Id`
FROM `Doctors` AS `d`
WHERE `d`.`Id` = @__Id_0
LIMIT 2

2024-07-27 18:11:31.014 +05:30  INF  Executed DbCommand (213ms) [Parameters=[@__Id_0='?' (DbType = Int64)], CommandType='"Text"', CommandTimeout='30']
SELECT `d`.`Id`, `d`.`Age`, `d`.`Blood_Group`, `d`.`Created_At`, `d`.`Dob`, `d`.`Email`, `d`.`Email2`, `d`.`Gender`, `d`.`Gst_Number`, `d`.`Is_Delete`, `d`.`Marital_Status`, `d`.`Name`, `d`.`Pan_Number`, `d`.`Password`, `d`.`Phone1`, `d`.`Phone2`, `d`.`Phone3`, `d`.`Phone4`, `d`.`Qualification`, `d`.`Role`, `d`.`Speciality`, `d`.`Thumb`, `d`.`Updated_At`, `d`.`User_Id`
FROM `Doctors` AS `d`
WHERE `d`.`Id` = @__Id_0
LIMIT 2

2024-07-27 18:11:31.442 +05:30  INF  Executed DbCommand (214ms) [Parameters=[@__p_0='?' (DbType = Int64)], CommandType='"Text"', CommandTimeout='30']
SELECT `p`.`Id`, `p`.`Address_O`, `p`.`Address_Other`, `p`.`Address_R`, `p`.`City_O`, `p`.`City_Other`, `p`.`City_R`, `p`.`Country_O`, `p`.`Country_Other`, `p`.`Country_R`, `p`.`Created_At`, `p`.`Doctor_Name`, `p`.`Email`, `p`.`Email2`, `p`.`Medical_History_Allergies`, `p`.`Patient_Id`, `p`.`Phone`, `p`.`Phone1`, `p`.`Phone2`, `p`.`Phone3`, `p`.`Phone4`, `p`.`Physician`, `p`.`Reffered_By`, `p`.`Relationship_Type`, `p`.`Special_Notes`, `p`.`Updated_At`, `p`.`Zip_O`, `p`.`Zip_Other`, `p`.`Zip_R`
FROM `Patients_Contact` AS `p`
WHERE `p`.`Patient_Id` = @__p_0

2024-07-27 18:11:31.562 +05:30  INF  Executed DbCommand (221ms) [Parameters=[@__p_0='?' (DbType = Int64)], CommandType='"Text"', CommandTimeout='30']
SELECT `p`.`Id`, `p`.`Address_O`, `p`.`Address_Other`, `p`.`Address_R`, `p`.`City_O`, `p`.`City_Other`, `p`.`City_R`, `p`.`Country_O`, `p`.`Country_Other`, `p`.`Country_R`, `p`.`Created_At`, `p`.`Doctor_Name`, `p`.`Email`, `p`.`Email2`, `p`.`Medical_History_Allergies`, `p`.`Patient_Id`, `p`.`Phone`, `p`.`Phone1`, `p`.`Phone2`, `p`.`Phone3`, `p`.`Phone4`, `p`.`Physician`, `p`.`Reffered_By`, `p`.`Relationship_Type`, `p`.`Special_Notes`, `p`.`Updated_At`, `p`.`Zip_O`, `p`.`Zip_Other`, `p`.`Zip_R`
FROM `Patients_Contact` AS `p`
WHERE `p`.`Patient_Id` = @__p_0

2024-07-27 18:11:31.562 +05:30  INF  Executed DbCommand (220ms) [Parameters=[@__Id_0='?' (DbType = Int64)], CommandType='"Text"', CommandTimeout='30']
SELECT `d`.`Id`, `d`.`Age`, `d`.`Blood_Group`, `d`.`Created_At`, `d`.`Dob`, `d`.`Email`, `d`.`Email2`, `d`.`Gender`, `d`.`Gst_Number`, `d`.`Is_Delete`, `d`.`Marital_Status`, `d`.`Name`, `d`.`Pan_Number`, `d`.`Password`, `d`.`Phone1`, `d`.`Phone2`, `d`.`Phone3`, `d`.`Phone4`, `d`.`Qualification`, `d`.`Role`, `d`.`Speciality`, `d`.`Thumb`, `d`.`Updated_At`, `d`.`User_Id`
FROM `Doctors` AS `d`
WHERE `d`.`Id` = @__Id_0
LIMIT 2

2024-07-27 18:11:31.654 +05:30  INF  Executed DbCommand (214ms) [Parameters=[@__Id_0='?' (DbType = Int64)], CommandType='"Text"', CommandTimeout='30']
SELECT `d`.`Id`, `d`.`Age`, `d`.`Blood_Group`, `d`.`Created_At`, `d`.`Dob`, `d`.`Email`, `d`.`Email2`, `d`.`Gender`, `d`.`Gst_Number`, `d`.`Is_Delete`, `d`.`Marital_Status`, `d`.`Name`, `d`.`Pan_Number`, `d`.`Password`, `d`.`Phone1`, `d`.`Phone2`, `d`.`Phone3`, `d`.`Phone4`, `d`.`Qualification`, `d`.`Role`, `d`.`Speciality`, `d`.`Thumb`, `d`.`Updated_At`, `d`.`User_Id`
FROM `Doctors` AS `d`
WHERE `d`.`Id` = @__Id_0
LIMIT 2

2024-07-27 18:11:32.077 +05:30  INF  Executed DbCommand (212ms) [Parameters=[@__p_0='?' (DbType = Int64)], CommandType='"Text"', CommandTimeout='30']
SELECT `p`.`Id`, `p`.`Created_At`, `p`.`Patient_Id`, `p`.`Report`, `p`.`Report_File`, `p`.`Scan_Name`, `p`.`Status`, `p`.`Type`, `p`.`Updated_At`
FROM `Patient_Scans` AS `p`
WHERE `p`.`Patient_Id` = @__p_0

2024-07-27 18:11:32.077 +05:30  INF  Executing ObjectResult, writing value of type 'DCRM.Common.Dto.PatientseDto'.

2024-07-27 18:11:32.078 +05:30  INF  Executed action DCRM.Api.Controllers.PatientController.Get (DCRM.Api) in 4251.7521ms

2024-07-27 18:11:32.078 +05:30  INF  Executed endpoint 'DCRM.Api.Controllers.PatientController.Get (DCRM.Api)'

2024-07-27 18:11:32.078 +05:30  INF  Request finished HTTP/2 GET https://localhost:7069/api/Patient/Get/508 application/json - - 200 - application/json;+charset=utf-8 4889.6572ms

2024-07-27 18:11:32.226 +05:30  INF  Executed DbCommand (227ms) [Parameters=[@__Id_0='?' (DbType = Int64)], CommandType='"Text"', CommandTimeout='30']
SELECT `d`.`Id`, `d`.`Age`, `d`.`Blood_Group`, `d`.`Created_At`, `d`.`Dob`, `d`.`Email`, `d`.`Email2`, `d`.`Gender`, `d`.`Gst_Number`, `d`.`Is_Delete`, `d`.`Marital_Status`, `d`.`Name`, `d`.`Pan_Number`, `d`.`Password`, `d`.`Phone1`, `d`.`Phone2`, `d`.`Phone3`, `d`.`Phone4`, `d`.`Qualification`, `d`.`Role`, `d`.`Speciality`, `d`.`Thumb`, `d`.`Updated_At`, `d`.`User_Id`
FROM `Doctors` AS `d`
WHERE `d`.`Id` = @__Id_0
LIMIT 2

2024-07-27 18:11:32.226 +05:30  INF  Executed DbCommand (227ms) [Parameters=[@__p_0='?' (DbType = Int64)], CommandType='"Text"', CommandTimeout='30']
SELECT `p`.`Id`, `p`.`Created_At`, `p`.`Patient_Id`, `p`.`Report`, `p`.`Report_File`, `p`.`Scan_Name`, `p`.`Status`, `p`.`Type`, `p`.`Updated_At`
FROM `Patient_Scans` AS `p`
WHERE `p`.`Patient_Id` = @__p_0

2024-07-27 18:11:32.227 +05:30  INF  Executing ObjectResult, writing value of type 'DCRM.Common.Dto.PatientseDto'.

2024-07-27 18:11:32.227 +05:30  INF  Executed action DCRM.Api.Controllers.PatientController.Get (DCRM.Api) in 4393.2199ms

2024-07-27 18:11:32.227 +05:30  INF  Executed endpoint 'DCRM.Api.Controllers.PatientController.Get (DCRM.Api)'

2024-07-27 18:11:32.227 +05:30  INF  Request finished HTTP/2 GET https://localhost:7069/api/Patient/Get/387 application/json - - 200 - application/json;+charset=utf-8 5056.1944ms

2024-07-27 18:11:32.289 +05:30  INF  Executed DbCommand (213ms) [Parameters=[@__Id_0='?' (DbType = Int64)], CommandType='"Text"', CommandTimeout='30']
SELECT `d`.`Id`, `d`.`Age`, `d`.`Blood_Group`, `d`.`Created_At`, `d`.`Dob`, `d`.`Email`, `d`.`Email2`, `d`.`Gender`, `d`.`Gst_Number`, `d`.`Is_Delete`, `d`.`Marital_Status`, `d`.`Name`, `d`.`Pan_Number`, `d`.`Password`, `d`.`Phone1`, `d`.`Phone2`, `d`.`Phone3`, `d`.`Phone4`, `d`.`Qualification`, `d`.`Role`, `d`.`Speciality`, `d`.`Thumb`, `d`.`Updated_At`, `d`.`User_Id`
FROM `Doctors` AS `d`
WHERE `d`.`Id` = @__Id_0
LIMIT 2

2024-07-27 18:11:32.886 +05:30  INF  Executed DbCommand (220ms) [Parameters=[@__Id_0='?' (DbType = Int64)], CommandType='"Text"', CommandTimeout='30']
SELECT `d`.`Id`, `d`.`Age`, `d`.`Blood_Group`, `d`.`Created_At`, `d`.`Dob`, `d`.`Email`, `d`.`Email2`, `d`.`Gender`, `d`.`Gst_Number`, `d`.`Is_Delete`, `d`.`Marital_Status`, `d`.`Name`, `d`.`Pan_Number`, `d`.`Password`, `d`.`Phone1`, `d`.`Phone2`, `d`.`Phone3`, `d`.`Phone4`, `d`.`Qualification`, `d`.`Role`, `d`.`Speciality`, `d`.`Thumb`, `d`.`Updated_At`, `d`.`User_Id`
FROM `Doctors` AS `d`
WHERE `d`.`Id` = @__Id_0
LIMIT 2

2024-07-27 18:11:32.926 +05:30  INF  Executed DbCommand (213ms) [Parameters=[@__Id_0='?' (DbType = Int64)], CommandType='"Text"', CommandTimeout='30']
SELECT `d`.`Id`, `d`.`Age`, `d`.`Blood_Group`, `d`.`Created_At`, `d`.`Dob`, `d`.`Email`, `d`.`Email2`, `d`.`Gender`, `d`.`Gst_Number`, `d`.`Is_Delete`, `d`.`Marital_Status`, `d`.`Name`, `d`.`Pan_Number`, `d`.`Password`, `d`.`Phone1`, `d`.`Phone2`, `d`.`Phone3`, `d`.`Phone4`, `d`.`Qualification`, `d`.`Role`, `d`.`Speciality`, `d`.`Thumb`, `d`.`Updated_At`, `d`.`User_Id`
FROM `Doctors` AS `d`
WHERE `d`.`Id` = @__Id_0
LIMIT 2

2024-07-27 18:11:33.555 +05:30  INF  Executed DbCommand (220ms) [Parameters=[@__Id_0='?' (DbType = Int64)], CommandType='"Text"', CommandTimeout='30']
SELECT `d`.`Id`, `d`.`Age`, `d`.`Blood_Group`, `d`.`Created_At`, `d`.`Dob`, `d`.`Email`, `d`.`Email2`, `d`.`Gender`, `d`.`Gst_Number`, `d`.`Is_Delete`, `d`.`Marital_Status`, `d`.`Name`, `d`.`Pan_Number`, `d`.`Password`, `d`.`Phone1`, `d`.`Phone2`, `d`.`Phone3`, `d`.`Phone4`, `d`.`Qualification`, `d`.`Role`, `d`.`Speciality`, `d`.`Thumb`, `d`.`Updated_At`, `d`.`User_Id`
FROM `Doctors` AS `d`
WHERE `d`.`Id` = @__Id_0
LIMIT 2

2024-07-27 18:11:33.562 +05:30  INF  Executed DbCommand (213ms) [Parameters=[@__Id_0='?' (DbType = Int64)], CommandType='"Text"', CommandTimeout='30']
SELECT `d`.`Id`, `d`.`Age`, `d`.`Blood_Group`, `d`.`Created_At`, `d`.`Dob`, `d`.`Email`, `d`.`Email2`, `d`.`Gender`, `d`.`Gst_Number`, `d`.`Is_Delete`, `d`.`Marital_Status`, `d`.`Name`, `d`.`Pan_Number`, `d`.`Password`, `d`.`Phone1`, `d`.`Phone2`, `d`.`Phone3`, `d`.`Phone4`, `d`.`Qualification`, `d`.`Role`, `d`.`Speciality`, `d`.`Thumb`, `d`.`Updated_At`, `d`.`User_Id`
FROM `Doctors` AS `d`
WHERE `d`.`Id` = @__Id_0
LIMIT 2

2024-07-27 18:11:34.209 +05:30  INF  Executed DbCommand (218ms) [Parameters=[@__Id_0='?' (DbType = Int64)], CommandType='"Text"', CommandTimeout='30']
SELECT `d`.`Id`, `d`.`Age`, `d`.`Blood_Group`, `d`.`Created_At`, `d`.`Dob`, `d`.`Email`, `d`.`Email2`, `d`.`Gender`, `d`.`Gst_Number`, `d`.`Is_Delete`, `d`.`Marital_Status`, `d`.`Name`, `d`.`Pan_Number`, `d`.`Password`, `d`.`Phone1`, `d`.`Phone2`, `d`.`Phone3`, `d`.`Phone4`, `d`.`Qualification`, `d`.`Role`, `d`.`Speciality`, `d`.`Thumb`, `d`.`Updated_At`, `d`.`User_Id`
FROM `Doctors` AS `d`
WHERE `d`.`Id` = @__Id_0
LIMIT 2

2024-07-27 18:11:34.210 +05:30  INF  Executing ObjectResult, writing value of type 'System.Collections.Generic.List`1[[DCRM.Common.Dto.ChairDto, DCRM.Common, Version=1.0.0.0, Culture=neutral, PublicKeyToken=null]]'.

2024-07-27 18:11:34.211 +05:30  INF  Executed action DCRM.Api.Controllers.ChairController.GetAll (DCRM.Api) in 13414.1988ms

2024-07-27 18:11:34.211 +05:30  INF  Executed endpoint 'DCRM.Api.Controllers.ChairController.GetAll (DCRM.Api)'

2024-07-27 18:11:34.212 +05:30  INF  Request finished HTTP/2 GET https://localhost:7069/api/Chair/GetAll application/json - - 0 - application/json;+charset=utf-8 14079.5695ms

2024-07-27 18:11:34.410 +05:30  INF  Executed DbCommand (425ms) [Parameters=[@__Id_0='?' (DbType = Int64)], CommandType='"Text"', CommandTimeout='30']
SELECT `d`.`Id`, `d`.`Age`, `d`.`Blood_Group`, `d`.`Created_At`, `d`.`Dob`, `d`.`Email`, `d`.`Email2`, `d`.`Gender`, `d`.`Gst_Number`, `d`.`Is_Delete`, `d`.`Marital_Status`, `d`.`Name`, `d`.`Pan_Number`, `d`.`Password`, `d`.`Phone1`, `d`.`Phone2`, `d`.`Phone3`, `d`.`Phone4`, `d`.`Qualification`, `d`.`Role`, `d`.`Speciality`, `d`.`Thumb`, `d`.`Updated_At`, `d`.`User_Id`
FROM `Doctors` AS `d`
WHERE `d`.`Id` = @__Id_0
LIMIT 2

2024-07-27 18:11:35.048 +05:30  INF  Executed DbCommand (214ms) [Parameters=[@__Id_0='?' (DbType = Int64)], CommandType='"Text"', CommandTimeout='30']
SELECT `d`.`Id`, `d`.`Age`, `d`.`Blood_Group`, `d`.`Created_At`, `d`.`Dob`, `d`.`Email`, `d`.`Email2`, `d`.`Gender`, `d`.`Gst_Number`, `d`.`Is_Delete`, `d`.`Marital_Status`, `d`.`Name`, `d`.`Pan_Number`, `d`.`Password`, `d`.`Phone1`, `d`.`Phone2`, `d`.`Phone3`, `d`.`Phone4`, `d`.`Qualification`, `d`.`Role`, `d`.`Speciality`, `d`.`Thumb`, `d`.`Updated_At`, `d`.`User_Id`
FROM `Doctors` AS `d`
WHERE `d`.`Id` = @__Id_0
LIMIT 2

2024-07-27 18:11:35.686 +05:30  INF  Executed DbCommand (214ms) [Parameters=[@__Id_0='?' (DbType = Int64)], CommandType='"Text"', CommandTimeout='30']
SELECT `d`.`Id`, `d`.`Age`, `d`.`Blood_Group`, `d`.`Created_At`, `d`.`Dob`, `d`.`Email`, `d`.`Email2`, `d`.`Gender`, `d`.`Gst_Number`, `d`.`Is_Delete`, `d`.`Marital_Status`, `d`.`Name`, `d`.`Pan_Number`, `d`.`Password`, `d`.`Phone1`, `d`.`Phone2`, `d`.`Phone3`, `d`.`Phone4`, `d`.`Qualification`, `d`.`Role`, `d`.`Speciality`, `d`.`Thumb`, `d`.`Updated_At`, `d`.`User_Id`
FROM `Doctors` AS `d`
WHERE `d`.`Id` = @__Id_0
LIMIT 2

2024-07-27 18:11:36.325 +05:30  INF  Executed DbCommand (215ms) [Parameters=[@__Id_0='?' (DbType = Int64)], CommandType='"Text"', CommandTimeout='30']
SELECT `d`.`Id`, `d`.`Age`, `d`.`Blood_Group`, `d`.`Created_At`, `d`.`Dob`, `d`.`Email`, `d`.`Email2`, `d`.`Gender`, `d`.`Gst_Number`, `d`.`Is_Delete`, `d`.`Marital_Status`, `d`.`Name`, `d`.`Pan_Number`, `d`.`Password`, `d`.`Phone1`, `d`.`Phone2`, `d`.`Phone3`, `d`.`Phone4`, `d`.`Qualification`, `d`.`Role`, `d`.`Speciality`, `d`.`Thumb`, `d`.`Updated_At`, `d`.`User_Id`
FROM `Doctors` AS `d`
WHERE `d`.`Id` = @__Id_0
LIMIT 2

2024-07-27 18:11:36.961 +05:30  INF  Executed DbCommand (214ms) [Parameters=[@__Id_0='?' (DbType = Int64)], CommandType='"Text"', CommandTimeout='30']
SELECT `d`.`Id`, `d`.`Age`, `d`.`Blood_Group`, `d`.`Created_At`, `d`.`Dob`, `d`.`Email`, `d`.`Email2`, `d`.`Gender`, `d`.`Gst_Number`, `d`.`Is_Delete`, `d`.`Marital_Status`, `d`.`Name`, `d`.`Pan_Number`, `d`.`Password`, `d`.`Phone1`, `d`.`Phone2`, `d`.`Phone3`, `d`.`Phone4`, `d`.`Qualification`, `d`.`Role`, `d`.`Speciality`, `d`.`Thumb`, `d`.`Updated_At`, `d`.`User_Id`
FROM `Doctors` AS `d`
WHERE `d`.`Id` = @__Id_0
LIMIT 2

2024-07-27 18:11:37.597 +05:30  INF  Executed DbCommand (213ms) [Parameters=[@__Id_0='?' (DbType = Int64)], CommandType='"Text"', CommandTimeout='30']
SELECT `d`.`Id`, `d`.`Age`, `d`.`Blood_Group`, `d`.`Created_At`, `d`.`Dob`, `d`.`Email`, `d`.`Email2`, `d`.`Gender`, `d`.`Gst_Number`, `d`.`Is_Delete`, `d`.`Marital_Status`, `d`.`Name`, `d`.`Pan_Number`, `d`.`Password`, `d`.`Phone1`, `d`.`Phone2`, `d`.`Phone3`, `d`.`Phone4`, `d`.`Qualification`, `d`.`Role`, `d`.`Speciality`, `d`.`Thumb`, `d`.`Updated_At`, `d`.`User_Id`
FROM `Doctors` AS `d`
WHERE `d`.`Id` = @__Id_0
LIMIT 2

2024-07-27 18:11:38.236 +05:30  INF  Executed DbCommand (214ms) [Parameters=[@__Id_0='?' (DbType = Int64)], CommandType='"Text"', CommandTimeout='30']
SELECT `d`.`Id`, `d`.`Age`, `d`.`Blood_Group`, `d`.`Created_At`, `d`.`Dob`, `d`.`Email`, `d`.`Email2`, `d`.`Gender`, `d`.`Gst_Number`, `d`.`Is_Delete`, `d`.`Marital_Status`, `d`.`Name`, `d`.`Pan_Number`, `d`.`Password`, `d`.`Phone1`, `d`.`Phone2`, `d`.`Phone3`, `d`.`Phone4`, `d`.`Qualification`, `d`.`Role`, `d`.`Speciality`, `d`.`Thumb`, `d`.`Updated_At`, `d`.`User_Id`
FROM `Doctors` AS `d`
WHERE `d`.`Id` = @__Id_0
LIMIT 2

2024-07-27 18:11:38.873 +05:30  INF  Executed DbCommand (213ms) [Parameters=[@__Id_0='?' (DbType = Int64)], CommandType='"Text"', CommandTimeout='30']
SELECT `d`.`Id`, `d`.`Age`, `d`.`Blood_Group`, `d`.`Created_At`, `d`.`Dob`, `d`.`Email`, `d`.`Email2`, `d`.`Gender`, `d`.`Gst_Number`, `d`.`Is_Delete`, `d`.`Marital_Status`, `d`.`Name`, `d`.`Pan_Number`, `d`.`Password`, `d`.`Phone1`, `d`.`Phone2`, `d`.`Phone3`, `d`.`Phone4`, `d`.`Qualification`, `d`.`Role`, `d`.`Speciality`, `d`.`Thumb`, `d`.`Updated_At`, `d`.`User_Id`
FROM `Doctors` AS `d`
WHERE `d`.`Id` = @__Id_0
LIMIT 2

2024-07-27 18:11:39.512 +05:30  INF  Executed DbCommand (214ms) [Parameters=[@__Id_0='?' (DbType = Int64)], CommandType='"Text"', CommandTimeout='30']
SELECT `d`.`Id`, `d`.`Age`, `d`.`Blood_Group`, `d`.`Created_At`, `d`.`Dob`, `d`.`Email`, `d`.`Email2`, `d`.`Gender`, `d`.`Gst_Number`, `d`.`Is_Delete`, `d`.`Marital_Status`, `d`.`Name`, `d`.`Pan_Number`, `d`.`Password`, `d`.`Phone1`, `d`.`Phone2`, `d`.`Phone3`, `d`.`Phone4`, `d`.`Qualification`, `d`.`Role`, `d`.`Speciality`, `d`.`Thumb`, `d`.`Updated_At`, `d`.`User_Id`
FROM `Doctors` AS `d`
WHERE `d`.`Id` = @__Id_0
LIMIT 2

2024-07-27 18:11:40.151 +05:30  INF  Executed DbCommand (214ms) [Parameters=[@__Id_0='?' (DbType = Int64)], CommandType='"Text"', CommandTimeout='30']
SELECT `d`.`Id`, `d`.`Age`, `d`.`Blood_Group`, `d`.`Created_At`, `d`.`Dob`, `d`.`Email`, `d`.`Email2`, `d`.`Gender`, `d`.`Gst_Number`, `d`.`Is_Delete`, `d`.`Marital_Status`, `d`.`Name`, `d`.`Pan_Number`, `d`.`Password`, `d`.`Phone1`, `d`.`Phone2`, `d`.`Phone3`, `d`.`Phone4`, `d`.`Qualification`, `d`.`Role`, `d`.`Speciality`, `d`.`Thumb`, `d`.`Updated_At`, `d`.`User_Id`
FROM `Doctors` AS `d`
WHERE `d`.`Id` = @__Id_0
LIMIT 2

2024-07-27 18:11:40.787 +05:30  INF  Executed DbCommand (213ms) [Parameters=[@__Id_0='?' (DbType = Int64)], CommandType='"Text"', CommandTimeout='30']
SELECT `d`.`Id`, `d`.`Age`, `d`.`Blood_Group`, `d`.`Created_At`, `d`.`Dob`, `d`.`Email`, `d`.`Email2`, `d`.`Gender`, `d`.`Gst_Number`, `d`.`Is_Delete`, `d`.`Marital_Status`, `d`.`Name`, `d`.`Pan_Number`, `d`.`Password`, `d`.`Phone1`, `d`.`Phone2`, `d`.`Phone3`, `d`.`Phone4`, `d`.`Qualification`, `d`.`Role`, `d`.`Speciality`, `d`.`Thumb`, `d`.`Updated_At`, `d`.`User_Id`
FROM `Doctors` AS `d`
WHERE `d`.`Id` = @__Id_0
LIMIT 2

2024-07-27 18:11:40.787 +05:30  INF  Executing ObjectResult, writing value of type 'System.Collections.Generic.List`1[[DCRM.Common.Dto.ChairDto, DCRM.Common, Version=1.0.0.0, Culture=neutral, PublicKeyToken=null]]'.

2024-07-27 18:11:40.787 +05:30  INF  Executed action DCRM.Api.Controllers.ChairController.GetAll (DCRM.Api) in 12961.2657ms

2024-07-27 18:11:40.787 +05:30  INF  Executed endpoint 'DCRM.Api.Controllers.ChairController.GetAll (DCRM.Api)'

2024-07-27 18:11:40.787 +05:30  INF  Request finished HTTP/2 GET https://localhost:7069/api/Chair/GetAll application/json - - 200 - application/json;+charset=utf-8 13598.9879ms

2024-07-27 18:13:04.111 +05:30  INF  Request starting HTTP/2 OPTIONS https://localhost:7069/api/Appointment/Get/387 - -

2024-07-27 18:13:04.113 +05:30  INF  CORS policy execution successful.

2024-07-27 18:13:04.113 +05:30  INF  Request finished HTTP/2 OPTIONS https://localhost:7069/api/Appointment/Get/387 - - - 204 - - 1.5681ms

2024-07-27 18:13:04.123 +05:30  INF  Request starting HTTP/2 GET https://localhost:7069/api/Appointment/Get/387 application/json -

2024-07-27 18:13:04.124 +05:30  INF  CORS policy execution successful.

2024-07-27 18:13:04.789 +05:30  INF  Executed DbCommand (220ms) [Parameters=[@__id_0='?' (DbType = Int64)], CommandType='"Text"', CommandTimeout='30']
SELECT `u`.`Id`, `u`.`About_Me`, `u`.`Account_Type`, `u`.`Address`, `u`.`Available_Days`, `u`.`Bn_Name`, `u`.`City`, `u`.`Country`, `u`.`Created_At`, `u`.`Currency`, `u`.`Degree`, `u`.`Email`, `u`.`Email_Verified`, `u`.`Enable_Appointment`, `u`.`Enable_Rating`, `u`.`Exp_Years`, `u`.`Facebook`, `u`.`Google_Analytics`, `u`.`Image`, `u`.`Instagram`, `u`.`Linkedin`, `u`.`Name`, `u`.`Parent_Id`, `u`.`Password`, `u`.`Paypal_Email`, `u`.`Paypal_Mode`, `u`.`Paypal_Payment`, `u`.`Paystack_Payment`, `u`.`Paystack_Public_Key`, `u`.`Paystack_Secret_Key`, `u`.`Phone`, `u`.`Publish_Key`, `u`.`Qr_Code`, `u`.`Razorpay_Key_Id`, `u`.`Razorpay_Key_Secret`, `u`.`Razorpay_Payment`, `u`.`Role`, `u`.`Secret_Key`, `u`.`Skype`, `u`.`Slug`, `u`.`Specialist`, `u`.`Status`, `u`.`Stripe_Payment`, `u`.`Thumb`, `u`.`Trial_Expire`, `u`.`Twitter`, `u`.`User_Name`, `u`.`User_Type`, `u`.`Verify_Code`, `u`.`Whatsapp`
FROM `Users` AS `u`
WHERE `u`.`Id` = @__id_0
LIMIT 1

2024-07-27 18:13:04.789 +05:30  INF  Executing endpoint 'DCRM.Api.Controllers.AppointmentController.Get (DCRM.Api)'

2024-07-27 18:13:04.789 +05:30  INF  Route matched with {action = "Get", controller = "Appointment"}. Executing controller action with signature DCRM.Common.Entity.Appointment Get(Int32) on controller DCRM.Api.Controllers.AppointmentController (DCRM.Api).

2024-07-27 18:13:05.446 +05:30  INF  Executed DbCommand (224ms) [Parameters=[@__id_0='?' (DbType = Int64)], CommandType='"Text"', CommandTimeout='30']
SELECT `a`.`Id`, `a`.`Appointment_Status`, `a`.`Cause`, `a`.`Chair`, `a`.`Chamber_Id`, `a`.`Created_At`, `a`.`Date`, `a`.`Doctor_Id`, `a`.`Doctor_Name`, `a`.`End_Time`, `a`.`Extra_Notes`, `a`.`Files`, `a`.`Is_Delete`, `a`.`Is_Start`, `a`.`Meeting_Notes`, `a`.`Number_Of_Slot`, `a`.`Patient_Id`, `a`.`Prescription_Id`, `a`.`Serial_Id`, `a`.`Slot_Time`, `a`.`Start_Time`, `a`.`Status`, `a`.`Type`, `a`.`User_Id`, `a`.`Workdone_Id`
FROM `Appointments` AS `a`
WHERE (`a`.`Id` = @__id_0) AND (`a`.`Is_Delete` = 0)
LIMIT 1

2024-07-27 18:13:05.447 +05:30  INF  Executing ObjectResult, writing value of type 'DCRM.Common.Entity.Appointment'.

2024-07-27 18:13:05.447 +05:30  INF  Executed action DCRM.Api.Controllers.AppointmentController.Get (DCRM.Api) in 658.2097ms

2024-07-27 18:13:05.447 +05:30  INF  Executed endpoint 'DCRM.Api.Controllers.AppointmentController.Get (DCRM.Api)'

2024-07-27 18:13:05.448 +05:30  INF  Request finished HTTP/2 GET https://localhost:7069/api/Appointment/Get/387 application/json - - 200 - application/json;+charset=utf-8 1325.1257ms

2024-07-27 18:13:07.496 +05:30  INF  Request starting HTTP/2 OPTIONS https://localhost:7069/api/Patient/Get/387 - -

2024-07-27 18:13:07.497 +05:30  INF  CORS policy execution successful.

2024-07-27 18:13:07.497 +05:30  INF  Request finished HTTP/2 OPTIONS https://localhost:7069/api/Patient/Get/387 - - - 204 - - 0.3511ms

2024-07-27 18:13:07.498 +05:30  INF  Request starting HTTP/2 OPTIONS https://localhost:7069/api/Doctor/Get/Names - -

2024-07-27 18:13:07.500 +05:30  INF  CORS policy execution successful.

2024-07-27 18:13:07.500 +05:30  INF  Request finished HTTP/2 OPTIONS https://localhost:7069/api/Doctor/Get/Names - - - 204 - - 1.5925ms

2024-07-27 18:13:07.516 +05:30  INF  Request starting HTTP/2 GET https://localhost:7069/api/Patient/Get/387 application/json -

2024-07-27 18:13:07.517 +05:30  INF  CORS policy execution successful.

2024-07-27 18:13:07.520 +05:30  INF  Request starting HTTP/2 OPTIONS https://localhost:7069/api/Patient/Get/Names - -

2024-07-27 18:13:07.520 +05:30  INF  Request starting HTTP/2 GET https://localhost:7069/api/Doctor/Get/Names application/json -

2024-07-27 18:13:07.521 +05:30  INF  CORS policy execution successful.

2024-07-27 18:13:07.521 +05:30  INF  Request starting HTTP/2 OPTIONS https://localhost:7069/api/Chair/GetAll - -

2024-07-27 18:13:07.521 +05:30  INF  CORS policy execution successful.

2024-07-27 18:13:07.521 +05:30  INF  CORS policy execution successful.

2024-07-27 18:13:07.521 +05:30  INF  Request finished HTTP/2 OPTIONS https://localhost:7069/api/Patient/Get/Names - - - 204 - - 0.8281ms

2024-07-27 18:13:07.521 +05:30  INF  Request finished HTTP/2 OPTIONS https://localhost:7069/api/Chair/GetAll - - - 204 - - 0.4673ms

2024-07-27 18:13:07.522 +05:30  INF  Request starting HTTP/2 OPTIONS https://localhost:7069/api/Patient/Get/508 - -

2024-07-27 18:13:07.522 +05:30  INF  CORS policy execution successful.

2024-07-27 18:13:07.522 +05:30  INF  Request finished HTTP/2 OPTIONS https://localhost:7069/api/Patient/Get/508 - - - 204 - - 0.3382ms

2024-07-27 18:13:07.526 +05:30  INF  Request starting HTTP/2 GET https://localhost:7069/api/Patient/Get/508 application/json -

2024-07-27 18:13:07.526 +05:30  INF  Request starting HTTP/2 GET https://localhost:7069/api/Patient/Get/Names application/json -

2024-07-27 18:13:07.526 +05:30  INF  Request starting HTTP/2 GET https://localhost:7069/api/Chair/GetAll application/json -

2024-07-27 18:13:07.526 +05:30  INF  CORS policy execution successful.

2024-07-27 18:13:07.526 +05:30  INF  CORS policy execution successful.

2024-07-27 18:13:07.526 +05:30  INF  CORS policy execution successful.

2024-07-27 18:13:08.162 +05:30  INF  Executed DbCommand (214ms) [Parameters=[@__id_0='?' (DbType = Int64)], CommandType='"Text"', CommandTimeout='30']
SELECT `u`.`Id`, `u`.`About_Me`, `u`.`Account_Type`, `u`.`Address`, `u`.`Available_Days`, `u`.`Bn_Name`, `u`.`City`, `u`.`Country`, `u`.`Created_At`, `u`.`Currency`, `u`.`Degree`, `u`.`Email`, `u`.`Email_Verified`, `u`.`Enable_Appointment`, `u`.`Enable_Rating`, `u`.`Exp_Years`, `u`.`Facebook`, `u`.`Google_Analytics`, `u`.`Image`, `u`.`Instagram`, `u`.`Linkedin`, `u`.`Name`, `u`.`Parent_Id`, `u`.`Password`, `u`.`Paypal_Email`, `u`.`Paypal_Mode`, `u`.`Paypal_Payment`, `u`.`Paystack_Payment`, `u`.`Paystack_Public_Key`, `u`.`Paystack_Secret_Key`, `u`.`Phone`, `u`.`Publish_Key`, `u`.`Qr_Code`, `u`.`Razorpay_Key_Id`, `u`.`Razorpay_Key_Secret`, `u`.`Razorpay_Payment`, `u`.`Role`, `u`.`Secret_Key`, `u`.`Skype`, `u`.`Slug`, `u`.`Specialist`, `u`.`Status`, `u`.`Stripe_Payment`, `u`.`Thumb`, `u`.`Trial_Expire`, `u`.`Twitter`, `u`.`User_Name`, `u`.`User_Type`, `u`.`Verify_Code`, `u`.`Whatsapp`
FROM `Users` AS `u`
WHERE `u`.`Id` = @__id_0
LIMIT 1

2024-07-27 18:13:08.162 +05:30  INF  Executed DbCommand (214ms) [Parameters=[@__id_0='?' (DbType = Int64)], CommandType='"Text"', CommandTimeout='30']
SELECT `u`.`Id`, `u`.`About_Me`, `u`.`Account_Type`, `u`.`Address`, `u`.`Available_Days`, `u`.`Bn_Name`, `u`.`City`, `u`.`Country`, `u`.`Created_At`, `u`.`Currency`, `u`.`Degree`, `u`.`Email`, `u`.`Email_Verified`, `u`.`Enable_Appointment`, `u`.`Enable_Rating`, `u`.`Exp_Years`, `u`.`Facebook`, `u`.`Google_Analytics`, `u`.`Image`, `u`.`Instagram`, `u`.`Linkedin`, `u`.`Name`, `u`.`Parent_Id`, `u`.`Password`, `u`.`Paypal_Email`, `u`.`Paypal_Mode`, `u`.`Paypal_Payment`, `u`.`Paystack_Payment`, `u`.`Paystack_Public_Key`, `u`.`Paystack_Secret_Key`, `u`.`Phone`, `u`.`Publish_Key`, `u`.`Qr_Code`, `u`.`Razorpay_Key_Id`, `u`.`Razorpay_Key_Secret`, `u`.`Razorpay_Payment`, `u`.`Role`, `u`.`Secret_Key`, `u`.`Skype`, `u`.`Slug`, `u`.`Specialist`, `u`.`Status`, `u`.`Stripe_Payment`, `u`.`Thumb`, `u`.`Trial_Expire`, `u`.`Twitter`, `u`.`User_Name`, `u`.`User_Type`, `u`.`Verify_Code`, `u`.`Whatsapp`
FROM `Users` AS `u`
WHERE `u`.`Id` = @__id_0
LIMIT 1

2024-07-27 18:13:08.162 +05:30  INF  Executed DbCommand (214ms) [Parameters=[@__id_0='?' (DbType = Int64)], CommandType='"Text"', CommandTimeout='30']
SELECT `u`.`Id`, `u`.`About_Me`, `u`.`Account_Type`, `u`.`Address`, `u`.`Available_Days`, `u`.`Bn_Name`, `u`.`City`, `u`.`Country`, `u`.`Created_At`, `u`.`Currency`, `u`.`Degree`, `u`.`Email`, `u`.`Email_Verified`, `u`.`Enable_Appointment`, `u`.`Enable_Rating`, `u`.`Exp_Years`, `u`.`Facebook`, `u`.`Google_Analytics`, `u`.`Image`, `u`.`Instagram`, `u`.`Linkedin`, `u`.`Name`, `u`.`Parent_Id`, `u`.`Password`, `u`.`Paypal_Email`, `u`.`Paypal_Mode`, `u`.`Paypal_Payment`, `u`.`Paystack_Payment`, `u`.`Paystack_Public_Key`, `u`.`Paystack_Secret_Key`, `u`.`Phone`, `u`.`Publish_Key`, `u`.`Qr_Code`, `u`.`Razorpay_Key_Id`, `u`.`Razorpay_Key_Secret`, `u`.`Razorpay_Payment`, `u`.`Role`, `u`.`Secret_Key`, `u`.`Skype`, `u`.`Slug`, `u`.`Specialist`, `u`.`Status`, `u`.`Stripe_Payment`, `u`.`Thumb`, `u`.`Trial_Expire`, `u`.`Twitter`, `u`.`User_Name`, `u`.`User_Type`, `u`.`Verify_Code`, `u`.`Whatsapp`
FROM `Users` AS `u`
WHERE `u`.`Id` = @__id_0
LIMIT 1

2024-07-27 18:13:08.162 +05:30  INF  Executing endpoint 'DCRM.Api.Controllers.ChairController.GetAll (DCRM.Api)'

2024-07-27 18:13:08.162 +05:30  INF  Executing endpoint 'DCRM.Api.Controllers.PatientController.Get (DCRM.Api)'

2024-07-27 18:13:08.162 +05:30  INF  Route matched with {action = "GetAll", controller = "Chair"}. Executing controller action with signature System.Collections.Generic.List`1[DCRM.Common.Dto.ChairDto] GetAll() on controller DCRM.Api.Controllers.ChairController (DCRM.Api).

2024-07-27 18:13:08.162 +05:30  INF  Route matched with {action = "Get", controller = "Patient"}. Executing controller action with signature DCRM.Common.Dto.PatientseDto Get(Int64) on controller DCRM.Api.Controllers.PatientController (DCRM.Api).

2024-07-27 18:13:08.162 +05:30  INF  Executing endpoint 'DCRM.Api.Controllers.PatientController.PatientDetailList (DCRM.Api)'

2024-07-27 18:13:08.162 +05:30  INF  Route matched with {action = "PatientDetailList", controller = "Patient"}. Executing controller action with signature System.Collections.Generic.List`1[DCRM.Common.Dto.DropdownDataDto] PatientDetailList() on controller DCRM.Api.Controllers.PatientController (DCRM.Api).

2024-07-27 18:13:08.163 +05:30  INF  Executed DbCommand (215ms) [Parameters=[@__id_0='?' (DbType = Int64)], CommandType='"Text"', CommandTimeout='30']
SELECT `u`.`Id`, `u`.`About_Me`, `u`.`Account_Type`, `u`.`Address`, `u`.`Available_Days`, `u`.`Bn_Name`, `u`.`City`, `u`.`Country`, `u`.`Created_At`, `u`.`Currency`, `u`.`Degree`, `u`.`Email`, `u`.`Email_Verified`, `u`.`Enable_Appointment`, `u`.`Enable_Rating`, `u`.`Exp_Years`, `u`.`Facebook`, `u`.`Google_Analytics`, `u`.`Image`, `u`.`Instagram`, `u`.`Linkedin`, `u`.`Name`, `u`.`Parent_Id`, `u`.`Password`, `u`.`Paypal_Email`, `u`.`Paypal_Mode`, `u`.`Paypal_Payment`, `u`.`Paystack_Payment`, `u`.`Paystack_Public_Key`, `u`.`Paystack_Secret_Key`, `u`.`Phone`, `u`.`Publish_Key`, `u`.`Qr_Code`, `u`.`Razorpay_Key_Id`, `u`.`Razorpay_Key_Secret`, `u`.`Razorpay_Payment`, `u`.`Role`, `u`.`Secret_Key`, `u`.`Skype`, `u`.`Slug`, `u`.`Specialist`, `u`.`Status`, `u`.`Stripe_Payment`, `u`.`Thumb`, `u`.`Trial_Expire`, `u`.`Twitter`, `u`.`User_Name`, `u`.`User_Type`, `u`.`Verify_Code`, `u`.`Whatsapp`
FROM `Users` AS `u`
WHERE `u`.`Id` = @__id_0
LIMIT 1

2024-07-27 18:13:08.163 +05:30  INF  Executing endpoint 'DCRM.Api.Controllers.DoctorController.DoctorNameList (DCRM.Api)'

2024-07-27 18:13:08.163 +05:30  INF  Route matched with {action = "DoctorNameList", controller = "Doctor"}. Executing controller action with signature System.Collections.Generic.List`1[DCRM.Common.Dto.DropdownDataDto] DoctorNameList() on controller DCRM.Api.Controllers.DoctorController (DCRM.Api).

2024-07-27 18:13:08.172 +05:30  INF  Executed DbCommand (217ms) [Parameters=[@__id_0='?' (DbType = Int64)], CommandType='"Text"', CommandTimeout='30']
SELECT `u`.`Id`, `u`.`About_Me`, `u`.`Account_Type`, `u`.`Address`, `u`.`Available_Days`, `u`.`Bn_Name`, `u`.`City`, `u`.`Country`, `u`.`Created_At`, `u`.`Currency`, `u`.`Degree`, `u`.`Email`, `u`.`Email_Verified`, `u`.`Enable_Appointment`, `u`.`Enable_Rating`, `u`.`Exp_Years`, `u`.`Facebook`, `u`.`Google_Analytics`, `u`.`Image`, `u`.`Instagram`, `u`.`Linkedin`, `u`.`Name`, `u`.`Parent_Id`, `u`.`Password`, `u`.`Paypal_Email`, `u`.`Paypal_Mode`, `u`.`Paypal_Payment`, `u`.`Paystack_Payment`, `u`.`Paystack_Public_Key`, `u`.`Paystack_Secret_Key`, `u`.`Phone`, `u`.`Publish_Key`, `u`.`Qr_Code`, `u`.`Razorpay_Key_Id`, `u`.`Razorpay_Key_Secret`, `u`.`Razorpay_Payment`, `u`.`Role`, `u`.`Secret_Key`, `u`.`Skype`, `u`.`Slug`, `u`.`Specialist`, `u`.`Status`, `u`.`Stripe_Payment`, `u`.`Thumb`, `u`.`Trial_Expire`, `u`.`Twitter`, `u`.`User_Name`, `u`.`User_Type`, `u`.`Verify_Code`, `u`.`Whatsapp`
FROM `Users` AS `u`
WHERE `u`.`Id` = @__id_0
LIMIT 1

2024-07-27 18:13:08.173 +05:30  INF  Executing endpoint 'DCRM.Api.Controllers.PatientController.Get (DCRM.Api)'

2024-07-27 18:13:08.173 +05:30  INF  Route matched with {action = "Get", controller = "Patient"}. Executing controller action with signature DCRM.Common.Dto.PatientseDto Get(Int64) on controller DCRM.Api.Controllers.PatientController (DCRM.Api).

2024-07-27 18:13:08.802 +05:30  INF  Executed DbCommand (215ms) [Parameters=[@__id_0='?' (DbType = Int64)], CommandType='"Text"', CommandTimeout='30']
SELECT `p`.`Id`, `p`.`Age`, `p`.`Chamber_Id`, `p`.`Created_At`, `p`.`Email`, `p`.`Guardian`, `p`.`Is_Delete`, `p`.`Mobile`, `p`.`Mr_Number`, `p`.`Name`, `p`.`Password`, `p`.`Permanent_Address`, `p`.`Present_Address`, `p`.`Role`, `p`.`Sex`, `p`.`Slug`, `p`.`Thumb`, `p`.`Title`, `p`.`UserName`, `p`.`User_Id`, `p`.`Verify_Code`, `p`.`Weight`
FROM `Patientses` AS `p`
WHERE (`p`.`Is_Delete` = 0) AND (`p`.`Id` = @__id_0)
LIMIT 1

2024-07-27 18:13:08.804 +05:30  INF  Executed DbCommand (217ms) [Parameters=[], CommandType='"Text"', CommandTimeout='30']
SELECT `c`.`Id`, `c`.`Address`, `c`.`Appoinment_Limit`, `c`.`Created_At`, `c`.`Doctor_Id`, `c`.`Is_Primary`, `c`.`Name`, `c`.`Status`, `c`.`Uid`, `c`.`User_Id`
FROM `Chairs` AS `c`

2024-07-27 18:13:08.828 +05:30  INF  Executed DbCommand (220ms) [Parameters=[@__id_0='?' (DbType = Int64)], CommandType='"Text"', CommandTimeout='30']
SELECT `p`.`Id`, `p`.`Age`, `p`.`Chamber_Id`, `p`.`Created_At`, `p`.`Email`, `p`.`Guardian`, `p`.`Is_Delete`, `p`.`Mobile`, `p`.`Mr_Number`, `p`.`Name`, `p`.`Password`, `p`.`Permanent_Address`, `p`.`Present_Address`, `p`.`Role`, `p`.`Sex`, `p`.`Slug`, `p`.`Thumb`, `p`.`Title`, `p`.`UserName`, `p`.`User_Id`, `p`.`Verify_Code`, `p`.`Weight`
FROM `Patientses` AS `p`
WHERE (`p`.`Is_Delete` = 0) AND (`p`.`Id` = @__id_0)
LIMIT 1

2024-07-27 18:13:09.014 +05:30  INF  Executed DbCommand (427ms) [Parameters=[@__userId_0='?' (DbType = Int64)], CommandType='"Text"', CommandTimeout='30']
SELECT `d`.`Id`, `d`.`Age`, `d`.`Blood_Group`, `d`.`Created_At`, `d`.`Dob`, `d`.`Email`, `d`.`Email2`, `d`.`Gender`, `d`.`Gst_Number`, `d`.`Is_Delete`, `d`.`Marital_Status`, `d`.`Name`, `d`.`Pan_Number`, `d`.`Password`, `d`.`Phone1`, `d`.`Phone2`, `d`.`Phone3`, `d`.`Phone4`, `d`.`Qualification`, `d`.`Role`, `d`.`Speciality`, `d`.`Thumb`, `d`.`Updated_At`, `d`.`User_Id`
FROM `Doctors` AS `d`
WHERE (`d`.`User_Id` = @__userId_0) AND (`d`.`Is_Delete` = 0)

2024-07-27 18:13:09.015 +05:30  INF  Executed DbCommand (428ms) [Parameters=[@__userId_0='?' (DbType = Int64)], CommandType='"Text"', CommandTimeout='30']
SELECT `p`.`Id`, `p`.`Age`, `p`.`Chamber_Id`, `p`.`Created_At`, `p`.`Email`, `p`.`Guardian`, `p`.`Is_Delete`, `p`.`Mobile`, `p`.`Mr_Number`, `p`.`Name`, `p`.`Password`, `p`.`Permanent_Address`, `p`.`Present_Address`, `p`.`Role`, `p`.`Sex`, `p`.`Slug`, `p`.`Thumb`, `p`.`Title`, `p`.`UserName`, `p`.`User_Id`, `p`.`Verify_Code`, `p`.`Weight`
FROM `Patientses` AS `p`
WHERE (`p`.`User_Id` = @__userId_0) AND (`p`.`Is_Delete` = 0)

2024-07-27 18:13:09.444 +05:30  INF  Executed DbCommand (213ms) [Parameters=[@__Id_0='?' (DbType = Int64)], CommandType='"Text"', CommandTimeout='30']
SELECT `d`.`Id`, `d`.`Age`, `d`.`Blood_Group`, `d`.`Created_At`, `d`.`Dob`, `d`.`Email`, `d`.`Email2`, `d`.`Gender`, `d`.`Gst_Number`, `d`.`Is_Delete`, `d`.`Marital_Status`, `d`.`Name`, `d`.`Pan_Number`, `d`.`Password`, `d`.`Phone1`, `d`.`Phone2`, `d`.`Phone3`, `d`.`Phone4`, `d`.`Qualification`, `d`.`Role`, `d`.`Speciality`, `d`.`Thumb`, `d`.`Updated_At`, `d`.`User_Id`
FROM `Doctors` AS `d`
WHERE `d`.`Id` = @__Id_0
LIMIT 2

2024-07-27 18:13:09.661 +05:30  INF  Executed DbCommand (432ms) [Parameters=[], CommandType='"Text"', CommandTimeout='30']
SELECT `p`.`Id`, `p`.`Amount_Type`, `p`.`Balance`, `p`.`Created_At`, `p`.`Credit_Amount`, `p`.`Debit_Amount`, `p`.`Description`, `p`.`Doctor_Id`, `p`.`Patient_Id`, `p`.`Payment_Mode`, `p`.`Updated_At`, `p`.`Workdone_Id`, `p`.`isPrinted`
FROM `Payment_History` AS `p`

2024-07-27 18:13:09.699 +05:30  INF  Executed DbCommand (438ms) [Parameters=[], CommandType='"Text"', CommandTimeout='30']
SELECT `p`.`Id`, `p`.`Amount_Type`, `p`.`Balance`, `p`.`Created_At`, `p`.`Credit_Amount`, `p`.`Debit_Amount`, `p`.`Description`, `p`.`Doctor_Id`, `p`.`Patient_Id`, `p`.`Payment_Mode`, `p`.`Updated_At`, `p`.`Workdone_Id`, `p`.`isPrinted`
FROM `Payment_History` AS `p`

2024-07-27 18:13:09.877 +05:30  INF  Executing ObjectResult, writing value of type 'System.Collections.Generic.List`1[[DCRM.Common.Dto.DropdownDataDto, DCRM.Common, Version=1.0.0.0, Culture=neutral, PublicKeyToken=null]]'.

2024-07-27 18:13:09.877 +05:30  INF  Executed action DCRM.Api.Controllers.PatientController.PatientDetailList (DCRM.Api) in 1714.381ms

2024-07-27 18:13:09.877 +05:30  INF  Executed endpoint 'DCRM.Api.Controllers.PatientController.PatientDetailList (DCRM.Api)'

2024-07-27 18:13:09.877 +05:30  INF  Executing ObjectResult, writing value of type 'System.Collections.Generic.List`1[[DCRM.Common.Dto.DropdownDataDto, DCRM.Common, Version=1.0.0.0, Culture=neutral, PublicKeyToken=null]]'.

2024-07-27 18:13:09.877 +05:30  INF  Request finished HTTP/2 GET https://localhost:7069/api/Patient/Get/Names application/json - - 200 - application/json;+charset=utf-8 2351.4591ms

2024-07-27 18:13:09.877 +05:30  INF  Executed action DCRM.Api.Controllers.DoctorController.DoctorNameList (DCRM.Api) in 1714.26ms

2024-07-27 18:13:09.877 +05:30  INF  Executed endpoint 'DCRM.Api.Controllers.DoctorController.DoctorNameList (DCRM.Api)'

2024-07-27 18:13:09.877 +05:30  INF  Request finished HTTP/2 GET https://localhost:7069/api/Doctor/Get/Names application/json - - 200 - application/json;+charset=utf-8 2356.8567ms

2024-07-27 18:13:10.089 +05:30  INF  Executed DbCommand (214ms) [Parameters=[@__Id_0='?' (DbType = Int64)], CommandType='"Text"', CommandTimeout='30']
SELECT `d`.`Id`, `d`.`Age`, `d`.`Blood_Group`, `d`.`Created_At`, `d`.`Dob`, `d`.`Email`, `d`.`Email2`, `d`.`Gender`, `d`.`Gst_Number`, `d`.`Is_Delete`, `d`.`Marital_Status`, `d`.`Name`, `d`.`Pan_Number`, `d`.`Password`, `d`.`Phone1`, `d`.`Phone2`, `d`.`Phone3`, `d`.`Phone4`, `d`.`Qualification`, `d`.`Role`, `d`.`Speciality`, `d`.`Thumb`, `d`.`Updated_At`, `d`.`User_Id`
FROM `Doctors` AS `d`
WHERE `d`.`Id` = @__Id_0
LIMIT 2

2024-07-27 18:13:10.517 +05:30  INF  Executed DbCommand (214ms) [Parameters=[@__p_0='?' (DbType = Int64)], CommandType='"Text"', CommandTimeout='30']
SELECT `p`.`Id`, `p`.`Amount`, `p`.`Balance_Amount`, `p`.`Balance_Spent`, `p`.`Created_At`, `p`.`Name`, `p`.`Patients_Id`, `p`.`Type`, `p`.`Updated_At`
FROM `Patients_Insurance_Loan` AS `p`
WHERE `p`.`Patients_Id` = @__p_0

2024-07-27 18:13:10.577 +05:30  INF  Executed DbCommand (222ms) [Parameters=[@__p_0='?' (DbType = Int64)], CommandType='"Text"', CommandTimeout='30']
SELECT `p`.`Id`, `p`.`Amount`, `p`.`Balance_Amount`, `p`.`Balance_Spent`, `p`.`Created_At`, `p`.`Name`, `p`.`Patients_Id`, `p`.`Type`, `p`.`Updated_At`
FROM `Patients_Insurance_Loan` AS `p`
WHERE `p`.`Patients_Id` = @__p_0

2024-07-27 18:13:10.730 +05:30  INF  Executed DbCommand (214ms) [Parameters=[@__Id_0='?' (DbType = Int64)], CommandType='"Text"', CommandTimeout='30']
SELECT `d`.`Id`, `d`.`Age`, `d`.`Blood_Group`, `d`.`Created_At`, `d`.`Dob`, `d`.`Email`, `d`.`Email2`, `d`.`Gender`, `d`.`Gst_Number`, `d`.`Is_Delete`, `d`.`Marital_Status`, `d`.`Name`, `d`.`Pan_Number`, `d`.`Password`, `d`.`Phone1`, `d`.`Phone2`, `d`.`Phone3`, `d`.`Phone4`, `d`.`Qualification`, `d`.`Role`, `d`.`Speciality`, `d`.`Thumb`, `d`.`Updated_At`, `d`.`User_Id`
FROM `Doctors` AS `d`
WHERE `d`.`Id` = @__Id_0
LIMIT 2

2024-07-27 18:13:11.154 +05:30  INF  Executed DbCommand (213ms) [Parameters=[@__p_0='?' (DbType = Int64)], CommandType='"Text"', CommandTimeout='30']
SELECT `p`.`Id`, `p`.`Created_At`, `p`.`Patient_Id`, `p`.`Report`, `p`.`Report_Date`, `p`.`Report_File`, `p`.`Status`, `p`.`Test_Name`, `p`.`Test_Price`, `p`.`Updated_At`
FROM `Patient_Tests` AS `p`
WHERE `p`.`Patient_Id` = @__p_0

2024-07-27 18:13:11.232 +05:30  INF  Executed DbCommand (218ms) [Parameters=[@__p_0='?' (DbType = Int64)], CommandType='"Text"', CommandTimeout='30']
SELECT `p`.`Id`, `p`.`Created_At`, `p`.`Patient_Id`, `p`.`Report`, `p`.`Report_Date`, `p`.`Report_File`, `p`.`Status`, `p`.`Test_Name`, `p`.`Test_Price`, `p`.`Updated_At`
FROM `Patient_Tests` AS `p`
WHERE `p`.`Patient_Id` = @__p_0

2024-07-27 18:13:11.368 +05:30  INF  Executed DbCommand (214ms) [Parameters=[@__Id_0='?' (DbType = Int64)], CommandType='"Text"', CommandTimeout='30']
SELECT `d`.`Id`, `d`.`Age`, `d`.`Blood_Group`, `d`.`Created_At`, `d`.`Dob`, `d`.`Email`, `d`.`Email2`, `d`.`Gender`, `d`.`Gst_Number`, `d`.`Is_Delete`, `d`.`Marital_Status`, `d`.`Name`, `d`.`Pan_Number`, `d`.`Password`, `d`.`Phone1`, `d`.`Phone2`, `d`.`Phone3`, `d`.`Phone4`, `d`.`Qualification`, `d`.`Role`, `d`.`Speciality`, `d`.`Thumb`, `d`.`Updated_At`, `d`.`User_Id`
FROM `Doctors` AS `d`
WHERE `d`.`Id` = @__Id_0
LIMIT 2

2024-07-27 18:13:11.793 +05:30  INF  Executed DbCommand (214ms) [Parameters=[@__p_0='?' (DbType = Int64)], CommandType='"Text"', CommandTimeout='30']
SELECT `p`.`Id`, `p`.`Address_O`, `p`.`Address_Other`, `p`.`Address_R`, `p`.`City_O`, `p`.`City_Other`, `p`.`City_R`, `p`.`Country_O`, `p`.`Country_Other`, `p`.`Country_R`, `p`.`Created_At`, `p`.`Doctor_Name`, `p`.`Email`, `p`.`Email2`, `p`.`Medical_History_Allergies`, `p`.`Patient_Id`, `p`.`Phone`, `p`.`Phone1`, `p`.`Phone2`, `p`.`Phone3`, `p`.`Phone4`, `p`.`Physician`, `p`.`Reffered_By`, `p`.`Relationship_Type`, `p`.`Special_Notes`, `p`.`Updated_At`, `p`.`Zip_O`, `p`.`Zip_Other`, `p`.`Zip_R`
FROM `Patients_Contact` AS `p`
WHERE `p`.`Patient_Id` = @__p_0

2024-07-27 18:13:11.889 +05:30  INF  Executed DbCommand (221ms) [Parameters=[@__p_0='?' (DbType = Int64)], CommandType='"Text"', CommandTimeout='30']
SELECT `p`.`Id`, `p`.`Address_O`, `p`.`Address_Other`, `p`.`Address_R`, `p`.`City_O`, `p`.`City_Other`, `p`.`City_R`, `p`.`Country_O`, `p`.`Country_Other`, `p`.`Country_R`, `p`.`Created_At`, `p`.`Doctor_Name`, `p`.`Email`, `p`.`Email2`, `p`.`Medical_History_Allergies`, `p`.`Patient_Id`, `p`.`Phone`, `p`.`Phone1`, `p`.`Phone2`, `p`.`Phone3`, `p`.`Phone4`, `p`.`Physician`, `p`.`Reffered_By`, `p`.`Relationship_Type`, `p`.`Special_Notes`, `p`.`Updated_At`, `p`.`Zip_O`, `p`.`Zip_Other`, `p`.`Zip_R`
FROM `Patients_Contact` AS `p`
WHERE `p`.`Patient_Id` = @__p_0

2024-07-27 18:13:12.006 +05:30  INF  Executed DbCommand (214ms) [Parameters=[@__Id_0='?' (DbType = Int64)], CommandType='"Text"', CommandTimeout='30']
SELECT `d`.`Id`, `d`.`Age`, `d`.`Blood_Group`, `d`.`Created_At`, `d`.`Dob`, `d`.`Email`, `d`.`Email2`, `d`.`Gender`, `d`.`Gst_Number`, `d`.`Is_Delete`, `d`.`Marital_Status`, `d`.`Name`, `d`.`Pan_Number`, `d`.`Password`, `d`.`Phone1`, `d`.`Phone2`, `d`.`Phone3`, `d`.`Phone4`, `d`.`Qualification`, `d`.`Role`, `d`.`Speciality`, `d`.`Thumb`, `d`.`Updated_At`, `d`.`User_Id`
FROM `Doctors` AS `d`
WHERE `d`.`Id` = @__Id_0
LIMIT 2

2024-07-27 18:13:12.431 +05:30  INF  Executed DbCommand (213ms) [Parameters=[@__p_0='?' (DbType = Int64)], CommandType='"Text"', CommandTimeout='30']
SELECT `p`.`Id`, `p`.`Created_At`, `p`.`Patient_Id`, `p`.`Report`, `p`.`Report_File`, `p`.`Scan_Name`, `p`.`Status`, `p`.`Type`, `p`.`Updated_At`
FROM `Patient_Scans` AS `p`
WHERE `p`.`Patient_Id` = @__p_0

2024-07-27 18:13:12.431 +05:30  INF  Executing ObjectResult, writing value of type 'DCRM.Common.Dto.PatientseDto'.

2024-07-27 18:13:12.431 +05:30  INF  Executed action DCRM.Api.Controllers.PatientController.Get (DCRM.Api) in 4269.1137ms

2024-07-27 18:13:12.432 +05:30  INF  Executed endpoint 'DCRM.Api.Controllers.PatientController.Get (DCRM.Api)'

2024-07-27 18:13:12.432 +05:30  INF  Request finished HTTP/2 GET https://localhost:7069/api/Patient/Get/508 application/json - - 200 - application/json;+charset=utf-8 4905.8875ms

2024-07-27 18:13:12.543 +05:30  INF  Executed DbCommand (219ms) [Parameters=[@__p_0='?' (DbType = Int64)], CommandType='"Text"', CommandTimeout='30']
SELECT `p`.`Id`, `p`.`Created_At`, `p`.`Patient_Id`, `p`.`Report`, `p`.`Report_File`, `p`.`Scan_Name`, `p`.`Status`, `p`.`Type`, `p`.`Updated_At`
FROM `Patient_Scans` AS `p`
WHERE `p`.`Patient_Id` = @__p_0

2024-07-27 18:13:12.543 +05:30  INF  Executing ObjectResult, writing value of type 'DCRM.Common.Dto.PatientseDto'.

2024-07-27 18:13:12.543 +05:30  INF  Executed action DCRM.Api.Controllers.PatientController.Get (DCRM.Api) in 4370.6312ms

2024-07-27 18:13:12.544 +05:30  INF  Executed endpoint 'DCRM.Api.Controllers.PatientController.Get (DCRM.Api)'

2024-07-27 18:13:12.544 +05:30  INF  Request finished HTTP/2 GET https://localhost:7069/api/Patient/Get/387 application/json - - 200 - application/json;+charset=utf-8 5028.5164ms

2024-07-27 18:13:12.645 +05:30  INF  Executed DbCommand (214ms) [Parameters=[@__Id_0='?' (DbType = Int64)], CommandType='"Text"', CommandTimeout='30']
SELECT `d`.`Id`, `d`.`Age`, `d`.`Blood_Group`, `d`.`Created_At`, `d`.`Dob`, `d`.`Email`, `d`.`Email2`, `d`.`Gender`, `d`.`Gst_Number`, `d`.`Is_Delete`, `d`.`Marital_Status`, `d`.`Name`, `d`.`Pan_Number`, `d`.`Password`, `d`.`Phone1`, `d`.`Phone2`, `d`.`Phone3`, `d`.`Phone4`, `d`.`Qualification`, `d`.`Role`, `d`.`Speciality`, `d`.`Thumb`, `d`.`Updated_At`, `d`.`User_Id`
FROM `Doctors` AS `d`
WHERE `d`.`Id` = @__Id_0
LIMIT 2

2024-07-27 18:13:13.285 +05:30  INF  Executed DbCommand (214ms) [Parameters=[@__Id_0='?' (DbType = Int64)], CommandType='"Text"', CommandTimeout='30']
SELECT `d`.`Id`, `d`.`Age`, `d`.`Blood_Group`, `d`.`Created_At`, `d`.`Dob`, `d`.`Email`, `d`.`Email2`, `d`.`Gender`, `d`.`Gst_Number`, `d`.`Is_Delete`, `d`.`Marital_Status`, `d`.`Name`, `d`.`Pan_Number`, `d`.`Password`, `d`.`Phone1`, `d`.`Phone2`, `d`.`Phone3`, `d`.`Phone4`, `d`.`Qualification`, `d`.`Role`, `d`.`Speciality`, `d`.`Thumb`, `d`.`Updated_At`, `d`.`User_Id`
FROM `Doctors` AS `d`
WHERE `d`.`Id` = @__Id_0
LIMIT 2

2024-07-27 18:13:13.925 +05:30  INF  Executed DbCommand (214ms) [Parameters=[@__Id_0='?' (DbType = Int64)], CommandType='"Text"', CommandTimeout='30']
SELECT `d`.`Id`, `d`.`Age`, `d`.`Blood_Group`, `d`.`Created_At`, `d`.`Dob`, `d`.`Email`, `d`.`Email2`, `d`.`Gender`, `d`.`Gst_Number`, `d`.`Is_Delete`, `d`.`Marital_Status`, `d`.`Name`, `d`.`Pan_Number`, `d`.`Password`, `d`.`Phone1`, `d`.`Phone2`, `d`.`Phone3`, `d`.`Phone4`, `d`.`Qualification`, `d`.`Role`, `d`.`Speciality`, `d`.`Thumb`, `d`.`Updated_At`, `d`.`User_Id`
FROM `Doctors` AS `d`
WHERE `d`.`Id` = @__Id_0
LIMIT 2

2024-07-27 18:13:14.779 +05:30  INF  Executed DbCommand (428ms) [Parameters=[@__Id_0='?' (DbType = Int64)], CommandType='"Text"', CommandTimeout='30']
SELECT `d`.`Id`, `d`.`Age`, `d`.`Blood_Group`, `d`.`Created_At`, `d`.`Dob`, `d`.`Email`, `d`.`Email2`, `d`.`Gender`, `d`.`Gst_Number`, `d`.`Is_Delete`, `d`.`Marital_Status`, `d`.`Name`, `d`.`Pan_Number`, `d`.`Password`, `d`.`Phone1`, `d`.`Phone2`, `d`.`Phone3`, `d`.`Phone4`, `d`.`Qualification`, `d`.`Role`, `d`.`Speciality`, `d`.`Thumb`, `d`.`Updated_At`, `d`.`User_Id`
FROM `Doctors` AS `d`
WHERE `d`.`Id` = @__Id_0
LIMIT 2

2024-07-27 18:13:15.419 +05:30  INF  Executed DbCommand (214ms) [Parameters=[@__Id_0='?' (DbType = Int64)], CommandType='"Text"', CommandTimeout='30']
SELECT `d`.`Id`, `d`.`Age`, `d`.`Blood_Group`, `d`.`Created_At`, `d`.`Dob`, `d`.`Email`, `d`.`Email2`, `d`.`Gender`, `d`.`Gst_Number`, `d`.`Is_Delete`, `d`.`Marital_Status`, `d`.`Name`, `d`.`Pan_Number`, `d`.`Password`, `d`.`Phone1`, `d`.`Phone2`, `d`.`Phone3`, `d`.`Phone4`, `d`.`Qualification`, `d`.`Role`, `d`.`Speciality`, `d`.`Thumb`, `d`.`Updated_At`, `d`.`User_Id`
FROM `Doctors` AS `d`
WHERE `d`.`Id` = @__Id_0
LIMIT 2

2024-07-27 18:13:16.063 +05:30  INF  Executed DbCommand (214ms) [Parameters=[@__Id_0='?' (DbType = Int64)], CommandType='"Text"', CommandTimeout='30']
SELECT `d`.`Id`, `d`.`Age`, `d`.`Blood_Group`, `d`.`Created_At`, `d`.`Dob`, `d`.`Email`, `d`.`Email2`, `d`.`Gender`, `d`.`Gst_Number`, `d`.`Is_Delete`, `d`.`Marital_Status`, `d`.`Name`, `d`.`Pan_Number`, `d`.`Password`, `d`.`Phone1`, `d`.`Phone2`, `d`.`Phone3`, `d`.`Phone4`, `d`.`Qualification`, `d`.`Role`, `d`.`Speciality`, `d`.`Thumb`, `d`.`Updated_At`, `d`.`User_Id`
FROM `Doctors` AS `d`
WHERE `d`.`Id` = @__Id_0
LIMIT 2

2024-07-27 18:13:16.708 +05:30  INF  Executed DbCommand (220ms) [Parameters=[@__Id_0='?' (DbType = Int64)], CommandType='"Text"', CommandTimeout='30']
SELECT `d`.`Id`, `d`.`Age`, `d`.`Blood_Group`, `d`.`Created_At`, `d`.`Dob`, `d`.`Email`, `d`.`Email2`, `d`.`Gender`, `d`.`Gst_Number`, `d`.`Is_Delete`, `d`.`Marital_Status`, `d`.`Name`, `d`.`Pan_Number`, `d`.`Password`, `d`.`Phone1`, `d`.`Phone2`, `d`.`Phone3`, `d`.`Phone4`, `d`.`Qualification`, `d`.`Role`, `d`.`Speciality`, `d`.`Thumb`, `d`.`Updated_At`, `d`.`User_Id`
FROM `Doctors` AS `d`
WHERE `d`.`Id` = @__Id_0
LIMIT 2

2024-07-27 18:13:17.349 +05:30  INF  Executed DbCommand (216ms) [Parameters=[@__Id_0='?' (DbType = Int64)], CommandType='"Text"', CommandTimeout='30']
SELECT `d`.`Id`, `d`.`Age`, `d`.`Blood_Group`, `d`.`Created_At`, `d`.`Dob`, `d`.`Email`, `d`.`Email2`, `d`.`Gender`, `d`.`Gst_Number`, `d`.`Is_Delete`, `d`.`Marital_Status`, `d`.`Name`, `d`.`Pan_Number`, `d`.`Password`, `d`.`Phone1`, `d`.`Phone2`, `d`.`Phone3`, `d`.`Phone4`, `d`.`Qualification`, `d`.`Role`, `d`.`Speciality`, `d`.`Thumb`, `d`.`Updated_At`, `d`.`User_Id`
FROM `Doctors` AS `d`
WHERE `d`.`Id` = @__Id_0
LIMIT 2

2024-07-27 18:13:17.989 +05:30  INF  Executed DbCommand (214ms) [Parameters=[@__Id_0='?' (DbType = Int64)], CommandType='"Text"', CommandTimeout='30']
SELECT `d`.`Id`, `d`.`Age`, `d`.`Blood_Group`, `d`.`Created_At`, `d`.`Dob`, `d`.`Email`, `d`.`Email2`, `d`.`Gender`, `d`.`Gst_Number`, `d`.`Is_Delete`, `d`.`Marital_Status`, `d`.`Name`, `d`.`Pan_Number`, `d`.`Password`, `d`.`Phone1`, `d`.`Phone2`, `d`.`Phone3`, `d`.`Phone4`, `d`.`Qualification`, `d`.`Role`, `d`.`Speciality`, `d`.`Thumb`, `d`.`Updated_At`, `d`.`User_Id`
FROM `Doctors` AS `d`
WHERE `d`.`Id` = @__Id_0
LIMIT 2

2024-07-27 18:13:18.629 +05:30  INF  Executed DbCommand (215ms) [Parameters=[@__Id_0='?' (DbType = Int64)], CommandType='"Text"', CommandTimeout='30']
SELECT `d`.`Id`, `d`.`Age`, `d`.`Blood_Group`, `d`.`Created_At`, `d`.`Dob`, `d`.`Email`, `d`.`Email2`, `d`.`Gender`, `d`.`Gst_Number`, `d`.`Is_Delete`, `d`.`Marital_Status`, `d`.`Name`, `d`.`Pan_Number`, `d`.`Password`, `d`.`Phone1`, `d`.`Phone2`, `d`.`Phone3`, `d`.`Phone4`, `d`.`Qualification`, `d`.`Role`, `d`.`Speciality`, `d`.`Thumb`, `d`.`Updated_At`, `d`.`User_Id`
FROM `Doctors` AS `d`
WHERE `d`.`Id` = @__Id_0
LIMIT 2

2024-07-27 18:13:19.267 +05:30  INF  Executed DbCommand (214ms) [Parameters=[@__Id_0='?' (DbType = Int64)], CommandType='"Text"', CommandTimeout='30']
SELECT `d`.`Id`, `d`.`Age`, `d`.`Blood_Group`, `d`.`Created_At`, `d`.`Dob`, `d`.`Email`, `d`.`Email2`, `d`.`Gender`, `d`.`Gst_Number`, `d`.`Is_Delete`, `d`.`Marital_Status`, `d`.`Name`, `d`.`Pan_Number`, `d`.`Password`, `d`.`Phone1`, `d`.`Phone2`, `d`.`Phone3`, `d`.`Phone4`, `d`.`Qualification`, `d`.`Role`, `d`.`Speciality`, `d`.`Thumb`, `d`.`Updated_At`, `d`.`User_Id`
FROM `Doctors` AS `d`
WHERE `d`.`Id` = @__Id_0
LIMIT 2

2024-07-27 18:13:19.907 +05:30  INF  Executed DbCommand (214ms) [Parameters=[@__Id_0='?' (DbType = Int64)], CommandType='"Text"', CommandTimeout='30']
SELECT `d`.`Id`, `d`.`Age`, `d`.`Blood_Group`, `d`.`Created_At`, `d`.`Dob`, `d`.`Email`, `d`.`Email2`, `d`.`Gender`, `d`.`Gst_Number`, `d`.`Is_Delete`, `d`.`Marital_Status`, `d`.`Name`, `d`.`Pan_Number`, `d`.`Password`, `d`.`Phone1`, `d`.`Phone2`, `d`.`Phone3`, `d`.`Phone4`, `d`.`Qualification`, `d`.`Role`, `d`.`Speciality`, `d`.`Thumb`, `d`.`Updated_At`, `d`.`User_Id`
FROM `Doctors` AS `d`
WHERE `d`.`Id` = @__Id_0
LIMIT 2

2024-07-27 18:13:20.547 +05:30  INF  Executed DbCommand (215ms) [Parameters=[@__Id_0='?' (DbType = Int64)], CommandType='"Text"', CommandTimeout='30']
SELECT `d`.`Id`, `d`.`Age`, `d`.`Blood_Group`, `d`.`Created_At`, `d`.`Dob`, `d`.`Email`, `d`.`Email2`, `d`.`Gender`, `d`.`Gst_Number`, `d`.`Is_Delete`, `d`.`Marital_Status`, `d`.`Name`, `d`.`Pan_Number`, `d`.`Password`, `d`.`Phone1`, `d`.`Phone2`, `d`.`Phone3`, `d`.`Phone4`, `d`.`Qualification`, `d`.`Role`, `d`.`Speciality`, `d`.`Thumb`, `d`.`Updated_At`, `d`.`User_Id`
FROM `Doctors` AS `d`
WHERE `d`.`Id` = @__Id_0
LIMIT 2

2024-07-27 18:13:21.197 +05:30  INF  Executed DbCommand (213ms) [Parameters=[@__Id_0='?' (DbType = Int64)], CommandType='"Text"', CommandTimeout='30']
SELECT `d`.`Id`, `d`.`Age`, `d`.`Blood_Group`, `d`.`Created_At`, `d`.`Dob`, `d`.`Email`, `d`.`Email2`, `d`.`Gender`, `d`.`Gst_Number`, `d`.`Is_Delete`, `d`.`Marital_Status`, `d`.`Name`, `d`.`Pan_Number`, `d`.`Password`, `d`.`Phone1`, `d`.`Phone2`, `d`.`Phone3`, `d`.`Phone4`, `d`.`Qualification`, `d`.`Role`, `d`.`Speciality`, `d`.`Thumb`, `d`.`Updated_At`, `d`.`User_Id`
FROM `Doctors` AS `d`
WHERE `d`.`Id` = @__Id_0
LIMIT 2

2024-07-27 18:13:21.198 +05:30  INF  Executing ObjectResult, writing value of type 'System.Collections.Generic.List`1[[DCRM.Common.Dto.ChairDto, DCRM.Common, Version=1.0.0.0, Culture=neutral, PublicKeyToken=null]]'.

2024-07-27 18:13:21.198 +05:30  INF  Executed action DCRM.Api.Controllers.ChairController.GetAll (DCRM.Api) in 13035.4355ms

2024-07-27 18:13:21.198 +05:30  INF  Executed endpoint 'DCRM.Api.Controllers.ChairController.GetAll (DCRM.Api)'

2024-07-27 18:13:21.198 +05:30  INF  Request finished HTTP/2 GET https://localhost:7069/api/Chair/GetAll application/json - - 200 - application/json;+charset=utf-8 13672.0466ms

2024-07-27 18:19:26.267 +05:30  INF  Request starting HTTP/2 OPTIONS https://localhost:7069/api/Dashboard/Get - -

2024-07-27 18:19:26.271 +05:30  INF  CORS policy execution successful.

2024-07-27 18:19:26.273 +05:30  INF  Request finished HTTP/2 OPTIONS https://localhost:7069/api/Dashboard/Get - - - 204 - - 5.6218ms

2024-07-27 18:19:26.282 +05:30  INF  Request starting HTTP/2 GET https://localhost:7069/api/Dashboard/Get application/json -

2024-07-27 18:19:26.284 +05:30  INF  CORS policy execution successful.

2024-07-27 18:19:26.849 +05:30  INF  Request starting HTTP/2 OPTIONS https://localhost:7069/api/Appointment/Get/387 - -

2024-07-27 18:19:26.849 +05:30  INF  CORS policy execution successful.

2024-07-27 18:19:26.849 +05:30  INF  Request finished HTTP/2 OPTIONS https://localhost:7069/api/Appointment/Get/387 - - - 204 - - 0.4158ms

2024-07-27 18:19:26.852 +05:30  INF  Request starting HTTP/2 GET https://localhost:7069/api/Appointment/Get/387 application/json -

2024-07-27 18:19:26.853 +05:30  INF  CORS policy execution successful.

2024-07-27 18:19:29.277 +05:30  INF  Executed DbCommand (216ms) [Parameters=[@__id_0='?' (DbType = Int64)], CommandType='"Text"', CommandTimeout='30']
SELECT `u`.`Id`, `u`.`About_Me`, `u`.`Account_Type`, `u`.`Address`, `u`.`Available_Days`, `u`.`Bn_Name`, `u`.`City`, `u`.`Country`, `u`.`Created_At`, `u`.`Currency`, `u`.`Degree`, `u`.`Email`, `u`.`Email_Verified`, `u`.`Enable_Appointment`, `u`.`Enable_Rating`, `u`.`Exp_Years`, `u`.`Facebook`, `u`.`Google_Analytics`, `u`.`Image`, `u`.`Instagram`, `u`.`Linkedin`, `u`.`Name`, `u`.`Parent_Id`, `u`.`Password`, `u`.`Paypal_Email`, `u`.`Paypal_Mode`, `u`.`Paypal_Payment`, `u`.`Paystack_Payment`, `u`.`Paystack_Public_Key`, `u`.`Paystack_Secret_Key`, `u`.`Phone`, `u`.`Publish_Key`, `u`.`Qr_Code`, `u`.`Razorpay_Key_Id`, `u`.`Razorpay_Key_Secret`, `u`.`Razorpay_Payment`, `u`.`Role`, `u`.`Secret_Key`, `u`.`Skype`, `u`.`Slug`, `u`.`Specialist`, `u`.`Status`, `u`.`Stripe_Payment`, `u`.`Thumb`, `u`.`Trial_Expire`, `u`.`Twitter`, `u`.`User_Name`, `u`.`User_Type`, `u`.`Verify_Code`, `u`.`Whatsapp`
FROM `Users` AS `u`
WHERE `u`.`Id` = @__id_0
LIMIT 1

2024-07-27 18:19:29.277 +05:30  INF  Executing endpoint 'DCRM.Api.Controllers.DashboardController.Get (DCRM.Api)'

2024-07-27 18:19:29.277 +05:30  INF  Route matched with {action = "Get", controller = "Dashboard"}. Executing controller action with signature DCRM.Common.Dto.DashboardDto Get() on controller DCRM.Api.Controllers.DashboardController (DCRM.Api).

2024-07-27 18:19:29.863 +05:30  INF  Executed DbCommand (219ms) [Parameters=[@__id_0='?' (DbType = Int64)], CommandType='"Text"', CommandTimeout='30']
SELECT `u`.`Id`, `u`.`About_Me`, `u`.`Account_Type`, `u`.`Address`, `u`.`Available_Days`, `u`.`Bn_Name`, `u`.`City`, `u`.`Country`, `u`.`Created_At`, `u`.`Currency`, `u`.`Degree`, `u`.`Email`, `u`.`Email_Verified`, `u`.`Enable_Appointment`, `u`.`Enable_Rating`, `u`.`Exp_Years`, `u`.`Facebook`, `u`.`Google_Analytics`, `u`.`Image`, `u`.`Instagram`, `u`.`Linkedin`, `u`.`Name`, `u`.`Parent_Id`, `u`.`Password`, `u`.`Paypal_Email`, `u`.`Paypal_Mode`, `u`.`Paypal_Payment`, `u`.`Paystack_Payment`, `u`.`Paystack_Public_Key`, `u`.`Paystack_Secret_Key`, `u`.`Phone`, `u`.`Publish_Key`, `u`.`Qr_Code`, `u`.`Razorpay_Key_Id`, `u`.`Razorpay_Key_Secret`, `u`.`Razorpay_Payment`, `u`.`Role`, `u`.`Secret_Key`, `u`.`Skype`, `u`.`Slug`, `u`.`Specialist`, `u`.`Status`, `u`.`Stripe_Payment`, `u`.`Thumb`, `u`.`Trial_Expire`, `u`.`Twitter`, `u`.`User_Name`, `u`.`User_Type`, `u`.`Verify_Code`, `u`.`Whatsapp`
FROM `Users` AS `u`
WHERE `u`.`Id` = @__id_0
LIMIT 1

2024-07-27 18:19:29.864 +05:30  INF  Executing endpoint 'DCRM.Api.Controllers.AppointmentController.Get (DCRM.Api)'

2024-07-27 18:19:29.864 +05:30  INF  Route matched with {action = "Get", controller = "Appointment"}. Executing controller action with signature DCRM.Common.Entity.Appointment Get(Int32) on controller DCRM.Api.Controllers.AppointmentController (DCRM.Api).

2024-07-27 18:19:29.901 +05:30  INF  Executed DbCommand (211ms) [Parameters=[@__p_0='?' (DbType = Int64)], CommandType='"Text"', CommandTimeout='30']
SELECT COUNT(*)
FROM `Patientses` AS `p`
WHERE (`p`.`User_Id` = @__p_0) AND (`p`.`Is_Delete` = 0)

2024-07-27 18:19:30.506 +05:30  INF  Executed DbCommand (216ms) [Parameters=[@__id_0='?' (DbType = Int64)], CommandType='"Text"', CommandTimeout='30']
SELECT `a`.`Id`, `a`.`Appointment_Status`, `a`.`Cause`, `a`.`Chair`, `a`.`Chamber_Id`, `a`.`Created_At`, `a`.`Date`, `a`.`Doctor_Id`, `a`.`Doctor_Name`, `a`.`End_Time`, `a`.`Extra_Notes`, `a`.`Files`, `a`.`Is_Delete`, `a`.`Is_Start`, `a`.`Meeting_Notes`, `a`.`Number_Of_Slot`, `a`.`Patient_Id`, `a`.`Prescription_Id`, `a`.`Serial_Id`, `a`.`Slot_Time`, `a`.`Start_Time`, `a`.`Status`, `a`.`Type`, `a`.`User_Id`, `a`.`Workdone_Id`
FROM `Appointments` AS `a`
WHERE (`a`.`Id` = @__id_0) AND (`a`.`Is_Delete` = 0)
LIMIT 1

2024-07-27 18:19:30.507 +05:30  INF  Executing ObjectResult, writing value of type 'DCRM.Common.Entity.Appointment'.

2024-07-27 18:19:30.507 +05:30  INF  Executed action DCRM.Api.Controllers.AppointmentController.Get (DCRM.Api) in 642.6418ms

2024-07-27 18:19:30.507 +05:30  INF  Executed endpoint 'DCRM.Api.Controllers.AppointmentController.Get (DCRM.Api)'

2024-07-27 18:19:30.507 +05:30  INF  Request finished HTTP/2 GET https://localhost:7069/api/Appointment/Get/387 application/json - - 200 - application/json;+charset=utf-8 3654.5167ms

2024-07-27 18:19:30.529 +05:30  INF  Executed DbCommand (212ms) [Parameters=[@__userId_0='?' (DbType = Int32)], CommandType='"Text"', CommandTimeout='30']
SELECT COUNT(*)
FROM `Staffs` AS `s`
WHERE (`s`.`User_Id` = @__userId_0) AND (`s`.`Is_Deleted` = 0)

2024-07-27 18:19:31.164 +05:30  INF  Executed DbCommand (208ms) [Parameters=[@__userId_0='?' (DbType = Int32)], CommandType='"Text"', CommandTimeout='30']
SELECT COUNT(*)
FROM `Appointments` AS `a`
WHERE (`a`.`User_Id` = @__userId_0) AND (`a`.`Is_Delete` = 0)

2024-07-27 18:19:31.203 +05:30  INF  Request starting HTTP/2 OPTIONS https://localhost:7069/api/Patient/Get/387 - -

2024-07-27 18:19:31.203 +05:30  INF  CORS policy execution successful.

2024-07-27 18:19:31.209 +05:30  INF  Request finished HTTP/2 OPTIONS https://localhost:7069/api/Patient/Get/387 - - - 204 - - 3.7384ms

2024-07-27 18:19:31.213 +05:30  INF  Request starting HTTP/2 OPTIONS https://localhost:7069/api/Doctor/Get/Names - -

2024-07-27 18:19:31.213 +05:30  INF  CORS policy execution successful.

2024-07-27 18:19:31.213 +05:30  INF  Request finished HTTP/2 OPTIONS https://localhost:7069/api/Doctor/Get/Names - - - 204 - - 0.3576ms

2024-07-27 18:19:31.224 +05:30  INF  Request starting HTTP/2 OPTIONS https://localhost:7069/api/Patient/Get/Names - -

2024-07-27 18:19:31.224 +05:30  INF  CORS policy execution successful.

2024-07-27 18:19:31.225 +05:30  INF  Request finished HTTP/2 OPTIONS https://localhost:7069/api/Patient/Get/Names - - - 204 - - 0.2632ms

2024-07-27 18:19:31.233 +05:30  INF  Request starting HTTP/2 OPTIONS https://localhost:7069/api/Chair/GetAll - -

2024-07-27 18:19:31.233 +05:30  INF  Request starting HTTP/2 OPTIONS https://localhost:7069/api/Patient/Get/508 - -

2024-07-27 18:19:31.233 +05:30  INF  Request starting HTTP/2 GET https://localhost:7069/api/Patient/Get/387 application/json -

2024-07-27 18:19:31.233 +05:30  INF  Request starting HTTP/2 GET https://localhost:7069/api/Doctor/Get/Names application/json -

2024-07-27 18:19:31.233 +05:30  INF  CORS policy execution successful.

2024-07-27 18:19:31.233 +05:30  INF  CORS policy execution successful.

2024-07-27 18:19:31.233 +05:30  INF  CORS policy execution successful.

2024-07-27 18:19:31.233 +05:30  INF  Request finished HTTP/2 OPTIONS https://localhost:7069/api/Patient/Get/508 - - - 204 - - 0.7420ms

2024-07-27 18:19:31.233 +05:30  INF  Request starting HTTP/2 GET https://localhost:7069/api/Patient/Get/Names application/json -

2024-07-27 18:19:31.233 +05:30  INF  CORS policy execution successful.

2024-07-27 18:19:31.234 +05:30  INF  CORS policy execution successful.

2024-07-27 18:19:31.234 +05:30  INF  Request finished HTTP/2 OPTIONS https://localhost:7069/api/Chair/GetAll - - - 204 - - 1.2074ms

2024-07-27 18:19:31.237 +05:30  INF  Request starting HTTP/2 GET https://localhost:7069/api/Patient/Get/508 application/json -

2024-07-27 18:19:31.237 +05:30  INF  Request starting HTTP/2 GET https://localhost:7069/api/Chair/GetAll application/json -

2024-07-27 18:19:31.239 +05:30  INF  CORS policy execution successful.

2024-07-27 18:19:31.239 +05:30  INF  CORS policy execution successful.

2024-07-27 18:19:31.788 +05:30  INF  Executed DbCommand (207ms) [Parameters=[@__userId_0='?' (DbType = Int32)], CommandType='"Text"', CommandTimeout='30']
SELECT COUNT(*)
FROM `Appointments` AS `a`
WHERE ((`a`.`User_Id` = @__userId_0) AND (`a`.`Is_Delete` = 0)) AND (`a`.`Date` = CURDATE())

2024-07-27 18:19:31.788 +05:30  INF  Executing ObjectResult, writing value of type 'DCRM.Common.Dto.DashboardDto'.

2024-07-27 18:19:31.789 +05:30  INF  Executed action DCRM.Api.Controllers.DashboardController.Get (DCRM.Api) in 2511.4557ms

2024-07-27 18:19:31.789 +05:30  INF  Executed endpoint 'DCRM.Api.Controllers.DashboardController.Get (DCRM.Api)'

2024-07-27 18:19:31.789 +05:30  INF  Request finished HTTP/2 GET https://localhost:7069/api/Dashboard/Get application/json - - 200 - application/json;+charset=utf-8 5506.3383ms

2024-07-27 18:19:31.878 +05:30  INF  Executed DbCommand (217ms) [Parameters=[@__id_0='?' (DbType = Int64)], CommandType='"Text"', CommandTimeout='30']
SELECT `u`.`Id`, `u`.`About_Me`, `u`.`Account_Type`, `u`.`Address`, `u`.`Available_Days`, `u`.`Bn_Name`, `u`.`City`, `u`.`Country`, `u`.`Created_At`, `u`.`Currency`, `u`.`Degree`, `u`.`Email`, `u`.`Email_Verified`, `u`.`Enable_Appointment`, `u`.`Enable_Rating`, `u`.`Exp_Years`, `u`.`Facebook`, `u`.`Google_Analytics`, `u`.`Image`, `u`.`Instagram`, `u`.`Linkedin`, `u`.`Name`, `u`.`Parent_Id`, `u`.`Password`, `u`.`Paypal_Email`, `u`.`Paypal_Mode`, `u`.`Paypal_Payment`, `u`.`Paystack_Payment`, `u`.`Paystack_Public_Key`, `u`.`Paystack_Secret_Key`, `u`.`Phone`, `u`.`Publish_Key`, `u`.`Qr_Code`, `u`.`Razorpay_Key_Id`, `u`.`Razorpay_Key_Secret`, `u`.`Razorpay_Payment`, `u`.`Role`, `u`.`Secret_Key`, `u`.`Skype`, `u`.`Slug`, `u`.`Specialist`, `u`.`Status`, `u`.`Stripe_Payment`, `u`.`Thumb`, `u`.`Trial_Expire`, `u`.`Twitter`, `u`.`User_Name`, `u`.`User_Type`, `u`.`Verify_Code`, `u`.`Whatsapp`
FROM `Users` AS `u`
WHERE `u`.`Id` = @__id_0
LIMIT 1

2024-07-27 18:19:31.879 +05:30  INF  Executing endpoint 'DCRM.Api.Controllers.DoctorController.DoctorNameList (DCRM.Api)'

2024-07-27 18:19:31.879 +05:30  INF  Route matched with {action = "DoctorNameList", controller = "Doctor"}. Executing controller action with signature System.Collections.Generic.List`1[DCRM.Common.Dto.DropdownDataDto] DoctorNameList() on controller DCRM.Api.Controllers.DoctorController (DCRM.Api).

2024-07-27 18:19:32.739 +05:30  INF  Executed DbCommand (431ms) [Parameters=[@__userId_0='?' (DbType = Int64)], CommandType='"Text"', CommandTimeout='30']
SELECT `d`.`Id`, `d`.`Age`, `d`.`Blood_Group`, `d`.`Created_At`, `d`.`Dob`, `d`.`Email`, `d`.`Email2`, `d`.`Gender`, `d`.`Gst_Number`, `d`.`Is_Delete`, `d`.`Marital_Status`, `d`.`Name`, `d`.`Pan_Number`, `d`.`Password`, `d`.`Phone1`, `d`.`Phone2`, `d`.`Phone3`, `d`.`Phone4`, `d`.`Qualification`, `d`.`Role`, `d`.`Speciality`, `d`.`Thumb`, `d`.`Updated_At`, `d`.`User_Id`
FROM `Doctors` AS `d`
WHERE (`d`.`User_Id` = @__userId_0) AND (`d`.`Is_Delete` = 0)

2024-07-27 18:19:33.608 +05:30  INF  Executing ObjectResult, writing value of type 'System.Collections.Generic.List`1[[DCRM.Common.Dto.DropdownDataDto, DCRM.Common, Version=1.0.0.0, Culture=neutral, PublicKeyToken=null]]'.

2024-07-27 18:19:33.608 +05:30  INF  Executed action DCRM.Api.Controllers.DoctorController.DoctorNameList (DCRM.Api) in 1729.1302ms

2024-07-27 18:19:33.608 +05:30  INF  Executed endpoint 'DCRM.Api.Controllers.DoctorController.DoctorNameList (DCRM.Api)'

2024-07-27 18:19:33.608 +05:30  INF  Request finished HTTP/2 GET https://localhost:7069/api/Doctor/Get/Names application/json - - 200 - application/json;+charset=utf-8 2375.6147ms

2024-07-27 18:19:34.205 +05:30  INF  Executed DbCommand (210ms) [Parameters=[@__id_0='?' (DbType = Int64)], CommandType='"Text"', CommandTimeout='30']
SELECT `u`.`Id`, `u`.`About_Me`, `u`.`Account_Type`, `u`.`Address`, `u`.`Available_Days`, `u`.`Bn_Name`, `u`.`City`, `u`.`Country`, `u`.`Created_At`, `u`.`Currency`, `u`.`Degree`, `u`.`Email`, `u`.`Email_Verified`, `u`.`Enable_Appointment`, `u`.`Enable_Rating`, `u`.`Exp_Years`, `u`.`Facebook`, `u`.`Google_Analytics`, `u`.`Image`, `u`.`Instagram`, `u`.`Linkedin`, `u`.`Name`, `u`.`Parent_Id`, `u`.`Password`, `u`.`Paypal_Email`, `u`.`Paypal_Mode`, `u`.`Paypal_Payment`, `u`.`Paystack_Payment`, `u`.`Paystack_Public_Key`, `u`.`Paystack_Secret_Key`, `u`.`Phone`, `u`.`Publish_Key`, `u`.`Qr_Code`, `u`.`Razorpay_Key_Id`, `u`.`Razorpay_Key_Secret`, `u`.`Razorpay_Payment`, `u`.`Role`, `u`.`Secret_Key`, `u`.`Skype`, `u`.`Slug`, `u`.`Specialist`, `u`.`Status`, `u`.`Stripe_Payment`, `u`.`Thumb`, `u`.`Trial_Expire`, `u`.`Twitter`, `u`.`User_Name`, `u`.`User_Type`, `u`.`Verify_Code`, `u`.`Whatsapp`
FROM `Users` AS `u`
WHERE `u`.`Id` = @__id_0
LIMIT 1

2024-07-27 18:19:34.205 +05:30  INF  Executing endpoint 'DCRM.Api.Controllers.ChairController.GetAll (DCRM.Api)'

2024-07-27 18:19:34.205 +05:30  INF  Executed DbCommand (211ms) [Parameters=[@__id_0='?' (DbType = Int64)], CommandType='"Text"', CommandTimeout='30']
SELECT `u`.`Id`, `u`.`About_Me`, `u`.`Account_Type`, `u`.`Address`, `u`.`Available_Days`, `u`.`Bn_Name`, `u`.`City`, `u`.`Country`, `u`.`Created_At`, `u`.`Currency`, `u`.`Degree`, `u`.`Email`, `u`.`Email_Verified`, `u`.`Enable_Appointment`, `u`.`Enable_Rating`, `u`.`Exp_Years`, `u`.`Facebook`, `u`.`Google_Analytics`, `u`.`Image`, `u`.`Instagram`, `u`.`Linkedin`, `u`.`Name`, `u`.`Parent_Id`, `u`.`Password`, `u`.`Paypal_Email`, `u`.`Paypal_Mode`, `u`.`Paypal_Payment`, `u`.`Paystack_Payment`, `u`.`Paystack_Public_Key`, `u`.`Paystack_Secret_Key`, `u`.`Phone`, `u`.`Publish_Key`, `u`.`Qr_Code`, `u`.`Razorpay_Key_Id`, `u`.`Razorpay_Key_Secret`, `u`.`Razorpay_Payment`, `u`.`Role`, `u`.`Secret_Key`, `u`.`Skype`, `u`.`Slug`, `u`.`Specialist`, `u`.`Status`, `u`.`Stripe_Payment`, `u`.`Thumb`, `u`.`Trial_Expire`, `u`.`Twitter`, `u`.`User_Name`, `u`.`User_Type`, `u`.`Verify_Code`, `u`.`Whatsapp`
FROM `Users` AS `u`
WHERE `u`.`Id` = @__id_0
LIMIT 1

2024-07-27 18:19:34.206 +05:30  INF  Route matched with {action = "GetAll", controller = "Chair"}. Executing controller action with signature System.Collections.Generic.List`1[DCRM.Common.Dto.ChairDto] GetAll() on controller DCRM.Api.Controllers.ChairController (DCRM.Api).

2024-07-27 18:19:34.206 +05:30  INF  Executing endpoint 'DCRM.Api.Controllers.PatientController.Get (DCRM.Api)'

2024-07-27 18:19:34.206 +05:30  INF  Route matched with {action = "Get", controller = "Patient"}. Executing controller action with signature DCRM.Common.Dto.PatientseDto Get(Int64) on controller DCRM.Api.Controllers.PatientController (DCRM.Api).

2024-07-27 18:19:34.365 +05:30  INF  Executed DbCommand (221ms) [Parameters=[@__id_0='?' (DbType = Int64)], CommandType='"Text"', CommandTimeout='30']
SELECT `u`.`Id`, `u`.`About_Me`, `u`.`Account_Type`, `u`.`Address`, `u`.`Available_Days`, `u`.`Bn_Name`, `u`.`City`, `u`.`Country`, `u`.`Created_At`, `u`.`Currency`, `u`.`Degree`, `u`.`Email`, `u`.`Email_Verified`, `u`.`Enable_Appointment`, `u`.`Enable_Rating`, `u`.`Exp_Years`, `u`.`Facebook`, `u`.`Google_Analytics`, `u`.`Image`, `u`.`Instagram`, `u`.`Linkedin`, `u`.`Name`, `u`.`Parent_Id`, `u`.`Password`, `u`.`Paypal_Email`, `u`.`Paypal_Mode`, `u`.`Paypal_Payment`, `u`.`Paystack_Payment`, `u`.`Paystack_Public_Key`, `u`.`Paystack_Secret_Key`, `u`.`Phone`, `u`.`Publish_Key`, `u`.`Qr_Code`, `u`.`Razorpay_Key_Id`, `u`.`Razorpay_Key_Secret`, `u`.`Razorpay_Payment`, `u`.`Role`, `u`.`Secret_Key`, `u`.`Skype`, `u`.`Slug`, `u`.`Specialist`, `u`.`Status`, `u`.`Stripe_Payment`, `u`.`Thumb`, `u`.`Trial_Expire`, `u`.`Twitter`, `u`.`User_Name`, `u`.`User_Type`, `u`.`Verify_Code`, `u`.`Whatsapp`
FROM `Users` AS `u`
WHERE `u`.`Id` = @__id_0
LIMIT 1

2024-07-27 18:19:34.365 +05:30  INF  Executing endpoint 'DCRM.Api.Controllers.PatientController.PatientDetailList (DCRM.Api)'

2024-07-27 18:19:34.365 +05:30  INF  Route matched with {action = "PatientDetailList", controller = "Patient"}. Executing controller action with signature System.Collections.Generic.List`1[DCRM.Common.Dto.DropdownDataDto] PatientDetailList() on controller DCRM.Api.Controllers.PatientController (DCRM.Api).

2024-07-27 18:19:34.430 +05:30  INF  Executed DbCommand (224ms) [Parameters=[@__id_0='?' (DbType = Int64)], CommandType='"Text"', CommandTimeout='30']
SELECT `u`.`Id`, `u`.`About_Me`, `u`.`Account_Type`, `u`.`Address`, `u`.`Available_Days`, `u`.`Bn_Name`, `u`.`City`, `u`.`Country`, `u`.`Created_At`, `u`.`Currency`, `u`.`Degree`, `u`.`Email`, `u`.`Email_Verified`, `u`.`Enable_Appointment`, `u`.`Enable_Rating`, `u`.`Exp_Years`, `u`.`Facebook`, `u`.`Google_Analytics`, `u`.`Image`, `u`.`Instagram`, `u`.`Linkedin`, `u`.`Name`, `u`.`Parent_Id`, `u`.`Password`, `u`.`Paypal_Email`, `u`.`Paypal_Mode`, `u`.`Paypal_Payment`, `u`.`Paystack_Payment`, `u`.`Paystack_Public_Key`, `u`.`Paystack_Secret_Key`, `u`.`Phone`, `u`.`Publish_Key`, `u`.`Qr_Code`, `u`.`Razorpay_Key_Id`, `u`.`Razorpay_Key_Secret`, `u`.`Razorpay_Payment`, `u`.`Role`, `u`.`Secret_Key`, `u`.`Skype`, `u`.`Slug`, `u`.`Specialist`, `u`.`Status`, `u`.`Stripe_Payment`, `u`.`Thumb`, `u`.`Trial_Expire`, `u`.`Twitter`, `u`.`User_Name`, `u`.`User_Type`, `u`.`Verify_Code`, `u`.`Whatsapp`
FROM `Users` AS `u`
WHERE `u`.`Id` = @__id_0
LIMIT 1

2024-07-27 18:19:34.430 +05:30  INF  Executing endpoint 'DCRM.Api.Controllers.PatientController.Get (DCRM.Api)'

2024-07-27 18:19:34.430 +05:30  INF  Route matched with {action = "Get", controller = "Patient"}. Executing controller action with signature DCRM.Common.Dto.PatientseDto Get(Int64) on controller DCRM.Api.Controllers.PatientController (DCRM.Api).

2024-07-27 18:19:34.830 +05:30  INF  Executed DbCommand (210ms) [Parameters=[@__id_0='?' (DbType = Int64)], CommandType='"Text"', CommandTimeout='30']
SELECT `p`.`Id`, `p`.`Age`, `p`.`Chamber_Id`, `p`.`Created_At`, `p`.`Email`, `p`.`Guardian`, `p`.`Is_Delete`, `p`.`Mobile`, `p`.`Mr_Number`, `p`.`Name`, `p`.`Password`, `p`.`Permanent_Address`, `p`.`Present_Address`, `p`.`Role`, `p`.`Sex`, `p`.`Slug`, `p`.`Thumb`, `p`.`Title`, `p`.`UserName`, `p`.`User_Id`, `p`.`Verify_Code`, `p`.`Weight`
FROM `Patientses` AS `p`
WHERE (`p`.`Is_Delete` = 0) AND (`p`.`Id` = @__id_0)
LIMIT 1

2024-07-27 18:19:34.830 +05:30  INF  Executed DbCommand (210ms) [Parameters=[], CommandType='"Text"', CommandTimeout='30']
SELECT `c`.`Id`, `c`.`Address`, `c`.`Appoinment_Limit`, `c`.`Created_At`, `c`.`Doctor_Id`, `c`.`Is_Primary`, `c`.`Name`, `c`.`Status`, `c`.`Uid`, `c`.`User_Id`
FROM `Chairs` AS `c`

2024-07-27 18:19:35.024 +05:30  INF  Executed DbCommand (221ms) [Parameters=[@__userId_0='?' (DbType = Int64)], CommandType='"Text"', CommandTimeout='30']
SELECT `p`.`Id`, `p`.`Age`, `p`.`Chamber_Id`, `p`.`Created_At`, `p`.`Email`, `p`.`Guardian`, `p`.`Is_Delete`, `p`.`Mobile`, `p`.`Mr_Number`, `p`.`Name`, `p`.`Password`, `p`.`Permanent_Address`, `p`.`Present_Address`, `p`.`Role`, `p`.`Sex`, `p`.`Slug`, `p`.`Thumb`, `p`.`Title`, `p`.`UserName`, `p`.`User_Id`, `p`.`Verify_Code`, `p`.`Weight`
FROM `Patientses` AS `p`
WHERE (`p`.`User_Id` = @__userId_0) AND (`p`.`Is_Delete` = 0)

2024-07-27 18:19:35.104 +05:30  INF  Executed DbCommand (228ms) [Parameters=[@__id_0='?' (DbType = Int64)], CommandType='"Text"', CommandTimeout='30']
SELECT `p`.`Id`, `p`.`Age`, `p`.`Chamber_Id`, `p`.`Created_At`, `p`.`Email`, `p`.`Guardian`, `p`.`Is_Delete`, `p`.`Mobile`, `p`.`Mr_Number`, `p`.`Name`, `p`.`Password`, `p`.`Permanent_Address`, `p`.`Present_Address`, `p`.`Role`, `p`.`Sex`, `p`.`Slug`, `p`.`Thumb`, `p`.`Title`, `p`.`UserName`, `p`.`User_Id`, `p`.`Verify_Code`, `p`.`Weight`
FROM `Patientses` AS `p`
WHERE (`p`.`Is_Delete` = 0) AND (`p`.`Id` = @__id_0)
LIMIT 1

2024-07-27 18:19:35.457 +05:30  INF  Executed DbCommand (209ms) [Parameters=[@__Id_0='?' (DbType = Int64)], CommandType='"Text"', CommandTimeout='30']
SELECT `d`.`Id`, `d`.`Age`, `d`.`Blood_Group`, `d`.`Created_At`, `d`.`Dob`, `d`.`Email`, `d`.`Email2`, `d`.`Gender`, `d`.`Gst_Number`, `d`.`Is_Delete`, `d`.`Marital_Status`, `d`.`Name`, `d`.`Pan_Number`, `d`.`Password`, `d`.`Phone1`, `d`.`Phone2`, `d`.`Phone3`, `d`.`Phone4`, `d`.`Qualification`, `d`.`Role`, `d`.`Speciality`, `d`.`Thumb`, `d`.`Updated_At`, `d`.`User_Id`
FROM `Doctors` AS `d`
WHERE `d`.`Id` = @__Id_0
LIMIT 2

2024-07-27 18:19:35.459 +05:30  INF  Executed DbCommand (211ms) [Parameters=[], CommandType='"Text"', CommandTimeout='30']
SELECT `p`.`Id`, `p`.`Amount_Type`, `p`.`Balance`, `p`.`Created_At`, `p`.`Credit_Amount`, `p`.`Debit_Amount`, `p`.`Description`, `p`.`Doctor_Id`, `p`.`Patient_Id`, `p`.`Payment_Mode`, `p`.`Updated_At`, `p`.`Workdone_Id`, `p`.`isPrinted`
FROM `Payment_History` AS `p`

2024-07-27 18:19:35.776 +05:30  INF  Executed DbCommand (226ms) [Parameters=[], CommandType='"Text"', CommandTimeout='30']
SELECT `p`.`Id`, `p`.`Amount_Type`, `p`.`Balance`, `p`.`Created_At`, `p`.`Credit_Amount`, `p`.`Debit_Amount`, `p`.`Description`, `p`.`Doctor_Id`, `p`.`Patient_Id`, `p`.`Payment_Mode`, `p`.`Updated_At`, `p`.`Workdone_Id`, `p`.`isPrinted`
FROM `Payment_History` AS `p`

2024-07-27 18:19:35.917 +05:30  INF  Executing ObjectResult, writing value of type 'System.Collections.Generic.List`1[[DCRM.Common.Dto.DropdownDataDto, DCRM.Common, Version=1.0.0.0, Culture=neutral, PublicKeyToken=null]]'.

2024-07-27 18:19:35.917 +05:30  INF  Executed action DCRM.Api.Controllers.PatientController.PatientDetailList (DCRM.Api) in 1552.1728ms

2024-07-27 18:19:35.917 +05:30  INF  Executed endpoint 'DCRM.Api.Controllers.PatientController.PatientDetailList (DCRM.Api)'

2024-07-27 18:19:35.917 +05:30  INF  Request finished HTTP/2 GET https://localhost:7069/api/Patient/Get/Names application/json - - 200 - application/json;+charset=utf-8 4684.6152ms

2024-07-27 18:19:36.083 +05:30  INF  Executed DbCommand (206ms) [Parameters=[@__Id_0='?' (DbType = Int64)], CommandType='"Text"', CommandTimeout='30']
SELECT `d`.`Id`, `d`.`Age`, `d`.`Blood_Group`, `d`.`Created_At`, `d`.`Dob`, `d`.`Email`, `d`.`Email2`, `d`.`Gender`, `d`.`Gst_Number`, `d`.`Is_Delete`, `d`.`Marital_Status`, `d`.`Name`, `d`.`Pan_Number`, `d`.`Password`, `d`.`Phone1`, `d`.`Phone2`, `d`.`Phone3`, `d`.`Phone4`, `d`.`Qualification`, `d`.`Role`, `d`.`Speciality`, `d`.`Thumb`, `d`.`Updated_At`, `d`.`User_Id`
FROM `Doctors` AS `d`
WHERE `d`.`Id` = @__Id_0
LIMIT 2

2024-07-27 18:19:36.295 +05:30  INF  Executed DbCommand (210ms) [Parameters=[@__p_0='?' (DbType = Int64)], CommandType='"Text"', CommandTimeout='30']
SELECT `p`.`Id`, `p`.`Amount`, `p`.`Balance_Amount`, `p`.`Balance_Spent`, `p`.`Created_At`, `p`.`Name`, `p`.`Patients_Id`, `p`.`Type`, `p`.`Updated_At`
FROM `Patients_Insurance_Loan` AS `p`
WHERE `p`.`Patients_Id` = @__p_0

2024-07-27 18:19:36.696 +05:30  INF  Executed DbCommand (225ms) [Parameters=[@__p_0='?' (DbType = Int64)], CommandType='"Text"', CommandTimeout='30']
SELECT `p`.`Id`, `p`.`Amount`, `p`.`Balance_Amount`, `p`.`Balance_Spent`, `p`.`Created_At`, `p`.`Name`, `p`.`Patients_Id`, `p`.`Type`, `p`.`Updated_At`
FROM `Patients_Insurance_Loan` AS `p`
WHERE `p`.`Patients_Id` = @__p_0

2024-07-27 18:19:36.711 +05:30  INF  Executed DbCommand (209ms) [Parameters=[@__Id_0='?' (DbType = Int64)], CommandType='"Text"', CommandTimeout='30']
SELECT `d`.`Id`, `d`.`Age`, `d`.`Blood_Group`, `d`.`Created_At`, `d`.`Dob`, `d`.`Email`, `d`.`Email2`, `d`.`Gender`, `d`.`Gst_Number`, `d`.`Is_Delete`, `d`.`Marital_Status`, `d`.`Name`, `d`.`Pan_Number`, `d`.`Password`, `d`.`Phone1`, `d`.`Phone2`, `d`.`Phone3`, `d`.`Phone4`, `d`.`Qualification`, `d`.`Role`, `d`.`Speciality`, `d`.`Thumb`, `d`.`Updated_At`, `d`.`User_Id`
FROM `Doctors` AS `d`
WHERE `d`.`Id` = @__Id_0
LIMIT 2

2024-07-27 18:19:36.916 +05:30  INF  Executed DbCommand (205ms) [Parameters=[@__p_0='?' (DbType = Int64)], CommandType='"Text"', CommandTimeout='30']
SELECT `p`.`Id`, `p`.`Created_At`, `p`.`Patient_Id`, `p`.`Report`, `p`.`Report_Date`, `p`.`Report_File`, `p`.`Status`, `p`.`Test_Name`, `p`.`Test_Price`, `p`.`Updated_At`
FROM `Patient_Tests` AS `p`
WHERE `p`.`Patient_Id` = @__p_0

2024-07-27 18:19:37.334 +05:30  INF  Executed DbCommand (208ms) [Parameters=[@__Id_0='?' (DbType = Int64)], CommandType='"Text"', CommandTimeout='30']
SELECT `d`.`Id`, `d`.`Age`, `d`.`Blood_Group`, `d`.`Created_At`, `d`.`Dob`, `d`.`Email`, `d`.`Email2`, `d`.`Gender`, `d`.`Gst_Number`, `d`.`Is_Delete`, `d`.`Marital_Status`, `d`.`Name`, `d`.`Pan_Number`, `d`.`Password`, `d`.`Phone1`, `d`.`Phone2`, `d`.`Phone3`, `d`.`Phone4`, `d`.`Qualification`, `d`.`Role`, `d`.`Speciality`, `d`.`Thumb`, `d`.`Updated_At`, `d`.`User_Id`
FROM `Doctors` AS `d`
WHERE `d`.`Id` = @__Id_0
LIMIT 2

2024-07-27 18:19:37.374 +05:30  INF  Executed DbCommand (230ms) [Parameters=[@__p_0='?' (DbType = Int64)], CommandType='"Text"', CommandTimeout='30']
SELECT `p`.`Id`, `p`.`Created_At`, `p`.`Patient_Id`, `p`.`Report`, `p`.`Report_Date`, `p`.`Report_File`, `p`.`Status`, `p`.`Test_Name`, `p`.`Test_Price`, `p`.`Updated_At`
FROM `Patient_Tests` AS `p`
WHERE `p`.`Patient_Id` = @__p_0

2024-07-27 18:19:37.544 +05:30  INF  Executed DbCommand (210ms) [Parameters=[@__p_0='?' (DbType = Int64)], CommandType='"Text"', CommandTimeout='30']
SELECT `p`.`Id`, `p`.`Address_O`, `p`.`Address_Other`, `p`.`Address_R`, `p`.`City_O`, `p`.`City_Other`, `p`.`City_R`, `p`.`Country_O`, `p`.`Country_Other`, `p`.`Country_R`, `p`.`Created_At`, `p`.`Doctor_Name`, `p`.`Email`, `p`.`Email2`, `p`.`Medical_History_Allergies`, `p`.`Patient_Id`, `p`.`Phone`, `p`.`Phone1`, `p`.`Phone2`, `p`.`Phone3`, `p`.`Phone4`, `p`.`Physician`, `p`.`Reffered_By`, `p`.`Relationship_Type`, `p`.`Special_Notes`, `p`.`Updated_At`, `p`.`Zip_O`, `p`.`Zip_Other`, `p`.`Zip_R`
FROM `Patients_Contact` AS `p`
WHERE `p`.`Patient_Id` = @__p_0

2024-07-27 18:19:37.959 +05:30  INF  Executed DbCommand (209ms) [Parameters=[@__Id_0='?' (DbType = Int64)], CommandType='"Text"', CommandTimeout='30']
SELECT `d`.`Id`, `d`.`Age`, `d`.`Blood_Group`, `d`.`Created_At`, `d`.`Dob`, `d`.`Email`, `d`.`Email2`, `d`.`Gender`, `d`.`Gst_Number`, `d`.`Is_Delete`, `d`.`Marital_Status`, `d`.`Name`, `d`.`Pan_Number`, `d`.`Password`, `d`.`Phone1`, `d`.`Phone2`, `d`.`Phone3`, `d`.`Phone4`, `d`.`Qualification`, `d`.`Role`, `d`.`Speciality`, `d`.`Thumb`, `d`.`Updated_At`, `d`.`User_Id`
FROM `Doctors` AS `d`
WHERE `d`.`Id` = @__Id_0
LIMIT 2

2024-07-27 18:19:38.049 +05:30  INF  Executed DbCommand (225ms) [Parameters=[@__p_0='?' (DbType = Int64)], CommandType='"Text"', CommandTimeout='30']
SELECT `p`.`Id`, `p`.`Address_O`, `p`.`Address_Other`, `p`.`Address_R`, `p`.`City_O`, `p`.`City_Other`, `p`.`City_R`, `p`.`Country_O`, `p`.`Country_Other`, `p`.`Country_R`, `p`.`Created_At`, `p`.`Doctor_Name`, `p`.`Email`, `p`.`Email2`, `p`.`Medical_History_Allergies`, `p`.`Patient_Id`, `p`.`Phone`, `p`.`Phone1`, `p`.`Phone2`, `p`.`Phone3`, `p`.`Phone4`, `p`.`Physician`, `p`.`Reffered_By`, `p`.`Relationship_Type`, `p`.`Special_Notes`, `p`.`Updated_At`, `p`.`Zip_O`, `p`.`Zip_Other`, `p`.`Zip_R`
FROM `Patients_Contact` AS `p`
WHERE `p`.`Patient_Id` = @__p_0

2024-07-27 18:19:38.166 +05:30  INF  Executed DbCommand (208ms) [Parameters=[@__p_0='?' (DbType = Int64)], CommandType='"Text"', CommandTimeout='30']
SELECT `p`.`Id`, `p`.`Created_At`, `p`.`Patient_Id`, `p`.`Report`, `p`.`Report_File`, `p`.`Scan_Name`, `p`.`Status`, `p`.`Type`, `p`.`Updated_At`
FROM `Patient_Scans` AS `p`
WHERE `p`.`Patient_Id` = @__p_0

2024-07-27 18:19:38.166 +05:30  INF  Executing ObjectResult, writing value of type 'DCRM.Common.Dto.PatientseDto'.

2024-07-27 18:19:38.167 +05:30  INF  Executed action DCRM.Api.Controllers.PatientController.Get (DCRM.Api) in 3960.7088ms

2024-07-27 18:19:38.167 +05:30  INF  Executed endpoint 'DCRM.Api.Controllers.PatientController.Get (DCRM.Api)'

2024-07-27 18:19:38.167 +05:30  INF  Request finished HTTP/2 GET https://localhost:7069/api/Patient/Get/508 application/json - - 200 - application/json;+charset=utf-8 6929.8183ms

2024-07-27 18:19:38.587 +05:30  INF  Executed DbCommand (214ms) [Parameters=[@__Id_0='?' (DbType = Int64)], CommandType='"Text"', CommandTimeout='30']
SELECT `d`.`Id`, `d`.`Age`, `d`.`Blood_Group`, `d`.`Created_At`, `d`.`Dob`, `d`.`Email`, `d`.`Email2`, `d`.`Gender`, `d`.`Gst_Number`, `d`.`Is_Delete`, `d`.`Marital_Status`, `d`.`Name`, `d`.`Pan_Number`, `d`.`Password`, `d`.`Phone1`, `d`.`Phone2`, `d`.`Phone3`, `d`.`Phone4`, `d`.`Qualification`, `d`.`Role`, `d`.`Speciality`, `d`.`Thumb`, `d`.`Updated_At`, `d`.`User_Id`
FROM `Doctors` AS `d`
WHERE `d`.`Id` = @__Id_0
LIMIT 2

2024-07-27 18:19:38.719 +05:30  INF  Executed DbCommand (224ms) [Parameters=[@__p_0='?' (DbType = Int64)], CommandType='"Text"', CommandTimeout='30']
SELECT `p`.`Id`, `p`.`Created_At`, `p`.`Patient_Id`, `p`.`Report`, `p`.`Report_File`, `p`.`Scan_Name`, `p`.`Status`, `p`.`Type`, `p`.`Updated_At`
FROM `Patient_Scans` AS `p`
WHERE `p`.`Patient_Id` = @__p_0

2024-07-27 18:19:38.719 +05:30  INF  Executing ObjectResult, writing value of type 'DCRM.Common.Dto.PatientseDto'.

2024-07-27 18:19:38.719 +05:30  INF  Executed action DCRM.Api.Controllers.PatientController.Get (DCRM.Api) in 4288.9038ms

2024-07-27 18:19:38.719 +05:30  INF  Executed endpoint 'DCRM.Api.Controllers.PatientController.Get (DCRM.Api)'

2024-07-27 18:19:38.719 +05:30  INF  Request finished HTTP/2 GET https://localhost:7069/api/Patient/Get/387 application/json - - 200 - application/json;+charset=utf-8 7486.6385ms

2024-07-27 18:19:39.219 +05:30  INF  Executed DbCommand (209ms) [Parameters=[@__Id_0='?' (DbType = Int64)], CommandType='"Text"', CommandTimeout='30']
SELECT `d`.`Id`, `d`.`Age`, `d`.`Blood_Group`, `d`.`Created_At`, `d`.`Dob`, `d`.`Email`, `d`.`Email2`, `d`.`Gender`, `d`.`Gst_Number`, `d`.`Is_Delete`, `d`.`Marital_Status`, `d`.`Name`, `d`.`Pan_Number`, `d`.`Password`, `d`.`Phone1`, `d`.`Phone2`, `d`.`Phone3`, `d`.`Phone4`, `d`.`Qualification`, `d`.`Role`, `d`.`Speciality`, `d`.`Thumb`, `d`.`Updated_At`, `d`.`User_Id`
FROM `Doctors` AS `d`
WHERE `d`.`Id` = @__Id_0
LIMIT 2

2024-07-27 18:19:39.842 +05:30  INF  Executed DbCommand (208ms) [Parameters=[@__Id_0='?' (DbType = Int64)], CommandType='"Text"', CommandTimeout='30']
SELECT `d`.`Id`, `d`.`Age`, `d`.`Blood_Group`, `d`.`Created_At`, `d`.`Dob`, `d`.`Email`, `d`.`Email2`, `d`.`Gender`, `d`.`Gst_Number`, `d`.`Is_Delete`, `d`.`Marital_Status`, `d`.`Name`, `d`.`Pan_Number`, `d`.`Password`, `d`.`Phone1`, `d`.`Phone2`, `d`.`Phone3`, `d`.`Phone4`, `d`.`Qualification`, `d`.`Role`, `d`.`Speciality`, `d`.`Thumb`, `d`.`Updated_At`, `d`.`User_Id`
FROM `Doctors` AS `d`
WHERE `d`.`Id` = @__Id_0
LIMIT 2

2024-07-27 18:19:40.466 +05:30  INF  Executed DbCommand (210ms) [Parameters=[@__Id_0='?' (DbType = Int64)], CommandType='"Text"', CommandTimeout='30']
SELECT `d`.`Id`, `d`.`Age`, `d`.`Blood_Group`, `d`.`Created_At`, `d`.`Dob`, `d`.`Email`, `d`.`Email2`, `d`.`Gender`, `d`.`Gst_Number`, `d`.`Is_Delete`, `d`.`Marital_Status`, `d`.`Name`, `d`.`Pan_Number`, `d`.`Password`, `d`.`Phone1`, `d`.`Phone2`, `d`.`Phone3`, `d`.`Phone4`, `d`.`Qualification`, `d`.`Role`, `d`.`Speciality`, `d`.`Thumb`, `d`.`Updated_At`, `d`.`User_Id`
FROM `Doctors` AS `d`
WHERE `d`.`Id` = @__Id_0
LIMIT 2

2024-07-27 18:19:41.098 +05:30  INF  Executed DbCommand (215ms) [Parameters=[@__Id_0='?' (DbType = Int64)], CommandType='"Text"', CommandTimeout='30']
SELECT `d`.`Id`, `d`.`Age`, `d`.`Blood_Group`, `d`.`Created_At`, `d`.`Dob`, `d`.`Email`, `d`.`Email2`, `d`.`Gender`, `d`.`Gst_Number`, `d`.`Is_Delete`, `d`.`Marital_Status`, `d`.`Name`, `d`.`Pan_Number`, `d`.`Password`, `d`.`Phone1`, `d`.`Phone2`, `d`.`Phone3`, `d`.`Phone4`, `d`.`Qualification`, `d`.`Role`, `d`.`Speciality`, `d`.`Thumb`, `d`.`Updated_At`, `d`.`User_Id`
FROM `Doctors` AS `d`
WHERE `d`.`Id` = @__Id_0
LIMIT 2

2024-07-27 18:19:41.728 +05:30  INF  Executed DbCommand (215ms) [Parameters=[@__Id_0='?' (DbType = Int64)], CommandType='"Text"', CommandTimeout='30']
SELECT `d`.`Id`, `d`.`Age`, `d`.`Blood_Group`, `d`.`Created_At`, `d`.`Dob`, `d`.`Email`, `d`.`Email2`, `d`.`Gender`, `d`.`Gst_Number`, `d`.`Is_Delete`, `d`.`Marital_Status`, `d`.`Name`, `d`.`Pan_Number`, `d`.`Password`, `d`.`Phone1`, `d`.`Phone2`, `d`.`Phone3`, `d`.`Phone4`, `d`.`Qualification`, `d`.`Role`, `d`.`Speciality`, `d`.`Thumb`, `d`.`Updated_At`, `d`.`User_Id`
FROM `Doctors` AS `d`
WHERE `d`.`Id` = @__Id_0
LIMIT 2

2024-07-27 18:19:42.353 +05:30  INF  Executed DbCommand (209ms) [Parameters=[@__Id_0='?' (DbType = Int64)], CommandType='"Text"', CommandTimeout='30']
SELECT `d`.`Id`, `d`.`Age`, `d`.`Blood_Group`, `d`.`Created_At`, `d`.`Dob`, `d`.`Email`, `d`.`Email2`, `d`.`Gender`, `d`.`Gst_Number`, `d`.`Is_Delete`, `d`.`Marital_Status`, `d`.`Name`, `d`.`Pan_Number`, `d`.`Password`, `d`.`Phone1`, `d`.`Phone2`, `d`.`Phone3`, `d`.`Phone4`, `d`.`Qualification`, `d`.`Role`, `d`.`Speciality`, `d`.`Thumb`, `d`.`Updated_At`, `d`.`User_Id`
FROM `Doctors` AS `d`
WHERE `d`.`Id` = @__Id_0
LIMIT 2

2024-07-27 18:19:42.978 +05:30  INF  Executed DbCommand (210ms) [Parameters=[@__Id_0='?' (DbType = Int64)], CommandType='"Text"', CommandTimeout='30']
SELECT `d`.`Id`, `d`.`Age`, `d`.`Blood_Group`, `d`.`Created_At`, `d`.`Dob`, `d`.`Email`, `d`.`Email2`, `d`.`Gender`, `d`.`Gst_Number`, `d`.`Is_Delete`, `d`.`Marital_Status`, `d`.`Name`, `d`.`Pan_Number`, `d`.`Password`, `d`.`Phone1`, `d`.`Phone2`, `d`.`Phone3`, `d`.`Phone4`, `d`.`Qualification`, `d`.`Role`, `d`.`Speciality`, `d`.`Thumb`, `d`.`Updated_At`, `d`.`User_Id`
FROM `Doctors` AS `d`
WHERE `d`.`Id` = @__Id_0
LIMIT 2

2024-07-27 18:19:43.603 +05:30  INF  Executed DbCommand (212ms) [Parameters=[@__Id_0='?' (DbType = Int64)], CommandType='"Text"', CommandTimeout='30']
SELECT `d`.`Id`, `d`.`Age`, `d`.`Blood_Group`, `d`.`Created_At`, `d`.`Dob`, `d`.`Email`, `d`.`Email2`, `d`.`Gender`, `d`.`Gst_Number`, `d`.`Is_Delete`, `d`.`Marital_Status`, `d`.`Name`, `d`.`Pan_Number`, `d`.`Password`, `d`.`Phone1`, `d`.`Phone2`, `d`.`Phone3`, `d`.`Phone4`, `d`.`Qualification`, `d`.`Role`, `d`.`Speciality`, `d`.`Thumb`, `d`.`Updated_At`, `d`.`User_Id`
FROM `Doctors` AS `d`
WHERE `d`.`Id` = @__Id_0
LIMIT 2

2024-07-27 18:19:44.232 +05:30  INF  Executed DbCommand (210ms) [Parameters=[@__Id_0='?' (DbType = Int64)], CommandType='"Text"', CommandTimeout='30']
SELECT `d`.`Id`, `d`.`Age`, `d`.`Blood_Group`, `d`.`Created_At`, `d`.`Dob`, `d`.`Email`, `d`.`Email2`, `d`.`Gender`, `d`.`Gst_Number`, `d`.`Is_Delete`, `d`.`Marital_Status`, `d`.`Name`, `d`.`Pan_Number`, `d`.`Password`, `d`.`Phone1`, `d`.`Phone2`, `d`.`Phone3`, `d`.`Phone4`, `d`.`Qualification`, `d`.`Role`, `d`.`Speciality`, `d`.`Thumb`, `d`.`Updated_At`, `d`.`User_Id`
FROM `Doctors` AS `d`
WHERE `d`.`Id` = @__Id_0
LIMIT 2

2024-07-27 18:19:44.858 +05:30  INF  Executed DbCommand (209ms) [Parameters=[@__Id_0='?' (DbType = Int64)], CommandType='"Text"', CommandTimeout='30']
SELECT `d`.`Id`, `d`.`Age`, `d`.`Blood_Group`, `d`.`Created_At`, `d`.`Dob`, `d`.`Email`, `d`.`Email2`, `d`.`Gender`, `d`.`Gst_Number`, `d`.`Is_Delete`, `d`.`Marital_Status`, `d`.`Name`, `d`.`Pan_Number`, `d`.`Password`, `d`.`Phone1`, `d`.`Phone2`, `d`.`Phone3`, `d`.`Phone4`, `d`.`Qualification`, `d`.`Role`, `d`.`Speciality`, `d`.`Thumb`, `d`.`Updated_At`, `d`.`User_Id`
FROM `Doctors` AS `d`
WHERE `d`.`Id` = @__Id_0
LIMIT 2

2024-07-27 18:19:45.486 +05:30  INF  Executed DbCommand (209ms) [Parameters=[@__Id_0='?' (DbType = Int64)], CommandType='"Text"', CommandTimeout='30']
SELECT `d`.`Id`, `d`.`Age`, `d`.`Blood_Group`, `d`.`Created_At`, `d`.`Dob`, `d`.`Email`, `d`.`Email2`, `d`.`Gender`, `d`.`Gst_Number`, `d`.`Is_Delete`, `d`.`Marital_Status`, `d`.`Name`, `d`.`Pan_Number`, `d`.`Password`, `d`.`Phone1`, `d`.`Phone2`, `d`.`Phone3`, `d`.`Phone4`, `d`.`Qualification`, `d`.`Role`, `d`.`Speciality`, `d`.`Thumb`, `d`.`Updated_At`, `d`.`User_Id`
FROM `Doctors` AS `d`
WHERE `d`.`Id` = @__Id_0
LIMIT 2

2024-07-27 18:19:46.113 +05:30  INF  Executed DbCommand (210ms) [Parameters=[@__Id_0='?' (DbType = Int64)], CommandType='"Text"', CommandTimeout='30']
SELECT `d`.`Id`, `d`.`Age`, `d`.`Blood_Group`, `d`.`Created_At`, `d`.`Dob`, `d`.`Email`, `d`.`Email2`, `d`.`Gender`, `d`.`Gst_Number`, `d`.`Is_Delete`, `d`.`Marital_Status`, `d`.`Name`, `d`.`Pan_Number`, `d`.`Password`, `d`.`Phone1`, `d`.`Phone2`, `d`.`Phone3`, `d`.`Phone4`, `d`.`Qualification`, `d`.`Role`, `d`.`Speciality`, `d`.`Thumb`, `d`.`Updated_At`, `d`.`User_Id`
FROM `Doctors` AS `d`
WHERE `d`.`Id` = @__Id_0
LIMIT 2

2024-07-27 18:19:46.737 +05:30  INF  Executed DbCommand (210ms) [Parameters=[@__Id_0='?' (DbType = Int64)], CommandType='"Text"', CommandTimeout='30']
SELECT `d`.`Id`, `d`.`Age`, `d`.`Blood_Group`, `d`.`Created_At`, `d`.`Dob`, `d`.`Email`, `d`.`Email2`, `d`.`Gender`, `d`.`Gst_Number`, `d`.`Is_Delete`, `d`.`Marital_Status`, `d`.`Name`, `d`.`Pan_Number`, `d`.`Password`, `d`.`Phone1`, `d`.`Phone2`, `d`.`Phone3`, `d`.`Phone4`, `d`.`Qualification`, `d`.`Role`, `d`.`Speciality`, `d`.`Thumb`, `d`.`Updated_At`, `d`.`User_Id`
FROM `Doctors` AS `d`
WHERE `d`.`Id` = @__Id_0
LIMIT 2

2024-07-27 18:19:46.738 +05:30  INF  Executing ObjectResult, writing value of type 'System.Collections.Generic.List`1[[DCRM.Common.Dto.ChairDto, DCRM.Common, Version=1.0.0.0, Culture=neutral, PublicKeyToken=null]]'.

2024-07-27 18:19:46.738 +05:30  INF  Executed action DCRM.Api.Controllers.ChairController.GetAll (DCRM.Api) in 12532.5877ms

2024-07-27 18:19:46.738 +05:30  INF  Executed endpoint 'DCRM.Api.Controllers.ChairController.GetAll (DCRM.Api)'

2024-07-27 18:19:46.738 +05:30  INF  Request finished HTTP/2 GET https://localhost:7069/api/Chair/GetAll application/json - - 200 - application/json;+charset=utf-8 15501.3959ms

2024-07-27 18:19:59.918 +05:30  INF  Request starting HTTP/2 OPTIONS https://localhost:7069/api/Appointment/Get/387 - -

2024-07-27 18:19:59.918 +05:30  INF  CORS policy execution successful.

2024-07-27 18:19:59.919 +05:30  INF  Request finished HTTP/2 OPTIONS https://localhost:7069/api/Appointment/Get/387 - - - 204 - - 0.3736ms

2024-07-27 18:19:59.926 +05:30  INF  Request starting HTTP/2 GET https://localhost:7069/api/Appointment/Get/387 application/json -

2024-07-27 18:19:59.927 +05:30  INF  CORS policy execution successful.

2024-07-27 18:20:00.081 +05:30  INF  Request starting HTTP/2 OPTIONS https://localhost:7069/api/Dashboard/Get - -

2024-07-27 18:20:00.081 +05:30  INF  CORS policy execution successful.

2024-07-27 18:20:00.081 +05:30  INF  Request finished HTTP/2 OPTIONS https://localhost:7069/api/Dashboard/Get - - - 204 - - 0.3832ms

2024-07-27 18:20:00.083 +05:30  INF  Request starting HTTP/2 GET https://localhost:7069/api/Dashboard/Get application/json -

2024-07-27 18:20:00.083 +05:30  INF  CORS policy execution successful.

2024-07-27 18:20:00.548 +05:30  INF  Executed DbCommand (209ms) [Parameters=[@__id_0='?' (DbType = Int64)], CommandType='"Text"', CommandTimeout='30']
SELECT `u`.`Id`, `u`.`About_Me`, `u`.`Account_Type`, `u`.`Address`, `u`.`Available_Days`, `u`.`Bn_Name`, `u`.`City`, `u`.`Country`, `u`.`Created_At`, `u`.`Currency`, `u`.`Degree`, `u`.`Email`, `u`.`Email_Verified`, `u`.`Enable_Appointment`, `u`.`Enable_Rating`, `u`.`Exp_Years`, `u`.`Facebook`, `u`.`Google_Analytics`, `u`.`Image`, `u`.`Instagram`, `u`.`Linkedin`, `u`.`Name`, `u`.`Parent_Id`, `u`.`Password`, `u`.`Paypal_Email`, `u`.`Paypal_Mode`, `u`.`Paypal_Payment`, `u`.`Paystack_Payment`, `u`.`Paystack_Public_Key`, `u`.`Paystack_Secret_Key`, `u`.`Phone`, `u`.`Publish_Key`, `u`.`Qr_Code`, `u`.`Razorpay_Key_Id`, `u`.`Razorpay_Key_Secret`, `u`.`Razorpay_Payment`, `u`.`Role`, `u`.`Secret_Key`, `u`.`Skype`, `u`.`Slug`, `u`.`Specialist`, `u`.`Status`, `u`.`Stripe_Payment`, `u`.`Thumb`, `u`.`Trial_Expire`, `u`.`Twitter`, `u`.`User_Name`, `u`.`User_Type`, `u`.`Verify_Code`, `u`.`Whatsapp`
FROM `Users` AS `u`
WHERE `u`.`Id` = @__id_0
LIMIT 1

2024-07-27 18:20:00.548 +05:30  INF  Executing endpoint 'DCRM.Api.Controllers.AppointmentController.Get (DCRM.Api)'

2024-07-27 18:20:00.548 +05:30  INF  Route matched with {action = "Get", controller = "Appointment"}. Executing controller action with signature DCRM.Common.Entity.Appointment Get(Int32) on controller DCRM.Api.Controllers.AppointmentController (DCRM.Api).

2024-07-27 18:20:00.766 +05:30  INF  Executed DbCommand (226ms) [Parameters=[@__id_0='?' (DbType = Int64)], CommandType='"Text"', CommandTimeout='30']
SELECT `u`.`Id`, `u`.`About_Me`, `u`.`Account_Type`, `u`.`Address`, `u`.`Available_Days`, `u`.`Bn_Name`, `u`.`City`, `u`.`Country`, `u`.`Created_At`, `u`.`Currency`, `u`.`Degree`, `u`.`Email`, `u`.`Email_Verified`, `u`.`Enable_Appointment`, `u`.`Enable_Rating`, `u`.`Exp_Years`, `u`.`Facebook`, `u`.`Google_Analytics`, `u`.`Image`, `u`.`Instagram`, `u`.`Linkedin`, `u`.`Name`, `u`.`Parent_Id`, `u`.`Password`, `u`.`Paypal_Email`, `u`.`Paypal_Mode`, `u`.`Paypal_Payment`, `u`.`Paystack_Payment`, `u`.`Paystack_Public_Key`, `u`.`Paystack_Secret_Key`, `u`.`Phone`, `u`.`Publish_Key`, `u`.`Qr_Code`, `u`.`Razorpay_Key_Id`, `u`.`Razorpay_Key_Secret`, `u`.`Razorpay_Payment`, `u`.`Role`, `u`.`Secret_Key`, `u`.`Skype`, `u`.`Slug`, `u`.`Specialist`, `u`.`Status`, `u`.`Stripe_Payment`, `u`.`Thumb`, `u`.`Trial_Expire`, `u`.`Twitter`, `u`.`User_Name`, `u`.`User_Type`, `u`.`Verify_Code`, `u`.`Whatsapp`
FROM `Users` AS `u`
WHERE `u`.`Id` = @__id_0
LIMIT 1

2024-07-27 18:20:00.767 +05:30  INF  Executing endpoint 'DCRM.Api.Controllers.DashboardController.Get (DCRM.Api)'

2024-07-27 18:20:00.767 +05:30  INF  Route matched with {action = "Get", controller = "Dashboard"}. Executing controller action with signature DCRM.Common.Dto.DashboardDto Get() on controller DCRM.Api.Controllers.DashboardController (DCRM.Api).

2024-07-27 18:20:01.175 +05:30  INF  Executed DbCommand (209ms) [Parameters=[@__id_0='?' (DbType = Int64)], CommandType='"Text"', CommandTimeout='30']
SELECT `a`.`Id`, `a`.`Appointment_Status`, `a`.`Cause`, `a`.`Chair`, `a`.`Chamber_Id`, `a`.`Created_At`, `a`.`Date`, `a`.`Doctor_Id`, `a`.`Doctor_Name`, `a`.`End_Time`, `a`.`Extra_Notes`, `a`.`Files`, `a`.`Is_Delete`, `a`.`Is_Start`, `a`.`Meeting_Notes`, `a`.`Number_Of_Slot`, `a`.`Patient_Id`, `a`.`Prescription_Id`, `a`.`Serial_Id`, `a`.`Slot_Time`, `a`.`Start_Time`, `a`.`Status`, `a`.`Type`, `a`.`User_Id`, `a`.`Workdone_Id`
FROM `Appointments` AS `a`
WHERE (`a`.`Id` = @__id_0) AND (`a`.`Is_Delete` = 0)
LIMIT 1

2024-07-27 18:20:01.175 +05:30  INF  Executing ObjectResult, writing value of type 'DCRM.Common.Entity.Appointment'.

2024-07-27 18:20:01.176 +05:30  INF  Executed action DCRM.Api.Controllers.AppointmentController.Get (DCRM.Api) in 627.2809ms

2024-07-27 18:20:01.176 +05:30  INF  Executed endpoint 'DCRM.Api.Controllers.AppointmentController.Get (DCRM.Api)'

2024-07-27 18:20:01.176 +05:30  INF  Request finished HTTP/2 GET https://localhost:7069/api/Appointment/Get/387 application/json - - 200 - application/json;+charset=utf-8 1249.5008ms

2024-07-27 18:20:01.225 +05:30  INF  Request starting HTTP/2 OPTIONS https://localhost:7069/api/Patient/Get/387 - -

2024-07-27 18:20:01.225 +05:30  INF  CORS policy execution successful.

2024-07-27 18:20:01.225 +05:30  INF  Request finished HTTP/2 OPTIONS https://localhost:7069/api/Patient/Get/387 - - - 204 - - 0.3556ms

2024-07-27 18:20:01.226 +05:30  INF  Request starting HTTP/2 OPTIONS https://localhost:7069/api/Doctor/Get/Names - -

2024-07-27 18:20:01.226 +05:30  INF  CORS policy execution successful.

2024-07-27 18:20:01.226 +05:30  INF  Request finished HTTP/2 OPTIONS https://localhost:7069/api/Doctor/Get/Names - - - 204 - - 0.3231ms

2024-07-27 18:20:01.228 +05:30  INF  Request starting HTTP/2 OPTIONS https://localhost:7069/api/Patient/Get/Names - -

2024-07-27 18:20:01.228 +05:30  INF  Request starting HTTP/2 OPTIONS https://localhost:7069/api/Patient/Get/508 - -

2024-07-27 18:20:01.228 +05:30  INF  CORS policy execution successful.

2024-07-27 18:20:01.228 +05:30  INF  CORS policy execution successful.

2024-07-27 18:20:01.228 +05:30  INF  Request finished HTTP/2 OPTIONS https://localhost:7069/api/Patient/Get/508 - - - 204 - - 0.2314ms

2024-07-27 18:20:01.228 +05:30  INF  Request finished HTTP/2 OPTIONS https://localhost:7069/api/Patient/Get/Names - - - 204 - - 1.3846ms

2024-07-27 18:20:01.232 +05:30  INF  Request starting HTTP/2 OPTIONS https://localhost:7069/api/Chair/GetAll - -

2024-07-27 18:20:01.232 +05:30  INF  CORS policy execution successful.

2024-07-27 18:20:01.232 +05:30  INF  Request finished HTTP/2 OPTIONS https://localhost:7069/api/Chair/GetAll - - - 204 - - 0.4162ms

2024-07-27 18:20:01.235 +05:30  INF  Request starting HTTP/2 GET https://localhost:7069/api/Patient/Get/387 application/json -

2024-07-27 18:20:01.235 +05:30  INF  Request starting HTTP/2 GET https://localhost:7069/api/Patient/Get/Names application/json -

2024-07-27 18:20:01.235 +05:30  INF  Request starting HTTP/2 GET https://localhost:7069/api/Chair/GetAll application/json -

2024-07-27 18:20:01.235 +05:30  INF  Request starting HTTP/2 GET https://localhost:7069/api/Patient/Get/508 application/json -

2024-07-27 18:20:01.235 +05:30  INF  Request starting HTTP/2 GET https://localhost:7069/api/Doctor/Get/Names application/json -

2024-07-27 18:20:01.235 +05:30  INF  CORS policy execution successful.

2024-07-27 18:20:01.235 +05:30  INF  CORS policy execution successful.

2024-07-27 18:20:01.235 +05:30  INF  CORS policy execution successful.

2024-07-27 18:20:01.235 +05:30  INF  CORS policy execution successful.

2024-07-27 18:20:01.235 +05:30  INF  CORS policy execution successful.

2024-07-27 18:20:01.440 +05:30  INF  Executed DbCommand (226ms) [Parameters=[@__p_0='?' (DbType = Int64)], CommandType='"Text"', CommandTimeout='30']
SELECT COUNT(*)
FROM `Patientses` AS `p`
WHERE (`p`.`User_Id` = @__p_0) AND (`p`.`Is_Delete` = 0)

2024-07-27 18:20:01.869 +05:30  INF  Executed DbCommand (216ms) [Parameters=[@__id_0='?' (DbType = Int64)], CommandType='"Text"', CommandTimeout='30']
SELECT `u`.`Id`, `u`.`About_Me`, `u`.`Account_Type`, `u`.`Address`, `u`.`Available_Days`, `u`.`Bn_Name`, `u`.`City`, `u`.`Country`, `u`.`Created_At`, `u`.`Currency`, `u`.`Degree`, `u`.`Email`, `u`.`Email_Verified`, `u`.`Enable_Appointment`, `u`.`Enable_Rating`, `u`.`Exp_Years`, `u`.`Facebook`, `u`.`Google_Analytics`, `u`.`Image`, `u`.`Instagram`, `u`.`Linkedin`, `u`.`Name`, `u`.`Parent_Id`, `u`.`Password`, `u`.`Paypal_Email`, `u`.`Paypal_Mode`, `u`.`Paypal_Payment`, `u`.`Paystack_Payment`, `u`.`Paystack_Public_Key`, `u`.`Paystack_Secret_Key`, `u`.`Phone`, `u`.`Publish_Key`, `u`.`Qr_Code`, `u`.`Razorpay_Key_Id`, `u`.`Razorpay_Key_Secret`, `u`.`Razorpay_Payment`, `u`.`Role`, `u`.`Secret_Key`, `u`.`Skype`, `u`.`Slug`, `u`.`Specialist`, `u`.`Status`, `u`.`Stripe_Payment`, `u`.`Thumb`, `u`.`Trial_Expire`, `u`.`Twitter`, `u`.`User_Name`, `u`.`User_Type`, `u`.`Verify_Code`, `u`.`Whatsapp`
FROM `Users` AS `u`
WHERE `u`.`Id` = @__id_0
LIMIT 1

2024-07-27 18:20:01.870 +05:30  INF  Executing endpoint 'DCRM.Api.Controllers.PatientController.Get (DCRM.Api)'

2024-07-27 18:20:01.870 +05:30  INF  Route matched with {action = "Get", controller = "Patient"}. Executing controller action with signature DCRM.Common.Dto.PatientseDto Get(Int64) on controller DCRM.Api.Controllers.PatientController (DCRM.Api).

2024-07-27 18:20:01.870 +05:30  INF  Executed DbCommand (213ms) [Parameters=[@__id_0='?' (DbType = Int64)], CommandType='"Text"', CommandTimeout='30']
SELECT `u`.`Id`, `u`.`About_Me`, `u`.`Account_Type`, `u`.`Address`, `u`.`Available_Days`, `u`.`Bn_Name`, `u`.`City`, `u`.`Country`, `u`.`Created_At`, `u`.`Currency`, `u`.`Degree`, `u`.`Email`, `u`.`Email_Verified`, `u`.`Enable_Appointment`, `u`.`Enable_Rating`, `u`.`Exp_Years`, `u`.`Facebook`, `u`.`Google_Analytics`, `u`.`Image`, `u`.`Instagram`, `u`.`Linkedin`, `u`.`Name`, `u`.`Parent_Id`, `u`.`Password`, `u`.`Paypal_Email`, `u`.`Paypal_Mode`, `u`.`Paypal_Payment`, `u`.`Paystack_Payment`, `u`.`Paystack_Public_Key`, `u`.`Paystack_Secret_Key`, `u`.`Phone`, `u`.`Publish_Key`, `u`.`Qr_Code`, `u`.`Razorpay_Key_Id`, `u`.`Razorpay_Key_Secret`, `u`.`Razorpay_Payment`, `u`.`Role`, `u`.`Secret_Key`, `u`.`Skype`, `u`.`Slug`, `u`.`Specialist`, `u`.`Status`, `u`.`Stripe_Payment`, `u`.`Thumb`, `u`.`Trial_Expire`, `u`.`Twitter`, `u`.`User_Name`, `u`.`User_Type`, `u`.`Verify_Code`, `u`.`Whatsapp`
FROM `Users` AS `u`
WHERE `u`.`Id` = @__id_0
LIMIT 1

2024-07-27 18:20:01.870 +05:30  INF  Executed DbCommand (212ms) [Parameters=[@__id_0='?' (DbType = Int64)], CommandType='"Text"', CommandTimeout='30']
SELECT `u`.`Id`, `u`.`About_Me`, `u`.`Account_Type`, `u`.`Address`, `u`.`Available_Days`, `u`.`Bn_Name`, `u`.`City`, `u`.`Country`, `u`.`Created_At`, `u`.`Currency`, `u`.`Degree`, `u`.`Email`, `u`.`Email_Verified`, `u`.`Enable_Appointment`, `u`.`Enable_Rating`, `u`.`Exp_Years`, `u`.`Facebook`, `u`.`Google_Analytics`, `u`.`Image`, `u`.`Instagram`, `u`.`Linkedin`, `u`.`Name`, `u`.`Parent_Id`, `u`.`Password`, `u`.`Paypal_Email`, `u`.`Paypal_Mode`, `u`.`Paypal_Payment`, `u`.`Paystack_Payment`, `u`.`Paystack_Public_Key`, `u`.`Paystack_Secret_Key`, `u`.`Phone`, `u`.`Publish_Key`, `u`.`Qr_Code`, `u`.`Razorpay_Key_Id`, `u`.`Razorpay_Key_Secret`, `u`.`Razorpay_Payment`, `u`.`Role`, `u`.`Secret_Key`, `u`.`Skype`, `u`.`Slug`, `u`.`Specialist`, `u`.`Status`, `u`.`Stripe_Payment`, `u`.`Thumb`, `u`.`Trial_Expire`, `u`.`Twitter`, `u`.`User_Name`, `u`.`User_Type`, `u`.`Verify_Code`, `u`.`Whatsapp`
FROM `Users` AS `u`
WHERE `u`.`Id` = @__id_0
LIMIT 1

2024-07-27 18:20:01.870 +05:30  INF  Executing endpoint 'DCRM.Api.Controllers.ChairController.GetAll (DCRM.Api)'

2024-07-27 18:20:01.870 +05:30  INF  Executing endpoint 'DCRM.Api.Controllers.DoctorController.DoctorNameList (DCRM.Api)'

2024-07-27 18:20:01.870 +05:30  INF  Route matched with {action = "GetAll", controller = "Chair"}. Executing controller action with signature System.Collections.Generic.List`1[DCRM.Common.Dto.ChairDto] GetAll() on controller DCRM.Api.Controllers.ChairController (DCRM.Api).

2024-07-27 18:20:01.870 +05:30  INF  Route matched with {action = "DoctorNameList", controller = "Doctor"}. Executing controller action with signature System.Collections.Generic.List`1[DCRM.Common.Dto.DropdownDataDto] DoctorNameList() on controller DCRM.Api.Controllers.DoctorController (DCRM.Api).

2024-07-27 18:20:01.876 +05:30  INF  Executed DbCommand (212ms) [Parameters=[@__id_0='?' (DbType = Int64)], CommandType='"Text"', CommandTimeout='30']
SELECT `u`.`Id`, `u`.`About_Me`, `u`.`Account_Type`, `u`.`Address`, `u`.`Available_Days`, `u`.`Bn_Name`, `u`.`City`, `u`.`Country`, `u`.`Created_At`, `u`.`Currency`, `u`.`Degree`, `u`.`Email`, `u`.`Email_Verified`, `u`.`Enable_Appointment`, `u`.`Enable_Rating`, `u`.`Exp_Years`, `u`.`Facebook`, `u`.`Google_Analytics`, `u`.`Image`, `u`.`Instagram`, `u`.`Linkedin`, `u`.`Name`, `u`.`Parent_Id`, `u`.`Password`, `u`.`Paypal_Email`, `u`.`Paypal_Mode`, `u`.`Paypal_Payment`, `u`.`Paystack_Payment`, `u`.`Paystack_Public_Key`, `u`.`Paystack_Secret_Key`, `u`.`Phone`, `u`.`Publish_Key`, `u`.`Qr_Code`, `u`.`Razorpay_Key_Id`, `u`.`Razorpay_Key_Secret`, `u`.`Razorpay_Payment`, `u`.`Role`, `u`.`Secret_Key`, `u`.`Skype`, `u`.`Slug`, `u`.`Specialist`, `u`.`Status`, `u`.`Stripe_Payment`, `u`.`Thumb`, `u`.`Trial_Expire`, `u`.`Twitter`, `u`.`User_Name`, `u`.`User_Type`, `u`.`Verify_Code`, `u`.`Whatsapp`
FROM `Users` AS `u`
WHERE `u`.`Id` = @__id_0
LIMIT 1

2024-07-27 18:20:01.876 +05:30  INF  Executing endpoint 'DCRM.Api.Controllers.PatientController.Get (DCRM.Api)'

2024-07-27 18:20:01.876 +05:30  INF  Route matched with {action = "Get", controller = "Patient"}. Executing controller action with signature DCRM.Common.Dto.PatientseDto Get(Int64) on controller DCRM.Api.Controllers.PatientController (DCRM.Api).

2024-07-27 18:20:01.893 +05:30  INF  Executed DbCommand (219ms) [Parameters=[@__id_0='?' (DbType = Int64)], CommandType='"Text"', CommandTimeout='30']
SELECT `u`.`Id`, `u`.`About_Me`, `u`.`Account_Type`, `u`.`Address`, `u`.`Available_Days`, `u`.`Bn_Name`, `u`.`City`, `u`.`Country`, `u`.`Created_At`, `u`.`Currency`, `u`.`Degree`, `u`.`Email`, `u`.`Email_Verified`, `u`.`Enable_Appointment`, `u`.`Enable_Rating`, `u`.`Exp_Years`, `u`.`Facebook`, `u`.`Google_Analytics`, `u`.`Image`, `u`.`Instagram`, `u`.`Linkedin`, `u`.`Name`, `u`.`Parent_Id`, `u`.`Password`, `u`.`Paypal_Email`, `u`.`Paypal_Mode`, `u`.`Paypal_Payment`, `u`.`Paystack_Payment`, `u`.`Paystack_Public_Key`, `u`.`Paystack_Secret_Key`, `u`.`Phone`, `u`.`Publish_Key`, `u`.`Qr_Code`, `u`.`Razorpay_Key_Id`, `u`.`Razorpay_Key_Secret`, `u`.`Razorpay_Payment`, `u`.`Role`, `u`.`Secret_Key`, `u`.`Skype`, `u`.`Slug`, `u`.`Specialist`, `u`.`Status`, `u`.`Stripe_Payment`, `u`.`Thumb`, `u`.`Trial_Expire`, `u`.`Twitter`, `u`.`User_Name`, `u`.`User_Type`, `u`.`Verify_Code`, `u`.`Whatsapp`
FROM `Users` AS `u`
WHERE `u`.`Id` = @__id_0
LIMIT 1

2024-07-27 18:20:01.893 +05:30  INF  Executing endpoint 'DCRM.Api.Controllers.PatientController.PatientDetailList (DCRM.Api)'

2024-07-27 18:20:01.893 +05:30  INF  Route matched with {action = "PatientDetailList", controller = "Patient"}. Executing controller action with signature System.Collections.Generic.List`1[DCRM.Common.Dto.DropdownDataDto] PatientDetailList() on controller DCRM.Api.Controllers.PatientController (DCRM.Api).

2024-07-27 18:20:02.113 +05:30  INF  Executed DbCommand (225ms) [Parameters=[@__userId_0='?' (DbType = Int32)], CommandType='"Text"', CommandTimeout='30']
SELECT COUNT(*)
FROM `Staffs` AS `s`
WHERE (`s`.`User_Id` = @__userId_0) AND (`s`.`Is_Deleted` = 0)

2024-07-27 18:20:02.490 +05:30  INF  Executed DbCommand (208ms) [Parameters=[], CommandType='"Text"', CommandTimeout='30']
SELECT `c`.`Id`, `c`.`Address`, `c`.`Appoinment_Limit`, `c`.`Created_At`, `c`.`Doctor_Id`, `c`.`Is_Primary`, `c`.`Name`, `c`.`Status`, `c`.`Uid`, `c`.`User_Id`
FROM `Chairs` AS `c`

2024-07-27 18:20:02.491 +05:30  INF  Executed DbCommand (209ms) [Parameters=[@__id_0='?' (DbType = Int64)], CommandType='"Text"', CommandTimeout='30']
SELECT `p`.`Id`, `p`.`Age`, `p`.`Chamber_Id`, `p`.`Created_At`, `p`.`Email`, `p`.`Guardian`, `p`.`Is_Delete`, `p`.`Mobile`, `p`.`Mr_Number`, `p`.`Name`, `p`.`Password`, `p`.`Permanent_Address`, `p`.`Present_Address`, `p`.`Role`, `p`.`Sex`, `p`.`Slug`, `p`.`Thumb`, `p`.`Title`, `p`.`UserName`, `p`.`User_Id`, `p`.`Verify_Code`, `p`.`Weight`
FROM `Patientses` AS `p`
WHERE (`p`.`Is_Delete` = 0) AND (`p`.`Id` = @__id_0)
LIMIT 1

2024-07-27 18:20:02.514 +05:30  INF  Executed DbCommand (213ms) [Parameters=[@__id_0='?' (DbType = Int64)], CommandType='"Text"', CommandTimeout='30']
SELECT `p`.`Id`, `p`.`Age`, `p`.`Chamber_Id`, `p`.`Created_At`, `p`.`Email`, `p`.`Guardian`, `p`.`Is_Delete`, `p`.`Mobile`, `p`.`Mr_Number`, `p`.`Name`, `p`.`Password`, `p`.`Permanent_Address`, `p`.`Present_Address`, `p`.`Role`, `p`.`Sex`, `p`.`Slug`, `p`.`Thumb`, `p`.`Title`, `p`.`UserName`, `p`.`User_Id`, `p`.`Verify_Code`, `p`.`Weight`
FROM `Patientses` AS `p`
WHERE (`p`.`Is_Delete` = 0) AND (`p`.`Id` = @__id_0)
LIMIT 1

2024-07-27 18:20:02.698 +05:30  INF  Executed DbCommand (416ms) [Parameters=[@__userId_0='?' (DbType = Int64)], CommandType='"Text"', CommandTimeout='30']
SELECT `d`.`Id`, `d`.`Age`, `d`.`Blood_Group`, `d`.`Created_At`, `d`.`Dob`, `d`.`Email`, `d`.`Email2`, `d`.`Gender`, `d`.`Gst_Number`, `d`.`Is_Delete`, `d`.`Marital_Status`, `d`.`Name`, `d`.`Pan_Number`, `d`.`Password`, `d`.`Phone1`, `d`.`Phone2`, `d`.`Phone3`, `d`.`Phone4`, `d`.`Qualification`, `d`.`Role`, `d`.`Speciality`, `d`.`Thumb`, `d`.`Updated_At`, `d`.`User_Id`
FROM `Doctors` AS `d`
WHERE (`d`.`User_Id` = @__userId_0) AND (`d`.`Is_Delete` = 0)

2024-07-27 18:20:02.780 +05:30  INF  Executed DbCommand (450ms) [Parameters=[@__userId_0='?' (DbType = Int64)], CommandType='"Text"', CommandTimeout='30']
SELECT `p`.`Id`, `p`.`Age`, `p`.`Chamber_Id`, `p`.`Created_At`, `p`.`Email`, `p`.`Guardian`, `p`.`Is_Delete`, `p`.`Mobile`, `p`.`Mr_Number`, `p`.`Name`, `p`.`Password`, `p`.`Permanent_Address`, `p`.`Present_Address`, `p`.`Role`, `p`.`Sex`, `p`.`Slug`, `p`.`Thumb`, `p`.`Title`, `p`.`UserName`, `p`.`User_Id`, `p`.`Verify_Code`, `p`.`Weight`
FROM `Patientses` AS `p`
WHERE (`p`.`User_Id` = @__userId_0) AND (`p`.`Is_Delete` = 0)

2024-07-27 18:20:02.785 +05:30  INF  Executed DbCommand (225ms) [Parameters=[@__userId_0='?' (DbType = Int32)], CommandType='"Text"', CommandTimeout='30']
SELECT COUNT(*)
FROM `Appointments` AS `a`
WHERE (`a`.`User_Id` = @__userId_0) AND (`a`.`Is_Delete` = 0)

2024-07-27 18:20:03.116 +05:30  INF  Executed DbCommand (208ms) [Parameters=[@__Id_0='?' (DbType = Int64)], CommandType='"Text"', CommandTimeout='30']
SELECT `d`.`Id`, `d`.`Age`, `d`.`Blood_Group`, `d`.`Created_At`, `d`.`Dob`, `d`.`Email`, `d`.`Email2`, `d`.`Gender`, `d`.`Gst_Number`, `d`.`Is_Delete`, `d`.`Marital_Status`, `d`.`Name`, `d`.`Pan_Number`, `d`.`Password`, `d`.`Phone1`, `d`.`Phone2`, `d`.`Phone3`, `d`.`Phone4`, `d`.`Qualification`, `d`.`Role`, `d`.`Speciality`, `d`.`Thumb`, `d`.`Updated_At`, `d`.`User_Id`
FROM `Doctors` AS `d`
WHERE `d`.`Id` = @__Id_0
LIMIT 2

2024-07-27 18:20:03.326 +05:30  INF  Executed DbCommand (418ms) [Parameters=[], CommandType='"Text"', CommandTimeout='30']
SELECT `p`.`Id`, `p`.`Amount_Type`, `p`.`Balance`, `p`.`Created_At`, `p`.`Credit_Amount`, `p`.`Debit_Amount`, `p`.`Description`, `p`.`Doctor_Id`, `p`.`Patient_Id`, `p`.`Payment_Mode`, `p`.`Updated_At`, `p`.`Workdone_Id`, `p`.`isPrinted`
FROM `Payment_History` AS `p`

2024-07-27 18:20:03.367 +05:30  INF  Executed DbCommand (426ms) [Parameters=[], CommandType='"Text"', CommandTimeout='30']
SELECT `p`.`Id`, `p`.`Amount_Type`, `p`.`Balance`, `p`.`Created_At`, `p`.`Credit_Amount`, `p`.`Debit_Amount`, `p`.`Description`, `p`.`Doctor_Id`, `p`.`Patient_Id`, `p`.`Payment_Mode`, `p`.`Updated_At`, `p`.`Workdone_Id`, `p`.`isPrinted`
FROM `Payment_History` AS `p`

2024-07-27 18:20:03.455 +05:30  INF  Executed DbCommand (225ms) [Parameters=[@__userId_0='?' (DbType = Int32)], CommandType='"Text"', CommandTimeout='30']
SELECT COUNT(*)
FROM `Appointments` AS `a`
WHERE ((`a`.`User_Id` = @__userId_0) AND (`a`.`Is_Delete` = 0)) AND (`a`.`Date` = CURDATE())

2024-07-27 18:20:03.455 +05:30  INF  Executing ObjectResult, writing value of type 'DCRM.Common.Dto.DashboardDto'.

2024-07-27 18:20:03.455 +05:30  INF  Executed action DCRM.Api.Controllers.DashboardController.Get (DCRM.Api) in 2688.5538ms

2024-07-27 18:20:03.455 +05:30  INF  Executed endpoint 'DCRM.Api.Controllers.DashboardController.Get (DCRM.Api)'

2024-07-27 18:20:03.455 +05:30  INF  Request finished HTTP/2 GET https://localhost:7069/api/Dashboard/Get application/json - - 200 - application/json;+charset=utf-8 3372.3601ms

2024-07-27 18:20:03.543 +05:30  INF  Executing ObjectResult, writing value of type 'System.Collections.Generic.List`1[[DCRM.Common.Dto.DropdownDataDto, DCRM.Common, Version=1.0.0.0, Culture=neutral, PublicKeyToken=null]]'.

2024-07-27 18:20:03.543 +05:30  INF  Executed action DCRM.Api.Controllers.DoctorController.DoctorNameList (DCRM.Api) in 1672.6112ms

2024-07-27 18:20:03.543 +05:30  INF  Executed endpoint 'DCRM.Api.Controllers.DoctorController.DoctorNameList (DCRM.Api)'

2024-07-27 18:20:03.543 +05:30  INF  Request finished HTTP/2 GET https://localhost:7069/api/Doctor/Get/Names application/json - - 200 - application/json;+charset=utf-8 2308.9231ms

2024-07-27 18:20:03.670 +05:30  INF  Executing ObjectResult, writing value of type 'System.Collections.Generic.List`1[[DCRM.Common.Dto.DropdownDataDto, DCRM.Common, Version=1.0.0.0, Culture=neutral, PublicKeyToken=null]]'.

2024-07-27 18:20:03.671 +05:30  INF  Executed action DCRM.Api.Controllers.PatientController.PatientDetailList (DCRM.Api) in 1777.3953ms

2024-07-27 18:20:03.671 +05:30  INF  Executed endpoint 'DCRM.Api.Controllers.PatientController.PatientDetailList (DCRM.Api)'

2024-07-27 18:20:03.671 +05:30  INF  Request finished HTTP/2 GET https://localhost:7069/api/Patient/Get/Names application/json - - 200 - application/json;+charset=utf-8 2436.3486ms

2024-07-27 18:20:03.746 +05:30  INF  Executed DbCommand (206ms) [Parameters=[@__Id_0='?' (DbType = Int64)], CommandType='"Text"', CommandTimeout='30']
SELECT `d`.`Id`, `d`.`Age`, `d`.`Blood_Group`, `d`.`Created_At`, `d`.`Dob`, `d`.`Email`, `d`.`Email2`, `d`.`Gender`, `d`.`Gst_Number`, `d`.`Is_Delete`, `d`.`Marital_Status`, `d`.`Name`, `d`.`Pan_Number`, `d`.`Password`, `d`.`Phone1`, `d`.`Phone2`, `d`.`Phone3`, `d`.`Phone4`, `d`.`Qualification`, `d`.`Role`, `d`.`Speciality`, `d`.`Thumb`, `d`.`Updated_At`, `d`.`User_Id`
FROM `Doctors` AS `d`
WHERE `d`.`Id` = @__Id_0
LIMIT 2

2024-07-27 18:20:04.163 +05:30  INF  Executed DbCommand (206ms) [Parameters=[@__p_0='?' (DbType = Int64)], CommandType='"Text"', CommandTimeout='30']
SELECT `p`.`Id`, `p`.`Amount`, `p`.`Balance_Amount`, `p`.`Balance_Spent`, `p`.`Created_At`, `p`.`Name`, `p`.`Patients_Id`, `p`.`Type`, `p`.`Updated_At`
FROM `Patients_Insurance_Loan` AS `p`
WHERE `p`.`Patients_Id` = @__p_0

2024-07-27 18:20:04.222 +05:30  INF  Executed DbCommand (213ms) [Parameters=[@__p_0='?' (DbType = Int64)], CommandType='"Text"', CommandTimeout='30']
SELECT `p`.`Id`, `p`.`Amount`, `p`.`Balance_Amount`, `p`.`Balance_Spent`, `p`.`Created_At`, `p`.`Name`, `p`.`Patients_Id`, `p`.`Type`, `p`.`Updated_At`
FROM `Patients_Insurance_Loan` AS `p`
WHERE `p`.`Patients_Id` = @__p_0

2024-07-27 18:20:04.371 +05:30  INF  Executed DbCommand (210ms) [Parameters=[@__Id_0='?' (DbType = Int64)], CommandType='"Text"', CommandTimeout='30']
SELECT `d`.`Id`, `d`.`Age`, `d`.`Blood_Group`, `d`.`Created_At`, `d`.`Dob`, `d`.`Email`, `d`.`Email2`, `d`.`Gender`, `d`.`Gst_Number`, `d`.`Is_Delete`, `d`.`Marital_Status`, `d`.`Name`, `d`.`Pan_Number`, `d`.`Password`, `d`.`Phone1`, `d`.`Phone2`, `d`.`Phone3`, `d`.`Phone4`, `d`.`Qualification`, `d`.`Role`, `d`.`Speciality`, `d`.`Thumb`, `d`.`Updated_At`, `d`.`User_Id`
FROM `Doctors` AS `d`
WHERE `d`.`Id` = @__Id_0
LIMIT 2

2024-07-27 18:20:04.785 +05:30  INF  Executed DbCommand (208ms) [Parameters=[@__p_0='?' (DbType = Int64)], CommandType='"Text"', CommandTimeout='30']
SELECT `p`.`Id`, `p`.`Created_At`, `p`.`Patient_Id`, `p`.`Report`, `p`.`Report_Date`, `p`.`Report_File`, `p`.`Status`, `p`.`Test_Name`, `p`.`Test_Price`, `p`.`Updated_At`
FROM `Patient_Tests` AS `p`
WHERE `p`.`Patient_Id` = @__p_0

2024-07-27 18:20:04.863 +05:30  INF  Executed DbCommand (215ms) [Parameters=[@__p_0='?' (DbType = Int64)], CommandType='"Text"', CommandTimeout='30']
SELECT `p`.`Id`, `p`.`Created_At`, `p`.`Patient_Id`, `p`.`Report`, `p`.`Report_Date`, `p`.`Report_File`, `p`.`Status`, `p`.`Test_Name`, `p`.`Test_Price`, `p`.`Updated_At`
FROM `Patient_Tests` AS `p`
WHERE `p`.`Patient_Id` = @__p_0

2024-07-27 18:20:04.994 +05:30  INF  Executed DbCommand (209ms) [Parameters=[@__Id_0='?' (DbType = Int64)], CommandType='"Text"', CommandTimeout='30']
SELECT `d`.`Id`, `d`.`Age`, `d`.`Blood_Group`, `d`.`Created_At`, `d`.`Dob`, `d`.`Email`, `d`.`Email2`, `d`.`Gender`, `d`.`Gst_Number`, `d`.`Is_Delete`, `d`.`Marital_Status`, `d`.`Name`, `d`.`Pan_Number`, `d`.`Password`, `d`.`Phone1`, `d`.`Phone2`, `d`.`Phone3`, `d`.`Phone4`, `d`.`Qualification`, `d`.`Role`, `d`.`Speciality`, `d`.`Thumb`, `d`.`Updated_At`, `d`.`User_Id`
FROM `Doctors` AS `d`
WHERE `d`.`Id` = @__Id_0
LIMIT 2

2024-07-27 18:20:05.409 +05:30  INF  Executed DbCommand (209ms) [Parameters=[@__p_0='?' (DbType = Int64)], CommandType='"Text"', CommandTimeout='30']
SELECT `p`.`Id`, `p`.`Address_O`, `p`.`Address_Other`, `p`.`Address_R`, `p`.`City_O`, `p`.`City_Other`, `p`.`City_R`, `p`.`Country_O`, `p`.`Country_Other`, `p`.`Country_R`, `p`.`Created_At`, `p`.`Doctor_Name`, `p`.`Email`, `p`.`Email2`, `p`.`Medical_History_Allergies`, `p`.`Patient_Id`, `p`.`Phone`, `p`.`Phone1`, `p`.`Phone2`, `p`.`Phone3`, `p`.`Phone4`, `p`.`Physician`, `p`.`Reffered_By`, `p`.`Relationship_Type`, `p`.`Special_Notes`, `p`.`Updated_At`, `p`.`Zip_O`, `p`.`Zip_Other`, `p`.`Zip_R`
FROM `Patients_Contact` AS `p`
WHERE `p`.`Patient_Id` = @__p_0

2024-07-27 18:20:05.507 +05:30  INF  Executed DbCommand (217ms) [Parameters=[@__p_0='?' (DbType = Int64)], CommandType='"Text"', CommandTimeout='30']
SELECT `p`.`Id`, `p`.`Address_O`, `p`.`Address_Other`, `p`.`Address_R`, `p`.`City_O`, `p`.`City_Other`, `p`.`City_R`, `p`.`Country_O`, `p`.`Country_Other`, `p`.`Country_R`, `p`.`Created_At`, `p`.`Doctor_Name`, `p`.`Email`, `p`.`Email2`, `p`.`Medical_History_Allergies`, `p`.`Patient_Id`, `p`.`Phone`, `p`.`Phone1`, `p`.`Phone2`, `p`.`Phone3`, `p`.`Phone4`, `p`.`Physician`, `p`.`Reffered_By`, `p`.`Relationship_Type`, `p`.`Special_Notes`, `p`.`Updated_At`, `p`.`Zip_O`, `p`.`Zip_Other`, `p`.`Zip_R`
FROM `Patients_Contact` AS `p`
WHERE `p`.`Patient_Id` = @__p_0

2024-07-27 18:20:05.614 +05:30  INF  Executed DbCommand (208ms) [Parameters=[@__Id_0='?' (DbType = Int64)], CommandType='"Text"', CommandTimeout='30']
SELECT `d`.`Id`, `d`.`Age`, `d`.`Blood_Group`, `d`.`Created_At`, `d`.`Dob`, `d`.`Email`, `d`.`Email2`, `d`.`Gender`, `d`.`Gst_Number`, `d`.`Is_Delete`, `d`.`Marital_Status`, `d`.`Name`, `d`.`Pan_Number`, `d`.`Password`, `d`.`Phone1`, `d`.`Phone2`, `d`.`Phone3`, `d`.`Phone4`, `d`.`Qualification`, `d`.`Role`, `d`.`Speciality`, `d`.`Thumb`, `d`.`Updated_At`, `d`.`User_Id`
FROM `Doctors` AS `d`
WHERE `d`.`Id` = @__Id_0
LIMIT 2

2024-07-27 18:20:06.029 +05:30  INF  Executed DbCommand (208ms) [Parameters=[@__p_0='?' (DbType = Int64)], CommandType='"Text"', CommandTimeout='30']
SELECT `p`.`Id`, `p`.`Created_At`, `p`.`Patient_Id`, `p`.`Report`, `p`.`Report_File`, `p`.`Scan_Name`, `p`.`Status`, `p`.`Type`, `p`.`Updated_At`
FROM `Patient_Scans` AS `p`
WHERE `p`.`Patient_Id` = @__p_0

2024-07-27 18:20:06.029 +05:30  INF  Executing ObjectResult, writing value of type 'DCRM.Common.Dto.PatientseDto'.

2024-07-27 18:20:06.029 +05:30  INF  Executed action DCRM.Api.Controllers.PatientController.Get (DCRM.Api) in 4159.67ms

2024-07-27 18:20:06.030 +05:30  INF  Executed endpoint 'DCRM.Api.Controllers.PatientController.Get (DCRM.Api)'

2024-07-27 18:20:06.030 +05:30  INF  Request finished HTTP/2 GET https://localhost:7069/api/Patient/Get/387 application/json - - 200 - application/json;+charset=utf-8 4795.2605ms

2024-07-27 18:20:06.150 +05:30  INF  Executed DbCommand (217ms) [Parameters=[@__p_0='?' (DbType = Int64)], CommandType='"Text"', CommandTimeout='30']
SELECT `p`.`Id`, `p`.`Created_At`, `p`.`Patient_Id`, `p`.`Report`, `p`.`Report_File`, `p`.`Scan_Name`, `p`.`Status`, `p`.`Type`, `p`.`Updated_At`
FROM `Patient_Scans` AS `p`
WHERE `p`.`Patient_Id` = @__p_0

2024-07-27 18:20:06.151 +05:30  INF  Executing ObjectResult, writing value of type 'DCRM.Common.Dto.PatientseDto'.

2024-07-27 18:20:06.151 +05:30  INF  Executed action DCRM.Api.Controllers.PatientController.Get (DCRM.Api) in 4274.8697ms

2024-07-27 18:20:06.151 +05:30  INF  Executed endpoint 'DCRM.Api.Controllers.PatientController.Get (DCRM.Api)'

2024-07-27 18:20:06.151 +05:30  INF  Request finished HTTP/2 GET https://localhost:7069/api/Patient/Get/508 application/json - - 200 - application/json;+charset=utf-8 4916.7479ms

2024-07-27 18:20:06.238 +05:30  INF  Executed DbCommand (210ms) [Parameters=[@__Id_0='?' (DbType = Int64)], CommandType='"Text"', CommandTimeout='30']
SELECT `d`.`Id`, `d`.`Age`, `d`.`Blood_Group`, `d`.`Created_At`, `d`.`Dob`, `d`.`Email`, `d`.`Email2`, `d`.`Gender`, `d`.`Gst_Number`, `d`.`Is_Delete`, `d`.`Marital_Status`, `d`.`Name`, `d`.`Pan_Number`, `d`.`Password`, `d`.`Phone1`, `d`.`Phone2`, `d`.`Phone3`, `d`.`Phone4`, `d`.`Qualification`, `d`.`Role`, `d`.`Speciality`, `d`.`Thumb`, `d`.`Updated_At`, `d`.`User_Id`
FROM `Doctors` AS `d`
WHERE `d`.`Id` = @__Id_0
LIMIT 2

2024-07-27 18:20:06.862 +05:30  INF  Executed DbCommand (210ms) [Parameters=[@__Id_0='?' (DbType = Int64)], CommandType='"Text"', CommandTimeout='30']
SELECT `d`.`Id`, `d`.`Age`, `d`.`Blood_Group`, `d`.`Created_At`, `d`.`Dob`, `d`.`Email`, `d`.`Email2`, `d`.`Gender`, `d`.`Gst_Number`, `d`.`Is_Delete`, `d`.`Marital_Status`, `d`.`Name`, `d`.`Pan_Number`, `d`.`Password`, `d`.`Phone1`, `d`.`Phone2`, `d`.`Phone3`, `d`.`Phone4`, `d`.`Qualification`, `d`.`Role`, `d`.`Speciality`, `d`.`Thumb`, `d`.`Updated_At`, `d`.`User_Id`
FROM `Doctors` AS `d`
WHERE `d`.`Id` = @__Id_0
LIMIT 2

2024-07-27 18:20:07.489 +05:30  INF  Executed DbCommand (211ms) [Parameters=[@__Id_0='?' (DbType = Int64)], CommandType='"Text"', CommandTimeout='30']
SELECT `d`.`Id`, `d`.`Age`, `d`.`Blood_Group`, `d`.`Created_At`, `d`.`Dob`, `d`.`Email`, `d`.`Email2`, `d`.`Gender`, `d`.`Gst_Number`, `d`.`Is_Delete`, `d`.`Marital_Status`, `d`.`Name`, `d`.`Pan_Number`, `d`.`Password`, `d`.`Phone1`, `d`.`Phone2`, `d`.`Phone3`, `d`.`Phone4`, `d`.`Qualification`, `d`.`Role`, `d`.`Speciality`, `d`.`Thumb`, `d`.`Updated_At`, `d`.`User_Id`
FROM `Doctors` AS `d`
WHERE `d`.`Id` = @__Id_0
LIMIT 2

2024-07-27 18:20:08.328 +05:30  INF  Executed DbCommand (422ms) [Parameters=[@__Id_0='?' (DbType = Int64)], CommandType='"Text"', CommandTimeout='30']
SELECT `d`.`Id`, `d`.`Age`, `d`.`Blood_Group`, `d`.`Created_At`, `d`.`Dob`, `d`.`Email`, `d`.`Email2`, `d`.`Gender`, `d`.`Gst_Number`, `d`.`Is_Delete`, `d`.`Marital_Status`, `d`.`Name`, `d`.`Pan_Number`, `d`.`Password`, `d`.`Phone1`, `d`.`Phone2`, `d`.`Phone3`, `d`.`Phone4`, `d`.`Qualification`, `d`.`Role`, `d`.`Speciality`, `d`.`Thumb`, `d`.`Updated_At`, `d`.`User_Id`
FROM `Doctors` AS `d`
WHERE `d`.`Id` = @__Id_0
LIMIT 2

2024-07-27 18:20:08.952 +05:30  INF  Executed DbCommand (208ms) [Parameters=[@__Id_0='?' (DbType = Int64)], CommandType='"Text"', CommandTimeout='30']
SELECT `d`.`Id`, `d`.`Age`, `d`.`Blood_Group`, `d`.`Created_At`, `d`.`Dob`, `d`.`Email`, `d`.`Email2`, `d`.`Gender`, `d`.`Gst_Number`, `d`.`Is_Delete`, `d`.`Marital_Status`, `d`.`Name`, `d`.`Pan_Number`, `d`.`Password`, `d`.`Phone1`, `d`.`Phone2`, `d`.`Phone3`, `d`.`Phone4`, `d`.`Qualification`, `d`.`Role`, `d`.`Speciality`, `d`.`Thumb`, `d`.`Updated_At`, `d`.`User_Id`
FROM `Doctors` AS `d`
WHERE `d`.`Id` = @__Id_0
LIMIT 2

2024-07-27 18:20:09.575 +05:30  INF  Executed DbCommand (209ms) [Parameters=[@__Id_0='?' (DbType = Int64)], CommandType='"Text"', CommandTimeout='30']
SELECT `d`.`Id`, `d`.`Age`, `d`.`Blood_Group`, `d`.`Created_At`, `d`.`Dob`, `d`.`Email`, `d`.`Email2`, `d`.`Gender`, `d`.`Gst_Number`, `d`.`Is_Delete`, `d`.`Marital_Status`, `d`.`Name`, `d`.`Pan_Number`, `d`.`Password`, `d`.`Phone1`, `d`.`Phone2`, `d`.`Phone3`, `d`.`Phone4`, `d`.`Qualification`, `d`.`Role`, `d`.`Speciality`, `d`.`Thumb`, `d`.`Updated_At`, `d`.`User_Id`
FROM `Doctors` AS `d`
WHERE `d`.`Id` = @__Id_0
LIMIT 2

2024-07-27 18:20:10.202 +05:30  INF  Executed DbCommand (213ms) [Parameters=[@__Id_0='?' (DbType = Int64)], CommandType='"Text"', CommandTimeout='30']
SELECT `d`.`Id`, `d`.`Age`, `d`.`Blood_Group`, `d`.`Created_At`, `d`.`Dob`, `d`.`Email`, `d`.`Email2`, `d`.`Gender`, `d`.`Gst_Number`, `d`.`Is_Delete`, `d`.`Marital_Status`, `d`.`Name`, `d`.`Pan_Number`, `d`.`Password`, `d`.`Phone1`, `d`.`Phone2`, `d`.`Phone3`, `d`.`Phone4`, `d`.`Qualification`, `d`.`Role`, `d`.`Speciality`, `d`.`Thumb`, `d`.`Updated_At`, `d`.`User_Id`
FROM `Doctors` AS `d`
WHERE `d`.`Id` = @__Id_0
LIMIT 2

2024-07-27 18:20:10.824 +05:30  INF  Executed DbCommand (208ms) [Parameters=[@__Id_0='?' (DbType = Int64)], CommandType='"Text"', CommandTimeout='30']
SELECT `d`.`Id`, `d`.`Age`, `d`.`Blood_Group`, `d`.`Created_At`, `d`.`Dob`, `d`.`Email`, `d`.`Email2`, `d`.`Gender`, `d`.`Gst_Number`, `d`.`Is_Delete`, `d`.`Marital_Status`, `d`.`Name`, `d`.`Pan_Number`, `d`.`Password`, `d`.`Phone1`, `d`.`Phone2`, `d`.`Phone3`, `d`.`Phone4`, `d`.`Qualification`, `d`.`Role`, `d`.`Speciality`, `d`.`Thumb`, `d`.`Updated_At`, `d`.`User_Id`
FROM `Doctors` AS `d`
WHERE `d`.`Id` = @__Id_0
LIMIT 2

2024-07-27 18:20:11.452 +05:30  INF  Executed DbCommand (209ms) [Parameters=[@__Id_0='?' (DbType = Int64)], CommandType='"Text"', CommandTimeout='30']
SELECT `d`.`Id`, `d`.`Age`, `d`.`Blood_Group`, `d`.`Created_At`, `d`.`Dob`, `d`.`Email`, `d`.`Email2`, `d`.`Gender`, `d`.`Gst_Number`, `d`.`Is_Delete`, `d`.`Marital_Status`, `d`.`Name`, `d`.`Pan_Number`, `d`.`Password`, `d`.`Phone1`, `d`.`Phone2`, `d`.`Phone3`, `d`.`Phone4`, `d`.`Qualification`, `d`.`Role`, `d`.`Speciality`, `d`.`Thumb`, `d`.`Updated_At`, `d`.`User_Id`
FROM `Doctors` AS `d`
WHERE `d`.`Id` = @__Id_0
LIMIT 2

2024-07-27 18:20:12.074 +05:30  INF  Executed DbCommand (209ms) [Parameters=[@__Id_0='?' (DbType = Int64)], CommandType='"Text"', CommandTimeout='30']
SELECT `d`.`Id`, `d`.`Age`, `d`.`Blood_Group`, `d`.`Created_At`, `d`.`Dob`, `d`.`Email`, `d`.`Email2`, `d`.`Gender`, `d`.`Gst_Number`, `d`.`Is_Delete`, `d`.`Marital_Status`, `d`.`Name`, `d`.`Pan_Number`, `d`.`Password`, `d`.`Phone1`, `d`.`Phone2`, `d`.`Phone3`, `d`.`Phone4`, `d`.`Qualification`, `d`.`Role`, `d`.`Speciality`, `d`.`Thumb`, `d`.`Updated_At`, `d`.`User_Id`
FROM `Doctors` AS `d`
WHERE `d`.`Id` = @__Id_0
LIMIT 2

2024-07-27 18:20:12.698 +05:30  INF  Executed DbCommand (206ms) [Parameters=[@__Id_0='?' (DbType = Int64)], CommandType='"Text"', CommandTimeout='30']
SELECT `d`.`Id`, `d`.`Age`, `d`.`Blood_Group`, `d`.`Created_At`, `d`.`Dob`, `d`.`Email`, `d`.`Email2`, `d`.`Gender`, `d`.`Gst_Number`, `d`.`Is_Delete`, `d`.`Marital_Status`, `d`.`Name`, `d`.`Pan_Number`, `d`.`Password`, `d`.`Phone1`, `d`.`Phone2`, `d`.`Phone3`, `d`.`Phone4`, `d`.`Qualification`, `d`.`Role`, `d`.`Speciality`, `d`.`Thumb`, `d`.`Updated_At`, `d`.`User_Id`
FROM `Doctors` AS `d`
WHERE `d`.`Id` = @__Id_0
LIMIT 2

2024-07-27 18:20:13.322 +05:30  INF  Executed DbCommand (210ms) [Parameters=[@__Id_0='?' (DbType = Int64)], CommandType='"Text"', CommandTimeout='30']
SELECT `d`.`Id`, `d`.`Age`, `d`.`Blood_Group`, `d`.`Created_At`, `d`.`Dob`, `d`.`Email`, `d`.`Email2`, `d`.`Gender`, `d`.`Gst_Number`, `d`.`Is_Delete`, `d`.`Marital_Status`, `d`.`Name`, `d`.`Pan_Number`, `d`.`Password`, `d`.`Phone1`, `d`.`Phone2`, `d`.`Phone3`, `d`.`Phone4`, `d`.`Qualification`, `d`.`Role`, `d`.`Speciality`, `d`.`Thumb`, `d`.`Updated_At`, `d`.`User_Id`
FROM `Doctors` AS `d`
WHERE `d`.`Id` = @__Id_0
LIMIT 2

2024-07-27 18:20:13.944 +05:30  INF  Executed DbCommand (208ms) [Parameters=[@__Id_0='?' (DbType = Int64)], CommandType='"Text"', CommandTimeout='30']
SELECT `d`.`Id`, `d`.`Age`, `d`.`Blood_Group`, `d`.`Created_At`, `d`.`Dob`, `d`.`Email`, `d`.`Email2`, `d`.`Gender`, `d`.`Gst_Number`, `d`.`Is_Delete`, `d`.`Marital_Status`, `d`.`Name`, `d`.`Pan_Number`, `d`.`Password`, `d`.`Phone1`, `d`.`Phone2`, `d`.`Phone3`, `d`.`Phone4`, `d`.`Qualification`, `d`.`Role`, `d`.`Speciality`, `d`.`Thumb`, `d`.`Updated_At`, `d`.`User_Id`
FROM `Doctors` AS `d`
WHERE `d`.`Id` = @__Id_0
LIMIT 2

2024-07-27 18:20:14.569 +05:30  INF  Executed DbCommand (210ms) [Parameters=[@__Id_0='?' (DbType = Int64)], CommandType='"Text"', CommandTimeout='30']
SELECT `d`.`Id`, `d`.`Age`, `d`.`Blood_Group`, `d`.`Created_At`, `d`.`Dob`, `d`.`Email`, `d`.`Email2`, `d`.`Gender`, `d`.`Gst_Number`, `d`.`Is_Delete`, `d`.`Marital_Status`, `d`.`Name`, `d`.`Pan_Number`, `d`.`Password`, `d`.`Phone1`, `d`.`Phone2`, `d`.`Phone3`, `d`.`Phone4`, `d`.`Qualification`, `d`.`Role`, `d`.`Speciality`, `d`.`Thumb`, `d`.`Updated_At`, `d`.`User_Id`
FROM `Doctors` AS `d`
WHERE `d`.`Id` = @__Id_0
LIMIT 2

2024-07-27 18:20:14.570 +05:30  INF  Executing ObjectResult, writing value of type 'System.Collections.Generic.List`1[[DCRM.Common.Dto.ChairDto, DCRM.Common, Version=1.0.0.0, Culture=neutral, PublicKeyToken=null]]'.

2024-07-27 18:20:14.570 +05:30  INF  Executed action DCRM.Api.Controllers.ChairController.GetAll (DCRM.Api) in 12699.3735ms

2024-07-27 18:20:14.570 +05:30  INF  Executed endpoint 'DCRM.Api.Controllers.ChairController.GetAll (DCRM.Api)'

2024-07-27 18:20:14.570 +05:30  INF  Request finished HTTP/2 GET https://localhost:7069/api/Chair/GetAll application/json - - 200 - application/json;+charset=utf-8 13335.1992ms

2024-07-27 18:22:08.570 +05:30  INF  Request starting HTTP/2 OPTIONS https://localhost:7069/api/Dashboard/Get - -

2024-07-27 18:22:08.572 +05:30  INF  CORS policy execution successful.

2024-07-27 18:22:08.573 +05:30  INF  Request finished HTTP/2 OPTIONS https://localhost:7069/api/Dashboard/Get - - - 204 - - 2.5675ms

2024-07-27 18:22:08.578 +05:30  INF  Request starting HTTP/2 GET https://localhost:7069/api/Dashboard/Get application/json -

2024-07-27 18:22:08.580 +05:30  INF  CORS policy execution successful.

2024-07-27 18:22:08.653 +05:30  INF  Request starting HTTP/2 OPTIONS https://localhost:7069/api/Appointment/Get/387 - -

2024-07-27 18:22:08.653 +05:30  INF  CORS policy execution successful.

2024-07-27 18:22:08.653 +05:30  INF  Request finished HTTP/2 OPTIONS https://localhost:7069/api/Appointment/Get/387 - - - 204 - - 0.6307ms

2024-07-27 18:22:08.656 +05:30  INF  Request starting HTTP/2 GET https://localhost:7069/api/Appointment/Get/387 application/json -

2024-07-27 18:22:08.657 +05:30  INF  CORS policy execution successful.

2024-07-27 18:22:09.230 +05:30  INF  Executed DbCommand (208ms) [Parameters=[@__id_0='?' (DbType = Int64)], CommandType='"Text"', CommandTimeout='30']
SELECT `u`.`Id`, `u`.`About_Me`, `u`.`Account_Type`, `u`.`Address`, `u`.`Available_Days`, `u`.`Bn_Name`, `u`.`City`, `u`.`Country`, `u`.`Created_At`, `u`.`Currency`, `u`.`Degree`, `u`.`Email`, `u`.`Email_Verified`, `u`.`Enable_Appointment`, `u`.`Enable_Rating`, `u`.`Exp_Years`, `u`.`Facebook`, `u`.`Google_Analytics`, `u`.`Image`, `u`.`Instagram`, `u`.`Linkedin`, `u`.`Name`, `u`.`Parent_Id`, `u`.`Password`, `u`.`Paypal_Email`, `u`.`Paypal_Mode`, `u`.`Paypal_Payment`, `u`.`Paystack_Payment`, `u`.`Paystack_Public_Key`, `u`.`Paystack_Secret_Key`, `u`.`Phone`, `u`.`Publish_Key`, `u`.`Qr_Code`, `u`.`Razorpay_Key_Id`, `u`.`Razorpay_Key_Secret`, `u`.`Razorpay_Payment`, `u`.`Role`, `u`.`Secret_Key`, `u`.`Skype`, `u`.`Slug`, `u`.`Specialist`, `u`.`Status`, `u`.`Stripe_Payment`, `u`.`Thumb`, `u`.`Trial_Expire`, `u`.`Twitter`, `u`.`User_Name`, `u`.`User_Type`, `u`.`Verify_Code`, `u`.`Whatsapp`
FROM `Users` AS `u`
WHERE `u`.`Id` = @__id_0
LIMIT 1

2024-07-27 18:22:09.231 +05:30  INF  Executing endpoint 'DCRM.Api.Controllers.DashboardController.Get (DCRM.Api)'

2024-07-27 18:22:09.231 +05:30  INF  Route matched with {action = "Get", controller = "Dashboard"}. Executing controller action with signature DCRM.Common.Dto.DashboardDto Get() on controller DCRM.Api.Controllers.DashboardController (DCRM.Api).

2024-07-27 18:22:09.299 +05:30  INF  Executed DbCommand (216ms) [Parameters=[@__id_0='?' (DbType = Int64)], CommandType='"Text"', CommandTimeout='30']
SELECT `u`.`Id`, `u`.`About_Me`, `u`.`Account_Type`, `u`.`Address`, `u`.`Available_Days`, `u`.`Bn_Name`, `u`.`City`, `u`.`Country`, `u`.`Created_At`, `u`.`Currency`, `u`.`Degree`, `u`.`Email`, `u`.`Email_Verified`, `u`.`Enable_Appointment`, `u`.`Enable_Rating`, `u`.`Exp_Years`, `u`.`Facebook`, `u`.`Google_Analytics`, `u`.`Image`, `u`.`Instagram`, `u`.`Linkedin`, `u`.`Name`, `u`.`Parent_Id`, `u`.`Password`, `u`.`Paypal_Email`, `u`.`Paypal_Mode`, `u`.`Paypal_Payment`, `u`.`Paystack_Payment`, `u`.`Paystack_Public_Key`, `u`.`Paystack_Secret_Key`, `u`.`Phone`, `u`.`Publish_Key`, `u`.`Qr_Code`, `u`.`Razorpay_Key_Id`, `u`.`Razorpay_Key_Secret`, `u`.`Razorpay_Payment`, `u`.`Role`, `u`.`Secret_Key`, `u`.`Skype`, `u`.`Slug`, `u`.`Specialist`, `u`.`Status`, `u`.`Stripe_Payment`, `u`.`Thumb`, `u`.`Trial_Expire`, `u`.`Twitter`, `u`.`User_Name`, `u`.`User_Type`, `u`.`Verify_Code`, `u`.`Whatsapp`
FROM `Users` AS `u`
WHERE `u`.`Id` = @__id_0
LIMIT 1

2024-07-27 18:22:09.299 +05:30  INF  Executing endpoint 'DCRM.Api.Controllers.AppointmentController.Get (DCRM.Api)'

2024-07-27 18:22:09.299 +05:30  INF  Route matched with {action = "Get", controller = "Appointment"}. Executing controller action with signature DCRM.Common.Entity.Appointment Get(Int32) on controller DCRM.Api.Controllers.AppointmentController (DCRM.Api).

2024-07-27 18:22:09.853 +05:30  INF  Executed DbCommand (208ms) [Parameters=[@__p_0='?' (DbType = Int64)], CommandType='"Text"', CommandTimeout='30']
SELECT COUNT(*)
FROM `Patientses` AS `p`
WHERE (`p`.`User_Id` = @__p_0) AND (`p`.`Is_Delete` = 0)

2024-07-27 18:22:09.941 +05:30  INF  Executed DbCommand (216ms) [Parameters=[@__id_0='?' (DbType = Int64)], CommandType='"Text"', CommandTimeout='30']
SELECT `a`.`Id`, `a`.`Appointment_Status`, `a`.`Cause`, `a`.`Chair`, `a`.`Chamber_Id`, `a`.`Created_At`, `a`.`Date`, `a`.`Doctor_Id`, `a`.`Doctor_Name`, `a`.`End_Time`, `a`.`Extra_Notes`, `a`.`Files`, `a`.`Is_Delete`, `a`.`Is_Start`, `a`.`Meeting_Notes`, `a`.`Number_Of_Slot`, `a`.`Patient_Id`, `a`.`Prescription_Id`, `a`.`Serial_Id`, `a`.`Slot_Time`, `a`.`Start_Time`, `a`.`Status`, `a`.`Type`, `a`.`User_Id`, `a`.`Workdone_Id`
FROM `Appointments` AS `a`
WHERE (`a`.`Id` = @__id_0) AND (`a`.`Is_Delete` = 0)
LIMIT 1

2024-07-27 18:22:09.941 +05:30  INF  Executing ObjectResult, writing value of type 'DCRM.Common.Entity.Appointment'.

2024-07-27 18:22:09.941 +05:30  INF  Executed action DCRM.Api.Controllers.AppointmentController.Get (DCRM.Api) in 642.2464ms

2024-07-27 18:22:09.941 +05:30  INF  Executed endpoint 'DCRM.Api.Controllers.AppointmentController.Get (DCRM.Api)'

2024-07-27 18:22:09.941 +05:30  INF  Request finished HTTP/2 GET https://localhost:7069/api/Appointment/Get/387 application/json - - 200 - application/json;+charset=utf-8 1285.0992ms

2024-07-27 18:22:09.985 +05:30  INF  Request starting HTTP/2 OPTIONS https://localhost:7069/api/Patient/Get/387 - -

2024-07-27 18:22:09.985 +05:30  INF  CORS policy execution successful.

2024-07-27 18:22:09.985 +05:30  INF  Request finished HTTP/2 OPTIONS https://localhost:7069/api/Patient/Get/387 - - - 204 - - 0.5587ms

2024-07-27 18:22:09.986 +05:30  INF  Request starting HTTP/2 OPTIONS https://localhost:7069/api/Doctor/Get/Names - -

2024-07-27 18:22:09.986 +05:30  INF  CORS policy execution successful.

2024-07-27 18:22:09.987 +05:30  INF  Request finished HTTP/2 OPTIONS https://localhost:7069/api/Doctor/Get/Names - - - 204 - - 0.5830ms

2024-07-27 18:22:09.987 +05:30  INF  Request starting HTTP/2 OPTIONS https://localhost:7069/api/Patient/Get/Names - -

2024-07-27 18:22:09.988 +05:30  INF  CORS policy execution successful.

2024-07-27 18:22:09.988 +05:30  INF  Request starting HTTP/2 OPTIONS https://localhost:7069/api/Patient/Get/508 - -

2024-07-27 18:22:09.988 +05:30  INF  CORS policy execution successful.

2024-07-27 18:22:09.988 +05:30  INF  Request finished HTTP/2 OPTIONS https://localhost:7069/api/Patient/Get/Names - - - 204 - - 1.1304ms

2024-07-27 18:22:09.988 +05:30  INF  Request finished HTTP/2 OPTIONS https://localhost:7069/api/Patient/Get/508 - - - 204 - - 0.1802ms

2024-07-27 18:22:09.992 +05:30  INF  Request starting HTTP/2 OPTIONS https://localhost:7069/api/Chair/GetAll - -

2024-07-27 18:22:09.992 +05:30  INF  CORS policy execution successful.

2024-07-27 18:22:09.993 +05:30  INF  Request finished HTTP/2 OPTIONS https://localhost:7069/api/Chair/GetAll - - - 204 - - 0.3087ms

2024-07-27 18:22:09.999 +05:30  INF  Request starting HTTP/2 GET https://localhost:7069/api/Patient/Get/387 application/json -

2024-07-27 18:22:09.999 +05:30  INF  Request starting HTTP/2 GET https://localhost:7069/api/Doctor/Get/Names application/json -

2024-07-27 18:22:09.999 +05:30  INF  Request starting HTTP/2 GET https://localhost:7069/api/Patient/Get/Names application/json -

2024-07-27 18:22:09.999 +05:30  INF  CORS policy execution successful.

2024-07-27 18:22:09.999 +05:30  INF  CORS policy execution successful.

2024-07-27 18:22:09.999 +05:30  INF  CORS policy execution successful.

2024-07-27 18:22:10.004 +05:30  INF  Request starting HTTP/2 GET https://localhost:7069/api/Patient/Get/508 application/json -

2024-07-27 18:22:10.004 +05:30  INF  Request starting HTTP/2 GET https://localhost:7069/api/Chair/GetAll application/json -

2024-07-27 18:22:10.005 +05:30  INF  CORS policy execution successful.

2024-07-27 18:22:10.005 +05:30  INF  CORS policy execution successful.

2024-07-27 18:22:10.477 +05:30  INF  Executed DbCommand (208ms) [Parameters=[@__userId_0='?' (DbType = Int32)], CommandType='"Text"', CommandTimeout='30']
SELECT COUNT(*)
FROM `Staffs` AS `s`
WHERE (`s`.`User_Id` = @__userId_0) AND (`s`.`Is_Deleted` = 0)

2024-07-27 18:22:10.631 +05:30  INF  Executed DbCommand (209ms) [Parameters=[@__id_0='?' (DbType = Int64)], CommandType='"Text"', CommandTimeout='30']
SELECT `u`.`Id`, `u`.`About_Me`, `u`.`Account_Type`, `u`.`Address`, `u`.`Available_Days`, `u`.`Bn_Name`, `u`.`City`, `u`.`Country`, `u`.`Created_At`, `u`.`Currency`, `u`.`Degree`, `u`.`Email`, `u`.`Email_Verified`, `u`.`Enable_Appointment`, `u`.`Enable_Rating`, `u`.`Exp_Years`, `u`.`Facebook`, `u`.`Google_Analytics`, `u`.`Image`, `u`.`Instagram`, `u`.`Linkedin`, `u`.`Name`, `u`.`Parent_Id`, `u`.`Password`, `u`.`Paypal_Email`, `u`.`Paypal_Mode`, `u`.`Paypal_Payment`, `u`.`Paystack_Payment`, `u`.`Paystack_Public_Key`, `u`.`Paystack_Secret_Key`, `u`.`Phone`, `u`.`Publish_Key`, `u`.`Qr_Code`, `u`.`Razorpay_Key_Id`, `u`.`Razorpay_Key_Secret`, `u`.`Razorpay_Payment`, `u`.`Role`, `u`.`Secret_Key`, `u`.`Skype`, `u`.`Slug`, `u`.`Specialist`, `u`.`Status`, `u`.`Stripe_Payment`, `u`.`Thumb`, `u`.`Trial_Expire`, `u`.`Twitter`, `u`.`User_Name`, `u`.`User_Type`, `u`.`Verify_Code`, `u`.`Whatsapp`
FROM `Users` AS `u`
WHERE `u`.`Id` = @__id_0
LIMIT 1

2024-07-27 18:22:10.631 +05:30  INF  Executed DbCommand (208ms) [Parameters=[@__id_0='?' (DbType = Int64)], CommandType='"Text"', CommandTimeout='30']
SELECT `u`.`Id`, `u`.`About_Me`, `u`.`Account_Type`, `u`.`Address`, `u`.`Available_Days`, `u`.`Bn_Name`, `u`.`City`, `u`.`Country`, `u`.`Created_At`, `u`.`Currency`, `u`.`Degree`, `u`.`Email`, `u`.`Email_Verified`, `u`.`Enable_Appointment`, `u`.`Enable_Rating`, `u`.`Exp_Years`, `u`.`Facebook`, `u`.`Google_Analytics`, `u`.`Image`, `u`.`Instagram`, `u`.`Linkedin`, `u`.`Name`, `u`.`Parent_Id`, `u`.`Password`, `u`.`Paypal_Email`, `u`.`Paypal_Mode`, `u`.`Paypal_Payment`, `u`.`Paystack_Payment`, `u`.`Paystack_Public_Key`, `u`.`Paystack_Secret_Key`, `u`.`Phone`, `u`.`Publish_Key`, `u`.`Qr_Code`, `u`.`Razorpay_Key_Id`, `u`.`Razorpay_Key_Secret`, `u`.`Razorpay_Payment`, `u`.`Role`, `u`.`Secret_Key`, `u`.`Skype`, `u`.`Slug`, `u`.`Specialist`, `u`.`Status`, `u`.`Stripe_Payment`, `u`.`Thumb`, `u`.`Trial_Expire`, `u`.`Twitter`, `u`.`User_Name`, `u`.`User_Type`, `u`.`Verify_Code`, `u`.`Whatsapp`
FROM `Users` AS `u`
WHERE `u`.`Id` = @__id_0
LIMIT 1

2024-07-27 18:22:10.631 +05:30  INF  Executing endpoint 'DCRM.Api.Controllers.PatientController.PatientDetailList (DCRM.Api)'

2024-07-27 18:22:10.631 +05:30  INF  Executing endpoint 'DCRM.Api.Controllers.PatientController.Get (DCRM.Api)'

2024-07-27 18:22:10.631 +05:30  INF  Route matched with {action = "Get", controller = "Patient"}. Executing controller action with signature DCRM.Common.Dto.PatientseDto Get(Int64) on controller DCRM.Api.Controllers.PatientController (DCRM.Api).

2024-07-27 18:22:10.631 +05:30  INF  Route matched with {action = "PatientDetailList", controller = "Patient"}. Executing controller action with signature System.Collections.Generic.List`1[DCRM.Common.Dto.DropdownDataDto] PatientDetailList() on controller DCRM.Api.Controllers.PatientController (DCRM.Api).

2024-07-27 18:22:10.641 +05:30  INF  Executed DbCommand (212ms) [Parameters=[@__id_0='?' (DbType = Int64)], CommandType='"Text"', CommandTimeout='30']
SELECT `u`.`Id`, `u`.`About_Me`, `u`.`Account_Type`, `u`.`Address`, `u`.`Available_Days`, `u`.`Bn_Name`, `u`.`City`, `u`.`Country`, `u`.`Created_At`, `u`.`Currency`, `u`.`Degree`, `u`.`Email`, `u`.`Email_Verified`, `u`.`Enable_Appointment`, `u`.`Enable_Rating`, `u`.`Exp_Years`, `u`.`Facebook`, `u`.`Google_Analytics`, `u`.`Image`, `u`.`Instagram`, `u`.`Linkedin`, `u`.`Name`, `u`.`Parent_Id`, `u`.`Password`, `u`.`Paypal_Email`, `u`.`Paypal_Mode`, `u`.`Paypal_Payment`, `u`.`Paystack_Payment`, `u`.`Paystack_Public_Key`, `u`.`Paystack_Secret_Key`, `u`.`Phone`, `u`.`Publish_Key`, `u`.`Qr_Code`, `u`.`Razorpay_Key_Id`, `u`.`Razorpay_Key_Secret`, `u`.`Razorpay_Payment`, `u`.`Role`, `u`.`Secret_Key`, `u`.`Skype`, `u`.`Slug`, `u`.`Specialist`, `u`.`Status`, `u`.`Stripe_Payment`, `u`.`Thumb`, `u`.`Trial_Expire`, `u`.`Twitter`, `u`.`User_Name`, `u`.`User_Type`, `u`.`Verify_Code`, `u`.`Whatsapp`
FROM `Users` AS `u`
WHERE `u`.`Id` = @__id_0
LIMIT 1

2024-07-27 18:22:10.641 +05:30  INF  Executing endpoint 'DCRM.Api.Controllers.DoctorController.DoctorNameList (DCRM.Api)'

2024-07-27 18:22:10.641 +05:30  INF  Route matched with {action = "DoctorNameList", controller = "Doctor"}. Executing controller action with signature System.Collections.Generic.List`1[DCRM.Common.Dto.DropdownDataDto] DoctorNameList() on controller DCRM.Api.Controllers.DoctorController (DCRM.Api).

2024-07-27 18:22:10.659 +05:30  INF  Executed DbCommand (219ms) [Parameters=[@__id_0='?' (DbType = Int64)], CommandType='"Text"', CommandTimeout='30']
SELECT `u`.`Id`, `u`.`About_Me`, `u`.`Account_Type`, `u`.`Address`, `u`.`Available_Days`, `u`.`Bn_Name`, `u`.`City`, `u`.`Country`, `u`.`Created_At`, `u`.`Currency`, `u`.`Degree`, `u`.`Email`, `u`.`Email_Verified`, `u`.`Enable_Appointment`, `u`.`Enable_Rating`, `u`.`Exp_Years`, `u`.`Facebook`, `u`.`Google_Analytics`, `u`.`Image`, `u`.`Instagram`, `u`.`Linkedin`, `u`.`Name`, `u`.`Parent_Id`, `u`.`Password`, `u`.`Paypal_Email`, `u`.`Paypal_Mode`, `u`.`Paypal_Payment`, `u`.`Paystack_Payment`, `u`.`Paystack_Public_Key`, `u`.`Paystack_Secret_Key`, `u`.`Phone`, `u`.`Publish_Key`, `u`.`Qr_Code`, `u`.`Razorpay_Key_Id`, `u`.`Razorpay_Key_Secret`, `u`.`Razorpay_Payment`, `u`.`Role`, `u`.`Secret_Key`, `u`.`Skype`, `u`.`Slug`, `u`.`Specialist`, `u`.`Status`, `u`.`Stripe_Payment`, `u`.`Thumb`, `u`.`Trial_Expire`, `u`.`Twitter`, `u`.`User_Name`, `u`.`User_Type`, `u`.`Verify_Code`, `u`.`Whatsapp`
FROM `Users` AS `u`
WHERE `u`.`Id` = @__id_0
LIMIT 1

2024-07-27 18:22:10.659 +05:30  INF  Executing endpoint 'DCRM.Api.Controllers.ChairController.GetAll (DCRM.Api)'

2024-07-27 18:22:10.660 +05:30  INF  Route matched with {action = "GetAll", controller = "Chair"}. Executing controller action with signature System.Collections.Generic.List`1[DCRM.Common.Dto.ChairDto] GetAll() on controller DCRM.Api.Controllers.ChairController (DCRM.Api).

2024-07-27 18:22:10.660 +05:30  INF  Executed DbCommand (217ms) [Parameters=[@__id_0='?' (DbType = Int64)], CommandType='"Text"', CommandTimeout='30']
SELECT `u`.`Id`, `u`.`About_Me`, `u`.`Account_Type`, `u`.`Address`, `u`.`Available_Days`, `u`.`Bn_Name`, `u`.`City`, `u`.`Country`, `u`.`Created_At`, `u`.`Currency`, `u`.`Degree`, `u`.`Email`, `u`.`Email_Verified`, `u`.`Enable_Appointment`, `u`.`Enable_Rating`, `u`.`Exp_Years`, `u`.`Facebook`, `u`.`Google_Analytics`, `u`.`Image`, `u`.`Instagram`, `u`.`Linkedin`, `u`.`Name`, `u`.`Parent_Id`, `u`.`Password`, `u`.`Paypal_Email`, `u`.`Paypal_Mode`, `u`.`Paypal_Payment`, `u`.`Paystack_Payment`, `u`.`Paystack_Public_Key`, `u`.`Paystack_Secret_Key`, `u`.`Phone`, `u`.`Publish_Key`, `u`.`Qr_Code`, `u`.`Razorpay_Key_Id`, `u`.`Razorpay_Key_Secret`, `u`.`Razorpay_Payment`, `u`.`Role`, `u`.`Secret_Key`, `u`.`Skype`, `u`.`Slug`, `u`.`Specialist`, `u`.`Status`, `u`.`Stripe_Payment`, `u`.`Thumb`, `u`.`Trial_Expire`, `u`.`Twitter`, `u`.`User_Name`, `u`.`User_Type`, `u`.`Verify_Code`, `u`.`Whatsapp`
FROM `Users` AS `u`
WHERE `u`.`Id` = @__id_0
LIMIT 1

2024-07-27 18:22:10.660 +05:30  INF  Executing endpoint 'DCRM.Api.Controllers.PatientController.Get (DCRM.Api)'

2024-07-27 18:22:10.660 +05:30  INF  Route matched with {action = "Get", controller = "Patient"}. Executing controller action with signature DCRM.Common.Dto.PatientseDto Get(Int64) on controller DCRM.Api.Controllers.PatientController (DCRM.Api).

2024-07-27 18:22:11.103 +05:30  INF  Executed DbCommand (210ms) [Parameters=[@__userId_0='?' (DbType = Int32)], CommandType='"Text"', CommandTimeout='30']
SELECT COUNT(*)
FROM `Appointments` AS `a`
WHERE (`a`.`User_Id` = @__userId_0) AND (`a`.`Is_Delete` = 0)

2024-07-27 18:22:11.256 +05:30  INF  Executed DbCommand (211ms) [Parameters=[@__id_0='?' (DbType = Int64)], CommandType='"Text"', CommandTimeout='30']
SELECT `p`.`Id`, `p`.`Age`, `p`.`Chamber_Id`, `p`.`Created_At`, `p`.`Email`, `p`.`Guardian`, `p`.`Is_Delete`, `p`.`Mobile`, `p`.`Mr_Number`, `p`.`Name`, `p`.`Password`, `p`.`Permanent_Address`, `p`.`Present_Address`, `p`.`Role`, `p`.`Sex`, `p`.`Slug`, `p`.`Thumb`, `p`.`Title`, `p`.`UserName`, `p`.`User_Id`, `p`.`Verify_Code`, `p`.`Weight`
FROM `Patientses` AS `p`
WHERE (`p`.`Is_Delete` = 0) AND (`p`.`Id` = @__id_0)
LIMIT 1

2024-07-27 18:22:11.313 +05:30  INF  Executed DbCommand (219ms) [Parameters=[], CommandType='"Text"', CommandTimeout='30']
SELECT `c`.`Id`, `c`.`Address`, `c`.`Appoinment_Limit`, `c`.`Created_At`, `c`.`Doctor_Id`, `c`.`Is_Primary`, `c`.`Name`, `c`.`Status`, `c`.`Uid`, `c`.`User_Id`
FROM `Chairs` AS `c`

2024-07-27 18:22:11.313 +05:30  INF  Executed DbCommand (219ms) [Parameters=[@__id_0='?' (DbType = Int64)], CommandType='"Text"', CommandTimeout='30']
SELECT `p`.`Id`, `p`.`Age`, `p`.`Chamber_Id`, `p`.`Created_At`, `p`.`Email`, `p`.`Guardian`, `p`.`Is_Delete`, `p`.`Mobile`, `p`.`Mr_Number`, `p`.`Name`, `p`.`Password`, `p`.`Permanent_Address`, `p`.`Present_Address`, `p`.`Role`, `p`.`Sex`, `p`.`Slug`, `p`.`Thumb`, `p`.`Title`, `p`.`UserName`, `p`.`User_Id`, `p`.`Verify_Code`, `p`.`Weight`
FROM `Patientses` AS `p`
WHERE (`p`.`Is_Delete` = 0) AND (`p`.`Id` = @__id_0)
LIMIT 1

2024-07-27 18:22:11.463 +05:30  INF  Executed DbCommand (418ms) [Parameters=[@__userId_0='?' (DbType = Int64)], CommandType='"Text"', CommandTimeout='30']
SELECT `p`.`Id`, `p`.`Age`, `p`.`Chamber_Id`, `p`.`Created_At`, `p`.`Email`, `p`.`Guardian`, `p`.`Is_Delete`, `p`.`Mobile`, `p`.`Mr_Number`, `p`.`Name`, `p`.`Password`, `p`.`Permanent_Address`, `p`.`Present_Address`, `p`.`Role`, `p`.`Sex`, `p`.`Slug`, `p`.`Thumb`, `p`.`Title`, `p`.`UserName`, `p`.`User_Id`, `p`.`Verify_Code`, `p`.`Weight`
FROM `Patientses` AS `p`
WHERE (`p`.`User_Id` = @__userId_0) AND (`p`.`Is_Delete` = 0)

2024-07-27 18:22:11.499 +05:30  INF  Executed DbCommand (432ms) [Parameters=[@__userId_0='?' (DbType = Int64)], CommandType='"Text"', CommandTimeout='30']
SELECT `d`.`Id`, `d`.`Age`, `d`.`Blood_Group`, `d`.`Created_At`, `d`.`Dob`, `d`.`Email`, `d`.`Email2`, `d`.`Gender`, `d`.`Gst_Number`, `d`.`Is_Delete`, `d`.`Marital_Status`, `d`.`Name`, `d`.`Pan_Number`, `d`.`Password`, `d`.`Phone1`, `d`.`Phone2`, `d`.`Phone3`, `d`.`Phone4`, `d`.`Qualification`, `d`.`Role`, `d`.`Speciality`, `d`.`Thumb`, `d`.`Updated_At`, `d`.`User_Id`
FROM `Doctors` AS `d`
WHERE (`d`.`User_Id` = @__userId_0) AND (`d`.`Is_Delete` = 0)

2024-07-27 18:22:11.724 +05:30  INF  Executed DbCommand (208ms) [Parameters=[@__userId_0='?' (DbType = Int32)], CommandType='"Text"', CommandTimeout='30']
SELECT COUNT(*)
FROM `Appointments` AS `a`
WHERE ((`a`.`User_Id` = @__userId_0) AND (`a`.`Is_Delete` = 0)) AND (`a`.`Date` = CURDATE())

2024-07-27 18:22:11.724 +05:30  INF  Executing ObjectResult, writing value of type 'DCRM.Common.Dto.DashboardDto'.

2024-07-27 18:22:11.724 +05:30  INF  Executed action DCRM.Api.Controllers.DashboardController.Get (DCRM.Api) in 2493.7299ms

2024-07-27 18:22:11.724 +05:30  INF  Executed endpoint 'DCRM.Api.Controllers.DashboardController.Get (DCRM.Api)'

2024-07-27 18:22:11.725 +05:30  INF  Request finished HTTP/2 GET https://localhost:7069/api/Dashboard/Get application/json - - 200 - application/json;+charset=utf-8 3146.2556ms

2024-07-27 18:22:11.966 +05:30  INF  Executed DbCommand (218ms) [Parameters=[@__Id_0='?' (DbType = Int64)], CommandType='"Text"', CommandTimeout='30']
SELECT `d`.`Id`, `d`.`Age`, `d`.`Blood_Group`, `d`.`Created_At`, `d`.`Dob`, `d`.`Email`, `d`.`Email2`, `d`.`Gender`, `d`.`Gst_Number`, `d`.`Is_Delete`, `d`.`Marital_Status`, `d`.`Name`, `d`.`Pan_Number`, `d`.`Password`, `d`.`Phone1`, `d`.`Phone2`, `d`.`Phone3`, `d`.`Phone4`, `d`.`Qualification`, `d`.`Role`, `d`.`Speciality`, `d`.`Thumb`, `d`.`Updated_At`, `d`.`User_Id`
FROM `Doctors` AS `d`
WHERE `d`.`Id` = @__Id_0
LIMIT 2

2024-07-27 18:22:12.090 +05:30  INF  Executed DbCommand (418ms) [Parameters=[], CommandType='"Text"', CommandTimeout='30']
SELECT `p`.`Id`, `p`.`Amount_Type`, `p`.`Balance`, `p`.`Created_At`, `p`.`Credit_Amount`, `p`.`Debit_Amount`, `p`.`Description`, `p`.`Doctor_Id`, `p`.`Patient_Id`, `p`.`Payment_Mode`, `p`.`Updated_At`, `p`.`Workdone_Id`, `p`.`isPrinted`
FROM `Payment_History` AS `p`

2024-07-27 18:22:12.186 +05:30  INF  Executed DbCommand (437ms) [Parameters=[], CommandType='"Text"', CommandTimeout='30']
SELECT `p`.`Id`, `p`.`Amount_Type`, `p`.`Balance`, `p`.`Created_At`, `p`.`Credit_Amount`, `p`.`Debit_Amount`, `p`.`Description`, `p`.`Doctor_Id`, `p`.`Patient_Id`, `p`.`Payment_Mode`, `p`.`Updated_At`, `p`.`Workdone_Id`, `p`.`isPrinted`
FROM `Payment_History` AS `p`

2024-07-27 18:22:12.302 +05:30  INF  Executing ObjectResult, writing value of type 'System.Collections.Generic.List`1[[DCRM.Common.Dto.DropdownDataDto, DCRM.Common, Version=1.0.0.0, Culture=neutral, PublicKeyToken=null]]'.

2024-07-27 18:22:12.303 +05:30  INF  Executed action DCRM.Api.Controllers.PatientController.PatientDetailList (DCRM.Api) in 1671.8561ms

2024-07-27 18:22:12.303 +05:30  INF  Executed endpoint 'DCRM.Api.Controllers.PatientController.PatientDetailList (DCRM.Api)'

2024-07-27 18:22:12.303 +05:30  INF  Request finished HTTP/2 GET https://localhost:7069/api/Patient/Get/Names application/json - - 200 - application/json;+charset=utf-8 2304.4190ms

2024-07-27 18:22:12.359 +05:30  INF  Executing ObjectResult, writing value of type 'System.Collections.Generic.List`1[[DCRM.Common.Dto.DropdownDataDto, DCRM.Common, Version=1.0.0.0, Culture=neutral, PublicKeyToken=null]]'.

2024-07-27 18:22:12.360 +05:30  INF  Executed action DCRM.Api.Controllers.DoctorController.DoctorNameList (DCRM.Api) in 1718.0772ms

2024-07-27 18:22:12.360 +05:30  INF  Executed endpoint 'DCRM.Api.Controllers.DoctorController.DoctorNameList (DCRM.Api)'

2024-07-27 18:22:12.360 +05:30  INF  Request finished HTTP/2 GET https://localhost:7069/api/Doctor/Get/Names application/json - - 200 - application/json;+charset=utf-8 2361.0923ms

2024-07-27 18:22:12.621 +05:30  INF  Executed DbCommand (219ms) [Parameters=[@__Id_0='?' (DbType = Int64)], CommandType='"Text"', CommandTimeout='30']
SELECT `d`.`Id`, `d`.`Age`, `d`.`Blood_Group`, `d`.`Created_At`, `d`.`Dob`, `d`.`Email`, `d`.`Email2`, `d`.`Gender`, `d`.`Gst_Number`, `d`.`Is_Delete`, `d`.`Marital_Status`, `d`.`Name`, `d`.`Pan_Number`, `d`.`Password`, `d`.`Phone1`, `d`.`Phone2`, `d`.`Phone3`, `d`.`Phone4`, `d`.`Qualification`, `d`.`Role`, `d`.`Speciality`, `d`.`Thumb`, `d`.`Updated_At`, `d`.`User_Id`
FROM `Doctors` AS `d`
WHERE `d`.`Id` = @__Id_0
LIMIT 2

2024-07-27 18:22:12.927 +05:30  INF  Executed DbCommand (208ms) [Parameters=[@__p_0='?' (DbType = Int64)], CommandType='"Text"', CommandTimeout='30']
SELECT `p`.`Id`, `p`.`Amount`, `p`.`Balance_Amount`, `p`.`Balance_Spent`, `p`.`Created_At`, `p`.`Name`, `p`.`Patients_Id`, `p`.`Type`, `p`.`Updated_At`
FROM `Patients_Insurance_Loan` AS `p`
WHERE `p`.`Patients_Id` = @__p_0

2024-07-27 18:22:13.062 +05:30  INF  Executed DbCommand (221ms) [Parameters=[@__p_0='?' (DbType = Int64)], CommandType='"Text"', CommandTimeout='30']
SELECT `p`.`Id`, `p`.`Amount`, `p`.`Balance_Amount`, `p`.`Balance_Spent`, `p`.`Created_At`, `p`.`Name`, `p`.`Patients_Id`, `p`.`Type`, `p`.`Updated_At`
FROM `Patients_Insurance_Loan` AS `p`
WHERE `p`.`Patients_Id` = @__p_0

2024-07-27 18:22:13.280 +05:30  INF  Executed DbCommand (220ms) [Parameters=[@__Id_0='?' (DbType = Int64)], CommandType='"Text"', CommandTimeout='30']
SELECT `d`.`Id`, `d`.`Age`, `d`.`Blood_Group`, `d`.`Created_At`, `d`.`Dob`, `d`.`Email`, `d`.`Email2`, `d`.`Gender`, `d`.`Gst_Number`, `d`.`Is_Delete`, `d`.`Marital_Status`, `d`.`Name`, `d`.`Pan_Number`, `d`.`Password`, `d`.`Phone1`, `d`.`Phone2`, `d`.`Phone3`, `d`.`Phone4`, `d`.`Qualification`, `d`.`Role`, `d`.`Speciality`, `d`.`Thumb`, `d`.`Updated_At`, `d`.`User_Id`
FROM `Doctors` AS `d`
WHERE `d`.`Id` = @__Id_0
LIMIT 2

2024-07-27 18:22:13.554 +05:30  INF  Executed DbCommand (209ms) [Parameters=[@__p_0='?' (DbType = Int64)], CommandType='"Text"', CommandTimeout='30']
SELECT `p`.`Id`, `p`.`Created_At`, `p`.`Patient_Id`, `p`.`Report`, `p`.`Report_Date`, `p`.`Report_File`, `p`.`Status`, `p`.`Test_Name`, `p`.`Test_Price`, `p`.`Updated_At`
FROM `Patient_Tests` AS `p`
WHERE `p`.`Patient_Id` = @__p_0

2024-07-27 18:22:13.715 +05:30  INF  Executed DbCommand (218ms) [Parameters=[@__p_0='?' (DbType = Int64)], CommandType='"Text"', CommandTimeout='30']
SELECT `p`.`Id`, `p`.`Created_At`, `p`.`Patient_Id`, `p`.`Report`, `p`.`Report_Date`, `p`.`Report_File`, `p`.`Status`, `p`.`Test_Name`, `p`.`Test_Price`, `p`.`Updated_At`
FROM `Patient_Tests` AS `p`
WHERE `p`.`Patient_Id` = @__p_0

2024-07-27 18:22:13.933 +05:30  INF  Executed DbCommand (218ms) [Parameters=[@__Id_0='?' (DbType = Int64)], CommandType='"Text"', CommandTimeout='30']
SELECT `d`.`Id`, `d`.`Age`, `d`.`Blood_Group`, `d`.`Created_At`, `d`.`Dob`, `d`.`Email`, `d`.`Email2`, `d`.`Gender`, `d`.`Gst_Number`, `d`.`Is_Delete`, `d`.`Marital_Status`, `d`.`Name`, `d`.`Pan_Number`, `d`.`Password`, `d`.`Phone1`, `d`.`Phone2`, `d`.`Phone3`, `d`.`Phone4`, `d`.`Qualification`, `d`.`Role`, `d`.`Speciality`, `d`.`Thumb`, `d`.`Updated_At`, `d`.`User_Id`
FROM `Doctors` AS `d`
WHERE `d`.`Id` = @__Id_0
LIMIT 2

2024-07-27 18:22:14.180 +05:30  INF  Executed DbCommand (210ms) [Parameters=[@__p_0='?' (DbType = Int64)], CommandType='"Text"', CommandTimeout='30']
SELECT `p`.`Id`, `p`.`Address_O`, `p`.`Address_Other`, `p`.`Address_R`, `p`.`City_O`, `p`.`City_Other`, `p`.`City_R`, `p`.`Country_O`, `p`.`Country_Other`, `p`.`Country_R`, `p`.`Created_At`, `p`.`Doctor_Name`, `p`.`Email`, `p`.`Email2`, `p`.`Medical_History_Allergies`, `p`.`Patient_Id`, `p`.`Phone`, `p`.`Phone1`, `p`.`Phone2`, `p`.`Phone3`, `p`.`Phone4`, `p`.`Physician`, `p`.`Reffered_By`, `p`.`Relationship_Type`, `p`.`Special_Notes`, `p`.`Updated_At`, `p`.`Zip_O`, `p`.`Zip_Other`, `p`.`Zip_R`
FROM `Patients_Contact` AS `p`
WHERE `p`.`Patient_Id` = @__p_0

2024-07-27 18:22:14.372 +05:30  INF  Executed DbCommand (219ms) [Parameters=[@__p_0='?' (DbType = Int64)], CommandType='"Text"', CommandTimeout='30']
SELECT `p`.`Id`, `p`.`Address_O`, `p`.`Address_Other`, `p`.`Address_R`, `p`.`City_O`, `p`.`City_Other`, `p`.`City_R`, `p`.`Country_O`, `p`.`Country_Other`, `p`.`Country_R`, `p`.`Created_At`, `p`.`Doctor_Name`, `p`.`Email`, `p`.`Email2`, `p`.`Medical_History_Allergies`, `p`.`Patient_Id`, `p`.`Phone`, `p`.`Phone1`, `p`.`Phone2`, `p`.`Phone3`, `p`.`Phone4`, `p`.`Physician`, `p`.`Reffered_By`, `p`.`Relationship_Type`, `p`.`Special_Notes`, `p`.`Updated_At`, `p`.`Zip_O`, `p`.`Zip_Other`, `p`.`Zip_R`
FROM `Patients_Contact` AS `p`
WHERE `p`.`Patient_Id` = @__p_0

2024-07-27 18:22:14.589 +05:30  INF  Executed DbCommand (220ms) [Parameters=[@__Id_0='?' (DbType = Int64)], CommandType='"Text"', CommandTimeout='30']
SELECT `d`.`Id`, `d`.`Age`, `d`.`Blood_Group`, `d`.`Created_At`, `d`.`Dob`, `d`.`Email`, `d`.`Email2`, `d`.`Gender`, `d`.`Gst_Number`, `d`.`Is_Delete`, `d`.`Marital_Status`, `d`.`Name`, `d`.`Pan_Number`, `d`.`Password`, `d`.`Phone1`, `d`.`Phone2`, `d`.`Phone3`, `d`.`Phone4`, `d`.`Qualification`, `d`.`Role`, `d`.`Speciality`, `d`.`Thumb`, `d`.`Updated_At`, `d`.`User_Id`
FROM `Doctors` AS `d`
WHERE `d`.`Id` = @__Id_0
LIMIT 2

2024-07-27 18:22:14.799 +05:30  INF  Executed DbCommand (206ms) [Parameters=[@__p_0='?' (DbType = Int64)], CommandType='"Text"', CommandTimeout='30']
SELECT `p`.`Id`, `p`.`Created_At`, `p`.`Patient_Id`, `p`.`Report`, `p`.`Report_File`, `p`.`Scan_Name`, `p`.`Status`, `p`.`Type`, `p`.`Updated_At`
FROM `Patient_Scans` AS `p`
WHERE `p`.`Patient_Id` = @__p_0

2024-07-27 18:22:14.799 +05:30  INF  Executing ObjectResult, writing value of type 'DCRM.Common.Dto.PatientseDto'.

2024-07-27 18:22:14.800 +05:30  INF  Executed action DCRM.Api.Controllers.PatientController.Get (DCRM.Api) in 4168.6404ms

2024-07-27 18:22:14.800 +05:30  INF  Executed endpoint 'DCRM.Api.Controllers.PatientController.Get (DCRM.Api)'

2024-07-27 18:22:14.800 +05:30  INF  Request finished HTTP/2 GET https://localhost:7069/api/Patient/Get/387 application/json - - 200 - application/json;+charset=utf-8 4801.2389ms

2024-07-27 18:22:15.024 +05:30  INF  Executed DbCommand (218ms) [Parameters=[@__p_0='?' (DbType = Int64)], CommandType='"Text"', CommandTimeout='30']
SELECT `p`.`Id`, `p`.`Created_At`, `p`.`Patient_Id`, `p`.`Report`, `p`.`Report_File`, `p`.`Scan_Name`, `p`.`Status`, `p`.`Type`, `p`.`Updated_At`
FROM `Patient_Scans` AS `p`
WHERE `p`.`Patient_Id` = @__p_0

2024-07-27 18:22:15.024 +05:30  INF  Executing ObjectResult, writing value of type 'DCRM.Common.Dto.PatientseDto'.

2024-07-27 18:22:15.025 +05:30  INF  Executed action DCRM.Api.Controllers.PatientController.Get (DCRM.Api) in 4364.6396ms

2024-07-27 18:22:15.025 +05:30  INF  Executed endpoint 'DCRM.Api.Controllers.PatientController.Get (DCRM.Api)'

2024-07-27 18:22:15.025 +05:30  INF  Request finished HTTP/2 GET https://localhost:7069/api/Patient/Get/508 application/json - - 200 - application/json;+charset=utf-8 5021.0675ms

2024-07-27 18:22:15.243 +05:30  INF  Executed DbCommand (220ms) [Parameters=[@__Id_0='?' (DbType = Int64)], CommandType='"Text"', CommandTimeout='30']
SELECT `d`.`Id`, `d`.`Age`, `d`.`Blood_Group`, `d`.`Created_At`, `d`.`Dob`, `d`.`Email`, `d`.`Email2`, `d`.`Gender`, `d`.`Gst_Number`, `d`.`Is_Delete`, `d`.`Marital_Status`, `d`.`Name`, `d`.`Pan_Number`, `d`.`Password`, `d`.`Phone1`, `d`.`Phone2`, `d`.`Phone3`, `d`.`Phone4`, `d`.`Qualification`, `d`.`Role`, `d`.`Speciality`, `d`.`Thumb`, `d`.`Updated_At`, `d`.`User_Id`
FROM `Doctors` AS `d`
WHERE `d`.`Id` = @__Id_0
LIMIT 2

2024-07-27 18:22:15.901 +05:30  INF  Executed DbCommand (222ms) [Parameters=[@__Id_0='?' (DbType = Int64)], CommandType='"Text"', CommandTimeout='30']
SELECT `d`.`Id`, `d`.`Age`, `d`.`Blood_Group`, `d`.`Created_At`, `d`.`Dob`, `d`.`Email`, `d`.`Email2`, `d`.`Gender`, `d`.`Gst_Number`, `d`.`Is_Delete`, `d`.`Marital_Status`, `d`.`Name`, `d`.`Pan_Number`, `d`.`Password`, `d`.`Phone1`, `d`.`Phone2`, `d`.`Phone3`, `d`.`Phone4`, `d`.`Qualification`, `d`.`Role`, `d`.`Speciality`, `d`.`Thumb`, `d`.`Updated_At`, `d`.`User_Id`
FROM `Doctors` AS `d`
WHERE `d`.`Id` = @__Id_0
LIMIT 2

2024-07-27 18:22:16.555 +05:30  INF  Executed DbCommand (219ms) [Parameters=[@__Id_0='?' (DbType = Int64)], CommandType='"Text"', CommandTimeout='30']
SELECT `d`.`Id`, `d`.`Age`, `d`.`Blood_Group`, `d`.`Created_At`, `d`.`Dob`, `d`.`Email`, `d`.`Email2`, `d`.`Gender`, `d`.`Gst_Number`, `d`.`Is_Delete`, `d`.`Marital_Status`, `d`.`Name`, `d`.`Pan_Number`, `d`.`Password`, `d`.`Phone1`, `d`.`Phone2`, `d`.`Phone3`, `d`.`Phone4`, `d`.`Qualification`, `d`.`Role`, `d`.`Speciality`, `d`.`Thumb`, `d`.`Updated_At`, `d`.`User_Id`
FROM `Doctors` AS `d`
WHERE `d`.`Id` = @__Id_0
LIMIT 2

2024-07-27 18:22:17.439 +05:30  INF  Executed DbCommand (448ms) [Parameters=[@__Id_0='?' (DbType = Int64)], CommandType='"Text"', CommandTimeout='30']
SELECT `d`.`Id`, `d`.`Age`, `d`.`Blood_Group`, `d`.`Created_At`, `d`.`Dob`, `d`.`Email`, `d`.`Email2`, `d`.`Gender`, `d`.`Gst_Number`, `d`.`Is_Delete`, `d`.`Marital_Status`, `d`.`Name`, `d`.`Pan_Number`, `d`.`Password`, `d`.`Phone1`, `d`.`Phone2`, `d`.`Phone3`, `d`.`Phone4`, `d`.`Qualification`, `d`.`Role`, `d`.`Speciality`, `d`.`Thumb`, `d`.`Updated_At`, `d`.`User_Id`
FROM `Doctors` AS `d`
WHERE `d`.`Id` = @__Id_0
LIMIT 2

2024-07-27 18:22:18.110 +05:30  INF  Executed DbCommand (236ms) [Parameters=[@__Id_0='?' (DbType = Int64)], CommandType='"Text"', CommandTimeout='30']
SELECT `d`.`Id`, `d`.`Age`, `d`.`Blood_Group`, `d`.`Created_At`, `d`.`Dob`, `d`.`Email`, `d`.`Email2`, `d`.`Gender`, `d`.`Gst_Number`, `d`.`Is_Delete`, `d`.`Marital_Status`, `d`.`Name`, `d`.`Pan_Number`, `d`.`Password`, `d`.`Phone1`, `d`.`Phone2`, `d`.`Phone3`, `d`.`Phone4`, `d`.`Qualification`, `d`.`Role`, `d`.`Speciality`, `d`.`Thumb`, `d`.`Updated_At`, `d`.`User_Id`
FROM `Doctors` AS `d`
WHERE `d`.`Id` = @__Id_0
LIMIT 2

2024-07-27 18:22:18.774 +05:30  INF  Executed DbCommand (227ms) [Parameters=[@__Id_0='?' (DbType = Int64)], CommandType='"Text"', CommandTimeout='30']
SELECT `d`.`Id`, `d`.`Age`, `d`.`Blood_Group`, `d`.`Created_At`, `d`.`Dob`, `d`.`Email`, `d`.`Email2`, `d`.`Gender`, `d`.`Gst_Number`, `d`.`Is_Delete`, `d`.`Marital_Status`, `d`.`Name`, `d`.`Pan_Number`, `d`.`Password`, `d`.`Phone1`, `d`.`Phone2`, `d`.`Phone3`, `d`.`Phone4`, `d`.`Qualification`, `d`.`Role`, `d`.`Speciality`, `d`.`Thumb`, `d`.`Updated_At`, `d`.`User_Id`
FROM `Doctors` AS `d`
WHERE `d`.`Id` = @__Id_0
LIMIT 2

2024-07-27 18:22:19.428 +05:30  INF  Executed DbCommand (220ms) [Parameters=[@__Id_0='?' (DbType = Int64)], CommandType='"Text"', CommandTimeout='30']
SELECT `d`.`Id`, `d`.`Age`, `d`.`Blood_Group`, `d`.`Created_At`, `d`.`Dob`, `d`.`Email`, `d`.`Email2`, `d`.`Gender`, `d`.`Gst_Number`, `d`.`Is_Delete`, `d`.`Marital_Status`, `d`.`Name`, `d`.`Pan_Number`, `d`.`Password`, `d`.`Phone1`, `d`.`Phone2`, `d`.`Phone3`, `d`.`Phone4`, `d`.`Qualification`, `d`.`Role`, `d`.`Speciality`, `d`.`Thumb`, `d`.`Updated_At`, `d`.`User_Id`
FROM `Doctors` AS `d`
WHERE `d`.`Id` = @__Id_0
LIMIT 2

2024-07-27 18:22:20.081 +05:30  INF  Executed DbCommand (218ms) [Parameters=[@__Id_0='?' (DbType = Int64)], CommandType='"Text"', CommandTimeout='30']
SELECT `d`.`Id`, `d`.`Age`, `d`.`Blood_Group`, `d`.`Created_At`, `d`.`Dob`, `d`.`Email`, `d`.`Email2`, `d`.`Gender`, `d`.`Gst_Number`, `d`.`Is_Delete`, `d`.`Marital_Status`, `d`.`Name`, `d`.`Pan_Number`, `d`.`Password`, `d`.`Phone1`, `d`.`Phone2`, `d`.`Phone3`, `d`.`Phone4`, `d`.`Qualification`, `d`.`Role`, `d`.`Speciality`, `d`.`Thumb`, `d`.`Updated_At`, `d`.`User_Id`
FROM `Doctors` AS `d`
WHERE `d`.`Id` = @__Id_0
LIMIT 2

2024-07-27 18:22:20.737 +05:30  INF  Executed DbCommand (219ms) [Parameters=[@__Id_0='?' (DbType = Int64)], CommandType='"Text"', CommandTimeout='30']
SELECT `d`.`Id`, `d`.`Age`, `d`.`Blood_Group`, `d`.`Created_At`, `d`.`Dob`, `d`.`Email`, `d`.`Email2`, `d`.`Gender`, `d`.`Gst_Number`, `d`.`Is_Delete`, `d`.`Marital_Status`, `d`.`Name`, `d`.`Pan_Number`, `d`.`Password`, `d`.`Phone1`, `d`.`Phone2`, `d`.`Phone3`, `d`.`Phone4`, `d`.`Qualification`, `d`.`Role`, `d`.`Speciality`, `d`.`Thumb`, `d`.`Updated_At`, `d`.`User_Id`
FROM `Doctors` AS `d`
WHERE `d`.`Id` = @__Id_0
LIMIT 2

2024-07-27 18:22:21.390 +05:30  INF  Executed DbCommand (218ms) [Parameters=[@__Id_0='?' (DbType = Int64)], CommandType='"Text"', CommandTimeout='30']
SELECT `d`.`Id`, `d`.`Age`, `d`.`Blood_Group`, `d`.`Created_At`, `d`.`Dob`, `d`.`Email`, `d`.`Email2`, `d`.`Gender`, `d`.`Gst_Number`, `d`.`Is_Delete`, `d`.`Marital_Status`, `d`.`Name`, `d`.`Pan_Number`, `d`.`Password`, `d`.`Phone1`, `d`.`Phone2`, `d`.`Phone3`, `d`.`Phone4`, `d`.`Qualification`, `d`.`Role`, `d`.`Speciality`, `d`.`Thumb`, `d`.`Updated_At`, `d`.`User_Id`
FROM `Doctors` AS `d`
WHERE `d`.`Id` = @__Id_0
LIMIT 2

2024-07-27 18:22:22.044 +05:30  INF  Executed DbCommand (219ms) [Parameters=[@__Id_0='?' (DbType = Int64)], CommandType='"Text"', CommandTimeout='30']
SELECT `d`.`Id`, `d`.`Age`, `d`.`Blood_Group`, `d`.`Created_At`, `d`.`Dob`, `d`.`Email`, `d`.`Email2`, `d`.`Gender`, `d`.`Gst_Number`, `d`.`Is_Delete`, `d`.`Marital_Status`, `d`.`Name`, `d`.`Pan_Number`, `d`.`Password`, `d`.`Phone1`, `d`.`Phone2`, `d`.`Phone3`, `d`.`Phone4`, `d`.`Qualification`, `d`.`Role`, `d`.`Speciality`, `d`.`Thumb`, `d`.`Updated_At`, `d`.`User_Id`
FROM `Doctors` AS `d`
WHERE `d`.`Id` = @__Id_0
LIMIT 2

2024-07-27 18:22:22.699 +05:30  INF  Executed DbCommand (218ms) [Parameters=[@__Id_0='?' (DbType = Int64)], CommandType='"Text"', CommandTimeout='30']
SELECT `d`.`Id`, `d`.`Age`, `d`.`Blood_Group`, `d`.`Created_At`, `d`.`Dob`, `d`.`Email`, `d`.`Email2`, `d`.`Gender`, `d`.`Gst_Number`, `d`.`Is_Delete`, `d`.`Marital_Status`, `d`.`Name`, `d`.`Pan_Number`, `d`.`Password`, `d`.`Phone1`, `d`.`Phone2`, `d`.`Phone3`, `d`.`Phone4`, `d`.`Qualification`, `d`.`Role`, `d`.`Speciality`, `d`.`Thumb`, `d`.`Updated_At`, `d`.`User_Id`
FROM `Doctors` AS `d`
WHERE `d`.`Id` = @__Id_0
LIMIT 2

2024-07-27 18:22:23.354 +05:30  INF  Executed DbCommand (221ms) [Parameters=[@__Id_0='?' (DbType = Int64)], CommandType='"Text"', CommandTimeout='30']
SELECT `d`.`Id`, `d`.`Age`, `d`.`Blood_Group`, `d`.`Created_At`, `d`.`Dob`, `d`.`Email`, `d`.`Email2`, `d`.`Gender`, `d`.`Gst_Number`, `d`.`Is_Delete`, `d`.`Marital_Status`, `d`.`Name`, `d`.`Pan_Number`, `d`.`Password`, `d`.`Phone1`, `d`.`Phone2`, `d`.`Phone3`, `d`.`Phone4`, `d`.`Qualification`, `d`.`Role`, `d`.`Speciality`, `d`.`Thumb`, `d`.`Updated_At`, `d`.`User_Id`
FROM `Doctors` AS `d`
WHERE `d`.`Id` = @__Id_0
LIMIT 2

2024-07-27 18:22:24.009 +05:30  INF  Executed DbCommand (220ms) [Parameters=[@__Id_0='?' (DbType = Int64)], CommandType='"Text"', CommandTimeout='30']
SELECT `d`.`Id`, `d`.`Age`, `d`.`Blood_Group`, `d`.`Created_At`, `d`.`Dob`, `d`.`Email`, `d`.`Email2`, `d`.`Gender`, `d`.`Gst_Number`, `d`.`Is_Delete`, `d`.`Marital_Status`, `d`.`Name`, `d`.`Pan_Number`, `d`.`Password`, `d`.`Phone1`, `d`.`Phone2`, `d`.`Phone3`, `d`.`Phone4`, `d`.`Qualification`, `d`.`Role`, `d`.`Speciality`, `d`.`Thumb`, `d`.`Updated_At`, `d`.`User_Id`
FROM `Doctors` AS `d`
WHERE `d`.`Id` = @__Id_0
LIMIT 2

2024-07-27 18:22:24.010 +05:30  INF  Executing ObjectResult, writing value of type 'System.Collections.Generic.List`1[[DCRM.Common.Dto.ChairDto, DCRM.Common, Version=1.0.0.0, Culture=neutral, PublicKeyToken=null]]'.

2024-07-27 18:22:24.010 +05:30  INF  Executed action DCRM.Api.Controllers.ChairController.GetAll (DCRM.Api) in 13350.2779ms

2024-07-27 18:22:24.010 +05:30  INF  Executed endpoint 'DCRM.Api.Controllers.ChairController.GetAll (DCRM.Api)'

2024-07-27 18:22:24.010 +05:30  INF  Request finished HTTP/2 GET https://localhost:7069/api/Chair/GetAll application/json - - 200 - application/json;+charset=utf-8 14005.6821ms

2024-07-27 18:22:48.719 +05:30  INF  Request starting HTTP/2 OPTIONS https://localhost:7069/api/Appointment/Get/387 - -

2024-07-27 18:22:48.720 +05:30  INF  CORS policy execution successful.

2024-07-27 18:22:48.724 +05:30  INF  Request finished HTTP/2 OPTIONS https://localhost:7069/api/Appointment/Get/387 - - - 204 - - 4.8430ms

2024-07-27 18:22:48.730 +05:30  INF  Request starting HTTP/2 GET https://localhost:7069/api/Appointment/Get/387 application/json -

2024-07-27 18:22:48.730 +05:30  INF  CORS policy execution successful.

2024-07-27 18:22:48.903 +05:30  INF  Request starting HTTP/2 OPTIONS https://localhost:7069/api/Dashboard/Get - -

2024-07-27 18:22:48.904 +05:30  INF  CORS policy execution successful.

2024-07-27 18:22:48.908 +05:30  INF  Request finished HTTP/2 OPTIONS https://localhost:7069/api/Dashboard/Get - - - 204 - - 4.4591ms

2024-07-27 18:22:48.912 +05:30  INF  Request starting HTTP/2 GET https://localhost:7069/api/Dashboard/Get application/json -

2024-07-27 18:22:48.912 +05:30  INF  CORS policy execution successful.

2024-07-27 18:22:49.388 +05:30  INF  Executed DbCommand (220ms) [Parameters=[@__id_0='?' (DbType = Int64)], CommandType='"Text"', CommandTimeout='30']
SELECT `u`.`Id`, `u`.`About_Me`, `u`.`Account_Type`, `u`.`Address`, `u`.`Available_Days`, `u`.`Bn_Name`, `u`.`City`, `u`.`Country`, `u`.`Created_At`, `u`.`Currency`, `u`.`Degree`, `u`.`Email`, `u`.`Email_Verified`, `u`.`Enable_Appointment`, `u`.`Enable_Rating`, `u`.`Exp_Years`, `u`.`Facebook`, `u`.`Google_Analytics`, `u`.`Image`, `u`.`Instagram`, `u`.`Linkedin`, `u`.`Name`, `u`.`Parent_Id`, `u`.`Password`, `u`.`Paypal_Email`, `u`.`Paypal_Mode`, `u`.`Paypal_Payment`, `u`.`Paystack_Payment`, `u`.`Paystack_Public_Key`, `u`.`Paystack_Secret_Key`, `u`.`Phone`, `u`.`Publish_Key`, `u`.`Qr_Code`, `u`.`Razorpay_Key_Id`, `u`.`Razorpay_Key_Secret`, `u`.`Razorpay_Payment`, `u`.`Role`, `u`.`Secret_Key`, `u`.`Skype`, `u`.`Slug`, `u`.`Specialist`, `u`.`Status`, `u`.`Stripe_Payment`, `u`.`Thumb`, `u`.`Trial_Expire`, `u`.`Twitter`, `u`.`User_Name`, `u`.`User_Type`, `u`.`Verify_Code`, `u`.`Whatsapp`
FROM `Users` AS `u`
WHERE `u`.`Id` = @__id_0
LIMIT 1

2024-07-27 18:22:49.389 +05:30  INF  Executing endpoint 'DCRM.Api.Controllers.AppointmentController.Get (DCRM.Api)'

2024-07-27 18:22:49.389 +05:30  INF  Route matched with {action = "Get", controller = "Appointment"}. Executing controller action with signature DCRM.Common.Entity.Appointment Get(Int32) on controller DCRM.Api.Controllers.AppointmentController (DCRM.Api).

2024-07-27 18:22:49.570 +05:30  INF  Executed DbCommand (221ms) [Parameters=[@__id_0='?' (DbType = Int64)], CommandType='"Text"', CommandTimeout='30']
SELECT `u`.`Id`, `u`.`About_Me`, `u`.`Account_Type`, `u`.`Address`, `u`.`Available_Days`, `u`.`Bn_Name`, `u`.`City`, `u`.`Country`, `u`.`Created_At`, `u`.`Currency`, `u`.`Degree`, `u`.`Email`, `u`.`Email_Verified`, `u`.`Enable_Appointment`, `u`.`Enable_Rating`, `u`.`Exp_Years`, `u`.`Facebook`, `u`.`Google_Analytics`, `u`.`Image`, `u`.`Instagram`, `u`.`Linkedin`, `u`.`Name`, `u`.`Parent_Id`, `u`.`Password`, `u`.`Paypal_Email`, `u`.`Paypal_Mode`, `u`.`Paypal_Payment`, `u`.`Paystack_Payment`, `u`.`Paystack_Public_Key`, `u`.`Paystack_Secret_Key`, `u`.`Phone`, `u`.`Publish_Key`, `u`.`Qr_Code`, `u`.`Razorpay_Key_Id`, `u`.`Razorpay_Key_Secret`, `u`.`Razorpay_Payment`, `u`.`Role`, `u`.`Secret_Key`, `u`.`Skype`, `u`.`Slug`, `u`.`Specialist`, `u`.`Status`, `u`.`Stripe_Payment`, `u`.`Thumb`, `u`.`Trial_Expire`, `u`.`Twitter`, `u`.`User_Name`, `u`.`User_Type`, `u`.`Verify_Code`, `u`.`Whatsapp`
FROM `Users` AS `u`
WHERE `u`.`Id` = @__id_0
LIMIT 1

2024-07-27 18:22:49.571 +05:30  INF  Executing endpoint 'DCRM.Api.Controllers.DashboardController.Get (DCRM.Api)'

2024-07-27 18:22:49.571 +05:30  INF  Route matched with {action = "Get", controller = "Dashboard"}. Executing controller action with signature DCRM.Common.Dto.DashboardDto Get() on controller DCRM.Api.Controllers.DashboardController (DCRM.Api).

2024-07-27 18:22:50.054 +05:30  INF  Executed DbCommand (221ms) [Parameters=[@__id_0='?' (DbType = Int64)], CommandType='"Text"', CommandTimeout='30']
SELECT `a`.`Id`, `a`.`Appointment_Status`, `a`.`Cause`, `a`.`Chair`, `a`.`Chamber_Id`, `a`.`Created_At`, `a`.`Date`, `a`.`Doctor_Id`, `a`.`Doctor_Name`, `a`.`End_Time`, `a`.`Extra_Notes`, `a`.`Files`, `a`.`Is_Delete`, `a`.`Is_Start`, `a`.`Meeting_Notes`, `a`.`Number_Of_Slot`, `a`.`Patient_Id`, `a`.`Prescription_Id`, `a`.`Serial_Id`, `a`.`Slot_Time`, `a`.`Start_Time`, `a`.`Status`, `a`.`Type`, `a`.`User_Id`, `a`.`Workdone_Id`
FROM `Appointments` AS `a`
WHERE (`a`.`Id` = @__id_0) AND (`a`.`Is_Delete` = 0)
LIMIT 1

2024-07-27 18:22:50.055 +05:30  INF  Executing ObjectResult, writing value of type 'DCRM.Common.Entity.Appointment'.

2024-07-27 18:22:50.055 +05:30  INF  Executed action DCRM.Api.Controllers.AppointmentController.Get (DCRM.Api) in 666.1963ms

2024-07-27 18:22:50.055 +05:30  INF  Executed endpoint 'DCRM.Api.Controllers.AppointmentController.Get (DCRM.Api)'

2024-07-27 18:22:50.055 +05:30  INF  Request finished HTTP/2 GET https://localhost:7069/api/Appointment/Get/387 application/json - - 200 - application/json;+charset=utf-8 1325.0345ms

2024-07-27 18:22:50.085 +05:30  INF  Request starting HTTP/2 OPTIONS https://localhost:7069/api/Patient/Get/387 - -

2024-07-27 18:22:50.086 +05:30  INF  CORS policy execution successful.

2024-07-27 18:22:50.086 +05:30  INF  Request starting HTTP/2 OPTIONS https://localhost:7069/api/Doctor/Get/Names - -

2024-07-27 18:22:50.086 +05:30  INF  Request finished HTTP/2 OPTIONS https://localhost:7069/api/Patient/Get/387 - - - 204 - - 0.6181ms

2024-07-27 18:22:50.086 +05:30  INF  CORS policy execution successful.

2024-07-27 18:22:50.086 +05:30  INF  Request starting HTTP/2 OPTIONS https://localhost:7069/api/Patient/Get/Names - -

2024-07-27 18:22:50.086 +05:30  INF  CORS policy execution successful.

2024-07-27 18:22:50.087 +05:30  INF  Request starting HTTP/2 OPTIONS https://localhost:7069/api/Patient/Get/508 - -

2024-07-27 18:22:50.087 +05:30  INF  CORS policy execution successful.

2024-07-27 18:22:50.087 +05:30  INF  Request finished HTTP/2 OPTIONS https://localhost:7069/api/Patient/Get/Names - - - 204 - - 1.0056ms

2024-07-27 18:22:50.088 +05:30  INF  Request finished HTTP/2 OPTIONS https://localhost:7069/api/Doctor/Get/Names - - - 204 - - 1.2146ms

2024-07-27 18:22:50.088 +05:30  INF  Request finished HTTP/2 OPTIONS https://localhost:7069/api/Patient/Get/508 - - - 204 - - 1.3025ms

2024-07-27 18:22:50.094 +05:30  INF  Request starting HTTP/2 OPTIONS https://localhost:7069/api/Chair/GetAll - -

2024-07-27 18:22:50.094 +05:30  INF  Request starting HTTP/2 GET https://localhost:7069/api/Doctor/Get/Names application/json -

2024-07-27 18:22:50.094 +05:30  INF  Request starting HTTP/2 GET https://localhost:7069/api/Patient/Get/387 application/json -

2024-07-27 18:22:50.094 +05:30  INF  Request starting HTTP/2 GET https://localhost:7069/api/Patient/Get/Names application/json -

2024-07-27 18:22:50.094 +05:30  INF  CORS policy execution successful.

2024-07-27 18:22:50.094 +05:30  INF  CORS policy execution successful.

2024-07-27 18:22:50.094 +05:30  INF  CORS policy execution successful.

2024-07-27 18:22:50.094 +05:30  INF  CORS policy execution successful.

2024-07-27 18:22:50.097 +05:30  INF  Request finished HTTP/2 OPTIONS https://localhost:7069/api/Chair/GetAll - - - 204 - - 2.5992ms

2024-07-27 18:22:50.097 +05:30  INF  Request starting HTTP/2 GET https://localhost:7069/api/Patient/Get/508 application/json -

2024-07-27 18:22:50.097 +05:30  INF  CORS policy execution successful.

2024-07-27 18:22:50.100 +05:30  INF  Request starting HTTP/2 GET https://localhost:7069/api/Chair/GetAll application/json -

2024-07-27 18:22:50.100 +05:30  INF  CORS policy execution successful.

2024-07-27 18:22:50.229 +05:30  INF  Executed DbCommand (221ms) [Parameters=[@__p_0='?' (DbType = Int64)], CommandType='"Text"', CommandTimeout='30']
SELECT COUNT(*)
FROM `Patientses` AS `p`
WHERE (`p`.`User_Id` = @__p_0) AND (`p`.`Is_Delete` = 0)

2024-07-27 18:22:50.725 +05:30  INF  Executed DbCommand (209ms) [Parameters=[@__id_0='?' (DbType = Int64)], CommandType='"Text"', CommandTimeout='30']
SELECT `u`.`Id`, `u`.`About_Me`, `u`.`Account_Type`, `u`.`Address`, `u`.`Available_Days`, `u`.`Bn_Name`, `u`.`City`, `u`.`Country`, `u`.`Created_At`, `u`.`Currency`, `u`.`Degree`, `u`.`Email`, `u`.`Email_Verified`, `u`.`Enable_Appointment`, `u`.`Enable_Rating`, `u`.`Exp_Years`, `u`.`Facebook`, `u`.`Google_Analytics`, `u`.`Image`, `u`.`Instagram`, `u`.`Linkedin`, `u`.`Name`, `u`.`Parent_Id`, `u`.`Password`, `u`.`Paypal_Email`, `u`.`Paypal_Mode`, `u`.`Paypal_Payment`, `u`.`Paystack_Payment`, `u`.`Paystack_Public_Key`, `u`.`Paystack_Secret_Key`, `u`.`Phone`, `u`.`Publish_Key`, `u`.`Qr_Code`, `u`.`Razorpay_Key_Id`, `u`.`Razorpay_Key_Secret`, `u`.`Razorpay_Payment`, `u`.`Role`, `u`.`Secret_Key`, `u`.`Skype`, `u`.`Slug`, `u`.`Specialist`, `u`.`Status`, `u`.`Stripe_Payment`, `u`.`Thumb`, `u`.`Trial_Expire`, `u`.`Twitter`, `u`.`User_Name`, `u`.`User_Type`, `u`.`Verify_Code`, `u`.`Whatsapp`
FROM `Users` AS `u`
WHERE `u`.`Id` = @__id_0
LIMIT 1

2024-07-27 18:22:50.725 +05:30  INF  Executing endpoint 'DCRM.Api.Controllers.PatientController.Get (DCRM.Api)'

2024-07-27 18:22:50.725 +05:30  INF  Route matched with {action = "Get", controller = "Patient"}. Executing controller action with signature DCRM.Common.Dto.PatientseDto Get(Int64) on controller DCRM.Api.Controllers.PatientController (DCRM.Api).

2024-07-27 18:22:50.726 +05:30  INF  Executed DbCommand (211ms) [Parameters=[@__id_0='?' (DbType = Int64)], CommandType='"Text"', CommandTimeout='30']
SELECT `u`.`Id`, `u`.`About_Me`, `u`.`Account_Type`, `u`.`Address`, `u`.`Available_Days`, `u`.`Bn_Name`, `u`.`City`, `u`.`Country`, `u`.`Created_At`, `u`.`Currency`, `u`.`Degree`, `u`.`Email`, `u`.`Email_Verified`, `u`.`Enable_Appointment`, `u`.`Enable_Rating`, `u`.`Exp_Years`, `u`.`Facebook`, `u`.`Google_Analytics`, `u`.`Image`, `u`.`Instagram`, `u`.`Linkedin`, `u`.`Name`, `u`.`Parent_Id`, `u`.`Password`, `u`.`Paypal_Email`, `u`.`Paypal_Mode`, `u`.`Paypal_Payment`, `u`.`Paystack_Payment`, `u`.`Paystack_Public_Key`, `u`.`Paystack_Secret_Key`, `u`.`Phone`, `u`.`Publish_Key`, `u`.`Qr_Code`, `u`.`Razorpay_Key_Id`, `u`.`Razorpay_Key_Secret`, `u`.`Razorpay_Payment`, `u`.`Role`, `u`.`Secret_Key`, `u`.`Skype`, `u`.`Slug`, `u`.`Specialist`, `u`.`Status`, `u`.`Stripe_Payment`, `u`.`Thumb`, `u`.`Trial_Expire`, `u`.`Twitter`, `u`.`User_Name`, `u`.`User_Type`, `u`.`Verify_Code`, `u`.`Whatsapp`
FROM `Users` AS `u`
WHERE `u`.`Id` = @__id_0
LIMIT 1

2024-07-27 18:22:50.726 +05:30  INF  Executed DbCommand (211ms) [Parameters=[@__id_0='?' (DbType = Int64)], CommandType='"Text"', CommandTimeout='30']
SELECT `u`.`Id`, `u`.`About_Me`, `u`.`Account_Type`, `u`.`Address`, `u`.`Available_Days`, `u`.`Bn_Name`, `u`.`City`, `u`.`Country`, `u`.`Created_At`, `u`.`Currency`, `u`.`Degree`, `u`.`Email`, `u`.`Email_Verified`, `u`.`Enable_Appointment`, `u`.`Enable_Rating`, `u`.`Exp_Years`, `u`.`Facebook`, `u`.`Google_Analytics`, `u`.`Image`, `u`.`Instagram`, `u`.`Linkedin`, `u`.`Name`, `u`.`Parent_Id`, `u`.`Password`, `u`.`Paypal_Email`, `u`.`Paypal_Mode`, `u`.`Paypal_Payment`, `u`.`Paystack_Payment`, `u`.`Paystack_Public_Key`, `u`.`Paystack_Secret_Key`, `u`.`Phone`, `u`.`Publish_Key`, `u`.`Qr_Code`, `u`.`Razorpay_Key_Id`, `u`.`Razorpay_Key_Secret`, `u`.`Razorpay_Payment`, `u`.`Role`, `u`.`Secret_Key`, `u`.`Skype`, `u`.`Slug`, `u`.`Specialist`, `u`.`Status`, `u`.`Stripe_Payment`, `u`.`Thumb`, `u`.`Trial_Expire`, `u`.`Twitter`, `u`.`User_Name`, `u`.`User_Type`, `u`.`Verify_Code`, `u`.`Whatsapp`
FROM `Users` AS `u`
WHERE `u`.`Id` = @__id_0
LIMIT 1

2024-07-27 18:22:50.726 +05:30  INF  Executing endpoint 'DCRM.Api.Controllers.ChairController.GetAll (DCRM.Api)'

2024-07-27 18:22:50.726 +05:30  INF  Executing endpoint 'DCRM.Api.Controllers.DoctorController.DoctorNameList (DCRM.Api)'

2024-07-27 18:22:50.726 +05:30  INF  Route matched with {action = "GetAll", controller = "Chair"}. Executing controller action with signature System.Collections.Generic.List`1[DCRM.Common.Dto.ChairDto] GetAll() on controller DCRM.Api.Controllers.ChairController (DCRM.Api).

2024-07-27 18:22:50.726 +05:30  INF  Route matched with {action = "DoctorNameList", controller = "Doctor"}. Executing controller action with signature System.Collections.Generic.List`1[DCRM.Common.Dto.DropdownDataDto] DoctorNameList() on controller DCRM.Api.Controllers.DoctorController (DCRM.Api).

2024-07-27 18:22:50.735 +05:30  INF  Executed DbCommand (212ms) [Parameters=[@__id_0='?' (DbType = Int64)], CommandType='"Text"', CommandTimeout='30']
SELECT `u`.`Id`, `u`.`About_Me`, `u`.`Account_Type`, `u`.`Address`, `u`.`Available_Days`, `u`.`Bn_Name`, `u`.`City`, `u`.`Country`, `u`.`Created_At`, `u`.`Currency`, `u`.`Degree`, `u`.`Email`, `u`.`Email_Verified`, `u`.`Enable_Appointment`, `u`.`Enable_Rating`, `u`.`Exp_Years`, `u`.`Facebook`, `u`.`Google_Analytics`, `u`.`Image`, `u`.`Instagram`, `u`.`Linkedin`, `u`.`Name`, `u`.`Parent_Id`, `u`.`Password`, `u`.`Paypal_Email`, `u`.`Paypal_Mode`, `u`.`Paypal_Payment`, `u`.`Paystack_Payment`, `u`.`Paystack_Public_Key`, `u`.`Paystack_Secret_Key`, `u`.`Phone`, `u`.`Publish_Key`, `u`.`Qr_Code`, `u`.`Razorpay_Key_Id`, `u`.`Razorpay_Key_Secret`, `u`.`Razorpay_Payment`, `u`.`Role`, `u`.`Secret_Key`, `u`.`Skype`, `u`.`Slug`, `u`.`Specialist`, `u`.`Status`, `u`.`Stripe_Payment`, `u`.`Thumb`, `u`.`Trial_Expire`, `u`.`Twitter`, `u`.`User_Name`, `u`.`User_Type`, `u`.`Verify_Code`, `u`.`Whatsapp`
FROM `Users` AS `u`
WHERE `u`.`Id` = @__id_0
LIMIT 1

2024-07-27 18:22:50.736 +05:30  INF  Executing endpoint 'DCRM.Api.Controllers.PatientController.PatientDetailList (DCRM.Api)'

2024-07-27 18:22:50.736 +05:30  INF  Route matched with {action = "PatientDetailList", controller = "Patient"}. Executing controller action with signature System.Collections.Generic.List`1[DCRM.Common.Dto.DropdownDataDto] PatientDetailList() on controller DCRM.Api.Controllers.PatientController (DCRM.Api).

2024-07-27 18:22:50.753 +05:30  INF  Executed DbCommand (219ms) [Parameters=[@__id_0='?' (DbType = Int64)], CommandType='"Text"', CommandTimeout='30']
SELECT `u`.`Id`, `u`.`About_Me`, `u`.`Account_Type`, `u`.`Address`, `u`.`Available_Days`, `u`.`Bn_Name`, `u`.`City`, `u`.`Country`, `u`.`Created_At`, `u`.`Currency`, `u`.`Degree`, `u`.`Email`, `u`.`Email_Verified`, `u`.`Enable_Appointment`, `u`.`Enable_Rating`, `u`.`Exp_Years`, `u`.`Facebook`, `u`.`Google_Analytics`, `u`.`Image`, `u`.`Instagram`, `u`.`Linkedin`, `u`.`Name`, `u`.`Parent_Id`, `u`.`Password`, `u`.`Paypal_Email`, `u`.`Paypal_Mode`, `u`.`Paypal_Payment`, `u`.`Paystack_Payment`, `u`.`Paystack_Public_Key`, `u`.`Paystack_Secret_Key`, `u`.`Phone`, `u`.`Publish_Key`, `u`.`Qr_Code`, `u`.`Razorpay_Key_Id`, `u`.`Razorpay_Key_Secret`, `u`.`Razorpay_Payment`, `u`.`Role`, `u`.`Secret_Key`, `u`.`Skype`, `u`.`Slug`, `u`.`Specialist`, `u`.`Status`, `u`.`Stripe_Payment`, `u`.`Thumb`, `u`.`Trial_Expire`, `u`.`Twitter`, `u`.`User_Name`, `u`.`User_Type`, `u`.`Verify_Code`, `u`.`Whatsapp`
FROM `Users` AS `u`
WHERE `u`.`Id` = @__id_0
LIMIT 1

2024-07-27 18:22:50.754 +05:30  INF  Executing endpoint 'DCRM.Api.Controllers.PatientController.Get (DCRM.Api)'

2024-07-27 18:22:50.754 +05:30  INF  Route matched with {action = "Get", controller = "Patient"}. Executing controller action with signature DCRM.Common.Dto.PatientseDto Get(Int64) on controller DCRM.Api.Controllers.PatientController (DCRM.Api).

2024-07-27 18:22:50.889 +05:30  INF  Executed DbCommand (220ms) [Parameters=[@__userId_0='?' (DbType = Int32)], CommandType='"Text"', CommandTimeout='30']
SELECT COUNT(*)
FROM `Staffs` AS `s`
WHERE (`s`.`User_Id` = @__userId_0) AND (`s`.`Is_Deleted` = 0)

2024-07-27 18:22:51.358 +05:30  INF  Executed DbCommand (211ms) [Parameters=[], CommandType='"Text"', CommandTimeout='30']
SELECT `c`.`Id`, `c`.`Address`, `c`.`Appoinment_Limit`, `c`.`Created_At`, `c`.`Doctor_Id`, `c`.`Is_Primary`, `c`.`Name`, `c`.`Status`, `c`.`Uid`, `c`.`User_Id`
FROM `Chairs` AS `c`

2024-07-27 18:22:51.359 +05:30  INF  Executed DbCommand (212ms) [Parameters=[@__id_0='?' (DbType = Int64)], CommandType='"Text"', CommandTimeout='30']
SELECT `p`.`Id`, `p`.`Age`, `p`.`Chamber_Id`, `p`.`Created_At`, `p`.`Email`, `p`.`Guardian`, `p`.`Is_Delete`, `p`.`Mobile`, `p`.`Mr_Number`, `p`.`Name`, `p`.`Password`, `p`.`Permanent_Address`, `p`.`Present_Address`, `p`.`Role`, `p`.`Sex`, `p`.`Slug`, `p`.`Thumb`, `p`.`Title`, `p`.`UserName`, `p`.`User_Id`, `p`.`Verify_Code`, `p`.`Weight`
FROM `Patientses` AS `p`
WHERE (`p`.`Is_Delete` = 0) AND (`p`.`Id` = @__id_0)
LIMIT 1

2024-07-27 18:22:51.411 +05:30  INF  Executed DbCommand (219ms) [Parameters=[@__id_0='?' (DbType = Int64)], CommandType='"Text"', CommandTimeout='30']
SELECT `p`.`Id`, `p`.`Age`, `p`.`Chamber_Id`, `p`.`Created_At`, `p`.`Email`, `p`.`Guardian`, `p`.`Is_Delete`, `p`.`Mobile`, `p`.`Mr_Number`, `p`.`Name`, `p`.`Password`, `p`.`Permanent_Address`, `p`.`Present_Address`, `p`.`Role`, `p`.`Sex`, `p`.`Slug`, `p`.`Thumb`, `p`.`Title`, `p`.`UserName`, `p`.`User_Id`, `p`.`Verify_Code`, `p`.`Weight`
FROM `Patientses` AS `p`
WHERE (`p`.`Is_Delete` = 0) AND (`p`.`Id` = @__id_0)
LIMIT 1

2024-07-27 18:22:51.553 +05:30  INF  Executed DbCommand (222ms) [Parameters=[@__userId_0='?' (DbType = Int32)], CommandType='"Text"', CommandTimeout='30']
SELECT COUNT(*)
FROM `Appointments` AS `a`
WHERE (`a`.`User_Id` = @__userId_0) AND (`a`.`Is_Delete` = 0)

2024-07-27 18:22:51.568 +05:30  INF  Executed DbCommand (421ms) [Parameters=[@__userId_0='?' (DbType = Int64)], CommandType='"Text"', CommandTimeout='30']
SELECT `d`.`Id`, `d`.`Age`, `d`.`Blood_Group`, `d`.`Created_At`, `d`.`Dob`, `d`.`Email`, `d`.`Email2`, `d`.`Gender`, `d`.`Gst_Number`, `d`.`Is_Delete`, `d`.`Marital_Status`, `d`.`Name`, `d`.`Pan_Number`, `d`.`Password`, `d`.`Phone1`, `d`.`Phone2`, `d`.`Phone3`, `d`.`Phone4`, `d`.`Qualification`, `d`.`Role`, `d`.`Speciality`, `d`.`Thumb`, `d`.`Updated_At`, `d`.`User_Id`
FROM `Doctors` AS `d`
WHERE (`d`.`User_Id` = @__userId_0) AND (`d`.`Is_Delete` = 0)

2024-07-27 18:22:51.592 +05:30  INF  Executed DbCommand (430ms) [Parameters=[@__userId_0='?' (DbType = Int64)], CommandType='"Text"', CommandTimeout='30']
SELECT `p`.`Id`, `p`.`Age`, `p`.`Chamber_Id`, `p`.`Created_At`, `p`.`Email`, `p`.`Guardian`, `p`.`Is_Delete`, `p`.`Mobile`, `p`.`Mr_Number`, `p`.`Name`, `p`.`Password`, `p`.`Permanent_Address`, `p`.`Present_Address`, `p`.`Role`, `p`.`Sex`, `p`.`Slug`, `p`.`Thumb`, `p`.`Title`, `p`.`UserName`, `p`.`User_Id`, `p`.`Verify_Code`, `p`.`Weight`
FROM `Patientses` AS `p`
WHERE (`p`.`User_Id` = @__userId_0) AND (`p`.`Is_Delete` = 0)

2024-07-27 18:22:51.992 +05:30  INF  Executed DbCommand (209ms) [Parameters=[@__Id_0='?' (DbType = Int64)], CommandType='"Text"', CommandTimeout='30']
SELECT `d`.`Id`, `d`.`Age`, `d`.`Blood_Group`, `d`.`Created_At`, `d`.`Dob`, `d`.`Email`, `d`.`Email2`, `d`.`Gender`, `d`.`Gst_Number`, `d`.`Is_Delete`, `d`.`Marital_Status`, `d`.`Name`, `d`.`Pan_Number`, `d`.`Password`, `d`.`Phone1`, `d`.`Phone2`, `d`.`Phone3`, `d`.`Phone4`, `d`.`Qualification`, `d`.`Role`, `d`.`Speciality`, `d`.`Thumb`, `d`.`Updated_At`, `d`.`User_Id`
FROM `Doctors` AS `d`
WHERE `d`.`Id` = @__Id_0
LIMIT 2

2024-07-27 18:22:52.201 +05:30  INF  Executed DbCommand (418ms) [Parameters=[], CommandType='"Text"', CommandTimeout='30']
SELECT `p`.`Id`, `p`.`Amount_Type`, `p`.`Balance`, `p`.`Created_At`, `p`.`Credit_Amount`, `p`.`Debit_Amount`, `p`.`Description`, `p`.`Doctor_Id`, `p`.`Patient_Id`, `p`.`Payment_Mode`, `p`.`Updated_At`, `p`.`Workdone_Id`, `p`.`isPrinted`
FROM `Payment_History` AS `p`

2024-07-27 18:22:52.211 +05:30  INF  Executed DbCommand (217ms) [Parameters=[@__userId_0='?' (DbType = Int32)], CommandType='"Text"', CommandTimeout='30']
SELECT COUNT(*)
FROM `Appointments` AS `a`
WHERE ((`a`.`User_Id` = @__userId_0) AND (`a`.`Is_Delete` = 0)) AND (`a`.`Date` = CURDATE())

2024-07-27 18:22:52.211 +05:30  INF  Executing ObjectResult, writing value of type 'DCRM.Common.Dto.DashboardDto'.

2024-07-27 18:22:52.211 +05:30  INF  Executed action DCRM.Api.Controllers.DashboardController.Get (DCRM.Api) in 2640.6049ms

2024-07-27 18:22:52.211 +05:30  INF  Executed endpoint 'DCRM.Api.Controllers.DashboardController.Get (DCRM.Api)'

2024-07-27 18:22:52.211 +05:30  INF  Request finished HTTP/2 GET https://localhost:7069/api/Dashboard/Get application/json - - 200 - application/json;+charset=utf-8 3299.5390ms

2024-07-27 18:22:52.288 +05:30  INF  Executed DbCommand (438ms) [Parameters=[], CommandType='"Text"', CommandTimeout='30']
SELECT `p`.`Id`, `p`.`Amount_Type`, `p`.`Balance`, `p`.`Created_At`, `p`.`Credit_Amount`, `p`.`Debit_Amount`, `p`.`Description`, `p`.`Doctor_Id`, `p`.`Patient_Id`, `p`.`Payment_Mode`, `p`.`Updated_At`, `p`.`Workdone_Id`, `p`.`isPrinted`
FROM `Payment_History` AS `p`

2024-07-27 18:22:52.428 +05:30  INF  Executing ObjectResult, writing value of type 'System.Collections.Generic.List`1[[DCRM.Common.Dto.DropdownDataDto, DCRM.Common, Version=1.0.0.0, Culture=neutral, PublicKeyToken=null]]'.

2024-07-27 18:22:52.428 +05:30  INF  Executed action DCRM.Api.Controllers.DoctorController.DoctorNameList (DCRM.Api) in 1701.7154ms

2024-07-27 18:22:52.428 +05:30  INF  Executed endpoint 'DCRM.Api.Controllers.DoctorController.DoctorNameList (DCRM.Api)'

2024-07-27 18:22:52.428 +05:30  INF  Request finished HTTP/2 GET https://localhost:7069/api/Doctor/Get/Names application/json - - 200 - application/json;+charset=utf-8 2334.3344ms

2024-07-27 18:22:52.459 +05:30  INF  Executing ObjectResult, writing value of type 'System.Collections.Generic.List`1[[DCRM.Common.Dto.DropdownDataDto, DCRM.Common, Version=1.0.0.0, Culture=neutral, PublicKeyToken=null]]'.

2024-07-27 18:22:52.459 +05:30  INF  Executed action DCRM.Api.Controllers.PatientController.PatientDetailList (DCRM.Api) in 1723.165ms

2024-07-27 18:22:52.459 +05:30  INF  Executed endpoint 'DCRM.Api.Controllers.PatientController.PatientDetailList (DCRM.Api)'

2024-07-27 18:22:52.459 +05:30  INF  Request finished HTTP/2 GET https://localhost:7069/api/Patient/Get/Names application/json - - 200 - application/json;+charset=utf-8 2365.0562ms

2024-07-27 18:22:52.628 +05:30  INF  Executed DbCommand (210ms) [Parameters=[@__Id_0='?' (DbType = Int64)], CommandType='"Text"', CommandTimeout='30']
SELECT `d`.`Id`, `d`.`Age`, `d`.`Blood_Group`, `d`.`Created_At`, `d`.`Dob`, `d`.`Email`, `d`.`Email2`, `d`.`Gender`, `d`.`Gst_Number`, `d`.`Is_Delete`, `d`.`Marital_Status`, `d`.`Name`, `d`.`Pan_Number`, `d`.`Password`, `d`.`Phone1`, `d`.`Phone2`, `d`.`Phone3`, `d`.`Phone4`, `d`.`Qualification`, `d`.`Role`, `d`.`Speciality`, `d`.`Thumb`, `d`.`Updated_At`, `d`.`User_Id`
FROM `Doctors` AS `d`
WHERE `d`.`Id` = @__Id_0
LIMIT 2

2024-07-27 18:22:53.044 +05:30  INF  Executed DbCommand (208ms) [Parameters=[@__p_0='?' (DbType = Int64)], CommandType='"Text"', CommandTimeout='30']
SELECT `p`.`Id`, `p`.`Amount`, `p`.`Balance_Amount`, `p`.`Balance_Spent`, `p`.`Created_At`, `p`.`Name`, `p`.`Patients_Id`, `p`.`Type`, `p`.`Updated_At`
FROM `Patients_Insurance_Loan` AS `p`
WHERE `p`.`Patients_Id` = @__p_0

2024-07-27 18:22:53.161 +05:30  INF  Executed DbCommand (219ms) [Parameters=[@__p_0='?' (DbType = Int64)], CommandType='"Text"', CommandTimeout='30']
SELECT `p`.`Id`, `p`.`Amount`, `p`.`Balance_Amount`, `p`.`Balance_Spent`, `p`.`Created_At`, `p`.`Name`, `p`.`Patients_Id`, `p`.`Type`, `p`.`Updated_At`
FROM `Patients_Insurance_Loan` AS `p`
WHERE `p`.`Patients_Id` = @__p_0

2024-07-27 18:22:53.252 +05:30  INF  Executed DbCommand (208ms) [Parameters=[@__Id_0='?' (DbType = Int64)], CommandType='"Text"', CommandTimeout='30']
SELECT `d`.`Id`, `d`.`Age`, `d`.`Blood_Group`, `d`.`Created_At`, `d`.`Dob`, `d`.`Email`, `d`.`Email2`, `d`.`Gender`, `d`.`Gst_Number`, `d`.`Is_Delete`, `d`.`Marital_Status`, `d`.`Name`, `d`.`Pan_Number`, `d`.`Password`, `d`.`Phone1`, `d`.`Phone2`, `d`.`Phone3`, `d`.`Phone4`, `d`.`Qualification`, `d`.`Role`, `d`.`Speciality`, `d`.`Thumb`, `d`.`Updated_At`, `d`.`User_Id`
FROM `Doctors` AS `d`
WHERE `d`.`Id` = @__Id_0
LIMIT 2

2024-07-27 18:22:53.664 +05:30  INF  Executed DbCommand (208ms) [Parameters=[@__p_0='?' (DbType = Int64)], CommandType='"Text"', CommandTimeout='30']
SELECT `p`.`Id`, `p`.`Created_At`, `p`.`Patient_Id`, `p`.`Report`, `p`.`Report_Date`, `p`.`Report_File`, `p`.`Status`, `p`.`Test_Name`, `p`.`Test_Price`, `p`.`Updated_At`
FROM `Patient_Tests` AS `p`
WHERE `p`.`Patient_Id` = @__p_0

2024-07-27 18:22:53.817 +05:30  INF  Executed DbCommand (219ms) [Parameters=[@__p_0='?' (DbType = Int64)], CommandType='"Text"', CommandTimeout='30']
SELECT `p`.`Id`, `p`.`Created_At`, `p`.`Patient_Id`, `p`.`Report`, `p`.`Report_Date`, `p`.`Report_File`, `p`.`Status`, `p`.`Test_Name`, `p`.`Test_Price`, `p`.`Updated_At`
FROM `Patient_Tests` AS `p`
WHERE `p`.`Patient_Id` = @__p_0

2024-07-27 18:22:53.874 +05:30  INF  Executed DbCommand (210ms) [Parameters=[@__Id_0='?' (DbType = Int64)], CommandType='"Text"', CommandTimeout='30']
SELECT `d`.`Id`, `d`.`Age`, `d`.`Blood_Group`, `d`.`Created_At`, `d`.`Dob`, `d`.`Email`, `d`.`Email2`, `d`.`Gender`, `d`.`Gst_Number`, `d`.`Is_Delete`, `d`.`Marital_Status`, `d`.`Name`, `d`.`Pan_Number`, `d`.`Password`, `d`.`Phone1`, `d`.`Phone2`, `d`.`Phone3`, `d`.`Phone4`, `d`.`Qualification`, `d`.`Role`, `d`.`Speciality`, `d`.`Thumb`, `d`.`Updated_At`, `d`.`User_Id`
FROM `Doctors` AS `d`
WHERE `d`.`Id` = @__Id_0
LIMIT 2

2024-07-27 18:22:54.287 +05:30  INF  Executed DbCommand (209ms) [Parameters=[@__p_0='?' (DbType = Int64)], CommandType='"Text"', CommandTimeout='30']
SELECT `p`.`Id`, `p`.`Address_O`, `p`.`Address_Other`, `p`.`Address_R`, `p`.`City_O`, `p`.`City_Other`, `p`.`City_R`, `p`.`Country_O`, `p`.`Country_Other`, `p`.`Country_R`, `p`.`Created_At`, `p`.`Doctor_Name`, `p`.`Email`, `p`.`Email2`, `p`.`Medical_History_Allergies`, `p`.`Patient_Id`, `p`.`Phone`, `p`.`Phone1`, `p`.`Phone2`, `p`.`Phone3`, `p`.`Phone4`, `p`.`Physician`, `p`.`Reffered_By`, `p`.`Relationship_Type`, `p`.`Special_Notes`, `p`.`Updated_At`, `p`.`Zip_O`, `p`.`Zip_Other`, `p`.`Zip_R`
FROM `Patients_Contact` AS `p`
WHERE `p`.`Patient_Id` = @__p_0

2024-07-27 18:22:54.482 +05:30  INF  Executed DbCommand (221ms) [Parameters=[@__p_0='?' (DbType = Int64)], CommandType='"Text"', CommandTimeout='30']
SELECT `p`.`Id`, `p`.`Address_O`, `p`.`Address_Other`, `p`.`Address_R`, `p`.`City_O`, `p`.`City_Other`, `p`.`City_R`, `p`.`Country_O`, `p`.`Country_Other`, `p`.`Country_R`, `p`.`Created_At`, `p`.`Doctor_Name`, `p`.`Email`, `p`.`Email2`, `p`.`Medical_History_Allergies`, `p`.`Patient_Id`, `p`.`Phone`, `p`.`Phone1`, `p`.`Phone2`, `p`.`Phone3`, `p`.`Phone4`, `p`.`Physician`, `p`.`Reffered_By`, `p`.`Relationship_Type`, `p`.`Special_Notes`, `p`.`Updated_At`, `p`.`Zip_O`, `p`.`Zip_Other`, `p`.`Zip_R`
FROM `Patients_Contact` AS `p`
WHERE `p`.`Patient_Id` = @__p_0

2024-07-27 18:22:54.495 +05:30  INF  Executed DbCommand (210ms) [Parameters=[@__Id_0='?' (DbType = Int64)], CommandType='"Text"', CommandTimeout='30']
SELECT `d`.`Id`, `d`.`Age`, `d`.`Blood_Group`, `d`.`Created_At`, `d`.`Dob`, `d`.`Email`, `d`.`Email2`, `d`.`Gender`, `d`.`Gst_Number`, `d`.`Is_Delete`, `d`.`Marital_Status`, `d`.`Name`, `d`.`Pan_Number`, `d`.`Password`, `d`.`Phone1`, `d`.`Phone2`, `d`.`Phone3`, `d`.`Phone4`, `d`.`Qualification`, `d`.`Role`, `d`.`Speciality`, `d`.`Thumb`, `d`.`Updated_At`, `d`.`User_Id`
FROM `Doctors` AS `d`
WHERE `d`.`Id` = @__Id_0
LIMIT 2

2024-07-27 18:22:54.908 +05:30  INF  Executed DbCommand (207ms) [Parameters=[@__p_0='?' (DbType = Int64)], CommandType='"Text"', CommandTimeout='30']
SELECT `p`.`Id`, `p`.`Created_At`, `p`.`Patient_Id`, `p`.`Report`, `p`.`Report_File`, `p`.`Scan_Name`, `p`.`Status`, `p`.`Type`, `p`.`Updated_At`
FROM `Patient_Scans` AS `p`
WHERE `p`.`Patient_Id` = @__p_0

2024-07-27 18:22:54.908 +05:30  INF  Executing ObjectResult, writing value of type 'DCRM.Common.Dto.PatientseDto'.

2024-07-27 18:22:54.909 +05:30  INF  Executed action DCRM.Api.Controllers.PatientController.Get (DCRM.Api) in 4183.5248ms

2024-07-27 18:22:54.909 +05:30  INF  Executed endpoint 'DCRM.Api.Controllers.PatientController.Get (DCRM.Api)'

2024-07-27 18:22:54.909 +05:30  INF  Request finished HTTP/2 GET https://localhost:7069/api/Patient/Get/387 application/json - - 200 - application/json;+charset=utf-8 4814.9511ms

2024-07-27 18:22:55.117 +05:30  INF  Executed DbCommand (209ms) [Parameters=[@__Id_0='?' (DbType = Int64)], CommandType='"Text"', CommandTimeout='30']
SELECT `d`.`Id`, `d`.`Age`, `d`.`Blood_Group`, `d`.`Created_At`, `d`.`Dob`, `d`.`Email`, `d`.`Email2`, `d`.`Gender`, `d`.`Gst_Number`, `d`.`Is_Delete`, `d`.`Marital_Status`, `d`.`Name`, `d`.`Pan_Number`, `d`.`Password`, `d`.`Phone1`, `d`.`Phone2`, `d`.`Phone3`, `d`.`Phone4`, `d`.`Qualification`, `d`.`Role`, `d`.`Speciality`, `d`.`Thumb`, `d`.`Updated_At`, `d`.`User_Id`
FROM `Doctors` AS `d`
WHERE `d`.`Id` = @__Id_0
LIMIT 2

2024-07-27 18:22:55.133 +05:30  INF  Executed DbCommand (217ms) [Parameters=[@__p_0='?' (DbType = Int64)], CommandType='"Text"', CommandTimeout='30']
SELECT `p`.`Id`, `p`.`Created_At`, `p`.`Patient_Id`, `p`.`Report`, `p`.`Report_File`, `p`.`Scan_Name`, `p`.`Status`, `p`.`Type`, `p`.`Updated_At`
FROM `Patient_Scans` AS `p`
WHERE `p`.`Patient_Id` = @__p_0

2024-07-27 18:22:55.133 +05:30  INF  Executing ObjectResult, writing value of type 'DCRM.Common.Dto.PatientseDto'.

2024-07-27 18:22:55.134 +05:30  INF  Executed action DCRM.Api.Controllers.PatientController.Get (DCRM.Api) in 4379.7899ms

2024-07-27 18:22:55.134 +05:30  INF  Executed endpoint 'DCRM.Api.Controllers.PatientController.Get (DCRM.Api)'

2024-07-27 18:22:55.134 +05:30  INF  Request finished HTTP/2 GET https://localhost:7069/api/Patient/Get/508 application/json - - 200 - application/json;+charset=utf-8 5037.2126ms

2024-07-27 18:22:55.740 +05:30  INF  Executed DbCommand (209ms) [Parameters=[@__Id_0='?' (DbType = Int64)], CommandType='"Text"', CommandTimeout='30']
SELECT `d`.`Id`, `d`.`Age`, `d`.`Blood_Group`, `d`.`Created_At`, `d`.`Dob`, `d`.`Email`, `d`.`Email2`, `d`.`Gender`, `d`.`Gst_Number`, `d`.`Is_Delete`, `d`.`Marital_Status`, `d`.`Name`, `d`.`Pan_Number`, `d`.`Password`, `d`.`Phone1`, `d`.`Phone2`, `d`.`Phone3`, `d`.`Phone4`, `d`.`Qualification`, `d`.`Role`, `d`.`Speciality`, `d`.`Thumb`, `d`.`Updated_At`, `d`.`User_Id`
FROM `Doctors` AS `d`
WHERE `d`.`Id` = @__Id_0
LIMIT 2

2024-07-27 18:22:56.364 +05:30  INF  Executed DbCommand (209ms) [Parameters=[@__Id_0='?' (DbType = Int64)], CommandType='"Text"', CommandTimeout='30']
SELECT `d`.`Id`, `d`.`Age`, `d`.`Blood_Group`, `d`.`Created_At`, `d`.`Dob`, `d`.`Email`, `d`.`Email2`, `d`.`Gender`, `d`.`Gst_Number`, `d`.`Is_Delete`, `d`.`Marital_Status`, `d`.`Name`, `d`.`Pan_Number`, `d`.`Password`, `d`.`Phone1`, `d`.`Phone2`, `d`.`Phone3`, `d`.`Phone4`, `d`.`Qualification`, `d`.`Role`, `d`.`Speciality`, `d`.`Thumb`, `d`.`Updated_At`, `d`.`User_Id`
FROM `Doctors` AS `d`
WHERE `d`.`Id` = @__Id_0
LIMIT 2

2024-07-27 18:22:57.196 +05:30  INF  Executed DbCommand (417ms) [Parameters=[@__Id_0='?' (DbType = Int64)], CommandType='"Text"', CommandTimeout='30']
SELECT `d`.`Id`, `d`.`Age`, `d`.`Blood_Group`, `d`.`Created_At`, `d`.`Dob`, `d`.`Email`, `d`.`Email2`, `d`.`Gender`, `d`.`Gst_Number`, `d`.`Is_Delete`, `d`.`Marital_Status`, `d`.`Name`, `d`.`Pan_Number`, `d`.`Password`, `d`.`Phone1`, `d`.`Phone2`, `d`.`Phone3`, `d`.`Phone4`, `d`.`Qualification`, `d`.`Role`, `d`.`Speciality`, `d`.`Thumb`, `d`.`Updated_At`, `d`.`User_Id`
FROM `Doctors` AS `d`
WHERE `d`.`Id` = @__Id_0
LIMIT 2

2024-07-27 18:22:57.817 +05:30  INF  Executed DbCommand (207ms) [Parameters=[@__Id_0='?' (DbType = Int64)], CommandType='"Text"', CommandTimeout='30']
SELECT `d`.`Id`, `d`.`Age`, `d`.`Blood_Group`, `d`.`Created_At`, `d`.`Dob`, `d`.`Email`, `d`.`Email2`, `d`.`Gender`, `d`.`Gst_Number`, `d`.`Is_Delete`, `d`.`Marital_Status`, `d`.`Name`, `d`.`Pan_Number`, `d`.`Password`, `d`.`Phone1`, `d`.`Phone2`, `d`.`Phone3`, `d`.`Phone4`, `d`.`Qualification`, `d`.`Role`, `d`.`Speciality`, `d`.`Thumb`, `d`.`Updated_At`, `d`.`User_Id`
FROM `Doctors` AS `d`
WHERE `d`.`Id` = @__Id_0
LIMIT 2

2024-07-27 18:22:58.441 +05:30  INF  Executed DbCommand (210ms) [Parameters=[@__Id_0='?' (DbType = Int64)], CommandType='"Text"', CommandTimeout='30']
SELECT `d`.`Id`, `d`.`Age`, `d`.`Blood_Group`, `d`.`Created_At`, `d`.`Dob`, `d`.`Email`, `d`.`Email2`, `d`.`Gender`, `d`.`Gst_Number`, `d`.`Is_Delete`, `d`.`Marital_Status`, `d`.`Name`, `d`.`Pan_Number`, `d`.`Password`, `d`.`Phone1`, `d`.`Phone2`, `d`.`Phone3`, `d`.`Phone4`, `d`.`Qualification`, `d`.`Role`, `d`.`Speciality`, `d`.`Thumb`, `d`.`Updated_At`, `d`.`User_Id`
FROM `Doctors` AS `d`
WHERE `d`.`Id` = @__Id_0
LIMIT 2

2024-07-27 18:22:59.064 +05:30  INF  Executed DbCommand (209ms) [Parameters=[@__Id_0='?' (DbType = Int64)], CommandType='"Text"', CommandTimeout='30']
SELECT `d`.`Id`, `d`.`Age`, `d`.`Blood_Group`, `d`.`Created_At`, `d`.`Dob`, `d`.`Email`, `d`.`Email2`, `d`.`Gender`, `d`.`Gst_Number`, `d`.`Is_Delete`, `d`.`Marital_Status`, `d`.`Name`, `d`.`Pan_Number`, `d`.`Password`, `d`.`Phone1`, `d`.`Phone2`, `d`.`Phone3`, `d`.`Phone4`, `d`.`Qualification`, `d`.`Role`, `d`.`Speciality`, `d`.`Thumb`, `d`.`Updated_At`, `d`.`User_Id`
FROM `Doctors` AS `d`
WHERE `d`.`Id` = @__Id_0
LIMIT 2

2024-07-27 18:22:59.689 +05:30  INF  Executed DbCommand (209ms) [Parameters=[@__Id_0='?' (DbType = Int64)], CommandType='"Text"', CommandTimeout='30']
SELECT `d`.`Id`, `d`.`Age`, `d`.`Blood_Group`, `d`.`Created_At`, `d`.`Dob`, `d`.`Email`, `d`.`Email2`, `d`.`Gender`, `d`.`Gst_Number`, `d`.`Is_Delete`, `d`.`Marital_Status`, `d`.`Name`, `d`.`Pan_Number`, `d`.`Password`, `d`.`Phone1`, `d`.`Phone2`, `d`.`Phone3`, `d`.`Phone4`, `d`.`Qualification`, `d`.`Role`, `d`.`Speciality`, `d`.`Thumb`, `d`.`Updated_At`, `d`.`User_Id`
FROM `Doctors` AS `d`
WHERE `d`.`Id` = @__Id_0
LIMIT 2

2024-07-27 18:23:00.312 +05:30  INF  Executed DbCommand (208ms) [Parameters=[@__Id_0='?' (DbType = Int64)], CommandType='"Text"', CommandTimeout='30']
SELECT `d`.`Id`, `d`.`Age`, `d`.`Blood_Group`, `d`.`Created_At`, `d`.`Dob`, `d`.`Email`, `d`.`Email2`, `d`.`Gender`, `d`.`Gst_Number`, `d`.`Is_Delete`, `d`.`Marital_Status`, `d`.`Name`, `d`.`Pan_Number`, `d`.`Password`, `d`.`Phone1`, `d`.`Phone2`, `d`.`Phone3`, `d`.`Phone4`, `d`.`Qualification`, `d`.`Role`, `d`.`Speciality`, `d`.`Thumb`, `d`.`Updated_At`, `d`.`User_Id`
FROM `Doctors` AS `d`
WHERE `d`.`Id` = @__Id_0
LIMIT 2

2024-07-27 18:23:00.936 +05:30  INF  Executed DbCommand (209ms) [Parameters=[@__Id_0='?' (DbType = Int64)], CommandType='"Text"', CommandTimeout='30']
SELECT `d`.`Id`, `d`.`Age`, `d`.`Blood_Group`, `d`.`Created_At`, `d`.`Dob`, `d`.`Email`, `d`.`Email2`, `d`.`Gender`, `d`.`Gst_Number`, `d`.`Is_Delete`, `d`.`Marital_Status`, `d`.`Name`, `d`.`Pan_Number`, `d`.`Password`, `d`.`Phone1`, `d`.`Phone2`, `d`.`Phone3`, `d`.`Phone4`, `d`.`Qualification`, `d`.`Role`, `d`.`Speciality`, `d`.`Thumb`, `d`.`Updated_At`, `d`.`User_Id`
FROM `Doctors` AS `d`
WHERE `d`.`Id` = @__Id_0
LIMIT 2

2024-07-27 18:23:01.562 +05:30  INF  Executed DbCommand (208ms) [Parameters=[@__Id_0='?' (DbType = Int64)], CommandType='"Text"', CommandTimeout='30']
SELECT `d`.`Id`, `d`.`Age`, `d`.`Blood_Group`, `d`.`Created_At`, `d`.`Dob`, `d`.`Email`, `d`.`Email2`, `d`.`Gender`, `d`.`Gst_Number`, `d`.`Is_Delete`, `d`.`Marital_Status`, `d`.`Name`, `d`.`Pan_Number`, `d`.`Password`, `d`.`Phone1`, `d`.`Phone2`, `d`.`Phone3`, `d`.`Phone4`, `d`.`Qualification`, `d`.`Role`, `d`.`Speciality`, `d`.`Thumb`, `d`.`Updated_At`, `d`.`User_Id`
FROM `Doctors` AS `d`
WHERE `d`.`Id` = @__Id_0
LIMIT 2

2024-07-27 18:23:02.186 +05:30  INF  Executed DbCommand (208ms) [Parameters=[@__Id_0='?' (DbType = Int64)], CommandType='"Text"', CommandTimeout='30']
SELECT `d`.`Id`, `d`.`Age`, `d`.`Blood_Group`, `d`.`Created_At`, `d`.`Dob`, `d`.`Email`, `d`.`Email2`, `d`.`Gender`, `d`.`Gst_Number`, `d`.`Is_Delete`, `d`.`Marital_Status`, `d`.`Name`, `d`.`Pan_Number`, `d`.`Password`, `d`.`Phone1`, `d`.`Phone2`, `d`.`Phone3`, `d`.`Phone4`, `d`.`Qualification`, `d`.`Role`, `d`.`Speciality`, `d`.`Thumb`, `d`.`Updated_At`, `d`.`User_Id`
FROM `Doctors` AS `d`
WHERE `d`.`Id` = @__Id_0
LIMIT 2

2024-07-27 18:23:02.810 +05:30  INF  Executed DbCommand (206ms) [Parameters=[@__Id_0='?' (DbType = Int64)], CommandType='"Text"', CommandTimeout='30']
SELECT `d`.`Id`, `d`.`Age`, `d`.`Blood_Group`, `d`.`Created_At`, `d`.`Dob`, `d`.`Email`, `d`.`Email2`, `d`.`Gender`, `d`.`Gst_Number`, `d`.`Is_Delete`, `d`.`Marital_Status`, `d`.`Name`, `d`.`Pan_Number`, `d`.`Password`, `d`.`Phone1`, `d`.`Phone2`, `d`.`Phone3`, `d`.`Phone4`, `d`.`Qualification`, `d`.`Role`, `d`.`Speciality`, `d`.`Thumb`, `d`.`Updated_At`, `d`.`User_Id`
FROM `Doctors` AS `d`
WHERE `d`.`Id` = @__Id_0
LIMIT 2

2024-07-27 18:23:03.434 +05:30  INF  Executed DbCommand (210ms) [Parameters=[@__Id_0='?' (DbType = Int64)], CommandType='"Text"', CommandTimeout='30']
SELECT `d`.`Id`, `d`.`Age`, `d`.`Blood_Group`, `d`.`Created_At`, `d`.`Dob`, `d`.`Email`, `d`.`Email2`, `d`.`Gender`, `d`.`Gst_Number`, `d`.`Is_Delete`, `d`.`Marital_Status`, `d`.`Name`, `d`.`Pan_Number`, `d`.`Password`, `d`.`Phone1`, `d`.`Phone2`, `d`.`Phone3`, `d`.`Phone4`, `d`.`Qualification`, `d`.`Role`, `d`.`Speciality`, `d`.`Thumb`, `d`.`Updated_At`, `d`.`User_Id`
FROM `Doctors` AS `d`
WHERE `d`.`Id` = @__Id_0
LIMIT 2

2024-07-27 18:23:03.434 +05:30  INF  Executing ObjectResult, writing value of type 'System.Collections.Generic.List`1[[DCRM.Common.Dto.ChairDto, DCRM.Common, Version=1.0.0.0, Culture=neutral, PublicKeyToken=null]]'.

2024-07-27 18:23:03.435 +05:30  INF  Executed action DCRM.Api.Controllers.ChairController.GetAll (DCRM.Api) in 12708.3544ms

2024-07-27 18:23:03.435 +05:30  INF  Executed endpoint 'DCRM.Api.Controllers.ChairController.GetAll (DCRM.Api)'

2024-07-27 18:23:03.435 +05:30  INF  Request finished HTTP/2 GET https://localhost:7069/api/Chair/GetAll application/json - - 200 - application/json;+charset=utf-8 13335.3335ms

2024-07-27 21:04:00.126 +05:30  INF  Request starting HTTP/2 OPTIONS https://localhost:7069/api/Appointment/Get/387 - -

2024-07-27 21:04:00.126 +05:30  INF  CORS policy execution successful.

2024-07-27 21:04:00.126 +05:30  INF  Request finished HTTP/2 OPTIONS https://localhost:7069/api/Appointment/Get/387 - - - 204 - - 0.6525ms

2024-07-27 21:04:00.128 +05:30  INF  Request starting HTTP/2 GET https://localhost:7069/api/Appointment/Get/387 application/json -

2024-07-27 21:04:00.128 +05:30  INF  CORS policy execution successful.

2024-07-27 21:04:00.196 +05:30  INF  Executing endpoint 'DCRM.Api.Controllers.AppointmentController.Get (DCRM.Api)'

2024-07-27 21:04:00.196 +05:30  INF  Route matched with {action = "Get", controller = "Appointment"}. Executing controller action with signature DCRM.Common.Entity.Appointment Get(Int32) on controller DCRM.Api.Controllers.AppointmentController (DCRM.Api).

2024-07-27 21:04:00.368 +05:30  INF  Request starting HTTP/2 OPTIONS https://localhost:7069/api/Dashboard/Get - -

2024-07-27 21:04:00.368 +05:30  INF  CORS policy execution successful.

2024-07-27 21:04:00.368 +05:30  INF  Request finished HTTP/2 OPTIONS https://localhost:7069/api/Dashboard/Get - - - 204 - - 0.3470ms

2024-07-27 21:04:00.371 +05:30  INF  Request starting HTTP/2 GET https://localhost:7069/api/Dashboard/Get application/json -

2024-07-27 21:04:00.371 +05:30  INF  CORS policy execution successful.

2024-07-27 21:04:00.399 +05:30  INF  Executing endpoint 'DCRM.Api.Controllers.DashboardController.Get (DCRM.Api)'

2024-07-27 21:04:00.399 +05:30  INF  Route matched with {action = "Get", controller = "Dashboard"}. Executing controller action with signature DCRM.Common.Dto.DashboardDto Get() on controller DCRM.Api.Controllers.DashboardController (DCRM.Api).

2024-07-27 21:04:00.400 +05:30  INF  Executing ObjectResult, writing value of type 'DCRM.Common.Dto.DashboardDto'.

2024-07-27 21:04:00.400 +05:30  INF  Executed action DCRM.Api.Controllers.DashboardController.Get (DCRM.Api) in 0.2938ms

2024-07-27 21:04:00.400 +05:30  INF  Executed endpoint 'DCRM.Api.Controllers.DashboardController.Get (DCRM.Api)'

2024-07-27 21:04:00.400 +05:30  INF  Request finished HTTP/2 GET https://localhost:7069/api/Dashboard/Get application/json - - 200 - application/json;+charset=utf-8 28.9948ms

2024-07-27 21:04:03.173 +05:30  INF  Executed DbCommand (208ms) [Parameters=[@__id_0='?' (DbType = Int64)], CommandType='"Text"', CommandTimeout='30']
SELECT `a`.`Id`, `a`.`Appointment_Status`, `a`.`Cause`, `a`.`Chair`, `a`.`Chamber_Id`, `a`.`Created_At`, `a`.`Date`, `a`.`Doctor_Id`, `a`.`Doctor_Name`, `a`.`End_Time`, `a`.`Extra_Notes`, `a`.`Files`, `a`.`Is_Delete`, `a`.`Is_Start`, `a`.`Meeting_Notes`, `a`.`Number_Of_Slot`, `a`.`Patient_Id`, `a`.`Prescription_Id`, `a`.`Serial_Id`, `a`.`Slot_Time`, `a`.`Start_Time`, `a`.`Status`, `a`.`Type`, `a`.`User_Id`, `a`.`Workdone_Id`
FROM `Appointments` AS `a`
WHERE (`a`.`Id` = @__id_0) AND (`a`.`Is_Delete` = 0)
LIMIT 1

2024-07-27 21:04:03.174 +05:30  INF  Executing ObjectResult, writing value of type 'DCRM.Common.Entity.Appointment'.

2024-07-27 21:04:03.174 +05:30  INF  Executed action DCRM.Api.Controllers.AppointmentController.Get (DCRM.Api) in 2977.7269ms

2024-07-27 21:04:03.174 +05:30  INF  Executed endpoint 'DCRM.Api.Controllers.AppointmentController.Get (DCRM.Api)'

2024-07-27 21:04:03.174 +05:30  INF  Request finished HTTP/2 GET https://localhost:7069/api/Appointment/Get/387 application/json - - 200 - application/json;+charset=utf-8 3045.9006ms

2024-07-27 21:04:03.199 +05:30  INF  Request starting HTTP/2 OPTIONS https://localhost:7069/api/Doctor/Get/Names - -

2024-07-27 21:04:03.199 +05:30  INF  Request starting HTTP/2 OPTIONS https://localhost:7069/api/Patient/Get/387 - -

2024-07-27 21:04:03.200 +05:30  INF  CORS policy execution successful.

2024-07-27 21:04:03.200 +05:30  INF  CORS policy execution successful.

2024-07-27 21:04:03.200 +05:30  INF  Request finished HTTP/2 OPTIONS https://localhost:7069/api/Doctor/Get/Names - - - 204 - - 0.4326ms

2024-07-27 21:04:03.200 +05:30  INF  Request finished HTTP/2 OPTIONS https://localhost:7069/api/Patient/Get/387 - - - 204 - - 0.6467ms

2024-07-27 21:04:03.201 +05:30  INF  Request starting HTTP/2 OPTIONS https://localhost:7069/api/Patient/Get/Names - -

2024-07-27 21:04:03.201 +05:30  INF  CORS policy execution successful.

2024-07-27 21:04:03.201 +05:30  INF  Request finished HTTP/2 OPTIONS https://localhost:7069/api/Patient/Get/Names - - - 204 - - 1.0822ms

2024-07-27 21:04:03.210 +05:30  INF  Request starting HTTP/2 GET https://localhost:7069/api/Doctor/Get/Names application/json -

2024-07-27 21:04:03.210 +05:30  INF  Request starting HTTP/2 OPTIONS https://localhost:7069/api/Patient/Get/508 - -

2024-07-27 21:04:03.210 +05:30  INF  Request starting HTTP/2 OPTIONS https://localhost:7069/api/Chair/GetAll - -

2024-07-27 21:04:03.210 +05:30  INF  CORS policy execution successful.

2024-07-27 21:04:03.210 +05:30  INF  CORS policy execution successful.

2024-07-27 21:04:03.210 +05:30  INF  CORS policy execution successful.

2024-07-27 21:04:03.210 +05:30  INF  Request finished HTTP/2 OPTIONS https://localhost:7069/api/Chair/GetAll - - - 204 - - 0.3271ms

2024-07-27 21:04:03.210 +05:30  INF  Request finished HTTP/2 OPTIONS https://localhost:7069/api/Patient/Get/508 - - - 204 - - 0.3813ms

2024-07-27 21:04:03.213 +05:30  INF  Request starting HTTP/2 GET https://localhost:7069/api/Patient/Get/Names application/json -

2024-07-27 21:04:03.214 +05:30  INF  Request starting HTTP/2 GET https://localhost:7069/api/Patient/Get/387 application/json -

2024-07-27 21:04:03.214 +05:30  INF  CORS policy execution successful.

2024-07-27 21:04:03.214 +05:30  INF  Request starting HTTP/2 GET https://localhost:7069/api/Chair/GetAll application/json -

2024-07-27 21:04:03.214 +05:30  INF  CORS policy execution successful.

2024-07-27 21:04:03.214 +05:30  INF  CORS policy execution successful.

2024-07-27 21:04:03.214 +05:30  INF  Request starting HTTP/2 GET https://localhost:7069/api/Patient/Get/508 application/json -

2024-07-27 21:04:03.215 +05:30  INF  CORS policy execution successful.

2024-07-27 21:04:03.260 +05:30  INF  Executing endpoint 'DCRM.Api.Controllers.PatientController.Get (DCRM.Api)'

2024-07-27 21:04:03.260 +05:30  INF  Route matched with {action = "Get", controller = "Patient"}. Executing controller action with signature DCRM.Common.Dto.PatientseDto Get(Int64) on controller DCRM.Api.Controllers.PatientController (DCRM.Api).

2024-07-27 21:04:03.313 +05:30  INF  Executing endpoint 'DCRM.Api.Controllers.PatientController.Get (DCRM.Api)'

2024-07-27 21:04:03.313 +05:30  INF  Executing endpoint 'DCRM.Api.Controllers.DoctorController.DoctorNameList (DCRM.Api)'

2024-07-27 21:04:03.313 +05:30  INF  Route matched with {action = "DoctorNameList", controller = "Doctor"}. Executing controller action with signature System.Collections.Generic.List`1[DCRM.Common.Dto.DropdownDataDto] DoctorNameList() on controller DCRM.Api.Controllers.DoctorController (DCRM.Api).

2024-07-27 21:04:03.313 +05:30  INF  Executing endpoint 'DCRM.Api.Controllers.PatientController.PatientDetailList (DCRM.Api)'

2024-07-27 21:04:03.313 +05:30  INF  Executing endpoint 'DCRM.Api.Controllers.ChairController.GetAll (DCRM.Api)'

2024-07-27 21:04:03.313 +05:30  INF  Route matched with {action = "PatientDetailList", controller = "Patient"}. Executing controller action with signature System.Collections.Generic.List`1[DCRM.Common.Dto.DropdownDataDto] PatientDetailList() on controller DCRM.Api.Controllers.PatientController (DCRM.Api).

2024-07-27 21:04:03.313 +05:30  INF  Route matched with {action = "GetAll", controller = "Chair"}. Executing controller action with signature System.Collections.Generic.List`1[DCRM.Common.Dto.ChairDto] GetAll() on controller DCRM.Api.Controllers.ChairController (DCRM.Api).

2024-07-27 21:04:03.313 +05:30  INF  Route matched with {action = "Get", controller = "Patient"}. Executing controller action with signature DCRM.Common.Dto.PatientseDto Get(Int64) on controller DCRM.Api.Controllers.PatientController (DCRM.Api).

2024-07-27 21:04:10.846 +05:30  INF  Executed DbCommand (1,254ms) [Parameters=[@__id_0='?' (DbType = Int64)], CommandType='"Text"', CommandTimeout='30']
SELECT `p`.`Id`, `p`.`Age`, `p`.`Chamber_Id`, `p`.`Created_At`, `p`.`Email`, `p`.`Guardian`, `p`.`Is_Delete`, `p`.`Mobile`, `p`.`Mr_Number`, `p`.`Name`, `p`.`Password`, `p`.`Permanent_Address`, `p`.`Present_Address`, `p`.`Role`, `p`.`Sex`, `p`.`Slug`, `p`.`Thumb`, `p`.`Title`, `p`.`UserName`, `p`.`User_Id`, `p`.`Verify_Code`, `p`.`Weight`
FROM `Patientses` AS `p`
WHERE (`p`.`Is_Delete` = 0) AND (`p`.`Id` = @__id_0)
LIMIT 1

2024-07-27 21:04:11.824 +05:30  INF  Executed action DCRM.Api.Controllers.PatientController.PatientDetailList (DCRM.Api) in 8511.2362ms

2024-07-27 21:04:11.824 +05:30  INF  Executed action DCRM.Api.Controllers.DoctorController.DoctorNameList (DCRM.Api) in 8511.4888ms

2024-07-27 21:04:11.828 +05:30  INF  Executed endpoint 'DCRM.Api.Controllers.PatientController.PatientDetailList (DCRM.Api)'

2024-07-27 21:04:11.828 +05:30  INF  Executed endpoint 'DCRM.Api.Controllers.DoctorController.DoctorNameList (DCRM.Api)'

2024-07-27 21:04:13.665 +05:30  INF  Executed DbCommand (901ms) [Parameters=[], CommandType='"Text"', CommandTimeout='30']
SELECT `p`.`Id`, `p`.`Amount_Type`, `p`.`Balance`, `p`.`Created_At`, `p`.`Credit_Amount`, `p`.`Debit_Amount`, `p`.`Description`, `p`.`Doctor_Id`, `p`.`Patient_Id`, `p`.`Payment_Mode`, `p`.`Updated_At`, `p`.`Workdone_Id`, `p`.`isPrinted`
FROM `Payment_History` AS `p`

2024-07-27 21:04:15.502 +05:30  INF  Request finished HTTP/2 GET https://localhost:7069/api/Patient/Get/Names application/json - - 500 - application/json 12288.2664ms

2024-07-27 21:04:15.502 +05:30  INF  Request finished HTTP/2 GET https://localhost:7069/api/Doctor/Get/Names application/json - - 500 - application/json 12292.0087ms

2024-07-27 21:04:16.110 +05:30  INF  Executed DbCommand (205ms) [Parameters=[@__p_0='?' (DbType = Int64)], CommandType='"Text"', CommandTimeout='30']
SELECT `p`.`Id`, `p`.`Amount`, `p`.`Balance_Amount`, `p`.`Balance_Spent`, `p`.`Created_At`, `p`.`Name`, `p`.`Patients_Id`, `p`.`Type`, `p`.`Updated_At`
FROM `Patients_Insurance_Loan` AS `p`
WHERE `p`.`Patients_Id` = @__p_0

2024-07-27 21:04:16.738 +05:30  INF  Executed DbCommand (213ms) [Parameters=[@__p_0='?' (DbType = Int64)], CommandType='"Text"', CommandTimeout='30']
SELECT `p`.`Id`, `p`.`Created_At`, `p`.`Patient_Id`, `p`.`Report`, `p`.`Report_Date`, `p`.`Report_File`, `p`.`Status`, `p`.`Test_Name`, `p`.`Test_Price`, `p`.`Updated_At`
FROM `Patient_Tests` AS `p`
WHERE `p`.`Patient_Id` = @__p_0

2024-07-27 21:04:17.155 +05:30  INF  Executed DbCommand (208ms) [Parameters=[], CommandType='"Text"', CommandTimeout='30']
SELECT `c`.`Id`, `c`.`Address`, `c`.`Appoinment_Limit`, `c`.`Created_At`, `c`.`Doctor_Id`, `c`.`Is_Primary`, `c`.`Name`, `c`.`Status`, `c`.`Uid`, `c`.`User_Id`
FROM `Chairs` AS `c`

2024-07-27 21:04:17.362 +05:30  INF  Executed DbCommand (208ms) [Parameters=[@__id_0='?' (DbType = Int64)], CommandType='"Text"', CommandTimeout='30']
SELECT `p`.`Id`, `p`.`Age`, `p`.`Chamber_Id`, `p`.`Created_At`, `p`.`Email`, `p`.`Guardian`, `p`.`Is_Delete`, `p`.`Mobile`, `p`.`Mr_Number`, `p`.`Name`, `p`.`Password`, `p`.`Permanent_Address`, `p`.`Present_Address`, `p`.`Role`, `p`.`Sex`, `p`.`Slug`, `p`.`Thumb`, `p`.`Title`, `p`.`UserName`, `p`.`User_Id`, `p`.`Verify_Code`, `p`.`Weight`
FROM `Patientses` AS `p`
WHERE (`p`.`Is_Delete` = 0) AND (`p`.`Id` = @__id_0)
LIMIT 1

2024-07-27 21:04:17.363 +05:30  INF  Executed DbCommand (209ms) [Parameters=[@__p_0='?' (DbType = Int64)], CommandType='"Text"', CommandTimeout='30']
SELECT `p`.`Id`, `p`.`Address_O`, `p`.`Address_Other`, `p`.`Address_R`, `p`.`City_O`, `p`.`City_Other`, `p`.`City_R`, `p`.`Country_O`, `p`.`Country_Other`, `p`.`Country_R`, `p`.`Created_At`, `p`.`Doctor_Name`, `p`.`Email`, `p`.`Email2`, `p`.`Medical_History_Allergies`, `p`.`Patient_Id`, `p`.`Phone`, `p`.`Phone1`, `p`.`Phone2`, `p`.`Phone3`, `p`.`Phone4`, `p`.`Physician`, `p`.`Reffered_By`, `p`.`Relationship_Type`, `p`.`Special_Notes`, `p`.`Updated_At`, `p`.`Zip_O`, `p`.`Zip_Other`, `p`.`Zip_R`
FROM `Patients_Contact` AS `p`
WHERE `p`.`Patient_Id` = @__p_0

2024-07-27 21:04:17.777 +05:30  INF  Executed DbCommand (207ms) [Parameters=[@__Id_0='?' (DbType = Int64)], CommandType='"Text"', CommandTimeout='30']
SELECT `d`.`Id`, `d`.`Age`, `d`.`Blood_Group`, `d`.`Created_At`, `d`.`Dob`, `d`.`Email`, `d`.`Email2`, `d`.`Gender`, `d`.`Gst_Number`, `d`.`Is_Delete`, `d`.`Marital_Status`, `d`.`Name`, `d`.`Pan_Number`, `d`.`Password`, `d`.`Phone1`, `d`.`Phone2`, `d`.`Phone3`, `d`.`Phone4`, `d`.`Qualification`, `d`.`Role`, `d`.`Speciality`, `d`.`Thumb`, `d`.`Updated_At`, `d`.`User_Id`
FROM `Doctors` AS `d`
WHERE `d`.`Id` = @__Id_0
LIMIT 2

2024-07-27 21:04:17.987 +05:30  INF  Executed DbCommand (211ms) [Parameters=[], CommandType='"Text"', CommandTimeout='30']
SELECT `p`.`Id`, `p`.`Amount_Type`, `p`.`Balance`, `p`.`Created_At`, `p`.`Credit_Amount`, `p`.`Debit_Amount`, `p`.`Description`, `p`.`Doctor_Id`, `p`.`Patient_Id`, `p`.`Payment_Mode`, `p`.`Updated_At`, `p`.`Workdone_Id`, `p`.`isPrinted`
FROM `Payment_History` AS `p`

2024-07-27 21:04:17.991 +05:30  INF  Executed DbCommand (215ms) [Parameters=[@__p_0='?' (DbType = Int64)], CommandType='"Text"', CommandTimeout='30']
SELECT `p`.`Id`, `p`.`Created_At`, `p`.`Patient_Id`, `p`.`Report`, `p`.`Report_File`, `p`.`Scan_Name`, `p`.`Status`, `p`.`Type`, `p`.`Updated_At`
FROM `Patient_Scans` AS `p`
WHERE `p`.`Patient_Id` = @__p_0

2024-07-27 21:04:17.991 +05:30  INF  Executing ObjectResult, writing value of type 'DCRM.Common.Dto.PatientseDto'.

2024-07-27 21:04:17.992 +05:30  INF  Executed action DCRM.Api.Controllers.PatientController.Get (DCRM.Api) in 14731.2276ms

2024-07-27 21:04:17.992 +05:30  INF  Executed endpoint 'DCRM.Api.Controllers.PatientController.Get (DCRM.Api)'

2024-07-27 21:04:17.992 +05:30  INF  Request finished HTTP/2 GET https://localhost:7069/api/Patient/Get/508 application/json - - 200 - application/json;+charset=utf-8 14777.6481ms

2024-07-27 21:04:18.408 +05:30  INF  Executed DbCommand (210ms) [Parameters=[@__Id_0='?' (DbType = Int64)], CommandType='"Text"', CommandTimeout='30']
SELECT `d`.`Id`, `d`.`Age`, `d`.`Blood_Group`, `d`.`Created_At`, `d`.`Dob`, `d`.`Email`, `d`.`Email2`, `d`.`Gender`, `d`.`Gst_Number`, `d`.`Is_Delete`, `d`.`Marital_Status`, `d`.`Name`, `d`.`Pan_Number`, `d`.`Password`, `d`.`Phone1`, `d`.`Phone2`, `d`.`Phone3`, `d`.`Phone4`, `d`.`Qualification`, `d`.`Role`, `d`.`Speciality`, `d`.`Thumb`, `d`.`Updated_At`, `d`.`User_Id`
FROM `Doctors` AS `d`
WHERE `d`.`Id` = @__Id_0
LIMIT 2

2024-07-27 21:04:18.837 +05:30  INF  Executed DbCommand (208ms) [Parameters=[@__p_0='?' (DbType = Int64)], CommandType='"Text"', CommandTimeout='30']
SELECT `p`.`Id`, `p`.`Amount`, `p`.`Balance_Amount`, `p`.`Balance_Spent`, `p`.`Created_At`, `p`.`Name`, `p`.`Patients_Id`, `p`.`Type`, `p`.`Updated_At`
FROM `Patients_Insurance_Loan` AS `p`
WHERE `p`.`Patients_Id` = @__p_0

2024-07-27 21:04:19.034 +05:30  INF  Executed DbCommand (210ms) [Parameters=[@__Id_0='?' (DbType = Int64)], CommandType='"Text"', CommandTimeout='30']
SELECT `d`.`Id`, `d`.`Age`, `d`.`Blood_Group`, `d`.`Created_At`, `d`.`Dob`, `d`.`Email`, `d`.`Email2`, `d`.`Gender`, `d`.`Gst_Number`, `d`.`Is_Delete`, `d`.`Marital_Status`, `d`.`Name`, `d`.`Pan_Number`, `d`.`Password`, `d`.`Phone1`, `d`.`Phone2`, `d`.`Phone3`, `d`.`Phone4`, `d`.`Qualification`, `d`.`Role`, `d`.`Speciality`, `d`.`Thumb`, `d`.`Updated_At`, `d`.`User_Id`
FROM `Doctors` AS `d`
WHERE `d`.`Id` = @__Id_0
LIMIT 2

2024-07-27 21:04:19.467 +05:30  INF  Executed DbCommand (206ms) [Parameters=[@__p_0='?' (DbType = Int64)], CommandType='"Text"', CommandTimeout='30']
SELECT `p`.`Id`, `p`.`Created_At`, `p`.`Patient_Id`, `p`.`Report`, `p`.`Report_Date`, `p`.`Report_File`, `p`.`Status`, `p`.`Test_Name`, `p`.`Test_Price`, `p`.`Updated_At`
FROM `Patient_Tests` AS `p`
WHERE `p`.`Patient_Id` = @__p_0

2024-07-27 21:04:19.659 +05:30  INF  Executed DbCommand (212ms) [Parameters=[@__Id_0='?' (DbType = Int64)], CommandType='"Text"', CommandTimeout='30']
SELECT `d`.`Id`, `d`.`Age`, `d`.`Blood_Group`, `d`.`Created_At`, `d`.`Dob`, `d`.`Email`, `d`.`Email2`, `d`.`Gender`, `d`.`Gst_Number`, `d`.`Is_Delete`, `d`.`Marital_Status`, `d`.`Name`, `d`.`Pan_Number`, `d`.`Password`, `d`.`Phone1`, `d`.`Phone2`, `d`.`Phone3`, `d`.`Phone4`, `d`.`Qualification`, `d`.`Role`, `d`.`Speciality`, `d`.`Thumb`, `d`.`Updated_At`, `d`.`User_Id`
FROM `Doctors` AS `d`
WHERE `d`.`Id` = @__Id_0
LIMIT 2

2024-07-27 21:04:20.096 +05:30  INF  Executed DbCommand (209ms) [Parameters=[@__p_0='?' (DbType = Int64)], CommandType='"Text"', CommandTimeout='30']
SELECT `p`.`Id`, `p`.`Address_O`, `p`.`Address_Other`, `p`.`Address_R`, `p`.`City_O`, `p`.`City_Other`, `p`.`City_R`, `p`.`Country_O`, `p`.`Country_Other`, `p`.`Country_R`, `p`.`Created_At`, `p`.`Doctor_Name`, `p`.`Email`, `p`.`Email2`, `p`.`Medical_History_Allergies`, `p`.`Patient_Id`, `p`.`Phone`, `p`.`Phone1`, `p`.`Phone2`, `p`.`Phone3`, `p`.`Phone4`, `p`.`Physician`, `p`.`Reffered_By`, `p`.`Relationship_Type`, `p`.`Special_Notes`, `p`.`Updated_At`, `p`.`Zip_O`, `p`.`Zip_Other`, `p`.`Zip_R`
FROM `Patients_Contact` AS `p`
WHERE `p`.`Patient_Id` = @__p_0

2024-07-27 21:04:20.297 +05:30  INF  Executed DbCommand (209ms) [Parameters=[@__Id_0='?' (DbType = Int64)], CommandType='"Text"', CommandTimeout='30']
SELECT `d`.`Id`, `d`.`Age`, `d`.`Blood_Group`, `d`.`Created_At`, `d`.`Dob`, `d`.`Email`, `d`.`Email2`, `d`.`Gender`, `d`.`Gst_Number`, `d`.`Is_Delete`, `d`.`Marital_Status`, `d`.`Name`, `d`.`Pan_Number`, `d`.`Password`, `d`.`Phone1`, `d`.`Phone2`, `d`.`Phone3`, `d`.`Phone4`, `d`.`Qualification`, `d`.`Role`, `d`.`Speciality`, `d`.`Thumb`, `d`.`Updated_At`, `d`.`User_Id`
FROM `Doctors` AS `d`
WHERE `d`.`Id` = @__Id_0
LIMIT 2

2024-07-27 21:04:20.713 +05:30  INF  Executed DbCommand (206ms) [Parameters=[@__p_0='?' (DbType = Int64)], CommandType='"Text"', CommandTimeout='30']
SELECT `p`.`Id`, `p`.`Created_At`, `p`.`Patient_Id`, `p`.`Report`, `p`.`Report_File`, `p`.`Scan_Name`, `p`.`Status`, `p`.`Type`, `p`.`Updated_At`
FROM `Patient_Scans` AS `p`
WHERE `p`.`Patient_Id` = @__p_0

2024-07-27 21:04:20.714 +05:30  INF  Executing ObjectResult, writing value of type 'DCRM.Common.Dto.PatientseDto'.

2024-07-27 21:04:20.714 +05:30  INF  Executed action DCRM.Api.Controllers.PatientController.Get (DCRM.Api) in 17400.9877ms

2024-07-27 21:04:20.714 +05:30  INF  Executed endpoint 'DCRM.Api.Controllers.PatientController.Get (DCRM.Api)'

2024-07-27 21:04:20.714 +05:30  INF  Request finished HTTP/2 GET https://localhost:7069/api/Patient/Get/387 application/json - - 200 - application/json;+charset=utf-8 17501.0663ms

2024-07-27 21:04:20.922 +05:30  INF  Executed DbCommand (209ms) [Parameters=[@__Id_0='?' (DbType = Int64)], CommandType='"Text"', CommandTimeout='30']
SELECT `d`.`Id`, `d`.`Age`, `d`.`Blood_Group`, `d`.`Created_At`, `d`.`Dob`, `d`.`Email`, `d`.`Email2`, `d`.`Gender`, `d`.`Gst_Number`, `d`.`Is_Delete`, `d`.`Marital_Status`, `d`.`Name`, `d`.`Pan_Number`, `d`.`Password`, `d`.`Phone1`, `d`.`Phone2`, `d`.`Phone3`, `d`.`Phone4`, `d`.`Qualification`, `d`.`Role`, `d`.`Speciality`, `d`.`Thumb`, `d`.`Updated_At`, `d`.`User_Id`
FROM `Doctors` AS `d`
WHERE `d`.`Id` = @__Id_0
LIMIT 2

2024-07-27 21:04:21.546 +05:30  INF  Executed DbCommand (209ms) [Parameters=[@__Id_0='?' (DbType = Int64)], CommandType='"Text"', CommandTimeout='30']
SELECT `d`.`Id`, `d`.`Age`, `d`.`Blood_Group`, `d`.`Created_At`, `d`.`Dob`, `d`.`Email`, `d`.`Email2`, `d`.`Gender`, `d`.`Gst_Number`, `d`.`Is_Delete`, `d`.`Marital_Status`, `d`.`Name`, `d`.`Pan_Number`, `d`.`Password`, `d`.`Phone1`, `d`.`Phone2`, `d`.`Phone3`, `d`.`Phone4`, `d`.`Qualification`, `d`.`Role`, `d`.`Speciality`, `d`.`Thumb`, `d`.`Updated_At`, `d`.`User_Id`
FROM `Doctors` AS `d`
WHERE `d`.`Id` = @__Id_0
LIMIT 2

2024-07-27 21:04:22.171 +05:30  INF  Executed DbCommand (209ms) [Parameters=[@__Id_0='?' (DbType = Int64)], CommandType='"Text"', CommandTimeout='30']
SELECT `d`.`Id`, `d`.`Age`, `d`.`Blood_Group`, `d`.`Created_At`, `d`.`Dob`, `d`.`Email`, `d`.`Email2`, `d`.`Gender`, `d`.`Gst_Number`, `d`.`Is_Delete`, `d`.`Marital_Status`, `d`.`Name`, `d`.`Pan_Number`, `d`.`Password`, `d`.`Phone1`, `d`.`Phone2`, `d`.`Phone3`, `d`.`Phone4`, `d`.`Qualification`, `d`.`Role`, `d`.`Speciality`, `d`.`Thumb`, `d`.`Updated_At`, `d`.`User_Id`
FROM `Doctors` AS `d`
WHERE `d`.`Id` = @__Id_0
LIMIT 2

2024-07-27 21:04:22.798 +05:30  INF  Executed DbCommand (210ms) [Parameters=[@__Id_0='?' (DbType = Int64)], CommandType='"Text"', CommandTimeout='30']
SELECT `d`.`Id`, `d`.`Age`, `d`.`Blood_Group`, `d`.`Created_At`, `d`.`Dob`, `d`.`Email`, `d`.`Email2`, `d`.`Gender`, `d`.`Gst_Number`, `d`.`Is_Delete`, `d`.`Marital_Status`, `d`.`Name`, `d`.`Pan_Number`, `d`.`Password`, `d`.`Phone1`, `d`.`Phone2`, `d`.`Phone3`, `d`.`Phone4`, `d`.`Qualification`, `d`.`Role`, `d`.`Speciality`, `d`.`Thumb`, `d`.`Updated_At`, `d`.`User_Id`
FROM `Doctors` AS `d`
WHERE `d`.`Id` = @__Id_0
LIMIT 2

2024-07-27 21:04:23.422 +05:30  INF  Executed DbCommand (211ms) [Parameters=[@__Id_0='?' (DbType = Int64)], CommandType='"Text"', CommandTimeout='30']
SELECT `d`.`Id`, `d`.`Age`, `d`.`Blood_Group`, `d`.`Created_At`, `d`.`Dob`, `d`.`Email`, `d`.`Email2`, `d`.`Gender`, `d`.`Gst_Number`, `d`.`Is_Delete`, `d`.`Marital_Status`, `d`.`Name`, `d`.`Pan_Number`, `d`.`Password`, `d`.`Phone1`, `d`.`Phone2`, `d`.`Phone3`, `d`.`Phone4`, `d`.`Qualification`, `d`.`Role`, `d`.`Speciality`, `d`.`Thumb`, `d`.`Updated_At`, `d`.`User_Id`
FROM `Doctors` AS `d`
WHERE `d`.`Id` = @__Id_0
LIMIT 2

2024-07-27 21:04:24.046 +05:30  INF  Executed DbCommand (209ms) [Parameters=[@__Id_0='?' (DbType = Int64)], CommandType='"Text"', CommandTimeout='30']
SELECT `d`.`Id`, `d`.`Age`, `d`.`Blood_Group`, `d`.`Created_At`, `d`.`Dob`, `d`.`Email`, `d`.`Email2`, `d`.`Gender`, `d`.`Gst_Number`, `d`.`Is_Delete`, `d`.`Marital_Status`, `d`.`Name`, `d`.`Pan_Number`, `d`.`Password`, `d`.`Phone1`, `d`.`Phone2`, `d`.`Phone3`, `d`.`Phone4`, `d`.`Qualification`, `d`.`Role`, `d`.`Speciality`, `d`.`Thumb`, `d`.`Updated_At`, `d`.`User_Id`
FROM `Doctors` AS `d`
WHERE `d`.`Id` = @__Id_0
LIMIT 2

2024-07-27 21:04:24.670 +05:30  INF  Executed DbCommand (209ms) [Parameters=[@__Id_0='?' (DbType = Int64)], CommandType='"Text"', CommandTimeout='30']
SELECT `d`.`Id`, `d`.`Age`, `d`.`Blood_Group`, `d`.`Created_At`, `d`.`Dob`, `d`.`Email`, `d`.`Email2`, `d`.`Gender`, `d`.`Gst_Number`, `d`.`Is_Delete`, `d`.`Marital_Status`, `d`.`Name`, `d`.`Pan_Number`, `d`.`Password`, `d`.`Phone1`, `d`.`Phone2`, `d`.`Phone3`, `d`.`Phone4`, `d`.`Qualification`, `d`.`Role`, `d`.`Speciality`, `d`.`Thumb`, `d`.`Updated_At`, `d`.`User_Id`
FROM `Doctors` AS `d`
WHERE `d`.`Id` = @__Id_0
LIMIT 2

2024-07-27 21:04:25.304 +05:30  INF  Executed DbCommand (208ms) [Parameters=[@__Id_0='?' (DbType = Int64)], CommandType='"Text"', CommandTimeout='30']
SELECT `d`.`Id`, `d`.`Age`, `d`.`Blood_Group`, `d`.`Created_At`, `d`.`Dob`, `d`.`Email`, `d`.`Email2`, `d`.`Gender`, `d`.`Gst_Number`, `d`.`Is_Delete`, `d`.`Marital_Status`, `d`.`Name`, `d`.`Pan_Number`, `d`.`Password`, `d`.`Phone1`, `d`.`Phone2`, `d`.`Phone3`, `d`.`Phone4`, `d`.`Qualification`, `d`.`Role`, `d`.`Speciality`, `d`.`Thumb`, `d`.`Updated_At`, `d`.`User_Id`
FROM `Doctors` AS `d`
WHERE `d`.`Id` = @__Id_0
LIMIT 2

2024-07-27 21:04:25.931 +05:30  INF  Executed DbCommand (210ms) [Parameters=[@__Id_0='?' (DbType = Int64)], CommandType='"Text"', CommandTimeout='30']
SELECT `d`.`Id`, `d`.`Age`, `d`.`Blood_Group`, `d`.`Created_At`, `d`.`Dob`, `d`.`Email`, `d`.`Email2`, `d`.`Gender`, `d`.`Gst_Number`, `d`.`Is_Delete`, `d`.`Marital_Status`, `d`.`Name`, `d`.`Pan_Number`, `d`.`Password`, `d`.`Phone1`, `d`.`Phone2`, `d`.`Phone3`, `d`.`Phone4`, `d`.`Qualification`, `d`.`Role`, `d`.`Speciality`, `d`.`Thumb`, `d`.`Updated_At`, `d`.`User_Id`
FROM `Doctors` AS `d`
WHERE `d`.`Id` = @__Id_0
LIMIT 2

2024-07-27 21:04:26.554 +05:30  INF  Executed DbCommand (207ms) [Parameters=[@__Id_0='?' (DbType = Int64)], CommandType='"Text"', CommandTimeout='30']
SELECT `d`.`Id`, `d`.`Age`, `d`.`Blood_Group`, `d`.`Created_At`, `d`.`Dob`, `d`.`Email`, `d`.`Email2`, `d`.`Gender`, `d`.`Gst_Number`, `d`.`Is_Delete`, `d`.`Marital_Status`, `d`.`Name`, `d`.`Pan_Number`, `d`.`Password`, `d`.`Phone1`, `d`.`Phone2`, `d`.`Phone3`, `d`.`Phone4`, `d`.`Qualification`, `d`.`Role`, `d`.`Speciality`, `d`.`Thumb`, `d`.`Updated_At`, `d`.`User_Id`
FROM `Doctors` AS `d`
WHERE `d`.`Id` = @__Id_0
LIMIT 2

2024-07-27 21:04:27.192 +05:30  INF  Executed DbCommand (209ms) [Parameters=[@__Id_0='?' (DbType = Int64)], CommandType='"Text"', CommandTimeout='30']
SELECT `d`.`Id`, `d`.`Age`, `d`.`Blood_Group`, `d`.`Created_At`, `d`.`Dob`, `d`.`Email`, `d`.`Email2`, `d`.`Gender`, `d`.`Gst_Number`, `d`.`Is_Delete`, `d`.`Marital_Status`, `d`.`Name`, `d`.`Pan_Number`, `d`.`Password`, `d`.`Phone1`, `d`.`Phone2`, `d`.`Phone3`, `d`.`Phone4`, `d`.`Qualification`, `d`.`Role`, `d`.`Speciality`, `d`.`Thumb`, `d`.`Updated_At`, `d`.`User_Id`
FROM `Doctors` AS `d`
WHERE `d`.`Id` = @__Id_0
LIMIT 2

2024-07-27 21:04:27.817 +05:30  INF  Executed DbCommand (210ms) [Parameters=[@__Id_0='?' (DbType = Int64)], CommandType='"Text"', CommandTimeout='30']
SELECT `d`.`Id`, `d`.`Age`, `d`.`Blood_Group`, `d`.`Created_At`, `d`.`Dob`, `d`.`Email`, `d`.`Email2`, `d`.`Gender`, `d`.`Gst_Number`, `d`.`Is_Delete`, `d`.`Marital_Status`, `d`.`Name`, `d`.`Pan_Number`, `d`.`Password`, `d`.`Phone1`, `d`.`Phone2`, `d`.`Phone3`, `d`.`Phone4`, `d`.`Qualification`, `d`.`Role`, `d`.`Speciality`, `d`.`Thumb`, `d`.`Updated_At`, `d`.`User_Id`
FROM `Doctors` AS `d`
WHERE `d`.`Id` = @__Id_0
LIMIT 2

2024-07-27 21:04:28.442 +05:30  INF  Executed DbCommand (209ms) [Parameters=[@__Id_0='?' (DbType = Int64)], CommandType='"Text"', CommandTimeout='30']
SELECT `d`.`Id`, `d`.`Age`, `d`.`Blood_Group`, `d`.`Created_At`, `d`.`Dob`, `d`.`Email`, `d`.`Email2`, `d`.`Gender`, `d`.`Gst_Number`, `d`.`Is_Delete`, `d`.`Marital_Status`, `d`.`Name`, `d`.`Pan_Number`, `d`.`Password`, `d`.`Phone1`, `d`.`Phone2`, `d`.`Phone3`, `d`.`Phone4`, `d`.`Qualification`, `d`.`Role`, `d`.`Speciality`, `d`.`Thumb`, `d`.`Updated_At`, `d`.`User_Id`
FROM `Doctors` AS `d`
WHERE `d`.`Id` = @__Id_0
LIMIT 2

2024-07-27 21:04:29.066 +05:30  INF  Executed DbCommand (209ms) [Parameters=[@__Id_0='?' (DbType = Int64)], CommandType='"Text"', CommandTimeout='30']
SELECT `d`.`Id`, `d`.`Age`, `d`.`Blood_Group`, `d`.`Created_At`, `d`.`Dob`, `d`.`Email`, `d`.`Email2`, `d`.`Gender`, `d`.`Gst_Number`, `d`.`Is_Delete`, `d`.`Marital_Status`, `d`.`Name`, `d`.`Pan_Number`, `d`.`Password`, `d`.`Phone1`, `d`.`Phone2`, `d`.`Phone3`, `d`.`Phone4`, `d`.`Qualification`, `d`.`Role`, `d`.`Speciality`, `d`.`Thumb`, `d`.`Updated_At`, `d`.`User_Id`
FROM `Doctors` AS `d`
WHERE `d`.`Id` = @__Id_0
LIMIT 2

