2024-07-28 19:07:26.784 +05:30  INF  User profile is available. Using 'C:\Users\pramo\AppData\Local\ASP.NET\DataProtection-Keys' as key repository and Windows DPAPI to encrypt keys at rest.

2024-07-28 19:07:27.370 +05:30  INF  Now listening on: https://localhost:7069

2024-07-28 19:07:27.370 +05:30  INF  Now listening on: http://localhost:5069

2024-07-28 19:07:27.628 +05:30  INF  Application started. Press Ctrl+C to shut down.

2024-07-28 19:07:27.628 +05:30  INF  Hosting environment: Development

2024-07-28 19:07:27.628 +05:30  INF  Content root path: C:\Projects\EZProjects\virmani_dotnet\DCRM.Api\

2024-07-28 19:07:28.608 +05:30  INF  Request starting HTTP/2 GET https://localhost:7069/swagger - -

2024-07-28 19:07:28.977 +05:30  INF  Request finished HTTP/2 GET https://localhost:7069/swagger - - - 301 0 - 372.8221ms

2024-07-28 19:07:28.979 +05:30  INF  Request starting HTTP/2 GET https://localhost:7069/swagger/index.html - -

2024-07-28 19:07:29.193 +05:30  INF  Request finished HTTP/2 GET https://localhost:7069/swagger/index.html - - - 200 - text/html;charset=utf-8 214.2572ms

2024-07-28 19:07:29.208 +05:30  INF  Request starting HTTP/2 GET https://localhost:7069/swagger/swagger-ui-standalone-preset.js - -

2024-07-28 19:07:29.208 +05:30  INF  Request starting HTTP/2 GET https://localhost:7069/swagger/swagger-ui.css - -

2024-07-28 19:07:29.208 +05:30  INF  Request starting HTTP/2 GET https://localhost:7069/swagger/swagger-ui-bundle.js - -

2024-07-28 19:07:29.209 +05:30  INF  Request starting HTTP/2 GET https://localhost:7069/_framework/aspnetcore-browser-refresh.js - -

2024-07-28 19:07:29.218 +05:30  INF  Request finished HTTP/2 GET https://localhost:7069/_framework/aspnetcore-browser-refresh.js - - - 200 11974 application/javascript;+charset=utf-8 9.4234ms

2024-07-28 19:07:29.288 +05:30  INF  Request starting HTTP/2 GET https://localhost:7069/_vs/browserLink - -

2024-07-28 19:07:29.300 +05:30  INF  Sending file. Request path: '/swagger-ui-standalone-preset.js'. Physical path: 'N/A'

2024-07-28 19:07:29.301 +05:30  INF  Sending file. Request path: '/swagger-ui.css'. Physical path: 'N/A'

2024-07-28 19:07:29.304 +05:30  INF  Request finished HTTP/2 GET https://localhost:7069/swagger/swagger-ui.css - - - 200 143632 text/css 95.9841ms

2024-07-28 19:07:29.304 +05:30  INF  Request finished HTTP/2 GET https://localhost:7069/swagger/swagger-ui-standalone-preset.js - - - 200 337162 application/javascript 96.6634ms

2024-07-28 19:07:29.338 +05:30  INF  Sending file. Request path: '/swagger-ui-bundle.js'. Physical path: 'N/A'

2024-07-28 19:07:29.339 +05:30  INF  Request finished HTTP/2 GET https://localhost:7069/swagger/swagger-ui-bundle.js - - - 200 1092889 application/javascript 130.5604ms

2024-07-28 19:07:29.468 +05:30  INF  Request finished HTTP/2 GET https://localhost:7069/_vs/browserLink - - - 200 - text/javascript;+charset=UTF-8 179.6660ms

2024-07-28 19:07:29.607 +05:30  INF  Request starting HTTP/2 GET https://localhost:7069/swagger/v1/swagger.json - -

2024-07-28 19:07:29.969 +05:30  INF  Request finished HTTP/2 GET https://localhost:7069/swagger/v1/swagger.json - - - 200 - application/json;charset=utf-8 362.2390ms

2024-07-28 19:11:10.192 +05:30  INF  Request starting HTTP/2 OPTIONS https://localhost:7069/api/Authenticate/user - -

2024-07-28 19:11:10.200 +05:30  INF  CORS policy execution successful.

2024-07-28 19:11:10.202 +05:30  INF  Request finished HTTP/2 OPTIONS https://localhost:7069/api/Authenticate/user - - - 204 - - 10.7868ms

2024-07-28 19:11:10.205 +05:30  INF  Request starting HTTP/2 POST https://localhost:7069/api/Authenticate/user application/json 50

2024-07-28 19:11:10.206 +05:30  INF  CORS policy execution successful.

2024-07-28 19:11:11.245 +05:30  INF  Executing endpoint 'DCRM.Api.Controllers.AuthenticateController.Post (DCRM.Api)'

2024-07-28 19:11:11.282 +05:30  INF  Route matched with {action = "Post", controller = "Authenticate"}. Executing controller action with signature Microsoft.AspNetCore.Mvc.IActionResult Post(System.String, DCRM.Common.AuthenticateRequest) on controller DCRM.Api.Controllers.AuthenticateController (DCRM.Api).

2024-07-28 19:11:15.225 +05:30  INF  Executed DbCommand (222ms) [Parameters=[@__authenticateRequest_Email_0='?' (Size = 4000), @__authenticateRequest_Password_1='?' (Size = 4000)], CommandType='"Text"', CommandTimeout='30']
SELECT `u`.`Id`, `u`.`About_Me`, `u`.`Account_Type`, `u`.`Address`, `u`.`Available_Days`, `u`.`Bn_Name`, `u`.`City`, `u`.`Country`, `u`.`Created_At`, `u`.`Currency`, `u`.`Degree`, `u`.`Email`, `u`.`Email_Verified`, `u`.`Enable_Appointment`, `u`.`Enable_Rating`, `u`.`Exp_Years`, `u`.`Facebook`, `u`.`Google_Analytics`, `u`.`Image`, `u`.`Instagram`, `u`.`Linkedin`, `u`.`Name`, `u`.`Parent_Id`, `u`.`Password`, `u`.`Paypal_Email`, `u`.`Paypal_Mode`, `u`.`Paypal_Payment`, `u`.`Paystack_Payment`, `u`.`Paystack_Public_Key`, `u`.`Paystack_Secret_Key`, `u`.`Phone`, `u`.`Publish_Key`, `u`.`Qr_Code`, `u`.`Razorpay_Key_Id`, `u`.`Razorpay_Key_Secret`, `u`.`Razorpay_Payment`, `u`.`Role`, `u`.`Secret_Key`, `u`.`Skype`, `u`.`Slug`, `u`.`Specialist`, `u`.`Status`, `u`.`Stripe_Payment`, `u`.`Thumb`, `u`.`Trial_Expire`, `u`.`Twitter`, `u`.`User_Name`, `u`.`User_Type`, `u`.`Verify_Code`, `u`.`Whatsapp`
FROM `Users` AS `u`
WHERE ((`u`.`Status` = 1) AND (`u`.`Email` = @__authenticateRequest_Email_0)) AND (`u`.`Password` = @__authenticateRequest_Password_1)
LIMIT 2

2024-07-28 19:11:15.521 +05:30  INF  Executing OkObjectResult, writing value of type 'DCRM.Common.AuthenticateResponse'.

2024-07-28 19:11:15.532 +05:30  INF  Executed action DCRM.Api.Controllers.AuthenticateController.Post (DCRM.Api) in 4243.9602ms

2024-07-28 19:11:15.532 +05:30  INF  Executed endpoint 'DCRM.Api.Controllers.AuthenticateController.Post (DCRM.Api)'

2024-07-28 19:11:15.545 +05:30  INF  Request finished HTTP/2 POST https://localhost:7069/api/Authenticate/user application/json 50 - 200 - application/json;+charset=utf-8 5340.3392ms

2024-07-28 19:11:15.577 +05:30  INF  Request starting HTTP/2 OPTIONS https://localhost:7069/api/Dashboard/Get - -

2024-07-28 19:11:15.579 +05:30  INF  CORS policy execution successful.

2024-07-28 19:11:15.580 +05:30  INF  Request finished HTTP/2 OPTIONS https://localhost:7069/api/Dashboard/Get - - - 204 - - 2.9258ms

2024-07-28 19:11:15.582 +05:30  INF  Request starting HTTP/2 GET https://localhost:7069/api/Dashboard/Get application/json -

2024-07-28 19:11:15.582 +05:30  INF  CORS policy execution successful.

2024-07-28 19:11:16.347 +05:30  INF  Executed DbCommand (219ms) [Parameters=[@__id_0='?' (DbType = Int64)], CommandType='"Text"', CommandTimeout='30']
SELECT `u`.`Id`, `u`.`About_Me`, `u`.`Account_Type`, `u`.`Address`, `u`.`Available_Days`, `u`.`Bn_Name`, `u`.`City`, `u`.`Country`, `u`.`Created_At`, `u`.`Currency`, `u`.`Degree`, `u`.`Email`, `u`.`Email_Verified`, `u`.`Enable_Appointment`, `u`.`Enable_Rating`, `u`.`Exp_Years`, `u`.`Facebook`, `u`.`Google_Analytics`, `u`.`Image`, `u`.`Instagram`, `u`.`Linkedin`, `u`.`Name`, `u`.`Parent_Id`, `u`.`Password`, `u`.`Paypal_Email`, `u`.`Paypal_Mode`, `u`.`Paypal_Payment`, `u`.`Paystack_Payment`, `u`.`Paystack_Public_Key`, `u`.`Paystack_Secret_Key`, `u`.`Phone`, `u`.`Publish_Key`, `u`.`Qr_Code`, `u`.`Razorpay_Key_Id`, `u`.`Razorpay_Key_Secret`, `u`.`Razorpay_Payment`, `u`.`Role`, `u`.`Secret_Key`, `u`.`Skype`, `u`.`Slug`, `u`.`Specialist`, `u`.`Status`, `u`.`Stripe_Payment`, `u`.`Thumb`, `u`.`Trial_Expire`, `u`.`Twitter`, `u`.`User_Name`, `u`.`User_Type`, `u`.`Verify_Code`, `u`.`Whatsapp`
FROM `Users` AS `u`
WHERE `u`.`Id` = @__id_0
LIMIT 1

2024-07-28 19:11:16.347 +05:30  INF  Executing endpoint 'DCRM.Api.Controllers.DashboardController.Get (DCRM.Api)'

2024-07-28 19:11:16.348 +05:30  INF  Route matched with {action = "Get", controller = "Dashboard"}. Executing controller action with signature DCRM.Common.Dto.DashboardDto Get() on controller DCRM.Api.Controllers.DashboardController (DCRM.Api).

2024-07-28 19:11:17.023 +05:30  INF  Executed DbCommand (210ms) [Parameters=[@__p_0='?' (DbType = Int64)], CommandType='"Text"', CommandTimeout='30']
SELECT COUNT(*)
FROM `Patientses` AS `p`
WHERE (`p`.`User_Id` = @__p_0) AND (`p`.`Is_Delete` = 0)

2024-07-28 19:11:17.657 +05:30  INF  Executed DbCommand (214ms) [Parameters=[@__userId_0='?' (DbType = Int32)], CommandType='"Text"', CommandTimeout='30']
SELECT COUNT(*)
FROM `Staffs` AS `s`
WHERE (`s`.`User_Id` = @__userId_0) AND (`s`.`Is_Deleted` = 0)

2024-07-28 19:11:18.306 +05:30  INF  Executed DbCommand (209ms) [Parameters=[@__userId_0='?' (DbType = Int32)], CommandType='"Text"', CommandTimeout='30']
SELECT COUNT(*)
FROM `Appointments` AS `a`
WHERE (`a`.`User_Id` = @__userId_0) AND (`a`.`Is_Delete` = 0)

2024-07-28 19:11:18.938 +05:30  INF  Executed DbCommand (208ms) [Parameters=[@__userId_0='?' (DbType = Int32)], CommandType='"Text"', CommandTimeout='30']
SELECT COUNT(*)
FROM `Appointments` AS `a`
WHERE ((`a`.`User_Id` = @__userId_0) AND (`a`.`Is_Delete` = 0)) AND (`a`.`Date` = CURDATE())

2024-07-28 19:11:18.938 +05:30  INF  Executing ObjectResult, writing value of type 'DCRM.Common.Dto.DashboardDto'.

2024-07-28 19:11:18.940 +05:30  INF  Executed action DCRM.Api.Controllers.DashboardController.Get (DCRM.Api) in 2592.1419ms

2024-07-28 19:11:18.940 +05:30  INF  Executed endpoint 'DCRM.Api.Controllers.DashboardController.Get (DCRM.Api)'

2024-07-28 19:11:18.941 +05:30  INF  Request finished HTTP/2 GET https://localhost:7069/api/Dashboard/Get application/json - - 200 - application/json;+charset=utf-8 3358.5455ms

2024-07-28 19:11:22.368 +05:30  INF  Request starting HTTP/2 OPTIONS https://localhost:7069/api/Appointment/GetAppointmentWithPatient - -

2024-07-28 19:11:22.368 +05:30  INF  CORS policy execution successful.

2024-07-28 19:11:22.368 +05:30  INF  Request finished HTTP/2 OPTIONS https://localhost:7069/api/Appointment/GetAppointmentWithPatient - - - 204 - - 0.6371ms

2024-07-28 19:11:22.370 +05:30  INF  Request starting HTTP/2 GET https://localhost:7069/api/Appointment/GetAppointmentWithPatient application/json -

2024-07-28 19:11:22.373 +05:30  INF  CORS policy execution successful.

2024-07-28 19:11:23.023 +05:30  INF  Executed DbCommand (208ms) [Parameters=[@__id_0='?' (DbType = Int64)], CommandType='"Text"', CommandTimeout='30']
SELECT `u`.`Id`, `u`.`About_Me`, `u`.`Account_Type`, `u`.`Address`, `u`.`Available_Days`, `u`.`Bn_Name`, `u`.`City`, `u`.`Country`, `u`.`Created_At`, `u`.`Currency`, `u`.`Degree`, `u`.`Email`, `u`.`Email_Verified`, `u`.`Enable_Appointment`, `u`.`Enable_Rating`, `u`.`Exp_Years`, `u`.`Facebook`, `u`.`Google_Analytics`, `u`.`Image`, `u`.`Instagram`, `u`.`Linkedin`, `u`.`Name`, `u`.`Parent_Id`, `u`.`Password`, `u`.`Paypal_Email`, `u`.`Paypal_Mode`, `u`.`Paypal_Payment`, `u`.`Paystack_Payment`, `u`.`Paystack_Public_Key`, `u`.`Paystack_Secret_Key`, `u`.`Phone`, `u`.`Publish_Key`, `u`.`Qr_Code`, `u`.`Razorpay_Key_Id`, `u`.`Razorpay_Key_Secret`, `u`.`Razorpay_Payment`, `u`.`Role`, `u`.`Secret_Key`, `u`.`Skype`, `u`.`Slug`, `u`.`Specialist`, `u`.`Status`, `u`.`Stripe_Payment`, `u`.`Thumb`, `u`.`Trial_Expire`, `u`.`Twitter`, `u`.`User_Name`, `u`.`User_Type`, `u`.`Verify_Code`, `u`.`Whatsapp`
FROM `Users` AS `u`
WHERE `u`.`Id` = @__id_0
LIMIT 1

2024-07-28 19:11:23.024 +05:30  INF  Executing endpoint 'DCRM.Api.Controllers.AppointmentController.GetAppointmentWithPatient (DCRM.Api)'

2024-07-28 19:11:23.025 +05:30  INF  Route matched with {action = "GetAppointmentWithPatient", controller = "Appointment"}. Executing controller action with signature System.Collections.Generic.List`1[DCRM.Common.Dto.AppointmentDto] GetAppointmentWithPatient() on controller DCRM.Api.Controllers.AppointmentController (DCRM.Api).

2024-07-28 19:11:23.862 +05:30  INF  Executed DbCommand (416ms) [Parameters=[], CommandType='"Text"', CommandTimeout='30']
SELECT `a`.`Id`, `a`.`Appointment_Status`, `a`.`Cause`, `a`.`Chair`, `a`.`Chamber_Id`, `a`.`Created_At`, `a`.`Date`, `a`.`Doctor_Id`, `a`.`Doctor_Name`, `a`.`End_Time`, `a`.`Extra_Notes`, `a`.`Files`, `a`.`Is_Delete`, `a`.`Is_Start`, `a`.`Meeting_Notes`, `a`.`Number_Of_Slot`, `a`.`Patient_Id`, `a`.`Prescription_Id`, `a`.`Serial_Id`, `a`.`Slot_Time`, `a`.`Start_Time`, `a`.`Status`, `a`.`Type`, `a`.`User_Id`, `a`.`Workdone_Id`
FROM `Appointments` AS `a`
WHERE `a`.`Is_Delete` = 0

2024-07-28 19:11:24.725 +05:30  INF  Executed DbCommand (215ms) [Parameters=[], CommandType='"Text"', CommandTimeout='30']
SELECT `p`.`Id`, `p`.`Age`, `p`.`Chamber_Id`, `p`.`Created_At`, `p`.`Email`, `p`.`Guardian`, `p`.`Is_Delete`, `p`.`Mobile`, `p`.`Mr_Number`, `p`.`Name`, `p`.`Password`, `p`.`Permanent_Address`, `p`.`Present_Address`, `p`.`Role`, `p`.`Sex`, `p`.`Slug`, `p`.`Thumb`, `p`.`Title`, `p`.`UserName`, `p`.`User_Id`, `p`.`Verify_Code`, `p`.`Weight`
FROM `Patientses` AS `p`
WHERE `p`.`Is_Delete` = 0

2024-07-28 19:11:26.207 +05:30  INF  Executed DbCommand (209ms) [Parameters=[], CommandType='"Text"', CommandTimeout='30']
SELECT `d`.`Id`, `d`.`Age`, `d`.`Blood_Group`, `d`.`Created_At`, `d`.`Dob`, `d`.`Email`, `d`.`Email2`, `d`.`Gender`, `d`.`Gst_Number`, `d`.`Is_Delete`, `d`.`Marital_Status`, `d`.`Name`, `d`.`Pan_Number`, `d`.`Password`, `d`.`Phone1`, `d`.`Phone2`, `d`.`Phone3`, `d`.`Phone4`, `d`.`Qualification`, `d`.`Role`, `d`.`Speciality`, `d`.`Thumb`, `d`.`Updated_At`, `d`.`User_Id`
FROM `Doctors` AS `d`

2024-07-28 19:11:26.431 +05:30  INF  Executing ObjectResult, writing value of type 'System.Collections.Generic.List`1[[DCRM.Common.Dto.AppointmentDto, DCRM.Common, Version=1.0.0.0, Culture=neutral, PublicKeyToken=null]]'.

2024-07-28 19:11:26.473 +05:30  INF  Executed action DCRM.Api.Controllers.AppointmentController.GetAppointmentWithPatient (DCRM.Api) in 3447.9018ms

2024-07-28 19:11:26.473 +05:30  INF  Executed endpoint 'DCRM.Api.Controllers.AppointmentController.GetAppointmentWithPatient (DCRM.Api)'

2024-07-28 19:11:26.473 +05:30  INF  Request finished HTTP/2 GET https://localhost:7069/api/Appointment/GetAppointmentWithPatient application/json - - 200 - application/json;+charset=utf-8 4103.0392ms

2024-07-28 19:11:30.413 +05:30  INF  Request starting HTTP/2 OPTIONS https://localhost:7069/api/Appointment/Get/387 - -

2024-07-28 19:11:30.414 +05:30  INF  CORS policy execution successful.

2024-07-28 19:11:30.414 +05:30  INF  Request finished HTTP/2 OPTIONS https://localhost:7069/api/Appointment/Get/387 - - - 204 - - 0.3650ms

2024-07-28 19:11:30.416 +05:30  INF  Request starting HTTP/2 GET https://localhost:7069/api/Appointment/Get/387 application/json -

2024-07-28 19:11:30.416 +05:30  INF  CORS policy execution successful.

2024-07-28 19:11:31.069 +05:30  INF  Executed DbCommand (208ms) [Parameters=[@__id_0='?' (DbType = Int64)], CommandType='"Text"', CommandTimeout='30']
SELECT `u`.`Id`, `u`.`About_Me`, `u`.`Account_Type`, `u`.`Address`, `u`.`Available_Days`, `u`.`Bn_Name`, `u`.`City`, `u`.`Country`, `u`.`Created_At`, `u`.`Currency`, `u`.`Degree`, `u`.`Email`, `u`.`Email_Verified`, `u`.`Enable_Appointment`, `u`.`Enable_Rating`, `u`.`Exp_Years`, `u`.`Facebook`, `u`.`Google_Analytics`, `u`.`Image`, `u`.`Instagram`, `u`.`Linkedin`, `u`.`Name`, `u`.`Parent_Id`, `u`.`Password`, `u`.`Paypal_Email`, `u`.`Paypal_Mode`, `u`.`Paypal_Payment`, `u`.`Paystack_Payment`, `u`.`Paystack_Public_Key`, `u`.`Paystack_Secret_Key`, `u`.`Phone`, `u`.`Publish_Key`, `u`.`Qr_Code`, `u`.`Razorpay_Key_Id`, `u`.`Razorpay_Key_Secret`, `u`.`Razorpay_Payment`, `u`.`Role`, `u`.`Secret_Key`, `u`.`Skype`, `u`.`Slug`, `u`.`Specialist`, `u`.`Status`, `u`.`Stripe_Payment`, `u`.`Thumb`, `u`.`Trial_Expire`, `u`.`Twitter`, `u`.`User_Name`, `u`.`User_Type`, `u`.`Verify_Code`, `u`.`Whatsapp`
FROM `Users` AS `u`
WHERE `u`.`Id` = @__id_0
LIMIT 1

2024-07-28 19:11:31.070 +05:30  INF  Executing endpoint 'DCRM.Api.Controllers.AppointmentController.Get (DCRM.Api)'

2024-07-28 19:11:31.071 +05:30  INF  Route matched with {action = "Get", controller = "Appointment"}. Executing controller action with signature DCRM.Common.Entity.Appointment Get(Int32) on controller DCRM.Api.Controllers.AppointmentController (DCRM.Api).

2024-07-28 19:11:31.700 +05:30  INF  Executed DbCommand (209ms) [Parameters=[@__id_0='?' (DbType = Int64)], CommandType='"Text"', CommandTimeout='30']
SELECT `a`.`Id`, `a`.`Appointment_Status`, `a`.`Cause`, `a`.`Chair`, `a`.`Chamber_Id`, `a`.`Created_At`, `a`.`Date`, `a`.`Doctor_Id`, `a`.`Doctor_Name`, `a`.`End_Time`, `a`.`Extra_Notes`, `a`.`Files`, `a`.`Is_Delete`, `a`.`Is_Start`, `a`.`Meeting_Notes`, `a`.`Number_Of_Slot`, `a`.`Patient_Id`, `a`.`Prescription_Id`, `a`.`Serial_Id`, `a`.`Slot_Time`, `a`.`Start_Time`, `a`.`Status`, `a`.`Type`, `a`.`User_Id`, `a`.`Workdone_Id`
FROM `Appointments` AS `a`
WHERE (`a`.`Id` = @__id_0) AND (`a`.`Is_Delete` = 0)
LIMIT 1

2024-07-28 19:11:31.700 +05:30  INF  Executing ObjectResult, writing value of type 'DCRM.Common.Entity.Appointment'.

2024-07-28 19:11:31.704 +05:30  INF  Executed action DCRM.Api.Controllers.AppointmentController.Get (DCRM.Api) in 632.5691ms

2024-07-28 19:11:31.704 +05:30  INF  Executed endpoint 'DCRM.Api.Controllers.AppointmentController.Get (DCRM.Api)'

2024-07-28 19:11:31.704 +05:30  INF  Request finished HTTP/2 GET https://localhost:7069/api/Appointment/Get/387 application/json - - 200 - application/json;+charset=utf-8 1287.7196ms

2024-07-28 19:11:31.736 +05:30  INF  Request starting HTTP/2 OPTIONS https://localhost:7069/api/Patient/Get/387 - -

2024-07-28 19:11:31.737 +05:30  INF  Request starting HTTP/2 OPTIONS https://localhost:7069/api/Doctor/Get/Names - -

2024-07-28 19:11:31.737 +05:30  INF  CORS policy execution successful.

2024-07-28 19:11:31.737 +05:30  INF  CORS policy execution successful.

2024-07-28 19:11:31.738 +05:30  INF  Request finished HTTP/2 OPTIONS https://localhost:7069/api/Doctor/Get/Names - - - 204 - - 0.5613ms

2024-07-28 19:11:31.738 +05:30  INF  Request finished HTTP/2 OPTIONS https://localhost:7069/api/Patient/Get/387 - - - 204 - - 0.9858ms

2024-07-28 19:11:31.738 +05:30  INF  Request starting HTTP/2 OPTIONS https://localhost:7069/api/Patient/Get/Names - -

2024-07-28 19:11:31.738 +05:30  INF  Request starting HTTP/2 OPTIONS https://localhost:7069/api/Patient/Get/508 - -

2024-07-28 19:11:31.738 +05:30  INF  Request starting HTTP/2 OPTIONS https://localhost:7069/api/Chair/GetAll - -

2024-07-28 19:11:31.738 +05:30  INF  CORS policy execution successful.

2024-07-28 19:11:31.739 +05:30  INF  Request finished HTTP/2 OPTIONS https://localhost:7069/api/Chair/GetAll - - - 204 - - 0.5480ms

2024-07-28 19:11:31.740 +05:30  INF  Request starting HTTP/2 GET https://localhost:7069/api/Doctor/Get/Names application/json -

2024-07-28 19:11:31.741 +05:30  INF  Request starting HTTP/2 GET https://localhost:7069/api/Patient/Get/387 application/json -

2024-07-28 19:11:31.741 +05:30  INF  Request starting HTTP/2 GET https://localhost:7069/api/Chair/GetAll application/json -

2024-07-28 19:11:31.742 +05:30  INF  CORS policy execution successful.

2024-07-28 19:11:31.742 +05:30  INF  CORS policy execution successful.

2024-07-28 19:11:31.742 +05:30  INF  CORS policy execution successful.

2024-07-28 19:11:31.742 +05:30  INF  CORS policy execution successful.

2024-07-28 19:11:31.742 +05:30  INF  Request finished HTTP/2 OPTIONS https://localhost:7069/api/Patient/Get/508 - - - 204 - - 4.2818ms

2024-07-28 19:11:31.742 +05:30  INF  Request finished HTTP/2 OPTIONS https://localhost:7069/api/Patient/Get/Names - - - 204 - - 4.4362ms

2024-07-28 19:11:31.742 +05:30  INF  CORS policy execution successful.

2024-07-28 19:11:31.746 +05:30  INF  Request starting HTTP/2 GET https://localhost:7069/api/Patient/Get/508 application/json -

2024-07-28 19:11:31.746 +05:30  INF  Request starting HTTP/2 GET https://localhost:7069/api/Patient/Get/Names application/json -

2024-07-28 19:11:31.746 +05:30  INF  CORS policy execution successful.

2024-07-28 19:11:31.746 +05:30  INF  CORS policy execution successful.

2024-07-28 19:11:32.368 +05:30  INF  Executed DbCommand (209ms) [Parameters=[@__id_0='?' (DbType = Int64)], CommandType='"Text"', CommandTimeout='30']
SELECT `u`.`Id`, `u`.`About_Me`, `u`.`Account_Type`, `u`.`Address`, `u`.`Available_Days`, `u`.`Bn_Name`, `u`.`City`, `u`.`Country`, `u`.`Created_At`, `u`.`Currency`, `u`.`Degree`, `u`.`Email`, `u`.`Email_Verified`, `u`.`Enable_Appointment`, `u`.`Enable_Rating`, `u`.`Exp_Years`, `u`.`Facebook`, `u`.`Google_Analytics`, `u`.`Image`, `u`.`Instagram`, `u`.`Linkedin`, `u`.`Name`, `u`.`Parent_Id`, `u`.`Password`, `u`.`Paypal_Email`, `u`.`Paypal_Mode`, `u`.`Paypal_Payment`, `u`.`Paystack_Payment`, `u`.`Paystack_Public_Key`, `u`.`Paystack_Secret_Key`, `u`.`Phone`, `u`.`Publish_Key`, `u`.`Qr_Code`, `u`.`Razorpay_Key_Id`, `u`.`Razorpay_Key_Secret`, `u`.`Razorpay_Payment`, `u`.`Role`, `u`.`Secret_Key`, `u`.`Skype`, `u`.`Slug`, `u`.`Specialist`, `u`.`Status`, `u`.`Stripe_Payment`, `u`.`Thumb`, `u`.`Trial_Expire`, `u`.`Twitter`, `u`.`User_Name`, `u`.`User_Type`, `u`.`Verify_Code`, `u`.`Whatsapp`
FROM `Users` AS `u`
WHERE `u`.`Id` = @__id_0
LIMIT 1

2024-07-28 19:11:32.368 +05:30  INF  Executing endpoint 'DCRM.Api.Controllers.DoctorController.DoctorNameList (DCRM.Api)'

2024-07-28 19:11:32.369 +05:30  INF  Route matched with {action = "DoctorNameList", controller = "Doctor"}. Executing controller action with signature System.Collections.Generic.List`1[DCRM.Common.Dto.DropdownDataDto] DoctorNameList() on controller DCRM.Api.Controllers.DoctorController (DCRM.Api).

2024-07-28 19:11:33.207 +05:30  INF  Executed DbCommand (418ms) [Parameters=[@__userId_0='?' (DbType = Int64)], CommandType='"Text"', CommandTimeout='30']
SELECT `d`.`Id`, `d`.`Age`, `d`.`Blood_Group`, `d`.`Created_At`, `d`.`Dob`, `d`.`Email`, `d`.`Email2`, `d`.`Gender`, `d`.`Gst_Number`, `d`.`Is_Delete`, `d`.`Marital_Status`, `d`.`Name`, `d`.`Pan_Number`, `d`.`Password`, `d`.`Phone1`, `d`.`Phone2`, `d`.`Phone3`, `d`.`Phone4`, `d`.`Qualification`, `d`.`Role`, `d`.`Speciality`, `d`.`Thumb`, `d`.`Updated_At`, `d`.`User_Id`
FROM `Doctors` AS `d`
WHERE (`d`.`User_Id` = @__userId_0) AND (`d`.`Is_Delete` = 0)

2024-07-28 19:11:34.052 +05:30  INF  Executing ObjectResult, writing value of type 'System.Collections.Generic.List`1[[DCRM.Common.Dto.DropdownDataDto, DCRM.Common, Version=1.0.0.0, Culture=neutral, PublicKeyToken=null]]'.

2024-07-28 19:11:34.054 +05:30  INF  Executed action DCRM.Api.Controllers.DoctorController.DoctorNameList (DCRM.Api) in 1684.3532ms

2024-07-28 19:11:34.054 +05:30  INF  Executed endpoint 'DCRM.Api.Controllers.DoctorController.DoctorNameList (DCRM.Api)'

2024-07-28 19:11:34.054 +05:30  INF  Request finished HTTP/2 GET https://localhost:7069/api/Doctor/Get/Names application/json - - 200 - application/json;+charset=utf-8 2313.6622ms

2024-07-28 19:11:34.728 +05:30  INF  Executed DbCommand (208ms) [Parameters=[@__id_0='?' (DbType = Int64)], CommandType='"Text"', CommandTimeout='30']
SELECT `u`.`Id`, `u`.`About_Me`, `u`.`Account_Type`, `u`.`Address`, `u`.`Available_Days`, `u`.`Bn_Name`, `u`.`City`, `u`.`Country`, `u`.`Created_At`, `u`.`Currency`, `u`.`Degree`, `u`.`Email`, `u`.`Email_Verified`, `u`.`Enable_Appointment`, `u`.`Enable_Rating`, `u`.`Exp_Years`, `u`.`Facebook`, `u`.`Google_Analytics`, `u`.`Image`, `u`.`Instagram`, `u`.`Linkedin`, `u`.`Name`, `u`.`Parent_Id`, `u`.`Password`, `u`.`Paypal_Email`, `u`.`Paypal_Mode`, `u`.`Paypal_Payment`, `u`.`Paystack_Payment`, `u`.`Paystack_Public_Key`, `u`.`Paystack_Secret_Key`, `u`.`Phone`, `u`.`Publish_Key`, `u`.`Qr_Code`, `u`.`Razorpay_Key_Id`, `u`.`Razorpay_Key_Secret`, `u`.`Razorpay_Payment`, `u`.`Role`, `u`.`Secret_Key`, `u`.`Skype`, `u`.`Slug`, `u`.`Specialist`, `u`.`Status`, `u`.`Stripe_Payment`, `u`.`Thumb`, `u`.`Trial_Expire`, `u`.`Twitter`, `u`.`User_Name`, `u`.`User_Type`, `u`.`Verify_Code`, `u`.`Whatsapp`
FROM `Users` AS `u`
WHERE `u`.`Id` = @__id_0
LIMIT 1

2024-07-28 19:11:34.728 +05:30  INF  Executing endpoint 'DCRM.Api.Controllers.PatientController.Get (DCRM.Api)'

2024-07-28 19:11:34.730 +05:30  INF  Route matched with {action = "Get", controller = "Patient"}. Executing controller action with signature DCRM.Common.Dto.PatientseDto Get(Int64) on controller DCRM.Api.Controllers.PatientController (DCRM.Api).

2024-07-28 19:11:34.749 +05:30  INF  Executed DbCommand (229ms) [Parameters=[@__id_0='?' (DbType = Int64)], CommandType='"Text"', CommandTimeout='30']
SELECT `u`.`Id`, `u`.`About_Me`, `u`.`Account_Type`, `u`.`Address`, `u`.`Available_Days`, `u`.`Bn_Name`, `u`.`City`, `u`.`Country`, `u`.`Created_At`, `u`.`Currency`, `u`.`Degree`, `u`.`Email`, `u`.`Email_Verified`, `u`.`Enable_Appointment`, `u`.`Enable_Rating`, `u`.`Exp_Years`, `u`.`Facebook`, `u`.`Google_Analytics`, `u`.`Image`, `u`.`Instagram`, `u`.`Linkedin`, `u`.`Name`, `u`.`Parent_Id`, `u`.`Password`, `u`.`Paypal_Email`, `u`.`Paypal_Mode`, `u`.`Paypal_Payment`, `u`.`Paystack_Payment`, `u`.`Paystack_Public_Key`, `u`.`Paystack_Secret_Key`, `u`.`Phone`, `u`.`Publish_Key`, `u`.`Qr_Code`, `u`.`Razorpay_Key_Id`, `u`.`Razorpay_Key_Secret`, `u`.`Razorpay_Payment`, `u`.`Role`, `u`.`Secret_Key`, `u`.`Skype`, `u`.`Slug`, `u`.`Specialist`, `u`.`Status`, `u`.`Stripe_Payment`, `u`.`Thumb`, `u`.`Trial_Expire`, `u`.`Twitter`, `u`.`User_Name`, `u`.`User_Type`, `u`.`Verify_Code`, `u`.`Whatsapp`
FROM `Users` AS `u`
WHERE `u`.`Id` = @__id_0
LIMIT 1

2024-07-28 19:11:34.749 +05:30  INF  Executed DbCommand (229ms) [Parameters=[@__id_0='?' (DbType = Int64)], CommandType='"Text"', CommandTimeout='30']
SELECT `u`.`Id`, `u`.`About_Me`, `u`.`Account_Type`, `u`.`Address`, `u`.`Available_Days`, `u`.`Bn_Name`, `u`.`City`, `u`.`Country`, `u`.`Created_At`, `u`.`Currency`, `u`.`Degree`, `u`.`Email`, `u`.`Email_Verified`, `u`.`Enable_Appointment`, `u`.`Enable_Rating`, `u`.`Exp_Years`, `u`.`Facebook`, `u`.`Google_Analytics`, `u`.`Image`, `u`.`Instagram`, `u`.`Linkedin`, `u`.`Name`, `u`.`Parent_Id`, `u`.`Password`, `u`.`Paypal_Email`, `u`.`Paypal_Mode`, `u`.`Paypal_Payment`, `u`.`Paystack_Payment`, `u`.`Paystack_Public_Key`, `u`.`Paystack_Secret_Key`, `u`.`Phone`, `u`.`Publish_Key`, `u`.`Qr_Code`, `u`.`Razorpay_Key_Id`, `u`.`Razorpay_Key_Secret`, `u`.`Razorpay_Payment`, `u`.`Role`, `u`.`Secret_Key`, `u`.`Skype`, `u`.`Slug`, `u`.`Specialist`, `u`.`Status`, `u`.`Stripe_Payment`, `u`.`Thumb`, `u`.`Trial_Expire`, `u`.`Twitter`, `u`.`User_Name`, `u`.`User_Type`, `u`.`Verify_Code`, `u`.`Whatsapp`
FROM `Users` AS `u`
WHERE `u`.`Id` = @__id_0
LIMIT 1

2024-07-28 19:11:34.749 +05:30  INF  Executed DbCommand (229ms) [Parameters=[@__id_0='?' (DbType = Int64)], CommandType='"Text"', CommandTimeout='30']
SELECT `u`.`Id`, `u`.`About_Me`, `u`.`Account_Type`, `u`.`Address`, `u`.`Available_Days`, `u`.`Bn_Name`, `u`.`City`, `u`.`Country`, `u`.`Created_At`, `u`.`Currency`, `u`.`Degree`, `u`.`Email`, `u`.`Email_Verified`, `u`.`Enable_Appointment`, `u`.`Enable_Rating`, `u`.`Exp_Years`, `u`.`Facebook`, `u`.`Google_Analytics`, `u`.`Image`, `u`.`Instagram`, `u`.`Linkedin`, `u`.`Name`, `u`.`Parent_Id`, `u`.`Password`, `u`.`Paypal_Email`, `u`.`Paypal_Mode`, `u`.`Paypal_Payment`, `u`.`Paystack_Payment`, `u`.`Paystack_Public_Key`, `u`.`Paystack_Secret_Key`, `u`.`Phone`, `u`.`Publish_Key`, `u`.`Qr_Code`, `u`.`Razorpay_Key_Id`, `u`.`Razorpay_Key_Secret`, `u`.`Razorpay_Payment`, `u`.`Role`, `u`.`Secret_Key`, `u`.`Skype`, `u`.`Slug`, `u`.`Specialist`, `u`.`Status`, `u`.`Stripe_Payment`, `u`.`Thumb`, `u`.`Trial_Expire`, `u`.`Twitter`, `u`.`User_Name`, `u`.`User_Type`, `u`.`Verify_Code`, `u`.`Whatsapp`
FROM `Users` AS `u`
WHERE `u`.`Id` = @__id_0
LIMIT 1

2024-07-28 19:11:34.750 +05:30  INF  Executing endpoint 'DCRM.Api.Controllers.PatientController.Get (DCRM.Api)'

2024-07-28 19:11:34.750 +05:30  INF  Executing endpoint 'DCRM.Api.Controllers.ChairController.GetAll (DCRM.Api)'

2024-07-28 19:11:34.750 +05:30  INF  Executing endpoint 'DCRM.Api.Controllers.PatientController.PatientDetailList (DCRM.Api)'

2024-07-28 19:11:34.750 +05:30  INF  Route matched with {action = "Get", controller = "Patient"}. Executing controller action with signature DCRM.Common.Dto.PatientseDto Get(Int64) on controller DCRM.Api.Controllers.PatientController (DCRM.Api).

2024-07-28 19:11:34.751 +05:30  INF  Route matched with {action = "GetAll", controller = "Chair"}. Executing controller action with signature System.Collections.Generic.List`1[DCRM.Common.Dto.ChairDto] GetAll() on controller DCRM.Api.Controllers.ChairController (DCRM.Api).

2024-07-28 19:11:34.751 +05:30  INF  Route matched with {action = "PatientDetailList", controller = "Patient"}. Executing controller action with signature System.Collections.Generic.List`1[DCRM.Common.Dto.DropdownDataDto] PatientDetailList() on controller DCRM.Api.Controllers.PatientController (DCRM.Api).

2024-07-28 19:11:35.359 +05:30  INF  Executed DbCommand (209ms) [Parameters=[@__id_0='?' (DbType = Int64)], CommandType='"Text"', CommandTimeout='30']
SELECT `p`.`Id`, `p`.`Age`, `p`.`Chamber_Id`, `p`.`Created_At`, `p`.`Email`, `p`.`Guardian`, `p`.`Is_Delete`, `p`.`Mobile`, `p`.`Mr_Number`, `p`.`Name`, `p`.`Password`, `p`.`Permanent_Address`, `p`.`Present_Address`, `p`.`Role`, `p`.`Sex`, `p`.`Slug`, `p`.`Thumb`, `p`.`Title`, `p`.`UserName`, `p`.`User_Id`, `p`.`Verify_Code`, `p`.`Weight`
FROM `Patientses` AS `p`
WHERE (`p`.`Is_Delete` = 0) AND (`p`.`Id` = @__id_0)
LIMIT 1

2024-07-28 19:11:35.386 +05:30  INF  Executed DbCommand (209ms) [Parameters=[@__id_0='?' (DbType = Int64)], CommandType='"Text"', CommandTimeout='30']
SELECT `p`.`Id`, `p`.`Age`, `p`.`Chamber_Id`, `p`.`Created_At`, `p`.`Email`, `p`.`Guardian`, `p`.`Is_Delete`, `p`.`Mobile`, `p`.`Mr_Number`, `p`.`Name`, `p`.`Password`, `p`.`Permanent_Address`, `p`.`Present_Address`, `p`.`Role`, `p`.`Sex`, `p`.`Slug`, `p`.`Thumb`, `p`.`Title`, `p`.`UserName`, `p`.`User_Id`, `p`.`Verify_Code`, `p`.`Weight`
FROM `Patientses` AS `p`
WHERE (`p`.`Is_Delete` = 0) AND (`p`.`Id` = @__id_0)
LIMIT 1

2024-07-28 19:11:35.388 +05:30  INF  Executed DbCommand (211ms) [Parameters=[], CommandType='"Text"', CommandTimeout='30']
SELECT `c`.`Id`, `c`.`Address`, `c`.`Appoinment_Limit`, `c`.`Created_At`, `c`.`Doctor_Id`, `c`.`Is_Primary`, `c`.`Name`, `c`.`Status`, `c`.`Uid`, `c`.`User_Id`
FROM `Chairs` AS `c`

2024-07-28 19:11:35.388 +05:30  INF  Executed DbCommand (211ms) [Parameters=[@__userId_0='?' (DbType = Int64)], CommandType='"Text"', CommandTimeout='30']
SELECT `p`.`Id`, `p`.`Age`, `p`.`Chamber_Id`, `p`.`Created_At`, `p`.`Email`, `p`.`Guardian`, `p`.`Is_Delete`, `p`.`Mobile`, `p`.`Mr_Number`, `p`.`Name`, `p`.`Password`, `p`.`Permanent_Address`, `p`.`Present_Address`, `p`.`Role`, `p`.`Sex`, `p`.`Slug`, `p`.`Thumb`, `p`.`Title`, `p`.`UserName`, `p`.`User_Id`, `p`.`Verify_Code`, `p`.`Weight`
FROM `Patientses` AS `p`
WHERE (`p`.`User_Id` = @__userId_0) AND (`p`.`Is_Delete` = 0)

2024-07-28 19:11:35.991 +05:30  INF  Executed DbCommand (211ms) [Parameters=[], CommandType='"Text"', CommandTimeout='30']
SELECT `p`.`Id`, `p`.`Amount_Type`, `p`.`Balance`, `p`.`Created_At`, `p`.`Credit_Amount`, `p`.`Debit_Amount`, `p`.`Description`, `p`.`Doctor_Id`, `p`.`Patient_Id`, `p`.`Payment_Mode`, `p`.`Updated_At`, `p`.`Workdone_Id`, `p`.`isPrinted`
FROM `Payment_History` AS `p`

2024-07-28 19:11:36.016 +05:30  INF  Executed DbCommand (211ms) [Parameters=[], CommandType='"Text"', CommandTimeout='30']
SELECT `p`.`Id`, `p`.`Amount_Type`, `p`.`Balance`, `p`.`Created_At`, `p`.`Credit_Amount`, `p`.`Debit_Amount`, `p`.`Description`, `p`.`Doctor_Id`, `p`.`Patient_Id`, `p`.`Payment_Mode`, `p`.`Updated_At`, `p`.`Workdone_Id`, `p`.`isPrinted`
FROM `Payment_History` AS `p`

2024-07-28 19:11:36.017 +05:30  INF  Executed DbCommand (210ms) [Parameters=[@__Id_0='?' (DbType = Int64)], CommandType='"Text"', CommandTimeout='30']
SELECT `d`.`Id`, `d`.`Age`, `d`.`Blood_Group`, `d`.`Created_At`, `d`.`Dob`, `d`.`Email`, `d`.`Email2`, `d`.`Gender`, `d`.`Gst_Number`, `d`.`Is_Delete`, `d`.`Marital_Status`, `d`.`Name`, `d`.`Pan_Number`, `d`.`Password`, `d`.`Phone1`, `d`.`Phone2`, `d`.`Phone3`, `d`.`Phone4`, `d`.`Qualification`, `d`.`Role`, `d`.`Speciality`, `d`.`Thumb`, `d`.`Updated_At`, `d`.`User_Id`
FROM `Doctors` AS `d`
WHERE `d`.`Id` = @__Id_0
LIMIT 2

2024-07-28 19:11:36.443 +05:30  INF  Executing ObjectResult, writing value of type 'System.Collections.Generic.List`1[[DCRM.Common.Dto.DropdownDataDto, DCRM.Common, Version=1.0.0.0, Culture=neutral, PublicKeyToken=null]]'.

2024-07-28 19:11:36.443 +05:30  INF  Executed action DCRM.Api.Controllers.PatientController.PatientDetailList (DCRM.Api) in 1691.9178ms

2024-07-28 19:11:36.443 +05:30  INF  Executed endpoint 'DCRM.Api.Controllers.PatientController.PatientDetailList (DCRM.Api)'

2024-07-28 19:11:36.443 +05:30  INF  Request finished HTTP/2 GET https://localhost:7069/api/Patient/Get/Names application/json - - 200 - application/json;+charset=utf-8 4697.0453ms

2024-07-28 19:11:36.650 +05:30  INF  Executed DbCommand (206ms) [Parameters=[@__Id_0='?' (DbType = Int64)], CommandType='"Text"', CommandTimeout='30']
SELECT `d`.`Id`, `d`.`Age`, `d`.`Blood_Group`, `d`.`Created_At`, `d`.`Dob`, `d`.`Email`, `d`.`Email2`, `d`.`Gender`, `d`.`Gst_Number`, `d`.`Is_Delete`, `d`.`Marital_Status`, `d`.`Name`, `d`.`Pan_Number`, `d`.`Password`, `d`.`Phone1`, `d`.`Phone2`, `d`.`Phone3`, `d`.`Phone4`, `d`.`Qualification`, `d`.`Role`, `d`.`Speciality`, `d`.`Thumb`, `d`.`Updated_At`, `d`.`User_Id`
FROM `Doctors` AS `d`
WHERE `d`.`Id` = @__Id_0
LIMIT 2

2024-07-28 19:11:36.826 +05:30  INF  Executed DbCommand (206ms) [Parameters=[@__p_0='?' (DbType = Int64)], CommandType='"Text"', CommandTimeout='30']
SELECT `p`.`Id`, `p`.`Amount`, `p`.`Balance_Amount`, `p`.`Balance_Spent`, `p`.`Created_At`, `p`.`Name`, `p`.`Patients_Id`, `p`.`Type`, `p`.`Updated_At`
FROM `Patients_Insurance_Loan` AS `p`
WHERE `p`.`Patients_Id` = @__p_0

2024-07-28 19:11:36.855 +05:30  INF  Executed DbCommand (207ms) [Parameters=[@__p_0='?' (DbType = Int64)], CommandType='"Text"', CommandTimeout='30']
SELECT `p`.`Id`, `p`.`Amount`, `p`.`Balance_Amount`, `p`.`Balance_Spent`, `p`.`Created_At`, `p`.`Name`, `p`.`Patients_Id`, `p`.`Type`, `p`.`Updated_At`
FROM `Patients_Insurance_Loan` AS `p`
WHERE `p`.`Patients_Id` = @__p_0

2024-07-28 19:11:37.279 +05:30  INF  Executed DbCommand (209ms) [Parameters=[@__Id_0='?' (DbType = Int64)], CommandType='"Text"', CommandTimeout='30']
SELECT `d`.`Id`, `d`.`Age`, `d`.`Blood_Group`, `d`.`Created_At`, `d`.`Dob`, `d`.`Email`, `d`.`Email2`, `d`.`Gender`, `d`.`Gst_Number`, `d`.`Is_Delete`, `d`.`Marital_Status`, `d`.`Name`, `d`.`Pan_Number`, `d`.`Password`, `d`.`Phone1`, `d`.`Phone2`, `d`.`Phone3`, `d`.`Phone4`, `d`.`Qualification`, `d`.`Role`, `d`.`Speciality`, `d`.`Thumb`, `d`.`Updated_At`, `d`.`User_Id`
FROM `Doctors` AS `d`
WHERE `d`.`Id` = @__Id_0
LIMIT 2

2024-07-28 19:11:37.466 +05:30  INF  Executed DbCommand (214ms) [Parameters=[@__p_0='?' (DbType = Int64)], CommandType='"Text"', CommandTimeout='30']
SELECT `p`.`Id`, `p`.`Created_At`, `p`.`Patient_Id`, `p`.`Report`, `p`.`Report_Date`, `p`.`Report_File`, `p`.`Status`, `p`.`Test_Name`, `p`.`Test_Price`, `p`.`Updated_At`
FROM `Patient_Tests` AS `p`
WHERE `p`.`Patient_Id` = @__p_0

2024-07-28 19:11:37.488 +05:30  INF  Executed DbCommand (209ms) [Parameters=[@__p_0='?' (DbType = Int64)], CommandType='"Text"', CommandTimeout='30']
SELECT `p`.`Id`, `p`.`Created_At`, `p`.`Patient_Id`, `p`.`Report`, `p`.`Report_Date`, `p`.`Report_File`, `p`.`Status`, `p`.`Test_Name`, `p`.`Test_Price`, `p`.`Updated_At`
FROM `Patient_Tests` AS `p`
WHERE `p`.`Patient_Id` = @__p_0

2024-07-28 19:11:37.905 +05:30  INF  Executed DbCommand (208ms) [Parameters=[@__Id_0='?' (DbType = Int64)], CommandType='"Text"', CommandTimeout='30']
SELECT `d`.`Id`, `d`.`Age`, `d`.`Blood_Group`, `d`.`Created_At`, `d`.`Dob`, `d`.`Email`, `d`.`Email2`, `d`.`Gender`, `d`.`Gst_Number`, `d`.`Is_Delete`, `d`.`Marital_Status`, `d`.`Name`, `d`.`Pan_Number`, `d`.`Password`, `d`.`Phone1`, `d`.`Phone2`, `d`.`Phone3`, `d`.`Phone4`, `d`.`Qualification`, `d`.`Role`, `d`.`Speciality`, `d`.`Thumb`, `d`.`Updated_At`, `d`.`User_Id`
FROM `Doctors` AS `d`
WHERE `d`.`Id` = @__Id_0
LIMIT 2

2024-07-28 19:11:38.101 +05:30  INF  Executed DbCommand (211ms) [Parameters=[@__p_0='?' (DbType = Int64)], CommandType='"Text"', CommandTimeout='30']
SELECT `p`.`Id`, `p`.`Address_O`, `p`.`Address_Other`, `p`.`Address_R`, `p`.`City_O`, `p`.`City_Other`, `p`.`City_R`, `p`.`Country_O`, `p`.`Country_Other`, `p`.`Country_R`, `p`.`Created_At`, `p`.`Doctor_Name`, `p`.`Email`, `p`.`Email2`, `p`.`Medical_History_Allergies`, `p`.`Patient_Id`, `p`.`Phone`, `p`.`Phone1`, `p`.`Phone2`, `p`.`Phone3`, `p`.`Phone4`, `p`.`Physician`, `p`.`Reffered_By`, `p`.`Relationship_Type`, `p`.`Special_Notes`, `p`.`Updated_At`, `p`.`Zip_O`, `p`.`Zip_Other`, `p`.`Zip_R`
FROM `Patients_Contact` AS `p`
WHERE `p`.`Patient_Id` = @__p_0

2024-07-28 19:11:38.115 +05:30  INF  Executed DbCommand (212ms) [Parameters=[@__p_0='?' (DbType = Int64)], CommandType='"Text"', CommandTimeout='30']
SELECT `p`.`Id`, `p`.`Address_O`, `p`.`Address_Other`, `p`.`Address_R`, `p`.`City_O`, `p`.`City_Other`, `p`.`City_R`, `p`.`Country_O`, `p`.`Country_Other`, `p`.`Country_R`, `p`.`Created_At`, `p`.`Doctor_Name`, `p`.`Email`, `p`.`Email2`, `p`.`Medical_History_Allergies`, `p`.`Patient_Id`, `p`.`Phone`, `p`.`Phone1`, `p`.`Phone2`, `p`.`Phone3`, `p`.`Phone4`, `p`.`Physician`, `p`.`Reffered_By`, `p`.`Relationship_Type`, `p`.`Special_Notes`, `p`.`Updated_At`, `p`.`Zip_O`, `p`.`Zip_Other`, `p`.`Zip_R`
FROM `Patients_Contact` AS `p`
WHERE `p`.`Patient_Id` = @__p_0

2024-07-28 19:11:38.535 +05:30  INF  Executed DbCommand (211ms) [Parameters=[@__Id_0='?' (DbType = Int64)], CommandType='"Text"', CommandTimeout='30']
SELECT `d`.`Id`, `d`.`Age`, `d`.`Blood_Group`, `d`.`Created_At`, `d`.`Dob`, `d`.`Email`, `d`.`Email2`, `d`.`Gender`, `d`.`Gst_Number`, `d`.`Is_Delete`, `d`.`Marital_Status`, `d`.`Name`, `d`.`Pan_Number`, `d`.`Password`, `d`.`Phone1`, `d`.`Phone2`, `d`.`Phone3`, `d`.`Phone4`, `d`.`Qualification`, `d`.`Role`, `d`.`Speciality`, `d`.`Thumb`, `d`.`Updated_At`, `d`.`User_Id`
FROM `Doctors` AS `d`
WHERE `d`.`Id` = @__Id_0
LIMIT 2

2024-07-28 19:11:38.771 +05:30  INF  Executed DbCommand (209ms) [Parameters=[@__p_0='?' (DbType = Int64)], CommandType='"Text"', CommandTimeout='30']
SELECT `p`.`Id`, `p`.`Created_At`, `p`.`Patient_Id`, `p`.`Report`, `p`.`Report_File`, `p`.`Scan_Name`, `p`.`Status`, `p`.`Type`, `p`.`Updated_At`
FROM `Patient_Scans` AS `p`
WHERE `p`.`Patient_Id` = @__p_0

2024-07-28 19:11:38.772 +05:30  INF  Executing ObjectResult, writing value of type 'DCRM.Common.Dto.PatientseDto'.

2024-07-28 19:11:38.772 +05:30  INF  Executed DbCommand (209ms) [Parameters=[@__p_0='?' (DbType = Int64)], CommandType='"Text"', CommandTimeout='30']
SELECT `p`.`Id`, `p`.`Created_At`, `p`.`Patient_Id`, `p`.`Report`, `p`.`Report_File`, `p`.`Scan_Name`, `p`.`Status`, `p`.`Type`, `p`.`Updated_At`
FROM `Patient_Scans` AS `p`
WHERE `p`.`Patient_Id` = @__p_0

2024-07-28 19:11:38.772 +05:30  INF  Executing ObjectResult, writing value of type 'DCRM.Common.Dto.PatientseDto'.

2024-07-28 19:11:38.792 +05:30  INF  Executed action DCRM.Api.Controllers.PatientController.Get (DCRM.Api) in 4062.4852ms

2024-07-28 19:11:38.792 +05:30  INF  Executed endpoint 'DCRM.Api.Controllers.PatientController.Get (DCRM.Api)'

2024-07-28 19:11:38.792 +05:30  INF  Executed action DCRM.Api.Controllers.PatientController.Get (DCRM.Api) in 4042.2767ms

2024-07-28 19:11:38.792 +05:30  INF  Executed endpoint 'DCRM.Api.Controllers.PatientController.Get (DCRM.Api)'

2024-07-28 19:11:38.792 +05:30  INF  Request finished HTTP/2 GET https://localhost:7069/api/Patient/Get/387 application/json - - 200 - application/json;+charset=utf-8 7051.7410ms

2024-07-28 19:11:38.792 +05:30  INF  Request finished HTTP/2 GET https://localhost:7069/api/Patient/Get/508 application/json - - 200 - application/json;+charset=utf-8 7046.5045ms

2024-07-28 19:11:39.162 +05:30  INF  Executed DbCommand (210ms) [Parameters=[@__Id_0='?' (DbType = Int64)], CommandType='"Text"', CommandTimeout='30']
SELECT `d`.`Id`, `d`.`Age`, `d`.`Blood_Group`, `d`.`Created_At`, `d`.`Dob`, `d`.`Email`, `d`.`Email2`, `d`.`Gender`, `d`.`Gst_Number`, `d`.`Is_Delete`, `d`.`Marital_Status`, `d`.`Name`, `d`.`Pan_Number`, `d`.`Password`, `d`.`Phone1`, `d`.`Phone2`, `d`.`Phone3`, `d`.`Phone4`, `d`.`Qualification`, `d`.`Role`, `d`.`Speciality`, `d`.`Thumb`, `d`.`Updated_At`, `d`.`User_Id`
FROM `Doctors` AS `d`
WHERE `d`.`Id` = @__Id_0
LIMIT 2

2024-07-28 19:11:39.790 +05:30  INF  Executed DbCommand (210ms) [Parameters=[@__Id_0='?' (DbType = Int64)], CommandType='"Text"', CommandTimeout='30']
SELECT `d`.`Id`, `d`.`Age`, `d`.`Blood_Group`, `d`.`Created_At`, `d`.`Dob`, `d`.`Email`, `d`.`Email2`, `d`.`Gender`, `d`.`Gst_Number`, `d`.`Is_Delete`, `d`.`Marital_Status`, `d`.`Name`, `d`.`Pan_Number`, `d`.`Password`, `d`.`Phone1`, `d`.`Phone2`, `d`.`Phone3`, `d`.`Phone4`, `d`.`Qualification`, `d`.`Role`, `d`.`Speciality`, `d`.`Thumb`, `d`.`Updated_At`, `d`.`User_Id`
FROM `Doctors` AS `d`
WHERE `d`.`Id` = @__Id_0
LIMIT 2

2024-07-28 19:11:40.412 +05:30  INF  Executed DbCommand (208ms) [Parameters=[@__Id_0='?' (DbType = Int64)], CommandType='"Text"', CommandTimeout='30']
SELECT `d`.`Id`, `d`.`Age`, `d`.`Blood_Group`, `d`.`Created_At`, `d`.`Dob`, `d`.`Email`, `d`.`Email2`, `d`.`Gender`, `d`.`Gst_Number`, `d`.`Is_Delete`, `d`.`Marital_Status`, `d`.`Name`, `d`.`Pan_Number`, `d`.`Password`, `d`.`Phone1`, `d`.`Phone2`, `d`.`Phone3`, `d`.`Phone4`, `d`.`Qualification`, `d`.`Role`, `d`.`Speciality`, `d`.`Thumb`, `d`.`Updated_At`, `d`.`User_Id`
FROM `Doctors` AS `d`
WHERE `d`.`Id` = @__Id_0
LIMIT 2

2024-07-28 19:11:41.038 +05:30  INF  Executed DbCommand (212ms) [Parameters=[@__Id_0='?' (DbType = Int64)], CommandType='"Text"', CommandTimeout='30']
SELECT `d`.`Id`, `d`.`Age`, `d`.`Blood_Group`, `d`.`Created_At`, `d`.`Dob`, `d`.`Email`, `d`.`Email2`, `d`.`Gender`, `d`.`Gst_Number`, `d`.`Is_Delete`, `d`.`Marital_Status`, `d`.`Name`, `d`.`Pan_Number`, `d`.`Password`, `d`.`Phone1`, `d`.`Phone2`, `d`.`Phone3`, `d`.`Phone4`, `d`.`Qualification`, `d`.`Role`, `d`.`Speciality`, `d`.`Thumb`, `d`.`Updated_At`, `d`.`User_Id`
FROM `Doctors` AS `d`
WHERE `d`.`Id` = @__Id_0
LIMIT 2

2024-07-28 19:11:41.670 +05:30  INF  Executed DbCommand (214ms) [Parameters=[@__Id_0='?' (DbType = Int64)], CommandType='"Text"', CommandTimeout='30']
SELECT `d`.`Id`, `d`.`Age`, `d`.`Blood_Group`, `d`.`Created_At`, `d`.`Dob`, `d`.`Email`, `d`.`Email2`, `d`.`Gender`, `d`.`Gst_Number`, `d`.`Is_Delete`, `d`.`Marital_Status`, `d`.`Name`, `d`.`Pan_Number`, `d`.`Password`, `d`.`Phone1`, `d`.`Phone2`, `d`.`Phone3`, `d`.`Phone4`, `d`.`Qualification`, `d`.`Role`, `d`.`Speciality`, `d`.`Thumb`, `d`.`Updated_At`, `d`.`User_Id`
FROM `Doctors` AS `d`
WHERE `d`.`Id` = @__Id_0
LIMIT 2

2024-07-28 19:11:42.293 +05:30  INF  Executed DbCommand (209ms) [Parameters=[@__Id_0='?' (DbType = Int64)], CommandType='"Text"', CommandTimeout='30']
SELECT `d`.`Id`, `d`.`Age`, `d`.`Blood_Group`, `d`.`Created_At`, `d`.`Dob`, `d`.`Email`, `d`.`Email2`, `d`.`Gender`, `d`.`Gst_Number`, `d`.`Is_Delete`, `d`.`Marital_Status`, `d`.`Name`, `d`.`Pan_Number`, `d`.`Password`, `d`.`Phone1`, `d`.`Phone2`, `d`.`Phone3`, `d`.`Phone4`, `d`.`Qualification`, `d`.`Role`, `d`.`Speciality`, `d`.`Thumb`, `d`.`Updated_At`, `d`.`User_Id`
FROM `Doctors` AS `d`
WHERE `d`.`Id` = @__Id_0
LIMIT 2

2024-07-28 19:11:42.917 +05:30  INF  Executed DbCommand (209ms) [Parameters=[@__Id_0='?' (DbType = Int64)], CommandType='"Text"', CommandTimeout='30']
SELECT `d`.`Id`, `d`.`Age`, `d`.`Blood_Group`, `d`.`Created_At`, `d`.`Dob`, `d`.`Email`, `d`.`Email2`, `d`.`Gender`, `d`.`Gst_Number`, `d`.`Is_Delete`, `d`.`Marital_Status`, `d`.`Name`, `d`.`Pan_Number`, `d`.`Password`, `d`.`Phone1`, `d`.`Phone2`, `d`.`Phone3`, `d`.`Phone4`, `d`.`Qualification`, `d`.`Role`, `d`.`Speciality`, `d`.`Thumb`, `d`.`Updated_At`, `d`.`User_Id`
FROM `Doctors` AS `d`
WHERE `d`.`Id` = @__Id_0
LIMIT 2

2024-07-28 19:11:43.546 +05:30  INF  Executed DbCommand (211ms) [Parameters=[@__Id_0='?' (DbType = Int64)], CommandType='"Text"', CommandTimeout='30']
SELECT `d`.`Id`, `d`.`Age`, `d`.`Blood_Group`, `d`.`Created_At`, `d`.`Dob`, `d`.`Email`, `d`.`Email2`, `d`.`Gender`, `d`.`Gst_Number`, `d`.`Is_Delete`, `d`.`Marital_Status`, `d`.`Name`, `d`.`Pan_Number`, `d`.`Password`, `d`.`Phone1`, `d`.`Phone2`, `d`.`Phone3`, `d`.`Phone4`, `d`.`Qualification`, `d`.`Role`, `d`.`Speciality`, `d`.`Thumb`, `d`.`Updated_At`, `d`.`User_Id`
FROM `Doctors` AS `d`
WHERE `d`.`Id` = @__Id_0
LIMIT 2

2024-07-28 19:11:44.171 +05:30  INF  Executed DbCommand (211ms) [Parameters=[@__Id_0='?' (DbType = Int64)], CommandType='"Text"', CommandTimeout='30']
SELECT `d`.`Id`, `d`.`Age`, `d`.`Blood_Group`, `d`.`Created_At`, `d`.`Dob`, `d`.`Email`, `d`.`Email2`, `d`.`Gender`, `d`.`Gst_Number`, `d`.`Is_Delete`, `d`.`Marital_Status`, `d`.`Name`, `d`.`Pan_Number`, `d`.`Password`, `d`.`Phone1`, `d`.`Phone2`, `d`.`Phone3`, `d`.`Phone4`, `d`.`Qualification`, `d`.`Role`, `d`.`Speciality`, `d`.`Thumb`, `d`.`Updated_At`, `d`.`User_Id`
FROM `Doctors` AS `d`
WHERE `d`.`Id` = @__Id_0
LIMIT 2

2024-07-28 19:11:44.799 +05:30  INF  Executed DbCommand (209ms) [Parameters=[@__Id_0='?' (DbType = Int64)], CommandType='"Text"', CommandTimeout='30']
SELECT `d`.`Id`, `d`.`Age`, `d`.`Blood_Group`, `d`.`Created_At`, `d`.`Dob`, `d`.`Email`, `d`.`Email2`, `d`.`Gender`, `d`.`Gst_Number`, `d`.`Is_Delete`, `d`.`Marital_Status`, `d`.`Name`, `d`.`Pan_Number`, `d`.`Password`, `d`.`Phone1`, `d`.`Phone2`, `d`.`Phone3`, `d`.`Phone4`, `d`.`Qualification`, `d`.`Role`, `d`.`Speciality`, `d`.`Thumb`, `d`.`Updated_At`, `d`.`User_Id`
FROM `Doctors` AS `d`
WHERE `d`.`Id` = @__Id_0
LIMIT 2

2024-07-28 19:11:45.424 +05:30  INF  Executed DbCommand (209ms) [Parameters=[@__Id_0='?' (DbType = Int64)], CommandType='"Text"', CommandTimeout='30']
SELECT `d`.`Id`, `d`.`Age`, `d`.`Blood_Group`, `d`.`Created_At`, `d`.`Dob`, `d`.`Email`, `d`.`Email2`, `d`.`Gender`, `d`.`Gst_Number`, `d`.`Is_Delete`, `d`.`Marital_Status`, `d`.`Name`, `d`.`Pan_Number`, `d`.`Password`, `d`.`Phone1`, `d`.`Phone2`, `d`.`Phone3`, `d`.`Phone4`, `d`.`Qualification`, `d`.`Role`, `d`.`Speciality`, `d`.`Thumb`, `d`.`Updated_At`, `d`.`User_Id`
FROM `Doctors` AS `d`
WHERE `d`.`Id` = @__Id_0
LIMIT 2

2024-07-28 19:11:46.062 +05:30  INF  Executed DbCommand (210ms) [Parameters=[@__Id_0='?' (DbType = Int64)], CommandType='"Text"', CommandTimeout='30']
SELECT `d`.`Id`, `d`.`Age`, `d`.`Blood_Group`, `d`.`Created_At`, `d`.`Dob`, `d`.`Email`, `d`.`Email2`, `d`.`Gender`, `d`.`Gst_Number`, `d`.`Is_Delete`, `d`.`Marital_Status`, `d`.`Name`, `d`.`Pan_Number`, `d`.`Password`, `d`.`Phone1`, `d`.`Phone2`, `d`.`Phone3`, `d`.`Phone4`, `d`.`Qualification`, `d`.`Role`, `d`.`Speciality`, `d`.`Thumb`, `d`.`Updated_At`, `d`.`User_Id`
FROM `Doctors` AS `d`
WHERE `d`.`Id` = @__Id_0
LIMIT 2

2024-07-28 19:11:46.687 +05:30  INF  Executed DbCommand (209ms) [Parameters=[@__Id_0='?' (DbType = Int64)], CommandType='"Text"', CommandTimeout='30']
SELECT `d`.`Id`, `d`.`Age`, `d`.`Blood_Group`, `d`.`Created_At`, `d`.`Dob`, `d`.`Email`, `d`.`Email2`, `d`.`Gender`, `d`.`Gst_Number`, `d`.`Is_Delete`, `d`.`Marital_Status`, `d`.`Name`, `d`.`Pan_Number`, `d`.`Password`, `d`.`Phone1`, `d`.`Phone2`, `d`.`Phone3`, `d`.`Phone4`, `d`.`Qualification`, `d`.`Role`, `d`.`Speciality`, `d`.`Thumb`, `d`.`Updated_At`, `d`.`User_Id`
FROM `Doctors` AS `d`
WHERE `d`.`Id` = @__Id_0
LIMIT 2

2024-07-28 19:11:47.317 +05:30  INF  Executed DbCommand (212ms) [Parameters=[@__Id_0='?' (DbType = Int64)], CommandType='"Text"', CommandTimeout='30']
SELECT `d`.`Id`, `d`.`Age`, `d`.`Blood_Group`, `d`.`Created_At`, `d`.`Dob`, `d`.`Email`, `d`.`Email2`, `d`.`Gender`, `d`.`Gst_Number`, `d`.`Is_Delete`, `d`.`Marital_Status`, `d`.`Name`, `d`.`Pan_Number`, `d`.`Password`, `d`.`Phone1`, `d`.`Phone2`, `d`.`Phone3`, `d`.`Phone4`, `d`.`Qualification`, `d`.`Role`, `d`.`Speciality`, `d`.`Thumb`, `d`.`Updated_At`, `d`.`User_Id`
FROM `Doctors` AS `d`
WHERE `d`.`Id` = @__Id_0
LIMIT 2

2024-07-28 19:11:47.318 +05:30  INF  Executing ObjectResult, writing value of type 'System.Collections.Generic.List`1[[DCRM.Common.Dto.ChairDto, DCRM.Common, Version=1.0.0.0, Culture=neutral, PublicKeyToken=null]]'.

2024-07-28 19:11:47.319 +05:30  INF  Executed action DCRM.Api.Controllers.ChairController.GetAll (DCRM.Api) in 12568.5837ms

2024-07-28 19:11:47.319 +05:30  INF  Executed endpoint 'DCRM.Api.Controllers.ChairController.GetAll (DCRM.Api)'

2024-07-28 19:11:47.319 +05:30  INF  Request finished HTTP/2 GET https://localhost:7069/api/Chair/GetAll application/json - - 200 - application/json;+charset=utf-8 15578.4382ms

2024-07-28 19:12:02.899 +05:30  INF  Request starting HTTP/2 OPTIONS https://localhost:7069/api/Dashboard/Get - -

2024-07-28 19:12:02.900 +05:30  INF  CORS policy execution successful.

2024-07-28 19:12:02.900 +05:30  INF  Request finished HTTP/2 OPTIONS https://localhost:7069/api/Dashboard/Get - - - 204 - - 0.6016ms

2024-07-28 19:12:02.902 +05:30  INF  Request starting HTTP/2 GET https://localhost:7069/api/Dashboard/Get application/json -

2024-07-28 19:12:02.903 +05:30  INF  CORS policy execution successful.

2024-07-28 19:12:03.320 +05:30  INF  Request starting HTTP/2 OPTIONS https://localhost:7069/api/Appointment/Get/387 - -

2024-07-28 19:12:03.320 +05:30  INF  CORS policy execution successful.

2024-07-28 19:12:03.320 +05:30  INF  Request finished HTTP/2 OPTIONS https://localhost:7069/api/Appointment/Get/387 - - - 204 - - 0.4252ms

2024-07-28 19:12:03.331 +05:30  INF  Request starting HTTP/2 GET https://localhost:7069/api/Appointment/Get/387 application/json -

2024-07-28 19:12:03.331 +05:30  INF  CORS policy execution successful.

2024-07-28 19:12:03.532 +05:30  INF  Executed DbCommand (211ms) [Parameters=[@__id_0='?' (DbType = Int64)], CommandType='"Text"', CommandTimeout='30']
SELECT `u`.`Id`, `u`.`About_Me`, `u`.`Account_Type`, `u`.`Address`, `u`.`Available_Days`, `u`.`Bn_Name`, `u`.`City`, `u`.`Country`, `u`.`Created_At`, `u`.`Currency`, `u`.`Degree`, `u`.`Email`, `u`.`Email_Verified`, `u`.`Enable_Appointment`, `u`.`Enable_Rating`, `u`.`Exp_Years`, `u`.`Facebook`, `u`.`Google_Analytics`, `u`.`Image`, `u`.`Instagram`, `u`.`Linkedin`, `u`.`Name`, `u`.`Parent_Id`, `u`.`Password`, `u`.`Paypal_Email`, `u`.`Paypal_Mode`, `u`.`Paypal_Payment`, `u`.`Paystack_Payment`, `u`.`Paystack_Public_Key`, `u`.`Paystack_Secret_Key`, `u`.`Phone`, `u`.`Publish_Key`, `u`.`Qr_Code`, `u`.`Razorpay_Key_Id`, `u`.`Razorpay_Key_Secret`, `u`.`Razorpay_Payment`, `u`.`Role`, `u`.`Secret_Key`, `u`.`Skype`, `u`.`Slug`, `u`.`Specialist`, `u`.`Status`, `u`.`Stripe_Payment`, `u`.`Thumb`, `u`.`Trial_Expire`, `u`.`Twitter`, `u`.`User_Name`, `u`.`User_Type`, `u`.`Verify_Code`, `u`.`Whatsapp`
FROM `Users` AS `u`
WHERE `u`.`Id` = @__id_0
LIMIT 1

2024-07-28 19:12:03.532 +05:30  INF  Executing endpoint 'DCRM.Api.Controllers.DashboardController.Get (DCRM.Api)'

2024-07-28 19:12:03.532 +05:30  INF  Route matched with {action = "Get", controller = "Dashboard"}. Executing controller action with signature DCRM.Common.Dto.DashboardDto Get() on controller DCRM.Api.Controllers.DashboardController (DCRM.Api).

2024-07-28 19:12:03.951 +05:30  INF  Executed DbCommand (207ms) [Parameters=[@__id_0='?' (DbType = Int64)], CommandType='"Text"', CommandTimeout='30']
SELECT `u`.`Id`, `u`.`About_Me`, `u`.`Account_Type`, `u`.`Address`, `u`.`Available_Days`, `u`.`Bn_Name`, `u`.`City`, `u`.`Country`, `u`.`Created_At`, `u`.`Currency`, `u`.`Degree`, `u`.`Email`, `u`.`Email_Verified`, `u`.`Enable_Appointment`, `u`.`Enable_Rating`, `u`.`Exp_Years`, `u`.`Facebook`, `u`.`Google_Analytics`, `u`.`Image`, `u`.`Instagram`, `u`.`Linkedin`, `u`.`Name`, `u`.`Parent_Id`, `u`.`Password`, `u`.`Paypal_Email`, `u`.`Paypal_Mode`, `u`.`Paypal_Payment`, `u`.`Paystack_Payment`, `u`.`Paystack_Public_Key`, `u`.`Paystack_Secret_Key`, `u`.`Phone`, `u`.`Publish_Key`, `u`.`Qr_Code`, `u`.`Razorpay_Key_Id`, `u`.`Razorpay_Key_Secret`, `u`.`Razorpay_Payment`, `u`.`Role`, `u`.`Secret_Key`, `u`.`Skype`, `u`.`Slug`, `u`.`Specialist`, `u`.`Status`, `u`.`Stripe_Payment`, `u`.`Thumb`, `u`.`Trial_Expire`, `u`.`Twitter`, `u`.`User_Name`, `u`.`User_Type`, `u`.`Verify_Code`, `u`.`Whatsapp`
FROM `Users` AS `u`
WHERE `u`.`Id` = @__id_0
LIMIT 1

2024-07-28 19:12:03.951 +05:30  INF  Executing endpoint 'DCRM.Api.Controllers.AppointmentController.Get (DCRM.Api)'

2024-07-28 19:12:03.952 +05:30  INF  Route matched with {action = "Get", controller = "Appointment"}. Executing controller action with signature DCRM.Common.Entity.Appointment Get(Int32) on controller DCRM.Api.Controllers.AppointmentController (DCRM.Api).

2024-07-28 19:12:04.158 +05:30  INF  Executed DbCommand (210ms) [Parameters=[@__p_0='?' (DbType = Int64)], CommandType='"Text"', CommandTimeout='30']
SELECT COUNT(*)
FROM `Patientses` AS `p`
WHERE (`p`.`User_Id` = @__p_0) AND (`p`.`Is_Delete` = 0)

2024-07-28 19:12:04.576 +05:30  INF  Executed DbCommand (209ms) [Parameters=[@__id_0='?' (DbType = Int64)], CommandType='"Text"', CommandTimeout='30']
SELECT `a`.`Id`, `a`.`Appointment_Status`, `a`.`Cause`, `a`.`Chair`, `a`.`Chamber_Id`, `a`.`Created_At`, `a`.`Date`, `a`.`Doctor_Id`, `a`.`Doctor_Name`, `a`.`End_Time`, `a`.`Extra_Notes`, `a`.`Files`, `a`.`Is_Delete`, `a`.`Is_Start`, `a`.`Meeting_Notes`, `a`.`Number_Of_Slot`, `a`.`Patient_Id`, `a`.`Prescription_Id`, `a`.`Serial_Id`, `a`.`Slot_Time`, `a`.`Start_Time`, `a`.`Status`, `a`.`Type`, `a`.`User_Id`, `a`.`Workdone_Id`
FROM `Appointments` AS `a`
WHERE (`a`.`Id` = @__id_0) AND (`a`.`Is_Delete` = 0)
LIMIT 1

2024-07-28 19:12:04.576 +05:30  INF  Executing ObjectResult, writing value of type 'DCRM.Common.Entity.Appointment'.

2024-07-28 19:12:04.576 +05:30  INF  Executed action DCRM.Api.Controllers.AppointmentController.Get (DCRM.Api) in 624.5487ms

2024-07-28 19:12:04.576 +05:30  INF  Executed endpoint 'DCRM.Api.Controllers.AppointmentController.Get (DCRM.Api)'

2024-07-28 19:12:04.576 +05:30  INF  Request finished HTTP/2 GET https://localhost:7069/api/Appointment/Get/387 application/json - - 200 - application/json;+charset=utf-8 1244.9804ms

2024-07-28 19:12:04.602 +05:30  INF  Request starting HTTP/2 OPTIONS https://localhost:7069/api/Patient/Get/387 - -

2024-07-28 19:12:04.603 +05:30  INF  CORS policy execution successful.

2024-07-28 19:12:04.603 +05:30  INF  Request starting HTTP/2 OPTIONS https://localhost:7069/api/Doctor/Get/Names - -

2024-07-28 19:12:04.603 +05:30  INF  Request starting HTTP/2 OPTIONS https://localhost:7069/api/Patient/Get/Names - -

2024-07-28 19:12:04.603 +05:30  INF  CORS policy execution successful.

2024-07-28 19:12:04.603 +05:30  INF  CORS policy execution successful.

2024-07-28 19:12:04.603 +05:30  INF  Request starting HTTP/2 OPTIONS https://localhost:7069/api/Patient/Get/508 - -

2024-07-28 19:12:04.603 +05:30  INF  Request finished HTTP/2 OPTIONS https://localhost:7069/api/Patient/Get/387 - - - 204 - - 0.6558ms

2024-07-28 19:12:04.603 +05:30  INF  CORS policy execution successful.

2024-07-28 19:12:04.603 +05:30  INF  Request finished HTTP/2 OPTIONS https://localhost:7069/api/Patient/Get/Names - - - 204 - - 0.4994ms

2024-07-28 19:12:04.603 +05:30  INF  Request finished HTTP/2 OPTIONS https://localhost:7069/api/Doctor/Get/Names - - - 204 - - 0.5340ms

2024-07-28 19:12:04.604 +05:30  INF  Request starting HTTP/2 OPTIONS https://localhost:7069/api/Chair/GetAll - -

2024-07-28 19:12:04.604 +05:30  INF  Request finished HTTP/2 OPTIONS https://localhost:7069/api/Patient/Get/508 - - - 204 - - 0.5393ms

2024-07-28 19:12:04.604 +05:30  INF  CORS policy execution successful.

2024-07-28 19:12:04.604 +05:30  INF  Request finished HTTP/2 OPTIONS https://localhost:7069/api/Chair/GetAll - - - 204 - - 0.4066ms

2024-07-28 19:12:04.606 +05:30  INF  Request starting HTTP/2 GET https://localhost:7069/api/Doctor/Get/Names application/json -

2024-07-28 19:12:04.607 +05:30  INF  Request starting HTTP/2 GET https://localhost:7069/api/Patient/Get/Names application/json -

2024-07-28 19:12:04.606 +05:30  INF  Request starting HTTP/2 GET https://localhost:7069/api/Patient/Get/387 application/json -

2024-07-28 19:12:04.607 +05:30  INF  CORS policy execution successful.

2024-07-28 19:12:04.607 +05:30  INF  CORS policy execution successful.

2024-07-28 19:12:04.607 +05:30  INF  CORS policy execution successful.

2024-07-28 19:12:04.607 +05:30  INF  Request starting HTTP/2 GET https://localhost:7069/api/Patient/Get/508 application/json -

2024-07-28 19:12:04.607 +05:30  INF  CORS policy execution successful.

2024-07-28 19:12:04.609 +05:30  INF  Request starting HTTP/2 GET https://localhost:7069/api/Chair/GetAll application/json -

2024-07-28 19:12:04.609 +05:30  INF  CORS policy execution successful.

2024-07-28 19:12:04.786 +05:30  INF  Executed DbCommand (210ms) [Parameters=[@__userId_0='?' (DbType = Int32)], CommandType='"Text"', CommandTimeout='30']
SELECT COUNT(*)
FROM `Staffs` AS `s`
WHERE (`s`.`User_Id` = @__userId_0) AND (`s`.`Is_Deleted` = 0)

2024-07-28 19:12:05.239 +05:30  INF  Executed DbCommand (212ms) [Parameters=[@__id_0='?' (DbType = Int64)], CommandType='"Text"', CommandTimeout='30']
SELECT `u`.`Id`, `u`.`About_Me`, `u`.`Account_Type`, `u`.`Address`, `u`.`Available_Days`, `u`.`Bn_Name`, `u`.`City`, `u`.`Country`, `u`.`Created_At`, `u`.`Currency`, `u`.`Degree`, `u`.`Email`, `u`.`Email_Verified`, `u`.`Enable_Appointment`, `u`.`Enable_Rating`, `u`.`Exp_Years`, `u`.`Facebook`, `u`.`Google_Analytics`, `u`.`Image`, `u`.`Instagram`, `u`.`Linkedin`, `u`.`Name`, `u`.`Parent_Id`, `u`.`Password`, `u`.`Paypal_Email`, `u`.`Paypal_Mode`, `u`.`Paypal_Payment`, `u`.`Paystack_Payment`, `u`.`Paystack_Public_Key`, `u`.`Paystack_Secret_Key`, `u`.`Phone`, `u`.`Publish_Key`, `u`.`Qr_Code`, `u`.`Razorpay_Key_Id`, `u`.`Razorpay_Key_Secret`, `u`.`Razorpay_Payment`, `u`.`Role`, `u`.`Secret_Key`, `u`.`Skype`, `u`.`Slug`, `u`.`Specialist`, `u`.`Status`, `u`.`Stripe_Payment`, `u`.`Thumb`, `u`.`Trial_Expire`, `u`.`Twitter`, `u`.`User_Name`, `u`.`User_Type`, `u`.`Verify_Code`, `u`.`Whatsapp`
FROM `Users` AS `u`
WHERE `u`.`Id` = @__id_0
LIMIT 1

2024-07-28 19:12:05.239 +05:30  INF  Executing endpoint 'DCRM.Api.Controllers.PatientController.PatientDetailList (DCRM.Api)'

2024-07-28 19:12:05.240 +05:30  INF  Executed DbCommand (212ms) [Parameters=[@__id_0='?' (DbType = Int64)], CommandType='"Text"', CommandTimeout='30']
SELECT `u`.`Id`, `u`.`About_Me`, `u`.`Account_Type`, `u`.`Address`, `u`.`Available_Days`, `u`.`Bn_Name`, `u`.`City`, `u`.`Country`, `u`.`Created_At`, `u`.`Currency`, `u`.`Degree`, `u`.`Email`, `u`.`Email_Verified`, `u`.`Enable_Appointment`, `u`.`Enable_Rating`, `u`.`Exp_Years`, `u`.`Facebook`, `u`.`Google_Analytics`, `u`.`Image`, `u`.`Instagram`, `u`.`Linkedin`, `u`.`Name`, `u`.`Parent_Id`, `u`.`Password`, `u`.`Paypal_Email`, `u`.`Paypal_Mode`, `u`.`Paypal_Payment`, `u`.`Paystack_Payment`, `u`.`Paystack_Public_Key`, `u`.`Paystack_Secret_Key`, `u`.`Phone`, `u`.`Publish_Key`, `u`.`Qr_Code`, `u`.`Razorpay_Key_Id`, `u`.`Razorpay_Key_Secret`, `u`.`Razorpay_Payment`, `u`.`Role`, `u`.`Secret_Key`, `u`.`Skype`, `u`.`Slug`, `u`.`Specialist`, `u`.`Status`, `u`.`Stripe_Payment`, `u`.`Thumb`, `u`.`Trial_Expire`, `u`.`Twitter`, `u`.`User_Name`, `u`.`User_Type`, `u`.`Verify_Code`, `u`.`Whatsapp`
FROM `Users` AS `u`
WHERE `u`.`Id` = @__id_0
LIMIT 1

2024-07-28 19:12:05.240 +05:30  INF  Executed DbCommand (214ms) [Parameters=[@__id_0='?' (DbType = Int64)], CommandType='"Text"', CommandTimeout='30']
SELECT `u`.`Id`, `u`.`About_Me`, `u`.`Account_Type`, `u`.`Address`, `u`.`Available_Days`, `u`.`Bn_Name`, `u`.`City`, `u`.`Country`, `u`.`Created_At`, `u`.`Currency`, `u`.`Degree`, `u`.`Email`, `u`.`Email_Verified`, `u`.`Enable_Appointment`, `u`.`Enable_Rating`, `u`.`Exp_Years`, `u`.`Facebook`, `u`.`Google_Analytics`, `u`.`Image`, `u`.`Instagram`, `u`.`Linkedin`, `u`.`Name`, `u`.`Parent_Id`, `u`.`Password`, `u`.`Paypal_Email`, `u`.`Paypal_Mode`, `u`.`Paypal_Payment`, `u`.`Paystack_Payment`, `u`.`Paystack_Public_Key`, `u`.`Paystack_Secret_Key`, `u`.`Phone`, `u`.`Publish_Key`, `u`.`Qr_Code`, `u`.`Razorpay_Key_Id`, `u`.`Razorpay_Key_Secret`, `u`.`Razorpay_Payment`, `u`.`Role`, `u`.`Secret_Key`, `u`.`Skype`, `u`.`Slug`, `u`.`Specialist`, `u`.`Status`, `u`.`Stripe_Payment`, `u`.`Thumb`, `u`.`Trial_Expire`, `u`.`Twitter`, `u`.`User_Name`, `u`.`User_Type`, `u`.`Verify_Code`, `u`.`Whatsapp`
FROM `Users` AS `u`
WHERE `u`.`Id` = @__id_0
LIMIT 1

2024-07-28 19:12:05.240 +05:30  INF  Route matched with {action = "PatientDetailList", controller = "Patient"}. Executing controller action with signature System.Collections.Generic.List`1[DCRM.Common.Dto.DropdownDataDto] PatientDetailList() on controller DCRM.Api.Controllers.PatientController (DCRM.Api).

2024-07-28 19:12:05.240 +05:30  INF  Executed DbCommand (214ms) [Parameters=[@__id_0='?' (DbType = Int64)], CommandType='"Text"', CommandTimeout='30']
SELECT `u`.`Id`, `u`.`About_Me`, `u`.`Account_Type`, `u`.`Address`, `u`.`Available_Days`, `u`.`Bn_Name`, `u`.`City`, `u`.`Country`, `u`.`Created_At`, `u`.`Currency`, `u`.`Degree`, `u`.`Email`, `u`.`Email_Verified`, `u`.`Enable_Appointment`, `u`.`Enable_Rating`, `u`.`Exp_Years`, `u`.`Facebook`, `u`.`Google_Analytics`, `u`.`Image`, `u`.`Instagram`, `u`.`Linkedin`, `u`.`Name`, `u`.`Parent_Id`, `u`.`Password`, `u`.`Paypal_Email`, `u`.`Paypal_Mode`, `u`.`Paypal_Payment`, `u`.`Paystack_Payment`, `u`.`Paystack_Public_Key`, `u`.`Paystack_Secret_Key`, `u`.`Phone`, `u`.`Publish_Key`, `u`.`Qr_Code`, `u`.`Razorpay_Key_Id`, `u`.`Razorpay_Key_Secret`, `u`.`Razorpay_Payment`, `u`.`Role`, `u`.`Secret_Key`, `u`.`Skype`, `u`.`Slug`, `u`.`Specialist`, `u`.`Status`, `u`.`Stripe_Payment`, `u`.`Thumb`, `u`.`Trial_Expire`, `u`.`Twitter`, `u`.`User_Name`, `u`.`User_Type`, `u`.`Verify_Code`, `u`.`Whatsapp`
FROM `Users` AS `u`
WHERE `u`.`Id` = @__id_0
LIMIT 1

2024-07-28 19:12:05.240 +05:30  INF  Executing endpoint 'DCRM.Api.Controllers.DoctorController.DoctorNameList (DCRM.Api)'

2024-07-28 19:12:05.240 +05:30  INF  Executing endpoint 'DCRM.Api.Controllers.PatientController.Get (DCRM.Api)'

2024-07-28 19:12:05.240 +05:30  INF  Route matched with {action = "DoctorNameList", controller = "Doctor"}. Executing controller action with signature System.Collections.Generic.List`1[DCRM.Common.Dto.DropdownDataDto] DoctorNameList() on controller DCRM.Api.Controllers.DoctorController (DCRM.Api).

2024-07-28 19:12:05.240 +05:30  INF  Route matched with {action = "Get", controller = "Patient"}. Executing controller action with signature DCRM.Common.Dto.PatientseDto Get(Int64) on controller DCRM.Api.Controllers.PatientController (DCRM.Api).

2024-07-28 19:12:05.240 +05:30  INF  Executing endpoint 'DCRM.Api.Controllers.PatientController.Get (DCRM.Api)'

2024-07-28 19:12:05.240 +05:30  INF  Route matched with {action = "Get", controller = "Patient"}. Executing controller action with signature DCRM.Common.Dto.PatientseDto Get(Int64) on controller DCRM.Api.Controllers.PatientController (DCRM.Api).

2024-07-28 19:12:05.419 +05:30  INF  Executed DbCommand (212ms) [Parameters=[@__userId_0='?' (DbType = Int32)], CommandType='"Text"', CommandTimeout='30']
SELECT COUNT(*)
FROM `Appointments` AS `a`
WHERE (`a`.`User_Id` = @__userId_0) AND (`a`.`Is_Delete` = 0)

2024-07-28 19:12:05.865 +05:30  INF  Executed DbCommand (210ms) [Parameters=[@__id_0='?' (DbType = Int64)], CommandType='"Text"', CommandTimeout='30']
SELECT `p`.`Id`, `p`.`Age`, `p`.`Chamber_Id`, `p`.`Created_At`, `p`.`Email`, `p`.`Guardian`, `p`.`Is_Delete`, `p`.`Mobile`, `p`.`Mr_Number`, `p`.`Name`, `p`.`Password`, `p`.`Permanent_Address`, `p`.`Present_Address`, `p`.`Role`, `p`.`Sex`, `p`.`Slug`, `p`.`Thumb`, `p`.`Title`, `p`.`UserName`, `p`.`User_Id`, `p`.`Verify_Code`, `p`.`Weight`
FROM `Patientses` AS `p`
WHERE (`p`.`Is_Delete` = 0) AND (`p`.`Id` = @__id_0)
LIMIT 1

2024-07-28 19:12:05.865 +05:30  INF  Executed DbCommand (211ms) [Parameters=[@__id_0='?' (DbType = Int64)], CommandType='"Text"', CommandTimeout='30']
SELECT `p`.`Id`, `p`.`Age`, `p`.`Chamber_Id`, `p`.`Created_At`, `p`.`Email`, `p`.`Guardian`, `p`.`Is_Delete`, `p`.`Mobile`, `p`.`Mr_Number`, `p`.`Name`, `p`.`Password`, `p`.`Permanent_Address`, `p`.`Present_Address`, `p`.`Role`, `p`.`Sex`, `p`.`Slug`, `p`.`Thumb`, `p`.`Title`, `p`.`UserName`, `p`.`User_Id`, `p`.`Verify_Code`, `p`.`Weight`
FROM `Patientses` AS `p`
WHERE (`p`.`Is_Delete` = 0) AND (`p`.`Id` = @__id_0)
LIMIT 1

2024-07-28 19:12:06.043 +05:30  INF  Executed DbCommand (210ms) [Parameters=[@__userId_0='?' (DbType = Int32)], CommandType='"Text"', CommandTimeout='30']
SELECT COUNT(*)
FROM `Appointments` AS `a`
WHERE ((`a`.`User_Id` = @__userId_0) AND (`a`.`Is_Delete` = 0)) AND (`a`.`Date` = CURDATE())

2024-07-28 19:12:06.044 +05:30  INF  Executing ObjectResult, writing value of type 'DCRM.Common.Dto.DashboardDto'.

2024-07-28 19:12:06.044 +05:30  INF  Executed action DCRM.Api.Controllers.DashboardController.Get (DCRM.Api) in 2511.7977ms

2024-07-28 19:12:06.044 +05:30  INF  Executed endpoint 'DCRM.Api.Controllers.DashboardController.Get (DCRM.Api)'

2024-07-28 19:12:06.044 +05:30  INF  Request finished HTTP/2 GET https://localhost:7069/api/Dashboard/Get application/json - - 200 - application/json;+charset=utf-8 3141.9147ms

2024-07-28 19:12:06.072 +05:30  INF  Executed DbCommand (418ms) [Parameters=[@__userId_0='?' (DbType = Int64)], CommandType='"Text"', CommandTimeout='30']
SELECT `d`.`Id`, `d`.`Age`, `d`.`Blood_Group`, `d`.`Created_At`, `d`.`Dob`, `d`.`Email`, `d`.`Email2`, `d`.`Gender`, `d`.`Gst_Number`, `d`.`Is_Delete`, `d`.`Marital_Status`, `d`.`Name`, `d`.`Pan_Number`, `d`.`Password`, `d`.`Phone1`, `d`.`Phone2`, `d`.`Phone3`, `d`.`Phone4`, `d`.`Qualification`, `d`.`Role`, `d`.`Speciality`, `d`.`Thumb`, `d`.`Updated_At`, `d`.`User_Id`
FROM `Doctors` AS `d`
WHERE (`d`.`User_Id` = @__userId_0) AND (`d`.`Is_Delete` = 0)

2024-07-28 19:12:06.073 +05:30  INF  Executed DbCommand (418ms) [Parameters=[@__userId_0='?' (DbType = Int64)], CommandType='"Text"', CommandTimeout='30']
SELECT `p`.`Id`, `p`.`Age`, `p`.`Chamber_Id`, `p`.`Created_At`, `p`.`Email`, `p`.`Guardian`, `p`.`Is_Delete`, `p`.`Mobile`, `p`.`Mr_Number`, `p`.`Name`, `p`.`Password`, `p`.`Permanent_Address`, `p`.`Present_Address`, `p`.`Role`, `p`.`Sex`, `p`.`Slug`, `p`.`Thumb`, `p`.`Title`, `p`.`UserName`, `p`.`User_Id`, `p`.`Verify_Code`, `p`.`Weight`
FROM `Patientses` AS `p`
WHERE (`p`.`User_Id` = @__userId_0) AND (`p`.`Is_Delete` = 0)

2024-07-28 19:12:06.709 +05:30  INF  Executed DbCommand (426ms) [Parameters=[], CommandType='"Text"', CommandTimeout='30']
SELECT `p`.`Id`, `p`.`Amount_Type`, `p`.`Balance`, `p`.`Created_At`, `p`.`Credit_Amount`, `p`.`Debit_Amount`, `p`.`Description`, `p`.`Doctor_Id`, `p`.`Patient_Id`, `p`.`Payment_Mode`, `p`.`Updated_At`, `p`.`Workdone_Id`, `p`.`isPrinted`
FROM `Payment_History` AS `p`

2024-07-28 19:12:06.713 +05:30  INF  Executed DbCommand (430ms) [Parameters=[], CommandType='"Text"', CommandTimeout='30']
SELECT `p`.`Id`, `p`.`Amount_Type`, `p`.`Balance`, `p`.`Created_At`, `p`.`Credit_Amount`, `p`.`Debit_Amount`, `p`.`Description`, `p`.`Doctor_Id`, `p`.`Patient_Id`, `p`.`Payment_Mode`, `p`.`Updated_At`, `p`.`Workdone_Id`, `p`.`isPrinted`
FROM `Payment_History` AS `p`

2024-07-28 19:12:06.926 +05:30  INF  Executing ObjectResult, writing value of type 'System.Collections.Generic.List`1[[DCRM.Common.Dto.DropdownDataDto, DCRM.Common, Version=1.0.0.0, Culture=neutral, PublicKeyToken=null]]'.

2024-07-28 19:12:06.926 +05:30  INF  Executed action DCRM.Api.Controllers.PatientController.PatientDetailList (DCRM.Api) in 1686.4015ms

2024-07-28 19:12:06.926 +05:30  INF  Executed endpoint 'DCRM.Api.Controllers.PatientController.PatientDetailList (DCRM.Api)'

2024-07-28 19:12:06.926 +05:30  INF  Request finished HTTP/2 GET https://localhost:7069/api/Patient/Get/Names application/json - - 200 - application/json;+charset=utf-8 2319.9112ms

2024-07-28 19:12:07.214 +05:30  INF  Executing ObjectResult, writing value of type 'System.Collections.Generic.List`1[[DCRM.Common.Dto.DropdownDataDto, DCRM.Common, Version=1.0.0.0, Culture=neutral, PublicKeyToken=null]]'.

2024-07-28 19:12:07.214 +05:30  INF  Executed action DCRM.Api.Controllers.DoctorController.DoctorNameList (DCRM.Api) in 1974.2329ms

2024-07-28 19:12:07.214 +05:30  INF  Executed endpoint 'DCRM.Api.Controllers.DoctorController.DoctorNameList (DCRM.Api)'

2024-07-28 19:12:07.215 +05:30  INF  Request finished HTTP/2 GET https://localhost:7069/api/Doctor/Get/Names application/json - - 200 - application/json;+charset=utf-8 2608.3108ms

2024-07-28 19:12:07.549 +05:30  INF  Executed DbCommand (208ms) [Parameters=[@__p_0='?' (DbType = Int64)], CommandType='"Text"', CommandTimeout='30']
SELECT `p`.`Id`, `p`.`Amount`, `p`.`Balance_Amount`, `p`.`Balance_Spent`, `p`.`Created_At`, `p`.`Name`, `p`.`Patients_Id`, `p`.`Type`, `p`.`Updated_At`
FROM `Patients_Insurance_Loan` AS `p`
WHERE `p`.`Patients_Id` = @__p_0

2024-07-28 19:12:07.549 +05:30  INF  Executed DbCommand (208ms) [Parameters=[@__p_0='?' (DbType = Int64)], CommandType='"Text"', CommandTimeout='30']
SELECT `p`.`Id`, `p`.`Amount`, `p`.`Balance_Amount`, `p`.`Balance_Spent`, `p`.`Created_At`, `p`.`Name`, `p`.`Patients_Id`, `p`.`Type`, `p`.`Updated_At`
FROM `Patients_Insurance_Loan` AS `p`
WHERE `p`.`Patients_Id` = @__p_0

2024-07-28 19:12:07.676 +05:30  INF  Executed DbCommand (213ms) [Parameters=[@__id_0='?' (DbType = Int64)], CommandType='"Text"', CommandTimeout='30']
SELECT `u`.`Id`, `u`.`About_Me`, `u`.`Account_Type`, `u`.`Address`, `u`.`Available_Days`, `u`.`Bn_Name`, `u`.`City`, `u`.`Country`, `u`.`Created_At`, `u`.`Currency`, `u`.`Degree`, `u`.`Email`, `u`.`Email_Verified`, `u`.`Enable_Appointment`, `u`.`Enable_Rating`, `u`.`Exp_Years`, `u`.`Facebook`, `u`.`Google_Analytics`, `u`.`Image`, `u`.`Instagram`, `u`.`Linkedin`, `u`.`Name`, `u`.`Parent_Id`, `u`.`Password`, `u`.`Paypal_Email`, `u`.`Paypal_Mode`, `u`.`Paypal_Payment`, `u`.`Paystack_Payment`, `u`.`Paystack_Public_Key`, `u`.`Paystack_Secret_Key`, `u`.`Phone`, `u`.`Publish_Key`, `u`.`Qr_Code`, `u`.`Razorpay_Key_Id`, `u`.`Razorpay_Key_Secret`, `u`.`Razorpay_Payment`, `u`.`Role`, `u`.`Secret_Key`, `u`.`Skype`, `u`.`Slug`, `u`.`Specialist`, `u`.`Status`, `u`.`Stripe_Payment`, `u`.`Thumb`, `u`.`Trial_Expire`, `u`.`Twitter`, `u`.`User_Name`, `u`.`User_Type`, `u`.`Verify_Code`, `u`.`Whatsapp`
FROM `Users` AS `u`
WHERE `u`.`Id` = @__id_0
LIMIT 1

2024-07-28 19:12:07.676 +05:30  INF  Executing endpoint 'DCRM.Api.Controllers.ChairController.GetAll (DCRM.Api)'

2024-07-28 19:12:07.676 +05:30  INF  Route matched with {action = "GetAll", controller = "Chair"}. Executing controller action with signature System.Collections.Generic.List`1[DCRM.Common.Dto.ChairDto] GetAll() on controller DCRM.Api.Controllers.ChairController (DCRM.Api).

2024-07-28 19:12:08.174 +05:30  INF  Executed DbCommand (207ms) [Parameters=[@__p_0='?' (DbType = Int64)], CommandType='"Text"', CommandTimeout='30']
SELECT `p`.`Id`, `p`.`Created_At`, `p`.`Patient_Id`, `p`.`Report`, `p`.`Report_Date`, `p`.`Report_File`, `p`.`Status`, `p`.`Test_Name`, `p`.`Test_Price`, `p`.`Updated_At`
FROM `Patient_Tests` AS `p`
WHERE `p`.`Patient_Id` = @__p_0

2024-07-28 19:12:08.174 +05:30  INF  Executed DbCommand (207ms) [Parameters=[@__p_0='?' (DbType = Int64)], CommandType='"Text"', CommandTimeout='30']
SELECT `p`.`Id`, `p`.`Created_At`, `p`.`Patient_Id`, `p`.`Report`, `p`.`Report_Date`, `p`.`Report_File`, `p`.`Status`, `p`.`Test_Name`, `p`.`Test_Price`, `p`.`Updated_At`
FROM `Patient_Tests` AS `p`
WHERE `p`.`Patient_Id` = @__p_0

2024-07-28 19:12:08.316 +05:30  INF  Executed DbCommand (215ms) [Parameters=[], CommandType='"Text"', CommandTimeout='30']
SELECT `c`.`Id`, `c`.`Address`, `c`.`Appoinment_Limit`, `c`.`Created_At`, `c`.`Doctor_Id`, `c`.`Is_Primary`, `c`.`Name`, `c`.`Status`, `c`.`Uid`, `c`.`User_Id`
FROM `Chairs` AS `c`

2024-07-28 19:12:08.803 +05:30  INF  Executed DbCommand (211ms) [Parameters=[@__p_0='?' (DbType = Int64)], CommandType='"Text"', CommandTimeout='30']
SELECT `p`.`Id`, `p`.`Address_O`, `p`.`Address_Other`, `p`.`Address_R`, `p`.`City_O`, `p`.`City_Other`, `p`.`City_R`, `p`.`Country_O`, `p`.`Country_Other`, `p`.`Country_R`, `p`.`Created_At`, `p`.`Doctor_Name`, `p`.`Email`, `p`.`Email2`, `p`.`Medical_History_Allergies`, `p`.`Patient_Id`, `p`.`Phone`, `p`.`Phone1`, `p`.`Phone2`, `p`.`Phone3`, `p`.`Phone4`, `p`.`Physician`, `p`.`Reffered_By`, `p`.`Relationship_Type`, `p`.`Special_Notes`, `p`.`Updated_At`, `p`.`Zip_O`, `p`.`Zip_Other`, `p`.`Zip_R`
FROM `Patients_Contact` AS `p`
WHERE `p`.`Patient_Id` = @__p_0

2024-07-28 19:12:08.803 +05:30  INF  Executed DbCommand (212ms) [Parameters=[@__p_0='?' (DbType = Int64)], CommandType='"Text"', CommandTimeout='30']
SELECT `p`.`Id`, `p`.`Address_O`, `p`.`Address_Other`, `p`.`Address_R`, `p`.`City_O`, `p`.`City_Other`, `p`.`City_R`, `p`.`Country_O`, `p`.`Country_Other`, `p`.`Country_R`, `p`.`Created_At`, `p`.`Doctor_Name`, `p`.`Email`, `p`.`Email2`, `p`.`Medical_History_Allergies`, `p`.`Patient_Id`, `p`.`Phone`, `p`.`Phone1`, `p`.`Phone2`, `p`.`Phone3`, `p`.`Phone4`, `p`.`Physician`, `p`.`Reffered_By`, `p`.`Relationship_Type`, `p`.`Special_Notes`, `p`.`Updated_At`, `p`.`Zip_O`, `p`.`Zip_Other`, `p`.`Zip_R`
FROM `Patients_Contact` AS `p`
WHERE `p`.`Patient_Id` = @__p_0

2024-07-28 19:12:08.959 +05:30  INF  Executed DbCommand (215ms) [Parameters=[@__Id_0='?' (DbType = Int64)], CommandType='"Text"', CommandTimeout='30']
SELECT `d`.`Id`, `d`.`Age`, `d`.`Blood_Group`, `d`.`Created_At`, `d`.`Dob`, `d`.`Email`, `d`.`Email2`, `d`.`Gender`, `d`.`Gst_Number`, `d`.`Is_Delete`, `d`.`Marital_Status`, `d`.`Name`, `d`.`Pan_Number`, `d`.`Password`, `d`.`Phone1`, `d`.`Phone2`, `d`.`Phone3`, `d`.`Phone4`, `d`.`Qualification`, `d`.`Role`, `d`.`Speciality`, `d`.`Thumb`, `d`.`Updated_At`, `d`.`User_Id`
FROM `Doctors` AS `d`
WHERE `d`.`Id` = @__Id_0
LIMIT 2

2024-07-28 19:12:09.427 +05:30  INF  Executed DbCommand (207ms) [Parameters=[@__p_0='?' (DbType = Int64)], CommandType='"Text"', CommandTimeout='30']
SELECT `p`.`Id`, `p`.`Created_At`, `p`.`Patient_Id`, `p`.`Report`, `p`.`Report_File`, `p`.`Scan_Name`, `p`.`Status`, `p`.`Type`, `p`.`Updated_At`
FROM `Patient_Scans` AS `p`
WHERE `p`.`Patient_Id` = @__p_0

2024-07-28 19:12:09.427 +05:30  INF  Executed DbCommand (207ms) [Parameters=[@__p_0='?' (DbType = Int64)], CommandType='"Text"', CommandTimeout='30']
SELECT `p`.`Id`, `p`.`Created_At`, `p`.`Patient_Id`, `p`.`Report`, `p`.`Report_File`, `p`.`Scan_Name`, `p`.`Status`, `p`.`Type`, `p`.`Updated_At`
FROM `Patient_Scans` AS `p`
WHERE `p`.`Patient_Id` = @__p_0

2024-07-28 19:12:09.428 +05:30  INF  Executing ObjectResult, writing value of type 'DCRM.Common.Dto.PatientseDto'.

2024-07-28 19:12:09.428 +05:30  INF  Executing ObjectResult, writing value of type 'DCRM.Common.Dto.PatientseDto'.

2024-07-28 19:12:09.428 +05:30  INF  Executed action DCRM.Api.Controllers.PatientController.Get (DCRM.Api) in 4187.3522ms

2024-07-28 19:12:09.428 +05:30  INF  Executed action DCRM.Api.Controllers.PatientController.Get (DCRM.Api) in 4187.5151ms

2024-07-28 19:12:09.428 +05:30  INF  Executed endpoint 'DCRM.Api.Controllers.PatientController.Get (DCRM.Api)'

2024-07-28 19:12:09.428 +05:30  INF  Executed endpoint 'DCRM.Api.Controllers.PatientController.Get (DCRM.Api)'

2024-07-28 19:12:09.428 +05:30  INF  Request finished HTTP/2 GET https://localhost:7069/api/Patient/Get/508 application/json - - 200 - application/json;+charset=utf-8 4820.5886ms

2024-07-28 19:12:09.428 +05:30  INF  Request finished HTTP/2 GET https://localhost:7069/api/Patient/Get/387 application/json - - 200 - application/json;+charset=utf-8 4821.5789ms

2024-07-28 19:12:09.604 +05:30  INF  Executed DbCommand (215ms) [Parameters=[@__Id_0='?' (DbType = Int64)], CommandType='"Text"', CommandTimeout='30']
SELECT `d`.`Id`, `d`.`Age`, `d`.`Blood_Group`, `d`.`Created_At`, `d`.`Dob`, `d`.`Email`, `d`.`Email2`, `d`.`Gender`, `d`.`Gst_Number`, `d`.`Is_Delete`, `d`.`Marital_Status`, `d`.`Name`, `d`.`Pan_Number`, `d`.`Password`, `d`.`Phone1`, `d`.`Phone2`, `d`.`Phone3`, `d`.`Phone4`, `d`.`Qualification`, `d`.`Role`, `d`.`Speciality`, `d`.`Thumb`, `d`.`Updated_At`, `d`.`User_Id`
FROM `Doctors` AS `d`
WHERE `d`.`Id` = @__Id_0
LIMIT 2

2024-07-28 19:12:10.253 +05:30  INF  Executed DbCommand (214ms) [Parameters=[@__Id_0='?' (DbType = Int64)], CommandType='"Text"', CommandTimeout='30']
SELECT `d`.`Id`, `d`.`Age`, `d`.`Blood_Group`, `d`.`Created_At`, `d`.`Dob`, `d`.`Email`, `d`.`Email2`, `d`.`Gender`, `d`.`Gst_Number`, `d`.`Is_Delete`, `d`.`Marital_Status`, `d`.`Name`, `d`.`Pan_Number`, `d`.`Password`, `d`.`Phone1`, `d`.`Phone2`, `d`.`Phone3`, `d`.`Phone4`, `d`.`Qualification`, `d`.`Role`, `d`.`Speciality`, `d`.`Thumb`, `d`.`Updated_At`, `d`.`User_Id`
FROM `Doctors` AS `d`
WHERE `d`.`Id` = @__Id_0
LIMIT 2

2024-07-28 19:12:10.893 +05:30  INF  Executed DbCommand (214ms) [Parameters=[@__Id_0='?' (DbType = Int64)], CommandType='"Text"', CommandTimeout='30']
SELECT `d`.`Id`, `d`.`Age`, `d`.`Blood_Group`, `d`.`Created_At`, `d`.`Dob`, `d`.`Email`, `d`.`Email2`, `d`.`Gender`, `d`.`Gst_Number`, `d`.`Is_Delete`, `d`.`Marital_Status`, `d`.`Name`, `d`.`Pan_Number`, `d`.`Password`, `d`.`Phone1`, `d`.`Phone2`, `d`.`Phone3`, `d`.`Phone4`, `d`.`Qualification`, `d`.`Role`, `d`.`Speciality`, `d`.`Thumb`, `d`.`Updated_At`, `d`.`User_Id`
FROM `Doctors` AS `d`
WHERE `d`.`Id` = @__Id_0
LIMIT 2

2024-07-28 19:12:11.537 +05:30  INF  Executed DbCommand (217ms) [Parameters=[@__Id_0='?' (DbType = Int64)], CommandType='"Text"', CommandTimeout='30']
SELECT `d`.`Id`, `d`.`Age`, `d`.`Blood_Group`, `d`.`Created_At`, `d`.`Dob`, `d`.`Email`, `d`.`Email2`, `d`.`Gender`, `d`.`Gst_Number`, `d`.`Is_Delete`, `d`.`Marital_Status`, `d`.`Name`, `d`.`Pan_Number`, `d`.`Password`, `d`.`Phone1`, `d`.`Phone2`, `d`.`Phone3`, `d`.`Phone4`, `d`.`Qualification`, `d`.`Role`, `d`.`Speciality`, `d`.`Thumb`, `d`.`Updated_At`, `d`.`User_Id`
FROM `Doctors` AS `d`
WHERE `d`.`Id` = @__Id_0
LIMIT 2

2024-07-28 19:12:12.179 +05:30  INF  Executed DbCommand (215ms) [Parameters=[@__Id_0='?' (DbType = Int64)], CommandType='"Text"', CommandTimeout='30']
SELECT `d`.`Id`, `d`.`Age`, `d`.`Blood_Group`, `d`.`Created_At`, `d`.`Dob`, `d`.`Email`, `d`.`Email2`, `d`.`Gender`, `d`.`Gst_Number`, `d`.`Is_Delete`, `d`.`Marital_Status`, `d`.`Name`, `d`.`Pan_Number`, `d`.`Password`, `d`.`Phone1`, `d`.`Phone2`, `d`.`Phone3`, `d`.`Phone4`, `d`.`Qualification`, `d`.`Role`, `d`.`Speciality`, `d`.`Thumb`, `d`.`Updated_At`, `d`.`User_Id`
FROM `Doctors` AS `d`
WHERE `d`.`Id` = @__Id_0
LIMIT 2

2024-07-28 19:12:12.822 +05:30  INF  Executed DbCommand (215ms) [Parameters=[@__Id_0='?' (DbType = Int64)], CommandType='"Text"', CommandTimeout='30']
SELECT `d`.`Id`, `d`.`Age`, `d`.`Blood_Group`, `d`.`Created_At`, `d`.`Dob`, `d`.`Email`, `d`.`Email2`, `d`.`Gender`, `d`.`Gst_Number`, `d`.`Is_Delete`, `d`.`Marital_Status`, `d`.`Name`, `d`.`Pan_Number`, `d`.`Password`, `d`.`Phone1`, `d`.`Phone2`, `d`.`Phone3`, `d`.`Phone4`, `d`.`Qualification`, `d`.`Role`, `d`.`Speciality`, `d`.`Thumb`, `d`.`Updated_At`, `d`.`User_Id`
FROM `Doctors` AS `d`
WHERE `d`.`Id` = @__Id_0
LIMIT 2

2024-07-28 19:12:13.460 +05:30  INF  Executed DbCommand (213ms) [Parameters=[@__Id_0='?' (DbType = Int64)], CommandType='"Text"', CommandTimeout='30']
SELECT `d`.`Id`, `d`.`Age`, `d`.`Blood_Group`, `d`.`Created_At`, `d`.`Dob`, `d`.`Email`, `d`.`Email2`, `d`.`Gender`, `d`.`Gst_Number`, `d`.`Is_Delete`, `d`.`Marital_Status`, `d`.`Name`, `d`.`Pan_Number`, `d`.`Password`, `d`.`Phone1`, `d`.`Phone2`, `d`.`Phone3`, `d`.`Phone4`, `d`.`Qualification`, `d`.`Role`, `d`.`Speciality`, `d`.`Thumb`, `d`.`Updated_At`, `d`.`User_Id`
FROM `Doctors` AS `d`
WHERE `d`.`Id` = @__Id_0
LIMIT 2

2024-07-28 19:12:14.106 +05:30  INF  Executed DbCommand (215ms) [Parameters=[@__Id_0='?' (DbType = Int64)], CommandType='"Text"', CommandTimeout='30']
SELECT `d`.`Id`, `d`.`Age`, `d`.`Blood_Group`, `d`.`Created_At`, `d`.`Dob`, `d`.`Email`, `d`.`Email2`, `d`.`Gender`, `d`.`Gst_Number`, `d`.`Is_Delete`, `d`.`Marital_Status`, `d`.`Name`, `d`.`Pan_Number`, `d`.`Password`, `d`.`Phone1`, `d`.`Phone2`, `d`.`Phone3`, `d`.`Phone4`, `d`.`Qualification`, `d`.`Role`, `d`.`Speciality`, `d`.`Thumb`, `d`.`Updated_At`, `d`.`User_Id`
FROM `Doctors` AS `d`
WHERE `d`.`Id` = @__Id_0
LIMIT 2

2024-07-28 19:12:14.752 +05:30  INF  Executed DbCommand (216ms) [Parameters=[@__Id_0='?' (DbType = Int64)], CommandType='"Text"', CommandTimeout='30']
SELECT `d`.`Id`, `d`.`Age`, `d`.`Blood_Group`, `d`.`Created_At`, `d`.`Dob`, `d`.`Email`, `d`.`Email2`, `d`.`Gender`, `d`.`Gst_Number`, `d`.`Is_Delete`, `d`.`Marital_Status`, `d`.`Name`, `d`.`Pan_Number`, `d`.`Password`, `d`.`Phone1`, `d`.`Phone2`, `d`.`Phone3`, `d`.`Phone4`, `d`.`Qualification`, `d`.`Role`, `d`.`Speciality`, `d`.`Thumb`, `d`.`Updated_At`, `d`.`User_Id`
FROM `Doctors` AS `d`
WHERE `d`.`Id` = @__Id_0
LIMIT 2

2024-07-28 19:12:15.393 +05:30  INF  Executed DbCommand (215ms) [Parameters=[@__Id_0='?' (DbType = Int64)], CommandType='"Text"', CommandTimeout='30']
SELECT `d`.`Id`, `d`.`Age`, `d`.`Blood_Group`, `d`.`Created_At`, `d`.`Dob`, `d`.`Email`, `d`.`Email2`, `d`.`Gender`, `d`.`Gst_Number`, `d`.`Is_Delete`, `d`.`Marital_Status`, `d`.`Name`, `d`.`Pan_Number`, `d`.`Password`, `d`.`Phone1`, `d`.`Phone2`, `d`.`Phone3`, `d`.`Phone4`, `d`.`Qualification`, `d`.`Role`, `d`.`Speciality`, `d`.`Thumb`, `d`.`Updated_At`, `d`.`User_Id`
FROM `Doctors` AS `d`
WHERE `d`.`Id` = @__Id_0
LIMIT 2

2024-07-28 19:12:16.037 +05:30  INF  Executed DbCommand (218ms) [Parameters=[@__Id_0='?' (DbType = Int64)], CommandType='"Text"', CommandTimeout='30']
SELECT `d`.`Id`, `d`.`Age`, `d`.`Blood_Group`, `d`.`Created_At`, `d`.`Dob`, `d`.`Email`, `d`.`Email2`, `d`.`Gender`, `d`.`Gst_Number`, `d`.`Is_Delete`, `d`.`Marital_Status`, `d`.`Name`, `d`.`Pan_Number`, `d`.`Password`, `d`.`Phone1`, `d`.`Phone2`, `d`.`Phone3`, `d`.`Phone4`, `d`.`Qualification`, `d`.`Role`, `d`.`Speciality`, `d`.`Thumb`, `d`.`Updated_At`, `d`.`User_Id`
FROM `Doctors` AS `d`
WHERE `d`.`Id` = @__Id_0
LIMIT 2

2024-07-28 19:12:16.684 +05:30  INF  Executed DbCommand (216ms) [Parameters=[@__Id_0='?' (DbType = Int64)], CommandType='"Text"', CommandTimeout='30']
SELECT `d`.`Id`, `d`.`Age`, `d`.`Blood_Group`, `d`.`Created_At`, `d`.`Dob`, `d`.`Email`, `d`.`Email2`, `d`.`Gender`, `d`.`Gst_Number`, `d`.`Is_Delete`, `d`.`Marital_Status`, `d`.`Name`, `d`.`Pan_Number`, `d`.`Password`, `d`.`Phone1`, `d`.`Phone2`, `d`.`Phone3`, `d`.`Phone4`, `d`.`Qualification`, `d`.`Role`, `d`.`Speciality`, `d`.`Thumb`, `d`.`Updated_At`, `d`.`User_Id`
FROM `Doctors` AS `d`
WHERE `d`.`Id` = @__Id_0
LIMIT 2

2024-07-28 19:12:17.325 +05:30  INF  Executed DbCommand (214ms) [Parameters=[@__Id_0='?' (DbType = Int64)], CommandType='"Text"', CommandTimeout='30']
SELECT `d`.`Id`, `d`.`Age`, `d`.`Blood_Group`, `d`.`Created_At`, `d`.`Dob`, `d`.`Email`, `d`.`Email2`, `d`.`Gender`, `d`.`Gst_Number`, `d`.`Is_Delete`, `d`.`Marital_Status`, `d`.`Name`, `d`.`Pan_Number`, `d`.`Password`, `d`.`Phone1`, `d`.`Phone2`, `d`.`Phone3`, `d`.`Phone4`, `d`.`Qualification`, `d`.`Role`, `d`.`Speciality`, `d`.`Thumb`, `d`.`Updated_At`, `d`.`User_Id`
FROM `Doctors` AS `d`
WHERE `d`.`Id` = @__Id_0
LIMIT 2

2024-07-28 19:12:17.967 +05:30  INF  Executed DbCommand (214ms) [Parameters=[@__Id_0='?' (DbType = Int64)], CommandType='"Text"', CommandTimeout='30']
SELECT `d`.`Id`, `d`.`Age`, `d`.`Blood_Group`, `d`.`Created_At`, `d`.`Dob`, `d`.`Email`, `d`.`Email2`, `d`.`Gender`, `d`.`Gst_Number`, `d`.`Is_Delete`, `d`.`Marital_Status`, `d`.`Name`, `d`.`Pan_Number`, `d`.`Password`, `d`.`Phone1`, `d`.`Phone2`, `d`.`Phone3`, `d`.`Phone4`, `d`.`Qualification`, `d`.`Role`, `d`.`Speciality`, `d`.`Thumb`, `d`.`Updated_At`, `d`.`User_Id`
FROM `Doctors` AS `d`
WHERE `d`.`Id` = @__Id_0
LIMIT 2

2024-07-28 19:12:18.612 +05:30  INF  Executed DbCommand (215ms) [Parameters=[@__Id_0='?' (DbType = Int64)], CommandType='"Text"', CommandTimeout='30']
SELECT `d`.`Id`, `d`.`Age`, `d`.`Blood_Group`, `d`.`Created_At`, `d`.`Dob`, `d`.`Email`, `d`.`Email2`, `d`.`Gender`, `d`.`Gst_Number`, `d`.`Is_Delete`, `d`.`Marital_Status`, `d`.`Name`, `d`.`Pan_Number`, `d`.`Password`, `d`.`Phone1`, `d`.`Phone2`, `d`.`Phone3`, `d`.`Phone4`, `d`.`Qualification`, `d`.`Role`, `d`.`Speciality`, `d`.`Thumb`, `d`.`Updated_At`, `d`.`User_Id`
FROM `Doctors` AS `d`
WHERE `d`.`Id` = @__Id_0
LIMIT 2

2024-07-28 19:12:19.257 +05:30  INF  Executed DbCommand (214ms) [Parameters=[@__Id_0='?' (DbType = Int64)], CommandType='"Text"', CommandTimeout='30']
SELECT `d`.`Id`, `d`.`Age`, `d`.`Blood_Group`, `d`.`Created_At`, `d`.`Dob`, `d`.`Email`, `d`.`Email2`, `d`.`Gender`, `d`.`Gst_Number`, `d`.`Is_Delete`, `d`.`Marital_Status`, `d`.`Name`, `d`.`Pan_Number`, `d`.`Password`, `d`.`Phone1`, `d`.`Phone2`, `d`.`Phone3`, `d`.`Phone4`, `d`.`Qualification`, `d`.`Role`, `d`.`Speciality`, `d`.`Thumb`, `d`.`Updated_At`, `d`.`User_Id`
FROM `Doctors` AS `d`
WHERE `d`.`Id` = @__Id_0
LIMIT 2

2024-07-28 19:12:19.898 +05:30  INF  Executed DbCommand (212ms) [Parameters=[@__Id_0='?' (DbType = Int64)], CommandType='"Text"', CommandTimeout='30']
SELECT `d`.`Id`, `d`.`Age`, `d`.`Blood_Group`, `d`.`Created_At`, `d`.`Dob`, `d`.`Email`, `d`.`Email2`, `d`.`Gender`, `d`.`Gst_Number`, `d`.`Is_Delete`, `d`.`Marital_Status`, `d`.`Name`, `d`.`Pan_Number`, `d`.`Password`, `d`.`Phone1`, `d`.`Phone2`, `d`.`Phone3`, `d`.`Phone4`, `d`.`Qualification`, `d`.`Role`, `d`.`Speciality`, `d`.`Thumb`, `d`.`Updated_At`, `d`.`User_Id`
FROM `Doctors` AS `d`
WHERE `d`.`Id` = @__Id_0
LIMIT 2

2024-07-28 19:12:20.536 +05:30  INF  Executed DbCommand (215ms) [Parameters=[@__Id_0='?' (DbType = Int64)], CommandType='"Text"', CommandTimeout='30']
SELECT `d`.`Id`, `d`.`Age`, `d`.`Blood_Group`, `d`.`Created_At`, `d`.`Dob`, `d`.`Email`, `d`.`Email2`, `d`.`Gender`, `d`.`Gst_Number`, `d`.`Is_Delete`, `d`.`Marital_Status`, `d`.`Name`, `d`.`Pan_Number`, `d`.`Password`, `d`.`Phone1`, `d`.`Phone2`, `d`.`Phone3`, `d`.`Phone4`, `d`.`Qualification`, `d`.`Role`, `d`.`Speciality`, `d`.`Thumb`, `d`.`Updated_At`, `d`.`User_Id`
FROM `Doctors` AS `d`
WHERE `d`.`Id` = @__Id_0
LIMIT 2

2024-07-28 19:12:20.537 +05:30  INF  Executing ObjectResult, writing value of type 'System.Collections.Generic.List`1[[DCRM.Common.Dto.ChairDto, DCRM.Common, Version=1.0.0.0, Culture=neutral, PublicKeyToken=null]]'.

2024-07-28 19:12:20.537 +05:30  INF  Executed action DCRM.Api.Controllers.ChairController.GetAll (DCRM.Api) in 12860.3285ms

2024-07-28 19:12:20.537 +05:30  INF  Executed endpoint 'DCRM.Api.Controllers.ChairController.GetAll (DCRM.Api)'

2024-07-28 19:12:20.537 +05:30  INF  Request finished HTTP/2 GET https://localhost:7069/api/Chair/GetAll application/json - - 200 - application/json;+charset=utf-8 15927.9366ms

2024-07-28 19:14:49.457 +05:30  INF  Request starting HTTP/2 OPTIONS https://localhost:7069/api/Dashboard/Get - -

2024-07-28 19:14:49.457 +05:30  INF  CORS policy execution successful.

2024-07-28 19:14:49.457 +05:30  INF  Request finished HTTP/2 OPTIONS https://localhost:7069/api/Dashboard/Get - - - 204 - - 0.8832ms

2024-07-28 19:14:49.462 +05:30  INF  Request starting HTTP/2 GET https://localhost:7069/api/Dashboard/Get application/json -

2024-07-28 19:14:49.462 +05:30  INF  CORS policy execution successful.

2024-07-28 19:14:50.125 +05:30  INF  Executed DbCommand (219ms) [Parameters=[@__id_0='?' (DbType = Int64)], CommandType='"Text"', CommandTimeout='30']
SELECT `u`.`Id`, `u`.`About_Me`, `u`.`Account_Type`, `u`.`Address`, `u`.`Available_Days`, `u`.`Bn_Name`, `u`.`City`, `u`.`Country`, `u`.`Created_At`, `u`.`Currency`, `u`.`Degree`, `u`.`Email`, `u`.`Email_Verified`, `u`.`Enable_Appointment`, `u`.`Enable_Rating`, `u`.`Exp_Years`, `u`.`Facebook`, `u`.`Google_Analytics`, `u`.`Image`, `u`.`Instagram`, `u`.`Linkedin`, `u`.`Name`, `u`.`Parent_Id`, `u`.`Password`, `u`.`Paypal_Email`, `u`.`Paypal_Mode`, `u`.`Paypal_Payment`, `u`.`Paystack_Payment`, `u`.`Paystack_Public_Key`, `u`.`Paystack_Secret_Key`, `u`.`Phone`, `u`.`Publish_Key`, `u`.`Qr_Code`, `u`.`Razorpay_Key_Id`, `u`.`Razorpay_Key_Secret`, `u`.`Razorpay_Payment`, `u`.`Role`, `u`.`Secret_Key`, `u`.`Skype`, `u`.`Slug`, `u`.`Specialist`, `u`.`Status`, `u`.`Stripe_Payment`, `u`.`Thumb`, `u`.`Trial_Expire`, `u`.`Twitter`, `u`.`User_Name`, `u`.`User_Type`, `u`.`Verify_Code`, `u`.`Whatsapp`
FROM `Users` AS `u`
WHERE `u`.`Id` = @__id_0
LIMIT 1

2024-07-28 19:14:50.125 +05:30  INF  Executing endpoint 'DCRM.Api.Controllers.DashboardController.Get (DCRM.Api)'

2024-07-28 19:14:50.125 +05:30  INF  Route matched with {action = "Get", controller = "Dashboard"}. Executing controller action with signature DCRM.Common.Dto.DashboardDto Get() on controller DCRM.Api.Controllers.DashboardController (DCRM.Api).

2024-07-28 19:14:50.496 +05:30  INF  Request starting HTTP/2 OPTIONS https://localhost:7069/api/Appointment/Get/387 - -

2024-07-28 19:14:50.496 +05:30  INF  CORS policy execution successful.

2024-07-28 19:14:50.496 +05:30  INF  Request finished HTTP/2 OPTIONS https://localhost:7069/api/Appointment/Get/387 - - - 204 - - 0.2324ms

2024-07-28 19:14:50.498 +05:30  INF  Request starting HTTP/2 GET https://localhost:7069/api/Appointment/Get/387 application/json -

2024-07-28 19:14:50.498 +05:30  INF  CORS policy execution successful.

2024-07-28 19:14:50.786 +05:30  INF  Executed DbCommand (221ms) [Parameters=[@__p_0='?' (DbType = Int64)], CommandType='"Text"', CommandTimeout='30']
SELECT COUNT(*)
FROM `Patientses` AS `p`
WHERE (`p`.`User_Id` = @__p_0) AND (`p`.`Is_Delete` = 0)

2024-07-28 19:14:51.124 +05:30  INF  Executed DbCommand (209ms) [Parameters=[@__id_0='?' (DbType = Int64)], CommandType='"Text"', CommandTimeout='30']
SELECT `u`.`Id`, `u`.`About_Me`, `u`.`Account_Type`, `u`.`Address`, `u`.`Available_Days`, `u`.`Bn_Name`, `u`.`City`, `u`.`Country`, `u`.`Created_At`, `u`.`Currency`, `u`.`Degree`, `u`.`Email`, `u`.`Email_Verified`, `u`.`Enable_Appointment`, `u`.`Enable_Rating`, `u`.`Exp_Years`, `u`.`Facebook`, `u`.`Google_Analytics`, `u`.`Image`, `u`.`Instagram`, `u`.`Linkedin`, `u`.`Name`, `u`.`Parent_Id`, `u`.`Password`, `u`.`Paypal_Email`, `u`.`Paypal_Mode`, `u`.`Paypal_Payment`, `u`.`Paystack_Payment`, `u`.`Paystack_Public_Key`, `u`.`Paystack_Secret_Key`, `u`.`Phone`, `u`.`Publish_Key`, `u`.`Qr_Code`, `u`.`Razorpay_Key_Id`, `u`.`Razorpay_Key_Secret`, `u`.`Razorpay_Payment`, `u`.`Role`, `u`.`Secret_Key`, `u`.`Skype`, `u`.`Slug`, `u`.`Specialist`, `u`.`Status`, `u`.`Stripe_Payment`, `u`.`Thumb`, `u`.`Trial_Expire`, `u`.`Twitter`, `u`.`User_Name`, `u`.`User_Type`, `u`.`Verify_Code`, `u`.`Whatsapp`
FROM `Users` AS `u`
WHERE `u`.`Id` = @__id_0
LIMIT 1

2024-07-28 19:14:51.124 +05:30  INF  Executing endpoint 'DCRM.Api.Controllers.AppointmentController.Get (DCRM.Api)'

2024-07-28 19:14:51.124 +05:30  INF  Route matched with {action = "Get", controller = "Appointment"}. Executing controller action with signature DCRM.Common.Entity.Appointment Get(Int32) on controller DCRM.Api.Controllers.AppointmentController (DCRM.Api).

2024-07-28 19:14:51.447 +05:30  INF  Executed DbCommand (220ms) [Parameters=[@__userId_0='?' (DbType = Int32)], CommandType='"Text"', CommandTimeout='30']
SELECT COUNT(*)
FROM `Staffs` AS `s`
WHERE (`s`.`User_Id` = @__userId_0) AND (`s`.`Is_Deleted` = 0)

2024-07-28 19:14:51.749 +05:30  INF  Executed DbCommand (210ms) [Parameters=[@__id_0='?' (DbType = Int64)], CommandType='"Text"', CommandTimeout='30']
SELECT `a`.`Id`, `a`.`Appointment_Status`, `a`.`Cause`, `a`.`Chair`, `a`.`Chamber_Id`, `a`.`Created_At`, `a`.`Date`, `a`.`Doctor_Id`, `a`.`Doctor_Name`, `a`.`End_Time`, `a`.`Extra_Notes`, `a`.`Files`, `a`.`Is_Delete`, `a`.`Is_Start`, `a`.`Meeting_Notes`, `a`.`Number_Of_Slot`, `a`.`Patient_Id`, `a`.`Prescription_Id`, `a`.`Serial_Id`, `a`.`Slot_Time`, `a`.`Start_Time`, `a`.`Status`, `a`.`Type`, `a`.`User_Id`, `a`.`Workdone_Id`
FROM `Appointments` AS `a`
WHERE (`a`.`Id` = @__id_0) AND (`a`.`Is_Delete` = 0)
LIMIT 1

2024-07-28 19:14:51.750 +05:30  INF  Executing ObjectResult, writing value of type 'DCRM.Common.Entity.Appointment'.

2024-07-28 19:14:51.750 +05:30  INF  Executed action DCRM.Api.Controllers.AppointmentController.Get (DCRM.Api) in 625.6543ms

2024-07-28 19:14:51.750 +05:30  INF  Executed endpoint 'DCRM.Api.Controllers.AppointmentController.Get (DCRM.Api)'

2024-07-28 19:14:51.750 +05:30  INF  Request finished HTTP/2 GET https://localhost:7069/api/Appointment/Get/387 application/json - - 200 - application/json;+charset=utf-8 1251.8885ms

2024-07-28 19:14:52.113 +05:30  INF  Executed DbCommand (227ms) [Parameters=[@__userId_0='?' (DbType = Int32)], CommandType='"Text"', CommandTimeout='30']
SELECT COUNT(*)
FROM `Appointments` AS `a`
WHERE (`a`.`User_Id` = @__userId_0) AND (`a`.`Is_Delete` = 0)

2024-07-28 19:14:52.776 +05:30  INF  Executed DbCommand (221ms) [Parameters=[@__userId_0='?' (DbType = Int32)], CommandType='"Text"', CommandTimeout='30']
SELECT COUNT(*)
FROM `Appointments` AS `a`
WHERE ((`a`.`User_Id` = @__userId_0) AND (`a`.`Is_Delete` = 0)) AND (`a`.`Date` = CURDATE())

2024-07-28 19:14:52.776 +05:30  INF  Executing ObjectResult, writing value of type 'DCRM.Common.Dto.DashboardDto'.

2024-07-28 19:14:52.776 +05:30  INF  Executed action DCRM.Api.Controllers.DashboardController.Get (DCRM.Api) in 2650.4186ms

2024-07-28 19:14:52.776 +05:30  INF  Executed endpoint 'DCRM.Api.Controllers.DashboardController.Get (DCRM.Api)'

2024-07-28 19:14:52.776 +05:30  INF  Request finished HTTP/2 GET https://localhost:7069/api/Dashboard/Get application/json - - 200 - application/json;+charset=utf-8 3314.3037ms

2024-07-28 19:14:55.403 +05:30  INF  Request starting HTTP/2 OPTIONS https://localhost:7069/api/Chair/GetAll - -

2024-07-28 19:14:55.403 +05:30  INF  Request starting HTTP/2 OPTIONS https://localhost:7069/api/Patient/Get/387 - -

2024-07-28 19:14:55.404 +05:30  INF  CORS policy execution successful.

2024-07-28 19:14:55.404 +05:30  INF  Request starting HTTP/2 OPTIONS https://localhost:7069/api/Doctor/Get/Names - -

2024-07-28 19:14:55.404 +05:30  INF  CORS policy execution successful.

2024-07-28 19:14:55.404 +05:30  INF  Request starting HTTP/2 OPTIONS https://localhost:7069/api/Patient/Get/508 - -

2024-07-28 19:14:55.404 +05:30  INF  CORS policy execution successful.

2024-07-28 19:14:55.404 +05:30  INF  CORS policy execution successful.

2024-07-28 19:14:55.404 +05:30  INF  Request finished HTTP/2 OPTIONS https://localhost:7069/api/Doctor/Get/Names - - - 204 - - 0.7957ms

2024-07-28 19:14:55.404 +05:30  INF  Request finished HTTP/2 OPTIONS https://localhost:7069/api/Patient/Get/387 - - - 204 - - 0.8968ms

2024-07-28 19:14:55.404 +05:30  INF  Request finished HTTP/2 OPTIONS https://localhost:7069/api/Chair/GetAll - - - 204 - - 1.5049ms

2024-07-28 19:14:55.404 +05:30  INF  Request finished HTTP/2 OPTIONS https://localhost:7069/api/Patient/Get/508 - - - 204 - - 0.6161ms

2024-07-28 19:14:55.404 +05:30  INF  Request starting HTTP/2 OPTIONS https://localhost:7069/api/Patient/Get/Names - -

2024-07-28 19:14:55.404 +05:30  INF  CORS policy execution successful.

2024-07-28 19:14:55.405 +05:30  INF  Request finished HTTP/2 OPTIONS https://localhost:7069/api/Patient/Get/Names - - - 204 - - 0.5278ms

2024-07-28 19:14:55.409 +05:30  INF  Request starting HTTP/2 GET https://localhost:7069/api/Patient/Get/387 application/json -

2024-07-28 19:14:55.409 +05:30  INF  Request starting HTTP/2 GET https://localhost:7069/api/Chair/GetAll application/json -

2024-07-28 19:14:55.409 +05:30  INF  Request starting HTTP/2 GET https://localhost:7069/api/Patient/Get/508 application/json -

2024-07-28 19:14:55.409 +05:30  INF  Request starting HTTP/2 GET https://localhost:7069/api/Patient/Get/Names application/json -

2024-07-28 19:14:55.409 +05:30  INF  Request starting HTTP/2 GET https://localhost:7069/api/Doctor/Get/Names application/json -

2024-07-28 19:14:55.409 +05:30  INF  CORS policy execution successful.

2024-07-28 19:14:55.409 +05:30  INF  CORS policy execution successful.

2024-07-28 19:14:55.409 +05:30  INF  CORS policy execution successful.

2024-07-28 19:14:55.409 +05:30  INF  CORS policy execution successful.

2024-07-28 19:14:55.409 +05:30  INF  CORS policy execution successful.

2024-07-28 19:14:56.037 +05:30  INF  Executed DbCommand (211ms) [Parameters=[@__id_0='?' (DbType = Int64)], CommandType='"Text"', CommandTimeout='30']
SELECT `u`.`Id`, `u`.`About_Me`, `u`.`Account_Type`, `u`.`Address`, `u`.`Available_Days`, `u`.`Bn_Name`, `u`.`City`, `u`.`Country`, `u`.`Created_At`, `u`.`Currency`, `u`.`Degree`, `u`.`Email`, `u`.`Email_Verified`, `u`.`Enable_Appointment`, `u`.`Enable_Rating`, `u`.`Exp_Years`, `u`.`Facebook`, `u`.`Google_Analytics`, `u`.`Image`, `u`.`Instagram`, `u`.`Linkedin`, `u`.`Name`, `u`.`Parent_Id`, `u`.`Password`, `u`.`Paypal_Email`, `u`.`Paypal_Mode`, `u`.`Paypal_Payment`, `u`.`Paystack_Payment`, `u`.`Paystack_Public_Key`, `u`.`Paystack_Secret_Key`, `u`.`Phone`, `u`.`Publish_Key`, `u`.`Qr_Code`, `u`.`Razorpay_Key_Id`, `u`.`Razorpay_Key_Secret`, `u`.`Razorpay_Payment`, `u`.`Role`, `u`.`Secret_Key`, `u`.`Skype`, `u`.`Slug`, `u`.`Specialist`, `u`.`Status`, `u`.`Stripe_Payment`, `u`.`Thumb`, `u`.`Trial_Expire`, `u`.`Twitter`, `u`.`User_Name`, `u`.`User_Type`, `u`.`Verify_Code`, `u`.`Whatsapp`
FROM `Users` AS `u`
WHERE `u`.`Id` = @__id_0
LIMIT 1

2024-07-28 19:14:56.037 +05:30  INF  Executing endpoint 'DCRM.Api.Controllers.DoctorController.DoctorNameList (DCRM.Api)'

2024-07-28 19:14:56.037 +05:30  INF  Route matched with {action = "DoctorNameList", controller = "Doctor"}. Executing controller action with signature System.Collections.Generic.List`1[DCRM.Common.Dto.DropdownDataDto] DoctorNameList() on controller DCRM.Api.Controllers.DoctorController (DCRM.Api).

2024-07-28 19:14:56.040 +05:30  INF  Executed DbCommand (214ms) [Parameters=[@__id_0='?' (DbType = Int64)], CommandType='"Text"', CommandTimeout='30']
SELECT `u`.`Id`, `u`.`About_Me`, `u`.`Account_Type`, `u`.`Address`, `u`.`Available_Days`, `u`.`Bn_Name`, `u`.`City`, `u`.`Country`, `u`.`Created_At`, `u`.`Currency`, `u`.`Degree`, `u`.`Email`, `u`.`Email_Verified`, `u`.`Enable_Appointment`, `u`.`Enable_Rating`, `u`.`Exp_Years`, `u`.`Facebook`, `u`.`Google_Analytics`, `u`.`Image`, `u`.`Instagram`, `u`.`Linkedin`, `u`.`Name`, `u`.`Parent_Id`, `u`.`Password`, `u`.`Paypal_Email`, `u`.`Paypal_Mode`, `u`.`Paypal_Payment`, `u`.`Paystack_Payment`, `u`.`Paystack_Public_Key`, `u`.`Paystack_Secret_Key`, `u`.`Phone`, `u`.`Publish_Key`, `u`.`Qr_Code`, `u`.`Razorpay_Key_Id`, `u`.`Razorpay_Key_Secret`, `u`.`Razorpay_Payment`, `u`.`Role`, `u`.`Secret_Key`, `u`.`Skype`, `u`.`Slug`, `u`.`Specialist`, `u`.`Status`, `u`.`Stripe_Payment`, `u`.`Thumb`, `u`.`Trial_Expire`, `u`.`Twitter`, `u`.`User_Name`, `u`.`User_Type`, `u`.`Verify_Code`, `u`.`Whatsapp`
FROM `Users` AS `u`
WHERE `u`.`Id` = @__id_0
LIMIT 1

2024-07-28 19:14:56.040 +05:30  INF  Executing endpoint 'DCRM.Api.Controllers.PatientController.PatientDetailList (DCRM.Api)'

2024-07-28 19:14:56.040 +05:30  INF  Route matched with {action = "PatientDetailList", controller = "Patient"}. Executing controller action with signature System.Collections.Generic.List`1[DCRM.Common.Dto.DropdownDataDto] PatientDetailList() on controller DCRM.Api.Controllers.PatientController (DCRM.Api).

2024-07-28 19:14:56.050 +05:30  INF  Executed DbCommand (213ms) [Parameters=[@__id_0='?' (DbType = Int64)], CommandType='"Text"', CommandTimeout='30']
SELECT `u`.`Id`, `u`.`About_Me`, `u`.`Account_Type`, `u`.`Address`, `u`.`Available_Days`, `u`.`Bn_Name`, `u`.`City`, `u`.`Country`, `u`.`Created_At`, `u`.`Currency`, `u`.`Degree`, `u`.`Email`, `u`.`Email_Verified`, `u`.`Enable_Appointment`, `u`.`Enable_Rating`, `u`.`Exp_Years`, `u`.`Facebook`, `u`.`Google_Analytics`, `u`.`Image`, `u`.`Instagram`, `u`.`Linkedin`, `u`.`Name`, `u`.`Parent_Id`, `u`.`Password`, `u`.`Paypal_Email`, `u`.`Paypal_Mode`, `u`.`Paypal_Payment`, `u`.`Paystack_Payment`, `u`.`Paystack_Public_Key`, `u`.`Paystack_Secret_Key`, `u`.`Phone`, `u`.`Publish_Key`, `u`.`Qr_Code`, `u`.`Razorpay_Key_Id`, `u`.`Razorpay_Key_Secret`, `u`.`Razorpay_Payment`, `u`.`Role`, `u`.`Secret_Key`, `u`.`Skype`, `u`.`Slug`, `u`.`Specialist`, `u`.`Status`, `u`.`Stripe_Payment`, `u`.`Thumb`, `u`.`Trial_Expire`, `u`.`Twitter`, `u`.`User_Name`, `u`.`User_Type`, `u`.`Verify_Code`, `u`.`Whatsapp`
FROM `Users` AS `u`
WHERE `u`.`Id` = @__id_0
LIMIT 1

2024-07-28 19:14:56.050 +05:30  INF  Executing endpoint 'DCRM.Api.Controllers.PatientController.Get (DCRM.Api)'

2024-07-28 19:14:56.050 +05:30  INF  Route matched with {action = "Get", controller = "Patient"}. Executing controller action with signature DCRM.Common.Dto.PatientseDto Get(Int64) on controller DCRM.Api.Controllers.PatientController (DCRM.Api).

2024-07-28 19:14:56.066 +05:30  INF  Executed DbCommand (219ms) [Parameters=[@__id_0='?' (DbType = Int64)], CommandType='"Text"', CommandTimeout='30']
SELECT `u`.`Id`, `u`.`About_Me`, `u`.`Account_Type`, `u`.`Address`, `u`.`Available_Days`, `u`.`Bn_Name`, `u`.`City`, `u`.`Country`, `u`.`Created_At`, `u`.`Currency`, `u`.`Degree`, `u`.`Email`, `u`.`Email_Verified`, `u`.`Enable_Appointment`, `u`.`Enable_Rating`, `u`.`Exp_Years`, `u`.`Facebook`, `u`.`Google_Analytics`, `u`.`Image`, `u`.`Instagram`, `u`.`Linkedin`, `u`.`Name`, `u`.`Parent_Id`, `u`.`Password`, `u`.`Paypal_Email`, `u`.`Paypal_Mode`, `u`.`Paypal_Payment`, `u`.`Paystack_Payment`, `u`.`Paystack_Public_Key`, `u`.`Paystack_Secret_Key`, `u`.`Phone`, `u`.`Publish_Key`, `u`.`Qr_Code`, `u`.`Razorpay_Key_Id`, `u`.`Razorpay_Key_Secret`, `u`.`Razorpay_Payment`, `u`.`Role`, `u`.`Secret_Key`, `u`.`Skype`, `u`.`Slug`, `u`.`Specialist`, `u`.`Status`, `u`.`Stripe_Payment`, `u`.`Thumb`, `u`.`Trial_Expire`, `u`.`Twitter`, `u`.`User_Name`, `u`.`User_Type`, `u`.`Verify_Code`, `u`.`Whatsapp`
FROM `Users` AS `u`
WHERE `u`.`Id` = @__id_0
LIMIT 1

2024-07-28 19:14:56.066 +05:30  INF  Executing endpoint 'DCRM.Api.Controllers.ChairController.GetAll (DCRM.Api)'

2024-07-28 19:14:56.066 +05:30  INF  Route matched with {action = "GetAll", controller = "Chair"}. Executing controller action with signature System.Collections.Generic.List`1[DCRM.Common.Dto.ChairDto] GetAll() on controller DCRM.Api.Controllers.ChairController (DCRM.Api).

2024-07-28 19:14:56.066 +05:30  INF  Executed DbCommand (219ms) [Parameters=[@__id_0='?' (DbType = Int64)], CommandType='"Text"', CommandTimeout='30']
SELECT `u`.`Id`, `u`.`About_Me`, `u`.`Account_Type`, `u`.`Address`, `u`.`Available_Days`, `u`.`Bn_Name`, `u`.`City`, `u`.`Country`, `u`.`Created_At`, `u`.`Currency`, `u`.`Degree`, `u`.`Email`, `u`.`Email_Verified`, `u`.`Enable_Appointment`, `u`.`Enable_Rating`, `u`.`Exp_Years`, `u`.`Facebook`, `u`.`Google_Analytics`, `u`.`Image`, `u`.`Instagram`, `u`.`Linkedin`, `u`.`Name`, `u`.`Parent_Id`, `u`.`Password`, `u`.`Paypal_Email`, `u`.`Paypal_Mode`, `u`.`Paypal_Payment`, `u`.`Paystack_Payment`, `u`.`Paystack_Public_Key`, `u`.`Paystack_Secret_Key`, `u`.`Phone`, `u`.`Publish_Key`, `u`.`Qr_Code`, `u`.`Razorpay_Key_Id`, `u`.`Razorpay_Key_Secret`, `u`.`Razorpay_Payment`, `u`.`Role`, `u`.`Secret_Key`, `u`.`Skype`, `u`.`Slug`, `u`.`Specialist`, `u`.`Status`, `u`.`Stripe_Payment`, `u`.`Thumb`, `u`.`Trial_Expire`, `u`.`Twitter`, `u`.`User_Name`, `u`.`User_Type`, `u`.`Verify_Code`, `u`.`Whatsapp`
FROM `Users` AS `u`
WHERE `u`.`Id` = @__id_0
LIMIT 1

2024-07-28 19:14:56.067 +05:30  INF  Executing endpoint 'DCRM.Api.Controllers.PatientController.Get (DCRM.Api)'

2024-07-28 19:14:56.067 +05:30  INF  Route matched with {action = "Get", controller = "Patient"}. Executing controller action with signature DCRM.Common.Dto.PatientseDto Get(Int64) on controller DCRM.Api.Controllers.PatientController (DCRM.Api).

2024-07-28 19:14:56.690 +05:30  INF  Executed DbCommand (213ms) [Parameters=[@__id_0='?' (DbType = Int64)], CommandType='"Text"', CommandTimeout='30']
SELECT `p`.`Id`, `p`.`Age`, `p`.`Chamber_Id`, `p`.`Created_At`, `p`.`Email`, `p`.`Guardian`, `p`.`Is_Delete`, `p`.`Mobile`, `p`.`Mr_Number`, `p`.`Name`, `p`.`Password`, `p`.`Permanent_Address`, `p`.`Present_Address`, `p`.`Role`, `p`.`Sex`, `p`.`Slug`, `p`.`Thumb`, `p`.`Title`, `p`.`UserName`, `p`.`User_Id`, `p`.`Verify_Code`, `p`.`Weight`
FROM `Patientses` AS `p`
WHERE (`p`.`Is_Delete` = 0) AND (`p`.`Id` = @__id_0)
LIMIT 1

2024-07-28 19:14:56.723 +05:30  INF  Executed DbCommand (221ms) [Parameters=[@__id_0='?' (DbType = Int64)], CommandType='"Text"', CommandTimeout='30']
SELECT `p`.`Id`, `p`.`Age`, `p`.`Chamber_Id`, `p`.`Created_At`, `p`.`Email`, `p`.`Guardian`, `p`.`Is_Delete`, `p`.`Mobile`, `p`.`Mr_Number`, `p`.`Name`, `p`.`Password`, `p`.`Permanent_Address`, `p`.`Present_Address`, `p`.`Role`, `p`.`Sex`, `p`.`Slug`, `p`.`Thumb`, `p`.`Title`, `p`.`UserName`, `p`.`User_Id`, `p`.`Verify_Code`, `p`.`Weight`
FROM `Patientses` AS `p`
WHERE (`p`.`Is_Delete` = 0) AND (`p`.`Id` = @__id_0)
LIMIT 1

2024-07-28 19:14:56.724 +05:30  INF  Executed DbCommand (221ms) [Parameters=[], CommandType='"Text"', CommandTimeout='30']
SELECT `c`.`Id`, `c`.`Address`, `c`.`Appoinment_Limit`, `c`.`Created_At`, `c`.`Doctor_Id`, `c`.`Is_Primary`, `c`.`Name`, `c`.`Status`, `c`.`Uid`, `c`.`User_Id`
FROM `Chairs` AS `c`

2024-07-28 19:14:56.871 +05:30  INF  Executed DbCommand (420ms) [Parameters=[@__userId_0='?' (DbType = Int64)], CommandType='"Text"', CommandTimeout='30']
SELECT `p`.`Id`, `p`.`Age`, `p`.`Chamber_Id`, `p`.`Created_At`, `p`.`Email`, `p`.`Guardian`, `p`.`Is_Delete`, `p`.`Mobile`, `p`.`Mr_Number`, `p`.`Name`, `p`.`Password`, `p`.`Permanent_Address`, `p`.`Present_Address`, `p`.`Role`, `p`.`Sex`, `p`.`Slug`, `p`.`Thumb`, `p`.`Title`, `p`.`UserName`, `p`.`User_Id`, `p`.`Verify_Code`, `p`.`Weight`
FROM `Patientses` AS `p`
WHERE (`p`.`User_Id` = @__userId_0) AND (`p`.`Is_Delete` = 0)

2024-07-28 19:14:56.872 +05:30  INF  Executed DbCommand (422ms) [Parameters=[@__userId_0='?' (DbType = Int64)], CommandType='"Text"', CommandTimeout='30']
SELECT `d`.`Id`, `d`.`Age`, `d`.`Blood_Group`, `d`.`Created_At`, `d`.`Dob`, `d`.`Email`, `d`.`Email2`, `d`.`Gender`, `d`.`Gst_Number`, `d`.`Is_Delete`, `d`.`Marital_Status`, `d`.`Name`, `d`.`Pan_Number`, `d`.`Password`, `d`.`Phone1`, `d`.`Phone2`, `d`.`Phone3`, `d`.`Phone4`, `d`.`Qualification`, `d`.`Role`, `d`.`Speciality`, `d`.`Thumb`, `d`.`Updated_At`, `d`.`User_Id`
FROM `Doctors` AS `d`
WHERE (`d`.`User_Id` = @__userId_0) AND (`d`.`Is_Delete` = 0)

2024-07-28 19:14:57.385 +05:30  INF  Executed DbCommand (223ms) [Parameters=[@__Id_0='?' (DbType = Int64)], CommandType='"Text"', CommandTimeout='30']
SELECT `d`.`Id`, `d`.`Age`, `d`.`Blood_Group`, `d`.`Created_At`, `d`.`Dob`, `d`.`Email`, `d`.`Email2`, `d`.`Gender`, `d`.`Gst_Number`, `d`.`Is_Delete`, `d`.`Marital_Status`, `d`.`Name`, `d`.`Pan_Number`, `d`.`Password`, `d`.`Phone1`, `d`.`Phone2`, `d`.`Phone3`, `d`.`Phone4`, `d`.`Qualification`, `d`.`Role`, `d`.`Speciality`, `d`.`Thumb`, `d`.`Updated_At`, `d`.`User_Id`
FROM `Doctors` AS `d`
WHERE `d`.`Id` = @__Id_0
LIMIT 2

2024-07-28 19:14:57.546 +05:30  INF  Executed DbCommand (427ms) [Parameters=[], CommandType='"Text"', CommandTimeout='30']
SELECT `p`.`Id`, `p`.`Amount_Type`, `p`.`Balance`, `p`.`Created_At`, `p`.`Credit_Amount`, `p`.`Debit_Amount`, `p`.`Description`, `p`.`Doctor_Id`, `p`.`Patient_Id`, `p`.`Payment_Mode`, `p`.`Updated_At`, `p`.`Workdone_Id`, `p`.`isPrinted`
FROM `Payment_History` AS `p`

2024-07-28 19:14:57.602 +05:30  INF  Executed DbCommand (440ms) [Parameters=[], CommandType='"Text"', CommandTimeout='30']
SELECT `p`.`Id`, `p`.`Amount_Type`, `p`.`Balance`, `p`.`Created_At`, `p`.`Credit_Amount`, `p`.`Debit_Amount`, `p`.`Description`, `p`.`Doctor_Id`, `p`.`Patient_Id`, `p`.`Payment_Mode`, `p`.`Updated_At`, `p`.`Workdone_Id`, `p`.`isPrinted`
FROM `Payment_History` AS `p`

2024-07-28 19:14:57.708 +05:30  INF  Executing ObjectResult, writing value of type 'System.Collections.Generic.List`1[[DCRM.Common.Dto.DropdownDataDto, DCRM.Common, Version=1.0.0.0, Culture=neutral, PublicKeyToken=null]]'.

2024-07-28 19:14:57.708 +05:30  INF  Executed action DCRM.Api.Controllers.PatientController.PatientDetailList (DCRM.Api) in 1668.0997ms

2024-07-28 19:14:57.708 +05:30  INF  Executed endpoint 'DCRM.Api.Controllers.PatientController.PatientDetailList (DCRM.Api)'

2024-07-28 19:14:57.708 +05:30  INF  Request finished HTTP/2 GET https://localhost:7069/api/Patient/Get/Names application/json - - 200 - application/json;+charset=utf-8 2298.9058ms

2024-07-28 19:14:57.724 +05:30  INF  Executing ObjectResult, writing value of type 'System.Collections.Generic.List`1[[DCRM.Common.Dto.DropdownDataDto, DCRM.Common, Version=1.0.0.0, Culture=neutral, PublicKeyToken=null]]'.

2024-07-28 19:14:57.724 +05:30  INF  Executed action DCRM.Api.Controllers.DoctorController.DoctorNameList (DCRM.Api) in 1686.9344ms

2024-07-28 19:14:57.724 +05:30  INF  Executed endpoint 'DCRM.Api.Controllers.DoctorController.DoctorNameList (DCRM.Api)'

2024-07-28 19:14:57.724 +05:30  INF  Request finished HTTP/2 GET https://localhost:7069/api/Doctor/Get/Names application/json - - 200 - application/json;+charset=utf-8 2315.2665ms

2024-07-28 19:14:58.050 +05:30  INF  Executed DbCommand (226ms) [Parameters=[@__Id_0='?' (DbType = Int64)], CommandType='"Text"', CommandTimeout='30']
SELECT `d`.`Id`, `d`.`Age`, `d`.`Blood_Group`, `d`.`Created_At`, `d`.`Dob`, `d`.`Email`, `d`.`Email2`, `d`.`Gender`, `d`.`Gst_Number`, `d`.`Is_Delete`, `d`.`Marital_Status`, `d`.`Name`, `d`.`Pan_Number`, `d`.`Password`, `d`.`Phone1`, `d`.`Phone2`, `d`.`Phone3`, `d`.`Phone4`, `d`.`Qualification`, `d`.`Role`, `d`.`Speciality`, `d`.`Thumb`, `d`.`Updated_At`, `d`.`User_Id`
FROM `Doctors` AS `d`
WHERE `d`.`Id` = @__Id_0
LIMIT 2

2024-07-28 19:14:58.402 +05:30  INF  Executed DbCommand (215ms) [Parameters=[@__p_0='?' (DbType = Int64)], CommandType='"Text"', CommandTimeout='30']
SELECT `p`.`Id`, `p`.`Amount`, `p`.`Balance_Amount`, `p`.`Balance_Spent`, `p`.`Created_At`, `p`.`Name`, `p`.`Patients_Id`, `p`.`Type`, `p`.`Updated_At`
FROM `Patients_Insurance_Loan` AS `p`
WHERE `p`.`Patients_Id` = @__p_0

2024-07-28 19:14:58.506 +05:30  INF  Executed DbCommand (238ms) [Parameters=[@__p_0='?' (DbType = Int64)], CommandType='"Text"', CommandTimeout='30']
SELECT `p`.`Id`, `p`.`Amount`, `p`.`Balance_Amount`, `p`.`Balance_Spent`, `p`.`Created_At`, `p`.`Name`, `p`.`Patients_Id`, `p`.`Type`, `p`.`Updated_At`
FROM `Patients_Insurance_Loan` AS `p`
WHERE `p`.`Patients_Id` = @__p_0

2024-07-28 19:14:58.724 +05:30  INF  Executed DbCommand (219ms) [Parameters=[@__Id_0='?' (DbType = Int64)], CommandType='"Text"', CommandTimeout='30']
SELECT `d`.`Id`, `d`.`Age`, `d`.`Blood_Group`, `d`.`Created_At`, `d`.`Dob`, `d`.`Email`, `d`.`Email2`, `d`.`Gender`, `d`.`Gst_Number`, `d`.`Is_Delete`, `d`.`Marital_Status`, `d`.`Name`, `d`.`Pan_Number`, `d`.`Password`, `d`.`Phone1`, `d`.`Phone2`, `d`.`Phone3`, `d`.`Phone4`, `d`.`Qualification`, `d`.`Role`, `d`.`Speciality`, `d`.`Thumb`, `d`.`Updated_At`, `d`.`User_Id`
FROM `Doctors` AS `d`
WHERE `d`.`Id` = @__Id_0
LIMIT 2

2024-07-28 19:14:59.043 +05:30  INF  Executed DbCommand (216ms) [Parameters=[@__p_0='?' (DbType = Int64)], CommandType='"Text"', CommandTimeout='30']
SELECT `p`.`Id`, `p`.`Created_At`, `p`.`Patient_Id`, `p`.`Report`, `p`.`Report_Date`, `p`.`Report_File`, `p`.`Status`, `p`.`Test_Name`, `p`.`Test_Price`, `p`.`Updated_At`
FROM `Patient_Tests` AS `p`
WHERE `p`.`Patient_Id` = @__p_0

2024-07-28 19:14:59.165 +05:30  INF  Executed DbCommand (222ms) [Parameters=[@__p_0='?' (DbType = Int64)], CommandType='"Text"', CommandTimeout='30']
SELECT `p`.`Id`, `p`.`Created_At`, `p`.`Patient_Id`, `p`.`Report`, `p`.`Report_Date`, `p`.`Report_File`, `p`.`Status`, `p`.`Test_Name`, `p`.`Test_Price`, `p`.`Updated_At`
FROM `Patient_Tests` AS `p`
WHERE `p`.`Patient_Id` = @__p_0

2024-07-28 19:14:59.389 +05:30  INF  Executed DbCommand (221ms) [Parameters=[@__Id_0='?' (DbType = Int64)], CommandType='"Text"', CommandTimeout='30']
SELECT `d`.`Id`, `d`.`Age`, `d`.`Blood_Group`, `d`.`Created_At`, `d`.`Dob`, `d`.`Email`, `d`.`Email2`, `d`.`Gender`, `d`.`Gst_Number`, `d`.`Is_Delete`, `d`.`Marital_Status`, `d`.`Name`, `d`.`Pan_Number`, `d`.`Password`, `d`.`Phone1`, `d`.`Phone2`, `d`.`Phone3`, `d`.`Phone4`, `d`.`Qualification`, `d`.`Role`, `d`.`Speciality`, `d`.`Thumb`, `d`.`Updated_At`, `d`.`User_Id`
FROM `Doctors` AS `d`
WHERE `d`.`Id` = @__Id_0
LIMIT 2

2024-07-28 19:14:59.691 +05:30  INF  Executed DbCommand (217ms) [Parameters=[@__p_0='?' (DbType = Int64)], CommandType='"Text"', CommandTimeout='30']
SELECT `p`.`Id`, `p`.`Address_O`, `p`.`Address_Other`, `p`.`Address_R`, `p`.`City_O`, `p`.`City_Other`, `p`.`City_R`, `p`.`Country_O`, `p`.`Country_Other`, `p`.`Country_R`, `p`.`Created_At`, `p`.`Doctor_Name`, `p`.`Email`, `p`.`Email2`, `p`.`Medical_History_Allergies`, `p`.`Patient_Id`, `p`.`Phone`, `p`.`Phone1`, `p`.`Phone2`, `p`.`Phone3`, `p`.`Phone4`, `p`.`Physician`, `p`.`Reffered_By`, `p`.`Relationship_Type`, `p`.`Special_Notes`, `p`.`Updated_At`, `p`.`Zip_O`, `p`.`Zip_Other`, `p`.`Zip_R`
FROM `Patients_Contact` AS `p`
WHERE `p`.`Patient_Id` = @__p_0

2024-07-28 19:14:59.823 +05:30  INF  Executed DbCommand (220ms) [Parameters=[@__p_0='?' (DbType = Int64)], CommandType='"Text"', CommandTimeout='30']
SELECT `p`.`Id`, `p`.`Address_O`, `p`.`Address_Other`, `p`.`Address_R`, `p`.`City_O`, `p`.`City_Other`, `p`.`City_R`, `p`.`Country_O`, `p`.`Country_Other`, `p`.`Country_R`, `p`.`Created_At`, `p`.`Doctor_Name`, `p`.`Email`, `p`.`Email2`, `p`.`Medical_History_Allergies`, `p`.`Patient_Id`, `p`.`Phone`, `p`.`Phone1`, `p`.`Phone2`, `p`.`Phone3`, `p`.`Phone4`, `p`.`Physician`, `p`.`Reffered_By`, `p`.`Relationship_Type`, `p`.`Special_Notes`, `p`.`Updated_At`, `p`.`Zip_O`, `p`.`Zip_Other`, `p`.`Zip_R`
FROM `Patients_Contact` AS `p`
WHERE `p`.`Patient_Id` = @__p_0

2024-07-28 19:15:00.045 +05:30  INF  Executed DbCommand (219ms) [Parameters=[@__Id_0='?' (DbType = Int64)], CommandType='"Text"', CommandTimeout='30']
SELECT `d`.`Id`, `d`.`Age`, `d`.`Blood_Group`, `d`.`Created_At`, `d`.`Dob`, `d`.`Email`, `d`.`Email2`, `d`.`Gender`, `d`.`Gst_Number`, `d`.`Is_Delete`, `d`.`Marital_Status`, `d`.`Name`, `d`.`Pan_Number`, `d`.`Password`, `d`.`Phone1`, `d`.`Phone2`, `d`.`Phone3`, `d`.`Phone4`, `d`.`Qualification`, `d`.`Role`, `d`.`Speciality`, `d`.`Thumb`, `d`.`Updated_At`, `d`.`User_Id`
FROM `Doctors` AS `d`
WHERE `d`.`Id` = @__Id_0
LIMIT 2

2024-07-28 19:15:00.335 +05:30  INF  Executed DbCommand (215ms) [Parameters=[@__p_0='?' (DbType = Int64)], CommandType='"Text"', CommandTimeout='30']
SELECT `p`.`Id`, `p`.`Created_At`, `p`.`Patient_Id`, `p`.`Report`, `p`.`Report_File`, `p`.`Scan_Name`, `p`.`Status`, `p`.`Type`, `p`.`Updated_At`
FROM `Patient_Scans` AS `p`
WHERE `p`.`Patient_Id` = @__p_0

2024-07-28 19:15:00.335 +05:30  INF  Executing ObjectResult, writing value of type 'DCRM.Common.Dto.PatientseDto'.

2024-07-28 19:15:00.336 +05:30  INF  Executed action DCRM.Api.Controllers.PatientController.Get (DCRM.Api) in 4285.3407ms

2024-07-28 19:15:00.336 +05:30  INF  Executed endpoint 'DCRM.Api.Controllers.PatientController.Get (DCRM.Api)'

2024-07-28 19:15:00.336 +05:30  INF  Request finished HTTP/2 GET https://localhost:7069/api/Patient/Get/387 application/json - - 200 - application/json;+charset=utf-8 4926.9680ms

2024-07-28 19:15:00.486 +05:30  INF  Executed DbCommand (221ms) [Parameters=[@__p_0='?' (DbType = Int64)], CommandType='"Text"', CommandTimeout='30']
SELECT `p`.`Id`, `p`.`Created_At`, `p`.`Patient_Id`, `p`.`Report`, `p`.`Report_File`, `p`.`Scan_Name`, `p`.`Status`, `p`.`Type`, `p`.`Updated_At`
FROM `Patient_Scans` AS `p`
WHERE `p`.`Patient_Id` = @__p_0

2024-07-28 19:15:00.486 +05:30  INF  Executing ObjectResult, writing value of type 'DCRM.Common.Dto.PatientseDto'.

2024-07-28 19:15:00.486 +05:30  INF  Executed action DCRM.Api.Controllers.PatientController.Get (DCRM.Api) in 4419.3693ms

2024-07-28 19:15:00.486 +05:30  INF  Executed endpoint 'DCRM.Api.Controllers.PatientController.Get (DCRM.Api)'

2024-07-28 19:15:00.486 +05:30  INF  Request finished HTTP/2 GET https://localhost:7069/api/Patient/Get/508 application/json - - 200 - application/json;+charset=utf-8 5077.2841ms

2024-07-28 19:15:00.708 +05:30  INF  Executed DbCommand (223ms) [Parameters=[@__Id_0='?' (DbType = Int64)], CommandType='"Text"', CommandTimeout='30']
SELECT `d`.`Id`, `d`.`Age`, `d`.`Blood_Group`, `d`.`Created_At`, `d`.`Dob`, `d`.`Email`, `d`.`Email2`, `d`.`Gender`, `d`.`Gst_Number`, `d`.`Is_Delete`, `d`.`Marital_Status`, `d`.`Name`, `d`.`Pan_Number`, `d`.`Password`, `d`.`Phone1`, `d`.`Phone2`, `d`.`Phone3`, `d`.`Phone4`, `d`.`Qualification`, `d`.`Role`, `d`.`Speciality`, `d`.`Thumb`, `d`.`Updated_At`, `d`.`User_Id`
FROM `Doctors` AS `d`
WHERE `d`.`Id` = @__Id_0
LIMIT 2

2024-07-28 19:15:01.369 +05:30  INF  Executed DbCommand (222ms) [Parameters=[@__Id_0='?' (DbType = Int64)], CommandType='"Text"', CommandTimeout='30']
SELECT `d`.`Id`, `d`.`Age`, `d`.`Blood_Group`, `d`.`Created_At`, `d`.`Dob`, `d`.`Email`, `d`.`Email2`, `d`.`Gender`, `d`.`Gst_Number`, `d`.`Is_Delete`, `d`.`Marital_Status`, `d`.`Name`, `d`.`Pan_Number`, `d`.`Password`, `d`.`Phone1`, `d`.`Phone2`, `d`.`Phone3`, `d`.`Phone4`, `d`.`Qualification`, `d`.`Role`, `d`.`Speciality`, `d`.`Thumb`, `d`.`Updated_At`, `d`.`User_Id`
FROM `Doctors` AS `d`
WHERE `d`.`Id` = @__Id_0
LIMIT 2

2024-07-28 19:15:02.029 +05:30  INF  Executed DbCommand (221ms) [Parameters=[@__Id_0='?' (DbType = Int64)], CommandType='"Text"', CommandTimeout='30']
SELECT `d`.`Id`, `d`.`Age`, `d`.`Blood_Group`, `d`.`Created_At`, `d`.`Dob`, `d`.`Email`, `d`.`Email2`, `d`.`Gender`, `d`.`Gst_Number`, `d`.`Is_Delete`, `d`.`Marital_Status`, `d`.`Name`, `d`.`Pan_Number`, `d`.`Password`, `d`.`Phone1`, `d`.`Phone2`, `d`.`Phone3`, `d`.`Phone4`, `d`.`Qualification`, `d`.`Role`, `d`.`Speciality`, `d`.`Thumb`, `d`.`Updated_At`, `d`.`User_Id`
FROM `Doctors` AS `d`
WHERE `d`.`Id` = @__Id_0
LIMIT 2

2024-07-28 19:15:02.913 +05:30  INF  Executed DbCommand (445ms) [Parameters=[@__Id_0='?' (DbType = Int64)], CommandType='"Text"', CommandTimeout='30']
SELECT `d`.`Id`, `d`.`Age`, `d`.`Blood_Group`, `d`.`Created_At`, `d`.`Dob`, `d`.`Email`, `d`.`Email2`, `d`.`Gender`, `d`.`Gst_Number`, `d`.`Is_Delete`, `d`.`Marital_Status`, `d`.`Name`, `d`.`Pan_Number`, `d`.`Password`, `d`.`Phone1`, `d`.`Phone2`, `d`.`Phone3`, `d`.`Phone4`, `d`.`Qualification`, `d`.`Role`, `d`.`Speciality`, `d`.`Thumb`, `d`.`Updated_At`, `d`.`User_Id`
FROM `Doctors` AS `d`
WHERE `d`.`Id` = @__Id_0
LIMIT 2

2024-07-28 19:15:03.578 +05:30  INF  Executed DbCommand (225ms) [Parameters=[@__Id_0='?' (DbType = Int64)], CommandType='"Text"', CommandTimeout='30']
SELECT `d`.`Id`, `d`.`Age`, `d`.`Blood_Group`, `d`.`Created_At`, `d`.`Dob`, `d`.`Email`, `d`.`Email2`, `d`.`Gender`, `d`.`Gst_Number`, `d`.`Is_Delete`, `d`.`Marital_Status`, `d`.`Name`, `d`.`Pan_Number`, `d`.`Password`, `d`.`Phone1`, `d`.`Phone2`, `d`.`Phone3`, `d`.`Phone4`, `d`.`Qualification`, `d`.`Role`, `d`.`Speciality`, `d`.`Thumb`, `d`.`Updated_At`, `d`.`User_Id`
FROM `Doctors` AS `d`
WHERE `d`.`Id` = @__Id_0
LIMIT 2

2024-07-28 19:15:04.239 +05:30  INF  Executed DbCommand (222ms) [Parameters=[@__Id_0='?' (DbType = Int64)], CommandType='"Text"', CommandTimeout='30']
SELECT `d`.`Id`, `d`.`Age`, `d`.`Blood_Group`, `d`.`Created_At`, `d`.`Dob`, `d`.`Email`, `d`.`Email2`, `d`.`Gender`, `d`.`Gst_Number`, `d`.`Is_Delete`, `d`.`Marital_Status`, `d`.`Name`, `d`.`Pan_Number`, `d`.`Password`, `d`.`Phone1`, `d`.`Phone2`, `d`.`Phone3`, `d`.`Phone4`, `d`.`Qualification`, `d`.`Role`, `d`.`Speciality`, `d`.`Thumb`, `d`.`Updated_At`, `d`.`User_Id`
FROM `Doctors` AS `d`
WHERE `d`.`Id` = @__Id_0
LIMIT 2

2024-07-28 19:15:04.903 +05:30  INF  Executed DbCommand (222ms) [Parameters=[@__Id_0='?' (DbType = Int64)], CommandType='"Text"', CommandTimeout='30']
SELECT `d`.`Id`, `d`.`Age`, `d`.`Blood_Group`, `d`.`Created_At`, `d`.`Dob`, `d`.`Email`, `d`.`Email2`, `d`.`Gender`, `d`.`Gst_Number`, `d`.`Is_Delete`, `d`.`Marital_Status`, `d`.`Name`, `d`.`Pan_Number`, `d`.`Password`, `d`.`Phone1`, `d`.`Phone2`, `d`.`Phone3`, `d`.`Phone4`, `d`.`Qualification`, `d`.`Role`, `d`.`Speciality`, `d`.`Thumb`, `d`.`Updated_At`, `d`.`User_Id`
FROM `Doctors` AS `d`
WHERE `d`.`Id` = @__Id_0
LIMIT 2

2024-07-28 19:15:05.563 +05:30  INF  Executed DbCommand (220ms) [Parameters=[@__Id_0='?' (DbType = Int64)], CommandType='"Text"', CommandTimeout='30']
SELECT `d`.`Id`, `d`.`Age`, `d`.`Blood_Group`, `d`.`Created_At`, `d`.`Dob`, `d`.`Email`, `d`.`Email2`, `d`.`Gender`, `d`.`Gst_Number`, `d`.`Is_Delete`, `d`.`Marital_Status`, `d`.`Name`, `d`.`Pan_Number`, `d`.`Password`, `d`.`Phone1`, `d`.`Phone2`, `d`.`Phone3`, `d`.`Phone4`, `d`.`Qualification`, `d`.`Role`, `d`.`Speciality`, `d`.`Thumb`, `d`.`Updated_At`, `d`.`User_Id`
FROM `Doctors` AS `d`
WHERE `d`.`Id` = @__Id_0
LIMIT 2

2024-07-28 19:15:06.223 +05:30  INF  Executed DbCommand (222ms) [Parameters=[@__Id_0='?' (DbType = Int64)], CommandType='"Text"', CommandTimeout='30']
SELECT `d`.`Id`, `d`.`Age`, `d`.`Blood_Group`, `d`.`Created_At`, `d`.`Dob`, `d`.`Email`, `d`.`Email2`, `d`.`Gender`, `d`.`Gst_Number`, `d`.`Is_Delete`, `d`.`Marital_Status`, `d`.`Name`, `d`.`Pan_Number`, `d`.`Password`, `d`.`Phone1`, `d`.`Phone2`, `d`.`Phone3`, `d`.`Phone4`, `d`.`Qualification`, `d`.`Role`, `d`.`Speciality`, `d`.`Thumb`, `d`.`Updated_At`, `d`.`User_Id`
FROM `Doctors` AS `d`
WHERE `d`.`Id` = @__Id_0
LIMIT 2

2024-07-28 19:15:06.885 +05:30  INF  Executed DbCommand (220ms) [Parameters=[@__Id_0='?' (DbType = Int64)], CommandType='"Text"', CommandTimeout='30']
SELECT `d`.`Id`, `d`.`Age`, `d`.`Blood_Group`, `d`.`Created_At`, `d`.`Dob`, `d`.`Email`, `d`.`Email2`, `d`.`Gender`, `d`.`Gst_Number`, `d`.`Is_Delete`, `d`.`Marital_Status`, `d`.`Name`, `d`.`Pan_Number`, `d`.`Password`, `d`.`Phone1`, `d`.`Phone2`, `d`.`Phone3`, `d`.`Phone4`, `d`.`Qualification`, `d`.`Role`, `d`.`Speciality`, `d`.`Thumb`, `d`.`Updated_At`, `d`.`User_Id`
FROM `Doctors` AS `d`
WHERE `d`.`Id` = @__Id_0
LIMIT 2

2024-07-28 19:15:07.554 +05:30  INF  Executed DbCommand (222ms) [Parameters=[@__Id_0='?' (DbType = Int64)], CommandType='"Text"', CommandTimeout='30']
SELECT `d`.`Id`, `d`.`Age`, `d`.`Blood_Group`, `d`.`Created_At`, `d`.`Dob`, `d`.`Email`, `d`.`Email2`, `d`.`Gender`, `d`.`Gst_Number`, `d`.`Is_Delete`, `d`.`Marital_Status`, `d`.`Name`, `d`.`Pan_Number`, `d`.`Password`, `d`.`Phone1`, `d`.`Phone2`, `d`.`Phone3`, `d`.`Phone4`, `d`.`Qualification`, `d`.`Role`, `d`.`Speciality`, `d`.`Thumb`, `d`.`Updated_At`, `d`.`User_Id`
FROM `Doctors` AS `d`
WHERE `d`.`Id` = @__Id_0
LIMIT 2

2024-07-28 19:15:08.218 +05:30  INF  Executed DbCommand (222ms) [Parameters=[@__Id_0='?' (DbType = Int64)], CommandType='"Text"', CommandTimeout='30']
SELECT `d`.`Id`, `d`.`Age`, `d`.`Blood_Group`, `d`.`Created_At`, `d`.`Dob`, `d`.`Email`, `d`.`Email2`, `d`.`Gender`, `d`.`Gst_Number`, `d`.`Is_Delete`, `d`.`Marital_Status`, `d`.`Name`, `d`.`Pan_Number`, `d`.`Password`, `d`.`Phone1`, `d`.`Phone2`, `d`.`Phone3`, `d`.`Phone4`, `d`.`Qualification`, `d`.`Role`, `d`.`Speciality`, `d`.`Thumb`, `d`.`Updated_At`, `d`.`User_Id`
FROM `Doctors` AS `d`
WHERE `d`.`Id` = @__Id_0
LIMIT 2

2024-07-28 19:15:08.879 +05:30  INF  Executed DbCommand (223ms) [Parameters=[@__Id_0='?' (DbType = Int64)], CommandType='"Text"', CommandTimeout='30']
SELECT `d`.`Id`, `d`.`Age`, `d`.`Blood_Group`, `d`.`Created_At`, `d`.`Dob`, `d`.`Email`, `d`.`Email2`, `d`.`Gender`, `d`.`Gst_Number`, `d`.`Is_Delete`, `d`.`Marital_Status`, `d`.`Name`, `d`.`Pan_Number`, `d`.`Password`, `d`.`Phone1`, `d`.`Phone2`, `d`.`Phone3`, `d`.`Phone4`, `d`.`Qualification`, `d`.`Role`, `d`.`Speciality`, `d`.`Thumb`, `d`.`Updated_At`, `d`.`User_Id`
FROM `Doctors` AS `d`
WHERE `d`.`Id` = @__Id_0
LIMIT 2

2024-07-28 19:15:09.544 +05:30  INF  Executed DbCommand (226ms) [Parameters=[@__Id_0='?' (DbType = Int64)], CommandType='"Text"', CommandTimeout='30']
SELECT `d`.`Id`, `d`.`Age`, `d`.`Blood_Group`, `d`.`Created_At`, `d`.`Dob`, `d`.`Email`, `d`.`Email2`, `d`.`Gender`, `d`.`Gst_Number`, `d`.`Is_Delete`, `d`.`Marital_Status`, `d`.`Name`, `d`.`Pan_Number`, `d`.`Password`, `d`.`Phone1`, `d`.`Phone2`, `d`.`Phone3`, `d`.`Phone4`, `d`.`Qualification`, `d`.`Role`, `d`.`Speciality`, `d`.`Thumb`, `d`.`Updated_At`, `d`.`User_Id`
FROM `Doctors` AS `d`
WHERE `d`.`Id` = @__Id_0
LIMIT 2

2024-07-28 19:15:09.545 +05:30  INF  Executing ObjectResult, writing value of type 'System.Collections.Generic.List`1[[DCRM.Common.Dto.ChairDto, DCRM.Common, Version=1.0.0.0, Culture=neutral, PublicKeyToken=null]]'.

2024-07-28 19:15:09.545 +05:30  INF  Executed action DCRM.Api.Controllers.ChairController.GetAll (DCRM.Api) in 13479.0506ms

2024-07-28 19:15:09.545 +05:30  INF  Executed endpoint 'DCRM.Api.Controllers.ChairController.GetAll (DCRM.Api)'

2024-07-28 19:15:09.545 +05:30  INF  Request finished HTTP/2 GET https://localhost:7069/api/Chair/GetAll application/json - - 200 - application/json;+charset=utf-8 14136.1791ms

2024-07-28 19:20:00.240 +05:30  INF  Request starting HTTP/2 OPTIONS https://localhost:7069/api/Dashboard/Get - -

2024-07-28 19:20:00.240 +05:30  INF  CORS policy execution successful.

2024-07-28 19:20:00.241 +05:30  INF  Request finished HTTP/2 OPTIONS https://localhost:7069/api/Dashboard/Get - - - 204 - - 0.4963ms

2024-07-28 19:20:00.247 +05:30  INF  Request starting HTTP/2 GET https://localhost:7069/api/Dashboard/Get application/json -

2024-07-28 19:20:00.247 +05:30  INF  CORS policy execution successful.

2024-07-28 19:20:00.908 +05:30  INF  Executed DbCommand (220ms) [Parameters=[@__id_0='?' (DbType = Int64)], CommandType='"Text"', CommandTimeout='30']
SELECT `u`.`Id`, `u`.`About_Me`, `u`.`Account_Type`, `u`.`Address`, `u`.`Available_Days`, `u`.`Bn_Name`, `u`.`City`, `u`.`Country`, `u`.`Created_At`, `u`.`Currency`, `u`.`Degree`, `u`.`Email`, `u`.`Email_Verified`, `u`.`Enable_Appointment`, `u`.`Enable_Rating`, `u`.`Exp_Years`, `u`.`Facebook`, `u`.`Google_Analytics`, `u`.`Image`, `u`.`Instagram`, `u`.`Linkedin`, `u`.`Name`, `u`.`Parent_Id`, `u`.`Password`, `u`.`Paypal_Email`, `u`.`Paypal_Mode`, `u`.`Paypal_Payment`, `u`.`Paystack_Payment`, `u`.`Paystack_Public_Key`, `u`.`Paystack_Secret_Key`, `u`.`Phone`, `u`.`Publish_Key`, `u`.`Qr_Code`, `u`.`Razorpay_Key_Id`, `u`.`Razorpay_Key_Secret`, `u`.`Razorpay_Payment`, `u`.`Role`, `u`.`Secret_Key`, `u`.`Skype`, `u`.`Slug`, `u`.`Specialist`, `u`.`Status`, `u`.`Stripe_Payment`, `u`.`Thumb`, `u`.`Trial_Expire`, `u`.`Twitter`, `u`.`User_Name`, `u`.`User_Type`, `u`.`Verify_Code`, `u`.`Whatsapp`
FROM `Users` AS `u`
WHERE `u`.`Id` = @__id_0
LIMIT 1

2024-07-28 19:20:00.908 +05:30  INF  Executing endpoint 'DCRM.Api.Controllers.DashboardController.Get (DCRM.Api)'

2024-07-28 19:20:00.908 +05:30  INF  Route matched with {action = "Get", controller = "Dashboard"}. Executing controller action with signature DCRM.Common.Dto.DashboardDto Get() on controller DCRM.Api.Controllers.DashboardController (DCRM.Api).

2024-07-28 19:20:01.107 +05:30  INF  Request starting HTTP/2 OPTIONS https://localhost:7069/api/Appointment/Get/387 - -

2024-07-28 19:20:01.107 +05:30  INF  CORS policy execution successful.

2024-07-28 19:20:01.107 +05:30  INF  Request finished HTTP/2 OPTIONS https://localhost:7069/api/Appointment/Get/387 - - - 204 - - 0.3008ms

2024-07-28 19:20:01.110 +05:30  INF  Request starting HTTP/2 GET https://localhost:7069/api/Appointment/Get/387 application/json -

2024-07-28 19:20:01.110 +05:30  INF  CORS policy execution successful.

2024-07-28 19:20:01.575 +05:30  INF  Executed DbCommand (228ms) [Parameters=[@__p_0='?' (DbType = Int64)], CommandType='"Text"', CommandTimeout='30']
SELECT COUNT(*)
FROM `Patientses` AS `p`
WHERE (`p`.`User_Id` = @__p_0) AND (`p`.`Is_Delete` = 0)

2024-07-28 19:20:01.772 +05:30  INF  Executed DbCommand (221ms) [Parameters=[@__id_0='?' (DbType = Int64)], CommandType='"Text"', CommandTimeout='30']
SELECT `u`.`Id`, `u`.`About_Me`, `u`.`Account_Type`, `u`.`Address`, `u`.`Available_Days`, `u`.`Bn_Name`, `u`.`City`, `u`.`Country`, `u`.`Created_At`, `u`.`Currency`, `u`.`Degree`, `u`.`Email`, `u`.`Email_Verified`, `u`.`Enable_Appointment`, `u`.`Enable_Rating`, `u`.`Exp_Years`, `u`.`Facebook`, `u`.`Google_Analytics`, `u`.`Image`, `u`.`Instagram`, `u`.`Linkedin`, `u`.`Name`, `u`.`Parent_Id`, `u`.`Password`, `u`.`Paypal_Email`, `u`.`Paypal_Mode`, `u`.`Paypal_Payment`, `u`.`Paystack_Payment`, `u`.`Paystack_Public_Key`, `u`.`Paystack_Secret_Key`, `u`.`Phone`, `u`.`Publish_Key`, `u`.`Qr_Code`, `u`.`Razorpay_Key_Id`, `u`.`Razorpay_Key_Secret`, `u`.`Razorpay_Payment`, `u`.`Role`, `u`.`Secret_Key`, `u`.`Skype`, `u`.`Slug`, `u`.`Specialist`, `u`.`Status`, `u`.`Stripe_Payment`, `u`.`Thumb`, `u`.`Trial_Expire`, `u`.`Twitter`, `u`.`User_Name`, `u`.`User_Type`, `u`.`Verify_Code`, `u`.`Whatsapp`
FROM `Users` AS `u`
WHERE `u`.`Id` = @__id_0
LIMIT 1

2024-07-28 19:20:01.772 +05:30  INF  Executing endpoint 'DCRM.Api.Controllers.AppointmentController.Get (DCRM.Api)'

2024-07-28 19:20:01.772 +05:30  INF  Route matched with {action = "Get", controller = "Appointment"}. Executing controller action with signature DCRM.Common.Entity.Appointment Get(Int32) on controller DCRM.Api.Controllers.AppointmentController (DCRM.Api).

2024-07-28 19:20:02.236 +05:30  INF  Executed DbCommand (220ms) [Parameters=[@__userId_0='?' (DbType = Int32)], CommandType='"Text"', CommandTimeout='30']
SELECT COUNT(*)
FROM `Staffs` AS `s`
WHERE (`s`.`User_Id` = @__userId_0) AND (`s`.`Is_Deleted` = 0)

2024-07-28 19:20:02.430 +05:30  INF  Executed DbCommand (220ms) [Parameters=[@__id_0='?' (DbType = Int64)], CommandType='"Text"', CommandTimeout='30']
SELECT `a`.`Id`, `a`.`Appointment_Status`, `a`.`Cause`, `a`.`Chair`, `a`.`Chamber_Id`, `a`.`Created_At`, `a`.`Date`, `a`.`Doctor_Id`, `a`.`Doctor_Name`, `a`.`End_Time`, `a`.`Extra_Notes`, `a`.`Files`, `a`.`Is_Delete`, `a`.`Is_Start`, `a`.`Meeting_Notes`, `a`.`Number_Of_Slot`, `a`.`Patient_Id`, `a`.`Prescription_Id`, `a`.`Serial_Id`, `a`.`Slot_Time`, `a`.`Start_Time`, `a`.`Status`, `a`.`Type`, `a`.`User_Id`, `a`.`Workdone_Id`
FROM `Appointments` AS `a`
WHERE (`a`.`Id` = @__id_0) AND (`a`.`Is_Delete` = 0)
LIMIT 1

2024-07-28 19:20:02.430 +05:30  INF  Executing ObjectResult, writing value of type 'DCRM.Common.Entity.Appointment'.

2024-07-28 19:20:02.431 +05:30  INF  Executed action DCRM.Api.Controllers.AppointmentController.Get (DCRM.Api) in 658.1984ms

2024-07-28 19:20:02.431 +05:30  INF  Executed endpoint 'DCRM.Api.Controllers.AppointmentController.Get (DCRM.Api)'

2024-07-28 19:20:02.431 +05:30  INF  Request finished HTTP/2 GET https://localhost:7069/api/Appointment/Get/387 application/json - - 200 - application/json;+charset=utf-8 1321.2359ms

2024-07-28 19:20:02.918 +05:30  INF  Executed DbCommand (226ms) [Parameters=[@__userId_0='?' (DbType = Int32)], CommandType='"Text"', CommandTimeout='30']
SELECT COUNT(*)
FROM `Appointments` AS `a`
WHERE (`a`.`User_Id` = @__userId_0) AND (`a`.`Is_Delete` = 0)

2024-07-28 19:20:03.575 +05:30  INF  Executed DbCommand (220ms) [Parameters=[@__userId_0='?' (DbType = Int32)], CommandType='"Text"', CommandTimeout='30']
SELECT COUNT(*)
FROM `Appointments` AS `a`
WHERE ((`a`.`User_Id` = @__userId_0) AND (`a`.`Is_Delete` = 0)) AND (`a`.`Date` = CURDATE())

2024-07-28 19:20:03.576 +05:30  INF  Executing ObjectResult, writing value of type 'DCRM.Common.Dto.DashboardDto'.

2024-07-28 19:20:03.576 +05:30  INF  Executed action DCRM.Api.Controllers.DashboardController.Get (DCRM.Api) in 2667.976ms

2024-07-28 19:20:03.576 +05:30  INF  Executed endpoint 'DCRM.Api.Controllers.DashboardController.Get (DCRM.Api)'

2024-07-28 19:20:03.576 +05:30  INF  Request finished HTTP/2 GET https://localhost:7069/api/Dashboard/Get application/json - - 200 - application/json;+charset=utf-8 3329.5250ms

2024-07-28 19:20:04.891 +05:30  INF  Request starting HTTP/2 OPTIONS https://localhost:7069/api/Patient/Get/387 - -

2024-07-28 19:20:04.891 +05:30  INF  CORS policy execution successful.

2024-07-28 19:20:04.891 +05:30  INF  Request finished HTTP/2 OPTIONS https://localhost:7069/api/Patient/Get/387 - - - 204 - - 0.4238ms

2024-07-28 19:20:04.894 +05:30  INF  Request starting HTTP/2 OPTIONS https://localhost:7069/api/Doctor/Get/Names - -

2024-07-28 19:20:04.894 +05:30  INF  CORS policy execution successful.

2024-07-28 19:20:04.895 +05:30  INF  Request finished HTTP/2 OPTIONS https://localhost:7069/api/Doctor/Get/Names - - - 204 - - 0.5446ms

2024-07-28 19:20:04.896 +05:30  INF  Request starting HTTP/2 GET https://localhost:7069/api/Patient/Get/387 application/json -

2024-07-28 19:20:04.896 +05:30  INF  CORS policy execution successful.

2024-07-28 19:20:04.897 +05:30  INF  Request starting HTTP/2 OPTIONS https://localhost:7069/api/Patient/Get/Names - -

2024-07-28 19:20:04.898 +05:30  INF  CORS policy execution successful.

2024-07-28 19:20:04.898 +05:30  INF  Request finished HTTP/2 OPTIONS https://localhost:7069/api/Patient/Get/Names - - - 204 - - 0.7224ms

2024-07-28 19:20:04.899 +05:30  INF  Request starting HTTP/2 GET https://localhost:7069/api/Doctor/Get/Names application/json -

2024-07-28 19:20:04.900 +05:30  INF  Request starting HTTP/2 OPTIONS https://localhost:7069/api/Patient/Get/508 - -

2024-07-28 19:20:04.900 +05:30  INF  CORS policy execution successful.

2024-07-28 19:20:04.900 +05:30  INF  CORS policy execution successful.

2024-07-28 19:20:04.900 +05:30  INF  Request finished HTTP/2 OPTIONS https://localhost:7069/api/Patient/Get/508 - - - 204 - - 0.4039ms

2024-07-28 19:20:04.901 +05:30  INF  Request starting HTTP/2 OPTIONS https://localhost:7069/api/Chair/GetAll - -

2024-07-28 19:20:04.902 +05:30  INF  CORS policy execution successful.

2024-07-28 19:20:04.902 +05:30  INF  Request finished HTTP/2 OPTIONS https://localhost:7069/api/Chair/GetAll - - - 204 - - 1.1087ms

2024-07-28 19:20:04.903 +05:30  INF  Request starting HTTP/2 GET https://localhost:7069/api/Patient/Get/Names application/json -

2024-07-28 19:20:04.903 +05:30  INF  CORS policy execution successful.

2024-07-28 19:20:04.905 +05:30  INF  Request starting HTTP/2 GET https://localhost:7069/api/Patient/Get/508 application/json -

2024-07-28 19:20:04.905 +05:30  INF  Request starting HTTP/2 GET https://localhost:7069/api/Chair/GetAll application/json -

2024-07-28 19:20:04.905 +05:30  INF  CORS policy execution successful.

2024-07-28 19:20:04.905 +05:30  INF  CORS policy execution successful.

2024-07-28 19:20:05.532 +05:30  INF  Executed DbCommand (213ms) [Parameters=[@__id_0='?' (DbType = Int64)], CommandType='"Text"', CommandTimeout='30']
SELECT `u`.`Id`, `u`.`About_Me`, `u`.`Account_Type`, `u`.`Address`, `u`.`Available_Days`, `u`.`Bn_Name`, `u`.`City`, `u`.`Country`, `u`.`Created_At`, `u`.`Currency`, `u`.`Degree`, `u`.`Email`, `u`.`Email_Verified`, `u`.`Enable_Appointment`, `u`.`Enable_Rating`, `u`.`Exp_Years`, `u`.`Facebook`, `u`.`Google_Analytics`, `u`.`Image`, `u`.`Instagram`, `u`.`Linkedin`, `u`.`Name`, `u`.`Parent_Id`, `u`.`Password`, `u`.`Paypal_Email`, `u`.`Paypal_Mode`, `u`.`Paypal_Payment`, `u`.`Paystack_Payment`, `u`.`Paystack_Public_Key`, `u`.`Paystack_Secret_Key`, `u`.`Phone`, `u`.`Publish_Key`, `u`.`Qr_Code`, `u`.`Razorpay_Key_Id`, `u`.`Razorpay_Key_Secret`, `u`.`Razorpay_Payment`, `u`.`Role`, `u`.`Secret_Key`, `u`.`Skype`, `u`.`Slug`, `u`.`Specialist`, `u`.`Status`, `u`.`Stripe_Payment`, `u`.`Thumb`, `u`.`Trial_Expire`, `u`.`Twitter`, `u`.`User_Name`, `u`.`User_Type`, `u`.`Verify_Code`, `u`.`Whatsapp`
FROM `Users` AS `u`
WHERE `u`.`Id` = @__id_0
LIMIT 1

2024-07-28 19:20:05.533 +05:30  INF  Executed DbCommand (213ms) [Parameters=[@__id_0='?' (DbType = Int64)], CommandType='"Text"', CommandTimeout='30']
SELECT `u`.`Id`, `u`.`About_Me`, `u`.`Account_Type`, `u`.`Address`, `u`.`Available_Days`, `u`.`Bn_Name`, `u`.`City`, `u`.`Country`, `u`.`Created_At`, `u`.`Currency`, `u`.`Degree`, `u`.`Email`, `u`.`Email_Verified`, `u`.`Enable_Appointment`, `u`.`Enable_Rating`, `u`.`Exp_Years`, `u`.`Facebook`, `u`.`Google_Analytics`, `u`.`Image`, `u`.`Instagram`, `u`.`Linkedin`, `u`.`Name`, `u`.`Parent_Id`, `u`.`Password`, `u`.`Paypal_Email`, `u`.`Paypal_Mode`, `u`.`Paypal_Payment`, `u`.`Paystack_Payment`, `u`.`Paystack_Public_Key`, `u`.`Paystack_Secret_Key`, `u`.`Phone`, `u`.`Publish_Key`, `u`.`Qr_Code`, `u`.`Razorpay_Key_Id`, `u`.`Razorpay_Key_Secret`, `u`.`Razorpay_Payment`, `u`.`Role`, `u`.`Secret_Key`, `u`.`Skype`, `u`.`Slug`, `u`.`Specialist`, `u`.`Status`, `u`.`Stripe_Payment`, `u`.`Thumb`, `u`.`Trial_Expire`, `u`.`Twitter`, `u`.`User_Name`, `u`.`User_Type`, `u`.`Verify_Code`, `u`.`Whatsapp`
FROM `Users` AS `u`
WHERE `u`.`Id` = @__id_0
LIMIT 1

2024-07-28 19:20:05.533 +05:30  INF  Executing endpoint 'DCRM.Api.Controllers.ChairController.GetAll (DCRM.Api)'

2024-07-28 19:20:05.533 +05:30  INF  Route matched with {action = "GetAll", controller = "Chair"}. Executing controller action with signature System.Collections.Generic.List`1[DCRM.Common.Dto.ChairDto] GetAll() on controller DCRM.Api.Controllers.ChairController (DCRM.Api).

2024-07-28 19:20:05.533 +05:30  INF  Executing endpoint 'DCRM.Api.Controllers.PatientController.Get (DCRM.Api)'

2024-07-28 19:20:05.533 +05:30  INF  Route matched with {action = "Get", controller = "Patient"}. Executing controller action with signature DCRM.Common.Dto.PatientseDto Get(Int64) on controller DCRM.Api.Controllers.PatientController (DCRM.Api).

2024-07-28 19:20:05.543 +05:30  INF  Executed DbCommand (214ms) [Parameters=[@__id_0='?' (DbType = Int64)], CommandType='"Text"', CommandTimeout='30']
SELECT `u`.`Id`, `u`.`About_Me`, `u`.`Account_Type`, `u`.`Address`, `u`.`Available_Days`, `u`.`Bn_Name`, `u`.`City`, `u`.`Country`, `u`.`Created_At`, `u`.`Currency`, `u`.`Degree`, `u`.`Email`, `u`.`Email_Verified`, `u`.`Enable_Appointment`, `u`.`Enable_Rating`, `u`.`Exp_Years`, `u`.`Facebook`, `u`.`Google_Analytics`, `u`.`Image`, `u`.`Instagram`, `u`.`Linkedin`, `u`.`Name`, `u`.`Parent_Id`, `u`.`Password`, `u`.`Paypal_Email`, `u`.`Paypal_Mode`, `u`.`Paypal_Payment`, `u`.`Paystack_Payment`, `u`.`Paystack_Public_Key`, `u`.`Paystack_Secret_Key`, `u`.`Phone`, `u`.`Publish_Key`, `u`.`Qr_Code`, `u`.`Razorpay_Key_Id`, `u`.`Razorpay_Key_Secret`, `u`.`Razorpay_Payment`, `u`.`Role`, `u`.`Secret_Key`, `u`.`Skype`, `u`.`Slug`, `u`.`Specialist`, `u`.`Status`, `u`.`Stripe_Payment`, `u`.`Thumb`, `u`.`Trial_Expire`, `u`.`Twitter`, `u`.`User_Name`, `u`.`User_Type`, `u`.`Verify_Code`, `u`.`Whatsapp`
FROM `Users` AS `u`
WHERE `u`.`Id` = @__id_0
LIMIT 1

2024-07-28 19:20:05.544 +05:30  INF  Executing endpoint 'DCRM.Api.Controllers.PatientController.PatientDetailList (DCRM.Api)'

2024-07-28 19:20:05.544 +05:30  INF  Route matched with {action = "PatientDetailList", controller = "Patient"}. Executing controller action with signature System.Collections.Generic.List`1[DCRM.Common.Dto.DropdownDataDto] PatientDetailList() on controller DCRM.Api.Controllers.PatientController (DCRM.Api).

2024-07-28 19:20:05.558 +05:30  INF  Executed DbCommand (220ms) [Parameters=[@__id_0='?' (DbType = Int64)], CommandType='"Text"', CommandTimeout='30']
SELECT `u`.`Id`, `u`.`About_Me`, `u`.`Account_Type`, `u`.`Address`, `u`.`Available_Days`, `u`.`Bn_Name`, `u`.`City`, `u`.`Country`, `u`.`Created_At`, `u`.`Currency`, `u`.`Degree`, `u`.`Email`, `u`.`Email_Verified`, `u`.`Enable_Appointment`, `u`.`Enable_Rating`, `u`.`Exp_Years`, `u`.`Facebook`, `u`.`Google_Analytics`, `u`.`Image`, `u`.`Instagram`, `u`.`Linkedin`, `u`.`Name`, `u`.`Parent_Id`, `u`.`Password`, `u`.`Paypal_Email`, `u`.`Paypal_Mode`, `u`.`Paypal_Payment`, `u`.`Paystack_Payment`, `u`.`Paystack_Public_Key`, `u`.`Paystack_Secret_Key`, `u`.`Phone`, `u`.`Publish_Key`, `u`.`Qr_Code`, `u`.`Razorpay_Key_Id`, `u`.`Razorpay_Key_Secret`, `u`.`Razorpay_Payment`, `u`.`Role`, `u`.`Secret_Key`, `u`.`Skype`, `u`.`Slug`, `u`.`Specialist`, `u`.`Status`, `u`.`Stripe_Payment`, `u`.`Thumb`, `u`.`Trial_Expire`, `u`.`Twitter`, `u`.`User_Name`, `u`.`User_Type`, `u`.`Verify_Code`, `u`.`Whatsapp`
FROM `Users` AS `u`
WHERE `u`.`Id` = @__id_0
LIMIT 1

2024-07-28 19:20:05.558 +05:30  INF  Executing endpoint 'DCRM.Api.Controllers.DoctorController.DoctorNameList (DCRM.Api)'

2024-07-28 19:20:05.558 +05:30  INF  Route matched with {action = "DoctorNameList", controller = "Doctor"}. Executing controller action with signature System.Collections.Generic.List`1[DCRM.Common.Dto.DropdownDataDto] DoctorNameList() on controller DCRM.Api.Controllers.DoctorController (DCRM.Api).

2024-07-28 19:20:05.560 +05:30  INF  Executed DbCommand (222ms) [Parameters=[@__id_0='?' (DbType = Int64)], CommandType='"Text"', CommandTimeout='30']
SELECT `u`.`Id`, `u`.`About_Me`, `u`.`Account_Type`, `u`.`Address`, `u`.`Available_Days`, `u`.`Bn_Name`, `u`.`City`, `u`.`Country`, `u`.`Created_At`, `u`.`Currency`, `u`.`Degree`, `u`.`Email`, `u`.`Email_Verified`, `u`.`Enable_Appointment`, `u`.`Enable_Rating`, `u`.`Exp_Years`, `u`.`Facebook`, `u`.`Google_Analytics`, `u`.`Image`, `u`.`Instagram`, `u`.`Linkedin`, `u`.`Name`, `u`.`Parent_Id`, `u`.`Password`, `u`.`Paypal_Email`, `u`.`Paypal_Mode`, `u`.`Paypal_Payment`, `u`.`Paystack_Payment`, `u`.`Paystack_Public_Key`, `u`.`Paystack_Secret_Key`, `u`.`Phone`, `u`.`Publish_Key`, `u`.`Qr_Code`, `u`.`Razorpay_Key_Id`, `u`.`Razorpay_Key_Secret`, `u`.`Razorpay_Payment`, `u`.`Role`, `u`.`Secret_Key`, `u`.`Skype`, `u`.`Slug`, `u`.`Specialist`, `u`.`Status`, `u`.`Stripe_Payment`, `u`.`Thumb`, `u`.`Trial_Expire`, `u`.`Twitter`, `u`.`User_Name`, `u`.`User_Type`, `u`.`Verify_Code`, `u`.`Whatsapp`
FROM `Users` AS `u`
WHERE `u`.`Id` = @__id_0
LIMIT 1

2024-07-28 19:20:05.561 +05:30  INF  Executing endpoint 'DCRM.Api.Controllers.PatientController.Get (DCRM.Api)'

2024-07-28 19:20:05.561 +05:30  INF  Route matched with {action = "Get", controller = "Patient"}. Executing controller action with signature DCRM.Common.Dto.PatientseDto Get(Int64) on controller DCRM.Api.Controllers.PatientController (DCRM.Api).

2024-07-28 19:20:06.157 +05:30  INF  Executed DbCommand (209ms) [Parameters=[], CommandType='"Text"', CommandTimeout='30']
SELECT `c`.`Id`, `c`.`Address`, `c`.`Appoinment_Limit`, `c`.`Created_At`, `c`.`Doctor_Id`, `c`.`Is_Primary`, `c`.`Name`, `c`.`Status`, `c`.`Uid`, `c`.`User_Id`
FROM `Chairs` AS `c`

2024-07-28 19:20:06.158 +05:30  INF  Executed DbCommand (209ms) [Parameters=[@__id_0='?' (DbType = Int64)], CommandType='"Text"', CommandTimeout='30']
SELECT `p`.`Id`, `p`.`Age`, `p`.`Chamber_Id`, `p`.`Created_At`, `p`.`Email`, `p`.`Guardian`, `p`.`Is_Delete`, `p`.`Mobile`, `p`.`Mr_Number`, `p`.`Name`, `p`.`Password`, `p`.`Permanent_Address`, `p`.`Present_Address`, `p`.`Role`, `p`.`Sex`, `p`.`Slug`, `p`.`Thumb`, `p`.`Title`, `p`.`UserName`, `p`.`User_Id`, `p`.`Verify_Code`, `p`.`Weight`
FROM `Patientses` AS `p`
WHERE (`p`.`Is_Delete` = 0) AND (`p`.`Id` = @__id_0)
LIMIT 1

2024-07-28 19:20:06.235 +05:30  INF  Executed DbCommand (225ms) [Parameters=[@__id_0='?' (DbType = Int64)], CommandType='"Text"', CommandTimeout='30']
SELECT `p`.`Id`, `p`.`Age`, `p`.`Chamber_Id`, `p`.`Created_At`, `p`.`Email`, `p`.`Guardian`, `p`.`Is_Delete`, `p`.`Mobile`, `p`.`Mr_Number`, `p`.`Name`, `p`.`Password`, `p`.`Permanent_Address`, `p`.`Present_Address`, `p`.`Role`, `p`.`Sex`, `p`.`Slug`, `p`.`Thumb`, `p`.`Title`, `p`.`UserName`, `p`.`User_Id`, `p`.`Verify_Code`, `p`.`Weight`
FROM `Patientses` AS `p`
WHERE (`p`.`Is_Delete` = 0) AND (`p`.`Id` = @__id_0)
LIMIT 1

2024-07-28 19:20:06.405 +05:30  INF  Executed DbCommand (433ms) [Parameters=[@__userId_0='?' (DbType = Int64)], CommandType='"Text"', CommandTimeout='30']
SELECT `p`.`Id`, `p`.`Age`, `p`.`Chamber_Id`, `p`.`Created_At`, `p`.`Email`, `p`.`Guardian`, `p`.`Is_Delete`, `p`.`Mobile`, `p`.`Mr_Number`, `p`.`Name`, `p`.`Password`, `p`.`Permanent_Address`, `p`.`Present_Address`, `p`.`Role`, `p`.`Sex`, `p`.`Slug`, `p`.`Thumb`, `p`.`Title`, `p`.`UserName`, `p`.`User_Id`, `p`.`Verify_Code`, `p`.`Weight`
FROM `Patientses` AS `p`
WHERE (`p`.`User_Id` = @__userId_0) AND (`p`.`Is_Delete` = 0)

2024-07-28 19:20:06.455 +05:30  INF  Executed DbCommand (445ms) [Parameters=[@__userId_0='?' (DbType = Int64)], CommandType='"Text"', CommandTimeout='30']
SELECT `d`.`Id`, `d`.`Age`, `d`.`Blood_Group`, `d`.`Created_At`, `d`.`Dob`, `d`.`Email`, `d`.`Email2`, `d`.`Gender`, `d`.`Gst_Number`, `d`.`Is_Delete`, `d`.`Marital_Status`, `d`.`Name`, `d`.`Pan_Number`, `d`.`Password`, `d`.`Phone1`, `d`.`Phone2`, `d`.`Phone3`, `d`.`Phone4`, `d`.`Qualification`, `d`.`Role`, `d`.`Speciality`, `d`.`Thumb`, `d`.`Updated_At`, `d`.`User_Id`
FROM `Doctors` AS `d`
WHERE (`d`.`User_Id` = @__userId_0) AND (`d`.`Is_Delete` = 0)

2024-07-28 19:20:06.787 +05:30  INF  Executed DbCommand (211ms) [Parameters=[@__Id_0='?' (DbType = Int64)], CommandType='"Text"', CommandTimeout='30']
SELECT `d`.`Id`, `d`.`Age`, `d`.`Blood_Group`, `d`.`Created_At`, `d`.`Dob`, `d`.`Email`, `d`.`Email2`, `d`.`Gender`, `d`.`Gst_Number`, `d`.`Is_Delete`, `d`.`Marital_Status`, `d`.`Name`, `d`.`Pan_Number`, `d`.`Password`, `d`.`Phone1`, `d`.`Phone2`, `d`.`Phone3`, `d`.`Phone4`, `d`.`Qualification`, `d`.`Role`, `d`.`Speciality`, `d`.`Thumb`, `d`.`Updated_At`, `d`.`User_Id`
FROM `Doctors` AS `d`
WHERE `d`.`Id` = @__Id_0
LIMIT 2

2024-07-28 19:20:06.997 +05:30  INF  Executed DbCommand (419ms) [Parameters=[], CommandType='"Text"', CommandTimeout='30']
SELECT `p`.`Id`, `p`.`Amount_Type`, `p`.`Balance`, `p`.`Created_At`, `p`.`Credit_Amount`, `p`.`Debit_Amount`, `p`.`Description`, `p`.`Doctor_Id`, `p`.`Patient_Id`, `p`.`Payment_Mode`, `p`.`Updated_At`, `p`.`Workdone_Id`, `p`.`isPrinted`
FROM `Payment_History` AS `p`

2024-07-28 19:20:07.128 +05:30  INF  Executed DbCommand (449ms) [Parameters=[], CommandType='"Text"', CommandTimeout='30']
SELECT `p`.`Id`, `p`.`Amount_Type`, `p`.`Balance`, `p`.`Created_At`, `p`.`Credit_Amount`, `p`.`Debit_Amount`, `p`.`Description`, `p`.`Doctor_Id`, `p`.`Patient_Id`, `p`.`Payment_Mode`, `p`.`Updated_At`, `p`.`Workdone_Id`, `p`.`isPrinted`
FROM `Payment_History` AS `p`

2024-07-28 19:20:07.286 +05:30  INF  Executing ObjectResult, writing value of type 'System.Collections.Generic.List`1[[DCRM.Common.Dto.DropdownDataDto, DCRM.Common, Version=1.0.0.0, Culture=neutral, PublicKeyToken=null]]'.

2024-07-28 19:20:07.286 +05:30  INF  Executed action DCRM.Api.Controllers.PatientController.PatientDetailList (DCRM.Api) in 1742.3941ms

2024-07-28 19:20:07.286 +05:30  INF  Executed endpoint 'DCRM.Api.Controllers.PatientController.PatientDetailList (DCRM.Api)'

2024-07-28 19:20:07.287 +05:30  INF  Request finished HTTP/2 GET https://localhost:7069/api/Patient/Get/Names application/json - - 200 - application/json;+charset=utf-8 2383.8536ms

2024-07-28 19:20:07.350 +05:30  INF  Executing ObjectResult, writing value of type 'System.Collections.Generic.List`1[[DCRM.Common.Dto.DropdownDataDto, DCRM.Common, Version=1.0.0.0, Culture=neutral, PublicKeyToken=null]]'.

2024-07-28 19:20:07.350 +05:30  INF  Executed action DCRM.Api.Controllers.DoctorController.DoctorNameList (DCRM.Api) in 1791.4357ms

2024-07-28 19:20:07.350 +05:30  INF  Executed endpoint 'DCRM.Api.Controllers.DoctorController.DoctorNameList (DCRM.Api)'

2024-07-28 19:20:07.350 +05:30  INF  Request finished HTTP/2 GET https://localhost:7069/api/Doctor/Get/Names application/json - - 200 - application/json;+charset=utf-8 2450.8266ms

2024-07-28 19:20:07.415 +05:30  INF  Executed DbCommand (208ms) [Parameters=[@__Id_0='?' (DbType = Int64)], CommandType='"Text"', CommandTimeout='30']
SELECT `d`.`Id`, `d`.`Age`, `d`.`Blood_Group`, `d`.`Created_At`, `d`.`Dob`, `d`.`Email`, `d`.`Email2`, `d`.`Gender`, `d`.`Gst_Number`, `d`.`Is_Delete`, `d`.`Marital_Status`, `d`.`Name`, `d`.`Pan_Number`, `d`.`Password`, `d`.`Phone1`, `d`.`Phone2`, `d`.`Phone3`, `d`.`Phone4`, `d`.`Qualification`, `d`.`Role`, `d`.`Speciality`, `d`.`Thumb`, `d`.`Updated_At`, `d`.`User_Id`
FROM `Doctors` AS `d`
WHERE `d`.`Id` = @__Id_0
LIMIT 2

2024-07-28 19:20:07.835 +05:30  INF  Executed DbCommand (210ms) [Parameters=[@__p_0='?' (DbType = Int64)], CommandType='"Text"', CommandTimeout='30']
SELECT `p`.`Id`, `p`.`Amount`, `p`.`Balance_Amount`, `p`.`Balance_Spent`, `p`.`Created_At`, `p`.`Name`, `p`.`Patients_Id`, `p`.`Type`, `p`.`Updated_At`
FROM `Patients_Insurance_Loan` AS `p`
WHERE `p`.`Patients_Id` = @__p_0

2024-07-28 19:20:08.012 +05:30  INF  Executed DbCommand (219ms) [Parameters=[@__p_0='?' (DbType = Int64)], CommandType='"Text"', CommandTimeout='30']
SELECT `p`.`Id`, `p`.`Amount`, `p`.`Balance_Amount`, `p`.`Balance_Spent`, `p`.`Created_At`, `p`.`Name`, `p`.`Patients_Id`, `p`.`Type`, `p`.`Updated_At`
FROM `Patients_Insurance_Loan` AS `p`
WHERE `p`.`Patients_Id` = @__p_0

2024-07-28 19:20:08.042 +05:30  INF  Executed DbCommand (208ms) [Parameters=[@__Id_0='?' (DbType = Int64)], CommandType='"Text"', CommandTimeout='30']
SELECT `d`.`Id`, `d`.`Age`, `d`.`Blood_Group`, `d`.`Created_At`, `d`.`Dob`, `d`.`Email`, `d`.`Email2`, `d`.`Gender`, `d`.`Gst_Number`, `d`.`Is_Delete`, `d`.`Marital_Status`, `d`.`Name`, `d`.`Pan_Number`, `d`.`Password`, `d`.`Phone1`, `d`.`Phone2`, `d`.`Phone3`, `d`.`Phone4`, `d`.`Qualification`, `d`.`Role`, `d`.`Speciality`, `d`.`Thumb`, `d`.`Updated_At`, `d`.`User_Id`
FROM `Doctors` AS `d`
WHERE `d`.`Id` = @__Id_0
LIMIT 2

2024-07-28 19:20:08.462 +05:30  INF  Executed DbCommand (211ms) [Parameters=[@__p_0='?' (DbType = Int64)], CommandType='"Text"', CommandTimeout='30']
SELECT `p`.`Id`, `p`.`Created_At`, `p`.`Patient_Id`, `p`.`Report`, `p`.`Report_Date`, `p`.`Report_File`, `p`.`Status`, `p`.`Test_Name`, `p`.`Test_Price`, `p`.`Updated_At`
FROM `Patient_Tests` AS `p`
WHERE `p`.`Patient_Id` = @__p_0

2024-07-28 19:20:08.669 +05:30  INF  Executed DbCommand (208ms) [Parameters=[@__Id_0='?' (DbType = Int64)], CommandType='"Text"', CommandTimeout='30']
SELECT `d`.`Id`, `d`.`Age`, `d`.`Blood_Group`, `d`.`Created_At`, `d`.`Dob`, `d`.`Email`, `d`.`Email2`, `d`.`Gender`, `d`.`Gst_Number`, `d`.`Is_Delete`, `d`.`Marital_Status`, `d`.`Name`, `d`.`Pan_Number`, `d`.`Password`, `d`.`Phone1`, `d`.`Phone2`, `d`.`Phone3`, `d`.`Phone4`, `d`.`Qualification`, `d`.`Role`, `d`.`Speciality`, `d`.`Thumb`, `d`.`Updated_At`, `d`.`User_Id`
FROM `Doctors` AS `d`
WHERE `d`.`Id` = @__Id_0
LIMIT 2

2024-07-28 19:20:08.672 +05:30  INF  Executed DbCommand (222ms) [Parameters=[@__p_0='?' (DbType = Int64)], CommandType='"Text"', CommandTimeout='30']
SELECT `p`.`Id`, `p`.`Created_At`, `p`.`Patient_Id`, `p`.`Report`, `p`.`Report_Date`, `p`.`Report_File`, `p`.`Status`, `p`.`Test_Name`, `p`.`Test_Price`, `p`.`Updated_At`
FROM `Patient_Tests` AS `p`
WHERE `p`.`Patient_Id` = @__p_0

2024-07-28 19:20:09.082 +05:30  INF  Executed DbCommand (208ms) [Parameters=[@__p_0='?' (DbType = Int64)], CommandType='"Text"', CommandTimeout='30']
SELECT `p`.`Id`, `p`.`Address_O`, `p`.`Address_Other`, `p`.`Address_R`, `p`.`City_O`, `p`.`City_Other`, `p`.`City_R`, `p`.`Country_O`, `p`.`Country_Other`, `p`.`Country_R`, `p`.`Created_At`, `p`.`Doctor_Name`, `p`.`Email`, `p`.`Email2`, `p`.`Medical_History_Allergies`, `p`.`Patient_Id`, `p`.`Phone`, `p`.`Phone1`, `p`.`Phone2`, `p`.`Phone3`, `p`.`Phone4`, `p`.`Physician`, `p`.`Reffered_By`, `p`.`Relationship_Type`, `p`.`Special_Notes`, `p`.`Updated_At`, `p`.`Zip_O`, `p`.`Zip_Other`, `p`.`Zip_R`
FROM `Patients_Contact` AS `p`
WHERE `p`.`Patient_Id` = @__p_0

2024-07-28 19:20:09.293 +05:30  INF  Executed DbCommand (208ms) [Parameters=[@__Id_0='?' (DbType = Int64)], CommandType='"Text"', CommandTimeout='30']
SELECT `d`.`Id`, `d`.`Age`, `d`.`Blood_Group`, `d`.`Created_At`, `d`.`Dob`, `d`.`Email`, `d`.`Email2`, `d`.`Gender`, `d`.`Gst_Number`, `d`.`Is_Delete`, `d`.`Marital_Status`, `d`.`Name`, `d`.`Pan_Number`, `d`.`Password`, `d`.`Phone1`, `d`.`Phone2`, `d`.`Phone3`, `d`.`Phone4`, `d`.`Qualification`, `d`.`Role`, `d`.`Speciality`, `d`.`Thumb`, `d`.`Updated_At`, `d`.`User_Id`
FROM `Doctors` AS `d`
WHERE `d`.`Id` = @__Id_0
LIMIT 2

2024-07-28 19:20:09.337 +05:30  INF  Executed DbCommand (220ms) [Parameters=[@__p_0='?' (DbType = Int64)], CommandType='"Text"', CommandTimeout='30']
SELECT `p`.`Id`, `p`.`Address_O`, `p`.`Address_Other`, `p`.`Address_R`, `p`.`City_O`, `p`.`City_Other`, `p`.`City_R`, `p`.`Country_O`, `p`.`Country_Other`, `p`.`Country_R`, `p`.`Created_At`, `p`.`Doctor_Name`, `p`.`Email`, `p`.`Email2`, `p`.`Medical_History_Allergies`, `p`.`Patient_Id`, `p`.`Phone`, `p`.`Phone1`, `p`.`Phone2`, `p`.`Phone3`, `p`.`Phone4`, `p`.`Physician`, `p`.`Reffered_By`, `p`.`Relationship_Type`, `p`.`Special_Notes`, `p`.`Updated_At`, `p`.`Zip_O`, `p`.`Zip_Other`, `p`.`Zip_R`
FROM `Patients_Contact` AS `p`
WHERE `p`.`Patient_Id` = @__p_0

2024-07-28 19:20:09.704 +05:30  INF  Executed DbCommand (208ms) [Parameters=[@__p_0='?' (DbType = Int64)], CommandType='"Text"', CommandTimeout='30']
SELECT `p`.`Id`, `p`.`Created_At`, `p`.`Patient_Id`, `p`.`Report`, `p`.`Report_File`, `p`.`Scan_Name`, `p`.`Status`, `p`.`Type`, `p`.`Updated_At`
FROM `Patient_Scans` AS `p`
WHERE `p`.`Patient_Id` = @__p_0

2024-07-28 19:20:09.705 +05:30  INF  Executing ObjectResult, writing value of type 'DCRM.Common.Dto.PatientseDto'.

2024-07-28 19:20:09.705 +05:30  INF  Executed action DCRM.Api.Controllers.PatientController.Get (DCRM.Api) in 4171.8373ms

2024-07-28 19:20:09.705 +05:30  INF  Executed endpoint 'DCRM.Api.Controllers.PatientController.Get (DCRM.Api)'

2024-07-28 19:20:09.705 +05:30  INF  Request finished HTTP/2 GET https://localhost:7069/api/Patient/Get/508 application/json - - 200 - application/json;+charset=utf-8 4800.3090ms

2024-07-28 19:20:09.915 +05:30  INF  Executed DbCommand (210ms) [Parameters=[@__Id_0='?' (DbType = Int64)], CommandType='"Text"', CommandTimeout='30']
SELECT `d`.`Id`, `d`.`Age`, `d`.`Blood_Group`, `d`.`Created_At`, `d`.`Dob`, `d`.`Email`, `d`.`Email2`, `d`.`Gender`, `d`.`Gst_Number`, `d`.`Is_Delete`, `d`.`Marital_Status`, `d`.`Name`, `d`.`Pan_Number`, `d`.`Password`, `d`.`Phone1`, `d`.`Phone2`, `d`.`Phone3`, `d`.`Phone4`, `d`.`Qualification`, `d`.`Role`, `d`.`Speciality`, `d`.`Thumb`, `d`.`Updated_At`, `d`.`User_Id`
FROM `Doctors` AS `d`
WHERE `d`.`Id` = @__Id_0
LIMIT 2

2024-07-28 19:20:09.997 +05:30  INF  Executed DbCommand (220ms) [Parameters=[@__p_0='?' (DbType = Int64)], CommandType='"Text"', CommandTimeout='30']
SELECT `p`.`Id`, `p`.`Created_At`, `p`.`Patient_Id`, `p`.`Report`, `p`.`Report_File`, `p`.`Scan_Name`, `p`.`Status`, `p`.`Type`, `p`.`Updated_At`
FROM `Patient_Scans` AS `p`
WHERE `p`.`Patient_Id` = @__p_0

2024-07-28 19:20:09.997 +05:30  INF  Executing ObjectResult, writing value of type 'DCRM.Common.Dto.PatientseDto'.

2024-07-28 19:20:09.997 +05:30  INF  Executed action DCRM.Api.Controllers.PatientController.Get (DCRM.Api) in 4436.4829ms

2024-07-28 19:20:09.997 +05:30  INF  Executed endpoint 'DCRM.Api.Controllers.PatientController.Get (DCRM.Api)'

2024-07-28 19:20:09.997 +05:30  INF  Request finished HTTP/2 GET https://localhost:7069/api/Patient/Get/387 application/json - - 200 - application/json;+charset=utf-8 5101.1534ms

2024-07-28 19:20:10.541 +05:30  INF  Executed DbCommand (209ms) [Parameters=[@__Id_0='?' (DbType = Int64)], CommandType='"Text"', CommandTimeout='30']
SELECT `d`.`Id`, `d`.`Age`, `d`.`Blood_Group`, `d`.`Created_At`, `d`.`Dob`, `d`.`Email`, `d`.`Email2`, `d`.`Gender`, `d`.`Gst_Number`, `d`.`Is_Delete`, `d`.`Marital_Status`, `d`.`Name`, `d`.`Pan_Number`, `d`.`Password`, `d`.`Phone1`, `d`.`Phone2`, `d`.`Phone3`, `d`.`Phone4`, `d`.`Qualification`, `d`.`Role`, `d`.`Speciality`, `d`.`Thumb`, `d`.`Updated_At`, `d`.`User_Id`
FROM `Doctors` AS `d`
WHERE `d`.`Id` = @__Id_0
LIMIT 2

2024-07-28 19:20:11.168 +05:30  INF  Executed DbCommand (210ms) [Parameters=[@__Id_0='?' (DbType = Int64)], CommandType='"Text"', CommandTimeout='30']
SELECT `d`.`Id`, `d`.`Age`, `d`.`Blood_Group`, `d`.`Created_At`, `d`.`Dob`, `d`.`Email`, `d`.`Email2`, `d`.`Gender`, `d`.`Gst_Number`, `d`.`Is_Delete`, `d`.`Marital_Status`, `d`.`Name`, `d`.`Pan_Number`, `d`.`Password`, `d`.`Phone1`, `d`.`Phone2`, `d`.`Phone3`, `d`.`Phone4`, `d`.`Qualification`, `d`.`Role`, `d`.`Speciality`, `d`.`Thumb`, `d`.`Updated_At`, `d`.`User_Id`
FROM `Doctors` AS `d`
WHERE `d`.`Id` = @__Id_0
LIMIT 2

2024-07-28 19:20:12.015 +05:30  INF  Executed DbCommand (419ms) [Parameters=[@__Id_0='?' (DbType = Int64)], CommandType='"Text"', CommandTimeout='30']
SELECT `d`.`Id`, `d`.`Age`, `d`.`Blood_Group`, `d`.`Created_At`, `d`.`Dob`, `d`.`Email`, `d`.`Email2`, `d`.`Gender`, `d`.`Gst_Number`, `d`.`Is_Delete`, `d`.`Marital_Status`, `d`.`Name`, `d`.`Pan_Number`, `d`.`Password`, `d`.`Phone1`, `d`.`Phone2`, `d`.`Phone3`, `d`.`Phone4`, `d`.`Qualification`, `d`.`Role`, `d`.`Speciality`, `d`.`Thumb`, `d`.`Updated_At`, `d`.`User_Id`
FROM `Doctors` AS `d`
WHERE `d`.`Id` = @__Id_0
LIMIT 2

2024-07-28 19:20:12.639 +05:30  INF  Executed DbCommand (209ms) [Parameters=[@__Id_0='?' (DbType = Int64)], CommandType='"Text"', CommandTimeout='30']
SELECT `d`.`Id`, `d`.`Age`, `d`.`Blood_Group`, `d`.`Created_At`, `d`.`Dob`, `d`.`Email`, `d`.`Email2`, `d`.`Gender`, `d`.`Gst_Number`, `d`.`Is_Delete`, `d`.`Marital_Status`, `d`.`Name`, `d`.`Pan_Number`, `d`.`Password`, `d`.`Phone1`, `d`.`Phone2`, `d`.`Phone3`, `d`.`Phone4`, `d`.`Qualification`, `d`.`Role`, `d`.`Speciality`, `d`.`Thumb`, `d`.`Updated_At`, `d`.`User_Id`
FROM `Doctors` AS `d`
WHERE `d`.`Id` = @__Id_0
LIMIT 2

2024-07-28 19:20:13.263 +05:30  INF  Executed DbCommand (208ms) [Parameters=[@__Id_0='?' (DbType = Int64)], CommandType='"Text"', CommandTimeout='30']
SELECT `d`.`Id`, `d`.`Age`, `d`.`Blood_Group`, `d`.`Created_At`, `d`.`Dob`, `d`.`Email`, `d`.`Email2`, `d`.`Gender`, `d`.`Gst_Number`, `d`.`Is_Delete`, `d`.`Marital_Status`, `d`.`Name`, `d`.`Pan_Number`, `d`.`Password`, `d`.`Phone1`, `d`.`Phone2`, `d`.`Phone3`, `d`.`Phone4`, `d`.`Qualification`, `d`.`Role`, `d`.`Speciality`, `d`.`Thumb`, `d`.`Updated_At`, `d`.`User_Id`
FROM `Doctors` AS `d`
WHERE `d`.`Id` = @__Id_0
LIMIT 2

2024-07-28 19:20:13.889 +05:30  INF  Executed DbCommand (211ms) [Parameters=[@__Id_0='?' (DbType = Int64)], CommandType='"Text"', CommandTimeout='30']
SELECT `d`.`Id`, `d`.`Age`, `d`.`Blood_Group`, `d`.`Created_At`, `d`.`Dob`, `d`.`Email`, `d`.`Email2`, `d`.`Gender`, `d`.`Gst_Number`, `d`.`Is_Delete`, `d`.`Marital_Status`, `d`.`Name`, `d`.`Pan_Number`, `d`.`Password`, `d`.`Phone1`, `d`.`Phone2`, `d`.`Phone3`, `d`.`Phone4`, `d`.`Qualification`, `d`.`Role`, `d`.`Speciality`, `d`.`Thumb`, `d`.`Updated_At`, `d`.`User_Id`
FROM `Doctors` AS `d`
WHERE `d`.`Id` = @__Id_0
LIMIT 2

2024-07-28 19:20:14.517 +05:30  INF  Executed DbCommand (210ms) [Parameters=[@__Id_0='?' (DbType = Int64)], CommandType='"Text"', CommandTimeout='30']
SELECT `d`.`Id`, `d`.`Age`, `d`.`Blood_Group`, `d`.`Created_At`, `d`.`Dob`, `d`.`Email`, `d`.`Email2`, `d`.`Gender`, `d`.`Gst_Number`, `d`.`Is_Delete`, `d`.`Marital_Status`, `d`.`Name`, `d`.`Pan_Number`, `d`.`Password`, `d`.`Phone1`, `d`.`Phone2`, `d`.`Phone3`, `d`.`Phone4`, `d`.`Qualification`, `d`.`Role`, `d`.`Speciality`, `d`.`Thumb`, `d`.`Updated_At`, `d`.`User_Id`
FROM `Doctors` AS `d`
WHERE `d`.`Id` = @__Id_0
LIMIT 2

2024-07-28 19:20:14.722 +05:30  INF  Request starting HTTP/2 OPTIONS https://localhost:7069/api/Patient/Get/50 - -

2024-07-28 19:20:14.723 +05:30  INF  CORS policy execution successful.

2024-07-28 19:20:14.723 +05:30  INF  Request finished HTTP/2 OPTIONS https://localhost:7069/api/Patient/Get/50 - - - 204 - - 0.4990ms

2024-07-28 19:20:14.726 +05:30  INF  Request starting HTTP/2 GET https://localhost:7069/api/Patient/Get/50 application/json -

2024-07-28 19:20:14.726 +05:30  INF  CORS policy execution successful.

2024-07-28 19:20:14.996 +05:30  INF  Request starting HTTP/2 OPTIONS https://localhost:7069/api/Patient/Get/5 - -

2024-07-28 19:20:14.997 +05:30  INF  CORS policy execution successful.

2024-07-28 19:20:14.997 +05:30  INF  Request finished HTTP/2 OPTIONS https://localhost:7069/api/Patient/Get/5 - - - 204 - - 0.2208ms

2024-07-28 19:20:14.999 +05:30  INF  Request starting HTTP/2 GET https://localhost:7069/api/Patient/Get/5 application/json -

2024-07-28 19:20:14.999 +05:30  INF  CORS policy execution successful.

2024-07-28 19:20:15.139 +05:30  INF  Executed DbCommand (208ms) [Parameters=[@__Id_0='?' (DbType = Int64)], CommandType='"Text"', CommandTimeout='30']
SELECT `d`.`Id`, `d`.`Age`, `d`.`Blood_Group`, `d`.`Created_At`, `d`.`Dob`, `d`.`Email`, `d`.`Email2`, `d`.`Gender`, `d`.`Gst_Number`, `d`.`Is_Delete`, `d`.`Marital_Status`, `d`.`Name`, `d`.`Pan_Number`, `d`.`Password`, `d`.`Phone1`, `d`.`Phone2`, `d`.`Phone3`, `d`.`Phone4`, `d`.`Qualification`, `d`.`Role`, `d`.`Speciality`, `d`.`Thumb`, `d`.`Updated_At`, `d`.`User_Id`
FROM `Doctors` AS `d`
WHERE `d`.`Id` = @__Id_0
LIMIT 2

2024-07-28 19:20:15.232 +05:30  INF  Request starting HTTP/2 OPTIONS https://localhost:7069/api/Patient/Get/ - -

2024-07-28 19:20:15.232 +05:30  INF  CORS policy execution successful.

2024-07-28 19:20:15.233 +05:30  INF  Request finished HTTP/2 OPTIONS https://localhost:7069/api/Patient/Get/ - - - 204 - - 0.6900ms

2024-07-28 19:20:15.235 +05:30  INF  Request starting HTTP/2 GET https://localhost:7069/api/Patient/Get/ application/json -

2024-07-28 19:20:15.235 +05:30  INF  CORS policy execution successful.

2024-07-28 19:20:15.384 +05:30  INF  Executed DbCommand (219ms) [Parameters=[@__id_0='?' (DbType = Int64)], CommandType='"Text"', CommandTimeout='30']
SELECT `u`.`Id`, `u`.`About_Me`, `u`.`Account_Type`, `u`.`Address`, `u`.`Available_Days`, `u`.`Bn_Name`, `u`.`City`, `u`.`Country`, `u`.`Created_At`, `u`.`Currency`, `u`.`Degree`, `u`.`Email`, `u`.`Email_Verified`, `u`.`Enable_Appointment`, `u`.`Enable_Rating`, `u`.`Exp_Years`, `u`.`Facebook`, `u`.`Google_Analytics`, `u`.`Image`, `u`.`Instagram`, `u`.`Linkedin`, `u`.`Name`, `u`.`Parent_Id`, `u`.`Password`, `u`.`Paypal_Email`, `u`.`Paypal_Mode`, `u`.`Paypal_Payment`, `u`.`Paystack_Payment`, `u`.`Paystack_Public_Key`, `u`.`Paystack_Secret_Key`, `u`.`Phone`, `u`.`Publish_Key`, `u`.`Qr_Code`, `u`.`Razorpay_Key_Id`, `u`.`Razorpay_Key_Secret`, `u`.`Razorpay_Payment`, `u`.`Role`, `u`.`Secret_Key`, `u`.`Skype`, `u`.`Slug`, `u`.`Specialist`, `u`.`Status`, `u`.`Stripe_Payment`, `u`.`Thumb`, `u`.`Trial_Expire`, `u`.`Twitter`, `u`.`User_Name`, `u`.`User_Type`, `u`.`Verify_Code`, `u`.`Whatsapp`
FROM `Users` AS `u`
WHERE `u`.`Id` = @__id_0
LIMIT 1

2024-07-28 19:20:15.384 +05:30  INF  Executing endpoint 'DCRM.Api.Controllers.PatientController.Get (DCRM.Api)'

2024-07-28 19:20:15.384 +05:30  INF  Route matched with {action = "Get", controller = "Patient"}. Executing controller action with signature DCRM.Common.Dto.PatientseDto Get(Int64) on controller DCRM.Api.Controllers.PatientController (DCRM.Api).

2024-07-28 19:20:15.622 +05:30  INF  Executed DbCommand (210ms) [Parameters=[@__id_0='?' (DbType = Int64)], CommandType='"Text"', CommandTimeout='30']
SELECT `u`.`Id`, `u`.`About_Me`, `u`.`Account_Type`, `u`.`Address`, `u`.`Available_Days`, `u`.`Bn_Name`, `u`.`City`, `u`.`Country`, `u`.`Created_At`, `u`.`Currency`, `u`.`Degree`, `u`.`Email`, `u`.`Email_Verified`, `u`.`Enable_Appointment`, `u`.`Enable_Rating`, `u`.`Exp_Years`, `u`.`Facebook`, `u`.`Google_Analytics`, `u`.`Image`, `u`.`Instagram`, `u`.`Linkedin`, `u`.`Name`, `u`.`Parent_Id`, `u`.`Password`, `u`.`Paypal_Email`, `u`.`Paypal_Mode`, `u`.`Paypal_Payment`, `u`.`Paystack_Payment`, `u`.`Paystack_Public_Key`, `u`.`Paystack_Secret_Key`, `u`.`Phone`, `u`.`Publish_Key`, `u`.`Qr_Code`, `u`.`Razorpay_Key_Id`, `u`.`Razorpay_Key_Secret`, `u`.`Razorpay_Payment`, `u`.`Role`, `u`.`Secret_Key`, `u`.`Skype`, `u`.`Slug`, `u`.`Specialist`, `u`.`Status`, `u`.`Stripe_Payment`, `u`.`Thumb`, `u`.`Trial_Expire`, `u`.`Twitter`, `u`.`User_Name`, `u`.`User_Type`, `u`.`Verify_Code`, `u`.`Whatsapp`
FROM `Users` AS `u`
WHERE `u`.`Id` = @__id_0
LIMIT 1

2024-07-28 19:20:15.622 +05:30  INF  Executing endpoint 'DCRM.Api.Controllers.PatientController.Get (DCRM.Api)'

2024-07-28 19:20:15.622 +05:30  INF  Route matched with {action = "Get", controller = "Patient"}. Executing controller action with signature DCRM.Common.Dto.PatientseDto Get(Int64) on controller DCRM.Api.Controllers.PatientController (DCRM.Api).

2024-07-28 19:20:15.764 +05:30  INF  Executed DbCommand (210ms) [Parameters=[@__Id_0='?' (DbType = Int64)], CommandType='"Text"', CommandTimeout='30']
SELECT `d`.`Id`, `d`.`Age`, `d`.`Blood_Group`, `d`.`Created_At`, `d`.`Dob`, `d`.`Email`, `d`.`Email2`, `d`.`Gender`, `d`.`Gst_Number`, `d`.`Is_Delete`, `d`.`Marital_Status`, `d`.`Name`, `d`.`Pan_Number`, `d`.`Password`, `d`.`Phone1`, `d`.`Phone2`, `d`.`Phone3`, `d`.`Phone4`, `d`.`Qualification`, `d`.`Role`, `d`.`Speciality`, `d`.`Thumb`, `d`.`Updated_At`, `d`.`User_Id`
FROM `Doctors` AS `d`
WHERE `d`.`Id` = @__Id_0
LIMIT 2

2024-07-28 19:20:15.890 +05:30  INF  Executed DbCommand (218ms) [Parameters=[@__id_0='?' (DbType = Int64)], CommandType='"Text"', CommandTimeout='30']
SELECT `u`.`Id`, `u`.`About_Me`, `u`.`Account_Type`, `u`.`Address`, `u`.`Available_Days`, `u`.`Bn_Name`, `u`.`City`, `u`.`Country`, `u`.`Created_At`, `u`.`Currency`, `u`.`Degree`, `u`.`Email`, `u`.`Email_Verified`, `u`.`Enable_Appointment`, `u`.`Enable_Rating`, `u`.`Exp_Years`, `u`.`Facebook`, `u`.`Google_Analytics`, `u`.`Image`, `u`.`Instagram`, `u`.`Linkedin`, `u`.`Name`, `u`.`Parent_Id`, `u`.`Password`, `u`.`Paypal_Email`, `u`.`Paypal_Mode`, `u`.`Paypal_Payment`, `u`.`Paystack_Payment`, `u`.`Paystack_Public_Key`, `u`.`Paystack_Secret_Key`, `u`.`Phone`, `u`.`Publish_Key`, `u`.`Qr_Code`, `u`.`Razorpay_Key_Id`, `u`.`Razorpay_Key_Secret`, `u`.`Razorpay_Payment`, `u`.`Role`, `u`.`Secret_Key`, `u`.`Skype`, `u`.`Slug`, `u`.`Specialist`, `u`.`Status`, `u`.`Stripe_Payment`, `u`.`Thumb`, `u`.`Trial_Expire`, `u`.`Twitter`, `u`.`User_Name`, `u`.`User_Type`, `u`.`Verify_Code`, `u`.`Whatsapp`
FROM `Users` AS `u`
WHERE `u`.`Id` = @__id_0
LIMIT 1

2024-07-28 19:20:15.891 +05:30  INF  Request finished HTTP/2 GET https://localhost:7069/api/Patient/Get/ application/json - - 404 0 - 656.0920ms

2024-07-28 19:20:16.043 +05:30  INF  Executed DbCommand (220ms) [Parameters=[@__id_0='?' (DbType = Int64)], CommandType='"Text"', CommandTimeout='30']
SELECT `p`.`Id`, `p`.`Age`, `p`.`Chamber_Id`, `p`.`Created_At`, `p`.`Email`, `p`.`Guardian`, `p`.`Is_Delete`, `p`.`Mobile`, `p`.`Mr_Number`, `p`.`Name`, `p`.`Password`, `p`.`Permanent_Address`, `p`.`Present_Address`, `p`.`Role`, `p`.`Sex`, `p`.`Slug`, `p`.`Thumb`, `p`.`Title`, `p`.`UserName`, `p`.`User_Id`, `p`.`Verify_Code`, `p`.`Weight`
FROM `Patientses` AS `p`
WHERE (`p`.`Is_Delete` = 0) AND (`p`.`Id` = @__id_0)
LIMIT 1

2024-07-28 19:20:16.243 +05:30  INF  Executed DbCommand (209ms) [Parameters=[@__id_0='?' (DbType = Int64)], CommandType='"Text"', CommandTimeout='30']
SELECT `p`.`Id`, `p`.`Age`, `p`.`Chamber_Id`, `p`.`Created_At`, `p`.`Email`, `p`.`Guardian`, `p`.`Is_Delete`, `p`.`Mobile`, `p`.`Mr_Number`, `p`.`Name`, `p`.`Password`, `p`.`Permanent_Address`, `p`.`Present_Address`, `p`.`Role`, `p`.`Sex`, `p`.`Slug`, `p`.`Thumb`, `p`.`Title`, `p`.`UserName`, `p`.`User_Id`, `p`.`Verify_Code`, `p`.`Weight`
FROM `Patientses` AS `p`
WHERE (`p`.`Is_Delete` = 0) AND (`p`.`Id` = @__id_0)
LIMIT 1

2024-07-28 19:20:16.243 +05:30  INF  Executing ObjectResult, writing value of type 'DCRM.Common.Dto.PatientseDto'.

2024-07-28 19:20:16.243 +05:30  INF  Executed action DCRM.Api.Controllers.PatientController.Get (DCRM.Api) in 620.7194ms

2024-07-28 19:20:16.243 +05:30  INF  Executed endpoint 'DCRM.Api.Controllers.PatientController.Get (DCRM.Api)'

2024-07-28 19:20:16.243 +05:30  INF  Request finished HTTP/2 GET https://localhost:7069/api/Patient/Get/5 application/json - - 200 - application/json;+charset=utf-8 1244.1010ms

2024-07-28 19:20:16.387 +05:30  INF  Executed DbCommand (207ms) [Parameters=[@__Id_0='?' (DbType = Int64)], CommandType='"Text"', CommandTimeout='30']
SELECT `d`.`Id`, `d`.`Age`, `d`.`Blood_Group`, `d`.`Created_At`, `d`.`Dob`, `d`.`Email`, `d`.`Email2`, `d`.`Gender`, `d`.`Gst_Number`, `d`.`Is_Delete`, `d`.`Marital_Status`, `d`.`Name`, `d`.`Pan_Number`, `d`.`Password`, `d`.`Phone1`, `d`.`Phone2`, `d`.`Phone3`, `d`.`Phone4`, `d`.`Qualification`, `d`.`Role`, `d`.`Speciality`, `d`.`Thumb`, `d`.`Updated_At`, `d`.`User_Id`
FROM `Doctors` AS `d`
WHERE `d`.`Id` = @__Id_0
LIMIT 2

2024-07-28 19:20:16.920 +05:30  INF  Executed DbCommand (440ms) [Parameters=[], CommandType='"Text"', CommandTimeout='30']
SELECT `p`.`Id`, `p`.`Amount_Type`, `p`.`Balance`, `p`.`Created_At`, `p`.`Credit_Amount`, `p`.`Debit_Amount`, `p`.`Description`, `p`.`Doctor_Id`, `p`.`Patient_Id`, `p`.`Payment_Mode`, `p`.`Updated_At`, `p`.`Workdone_Id`, `p`.`isPrinted`
FROM `Payment_History` AS `p`

2024-07-28 19:20:17.014 +05:30  INF  Executed DbCommand (209ms) [Parameters=[@__Id_0='?' (DbType = Int64)], CommandType='"Text"', CommandTimeout='30']
SELECT `d`.`Id`, `d`.`Age`, `d`.`Blood_Group`, `d`.`Created_At`, `d`.`Dob`, `d`.`Email`, `d`.`Email2`, `d`.`Gender`, `d`.`Gst_Number`, `d`.`Is_Delete`, `d`.`Marital_Status`, `d`.`Name`, `d`.`Pan_Number`, `d`.`Password`, `d`.`Phone1`, `d`.`Phone2`, `d`.`Phone3`, `d`.`Phone4`, `d`.`Qualification`, `d`.`Role`, `d`.`Speciality`, `d`.`Thumb`, `d`.`Updated_At`, `d`.`User_Id`
FROM `Doctors` AS `d`
WHERE `d`.`Id` = @__Id_0
LIMIT 2

2024-07-28 19:20:17.635 +05:30  INF  Executed DbCommand (208ms) [Parameters=[@__Id_0='?' (DbType = Int64)], CommandType='"Text"', CommandTimeout='30']
SELECT `d`.`Id`, `d`.`Age`, `d`.`Blood_Group`, `d`.`Created_At`, `d`.`Dob`, `d`.`Email`, `d`.`Email2`, `d`.`Gender`, `d`.`Gst_Number`, `d`.`Is_Delete`, `d`.`Marital_Status`, `d`.`Name`, `d`.`Pan_Number`, `d`.`Password`, `d`.`Phone1`, `d`.`Phone2`, `d`.`Phone3`, `d`.`Phone4`, `d`.`Qualification`, `d`.`Role`, `d`.`Speciality`, `d`.`Thumb`, `d`.`Updated_At`, `d`.`User_Id`
FROM `Doctors` AS `d`
WHERE `d`.`Id` = @__Id_0
LIMIT 2

2024-07-28 19:20:17.800 +05:30  INF  Executed DbCommand (221ms) [Parameters=[@__p_0='?' (DbType = Int64)], CommandType='"Text"', CommandTimeout='30']
SELECT `p`.`Id`, `p`.`Amount`, `p`.`Balance_Amount`, `p`.`Balance_Spent`, `p`.`Created_At`, `p`.`Name`, `p`.`Patients_Id`, `p`.`Type`, `p`.`Updated_At`
FROM `Patients_Insurance_Loan` AS `p`
WHERE `p`.`Patients_Id` = @__p_0

2024-07-28 19:20:18.261 +05:30  INF  Executed DbCommand (211ms) [Parameters=[@__Id_0='?' (DbType = Int64)], CommandType='"Text"', CommandTimeout='30']
SELECT `d`.`Id`, `d`.`Age`, `d`.`Blood_Group`, `d`.`Created_At`, `d`.`Dob`, `d`.`Email`, `d`.`Email2`, `d`.`Gender`, `d`.`Gst_Number`, `d`.`Is_Delete`, `d`.`Marital_Status`, `d`.`Name`, `d`.`Pan_Number`, `d`.`Password`, `d`.`Phone1`, `d`.`Phone2`, `d`.`Phone3`, `d`.`Phone4`, `d`.`Qualification`, `d`.`Role`, `d`.`Speciality`, `d`.`Thumb`, `d`.`Updated_At`, `d`.`User_Id`
FROM `Doctors` AS `d`
WHERE `d`.`Id` = @__Id_0
LIMIT 2

2024-07-28 19:20:18.261 +05:30  INF  Executing ObjectResult, writing value of type 'System.Collections.Generic.List`1[[DCRM.Common.Dto.ChairDto, DCRM.Common, Version=1.0.0.0, Culture=neutral, PublicKeyToken=null]]'.

2024-07-28 19:20:18.262 +05:30  INF  Executed action DCRM.Api.Controllers.ChairController.GetAll (DCRM.Api) in 12728.8067ms

2024-07-28 19:20:18.262 +05:30  INF  Executed endpoint 'DCRM.Api.Controllers.ChairController.GetAll (DCRM.Api)'

2024-07-28 19:20:18.262 +05:30  INF  Request finished HTTP/2 GET https://localhost:7069/api/Chair/GetAll application/json - - 200 - application/json;+charset=utf-8 13357.0619ms

2024-07-28 19:20:18.457 +05:30  INF  Executed DbCommand (219ms) [Parameters=[@__p_0='?' (DbType = Int64)], CommandType='"Text"', CommandTimeout='30']
SELECT `p`.`Id`, `p`.`Created_At`, `p`.`Patient_Id`, `p`.`Report`, `p`.`Report_Date`, `p`.`Report_File`, `p`.`Status`, `p`.`Test_Name`, `p`.`Test_Price`, `p`.`Updated_At`
FROM `Patient_Tests` AS `p`
WHERE `p`.`Patient_Id` = @__p_0

2024-07-28 19:20:19.118 +05:30  INF  Executed DbCommand (223ms) [Parameters=[@__p_0='?' (DbType = Int64)], CommandType='"Text"', CommandTimeout='30']
SELECT `p`.`Id`, `p`.`Address_O`, `p`.`Address_Other`, `p`.`Address_R`, `p`.`City_O`, `p`.`City_Other`, `p`.`City_R`, `p`.`Country_O`, `p`.`Country_Other`, `p`.`Country_R`, `p`.`Created_At`, `p`.`Doctor_Name`, `p`.`Email`, `p`.`Email2`, `p`.`Medical_History_Allergies`, `p`.`Patient_Id`, `p`.`Phone`, `p`.`Phone1`, `p`.`Phone2`, `p`.`Phone3`, `p`.`Phone4`, `p`.`Physician`, `p`.`Reffered_By`, `p`.`Relationship_Type`, `p`.`Special_Notes`, `p`.`Updated_At`, `p`.`Zip_O`, `p`.`Zip_Other`, `p`.`Zip_R`
FROM `Patients_Contact` AS `p`
WHERE `p`.`Patient_Id` = @__p_0

2024-07-28 19:20:19.183 +05:30  INF  Request starting HTTP/2 OPTIONS https://localhost:7069/api/Patient/Get/e - -

2024-07-28 19:20:19.184 +05:30  INF  CORS policy execution successful.

2024-07-28 19:20:19.184 +05:30  INF  Request finished HTTP/2 OPTIONS https://localhost:7069/api/Patient/Get/e - - - 204 - - 0.3865ms

2024-07-28 19:20:19.188 +05:30  INF  Request starting HTTP/2 GET https://localhost:7069/api/Patient/Get/e application/json -

2024-07-28 19:20:19.188 +05:30  INF  CORS policy execution successful.

2024-07-28 19:20:19.190 +05:30  INF  Request starting HTTP/2 OPTIONS https://localhost:7069/api/Patient/Get/er - -

2024-07-28 19:20:19.190 +05:30  INF  CORS policy execution successful.

2024-07-28 19:20:19.190 +05:30  INF  Request finished HTTP/2 OPTIONS https://localhost:7069/api/Patient/Get/er - - - 204 - - 0.4446ms

2024-07-28 19:20:19.193 +05:30  INF  Request starting HTTP/2 GET https://localhost:7069/api/Patient/Get/er application/json -

2024-07-28 19:20:19.194 +05:30  INF  CORS policy execution successful.

2024-07-28 19:20:19.414 +05:30  INF  Request starting HTTP/2 OPTIONS https://localhost:7069/api/Patient/Get/err - -

2024-07-28 19:20:19.414 +05:30  INF  CORS policy execution successful.

2024-07-28 19:20:19.414 +05:30  INF  Request finished HTTP/2 OPTIONS https://localhost:7069/api/Patient/Get/err - - - 204 - - 0.3027ms

2024-07-28 19:20:19.419 +05:30  INF  Request starting HTTP/2 GET https://localhost:7069/api/Patient/Get/err application/json -

2024-07-28 19:20:19.419 +05:30  INF  Request starting HTTP/2 OPTIONS https://localhost:7069/api/Patient/Get/erre - -

2024-07-28 19:20:19.419 +05:30  INF  CORS policy execution successful.

2024-07-28 19:20:19.419 +05:30  INF  CORS policy execution successful.

2024-07-28 19:20:19.419 +05:30  INF  Request finished HTTP/2 OPTIONS https://localhost:7069/api/Patient/Get/erre - - - 204 - - 0.1669ms

2024-07-28 19:20:19.422 +05:30  INF  Request starting HTTP/2 GET https://localhost:7069/api/Patient/Get/erre application/json -

2024-07-28 19:20:19.422 +05:30  INF  CORS policy execution successful.

2024-07-28 19:20:19.635 +05:30  INF  Request starting HTTP/2 OPTIONS https://localhost:7069/api/Patient/Get/errer - -

2024-07-28 19:20:19.635 +05:30  INF  CORS policy execution successful.

2024-07-28 19:20:19.635 +05:30  INF  Request finished HTTP/2 OPTIONS https://localhost:7069/api/Patient/Get/errer - - - 204 - - 0.5720ms

2024-07-28 19:20:19.640 +05:30  INF  Request starting HTTP/2 GET https://localhost:7069/api/Patient/Get/errer application/json -

2024-07-28 19:20:19.646 +05:30  INF  CORS policy execution successful.

2024-07-28 19:20:19.646 +05:30  INF  Request starting HTTP/2 OPTIONS https://localhost:7069/api/Patient/Get/errere - -

2024-07-28 19:20:19.646 +05:30  INF  CORS policy execution successful.

2024-07-28 19:20:19.647 +05:30  INF  Request finished HTTP/2 OPTIONS https://localhost:7069/api/Patient/Get/errere - - - 204 - - 0.2134ms

2024-07-28 19:20:19.650 +05:30  INF  Request starting HTTP/2 GET https://localhost:7069/api/Patient/Get/errere application/json -

2024-07-28 19:20:19.650 +05:30  INF  CORS policy execution successful.

2024-07-28 19:20:19.778 +05:30  INF  Executed DbCommand (221ms) [Parameters=[@__p_0='?' (DbType = Int64)], CommandType='"Text"', CommandTimeout='30']
SELECT `p`.`Id`, `p`.`Created_At`, `p`.`Patient_Id`, `p`.`Report`, `p`.`Report_File`, `p`.`Scan_Name`, `p`.`Status`, `p`.`Type`, `p`.`Updated_At`
FROM `Patient_Scans` AS `p`
WHERE `p`.`Patient_Id` = @__p_0

2024-07-28 19:20:19.778 +05:30  INF  Executing ObjectResult, writing value of type 'DCRM.Common.Dto.PatientseDto'.

2024-07-28 19:20:19.778 +05:30  INF  Executed action DCRM.Api.Controllers.PatientController.Get (DCRM.Api) in 4393.9309ms

2024-07-28 19:20:19.778 +05:30  INF  Executed endpoint 'DCRM.Api.Controllers.PatientController.Get (DCRM.Api)'

2024-07-28 19:20:19.778 +05:30  INF  Request finished HTTP/2 GET https://localhost:7069/api/Patient/Get/50 application/json - - 200 - application/json;+charset=utf-8 5052.0704ms

2024-07-28 19:20:19.818 +05:30  INF  Executed DbCommand (211ms) [Parameters=[@__id_0='?' (DbType = Int64)], CommandType='"Text"', CommandTimeout='30']
SELECT `u`.`Id`, `u`.`About_Me`, `u`.`Account_Type`, `u`.`Address`, `u`.`Available_Days`, `u`.`Bn_Name`, `u`.`City`, `u`.`Country`, `u`.`Created_At`, `u`.`Currency`, `u`.`Degree`, `u`.`Email`, `u`.`Email_Verified`, `u`.`Enable_Appointment`, `u`.`Enable_Rating`, `u`.`Exp_Years`, `u`.`Facebook`, `u`.`Google_Analytics`, `u`.`Image`, `u`.`Instagram`, `u`.`Linkedin`, `u`.`Name`, `u`.`Parent_Id`, `u`.`Password`, `u`.`Paypal_Email`, `u`.`Paypal_Mode`, `u`.`Paypal_Payment`, `u`.`Paystack_Payment`, `u`.`Paystack_Public_Key`, `u`.`Paystack_Secret_Key`, `u`.`Phone`, `u`.`Publish_Key`, `u`.`Qr_Code`, `u`.`Razorpay_Key_Id`, `u`.`Razorpay_Key_Secret`, `u`.`Razorpay_Payment`, `u`.`Role`, `u`.`Secret_Key`, `u`.`Skype`, `u`.`Slug`, `u`.`Specialist`, `u`.`Status`, `u`.`Stripe_Payment`, `u`.`Thumb`, `u`.`Trial_Expire`, `u`.`Twitter`, `u`.`User_Name`, `u`.`User_Type`, `u`.`Verify_Code`, `u`.`Whatsapp`
FROM `Users` AS `u`
WHERE `u`.`Id` = @__id_0
LIMIT 1

2024-07-28 19:20:19.818 +05:30  INF  Executed DbCommand (211ms) [Parameters=[@__id_0='?' (DbType = Int64)], CommandType='"Text"', CommandTimeout='30']
SELECT `u`.`Id`, `u`.`About_Me`, `u`.`Account_Type`, `u`.`Address`, `u`.`Available_Days`, `u`.`Bn_Name`, `u`.`City`, `u`.`Country`, `u`.`Created_At`, `u`.`Currency`, `u`.`Degree`, `u`.`Email`, `u`.`Email_Verified`, `u`.`Enable_Appointment`, `u`.`Enable_Rating`, `u`.`Exp_Years`, `u`.`Facebook`, `u`.`Google_Analytics`, `u`.`Image`, `u`.`Instagram`, `u`.`Linkedin`, `u`.`Name`, `u`.`Parent_Id`, `u`.`Password`, `u`.`Paypal_Email`, `u`.`Paypal_Mode`, `u`.`Paypal_Payment`, `u`.`Paystack_Payment`, `u`.`Paystack_Public_Key`, `u`.`Paystack_Secret_Key`, `u`.`Phone`, `u`.`Publish_Key`, `u`.`Qr_Code`, `u`.`Razorpay_Key_Id`, `u`.`Razorpay_Key_Secret`, `u`.`Razorpay_Payment`, `u`.`Role`, `u`.`Secret_Key`, `u`.`Skype`, `u`.`Slug`, `u`.`Specialist`, `u`.`Status`, `u`.`Stripe_Payment`, `u`.`Thumb`, `u`.`Trial_Expire`, `u`.`Twitter`, `u`.`User_Name`, `u`.`User_Type`, `u`.`Verify_Code`, `u`.`Whatsapp`
FROM `Users` AS `u`
WHERE `u`.`Id` = @__id_0
LIMIT 1

2024-07-28 19:20:19.818 +05:30  INF  Executing endpoint 'DCRM.Api.Controllers.PatientController.Get (DCRM.Api)'

2024-07-28 19:20:19.818 +05:30  INF  Executing endpoint 'DCRM.Api.Controllers.PatientController.Get (DCRM.Api)'

2024-07-28 19:20:19.818 +05:30  INF  Route matched with {action = "Get", controller = "Patient"}. Executing controller action with signature DCRM.Common.Dto.PatientseDto Get(Int64) on controller DCRM.Api.Controllers.PatientController (DCRM.Api).

2024-07-28 19:20:19.818 +05:30  INF  Route matched with {action = "Get", controller = "Patient"}. Executing controller action with signature DCRM.Common.Dto.PatientseDto Get(Int64) on controller DCRM.Api.Controllers.PatientController (DCRM.Api).

2024-07-28 19:20:19.831 +05:30  INF  Executing BadRequestObjectResult, writing value of type 'Microsoft.AspNetCore.Mvc.ValidationProblemDetails'.

2024-07-28 19:20:19.831 +05:30  INF  Executing BadRequestObjectResult, writing value of type 'Microsoft.AspNetCore.Mvc.ValidationProblemDetails'.

2024-07-28 19:20:19.839 +05:30  INF  Executed action DCRM.Api.Controllers.PatientController.Get (DCRM.Api) in 20.9508ms

2024-07-28 19:20:19.839 +05:30  INF  Executed endpoint 'DCRM.Api.Controllers.PatientController.Get (DCRM.Api)'

2024-07-28 19:20:19.839 +05:30  INF  Executed action DCRM.Api.Controllers.PatientController.Get (DCRM.Api) in 20.9313ms

2024-07-28 19:20:19.839 +05:30  INF  Request finished HTTP/2 GET https://localhost:7069/api/Patient/Get/er application/json - - 400 - application/problem+json;+charset=utf-8 645.8409ms

2024-07-28 19:20:19.839 +05:30  INF  Executed endpoint 'DCRM.Api.Controllers.PatientController.Get (DCRM.Api)'

2024-07-28 19:20:19.839 +05:30  INF  Request finished HTTP/2 GET https://localhost:7069/api/Patient/Get/e application/json - - 400 - application/problem+json;+charset=utf-8 651.6000ms

2024-07-28 19:20:19.854 +05:30  INF  Request starting HTTP/2 OPTIONS https://localhost:7069/api/Patient/Get/errerer - -

2024-07-28 19:20:19.855 +05:30  INF  Request starting HTTP/2 OPTIONS https://localhost:7069/api/Patient/Get/errerere - -

2024-07-28 19:20:19.855 +05:30  INF  CORS policy execution successful.

2024-07-28 19:20:19.855 +05:30  INF  Request finished HTTP/2 OPTIONS https://localhost:7069/api/Patient/Get/errerer - - - 204 - - 0.4903ms

2024-07-28 19:20:19.855 +05:30  INF  CORS policy execution successful.

2024-07-28 19:20:19.855 +05:30  INF  Request finished HTTP/2 OPTIONS https://localhost:7069/api/Patient/Get/errerere - - - 204 - - 0.3727ms

2024-07-28 19:20:19.857 +05:30  INF  Request starting HTTP/2 GET https://localhost:7069/api/Patient/Get/errerere application/json -

2024-07-28 19:20:19.857 +05:30  INF  Request starting HTTP/2 GET https://localhost:7069/api/Patient/Get/errerer application/json -

2024-07-28 19:20:19.857 +05:30  INF  CORS policy execution successful.

2024-07-28 19:20:19.857 +05:30  INF  CORS policy execution successful.

2024-07-28 19:20:20.065 +05:30  INF  Executed DbCommand (214ms) [Parameters=[@__id_0='?' (DbType = Int64)], CommandType='"Text"', CommandTimeout='30']
SELECT `u`.`Id`, `u`.`About_Me`, `u`.`Account_Type`, `u`.`Address`, `u`.`Available_Days`, `u`.`Bn_Name`, `u`.`City`, `u`.`Country`, `u`.`Created_At`, `u`.`Currency`, `u`.`Degree`, `u`.`Email`, `u`.`Email_Verified`, `u`.`Enable_Appointment`, `u`.`Enable_Rating`, `u`.`Exp_Years`, `u`.`Facebook`, `u`.`Google_Analytics`, `u`.`Image`, `u`.`Instagram`, `u`.`Linkedin`, `u`.`Name`, `u`.`Parent_Id`, `u`.`Password`, `u`.`Paypal_Email`, `u`.`Paypal_Mode`, `u`.`Paypal_Payment`, `u`.`Paystack_Payment`, `u`.`Paystack_Public_Key`, `u`.`Paystack_Secret_Key`, `u`.`Phone`, `u`.`Publish_Key`, `u`.`Qr_Code`, `u`.`Razorpay_Key_Id`, `u`.`Razorpay_Key_Secret`, `u`.`Razorpay_Payment`, `u`.`Role`, `u`.`Secret_Key`, `u`.`Skype`, `u`.`Slug`, `u`.`Specialist`, `u`.`Status`, `u`.`Stripe_Payment`, `u`.`Thumb`, `u`.`Trial_Expire`, `u`.`Twitter`, `u`.`User_Name`, `u`.`User_Type`, `u`.`Verify_Code`, `u`.`Whatsapp`
FROM `Users` AS `u`
WHERE `u`.`Id` = @__id_0
LIMIT 1

2024-07-28 19:20:20.066 +05:30  INF  Executing endpoint 'DCRM.Api.Controllers.PatientController.Get (DCRM.Api)'

2024-07-28 19:20:20.066 +05:30  INF  Route matched with {action = "Get", controller = "Patient"}. Executing controller action with signature DCRM.Common.Dto.PatientseDto Get(Int64) on controller DCRM.Api.Controllers.PatientController (DCRM.Api).

2024-07-28 19:20:20.067 +05:30  INF  Executing BadRequestObjectResult, writing value of type 'Microsoft.AspNetCore.Mvc.ValidationProblemDetails'.

2024-07-28 19:20:20.067 +05:30  INF  Executed action DCRM.Api.Controllers.PatientController.Get (DCRM.Api) in 1.4689ms

2024-07-28 19:20:20.067 +05:30  INF  Executed endpoint 'DCRM.Api.Controllers.PatientController.Get (DCRM.Api)'

2024-07-28 19:20:20.067 +05:30  INF  Request finished HTTP/2 GET https://localhost:7069/api/Patient/Get/erre application/json - - 400 - application/problem+json;+charset=utf-8 645.7769ms

2024-07-28 19:20:20.077 +05:30  INF  Executed DbCommand (220ms) [Parameters=[@__id_0='?' (DbType = Int64)], CommandType='"Text"', CommandTimeout='30']
SELECT `u`.`Id`, `u`.`About_Me`, `u`.`Account_Type`, `u`.`Address`, `u`.`Available_Days`, `u`.`Bn_Name`, `u`.`City`, `u`.`Country`, `u`.`Created_At`, `u`.`Currency`, `u`.`Degree`, `u`.`Email`, `u`.`Email_Verified`, `u`.`Enable_Appointment`, `u`.`Enable_Rating`, `u`.`Exp_Years`, `u`.`Facebook`, `u`.`Google_Analytics`, `u`.`Image`, `u`.`Instagram`, `u`.`Linkedin`, `u`.`Name`, `u`.`Parent_Id`, `u`.`Password`, `u`.`Paypal_Email`, `u`.`Paypal_Mode`, `u`.`Paypal_Payment`, `u`.`Paystack_Payment`, `u`.`Paystack_Public_Key`, `u`.`Paystack_Secret_Key`, `u`.`Phone`, `u`.`Publish_Key`, `u`.`Qr_Code`, `u`.`Razorpay_Key_Id`, `u`.`Razorpay_Key_Secret`, `u`.`Razorpay_Payment`, `u`.`Role`, `u`.`Secret_Key`, `u`.`Skype`, `u`.`Slug`, `u`.`Specialist`, `u`.`Status`, `u`.`Stripe_Payment`, `u`.`Thumb`, `u`.`Trial_Expire`, `u`.`Twitter`, `u`.`User_Name`, `u`.`User_Type`, `u`.`Verify_Code`, `u`.`Whatsapp`
FROM `Users` AS `u`
WHERE `u`.`Id` = @__id_0
LIMIT 1

2024-07-28 19:20:20.077 +05:30  INF  Executing endpoint 'DCRM.Api.Controllers.PatientController.Get (DCRM.Api)'

2024-07-28 19:20:20.077 +05:30  INF  Route matched with {action = "Get", controller = "Patient"}. Executing controller action with signature DCRM.Common.Dto.PatientseDto Get(Int64) on controller DCRM.Api.Controllers.PatientController (DCRM.Api).

2024-07-28 19:20:20.078 +05:30  INF  Executing BadRequestObjectResult, writing value of type 'Microsoft.AspNetCore.Mvc.ValidationProblemDetails'.

2024-07-28 19:20:20.078 +05:30  INF  Executed action DCRM.Api.Controllers.PatientController.Get (DCRM.Api) in 1.0574ms

2024-07-28 19:20:20.078 +05:30  INF  Executed endpoint 'DCRM.Api.Controllers.PatientController.Get (DCRM.Api)'

2024-07-28 19:20:20.078 +05:30  INF  Request finished HTTP/2 GET https://localhost:7069/api/Patient/Get/err application/json - - 400 - application/problem+json;+charset=utf-8 659.3979ms

2024-07-28 19:20:20.481 +05:30  INF  Executed DbCommand (210ms) [Parameters=[@__id_0='?' (DbType = Int64)], CommandType='"Text"', CommandTimeout='30']
SELECT `u`.`Id`, `u`.`About_Me`, `u`.`Account_Type`, `u`.`Address`, `u`.`Available_Days`, `u`.`Bn_Name`, `u`.`City`, `u`.`Country`, `u`.`Created_At`, `u`.`Currency`, `u`.`Degree`, `u`.`Email`, `u`.`Email_Verified`, `u`.`Enable_Appointment`, `u`.`Enable_Rating`, `u`.`Exp_Years`, `u`.`Facebook`, `u`.`Google_Analytics`, `u`.`Image`, `u`.`Instagram`, `u`.`Linkedin`, `u`.`Name`, `u`.`Parent_Id`, `u`.`Password`, `u`.`Paypal_Email`, `u`.`Paypal_Mode`, `u`.`Paypal_Payment`, `u`.`Paystack_Payment`, `u`.`Paystack_Public_Key`, `u`.`Paystack_Secret_Key`, `u`.`Phone`, `u`.`Publish_Key`, `u`.`Qr_Code`, `u`.`Razorpay_Key_Id`, `u`.`Razorpay_Key_Secret`, `u`.`Razorpay_Payment`, `u`.`Role`, `u`.`Secret_Key`, `u`.`Skype`, `u`.`Slug`, `u`.`Specialist`, `u`.`Status`, `u`.`Stripe_Payment`, `u`.`Thumb`, `u`.`Trial_Expire`, `u`.`Twitter`, `u`.`User_Name`, `u`.`User_Type`, `u`.`Verify_Code`, `u`.`Whatsapp`
FROM `Users` AS `u`
WHERE `u`.`Id` = @__id_0
LIMIT 1

2024-07-28 19:20:20.482 +05:30  INF  Executing endpoint 'DCRM.Api.Controllers.PatientController.Get (DCRM.Api)'

2024-07-28 19:20:20.482 +05:30  INF  Route matched with {action = "Get", controller = "Patient"}. Executing controller action with signature DCRM.Common.Dto.PatientseDto Get(Int64) on controller DCRM.Api.Controllers.PatientController (DCRM.Api).

2024-07-28 19:20:20.483 +05:30  INF  Executing BadRequestObjectResult, writing value of type 'Microsoft.AspNetCore.Mvc.ValidationProblemDetails'.

2024-07-28 19:20:20.483 +05:30  INF  Executed action DCRM.Api.Controllers.PatientController.Get (DCRM.Api) in 1.6347ms

2024-07-28 19:20:20.483 +05:30  INF  Executed endpoint 'DCRM.Api.Controllers.PatientController.Get (DCRM.Api)'

2024-07-28 19:20:20.484 +05:30  INF  Executed DbCommand (212ms) [Parameters=[@__id_0='?' (DbType = Int64)], CommandType='"Text"', CommandTimeout='30']
SELECT `u`.`Id`, `u`.`About_Me`, `u`.`Account_Type`, `u`.`Address`, `u`.`Available_Days`, `u`.`Bn_Name`, `u`.`City`, `u`.`Country`, `u`.`Created_At`, `u`.`Currency`, `u`.`Degree`, `u`.`Email`, `u`.`Email_Verified`, `u`.`Enable_Appointment`, `u`.`Enable_Rating`, `u`.`Exp_Years`, `u`.`Facebook`, `u`.`Google_Analytics`, `u`.`Image`, `u`.`Instagram`, `u`.`Linkedin`, `u`.`Name`, `u`.`Parent_Id`, `u`.`Password`, `u`.`Paypal_Email`, `u`.`Paypal_Mode`, `u`.`Paypal_Payment`, `u`.`Paystack_Payment`, `u`.`Paystack_Public_Key`, `u`.`Paystack_Secret_Key`, `u`.`Phone`, `u`.`Publish_Key`, `u`.`Qr_Code`, `u`.`Razorpay_Key_Id`, `u`.`Razorpay_Key_Secret`, `u`.`Razorpay_Payment`, `u`.`Role`, `u`.`Secret_Key`, `u`.`Skype`, `u`.`Slug`, `u`.`Specialist`, `u`.`Status`, `u`.`Stripe_Payment`, `u`.`Thumb`, `u`.`Trial_Expire`, `u`.`Twitter`, `u`.`User_Name`, `u`.`User_Type`, `u`.`Verify_Code`, `u`.`Whatsapp`
FROM `Users` AS `u`
WHERE `u`.`Id` = @__id_0
LIMIT 1

2024-07-28 19:20:20.484 +05:30  INF  Request finished HTTP/2 GET https://localhost:7069/api/Patient/Get/errerer application/json - - 400 - application/problem+json;+charset=utf-8 626.5885ms

2024-07-28 19:20:20.484 +05:30  INF  Executing endpoint 'DCRM.Api.Controllers.PatientController.Get (DCRM.Api)'

2024-07-28 19:20:20.484 +05:30  INF  Route matched with {action = "Get", controller = "Patient"}. Executing controller action with signature DCRM.Common.Dto.PatientseDto Get(Int64) on controller DCRM.Api.Controllers.PatientController (DCRM.Api).

2024-07-28 19:20:20.485 +05:30  INF  Executing BadRequestObjectResult, writing value of type 'Microsoft.AspNetCore.Mvc.ValidationProblemDetails'.

2024-07-28 19:20:20.485 +05:30  INF  Executed action DCRM.Api.Controllers.PatientController.Get (DCRM.Api) in 1.2121ms

2024-07-28 19:20:20.485 +05:30  INF  Executed endpoint 'DCRM.Api.Controllers.PatientController.Get (DCRM.Api)'

2024-07-28 19:20:20.486 +05:30  INF  Request finished HTTP/2 GET https://localhost:7069/api/Patient/Get/errerere application/json - - 400 - application/problem+json;+charset=utf-8 628.4865ms

2024-07-28 19:20:20.898 +05:30  INF  Request starting HTTP/2 GET https://localhost:7069/api/Patient/Get/errerer application/json -

2024-07-28 19:20:20.899 +05:30  INF  CORS policy execution successful.

2024-07-28 19:20:21.466 +05:30  INF  Request starting HTTP/2 GET https://localhost:7069/api/Patient/Get/erre application/json -

2024-07-28 19:20:21.466 +05:30  INF  CORS policy execution successful.

2024-07-28 19:20:21.522 +05:30  INF  Executed DbCommand (209ms) [Parameters=[@__id_0='?' (DbType = Int64)], CommandType='"Text"', CommandTimeout='30']
SELECT `u`.`Id`, `u`.`About_Me`, `u`.`Account_Type`, `u`.`Address`, `u`.`Available_Days`, `u`.`Bn_Name`, `u`.`City`, `u`.`Country`, `u`.`Created_At`, `u`.`Currency`, `u`.`Degree`, `u`.`Email`, `u`.`Email_Verified`, `u`.`Enable_Appointment`, `u`.`Enable_Rating`, `u`.`Exp_Years`, `u`.`Facebook`, `u`.`Google_Analytics`, `u`.`Image`, `u`.`Instagram`, `u`.`Linkedin`, `u`.`Name`, `u`.`Parent_Id`, `u`.`Password`, `u`.`Paypal_Email`, `u`.`Paypal_Mode`, `u`.`Paypal_Payment`, `u`.`Paystack_Payment`, `u`.`Paystack_Public_Key`, `u`.`Paystack_Secret_Key`, `u`.`Phone`, `u`.`Publish_Key`, `u`.`Qr_Code`, `u`.`Razorpay_Key_Id`, `u`.`Razorpay_Key_Secret`, `u`.`Razorpay_Payment`, `u`.`Role`, `u`.`Secret_Key`, `u`.`Skype`, `u`.`Slug`, `u`.`Specialist`, `u`.`Status`, `u`.`Stripe_Payment`, `u`.`Thumb`, `u`.`Trial_Expire`, `u`.`Twitter`, `u`.`User_Name`, `u`.`User_Type`, `u`.`Verify_Code`, `u`.`Whatsapp`
FROM `Users` AS `u`
WHERE `u`.`Id` = @__id_0
LIMIT 1

2024-07-28 19:20:21.522 +05:30  INF  Executing endpoint 'DCRM.Api.Controllers.PatientController.Get (DCRM.Api)'

2024-07-28 19:20:21.522 +05:30  INF  Route matched with {action = "Get", controller = "Patient"}. Executing controller action with signature DCRM.Common.Dto.PatientseDto Get(Int64) on controller DCRM.Api.Controllers.PatientController (DCRM.Api).

2024-07-28 19:20:21.522 +05:30  INF  Executing BadRequestObjectResult, writing value of type 'Microsoft.AspNetCore.Mvc.ValidationProblemDetails'.

2024-07-28 19:20:21.523 +05:30  INF  Executed action DCRM.Api.Controllers.PatientController.Get (DCRM.Api) in 0.6572ms

2024-07-28 19:20:21.523 +05:30  INF  Executed endpoint 'DCRM.Api.Controllers.PatientController.Get (DCRM.Api)'

2024-07-28 19:20:21.523 +05:30  INF  Request finished HTTP/2 GET https://localhost:7069/api/Patient/Get/errerer application/json - - 400 - application/problem+json;+charset=utf-8 624.3767ms

2024-07-28 19:20:21.657 +05:30  INF  Request starting HTTP/2 GET https://localhost:7069/api/Patient/Get/err application/json -

2024-07-28 19:20:21.657 +05:30  INF  CORS policy execution successful.

2024-07-28 19:20:21.846 +05:30  INF  Request starting HTTP/2 GET https://localhost:7069/api/Patient/Get/er application/json -

2024-07-28 19:20:21.846 +05:30  INF  CORS policy execution successful.

2024-07-28 19:20:22.066 +05:30  INF  Request starting HTTP/2 GET https://localhost:7069/api/Patient/Get/e application/json -

2024-07-28 19:20:22.066 +05:30  INF  CORS policy execution successful.

2024-07-28 19:20:22.091 +05:30  INF  Executed DbCommand (209ms) [Parameters=[@__id_0='?' (DbType = Int64)], CommandType='"Text"', CommandTimeout='30']
SELECT `u`.`Id`, `u`.`About_Me`, `u`.`Account_Type`, `u`.`Address`, `u`.`Available_Days`, `u`.`Bn_Name`, `u`.`City`, `u`.`Country`, `u`.`Created_At`, `u`.`Currency`, `u`.`Degree`, `u`.`Email`, `u`.`Email_Verified`, `u`.`Enable_Appointment`, `u`.`Enable_Rating`, `u`.`Exp_Years`, `u`.`Facebook`, `u`.`Google_Analytics`, `u`.`Image`, `u`.`Instagram`, `u`.`Linkedin`, `u`.`Name`, `u`.`Parent_Id`, `u`.`Password`, `u`.`Paypal_Email`, `u`.`Paypal_Mode`, `u`.`Paypal_Payment`, `u`.`Paystack_Payment`, `u`.`Paystack_Public_Key`, `u`.`Paystack_Secret_Key`, `u`.`Phone`, `u`.`Publish_Key`, `u`.`Qr_Code`, `u`.`Razorpay_Key_Id`, `u`.`Razorpay_Key_Secret`, `u`.`Razorpay_Payment`, `u`.`Role`, `u`.`Secret_Key`, `u`.`Skype`, `u`.`Slug`, `u`.`Specialist`, `u`.`Status`, `u`.`Stripe_Payment`, `u`.`Thumb`, `u`.`Trial_Expire`, `u`.`Twitter`, `u`.`User_Name`, `u`.`User_Type`, `u`.`Verify_Code`, `u`.`Whatsapp`
FROM `Users` AS `u`
WHERE `u`.`Id` = @__id_0
LIMIT 1

2024-07-28 19:20:22.091 +05:30  INF  Executing endpoint 'DCRM.Api.Controllers.PatientController.Get (DCRM.Api)'

2024-07-28 19:20:22.091 +05:30  INF  Route matched with {action = "Get", controller = "Patient"}. Executing controller action with signature DCRM.Common.Dto.PatientseDto Get(Int64) on controller DCRM.Api.Controllers.PatientController (DCRM.Api).

2024-07-28 19:20:22.092 +05:30  INF  Executing BadRequestObjectResult, writing value of type 'Microsoft.AspNetCore.Mvc.ValidationProblemDetails'.

2024-07-28 19:20:22.092 +05:30  INF  Executed action DCRM.Api.Controllers.PatientController.Get (DCRM.Api) in 0.855ms

2024-07-28 19:20:22.092 +05:30  INF  Executed endpoint 'DCRM.Api.Controllers.PatientController.Get (DCRM.Api)'

2024-07-28 19:20:22.092 +05:30  INF  Request finished HTTP/2 GET https://localhost:7069/api/Patient/Get/erre application/json - - 400 - application/problem+json;+charset=utf-8 626.8942ms

2024-07-28 19:20:22.293 +05:30  INF  Executed DbCommand (208ms) [Parameters=[@__id_0='?' (DbType = Int64)], CommandType='"Text"', CommandTimeout='30']
SELECT `u`.`Id`, `u`.`About_Me`, `u`.`Account_Type`, `u`.`Address`, `u`.`Available_Days`, `u`.`Bn_Name`, `u`.`City`, `u`.`Country`, `u`.`Created_At`, `u`.`Currency`, `u`.`Degree`, `u`.`Email`, `u`.`Email_Verified`, `u`.`Enable_Appointment`, `u`.`Enable_Rating`, `u`.`Exp_Years`, `u`.`Facebook`, `u`.`Google_Analytics`, `u`.`Image`, `u`.`Instagram`, `u`.`Linkedin`, `u`.`Name`, `u`.`Parent_Id`, `u`.`Password`, `u`.`Paypal_Email`, `u`.`Paypal_Mode`, `u`.`Paypal_Payment`, `u`.`Paystack_Payment`, `u`.`Paystack_Public_Key`, `u`.`Paystack_Secret_Key`, `u`.`Phone`, `u`.`Publish_Key`, `u`.`Qr_Code`, `u`.`Razorpay_Key_Id`, `u`.`Razorpay_Key_Secret`, `u`.`Razorpay_Payment`, `u`.`Role`, `u`.`Secret_Key`, `u`.`Skype`, `u`.`Slug`, `u`.`Specialist`, `u`.`Status`, `u`.`Stripe_Payment`, `u`.`Thumb`, `u`.`Trial_Expire`, `u`.`Twitter`, `u`.`User_Name`, `u`.`User_Type`, `u`.`Verify_Code`, `u`.`Whatsapp`
FROM `Users` AS `u`
WHERE `u`.`Id` = @__id_0
LIMIT 1

2024-07-28 19:20:22.293 +05:30  INF  Executing endpoint 'DCRM.Api.Controllers.PatientController.Get (DCRM.Api)'

2024-07-28 19:20:22.293 +05:30  INF  Route matched with {action = "Get", controller = "Patient"}. Executing controller action with signature DCRM.Common.Dto.PatientseDto Get(Int64) on controller DCRM.Api.Controllers.PatientController (DCRM.Api).

2024-07-28 19:20:22.294 +05:30  INF  Executing BadRequestObjectResult, writing value of type 'Microsoft.AspNetCore.Mvc.ValidationProblemDetails'.

2024-07-28 19:20:22.294 +05:30  INF  Executed action DCRM.Api.Controllers.PatientController.Get (DCRM.Api) in 0.833ms

2024-07-28 19:20:22.294 +05:30  INF  Executed endpoint 'DCRM.Api.Controllers.PatientController.Get (DCRM.Api)'

2024-07-28 19:20:22.294 +05:30  INF  Request finished HTTP/2 GET https://localhost:7069/api/Patient/Get/err application/json - - 400 - application/problem+json;+charset=utf-8 636.8921ms

2024-07-28 19:20:22.513 +05:30  INF  Request starting HTTP/2 OPTIONS https://localhost:7069/api/Patient/Get/ - -

2024-07-28 19:20:22.513 +05:30  INF  CORS policy execution successful.

2024-07-28 19:20:22.514 +05:30  INF  Request finished HTTP/2 OPTIONS https://localhost:7069/api/Patient/Get/ - - - 204 - - 0.6316ms

2024-07-28 19:20:22.516 +05:30  INF  Request starting HTTP/2 GET https://localhost:7069/api/Patient/Get/ application/json -

2024-07-28 19:20:22.516 +05:30  INF  CORS policy execution successful.

2024-07-28 19:20:22.523 +05:30  INF  Executed DbCommand (219ms) [Parameters=[@__id_0='?' (DbType = Int64)], CommandType='"Text"', CommandTimeout='30']
SELECT `u`.`Id`, `u`.`About_Me`, `u`.`Account_Type`, `u`.`Address`, `u`.`Available_Days`, `u`.`Bn_Name`, `u`.`City`, `u`.`Country`, `u`.`Created_At`, `u`.`Currency`, `u`.`Degree`, `u`.`Email`, `u`.`Email_Verified`, `u`.`Enable_Appointment`, `u`.`Enable_Rating`, `u`.`Exp_Years`, `u`.`Facebook`, `u`.`Google_Analytics`, `u`.`Image`, `u`.`Instagram`, `u`.`Linkedin`, `u`.`Name`, `u`.`Parent_Id`, `u`.`Password`, `u`.`Paypal_Email`, `u`.`Paypal_Mode`, `u`.`Paypal_Payment`, `u`.`Paystack_Payment`, `u`.`Paystack_Public_Key`, `u`.`Paystack_Secret_Key`, `u`.`Phone`, `u`.`Publish_Key`, `u`.`Qr_Code`, `u`.`Razorpay_Key_Id`, `u`.`Razorpay_Key_Secret`, `u`.`Razorpay_Payment`, `u`.`Role`, `u`.`Secret_Key`, `u`.`Skype`, `u`.`Slug`, `u`.`Specialist`, `u`.`Status`, `u`.`Stripe_Payment`, `u`.`Thumb`, `u`.`Trial_Expire`, `u`.`Twitter`, `u`.`User_Name`, `u`.`User_Type`, `u`.`Verify_Code`, `u`.`Whatsapp`
FROM `Users` AS `u`
WHERE `u`.`Id` = @__id_0
LIMIT 1

2024-07-28 19:20:22.523 +05:30  INF  Executing endpoint 'DCRM.Api.Controllers.PatientController.Get (DCRM.Api)'

2024-07-28 19:20:22.523 +05:30  INF  Route matched with {action = "Get", controller = "Patient"}. Executing controller action with signature DCRM.Common.Dto.PatientseDto Get(Int64) on controller DCRM.Api.Controllers.PatientController (DCRM.Api).

2024-07-28 19:20:22.524 +05:30  INF  Executing BadRequestObjectResult, writing value of type 'Microsoft.AspNetCore.Mvc.ValidationProblemDetails'.

2024-07-28 19:20:22.524 +05:30  INF  Executed action DCRM.Api.Controllers.PatientController.Get (DCRM.Api) in 0.5532ms

2024-07-28 19:20:22.524 +05:30  INF  Executed endpoint 'DCRM.Api.Controllers.PatientController.Get (DCRM.Api)'

2024-07-28 19:20:22.524 +05:30  INF  Request finished HTTP/2 GET https://localhost:7069/api/Patient/Get/er application/json - - 400 - application/problem+json;+charset=utf-8 678.1175ms

2024-07-28 19:20:22.722 +05:30  INF  Executed DbCommand (215ms) [Parameters=[@__id_0='?' (DbType = Int64)], CommandType='"Text"', CommandTimeout='30']
SELECT `u`.`Id`, `u`.`About_Me`, `u`.`Account_Type`, `u`.`Address`, `u`.`Available_Days`, `u`.`Bn_Name`, `u`.`City`, `u`.`Country`, `u`.`Created_At`, `u`.`Currency`, `u`.`Degree`, `u`.`Email`, `u`.`Email_Verified`, `u`.`Enable_Appointment`, `u`.`Enable_Rating`, `u`.`Exp_Years`, `u`.`Facebook`, `u`.`Google_Analytics`, `u`.`Image`, `u`.`Instagram`, `u`.`Linkedin`, `u`.`Name`, `u`.`Parent_Id`, `u`.`Password`, `u`.`Paypal_Email`, `u`.`Paypal_Mode`, `u`.`Paypal_Payment`, `u`.`Paystack_Payment`, `u`.`Paystack_Public_Key`, `u`.`Paystack_Secret_Key`, `u`.`Phone`, `u`.`Publish_Key`, `u`.`Qr_Code`, `u`.`Razorpay_Key_Id`, `u`.`Razorpay_Key_Secret`, `u`.`Razorpay_Payment`, `u`.`Role`, `u`.`Secret_Key`, `u`.`Skype`, `u`.`Slug`, `u`.`Specialist`, `u`.`Status`, `u`.`Stripe_Payment`, `u`.`Thumb`, `u`.`Trial_Expire`, `u`.`Twitter`, `u`.`User_Name`, `u`.`User_Type`, `u`.`Verify_Code`, `u`.`Whatsapp`
FROM `Users` AS `u`
WHERE `u`.`Id` = @__id_0
LIMIT 1

2024-07-28 19:20:22.722 +05:30  INF  Executing endpoint 'DCRM.Api.Controllers.PatientController.Get (DCRM.Api)'

2024-07-28 19:20:22.723 +05:30  INF  Route matched with {action = "Get", controller = "Patient"}. Executing controller action with signature DCRM.Common.Dto.PatientseDto Get(Int64) on controller DCRM.Api.Controllers.PatientController (DCRM.Api).

2024-07-28 19:20:22.724 +05:30  INF  Executing BadRequestObjectResult, writing value of type 'Microsoft.AspNetCore.Mvc.ValidationProblemDetails'.

2024-07-28 19:20:22.724 +05:30  INF  Executed action DCRM.Api.Controllers.PatientController.Get (DCRM.Api) in 1.3225ms

2024-07-28 19:20:22.724 +05:30  INF  Executed endpoint 'DCRM.Api.Controllers.PatientController.Get (DCRM.Api)'

2024-07-28 19:20:22.724 +05:30  INF  Request finished HTTP/2 GET https://localhost:7069/api/Patient/Get/e application/json - - 400 - application/problem+json;+charset=utf-8 658.2051ms

2024-07-28 19:20:22.728 +05:30  INF  Executed DbCommand (215ms) [Parameters=[@__id_0='?' (DbType = Int64)], CommandType='"Text"', CommandTimeout='30']
SELECT `u`.`Id`, `u`.`About_Me`, `u`.`Account_Type`, `u`.`Address`, `u`.`Available_Days`, `u`.`Bn_Name`, `u`.`City`, `u`.`Country`, `u`.`Created_At`, `u`.`Currency`, `u`.`Degree`, `u`.`Email`, `u`.`Email_Verified`, `u`.`Enable_Appointment`, `u`.`Enable_Rating`, `u`.`Exp_Years`, `u`.`Facebook`, `u`.`Google_Analytics`, `u`.`Image`, `u`.`Instagram`, `u`.`Linkedin`, `u`.`Name`, `u`.`Parent_Id`, `u`.`Password`, `u`.`Paypal_Email`, `u`.`Paypal_Mode`, `u`.`Paypal_Payment`, `u`.`Paystack_Payment`, `u`.`Paystack_Public_Key`, `u`.`Paystack_Secret_Key`, `u`.`Phone`, `u`.`Publish_Key`, `u`.`Qr_Code`, `u`.`Razorpay_Key_Id`, `u`.`Razorpay_Key_Secret`, `u`.`Razorpay_Payment`, `u`.`Role`, `u`.`Secret_Key`, `u`.`Skype`, `u`.`Slug`, `u`.`Specialist`, `u`.`Status`, `u`.`Stripe_Payment`, `u`.`Thumb`, `u`.`Trial_Expire`, `u`.`Twitter`, `u`.`User_Name`, `u`.`User_Type`, `u`.`Verify_Code`, `u`.`Whatsapp`
FROM `Users` AS `u`
WHERE `u`.`Id` = @__id_0
LIMIT 1

2024-07-28 19:20:22.728 +05:30  INF  Executing endpoint 'DCRM.Api.Controllers.PatientController.Get (DCRM.Api)'

2024-07-28 19:20:22.728 +05:30  INF  Route matched with {action = "Get", controller = "Patient"}. Executing controller action with signature DCRM.Common.Dto.PatientseDto Get(Int64) on controller DCRM.Api.Controllers.PatientController (DCRM.Api).

2024-07-28 19:20:22.729 +05:30  INF  Executing BadRequestObjectResult, writing value of type 'Microsoft.AspNetCore.Mvc.ValidationProblemDetails'.

2024-07-28 19:20:22.729 +05:30  INF  Executed DbCommand (217ms) [Parameters=[@__id_0='?' (DbType = Int64)], CommandType='"Text"', CommandTimeout='30']
SELECT `u`.`Id`, `u`.`About_Me`, `u`.`Account_Type`, `u`.`Address`, `u`.`Available_Days`, `u`.`Bn_Name`, `u`.`City`, `u`.`Country`, `u`.`Created_At`, `u`.`Currency`, `u`.`Degree`, `u`.`Email`, `u`.`Email_Verified`, `u`.`Enable_Appointment`, `u`.`Enable_Rating`, `u`.`Exp_Years`, `u`.`Facebook`, `u`.`Google_Analytics`, `u`.`Image`, `u`.`Instagram`, `u`.`Linkedin`, `u`.`Name`, `u`.`Parent_Id`, `u`.`Password`, `u`.`Paypal_Email`, `u`.`Paypal_Mode`, `u`.`Paypal_Payment`, `u`.`Paystack_Payment`, `u`.`Paystack_Public_Key`, `u`.`Paystack_Secret_Key`, `u`.`Phone`, `u`.`Publish_Key`, `u`.`Qr_Code`, `u`.`Razorpay_Key_Id`, `u`.`Razorpay_Key_Secret`, `u`.`Razorpay_Payment`, `u`.`Role`, `u`.`Secret_Key`, `u`.`Skype`, `u`.`Slug`, `u`.`Specialist`, `u`.`Status`, `u`.`Stripe_Payment`, `u`.`Thumb`, `u`.`Trial_Expire`, `u`.`Twitter`, `u`.`User_Name`, `u`.`User_Type`, `u`.`Verify_Code`, `u`.`Whatsapp`
FROM `Users` AS `u`
WHERE `u`.`Id` = @__id_0
LIMIT 1

2024-07-28 19:20:22.729 +05:30  INF  Executed action DCRM.Api.Controllers.PatientController.Get (DCRM.Api) in 1.0586ms

2024-07-28 19:20:22.729 +05:30  INF  Executed endpoint 'DCRM.Api.Controllers.PatientController.Get (DCRM.Api)'

2024-07-28 19:20:22.729 +05:30  INF  Executing endpoint 'DCRM.Api.Controllers.PatientController.Get (DCRM.Api)'

2024-07-28 19:20:22.729 +05:30  INF  Route matched with {action = "Get", controller = "Patient"}. Executing controller action with signature DCRM.Common.Dto.PatientseDto Get(Int64) on controller DCRM.Api.Controllers.PatientController (DCRM.Api).

2024-07-28 19:20:22.729 +05:30  INF  Request finished HTTP/2 GET https://localhost:7069/api/Patient/Get/errer application/json - - 400 - application/problem+json;+charset=utf-8 3089.5852ms

2024-07-28 19:20:22.730 +05:30  INF  Executing BadRequestObjectResult, writing value of type 'Microsoft.AspNetCore.Mvc.ValidationProblemDetails'.

2024-07-28 19:20:22.730 +05:30  INF  Executed action DCRM.Api.Controllers.PatientController.Get (DCRM.Api) in 0.5491ms

2024-07-28 19:20:22.730 +05:30  INF  Executed endpoint 'DCRM.Api.Controllers.PatientController.Get (DCRM.Api)'

2024-07-28 19:20:22.730 +05:30  INF  Request finished HTTP/2 GET https://localhost:7069/api/Patient/Get/errere application/json - - 400 - application/problem+json;+charset=utf-8 3079.6964ms

2024-07-28 19:20:22.732 +05:30  INF  Request starting HTTP/2 GET https://localhost:7069/api/Patient/Get/errer application/json -

2024-07-28 19:20:22.732 +05:30  INF  CORS policy execution successful.

2024-07-28 19:20:22.736 +05:30  INF  Request starting HTTP/2 GET https://localhost:7069/api/Patient/Get/errere application/json -

2024-07-28 19:20:22.737 +05:30  INF  CORS policy execution successful.

2024-07-28 19:20:23.153 +05:30  INF  Executed DbCommand (207ms) [Parameters=[@__id_0='?' (DbType = Int64)], CommandType='"Text"', CommandTimeout='30']
SELECT `u`.`Id`, `u`.`About_Me`, `u`.`Account_Type`, `u`.`Address`, `u`.`Available_Days`, `u`.`Bn_Name`, `u`.`City`, `u`.`Country`, `u`.`Created_At`, `u`.`Currency`, `u`.`Degree`, `u`.`Email`, `u`.`Email_Verified`, `u`.`Enable_Appointment`, `u`.`Enable_Rating`, `u`.`Exp_Years`, `u`.`Facebook`, `u`.`Google_Analytics`, `u`.`Image`, `u`.`Instagram`, `u`.`Linkedin`, `u`.`Name`, `u`.`Parent_Id`, `u`.`Password`, `u`.`Paypal_Email`, `u`.`Paypal_Mode`, `u`.`Paypal_Payment`, `u`.`Paystack_Payment`, `u`.`Paystack_Public_Key`, `u`.`Paystack_Secret_Key`, `u`.`Phone`, `u`.`Publish_Key`, `u`.`Qr_Code`, `u`.`Razorpay_Key_Id`, `u`.`Razorpay_Key_Secret`, `u`.`Razorpay_Payment`, `u`.`Role`, `u`.`Secret_Key`, `u`.`Skype`, `u`.`Slug`, `u`.`Specialist`, `u`.`Status`, `u`.`Stripe_Payment`, `u`.`Thumb`, `u`.`Trial_Expire`, `u`.`Twitter`, `u`.`User_Name`, `u`.`User_Type`, `u`.`Verify_Code`, `u`.`Whatsapp`
FROM `Users` AS `u`
WHERE `u`.`Id` = @__id_0
LIMIT 1

2024-07-28 19:20:23.153 +05:30  INF  Request finished HTTP/2 GET https://localhost:7069/api/Patient/Get/ application/json - - 404 0 - 637.1581ms

2024-07-28 19:20:23.375 +05:30  INF  Executed DbCommand (215ms) [Parameters=[@__id_0='?' (DbType = Int64)], CommandType='"Text"', CommandTimeout='30']
SELECT `u`.`Id`, `u`.`About_Me`, `u`.`Account_Type`, `u`.`Address`, `u`.`Available_Days`, `u`.`Bn_Name`, `u`.`City`, `u`.`Country`, `u`.`Created_At`, `u`.`Currency`, `u`.`Degree`, `u`.`Email`, `u`.`Email_Verified`, `u`.`Enable_Appointment`, `u`.`Enable_Rating`, `u`.`Exp_Years`, `u`.`Facebook`, `u`.`Google_Analytics`, `u`.`Image`, `u`.`Instagram`, `u`.`Linkedin`, `u`.`Name`, `u`.`Parent_Id`, `u`.`Password`, `u`.`Paypal_Email`, `u`.`Paypal_Mode`, `u`.`Paypal_Payment`, `u`.`Paystack_Payment`, `u`.`Paystack_Public_Key`, `u`.`Paystack_Secret_Key`, `u`.`Phone`, `u`.`Publish_Key`, `u`.`Qr_Code`, `u`.`Razorpay_Key_Id`, `u`.`Razorpay_Key_Secret`, `u`.`Razorpay_Payment`, `u`.`Role`, `u`.`Secret_Key`, `u`.`Skype`, `u`.`Slug`, `u`.`Specialist`, `u`.`Status`, `u`.`Stripe_Payment`, `u`.`Thumb`, `u`.`Trial_Expire`, `u`.`Twitter`, `u`.`User_Name`, `u`.`User_Type`, `u`.`Verify_Code`, `u`.`Whatsapp`
FROM `Users` AS `u`
WHERE `u`.`Id` = @__id_0
LIMIT 1

2024-07-28 19:20:23.375 +05:30  INF  Executing endpoint 'DCRM.Api.Controllers.PatientController.Get (DCRM.Api)'

2024-07-28 19:20:23.375 +05:30  INF  Route matched with {action = "Get", controller = "Patient"}. Executing controller action with signature DCRM.Common.Dto.PatientseDto Get(Int64) on controller DCRM.Api.Controllers.PatientController (DCRM.Api).

2024-07-28 19:20:23.376 +05:30  INF  Executing BadRequestObjectResult, writing value of type 'Microsoft.AspNetCore.Mvc.ValidationProblemDetails'.

2024-07-28 19:20:23.377 +05:30  INF  Executed DbCommand (216ms) [Parameters=[@__id_0='?' (DbType = Int64)], CommandType='"Text"', CommandTimeout='30']
SELECT `u`.`Id`, `u`.`About_Me`, `u`.`Account_Type`, `u`.`Address`, `u`.`Available_Days`, `u`.`Bn_Name`, `u`.`City`, `u`.`Country`, `u`.`Created_At`, `u`.`Currency`, `u`.`Degree`, `u`.`Email`, `u`.`Email_Verified`, `u`.`Enable_Appointment`, `u`.`Enable_Rating`, `u`.`Exp_Years`, `u`.`Facebook`, `u`.`Google_Analytics`, `u`.`Image`, `u`.`Instagram`, `u`.`Linkedin`, `u`.`Name`, `u`.`Parent_Id`, `u`.`Password`, `u`.`Paypal_Email`, `u`.`Paypal_Mode`, `u`.`Paypal_Payment`, `u`.`Paystack_Payment`, `u`.`Paystack_Public_Key`, `u`.`Paystack_Secret_Key`, `u`.`Phone`, `u`.`Publish_Key`, `u`.`Qr_Code`, `u`.`Razorpay_Key_Id`, `u`.`Razorpay_Key_Secret`, `u`.`Razorpay_Payment`, `u`.`Role`, `u`.`Secret_Key`, `u`.`Skype`, `u`.`Slug`, `u`.`Specialist`, `u`.`Status`, `u`.`Stripe_Payment`, `u`.`Thumb`, `u`.`Trial_Expire`, `u`.`Twitter`, `u`.`User_Name`, `u`.`User_Type`, `u`.`Verify_Code`, `u`.`Whatsapp`
FROM `Users` AS `u`
WHERE `u`.`Id` = @__id_0
LIMIT 1

2024-07-28 19:20:23.377 +05:30  INF  Executed action DCRM.Api.Controllers.PatientController.Get (DCRM.Api) in 1.1806ms

2024-07-28 19:20:23.377 +05:30  INF  Executed endpoint 'DCRM.Api.Controllers.PatientController.Get (DCRM.Api)'

2024-07-28 19:20:23.377 +05:30  INF  Executing endpoint 'DCRM.Api.Controllers.PatientController.Get (DCRM.Api)'

2024-07-28 19:20:23.377 +05:30  INF  Request finished HTTP/2 GET https://localhost:7069/api/Patient/Get/errer application/json - - 400 - application/problem+json;+charset=utf-8 644.7566ms

2024-07-28 19:20:23.377 +05:30  INF  Route matched with {action = "Get", controller = "Patient"}. Executing controller action with signature DCRM.Common.Dto.PatientseDto Get(Int64) on controller DCRM.Api.Controllers.PatientController (DCRM.Api).

2024-07-28 19:20:23.378 +05:30  INF  Executing BadRequestObjectResult, writing value of type 'Microsoft.AspNetCore.Mvc.ValidationProblemDetails'.

2024-07-28 19:20:23.378 +05:30  INF  Executed action DCRM.Api.Controllers.PatientController.Get (DCRM.Api) in 1.0023ms

2024-07-28 19:20:23.378 +05:30  INF  Executed endpoint 'DCRM.Api.Controllers.PatientController.Get (DCRM.Api)'

2024-07-28 19:20:23.378 +05:30  INF  Request finished HTTP/2 GET https://localhost:7069/api/Patient/Get/errere application/json - - 400 - application/problem+json;+charset=utf-8 641.7982ms

2024-07-28 19:20:45.083 +05:30  INF  Request starting HTTP/2 OPTIONS https://localhost:7069/api/Patient/Get/d - -

2024-07-28 19:20:45.083 +05:30  INF  CORS policy execution successful.

2024-07-28 19:20:45.084 +05:30  INF  Request finished HTTP/2 OPTIONS https://localhost:7069/api/Patient/Get/d - - - 204 - - 1.0029ms

2024-07-28 19:20:45.090 +05:30  INF  Request starting HTTP/2 GET https://localhost:7069/api/Patient/Get/d application/json -

2024-07-28 19:20:45.090 +05:30  INF  CORS policy execution successful.

2024-07-28 19:20:45.315 +05:30  INF  Request starting HTTP/2 OPTIONS https://localhost:7069/api/Patient/Get/dd - -

2024-07-28 19:20:45.315 +05:30  INF  CORS policy execution successful.

2024-07-28 19:20:45.315 +05:30  INF  Request finished HTTP/2 OPTIONS https://localhost:7069/api/Patient/Get/dd - - - 204 - - 0.3691ms

2024-07-28 19:20:45.318 +05:30  INF  Request starting HTTP/2 GET https://localhost:7069/api/Patient/Get/dd application/json -

2024-07-28 19:20:45.318 +05:30  INF  CORS policy execution successful.

2024-07-28 19:20:45.592 +05:30  INF  Request starting HTTP/2 OPTIONS https://localhost:7069/api/Patient/Get/ddf - -

2024-07-28 19:20:45.592 +05:30  INF  CORS policy execution successful.

2024-07-28 19:20:45.592 +05:30  INF  Request finished HTTP/2 OPTIONS https://localhost:7069/api/Patient/Get/ddf - - - 204 - - 0.3227ms

2024-07-28 19:20:45.595 +05:30  INF  Request starting HTTP/2 GET https://localhost:7069/api/Patient/Get/ddf application/json -

2024-07-28 19:20:45.595 +05:30  INF  CORS policy execution successful.

2024-07-28 19:20:45.740 +05:30  INF  Executed DbCommand (219ms) [Parameters=[@__id_0='?' (DbType = Int64)], CommandType='"Text"', CommandTimeout='30']
SELECT `u`.`Id`, `u`.`About_Me`, `u`.`Account_Type`, `u`.`Address`, `u`.`Available_Days`, `u`.`Bn_Name`, `u`.`City`, `u`.`Country`, `u`.`Created_At`, `u`.`Currency`, `u`.`Degree`, `u`.`Email`, `u`.`Email_Verified`, `u`.`Enable_Appointment`, `u`.`Enable_Rating`, `u`.`Exp_Years`, `u`.`Facebook`, `u`.`Google_Analytics`, `u`.`Image`, `u`.`Instagram`, `u`.`Linkedin`, `u`.`Name`, `u`.`Parent_Id`, `u`.`Password`, `u`.`Paypal_Email`, `u`.`Paypal_Mode`, `u`.`Paypal_Payment`, `u`.`Paystack_Payment`, `u`.`Paystack_Public_Key`, `u`.`Paystack_Secret_Key`, `u`.`Phone`, `u`.`Publish_Key`, `u`.`Qr_Code`, `u`.`Razorpay_Key_Id`, `u`.`Razorpay_Key_Secret`, `u`.`Razorpay_Payment`, `u`.`Role`, `u`.`Secret_Key`, `u`.`Skype`, `u`.`Slug`, `u`.`Specialist`, `u`.`Status`, `u`.`Stripe_Payment`, `u`.`Thumb`, `u`.`Trial_Expire`, `u`.`Twitter`, `u`.`User_Name`, `u`.`User_Type`, `u`.`Verify_Code`, `u`.`Whatsapp`
FROM `Users` AS `u`
WHERE `u`.`Id` = @__id_0
LIMIT 1

2024-07-28 19:20:45.741 +05:30  INF  Executing endpoint 'DCRM.Api.Controllers.PatientController.Get (DCRM.Api)'

2024-07-28 19:20:45.741 +05:30  INF  Route matched with {action = "Get", controller = "Patient"}. Executing controller action with signature DCRM.Common.Dto.PatientseDto Get(Int64) on controller DCRM.Api.Controllers.PatientController (DCRM.Api).

2024-07-28 19:20:45.741 +05:30  INF  Executing BadRequestObjectResult, writing value of type 'Microsoft.AspNetCore.Mvc.ValidationProblemDetails'.

2024-07-28 19:20:45.742 +05:30  INF  Executed action DCRM.Api.Controllers.PatientController.Get (DCRM.Api) in 0.8842ms

2024-07-28 19:20:45.742 +05:30  INF  Executed endpoint 'DCRM.Api.Controllers.PatientController.Get (DCRM.Api)'

2024-07-28 19:20:45.742 +05:30  INF  Request finished HTTP/2 GET https://localhost:7069/api/Patient/Get/d application/json - - 400 - application/problem+json;+charset=utf-8 651.7480ms

2024-07-28 19:20:45.835 +05:30  INF  Request starting HTTP/2 OPTIONS https://localhost:7069/api/Patient/Get/ddff - -

2024-07-28 19:20:45.835 +05:30  INF  CORS policy execution successful.

2024-07-28 19:20:45.835 +05:30  INF  Request finished HTTP/2 OPTIONS https://localhost:7069/api/Patient/Get/ddff - - - 204 - - 0.2170ms

2024-07-28 19:20:45.837 +05:30  INF  Request starting HTTP/2 GET https://localhost:7069/api/Patient/Get/ddff application/json -

2024-07-28 19:20:45.838 +05:30  INF  CORS policy execution successful.

2024-07-28 19:20:45.965 +05:30  INF  Executed DbCommand (221ms) [Parameters=[@__id_0='?' (DbType = Int64)], CommandType='"Text"', CommandTimeout='30']
SELECT `u`.`Id`, `u`.`About_Me`, `u`.`Account_Type`, `u`.`Address`, `u`.`Available_Days`, `u`.`Bn_Name`, `u`.`City`, `u`.`Country`, `u`.`Created_At`, `u`.`Currency`, `u`.`Degree`, `u`.`Email`, `u`.`Email_Verified`, `u`.`Enable_Appointment`, `u`.`Enable_Rating`, `u`.`Exp_Years`, `u`.`Facebook`, `u`.`Google_Analytics`, `u`.`Image`, `u`.`Instagram`, `u`.`Linkedin`, `u`.`Name`, `u`.`Parent_Id`, `u`.`Password`, `u`.`Paypal_Email`, `u`.`Paypal_Mode`, `u`.`Paypal_Payment`, `u`.`Paystack_Payment`, `u`.`Paystack_Public_Key`, `u`.`Paystack_Secret_Key`, `u`.`Phone`, `u`.`Publish_Key`, `u`.`Qr_Code`, `u`.`Razorpay_Key_Id`, `u`.`Razorpay_Key_Secret`, `u`.`Razorpay_Payment`, `u`.`Role`, `u`.`Secret_Key`, `u`.`Skype`, `u`.`Slug`, `u`.`Specialist`, `u`.`Status`, `u`.`Stripe_Payment`, `u`.`Thumb`, `u`.`Trial_Expire`, `u`.`Twitter`, `u`.`User_Name`, `u`.`User_Type`, `u`.`Verify_Code`, `u`.`Whatsapp`
FROM `Users` AS `u`
WHERE `u`.`Id` = @__id_0
LIMIT 1

2024-07-28 19:20:45.965 +05:30  INF  Executing endpoint 'DCRM.Api.Controllers.PatientController.Get (DCRM.Api)'

2024-07-28 19:20:45.965 +05:30  INF  Route matched with {action = "Get", controller = "Patient"}. Executing controller action with signature DCRM.Common.Dto.PatientseDto Get(Int64) on controller DCRM.Api.Controllers.PatientController (DCRM.Api).

2024-07-28 19:20:45.966 +05:30  INF  Executing BadRequestObjectResult, writing value of type 'Microsoft.AspNetCore.Mvc.ValidationProblemDetails'.

2024-07-28 19:20:45.966 +05:30  INF  Executed action DCRM.Api.Controllers.PatientController.Get (DCRM.Api) in 0.9957ms

2024-07-28 19:20:45.966 +05:30  INF  Executed endpoint 'DCRM.Api.Controllers.PatientController.Get (DCRM.Api)'

2024-07-28 19:20:45.966 +05:30  INF  Request finished HTTP/2 GET https://localhost:7069/api/Patient/Get/dd application/json - - 400 - application/problem+json;+charset=utf-8 648.4583ms

2024-07-28 19:20:46.226 +05:30  INF  Executed DbCommand (210ms) [Parameters=[@__id_0='?' (DbType = Int64)], CommandType='"Text"', CommandTimeout='30']
SELECT `u`.`Id`, `u`.`About_Me`, `u`.`Account_Type`, `u`.`Address`, `u`.`Available_Days`, `u`.`Bn_Name`, `u`.`City`, `u`.`Country`, `u`.`Created_At`, `u`.`Currency`, `u`.`Degree`, `u`.`Email`, `u`.`Email_Verified`, `u`.`Enable_Appointment`, `u`.`Enable_Rating`, `u`.`Exp_Years`, `u`.`Facebook`, `u`.`Google_Analytics`, `u`.`Image`, `u`.`Instagram`, `u`.`Linkedin`, `u`.`Name`, `u`.`Parent_Id`, `u`.`Password`, `u`.`Paypal_Email`, `u`.`Paypal_Mode`, `u`.`Paypal_Payment`, `u`.`Paystack_Payment`, `u`.`Paystack_Public_Key`, `u`.`Paystack_Secret_Key`, `u`.`Phone`, `u`.`Publish_Key`, `u`.`Qr_Code`, `u`.`Razorpay_Key_Id`, `u`.`Razorpay_Key_Secret`, `u`.`Razorpay_Payment`, `u`.`Role`, `u`.`Secret_Key`, `u`.`Skype`, `u`.`Slug`, `u`.`Specialist`, `u`.`Status`, `u`.`Stripe_Payment`, `u`.`Thumb`, `u`.`Trial_Expire`, `u`.`Twitter`, `u`.`User_Name`, `u`.`User_Type`, `u`.`Verify_Code`, `u`.`Whatsapp`
FROM `Users` AS `u`
WHERE `u`.`Id` = @__id_0
LIMIT 1

2024-07-28 19:20:46.226 +05:30  INF  Executing endpoint 'DCRM.Api.Controllers.PatientController.Get (DCRM.Api)'

2024-07-28 19:20:46.226 +05:30  INF  Route matched with {action = "Get", controller = "Patient"}. Executing controller action with signature DCRM.Common.Dto.PatientseDto Get(Int64) on controller DCRM.Api.Controllers.PatientController (DCRM.Api).

2024-07-28 19:20:46.227 +05:30  INF  Executing BadRequestObjectResult, writing value of type 'Microsoft.AspNetCore.Mvc.ValidationProblemDetails'.

2024-07-28 19:20:46.227 +05:30  INF  Executed action DCRM.Api.Controllers.PatientController.Get (DCRM.Api) in 0.7301ms

2024-07-28 19:20:46.227 +05:30  INF  Executed endpoint 'DCRM.Api.Controllers.PatientController.Get (DCRM.Api)'

2024-07-28 19:20:46.227 +05:30  INF  Request finished HTTP/2 GET https://localhost:7069/api/Patient/Get/ddf application/json - - 400 - application/problem+json;+charset=utf-8 631.8406ms

2024-07-28 19:20:46.484 +05:30  INF  Executed DbCommand (218ms) [Parameters=[@__id_0='?' (DbType = Int64)], CommandType='"Text"', CommandTimeout='30']
SELECT `u`.`Id`, `u`.`About_Me`, `u`.`Account_Type`, `u`.`Address`, `u`.`Available_Days`, `u`.`Bn_Name`, `u`.`City`, `u`.`Country`, `u`.`Created_At`, `u`.`Currency`, `u`.`Degree`, `u`.`Email`, `u`.`Email_Verified`, `u`.`Enable_Appointment`, `u`.`Enable_Rating`, `u`.`Exp_Years`, `u`.`Facebook`, `u`.`Google_Analytics`, `u`.`Image`, `u`.`Instagram`, `u`.`Linkedin`, `u`.`Name`, `u`.`Parent_Id`, `u`.`Password`, `u`.`Paypal_Email`, `u`.`Paypal_Mode`, `u`.`Paypal_Payment`, `u`.`Paystack_Payment`, `u`.`Paystack_Public_Key`, `u`.`Paystack_Secret_Key`, `u`.`Phone`, `u`.`Publish_Key`, `u`.`Qr_Code`, `u`.`Razorpay_Key_Id`, `u`.`Razorpay_Key_Secret`, `u`.`Razorpay_Payment`, `u`.`Role`, `u`.`Secret_Key`, `u`.`Skype`, `u`.`Slug`, `u`.`Specialist`, `u`.`Status`, `u`.`Stripe_Payment`, `u`.`Thumb`, `u`.`Trial_Expire`, `u`.`Twitter`, `u`.`User_Name`, `u`.`User_Type`, `u`.`Verify_Code`, `u`.`Whatsapp`
FROM `Users` AS `u`
WHERE `u`.`Id` = @__id_0
LIMIT 1

2024-07-28 19:20:46.485 +05:30  INF  Executing endpoint 'DCRM.Api.Controllers.PatientController.Get (DCRM.Api)'

2024-07-28 19:20:46.485 +05:30  INF  Route matched with {action = "Get", controller = "Patient"}. Executing controller action with signature DCRM.Common.Dto.PatientseDto Get(Int64) on controller DCRM.Api.Controllers.PatientController (DCRM.Api).

2024-07-28 19:20:46.486 +05:30  INF  Executing BadRequestObjectResult, writing value of type 'Microsoft.AspNetCore.Mvc.ValidationProblemDetails'.

2024-07-28 19:20:46.486 +05:30  INF  Executed action DCRM.Api.Controllers.PatientController.Get (DCRM.Api) in 1.4308ms

2024-07-28 19:20:46.486 +05:30  INF  Executed endpoint 'DCRM.Api.Controllers.PatientController.Get (DCRM.Api)'

2024-07-28 19:20:46.487 +05:30  INF  Request finished HTTP/2 GET https://localhost:7069/api/Patient/Get/ddff application/json - - 400 - application/problem+json;+charset=utf-8 649.1143ms

2024-07-28 19:20:47.102 +05:30  INF  Request starting HTTP/2 GET https://localhost:7069/api/Patient/Get/ddf application/json -

2024-07-28 19:20:47.102 +05:30  INF  CORS policy execution successful.

2024-07-28 19:20:47.290 +05:30  INF  Request starting HTTP/2 GET https://localhost:7069/api/Patient/Get/dd application/json -

2024-07-28 19:20:47.290 +05:30  INF  CORS policy execution successful.

2024-07-28 19:20:47.489 +05:30  INF  Request starting HTTP/2 GET https://localhost:7069/api/Patient/Get/d application/json -

2024-07-28 19:20:47.489 +05:30  INF  CORS policy execution successful.

2024-07-28 19:20:47.680 +05:30  INF  Request starting HTTP/2 OPTIONS https://localhost:7069/api/Patient/Get/ - -

2024-07-28 19:20:47.680 +05:30  INF  CORS policy execution successful.

2024-07-28 19:20:47.681 +05:30  INF  Request finished HTTP/2 OPTIONS https://localhost:7069/api/Patient/Get/ - - - 204 - - 0.2016ms

2024-07-28 19:20:47.682 +05:30  INF  Request starting HTTP/2 GET https://localhost:7069/api/Patient/Get/ application/json -

2024-07-28 19:20:47.682 +05:30  INF  CORS policy execution successful.

2024-07-28 19:20:47.750 +05:30  INF  Executed DbCommand (215ms) [Parameters=[@__id_0='?' (DbType = Int64)], CommandType='"Text"', CommandTimeout='30']
SELECT `u`.`Id`, `u`.`About_Me`, `u`.`Account_Type`, `u`.`Address`, `u`.`Available_Days`, `u`.`Bn_Name`, `u`.`City`, `u`.`Country`, `u`.`Created_At`, `u`.`Currency`, `u`.`Degree`, `u`.`Email`, `u`.`Email_Verified`, `u`.`Enable_Appointment`, `u`.`Enable_Rating`, `u`.`Exp_Years`, `u`.`Facebook`, `u`.`Google_Analytics`, `u`.`Image`, `u`.`Instagram`, `u`.`Linkedin`, `u`.`Name`, `u`.`Parent_Id`, `u`.`Password`, `u`.`Paypal_Email`, `u`.`Paypal_Mode`, `u`.`Paypal_Payment`, `u`.`Paystack_Payment`, `u`.`Paystack_Public_Key`, `u`.`Paystack_Secret_Key`, `u`.`Phone`, `u`.`Publish_Key`, `u`.`Qr_Code`, `u`.`Razorpay_Key_Id`, `u`.`Razorpay_Key_Secret`, `u`.`Razorpay_Payment`, `u`.`Role`, `u`.`Secret_Key`, `u`.`Skype`, `u`.`Slug`, `u`.`Specialist`, `u`.`Status`, `u`.`Stripe_Payment`, `u`.`Thumb`, `u`.`Trial_Expire`, `u`.`Twitter`, `u`.`User_Name`, `u`.`User_Type`, `u`.`Verify_Code`, `u`.`Whatsapp`
FROM `Users` AS `u`
WHERE `u`.`Id` = @__id_0
LIMIT 1

2024-07-28 19:20:47.750 +05:30  INF  Executing endpoint 'DCRM.Api.Controllers.PatientController.Get (DCRM.Api)'

2024-07-28 19:20:47.750 +05:30  INF  Route matched with {action = "Get", controller = "Patient"}. Executing controller action with signature DCRM.Common.Dto.PatientseDto Get(Int64) on controller DCRM.Api.Controllers.PatientController (DCRM.Api).

2024-07-28 19:20:47.751 +05:30  INF  Executing BadRequestObjectResult, writing value of type 'Microsoft.AspNetCore.Mvc.ValidationProblemDetails'.

2024-07-28 19:20:47.751 +05:30  INF  Executed action DCRM.Api.Controllers.PatientController.Get (DCRM.Api) in 0.8567ms

2024-07-28 19:20:47.751 +05:30  INF  Executed endpoint 'DCRM.Api.Controllers.PatientController.Get (DCRM.Api)'

2024-07-28 19:20:47.751 +05:30  INF  Request finished HTTP/2 GET https://localhost:7069/api/Patient/Get/ddf application/json - - 400 - application/problem+json;+charset=utf-8 648.9490ms

2024-07-28 19:20:47.917 +05:30  INF  Executed DbCommand (209ms) [Parameters=[@__id_0='?' (DbType = Int64)], CommandType='"Text"', CommandTimeout='30']
SELECT `u`.`Id`, `u`.`About_Me`, `u`.`Account_Type`, `u`.`Address`, `u`.`Available_Days`, `u`.`Bn_Name`, `u`.`City`, `u`.`Country`, `u`.`Created_At`, `u`.`Currency`, `u`.`Degree`, `u`.`Email`, `u`.`Email_Verified`, `u`.`Enable_Appointment`, `u`.`Enable_Rating`, `u`.`Exp_Years`, `u`.`Facebook`, `u`.`Google_Analytics`, `u`.`Image`, `u`.`Instagram`, `u`.`Linkedin`, `u`.`Name`, `u`.`Parent_Id`, `u`.`Password`, `u`.`Paypal_Email`, `u`.`Paypal_Mode`, `u`.`Paypal_Payment`, `u`.`Paystack_Payment`, `u`.`Paystack_Public_Key`, `u`.`Paystack_Secret_Key`, `u`.`Phone`, `u`.`Publish_Key`, `u`.`Qr_Code`, `u`.`Razorpay_Key_Id`, `u`.`Razorpay_Key_Secret`, `u`.`Razorpay_Payment`, `u`.`Role`, `u`.`Secret_Key`, `u`.`Skype`, `u`.`Slug`, `u`.`Specialist`, `u`.`Status`, `u`.`Stripe_Payment`, `u`.`Thumb`, `u`.`Trial_Expire`, `u`.`Twitter`, `u`.`User_Name`, `u`.`User_Type`, `u`.`Verify_Code`, `u`.`Whatsapp`
FROM `Users` AS `u`
WHERE `u`.`Id` = @__id_0
LIMIT 1

2024-07-28 19:20:47.917 +05:30  INF  Executing endpoint 'DCRM.Api.Controllers.PatientController.Get (DCRM.Api)'

2024-07-28 19:20:47.917 +05:30  INF  Route matched with {action = "Get", controller = "Patient"}. Executing controller action with signature DCRM.Common.Dto.PatientseDto Get(Int64) on controller DCRM.Api.Controllers.PatientController (DCRM.Api).

2024-07-28 19:20:47.918 +05:30  INF  Executing BadRequestObjectResult, writing value of type 'Microsoft.AspNetCore.Mvc.ValidationProblemDetails'.

2024-07-28 19:20:47.919 +05:30  INF  Executed action DCRM.Api.Controllers.PatientController.Get (DCRM.Api) in 1.2819ms

2024-07-28 19:20:47.919 +05:30  INF  Executed endpoint 'DCRM.Api.Controllers.PatientController.Get (DCRM.Api)'

2024-07-28 19:20:47.919 +05:30  INF  Request finished HTTP/2 GET https://localhost:7069/api/Patient/Get/dd application/json - - 400 - application/problem+json;+charset=utf-8 629.3762ms

2024-07-28 19:20:48.132 +05:30  INF  Executed DbCommand (215ms) [Parameters=[@__id_0='?' (DbType = Int64)], CommandType='"Text"', CommandTimeout='30']
SELECT `u`.`Id`, `u`.`About_Me`, `u`.`Account_Type`, `u`.`Address`, `u`.`Available_Days`, `u`.`Bn_Name`, `u`.`City`, `u`.`Country`, `u`.`Created_At`, `u`.`Currency`, `u`.`Degree`, `u`.`Email`, `u`.`Email_Verified`, `u`.`Enable_Appointment`, `u`.`Enable_Rating`, `u`.`Exp_Years`, `u`.`Facebook`, `u`.`Google_Analytics`, `u`.`Image`, `u`.`Instagram`, `u`.`Linkedin`, `u`.`Name`, `u`.`Parent_Id`, `u`.`Password`, `u`.`Paypal_Email`, `u`.`Paypal_Mode`, `u`.`Paypal_Payment`, `u`.`Paystack_Payment`, `u`.`Paystack_Public_Key`, `u`.`Paystack_Secret_Key`, `u`.`Phone`, `u`.`Publish_Key`, `u`.`Qr_Code`, `u`.`Razorpay_Key_Id`, `u`.`Razorpay_Key_Secret`, `u`.`Razorpay_Payment`, `u`.`Role`, `u`.`Secret_Key`, `u`.`Skype`, `u`.`Slug`, `u`.`Specialist`, `u`.`Status`, `u`.`Stripe_Payment`, `u`.`Thumb`, `u`.`Trial_Expire`, `u`.`Twitter`, `u`.`User_Name`, `u`.`User_Type`, `u`.`Verify_Code`, `u`.`Whatsapp`
FROM `Users` AS `u`
WHERE `u`.`Id` = @__id_0
LIMIT 1

2024-07-28 19:20:48.132 +05:30  INF  Executing endpoint 'DCRM.Api.Controllers.PatientController.Get (DCRM.Api)'

2024-07-28 19:20:48.133 +05:30  INF  Route matched with {action = "Get", controller = "Patient"}. Executing controller action with signature DCRM.Common.Dto.PatientseDto Get(Int64) on controller DCRM.Api.Controllers.PatientController (DCRM.Api).

2024-07-28 19:20:48.134 +05:30  INF  Executing BadRequestObjectResult, writing value of type 'Microsoft.AspNetCore.Mvc.ValidationProblemDetails'.

2024-07-28 19:20:48.134 +05:30  INF  Executed action DCRM.Api.Controllers.PatientController.Get (DCRM.Api) in 1.4943ms

2024-07-28 19:20:48.134 +05:30  INF  Executed endpoint 'DCRM.Api.Controllers.PatientController.Get (DCRM.Api)'

2024-07-28 19:20:48.134 +05:30  INF  Request finished HTTP/2 GET https://localhost:7069/api/Patient/Get/d application/json - - 400 - application/problem+json;+charset=utf-8 645.9462ms

2024-07-28 19:20:48.328 +05:30  INF  Executed DbCommand (215ms) [Parameters=[@__id_0='?' (DbType = Int64)], CommandType='"Text"', CommandTimeout='30']
SELECT `u`.`Id`, `u`.`About_Me`, `u`.`Account_Type`, `u`.`Address`, `u`.`Available_Days`, `u`.`Bn_Name`, `u`.`City`, `u`.`Country`, `u`.`Created_At`, `u`.`Currency`, `u`.`Degree`, `u`.`Email`, `u`.`Email_Verified`, `u`.`Enable_Appointment`, `u`.`Enable_Rating`, `u`.`Exp_Years`, `u`.`Facebook`, `u`.`Google_Analytics`, `u`.`Image`, `u`.`Instagram`, `u`.`Linkedin`, `u`.`Name`, `u`.`Parent_Id`, `u`.`Password`, `u`.`Paypal_Email`, `u`.`Paypal_Mode`, `u`.`Paypal_Payment`, `u`.`Paystack_Payment`, `u`.`Paystack_Public_Key`, `u`.`Paystack_Secret_Key`, `u`.`Phone`, `u`.`Publish_Key`, `u`.`Qr_Code`, `u`.`Razorpay_Key_Id`, `u`.`Razorpay_Key_Secret`, `u`.`Razorpay_Payment`, `u`.`Role`, `u`.`Secret_Key`, `u`.`Skype`, `u`.`Slug`, `u`.`Specialist`, `u`.`Status`, `u`.`Stripe_Payment`, `u`.`Thumb`, `u`.`Trial_Expire`, `u`.`Twitter`, `u`.`User_Name`, `u`.`User_Type`, `u`.`Verify_Code`, `u`.`Whatsapp`
FROM `Users` AS `u`
WHERE `u`.`Id` = @__id_0
LIMIT 1

2024-07-28 19:20:48.328 +05:30  INF  Request finished HTTP/2 GET https://localhost:7069/api/Patient/Get/ application/json - - 404 0 - 646.1144ms

2024-07-28 19:21:29.594 +05:30  INF  Request starting HTTP/2 OPTIONS https://localhost:7069/api/Dashboard/Get - -

2024-07-28 19:21:29.596 +05:30  INF  CORS policy execution successful.

2024-07-28 19:21:29.596 +05:30  INF  Request finished HTTP/2 OPTIONS https://localhost:7069/api/Dashboard/Get - - - 204 - - 1.6756ms

2024-07-28 19:21:29.611 +05:30  INF  Request starting HTTP/2 GET https://localhost:7069/api/Dashboard/Get application/json -

2024-07-28 19:21:29.611 +05:30  INF  CORS policy execution successful.

2024-07-28 19:21:30.270 +05:30  INF  Executed DbCommand (217ms) [Parameters=[@__id_0='?' (DbType = Int64)], CommandType='"Text"', CommandTimeout='30']
SELECT `u`.`Id`, `u`.`About_Me`, `u`.`Account_Type`, `u`.`Address`, `u`.`Available_Days`, `u`.`Bn_Name`, `u`.`City`, `u`.`Country`, `u`.`Created_At`, `u`.`Currency`, `u`.`Degree`, `u`.`Email`, `u`.`Email_Verified`, `u`.`Enable_Appointment`, `u`.`Enable_Rating`, `u`.`Exp_Years`, `u`.`Facebook`, `u`.`Google_Analytics`, `u`.`Image`, `u`.`Instagram`, `u`.`Linkedin`, `u`.`Name`, `u`.`Parent_Id`, `u`.`Password`, `u`.`Paypal_Email`, `u`.`Paypal_Mode`, `u`.`Paypal_Payment`, `u`.`Paystack_Payment`, `u`.`Paystack_Public_Key`, `u`.`Paystack_Secret_Key`, `u`.`Phone`, `u`.`Publish_Key`, `u`.`Qr_Code`, `u`.`Razorpay_Key_Id`, `u`.`Razorpay_Key_Secret`, `u`.`Razorpay_Payment`, `u`.`Role`, `u`.`Secret_Key`, `u`.`Skype`, `u`.`Slug`, `u`.`Specialist`, `u`.`Status`, `u`.`Stripe_Payment`, `u`.`Thumb`, `u`.`Trial_Expire`, `u`.`Twitter`, `u`.`User_Name`, `u`.`User_Type`, `u`.`Verify_Code`, `u`.`Whatsapp`
FROM `Users` AS `u`
WHERE `u`.`Id` = @__id_0
LIMIT 1

2024-07-28 19:21:30.270 +05:30  INF  Executing endpoint 'DCRM.Api.Controllers.DashboardController.Get (DCRM.Api)'

2024-07-28 19:21:30.270 +05:30  INF  Route matched with {action = "Get", controller = "Dashboard"}. Executing controller action with signature DCRM.Common.Dto.DashboardDto Get() on controller DCRM.Api.Controllers.DashboardController (DCRM.Api).

2024-07-28 19:21:30.839 +05:30  INF  Request starting HTTP/2 OPTIONS https://localhost:7069/api/Appointment/Get/387 - -

2024-07-28 19:21:30.839 +05:30  INF  CORS policy execution successful.

2024-07-28 19:21:30.839 +05:30  INF  Request finished HTTP/2 OPTIONS https://localhost:7069/api/Appointment/Get/387 - - - 204 - - 0.3427ms

2024-07-28 19:21:30.842 +05:30  INF  Request starting HTTP/2 GET https://localhost:7069/api/Appointment/Get/387 application/json -

2024-07-28 19:21:30.842 +05:30  INF  CORS policy execution successful.

2024-07-28 19:21:30.923 +05:30  INF  Executed DbCommand (222ms) [Parameters=[@__p_0='?' (DbType = Int64)], CommandType='"Text"', CommandTimeout='30']
SELECT COUNT(*)
FROM `Patientses` AS `p`
WHERE (`p`.`User_Id` = @__p_0) AND (`p`.`Is_Delete` = 0)

2024-07-28 19:21:31.484 +05:30  INF  Executed DbCommand (214ms) [Parameters=[@__id_0='?' (DbType = Int64)], CommandType='"Text"', CommandTimeout='30']
SELECT `u`.`Id`, `u`.`About_Me`, `u`.`Account_Type`, `u`.`Address`, `u`.`Available_Days`, `u`.`Bn_Name`, `u`.`City`, `u`.`Country`, `u`.`Created_At`, `u`.`Currency`, `u`.`Degree`, `u`.`Email`, `u`.`Email_Verified`, `u`.`Enable_Appointment`, `u`.`Enable_Rating`, `u`.`Exp_Years`, `u`.`Facebook`, `u`.`Google_Analytics`, `u`.`Image`, `u`.`Instagram`, `u`.`Linkedin`, `u`.`Name`, `u`.`Parent_Id`, `u`.`Password`, `u`.`Paypal_Email`, `u`.`Paypal_Mode`, `u`.`Paypal_Payment`, `u`.`Paystack_Payment`, `u`.`Paystack_Public_Key`, `u`.`Paystack_Secret_Key`, `u`.`Phone`, `u`.`Publish_Key`, `u`.`Qr_Code`, `u`.`Razorpay_Key_Id`, `u`.`Razorpay_Key_Secret`, `u`.`Razorpay_Payment`, `u`.`Role`, `u`.`Secret_Key`, `u`.`Skype`, `u`.`Slug`, `u`.`Specialist`, `u`.`Status`, `u`.`Stripe_Payment`, `u`.`Thumb`, `u`.`Trial_Expire`, `u`.`Twitter`, `u`.`User_Name`, `u`.`User_Type`, `u`.`Verify_Code`, `u`.`Whatsapp`
FROM `Users` AS `u`
WHERE `u`.`Id` = @__id_0
LIMIT 1

2024-07-28 19:21:31.484 +05:30  INF  Executing endpoint 'DCRM.Api.Controllers.AppointmentController.Get (DCRM.Api)'

2024-07-28 19:21:31.484 +05:30  INF  Route matched with {action = "Get", controller = "Appointment"}. Executing controller action with signature DCRM.Common.Entity.Appointment Get(Int32) on controller DCRM.Api.Controllers.AppointmentController (DCRM.Api).

2024-07-28 19:21:31.562 +05:30  INF  Executed DbCommand (213ms) [Parameters=[@__userId_0='?' (DbType = Int32)], CommandType='"Text"', CommandTimeout='30']
SELECT COUNT(*)
FROM `Staffs` AS `s`
WHERE (`s`.`User_Id` = @__userId_0) AND (`s`.`Is_Deleted` = 0)

2024-07-28 19:21:32.139 +05:30  INF  Executed DbCommand (226ms) [Parameters=[@__id_0='?' (DbType = Int64)], CommandType='"Text"', CommandTimeout='30']
SELECT `a`.`Id`, `a`.`Appointment_Status`, `a`.`Cause`, `a`.`Chair`, `a`.`Chamber_Id`, `a`.`Created_At`, `a`.`Date`, `a`.`Doctor_Id`, `a`.`Doctor_Name`, `a`.`End_Time`, `a`.`Extra_Notes`, `a`.`Files`, `a`.`Is_Delete`, `a`.`Is_Start`, `a`.`Meeting_Notes`, `a`.`Number_Of_Slot`, `a`.`Patient_Id`, `a`.`Prescription_Id`, `a`.`Serial_Id`, `a`.`Slot_Time`, `a`.`Start_Time`, `a`.`Status`, `a`.`Type`, `a`.`User_Id`, `a`.`Workdone_Id`
FROM `Appointments` AS `a`
WHERE (`a`.`Id` = @__id_0) AND (`a`.`Is_Delete` = 0)
LIMIT 1

2024-07-28 19:21:32.139 +05:30  INF  Executing ObjectResult, writing value of type 'DCRM.Common.Entity.Appointment'.

2024-07-28 19:21:32.140 +05:30  INF  Executed action DCRM.Api.Controllers.AppointmentController.Get (DCRM.Api) in 655.1931ms

2024-07-28 19:21:32.140 +05:30  INF  Executed endpoint 'DCRM.Api.Controllers.AppointmentController.Get (DCRM.Api)'

2024-07-28 19:21:32.140 +05:30  INF  Request finished HTTP/2 GET https://localhost:7069/api/Appointment/Get/387 application/json - - 200 - application/json;+charset=utf-8 1298.2355ms

2024-07-28 19:21:32.208 +05:30  INF  Executed DbCommand (215ms) [Parameters=[@__userId_0='?' (DbType = Int32)], CommandType='"Text"', CommandTimeout='30']
SELECT COUNT(*)
FROM `Appointments` AS `a`
WHERE (`a`.`User_Id` = @__userId_0) AND (`a`.`Is_Delete` = 0)

2024-07-28 19:21:32.854 +05:30  INF  Executed DbCommand (216ms) [Parameters=[@__userId_0='?' (DbType = Int32)], CommandType='"Text"', CommandTimeout='30']
SELECT COUNT(*)
FROM `Appointments` AS `a`
WHERE ((`a`.`User_Id` = @__userId_0) AND (`a`.`Is_Delete` = 0)) AND (`a`.`Date` = CURDATE())

2024-07-28 19:21:32.854 +05:30  INF  Executing ObjectResult, writing value of type 'DCRM.Common.Dto.DashboardDto'.

2024-07-28 19:21:32.855 +05:30  INF  Executed action DCRM.Api.Controllers.DashboardController.Get (DCRM.Api) in 2584.1328ms

2024-07-28 19:21:32.855 +05:30  INF  Executed endpoint 'DCRM.Api.Controllers.DashboardController.Get (DCRM.Api)'

2024-07-28 19:21:32.855 +05:30  INF  Request finished HTTP/2 GET https://localhost:7069/api/Dashboard/Get application/json - - 200 - application/json;+charset=utf-8 3243.5818ms

2024-07-28 19:21:47.597 +05:30  INF  Request starting HTTP/2 OPTIONS https://localhost:7069/api/Patient/Get/387 - -

2024-07-28 19:21:47.597 +05:30  INF  CORS policy execution successful.

2024-07-28 19:21:47.598 +05:30  INF  Request finished HTTP/2 OPTIONS https://localhost:7069/api/Patient/Get/387 - - - 204 - - 0.5566ms

2024-07-28 19:21:47.606 +05:30  INF  Request starting HTTP/2 OPTIONS https://localhost:7069/api/Patient/Get/Names - -

2024-07-28 19:21:47.606 +05:30  INF  Request starting HTTP/2 OPTIONS https://localhost:7069/api/Doctor/Get/Names - -

2024-07-28 19:21:47.608 +05:30  INF  CORS policy execution successful.

2024-07-28 19:21:47.608 +05:30  INF  Request finished HTTP/2 OPTIONS https://localhost:7069/api/Doctor/Get/Names - - - 204 - - 2.1399ms

2024-07-28 19:21:47.609 +05:30  INF  CORS policy execution successful.

2024-07-28 19:21:47.610 +05:30  INF  Request finished HTTP/2 OPTIONS https://localhost:7069/api/Patient/Get/Names - - - 204 - - 3.6846ms

2024-07-28 19:21:47.610 +05:30  INF  Request starting HTTP/2 OPTIONS https://localhost:7069/api/Patient/Get/508 - -

2024-07-28 19:21:47.610 +05:30  INF  Request starting HTTP/2 GET https://localhost:7069/api/Patient/Get/387 application/json -

2024-07-28 19:21:47.611 +05:30  INF  CORS policy execution successful.

2024-07-28 19:21:47.611 +05:30  INF  Request starting HTTP/2 OPTIONS https://localhost:7069/api/Chair/GetAll - -

2024-07-28 19:21:47.619 +05:30  INF  CORS policy execution successful.

2024-07-28 19:21:47.620 +05:30  INF  CORS policy execution successful.

2024-07-28 19:21:47.624 +05:30  INF  Request finished HTTP/2 OPTIONS https://localhost:7069/api/Patient/Get/508 - - - 204 - - 14.2150ms

2024-07-28 19:21:47.625 +05:30  INF  Request finished HTTP/2 OPTIONS https://localhost:7069/api/Chair/GetAll - - - 204 - - 13.7624ms

2024-07-28 19:21:47.630 +05:30  INF  Request starting HTTP/2 GET https://localhost:7069/api/Doctor/Get/Names application/json -

2024-07-28 19:21:47.630 +05:30  INF  Request starting HTTP/2 GET https://localhost:7069/api/Patient/Get/Names application/json -

2024-07-28 19:21:47.630 +05:30  INF  Request starting HTTP/2 GET https://localhost:7069/api/Patient/Get/508 application/json -

2024-07-28 19:21:47.630 +05:30  INF  CORS policy execution successful.

2024-07-28 19:21:47.630 +05:30  INF  CORS policy execution successful.

2024-07-28 19:21:47.631 +05:30  INF  CORS policy execution successful.

2024-07-28 19:21:47.631 +05:30  INF  Request starting HTTP/2 GET https://localhost:7069/api/Chair/GetAll application/json -

2024-07-28 19:21:47.631 +05:30  INF  CORS policy execution successful.

2024-07-28 19:21:48.256 +05:30  INF  Executed DbCommand (209ms) [Parameters=[@__id_0='?' (DbType = Int64)], CommandType='"Text"', CommandTimeout='30']
SELECT `u`.`Id`, `u`.`About_Me`, `u`.`Account_Type`, `u`.`Address`, `u`.`Available_Days`, `u`.`Bn_Name`, `u`.`City`, `u`.`Country`, `u`.`Created_At`, `u`.`Currency`, `u`.`Degree`, `u`.`Email`, `u`.`Email_Verified`, `u`.`Enable_Appointment`, `u`.`Enable_Rating`, `u`.`Exp_Years`, `u`.`Facebook`, `u`.`Google_Analytics`, `u`.`Image`, `u`.`Instagram`, `u`.`Linkedin`, `u`.`Name`, `u`.`Parent_Id`, `u`.`Password`, `u`.`Paypal_Email`, `u`.`Paypal_Mode`, `u`.`Paypal_Payment`, `u`.`Paystack_Payment`, `u`.`Paystack_Public_Key`, `u`.`Paystack_Secret_Key`, `u`.`Phone`, `u`.`Publish_Key`, `u`.`Qr_Code`, `u`.`Razorpay_Key_Id`, `u`.`Razorpay_Key_Secret`, `u`.`Razorpay_Payment`, `u`.`Role`, `u`.`Secret_Key`, `u`.`Skype`, `u`.`Slug`, `u`.`Specialist`, `u`.`Status`, `u`.`Stripe_Payment`, `u`.`Thumb`, `u`.`Trial_Expire`, `u`.`Twitter`, `u`.`User_Name`, `u`.`User_Type`, `u`.`Verify_Code`, `u`.`Whatsapp`
FROM `Users` AS `u`
WHERE `u`.`Id` = @__id_0
LIMIT 1

2024-07-28 19:21:48.257 +05:30  INF  Executing endpoint 'DCRM.Api.Controllers.PatientController.PatientDetailList (DCRM.Api)'

2024-07-28 19:21:48.257 +05:30  INF  Route matched with {action = "PatientDetailList", controller = "Patient"}. Executing controller action with signature System.Collections.Generic.List`1[DCRM.Common.Dto.DropdownDataDto] PatientDetailList() on controller DCRM.Api.Controllers.PatientController (DCRM.Api).

2024-07-28 19:21:48.267 +05:30  INF  Executed DbCommand (214ms) [Parameters=[@__id_0='?' (DbType = Int64)], CommandType='"Text"', CommandTimeout='30']
SELECT `u`.`Id`, `u`.`About_Me`, `u`.`Account_Type`, `u`.`Address`, `u`.`Available_Days`, `u`.`Bn_Name`, `u`.`City`, `u`.`Country`, `u`.`Created_At`, `u`.`Currency`, `u`.`Degree`, `u`.`Email`, `u`.`Email_Verified`, `u`.`Enable_Appointment`, `u`.`Enable_Rating`, `u`.`Exp_Years`, `u`.`Facebook`, `u`.`Google_Analytics`, `u`.`Image`, `u`.`Instagram`, `u`.`Linkedin`, `u`.`Name`, `u`.`Parent_Id`, `u`.`Password`, `u`.`Paypal_Email`, `u`.`Paypal_Mode`, `u`.`Paypal_Payment`, `u`.`Paystack_Payment`, `u`.`Paystack_Public_Key`, `u`.`Paystack_Secret_Key`, `u`.`Phone`, `u`.`Publish_Key`, `u`.`Qr_Code`, `u`.`Razorpay_Key_Id`, `u`.`Razorpay_Key_Secret`, `u`.`Razorpay_Payment`, `u`.`Role`, `u`.`Secret_Key`, `u`.`Skype`, `u`.`Slug`, `u`.`Specialist`, `u`.`Status`, `u`.`Stripe_Payment`, `u`.`Thumb`, `u`.`Trial_Expire`, `u`.`Twitter`, `u`.`User_Name`, `u`.`User_Type`, `u`.`Verify_Code`, `u`.`Whatsapp`
FROM `Users` AS `u`
WHERE `u`.`Id` = @__id_0
LIMIT 1

2024-07-28 19:21:48.268 +05:30  INF  Executing endpoint 'DCRM.Api.Controllers.PatientController.Get (DCRM.Api)'

2024-07-28 19:21:48.268 +05:30  INF  Route matched with {action = "Get", controller = "Patient"}. Executing controller action with signature DCRM.Common.Dto.PatientseDto Get(Int64) on controller DCRM.Api.Controllers.PatientController (DCRM.Api).

2024-07-28 19:21:48.270 +05:30  INF  Executed DbCommand (214ms) [Parameters=[@__id_0='?' (DbType = Int64)], CommandType='"Text"', CommandTimeout='30']
SELECT `u`.`Id`, `u`.`About_Me`, `u`.`Account_Type`, `u`.`Address`, `u`.`Available_Days`, `u`.`Bn_Name`, `u`.`City`, `u`.`Country`, `u`.`Created_At`, `u`.`Currency`, `u`.`Degree`, `u`.`Email`, `u`.`Email_Verified`, `u`.`Enable_Appointment`, `u`.`Enable_Rating`, `u`.`Exp_Years`, `u`.`Facebook`, `u`.`Google_Analytics`, `u`.`Image`, `u`.`Instagram`, `u`.`Linkedin`, `u`.`Name`, `u`.`Parent_Id`, `u`.`Password`, `u`.`Paypal_Email`, `u`.`Paypal_Mode`, `u`.`Paypal_Payment`, `u`.`Paystack_Payment`, `u`.`Paystack_Public_Key`, `u`.`Paystack_Secret_Key`, `u`.`Phone`, `u`.`Publish_Key`, `u`.`Qr_Code`, `u`.`Razorpay_Key_Id`, `u`.`Razorpay_Key_Secret`, `u`.`Razorpay_Payment`, `u`.`Role`, `u`.`Secret_Key`, `u`.`Skype`, `u`.`Slug`, `u`.`Specialist`, `u`.`Status`, `u`.`Stripe_Payment`, `u`.`Thumb`, `u`.`Trial_Expire`, `u`.`Twitter`, `u`.`User_Name`, `u`.`User_Type`, `u`.`Verify_Code`, `u`.`Whatsapp`
FROM `Users` AS `u`
WHERE `u`.`Id` = @__id_0
LIMIT 1

2024-07-28 19:21:48.270 +05:30  INF  Executed DbCommand (214ms) [Parameters=[@__id_0='?' (DbType = Int64)], CommandType='"Text"', CommandTimeout='30']
SELECT `u`.`Id`, `u`.`About_Me`, `u`.`Account_Type`, `u`.`Address`, `u`.`Available_Days`, `u`.`Bn_Name`, `u`.`City`, `u`.`Country`, `u`.`Created_At`, `u`.`Currency`, `u`.`Degree`, `u`.`Email`, `u`.`Email_Verified`, `u`.`Enable_Appointment`, `u`.`Enable_Rating`, `u`.`Exp_Years`, `u`.`Facebook`, `u`.`Google_Analytics`, `u`.`Image`, `u`.`Instagram`, `u`.`Linkedin`, `u`.`Name`, `u`.`Parent_Id`, `u`.`Password`, `u`.`Paypal_Email`, `u`.`Paypal_Mode`, `u`.`Paypal_Payment`, `u`.`Paystack_Payment`, `u`.`Paystack_Public_Key`, `u`.`Paystack_Secret_Key`, `u`.`Phone`, `u`.`Publish_Key`, `u`.`Qr_Code`, `u`.`Razorpay_Key_Id`, `u`.`Razorpay_Key_Secret`, `u`.`Razorpay_Payment`, `u`.`Role`, `u`.`Secret_Key`, `u`.`Skype`, `u`.`Slug`, `u`.`Specialist`, `u`.`Status`, `u`.`Stripe_Payment`, `u`.`Thumb`, `u`.`Trial_Expire`, `u`.`Twitter`, `u`.`User_Name`, `u`.`User_Type`, `u`.`Verify_Code`, `u`.`Whatsapp`
FROM `Users` AS `u`
WHERE `u`.`Id` = @__id_0
LIMIT 1

2024-07-28 19:21:48.271 +05:30  INF  Executing endpoint 'DCRM.Api.Controllers.DoctorController.DoctorNameList (DCRM.Api)'

2024-07-28 19:21:48.271 +05:30  INF  Executing endpoint 'DCRM.Api.Controllers.PatientController.Get (DCRM.Api)'

2024-07-28 19:21:48.271 +05:30  INF  Route matched with {action = "DoctorNameList", controller = "Doctor"}. Executing controller action with signature System.Collections.Generic.List`1[DCRM.Common.Dto.DropdownDataDto] DoctorNameList() on controller DCRM.Api.Controllers.DoctorController (DCRM.Api).

2024-07-28 19:21:48.271 +05:30  INF  Route matched with {action = "Get", controller = "Patient"}. Executing controller action with signature DCRM.Common.Dto.PatientseDto Get(Int64) on controller DCRM.Api.Controllers.PatientController (DCRM.Api).

2024-07-28 19:21:48.291 +05:30  INF  Executed DbCommand (224ms) [Parameters=[@__id_0='?' (DbType = Int64)], CommandType='"Text"', CommandTimeout='30']
SELECT `u`.`Id`, `u`.`About_Me`, `u`.`Account_Type`, `u`.`Address`, `u`.`Available_Days`, `u`.`Bn_Name`, `u`.`City`, `u`.`Country`, `u`.`Created_At`, `u`.`Currency`, `u`.`Degree`, `u`.`Email`, `u`.`Email_Verified`, `u`.`Enable_Appointment`, `u`.`Enable_Rating`, `u`.`Exp_Years`, `u`.`Facebook`, `u`.`Google_Analytics`, `u`.`Image`, `u`.`Instagram`, `u`.`Linkedin`, `u`.`Name`, `u`.`Parent_Id`, `u`.`Password`, `u`.`Paypal_Email`, `u`.`Paypal_Mode`, `u`.`Paypal_Payment`, `u`.`Paystack_Payment`, `u`.`Paystack_Public_Key`, `u`.`Paystack_Secret_Key`, `u`.`Phone`, `u`.`Publish_Key`, `u`.`Qr_Code`, `u`.`Razorpay_Key_Id`, `u`.`Razorpay_Key_Secret`, `u`.`Razorpay_Payment`, `u`.`Role`, `u`.`Secret_Key`, `u`.`Skype`, `u`.`Slug`, `u`.`Specialist`, `u`.`Status`, `u`.`Stripe_Payment`, `u`.`Thumb`, `u`.`Trial_Expire`, `u`.`Twitter`, `u`.`User_Name`, `u`.`User_Type`, `u`.`Verify_Code`, `u`.`Whatsapp`
FROM `Users` AS `u`
WHERE `u`.`Id` = @__id_0
LIMIT 1

2024-07-28 19:21:48.291 +05:30  INF  Executing endpoint 'DCRM.Api.Controllers.ChairController.GetAll (DCRM.Api)'

2024-07-28 19:21:48.291 +05:30  INF  Route matched with {action = "GetAll", controller = "Chair"}. Executing controller action with signature System.Collections.Generic.List`1[DCRM.Common.Dto.ChairDto] GetAll() on controller DCRM.Api.Controllers.ChairController (DCRM.Api).

2024-07-28 19:21:48.912 +05:30  INF  Executed DbCommand (214ms) [Parameters=[@__id_0='?' (DbType = Int64)], CommandType='"Text"', CommandTimeout='30']
SELECT `p`.`Id`, `p`.`Age`, `p`.`Chamber_Id`, `p`.`Created_At`, `p`.`Email`, `p`.`Guardian`, `p`.`Is_Delete`, `p`.`Mobile`, `p`.`Mr_Number`, `p`.`Name`, `p`.`Password`, `p`.`Permanent_Address`, `p`.`Present_Address`, `p`.`Role`, `p`.`Sex`, `p`.`Slug`, `p`.`Thumb`, `p`.`Title`, `p`.`UserName`, `p`.`User_Id`, `p`.`Verify_Code`, `p`.`Weight`
FROM `Patientses` AS `p`
WHERE (`p`.`Is_Delete` = 0) AND (`p`.`Id` = @__id_0)
LIMIT 1

2024-07-28 19:21:48.914 +05:30  INF  Executed DbCommand (216ms) [Parameters=[@__id_0='?' (DbType = Int64)], CommandType='"Text"', CommandTimeout='30']
SELECT `p`.`Id`, `p`.`Age`, `p`.`Chamber_Id`, `p`.`Created_At`, `p`.`Email`, `p`.`Guardian`, `p`.`Is_Delete`, `p`.`Mobile`, `p`.`Mr_Number`, `p`.`Name`, `p`.`Password`, `p`.`Permanent_Address`, `p`.`Present_Address`, `p`.`Role`, `p`.`Sex`, `p`.`Slug`, `p`.`Thumb`, `p`.`Title`, `p`.`UserName`, `p`.`User_Id`, `p`.`Verify_Code`, `p`.`Weight`
FROM `Patientses` AS `p`
WHERE (`p`.`Is_Delete` = 0) AND (`p`.`Id` = @__id_0)
LIMIT 1

2024-07-28 19:21:48.951 +05:30  INF  Executed DbCommand (221ms) [Parameters=[], CommandType='"Text"', CommandTimeout='30']
SELECT `c`.`Id`, `c`.`Address`, `c`.`Appoinment_Limit`, `c`.`Created_At`, `c`.`Doctor_Id`, `c`.`Is_Primary`, `c`.`Name`, `c`.`Status`, `c`.`Uid`, `c`.`User_Id`
FROM `Chairs` AS `c`

2024-07-28 19:21:49.088 +05:30  INF  Executed DbCommand (416ms) [Parameters=[@__userId_0='?' (DbType = Int64)], CommandType='"Text"', CommandTimeout='30']
SELECT `p`.`Id`, `p`.`Age`, `p`.`Chamber_Id`, `p`.`Created_At`, `p`.`Email`, `p`.`Guardian`, `p`.`Is_Delete`, `p`.`Mobile`, `p`.`Mr_Number`, `p`.`Name`, `p`.`Password`, `p`.`Permanent_Address`, `p`.`Present_Address`, `p`.`Role`, `p`.`Sex`, `p`.`Slug`, `p`.`Thumb`, `p`.`Title`, `p`.`UserName`, `p`.`User_Id`, `p`.`Verify_Code`, `p`.`Weight`
FROM `Patientses` AS `p`
WHERE (`p`.`User_Id` = @__userId_0) AND (`p`.`Is_Delete` = 0)

2024-07-28 19:21:49.126 +05:30  INF  Executed DbCommand (428ms) [Parameters=[@__userId_0='?' (DbType = Int64)], CommandType='"Text"', CommandTimeout='30']
SELECT `d`.`Id`, `d`.`Age`, `d`.`Blood_Group`, `d`.`Created_At`, `d`.`Dob`, `d`.`Email`, `d`.`Email2`, `d`.`Gender`, `d`.`Gst_Number`, `d`.`Is_Delete`, `d`.`Marital_Status`, `d`.`Name`, `d`.`Pan_Number`, `d`.`Password`, `d`.`Phone1`, `d`.`Phone2`, `d`.`Phone3`, `d`.`Phone4`, `d`.`Qualification`, `d`.`Role`, `d`.`Speciality`, `d`.`Thumb`, `d`.`Updated_At`, `d`.`User_Id`
FROM `Doctors` AS `d`
WHERE (`d`.`User_Id` = @__userId_0) AND (`d`.`Is_Delete` = 0)

2024-07-28 19:21:49.636 +05:30  INF  Executed DbCommand (234ms) [Parameters=[@__Id_0='?' (DbType = Int64)], CommandType='"Text"', CommandTimeout='30']
SELECT `d`.`Id`, `d`.`Age`, `d`.`Blood_Group`, `d`.`Created_At`, `d`.`Dob`, `d`.`Email`, `d`.`Email2`, `d`.`Gender`, `d`.`Gst_Number`, `d`.`Is_Delete`, `d`.`Marital_Status`, `d`.`Name`, `d`.`Pan_Number`, `d`.`Password`, `d`.`Phone1`, `d`.`Phone2`, `d`.`Phone3`, `d`.`Phone4`, `d`.`Qualification`, `d`.`Role`, `d`.`Speciality`, `d`.`Thumb`, `d`.`Updated_At`, `d`.`User_Id`
FROM `Doctors` AS `d`
WHERE `d`.`Id` = @__Id_0
LIMIT 2

2024-07-28 19:21:49.775 +05:30  INF  Executed DbCommand (432ms) [Parameters=[], CommandType='"Text"', CommandTimeout='30']
SELECT `p`.`Id`, `p`.`Amount_Type`, `p`.`Balance`, `p`.`Created_At`, `p`.`Credit_Amount`, `p`.`Debit_Amount`, `p`.`Description`, `p`.`Doctor_Id`, `p`.`Patient_Id`, `p`.`Payment_Mode`, `p`.`Updated_At`, `p`.`Workdone_Id`, `p`.`isPrinted`
FROM `Payment_History` AS `p`

2024-07-28 19:21:49.776 +05:30  INF  Executed DbCommand (433ms) [Parameters=[], CommandType='"Text"', CommandTimeout='30']
SELECT `p`.`Id`, `p`.`Amount_Type`, `p`.`Balance`, `p`.`Created_At`, `p`.`Credit_Amount`, `p`.`Debit_Amount`, `p`.`Description`, `p`.`Doctor_Id`, `p`.`Patient_Id`, `p`.`Payment_Mode`, `p`.`Updated_At`, `p`.`Workdone_Id`, `p`.`isPrinted`
FROM `Payment_History` AS `p`

2024-07-28 19:21:49.934 +05:30  INF  Executing ObjectResult, writing value of type 'System.Collections.Generic.List`1[[DCRM.Common.Dto.DropdownDataDto, DCRM.Common, Version=1.0.0.0, Culture=neutral, PublicKeyToken=null]]'.

2024-07-28 19:21:49.934 +05:30  INF  Executed action DCRM.Api.Controllers.PatientController.PatientDetailList (DCRM.Api) in 1677.148ms

2024-07-28 19:21:49.934 +05:30  INF  Executed endpoint 'DCRM.Api.Controllers.PatientController.PatientDetailList (DCRM.Api)'

2024-07-28 19:21:49.934 +05:30  INF  Request finished HTTP/2 GET https://localhost:7069/api/Patient/Get/Names application/json - - 200 - application/json;+charset=utf-8 2303.6762ms

2024-07-28 19:21:49.997 +05:30  INF  Executing ObjectResult, writing value of type 'System.Collections.Generic.List`1[[DCRM.Common.Dto.DropdownDataDto, DCRM.Common, Version=1.0.0.0, Culture=neutral, PublicKeyToken=null]]'.

2024-07-28 19:21:49.997 +05:30  INF  Executed action DCRM.Api.Controllers.DoctorController.DoctorNameList (DCRM.Api) in 1726.8042ms

2024-07-28 19:21:49.997 +05:30  INF  Executed endpoint 'DCRM.Api.Controllers.DoctorController.DoctorNameList (DCRM.Api)'

2024-07-28 19:21:49.997 +05:30  INF  Request finished HTTP/2 GET https://localhost:7069/api/Doctor/Get/Names application/json - - 200 - application/json;+charset=utf-8 2367.3361ms

2024-07-28 19:21:50.297 +05:30  INF  Executed DbCommand (219ms) [Parameters=[@__Id_0='?' (DbType = Int64)], CommandType='"Text"', CommandTimeout='30']
SELECT `d`.`Id`, `d`.`Age`, `d`.`Blood_Group`, `d`.`Created_At`, `d`.`Dob`, `d`.`Email`, `d`.`Email2`, `d`.`Gender`, `d`.`Gst_Number`, `d`.`Is_Delete`, `d`.`Marital_Status`, `d`.`Name`, `d`.`Pan_Number`, `d`.`Password`, `d`.`Phone1`, `d`.`Phone2`, `d`.`Phone3`, `d`.`Phone4`, `d`.`Qualification`, `d`.`Role`, `d`.`Speciality`, `d`.`Thumb`, `d`.`Updated_At`, `d`.`User_Id`
FROM `Doctors` AS `d`
WHERE `d`.`Id` = @__Id_0
LIMIT 2

2024-07-28 19:21:50.635 +05:30  INF  Executed DbCommand (213ms) [Parameters=[@__p_0='?' (DbType = Int64)], CommandType='"Text"', CommandTimeout='30']
SELECT `p`.`Id`, `p`.`Amount`, `p`.`Balance_Amount`, `p`.`Balance_Spent`, `p`.`Created_At`, `p`.`Name`, `p`.`Patients_Id`, `p`.`Type`, `p`.`Updated_At`
FROM `Patients_Insurance_Loan` AS `p`
WHERE `p`.`Patients_Id` = @__p_0

2024-07-28 19:21:50.640 +05:30  INF  Executed DbCommand (214ms) [Parameters=[@__p_0='?' (DbType = Int64)], CommandType='"Text"', CommandTimeout='30']
SELECT `p`.`Id`, `p`.`Amount`, `p`.`Balance_Amount`, `p`.`Balance_Spent`, `p`.`Created_At`, `p`.`Name`, `p`.`Patients_Id`, `p`.`Type`, `p`.`Updated_At`
FROM `Patients_Insurance_Loan` AS `p`
WHERE `p`.`Patients_Id` = @__p_0

2024-07-28 19:21:50.985 +05:30  INF  Executed DbCommand (220ms) [Parameters=[@__Id_0='?' (DbType = Int64)], CommandType='"Text"', CommandTimeout='30']
SELECT `d`.`Id`, `d`.`Age`, `d`.`Blood_Group`, `d`.`Created_At`, `d`.`Dob`, `d`.`Email`, `d`.`Email2`, `d`.`Gender`, `d`.`Gst_Number`, `d`.`Is_Delete`, `d`.`Marital_Status`, `d`.`Name`, `d`.`Pan_Number`, `d`.`Password`, `d`.`Phone1`, `d`.`Phone2`, `d`.`Phone3`, `d`.`Phone4`, `d`.`Qualification`, `d`.`Role`, `d`.`Speciality`, `d`.`Thumb`, `d`.`Updated_At`, `d`.`User_Id`
FROM `Doctors` AS `d`
WHERE `d`.`Id` = @__Id_0
LIMIT 2

2024-07-28 19:21:51.274 +05:30  INF  Executed DbCommand (213ms) [Parameters=[@__p_0='?' (DbType = Int64)], CommandType='"Text"', CommandTimeout='30']
SELECT `p`.`Id`, `p`.`Created_At`, `p`.`Patient_Id`, `p`.`Report`, `p`.`Report_Date`, `p`.`Report_File`, `p`.`Status`, `p`.`Test_Name`, `p`.`Test_Price`, `p`.`Updated_At`
FROM `Patient_Tests` AS `p`
WHERE `p`.`Patient_Id` = @__p_0

2024-07-28 19:21:51.279 +05:30  INF  Executed DbCommand (212ms) [Parameters=[@__p_0='?' (DbType = Int64)], CommandType='"Text"', CommandTimeout='30']
SELECT `p`.`Id`, `p`.`Created_At`, `p`.`Patient_Id`, `p`.`Report`, `p`.`Report_Date`, `p`.`Report_File`, `p`.`Status`, `p`.`Test_Name`, `p`.`Test_Price`, `p`.`Updated_At`
FROM `Patient_Tests` AS `p`
WHERE `p`.`Patient_Id` = @__p_0

2024-07-28 19:21:51.646 +05:30  INF  Executed DbCommand (221ms) [Parameters=[@__Id_0='?' (DbType = Int64)], CommandType='"Text"', CommandTimeout='30']
SELECT `d`.`Id`, `d`.`Age`, `d`.`Blood_Group`, `d`.`Created_At`, `d`.`Dob`, `d`.`Email`, `d`.`Email2`, `d`.`Gender`, `d`.`Gst_Number`, `d`.`Is_Delete`, `d`.`Marital_Status`, `d`.`Name`, `d`.`Pan_Number`, `d`.`Password`, `d`.`Phone1`, `d`.`Phone2`, `d`.`Phone3`, `d`.`Phone4`, `d`.`Qualification`, `d`.`Role`, `d`.`Speciality`, `d`.`Thumb`, `d`.`Updated_At`, `d`.`User_Id`
FROM `Doctors` AS `d`
WHERE `d`.`Id` = @__Id_0
LIMIT 2

2024-07-28 19:21:51.921 +05:30  INF  Executed DbCommand (215ms) [Parameters=[@__p_0='?' (DbType = Int64)], CommandType='"Text"', CommandTimeout='30']
SELECT `p`.`Id`, `p`.`Address_O`, `p`.`Address_Other`, `p`.`Address_R`, `p`.`City_O`, `p`.`City_Other`, `p`.`City_R`, `p`.`Country_O`, `p`.`Country_Other`, `p`.`Country_R`, `p`.`Created_At`, `p`.`Doctor_Name`, `p`.`Email`, `p`.`Email2`, `p`.`Medical_History_Allergies`, `p`.`Patient_Id`, `p`.`Phone`, `p`.`Phone1`, `p`.`Phone2`, `p`.`Phone3`, `p`.`Phone4`, `p`.`Physician`, `p`.`Reffered_By`, `p`.`Relationship_Type`, `p`.`Special_Notes`, `p`.`Updated_At`, `p`.`Zip_O`, `p`.`Zip_Other`, `p`.`Zip_R`
FROM `Patients_Contact` AS `p`
WHERE `p`.`Patient_Id` = @__p_0

2024-07-28 19:21:51.921 +05:30  INF  Executed DbCommand (218ms) [Parameters=[@__p_0='?' (DbType = Int64)], CommandType='"Text"', CommandTimeout='30']
SELECT `p`.`Id`, `p`.`Address_O`, `p`.`Address_Other`, `p`.`Address_R`, `p`.`City_O`, `p`.`City_Other`, `p`.`City_R`, `p`.`Country_O`, `p`.`Country_Other`, `p`.`Country_R`, `p`.`Created_At`, `p`.`Doctor_Name`, `p`.`Email`, `p`.`Email2`, `p`.`Medical_History_Allergies`, `p`.`Patient_Id`, `p`.`Phone`, `p`.`Phone1`, `p`.`Phone2`, `p`.`Phone3`, `p`.`Phone4`, `p`.`Physician`, `p`.`Reffered_By`, `p`.`Relationship_Type`, `p`.`Special_Notes`, `p`.`Updated_At`, `p`.`Zip_O`, `p`.`Zip_Other`, `p`.`Zip_R`
FROM `Patients_Contact` AS `p`
WHERE `p`.`Patient_Id` = @__p_0

2024-07-28 19:21:52.308 +05:30  INF  Executed DbCommand (224ms) [Parameters=[@__Id_0='?' (DbType = Int64)], CommandType='"Text"', CommandTimeout='30']
SELECT `d`.`Id`, `d`.`Age`, `d`.`Blood_Group`, `d`.`Created_At`, `d`.`Dob`, `d`.`Email`, `d`.`Email2`, `d`.`Gender`, `d`.`Gst_Number`, `d`.`Is_Delete`, `d`.`Marital_Status`, `d`.`Name`, `d`.`Pan_Number`, `d`.`Password`, `d`.`Phone1`, `d`.`Phone2`, `d`.`Phone3`, `d`.`Phone4`, `d`.`Qualification`, `d`.`Role`, `d`.`Speciality`, `d`.`Thumb`, `d`.`Updated_At`, `d`.`User_Id`
FROM `Doctors` AS `d`
WHERE `d`.`Id` = @__Id_0
LIMIT 2

2024-07-28 19:21:52.375 +05:30  INF  Request starting HTTP/2 OPTIONS https://localhost:7069/api/Patient/Get/50 - -

2024-07-28 19:21:52.375 +05:30  INF  CORS policy execution successful.

2024-07-28 19:21:52.375 +05:30  INF  Request finished HTTP/2 OPTIONS https://localhost:7069/api/Patient/Get/50 - - - 204 - - 0.7629ms

2024-07-28 19:21:52.378 +05:30  INF  Request starting HTTP/2 GET https://localhost:7069/api/Patient/Get/50 application/json -

2024-07-28 19:21:52.378 +05:30  INF  CORS policy execution successful.

2024-07-28 19:21:52.565 +05:30  INF  Executed DbCommand (217ms) [Parameters=[@__p_0='?' (DbType = Int64)], CommandType='"Text"', CommandTimeout='30']
SELECT `p`.`Id`, `p`.`Created_At`, `p`.`Patient_Id`, `p`.`Report`, `p`.`Report_File`, `p`.`Scan_Name`, `p`.`Status`, `p`.`Type`, `p`.`Updated_At`
FROM `Patient_Scans` AS `p`
WHERE `p`.`Patient_Id` = @__p_0

2024-07-28 19:21:52.565 +05:30  INF  Executed DbCommand (216ms) [Parameters=[@__p_0='?' (DbType = Int64)], CommandType='"Text"', CommandTimeout='30']
SELECT `p`.`Id`, `p`.`Created_At`, `p`.`Patient_Id`, `p`.`Report`, `p`.`Report_File`, `p`.`Scan_Name`, `p`.`Status`, `p`.`Type`, `p`.`Updated_At`
FROM `Patient_Scans` AS `p`
WHERE `p`.`Patient_Id` = @__p_0

2024-07-28 19:21:52.565 +05:30  INF  Executing ObjectResult, writing value of type 'DCRM.Common.Dto.PatientseDto'.

2024-07-28 19:21:52.565 +05:30  INF  Executing ObjectResult, writing value of type 'DCRM.Common.Dto.PatientseDto'.

2024-07-28 19:21:52.565 +05:30  INF  Executed action DCRM.Api.Controllers.PatientController.Get (DCRM.Api) in 4294.722ms

2024-07-28 19:21:52.565 +05:30  INF  Executed endpoint 'DCRM.Api.Controllers.PatientController.Get (DCRM.Api)'

2024-07-28 19:21:52.565 +05:30  INF  Executed action DCRM.Api.Controllers.PatientController.Get (DCRM.Api) in 4297.6813ms

2024-07-28 19:21:52.565 +05:30  INF  Executed endpoint 'DCRM.Api.Controllers.PatientController.Get (DCRM.Api)'

2024-07-28 19:21:52.565 +05:30  INF  Request finished HTTP/2 GET https://localhost:7069/api/Patient/Get/508 application/json - - 200 - application/json;+charset=utf-8 4935.1335ms

2024-07-28 19:21:52.565 +05:30  INF  Request finished HTTP/2 GET https://localhost:7069/api/Patient/Get/387 application/json - - 200 - application/json;+charset=utf-8 4955.4703ms

2024-07-28 19:21:52.577 +05:30  INF  Request starting HTTP/2 OPTIONS https://localhost:7069/api/Patient/Get/5 - -

2024-07-28 19:21:52.577 +05:30  INF  CORS policy execution successful.

2024-07-28 19:21:52.577 +05:30  INF  Request finished HTTP/2 OPTIONS https://localhost:7069/api/Patient/Get/5 - - - 204 - - 0.3261ms

2024-07-28 19:21:52.580 +05:30  INF  Request starting HTTP/2 GET https://localhost:7069/api/Patient/Get/5 application/json -

2024-07-28 19:21:52.580 +05:30  INF  CORS policy execution successful.

2024-07-28 19:21:52.788 +05:30  INF  Request starting HTTP/2 OPTIONS https://localhost:7069/api/Patient/Get/ - -

2024-07-28 19:21:52.788 +05:30  INF  CORS policy execution successful.

2024-07-28 19:21:52.788 +05:30  INF  Request finished HTTP/2 OPTIONS https://localhost:7069/api/Patient/Get/ - - - 204 - - 0.2399ms

2024-07-28 19:21:52.791 +05:30  INF  Request starting HTTP/2 GET https://localhost:7069/api/Patient/Get/ application/json -

2024-07-28 19:21:52.791 +05:30  INF  CORS policy execution successful.

2024-07-28 19:21:52.968 +05:30  INF  Executed DbCommand (221ms) [Parameters=[@__Id_0='?' (DbType = Int64)], CommandType='"Text"', CommandTimeout='30']
SELECT `d`.`Id`, `d`.`Age`, `d`.`Blood_Group`, `d`.`Created_At`, `d`.`Dob`, `d`.`Email`, `d`.`Email2`, `d`.`Gender`, `d`.`Gst_Number`, `d`.`Is_Delete`, `d`.`Marital_Status`, `d`.`Name`, `d`.`Pan_Number`, `d`.`Password`, `d`.`Phone1`, `d`.`Phone2`, `d`.`Phone3`, `d`.`Phone4`, `d`.`Qualification`, `d`.`Role`, `d`.`Speciality`, `d`.`Thumb`, `d`.`Updated_At`, `d`.`User_Id`
FROM `Doctors` AS `d`
WHERE `d`.`Id` = @__Id_0
LIMIT 2

2024-07-28 19:21:53.017 +05:30  INF  Executed DbCommand (214ms) [Parameters=[@__id_0='?' (DbType = Int64)], CommandType='"Text"', CommandTimeout='30']
SELECT `u`.`Id`, `u`.`About_Me`, `u`.`Account_Type`, `u`.`Address`, `u`.`Available_Days`, `u`.`Bn_Name`, `u`.`City`, `u`.`Country`, `u`.`Created_At`, `u`.`Currency`, `u`.`Degree`, `u`.`Email`, `u`.`Email_Verified`, `u`.`Enable_Appointment`, `u`.`Enable_Rating`, `u`.`Exp_Years`, `u`.`Facebook`, `u`.`Google_Analytics`, `u`.`Image`, `u`.`Instagram`, `u`.`Linkedin`, `u`.`Name`, `u`.`Parent_Id`, `u`.`Password`, `u`.`Paypal_Email`, `u`.`Paypal_Mode`, `u`.`Paypal_Payment`, `u`.`Paystack_Payment`, `u`.`Paystack_Public_Key`, `u`.`Paystack_Secret_Key`, `u`.`Phone`, `u`.`Publish_Key`, `u`.`Qr_Code`, `u`.`Razorpay_Key_Id`, `u`.`Razorpay_Key_Secret`, `u`.`Razorpay_Payment`, `u`.`Role`, `u`.`Secret_Key`, `u`.`Skype`, `u`.`Slug`, `u`.`Specialist`, `u`.`Status`, `u`.`Stripe_Payment`, `u`.`Thumb`, `u`.`Trial_Expire`, `u`.`Twitter`, `u`.`User_Name`, `u`.`User_Type`, `u`.`Verify_Code`, `u`.`Whatsapp`
FROM `Users` AS `u`
WHERE `u`.`Id` = @__id_0
LIMIT 1

2024-07-28 19:21:53.018 +05:30  INF  Executing endpoint 'DCRM.Api.Controllers.PatientController.Get (DCRM.Api)'

2024-07-28 19:21:53.018 +05:30  INF  Route matched with {action = "Get", controller = "Patient"}. Executing controller action with signature DCRM.Common.Dto.PatientseDto Get(Int64) on controller DCRM.Api.Controllers.PatientController (DCRM.Api).

2024-07-28 19:21:53.223 +05:30  INF  Executed DbCommand (216ms) [Parameters=[@__id_0='?' (DbType = Int64)], CommandType='"Text"', CommandTimeout='30']
SELECT `u`.`Id`, `u`.`About_Me`, `u`.`Account_Type`, `u`.`Address`, `u`.`Available_Days`, `u`.`Bn_Name`, `u`.`City`, `u`.`Country`, `u`.`Created_At`, `u`.`Currency`, `u`.`Degree`, `u`.`Email`, `u`.`Email_Verified`, `u`.`Enable_Appointment`, `u`.`Enable_Rating`, `u`.`Exp_Years`, `u`.`Facebook`, `u`.`Google_Analytics`, `u`.`Image`, `u`.`Instagram`, `u`.`Linkedin`, `u`.`Name`, `u`.`Parent_Id`, `u`.`Password`, `u`.`Paypal_Email`, `u`.`Paypal_Mode`, `u`.`Paypal_Payment`, `u`.`Paystack_Payment`, `u`.`Paystack_Public_Key`, `u`.`Paystack_Secret_Key`, `u`.`Phone`, `u`.`Publish_Key`, `u`.`Qr_Code`, `u`.`Razorpay_Key_Id`, `u`.`Razorpay_Key_Secret`, `u`.`Razorpay_Payment`, `u`.`Role`, `u`.`Secret_Key`, `u`.`Skype`, `u`.`Slug`, `u`.`Specialist`, `u`.`Status`, `u`.`Stripe_Payment`, `u`.`Thumb`, `u`.`Trial_Expire`, `u`.`Twitter`, `u`.`User_Name`, `u`.`User_Type`, `u`.`Verify_Code`, `u`.`Whatsapp`
FROM `Users` AS `u`
WHERE `u`.`Id` = @__id_0
LIMIT 1

2024-07-28 19:21:53.223 +05:30  INF  Executing endpoint 'DCRM.Api.Controllers.PatientController.Get (DCRM.Api)'

2024-07-28 19:21:53.223 +05:30  INF  Route matched with {action = "Get", controller = "Patient"}. Executing controller action with signature DCRM.Common.Dto.PatientseDto Get(Int64) on controller DCRM.Api.Controllers.PatientController (DCRM.Api).

2024-07-28 19:21:53.438 +05:30  INF  Executed DbCommand (215ms) [Parameters=[@__id_0='?' (DbType = Int64)], CommandType='"Text"', CommandTimeout='30']
SELECT `u`.`Id`, `u`.`About_Me`, `u`.`Account_Type`, `u`.`Address`, `u`.`Available_Days`, `u`.`Bn_Name`, `u`.`City`, `u`.`Country`, `u`.`Created_At`, `u`.`Currency`, `u`.`Degree`, `u`.`Email`, `u`.`Email_Verified`, `u`.`Enable_Appointment`, `u`.`Enable_Rating`, `u`.`Exp_Years`, `u`.`Facebook`, `u`.`Google_Analytics`, `u`.`Image`, `u`.`Instagram`, `u`.`Linkedin`, `u`.`Name`, `u`.`Parent_Id`, `u`.`Password`, `u`.`Paypal_Email`, `u`.`Paypal_Mode`, `u`.`Paypal_Payment`, `u`.`Paystack_Payment`, `u`.`Paystack_Public_Key`, `u`.`Paystack_Secret_Key`, `u`.`Phone`, `u`.`Publish_Key`, `u`.`Qr_Code`, `u`.`Razorpay_Key_Id`, `u`.`Razorpay_Key_Secret`, `u`.`Razorpay_Payment`, `u`.`Role`, `u`.`Secret_Key`, `u`.`Skype`, `u`.`Slug`, `u`.`Specialist`, `u`.`Status`, `u`.`Stripe_Payment`, `u`.`Thumb`, `u`.`Trial_Expire`, `u`.`Twitter`, `u`.`User_Name`, `u`.`User_Type`, `u`.`Verify_Code`, `u`.`Whatsapp`
FROM `Users` AS `u`
WHERE `u`.`Id` = @__id_0
LIMIT 1

2024-07-28 19:21:53.438 +05:30  INF  Request finished HTTP/2 GET https://localhost:7069/api/Patient/Get/ application/json - - 404 0 - 647.6257ms

2024-07-28 19:21:53.646 +05:30  INF  Executed DbCommand (236ms) [Parameters=[@__Id_0='?' (DbType = Int64)], CommandType='"Text"', CommandTimeout='30']
SELECT `d`.`Id`, `d`.`Age`, `d`.`Blood_Group`, `d`.`Created_At`, `d`.`Dob`, `d`.`Email`, `d`.`Email2`, `d`.`Gender`, `d`.`Gst_Number`, `d`.`Is_Delete`, `d`.`Marital_Status`, `d`.`Name`, `d`.`Pan_Number`, `d`.`Password`, `d`.`Phone1`, `d`.`Phone2`, `d`.`Phone3`, `d`.`Phone4`, `d`.`Qualification`, `d`.`Role`, `d`.`Speciality`, `d`.`Thumb`, `d`.`Updated_At`, `d`.`User_Id`
FROM `Doctors` AS `d`
WHERE `d`.`Id` = @__Id_0
LIMIT 2

2024-07-28 19:21:53.663 +05:30  INF  Executed DbCommand (219ms) [Parameters=[@__id_0='?' (DbType = Int64)], CommandType='"Text"', CommandTimeout='30']
SELECT `p`.`Id`, `p`.`Age`, `p`.`Chamber_Id`, `p`.`Created_At`, `p`.`Email`, `p`.`Guardian`, `p`.`Is_Delete`, `p`.`Mobile`, `p`.`Mr_Number`, `p`.`Name`, `p`.`Password`, `p`.`Permanent_Address`, `p`.`Present_Address`, `p`.`Role`, `p`.`Sex`, `p`.`Slug`, `p`.`Thumb`, `p`.`Title`, `p`.`UserName`, `p`.`User_Id`, `p`.`Verify_Code`, `p`.`Weight`
FROM `Patientses` AS `p`
WHERE (`p`.`Is_Delete` = 0) AND (`p`.`Id` = @__id_0)
LIMIT 1

2024-07-28 19:21:53.877 +05:30  INF  Executed DbCommand (213ms) [Parameters=[@__id_0='?' (DbType = Int64)], CommandType='"Text"', CommandTimeout='30']
SELECT `p`.`Id`, `p`.`Age`, `p`.`Chamber_Id`, `p`.`Created_At`, `p`.`Email`, `p`.`Guardian`, `p`.`Is_Delete`, `p`.`Mobile`, `p`.`Mr_Number`, `p`.`Name`, `p`.`Password`, `p`.`Permanent_Address`, `p`.`Present_Address`, `p`.`Role`, `p`.`Sex`, `p`.`Slug`, `p`.`Thumb`, `p`.`Title`, `p`.`UserName`, `p`.`User_Id`, `p`.`Verify_Code`, `p`.`Weight`
FROM `Patientses` AS `p`
WHERE (`p`.`Is_Delete` = 0) AND (`p`.`Id` = @__id_0)
LIMIT 1

2024-07-28 19:21:53.877 +05:30  INF  Executing ObjectResult, writing value of type 'DCRM.Common.Dto.PatientseDto'.

2024-07-28 19:21:53.877 +05:30  INF  Executed action DCRM.Api.Controllers.PatientController.Get (DCRM.Api) in 653.6076ms

2024-07-28 19:21:53.877 +05:30  INF  Executed endpoint 'DCRM.Api.Controllers.PatientController.Get (DCRM.Api)'

2024-07-28 19:21:53.877 +05:30  INF  Request finished HTTP/2 GET https://localhost:7069/api/Patient/Get/5 application/json - - 200 - application/json;+charset=utf-8 1297.4470ms

2024-07-28 19:21:54.319 +05:30  INF  Executed DbCommand (233ms) [Parameters=[@__Id_0='?' (DbType = Int64)], CommandType='"Text"', CommandTimeout='30']
SELECT `d`.`Id`, `d`.`Age`, `d`.`Blood_Group`, `d`.`Created_At`, `d`.`Dob`, `d`.`Email`, `d`.`Email2`, `d`.`Gender`, `d`.`Gst_Number`, `d`.`Is_Delete`, `d`.`Marital_Status`, `d`.`Name`, `d`.`Pan_Number`, `d`.`Password`, `d`.`Phone1`, `d`.`Phone2`, `d`.`Phone3`, `d`.`Phone4`, `d`.`Qualification`, `d`.`Role`, `d`.`Speciality`, `d`.`Thumb`, `d`.`Updated_At`, `d`.`User_Id`
FROM `Doctors` AS `d`
WHERE `d`.`Id` = @__Id_0
LIMIT 2

2024-07-28 19:21:54.533 +05:30  INF  Executed DbCommand (446ms) [Parameters=[], CommandType='"Text"', CommandTimeout='30']
SELECT `p`.`Id`, `p`.`Amount_Type`, `p`.`Balance`, `p`.`Created_At`, `p`.`Credit_Amount`, `p`.`Debit_Amount`, `p`.`Description`, `p`.`Doctor_Id`, `p`.`Patient_Id`, `p`.`Payment_Mode`, `p`.`Updated_At`, `p`.`Workdone_Id`, `p`.`isPrinted`
FROM `Payment_History` AS `p`

2024-07-28 19:21:55.195 +05:30  INF  Executed DbCommand (441ms) [Parameters=[@__Id_0='?' (DbType = Int64)], CommandType='"Text"', CommandTimeout='30']
SELECT `d`.`Id`, `d`.`Age`, `d`.`Blood_Group`, `d`.`Created_At`, `d`.`Dob`, `d`.`Email`, `d`.`Email2`, `d`.`Gender`, `d`.`Gst_Number`, `d`.`Is_Delete`, `d`.`Marital_Status`, `d`.`Name`, `d`.`Pan_Number`, `d`.`Password`, `d`.`Phone1`, `d`.`Phone2`, `d`.`Phone3`, `d`.`Phone4`, `d`.`Qualification`, `d`.`Role`, `d`.`Speciality`, `d`.`Thumb`, `d`.`Updated_At`, `d`.`User_Id`
FROM `Doctors` AS `d`
WHERE `d`.`Id` = @__Id_0
LIMIT 2

2024-07-28 19:21:55.394 +05:30  INF  Executed DbCommand (214ms) [Parameters=[@__p_0='?' (DbType = Int64)], CommandType='"Text"', CommandTimeout='30']
SELECT `p`.`Id`, `p`.`Amount`, `p`.`Balance_Amount`, `p`.`Balance_Spent`, `p`.`Created_At`, `p`.`Name`, `p`.`Patients_Id`, `p`.`Type`, `p`.`Updated_At`
FROM `Patients_Insurance_Loan` AS `p`
WHERE `p`.`Patients_Id` = @__p_0

2024-07-28 19:21:55.856 +05:30  INF  Executed DbCommand (220ms) [Parameters=[@__Id_0='?' (DbType = Int64)], CommandType='"Text"', CommandTimeout='30']
SELECT `d`.`Id`, `d`.`Age`, `d`.`Blood_Group`, `d`.`Created_At`, `d`.`Dob`, `d`.`Email`, `d`.`Email2`, `d`.`Gender`, `d`.`Gst_Number`, `d`.`Is_Delete`, `d`.`Marital_Status`, `d`.`Name`, `d`.`Pan_Number`, `d`.`Password`, `d`.`Phone1`, `d`.`Phone2`, `d`.`Phone3`, `d`.`Phone4`, `d`.`Qualification`, `d`.`Role`, `d`.`Speciality`, `d`.`Thumb`, `d`.`Updated_At`, `d`.`User_Id`
FROM `Doctors` AS `d`
WHERE `d`.`Id` = @__Id_0
LIMIT 2

2024-07-28 19:21:56.041 +05:30  INF  Executed DbCommand (215ms) [Parameters=[@__p_0='?' (DbType = Int64)], CommandType='"Text"', CommandTimeout='30']
SELECT `p`.`Id`, `p`.`Created_At`, `p`.`Patient_Id`, `p`.`Report`, `p`.`Report_Date`, `p`.`Report_File`, `p`.`Status`, `p`.`Test_Name`, `p`.`Test_Price`, `p`.`Updated_At`
FROM `Patient_Tests` AS `p`
WHERE `p`.`Patient_Id` = @__p_0

2024-07-28 19:21:56.516 +05:30  INF  Executed DbCommand (221ms) [Parameters=[@__Id_0='?' (DbType = Int64)], CommandType='"Text"', CommandTimeout='30']
SELECT `d`.`Id`, `d`.`Age`, `d`.`Blood_Group`, `d`.`Created_At`, `d`.`Dob`, `d`.`Email`, `d`.`Email2`, `d`.`Gender`, `d`.`Gst_Number`, `d`.`Is_Delete`, `d`.`Marital_Status`, `d`.`Name`, `d`.`Pan_Number`, `d`.`Password`, `d`.`Phone1`, `d`.`Phone2`, `d`.`Phone3`, `d`.`Phone4`, `d`.`Qualification`, `d`.`Role`, `d`.`Speciality`, `d`.`Thumb`, `d`.`Updated_At`, `d`.`User_Id`
FROM `Doctors` AS `d`
WHERE `d`.`Id` = @__Id_0
LIMIT 2

2024-07-28 19:21:56.684 +05:30  INF  Executed DbCommand (216ms) [Parameters=[@__p_0='?' (DbType = Int64)], CommandType='"Text"', CommandTimeout='30']
SELECT `p`.`Id`, `p`.`Address_O`, `p`.`Address_Other`, `p`.`Address_R`, `p`.`City_O`, `p`.`City_Other`, `p`.`City_R`, `p`.`Country_O`, `p`.`Country_Other`, `p`.`Country_R`, `p`.`Created_At`, `p`.`Doctor_Name`, `p`.`Email`, `p`.`Email2`, `p`.`Medical_History_Allergies`, `p`.`Patient_Id`, `p`.`Phone`, `p`.`Phone1`, `p`.`Phone2`, `p`.`Phone3`, `p`.`Phone4`, `p`.`Physician`, `p`.`Reffered_By`, `p`.`Relationship_Type`, `p`.`Special_Notes`, `p`.`Updated_At`, `p`.`Zip_O`, `p`.`Zip_Other`, `p`.`Zip_R`
FROM `Patients_Contact` AS `p`
WHERE `p`.`Patient_Id` = @__p_0

2024-07-28 19:21:57.178 +05:30  INF  Executed DbCommand (221ms) [Parameters=[@__Id_0='?' (DbType = Int64)], CommandType='"Text"', CommandTimeout='30']
SELECT `d`.`Id`, `d`.`Age`, `d`.`Blood_Group`, `d`.`Created_At`, `d`.`Dob`, `d`.`Email`, `d`.`Email2`, `d`.`Gender`, `d`.`Gst_Number`, `d`.`Is_Delete`, `d`.`Marital_Status`, `d`.`Name`, `d`.`Pan_Number`, `d`.`Password`, `d`.`Phone1`, `d`.`Phone2`, `d`.`Phone3`, `d`.`Phone4`, `d`.`Qualification`, `d`.`Role`, `d`.`Speciality`, `d`.`Thumb`, `d`.`Updated_At`, `d`.`User_Id`
FROM `Doctors` AS `d`
WHERE `d`.`Id` = @__Id_0
LIMIT 2

2024-07-28 19:21:57.328 +05:30  INF  Executed DbCommand (215ms) [Parameters=[@__p_0='?' (DbType = Int64)], CommandType='"Text"', CommandTimeout='30']
SELECT `p`.`Id`, `p`.`Created_At`, `p`.`Patient_Id`, `p`.`Report`, `p`.`Report_File`, `p`.`Scan_Name`, `p`.`Status`, `p`.`Type`, `p`.`Updated_At`
FROM `Patient_Scans` AS `p`
WHERE `p`.`Patient_Id` = @__p_0

2024-07-28 19:21:57.328 +05:30  INF  Executing ObjectResult, writing value of type 'DCRM.Common.Dto.PatientseDto'.

2024-07-28 19:21:57.328 +05:30  INF  Executed action DCRM.Api.Controllers.PatientController.Get (DCRM.Api) in 4310.6451ms

2024-07-28 19:21:57.328 +05:30  INF  Executed endpoint 'DCRM.Api.Controllers.PatientController.Get (DCRM.Api)'

2024-07-28 19:21:57.328 +05:30  INF  Request finished HTTP/2 GET https://localhost:7069/api/Patient/Get/50 application/json - - 200 - application/json;+charset=utf-8 4950.3074ms

2024-07-28 19:21:57.837 +05:30  INF  Executed DbCommand (220ms) [Parameters=[@__Id_0='?' (DbType = Int64)], CommandType='"Text"', CommandTimeout='30']
SELECT `d`.`Id`, `d`.`Age`, `d`.`Blood_Group`, `d`.`Created_At`, `d`.`Dob`, `d`.`Email`, `d`.`Email2`, `d`.`Gender`, `d`.`Gst_Number`, `d`.`Is_Delete`, `d`.`Marital_Status`, `d`.`Name`, `d`.`Pan_Number`, `d`.`Password`, `d`.`Phone1`, `d`.`Phone2`, `d`.`Phone3`, `d`.`Phone4`, `d`.`Qualification`, `d`.`Role`, `d`.`Speciality`, `d`.`Thumb`, `d`.`Updated_At`, `d`.`User_Id`
FROM `Doctors` AS `d`
WHERE `d`.`Id` = @__Id_0
LIMIT 2

2024-07-28 19:21:58.500 +05:30  INF  Executed DbCommand (223ms) [Parameters=[@__Id_0='?' (DbType = Int64)], CommandType='"Text"', CommandTimeout='30']
SELECT `d`.`Id`, `d`.`Age`, `d`.`Blood_Group`, `d`.`Created_At`, `d`.`Dob`, `d`.`Email`, `d`.`Email2`, `d`.`Gender`, `d`.`Gst_Number`, `d`.`Is_Delete`, `d`.`Marital_Status`, `d`.`Name`, `d`.`Pan_Number`, `d`.`Password`, `d`.`Phone1`, `d`.`Phone2`, `d`.`Phone3`, `d`.`Phone4`, `d`.`Qualification`, `d`.`Role`, `d`.`Speciality`, `d`.`Thumb`, `d`.`Updated_At`, `d`.`User_Id`
FROM `Doctors` AS `d`
WHERE `d`.`Id` = @__Id_0
LIMIT 2

2024-07-28 19:21:59.159 +05:30  INF  Executed DbCommand (221ms) [Parameters=[@__Id_0='?' (DbType = Int64)], CommandType='"Text"', CommandTimeout='30']
SELECT `d`.`Id`, `d`.`Age`, `d`.`Blood_Group`, `d`.`Created_At`, `d`.`Dob`, `d`.`Email`, `d`.`Email2`, `d`.`Gender`, `d`.`Gst_Number`, `d`.`Is_Delete`, `d`.`Marital_Status`, `d`.`Name`, `d`.`Pan_Number`, `d`.`Password`, `d`.`Phone1`, `d`.`Phone2`, `d`.`Phone3`, `d`.`Phone4`, `d`.`Qualification`, `d`.`Role`, `d`.`Speciality`, `d`.`Thumb`, `d`.`Updated_At`, `d`.`User_Id`
FROM `Doctors` AS `d`
WHERE `d`.`Id` = @__Id_0
LIMIT 2

2024-07-28 19:21:59.829 +05:30  INF  Executed DbCommand (219ms) [Parameters=[@__Id_0='?' (DbType = Int64)], CommandType='"Text"', CommandTimeout='30']
SELECT `d`.`Id`, `d`.`Age`, `d`.`Blood_Group`, `d`.`Created_At`, `d`.`Dob`, `d`.`Email`, `d`.`Email2`, `d`.`Gender`, `d`.`Gst_Number`, `d`.`Is_Delete`, `d`.`Marital_Status`, `d`.`Name`, `d`.`Pan_Number`, `d`.`Password`, `d`.`Phone1`, `d`.`Phone2`, `d`.`Phone3`, `d`.`Phone4`, `d`.`Qualification`, `d`.`Role`, `d`.`Speciality`, `d`.`Thumb`, `d`.`Updated_At`, `d`.`User_Id`
FROM `Doctors` AS `d`
WHERE `d`.`Id` = @__Id_0
LIMIT 2

2024-07-28 19:22:00.498 +05:30  INF  Executed DbCommand (220ms) [Parameters=[@__Id_0='?' (DbType = Int64)], CommandType='"Text"', CommandTimeout='30']
SELECT `d`.`Id`, `d`.`Age`, `d`.`Blood_Group`, `d`.`Created_At`, `d`.`Dob`, `d`.`Email`, `d`.`Email2`, `d`.`Gender`, `d`.`Gst_Number`, `d`.`Is_Delete`, `d`.`Marital_Status`, `d`.`Name`, `d`.`Pan_Number`, `d`.`Password`, `d`.`Phone1`, `d`.`Phone2`, `d`.`Phone3`, `d`.`Phone4`, `d`.`Qualification`, `d`.`Role`, `d`.`Speciality`, `d`.`Thumb`, `d`.`Updated_At`, `d`.`User_Id`
FROM `Doctors` AS `d`
WHERE `d`.`Id` = @__Id_0
LIMIT 2

2024-07-28 19:22:01.184 +05:30  INF  Executed DbCommand (222ms) [Parameters=[@__Id_0='?' (DbType = Int64)], CommandType='"Text"', CommandTimeout='30']
SELECT `d`.`Id`, `d`.`Age`, `d`.`Blood_Group`, `d`.`Created_At`, `d`.`Dob`, `d`.`Email`, `d`.`Email2`, `d`.`Gender`, `d`.`Gst_Number`, `d`.`Is_Delete`, `d`.`Marital_Status`, `d`.`Name`, `d`.`Pan_Number`, `d`.`Password`, `d`.`Phone1`, `d`.`Phone2`, `d`.`Phone3`, `d`.`Phone4`, `d`.`Qualification`, `d`.`Role`, `d`.`Speciality`, `d`.`Thumb`, `d`.`Updated_At`, `d`.`User_Id`
FROM `Doctors` AS `d`
WHERE `d`.`Id` = @__Id_0
LIMIT 2

2024-07-28 19:22:01.840 +05:30  INF  Executed DbCommand (220ms) [Parameters=[@__Id_0='?' (DbType = Int64)], CommandType='"Text"', CommandTimeout='30']
SELECT `d`.`Id`, `d`.`Age`, `d`.`Blood_Group`, `d`.`Created_At`, `d`.`Dob`, `d`.`Email`, `d`.`Email2`, `d`.`Gender`, `d`.`Gst_Number`, `d`.`Is_Delete`, `d`.`Marital_Status`, `d`.`Name`, `d`.`Pan_Number`, `d`.`Password`, `d`.`Phone1`, `d`.`Phone2`, `d`.`Phone3`, `d`.`Phone4`, `d`.`Qualification`, `d`.`Role`, `d`.`Speciality`, `d`.`Thumb`, `d`.`Updated_At`, `d`.`User_Id`
FROM `Doctors` AS `d`
WHERE `d`.`Id` = @__Id_0
LIMIT 2

2024-07-28 19:22:01.841 +05:30  INF  Executing ObjectResult, writing value of type 'System.Collections.Generic.List`1[[DCRM.Common.Dto.ChairDto, DCRM.Common, Version=1.0.0.0, Culture=neutral, PublicKeyToken=null]]'.

2024-07-28 19:22:01.841 +05:30  INF  Executed action DCRM.Api.Controllers.ChairController.GetAll (DCRM.Api) in 13549.183ms

2024-07-28 19:22:01.841 +05:30  INF  Executed endpoint 'DCRM.Api.Controllers.ChairController.GetAll (DCRM.Api)'

2024-07-28 19:22:01.841 +05:30  INF  Request finished HTTP/2 GET https://localhost:7069/api/Chair/GetAll application/json - - 200 - application/json;+charset=utf-8 14210.0753ms

2024-07-28 19:26:55.156 +05:30  INF  Request starting HTTP/2 OPTIONS https://localhost:7069/api/Dashboard/Get - -

2024-07-28 19:26:55.160 +05:30  INF  CORS policy execution successful.

2024-07-28 19:26:55.161 +05:30  INF  Request finished HTTP/2 OPTIONS https://localhost:7069/api/Dashboard/Get - - - 204 - - 4.7959ms

2024-07-28 19:26:55.204 +05:30  INF  Request starting HTTP/2 GET https://localhost:7069/api/Dashboard/Get application/json -

2024-07-28 19:26:55.205 +05:30  INF  CORS policy execution successful.

2024-07-28 19:26:55.740 +05:30  INF  Request starting HTTP/2 OPTIONS https://localhost:7069/api/Appointment/Get/387 - -

2024-07-28 19:26:55.740 +05:30  INF  CORS policy execution successful.

2024-07-28 19:26:55.740 +05:30  INF  Request finished HTTP/2 OPTIONS https://localhost:7069/api/Appointment/Get/387 - - - 204 - - 0.2798ms

2024-07-28 19:26:55.744 +05:30  INF  Request starting HTTP/2 GET https://localhost:7069/api/Appointment/Get/387 application/json -

2024-07-28 19:26:55.744 +05:30  INF  CORS policy execution successful.

2024-07-28 19:26:58.432 +05:30  INF  Executed DbCommand (227ms) [Parameters=[@__id_0='?' (DbType = Int64)], CommandType='"Text"', CommandTimeout='30']
SELECT `u`.`Id`, `u`.`About_Me`, `u`.`Account_Type`, `u`.`Address`, `u`.`Available_Days`, `u`.`Bn_Name`, `u`.`City`, `u`.`Country`, `u`.`Created_At`, `u`.`Currency`, `u`.`Degree`, `u`.`Email`, `u`.`Email_Verified`, `u`.`Enable_Appointment`, `u`.`Enable_Rating`, `u`.`Exp_Years`, `u`.`Facebook`, `u`.`Google_Analytics`, `u`.`Image`, `u`.`Instagram`, `u`.`Linkedin`, `u`.`Name`, `u`.`Parent_Id`, `u`.`Password`, `u`.`Paypal_Email`, `u`.`Paypal_Mode`, `u`.`Paypal_Payment`, `u`.`Paystack_Payment`, `u`.`Paystack_Public_Key`, `u`.`Paystack_Secret_Key`, `u`.`Phone`, `u`.`Publish_Key`, `u`.`Qr_Code`, `u`.`Razorpay_Key_Id`, `u`.`Razorpay_Key_Secret`, `u`.`Razorpay_Payment`, `u`.`Role`, `u`.`Secret_Key`, `u`.`Skype`, `u`.`Slug`, `u`.`Specialist`, `u`.`Status`, `u`.`Stripe_Payment`, `u`.`Thumb`, `u`.`Trial_Expire`, `u`.`Twitter`, `u`.`User_Name`, `u`.`User_Type`, `u`.`Verify_Code`, `u`.`Whatsapp`
FROM `Users` AS `u`
WHERE `u`.`Id` = @__id_0
LIMIT 1

2024-07-28 19:26:58.432 +05:30  INF  Executing endpoint 'DCRM.Api.Controllers.DashboardController.Get (DCRM.Api)'

2024-07-28 19:26:58.432 +05:30  INF  Route matched with {action = "Get", controller = "Dashboard"}. Executing controller action with signature DCRM.Common.Dto.DashboardDto Get() on controller DCRM.Api.Controllers.DashboardController (DCRM.Api).

2024-07-28 19:26:58.686 +05:30  INF  Executed DbCommand (209ms) [Parameters=[@__id_0='?' (DbType = Int64)], CommandType='"Text"', CommandTimeout='30']
SELECT `u`.`Id`, `u`.`About_Me`, `u`.`Account_Type`, `u`.`Address`, `u`.`Available_Days`, `u`.`Bn_Name`, `u`.`City`, `u`.`Country`, `u`.`Created_At`, `u`.`Currency`, `u`.`Degree`, `u`.`Email`, `u`.`Email_Verified`, `u`.`Enable_Appointment`, `u`.`Enable_Rating`, `u`.`Exp_Years`, `u`.`Facebook`, `u`.`Google_Analytics`, `u`.`Image`, `u`.`Instagram`, `u`.`Linkedin`, `u`.`Name`, `u`.`Parent_Id`, `u`.`Password`, `u`.`Paypal_Email`, `u`.`Paypal_Mode`, `u`.`Paypal_Payment`, `u`.`Paystack_Payment`, `u`.`Paystack_Public_Key`, `u`.`Paystack_Secret_Key`, `u`.`Phone`, `u`.`Publish_Key`, `u`.`Qr_Code`, `u`.`Razorpay_Key_Id`, `u`.`Razorpay_Key_Secret`, `u`.`Razorpay_Payment`, `u`.`Role`, `u`.`Secret_Key`, `u`.`Skype`, `u`.`Slug`, `u`.`Specialist`, `u`.`Status`, `u`.`Stripe_Payment`, `u`.`Thumb`, `u`.`Trial_Expire`, `u`.`Twitter`, `u`.`User_Name`, `u`.`User_Type`, `u`.`Verify_Code`, `u`.`Whatsapp`
FROM `Users` AS `u`
WHERE `u`.`Id` = @__id_0
LIMIT 1

2024-07-28 19:26:58.686 +05:30  INF  Executing endpoint 'DCRM.Api.Controllers.AppointmentController.Get (DCRM.Api)'

2024-07-28 19:26:58.686 +05:30  INF  Route matched with {action = "Get", controller = "Appointment"}. Executing controller action with signature DCRM.Common.Entity.Appointment Get(Int32) on controller DCRM.Api.Controllers.AppointmentController (DCRM.Api).

2024-07-28 19:26:59.108 +05:30  INF  Executed DbCommand (224ms) [Parameters=[@__p_0='?' (DbType = Int64)], CommandType='"Text"', CommandTimeout='30']
SELECT COUNT(*)
FROM `Patientses` AS `p`
WHERE (`p`.`User_Id` = @__p_0) AND (`p`.`Is_Delete` = 0)

2024-07-28 19:26:59.333 +05:30  INF  Executed DbCommand (211ms) [Parameters=[@__id_0='?' (DbType = Int64)], CommandType='"Text"', CommandTimeout='30']
SELECT `a`.`Id`, `a`.`Appointment_Status`, `a`.`Cause`, `a`.`Chair`, `a`.`Chamber_Id`, `a`.`Created_At`, `a`.`Date`, `a`.`Doctor_Id`, `a`.`Doctor_Name`, `a`.`End_Time`, `a`.`Extra_Notes`, `a`.`Files`, `a`.`Is_Delete`, `a`.`Is_Start`, `a`.`Meeting_Notes`, `a`.`Number_Of_Slot`, `a`.`Patient_Id`, `a`.`Prescription_Id`, `a`.`Serial_Id`, `a`.`Slot_Time`, `a`.`Start_Time`, `a`.`Status`, `a`.`Type`, `a`.`User_Id`, `a`.`Workdone_Id`
FROM `Appointments` AS `a`
WHERE (`a`.`Id` = @__id_0) AND (`a`.`Is_Delete` = 0)
LIMIT 1

2024-07-28 19:26:59.333 +05:30  INF  Executing ObjectResult, writing value of type 'DCRM.Common.Entity.Appointment'.

2024-07-28 19:26:59.333 +05:30  INF  Executed action DCRM.Api.Controllers.AppointmentController.Get (DCRM.Api) in 647.0383ms

2024-07-28 19:26:59.333 +05:30  INF  Executed endpoint 'DCRM.Api.Controllers.AppointmentController.Get (DCRM.Api)'

2024-07-28 19:26:59.333 +05:30  INF  Request finished HTTP/2 GET https://localhost:7069/api/Appointment/Get/387 application/json - - 200 - application/json;+charset=utf-8 3589.7976ms

2024-07-28 19:26:59.835 +05:30  INF  Executed DbCommand (278ms) [Parameters=[@__userId_0='?' (DbType = Int32)], CommandType='"Text"', CommandTimeout='30']
SELECT COUNT(*)
FROM `Staffs` AS `s`
WHERE (`s`.`User_Id` = @__userId_0) AND (`s`.`Is_Deleted` = 0)

2024-07-28 19:27:00.523 +05:30  INF  Executed DbCommand (227ms) [Parameters=[@__userId_0='?' (DbType = Int32)], CommandType='"Text"', CommandTimeout='30']
SELECT COUNT(*)
FROM `Appointments` AS `a`
WHERE (`a`.`User_Id` = @__userId_0) AND (`a`.`Is_Delete` = 0)

2024-07-28 19:27:01.309 +05:30  INF  Executed DbCommand (223ms) [Parameters=[@__userId_0='?' (DbType = Int32)], CommandType='"Text"', CommandTimeout='30']
SELECT COUNT(*)
FROM `Appointments` AS `a`
WHERE ((`a`.`User_Id` = @__userId_0) AND (`a`.`Is_Delete` = 0)) AND (`a`.`Date` = CURDATE())

2024-07-28 19:27:01.309 +05:30  INF  Executing ObjectResult, writing value of type 'DCRM.Common.Dto.DashboardDto'.

2024-07-28 19:27:01.309 +05:30  INF  Executed action DCRM.Api.Controllers.DashboardController.Get (DCRM.Api) in 2876.7287ms

2024-07-28 19:27:01.309 +05:30  INF  Executed endpoint 'DCRM.Api.Controllers.DashboardController.Get (DCRM.Api)'

2024-07-28 19:27:01.309 +05:30  INF  Request finished HTTP/2 GET https://localhost:7069/api/Dashboard/Get application/json - - 200 - application/json;+charset=utf-8 6104.7978ms

2024-07-28 19:27:03.339 +05:30  INF  Request starting HTTP/2 OPTIONS https://localhost:7069/api/Patient/Get/387 - -

2024-07-28 19:27:03.339 +05:30  INF  CORS policy execution successful.

2024-07-28 19:27:03.339 +05:30  INF  Request finished HTTP/2 OPTIONS https://localhost:7069/api/Patient/Get/387 - - - 204 - - 0.3327ms

2024-07-28 19:27:03.340 +05:30  INF  Request starting HTTP/2 OPTIONS https://localhost:7069/api/Doctor/Get/Names - -

2024-07-28 19:27:03.340 +05:30  INF  CORS policy execution successful.

2024-07-28 19:27:03.340 +05:30  INF  Request finished HTTP/2 OPTIONS https://localhost:7069/api/Doctor/Get/Names - - - 204 - - 0.3681ms

2024-07-28 19:27:03.342 +05:30  INF  Request starting HTTP/2 GET https://localhost:7069/api/Patient/Get/387 application/json -

2024-07-28 19:27:03.342 +05:30  INF  CORS policy execution successful.

2024-07-28 19:27:03.343 +05:30  INF  Request starting HTTP/2 OPTIONS https://localhost:7069/api/Patient/Get/Names - -

2024-07-28 19:27:03.345 +05:30  INF  CORS policy execution successful.

2024-07-28 19:27:03.346 +05:30  INF  Request finished HTTP/2 OPTIONS https://localhost:7069/api/Patient/Get/Names - - - 204 - - 2.4850ms

2024-07-28 19:27:03.358 +05:30  INF  Request starting HTTP/2 GET https://localhost:7069/api/Doctor/Get/Names application/json -

2024-07-28 19:27:03.358 +05:30  INF  Request starting HTTP/2 OPTIONS https://localhost:7069/api/Patient/Get/508 - -

2024-07-28 19:27:03.359 +05:30  INF  Request starting HTTP/2 OPTIONS https://localhost:7069/api/Chair/GetAll - -

2024-07-28 19:27:03.359 +05:30  INF  CORS policy execution successful.

2024-07-28 19:27:03.359 +05:30  INF  CORS policy execution successful.

2024-07-28 19:27:03.359 +05:30  INF  Request finished HTTP/2 OPTIONS https://localhost:7069/api/Chair/GetAll - - - 204 - - 0.2258ms

2024-07-28 19:27:03.361 +05:30  INF  CORS policy execution successful.

2024-07-28 19:27:03.361 +05:30  INF  Request finished HTTP/2 OPTIONS https://localhost:7069/api/Patient/Get/508 - - - 204 - - 3.7002ms

2024-07-28 19:27:03.362 +05:30  INF  Request starting HTTP/2 GET https://localhost:7069/api/Patient/Get/Names application/json -

2024-07-28 19:27:03.363 +05:30  INF  CORS policy execution successful.

2024-07-28 19:27:03.366 +05:30  INF  Request starting HTTP/2 GET https://localhost:7069/api/Patient/Get/508 application/json -

2024-07-28 19:27:03.366 +05:30  INF  Request starting HTTP/2 GET https://localhost:7069/api/Chair/GetAll application/json -

2024-07-28 19:27:03.367 +05:30  INF  CORS policy execution successful.

2024-07-28 19:27:03.367 +05:30  INF  CORS policy execution successful.

2024-07-28 19:27:04.000 +05:30  INF  Executed DbCommand (215ms) [Parameters=[@__id_0='?' (DbType = Int64)], CommandType='"Text"', CommandTimeout='30']
SELECT `u`.`Id`, `u`.`About_Me`, `u`.`Account_Type`, `u`.`Address`, `u`.`Available_Days`, `u`.`Bn_Name`, `u`.`City`, `u`.`Country`, `u`.`Created_At`, `u`.`Currency`, `u`.`Degree`, `u`.`Email`, `u`.`Email_Verified`, `u`.`Enable_Appointment`, `u`.`Enable_Rating`, `u`.`Exp_Years`, `u`.`Facebook`, `u`.`Google_Analytics`, `u`.`Image`, `u`.`Instagram`, `u`.`Linkedin`, `u`.`Name`, `u`.`Parent_Id`, `u`.`Password`, `u`.`Paypal_Email`, `u`.`Paypal_Mode`, `u`.`Paypal_Payment`, `u`.`Paystack_Payment`, `u`.`Paystack_Public_Key`, `u`.`Paystack_Secret_Key`, `u`.`Phone`, `u`.`Publish_Key`, `u`.`Qr_Code`, `u`.`Razorpay_Key_Id`, `u`.`Razorpay_Key_Secret`, `u`.`Razorpay_Payment`, `u`.`Role`, `u`.`Secret_Key`, `u`.`Skype`, `u`.`Slug`, `u`.`Specialist`, `u`.`Status`, `u`.`Stripe_Payment`, `u`.`Thumb`, `u`.`Trial_Expire`, `u`.`Twitter`, `u`.`User_Name`, `u`.`User_Type`, `u`.`Verify_Code`, `u`.`Whatsapp`
FROM `Users` AS `u`
WHERE `u`.`Id` = @__id_0
LIMIT 1

2024-07-28 19:27:04.000 +05:30  INF  Executing endpoint 'DCRM.Api.Controllers.DoctorController.DoctorNameList (DCRM.Api)'

2024-07-28 19:27:04.001 +05:30  INF  Route matched with {action = "DoctorNameList", controller = "Doctor"}. Executing controller action with signature System.Collections.Generic.List`1[DCRM.Common.Dto.DropdownDataDto] DoctorNameList() on controller DCRM.Api.Controllers.DoctorController (DCRM.Api).

2024-07-28 19:27:04.033 +05:30  INF  Executed DbCommand (225ms) [Parameters=[@__id_0='?' (DbType = Int64)], CommandType='"Text"', CommandTimeout='30']
SELECT `u`.`Id`, `u`.`About_Me`, `u`.`Account_Type`, `u`.`Address`, `u`.`Available_Days`, `u`.`Bn_Name`, `u`.`City`, `u`.`Country`, `u`.`Created_At`, `u`.`Currency`, `u`.`Degree`, `u`.`Email`, `u`.`Email_Verified`, `u`.`Enable_Appointment`, `u`.`Enable_Rating`, `u`.`Exp_Years`, `u`.`Facebook`, `u`.`Google_Analytics`, `u`.`Image`, `u`.`Instagram`, `u`.`Linkedin`, `u`.`Name`, `u`.`Parent_Id`, `u`.`Password`, `u`.`Paypal_Email`, `u`.`Paypal_Mode`, `u`.`Paypal_Payment`, `u`.`Paystack_Payment`, `u`.`Paystack_Public_Key`, `u`.`Paystack_Secret_Key`, `u`.`Phone`, `u`.`Publish_Key`, `u`.`Qr_Code`, `u`.`Razorpay_Key_Id`, `u`.`Razorpay_Key_Secret`, `u`.`Razorpay_Payment`, `u`.`Role`, `u`.`Secret_Key`, `u`.`Skype`, `u`.`Slug`, `u`.`Specialist`, `u`.`Status`, `u`.`Stripe_Payment`, `u`.`Thumb`, `u`.`Trial_Expire`, `u`.`Twitter`, `u`.`User_Name`, `u`.`User_Type`, `u`.`Verify_Code`, `u`.`Whatsapp`
FROM `Users` AS `u`
WHERE `u`.`Id` = @__id_0
LIMIT 1

2024-07-28 19:27:04.033 +05:30  INF  Executing endpoint 'DCRM.Api.Controllers.PatientController.Get (DCRM.Api)'

2024-07-28 19:27:04.033 +05:30  INF  Route matched with {action = "Get", controller = "Patient"}. Executing controller action with signature DCRM.Common.Dto.PatientseDto Get(Int64) on controller DCRM.Api.Controllers.PatientController (DCRM.Api).

2024-07-28 19:27:04.705 +05:30  INF  Executed DbCommand (223ms) [Parameters=[@__id_0='?' (DbType = Int64)], CommandType='"Text"', CommandTimeout='30']
SELECT `p`.`Id`, `p`.`Age`, `p`.`Chamber_Id`, `p`.`Created_At`, `p`.`Email`, `p`.`Guardian`, `p`.`Is_Delete`, `p`.`Mobile`, `p`.`Mr_Number`, `p`.`Name`, `p`.`Password`, `p`.`Permanent_Address`, `p`.`Present_Address`, `p`.`Role`, `p`.`Sex`, `p`.`Slug`, `p`.`Thumb`, `p`.`Title`, `p`.`UserName`, `p`.`User_Id`, `p`.`Verify_Code`, `p`.`Weight`
FROM `Patientses` AS `p`
WHERE (`p`.`Is_Delete` = 0) AND (`p`.`Id` = @__id_0)
LIMIT 1

2024-07-28 19:27:04.846 +05:30  INF  Executed DbCommand (423ms) [Parameters=[@__userId_0='?' (DbType = Int64)], CommandType='"Text"', CommandTimeout='30']
SELECT `d`.`Id`, `d`.`Age`, `d`.`Blood_Group`, `d`.`Created_At`, `d`.`Dob`, `d`.`Email`, `d`.`Email2`, `d`.`Gender`, `d`.`Gst_Number`, `d`.`Is_Delete`, `d`.`Marital_Status`, `d`.`Name`, `d`.`Pan_Number`, `d`.`Password`, `d`.`Phone1`, `d`.`Phone2`, `d`.`Phone3`, `d`.`Phone4`, `d`.`Qualification`, `d`.`Role`, `d`.`Speciality`, `d`.`Thumb`, `d`.`Updated_At`, `d`.`User_Id`
FROM `Doctors` AS `d`
WHERE (`d`.`User_Id` = @__userId_0) AND (`d`.`Is_Delete` = 0)

2024-07-28 19:27:05.605 +05:30  INF  Executed DbCommand (453ms) [Parameters=[], CommandType='"Text"', CommandTimeout='30']
SELECT `p`.`Id`, `p`.`Amount_Type`, `p`.`Balance`, `p`.`Created_At`, `p`.`Credit_Amount`, `p`.`Debit_Amount`, `p`.`Description`, `p`.`Doctor_Id`, `p`.`Patient_Id`, `p`.`Payment_Mode`, `p`.`Updated_At`, `p`.`Workdone_Id`, `p`.`isPrinted`
FROM `Payment_History` AS `p`

2024-07-28 19:27:05.702 +05:30  INF  Executing ObjectResult, writing value of type 'System.Collections.Generic.List`1[[DCRM.Common.Dto.DropdownDataDto, DCRM.Common, Version=1.0.0.0, Culture=neutral, PublicKeyToken=null]]'.

2024-07-28 19:27:05.703 +05:30  INF  Executed action DCRM.Api.Controllers.DoctorController.DoctorNameList (DCRM.Api) in 1702.4616ms

2024-07-28 19:27:05.703 +05:30  INF  Executed endpoint 'DCRM.Api.Controllers.DoctorController.DoctorNameList (DCRM.Api)'

2024-07-28 19:27:05.703 +05:30  INF  Request finished HTTP/2 GET https://localhost:7069/api/Doctor/Get/Names application/json - - 200 - application/json;+charset=utf-8 2345.8736ms

2024-07-28 19:27:06.352 +05:30  INF  Executed DbCommand (210ms) [Parameters=[@__id_0='?' (DbType = Int64)], CommandType='"Text"', CommandTimeout='30']
SELECT `u`.`Id`, `u`.`About_Me`, `u`.`Account_Type`, `u`.`Address`, `u`.`Available_Days`, `u`.`Bn_Name`, `u`.`City`, `u`.`Country`, `u`.`Created_At`, `u`.`Currency`, `u`.`Degree`, `u`.`Email`, `u`.`Email_Verified`, `u`.`Enable_Appointment`, `u`.`Enable_Rating`, `u`.`Exp_Years`, `u`.`Facebook`, `u`.`Google_Analytics`, `u`.`Image`, `u`.`Instagram`, `u`.`Linkedin`, `u`.`Name`, `u`.`Parent_Id`, `u`.`Password`, `u`.`Paypal_Email`, `u`.`Paypal_Mode`, `u`.`Paypal_Payment`, `u`.`Paystack_Payment`, `u`.`Paystack_Public_Key`, `u`.`Paystack_Secret_Key`, `u`.`Phone`, `u`.`Publish_Key`, `u`.`Qr_Code`, `u`.`Razorpay_Key_Id`, `u`.`Razorpay_Key_Secret`, `u`.`Razorpay_Payment`, `u`.`Role`, `u`.`Secret_Key`, `u`.`Skype`, `u`.`Slug`, `u`.`Specialist`, `u`.`Status`, `u`.`Stripe_Payment`, `u`.`Thumb`, `u`.`Trial_Expire`, `u`.`Twitter`, `u`.`User_Name`, `u`.`User_Type`, `u`.`Verify_Code`, `u`.`Whatsapp`
FROM `Users` AS `u`
WHERE `u`.`Id` = @__id_0
LIMIT 1

2024-07-28 19:27:06.352 +05:30  INF  Executing endpoint 'DCRM.Api.Controllers.PatientController.PatientDetailList (DCRM.Api)'

2024-07-28 19:27:06.352 +05:30  INF  Route matched with {action = "PatientDetailList", controller = "Patient"}. Executing controller action with signature System.Collections.Generic.List`1[DCRM.Common.Dto.DropdownDataDto] PatientDetailList() on controller DCRM.Api.Controllers.PatientController (DCRM.Api).

2024-07-28 19:27:06.440 +05:30  INF  Executed DbCommand (217ms) [Parameters=[@__id_0='?' (DbType = Int64)], CommandType='"Text"', CommandTimeout='30']
SELECT `u`.`Id`, `u`.`About_Me`, `u`.`Account_Type`, `u`.`Address`, `u`.`Available_Days`, `u`.`Bn_Name`, `u`.`City`, `u`.`Country`, `u`.`Created_At`, `u`.`Currency`, `u`.`Degree`, `u`.`Email`, `u`.`Email_Verified`, `u`.`Enable_Appointment`, `u`.`Enable_Rating`, `u`.`Exp_Years`, `u`.`Facebook`, `u`.`Google_Analytics`, `u`.`Image`, `u`.`Instagram`, `u`.`Linkedin`, `u`.`Name`, `u`.`Parent_Id`, `u`.`Password`, `u`.`Paypal_Email`, `u`.`Paypal_Mode`, `u`.`Paypal_Payment`, `u`.`Paystack_Payment`, `u`.`Paystack_Public_Key`, `u`.`Paystack_Secret_Key`, `u`.`Phone`, `u`.`Publish_Key`, `u`.`Qr_Code`, `u`.`Razorpay_Key_Id`, `u`.`Razorpay_Key_Secret`, `u`.`Razorpay_Payment`, `u`.`Role`, `u`.`Secret_Key`, `u`.`Skype`, `u`.`Slug`, `u`.`Specialist`, `u`.`Status`, `u`.`Stripe_Payment`, `u`.`Thumb`, `u`.`Trial_Expire`, `u`.`Twitter`, `u`.`User_Name`, `u`.`User_Type`, `u`.`Verify_Code`, `u`.`Whatsapp`
FROM `Users` AS `u`
WHERE `u`.`Id` = @__id_0
LIMIT 1

2024-07-28 19:27:06.440 +05:30  INF  Executing endpoint 'DCRM.Api.Controllers.ChairController.GetAll (DCRM.Api)'

2024-07-28 19:27:06.440 +05:30  INF  Route matched with {action = "GetAll", controller = "Chair"}. Executing controller action with signature System.Collections.Generic.List`1[DCRM.Common.Dto.ChairDto] GetAll() on controller DCRM.Api.Controllers.ChairController (DCRM.Api).

2024-07-28 19:27:06.506 +05:30  INF  Executed DbCommand (224ms) [Parameters=[@__id_0='?' (DbType = Int64)], CommandType='"Text"', CommandTimeout='30']
SELECT `u`.`Id`, `u`.`About_Me`, `u`.`Account_Type`, `u`.`Address`, `u`.`Available_Days`, `u`.`Bn_Name`, `u`.`City`, `u`.`Country`, `u`.`Created_At`, `u`.`Currency`, `u`.`Degree`, `u`.`Email`, `u`.`Email_Verified`, `u`.`Enable_Appointment`, `u`.`Enable_Rating`, `u`.`Exp_Years`, `u`.`Facebook`, `u`.`Google_Analytics`, `u`.`Image`, `u`.`Instagram`, `u`.`Linkedin`, `u`.`Name`, `u`.`Parent_Id`, `u`.`Password`, `u`.`Paypal_Email`, `u`.`Paypal_Mode`, `u`.`Paypal_Payment`, `u`.`Paystack_Payment`, `u`.`Paystack_Public_Key`, `u`.`Paystack_Secret_Key`, `u`.`Phone`, `u`.`Publish_Key`, `u`.`Qr_Code`, `u`.`Razorpay_Key_Id`, `u`.`Razorpay_Key_Secret`, `u`.`Razorpay_Payment`, `u`.`Role`, `u`.`Secret_Key`, `u`.`Skype`, `u`.`Slug`, `u`.`Specialist`, `u`.`Status`, `u`.`Stripe_Payment`, `u`.`Thumb`, `u`.`Trial_Expire`, `u`.`Twitter`, `u`.`User_Name`, `u`.`User_Type`, `u`.`Verify_Code`, `u`.`Whatsapp`
FROM `Users` AS `u`
WHERE `u`.`Id` = @__id_0
LIMIT 1

2024-07-28 19:27:06.507 +05:30  INF  Executing endpoint 'DCRM.Api.Controllers.PatientController.Get (DCRM.Api)'

2024-07-28 19:27:06.507 +05:30  INF  Route matched with {action = "Get", controller = "Patient"}. Executing controller action with signature DCRM.Common.Dto.PatientseDto Get(Int64) on controller DCRM.Api.Controllers.PatientController (DCRM.Api).

2024-07-28 19:27:06.513 +05:30  INF  Executed DbCommand (225ms) [Parameters=[@__p_0='?' (DbType = Int64)], CommandType='"Text"', CommandTimeout='30']
SELECT `p`.`Id`, `p`.`Amount`, `p`.`Balance_Amount`, `p`.`Balance_Spent`, `p`.`Created_At`, `p`.`Name`, `p`.`Patients_Id`, `p`.`Type`, `p`.`Updated_At`
FROM `Patients_Insurance_Loan` AS `p`
WHERE `p`.`Patients_Id` = @__p_0

2024-07-28 19:27:06.987 +05:30  INF  Executed DbCommand (216ms) [Parameters=[@__userId_0='?' (DbType = Int64)], CommandType='"Text"', CommandTimeout='30']
SELECT `p`.`Id`, `p`.`Age`, `p`.`Chamber_Id`, `p`.`Created_At`, `p`.`Email`, `p`.`Guardian`, `p`.`Is_Delete`, `p`.`Mobile`, `p`.`Mr_Number`, `p`.`Name`, `p`.`Password`, `p`.`Permanent_Address`, `p`.`Present_Address`, `p`.`Role`, `p`.`Sex`, `p`.`Slug`, `p`.`Thumb`, `p`.`Title`, `p`.`UserName`, `p`.`User_Id`, `p`.`Verify_Code`, `p`.`Weight`
FROM `Patientses` AS `p`
WHERE (`p`.`User_Id` = @__userId_0) AND (`p`.`Is_Delete` = 0)

2024-07-28 19:27:07.087 +05:30  INF  Executed DbCommand (218ms) [Parameters=[], CommandType='"Text"', CommandTimeout='30']
SELECT `c`.`Id`, `c`.`Address`, `c`.`Appoinment_Limit`, `c`.`Created_At`, `c`.`Doctor_Id`, `c`.`Is_Primary`, `c`.`Name`, `c`.`Status`, `c`.`Uid`, `c`.`User_Id`
FROM `Chairs` AS `c`

2024-07-28 19:27:07.171 +05:30  INF  Executed DbCommand (220ms) [Parameters=[@__id_0='?' (DbType = Int64)], CommandType='"Text"', CommandTimeout='30']
SELECT `p`.`Id`, `p`.`Age`, `p`.`Chamber_Id`, `p`.`Created_At`, `p`.`Email`, `p`.`Guardian`, `p`.`Is_Delete`, `p`.`Mobile`, `p`.`Mr_Number`, `p`.`Name`, `p`.`Password`, `p`.`Permanent_Address`, `p`.`Present_Address`, `p`.`Role`, `p`.`Sex`, `p`.`Slug`, `p`.`Thumb`, `p`.`Title`, `p`.`UserName`, `p`.`User_Id`, `p`.`Verify_Code`, `p`.`Weight`
FROM `Patientses` AS `p`
WHERE (`p`.`Is_Delete` = 0) AND (`p`.`Id` = @__id_0)
LIMIT 1

2024-07-28 19:27:07.184 +05:30  INF  Executed DbCommand (223ms) [Parameters=[@__p_0='?' (DbType = Int64)], CommandType='"Text"', CommandTimeout='30']
SELECT `p`.`Id`, `p`.`Created_At`, `p`.`Patient_Id`, `p`.`Report`, `p`.`Report_Date`, `p`.`Report_File`, `p`.`Status`, `p`.`Test_Name`, `p`.`Test_Price`, `p`.`Updated_At`
FROM `Patient_Tests` AS `p`
WHERE `p`.`Patient_Id` = @__p_0

2024-07-28 19:27:07.735 +05:30  INF  Executed DbCommand (217ms) [Parameters=[@__Id_0='?' (DbType = Int64)], CommandType='"Text"', CommandTimeout='30']
SELECT `d`.`Id`, `d`.`Age`, `d`.`Blood_Group`, `d`.`Created_At`, `d`.`Dob`, `d`.`Email`, `d`.`Email2`, `d`.`Gender`, `d`.`Gst_Number`, `d`.`Is_Delete`, `d`.`Marital_Status`, `d`.`Name`, `d`.`Pan_Number`, `d`.`Password`, `d`.`Phone1`, `d`.`Phone2`, `d`.`Phone3`, `d`.`Phone4`, `d`.`Qualification`, `d`.`Role`, `d`.`Speciality`, `d`.`Thumb`, `d`.`Updated_At`, `d`.`User_Id`
FROM `Doctors` AS `d`
WHERE `d`.`Id` = @__Id_0
LIMIT 2

2024-07-28 19:27:07.838 +05:30  INF  Executed DbCommand (226ms) [Parameters=[], CommandType='"Text"', CommandTimeout='30']
SELECT `p`.`Id`, `p`.`Amount_Type`, `p`.`Balance`, `p`.`Created_At`, `p`.`Credit_Amount`, `p`.`Debit_Amount`, `p`.`Description`, `p`.`Doctor_Id`, `p`.`Patient_Id`, `p`.`Payment_Mode`, `p`.`Updated_At`, `p`.`Workdone_Id`, `p`.`isPrinted`
FROM `Payment_History` AS `p`

2024-07-28 19:27:07.849 +05:30  INF  Executing ObjectResult, writing value of type 'System.Collections.Generic.List`1[[DCRM.Common.Dto.DropdownDataDto, DCRM.Common, Version=1.0.0.0, Culture=neutral, PublicKeyToken=null]]'.

2024-07-28 19:27:07.850 +05:30  INF  Executed action DCRM.Api.Controllers.PatientController.PatientDetailList (DCRM.Api) in 1497.4889ms

2024-07-28 19:27:07.850 +05:30  INF  Executed endpoint 'DCRM.Api.Controllers.PatientController.PatientDetailList (DCRM.Api)'

2024-07-28 19:27:07.850 +05:30  INF  Request finished HTTP/2 GET https://localhost:7069/api/Patient/Get/Names application/json - - 200 - application/json;+charset=utf-8 4487.5456ms

2024-07-28 19:27:07.863 +05:30  INF  Executed DbCommand (227ms) [Parameters=[@__p_0='?' (DbType = Int64)], CommandType='"Text"', CommandTimeout='30']
SELECT `p`.`Id`, `p`.`Address_O`, `p`.`Address_Other`, `p`.`Address_R`, `p`.`City_O`, `p`.`City_Other`, `p`.`City_R`, `p`.`Country_O`, `p`.`Country_Other`, `p`.`Country_R`, `p`.`Created_At`, `p`.`Doctor_Name`, `p`.`Email`, `p`.`Email2`, `p`.`Medical_History_Allergies`, `p`.`Patient_Id`, `p`.`Phone`, `p`.`Phone1`, `p`.`Phone2`, `p`.`Phone3`, `p`.`Phone4`, `p`.`Physician`, `p`.`Reffered_By`, `p`.`Relationship_Type`, `p`.`Special_Notes`, `p`.`Updated_At`, `p`.`Zip_O`, `p`.`Zip_Other`, `p`.`Zip_R`
FROM `Patients_Contact` AS `p`
WHERE `p`.`Patient_Id` = @__p_0

2024-07-28 19:27:08.383 +05:30  INF  Executed DbCommand (216ms) [Parameters=[@__Id_0='?' (DbType = Int64)], CommandType='"Text"', CommandTimeout='30']
SELECT `d`.`Id`, `d`.`Age`, `d`.`Blood_Group`, `d`.`Created_At`, `d`.`Dob`, `d`.`Email`, `d`.`Email2`, `d`.`Gender`, `d`.`Gst_Number`, `d`.`Is_Delete`, `d`.`Marital_Status`, `d`.`Name`, `d`.`Pan_Number`, `d`.`Password`, `d`.`Phone1`, `d`.`Phone2`, `d`.`Phone3`, `d`.`Phone4`, `d`.`Qualification`, `d`.`Role`, `d`.`Speciality`, `d`.`Thumb`, `d`.`Updated_At`, `d`.`User_Id`
FROM `Doctors` AS `d`
WHERE `d`.`Id` = @__Id_0
LIMIT 2

2024-07-28 19:27:08.542 +05:30  INF  Executed DbCommand (228ms) [Parameters=[@__p_0='?' (DbType = Int64)], CommandType='"Text"', CommandTimeout='30']
SELECT `p`.`Id`, `p`.`Created_At`, `p`.`Patient_Id`, `p`.`Report`, `p`.`Report_File`, `p`.`Scan_Name`, `p`.`Status`, `p`.`Type`, `p`.`Updated_At`
FROM `Patient_Scans` AS `p`
WHERE `p`.`Patient_Id` = @__p_0

2024-07-28 19:27:08.542 +05:30  INF  Executing ObjectResult, writing value of type 'DCRM.Common.Dto.PatientseDto'.

2024-07-28 19:27:08.543 +05:30  INF  Executed action DCRM.Api.Controllers.PatientController.Get (DCRM.Api) in 4509.3079ms

2024-07-28 19:27:08.543 +05:30  INF  Executed endpoint 'DCRM.Api.Controllers.PatientController.Get (DCRM.Api)'

2024-07-28 19:27:08.543 +05:30  INF  Request finished HTTP/2 GET https://localhost:7069/api/Patient/Get/387 application/json - - 200 - application/json;+charset=utf-8 5200.5928ms

2024-07-28 19:27:08.727 +05:30  INF  Executed DbCommand (221ms) [Parameters=[@__p_0='?' (DbType = Int64)], CommandType='"Text"', CommandTimeout='30']
SELECT `p`.`Id`, `p`.`Amount`, `p`.`Balance_Amount`, `p`.`Balance_Spent`, `p`.`Created_At`, `p`.`Name`, `p`.`Patients_Id`, `p`.`Type`, `p`.`Updated_At`
FROM `Patients_Insurance_Loan` AS `p`
WHERE `p`.`Patients_Id` = @__p_0

2024-07-28 19:27:09.030 +05:30  INF  Executed DbCommand (217ms) [Parameters=[@__Id_0='?' (DbType = Int64)], CommandType='"Text"', CommandTimeout='30']
SELECT `d`.`Id`, `d`.`Age`, `d`.`Blood_Group`, `d`.`Created_At`, `d`.`Dob`, `d`.`Email`, `d`.`Email2`, `d`.`Gender`, `d`.`Gst_Number`, `d`.`Is_Delete`, `d`.`Marital_Status`, `d`.`Name`, `d`.`Pan_Number`, `d`.`Password`, `d`.`Phone1`, `d`.`Phone2`, `d`.`Phone3`, `d`.`Phone4`, `d`.`Qualification`, `d`.`Role`, `d`.`Speciality`, `d`.`Thumb`, `d`.`Updated_At`, `d`.`User_Id`
FROM `Doctors` AS `d`
WHERE `d`.`Id` = @__Id_0
LIMIT 2

2024-07-28 19:27:09.389 +05:30  INF  Executed DbCommand (220ms) [Parameters=[@__p_0='?' (DbType = Int64)], CommandType='"Text"', CommandTimeout='30']
SELECT `p`.`Id`, `p`.`Created_At`, `p`.`Patient_Id`, `p`.`Report`, `p`.`Report_Date`, `p`.`Report_File`, `p`.`Status`, `p`.`Test_Name`, `p`.`Test_Price`, `p`.`Updated_At`
FROM `Patient_Tests` AS `p`
WHERE `p`.`Patient_Id` = @__p_0

2024-07-28 19:27:09.673 +05:30  INF  Executed DbCommand (216ms) [Parameters=[@__Id_0='?' (DbType = Int64)], CommandType='"Text"', CommandTimeout='30']
SELECT `d`.`Id`, `d`.`Age`, `d`.`Blood_Group`, `d`.`Created_At`, `d`.`Dob`, `d`.`Email`, `d`.`Email2`, `d`.`Gender`, `d`.`Gst_Number`, `d`.`Is_Delete`, `d`.`Marital_Status`, `d`.`Name`, `d`.`Pan_Number`, `d`.`Password`, `d`.`Phone1`, `d`.`Phone2`, `d`.`Phone3`, `d`.`Phone4`, `d`.`Qualification`, `d`.`Role`, `d`.`Speciality`, `d`.`Thumb`, `d`.`Updated_At`, `d`.`User_Id`
FROM `Doctors` AS `d`
WHERE `d`.`Id` = @__Id_0
LIMIT 2

2024-07-28 19:27:10.049 +05:30  INF  Executed DbCommand (223ms) [Parameters=[@__p_0='?' (DbType = Int64)], CommandType='"Text"', CommandTimeout='30']
SELECT `p`.`Id`, `p`.`Address_O`, `p`.`Address_Other`, `p`.`Address_R`, `p`.`City_O`, `p`.`City_Other`, `p`.`City_R`, `p`.`Country_O`, `p`.`Country_Other`, `p`.`Country_R`, `p`.`Created_At`, `p`.`Doctor_Name`, `p`.`Email`, `p`.`Email2`, `p`.`Medical_History_Allergies`, `p`.`Patient_Id`, `p`.`Phone`, `p`.`Phone1`, `p`.`Phone2`, `p`.`Phone3`, `p`.`Phone4`, `p`.`Physician`, `p`.`Reffered_By`, `p`.`Relationship_Type`, `p`.`Special_Notes`, `p`.`Updated_At`, `p`.`Zip_O`, `p`.`Zip_Other`, `p`.`Zip_R`
FROM `Patients_Contact` AS `p`
WHERE `p`.`Patient_Id` = @__p_0

2024-07-28 19:27:10.316 +05:30  INF  Executed DbCommand (214ms) [Parameters=[@__Id_0='?' (DbType = Int64)], CommandType='"Text"', CommandTimeout='30']
SELECT `d`.`Id`, `d`.`Age`, `d`.`Blood_Group`, `d`.`Created_At`, `d`.`Dob`, `d`.`Email`, `d`.`Email2`, `d`.`Gender`, `d`.`Gst_Number`, `d`.`Is_Delete`, `d`.`Marital_Status`, `d`.`Name`, `d`.`Pan_Number`, `d`.`Password`, `d`.`Phone1`, `d`.`Phone2`, `d`.`Phone3`, `d`.`Phone4`, `d`.`Qualification`, `d`.`Role`, `d`.`Speciality`, `d`.`Thumb`, `d`.`Updated_At`, `d`.`User_Id`
FROM `Doctors` AS `d`
WHERE `d`.`Id` = @__Id_0
LIMIT 2

2024-07-28 19:27:10.594 +05:30  INF  Request starting HTTP/2 OPTIONS https://localhost:7069/api/Patient/Get/50 - -

2024-07-28 19:27:10.594 +05:30  INF  CORS policy execution successful.

2024-07-28 19:27:10.595 +05:30  INF  Request finished HTTP/2 OPTIONS https://localhost:7069/api/Patient/Get/50 - - - 204 - - 0.9336ms

2024-07-28 19:27:10.599 +05:30  INF  Request starting HTTP/2 GET https://localhost:7069/api/Patient/Get/50 application/json -

2024-07-28 19:27:10.599 +05:30  INF  CORS policy execution successful.

2024-07-28 19:27:10.707 +05:30  INF  Executed DbCommand (220ms) [Parameters=[@__p_0='?' (DbType = Int64)], CommandType='"Text"', CommandTimeout='30']
SELECT `p`.`Id`, `p`.`Created_At`, `p`.`Patient_Id`, `p`.`Report`, `p`.`Report_File`, `p`.`Scan_Name`, `p`.`Status`, `p`.`Type`, `p`.`Updated_At`
FROM `Patient_Scans` AS `p`
WHERE `p`.`Patient_Id` = @__p_0

2024-07-28 19:27:10.707 +05:30  INF  Executing ObjectResult, writing value of type 'DCRM.Common.Dto.PatientseDto'.

2024-07-28 19:27:10.707 +05:30  INF  Executed action DCRM.Api.Controllers.PatientController.Get (DCRM.Api) in 4200.5275ms

2024-07-28 19:27:10.707 +05:30  INF  Executed endpoint 'DCRM.Api.Controllers.PatientController.Get (DCRM.Api)'

2024-07-28 19:27:10.708 +05:30  INF  Request finished HTTP/2 GET https://localhost:7069/api/Patient/Get/508 application/json - - 200 - application/json;+charset=utf-8 7341.2311ms

2024-07-28 19:27:10.805 +05:30  INF  Request starting HTTP/2 OPTIONS https://localhost:7069/api/Patient/Get/5 - -

2024-07-28 19:27:10.805 +05:30  INF  CORS policy execution successful.

2024-07-28 19:27:10.805 +05:30  INF  Request finished HTTP/2 OPTIONS https://localhost:7069/api/Patient/Get/5 - - - 204 - - 0.3485ms

2024-07-28 19:27:10.811 +05:30  INF  Request starting HTTP/2 GET https://localhost:7069/api/Patient/Get/5 application/json -

2024-07-28 19:27:10.812 +05:30  INF  CORS policy execution successful.

2024-07-28 19:27:10.958 +05:30  INF  Executed DbCommand (214ms) [Parameters=[@__Id_0='?' (DbType = Int64)], CommandType='"Text"', CommandTimeout='30']
SELECT `d`.`Id`, `d`.`Age`, `d`.`Blood_Group`, `d`.`Created_At`, `d`.`Dob`, `d`.`Email`, `d`.`Email2`, `d`.`Gender`, `d`.`Gst_Number`, `d`.`Is_Delete`, `d`.`Marital_Status`, `d`.`Name`, `d`.`Pan_Number`, `d`.`Password`, `d`.`Phone1`, `d`.`Phone2`, `d`.`Phone3`, `d`.`Phone4`, `d`.`Qualification`, `d`.`Role`, `d`.`Speciality`, `d`.`Thumb`, `d`.`Updated_At`, `d`.`User_Id`
FROM `Doctors` AS `d`
WHERE `d`.`Id` = @__Id_0
LIMIT 2

2024-07-28 19:27:11.019 +05:30  INF  Request starting HTTP/2 OPTIONS https://localhost:7069/api/Patient/Get/ - -

2024-07-28 19:27:11.019 +05:30  INF  CORS policy execution successful.

2024-07-28 19:27:11.019 +05:30  INF  Request finished HTTP/2 OPTIONS https://localhost:7069/api/Patient/Get/ - - - 204 - - 0.2045ms

2024-07-28 19:27:11.022 +05:30  INF  Request starting HTTP/2 GET https://localhost:7069/api/Patient/Get/ application/json -

2024-07-28 19:27:11.022 +05:30  INF  CORS policy execution successful.

2024-07-28 19:27:11.277 +05:30  INF  Executed DbCommand (226ms) [Parameters=[@__id_0='?' (DbType = Int64)], CommandType='"Text"', CommandTimeout='30']
SELECT `u`.`Id`, `u`.`About_Me`, `u`.`Account_Type`, `u`.`Address`, `u`.`Available_Days`, `u`.`Bn_Name`, `u`.`City`, `u`.`Country`, `u`.`Created_At`, `u`.`Currency`, `u`.`Degree`, `u`.`Email`, `u`.`Email_Verified`, `u`.`Enable_Appointment`, `u`.`Enable_Rating`, `u`.`Exp_Years`, `u`.`Facebook`, `u`.`Google_Analytics`, `u`.`Image`, `u`.`Instagram`, `u`.`Linkedin`, `u`.`Name`, `u`.`Parent_Id`, `u`.`Password`, `u`.`Paypal_Email`, `u`.`Paypal_Mode`, `u`.`Paypal_Payment`, `u`.`Paystack_Payment`, `u`.`Paystack_Public_Key`, `u`.`Paystack_Secret_Key`, `u`.`Phone`, `u`.`Publish_Key`, `u`.`Qr_Code`, `u`.`Razorpay_Key_Id`, `u`.`Razorpay_Key_Secret`, `u`.`Razorpay_Payment`, `u`.`Role`, `u`.`Secret_Key`, `u`.`Skype`, `u`.`Slug`, `u`.`Specialist`, `u`.`Status`, `u`.`Stripe_Payment`, `u`.`Thumb`, `u`.`Trial_Expire`, `u`.`Twitter`, `u`.`User_Name`, `u`.`User_Type`, `u`.`Verify_Code`, `u`.`Whatsapp`
FROM `Users` AS `u`
WHERE `u`.`Id` = @__id_0
LIMIT 1

2024-07-28 19:27:11.277 +05:30  INF  Executing endpoint 'DCRM.Api.Controllers.PatientController.Get (DCRM.Api)'

2024-07-28 19:27:11.277 +05:30  INF  Route matched with {action = "Get", controller = "Patient"}. Executing controller action with signature DCRM.Common.Dto.PatientseDto Get(Int64) on controller DCRM.Api.Controllers.PatientController (DCRM.Api).

2024-07-28 19:27:11.472 +05:30  INF  Executed DbCommand (223ms) [Parameters=[@__id_0='?' (DbType = Int64)], CommandType='"Text"', CommandTimeout='30']
SELECT `u`.`Id`, `u`.`About_Me`, `u`.`Account_Type`, `u`.`Address`, `u`.`Available_Days`, `u`.`Bn_Name`, `u`.`City`, `u`.`Country`, `u`.`Created_At`, `u`.`Currency`, `u`.`Degree`, `u`.`Email`, `u`.`Email_Verified`, `u`.`Enable_Appointment`, `u`.`Enable_Rating`, `u`.`Exp_Years`, `u`.`Facebook`, `u`.`Google_Analytics`, `u`.`Image`, `u`.`Instagram`, `u`.`Linkedin`, `u`.`Name`, `u`.`Parent_Id`, `u`.`Password`, `u`.`Paypal_Email`, `u`.`Paypal_Mode`, `u`.`Paypal_Payment`, `u`.`Paystack_Payment`, `u`.`Paystack_Public_Key`, `u`.`Paystack_Secret_Key`, `u`.`Phone`, `u`.`Publish_Key`, `u`.`Qr_Code`, `u`.`Razorpay_Key_Id`, `u`.`Razorpay_Key_Secret`, `u`.`Razorpay_Payment`, `u`.`Role`, `u`.`Secret_Key`, `u`.`Skype`, `u`.`Slug`, `u`.`Specialist`, `u`.`Status`, `u`.`Stripe_Payment`, `u`.`Thumb`, `u`.`Trial_Expire`, `u`.`Twitter`, `u`.`User_Name`, `u`.`User_Type`, `u`.`Verify_Code`, `u`.`Whatsapp`
FROM `Users` AS `u`
WHERE `u`.`Id` = @__id_0
LIMIT 1

2024-07-28 19:27:11.472 +05:30  INF  Executing endpoint 'DCRM.Api.Controllers.PatientController.Get (DCRM.Api)'

2024-07-28 19:27:11.472 +05:30  INF  Route matched with {action = "Get", controller = "Patient"}. Executing controller action with signature DCRM.Common.Dto.PatientseDto Get(Int64) on controller DCRM.Api.Controllers.PatientController (DCRM.Api).

2024-07-28 19:27:11.603 +05:30  INF  Executed DbCommand (216ms) [Parameters=[@__Id_0='?' (DbType = Int64)], CommandType='"Text"', CommandTimeout='30']
SELECT `d`.`Id`, `d`.`Age`, `d`.`Blood_Group`, `d`.`Created_At`, `d`.`Dob`, `d`.`Email`, `d`.`Email2`, `d`.`Gender`, `d`.`Gst_Number`, `d`.`Is_Delete`, `d`.`Marital_Status`, `d`.`Name`, `d`.`Pan_Number`, `d`.`Password`, `d`.`Phone1`, `d`.`Phone2`, `d`.`Phone3`, `d`.`Phone4`, `d`.`Qualification`, `d`.`Role`, `d`.`Speciality`, `d`.`Thumb`, `d`.`Updated_At`, `d`.`User_Id`
FROM `Doctors` AS `d`
WHERE `d`.`Id` = @__Id_0
LIMIT 2

2024-07-28 19:27:11.654 +05:30  INF  Executed DbCommand (213ms) [Parameters=[@__id_0='?' (DbType = Int64)], CommandType='"Text"', CommandTimeout='30']
SELECT `u`.`Id`, `u`.`About_Me`, `u`.`Account_Type`, `u`.`Address`, `u`.`Available_Days`, `u`.`Bn_Name`, `u`.`City`, `u`.`Country`, `u`.`Created_At`, `u`.`Currency`, `u`.`Degree`, `u`.`Email`, `u`.`Email_Verified`, `u`.`Enable_Appointment`, `u`.`Enable_Rating`, `u`.`Exp_Years`, `u`.`Facebook`, `u`.`Google_Analytics`, `u`.`Image`, `u`.`Instagram`, `u`.`Linkedin`, `u`.`Name`, `u`.`Parent_Id`, `u`.`Password`, `u`.`Paypal_Email`, `u`.`Paypal_Mode`, `u`.`Paypal_Payment`, `u`.`Paystack_Payment`, `u`.`Paystack_Public_Key`, `u`.`Paystack_Secret_Key`, `u`.`Phone`, `u`.`Publish_Key`, `u`.`Qr_Code`, `u`.`Razorpay_Key_Id`, `u`.`Razorpay_Key_Secret`, `u`.`Razorpay_Payment`, `u`.`Role`, `u`.`Secret_Key`, `u`.`Skype`, `u`.`Slug`, `u`.`Specialist`, `u`.`Status`, `u`.`Stripe_Payment`, `u`.`Thumb`, `u`.`Trial_Expire`, `u`.`Twitter`, `u`.`User_Name`, `u`.`User_Type`, `u`.`Verify_Code`, `u`.`Whatsapp`
FROM `Users` AS `u`
WHERE `u`.`Id` = @__id_0
LIMIT 1

2024-07-28 19:27:11.655 +05:30  INF  Request finished HTTP/2 GET https://localhost:7069/api/Patient/Get/ application/json - - 404 0 - 633.2249ms

2024-07-28 19:27:11.956 +05:30  INF  Executed DbCommand (233ms) [Parameters=[@__id_0='?' (DbType = Int64)], CommandType='"Text"', CommandTimeout='30']
SELECT `p`.`Id`, `p`.`Age`, `p`.`Chamber_Id`, `p`.`Created_At`, `p`.`Email`, `p`.`Guardian`, `p`.`Is_Delete`, `p`.`Mobile`, `p`.`Mr_Number`, `p`.`Name`, `p`.`Password`, `p`.`Permanent_Address`, `p`.`Present_Address`, `p`.`Role`, `p`.`Sex`, `p`.`Slug`, `p`.`Thumb`, `p`.`Title`, `p`.`UserName`, `p`.`User_Id`, `p`.`Verify_Code`, `p`.`Weight`
FROM `Patientses` AS `p`
WHERE (`p`.`Is_Delete` = 0) AND (`p`.`Id` = @__id_0)
LIMIT 1

2024-07-28 19:27:12.139 +05:30  INF  Executed DbCommand (221ms) [Parameters=[@__id_0='?' (DbType = Int64)], CommandType='"Text"', CommandTimeout='30']
SELECT `p`.`Id`, `p`.`Age`, `p`.`Chamber_Id`, `p`.`Created_At`, `p`.`Email`, `p`.`Guardian`, `p`.`Is_Delete`, `p`.`Mobile`, `p`.`Mr_Number`, `p`.`Name`, `p`.`Password`, `p`.`Permanent_Address`, `p`.`Present_Address`, `p`.`Role`, `p`.`Sex`, `p`.`Slug`, `p`.`Thumb`, `p`.`Title`, `p`.`UserName`, `p`.`User_Id`, `p`.`Verify_Code`, `p`.`Weight`
FROM `Patientses` AS `p`
WHERE (`p`.`Is_Delete` = 0) AND (`p`.`Id` = @__id_0)
LIMIT 1

2024-07-28 19:27:12.139 +05:30  INF  Executing ObjectResult, writing value of type 'DCRM.Common.Dto.PatientseDto'.

2024-07-28 19:27:12.139 +05:30  INF  Executed action DCRM.Api.Controllers.PatientController.Get (DCRM.Api) in 666.967ms

2024-07-28 19:27:12.139 +05:30  INF  Executed endpoint 'DCRM.Api.Controllers.PatientController.Get (DCRM.Api)'

2024-07-28 19:27:12.140 +05:30  INF  Request finished HTTP/2 GET https://localhost:7069/api/Patient/Get/5 application/json - - 200 - application/json;+charset=utf-8 1328.1729ms

2024-07-28 19:27:12.250 +05:30  INF  Executed DbCommand (219ms) [Parameters=[@__Id_0='?' (DbType = Int64)], CommandType='"Text"', CommandTimeout='30']
SELECT `d`.`Id`, `d`.`Age`, `d`.`Blood_Group`, `d`.`Created_At`, `d`.`Dob`, `d`.`Email`, `d`.`Email2`, `d`.`Gender`, `d`.`Gst_Number`, `d`.`Is_Delete`, `d`.`Marital_Status`, `d`.`Name`, `d`.`Pan_Number`, `d`.`Password`, `d`.`Phone1`, `d`.`Phone2`, `d`.`Phone3`, `d`.`Phone4`, `d`.`Qualification`, `d`.`Role`, `d`.`Speciality`, `d`.`Thumb`, `d`.`Updated_At`, `d`.`User_Id`
FROM `Doctors` AS `d`
WHERE `d`.`Id` = @__Id_0
LIMIT 2

2024-07-28 19:27:12.854 +05:30  INF  Executed DbCommand (451ms) [Parameters=[], CommandType='"Text"', CommandTimeout='30']
SELECT `p`.`Id`, `p`.`Amount_Type`, `p`.`Balance`, `p`.`Created_At`, `p`.`Credit_Amount`, `p`.`Debit_Amount`, `p`.`Description`, `p`.`Doctor_Id`, `p`.`Patient_Id`, `p`.`Payment_Mode`, `p`.`Updated_At`, `p`.`Workdone_Id`, `p`.`isPrinted`
FROM `Payment_History` AS `p`

2024-07-28 19:27:12.903 +05:30  INF  Executed DbCommand (221ms) [Parameters=[@__Id_0='?' (DbType = Int64)], CommandType='"Text"', CommandTimeout='30']
SELECT `d`.`Id`, `d`.`Age`, `d`.`Blood_Group`, `d`.`Created_At`, `d`.`Dob`, `d`.`Email`, `d`.`Email2`, `d`.`Gender`, `d`.`Gst_Number`, `d`.`Is_Delete`, `d`.`Marital_Status`, `d`.`Name`, `d`.`Pan_Number`, `d`.`Password`, `d`.`Phone1`, `d`.`Phone2`, `d`.`Phone3`, `d`.`Phone4`, `d`.`Qualification`, `d`.`Role`, `d`.`Speciality`, `d`.`Thumb`, `d`.`Updated_At`, `d`.`User_Id`
FROM `Doctors` AS `d`
WHERE `d`.`Id` = @__Id_0
LIMIT 2

2024-07-28 19:27:13.549 +05:30  INF  Executed DbCommand (217ms) [Parameters=[@__Id_0='?' (DbType = Int64)], CommandType='"Text"', CommandTimeout='30']
SELECT `d`.`Id`, `d`.`Age`, `d`.`Blood_Group`, `d`.`Created_At`, `d`.`Dob`, `d`.`Email`, `d`.`Email2`, `d`.`Gender`, `d`.`Gst_Number`, `d`.`Is_Delete`, `d`.`Marital_Status`, `d`.`Name`, `d`.`Pan_Number`, `d`.`Password`, `d`.`Phone1`, `d`.`Phone2`, `d`.`Phone3`, `d`.`Phone4`, `d`.`Qualification`, `d`.`Role`, `d`.`Speciality`, `d`.`Thumb`, `d`.`Updated_At`, `d`.`User_Id`
FROM `Doctors` AS `d`
WHERE `d`.`Id` = @__Id_0
LIMIT 2

2024-07-28 19:27:13.761 +05:30  INF  Executed DbCommand (227ms) [Parameters=[@__p_0='?' (DbType = Int64)], CommandType='"Text"', CommandTimeout='30']
SELECT `p`.`Id`, `p`.`Amount`, `p`.`Balance_Amount`, `p`.`Balance_Spent`, `p`.`Created_At`, `p`.`Name`, `p`.`Patients_Id`, `p`.`Type`, `p`.`Updated_At`
FROM `Patients_Insurance_Loan` AS `p`
WHERE `p`.`Patients_Id` = @__p_0

2024-07-28 19:27:14.195 +05:30  INF  Executed DbCommand (217ms) [Parameters=[@__Id_0='?' (DbType = Int64)], CommandType='"Text"', CommandTimeout='30']
SELECT `d`.`Id`, `d`.`Age`, `d`.`Blood_Group`, `d`.`Created_At`, `d`.`Dob`, `d`.`Email`, `d`.`Email2`, `d`.`Gender`, `d`.`Gst_Number`, `d`.`Is_Delete`, `d`.`Marital_Status`, `d`.`Name`, `d`.`Pan_Number`, `d`.`Password`, `d`.`Phone1`, `d`.`Phone2`, `d`.`Phone3`, `d`.`Phone4`, `d`.`Qualification`, `d`.`Role`, `d`.`Speciality`, `d`.`Thumb`, `d`.`Updated_At`, `d`.`User_Id`
FROM `Doctors` AS `d`
WHERE `d`.`Id` = @__Id_0
LIMIT 2

2024-07-28 19:27:14.289 +05:30  INF  Request starting HTTP/2 OPTIONS https://localhost:7069/api/Patient/Get/n - -

2024-07-28 19:27:14.289 +05:30  INF  CORS policy execution successful.

2024-07-28 19:27:14.290 +05:30  INF  Request finished HTTP/2 OPTIONS https://localhost:7069/api/Patient/Get/n - - - 204 - - 0.4155ms

2024-07-28 19:27:14.292 +05:30  INF  Request starting HTTP/2 GET https://localhost:7069/api/Patient/Get/n application/json -

2024-07-28 19:27:14.293 +05:30  INF  CORS policy execution successful.

2024-07-28 19:27:14.410 +05:30  INF  Request starting HTTP/2 OPTIONS https://localhost:7069/api/Patient/Get/ne - -

2024-07-28 19:27:14.410 +05:30  INF  CORS policy execution successful.

2024-07-28 19:27:14.410 +05:30  INF  Request finished HTTP/2 OPTIONS https://localhost:7069/api/Patient/Get/ne - - - 204 - - 0.2708ms

2024-07-28 19:27:14.412 +05:30  INF  Request starting HTTP/2 GET https://localhost:7069/api/Patient/Get/ne application/json -

2024-07-28 19:27:14.412 +05:30  INF  CORS policy execution successful.

2024-07-28 19:27:14.437 +05:30  INF  Executed DbCommand (226ms) [Parameters=[@__p_0='?' (DbType = Int64)], CommandType='"Text"', CommandTimeout='30']
SELECT `p`.`Id`, `p`.`Created_At`, `p`.`Patient_Id`, `p`.`Report`, `p`.`Report_Date`, `p`.`Report_File`, `p`.`Status`, `p`.`Test_Name`, `p`.`Test_Price`, `p`.`Updated_At`
FROM `Patient_Tests` AS `p`
WHERE `p`.`Patient_Id` = @__p_0

2024-07-28 19:27:14.838 +05:30  INF  Executed DbCommand (214ms) [Parameters=[@__Id_0='?' (DbType = Int64)], CommandType='"Text"', CommandTimeout='30']
SELECT `d`.`Id`, `d`.`Age`, `d`.`Blood_Group`, `d`.`Created_At`, `d`.`Dob`, `d`.`Email`, `d`.`Email2`, `d`.`Gender`, `d`.`Gst_Number`, `d`.`Is_Delete`, `d`.`Marital_Status`, `d`.`Name`, `d`.`Pan_Number`, `d`.`Password`, `d`.`Phone1`, `d`.`Phone2`, `d`.`Phone3`, `d`.`Phone4`, `d`.`Qualification`, `d`.`Role`, `d`.`Speciality`, `d`.`Thumb`, `d`.`Updated_At`, `d`.`User_Id`
FROM `Doctors` AS `d`
WHERE `d`.`Id` = @__Id_0
LIMIT 2

2024-07-28 19:27:14.953 +05:30  INF  Executed DbCommand (221ms) [Parameters=[@__id_0='?' (DbType = Int64)], CommandType='"Text"', CommandTimeout='30']
SELECT `u`.`Id`, `u`.`About_Me`, `u`.`Account_Type`, `u`.`Address`, `u`.`Available_Days`, `u`.`Bn_Name`, `u`.`City`, `u`.`Country`, `u`.`Created_At`, `u`.`Currency`, `u`.`Degree`, `u`.`Email`, `u`.`Email_Verified`, `u`.`Enable_Appointment`, `u`.`Enable_Rating`, `u`.`Exp_Years`, `u`.`Facebook`, `u`.`Google_Analytics`, `u`.`Image`, `u`.`Instagram`, `u`.`Linkedin`, `u`.`Name`, `u`.`Parent_Id`, `u`.`Password`, `u`.`Paypal_Email`, `u`.`Paypal_Mode`, `u`.`Paypal_Payment`, `u`.`Paystack_Payment`, `u`.`Paystack_Public_Key`, `u`.`Paystack_Secret_Key`, `u`.`Phone`, `u`.`Publish_Key`, `u`.`Qr_Code`, `u`.`Razorpay_Key_Id`, `u`.`Razorpay_Key_Secret`, `u`.`Razorpay_Payment`, `u`.`Role`, `u`.`Secret_Key`, `u`.`Skype`, `u`.`Slug`, `u`.`Specialist`, `u`.`Status`, `u`.`Stripe_Payment`, `u`.`Thumb`, `u`.`Trial_Expire`, `u`.`Twitter`, `u`.`User_Name`, `u`.`User_Type`, `u`.`Verify_Code`, `u`.`Whatsapp`
FROM `Users` AS `u`
WHERE `u`.`Id` = @__id_0
LIMIT 1

2024-07-28 19:27:14.953 +05:30  INF  Executing endpoint 'DCRM.Api.Controllers.PatientController.Get (DCRM.Api)'

2024-07-28 19:27:14.954 +05:30  INF  Route matched with {action = "Get", controller = "Patient"}. Executing controller action with signature DCRM.Common.Dto.PatientseDto Get(Int64) on controller DCRM.Api.Controllers.PatientController (DCRM.Api).

2024-07-28 19:27:14.954 +05:30  INF  Executing BadRequestObjectResult, writing value of type 'Microsoft.AspNetCore.Mvc.ValidationProblemDetails'.

2024-07-28 19:27:14.954 +05:30  INF  Executed action DCRM.Api.Controllers.PatientController.Get (DCRM.Api) in 0.6248ms

2024-07-28 19:27:14.954 +05:30  INF  Executed endpoint 'DCRM.Api.Controllers.PatientController.Get (DCRM.Api)'

2024-07-28 19:27:14.954 +05:30  INF  Request finished HTTP/2 GET https://localhost:7069/api/Patient/Get/n application/json - - 400 - application/problem+json;+charset=utf-8 661.9554ms

2024-07-28 19:27:15.033 +05:30  INF  Executed DbCommand (207ms) [Parameters=[@__id_0='?' (DbType = Int64)], CommandType='"Text"', CommandTimeout='30']
SELECT `u`.`Id`, `u`.`About_Me`, `u`.`Account_Type`, `u`.`Address`, `u`.`Available_Days`, `u`.`Bn_Name`, `u`.`City`, `u`.`Country`, `u`.`Created_At`, `u`.`Currency`, `u`.`Degree`, `u`.`Email`, `u`.`Email_Verified`, `u`.`Enable_Appointment`, `u`.`Enable_Rating`, `u`.`Exp_Years`, `u`.`Facebook`, `u`.`Google_Analytics`, `u`.`Image`, `u`.`Instagram`, `u`.`Linkedin`, `u`.`Name`, `u`.`Parent_Id`, `u`.`Password`, `u`.`Paypal_Email`, `u`.`Paypal_Mode`, `u`.`Paypal_Payment`, `u`.`Paystack_Payment`, `u`.`Paystack_Public_Key`, `u`.`Paystack_Secret_Key`, `u`.`Phone`, `u`.`Publish_Key`, `u`.`Qr_Code`, `u`.`Razorpay_Key_Id`, `u`.`Razorpay_Key_Secret`, `u`.`Razorpay_Payment`, `u`.`Role`, `u`.`Secret_Key`, `u`.`Skype`, `u`.`Slug`, `u`.`Specialist`, `u`.`Status`, `u`.`Stripe_Payment`, `u`.`Thumb`, `u`.`Trial_Expire`, `u`.`Twitter`, `u`.`User_Name`, `u`.`User_Type`, `u`.`Verify_Code`, `u`.`Whatsapp`
FROM `Users` AS `u`
WHERE `u`.`Id` = @__id_0
LIMIT 1

2024-07-28 19:27:15.033 +05:30  INF  Executing endpoint 'DCRM.Api.Controllers.PatientController.Get (DCRM.Api)'

2024-07-28 19:27:15.033 +05:30  INF  Route matched with {action = "Get", controller = "Patient"}. Executing controller action with signature DCRM.Common.Dto.PatientseDto Get(Int64) on controller DCRM.Api.Controllers.PatientController (DCRM.Api).

2024-07-28 19:27:15.034 +05:30  INF  Executing BadRequestObjectResult, writing value of type 'Microsoft.AspNetCore.Mvc.ValidationProblemDetails'.

2024-07-28 19:27:15.034 +05:30  INF  Executed action DCRM.Api.Controllers.PatientController.Get (DCRM.Api) in 0.8186ms

2024-07-28 19:27:15.034 +05:30  INF  Executed endpoint 'DCRM.Api.Controllers.PatientController.Get (DCRM.Api)'

2024-07-28 19:27:15.034 +05:30  INF  Request finished HTTP/2 GET https://localhost:7069/api/Patient/Get/ne application/json - - 400 - application/problem+json;+charset=utf-8 622.7181ms

2024-07-28 19:27:15.112 +05:30  INF  Executed DbCommand (226ms) [Parameters=[@__p_0='?' (DbType = Int64)], CommandType='"Text"', CommandTimeout='30']
SELECT `p`.`Id`, `p`.`Address_O`, `p`.`Address_Other`, `p`.`Address_R`, `p`.`City_O`, `p`.`City_Other`, `p`.`City_R`, `p`.`Country_O`, `p`.`Country_Other`, `p`.`Country_R`, `p`.`Created_At`, `p`.`Doctor_Name`, `p`.`Email`, `p`.`Email2`, `p`.`Medical_History_Allergies`, `p`.`Patient_Id`, `p`.`Phone`, `p`.`Phone1`, `p`.`Phone2`, `p`.`Phone3`, `p`.`Phone4`, `p`.`Physician`, `p`.`Reffered_By`, `p`.`Relationship_Type`, `p`.`Special_Notes`, `p`.`Updated_At`, `p`.`Zip_O`, `p`.`Zip_Other`, `p`.`Zip_R`
FROM `Patients_Contact` AS `p`
WHERE `p`.`Patient_Id` = @__p_0

2024-07-28 19:27:15.480 +05:30  INF  Executed DbCommand (214ms) [Parameters=[@__Id_0='?' (DbType = Int64)], CommandType='"Text"', CommandTimeout='30']
SELECT `d`.`Id`, `d`.`Age`, `d`.`Blood_Group`, `d`.`Created_At`, `d`.`Dob`, `d`.`Email`, `d`.`Email2`, `d`.`Gender`, `d`.`Gst_Number`, `d`.`Is_Delete`, `d`.`Marital_Status`, `d`.`Name`, `d`.`Pan_Number`, `d`.`Password`, `d`.`Phone1`, `d`.`Phone2`, `d`.`Phone3`, `d`.`Phone4`, `d`.`Qualification`, `d`.`Role`, `d`.`Speciality`, `d`.`Thumb`, `d`.`Updated_At`, `d`.`User_Id`
FROM `Doctors` AS `d`
WHERE `d`.`Id` = @__Id_0
LIMIT 2

2024-07-28 19:27:15.493 +05:30  INF  Request starting HTTP/2 GET https://localhost:7069/api/Patient/Get/n application/json -

2024-07-28 19:27:15.493 +05:30  INF  CORS policy execution successful.

2024-07-28 19:27:15.716 +05:30  INF  Request starting HTTP/2 GET https://localhost:7069/api/Patient/Get/ application/json -

2024-07-28 19:27:15.716 +05:30  INF  CORS policy execution successful.

2024-07-28 19:27:15.788 +05:30  INF  Executed DbCommand (226ms) [Parameters=[@__p_0='?' (DbType = Int64)], CommandType='"Text"', CommandTimeout='30']
SELECT `p`.`Id`, `p`.`Created_At`, `p`.`Patient_Id`, `p`.`Report`, `p`.`Report_File`, `p`.`Scan_Name`, `p`.`Status`, `p`.`Type`, `p`.`Updated_At`
FROM `Patient_Scans` AS `p`
WHERE `p`.`Patient_Id` = @__p_0

2024-07-28 19:27:15.788 +05:30  INF  Executing ObjectResult, writing value of type 'DCRM.Common.Dto.PatientseDto'.

2024-07-28 19:27:15.788 +05:30  INF  Executed action DCRM.Api.Controllers.PatientController.Get (DCRM.Api) in 4511.0215ms

2024-07-28 19:27:15.788 +05:30  INF  Executed endpoint 'DCRM.Api.Controllers.PatientController.Get (DCRM.Api)'

2024-07-28 19:27:15.788 +05:30  INF  Request finished HTTP/2 GET https://localhost:7069/api/Patient/Get/50 application/json - - 200 - application/json;+charset=utf-8 5189.6266ms

2024-07-28 19:27:16.124 +05:30  INF  Executed DbCommand (208ms) [Parameters=[@__id_0='?' (DbType = Int64)], CommandType='"Text"', CommandTimeout='30']
SELECT `u`.`Id`, `u`.`About_Me`, `u`.`Account_Type`, `u`.`Address`, `u`.`Available_Days`, `u`.`Bn_Name`, `u`.`City`, `u`.`Country`, `u`.`Created_At`, `u`.`Currency`, `u`.`Degree`, `u`.`Email`, `u`.`Email_Verified`, `u`.`Enable_Appointment`, `u`.`Enable_Rating`, `u`.`Exp_Years`, `u`.`Facebook`, `u`.`Google_Analytics`, `u`.`Image`, `u`.`Instagram`, `u`.`Linkedin`, `u`.`Name`, `u`.`Parent_Id`, `u`.`Password`, `u`.`Paypal_Email`, `u`.`Paypal_Mode`, `u`.`Paypal_Payment`, `u`.`Paystack_Payment`, `u`.`Paystack_Public_Key`, `u`.`Paystack_Secret_Key`, `u`.`Phone`, `u`.`Publish_Key`, `u`.`Qr_Code`, `u`.`Razorpay_Key_Id`, `u`.`Razorpay_Key_Secret`, `u`.`Razorpay_Payment`, `u`.`Role`, `u`.`Secret_Key`, `u`.`Skype`, `u`.`Slug`, `u`.`Specialist`, `u`.`Status`, `u`.`Stripe_Payment`, `u`.`Thumb`, `u`.`Trial_Expire`, `u`.`Twitter`, `u`.`User_Name`, `u`.`User_Type`, `u`.`Verify_Code`, `u`.`Whatsapp`
FROM `Users` AS `u`
WHERE `u`.`Id` = @__id_0
LIMIT 1

2024-07-28 19:27:16.124 +05:30  INF  Executing endpoint 'DCRM.Api.Controllers.PatientController.Get (DCRM.Api)'

2024-07-28 19:27:16.125 +05:30  INF  Route matched with {action = "Get", controller = "Patient"}. Executing controller action with signature DCRM.Common.Dto.PatientseDto Get(Int64) on controller DCRM.Api.Controllers.PatientController (DCRM.Api).

2024-07-28 19:27:16.126 +05:30  INF  Executing BadRequestObjectResult, writing value of type 'Microsoft.AspNetCore.Mvc.ValidationProblemDetails'.

2024-07-28 19:27:16.126 +05:30  INF  Executed DbCommand (216ms) [Parameters=[@__Id_0='?' (DbType = Int64)], CommandType='"Text"', CommandTimeout='30']
SELECT `d`.`Id`, `d`.`Age`, `d`.`Blood_Group`, `d`.`Created_At`, `d`.`Dob`, `d`.`Email`, `d`.`Email2`, `d`.`Gender`, `d`.`Gst_Number`, `d`.`Is_Delete`, `d`.`Marital_Status`, `d`.`Name`, `d`.`Pan_Number`, `d`.`Password`, `d`.`Phone1`, `d`.`Phone2`, `d`.`Phone3`, `d`.`Phone4`, `d`.`Qualification`, `d`.`Role`, `d`.`Speciality`, `d`.`Thumb`, `d`.`Updated_At`, `d`.`User_Id`
FROM `Doctors` AS `d`
WHERE `d`.`Id` = @__Id_0
LIMIT 2

2024-07-28 19:27:16.126 +05:30  INF  Executed action DCRM.Api.Controllers.PatientController.Get (DCRM.Api) in 1.5048ms

2024-07-28 19:27:16.126 +05:30  INF  Executed endpoint 'DCRM.Api.Controllers.PatientController.Get (DCRM.Api)'

2024-07-28 19:27:16.126 +05:30  INF  Request finished HTTP/2 GET https://localhost:7069/api/Patient/Get/n application/json - - 400 - application/problem+json;+charset=utf-8 632.9970ms

2024-07-28 19:27:16.379 +05:30  INF  Executed DbCommand (223ms) [Parameters=[@__id_0='?' (DbType = Int64)], CommandType='"Text"', CommandTimeout='30']
SELECT `u`.`Id`, `u`.`About_Me`, `u`.`Account_Type`, `u`.`Address`, `u`.`Available_Days`, `u`.`Bn_Name`, `u`.`City`, `u`.`Country`, `u`.`Created_At`, `u`.`Currency`, `u`.`Degree`, `u`.`Email`, `u`.`Email_Verified`, `u`.`Enable_Appointment`, `u`.`Enable_Rating`, `u`.`Exp_Years`, `u`.`Facebook`, `u`.`Google_Analytics`, `u`.`Image`, `u`.`Instagram`, `u`.`Linkedin`, `u`.`Name`, `u`.`Parent_Id`, `u`.`Password`, `u`.`Paypal_Email`, `u`.`Paypal_Mode`, `u`.`Paypal_Payment`, `u`.`Paystack_Payment`, `u`.`Paystack_Public_Key`, `u`.`Paystack_Secret_Key`, `u`.`Phone`, `u`.`Publish_Key`, `u`.`Qr_Code`, `u`.`Razorpay_Key_Id`, `u`.`Razorpay_Key_Secret`, `u`.`Razorpay_Payment`, `u`.`Role`, `u`.`Secret_Key`, `u`.`Skype`, `u`.`Slug`, `u`.`Specialist`, `u`.`Status`, `u`.`Stripe_Payment`, `u`.`Thumb`, `u`.`Trial_Expire`, `u`.`Twitter`, `u`.`User_Name`, `u`.`User_Type`, `u`.`Verify_Code`, `u`.`Whatsapp`
FROM `Users` AS `u`
WHERE `u`.`Id` = @__id_0
LIMIT 1

2024-07-28 19:27:16.380 +05:30  INF  Request finished HTTP/2 GET https://localhost:7069/api/Patient/Get/ application/json - - 404 0 - 663.5508ms

2024-07-28 19:27:16.595 +05:30  INF  Request starting HTTP/2 OPTIONS https://localhost:7069/api/Patient/Get/t - -

2024-07-28 19:27:16.595 +05:30  INF  CORS policy execution successful.

2024-07-28 19:27:16.595 +05:30  INF  Request finished HTTP/2 OPTIONS https://localhost:7069/api/Patient/Get/t - - - 204 - - 0.2003ms

2024-07-28 19:27:16.597 +05:30  INF  Request starting HTTP/2 GET https://localhost:7069/api/Patient/Get/t application/json -

2024-07-28 19:27:16.597 +05:30  INF  CORS policy execution successful.

2024-07-28 19:27:16.715 +05:30  INF  Request starting HTTP/2 OPTIONS https://localhost:7069/api/Patient/Get/te - -

2024-07-28 19:27:16.716 +05:30  INF  CORS policy execution successful.

2024-07-28 19:27:16.716 +05:30  INF  Request finished HTTP/2 OPTIONS https://localhost:7069/api/Patient/Get/te - - - 204 - - 0.2444ms

2024-07-28 19:27:16.718 +05:30  INF  Request starting HTTP/2 GET https://localhost:7069/api/Patient/Get/te application/json -

2024-07-28 19:27:16.718 +05:30  INF  CORS policy execution successful.

2024-07-28 19:27:16.771 +05:30  INF  Executed DbCommand (216ms) [Parameters=[@__Id_0='?' (DbType = Int64)], CommandType='"Text"', CommandTimeout='30']
SELECT `d`.`Id`, `d`.`Age`, `d`.`Blood_Group`, `d`.`Created_At`, `d`.`Dob`, `d`.`Email`, `d`.`Email2`, `d`.`Gender`, `d`.`Gst_Number`, `d`.`Is_Delete`, `d`.`Marital_Status`, `d`.`Name`, `d`.`Pan_Number`, `d`.`Password`, `d`.`Phone1`, `d`.`Phone2`, `d`.`Phone3`, `d`.`Phone4`, `d`.`Qualification`, `d`.`Role`, `d`.`Speciality`, `d`.`Thumb`, `d`.`Updated_At`, `d`.`User_Id`
FROM `Doctors` AS `d`
WHERE `d`.`Id` = @__Id_0
LIMIT 2

2024-07-28 19:27:17.263 +05:30  INF  Executed DbCommand (226ms) [Parameters=[@__id_0='?' (DbType = Int64)], CommandType='"Text"', CommandTimeout='30']
SELECT `u`.`Id`, `u`.`About_Me`, `u`.`Account_Type`, `u`.`Address`, `u`.`Available_Days`, `u`.`Bn_Name`, `u`.`City`, `u`.`Country`, `u`.`Created_At`, `u`.`Currency`, `u`.`Degree`, `u`.`Email`, `u`.`Email_Verified`, `u`.`Enable_Appointment`, `u`.`Enable_Rating`, `u`.`Exp_Years`, `u`.`Facebook`, `u`.`Google_Analytics`, `u`.`Image`, `u`.`Instagram`, `u`.`Linkedin`, `u`.`Name`, `u`.`Parent_Id`, `u`.`Password`, `u`.`Paypal_Email`, `u`.`Paypal_Mode`, `u`.`Paypal_Payment`, `u`.`Paystack_Payment`, `u`.`Paystack_Public_Key`, `u`.`Paystack_Secret_Key`, `u`.`Phone`, `u`.`Publish_Key`, `u`.`Qr_Code`, `u`.`Razorpay_Key_Id`, `u`.`Razorpay_Key_Secret`, `u`.`Razorpay_Payment`, `u`.`Role`, `u`.`Secret_Key`, `u`.`Skype`, `u`.`Slug`, `u`.`Specialist`, `u`.`Status`, `u`.`Stripe_Payment`, `u`.`Thumb`, `u`.`Trial_Expire`, `u`.`Twitter`, `u`.`User_Name`, `u`.`User_Type`, `u`.`Verify_Code`, `u`.`Whatsapp`
FROM `Users` AS `u`
WHERE `u`.`Id` = @__id_0
LIMIT 1

2024-07-28 19:27:17.263 +05:30  INF  Executing endpoint 'DCRM.Api.Controllers.PatientController.Get (DCRM.Api)'

2024-07-28 19:27:17.263 +05:30  INF  Route matched with {action = "Get", controller = "Patient"}. Executing controller action with signature DCRM.Common.Dto.PatientseDto Get(Int64) on controller DCRM.Api.Controllers.PatientController (DCRM.Api).

2024-07-28 19:27:17.264 +05:30  INF  Executing BadRequestObjectResult, writing value of type 'Microsoft.AspNetCore.Mvc.ValidationProblemDetails'.

2024-07-28 19:27:17.264 +05:30  INF  Executed action DCRM.Api.Controllers.PatientController.Get (DCRM.Api) in 1.465ms

2024-07-28 19:27:17.264 +05:30  INF  Executed endpoint 'DCRM.Api.Controllers.PatientController.Get (DCRM.Api)'

2024-07-28 19:27:17.265 +05:30  INF  Request finished HTTP/2 GET https://localhost:7069/api/Patient/Get/t application/json - - 400 - application/problem+json;+charset=utf-8 667.9801ms

2024-07-28 19:27:17.344 +05:30  INF  Executed DbCommand (209ms) [Parameters=[@__id_0='?' (DbType = Int64)], CommandType='"Text"', CommandTimeout='30']
SELECT `u`.`Id`, `u`.`About_Me`, `u`.`Account_Type`, `u`.`Address`, `u`.`Available_Days`, `u`.`Bn_Name`, `u`.`City`, `u`.`Country`, `u`.`Created_At`, `u`.`Currency`, `u`.`Degree`, `u`.`Email`, `u`.`Email_Verified`, `u`.`Enable_Appointment`, `u`.`Enable_Rating`, `u`.`Exp_Years`, `u`.`Facebook`, `u`.`Google_Analytics`, `u`.`Image`, `u`.`Instagram`, `u`.`Linkedin`, `u`.`Name`, `u`.`Parent_Id`, `u`.`Password`, `u`.`Paypal_Email`, `u`.`Paypal_Mode`, `u`.`Paypal_Payment`, `u`.`Paystack_Payment`, `u`.`Paystack_Public_Key`, `u`.`Paystack_Secret_Key`, `u`.`Phone`, `u`.`Publish_Key`, `u`.`Qr_Code`, `u`.`Razorpay_Key_Id`, `u`.`Razorpay_Key_Secret`, `u`.`Razorpay_Payment`, `u`.`Role`, `u`.`Secret_Key`, `u`.`Skype`, `u`.`Slug`, `u`.`Specialist`, `u`.`Status`, `u`.`Stripe_Payment`, `u`.`Thumb`, `u`.`Trial_Expire`, `u`.`Twitter`, `u`.`User_Name`, `u`.`User_Type`, `u`.`Verify_Code`, `u`.`Whatsapp`
FROM `Users` AS `u`
WHERE `u`.`Id` = @__id_0
LIMIT 1

2024-07-28 19:27:17.344 +05:30  INF  Executing endpoint 'DCRM.Api.Controllers.PatientController.Get (DCRM.Api)'

2024-07-28 19:27:17.345 +05:30  INF  Route matched with {action = "Get", controller = "Patient"}. Executing controller action with signature DCRM.Common.Dto.PatientseDto Get(Int64) on controller DCRM.Api.Controllers.PatientController (DCRM.Api).

2024-07-28 19:27:17.345 +05:30  INF  Executing BadRequestObjectResult, writing value of type 'Microsoft.AspNetCore.Mvc.ValidationProblemDetails'.

2024-07-28 19:27:17.345 +05:30  INF  Executed action DCRM.Api.Controllers.PatientController.Get (DCRM.Api) in 0.7476ms

2024-07-28 19:27:17.345 +05:30  INF  Executed endpoint 'DCRM.Api.Controllers.PatientController.Get (DCRM.Api)'

2024-07-28 19:27:17.345 +05:30  INF  Request finished HTTP/2 GET https://localhost:7069/api/Patient/Get/te application/json - - 400 - application/problem+json;+charset=utf-8 627.8784ms

2024-07-28 19:27:17.418 +05:30  INF  Executed DbCommand (217ms) [Parameters=[@__Id_0='?' (DbType = Int64)], CommandType='"Text"', CommandTimeout='30']
SELECT `d`.`Id`, `d`.`Age`, `d`.`Blood_Group`, `d`.`Created_At`, `d`.`Dob`, `d`.`Email`, `d`.`Email2`, `d`.`Gender`, `d`.`Gst_Number`, `d`.`Is_Delete`, `d`.`Marital_Status`, `d`.`Name`, `d`.`Pan_Number`, `d`.`Password`, `d`.`Phone1`, `d`.`Phone2`, `d`.`Phone3`, `d`.`Phone4`, `d`.`Qualification`, `d`.`Role`, `d`.`Speciality`, `d`.`Thumb`, `d`.`Updated_At`, `d`.`User_Id`
FROM `Doctors` AS `d`
WHERE `d`.`Id` = @__Id_0
LIMIT 2

2024-07-28 19:27:17.580 +05:30  INF  Request starting HTTP/2 OPTIONS https://localhost:7069/api/Patient/Get/te/ - -

2024-07-28 19:27:17.580 +05:30  INF  CORS policy execution successful.

2024-07-28 19:27:17.580 +05:30  INF  Request finished HTTP/2 OPTIONS https://localhost:7069/api/Patient/Get/te/ - - - 204 - - 0.3657ms

2024-07-28 19:27:17.583 +05:30  INF  Request starting HTTP/2 GET https://localhost:7069/api/Patient/Get/te/ application/json -

2024-07-28 19:27:17.583 +05:30  INF  CORS policy execution successful.

2024-07-28 19:27:17.813 +05:30  INF  Request starting HTTP/2 OPTIONS https://localhost:7069/api/Patient/Get/te// - -

2024-07-28 19:27:17.813 +05:30  INF  CORS policy execution successful.

2024-07-28 19:27:17.813 +05:30  INF  Request finished HTTP/2 OPTIONS https://localhost:7069/api/Patient/Get/te// - - - 204 - - 0.2351ms

2024-07-28 19:27:17.816 +05:30  INF  Request starting HTTP/2 GET https://localhost:7069/api/Patient/Get/te// application/json -

2024-07-28 19:27:17.816 +05:30  INF  CORS policy execution successful.

2024-07-28 19:27:18.048 +05:30  INF  Request starting HTTP/2 OPTIONS https://localhost:7069/api/Patient/Get/te/// - -

2024-07-28 19:27:18.048 +05:30  INF  CORS policy execution successful.

2024-07-28 19:27:18.048 +05:30  INF  Request finished HTTP/2 OPTIONS https://localhost:7069/api/Patient/Get/te/// - - - 204 - - 0.2414ms

2024-07-28 19:27:18.052 +05:30  INF  Request starting HTTP/2 GET https://localhost:7069/api/Patient/Get/te/// application/json -

2024-07-28 19:27:18.052 +05:30  INF  CORS policy execution successful.

2024-07-28 19:27:18.062 +05:30  INF  Executed DbCommand (216ms) [Parameters=[@__Id_0='?' (DbType = Int64)], CommandType='"Text"', CommandTimeout='30']
SELECT `d`.`Id`, `d`.`Age`, `d`.`Blood_Group`, `d`.`Created_At`, `d`.`Dob`, `d`.`Email`, `d`.`Email2`, `d`.`Gender`, `d`.`Gst_Number`, `d`.`Is_Delete`, `d`.`Marital_Status`, `d`.`Name`, `d`.`Pan_Number`, `d`.`Password`, `d`.`Phone1`, `d`.`Phone2`, `d`.`Phone3`, `d`.`Phone4`, `d`.`Qualification`, `d`.`Role`, `d`.`Speciality`, `d`.`Thumb`, `d`.`Updated_At`, `d`.`User_Id`
FROM `Doctors` AS `d`
WHERE `d`.`Id` = @__Id_0
LIMIT 2

2024-07-28 19:27:18.204 +05:30  INF  Executed DbCommand (209ms) [Parameters=[@__id_0='?' (DbType = Int64)], CommandType='"Text"', CommandTimeout='30']
SELECT `u`.`Id`, `u`.`About_Me`, `u`.`Account_Type`, `u`.`Address`, `u`.`Available_Days`, `u`.`Bn_Name`, `u`.`City`, `u`.`Country`, `u`.`Created_At`, `u`.`Currency`, `u`.`Degree`, `u`.`Email`, `u`.`Email_Verified`, `u`.`Enable_Appointment`, `u`.`Enable_Rating`, `u`.`Exp_Years`, `u`.`Facebook`, `u`.`Google_Analytics`, `u`.`Image`, `u`.`Instagram`, `u`.`Linkedin`, `u`.`Name`, `u`.`Parent_Id`, `u`.`Password`, `u`.`Paypal_Email`, `u`.`Paypal_Mode`, `u`.`Paypal_Payment`, `u`.`Paystack_Payment`, `u`.`Paystack_Public_Key`, `u`.`Paystack_Secret_Key`, `u`.`Phone`, `u`.`Publish_Key`, `u`.`Qr_Code`, `u`.`Razorpay_Key_Id`, `u`.`Razorpay_Key_Secret`, `u`.`Razorpay_Payment`, `u`.`Role`, `u`.`Secret_Key`, `u`.`Skype`, `u`.`Slug`, `u`.`Specialist`, `u`.`Status`, `u`.`Stripe_Payment`, `u`.`Thumb`, `u`.`Trial_Expire`, `u`.`Twitter`, `u`.`User_Name`, `u`.`User_Type`, `u`.`Verify_Code`, `u`.`Whatsapp`
FROM `Users` AS `u`
WHERE `u`.`Id` = @__id_0
LIMIT 1

2024-07-28 19:27:18.205 +05:30  INF  Executing endpoint 'DCRM.Api.Controllers.PatientController.Get (DCRM.Api)'

2024-07-28 19:27:18.205 +05:30  INF  Route matched with {action = "Get", controller = "Patient"}. Executing controller action with signature DCRM.Common.Dto.PatientseDto Get(Int64) on controller DCRM.Api.Controllers.PatientController (DCRM.Api).

2024-07-28 19:27:18.206 +05:30  INF  Executing BadRequestObjectResult, writing value of type 'Microsoft.AspNetCore.Mvc.ValidationProblemDetails'.

2024-07-28 19:27:18.207 +05:30  INF  Executed action DCRM.Api.Controllers.PatientController.Get (DCRM.Api) in 1.5616ms

2024-07-28 19:27:18.207 +05:30  INF  Executed endpoint 'DCRM.Api.Controllers.PatientController.Get (DCRM.Api)'

2024-07-28 19:27:18.207 +05:30  INF  Request finished HTTP/2 GET https://localhost:7069/api/Patient/Get/te/ application/json - - 400 - application/problem+json;+charset=utf-8 624.3382ms

2024-07-28 19:27:18.299 +05:30  INF  Request starting HTTP/2 OPTIONS https://localhost:7069/api/Patient/Get/te//// - -

2024-07-28 19:27:18.300 +05:30  INF  CORS policy execution successful.

2024-07-28 19:27:18.300 +05:30  INF  Request finished HTTP/2 OPTIONS https://localhost:7069/api/Patient/Get/te//// - - - 204 - - 0.4955ms

2024-07-28 19:27:18.304 +05:30  INF  Request starting HTTP/2 GET https://localhost:7069/api/Patient/Get/te//// application/json -

2024-07-28 19:27:18.304 +05:30  INF  CORS policy execution successful.

2024-07-28 19:27:18.471 +05:30  INF  Executed DbCommand (220ms) [Parameters=[@__id_0='?' (DbType = Int64)], CommandType='"Text"', CommandTimeout='30']
SELECT `u`.`Id`, `u`.`About_Me`, `u`.`Account_Type`, `u`.`Address`, `u`.`Available_Days`, `u`.`Bn_Name`, `u`.`City`, `u`.`Country`, `u`.`Created_At`, `u`.`Currency`, `u`.`Degree`, `u`.`Email`, `u`.`Email_Verified`, `u`.`Enable_Appointment`, `u`.`Enable_Rating`, `u`.`Exp_Years`, `u`.`Facebook`, `u`.`Google_Analytics`, `u`.`Image`, `u`.`Instagram`, `u`.`Linkedin`, `u`.`Name`, `u`.`Parent_Id`, `u`.`Password`, `u`.`Paypal_Email`, `u`.`Paypal_Mode`, `u`.`Paypal_Payment`, `u`.`Paystack_Payment`, `u`.`Paystack_Public_Key`, `u`.`Paystack_Secret_Key`, `u`.`Phone`, `u`.`Publish_Key`, `u`.`Qr_Code`, `u`.`Razorpay_Key_Id`, `u`.`Razorpay_Key_Secret`, `u`.`Razorpay_Payment`, `u`.`Role`, `u`.`Secret_Key`, `u`.`Skype`, `u`.`Slug`, `u`.`Specialist`, `u`.`Status`, `u`.`Stripe_Payment`, `u`.`Thumb`, `u`.`Trial_Expire`, `u`.`Twitter`, `u`.`User_Name`, `u`.`User_Type`, `u`.`Verify_Code`, `u`.`Whatsapp`
FROM `Users` AS `u`
WHERE `u`.`Id` = @__id_0
LIMIT 1

2024-07-28 19:27:18.472 +05:30  INF  Request finished HTTP/2 GET https://localhost:7069/api/Patient/Get/te// application/json - - 404 0 - 656.2962ms

2024-07-28 19:27:18.702 +05:30  INF  Executed DbCommand (215ms) [Parameters=[@__Id_0='?' (DbType = Int64)], CommandType='"Text"', CommandTimeout='30']
SELECT `d`.`Id`, `d`.`Age`, `d`.`Blood_Group`, `d`.`Created_At`, `d`.`Dob`, `d`.`Email`, `d`.`Email2`, `d`.`Gender`, `d`.`Gst_Number`, `d`.`Is_Delete`, `d`.`Marital_Status`, `d`.`Name`, `d`.`Pan_Number`, `d`.`Password`, `d`.`Phone1`, `d`.`Phone2`, `d`.`Phone3`, `d`.`Phone4`, `d`.`Qualification`, `d`.`Role`, `d`.`Speciality`, `d`.`Thumb`, `d`.`Updated_At`, `d`.`User_Id`
FROM `Doctors` AS `d`
WHERE `d`.`Id` = @__Id_0
LIMIT 2

2024-07-28 19:27:18.730 +05:30  INF  Executed DbCommand (226ms) [Parameters=[@__id_0='?' (DbType = Int64)], CommandType='"Text"', CommandTimeout='30']
SELECT `u`.`Id`, `u`.`About_Me`, `u`.`Account_Type`, `u`.`Address`, `u`.`Available_Days`, `u`.`Bn_Name`, `u`.`City`, `u`.`Country`, `u`.`Created_At`, `u`.`Currency`, `u`.`Degree`, `u`.`Email`, `u`.`Email_Verified`, `u`.`Enable_Appointment`, `u`.`Enable_Rating`, `u`.`Exp_Years`, `u`.`Facebook`, `u`.`Google_Analytics`, `u`.`Image`, `u`.`Instagram`, `u`.`Linkedin`, `u`.`Name`, `u`.`Parent_Id`, `u`.`Password`, `u`.`Paypal_Email`, `u`.`Paypal_Mode`, `u`.`Paypal_Payment`, `u`.`Paystack_Payment`, `u`.`Paystack_Public_Key`, `u`.`Paystack_Secret_Key`, `u`.`Phone`, `u`.`Publish_Key`, `u`.`Qr_Code`, `u`.`Razorpay_Key_Id`, `u`.`Razorpay_Key_Secret`, `u`.`Razorpay_Payment`, `u`.`Role`, `u`.`Secret_Key`, `u`.`Skype`, `u`.`Slug`, `u`.`Specialist`, `u`.`Status`, `u`.`Stripe_Payment`, `u`.`Thumb`, `u`.`Trial_Expire`, `u`.`Twitter`, `u`.`User_Name`, `u`.`User_Type`, `u`.`Verify_Code`, `u`.`Whatsapp`
FROM `Users` AS `u`
WHERE `u`.`Id` = @__id_0
LIMIT 1

2024-07-28 19:27:18.731 +05:30  INF  Request finished HTTP/2 GET https://localhost:7069/api/Patient/Get/te/// application/json - - 404 0 - 679.1417ms

2024-07-28 19:27:18.829 +05:30  INF  Request starting HTTP/2 GET https://localhost:7069/api/Patient/Get/te/// application/json -

2024-07-28 19:27:18.829 +05:30  INF  CORS policy execution successful.

2024-07-28 19:27:18.949 +05:30  INF  Executed DbCommand (208ms) [Parameters=[@__id_0='?' (DbType = Int64)], CommandType='"Text"', CommandTimeout='30']
SELECT `u`.`Id`, `u`.`About_Me`, `u`.`Account_Type`, `u`.`Address`, `u`.`Available_Days`, `u`.`Bn_Name`, `u`.`City`, `u`.`Country`, `u`.`Created_At`, `u`.`Currency`, `u`.`Degree`, `u`.`Email`, `u`.`Email_Verified`, `u`.`Enable_Appointment`, `u`.`Enable_Rating`, `u`.`Exp_Years`, `u`.`Facebook`, `u`.`Google_Analytics`, `u`.`Image`, `u`.`Instagram`, `u`.`Linkedin`, `u`.`Name`, `u`.`Parent_Id`, `u`.`Password`, `u`.`Paypal_Email`, `u`.`Paypal_Mode`, `u`.`Paypal_Payment`, `u`.`Paystack_Payment`, `u`.`Paystack_Public_Key`, `u`.`Paystack_Secret_Key`, `u`.`Phone`, `u`.`Publish_Key`, `u`.`Qr_Code`, `u`.`Razorpay_Key_Id`, `u`.`Razorpay_Key_Secret`, `u`.`Razorpay_Payment`, `u`.`Role`, `u`.`Secret_Key`, `u`.`Skype`, `u`.`Slug`, `u`.`Specialist`, `u`.`Status`, `u`.`Stripe_Payment`, `u`.`Thumb`, `u`.`Trial_Expire`, `u`.`Twitter`, `u`.`User_Name`, `u`.`User_Type`, `u`.`Verify_Code`, `u`.`Whatsapp`
FROM `Users` AS `u`
WHERE `u`.`Id` = @__id_0
LIMIT 1

2024-07-28 19:27:18.950 +05:30  INF  Request finished HTTP/2 GET https://localhost:7069/api/Patient/Get/te//// application/json - - 404 0 - 645.5608ms

2024-07-28 19:27:19.060 +05:30  INF  Request starting HTTP/2 GET https://localhost:7069/api/Patient/Get/te// application/json -

2024-07-28 19:27:19.061 +05:30  INF  CORS policy execution successful.

2024-07-28 19:27:19.251 +05:30  INF  Request starting HTTP/2 GET https://localhost:7069/api/Patient/Get/te/ application/json -

2024-07-28 19:27:19.251 +05:30  INF  CORS policy execution successful.

2024-07-28 19:27:19.347 +05:30  INF  Executed DbCommand (217ms) [Parameters=[@__Id_0='?' (DbType = Int64)], CommandType='"Text"', CommandTimeout='30']
SELECT `d`.`Id`, `d`.`Age`, `d`.`Blood_Group`, `d`.`Created_At`, `d`.`Dob`, `d`.`Email`, `d`.`Email2`, `d`.`Gender`, `d`.`Gst_Number`, `d`.`Is_Delete`, `d`.`Marital_Status`, `d`.`Name`, `d`.`Pan_Number`, `d`.`Password`, `d`.`Phone1`, `d`.`Phone2`, `d`.`Phone3`, `d`.`Phone4`, `d`.`Qualification`, `d`.`Role`, `d`.`Speciality`, `d`.`Thumb`, `d`.`Updated_At`, `d`.`User_Id`
FROM `Doctors` AS `d`
WHERE `d`.`Id` = @__Id_0
LIMIT 2

2024-07-28 19:27:19.347 +05:30  INF  Executing ObjectResult, writing value of type 'System.Collections.Generic.List`1[[DCRM.Common.Dto.ChairDto, DCRM.Common, Version=1.0.0.0, Culture=neutral, PublicKeyToken=null]]'.

2024-07-28 19:27:19.348 +05:30  INF  Executed action DCRM.Api.Controllers.ChairController.GetAll (DCRM.Api) in 12907.1263ms

2024-07-28 19:27:19.348 +05:30  INF  Executed endpoint 'DCRM.Api.Controllers.ChairController.GetAll (DCRM.Api)'

2024-07-28 19:27:19.348 +05:30  INF  Request finished HTTP/2 GET https://localhost:7069/api/Chair/GetAll application/json - - 200 - application/json;+charset=utf-8 15981.3736ms

2024-07-28 19:27:19.480 +05:30  INF  Request starting HTTP/2 GET https://localhost:7069/api/Patient/Get/te application/json -

2024-07-28 19:27:19.481 +05:30  INF  CORS policy execution successful.

2024-07-28 19:27:19.506 +05:30  INF  Executed DbCommand (227ms) [Parameters=[@__id_0='?' (DbType = Int64)], CommandType='"Text"', CommandTimeout='30']
SELECT `u`.`Id`, `u`.`About_Me`, `u`.`Account_Type`, `u`.`Address`, `u`.`Available_Days`, `u`.`Bn_Name`, `u`.`City`, `u`.`Country`, `u`.`Created_At`, `u`.`Currency`, `u`.`Degree`, `u`.`Email`, `u`.`Email_Verified`, `u`.`Enable_Appointment`, `u`.`Enable_Rating`, `u`.`Exp_Years`, `u`.`Facebook`, `u`.`Google_Analytics`, `u`.`Image`, `u`.`Instagram`, `u`.`Linkedin`, `u`.`Name`, `u`.`Parent_Id`, `u`.`Password`, `u`.`Paypal_Email`, `u`.`Paypal_Mode`, `u`.`Paypal_Payment`, `u`.`Paystack_Payment`, `u`.`Paystack_Public_Key`, `u`.`Paystack_Secret_Key`, `u`.`Phone`, `u`.`Publish_Key`, `u`.`Qr_Code`, `u`.`Razorpay_Key_Id`, `u`.`Razorpay_Key_Secret`, `u`.`Razorpay_Payment`, `u`.`Role`, `u`.`Secret_Key`, `u`.`Skype`, `u`.`Slug`, `u`.`Specialist`, `u`.`Status`, `u`.`Stripe_Payment`, `u`.`Thumb`, `u`.`Trial_Expire`, `u`.`Twitter`, `u`.`User_Name`, `u`.`User_Type`, `u`.`Verify_Code`, `u`.`Whatsapp`
FROM `Users` AS `u`
WHERE `u`.`Id` = @__id_0
LIMIT 1

2024-07-28 19:27:19.506 +05:30  INF  Request finished HTTP/2 GET https://localhost:7069/api/Patient/Get/te/// application/json - - 404 0 - 677.4499ms

2024-07-28 19:27:19.686 +05:30  INF  Executed DbCommand (212ms) [Parameters=[@__id_0='?' (DbType = Int64)], CommandType='"Text"', CommandTimeout='30']
SELECT `u`.`Id`, `u`.`About_Me`, `u`.`Account_Type`, `u`.`Address`, `u`.`Available_Days`, `u`.`Bn_Name`, `u`.`City`, `u`.`Country`, `u`.`Created_At`, `u`.`Currency`, `u`.`Degree`, `u`.`Email`, `u`.`Email_Verified`, `u`.`Enable_Appointment`, `u`.`Enable_Rating`, `u`.`Exp_Years`, `u`.`Facebook`, `u`.`Google_Analytics`, `u`.`Image`, `u`.`Instagram`, `u`.`Linkedin`, `u`.`Name`, `u`.`Parent_Id`, `u`.`Password`, `u`.`Paypal_Email`, `u`.`Paypal_Mode`, `u`.`Paypal_Payment`, `u`.`Paystack_Payment`, `u`.`Paystack_Public_Key`, `u`.`Paystack_Secret_Key`, `u`.`Phone`, `u`.`Publish_Key`, `u`.`Qr_Code`, `u`.`Razorpay_Key_Id`, `u`.`Razorpay_Key_Secret`, `u`.`Razorpay_Payment`, `u`.`Role`, `u`.`Secret_Key`, `u`.`Skype`, `u`.`Slug`, `u`.`Specialist`, `u`.`Status`, `u`.`Stripe_Payment`, `u`.`Thumb`, `u`.`Trial_Expire`, `u`.`Twitter`, `u`.`User_Name`, `u`.`User_Type`, `u`.`Verify_Code`, `u`.`Whatsapp`
FROM `Users` AS `u`
WHERE `u`.`Id` = @__id_0
LIMIT 1

2024-07-28 19:27:19.686 +05:30  INF  Request finished HTTP/2 GET https://localhost:7069/api/Patient/Get/te// application/json - - 404 0 - 626.0883ms

2024-07-28 19:27:19.690 +05:30  INF  Request starting HTTP/2 GET https://localhost:7069/api/Patient/Get/t application/json -

2024-07-28 19:27:19.691 +05:30  INF  CORS policy execution successful.

2024-07-28 19:27:19.910 +05:30  INF  Executed DbCommand (219ms) [Parameters=[@__id_0='?' (DbType = Int64)], CommandType='"Text"', CommandTimeout='30']
SELECT `u`.`Id`, `u`.`About_Me`, `u`.`Account_Type`, `u`.`Address`, `u`.`Available_Days`, `u`.`Bn_Name`, `u`.`City`, `u`.`Country`, `u`.`Created_At`, `u`.`Currency`, `u`.`Degree`, `u`.`Email`, `u`.`Email_Verified`, `u`.`Enable_Appointment`, `u`.`Enable_Rating`, `u`.`Exp_Years`, `u`.`Facebook`, `u`.`Google_Analytics`, `u`.`Image`, `u`.`Instagram`, `u`.`Linkedin`, `u`.`Name`, `u`.`Parent_Id`, `u`.`Password`, `u`.`Paypal_Email`, `u`.`Paypal_Mode`, `u`.`Paypal_Payment`, `u`.`Paystack_Payment`, `u`.`Paystack_Public_Key`, `u`.`Paystack_Secret_Key`, `u`.`Phone`, `u`.`Publish_Key`, `u`.`Qr_Code`, `u`.`Razorpay_Key_Id`, `u`.`Razorpay_Key_Secret`, `u`.`Razorpay_Payment`, `u`.`Role`, `u`.`Secret_Key`, `u`.`Skype`, `u`.`Slug`, `u`.`Specialist`, `u`.`Status`, `u`.`Stripe_Payment`, `u`.`Thumb`, `u`.`Trial_Expire`, `u`.`Twitter`, `u`.`User_Name`, `u`.`User_Type`, `u`.`Verify_Code`, `u`.`Whatsapp`
FROM `Users` AS `u`
WHERE `u`.`Id` = @__id_0
LIMIT 1

2024-07-28 19:27:19.910 +05:30  INF  Executing endpoint 'DCRM.Api.Controllers.PatientController.Get (DCRM.Api)'

2024-07-28 19:27:19.910 +05:30  INF  Route matched with {action = "Get", controller = "Patient"}. Executing controller action with signature DCRM.Common.Dto.PatientseDto Get(Int64) on controller DCRM.Api.Controllers.PatientController (DCRM.Api).

2024-07-28 19:27:19.911 +05:30  INF  Executing BadRequestObjectResult, writing value of type 'Microsoft.AspNetCore.Mvc.ValidationProblemDetails'.

2024-07-28 19:27:19.912 +05:30  INF  Executed action DCRM.Api.Controllers.PatientController.Get (DCRM.Api) in 1.3279ms

2024-07-28 19:27:19.912 +05:30  INF  Executed endpoint 'DCRM.Api.Controllers.PatientController.Get (DCRM.Api)'

2024-07-28 19:27:19.912 +05:30  INF  Request finished HTTP/2 GET https://localhost:7069/api/Patient/Get/te/ application/json - - 400 - application/problem+json;+charset=utf-8 660.7166ms

2024-07-28 19:27:19.919 +05:30  INF  Request starting HTTP/2 OPTIONS https://localhost:7069/api/Patient/Get/ - -

2024-07-28 19:27:19.919 +05:30  INF  CORS policy execution successful.

2024-07-28 19:27:19.919 +05:30  INF  Request finished HTTP/2 OPTIONS https://localhost:7069/api/Patient/Get/ - - - 204 - - 0.2898ms

2024-07-28 19:27:19.923 +05:30  INF  Request starting HTTP/2 GET https://localhost:7069/api/Patient/Get/ application/json -

2024-07-28 19:27:19.924 +05:30  INF  CORS policy execution successful.

2024-07-28 19:27:20.120 +05:30  INF  Executed DbCommand (215ms) [Parameters=[@__id_0='?' (DbType = Int64)], CommandType='"Text"', CommandTimeout='30']
SELECT `u`.`Id`, `u`.`About_Me`, `u`.`Account_Type`, `u`.`Address`, `u`.`Available_Days`, `u`.`Bn_Name`, `u`.`City`, `u`.`Country`, `u`.`Created_At`, `u`.`Currency`, `u`.`Degree`, `u`.`Email`, `u`.`Email_Verified`, `u`.`Enable_Appointment`, `u`.`Enable_Rating`, `u`.`Exp_Years`, `u`.`Facebook`, `u`.`Google_Analytics`, `u`.`Image`, `u`.`Instagram`, `u`.`Linkedin`, `u`.`Name`, `u`.`Parent_Id`, `u`.`Password`, `u`.`Paypal_Email`, `u`.`Paypal_Mode`, `u`.`Paypal_Payment`, `u`.`Paystack_Payment`, `u`.`Paystack_Public_Key`, `u`.`Paystack_Secret_Key`, `u`.`Phone`, `u`.`Publish_Key`, `u`.`Qr_Code`, `u`.`Razorpay_Key_Id`, `u`.`Razorpay_Key_Secret`, `u`.`Razorpay_Payment`, `u`.`Role`, `u`.`Secret_Key`, `u`.`Skype`, `u`.`Slug`, `u`.`Specialist`, `u`.`Status`, `u`.`Stripe_Payment`, `u`.`Thumb`, `u`.`Trial_Expire`, `u`.`Twitter`, `u`.`User_Name`, `u`.`User_Type`, `u`.`Verify_Code`, `u`.`Whatsapp`
FROM `Users` AS `u`
WHERE `u`.`Id` = @__id_0
LIMIT 1

2024-07-28 19:27:20.121 +05:30  INF  Executing endpoint 'DCRM.Api.Controllers.PatientController.Get (DCRM.Api)'

2024-07-28 19:27:20.121 +05:30  INF  Route matched with {action = "Get", controller = "Patient"}. Executing controller action with signature DCRM.Common.Dto.PatientseDto Get(Int64) on controller DCRM.Api.Controllers.PatientController (DCRM.Api).

2024-07-28 19:27:20.121 +05:30  INF  Executing BadRequestObjectResult, writing value of type 'Microsoft.AspNetCore.Mvc.ValidationProblemDetails'.

2024-07-28 19:27:20.121 +05:30  INF  Executed action DCRM.Api.Controllers.PatientController.Get (DCRM.Api) in 0.6305ms

2024-07-28 19:27:20.121 +05:30  INF  Executed endpoint 'DCRM.Api.Controllers.PatientController.Get (DCRM.Api)'

2024-07-28 19:27:20.121 +05:30  INF  Request finished HTTP/2 GET https://localhost:7069/api/Patient/Get/te application/json - - 400 - application/problem+json;+charset=utf-8 640.9993ms

2024-07-28 19:27:20.336 +05:30  INF  Executed DbCommand (230ms) [Parameters=[@__id_0='?' (DbType = Int64)], CommandType='"Text"', CommandTimeout='30']
SELECT `u`.`Id`, `u`.`About_Me`, `u`.`Account_Type`, `u`.`Address`, `u`.`Available_Days`, `u`.`Bn_Name`, `u`.`City`, `u`.`Country`, `u`.`Created_At`, `u`.`Currency`, `u`.`Degree`, `u`.`Email`, `u`.`Email_Verified`, `u`.`Enable_Appointment`, `u`.`Enable_Rating`, `u`.`Exp_Years`, `u`.`Facebook`, `u`.`Google_Analytics`, `u`.`Image`, `u`.`Instagram`, `u`.`Linkedin`, `u`.`Name`, `u`.`Parent_Id`, `u`.`Password`, `u`.`Paypal_Email`, `u`.`Paypal_Mode`, `u`.`Paypal_Payment`, `u`.`Paystack_Payment`, `u`.`Paystack_Public_Key`, `u`.`Paystack_Secret_Key`, `u`.`Phone`, `u`.`Publish_Key`, `u`.`Qr_Code`, `u`.`Razorpay_Key_Id`, `u`.`Razorpay_Key_Secret`, `u`.`Razorpay_Payment`, `u`.`Role`, `u`.`Secret_Key`, `u`.`Skype`, `u`.`Slug`, `u`.`Specialist`, `u`.`Status`, `u`.`Stripe_Payment`, `u`.`Thumb`, `u`.`Trial_Expire`, `u`.`Twitter`, `u`.`User_Name`, `u`.`User_Type`, `u`.`Verify_Code`, `u`.`Whatsapp`
FROM `Users` AS `u`
WHERE `u`.`Id` = @__id_0
LIMIT 1

2024-07-28 19:27:20.336 +05:30  INF  Executing endpoint 'DCRM.Api.Controllers.PatientController.Get (DCRM.Api)'

2024-07-28 19:27:20.336 +05:30  INF  Route matched with {action = "Get", controller = "Patient"}. Executing controller action with signature DCRM.Common.Dto.PatientseDto Get(Int64) on controller DCRM.Api.Controllers.PatientController (DCRM.Api).

2024-07-28 19:27:20.337 +05:30  INF  Executing BadRequestObjectResult, writing value of type 'Microsoft.AspNetCore.Mvc.ValidationProblemDetails'.

2024-07-28 19:27:20.338 +05:30  INF  Executed action DCRM.Api.Controllers.PatientController.Get (DCRM.Api) in 1.4278ms

2024-07-28 19:27:20.338 +05:30  INF  Executed endpoint 'DCRM.Api.Controllers.PatientController.Get (DCRM.Api)'

2024-07-28 19:27:20.338 +05:30  INF  Request finished HTTP/2 GET https://localhost:7069/api/Patient/Get/t application/json - - 400 - application/problem+json;+charset=utf-8 647.5965ms

2024-07-28 19:27:20.587 +05:30  INF  Executed DbCommand (223ms) [Parameters=[@__id_0='?' (DbType = Int64)], CommandType='"Text"', CommandTimeout='30']
SELECT `u`.`Id`, `u`.`About_Me`, `u`.`Account_Type`, `u`.`Address`, `u`.`Available_Days`, `u`.`Bn_Name`, `u`.`City`, `u`.`Country`, `u`.`Created_At`, `u`.`Currency`, `u`.`Degree`, `u`.`Email`, `u`.`Email_Verified`, `u`.`Enable_Appointment`, `u`.`Enable_Rating`, `u`.`Exp_Years`, `u`.`Facebook`, `u`.`Google_Analytics`, `u`.`Image`, `u`.`Instagram`, `u`.`Linkedin`, `u`.`Name`, `u`.`Parent_Id`, `u`.`Password`, `u`.`Paypal_Email`, `u`.`Paypal_Mode`, `u`.`Paypal_Payment`, `u`.`Paystack_Payment`, `u`.`Paystack_Public_Key`, `u`.`Paystack_Secret_Key`, `u`.`Phone`, `u`.`Publish_Key`, `u`.`Qr_Code`, `u`.`Razorpay_Key_Id`, `u`.`Razorpay_Key_Secret`, `u`.`Razorpay_Payment`, `u`.`Role`, `u`.`Secret_Key`, `u`.`Skype`, `u`.`Slug`, `u`.`Specialist`, `u`.`Status`, `u`.`Stripe_Payment`, `u`.`Thumb`, `u`.`Trial_Expire`, `u`.`Twitter`, `u`.`User_Name`, `u`.`User_Type`, `u`.`Verify_Code`, `u`.`Whatsapp`
FROM `Users` AS `u`
WHERE `u`.`Id` = @__id_0
LIMIT 1

2024-07-28 19:27:20.587 +05:30  INF  Request finished HTTP/2 GET https://localhost:7069/api/Patient/Get/ application/json - - 404 0 - 663.6417ms

2024-07-28 19:28:18.640 +05:30  INF  Request starting HTTP/2 OPTIONS https://localhost:7069/api/Dashboard/Get - -

2024-07-28 19:28:18.640 +05:30  INF  CORS policy execution successful.

2024-07-28 19:28:18.641 +05:30  INF  Request finished HTTP/2 OPTIONS https://localhost:7069/api/Dashboard/Get - - - 204 - - 0.6012ms

2024-07-28 19:28:18.645 +05:30  INF  Request starting HTTP/2 GET https://localhost:7069/api/Dashboard/Get application/json -

2024-07-28 19:28:18.646 +05:30  INF  CORS policy execution successful.

2024-07-28 19:28:19.306 +05:30  INF  Executed DbCommand (222ms) [Parameters=[@__id_0='?' (DbType = Int64)], CommandType='"Text"', CommandTimeout='30']
SELECT `u`.`Id`, `u`.`About_Me`, `u`.`Account_Type`, `u`.`Address`, `u`.`Available_Days`, `u`.`Bn_Name`, `u`.`City`, `u`.`Country`, `u`.`Created_At`, `u`.`Currency`, `u`.`Degree`, `u`.`Email`, `u`.`Email_Verified`, `u`.`Enable_Appointment`, `u`.`Enable_Rating`, `u`.`Exp_Years`, `u`.`Facebook`, `u`.`Google_Analytics`, `u`.`Image`, `u`.`Instagram`, `u`.`Linkedin`, `u`.`Name`, `u`.`Parent_Id`, `u`.`Password`, `u`.`Paypal_Email`, `u`.`Paypal_Mode`, `u`.`Paypal_Payment`, `u`.`Paystack_Payment`, `u`.`Paystack_Public_Key`, `u`.`Paystack_Secret_Key`, `u`.`Phone`, `u`.`Publish_Key`, `u`.`Qr_Code`, `u`.`Razorpay_Key_Id`, `u`.`Razorpay_Key_Secret`, `u`.`Razorpay_Payment`, `u`.`Role`, `u`.`Secret_Key`, `u`.`Skype`, `u`.`Slug`, `u`.`Specialist`, `u`.`Status`, `u`.`Stripe_Payment`, `u`.`Thumb`, `u`.`Trial_Expire`, `u`.`Twitter`, `u`.`User_Name`, `u`.`User_Type`, `u`.`Verify_Code`, `u`.`Whatsapp`
FROM `Users` AS `u`
WHERE `u`.`Id` = @__id_0
LIMIT 1

2024-07-28 19:28:19.307 +05:30  INF  Executing endpoint 'DCRM.Api.Controllers.DashboardController.Get (DCRM.Api)'

2024-07-28 19:28:19.307 +05:30  INF  Route matched with {action = "Get", controller = "Dashboard"}. Executing controller action with signature DCRM.Common.Dto.DashboardDto Get() on controller DCRM.Api.Controllers.DashboardController (DCRM.Api).

2024-07-28 19:28:19.503 +05:30  INF  Request starting HTTP/2 OPTIONS https://localhost:7069/api/Appointment/Get/387 - -

2024-07-28 19:28:19.503 +05:30  INF  CORS policy execution successful.

2024-07-28 19:28:19.503 +05:30  INF  Request finished HTTP/2 OPTIONS https://localhost:7069/api/Appointment/Get/387 - - - 204 - - 0.2543ms

2024-07-28 19:28:19.510 +05:30  INF  Request starting HTTP/2 GET https://localhost:7069/api/Appointment/Get/387 application/json -

2024-07-28 19:28:19.510 +05:30  INF  CORS policy execution successful.

2024-07-28 19:28:19.964 +05:30  INF  Executed DbCommand (219ms) [Parameters=[@__p_0='?' (DbType = Int64)], CommandType='"Text"', CommandTimeout='30']
SELECT COUNT(*)
FROM `Patientses` AS `p`
WHERE (`p`.`User_Id` = @__p_0) AND (`p`.`Is_Delete` = 0)

2024-07-28 19:28:20.140 +05:30  INF  Executed DbCommand (212ms) [Parameters=[@__id_0='?' (DbType = Int64)], CommandType='"Text"', CommandTimeout='30']
SELECT `u`.`Id`, `u`.`About_Me`, `u`.`Account_Type`, `u`.`Address`, `u`.`Available_Days`, `u`.`Bn_Name`, `u`.`City`, `u`.`Country`, `u`.`Created_At`, `u`.`Currency`, `u`.`Degree`, `u`.`Email`, `u`.`Email_Verified`, `u`.`Enable_Appointment`, `u`.`Enable_Rating`, `u`.`Exp_Years`, `u`.`Facebook`, `u`.`Google_Analytics`, `u`.`Image`, `u`.`Instagram`, `u`.`Linkedin`, `u`.`Name`, `u`.`Parent_Id`, `u`.`Password`, `u`.`Paypal_Email`, `u`.`Paypal_Mode`, `u`.`Paypal_Payment`, `u`.`Paystack_Payment`, `u`.`Paystack_Public_Key`, `u`.`Paystack_Secret_Key`, `u`.`Phone`, `u`.`Publish_Key`, `u`.`Qr_Code`, `u`.`Razorpay_Key_Id`, `u`.`Razorpay_Key_Secret`, `u`.`Razorpay_Payment`, `u`.`Role`, `u`.`Secret_Key`, `u`.`Skype`, `u`.`Slug`, `u`.`Specialist`, `u`.`Status`, `u`.`Stripe_Payment`, `u`.`Thumb`, `u`.`Trial_Expire`, `u`.`Twitter`, `u`.`User_Name`, `u`.`User_Type`, `u`.`Verify_Code`, `u`.`Whatsapp`
FROM `Users` AS `u`
WHERE `u`.`Id` = @__id_0
LIMIT 1

2024-07-28 19:28:20.140 +05:30  INF  Executing endpoint 'DCRM.Api.Controllers.AppointmentController.Get (DCRM.Api)'

2024-07-28 19:28:20.140 +05:30  INF  Route matched with {action = "Get", controller = "Appointment"}. Executing controller action with signature DCRM.Common.Entity.Appointment Get(Int32) on controller DCRM.Api.Controllers.AppointmentController (DCRM.Api).

2024-07-28 19:28:20.628 +05:30  INF  Executed DbCommand (225ms) [Parameters=[@__userId_0='?' (DbType = Int32)], CommandType='"Text"', CommandTimeout='30']
SELECT COUNT(*)
FROM `Staffs` AS `s`
WHERE (`s`.`User_Id` = @__userId_0) AND (`s`.`Is_Deleted` = 0)

2024-07-28 19:28:20.765 +05:30  INF  Executed DbCommand (209ms) [Parameters=[@__id_0='?' (DbType = Int64)], CommandType='"Text"', CommandTimeout='30']
SELECT `a`.`Id`, `a`.`Appointment_Status`, `a`.`Cause`, `a`.`Chair`, `a`.`Chamber_Id`, `a`.`Created_At`, `a`.`Date`, `a`.`Doctor_Id`, `a`.`Doctor_Name`, `a`.`End_Time`, `a`.`Extra_Notes`, `a`.`Files`, `a`.`Is_Delete`, `a`.`Is_Start`, `a`.`Meeting_Notes`, `a`.`Number_Of_Slot`, `a`.`Patient_Id`, `a`.`Prescription_Id`, `a`.`Serial_Id`, `a`.`Slot_Time`, `a`.`Start_Time`, `a`.`Status`, `a`.`Type`, `a`.`User_Id`, `a`.`Workdone_Id`
FROM `Appointments` AS `a`
WHERE (`a`.`Id` = @__id_0) AND (`a`.`Is_Delete` = 0)
LIMIT 1

2024-07-28 19:28:20.766 +05:30  INF  Executing ObjectResult, writing value of type 'DCRM.Common.Entity.Appointment'.

2024-07-28 19:28:20.766 +05:30  INF  Executed action DCRM.Api.Controllers.AppointmentController.Get (DCRM.Api) in 625.299ms

2024-07-28 19:28:20.766 +05:30  INF  Executed endpoint 'DCRM.Api.Controllers.AppointmentController.Get (DCRM.Api)'

2024-07-28 19:28:20.766 +05:30  INF  Request finished HTTP/2 GET https://localhost:7069/api/Appointment/Get/387 application/json - - 200 - application/json;+charset=utf-8 1255.8032ms

2024-07-28 19:28:21.295 +05:30  INF  Executed DbCommand (222ms) [Parameters=[@__userId_0='?' (DbType = Int32)], CommandType='"Text"', CommandTimeout='30']
SELECT COUNT(*)
FROM `Appointments` AS `a`
WHERE (`a`.`User_Id` = @__userId_0) AND (`a`.`Is_Delete` = 0)

2024-07-28 19:28:21.955 +05:30  INF  Executed DbCommand (221ms) [Parameters=[@__userId_0='?' (DbType = Int32)], CommandType='"Text"', CommandTimeout='30']
SELECT COUNT(*)
FROM `Appointments` AS `a`
WHERE ((`a`.`User_Id` = @__userId_0) AND (`a`.`Is_Delete` = 0)) AND (`a`.`Date` = CURDATE())

2024-07-28 19:28:21.955 +05:30  INF  Executing ObjectResult, writing value of type 'DCRM.Common.Dto.DashboardDto'.

2024-07-28 19:28:21.956 +05:30  INF  Executed action DCRM.Api.Controllers.DashboardController.Get (DCRM.Api) in 2648.8096ms

2024-07-28 19:28:21.956 +05:30  INF  Executed endpoint 'DCRM.Api.Controllers.DashboardController.Get (DCRM.Api)'

2024-07-28 19:28:21.956 +05:30  INF  Request finished HTTP/2 GET https://localhost:7069/api/Dashboard/Get application/json - - 200 - application/json;+charset=utf-8 3310.4524ms

2024-07-28 19:28:22.144 +05:30  INF  Request starting HTTP/2 OPTIONS https://localhost:7069/api/Patient/Get/387 - -

2024-07-28 19:28:22.144 +05:30  INF  CORS policy execution successful.

2024-07-28 19:28:22.144 +05:30  INF  Request finished HTTP/2 OPTIONS https://localhost:7069/api/Patient/Get/387 - - - 204 - - 0.6224ms

2024-07-28 19:28:22.145 +05:30  INF  Request starting HTTP/2 OPTIONS https://localhost:7069/api/Doctor/Get/Names - -

2024-07-28 19:28:22.146 +05:30  INF  CORS policy execution successful.

2024-07-28 19:28:22.146 +05:30  INF  Request finished HTTP/2 OPTIONS https://localhost:7069/api/Doctor/Get/Names - - - 204 - - 0.9779ms

2024-07-28 19:28:22.148 +05:30  INF  Request starting HTTP/2 GET https://localhost:7069/api/Patient/Get/387 application/json -

2024-07-28 19:28:22.148 +05:30  INF  CORS policy execution successful.

2024-07-28 19:28:22.149 +05:30  INF  Request starting HTTP/2 OPTIONS https://localhost:7069/api/Patient/Get/Names - -

2024-07-28 19:28:22.149 +05:30  INF  CORS policy execution successful.

2024-07-28 19:28:22.149 +05:30  INF  Request finished HTTP/2 OPTIONS https://localhost:7069/api/Patient/Get/Names - - - 204 - - 0.3724ms

2024-07-28 19:28:22.151 +05:30  INF  Request starting HTTP/2 OPTIONS https://localhost:7069/api/Patient/Get/508 - -

2024-07-28 19:28:22.151 +05:30  INF  CORS policy execution successful.

2024-07-28 19:28:22.151 +05:30  INF  Request finished HTTP/2 OPTIONS https://localhost:7069/api/Patient/Get/508 - - - 204 - - 0.5406ms

2024-07-28 19:28:22.152 +05:30  INF  Request starting HTTP/2 GET https://localhost:7069/api/Doctor/Get/Names application/json -

2024-07-28 19:28:22.152 +05:30  INF  CORS policy execution successful.

2024-07-28 19:28:22.155 +05:30  INF  Request starting HTTP/2 GET https://localhost:7069/api/Patient/Get/Names application/json -

2024-07-28 19:28:22.155 +05:30  INF  CORS policy execution successful.

2024-07-28 19:28:22.159 +05:30  INF  Request starting HTTP/2 OPTIONS https://localhost:7069/api/Chair/GetAll - -

2024-07-28 19:28:22.159 +05:30  INF  CORS policy execution successful.

2024-07-28 19:28:22.160 +05:30  INF  Request finished HTTP/2 OPTIONS https://localhost:7069/api/Chair/GetAll - - - 204 - - 1.1953ms

2024-07-28 19:28:22.166 +05:30  INF  Request starting HTTP/2 GET https://localhost:7069/api/Patient/Get/508 application/json -

2024-07-28 19:28:22.166 +05:30  INF  CORS policy execution successful.

2024-07-28 19:28:22.171 +05:30  INF  Request starting HTTP/2 GET https://localhost:7069/api/Chair/GetAll application/json -

2024-07-28 19:28:22.171 +05:30  INF  CORS policy execution successful.

2024-07-28 19:28:22.795 +05:30  INF  Executed DbCommand (215ms) [Parameters=[@__id_0='?' (DbType = Int64)], CommandType='"Text"', CommandTimeout='30']
SELECT `u`.`Id`, `u`.`About_Me`, `u`.`Account_Type`, `u`.`Address`, `u`.`Available_Days`, `u`.`Bn_Name`, `u`.`City`, `u`.`Country`, `u`.`Created_At`, `u`.`Currency`, `u`.`Degree`, `u`.`Email`, `u`.`Email_Verified`, `u`.`Enable_Appointment`, `u`.`Enable_Rating`, `u`.`Exp_Years`, `u`.`Facebook`, `u`.`Google_Analytics`, `u`.`Image`, `u`.`Instagram`, `u`.`Linkedin`, `u`.`Name`, `u`.`Parent_Id`, `u`.`Password`, `u`.`Paypal_Email`, `u`.`Paypal_Mode`, `u`.`Paypal_Payment`, `u`.`Paystack_Payment`, `u`.`Paystack_Public_Key`, `u`.`Paystack_Secret_Key`, `u`.`Phone`, `u`.`Publish_Key`, `u`.`Qr_Code`, `u`.`Razorpay_Key_Id`, `u`.`Razorpay_Key_Secret`, `u`.`Razorpay_Payment`, `u`.`Role`, `u`.`Secret_Key`, `u`.`Skype`, `u`.`Slug`, `u`.`Specialist`, `u`.`Status`, `u`.`Stripe_Payment`, `u`.`Thumb`, `u`.`Trial_Expire`, `u`.`Twitter`, `u`.`User_Name`, `u`.`User_Type`, `u`.`Verify_Code`, `u`.`Whatsapp`
FROM `Users` AS `u`
WHERE `u`.`Id` = @__id_0
LIMIT 1

2024-07-28 19:28:22.796 +05:30  INF  Executing endpoint 'DCRM.Api.Controllers.DoctorController.DoctorNameList (DCRM.Api)'

2024-07-28 19:28:22.796 +05:30  INF  Route matched with {action = "DoctorNameList", controller = "Doctor"}. Executing controller action with signature System.Collections.Generic.List`1[DCRM.Common.Dto.DropdownDataDto] DoctorNameList() on controller DCRM.Api.Controllers.DoctorController (DCRM.Api).

2024-07-28 19:28:22.797 +05:30  INF  Executed DbCommand (209ms) [Parameters=[@__id_0='?' (DbType = Int64)], CommandType='"Text"', CommandTimeout='30']
SELECT `u`.`Id`, `u`.`About_Me`, `u`.`Account_Type`, `u`.`Address`, `u`.`Available_Days`, `u`.`Bn_Name`, `u`.`City`, `u`.`Country`, `u`.`Created_At`, `u`.`Currency`, `u`.`Degree`, `u`.`Email`, `u`.`Email_Verified`, `u`.`Enable_Appointment`, `u`.`Enable_Rating`, `u`.`Exp_Years`, `u`.`Facebook`, `u`.`Google_Analytics`, `u`.`Image`, `u`.`Instagram`, `u`.`Linkedin`, `u`.`Name`, `u`.`Parent_Id`, `u`.`Password`, `u`.`Paypal_Email`, `u`.`Paypal_Mode`, `u`.`Paypal_Payment`, `u`.`Paystack_Payment`, `u`.`Paystack_Public_Key`, `u`.`Paystack_Secret_Key`, `u`.`Phone`, `u`.`Publish_Key`, `u`.`Qr_Code`, `u`.`Razorpay_Key_Id`, `u`.`Razorpay_Key_Secret`, `u`.`Razorpay_Payment`, `u`.`Role`, `u`.`Secret_Key`, `u`.`Skype`, `u`.`Slug`, `u`.`Specialist`, `u`.`Status`, `u`.`Stripe_Payment`, `u`.`Thumb`, `u`.`Trial_Expire`, `u`.`Twitter`, `u`.`User_Name`, `u`.`User_Type`, `u`.`Verify_Code`, `u`.`Whatsapp`
FROM `Users` AS `u`
WHERE `u`.`Id` = @__id_0
LIMIT 1

2024-07-28 19:28:22.797 +05:30  INF  Executing endpoint 'DCRM.Api.Controllers.ChairController.GetAll (DCRM.Api)'

2024-07-28 19:28:22.797 +05:30  INF  Route matched with {action = "GetAll", controller = "Chair"}. Executing controller action with signature System.Collections.Generic.List`1[DCRM.Common.Dto.ChairDto] GetAll() on controller DCRM.Api.Controllers.ChairController (DCRM.Api).

2024-07-28 19:28:22.799 +05:30  INF  Executed DbCommand (214ms) [Parameters=[@__id_0='?' (DbType = Int64)], CommandType='"Text"', CommandTimeout='30']
SELECT `u`.`Id`, `u`.`About_Me`, `u`.`Account_Type`, `u`.`Address`, `u`.`Available_Days`, `u`.`Bn_Name`, `u`.`City`, `u`.`Country`, `u`.`Created_At`, `u`.`Currency`, `u`.`Degree`, `u`.`Email`, `u`.`Email_Verified`, `u`.`Enable_Appointment`, `u`.`Enable_Rating`, `u`.`Exp_Years`, `u`.`Facebook`, `u`.`Google_Analytics`, `u`.`Image`, `u`.`Instagram`, `u`.`Linkedin`, `u`.`Name`, `u`.`Parent_Id`, `u`.`Password`, `u`.`Paypal_Email`, `u`.`Paypal_Mode`, `u`.`Paypal_Payment`, `u`.`Paystack_Payment`, `u`.`Paystack_Public_Key`, `u`.`Paystack_Secret_Key`, `u`.`Phone`, `u`.`Publish_Key`, `u`.`Qr_Code`, `u`.`Razorpay_Key_Id`, `u`.`Razorpay_Key_Secret`, `u`.`Razorpay_Payment`, `u`.`Role`, `u`.`Secret_Key`, `u`.`Skype`, `u`.`Slug`, `u`.`Specialist`, `u`.`Status`, `u`.`Stripe_Payment`, `u`.`Thumb`, `u`.`Trial_Expire`, `u`.`Twitter`, `u`.`User_Name`, `u`.`User_Type`, `u`.`Verify_Code`, `u`.`Whatsapp`
FROM `Users` AS `u`
WHERE `u`.`Id` = @__id_0
LIMIT 1

2024-07-28 19:28:22.799 +05:30  INF  Executing endpoint 'DCRM.Api.Controllers.PatientController.PatientDetailList (DCRM.Api)'

2024-07-28 19:28:22.800 +05:30  INF  Route matched with {action = "PatientDetailList", controller = "Patient"}. Executing controller action with signature System.Collections.Generic.List`1[DCRM.Common.Dto.DropdownDataDto] PatientDetailList() on controller DCRM.Api.Controllers.PatientController (DCRM.Api).

2024-07-28 19:28:22.807 +05:30  INF  Executed DbCommand (219ms) [Parameters=[@__id_0='?' (DbType = Int64)], CommandType='"Text"', CommandTimeout='30']
SELECT `u`.`Id`, `u`.`About_Me`, `u`.`Account_Type`, `u`.`Address`, `u`.`Available_Days`, `u`.`Bn_Name`, `u`.`City`, `u`.`Country`, `u`.`Created_At`, `u`.`Currency`, `u`.`Degree`, `u`.`Email`, `u`.`Email_Verified`, `u`.`Enable_Appointment`, `u`.`Enable_Rating`, `u`.`Exp_Years`, `u`.`Facebook`, `u`.`Google_Analytics`, `u`.`Image`, `u`.`Instagram`, `u`.`Linkedin`, `u`.`Name`, `u`.`Parent_Id`, `u`.`Password`, `u`.`Paypal_Email`, `u`.`Paypal_Mode`, `u`.`Paypal_Payment`, `u`.`Paystack_Payment`, `u`.`Paystack_Public_Key`, `u`.`Paystack_Secret_Key`, `u`.`Phone`, `u`.`Publish_Key`, `u`.`Qr_Code`, `u`.`Razorpay_Key_Id`, `u`.`Razorpay_Key_Secret`, `u`.`Razorpay_Payment`, `u`.`Role`, `u`.`Secret_Key`, `u`.`Skype`, `u`.`Slug`, `u`.`Specialist`, `u`.`Status`, `u`.`Stripe_Payment`, `u`.`Thumb`, `u`.`Trial_Expire`, `u`.`Twitter`, `u`.`User_Name`, `u`.`User_Type`, `u`.`Verify_Code`, `u`.`Whatsapp`
FROM `Users` AS `u`
WHERE `u`.`Id` = @__id_0
LIMIT 1

2024-07-28 19:28:22.807 +05:30  INF  Executing endpoint 'DCRM.Api.Controllers.PatientController.Get (DCRM.Api)'

2024-07-28 19:28:22.807 +05:30  INF  Route matched with {action = "Get", controller = "Patient"}. Executing controller action with signature DCRM.Common.Dto.PatientseDto Get(Int64) on controller DCRM.Api.Controllers.PatientController (DCRM.Api).

2024-07-28 19:28:22.842 +05:30  INF  Executed DbCommand (227ms) [Parameters=[@__id_0='?' (DbType = Int64)], CommandType='"Text"', CommandTimeout='30']
SELECT `u`.`Id`, `u`.`About_Me`, `u`.`Account_Type`, `u`.`Address`, `u`.`Available_Days`, `u`.`Bn_Name`, `u`.`City`, `u`.`Country`, `u`.`Created_At`, `u`.`Currency`, `u`.`Degree`, `u`.`Email`, `u`.`Email_Verified`, `u`.`Enable_Appointment`, `u`.`Enable_Rating`, `u`.`Exp_Years`, `u`.`Facebook`, `u`.`Google_Analytics`, `u`.`Image`, `u`.`Instagram`, `u`.`Linkedin`, `u`.`Name`, `u`.`Parent_Id`, `u`.`Password`, `u`.`Paypal_Email`, `u`.`Paypal_Mode`, `u`.`Paypal_Payment`, `u`.`Paystack_Payment`, `u`.`Paystack_Public_Key`, `u`.`Paystack_Secret_Key`, `u`.`Phone`, `u`.`Publish_Key`, `u`.`Qr_Code`, `u`.`Razorpay_Key_Id`, `u`.`Razorpay_Key_Secret`, `u`.`Razorpay_Payment`, `u`.`Role`, `u`.`Secret_Key`, `u`.`Skype`, `u`.`Slug`, `u`.`Specialist`, `u`.`Status`, `u`.`Stripe_Payment`, `u`.`Thumb`, `u`.`Trial_Expire`, `u`.`Twitter`, `u`.`User_Name`, `u`.`User_Type`, `u`.`Verify_Code`, `u`.`Whatsapp`
FROM `Users` AS `u`
WHERE `u`.`Id` = @__id_0
LIMIT 1

2024-07-28 19:28:22.842 +05:30  INF  Executing endpoint 'DCRM.Api.Controllers.PatientController.Get (DCRM.Api)'

2024-07-28 19:28:22.842 +05:30  INF  Route matched with {action = "Get", controller = "Patient"}. Executing controller action with signature DCRM.Common.Dto.PatientseDto Get(Int64) on controller DCRM.Api.Controllers.PatientController (DCRM.Api).

2024-07-28 19:28:23.420 +05:30  INF  Executed DbCommand (211ms) [Parameters=[], CommandType='"Text"', CommandTimeout='30']
SELECT `c`.`Id`, `c`.`Address`, `c`.`Appoinment_Limit`, `c`.`Created_At`, `c`.`Doctor_Id`, `c`.`Is_Primary`, `c`.`Name`, `c`.`Status`, `c`.`Uid`, `c`.`User_Id`
FROM `Chairs` AS `c`

2024-07-28 19:28:23.466 +05:30  INF  Executed DbCommand (221ms) [Parameters=[@__id_0='?' (DbType = Int64)], CommandType='"Text"', CommandTimeout='30']
SELECT `p`.`Id`, `p`.`Age`, `p`.`Chamber_Id`, `p`.`Created_At`, `p`.`Email`, `p`.`Guardian`, `p`.`Is_Delete`, `p`.`Mobile`, `p`.`Mr_Number`, `p`.`Name`, `p`.`Password`, `p`.`Permanent_Address`, `p`.`Present_Address`, `p`.`Role`, `p`.`Sex`, `p`.`Slug`, `p`.`Thumb`, `p`.`Title`, `p`.`UserName`, `p`.`User_Id`, `p`.`Verify_Code`, `p`.`Weight`
FROM `Patientses` AS `p`
WHERE (`p`.`Is_Delete` = 0) AND (`p`.`Id` = @__id_0)
LIMIT 1

2024-07-28 19:28:23.517 +05:30  INF  Executed DbCommand (227ms) [Parameters=[@__id_0='?' (DbType = Int64)], CommandType='"Text"', CommandTimeout='30']
SELECT `p`.`Id`, `p`.`Age`, `p`.`Chamber_Id`, `p`.`Created_At`, `p`.`Email`, `p`.`Guardian`, `p`.`Is_Delete`, `p`.`Mobile`, `p`.`Mr_Number`, `p`.`Name`, `p`.`Password`, `p`.`Permanent_Address`, `p`.`Present_Address`, `p`.`Role`, `p`.`Sex`, `p`.`Slug`, `p`.`Thumb`, `p`.`Title`, `p`.`UserName`, `p`.`User_Id`, `p`.`Verify_Code`, `p`.`Weight`
FROM `Patientses` AS `p`
WHERE (`p`.`Is_Delete` = 0) AND (`p`.`Id` = @__id_0)
LIMIT 1

2024-07-28 19:28:23.631 +05:30  INF  Executed DbCommand (421ms) [Parameters=[@__userId_0='?' (DbType = Int64)], CommandType='"Text"', CommandTimeout='30']
SELECT `d`.`Id`, `d`.`Age`, `d`.`Blood_Group`, `d`.`Created_At`, `d`.`Dob`, `d`.`Email`, `d`.`Email2`, `d`.`Gender`, `d`.`Gst_Number`, `d`.`Is_Delete`, `d`.`Marital_Status`, `d`.`Name`, `d`.`Pan_Number`, `d`.`Password`, `d`.`Phone1`, `d`.`Phone2`, `d`.`Phone3`, `d`.`Phone4`, `d`.`Qualification`, `d`.`Role`, `d`.`Speciality`, `d`.`Thumb`, `d`.`Updated_At`, `d`.`User_Id`
FROM `Doctors` AS `d`
WHERE (`d`.`User_Id` = @__userId_0) AND (`d`.`Is_Delete` = 0)

2024-07-28 19:28:23.651 +05:30  INF  Executed DbCommand (427ms) [Parameters=[@__userId_0='?' (DbType = Int64)], CommandType='"Text"', CommandTimeout='30']
SELECT `p`.`Id`, `p`.`Age`, `p`.`Chamber_Id`, `p`.`Created_At`, `p`.`Email`, `p`.`Guardian`, `p`.`Is_Delete`, `p`.`Mobile`, `p`.`Mr_Number`, `p`.`Name`, `p`.`Password`, `p`.`Permanent_Address`, `p`.`Present_Address`, `p`.`Role`, `p`.`Sex`, `p`.`Slug`, `p`.`Thumb`, `p`.`Title`, `p`.`UserName`, `p`.`User_Id`, `p`.`Verify_Code`, `p`.`Weight`
FROM `Patientses` AS `p`
WHERE (`p`.`User_Id` = @__userId_0) AND (`p`.`Is_Delete` = 0)

2024-07-28 19:28:24.048 +05:30  INF  Executed DbCommand (210ms) [Parameters=[@__Id_0='?' (DbType = Int64)], CommandType='"Text"', CommandTimeout='30']
SELECT `d`.`Id`, `d`.`Age`, `d`.`Blood_Group`, `d`.`Created_At`, `d`.`Dob`, `d`.`Email`, `d`.`Email2`, `d`.`Gender`, `d`.`Gst_Number`, `d`.`Is_Delete`, `d`.`Marital_Status`, `d`.`Name`, `d`.`Pan_Number`, `d`.`Password`, `d`.`Phone1`, `d`.`Phone2`, `d`.`Phone3`, `d`.`Phone4`, `d`.`Qualification`, `d`.`Role`, `d`.`Speciality`, `d`.`Thumb`, `d`.`Updated_At`, `d`.`User_Id`
FROM `Doctors` AS `d`
WHERE `d`.`Id` = @__Id_0
LIMIT 2

2024-07-28 19:28:24.345 +05:30  INF  Executed DbCommand (440ms) [Parameters=[], CommandType='"Text"', CommandTimeout='30']
SELECT `p`.`Id`, `p`.`Amount_Type`, `p`.`Balance`, `p`.`Created_At`, `p`.`Credit_Amount`, `p`.`Debit_Amount`, `p`.`Description`, `p`.`Doctor_Id`, `p`.`Patient_Id`, `p`.`Payment_Mode`, `p`.`Updated_At`, `p`.`Workdone_Id`, `p`.`isPrinted`
FROM `Payment_History` AS `p`

2024-07-28 19:28:24.414 +05:30  INF  Executed DbCommand (450ms) [Parameters=[], CommandType='"Text"', CommandTimeout='30']
SELECT `p`.`Id`, `p`.`Amount_Type`, `p`.`Balance`, `p`.`Created_At`, `p`.`Credit_Amount`, `p`.`Debit_Amount`, `p`.`Description`, `p`.`Doctor_Id`, `p`.`Patient_Id`, `p`.`Payment_Mode`, `p`.`Updated_At`, `p`.`Workdone_Id`, `p`.`isPrinted`
FROM `Payment_History` AS `p`

2024-07-28 19:28:24.473 +05:30  INF  Executing ObjectResult, writing value of type 'System.Collections.Generic.List`1[[DCRM.Common.Dto.DropdownDataDto, DCRM.Common, Version=1.0.0.0, Culture=neutral, PublicKeyToken=null]]'.

2024-07-28 19:28:24.473 +05:30  INF  Executed action DCRM.Api.Controllers.DoctorController.DoctorNameList (DCRM.Api) in 1677.4124ms

2024-07-28 19:28:24.473 +05:30  INF  Executed endpoint 'DCRM.Api.Controllers.DoctorController.DoctorNameList (DCRM.Api)'

2024-07-28 19:28:24.473 +05:30  INF  Request finished HTTP/2 GET https://localhost:7069/api/Doctor/Get/Names application/json - - 200 - application/json;+charset=utf-8 2321.5861ms

2024-07-28 19:28:24.509 +05:30  INF  Executing ObjectResult, writing value of type 'System.Collections.Generic.List`1[[DCRM.Common.Dto.DropdownDataDto, DCRM.Common, Version=1.0.0.0, Culture=neutral, PublicKeyToken=null]]'.

2024-07-28 19:28:24.510 +05:30  INF  Executed action DCRM.Api.Controllers.PatientController.PatientDetailList (DCRM.Api) in 1710.0248ms

2024-07-28 19:28:24.510 +05:30  INF  Executed endpoint 'DCRM.Api.Controllers.PatientController.PatientDetailList (DCRM.Api)'

2024-07-28 19:28:24.510 +05:30  INF  Request finished HTTP/2 GET https://localhost:7069/api/Patient/Get/Names application/json - - 200 - application/json;+charset=utf-8 2354.4876ms

2024-07-28 19:28:24.677 +05:30  INF  Executed DbCommand (208ms) [Parameters=[@__Id_0='?' (DbType = Int64)], CommandType='"Text"', CommandTimeout='30']
SELECT `d`.`Id`, `d`.`Age`, `d`.`Blood_Group`, `d`.`Created_At`, `d`.`Dob`, `d`.`Email`, `d`.`Email2`, `d`.`Gender`, `d`.`Gst_Number`, `d`.`Is_Delete`, `d`.`Marital_Status`, `d`.`Name`, `d`.`Pan_Number`, `d`.`Password`, `d`.`Phone1`, `d`.`Phone2`, `d`.`Phone3`, `d`.`Phone4`, `d`.`Qualification`, `d`.`Role`, `d`.`Speciality`, `d`.`Thumb`, `d`.`Updated_At`, `d`.`User_Id`
FROM `Doctors` AS `d`
WHERE `d`.`Id` = @__Id_0
LIMIT 2

2024-07-28 19:28:25.228 +05:30  INF  Executed DbCommand (222ms) [Parameters=[@__p_0='?' (DbType = Int64)], CommandType='"Text"', CommandTimeout='30']
SELECT `p`.`Id`, `p`.`Amount`, `p`.`Balance_Amount`, `p`.`Balance_Spent`, `p`.`Created_At`, `p`.`Name`, `p`.`Patients_Id`, `p`.`Type`, `p`.`Updated_At`
FROM `Patients_Insurance_Loan` AS `p`
WHERE `p`.`Patients_Id` = @__p_0

2024-07-28 19:28:25.305 +05:30  INF  Executed DbCommand (211ms) [Parameters=[@__Id_0='?' (DbType = Int64)], CommandType='"Text"', CommandTimeout='30']
SELECT `d`.`Id`, `d`.`Age`, `d`.`Blood_Group`, `d`.`Created_At`, `d`.`Dob`, `d`.`Email`, `d`.`Email2`, `d`.`Gender`, `d`.`Gst_Number`, `d`.`Is_Delete`, `d`.`Marital_Status`, `d`.`Name`, `d`.`Pan_Number`, `d`.`Password`, `d`.`Phone1`, `d`.`Phone2`, `d`.`Phone3`, `d`.`Phone4`, `d`.`Qualification`, `d`.`Role`, `d`.`Speciality`, `d`.`Thumb`, `d`.`Updated_At`, `d`.`User_Id`
FROM `Doctors` AS `d`
WHERE `d`.`Id` = @__Id_0
LIMIT 2

2024-07-28 19:28:25.320 +05:30  INF  Executed DbCommand (226ms) [Parameters=[@__p_0='?' (DbType = Int64)], CommandType='"Text"', CommandTimeout='30']
SELECT `p`.`Id`, `p`.`Amount`, `p`.`Balance_Amount`, `p`.`Balance_Spent`, `p`.`Created_At`, `p`.`Name`, `p`.`Patients_Id`, `p`.`Type`, `p`.`Updated_At`
FROM `Patients_Insurance_Loan` AS `p`
WHERE `p`.`Patients_Id` = @__p_0

2024-07-28 19:28:25.890 +05:30  INF  Executed DbCommand (221ms) [Parameters=[@__p_0='?' (DbType = Int64)], CommandType='"Text"', CommandTimeout='30']
SELECT `p`.`Id`, `p`.`Created_At`, `p`.`Patient_Id`, `p`.`Report`, `p`.`Report_Date`, `p`.`Report_File`, `p`.`Status`, `p`.`Test_Name`, `p`.`Test_Price`, `p`.`Updated_At`
FROM `Patient_Tests` AS `p`
WHERE `p`.`Patient_Id` = @__p_0

2024-07-28 19:28:25.936 +05:30  INF  Executed DbCommand (213ms) [Parameters=[@__Id_0='?' (DbType = Int64)], CommandType='"Text"', CommandTimeout='30']
SELECT `d`.`Id`, `d`.`Age`, `d`.`Blood_Group`, `d`.`Created_At`, `d`.`Dob`, `d`.`Email`, `d`.`Email2`, `d`.`Gender`, `d`.`Gst_Number`, `d`.`Is_Delete`, `d`.`Marital_Status`, `d`.`Name`, `d`.`Pan_Number`, `d`.`Password`, `d`.`Phone1`, `d`.`Phone2`, `d`.`Phone3`, `d`.`Phone4`, `d`.`Qualification`, `d`.`Role`, `d`.`Speciality`, `d`.`Thumb`, `d`.`Updated_At`, `d`.`User_Id`
FROM `Doctors` AS `d`
WHERE `d`.`Id` = @__Id_0
LIMIT 2

2024-07-28 19:28:25.995 +05:30  INF  Executed DbCommand (226ms) [Parameters=[@__p_0='?' (DbType = Int64)], CommandType='"Text"', CommandTimeout='30']
SELECT `p`.`Id`, `p`.`Created_At`, `p`.`Patient_Id`, `p`.`Report`, `p`.`Report_Date`, `p`.`Report_File`, `p`.`Status`, `p`.`Test_Name`, `p`.`Test_Price`, `p`.`Updated_At`
FROM `Patient_Tests` AS `p`
WHERE `p`.`Patient_Id` = @__p_0

2024-07-28 19:28:26.217 +05:30  INF  Request starting HTTP/2 OPTIONS https://localhost:7069/api/Patient/Get/50 - -

2024-07-28 19:28:26.217 +05:30  INF  CORS policy execution successful.

2024-07-28 19:28:26.218 +05:30  INF  Request finished HTTP/2 OPTIONS https://localhost:7069/api/Patient/Get/50 - - - 204 - - 0.3196ms

2024-07-28 19:28:26.221 +05:30  INF  Request starting HTTP/2 GET https://localhost:7069/api/Patient/Get/50 application/json -

2024-07-28 19:28:26.221 +05:30  INF  CORS policy execution successful.

2024-07-28 19:28:26.424 +05:30  INF  Request starting HTTP/2 OPTIONS https://localhost:7069/api/Patient/Get/5 - -

2024-07-28 19:28:26.424 +05:30  INF  CORS policy execution successful.

2024-07-28 19:28:26.424 +05:30  INF  Request finished HTTP/2 OPTIONS https://localhost:7069/api/Patient/Get/5 - - - 204 - - 0.3623ms

2024-07-28 19:28:26.427 +05:30  INF  Request starting HTTP/2 GET https://localhost:7069/api/Patient/Get/5 application/json -

2024-07-28 19:28:26.427 +05:30  INF  CORS policy execution successful.

2024-07-28 19:28:26.548 +05:30  INF  Executed DbCommand (221ms) [Parameters=[@__p_0='?' (DbType = Int64)], CommandType='"Text"', CommandTimeout='30']
SELECT `p`.`Id`, `p`.`Address_O`, `p`.`Address_Other`, `p`.`Address_R`, `p`.`City_O`, `p`.`City_Other`, `p`.`City_R`, `p`.`Country_O`, `p`.`Country_Other`, `p`.`Country_R`, `p`.`Created_At`, `p`.`Doctor_Name`, `p`.`Email`, `p`.`Email2`, `p`.`Medical_History_Allergies`, `p`.`Patient_Id`, `p`.`Phone`, `p`.`Phone1`, `p`.`Phone2`, `p`.`Phone3`, `p`.`Phone4`, `p`.`Physician`, `p`.`Reffered_By`, `p`.`Relationship_Type`, `p`.`Special_Notes`, `p`.`Updated_At`, `p`.`Zip_O`, `p`.`Zip_Other`, `p`.`Zip_R`
FROM `Patients_Contact` AS `p`
WHERE `p`.`Patient_Id` = @__p_0

2024-07-28 19:28:26.572 +05:30  INF  Executed DbCommand (210ms) [Parameters=[@__Id_0='?' (DbType = Int64)], CommandType='"Text"', CommandTimeout='30']
SELECT `d`.`Id`, `d`.`Age`, `d`.`Blood_Group`, `d`.`Created_At`, `d`.`Dob`, `d`.`Email`, `d`.`Email2`, `d`.`Gender`, `d`.`Gst_Number`, `d`.`Is_Delete`, `d`.`Marital_Status`, `d`.`Name`, `d`.`Pan_Number`, `d`.`Password`, `d`.`Phone1`, `d`.`Phone2`, `d`.`Phone3`, `d`.`Phone4`, `d`.`Qualification`, `d`.`Role`, `d`.`Speciality`, `d`.`Thumb`, `d`.`Updated_At`, `d`.`User_Id`
FROM `Doctors` AS `d`
WHERE `d`.`Id` = @__Id_0
LIMIT 2

2024-07-28 19:28:26.607 +05:30  INF  Request starting HTTP/2 OPTIONS https://localhost:7069/api/Patient/Get/ - -

2024-07-28 19:28:26.607 +05:30  INF  CORS policy execution successful.

2024-07-28 19:28:26.607 +05:30  INF  Request finished HTTP/2 OPTIONS https://localhost:7069/api/Patient/Get/ - - - 204 - - 0.1965ms

2024-07-28 19:28:26.610 +05:30  INF  Request starting HTTP/2 GET https://localhost:7069/api/Patient/Get/ application/json -

2024-07-28 19:28:26.610 +05:30  INF  CORS policy execution successful.

2024-07-28 19:28:26.672 +05:30  INF  Executed DbCommand (227ms) [Parameters=[@__p_0='?' (DbType = Int64)], CommandType='"Text"', CommandTimeout='30']
SELECT `p`.`Id`, `p`.`Address_O`, `p`.`Address_Other`, `p`.`Address_R`, `p`.`City_O`, `p`.`City_Other`, `p`.`City_R`, `p`.`Country_O`, `p`.`Country_Other`, `p`.`Country_R`, `p`.`Created_At`, `p`.`Doctor_Name`, `p`.`Email`, `p`.`Email2`, `p`.`Medical_History_Allergies`, `p`.`Patient_Id`, `p`.`Phone`, `p`.`Phone1`, `p`.`Phone2`, `p`.`Phone3`, `p`.`Phone4`, `p`.`Physician`, `p`.`Reffered_By`, `p`.`Relationship_Type`, `p`.`Special_Notes`, `p`.`Updated_At`, `p`.`Zip_O`, `p`.`Zip_Other`, `p`.`Zip_R`
FROM `Patients_Contact` AS `p`
WHERE `p`.`Patient_Id` = @__p_0

2024-07-28 19:28:26.860 +05:30  INF  Executed DbCommand (214ms) [Parameters=[@__id_0='?' (DbType = Int64)], CommandType='"Text"', CommandTimeout='30']
SELECT `u`.`Id`, `u`.`About_Me`, `u`.`Account_Type`, `u`.`Address`, `u`.`Available_Days`, `u`.`Bn_Name`, `u`.`City`, `u`.`Country`, `u`.`Created_At`, `u`.`Currency`, `u`.`Degree`, `u`.`Email`, `u`.`Email_Verified`, `u`.`Enable_Appointment`, `u`.`Enable_Rating`, `u`.`Exp_Years`, `u`.`Facebook`, `u`.`Google_Analytics`, `u`.`Image`, `u`.`Instagram`, `u`.`Linkedin`, `u`.`Name`, `u`.`Parent_Id`, `u`.`Password`, `u`.`Paypal_Email`, `u`.`Paypal_Mode`, `u`.`Paypal_Payment`, `u`.`Paystack_Payment`, `u`.`Paystack_Public_Key`, `u`.`Paystack_Secret_Key`, `u`.`Phone`, `u`.`Publish_Key`, `u`.`Qr_Code`, `u`.`Razorpay_Key_Id`, `u`.`Razorpay_Key_Secret`, `u`.`Razorpay_Payment`, `u`.`Role`, `u`.`Secret_Key`, `u`.`Skype`, `u`.`Slug`, `u`.`Specialist`, `u`.`Status`, `u`.`Stripe_Payment`, `u`.`Thumb`, `u`.`Trial_Expire`, `u`.`Twitter`, `u`.`User_Name`, `u`.`User_Type`, `u`.`Verify_Code`, `u`.`Whatsapp`
FROM `Users` AS `u`
WHERE `u`.`Id` = @__id_0
LIMIT 1

2024-07-28 19:28:26.860 +05:30  INF  Executing endpoint 'DCRM.Api.Controllers.PatientController.Get (DCRM.Api)'

2024-07-28 19:28:26.860 +05:30  INF  Route matched with {action = "Get", controller = "Patient"}. Executing controller action with signature DCRM.Common.Dto.PatientseDto Get(Int64) on controller DCRM.Api.Controllers.PatientController (DCRM.Api).

2024-07-28 19:28:27.055 +05:30  INF  Executed DbCommand (209ms) [Parameters=[@__id_0='?' (DbType = Int64)], CommandType='"Text"', CommandTimeout='30']
SELECT `u`.`Id`, `u`.`About_Me`, `u`.`Account_Type`, `u`.`Address`, `u`.`Available_Days`, `u`.`Bn_Name`, `u`.`City`, `u`.`Country`, `u`.`Created_At`, `u`.`Currency`, `u`.`Degree`, `u`.`Email`, `u`.`Email_Verified`, `u`.`Enable_Appointment`, `u`.`Enable_Rating`, `u`.`Exp_Years`, `u`.`Facebook`, `u`.`Google_Analytics`, `u`.`Image`, `u`.`Instagram`, `u`.`Linkedin`, `u`.`Name`, `u`.`Parent_Id`, `u`.`Password`, `u`.`Paypal_Email`, `u`.`Paypal_Mode`, `u`.`Paypal_Payment`, `u`.`Paystack_Payment`, `u`.`Paystack_Public_Key`, `u`.`Paystack_Secret_Key`, `u`.`Phone`, `u`.`Publish_Key`, `u`.`Qr_Code`, `u`.`Razorpay_Key_Id`, `u`.`Razorpay_Key_Secret`, `u`.`Razorpay_Payment`, `u`.`Role`, `u`.`Secret_Key`, `u`.`Skype`, `u`.`Slug`, `u`.`Specialist`, `u`.`Status`, `u`.`Stripe_Payment`, `u`.`Thumb`, `u`.`Trial_Expire`, `u`.`Twitter`, `u`.`User_Name`, `u`.`User_Type`, `u`.`Verify_Code`, `u`.`Whatsapp`
FROM `Users` AS `u`
WHERE `u`.`Id` = @__id_0
LIMIT 1

2024-07-28 19:28:27.055 +05:30  INF  Executing endpoint 'DCRM.Api.Controllers.PatientController.Get (DCRM.Api)'

2024-07-28 19:28:27.055 +05:30  INF  Route matched with {action = "Get", controller = "Patient"}. Executing controller action with signature DCRM.Common.Dto.PatientseDto Get(Int64) on controller DCRM.Api.Controllers.PatientController (DCRM.Api).

2024-07-28 19:28:27.196 +05:30  INF  Executed DbCommand (209ms) [Parameters=[@__Id_0='?' (DbType = Int64)], CommandType='"Text"', CommandTimeout='30']
SELECT `d`.`Id`, `d`.`Age`, `d`.`Blood_Group`, `d`.`Created_At`, `d`.`Dob`, `d`.`Email`, `d`.`Email2`, `d`.`Gender`, `d`.`Gst_Number`, `d`.`Is_Delete`, `d`.`Marital_Status`, `d`.`Name`, `d`.`Pan_Number`, `d`.`Password`, `d`.`Phone1`, `d`.`Phone2`, `d`.`Phone3`, `d`.`Phone4`, `d`.`Qualification`, `d`.`Role`, `d`.`Speciality`, `d`.`Thumb`, `d`.`Updated_At`, `d`.`User_Id`
FROM `Doctors` AS `d`
WHERE `d`.`Id` = @__Id_0
LIMIT 2

2024-07-28 19:28:27.207 +05:30  INF  Executed DbCommand (219ms) [Parameters=[@__p_0='?' (DbType = Int64)], CommandType='"Text"', CommandTimeout='30']
SELECT `p`.`Id`, `p`.`Created_At`, `p`.`Patient_Id`, `p`.`Report`, `p`.`Report_File`, `p`.`Scan_Name`, `p`.`Status`, `p`.`Type`, `p`.`Updated_At`
FROM `Patient_Scans` AS `p`
WHERE `p`.`Patient_Id` = @__p_0

2024-07-28 19:28:27.208 +05:30  INF  Executing ObjectResult, writing value of type 'DCRM.Common.Dto.PatientseDto'.

2024-07-28 19:28:27.208 +05:30  INF  Executed action DCRM.Api.Controllers.PatientController.Get (DCRM.Api) in 4400.8268ms

2024-07-28 19:28:27.208 +05:30  INF  Executed endpoint 'DCRM.Api.Controllers.PatientController.Get (DCRM.Api)'

2024-07-28 19:28:27.208 +05:30  INF  Request finished HTTP/2 GET https://localhost:7069/api/Patient/Get/387 application/json - - 200 - application/json;+charset=utf-8 5059.8408ms

2024-07-28 19:28:27.347 +05:30  INF  Executed DbCommand (225ms) [Parameters=[@__p_0='?' (DbType = Int64)], CommandType='"Text"', CommandTimeout='30']
SELECT `p`.`Id`, `p`.`Created_At`, `p`.`Patient_Id`, `p`.`Report`, `p`.`Report_File`, `p`.`Scan_Name`, `p`.`Status`, `p`.`Type`, `p`.`Updated_At`
FROM `Patient_Scans` AS `p`
WHERE `p`.`Patient_Id` = @__p_0

2024-07-28 19:28:27.347 +05:30  INF  Executing ObjectResult, writing value of type 'DCRM.Common.Dto.PatientseDto'.

2024-07-28 19:28:27.347 +05:30  INF  Executed action DCRM.Api.Controllers.PatientController.Get (DCRM.Api) in 4505.0796ms

2024-07-28 19:28:27.347 +05:30  INF  Executed endpoint 'DCRM.Api.Controllers.PatientController.Get (DCRM.Api)'

2024-07-28 19:28:27.347 +05:30  INF  Request finished HTTP/2 GET https://localhost:7069/api/Patient/Get/508 application/json - - 200 - application/json;+charset=utf-8 5181.2894ms

2024-07-28 19:28:27.502 +05:30  INF  Executed DbCommand (215ms) [Parameters=[@__id_0='?' (DbType = Int64)], CommandType='"Text"', CommandTimeout='30']
SELECT `p`.`Id`, `p`.`Age`, `p`.`Chamber_Id`, `p`.`Created_At`, `p`.`Email`, `p`.`Guardian`, `p`.`Is_Delete`, `p`.`Mobile`, `p`.`Mr_Number`, `p`.`Name`, `p`.`Password`, `p`.`Permanent_Address`, `p`.`Present_Address`, `p`.`Role`, `p`.`Sex`, `p`.`Slug`, `p`.`Thumb`, `p`.`Title`, `p`.`UserName`, `p`.`User_Id`, `p`.`Verify_Code`, `p`.`Weight`
FROM `Patientses` AS `p`
WHERE (`p`.`Is_Delete` = 0) AND (`p`.`Id` = @__id_0)
LIMIT 1

2024-07-28 19:28:27.680 +05:30  INF  Executed DbCommand (209ms) [Parameters=[@__id_0='?' (DbType = Int64)], CommandType='"Text"', CommandTimeout='30']
SELECT `p`.`Id`, `p`.`Age`, `p`.`Chamber_Id`, `p`.`Created_At`, `p`.`Email`, `p`.`Guardian`, `p`.`Is_Delete`, `p`.`Mobile`, `p`.`Mr_Number`, `p`.`Name`, `p`.`Password`, `p`.`Permanent_Address`, `p`.`Present_Address`, `p`.`Role`, `p`.`Sex`, `p`.`Slug`, `p`.`Thumb`, `p`.`Title`, `p`.`UserName`, `p`.`User_Id`, `p`.`Verify_Code`, `p`.`Weight`
FROM `Patientses` AS `p`
WHERE (`p`.`Is_Delete` = 0) AND (`p`.`Id` = @__id_0)
LIMIT 1

2024-07-28 19:28:27.680 +05:30  INF  Executing ObjectResult, writing value of type 'DCRM.Common.Dto.PatientseDto'.

2024-07-28 19:28:27.680 +05:30  INF  Executed action DCRM.Api.Controllers.PatientController.Get (DCRM.Api) in 624.6141ms

2024-07-28 19:28:27.680 +05:30  INF  Executed endpoint 'DCRM.Api.Controllers.PatientController.Get (DCRM.Api)'

2024-07-28 19:28:27.680 +05:30  INF  Request finished HTTP/2 GET https://localhost:7069/api/Patient/Get/5 application/json - - 200 - application/json;+charset=utf-8 1252.9595ms

2024-07-28 19:28:27.822 +05:30  INF  Executed DbCommand (210ms) [Parameters=[@__Id_0='?' (DbType = Int64)], CommandType='"Text"', CommandTimeout='30']
SELECT `d`.`Id`, `d`.`Age`, `d`.`Blood_Group`, `d`.`Created_At`, `d`.`Dob`, `d`.`Email`, `d`.`Email2`, `d`.`Gender`, `d`.`Gst_Number`, `d`.`Is_Delete`, `d`.`Marital_Status`, `d`.`Name`, `d`.`Pan_Number`, `d`.`Password`, `d`.`Phone1`, `d`.`Phone2`, `d`.`Phone3`, `d`.`Phone4`, `d`.`Qualification`, `d`.`Role`, `d`.`Speciality`, `d`.`Thumb`, `d`.`Updated_At`, `d`.`User_Id`
FROM `Doctors` AS `d`
WHERE `d`.`Id` = @__Id_0
LIMIT 2

2024-07-28 19:28:28.147 +05:30  INF  Executed DbCommand (217ms) [Parameters=[], CommandType='"Text"', CommandTimeout='30']
SELECT `p`.`Id`, `p`.`Amount_Type`, `p`.`Balance`, `p`.`Created_At`, `p`.`Credit_Amount`, `p`.`Debit_Amount`, `p`.`Description`, `p`.`Doctor_Id`, `p`.`Patient_Id`, `p`.`Payment_Mode`, `p`.`Updated_At`, `p`.`Workdone_Id`, `p`.`isPrinted`
FROM `Payment_History` AS `p`

2024-07-28 19:28:28.446 +05:30  INF  Executed DbCommand (209ms) [Parameters=[@__Id_0='?' (DbType = Int64)], CommandType='"Text"', CommandTimeout='30']
SELECT `d`.`Id`, `d`.`Age`, `d`.`Blood_Group`, `d`.`Created_At`, `d`.`Dob`, `d`.`Email`, `d`.`Email2`, `d`.`Gender`, `d`.`Gst_Number`, `d`.`Is_Delete`, `d`.`Marital_Status`, `d`.`Name`, `d`.`Pan_Number`, `d`.`Password`, `d`.`Phone1`, `d`.`Phone2`, `d`.`Phone3`, `d`.`Phone4`, `d`.`Qualification`, `d`.`Role`, `d`.`Speciality`, `d`.`Thumb`, `d`.`Updated_At`, `d`.`User_Id`
FROM `Doctors` AS `d`
WHERE `d`.`Id` = @__Id_0
LIMIT 2

2024-07-28 19:28:28.999 +05:30  INF  Executed DbCommand (213ms) [Parameters=[@__p_0='?' (DbType = Int64)], CommandType='"Text"', CommandTimeout='30']
SELECT `p`.`Id`, `p`.`Amount`, `p`.`Balance_Amount`, `p`.`Balance_Spent`, `p`.`Created_At`, `p`.`Name`, `p`.`Patients_Id`, `p`.`Type`, `p`.`Updated_At`
FROM `Patients_Insurance_Loan` AS `p`
WHERE `p`.`Patients_Id` = @__p_0

2024-07-28 19:28:29.294 +05:30  INF  Executed DbCommand (418ms) [Parameters=[@__Id_0='?' (DbType = Int64)], CommandType='"Text"', CommandTimeout='30']
SELECT `d`.`Id`, `d`.`Age`, `d`.`Blood_Group`, `d`.`Created_At`, `d`.`Dob`, `d`.`Email`, `d`.`Email2`, `d`.`Gender`, `d`.`Gst_Number`, `d`.`Is_Delete`, `d`.`Marital_Status`, `d`.`Name`, `d`.`Pan_Number`, `d`.`Password`, `d`.`Phone1`, `d`.`Phone2`, `d`.`Phone3`, `d`.`Phone4`, `d`.`Qualification`, `d`.`Role`, `d`.`Speciality`, `d`.`Thumb`, `d`.`Updated_At`, `d`.`User_Id`
FROM `Doctors` AS `d`
WHERE `d`.`Id` = @__Id_0
LIMIT 2

2024-07-28 19:28:29.618 +05:30  INF  Executed DbCommand (212ms) [Parameters=[@__id_0='?' (DbType = Int64)], CommandType='"Text"', CommandTimeout='30']
SELECT `u`.`Id`, `u`.`About_Me`, `u`.`Account_Type`, `u`.`Address`, `u`.`Available_Days`, `u`.`Bn_Name`, `u`.`City`, `u`.`Country`, `u`.`Created_At`, `u`.`Currency`, `u`.`Degree`, `u`.`Email`, `u`.`Email_Verified`, `u`.`Enable_Appointment`, `u`.`Enable_Rating`, `u`.`Exp_Years`, `u`.`Facebook`, `u`.`Google_Analytics`, `u`.`Image`, `u`.`Instagram`, `u`.`Linkedin`, `u`.`Name`, `u`.`Parent_Id`, `u`.`Password`, `u`.`Paypal_Email`, `u`.`Paypal_Mode`, `u`.`Paypal_Payment`, `u`.`Paystack_Payment`, `u`.`Paystack_Public_Key`, `u`.`Paystack_Secret_Key`, `u`.`Phone`, `u`.`Publish_Key`, `u`.`Qr_Code`, `u`.`Razorpay_Key_Id`, `u`.`Razorpay_Key_Secret`, `u`.`Razorpay_Payment`, `u`.`Role`, `u`.`Secret_Key`, `u`.`Skype`, `u`.`Slug`, `u`.`Specialist`, `u`.`Status`, `u`.`Stripe_Payment`, `u`.`Thumb`, `u`.`Trial_Expire`, `u`.`Twitter`, `u`.`User_Name`, `u`.`User_Type`, `u`.`Verify_Code`, `u`.`Whatsapp`
FROM `Users` AS `u`
WHERE `u`.`Id` = @__id_0
LIMIT 1

2024-07-28 19:28:29.618 +05:30  INF  Request finished HTTP/2 GET https://localhost:7069/api/Patient/Get/ application/json - - 404 0 - 3007.9794ms

2024-07-28 19:28:29.642 +05:30  INF  Executed DbCommand (215ms) [Parameters=[@__p_0='?' (DbType = Int64)], CommandType='"Text"', CommandTimeout='30']
SELECT `p`.`Id`, `p`.`Created_At`, `p`.`Patient_Id`, `p`.`Report`, `p`.`Report_Date`, `p`.`Report_File`, `p`.`Status`, `p`.`Test_Name`, `p`.`Test_Price`, `p`.`Updated_At`
FROM `Patient_Tests` AS `p`
WHERE `p`.`Patient_Id` = @__p_0

2024-07-28 19:28:29.922 +05:30  INF  Executed DbCommand (210ms) [Parameters=[@__Id_0='?' (DbType = Int64)], CommandType='"Text"', CommandTimeout='30']
SELECT `d`.`Id`, `d`.`Age`, `d`.`Blood_Group`, `d`.`Created_At`, `d`.`Dob`, `d`.`Email`, `d`.`Email2`, `d`.`Gender`, `d`.`Gst_Number`, `d`.`Is_Delete`, `d`.`Marital_Status`, `d`.`Name`, `d`.`Pan_Number`, `d`.`Password`, `d`.`Phone1`, `d`.`Phone2`, `d`.`Phone3`, `d`.`Phone4`, `d`.`Qualification`, `d`.`Role`, `d`.`Speciality`, `d`.`Thumb`, `d`.`Updated_At`, `d`.`User_Id`
FROM `Doctors` AS `d`
WHERE `d`.`Id` = @__Id_0
LIMIT 2

2024-07-28 19:28:30.288 +05:30  INF  Executed DbCommand (217ms) [Parameters=[@__p_0='?' (DbType = Int64)], CommandType='"Text"', CommandTimeout='30']
SELECT `p`.`Id`, `p`.`Address_O`, `p`.`Address_Other`, `p`.`Address_R`, `p`.`City_O`, `p`.`City_Other`, `p`.`City_R`, `p`.`Country_O`, `p`.`Country_Other`, `p`.`Country_R`, `p`.`Created_At`, `p`.`Doctor_Name`, `p`.`Email`, `p`.`Email2`, `p`.`Medical_History_Allergies`, `p`.`Patient_Id`, `p`.`Phone`, `p`.`Phone1`, `p`.`Phone2`, `p`.`Phone3`, `p`.`Phone4`, `p`.`Physician`, `p`.`Reffered_By`, `p`.`Relationship_Type`, `p`.`Special_Notes`, `p`.`Updated_At`, `p`.`Zip_O`, `p`.`Zip_Other`, `p`.`Zip_R`
FROM `Patients_Contact` AS `p`
WHERE `p`.`Patient_Id` = @__p_0

2024-07-28 19:28:30.546 +05:30  INF  Executed DbCommand (208ms) [Parameters=[@__Id_0='?' (DbType = Int64)], CommandType='"Text"', CommandTimeout='30']
SELECT `d`.`Id`, `d`.`Age`, `d`.`Blood_Group`, `d`.`Created_At`, `d`.`Dob`, `d`.`Email`, `d`.`Email2`, `d`.`Gender`, `d`.`Gst_Number`, `d`.`Is_Delete`, `d`.`Marital_Status`, `d`.`Name`, `d`.`Pan_Number`, `d`.`Password`, `d`.`Phone1`, `d`.`Phone2`, `d`.`Phone3`, `d`.`Phone4`, `d`.`Qualification`, `d`.`Role`, `d`.`Speciality`, `d`.`Thumb`, `d`.`Updated_At`, `d`.`User_Id`
FROM `Doctors` AS `d`
WHERE `d`.`Id` = @__Id_0
LIMIT 2

2024-07-28 19:28:30.929 +05:30  INF  Executed DbCommand (214ms) [Parameters=[@__p_0='?' (DbType = Int64)], CommandType='"Text"', CommandTimeout='30']
SELECT `p`.`Id`, `p`.`Created_At`, `p`.`Patient_Id`, `p`.`Report`, `p`.`Report_File`, `p`.`Scan_Name`, `p`.`Status`, `p`.`Type`, `p`.`Updated_At`
FROM `Patient_Scans` AS `p`
WHERE `p`.`Patient_Id` = @__p_0

2024-07-28 19:28:30.929 +05:30  INF  Executing ObjectResult, writing value of type 'DCRM.Common.Dto.PatientseDto'.

2024-07-28 19:28:30.929 +05:30  INF  Executed action DCRM.Api.Controllers.PatientController.Get (DCRM.Api) in 4069.1529ms

2024-07-28 19:28:30.929 +05:30  INF  Executed endpoint 'DCRM.Api.Controllers.PatientController.Get (DCRM.Api)'

2024-07-28 19:28:30.930 +05:30  INF  Request finished HTTP/2 GET https://localhost:7069/api/Patient/Get/50 application/json - - 200 - application/json;+charset=utf-8 4708.8381ms

2024-07-28 19:28:31.169 +05:30  INF  Executed DbCommand (207ms) [Parameters=[@__Id_0='?' (DbType = Int64)], CommandType='"Text"', CommandTimeout='30']
SELECT `d`.`Id`, `d`.`Age`, `d`.`Blood_Group`, `d`.`Created_At`, `d`.`Dob`, `d`.`Email`, `d`.`Email2`, `d`.`Gender`, `d`.`Gst_Number`, `d`.`Is_Delete`, `d`.`Marital_Status`, `d`.`Name`, `d`.`Pan_Number`, `d`.`Password`, `d`.`Phone1`, `d`.`Phone2`, `d`.`Phone3`, `d`.`Phone4`, `d`.`Qualification`, `d`.`Role`, `d`.`Speciality`, `d`.`Thumb`, `d`.`Updated_At`, `d`.`User_Id`
FROM `Doctors` AS `d`
WHERE `d`.`Id` = @__Id_0
LIMIT 2

2024-07-28 19:28:31.804 +05:30  INF  Executed DbCommand (210ms) [Parameters=[@__Id_0='?' (DbType = Int64)], CommandType='"Text"', CommandTimeout='30']
SELECT `d`.`Id`, `d`.`Age`, `d`.`Blood_Group`, `d`.`Created_At`, `d`.`Dob`, `d`.`Email`, `d`.`Email2`, `d`.`Gender`, `d`.`Gst_Number`, `d`.`Is_Delete`, `d`.`Marital_Status`, `d`.`Name`, `d`.`Pan_Number`, `d`.`Password`, `d`.`Phone1`, `d`.`Phone2`, `d`.`Phone3`, `d`.`Phone4`, `d`.`Qualification`, `d`.`Role`, `d`.`Speciality`, `d`.`Thumb`, `d`.`Updated_At`, `d`.`User_Id`
FROM `Doctors` AS `d`
WHERE `d`.`Id` = @__Id_0
LIMIT 2

2024-07-28 19:28:32.430 +05:30  INF  Executed DbCommand (209ms) [Parameters=[@__Id_0='?' (DbType = Int64)], CommandType='"Text"', CommandTimeout='30']
SELECT `d`.`Id`, `d`.`Age`, `d`.`Blood_Group`, `d`.`Created_At`, `d`.`Dob`, `d`.`Email`, `d`.`Email2`, `d`.`Gender`, `d`.`Gst_Number`, `d`.`Is_Delete`, `d`.`Marital_Status`, `d`.`Name`, `d`.`Pan_Number`, `d`.`Password`, `d`.`Phone1`, `d`.`Phone2`, `d`.`Phone3`, `d`.`Phone4`, `d`.`Qualification`, `d`.`Role`, `d`.`Speciality`, `d`.`Thumb`, `d`.`Updated_At`, `d`.`User_Id`
FROM `Doctors` AS `d`
WHERE `d`.`Id` = @__Id_0
LIMIT 2

2024-07-28 19:28:33.055 +05:30  INF  Executed DbCommand (209ms) [Parameters=[@__Id_0='?' (DbType = Int64)], CommandType='"Text"', CommandTimeout='30']
SELECT `d`.`Id`, `d`.`Age`, `d`.`Blood_Group`, `d`.`Created_At`, `d`.`Dob`, `d`.`Email`, `d`.`Email2`, `d`.`Gender`, `d`.`Gst_Number`, `d`.`Is_Delete`, `d`.`Marital_Status`, `d`.`Name`, `d`.`Pan_Number`, `d`.`Password`, `d`.`Phone1`, `d`.`Phone2`, `d`.`Phone3`, `d`.`Phone4`, `d`.`Qualification`, `d`.`Role`, `d`.`Speciality`, `d`.`Thumb`, `d`.`Updated_At`, `d`.`User_Id`
FROM `Doctors` AS `d`
WHERE `d`.`Id` = @__Id_0
LIMIT 2

2024-07-28 19:28:33.683 +05:30  INF  Executed DbCommand (209ms) [Parameters=[@__Id_0='?' (DbType = Int64)], CommandType='"Text"', CommandTimeout='30']
SELECT `d`.`Id`, `d`.`Age`, `d`.`Blood_Group`, `d`.`Created_At`, `d`.`Dob`, `d`.`Email`, `d`.`Email2`, `d`.`Gender`, `d`.`Gst_Number`, `d`.`Is_Delete`, `d`.`Marital_Status`, `d`.`Name`, `d`.`Pan_Number`, `d`.`Password`, `d`.`Phone1`, `d`.`Phone2`, `d`.`Phone3`, `d`.`Phone4`, `d`.`Qualification`, `d`.`Role`, `d`.`Speciality`, `d`.`Thumb`, `d`.`Updated_At`, `d`.`User_Id`
FROM `Doctors` AS `d`
WHERE `d`.`Id` = @__Id_0
LIMIT 2

2024-07-28 19:28:34.308 +05:30  INF  Executed DbCommand (209ms) [Parameters=[@__Id_0='?' (DbType = Int64)], CommandType='"Text"', CommandTimeout='30']
SELECT `d`.`Id`, `d`.`Age`, `d`.`Blood_Group`, `d`.`Created_At`, `d`.`Dob`, `d`.`Email`, `d`.`Email2`, `d`.`Gender`, `d`.`Gst_Number`, `d`.`Is_Delete`, `d`.`Marital_Status`, `d`.`Name`, `d`.`Pan_Number`, `d`.`Password`, `d`.`Phone1`, `d`.`Phone2`, `d`.`Phone3`, `d`.`Phone4`, `d`.`Qualification`, `d`.`Role`, `d`.`Speciality`, `d`.`Thumb`, `d`.`Updated_At`, `d`.`User_Id`
FROM `Doctors` AS `d`
WHERE `d`.`Id` = @__Id_0
LIMIT 2

2024-07-28 19:28:34.930 +05:30  INF  Executed DbCommand (207ms) [Parameters=[@__Id_0='?' (DbType = Int64)], CommandType='"Text"', CommandTimeout='30']
SELECT `d`.`Id`, `d`.`Age`, `d`.`Blood_Group`, `d`.`Created_At`, `d`.`Dob`, `d`.`Email`, `d`.`Email2`, `d`.`Gender`, `d`.`Gst_Number`, `d`.`Is_Delete`, `d`.`Marital_Status`, `d`.`Name`, `d`.`Pan_Number`, `d`.`Password`, `d`.`Phone1`, `d`.`Phone2`, `d`.`Phone3`, `d`.`Phone4`, `d`.`Qualification`, `d`.`Role`, `d`.`Speciality`, `d`.`Thumb`, `d`.`Updated_At`, `d`.`User_Id`
FROM `Doctors` AS `d`
WHERE `d`.`Id` = @__Id_0
LIMIT 2

2024-07-28 19:28:35.559 +05:30  INF  Executed DbCommand (210ms) [Parameters=[@__Id_0='?' (DbType = Int64)], CommandType='"Text"', CommandTimeout='30']
SELECT `d`.`Id`, `d`.`Age`, `d`.`Blood_Group`, `d`.`Created_At`, `d`.`Dob`, `d`.`Email`, `d`.`Email2`, `d`.`Gender`, `d`.`Gst_Number`, `d`.`Is_Delete`, `d`.`Marital_Status`, `d`.`Name`, `d`.`Pan_Number`, `d`.`Password`, `d`.`Phone1`, `d`.`Phone2`, `d`.`Phone3`, `d`.`Phone4`, `d`.`Qualification`, `d`.`Role`, `d`.`Speciality`, `d`.`Thumb`, `d`.`Updated_At`, `d`.`User_Id`
FROM `Doctors` AS `d`
WHERE `d`.`Id` = @__Id_0
LIMIT 2

2024-07-28 19:28:35.560 +05:30  INF  Executing ObjectResult, writing value of type 'System.Collections.Generic.List`1[[DCRM.Common.Dto.ChairDto, DCRM.Common, Version=1.0.0.0, Culture=neutral, PublicKeyToken=null]]'.

2024-07-28 19:28:35.560 +05:30  INF  Executed action DCRM.Api.Controllers.ChairController.GetAll (DCRM.Api) in 12763.0633ms

2024-07-28 19:28:35.560 +05:30  INF  Executed endpoint 'DCRM.Api.Controllers.ChairController.GetAll (DCRM.Api)'

2024-07-28 19:28:35.560 +05:30  INF  Request finished HTTP/2 GET https://localhost:7069/api/Chair/GetAll application/json - - 200 - application/json;+charset=utf-8 13389.1480ms

2024-07-28 19:41:53.210 +05:30  INF  Request starting HTTP/2 OPTIONS https://localhost:7069/api/Dashboard/Get - -

2024-07-28 19:41:53.210 +05:30  INF  CORS policy execution successful.

2024-07-28 19:41:53.212 +05:30  INF  Request finished HTTP/2 OPTIONS https://localhost:7069/api/Dashboard/Get - - - 204 - - 2.4452ms

2024-07-28 19:41:53.223 +05:30  INF  Request starting HTTP/2 GET https://localhost:7069/api/Dashboard/Get application/json -

2024-07-28 19:41:53.224 +05:30  INF  CORS policy execution successful.

2024-07-28 19:41:54.290 +05:30  INF  Request starting HTTP/2 OPTIONS https://localhost:7069/api/Appointment/Get/387 - -

2024-07-28 19:41:54.291 +05:30  INF  CORS policy execution successful.

2024-07-28 19:41:54.291 +05:30  INF  Request finished HTTP/2 OPTIONS https://localhost:7069/api/Appointment/Get/387 - - - 204 - - 0.5454ms

2024-07-28 19:41:54.294 +05:30  INF  Request starting HTTP/2 GET https://localhost:7069/api/Appointment/Get/387 application/json -

2024-07-28 19:41:54.294 +05:30  INF  CORS policy execution successful.

2024-07-28 19:41:56.277 +05:30  INF  Executed DbCommand (214ms) [Parameters=[@__id_0='?' (DbType = Int64)], CommandType='"Text"', CommandTimeout='30']
SELECT `u`.`Id`, `u`.`About_Me`, `u`.`Account_Type`, `u`.`Address`, `u`.`Available_Days`, `u`.`Bn_Name`, `u`.`City`, `u`.`Country`, `u`.`Created_At`, `u`.`Currency`, `u`.`Degree`, `u`.`Email`, `u`.`Email_Verified`, `u`.`Enable_Appointment`, `u`.`Enable_Rating`, `u`.`Exp_Years`, `u`.`Facebook`, `u`.`Google_Analytics`, `u`.`Image`, `u`.`Instagram`, `u`.`Linkedin`, `u`.`Name`, `u`.`Parent_Id`, `u`.`Password`, `u`.`Paypal_Email`, `u`.`Paypal_Mode`, `u`.`Paypal_Payment`, `u`.`Paystack_Payment`, `u`.`Paystack_Public_Key`, `u`.`Paystack_Secret_Key`, `u`.`Phone`, `u`.`Publish_Key`, `u`.`Qr_Code`, `u`.`Razorpay_Key_Id`, `u`.`Razorpay_Key_Secret`, `u`.`Razorpay_Payment`, `u`.`Role`, `u`.`Secret_Key`, `u`.`Skype`, `u`.`Slug`, `u`.`Specialist`, `u`.`Status`, `u`.`Stripe_Payment`, `u`.`Thumb`, `u`.`Trial_Expire`, `u`.`Twitter`, `u`.`User_Name`, `u`.`User_Type`, `u`.`Verify_Code`, `u`.`Whatsapp`
FROM `Users` AS `u`
WHERE `u`.`Id` = @__id_0
LIMIT 1

2024-07-28 19:41:56.278 +05:30  INF  Executing endpoint 'DCRM.Api.Controllers.DashboardController.Get (DCRM.Api)'

2024-07-28 19:41:56.278 +05:30  INF  Route matched with {action = "Get", controller = "Dashboard"}. Executing controller action with signature DCRM.Common.Dto.DashboardDto Get() on controller DCRM.Api.Controllers.DashboardController (DCRM.Api).

2024-07-28 19:41:56.915 +05:30  INF  Executed DbCommand (213ms) [Parameters=[@__p_0='?' (DbType = Int64)], CommandType='"Text"', CommandTimeout='30']
SELECT COUNT(*)
FROM `Patientses` AS `p`
WHERE (`p`.`User_Id` = @__p_0) AND (`p`.`Is_Delete` = 0)

2024-07-28 19:41:57.340 +05:30  INF  Executed DbCommand (213ms) [Parameters=[@__id_0='?' (DbType = Int64)], CommandType='"Text"', CommandTimeout='30']
SELECT `u`.`Id`, `u`.`About_Me`, `u`.`Account_Type`, `u`.`Address`, `u`.`Available_Days`, `u`.`Bn_Name`, `u`.`City`, `u`.`Country`, `u`.`Created_At`, `u`.`Currency`, `u`.`Degree`, `u`.`Email`, `u`.`Email_Verified`, `u`.`Enable_Appointment`, `u`.`Enable_Rating`, `u`.`Exp_Years`, `u`.`Facebook`, `u`.`Google_Analytics`, `u`.`Image`, `u`.`Instagram`, `u`.`Linkedin`, `u`.`Name`, `u`.`Parent_Id`, `u`.`Password`, `u`.`Paypal_Email`, `u`.`Paypal_Mode`, `u`.`Paypal_Payment`, `u`.`Paystack_Payment`, `u`.`Paystack_Public_Key`, `u`.`Paystack_Secret_Key`, `u`.`Phone`, `u`.`Publish_Key`, `u`.`Qr_Code`, `u`.`Razorpay_Key_Id`, `u`.`Razorpay_Key_Secret`, `u`.`Razorpay_Payment`, `u`.`Role`, `u`.`Secret_Key`, `u`.`Skype`, `u`.`Slug`, `u`.`Specialist`, `u`.`Status`, `u`.`Stripe_Payment`, `u`.`Thumb`, `u`.`Trial_Expire`, `u`.`Twitter`, `u`.`User_Name`, `u`.`User_Type`, `u`.`Verify_Code`, `u`.`Whatsapp`
FROM `Users` AS `u`
WHERE `u`.`Id` = @__id_0
LIMIT 1

2024-07-28 19:41:57.341 +05:30  INF  Executing endpoint 'DCRM.Api.Controllers.AppointmentController.Get (DCRM.Api)'

2024-07-28 19:41:57.341 +05:30  INF  Route matched with {action = "Get", controller = "Appointment"}. Executing controller action with signature DCRM.Common.Entity.Appointment Get(Int32) on controller DCRM.Api.Controllers.AppointmentController (DCRM.Api).

2024-07-28 19:41:57.552 +05:30  INF  Executed DbCommand (213ms) [Parameters=[@__userId_0='?' (DbType = Int32)], CommandType='"Text"', CommandTimeout='30']
SELECT COUNT(*)
FROM `Staffs` AS `s`
WHERE (`s`.`User_Id` = @__userId_0) AND (`s`.`Is_Deleted` = 0)

2024-07-28 19:41:57.980 +05:30  INF  Executed DbCommand (213ms) [Parameters=[@__id_0='?' (DbType = Int64)], CommandType='"Text"', CommandTimeout='30']
SELECT `a`.`Id`, `a`.`Appointment_Status`, `a`.`Cause`, `a`.`Chair`, `a`.`Chamber_Id`, `a`.`Created_At`, `a`.`Date`, `a`.`Doctor_Id`, `a`.`Doctor_Name`, `a`.`End_Time`, `a`.`Extra_Notes`, `a`.`Files`, `a`.`Is_Delete`, `a`.`Is_Start`, `a`.`Meeting_Notes`, `a`.`Number_Of_Slot`, `a`.`Patient_Id`, `a`.`Prescription_Id`, `a`.`Serial_Id`, `a`.`Slot_Time`, `a`.`Start_Time`, `a`.`Status`, `a`.`Type`, `a`.`User_Id`, `a`.`Workdone_Id`
FROM `Appointments` AS `a`
WHERE (`a`.`Id` = @__id_0) AND (`a`.`Is_Delete` = 0)
LIMIT 1

2024-07-28 19:41:57.980 +05:30  INF  Executing ObjectResult, writing value of type 'DCRM.Common.Entity.Appointment'.

2024-07-28 19:41:57.980 +05:30  INF  Executed action DCRM.Api.Controllers.AppointmentController.Get (DCRM.Api) in 638.9364ms

2024-07-28 19:41:57.980 +05:30  INF  Executed endpoint 'DCRM.Api.Controllers.AppointmentController.Get (DCRM.Api)'

2024-07-28 19:41:57.980 +05:30  INF  Request finished HTTP/2 GET https://localhost:7069/api/Appointment/Get/387 application/json - - 200 - application/json;+charset=utf-8 3685.8349ms

2024-07-28 19:41:58.189 +05:30  INF  Executed DbCommand (212ms) [Parameters=[@__userId_0='?' (DbType = Int32)], CommandType='"Text"', CommandTimeout='30']
SELECT COUNT(*)
FROM `Appointments` AS `a`
WHERE (`a`.`User_Id` = @__userId_0) AND (`a`.`Is_Delete` = 0)

2024-07-28 19:41:58.829 +05:30  INF  Executed DbCommand (216ms) [Parameters=[@__userId_0='?' (DbType = Int32)], CommandType='"Text"', CommandTimeout='30']
SELECT COUNT(*)
FROM `Appointments` AS `a`
WHERE ((`a`.`User_Id` = @__userId_0) AND (`a`.`Is_Delete` = 0)) AND (`a`.`Date` = CURDATE())

2024-07-28 19:41:58.829 +05:30  INF  Executing ObjectResult, writing value of type 'DCRM.Common.Dto.DashboardDto'.

2024-07-28 19:41:58.829 +05:30  INF  Executed action DCRM.Api.Controllers.DashboardController.Get (DCRM.Api) in 2551.4361ms

2024-07-28 19:41:58.829 +05:30  INF  Executed endpoint 'DCRM.Api.Controllers.DashboardController.Get (DCRM.Api)'

2024-07-28 19:41:58.829 +05:30  INF  Request finished HTTP/2 GET https://localhost:7069/api/Dashboard/Get application/json - - 200 - application/json;+charset=utf-8 5606.0684ms

2024-07-28 19:42:00.106 +05:30  INF  Request starting HTTP/2 OPTIONS https://localhost:7069/api/Patient/Get/387 - -

2024-07-28 19:42:00.106 +05:30  INF  CORS policy execution successful.

2024-07-28 19:42:00.106 +05:30  INF  Request finished HTTP/2 OPTIONS https://localhost:7069/api/Patient/Get/387 - - - 204 - - 0.5146ms

2024-07-28 19:42:00.106 +05:30  INF  Request starting HTTP/2 OPTIONS https://localhost:7069/api/Doctor/Get/Names - -

2024-07-28 19:42:00.107 +05:30  INF  CORS policy execution successful.

2024-07-28 19:42:00.108 +05:30  INF  Request finished HTTP/2 OPTIONS https://localhost:7069/api/Doctor/Get/Names - - - 204 - - 1.6022ms

2024-07-28 19:42:00.134 +05:30  INF  Request starting HTTP/2 GET https://localhost:7069/api/Patient/Get/387 application/json -

2024-07-28 19:42:00.137 +05:30  INF  CORS policy execution successful.

2024-07-28 19:42:00.139 +05:30  INF  Request starting HTTP/2 GET https://localhost:7069/api/Doctor/Get/Names application/json -

2024-07-28 19:42:00.139 +05:30  INF  CORS policy execution successful.

2024-07-28 19:42:00.142 +05:30  INF  Request starting HTTP/2 OPTIONS https://localhost:7069/api/Patient/Get/Names - -

2024-07-28 19:42:00.145 +05:30  INF  CORS policy execution successful.

2024-07-28 19:42:00.150 +05:30  INF  Request finished HTTP/2 OPTIONS https://localhost:7069/api/Patient/Get/Names - - - 204 - - 7.2654ms

2024-07-28 19:42:00.158 +05:30  INF  Request starting HTTP/2 OPTIONS https://localhost:7069/api/Patient/Get/508 - -

2024-07-28 19:42:00.160 +05:30  INF  CORS policy execution successful.

2024-07-28 19:42:00.160 +05:30  INF  Request starting HTTP/2 GET https://localhost:7069/api/Patient/Get/Names application/json -

2024-07-28 19:42:00.160 +05:30  INF  Request starting HTTP/2 OPTIONS https://localhost:7069/api/Chair/GetAll - -

2024-07-28 19:42:00.160 +05:30  INF  Request finished HTTP/2 OPTIONS https://localhost:7069/api/Patient/Get/508 - - - 204 - - 2.4866ms

2024-07-28 19:42:00.160 +05:30  INF  CORS policy execution successful.

2024-07-28 19:42:00.160 +05:30  INF  CORS policy execution successful.

2024-07-28 19:42:00.161 +05:30  INF  Request finished HTTP/2 OPTIONS https://localhost:7069/api/Chair/GetAll - - - 204 - - 0.2332ms

2024-07-28 19:42:00.164 +05:30  INF  Request starting HTTP/2 GET https://localhost:7069/api/Patient/Get/508 application/json -

2024-07-28 19:42:00.164 +05:30  INF  Request starting HTTP/2 GET https://localhost:7069/api/Chair/GetAll application/json -

2024-07-28 19:42:00.165 +05:30  INF  CORS policy execution successful.

2024-07-28 19:42:00.165 +05:30  INF  CORS policy execution successful.

2024-07-28 19:42:00.784 +05:30  INF  Executed DbCommand (215ms) [Parameters=[@__id_0='?' (DbType = Int64)], CommandType='"Text"', CommandTimeout='30']
SELECT `u`.`Id`, `u`.`About_Me`, `u`.`Account_Type`, `u`.`Address`, `u`.`Available_Days`, `u`.`Bn_Name`, `u`.`City`, `u`.`Country`, `u`.`Created_At`, `u`.`Currency`, `u`.`Degree`, `u`.`Email`, `u`.`Email_Verified`, `u`.`Enable_Appointment`, `u`.`Enable_Rating`, `u`.`Exp_Years`, `u`.`Facebook`, `u`.`Google_Analytics`, `u`.`Image`, `u`.`Instagram`, `u`.`Linkedin`, `u`.`Name`, `u`.`Parent_Id`, `u`.`Password`, `u`.`Paypal_Email`, `u`.`Paypal_Mode`, `u`.`Paypal_Payment`, `u`.`Paystack_Payment`, `u`.`Paystack_Public_Key`, `u`.`Paystack_Secret_Key`, `u`.`Phone`, `u`.`Publish_Key`, `u`.`Qr_Code`, `u`.`Razorpay_Key_Id`, `u`.`Razorpay_Key_Secret`, `u`.`Razorpay_Payment`, `u`.`Role`, `u`.`Secret_Key`, `u`.`Skype`, `u`.`Slug`, `u`.`Specialist`, `u`.`Status`, `u`.`Stripe_Payment`, `u`.`Thumb`, `u`.`Trial_Expire`, `u`.`Twitter`, `u`.`User_Name`, `u`.`User_Type`, `u`.`Verify_Code`, `u`.`Whatsapp`
FROM `Users` AS `u`
WHERE `u`.`Id` = @__id_0
LIMIT 1

2024-07-28 19:42:00.784 +05:30  INF  Executing endpoint 'DCRM.Api.Controllers.PatientController.Get (DCRM.Api)'

2024-07-28 19:42:00.784 +05:30  INF  Route matched with {action = "Get", controller = "Patient"}. Executing controller action with signature DCRM.Common.Dto.PatientseDto Get(Int64) on controller DCRM.Api.Controllers.PatientController (DCRM.Api).

2024-07-28 19:42:00.791 +05:30  INF  Executed DbCommand (214ms) [Parameters=[@__id_0='?' (DbType = Int64)], CommandType='"Text"', CommandTimeout='30']
SELECT `u`.`Id`, `u`.`About_Me`, `u`.`Account_Type`, `u`.`Address`, `u`.`Available_Days`, `u`.`Bn_Name`, `u`.`City`, `u`.`Country`, `u`.`Created_At`, `u`.`Currency`, `u`.`Degree`, `u`.`Email`, `u`.`Email_Verified`, `u`.`Enable_Appointment`, `u`.`Enable_Rating`, `u`.`Exp_Years`, `u`.`Facebook`, `u`.`Google_Analytics`, `u`.`Image`, `u`.`Instagram`, `u`.`Linkedin`, `u`.`Name`, `u`.`Parent_Id`, `u`.`Password`, `u`.`Paypal_Email`, `u`.`Paypal_Mode`, `u`.`Paypal_Payment`, `u`.`Paystack_Payment`, `u`.`Paystack_Public_Key`, `u`.`Paystack_Secret_Key`, `u`.`Phone`, `u`.`Publish_Key`, `u`.`Qr_Code`, `u`.`Razorpay_Key_Id`, `u`.`Razorpay_Key_Secret`, `u`.`Razorpay_Payment`, `u`.`Role`, `u`.`Secret_Key`, `u`.`Skype`, `u`.`Slug`, `u`.`Specialist`, `u`.`Status`, `u`.`Stripe_Payment`, `u`.`Thumb`, `u`.`Trial_Expire`, `u`.`Twitter`, `u`.`User_Name`, `u`.`User_Type`, `u`.`Verify_Code`, `u`.`Whatsapp`
FROM `Users` AS `u`
WHERE `u`.`Id` = @__id_0
LIMIT 1

2024-07-28 19:42:00.791 +05:30  INF  Executing endpoint 'DCRM.Api.Controllers.DoctorController.DoctorNameList (DCRM.Api)'

2024-07-28 19:42:00.791 +05:30  INF  Route matched with {action = "DoctorNameList", controller = "Doctor"}. Executing controller action with signature System.Collections.Generic.List`1[DCRM.Common.Dto.DropdownDataDto] DoctorNameList() on controller DCRM.Api.Controllers.DoctorController (DCRM.Api).

2024-07-28 19:42:01.425 +05:30  INF  Executed DbCommand (213ms) [Parameters=[@__id_0='?' (DbType = Int64)], CommandType='"Text"', CommandTimeout='30']
SELECT `p`.`Id`, `p`.`Age`, `p`.`Chamber_Id`, `p`.`Created_At`, `p`.`Email`, `p`.`Guardian`, `p`.`Is_Delete`, `p`.`Mobile`, `p`.`Mr_Number`, `p`.`Name`, `p`.`Password`, `p`.`Permanent_Address`, `p`.`Present_Address`, `p`.`Role`, `p`.`Sex`, `p`.`Slug`, `p`.`Thumb`, `p`.`Title`, `p`.`UserName`, `p`.`User_Id`, `p`.`Verify_Code`, `p`.`Weight`
FROM `Patientses` AS `p`
WHERE (`p`.`Is_Delete` = 0) AND (`p`.`Id` = @__id_0)
LIMIT 1

2024-07-28 19:42:01.643 +05:30  INF  Executed DbCommand (426ms) [Parameters=[@__userId_0='?' (DbType = Int64)], CommandType='"Text"', CommandTimeout='30']
SELECT `d`.`Id`, `d`.`Age`, `d`.`Blood_Group`, `d`.`Created_At`, `d`.`Dob`, `d`.`Email`, `d`.`Email2`, `d`.`Gender`, `d`.`Gst_Number`, `d`.`Is_Delete`, `d`.`Marital_Status`, `d`.`Name`, `d`.`Pan_Number`, `d`.`Password`, `d`.`Phone1`, `d`.`Phone2`, `d`.`Phone3`, `d`.`Phone4`, `d`.`Qualification`, `d`.`Role`, `d`.`Speciality`, `d`.`Thumb`, `d`.`Updated_At`, `d`.`User_Id`
FROM `Doctors` AS `d`
WHERE (`d`.`User_Id` = @__userId_0) AND (`d`.`Is_Delete` = 0)

2024-07-28 19:42:02.279 +05:30  INF  Executed DbCommand (428ms) [Parameters=[], CommandType='"Text"', CommandTimeout='30']
SELECT `p`.`Id`, `p`.`Amount_Type`, `p`.`Balance`, `p`.`Created_At`, `p`.`Credit_Amount`, `p`.`Debit_Amount`, `p`.`Description`, `p`.`Doctor_Id`, `p`.`Patient_Id`, `p`.`Payment_Mode`, `p`.`Updated_At`, `p`.`Workdone_Id`, `p`.`isPrinted`
FROM `Payment_History` AS `p`

2024-07-28 19:42:02.513 +05:30  INF  Executing ObjectResult, writing value of type 'System.Collections.Generic.List`1[[DCRM.Common.Dto.DropdownDataDto, DCRM.Common, Version=1.0.0.0, Culture=neutral, PublicKeyToken=null]]'.

2024-07-28 19:42:02.513 +05:30  INF  Executed action DCRM.Api.Controllers.DoctorController.DoctorNameList (DCRM.Api) in 1721.9975ms

2024-07-28 19:42:02.513 +05:30  INF  Executed endpoint 'DCRM.Api.Controllers.DoctorController.DoctorNameList (DCRM.Api)'

2024-07-28 19:42:02.514 +05:30  INF  Request finished HTTP/2 GET https://localhost:7069/api/Doctor/Get/Names application/json - - 200 - application/json;+charset=utf-8 2374.3130ms

2024-07-28 19:42:03.136 +05:30  INF  Executed DbCommand (216ms) [Parameters=[@__p_0='?' (DbType = Int64)], CommandType='"Text"', CommandTimeout='30']
SELECT `p`.`Id`, `p`.`Amount`, `p`.`Balance_Amount`, `p`.`Balance_Spent`, `p`.`Created_At`, `p`.`Name`, `p`.`Patients_Id`, `p`.`Type`, `p`.`Updated_At`
FROM `Patients_Insurance_Loan` AS `p`
WHERE `p`.`Patients_Id` = @__p_0

2024-07-28 19:42:03.141 +05:30  INF  Executed DbCommand (212ms) [Parameters=[@__id_0='?' (DbType = Int64)], CommandType='"Text"', CommandTimeout='30']
SELECT `u`.`Id`, `u`.`About_Me`, `u`.`Account_Type`, `u`.`Address`, `u`.`Available_Days`, `u`.`Bn_Name`, `u`.`City`, `u`.`Country`, `u`.`Created_At`, `u`.`Currency`, `u`.`Degree`, `u`.`Email`, `u`.`Email_Verified`, `u`.`Enable_Appointment`, `u`.`Enable_Rating`, `u`.`Exp_Years`, `u`.`Facebook`, `u`.`Google_Analytics`, `u`.`Image`, `u`.`Instagram`, `u`.`Linkedin`, `u`.`Name`, `u`.`Parent_Id`, `u`.`Password`, `u`.`Paypal_Email`, `u`.`Paypal_Mode`, `u`.`Paypal_Payment`, `u`.`Paystack_Payment`, `u`.`Paystack_Public_Key`, `u`.`Paystack_Secret_Key`, `u`.`Phone`, `u`.`Publish_Key`, `u`.`Qr_Code`, `u`.`Razorpay_Key_Id`, `u`.`Razorpay_Key_Secret`, `u`.`Razorpay_Payment`, `u`.`Role`, `u`.`Secret_Key`, `u`.`Skype`, `u`.`Slug`, `u`.`Specialist`, `u`.`Status`, `u`.`Stripe_Payment`, `u`.`Thumb`, `u`.`Trial_Expire`, `u`.`Twitter`, `u`.`User_Name`, `u`.`User_Type`, `u`.`Verify_Code`, `u`.`Whatsapp`
FROM `Users` AS `u`
WHERE `u`.`Id` = @__id_0
LIMIT 1

2024-07-28 19:42:03.142 +05:30  INF  Executing endpoint 'DCRM.Api.Controllers.PatientController.Get (DCRM.Api)'

2024-07-28 19:42:03.142 +05:30  INF  Route matched with {action = "Get", controller = "Patient"}. Executing controller action with signature DCRM.Common.Dto.PatientseDto Get(Int64) on controller DCRM.Api.Controllers.PatientController (DCRM.Api).

2024-07-28 19:42:03.212 +05:30  INF  Executed DbCommand (213ms) [Parameters=[@__id_0='?' (DbType = Int64)], CommandType='"Text"', CommandTimeout='30']
SELECT `u`.`Id`, `u`.`About_Me`, `u`.`Account_Type`, `u`.`Address`, `u`.`Available_Days`, `u`.`Bn_Name`, `u`.`City`, `u`.`Country`, `u`.`Created_At`, `u`.`Currency`, `u`.`Degree`, `u`.`Email`, `u`.`Email_Verified`, `u`.`Enable_Appointment`, `u`.`Enable_Rating`, `u`.`Exp_Years`, `u`.`Facebook`, `u`.`Google_Analytics`, `u`.`Image`, `u`.`Instagram`, `u`.`Linkedin`, `u`.`Name`, `u`.`Parent_Id`, `u`.`Password`, `u`.`Paypal_Email`, `u`.`Paypal_Mode`, `u`.`Paypal_Payment`, `u`.`Paystack_Payment`, `u`.`Paystack_Public_Key`, `u`.`Paystack_Secret_Key`, `u`.`Phone`, `u`.`Publish_Key`, `u`.`Qr_Code`, `u`.`Razorpay_Key_Id`, `u`.`Razorpay_Key_Secret`, `u`.`Razorpay_Payment`, `u`.`Role`, `u`.`Secret_Key`, `u`.`Skype`, `u`.`Slug`, `u`.`Specialist`, `u`.`Status`, `u`.`Stripe_Payment`, `u`.`Thumb`, `u`.`Trial_Expire`, `u`.`Twitter`, `u`.`User_Name`, `u`.`User_Type`, `u`.`Verify_Code`, `u`.`Whatsapp`
FROM `Users` AS `u`
WHERE `u`.`Id` = @__id_0
LIMIT 1

2024-07-28 19:42:03.212 +05:30  INF  Executed DbCommand (213ms) [Parameters=[@__id_0='?' (DbType = Int64)], CommandType='"Text"', CommandTimeout='30']
SELECT `u`.`Id`, `u`.`About_Me`, `u`.`Account_Type`, `u`.`Address`, `u`.`Available_Days`, `u`.`Bn_Name`, `u`.`City`, `u`.`Country`, `u`.`Created_At`, `u`.`Currency`, `u`.`Degree`, `u`.`Email`, `u`.`Email_Verified`, `u`.`Enable_Appointment`, `u`.`Enable_Rating`, `u`.`Exp_Years`, `u`.`Facebook`, `u`.`Google_Analytics`, `u`.`Image`, `u`.`Instagram`, `u`.`Linkedin`, `u`.`Name`, `u`.`Parent_Id`, `u`.`Password`, `u`.`Paypal_Email`, `u`.`Paypal_Mode`, `u`.`Paypal_Payment`, `u`.`Paystack_Payment`, `u`.`Paystack_Public_Key`, `u`.`Paystack_Secret_Key`, `u`.`Phone`, `u`.`Publish_Key`, `u`.`Qr_Code`, `u`.`Razorpay_Key_Id`, `u`.`Razorpay_Key_Secret`, `u`.`Razorpay_Payment`, `u`.`Role`, `u`.`Secret_Key`, `u`.`Skype`, `u`.`Slug`, `u`.`Specialist`, `u`.`Status`, `u`.`Stripe_Payment`, `u`.`Thumb`, `u`.`Trial_Expire`, `u`.`Twitter`, `u`.`User_Name`, `u`.`User_Type`, `u`.`Verify_Code`, `u`.`Whatsapp`
FROM `Users` AS `u`
WHERE `u`.`Id` = @__id_0
LIMIT 1

2024-07-28 19:42:03.212 +05:30  INF  Executing endpoint 'DCRM.Api.Controllers.PatientController.PatientDetailList (DCRM.Api)'

2024-07-28 19:42:03.212 +05:30  INF  Executing endpoint 'DCRM.Api.Controllers.ChairController.GetAll (DCRM.Api)'

2024-07-28 19:42:03.212 +05:30  INF  Route matched with {action = "PatientDetailList", controller = "Patient"}. Executing controller action with signature System.Collections.Generic.List`1[DCRM.Common.Dto.DropdownDataDto] PatientDetailList() on controller DCRM.Api.Controllers.PatientController (DCRM.Api).

2024-07-28 19:42:03.212 +05:30  INF  Route matched with {action = "GetAll", controller = "Chair"}. Executing controller action with signature System.Collections.Generic.List`1[DCRM.Common.Dto.ChairDto] GetAll() on controller DCRM.Api.Controllers.ChairController (DCRM.Api).

2024-07-28 19:42:03.772 +05:30  INF  Executed DbCommand (216ms) [Parameters=[@__id_0='?' (DbType = Int64)], CommandType='"Text"', CommandTimeout='30']
SELECT `p`.`Id`, `p`.`Age`, `p`.`Chamber_Id`, `p`.`Created_At`, `p`.`Email`, `p`.`Guardian`, `p`.`Is_Delete`, `p`.`Mobile`, `p`.`Mr_Number`, `p`.`Name`, `p`.`Password`, `p`.`Permanent_Address`, `p`.`Present_Address`, `p`.`Role`, `p`.`Sex`, `p`.`Slug`, `p`.`Thumb`, `p`.`Title`, `p`.`UserName`, `p`.`User_Id`, `p`.`Verify_Code`, `p`.`Weight`
FROM `Patientses` AS `p`
WHERE (`p`.`Is_Delete` = 0) AND (`p`.`Id` = @__id_0)
LIMIT 1

2024-07-28 19:42:03.775 +05:30  INF  Executed DbCommand (213ms) [Parameters=[@__p_0='?' (DbType = Int64)], CommandType='"Text"', CommandTimeout='30']
SELECT `p`.`Id`, `p`.`Created_At`, `p`.`Patient_Id`, `p`.`Report`, `p`.`Report_Date`, `p`.`Report_File`, `p`.`Status`, `p`.`Test_Name`, `p`.`Test_Price`, `p`.`Updated_At`
FROM `Patient_Tests` AS `p`
WHERE `p`.`Patient_Id` = @__p_0

2024-07-28 19:42:03.850 +05:30  INF  Executed DbCommand (214ms) [Parameters=[], CommandType='"Text"', CommandTimeout='30']
SELECT `c`.`Id`, `c`.`Address`, `c`.`Appoinment_Limit`, `c`.`Created_At`, `c`.`Doctor_Id`, `c`.`Is_Primary`, `c`.`Name`, `c`.`Status`, `c`.`Uid`, `c`.`User_Id`
FROM `Chairs` AS `c`

2024-07-28 19:42:03.851 +05:30  INF  Executed DbCommand (215ms) [Parameters=[@__userId_0='?' (DbType = Int64)], CommandType='"Text"', CommandTimeout='30']
SELECT `p`.`Id`, `p`.`Age`, `p`.`Chamber_Id`, `p`.`Created_At`, `p`.`Email`, `p`.`Guardian`, `p`.`Is_Delete`, `p`.`Mobile`, `p`.`Mr_Number`, `p`.`Name`, `p`.`Password`, `p`.`Permanent_Address`, `p`.`Present_Address`, `p`.`Role`, `p`.`Sex`, `p`.`Slug`, `p`.`Thumb`, `p`.`Title`, `p`.`UserName`, `p`.`User_Id`, `p`.`Verify_Code`, `p`.`Weight`
FROM `Patientses` AS `p`
WHERE (`p`.`User_Id` = @__userId_0) AND (`p`.`Is_Delete` = 0)

2024-07-28 19:42:04.193 +05:30  INF  Request starting HTTP/2 OPTIONS https://localhost:7069/api/Patient/Get/ - -

2024-07-28 19:42:04.193 +05:30  INF  CORS policy execution successful.

2024-07-28 19:42:04.194 +05:30  INF  Request finished HTTP/2 OPTIONS https://localhost:7069/api/Patient/Get/ - - - 204 - - 0.5008ms

2024-07-28 19:42:04.200 +05:30  INF  Request starting HTTP/2 GET https://localhost:7069/api/Patient/Get/ application/json -

2024-07-28 19:42:04.200 +05:30  INF  CORS policy execution successful.

2024-07-28 19:42:04.421 +05:30  INF  Executed DbCommand (230ms) [Parameters=[], CommandType='"Text"', CommandTimeout='30']
SELECT `p`.`Id`, `p`.`Amount_Type`, `p`.`Balance`, `p`.`Created_At`, `p`.`Credit_Amount`, `p`.`Debit_Amount`, `p`.`Description`, `p`.`Doctor_Id`, `p`.`Patient_Id`, `p`.`Payment_Mode`, `p`.`Updated_At`, `p`.`Workdone_Id`, `p`.`isPrinted`
FROM `Payment_History` AS `p`

2024-07-28 19:42:04.421 +05:30  INF  Executed DbCommand (215ms) [Parameters=[@__p_0='?' (DbType = Int64)], CommandType='"Text"', CommandTimeout='30']
SELECT `p`.`Id`, `p`.`Address_O`, `p`.`Address_Other`, `p`.`Address_R`, `p`.`City_O`, `p`.`City_Other`, `p`.`City_R`, `p`.`Country_O`, `p`.`Country_Other`, `p`.`Country_R`, `p`.`Created_At`, `p`.`Doctor_Name`, `p`.`Email`, `p`.`Email2`, `p`.`Medical_History_Allergies`, `p`.`Patient_Id`, `p`.`Phone`, `p`.`Phone1`, `p`.`Phone2`, `p`.`Phone3`, `p`.`Phone4`, `p`.`Physician`, `p`.`Reffered_By`, `p`.`Relationship_Type`, `p`.`Special_Notes`, `p`.`Updated_At`, `p`.`Zip_O`, `p`.`Zip_Other`, `p`.`Zip_R`
FROM `Patients_Contact` AS `p`
WHERE `p`.`Patient_Id` = @__p_0

2024-07-28 19:42:04.502 +05:30  INF  Executed DbCommand (217ms) [Parameters=[@__Id_0='?' (DbType = Int64)], CommandType='"Text"', CommandTimeout='30']
SELECT `d`.`Id`, `d`.`Age`, `d`.`Blood_Group`, `d`.`Created_At`, `d`.`Dob`, `d`.`Email`, `d`.`Email2`, `d`.`Gender`, `d`.`Gst_Number`, `d`.`Is_Delete`, `d`.`Marital_Status`, `d`.`Name`, `d`.`Pan_Number`, `d`.`Password`, `d`.`Phone1`, `d`.`Phone2`, `d`.`Phone3`, `d`.`Phone4`, `d`.`Qualification`, `d`.`Role`, `d`.`Speciality`, `d`.`Thumb`, `d`.`Updated_At`, `d`.`User_Id`
FROM `Doctors` AS `d`
WHERE `d`.`Id` = @__Id_0
LIMIT 2

2024-07-28 19:42:04.715 +05:30  INF  Executing ObjectResult, writing value of type 'System.Collections.Generic.List`1[[DCRM.Common.Dto.DropdownDataDto, DCRM.Common, Version=1.0.0.0, Culture=neutral, PublicKeyToken=null]]'.

2024-07-28 19:42:04.715 +05:30  INF  Executed action DCRM.Api.Controllers.PatientController.PatientDetailList (DCRM.Api) in 1503.1918ms

2024-07-28 19:42:04.715 +05:30  INF  Executed endpoint 'DCRM.Api.Controllers.PatientController.PatientDetailList (DCRM.Api)'

2024-07-28 19:42:04.715 +05:30  INF  Request finished HTTP/2 GET https://localhost:7069/api/Patient/Get/Names application/json - - 200 - application/json;+charset=utf-8 4555.1669ms

2024-07-28 19:42:04.850 +05:30  INF  Executed DbCommand (215ms) [Parameters=[@__id_0='?' (DbType = Int64)], CommandType='"Text"', CommandTimeout='30']
SELECT `u`.`Id`, `u`.`About_Me`, `u`.`Account_Type`, `u`.`Address`, `u`.`Available_Days`, `u`.`Bn_Name`, `u`.`City`, `u`.`Country`, `u`.`Created_At`, `u`.`Currency`, `u`.`Degree`, `u`.`Email`, `u`.`Email_Verified`, `u`.`Enable_Appointment`, `u`.`Enable_Rating`, `u`.`Exp_Years`, `u`.`Facebook`, `u`.`Google_Analytics`, `u`.`Image`, `u`.`Instagram`, `u`.`Linkedin`, `u`.`Name`, `u`.`Parent_Id`, `u`.`Password`, `u`.`Paypal_Email`, `u`.`Paypal_Mode`, `u`.`Paypal_Payment`, `u`.`Paystack_Payment`, `u`.`Paystack_Public_Key`, `u`.`Paystack_Secret_Key`, `u`.`Phone`, `u`.`Publish_Key`, `u`.`Qr_Code`, `u`.`Razorpay_Key_Id`, `u`.`Razorpay_Key_Secret`, `u`.`Razorpay_Payment`, `u`.`Role`, `u`.`Secret_Key`, `u`.`Skype`, `u`.`Slug`, `u`.`Specialist`, `u`.`Status`, `u`.`Stripe_Payment`, `u`.`Thumb`, `u`.`Trial_Expire`, `u`.`Twitter`, `u`.`User_Name`, `u`.`User_Type`, `u`.`Verify_Code`, `u`.`Whatsapp`
FROM `Users` AS `u`
WHERE `u`.`Id` = @__id_0
LIMIT 1

2024-07-28 19:42:04.851 +05:30  INF  Request finished HTTP/2 GET https://localhost:7069/api/Patient/Get/ application/json - - 404 0 - 650.3954ms

2024-07-28 19:42:05.059 +05:30  INF  Executed DbCommand (212ms) [Parameters=[@__p_0='?' (DbType = Int64)], CommandType='"Text"', CommandTimeout='30']
SELECT `p`.`Id`, `p`.`Created_At`, `p`.`Patient_Id`, `p`.`Report`, `p`.`Report_File`, `p`.`Scan_Name`, `p`.`Status`, `p`.`Type`, `p`.`Updated_At`
FROM `Patient_Scans` AS `p`
WHERE `p`.`Patient_Id` = @__p_0

2024-07-28 19:42:05.059 +05:30  INF  Executing ObjectResult, writing value of type 'DCRM.Common.Dto.PatientseDto'.

2024-07-28 19:42:05.059 +05:30  INF  Executed action DCRM.Api.Controllers.PatientController.Get (DCRM.Api) in 4274.5507ms

2024-07-28 19:42:05.059 +05:30  INF  Executed endpoint 'DCRM.Api.Controllers.PatientController.Get (DCRM.Api)'

2024-07-28 19:42:05.059 +05:30  INF  Request finished HTTP/2 GET https://localhost:7069/api/Patient/Get/387 application/json - - 200 - application/json;+charset=utf-8 4930.1201ms

2024-07-28 19:42:05.143 +05:30  INF  Executed DbCommand (215ms) [Parameters=[@__Id_0='?' (DbType = Int64)], CommandType='"Text"', CommandTimeout='30']
SELECT `d`.`Id`, `d`.`Age`, `d`.`Blood_Group`, `d`.`Created_At`, `d`.`Dob`, `d`.`Email`, `d`.`Email2`, `d`.`Gender`, `d`.`Gst_Number`, `d`.`Is_Delete`, `d`.`Marital_Status`, `d`.`Name`, `d`.`Pan_Number`, `d`.`Password`, `d`.`Phone1`, `d`.`Phone2`, `d`.`Phone3`, `d`.`Phone4`, `d`.`Qualification`, `d`.`Role`, `d`.`Speciality`, `d`.`Thumb`, `d`.`Updated_At`, `d`.`User_Id`
FROM `Doctors` AS `d`
WHERE `d`.`Id` = @__Id_0
LIMIT 2

2024-07-28 19:42:05.255 +05:30  INF  Executed DbCommand (207ms) [Parameters=[@__p_0='?' (DbType = Int64)], CommandType='"Text"', CommandTimeout='30']
SELECT `p`.`Id`, `p`.`Amount`, `p`.`Balance_Amount`, `p`.`Balance_Spent`, `p`.`Created_At`, `p`.`Name`, `p`.`Patients_Id`, `p`.`Type`, `p`.`Updated_At`
FROM `Patients_Insurance_Loan` AS `p`
WHERE `p`.`Patients_Id` = @__p_0

2024-07-28 19:42:05.784 +05:30  INF  Executed DbCommand (213ms) [Parameters=[@__Id_0='?' (DbType = Int64)], CommandType='"Text"', CommandTimeout='30']
SELECT `d`.`Id`, `d`.`Age`, `d`.`Blood_Group`, `d`.`Created_At`, `d`.`Dob`, `d`.`Email`, `d`.`Email2`, `d`.`Gender`, `d`.`Gst_Number`, `d`.`Is_Delete`, `d`.`Marital_Status`, `d`.`Name`, `d`.`Pan_Number`, `d`.`Password`, `d`.`Phone1`, `d`.`Phone2`, `d`.`Phone3`, `d`.`Phone4`, `d`.`Qualification`, `d`.`Role`, `d`.`Speciality`, `d`.`Thumb`, `d`.`Updated_At`, `d`.`User_Id`
FROM `Doctors` AS `d`
WHERE `d`.`Id` = @__Id_0
LIMIT 2

2024-07-28 19:42:05.879 +05:30  INF  Executed DbCommand (209ms) [Parameters=[@__p_0='?' (DbType = Int64)], CommandType='"Text"', CommandTimeout='30']
SELECT `p`.`Id`, `p`.`Created_At`, `p`.`Patient_Id`, `p`.`Report`, `p`.`Report_Date`, `p`.`Report_File`, `p`.`Status`, `p`.`Test_Name`, `p`.`Test_Price`, `p`.`Updated_At`
FROM `Patient_Tests` AS `p`
WHERE `p`.`Patient_Id` = @__p_0

2024-07-28 19:42:06.426 +05:30  INF  Executed DbCommand (215ms) [Parameters=[@__Id_0='?' (DbType = Int64)], CommandType='"Text"', CommandTimeout='30']
SELECT `d`.`Id`, `d`.`Age`, `d`.`Blood_Group`, `d`.`Created_At`, `d`.`Dob`, `d`.`Email`, `d`.`Email2`, `d`.`Gender`, `d`.`Gst_Number`, `d`.`Is_Delete`, `d`.`Marital_Status`, `d`.`Name`, `d`.`Pan_Number`, `d`.`Password`, `d`.`Phone1`, `d`.`Phone2`, `d`.`Phone3`, `d`.`Phone4`, `d`.`Qualification`, `d`.`Role`, `d`.`Speciality`, `d`.`Thumb`, `d`.`Updated_At`, `d`.`User_Id`
FROM `Doctors` AS `d`
WHERE `d`.`Id` = @__Id_0
LIMIT 2

2024-07-28 19:42:06.505 +05:30  INF  Executed DbCommand (210ms) [Parameters=[@__p_0='?' (DbType = Int64)], CommandType='"Text"', CommandTimeout='30']
SELECT `p`.`Id`, `p`.`Address_O`, `p`.`Address_Other`, `p`.`Address_R`, `p`.`City_O`, `p`.`City_Other`, `p`.`City_R`, `p`.`Country_O`, `p`.`Country_Other`, `p`.`Country_R`, `p`.`Created_At`, `p`.`Doctor_Name`, `p`.`Email`, `p`.`Email2`, `p`.`Medical_History_Allergies`, `p`.`Patient_Id`, `p`.`Phone`, `p`.`Phone1`, `p`.`Phone2`, `p`.`Phone3`, `p`.`Phone4`, `p`.`Physician`, `p`.`Reffered_By`, `p`.`Relationship_Type`, `p`.`Special_Notes`, `p`.`Updated_At`, `p`.`Zip_O`, `p`.`Zip_Other`, `p`.`Zip_R`
FROM `Patients_Contact` AS `p`
WHERE `p`.`Patient_Id` = @__p_0

2024-07-28 19:42:07.069 +05:30  INF  Executed DbCommand (216ms) [Parameters=[@__Id_0='?' (DbType = Int64)], CommandType='"Text"', CommandTimeout='30']
SELECT `d`.`Id`, `d`.`Age`, `d`.`Blood_Group`, `d`.`Created_At`, `d`.`Dob`, `d`.`Email`, `d`.`Email2`, `d`.`Gender`, `d`.`Gst_Number`, `d`.`Is_Delete`, `d`.`Marital_Status`, `d`.`Name`, `d`.`Pan_Number`, `d`.`Password`, `d`.`Phone1`, `d`.`Phone2`, `d`.`Phone3`, `d`.`Phone4`, `d`.`Qualification`, `d`.`Role`, `d`.`Speciality`, `d`.`Thumb`, `d`.`Updated_At`, `d`.`User_Id`
FROM `Doctors` AS `d`
WHERE `d`.`Id` = @__Id_0
LIMIT 2

2024-07-28 19:42:07.128 +05:30  INF  Executed DbCommand (209ms) [Parameters=[@__p_0='?' (DbType = Int64)], CommandType='"Text"', CommandTimeout='30']
SELECT `p`.`Id`, `p`.`Created_At`, `p`.`Patient_Id`, `p`.`Report`, `p`.`Report_File`, `p`.`Scan_Name`, `p`.`Status`, `p`.`Type`, `p`.`Updated_At`
FROM `Patient_Scans` AS `p`
WHERE `p`.`Patient_Id` = @__p_0

2024-07-28 19:42:07.128 +05:30  INF  Executing ObjectResult, writing value of type 'DCRM.Common.Dto.PatientseDto'.

2024-07-28 19:42:07.128 +05:30  INF  Executed action DCRM.Api.Controllers.PatientController.Get (DCRM.Api) in 3986.3872ms

2024-07-28 19:42:07.128 +05:30  INF  Executed endpoint 'DCRM.Api.Controllers.PatientController.Get (DCRM.Api)'

2024-07-28 19:42:07.128 +05:30  INF  Request finished HTTP/2 GET https://localhost:7069/api/Patient/Get/508 application/json - - 200 - application/json;+charset=utf-8 6964.6460ms

2024-07-28 19:42:07.708 +05:30  INF  Executed DbCommand (215ms) [Parameters=[@__Id_0='?' (DbType = Int64)], CommandType='"Text"', CommandTimeout='30']
SELECT `d`.`Id`, `d`.`Age`, `d`.`Blood_Group`, `d`.`Created_At`, `d`.`Dob`, `d`.`Email`, `d`.`Email2`, `d`.`Gender`, `d`.`Gst_Number`, `d`.`Is_Delete`, `d`.`Marital_Status`, `d`.`Name`, `d`.`Pan_Number`, `d`.`Password`, `d`.`Phone1`, `d`.`Phone2`, `d`.`Phone3`, `d`.`Phone4`, `d`.`Qualification`, `d`.`Role`, `d`.`Speciality`, `d`.`Thumb`, `d`.`Updated_At`, `d`.`User_Id`
FROM `Doctors` AS `d`
WHERE `d`.`Id` = @__Id_0
LIMIT 2

2024-07-28 19:42:08.348 +05:30  INF  Executed DbCommand (213ms) [Parameters=[@__Id_0='?' (DbType = Int64)], CommandType='"Text"', CommandTimeout='30']
SELECT `d`.`Id`, `d`.`Age`, `d`.`Blood_Group`, `d`.`Created_At`, `d`.`Dob`, `d`.`Email`, `d`.`Email2`, `d`.`Gender`, `d`.`Gst_Number`, `d`.`Is_Delete`, `d`.`Marital_Status`, `d`.`Name`, `d`.`Pan_Number`, `d`.`Password`, `d`.`Phone1`, `d`.`Phone2`, `d`.`Phone3`, `d`.`Phone4`, `d`.`Qualification`, `d`.`Role`, `d`.`Speciality`, `d`.`Thumb`, `d`.`Updated_At`, `d`.`User_Id`
FROM `Doctors` AS `d`
WHERE `d`.`Id` = @__Id_0
LIMIT 2

2024-07-28 19:42:08.987 +05:30  INF  Executed DbCommand (213ms) [Parameters=[@__Id_0='?' (DbType = Int64)], CommandType='"Text"', CommandTimeout='30']
SELECT `d`.`Id`, `d`.`Age`, `d`.`Blood_Group`, `d`.`Created_At`, `d`.`Dob`, `d`.`Email`, `d`.`Email2`, `d`.`Gender`, `d`.`Gst_Number`, `d`.`Is_Delete`, `d`.`Marital_Status`, `d`.`Name`, `d`.`Pan_Number`, `d`.`Password`, `d`.`Phone1`, `d`.`Phone2`, `d`.`Phone3`, `d`.`Phone4`, `d`.`Qualification`, `d`.`Role`, `d`.`Speciality`, `d`.`Thumb`, `d`.`Updated_At`, `d`.`User_Id`
FROM `Doctors` AS `d`
WHERE `d`.`Id` = @__Id_0
LIMIT 2

2024-07-28 19:42:09.626 +05:30  INF  Executed DbCommand (214ms) [Parameters=[@__Id_0='?' (DbType = Int64)], CommandType='"Text"', CommandTimeout='30']
SELECT `d`.`Id`, `d`.`Age`, `d`.`Blood_Group`, `d`.`Created_At`, `d`.`Dob`, `d`.`Email`, `d`.`Email2`, `d`.`Gender`, `d`.`Gst_Number`, `d`.`Is_Delete`, `d`.`Marital_Status`, `d`.`Name`, `d`.`Pan_Number`, `d`.`Password`, `d`.`Phone1`, `d`.`Phone2`, `d`.`Phone3`, `d`.`Phone4`, `d`.`Qualification`, `d`.`Role`, `d`.`Speciality`, `d`.`Thumb`, `d`.`Updated_At`, `d`.`User_Id`
FROM `Doctors` AS `d`
WHERE `d`.`Id` = @__Id_0
LIMIT 2

2024-07-28 19:42:10.265 +05:30  INF  Executed DbCommand (215ms) [Parameters=[@__Id_0='?' (DbType = Int64)], CommandType='"Text"', CommandTimeout='30']
SELECT `d`.`Id`, `d`.`Age`, `d`.`Blood_Group`, `d`.`Created_At`, `d`.`Dob`, `d`.`Email`, `d`.`Email2`, `d`.`Gender`, `d`.`Gst_Number`, `d`.`Is_Delete`, `d`.`Marital_Status`, `d`.`Name`, `d`.`Pan_Number`, `d`.`Password`, `d`.`Phone1`, `d`.`Phone2`, `d`.`Phone3`, `d`.`Phone4`, `d`.`Qualification`, `d`.`Role`, `d`.`Speciality`, `d`.`Thumb`, `d`.`Updated_At`, `d`.`User_Id`
FROM `Doctors` AS `d`
WHERE `d`.`Id` = @__Id_0
LIMIT 2

2024-07-28 19:42:10.906 +05:30  INF  Executed DbCommand (216ms) [Parameters=[@__Id_0='?' (DbType = Int64)], CommandType='"Text"', CommandTimeout='30']
SELECT `d`.`Id`, `d`.`Age`, `d`.`Blood_Group`, `d`.`Created_At`, `d`.`Dob`, `d`.`Email`, `d`.`Email2`, `d`.`Gender`, `d`.`Gst_Number`, `d`.`Is_Delete`, `d`.`Marital_Status`, `d`.`Name`, `d`.`Pan_Number`, `d`.`Password`, `d`.`Phone1`, `d`.`Phone2`, `d`.`Phone3`, `d`.`Phone4`, `d`.`Qualification`, `d`.`Role`, `d`.`Speciality`, `d`.`Thumb`, `d`.`Updated_At`, `d`.`User_Id`
FROM `Doctors` AS `d`
WHERE `d`.`Id` = @__Id_0
LIMIT 2

2024-07-28 19:42:11.547 +05:30  INF  Executed DbCommand (215ms) [Parameters=[@__Id_0='?' (DbType = Int64)], CommandType='"Text"', CommandTimeout='30']
SELECT `d`.`Id`, `d`.`Age`, `d`.`Blood_Group`, `d`.`Created_At`, `d`.`Dob`, `d`.`Email`, `d`.`Email2`, `d`.`Gender`, `d`.`Gst_Number`, `d`.`Is_Delete`, `d`.`Marital_Status`, `d`.`Name`, `d`.`Pan_Number`, `d`.`Password`, `d`.`Phone1`, `d`.`Phone2`, `d`.`Phone3`, `d`.`Phone4`, `d`.`Qualification`, `d`.`Role`, `d`.`Speciality`, `d`.`Thumb`, `d`.`Updated_At`, `d`.`User_Id`
FROM `Doctors` AS `d`
WHERE `d`.`Id` = @__Id_0
LIMIT 2

2024-07-28 19:42:12.197 +05:30  INF  Executed DbCommand (226ms) [Parameters=[@__Id_0='?' (DbType = Int64)], CommandType='"Text"', CommandTimeout='30']
SELECT `d`.`Id`, `d`.`Age`, `d`.`Blood_Group`, `d`.`Created_At`, `d`.`Dob`, `d`.`Email`, `d`.`Email2`, `d`.`Gender`, `d`.`Gst_Number`, `d`.`Is_Delete`, `d`.`Marital_Status`, `d`.`Name`, `d`.`Pan_Number`, `d`.`Password`, `d`.`Phone1`, `d`.`Phone2`, `d`.`Phone3`, `d`.`Phone4`, `d`.`Qualification`, `d`.`Role`, `d`.`Speciality`, `d`.`Thumb`, `d`.`Updated_At`, `d`.`User_Id`
FROM `Doctors` AS `d`
WHERE `d`.`Id` = @__Id_0
LIMIT 2

2024-07-28 19:42:12.858 +05:30  INF  Executed DbCommand (225ms) [Parameters=[@__Id_0='?' (DbType = Int64)], CommandType='"Text"', CommandTimeout='30']
SELECT `d`.`Id`, `d`.`Age`, `d`.`Blood_Group`, `d`.`Created_At`, `d`.`Dob`, `d`.`Email`, `d`.`Email2`, `d`.`Gender`, `d`.`Gst_Number`, `d`.`Is_Delete`, `d`.`Marital_Status`, `d`.`Name`, `d`.`Pan_Number`, `d`.`Password`, `d`.`Phone1`, `d`.`Phone2`, `d`.`Phone3`, `d`.`Phone4`, `d`.`Qualification`, `d`.`Role`, `d`.`Speciality`, `d`.`Thumb`, `d`.`Updated_At`, `d`.`User_Id`
FROM `Doctors` AS `d`
WHERE `d`.`Id` = @__Id_0
LIMIT 2

2024-07-28 19:42:13.498 +05:30  INF  Executed DbCommand (214ms) [Parameters=[@__Id_0='?' (DbType = Int64)], CommandType='"Text"', CommandTimeout='30']
SELECT `d`.`Id`, `d`.`Age`, `d`.`Blood_Group`, `d`.`Created_At`, `d`.`Dob`, `d`.`Email`, `d`.`Email2`, `d`.`Gender`, `d`.`Gst_Number`, `d`.`Is_Delete`, `d`.`Marital_Status`, `d`.`Name`, `d`.`Pan_Number`, `d`.`Password`, `d`.`Phone1`, `d`.`Phone2`, `d`.`Phone3`, `d`.`Phone4`, `d`.`Qualification`, `d`.`Role`, `d`.`Speciality`, `d`.`Thumb`, `d`.`Updated_At`, `d`.`User_Id`
FROM `Doctors` AS `d`
WHERE `d`.`Id` = @__Id_0
LIMIT 2

2024-07-28 19:42:14.134 +05:30  INF  Executed DbCommand (212ms) [Parameters=[@__Id_0='?' (DbType = Int64)], CommandType='"Text"', CommandTimeout='30']
SELECT `d`.`Id`, `d`.`Age`, `d`.`Blood_Group`, `d`.`Created_At`, `d`.`Dob`, `d`.`Email`, `d`.`Email2`, `d`.`Gender`, `d`.`Gst_Number`, `d`.`Is_Delete`, `d`.`Marital_Status`, `d`.`Name`, `d`.`Pan_Number`, `d`.`Password`, `d`.`Phone1`, `d`.`Phone2`, `d`.`Phone3`, `d`.`Phone4`, `d`.`Qualification`, `d`.`Role`, `d`.`Speciality`, `d`.`Thumb`, `d`.`Updated_At`, `d`.`User_Id`
FROM `Doctors` AS `d`
WHERE `d`.`Id` = @__Id_0
LIMIT 2

2024-07-28 19:42:14.775 +05:30  INF  Executed DbCommand (216ms) [Parameters=[@__Id_0='?' (DbType = Int64)], CommandType='"Text"', CommandTimeout='30']
SELECT `d`.`Id`, `d`.`Age`, `d`.`Blood_Group`, `d`.`Created_At`, `d`.`Dob`, `d`.`Email`, `d`.`Email2`, `d`.`Gender`, `d`.`Gst_Number`, `d`.`Is_Delete`, `d`.`Marital_Status`, `d`.`Name`, `d`.`Pan_Number`, `d`.`Password`, `d`.`Phone1`, `d`.`Phone2`, `d`.`Phone3`, `d`.`Phone4`, `d`.`Qualification`, `d`.`Role`, `d`.`Speciality`, `d`.`Thumb`, `d`.`Updated_At`, `d`.`User_Id`
FROM `Doctors` AS `d`
WHERE `d`.`Id` = @__Id_0
LIMIT 2

2024-07-28 19:42:15.417 +05:30  INF  Executed DbCommand (214ms) [Parameters=[@__Id_0='?' (DbType = Int64)], CommandType='"Text"', CommandTimeout='30']
SELECT `d`.`Id`, `d`.`Age`, `d`.`Blood_Group`, `d`.`Created_At`, `d`.`Dob`, `d`.`Email`, `d`.`Email2`, `d`.`Gender`, `d`.`Gst_Number`, `d`.`Is_Delete`, `d`.`Marital_Status`, `d`.`Name`, `d`.`Pan_Number`, `d`.`Password`, `d`.`Phone1`, `d`.`Phone2`, `d`.`Phone3`, `d`.`Phone4`, `d`.`Qualification`, `d`.`Role`, `d`.`Speciality`, `d`.`Thumb`, `d`.`Updated_At`, `d`.`User_Id`
FROM `Doctors` AS `d`
WHERE `d`.`Id` = @__Id_0
LIMIT 2

2024-07-28 19:42:16.059 +05:30  INF  Executed DbCommand (215ms) [Parameters=[@__Id_0='?' (DbType = Int64)], CommandType='"Text"', CommandTimeout='30']
SELECT `d`.`Id`, `d`.`Age`, `d`.`Blood_Group`, `d`.`Created_At`, `d`.`Dob`, `d`.`Email`, `d`.`Email2`, `d`.`Gender`, `d`.`Gst_Number`, `d`.`Is_Delete`, `d`.`Marital_Status`, `d`.`Name`, `d`.`Pan_Number`, `d`.`Password`, `d`.`Phone1`, `d`.`Phone2`, `d`.`Phone3`, `d`.`Phone4`, `d`.`Qualification`, `d`.`Role`, `d`.`Speciality`, `d`.`Thumb`, `d`.`Updated_At`, `d`.`User_Id`
FROM `Doctors` AS `d`
WHERE `d`.`Id` = @__Id_0
LIMIT 2

2024-07-28 19:42:16.059 +05:30  INF  Executing ObjectResult, writing value of type 'System.Collections.Generic.List`1[[DCRM.Common.Dto.ChairDto, DCRM.Common, Version=1.0.0.0, Culture=neutral, PublicKeyToken=null]]'.

2024-07-28 19:42:16.059 +05:30  INF  Executed action DCRM.Api.Controllers.ChairController.GetAll (DCRM.Api) in 12847.2005ms

2024-07-28 19:42:16.059 +05:30  INF  Executed endpoint 'DCRM.Api.Controllers.ChairController.GetAll (DCRM.Api)'

2024-07-28 19:42:16.059 +05:30  INF  Request finished HTTP/2 GET https://localhost:7069/api/Chair/GetAll application/json - - 200 - application/json;+charset=utf-8 15895.6401ms

