2023-10-05 14:24:32.075 +05:30  INF  User profile is available. Using 'C:\Users\91812\AppData\Local\ASP.NET\DataProtection-Keys' as key repository and Windows DPAPI to encrypt keys at rest.
2023-10-05 14:24:32.101 +05:30  INF  Creating key {32073c0f-2a25-4aa9-8f05-529f75bc05de} with creation date 2023-10-05 08:54:32Z, activation date 2023-10-05 08:54:32Z, and expiration date 2024-01-03 08:54:32Z.
2023-10-05 14:24:32.111 +05:30  INF  Writing data to file 'C:\Users\91812\AppData\Local\ASP.NET\DataProtection-Keys\key-32073c0f-2a25-4aa9-8f05-529f75bc05de.xml'.
2023-10-05 14:24:32.345 +05:30  INF  Now listening on: https://localhost:7069
2023-10-05 14:24:32.345 +05:30  INF  Now listening on: http://localhost:5069
2023-10-05 14:24:32.347 +05:30  INF  Application started. Press Ctrl+C to shut down.
2023-10-05 14:24:32.347 +05:30  INF  Hosting environment: Development
2023-10-05 14:24:32.347 +05:30  INF  Content root path: D:\ez-technologies\virmani_dotnet\DCRM.Api\
2023-10-05 14:24:45.023 +05:30  INF  Request starting HTTP/2 GET https://localhost:7069/swagger - -
2023-10-05 14:24:45.112 +05:30  INF  Request finished HTTP/2 GET https://localhost:7069/swagger - - - 301 0 - 91.0698ms
2023-10-05 14:24:45.114 +05:30  INF  Request starting HTTP/2 GET https://localhost:7069/swagger/index.html - -
2023-10-05 14:24:45.369 +05:30  INF  Request finished HTTP/2 GET https://localhost:7069/swagger/index.html - - - 200 - text/html;charset=utf-8 255.0072ms
2023-10-05 14:24:45.384 +05:30  INF  Request starting HTTP/2 GET https://localhost:7069/swagger/swagger-ui.css - -
2023-10-05 14:24:45.384 +05:30  INF  Request starting HTTP/2 GET https://localhost:7069/swagger/swagger-ui-bundle.js - -
2023-10-05 14:24:45.384 +05:30  INF  Request starting HTTP/2 GET https://localhost:7069/swagger/swagger-ui-standalone-preset.js - -
2023-10-05 14:24:45.384 +05:30  INF  Request starting HTTP/2 GET https://localhost:7069/_vs/browserLink - -
2023-10-05 14:24:45.384 +05:30  INF  Request starting HTTP/2 GET https://localhost:7069/_framework/aspnetcore-browser-refresh.js - -
2023-10-05 14:24:45.386 +05:30  INF  Request finished HTTP/2 GET https://localhost:7069/_framework/aspnetcore-browser-refresh.js - - - 200 12348 application/javascript;+charset=utf-8 1.6919ms
2023-10-05 14:24:45.393 +05:30  INF  Sending file. Request path: '/swagger-ui.css'. Physical path: 'N/A'
2023-10-05 14:24:45.393 +05:30  INF  Sending file. Request path: '/swagger-ui-standalone-preset.js'. Physical path: 'N/A'
2023-10-05 14:24:45.394 +05:30  INF  Request finished HTTP/2 GET https://localhost:7069/swagger/swagger-ui.css - - - 200 143632 text/css 9.6486ms
2023-10-05 14:24:45.394 +05:30  INF  Request finished HTTP/2 GET https://localhost:7069/swagger/swagger-ui-standalone-preset.js - - - 200 337162 application/javascript 9.6541ms
2023-10-05 14:24:45.397 +05:30  INF  Sending file. Request path: '/swagger-ui-bundle.js'. Physical path: 'N/A'
2023-10-05 14:24:45.398 +05:30  INF  Request finished HTTP/2 GET https://localhost:7069/swagger/swagger-ui-bundle.js - - - 200 1092889 application/javascript 13.4989ms
2023-10-05 14:24:45.418 +05:30  INF  Request finished HTTP/2 GET https://localhost:7069/_vs/browserLink - - - 200 - text/javascript;+charset=UTF-8 33.9855ms
2023-10-05 14:24:45.493 +05:30  INF  Request starting HTTP/2 GET https://localhost:7069/swagger/favicon-32x32.png - -
2023-10-05 14:24:45.493 +05:30  INF  Sending file. Request path: '/favicon-32x32.png'. Physical path: 'N/A'
2023-10-05 14:24:45.494 +05:30  INF  Request finished HTTP/2 GET https://localhost:7069/swagger/favicon-32x32.png - - - 200 628 image/png 0.4818ms
2023-10-05 14:24:45.521 +05:30  INF  Request starting HTTP/2 GET https://localhost:7069/swagger/v1/swagger.json - -
2023-10-05 14:24:45.617 +05:30  INF  Request finished HTTP/2 GET https://localhost:7069/swagger/v1/swagger.json - - - 200 - application/json;charset=utf-8 95.6279ms
2023-10-05 16:12:38.047 +05:30  INF  User profile is available. Using 'C:\Users\91812\AppData\Local\ASP.NET\DataProtection-Keys' as key repository and Windows DPAPI to encrypt keys at rest.
2023-10-05 16:12:38.561 +05:30  INF  Now listening on: https://localhost:7069
2023-10-05 16:12:38.562 +05:30  INF  Now listening on: http://localhost:5069
2023-10-05 16:12:38.567 +05:30  INF  Application started. Press Ctrl+C to shut down.
2023-10-05 16:12:38.568 +05:30  INF  Hosting environment: Development
2023-10-05 16:12:38.572 +05:30  INF  Content root path: D:\ez-technologies\virmani_dotnet\DCRM.Api\
2023-10-05 16:12:39.700 +05:30  INF  Request starting HTTP/2 GET https://localhost:7069/swagger/index.html - -
2023-10-05 16:12:40.227 +05:30  INF  Request finished HTTP/2 GET https://localhost:7069/swagger/index.html - - - 200 - text/html;charset=utf-8 531.3122ms
2023-10-05 16:12:40.360 +05:30  INF  Request starting HTTP/2 GET https://localhost:7069/_vs/browserLink - -
2023-10-05 16:12:40.367 +05:30  INF  Request starting HTTP/2 GET https://localhost:7069/_framework/aspnetcore-browser-refresh.js - -
2023-10-05 16:12:40.407 +05:30  INF  Request finished HTTP/2 GET https://localhost:7069/_framework/aspnetcore-browser-refresh.js - - - 200 12348 application/javascript;+charset=utf-8 31.8217ms
2023-10-05 16:12:40.484 +05:30  INF  Request finished HTTP/2 GET https://localhost:7069/_vs/browserLink - - - 200 - text/javascript;+charset=UTF-8 124.0746ms
2023-10-05 16:12:40.670 +05:30  INF  Request starting HTTP/2 GET https://localhost:7069/swagger/favicon-32x32.png - -
2023-10-05 16:12:40.689 +05:30  INF  Sending file. Request path: '/favicon-32x32.png'. Physical path: 'N/A'
2023-10-05 16:12:40.689 +05:30  INF  Request finished HTTP/2 GET https://localhost:7069/swagger/favicon-32x32.png - - - 0 628 image/png 19.2540ms
2023-10-05 16:12:40.724 +05:30  INF  Request starting HTTP/2 GET https://localhost:7069/swagger/v1/swagger.json - -
2023-10-05 16:12:40.935 +05:30  INF  Request finished HTTP/2 GET https://localhost:7069/swagger/v1/swagger.json - - - 200 - application/json;charset=utf-8 210.8507ms
2023-10-05 16:13:11.173 +05:30  INF  Request starting HTTP/2 POST https://localhost:7069/api/Authenticate/user application/json 57
2023-10-05 16:13:11.187 +05:30  INF  CORS policy execution successful.
2023-10-05 16:13:14.144 +05:30  INF  Executing endpoint 'DCRM.Api.Controllers.AuthenticateController.Post (DCRM.Api)'
2023-10-05 16:13:14.188 +05:30  INF  Route matched with {action = "Post", controller = "Authenticate"}. Executing controller action with signature Microsoft.AspNetCore.Mvc.IActionResult Post(System.String, DCRM.Common.AuthenticateRequest) on controller DCRM.Api.Controllers.AuthenticateController (DCRM.Api).
2023-10-05 16:13:15.980 +05:30  INF  Executed DbCommand (21ms) [Parameters=[@__authenticateRequest_Email_0='?' (Size = 4000), @__authenticateRequest_Password_1='?' (Size = 4000)], CommandType='"Text"', CommandTimeout='30']
SELECT `u`.`Id`, `u`.`About_Me`, `u`.`Account_Type`, `u`.`Address`, `u`.`Available_Days`, `u`.`Bn_Name`, `u`.`City`, `u`.`Country`, `u`.`Created_At`, `u`.`Currency`, `u`.`Degree`, `u`.`Email`, `u`.`Email_Verified`, `u`.`Enable_Appointment`, `u`.`Enable_Rating`, `u`.`Exp_Years`, `u`.`Facebook`, `u`.`Google_Analytics`, `u`.`Image`, `u`.`Instagram`, `u`.`Linkedin`, `u`.`Name`, `u`.`Parent_Id`, `u`.`Password`, `u`.`Paypal_Email`, `u`.`Paypal_Mode`, `u`.`Paypal_Payment`, `u`.`Paystack_Payment`, `u`.`Paystack_Public_Key`, `u`.`Paystack_Secret_Key`, `u`.`Phone`, `u`.`Publish_Key`, `u`.`Qr_Code`, `u`.`Razorpay_Key_Id`, `u`.`Razorpay_Key_Secret`, `u`.`Razorpay_Payment`, `u`.`Role`, `u`.`Secret_Key`, `u`.`Skype`, `u`.`Slug`, `u`.`Specialist`, `u`.`Status`, `u`.`Stripe_Payment`, `u`.`Thumb`, `u`.`Trial_Expire`, `u`.`Twitter`, `u`.`User_Name`, `u`.`User_Type`, `u`.`Verify_Code`, `u`.`Whatsapp`
FROM `Users` AS `u`
WHERE ((`u`.`Status` = 1) AND (`u`.`Email` = @__authenticateRequest_Email_0)) AND (`u`.`Password` = @__authenticateRequest_Password_1)
LIMIT 2
2023-10-05 16:13:32.476 +05:30  INF  Executed action DCRM.Api.Controllers.AuthenticateController.Post (DCRM.Api) in 18279.2374ms
2023-10-05 16:13:32.479 +05:30  INF  Executed endpoint 'DCRM.Api.Controllers.AuthenticateController.Post (DCRM.Api)'
2023-10-05 16:13:32.561 +05:30  INF  Request finished HTTP/2 POST https://localhost:7069/api/Authenticate/user application/json 57 - 400 - application/json 21387.9472ms
2023-10-05 16:14:24.794 +05:30  INF  Request starting HTTP/2 POST https://localhost:7069/api/Authenticate/user application/json 57
2023-10-05 16:14:24.799 +05:30  INF  CORS policy execution successful.
2023-10-05 16:14:24.863 +05:30  INF  Executing endpoint 'DCRM.Api.Controllers.AuthenticateController.Post (DCRM.Api)'
2023-10-05 16:14:24.863 +05:30  INF  Route matched with {action = "Post", controller = "Authenticate"}. Executing controller action with signature Microsoft.AspNetCore.Mvc.IActionResult Post(System.String, DCRM.Common.AuthenticateRequest) on controller DCRM.Api.Controllers.AuthenticateController (DCRM.Api).
2023-10-05 16:14:24.876 +05:30  INF  Executed DbCommand (1ms) [Parameters=[@__authenticateRequest_Email_0='?' (Size = 4000), @__authenticateRequest_Password_1='?' (Size = 4000)], CommandType='"Text"', CommandTimeout='30']
SELECT `u`.`Id`, `u`.`About_Me`, `u`.`Account_Type`, `u`.`Address`, `u`.`Available_Days`, `u`.`Bn_Name`, `u`.`City`, `u`.`Country`, `u`.`Created_At`, `u`.`Currency`, `u`.`Degree`, `u`.`Email`, `u`.`Email_Verified`, `u`.`Enable_Appointment`, `u`.`Enable_Rating`, `u`.`Exp_Years`, `u`.`Facebook`, `u`.`Google_Analytics`, `u`.`Image`, `u`.`Instagram`, `u`.`Linkedin`, `u`.`Name`, `u`.`Parent_Id`, `u`.`Password`, `u`.`Paypal_Email`, `u`.`Paypal_Mode`, `u`.`Paypal_Payment`, `u`.`Paystack_Payment`, `u`.`Paystack_Public_Key`, `u`.`Paystack_Secret_Key`, `u`.`Phone`, `u`.`Publish_Key`, `u`.`Qr_Code`, `u`.`Razorpay_Key_Id`, `u`.`Razorpay_Key_Secret`, `u`.`Razorpay_Payment`, `u`.`Role`, `u`.`Secret_Key`, `u`.`Skype`, `u`.`Slug`, `u`.`Specialist`, `u`.`Status`, `u`.`Stripe_Payment`, `u`.`Thumb`, `u`.`Trial_Expire`, `u`.`Twitter`, `u`.`User_Name`, `u`.`User_Type`, `u`.`Verify_Code`, `u`.`Whatsapp`
FROM `Users` AS `u`
WHERE ((`u`.`Status` = 1) AND (`u`.`Email` = @__authenticateRequest_Email_0)) AND (`u`.`Password` = @__authenticateRequest_Password_1)
LIMIT 2
2023-10-05 16:14:37.853 +05:30  INF  Executed action DCRM.Api.Controllers.AuthenticateController.Post (DCRM.Api) in 12990.1268ms
2023-10-05 16:14:37.854 +05:30  INF  Executed endpoint 'DCRM.Api.Controllers.AuthenticateController.Post (DCRM.Api)'
2023-10-05 16:14:37.895 +05:30  INF  Request finished HTTP/2 POST https://localhost:7069/api/Authenticate/user application/json 57 - 400 - application/json 13100.7211ms
2023-10-05 16:18:27.106 +05:30  INF  Request starting HTTP/2 POST https://localhost:7069/api/Authenticate/user application/json 57
2023-10-05 16:18:27.107 +05:30  INF  CORS policy execution successful.
2023-10-05 16:18:27.138 +05:30  INF  Executing endpoint 'DCRM.Api.Controllers.AuthenticateController.Post (DCRM.Api)'
2023-10-05 16:18:27.138 +05:30  INF  Route matched with {action = "Post", controller = "Authenticate"}. Executing controller action with signature Microsoft.AspNetCore.Mvc.IActionResult Post(System.String, DCRM.Common.AuthenticateRequest) on controller DCRM.Api.Controllers.AuthenticateController (DCRM.Api).
2023-10-05 16:18:27.143 +05:30  INF  Executed DbCommand (1ms) [Parameters=[@__authenticateRequest_Email_0='?' (Size = 4000), @__authenticateRequest_Password_1='?' (Size = 4000)], CommandType='"Text"', CommandTimeout='30']
SELECT `u`.`Id`, `u`.`About_Me`, `u`.`Account_Type`, `u`.`Address`, `u`.`Available_Days`, `u`.`Bn_Name`, `u`.`City`, `u`.`Country`, `u`.`Created_At`, `u`.`Currency`, `u`.`Degree`, `u`.`Email`, `u`.`Email_Verified`, `u`.`Enable_Appointment`, `u`.`Enable_Rating`, `u`.`Exp_Years`, `u`.`Facebook`, `u`.`Google_Analytics`, `u`.`Image`, `u`.`Instagram`, `u`.`Linkedin`, `u`.`Name`, `u`.`Parent_Id`, `u`.`Password`, `u`.`Paypal_Email`, `u`.`Paypal_Mode`, `u`.`Paypal_Payment`, `u`.`Paystack_Payment`, `u`.`Paystack_Public_Key`, `u`.`Paystack_Secret_Key`, `u`.`Phone`, `u`.`Publish_Key`, `u`.`Qr_Code`, `u`.`Razorpay_Key_Id`, `u`.`Razorpay_Key_Secret`, `u`.`Razorpay_Payment`, `u`.`Role`, `u`.`Secret_Key`, `u`.`Skype`, `u`.`Slug`, `u`.`Specialist`, `u`.`Status`, `u`.`Stripe_Payment`, `u`.`Thumb`, `u`.`Trial_Expire`, `u`.`Twitter`, `u`.`User_Name`, `u`.`User_Type`, `u`.`Verify_Code`, `u`.`Whatsapp`
FROM `Users` AS `u`
WHERE ((`u`.`Status` = 1) AND (`u`.`Email` = @__authenticateRequest_Email_0)) AND (`u`.`Password` = @__authenticateRequest_Password_1)
LIMIT 2
2023-10-05 16:18:27.656 +05:30  INF  Executing OkObjectResult, writing value of type 'DCRM.Common.AuthenticateResponse'.
2023-10-05 16:18:27.675 +05:30  INF  Executed action DCRM.Api.Controllers.AuthenticateController.Post (DCRM.Api) in 536.1707ms
2023-10-05 16:18:27.675 +05:30  INF  Executed endpoint 'DCRM.Api.Controllers.AuthenticateController.Post (DCRM.Api)'
2023-10-05 16:18:27.675 +05:30  INF  Request finished HTTP/2 POST https://localhost:7069/api/Authenticate/user application/json 57 - 200 - application/json;+charset=utf-8 568.9139ms
2023-10-05 16:18:57.990 +05:30  INF  Request starting HTTP/2 GET https://localhost:7069/api/Appointment/GetAll - -
2023-10-05 16:18:58.233 +05:30  INF  Executed DbCommand (22ms) [Parameters=[@__id_0='?' (DbType = Int32)], CommandType='"Text"', CommandTimeout='30']
SELECT `u`.`Id`, `u`.`About_Me`, `u`.`Account_Type`, `u`.`Address`, `u`.`Available_Days`, `u`.`Bn_Name`, `u`.`City`, `u`.`Country`, `u`.`Created_At`, `u`.`Currency`, `u`.`Degree`, `u`.`Email`, `u`.`Email_Verified`, `u`.`Enable_Appointment`, `u`.`Enable_Rating`, `u`.`Exp_Years`, `u`.`Facebook`, `u`.`Google_Analytics`, `u`.`Image`, `u`.`Instagram`, `u`.`Linkedin`, `u`.`Name`, `u`.`Parent_Id`, `u`.`Password`, `u`.`Paypal_Email`, `u`.`Paypal_Mode`, `u`.`Paypal_Payment`, `u`.`Paystack_Payment`, `u`.`Paystack_Public_Key`, `u`.`Paystack_Secret_Key`, `u`.`Phone`, `u`.`Publish_Key`, `u`.`Qr_Code`, `u`.`Razorpay_Key_Id`, `u`.`Razorpay_Key_Secret`, `u`.`Razorpay_Payment`, `u`.`Role`, `u`.`Secret_Key`, `u`.`Skype`, `u`.`Slug`, `u`.`Specialist`, `u`.`Status`, `u`.`Stripe_Payment`, `u`.`Thumb`, `u`.`Trial_Expire`, `u`.`Twitter`, `u`.`User_Name`, `u`.`User_Type`, `u`.`Verify_Code`, `u`.`Whatsapp`
FROM `Users` AS `u`
WHERE `u`.`Id` = @__id_0
LIMIT 1
2023-10-05 16:18:58.259 +05:30  INF  Executing endpoint 'DCRM.Api.Controllers.AppointmentController.GetAll (DCRM.Api)'
2023-10-05 16:18:58.260 +05:30  INF  Route matched with {action = "GetAll", controller = "Appointment"}. Executing controller action with signature System.Collections.Generic.IEnumerable`1[DCRM.Common.Entity.Appointment] GetAll() on controller DCRM.Api.Controllers.AppointmentController (DCRM.Api).
2023-10-05 16:19:13.160 +05:30  INF  Executing ObjectResult, writing value of type 'System.Linq.Enumerable+WhereEnumerableIterator`1[[DCRM.Common.Entity.Appointment, DCRM.Common, Version=1.0.0.0, Culture=neutral, PublicKeyToken=null]]'.
2023-10-05 16:19:13.210 +05:30  INF  Executed DbCommand (2ms) [Parameters=[], CommandType='"Text"', CommandTimeout='30']
SELECT `a`.`Id`, `a`.`Appointment_Status`, `a`.`Cause`, `a`.`Chair`, `a`.`Chamber_Id`, `a`.`Created_At`, `a`.`Date`, `a`.`Doctor_Id`, `a`.`Doctor_Name`, `a`.`End_Time`, `a`.`Extra_Notes`, `a`.`Files`, `a`.`Is_Delete`, `a`.`Is_Start`, `a`.`Meeting_Notes`, `a`.`Number_Of_Slot`, `a`.`Patient_Id`, `a`.`Prescription_Id`, `a`.`Serial_Id`, `a`.`Slot_Time`, `a`.`Start_Time`, `a`.`Status`, `a`.`Type`, `a`.`User_Id`
FROM `Appointments` AS `a`
WHERE `a`.`Is_Delete` = 0
2023-10-05 16:19:13.333 +05:30  INF  Executed action DCRM.Api.Controllers.AppointmentController.GetAll (DCRM.Api) in 15072.6365ms
2023-10-05 16:19:13.333 +05:30  INF  Executed endpoint 'DCRM.Api.Controllers.AppointmentController.GetAll (DCRM.Api)'
2023-10-05 16:19:13.333 +05:30  INF  Request finished HTTP/2 GET https://localhost:7069/api/Appointment/GetAll - - - 200 - application/json;+charset=utf-8 15342.7508ms
2023-10-05 16:40:19.516 +05:30  INF  Request starting HTTP/2 OPTIONS https://localhost:7069/api/Authenticate/user - -
2023-10-05 16:40:19.517 +05:30  INF  CORS policy execution successful.
2023-10-05 16:40:19.519 +05:30  INF  Request finished HTTP/2 OPTIONS https://localhost:7069/api/Authenticate/user - - - 204 - - 3.1034ms
2023-10-05 16:40:19.531 +05:30  INF  Request starting HTTP/2 POST https://localhost:7069/api/Authenticate/user application/json 48
2023-10-05 16:40:19.531 +05:30  INF  CORS policy execution successful.
2023-10-05 16:40:19.533 +05:30  INF  Executing endpoint 'DCRM.Api.Controllers.AuthenticateController.Post (DCRM.Api)'
2023-10-05 16:40:19.533 +05:30  INF  Route matched with {action = "Post", controller = "Authenticate"}. Executing controller action with signature Microsoft.AspNetCore.Mvc.IActionResult Post(System.String, DCRM.Common.AuthenticateRequest) on controller DCRM.Api.Controllers.AuthenticateController (DCRM.Api).
2023-10-05 16:40:19.570 +05:30  INF  Executed DbCommand (1ms) [Parameters=[@__authenticateRequest_Email_0='?' (Size = 4000), @__authenticateRequest_Password_1='?' (Size = 4000)], CommandType='"Text"', CommandTimeout='30']
SELECT `u`.`Id`, `u`.`About_Me`, `u`.`Account_Type`, `u`.`Address`, `u`.`Available_Days`, `u`.`Bn_Name`, `u`.`City`, `u`.`Country`, `u`.`Created_At`, `u`.`Currency`, `u`.`Degree`, `u`.`Email`, `u`.`Email_Verified`, `u`.`Enable_Appointment`, `u`.`Enable_Rating`, `u`.`Exp_Years`, `u`.`Facebook`, `u`.`Google_Analytics`, `u`.`Image`, `u`.`Instagram`, `u`.`Linkedin`, `u`.`Name`, `u`.`Parent_Id`, `u`.`Password`, `u`.`Paypal_Email`, `u`.`Paypal_Mode`, `u`.`Paypal_Payment`, `u`.`Paystack_Payment`, `u`.`Paystack_Public_Key`, `u`.`Paystack_Secret_Key`, `u`.`Phone`, `u`.`Publish_Key`, `u`.`Qr_Code`, `u`.`Razorpay_Key_Id`, `u`.`Razorpay_Key_Secret`, `u`.`Razorpay_Payment`, `u`.`Role`, `u`.`Secret_Key`, `u`.`Skype`, `u`.`Slug`, `u`.`Specialist`, `u`.`Status`, `u`.`Stripe_Payment`, `u`.`Thumb`, `u`.`Trial_Expire`, `u`.`Twitter`, `u`.`User_Name`, `u`.`User_Type`, `u`.`Verify_Code`, `u`.`Whatsapp`
FROM `Users` AS `u`
WHERE ((`u`.`Status` = 1) AND (`u`.`Email` = @__authenticateRequest_Email_0)) AND (`u`.`Password` = @__authenticateRequest_Password_1)
LIMIT 2
2023-10-05 16:40:19.571 +05:30  INF  Executing OkObjectResult, writing value of type 'DCRM.Common.AuthenticateResponse'.
2023-10-05 16:40:19.571 +05:30  INF  Executed action DCRM.Api.Controllers.AuthenticateController.Post (DCRM.Api) in 38.0564ms
2023-10-05 16:40:19.571 +05:30  INF  Executed endpoint 'DCRM.Api.Controllers.AuthenticateController.Post (DCRM.Api)'
2023-10-05 16:40:19.571 +05:30  INF  Request finished HTTP/2 POST https://localhost:7069/api/Authenticate/user application/json 48 - 200 - application/json;+charset=utf-8 40.2490ms
2023-10-05 16:40:21.636 +05:30  INF  Request starting HTTP/2 OPTIONS https://localhost:7069/api/Dashboard/Get - -
2023-10-05 16:40:21.637 +05:30  INF  CORS policy execution successful.
2023-10-05 16:40:21.637 +05:30  INF  Request finished HTTP/2 OPTIONS https://localhost:7069/api/Dashboard/Get - - - 204 - - 0.8264ms
2023-10-05 16:40:21.639 +05:30  INF  Request starting HTTP/2 GET https://localhost:7069/api/Dashboard/Get application/json -
2023-10-05 16:40:21.639 +05:30  INF  CORS policy execution successful.
2023-10-05 16:40:21.657 +05:30  INF  Executed DbCommand (2ms) [Parameters=[@__id_0='?' (DbType = Int32)], CommandType='"Text"', CommandTimeout='30']
SELECT `u`.`Id`, `u`.`About_Me`, `u`.`Account_Type`, `u`.`Address`, `u`.`Available_Days`, `u`.`Bn_Name`, `u`.`City`, `u`.`Country`, `u`.`Created_At`, `u`.`Currency`, `u`.`Degree`, `u`.`Email`, `u`.`Email_Verified`, `u`.`Enable_Appointment`, `u`.`Enable_Rating`, `u`.`Exp_Years`, `u`.`Facebook`, `u`.`Google_Analytics`, `u`.`Image`, `u`.`Instagram`, `u`.`Linkedin`, `u`.`Name`, `u`.`Parent_Id`, `u`.`Password`, `u`.`Paypal_Email`, `u`.`Paypal_Mode`, `u`.`Paypal_Payment`, `u`.`Paystack_Payment`, `u`.`Paystack_Public_Key`, `u`.`Paystack_Secret_Key`, `u`.`Phone`, `u`.`Publish_Key`, `u`.`Qr_Code`, `u`.`Razorpay_Key_Id`, `u`.`Razorpay_Key_Secret`, `u`.`Razorpay_Payment`, `u`.`Role`, `u`.`Secret_Key`, `u`.`Skype`, `u`.`Slug`, `u`.`Specialist`, `u`.`Status`, `u`.`Stripe_Payment`, `u`.`Thumb`, `u`.`Trial_Expire`, `u`.`Twitter`, `u`.`User_Name`, `u`.`User_Type`, `u`.`Verify_Code`, `u`.`Whatsapp`
FROM `Users` AS `u`
WHERE `u`.`Id` = @__id_0
LIMIT 1
2023-10-05 16:40:21.658 +05:30  INF  Executing endpoint 'DCRM.Api.Controllers.DashboardController.Get (DCRM.Api)'
2023-10-05 16:40:21.659 +05:30  INF  Route matched with {action = "Get", controller = "Dashboard"}. Executing controller action with signature DCRM.Common.Dto.DashboardDto Get() on controller DCRM.Api.Controllers.DashboardController (DCRM.Api).
2023-10-05 16:40:21.676 +05:30  INF  Executed DbCommand (6ms) [Parameters=[@__p_0='?' (DbType = Int64)], CommandType='"Text"', CommandTimeout='30']
SELECT `p`.`Id`, `p`.`Age`, `p`.`Chamber_Id`, `p`.`Created_At`, `p`.`Email`, `p`.`Guardian`, `p`.`Is_Delete`, `p`.`Mobile`, `p`.`Mr_Number`, `p`.`Name`, `p`.`Password`, `p`.`Permanent_Address`, `p`.`Present_Address`, `p`.`Role`, `p`.`Sex`, `p`.`Slug`, `p`.`Thumb`, `p`.`Title`, `p`.`UserName`, `p`.`User_Id`, `p`.`Verify_Code`, `p`.`Weight`
FROM `Patientses` AS `p`
WHERE (`p`.`User_Id` = @__p_0) AND (`p`.`Is_Delete` = 0)
2023-10-05 16:40:21.742 +05:30  INF  Executed DbCommand (2ms) [Parameters=[@__userId_0='?' (DbType = Int32)], CommandType='"Text"', CommandTimeout='30']
SELECT `s`.`Id`, `s`.`Blood_Group`, `s`.`Chamber_Id`, `s`.`Created_At`, `s`.`Current_Address`, `s`.`Date_Of_Joining`, `s`.`Department`, `s`.`Designation`, `s`.`Dob`, `s`.`Email`, `s`.`Father`, `s`.`Gender`, `s`.`Gst`, `s`.`Is_Deleted`, `s`.`Marital_Status`, `s`.`Mother`, `s`.`Name`, `s`.`Note`, `s`.`Pan`, `s`.`Password`, `s`.`Permanent_Address`, `s`.`Phone`, `s`.`Qualification`, `s`.`Role`, `s`.`Slug`, `s`.`Specialization`, `s`.`Status`, `s`.`Thumb`, `s`.`User_Id`, `s`.`User_Name`, `s`.`Work_Experience`
FROM `Staffs` AS `s`
WHERE (`s`.`User_Id` = @__userId_0) AND (`s`.`Is_Deleted` = 0)
2023-10-05 16:40:21.815 +05:30  INF  Executed DbCommand (1ms) [Parameters=[@__userId_0='?' (DbType = Int32)], CommandType='"Text"', CommandTimeout='30']
SELECT `a`.`Id`, `a`.`Appointment_Status`, `a`.`Cause`, `a`.`Chair`, `a`.`Chamber_Id`, `a`.`Created_At`, `a`.`Date`, `a`.`Doctor_Id`, `a`.`Doctor_Name`, `a`.`End_Time`, `a`.`Extra_Notes`, `a`.`Files`, `a`.`Is_Delete`, `a`.`Is_Start`, `a`.`Meeting_Notes`, `a`.`Number_Of_Slot`, `a`.`Patient_Id`, `a`.`Prescription_Id`, `a`.`Serial_Id`, `a`.`Slot_Time`, `a`.`Start_Time`, `a`.`Status`, `a`.`Type`, `a`.`User_Id`
FROM `Appointments` AS `a`
WHERE (`a`.`User_Id` = @__userId_0) AND (`a`.`Is_Delete` = 0)
2023-10-05 16:40:21.855 +05:30  INF  Executed DbCommand (7ms) [Parameters=[@__userId_0='?' (DbType = Int32)], CommandType='"Text"', CommandTimeout='30']
SELECT `a`.`Id`, `a`.`Appointment_Status`, `a`.`Cause`, `a`.`Chair`, `a`.`Chamber_Id`, `a`.`Created_At`, `a`.`Date`, `a`.`Doctor_Id`, `a`.`Doctor_Name`, `a`.`End_Time`, `a`.`Extra_Notes`, `a`.`Files`, `a`.`Is_Delete`, `a`.`Is_Start`, `a`.`Meeting_Notes`, `a`.`Number_Of_Slot`, `a`.`Patient_Id`, `a`.`Prescription_Id`, `a`.`Serial_Id`, `a`.`Slot_Time`, `a`.`Start_Time`, `a`.`Status`, `a`.`Type`, `a`.`User_Id`
FROM `Appointments` AS `a`
WHERE ((`a`.`User_Id` = @__userId_0) AND (`a`.`Is_Delete` = 0)) AND (`a`.`Date` = CURDATE())
2023-10-05 16:40:21.855 +05:30  INF  Executing ObjectResult, writing value of type 'DCRM.Common.Dto.DashboardDto'.
2023-10-05 16:40:21.856 +05:30  INF  Executed action DCRM.Api.Controllers.DashboardController.Get (DCRM.Api) in 197.5731ms
2023-10-05 16:40:21.856 +05:30  INF  Executed endpoint 'DCRM.Api.Controllers.DashboardController.Get (DCRM.Api)'
2023-10-05 16:40:21.857 +05:30  INF  Request finished HTTP/2 GET https://localhost:7069/api/Dashboard/Get application/json - - 200 - application/json;+charset=utf-8 217.9156ms
2023-10-05 17:03:57.701 +05:30  INF  Request starting HTTP/2 OPTIONS https://localhost:7069/api/Dealer/GetAll - -
2023-10-05 17:03:57.702 +05:30  INF  CORS policy execution successful.
2023-10-05 17:03:57.702 +05:30  INF  Request finished HTTP/2 OPTIONS https://localhost:7069/api/Dealer/GetAll - - - 204 - - 0.8151ms
2023-10-05 17:03:57.706 +05:30  INF  Request starting HTTP/2 GET https://localhost:7069/api/Dealer/GetAll application/json -
2023-10-05 17:03:57.708 +05:30  INF  CORS policy execution successful.
2023-10-05 17:03:57.788 +05:30  INF  Executed DbCommand (3ms) [Parameters=[@__id_0='?' (DbType = Int32)], CommandType='"Text"', CommandTimeout='30']
SELECT `u`.`Id`, `u`.`About_Me`, `u`.`Account_Type`, `u`.`Address`, `u`.`Available_Days`, `u`.`Bn_Name`, `u`.`City`, `u`.`Country`, `u`.`Created_At`, `u`.`Currency`, `u`.`Degree`, `u`.`Email`, `u`.`Email_Verified`, `u`.`Enable_Appointment`, `u`.`Enable_Rating`, `u`.`Exp_Years`, `u`.`Facebook`, `u`.`Google_Analytics`, `u`.`Image`, `u`.`Instagram`, `u`.`Linkedin`, `u`.`Name`, `u`.`Parent_Id`, `u`.`Password`, `u`.`Paypal_Email`, `u`.`Paypal_Mode`, `u`.`Paypal_Payment`, `u`.`Paystack_Payment`, `u`.`Paystack_Public_Key`, `u`.`Paystack_Secret_Key`, `u`.`Phone`, `u`.`Publish_Key`, `u`.`Qr_Code`, `u`.`Razorpay_Key_Id`, `u`.`Razorpay_Key_Secret`, `u`.`Razorpay_Payment`, `u`.`Role`, `u`.`Secret_Key`, `u`.`Skype`, `u`.`Slug`, `u`.`Specialist`, `u`.`Status`, `u`.`Stripe_Payment`, `u`.`Thumb`, `u`.`Trial_Expire`, `u`.`Twitter`, `u`.`User_Name`, `u`.`User_Type`, `u`.`Verify_Code`, `u`.`Whatsapp`
FROM `Users` AS `u`
WHERE `u`.`Id` = @__id_0
LIMIT 1
2023-10-05 17:03:57.788 +05:30  INF  Executing endpoint 'DCRM.Api.Controllers.DealerController.GetAllAsync (DCRM.Api)'
2023-10-05 17:03:57.796 +05:30  INF  Route matched with {action = "GetAll", controller = "Dealer"}. Executing controller action with signature System.Threading.Tasks.Task`1[System.Collections.Generic.IEnumerable`1[DCRM.Common.Dto.DealerDto]] GetAllAsync() on controller DCRM.Api.Controllers.DealerController (DCRM.Api).
2023-10-05 17:03:57.818 +05:30  INF  Executed DbCommand (3ms) [Parameters=[@__userId_0='?' (DbType = Int64)], CommandType='"Text"', CommandTimeout='30']
SELECT `d`.`Id`, `d`.`Address_O`, `d`.`Address_R`, `d`.`City_O`, `d`.`City_R`, `d`.`Company_Name`, `d`.`Country_O`, `d`.`Country_R`, `d`.`Created_At`, `d`.`Email1`, `d`.`Email2`, `d`.`Gst_Number`, `d`.`Image`, `d`.`Is_Deleted`, `d`.`Own_Name_1`, `d`.`Own_Name_2`, `d`.`Pan_Number`, `d`.`Phone1`, `d`.`Phone2`, `d`.`Staff_Email1`, `d`.`Staff_Email2`, `d`.`Staff_Email3`, `d`.`Staff_Email4`, `d`.`Staff_Name1`, `d`.`Staff_Name2`, `d`.`Staff_Name3`, `d`.`Staff_Name4`, `d`.`Staff_Phone1`, `d`.`Staff_Phone2`, `d`.`Staff_Phone3`, `d`.`Staff_Phone4`, `d`.`Updated_At`, `d`.`User_Id`, `d`.`Zip_O`, `d`.`Zip_R`
FROM `Dealers` AS `d`
WHERE (`d`.`Is_Deleted` = 0) AND (`d`.`User_Id` = @__userId_0)
2023-10-05 17:03:57.923 +05:30  INF  Executed DbCommand (1ms) [Parameters=[@__p_0='?' (DbType = Int64)], CommandType='"Text"', CommandTimeout='30']
SELECT `d`.`Id`, `d`.`Bank_Account_Number`, `d`.`Bank_Name`, `d`.`Dealer_Id`, `d`.`Ifsc_Code`, `d`.`Remarks`, `d`.`Updated_At`
FROM `Dealer_Bank_Details` AS `d`
WHERE `d`.`Dealer_Id` = @__p_0
2023-10-05 17:03:57.930 +05:30  INF  Executed DbCommand (1ms) [Parameters=[@__p_0='?' (DbType = Int64)], CommandType='"Text"', CommandTimeout='30']
SELECT `d`.`Id`, `d`.`Dealer_Id`, `d`.`Material_Cost`, `d`.`Material_Date`, `d`.`Material_Name`
FROM `Dealer_Material` AS `d`
WHERE `d`.`Dealer_Id` = @__p_0
2023-10-05 17:03:57.932 +05:30  INF  Executed DbCommand (0ms) [Parameters=[@__p_0='?' (DbType = Int64)], CommandType='"Text"', CommandTimeout='30']
SELECT `d`.`Id`, `d`.`Bank_Account_Number`, `d`.`Bank_Name`, `d`.`Dealer_Id`, `d`.`Ifsc_Code`, `d`.`Remarks`, `d`.`Updated_At`
FROM `Dealer_Bank_Details` AS `d`
WHERE `d`.`Dealer_Id` = @__p_0
2023-10-05 17:03:57.934 +05:30  INF  Executed DbCommand (0ms) [Parameters=[@__p_0='?' (DbType = Int64)], CommandType='"Text"', CommandTimeout='30']
SELECT `d`.`Id`, `d`.`Dealer_Id`, `d`.`Material_Cost`, `d`.`Material_Date`, `d`.`Material_Name`
FROM `Dealer_Material` AS `d`
WHERE `d`.`Dealer_Id` = @__p_0
2023-10-05 17:03:57.935 +05:30  INF  Executed DbCommand (1ms) [Parameters=[@__p_0='?' (DbType = Int64)], CommandType='"Text"', CommandTimeout='30']
SELECT `d`.`Id`, `d`.`Bank_Account_Number`, `d`.`Bank_Name`, `d`.`Dealer_Id`, `d`.`Ifsc_Code`, `d`.`Remarks`, `d`.`Updated_At`
FROM `Dealer_Bank_Details` AS `d`
WHERE `d`.`Dealer_Id` = @__p_0
2023-10-05 17:03:57.960 +05:30  INF  Executed DbCommand (1ms) [Parameters=[@__p_0='?' (DbType = Int64)], CommandType='"Text"', CommandTimeout='30']
SELECT `d`.`Id`, `d`.`Dealer_Id`, `d`.`Material_Cost`, `d`.`Material_Date`, `d`.`Material_Name`
FROM `Dealer_Material` AS `d`
WHERE `d`.`Dealer_Id` = @__p_0
2023-10-05 17:03:57.990 +05:30  INF  Executed DbCommand (1ms) [Parameters=[@__p_0='?' (DbType = Int64)], CommandType='"Text"', CommandTimeout='30']
SELECT `d`.`Id`, `d`.`Bank_Account_Number`, `d`.`Bank_Name`, `d`.`Dealer_Id`, `d`.`Ifsc_Code`, `d`.`Remarks`, `d`.`Updated_At`
FROM `Dealer_Bank_Details` AS `d`
WHERE `d`.`Dealer_Id` = @__p_0
2023-10-05 17:03:57.992 +05:30  INF  Executed DbCommand (0ms) [Parameters=[@__p_0='?' (DbType = Int64)], CommandType='"Text"', CommandTimeout='30']
SELECT `d`.`Id`, `d`.`Dealer_Id`, `d`.`Material_Cost`, `d`.`Material_Date`, `d`.`Material_Name`
FROM `Dealer_Material` AS `d`
WHERE `d`.`Dealer_Id` = @__p_0
2023-10-05 17:03:57.993 +05:30  INF  Executing ObjectResult, writing value of type 'System.Collections.Generic.List`1[[DCRM.Common.Dto.DealerDto, DCRM.Common, Version=1.0.0.0, Culture=neutral, PublicKeyToken=null]]'.
2023-10-05 17:03:58.036 +05:30  INF  Executed action DCRM.Api.Controllers.DealerController.GetAllAsync (DCRM.Api) in 239.2278ms
2023-10-05 17:03:58.036 +05:30  INF  Executed endpoint 'DCRM.Api.Controllers.DealerController.GetAllAsync (DCRM.Api)'
2023-10-05 17:03:58.036 +05:30  INF  Request finished HTTP/2 GET https://localhost:7069/api/Dealer/GetAll application/json - - 200 - application/json;+charset=utf-8 330.0595ms
2023-10-05 17:04:03.202 +05:30  INF  Request starting HTTP/2 GET https://localhost:7069/api/Drug/GetMedicineCategoris - -
2023-10-05 17:04:03.205 +05:30  INF  CORS policy execution successful.
2023-10-05 17:04:03.207 +05:30  INF  Request starting HTTP/2 GET https://localhost:7069/api/Drug/GetMedicineBrands - -
2023-10-05 17:04:03.207 +05:30  INF  Executing endpoint 'DCRM.Api.Controllers.DrugController.GetMedicineCategoris (DCRM.Api)'
2023-10-05 17:04:03.210 +05:30  INF  CORS policy execution successful.
2023-10-05 17:04:03.211 +05:30  INF  Executing endpoint 'DCRM.Api.Controllers.DrugController.GetMedicineBrands (DCRM.Api)'
2023-10-05 17:04:03.211 +05:30  INF  Route matched with {action = "GetMedicineCategoris", controller = "Drug"}. Executing controller action with signature System.Collections.Generic.List`1[DCRM.Common.Entity.MedicineCategory] GetMedicineCategoris() on controller DCRM.Api.Controllers.DrugController (DCRM.Api).
2023-10-05 17:04:03.212 +05:30  INF  Route matched with {action = "GetMedicineBrands", controller = "Drug"}. Executing controller action with signature System.Collections.Generic.List`1[DCRM.Common.Entity.MedicineBrand] GetMedicineBrands() on controller DCRM.Api.Controllers.DrugController (DCRM.Api).
2023-10-05 17:04:03.221 +05:30  INF  Executed DbCommand (1ms) [Parameters=[], CommandType='"Text"', CommandTimeout='30']
SELECT `m`.`Id`, `m`.`Medicine_Category`
FROM `Medicine_Category` AS `m`
2023-10-05 17:04:03.229 +05:30  INF  Executing ObjectResult, writing value of type 'System.Collections.Generic.List`1[[DCRM.Common.Entity.MedicineCategory, DCRM.Common, Version=1.0.0.0, Culture=neutral, PublicKeyToken=null]]'.
2023-10-05 17:04:03.231 +05:30  INF  Executed action DCRM.Api.Controllers.DrugController.GetMedicineCategoris (DCRM.Api) in 19.7844ms
2023-10-05 17:04:03.231 +05:30  INF  Executed endpoint 'DCRM.Api.Controllers.DrugController.GetMedicineCategoris (DCRM.Api)'
2023-10-05 17:04:03.231 +05:30  INF  Request finished HTTP/2 GET https://localhost:7069/api/Drug/GetMedicineCategoris - - - 200 - application/json;+charset=utf-8 29.7233ms
2023-10-05 17:04:03.239 +05:30  INF  Executed DbCommand (1ms) [Parameters=[], CommandType='"Text"', CommandTimeout='30']
SELECT `m`.`Id`, `m`.`Basic_Salt`, `m`.`Company_Name`, `m`.`Medicine_Brand`
FROM `Medicine_Brand` AS `m`
2023-10-05 17:04:03.252 +05:30  INF  Executing ObjectResult, writing value of type 'System.Collections.Generic.List`1[[DCRM.Common.Entity.MedicineBrand, DCRM.Common, Version=1.0.0.0, Culture=neutral, PublicKeyToken=null]]'.
2023-10-05 17:04:03.255 +05:30  INF  Executed action DCRM.Api.Controllers.DrugController.GetMedicineBrands (DCRM.Api) in 42.9084ms
2023-10-05 17:04:03.255 +05:30  INF  Executed endpoint 'DCRM.Api.Controllers.DrugController.GetMedicineBrands (DCRM.Api)'
2023-10-05 17:04:03.255 +05:30  INF  Request finished HTTP/2 GET https://localhost:7069/api/Drug/GetMedicineBrands - - - 200 - application/json;+charset=utf-8 48.0233ms
2023-10-05 17:04:13.197 +05:30  INF  Request starting HTTP/2 OPTIONS https://localhost:7069/api/Dealer/GetAll - -
2023-10-05 17:04:13.197 +05:30  INF  CORS policy execution successful.
2023-10-05 17:04:13.197 +05:30  INF  Request finished HTTP/2 OPTIONS https://localhost:7069/api/Dealer/GetAll - - - 204 - - 0.7192ms
2023-10-05 17:04:13.198 +05:30  INF  Request starting HTTP/2 GET https://localhost:7069/api/Dealer/GetAll application/json -
2023-10-05 17:04:13.198 +05:30  INF  CORS policy execution successful.
2023-10-05 17:04:13.203 +05:30  INF  Executed DbCommand (2ms) [Parameters=[@__id_0='?' (DbType = Int32)], CommandType='"Text"', CommandTimeout='30']
SELECT `u`.`Id`, `u`.`About_Me`, `u`.`Account_Type`, `u`.`Address`, `u`.`Available_Days`, `u`.`Bn_Name`, `u`.`City`, `u`.`Country`, `u`.`Created_At`, `u`.`Currency`, `u`.`Degree`, `u`.`Email`, `u`.`Email_Verified`, `u`.`Enable_Appointment`, `u`.`Enable_Rating`, `u`.`Exp_Years`, `u`.`Facebook`, `u`.`Google_Analytics`, `u`.`Image`, `u`.`Instagram`, `u`.`Linkedin`, `u`.`Name`, `u`.`Parent_Id`, `u`.`Password`, `u`.`Paypal_Email`, `u`.`Paypal_Mode`, `u`.`Paypal_Payment`, `u`.`Paystack_Payment`, `u`.`Paystack_Public_Key`, `u`.`Paystack_Secret_Key`, `u`.`Phone`, `u`.`Publish_Key`, `u`.`Qr_Code`, `u`.`Razorpay_Key_Id`, `u`.`Razorpay_Key_Secret`, `u`.`Razorpay_Payment`, `u`.`Role`, `u`.`Secret_Key`, `u`.`Skype`, `u`.`Slug`, `u`.`Specialist`, `u`.`Status`, `u`.`Stripe_Payment`, `u`.`Thumb`, `u`.`Trial_Expire`, `u`.`Twitter`, `u`.`User_Name`, `u`.`User_Type`, `u`.`Verify_Code`, `u`.`Whatsapp`
FROM `Users` AS `u`
WHERE `u`.`Id` = @__id_0
LIMIT 1
2023-10-05 17:04:13.203 +05:30  INF  Executing endpoint 'DCRM.Api.Controllers.DealerController.GetAllAsync (DCRM.Api)'
2023-10-05 17:04:13.203 +05:30  INF  Route matched with {action = "GetAll", controller = "Dealer"}. Executing controller action with signature System.Threading.Tasks.Task`1[System.Collections.Generic.IEnumerable`1[DCRM.Common.Dto.DealerDto]] GetAllAsync() on controller DCRM.Api.Controllers.DealerController (DCRM.Api).
2023-10-05 17:04:13.205 +05:30  INF  Executed DbCommand (1ms) [Parameters=[@__userId_0='?' (DbType = Int64)], CommandType='"Text"', CommandTimeout='30']
SELECT `d`.`Id`, `d`.`Address_O`, `d`.`Address_R`, `d`.`City_O`, `d`.`City_R`, `d`.`Company_Name`, `d`.`Country_O`, `d`.`Country_R`, `d`.`Created_At`, `d`.`Email1`, `d`.`Email2`, `d`.`Gst_Number`, `d`.`Image`, `d`.`Is_Deleted`, `d`.`Own_Name_1`, `d`.`Own_Name_2`, `d`.`Pan_Number`, `d`.`Phone1`, `d`.`Phone2`, `d`.`Staff_Email1`, `d`.`Staff_Email2`, `d`.`Staff_Email3`, `d`.`Staff_Email4`, `d`.`Staff_Name1`, `d`.`Staff_Name2`, `d`.`Staff_Name3`, `d`.`Staff_Name4`, `d`.`Staff_Phone1`, `d`.`Staff_Phone2`, `d`.`Staff_Phone3`, `d`.`Staff_Phone4`, `d`.`Updated_At`, `d`.`User_Id`, `d`.`Zip_O`, `d`.`Zip_R`
FROM `Dealers` AS `d`
WHERE (`d`.`Is_Deleted` = 0) AND (`d`.`User_Id` = @__userId_0)
2023-10-05 17:04:13.207 +05:30  INF  Executed DbCommand (1ms) [Parameters=[@__p_0='?' (DbType = Int64)], CommandType='"Text"', CommandTimeout='30']
SELECT `d`.`Id`, `d`.`Bank_Account_Number`, `d`.`Bank_Name`, `d`.`Dealer_Id`, `d`.`Ifsc_Code`, `d`.`Remarks`, `d`.`Updated_At`
FROM `Dealer_Bank_Details` AS `d`
WHERE `d`.`Dealer_Id` = @__p_0
2023-10-05 17:04:13.208 +05:30  INF  Executed DbCommand (0ms) [Parameters=[@__p_0='?' (DbType = Int64)], CommandType='"Text"', CommandTimeout='30']
SELECT `d`.`Id`, `d`.`Dealer_Id`, `d`.`Material_Cost`, `d`.`Material_Date`, `d`.`Material_Name`
FROM `Dealer_Material` AS `d`
WHERE `d`.`Dealer_Id` = @__p_0
2023-10-05 17:04:13.209 +05:30  INF  Executed DbCommand (0ms) [Parameters=[@__p_0='?' (DbType = Int64)], CommandType='"Text"', CommandTimeout='30']
SELECT `d`.`Id`, `d`.`Bank_Account_Number`, `d`.`Bank_Name`, `d`.`Dealer_Id`, `d`.`Ifsc_Code`, `d`.`Remarks`, `d`.`Updated_At`
FROM `Dealer_Bank_Details` AS `d`
WHERE `d`.`Dealer_Id` = @__p_0
2023-10-05 17:04:13.210 +05:30  INF  Executed DbCommand (0ms) [Parameters=[@__p_0='?' (DbType = Int64)], CommandType='"Text"', CommandTimeout='30']
SELECT `d`.`Id`, `d`.`Dealer_Id`, `d`.`Material_Cost`, `d`.`Material_Date`, `d`.`Material_Name`
FROM `Dealer_Material` AS `d`
WHERE `d`.`Dealer_Id` = @__p_0
2023-10-05 17:04:13.211 +05:30  INF  Executed DbCommand (0ms) [Parameters=[@__p_0='?' (DbType = Int64)], CommandType='"Text"', CommandTimeout='30']
SELECT `d`.`Id`, `d`.`Bank_Account_Number`, `d`.`Bank_Name`, `d`.`Dealer_Id`, `d`.`Ifsc_Code`, `d`.`Remarks`, `d`.`Updated_At`
FROM `Dealer_Bank_Details` AS `d`
WHERE `d`.`Dealer_Id` = @__p_0
2023-10-05 17:04:13.213 +05:30  INF  Executed DbCommand (0ms) [Parameters=[@__p_0='?' (DbType = Int64)], CommandType='"Text"', CommandTimeout='30']
SELECT `d`.`Id`, `d`.`Dealer_Id`, `d`.`Material_Cost`, `d`.`Material_Date`, `d`.`Material_Name`
FROM `Dealer_Material` AS `d`
WHERE `d`.`Dealer_Id` = @__p_0
2023-10-05 17:04:13.214 +05:30  INF  Executed DbCommand (0ms) [Parameters=[@__p_0='?' (DbType = Int64)], CommandType='"Text"', CommandTimeout='30']
SELECT `d`.`Id`, `d`.`Bank_Account_Number`, `d`.`Bank_Name`, `d`.`Dealer_Id`, `d`.`Ifsc_Code`, `d`.`Remarks`, `d`.`Updated_At`
FROM `Dealer_Bank_Details` AS `d`
WHERE `d`.`Dealer_Id` = @__p_0
2023-10-05 17:04:13.215 +05:30  INF  Executed DbCommand (0ms) [Parameters=[@__p_0='?' (DbType = Int64)], CommandType='"Text"', CommandTimeout='30']
SELECT `d`.`Id`, `d`.`Dealer_Id`, `d`.`Material_Cost`, `d`.`Material_Date`, `d`.`Material_Name`
FROM `Dealer_Material` AS `d`
WHERE `d`.`Dealer_Id` = @__p_0
2023-10-05 17:04:13.215 +05:30  INF  Executing ObjectResult, writing value of type 'System.Collections.Generic.List`1[[DCRM.Common.Dto.DealerDto, DCRM.Common, Version=1.0.0.0, Culture=neutral, PublicKeyToken=null]]'.
2023-10-05 17:04:13.215 +05:30  INF  Executed action DCRM.Api.Controllers.DealerController.GetAllAsync (DCRM.Api) in 11.5994ms
2023-10-05 17:04:13.215 +05:30  INF  Executed endpoint 'DCRM.Api.Controllers.DealerController.GetAllAsync (DCRM.Api)'
2023-10-05 17:04:13.215 +05:30  INF  Request finished HTTP/2 GET https://localhost:7069/api/Dealer/GetAll application/json - - 200 - application/json;+charset=utf-8 17.1582ms
2023-10-05 17:05:11.002 +05:30  INF  Request starting HTTP/2 OPTIONS https://localhost:7069/api/Dealer/GetAll - -
2023-10-05 17:05:11.003 +05:30  INF  CORS policy execution successful.
2023-10-05 17:05:11.005 +05:30  INF  Request finished HTTP/2 OPTIONS https://localhost:7069/api/Dealer/GetAll - - - 204 - - 2.3456ms
2023-10-05 17:05:11.006 +05:30  INF  Request starting HTTP/2 GET https://localhost:7069/api/Dealer/GetAll application/json -
2023-10-05 17:05:11.007 +05:30  INF  CORS policy execution successful.
2023-10-05 17:05:11.023 +05:30  INF  Executed DbCommand (3ms) [Parameters=[@__id_0='?' (DbType = Int32)], CommandType='"Text"', CommandTimeout='30']
SELECT `u`.`Id`, `u`.`About_Me`, `u`.`Account_Type`, `u`.`Address`, `u`.`Available_Days`, `u`.`Bn_Name`, `u`.`City`, `u`.`Country`, `u`.`Created_At`, `u`.`Currency`, `u`.`Degree`, `u`.`Email`, `u`.`Email_Verified`, `u`.`Enable_Appointment`, `u`.`Enable_Rating`, `u`.`Exp_Years`, `u`.`Facebook`, `u`.`Google_Analytics`, `u`.`Image`, `u`.`Instagram`, `u`.`Linkedin`, `u`.`Name`, `u`.`Parent_Id`, `u`.`Password`, `u`.`Paypal_Email`, `u`.`Paypal_Mode`, `u`.`Paypal_Payment`, `u`.`Paystack_Payment`, `u`.`Paystack_Public_Key`, `u`.`Paystack_Secret_Key`, `u`.`Phone`, `u`.`Publish_Key`, `u`.`Qr_Code`, `u`.`Razorpay_Key_Id`, `u`.`Razorpay_Key_Secret`, `u`.`Razorpay_Payment`, `u`.`Role`, `u`.`Secret_Key`, `u`.`Skype`, `u`.`Slug`, `u`.`Specialist`, `u`.`Status`, `u`.`Stripe_Payment`, `u`.`Thumb`, `u`.`Trial_Expire`, `u`.`Twitter`, `u`.`User_Name`, `u`.`User_Type`, `u`.`Verify_Code`, `u`.`Whatsapp`
FROM `Users` AS `u`
WHERE `u`.`Id` = @__id_0
LIMIT 1
2023-10-05 17:05:11.023 +05:30  INF  Executing endpoint 'DCRM.Api.Controllers.DealerController.GetAllAsync (DCRM.Api)'
2023-10-05 17:05:11.023 +05:30  INF  Route matched with {action = "GetAll", controller = "Dealer"}. Executing controller action with signature System.Threading.Tasks.Task`1[System.Collections.Generic.IEnumerable`1[DCRM.Common.Dto.DealerDto]] GetAllAsync() on controller DCRM.Api.Controllers.DealerController (DCRM.Api).
2023-10-05 17:05:11.028 +05:30  INF  Executed DbCommand (1ms) [Parameters=[@__userId_0='?' (DbType = Int64)], CommandType='"Text"', CommandTimeout='30']
SELECT `d`.`Id`, `d`.`Address_O`, `d`.`Address_R`, `d`.`City_O`, `d`.`City_R`, `d`.`Company_Name`, `d`.`Country_O`, `d`.`Country_R`, `d`.`Created_At`, `d`.`Email1`, `d`.`Email2`, `d`.`Gst_Number`, `d`.`Image`, `d`.`Is_Deleted`, `d`.`Own_Name_1`, `d`.`Own_Name_2`, `d`.`Pan_Number`, `d`.`Phone1`, `d`.`Phone2`, `d`.`Staff_Email1`, `d`.`Staff_Email2`, `d`.`Staff_Email3`, `d`.`Staff_Email4`, `d`.`Staff_Name1`, `d`.`Staff_Name2`, `d`.`Staff_Name3`, `d`.`Staff_Name4`, `d`.`Staff_Phone1`, `d`.`Staff_Phone2`, `d`.`Staff_Phone3`, `d`.`Staff_Phone4`, `d`.`Updated_At`, `d`.`User_Id`, `d`.`Zip_O`, `d`.`Zip_R`
FROM `Dealers` AS `d`
WHERE (`d`.`Is_Deleted` = 0) AND (`d`.`User_Id` = @__userId_0)
2023-10-05 17:05:11.031 +05:30  INF  Executed DbCommand (1ms) [Parameters=[@__p_0='?' (DbType = Int64)], CommandType='"Text"', CommandTimeout='30']
SELECT `d`.`Id`, `d`.`Bank_Account_Number`, `d`.`Bank_Name`, `d`.`Dealer_Id`, `d`.`Ifsc_Code`, `d`.`Remarks`, `d`.`Updated_At`
FROM `Dealer_Bank_Details` AS `d`
WHERE `d`.`Dealer_Id` = @__p_0
2023-10-05 17:05:11.032 +05:30  INF  Executed DbCommand (1ms) [Parameters=[@__p_0='?' (DbType = Int64)], CommandType='"Text"', CommandTimeout='30']
SELECT `d`.`Id`, `d`.`Dealer_Id`, `d`.`Material_Cost`, `d`.`Material_Date`, `d`.`Material_Name`
FROM `Dealer_Material` AS `d`
WHERE `d`.`Dealer_Id` = @__p_0
2023-10-05 17:05:11.034 +05:30  INF  Executed DbCommand (1ms) [Parameters=[@__p_0='?' (DbType = Int64)], CommandType='"Text"', CommandTimeout='30']
SELECT `d`.`Id`, `d`.`Bank_Account_Number`, `d`.`Bank_Name`, `d`.`Dealer_Id`, `d`.`Ifsc_Code`, `d`.`Remarks`, `d`.`Updated_At`
FROM `Dealer_Bank_Details` AS `d`
WHERE `d`.`Dealer_Id` = @__p_0
2023-10-05 17:05:11.036 +05:30  INF  Executed DbCommand (1ms) [Parameters=[@__p_0='?' (DbType = Int64)], CommandType='"Text"', CommandTimeout='30']
SELECT `d`.`Id`, `d`.`Dealer_Id`, `d`.`Material_Cost`, `d`.`Material_Date`, `d`.`Material_Name`
FROM `Dealer_Material` AS `d`
WHERE `d`.`Dealer_Id` = @__p_0
2023-10-05 17:05:11.038 +05:30  INF  Executed DbCommand (1ms) [Parameters=[@__p_0='?' (DbType = Int64)], CommandType='"Text"', CommandTimeout='30']
SELECT `d`.`Id`, `d`.`Bank_Account_Number`, `d`.`Bank_Name`, `d`.`Dealer_Id`, `d`.`Ifsc_Code`, `d`.`Remarks`, `d`.`Updated_At`
FROM `Dealer_Bank_Details` AS `d`
WHERE `d`.`Dealer_Id` = @__p_0
2023-10-05 17:05:11.040 +05:30  INF  Executed DbCommand (1ms) [Parameters=[@__p_0='?' (DbType = Int64)], CommandType='"Text"', CommandTimeout='30']
SELECT `d`.`Id`, `d`.`Dealer_Id`, `d`.`Material_Cost`, `d`.`Material_Date`, `d`.`Material_Name`
FROM `Dealer_Material` AS `d`
WHERE `d`.`Dealer_Id` = @__p_0
2023-10-05 17:05:11.041 +05:30  INF  Executed DbCommand (1ms) [Parameters=[@__p_0='?' (DbType = Int64)], CommandType='"Text"', CommandTimeout='30']
SELECT `d`.`Id`, `d`.`Bank_Account_Number`, `d`.`Bank_Name`, `d`.`Dealer_Id`, `d`.`Ifsc_Code`, `d`.`Remarks`, `d`.`Updated_At`
FROM `Dealer_Bank_Details` AS `d`
WHERE `d`.`Dealer_Id` = @__p_0
2023-10-05 17:05:11.043 +05:30  INF  Executed DbCommand (1ms) [Parameters=[@__p_0='?' (DbType = Int64)], CommandType='"Text"', CommandTimeout='30']
SELECT `d`.`Id`, `d`.`Dealer_Id`, `d`.`Material_Cost`, `d`.`Material_Date`, `d`.`Material_Name`
FROM `Dealer_Material` AS `d`
WHERE `d`.`Dealer_Id` = @__p_0
2023-10-05 17:05:11.043 +05:30  INF  Executing ObjectResult, writing value of type 'System.Collections.Generic.List`1[[DCRM.Common.Dto.DealerDto, DCRM.Common, Version=1.0.0.0, Culture=neutral, PublicKeyToken=null]]'.
2023-10-05 17:05:11.044 +05:30  INF  Executed action DCRM.Api.Controllers.DealerController.GetAllAsync (DCRM.Api) in 20.247ms
2023-10-05 17:05:11.044 +05:30  INF  Executed endpoint 'DCRM.Api.Controllers.DealerController.GetAllAsync (DCRM.Api)'
2023-10-05 17:05:11.044 +05:30  INF  Request finished HTTP/2 GET https://localhost:7069/api/Dealer/GetAll application/json - - 200 - application/json;+charset=utf-8 37.4556ms
2023-10-05 17:08:30.503 +05:30  INF  Request starting HTTP/2 GET https://localhost:7069/api/Dealer/GetAll - -
2023-10-05 17:08:30.541 +05:30  INF  Executed DbCommand (3ms) [Parameters=[@__id_0='?' (DbType = Int32)], CommandType='"Text"', CommandTimeout='30']
SELECT `u`.`Id`, `u`.`About_Me`, `u`.`Account_Type`, `u`.`Address`, `u`.`Available_Days`, `u`.`Bn_Name`, `u`.`City`, `u`.`Country`, `u`.`Created_At`, `u`.`Currency`, `u`.`Degree`, `u`.`Email`, `u`.`Email_Verified`, `u`.`Enable_Appointment`, `u`.`Enable_Rating`, `u`.`Exp_Years`, `u`.`Facebook`, `u`.`Google_Analytics`, `u`.`Image`, `u`.`Instagram`, `u`.`Linkedin`, `u`.`Name`, `u`.`Parent_Id`, `u`.`Password`, `u`.`Paypal_Email`, `u`.`Paypal_Mode`, `u`.`Paypal_Payment`, `u`.`Paystack_Payment`, `u`.`Paystack_Public_Key`, `u`.`Paystack_Secret_Key`, `u`.`Phone`, `u`.`Publish_Key`, `u`.`Qr_Code`, `u`.`Razorpay_Key_Id`, `u`.`Razorpay_Key_Secret`, `u`.`Razorpay_Payment`, `u`.`Role`, `u`.`Secret_Key`, `u`.`Skype`, `u`.`Slug`, `u`.`Specialist`, `u`.`Status`, `u`.`Stripe_Payment`, `u`.`Thumb`, `u`.`Trial_Expire`, `u`.`Twitter`, `u`.`User_Name`, `u`.`User_Type`, `u`.`Verify_Code`, `u`.`Whatsapp`
FROM `Users` AS `u`
WHERE `u`.`Id` = @__id_0
LIMIT 1
2023-10-05 17:08:30.542 +05:30  INF  Executing endpoint 'DCRM.Api.Controllers.DealerController.GetAllAsync (DCRM.Api)'
2023-10-05 17:08:30.542 +05:30  INF  Route matched with {action = "GetAll", controller = "Dealer"}. Executing controller action with signature System.Threading.Tasks.Task`1[System.Collections.Generic.IEnumerable`1[DCRM.Common.Dto.DealerDto]] GetAllAsync() on controller DCRM.Api.Controllers.DealerController (DCRM.Api).
2023-10-05 17:08:30.546 +05:30  INF  Executed DbCommand (2ms) [Parameters=[@__userId_0='?' (DbType = Int64)], CommandType='"Text"', CommandTimeout='30']
SELECT `d`.`Id`, `d`.`Address_O`, `d`.`Address_R`, `d`.`City_O`, `d`.`City_R`, `d`.`Company_Name`, `d`.`Country_O`, `d`.`Country_R`, `d`.`Created_At`, `d`.`Email1`, `d`.`Email2`, `d`.`Gst_Number`, `d`.`Image`, `d`.`Is_Deleted`, `d`.`Own_Name_1`, `d`.`Own_Name_2`, `d`.`Pan_Number`, `d`.`Phone1`, `d`.`Phone2`, `d`.`Staff_Email1`, `d`.`Staff_Email2`, `d`.`Staff_Email3`, `d`.`Staff_Email4`, `d`.`Staff_Name1`, `d`.`Staff_Name2`, `d`.`Staff_Name3`, `d`.`Staff_Name4`, `d`.`Staff_Phone1`, `d`.`Staff_Phone2`, `d`.`Staff_Phone3`, `d`.`Staff_Phone4`, `d`.`Updated_At`, `d`.`User_Id`, `d`.`Zip_O`, `d`.`Zip_R`
FROM `Dealers` AS `d`
WHERE (`d`.`Is_Deleted` = 0) AND (`d`.`User_Id` = @__userId_0)
2023-10-05 17:08:30.549 +05:30  INF  Executed DbCommand (1ms) [Parameters=[@__p_0='?' (DbType = Int64)], CommandType='"Text"', CommandTimeout='30']
SELECT `d`.`Id`, `d`.`Bank_Account_Number`, `d`.`Bank_Name`, `d`.`Dealer_Id`, `d`.`Ifsc_Code`, `d`.`Remarks`, `d`.`Updated_At`
FROM `Dealer_Bank_Details` AS `d`
WHERE `d`.`Dealer_Id` = @__p_0
2023-10-05 17:08:30.551 +05:30  INF  Executed DbCommand (1ms) [Parameters=[@__p_0='?' (DbType = Int64)], CommandType='"Text"', CommandTimeout='30']
SELECT `d`.`Id`, `d`.`Dealer_Id`, `d`.`Material_Cost`, `d`.`Material_Date`, `d`.`Material_Name`
FROM `Dealer_Material` AS `d`
WHERE `d`.`Dealer_Id` = @__p_0
2023-10-05 17:08:30.552 +05:30  INF  Executed DbCommand (0ms) [Parameters=[@__p_0='?' (DbType = Int64)], CommandType='"Text"', CommandTimeout='30']
SELECT `d`.`Id`, `d`.`Bank_Account_Number`, `d`.`Bank_Name`, `d`.`Dealer_Id`, `d`.`Ifsc_Code`, `d`.`Remarks`, `d`.`Updated_At`
FROM `Dealer_Bank_Details` AS `d`
WHERE `d`.`Dealer_Id` = @__p_0
2023-10-05 17:08:30.554 +05:30  INF  Executed DbCommand (0ms) [Parameters=[@__p_0='?' (DbType = Int64)], CommandType='"Text"', CommandTimeout='30']
SELECT `d`.`Id`, `d`.`Dealer_Id`, `d`.`Material_Cost`, `d`.`Material_Date`, `d`.`Material_Name`
FROM `Dealer_Material` AS `d`
WHERE `d`.`Dealer_Id` = @__p_0
2023-10-05 17:08:30.556 +05:30  INF  Executed DbCommand (1ms) [Parameters=[@__p_0='?' (DbType = Int64)], CommandType='"Text"', CommandTimeout='30']
SELECT `d`.`Id`, `d`.`Bank_Account_Number`, `d`.`Bank_Name`, `d`.`Dealer_Id`, `d`.`Ifsc_Code`, `d`.`Remarks`, `d`.`Updated_At`
FROM `Dealer_Bank_Details` AS `d`
WHERE `d`.`Dealer_Id` = @__p_0
2023-10-05 17:08:30.558 +05:30  INF  Executed DbCommand (1ms) [Parameters=[@__p_0='?' (DbType = Int64)], CommandType='"Text"', CommandTimeout='30']
SELECT `d`.`Id`, `d`.`Dealer_Id`, `d`.`Material_Cost`, `d`.`Material_Date`, `d`.`Material_Name`
FROM `Dealer_Material` AS `d`
WHERE `d`.`Dealer_Id` = @__p_0
2023-10-05 17:08:30.560 +05:30  INF  Executed DbCommand (1ms) [Parameters=[@__p_0='?' (DbType = Int64)], CommandType='"Text"', CommandTimeout='30']
SELECT `d`.`Id`, `d`.`Bank_Account_Number`, `d`.`Bank_Name`, `d`.`Dealer_Id`, `d`.`Ifsc_Code`, `d`.`Remarks`, `d`.`Updated_At`
FROM `Dealer_Bank_Details` AS `d`
WHERE `d`.`Dealer_Id` = @__p_0
2023-10-05 17:08:30.562 +05:30  INF  Executed DbCommand (1ms) [Parameters=[@__p_0='?' (DbType = Int64)], CommandType='"Text"', CommandTimeout='30']
SELECT `d`.`Id`, `d`.`Dealer_Id`, `d`.`Material_Cost`, `d`.`Material_Date`, `d`.`Material_Name`
FROM `Dealer_Material` AS `d`
WHERE `d`.`Dealer_Id` = @__p_0
2023-10-05 17:08:30.562 +05:30  INF  Executing ObjectResult, writing value of type 'System.Collections.Generic.List`1[[DCRM.Common.Dto.DealerDto, DCRM.Common, Version=1.0.0.0, Culture=neutral, PublicKeyToken=null]]'.
2023-10-05 17:08:30.563 +05:30  INF  Executed action DCRM.Api.Controllers.DealerController.GetAllAsync (DCRM.Api) in 20.2563ms
2023-10-05 17:08:30.563 +05:30  INF  Executed endpoint 'DCRM.Api.Controllers.DealerController.GetAllAsync (DCRM.Api)'
2023-10-05 17:08:30.563 +05:30  INF  Request finished HTTP/2 GET https://localhost:7069/api/Dealer/GetAll - - - 200 - application/json;+charset=utf-8 60.4695ms
2023-10-05 17:09:44.757 +05:30  INF  Request starting HTTP/2 GET https://localhost:7069/api/Dealer/Get/25 - -
2023-10-05 17:09:44.766 +05:30  INF  Executed DbCommand (4ms) [Parameters=[@__id_0='?' (DbType = Int32)], CommandType='"Text"', CommandTimeout='30']
SELECT `u`.`Id`, `u`.`About_Me`, `u`.`Account_Type`, `u`.`Address`, `u`.`Available_Days`, `u`.`Bn_Name`, `u`.`City`, `u`.`Country`, `u`.`Created_At`, `u`.`Currency`, `u`.`Degree`, `u`.`Email`, `u`.`Email_Verified`, `u`.`Enable_Appointment`, `u`.`Enable_Rating`, `u`.`Exp_Years`, `u`.`Facebook`, `u`.`Google_Analytics`, `u`.`Image`, `u`.`Instagram`, `u`.`Linkedin`, `u`.`Name`, `u`.`Parent_Id`, `u`.`Password`, `u`.`Paypal_Email`, `u`.`Paypal_Mode`, `u`.`Paypal_Payment`, `u`.`Paystack_Payment`, `u`.`Paystack_Public_Key`, `u`.`Paystack_Secret_Key`, `u`.`Phone`, `u`.`Publish_Key`, `u`.`Qr_Code`, `u`.`Razorpay_Key_Id`, `u`.`Razorpay_Key_Secret`, `u`.`Razorpay_Payment`, `u`.`Role`, `u`.`Secret_Key`, `u`.`Skype`, `u`.`Slug`, `u`.`Specialist`, `u`.`Status`, `u`.`Stripe_Payment`, `u`.`Thumb`, `u`.`Trial_Expire`, `u`.`Twitter`, `u`.`User_Name`, `u`.`User_Type`, `u`.`Verify_Code`, `u`.`Whatsapp`
FROM `Users` AS `u`
WHERE `u`.`Id` = @__id_0
LIMIT 1
2023-10-05 17:09:44.769 +05:30  INF  Executing endpoint 'DCRM.Api.Controllers.DealerController.GetAsync (DCRM.Api)'
2023-10-05 17:09:44.777 +05:30  INF  Route matched with {action = "Get", controller = "Dealer"}. Executing controller action with signature System.Threading.Tasks.Task`1[DCRM.Common.Dto.DealerDto] GetAsync(Int32) on controller DCRM.Api.Controllers.DealerController (DCRM.Api).
2023-10-05 17:09:44.809 +05:30  INF  Executed DbCommand (13ms) [Parameters=[@__id_0='?' (DbType = Int32), @__userId_1='?' (DbType = Int64)], CommandType='"Text"', CommandTimeout='30']
SELECT `d`.`Id`, `d`.`Address_O`, `d`.`Address_R`, `d`.`City_O`, `d`.`City_R`, `d`.`Company_Name`, `d`.`Country_O`, `d`.`Country_R`, `d`.`Created_At`, `d`.`Email1`, `d`.`Email2`, `d`.`Gst_Number`, `d`.`Image`, `d`.`Is_Deleted`, `d`.`Own_Name_1`, `d`.`Own_Name_2`, `d`.`Pan_Number`, `d`.`Phone1`, `d`.`Phone2`, `d`.`Staff_Email1`, `d`.`Staff_Email2`, `d`.`Staff_Email3`, `d`.`Staff_Email4`, `d`.`Staff_Name1`, `d`.`Staff_Name2`, `d`.`Staff_Name3`, `d`.`Staff_Name4`, `d`.`Staff_Phone1`, `d`.`Staff_Phone2`, `d`.`Staff_Phone3`, `d`.`Staff_Phone4`, `d`.`Updated_At`, `d`.`User_Id`, `d`.`Zip_O`, `d`.`Zip_R`
FROM `Dealers` AS `d`
WHERE ((`d`.`Id` = @__id_0) AND (`d`.`Is_Deleted` = 0)) AND (`d`.`User_Id` = @__userId_1)
LIMIT 1
2023-10-05 17:09:44.819 +05:30  INF  Executed DbCommand (4ms) [Parameters=[@__p_0='?' (DbType = Int64)], CommandType='"Text"', CommandTimeout='30']
SELECT `d`.`Id`, `d`.`Bank_Account_Number`, `d`.`Bank_Name`, `d`.`Dealer_Id`, `d`.`Ifsc_Code`, `d`.`Remarks`, `d`.`Updated_At`
FROM `Dealer_Bank_Details` AS `d`
WHERE `d`.`Dealer_Id` = @__p_0
2023-10-05 17:09:44.825 +05:30  INF  Executed DbCommand (1ms) [Parameters=[@__p_0='?' (DbType = Int64)], CommandType='"Text"', CommandTimeout='30']
SELECT `d`.`Id`, `d`.`Dealer_Id`, `d`.`Material_Cost`, `d`.`Material_Date`, `d`.`Material_Name`
FROM `Dealer_Material` AS `d`
WHERE `d`.`Dealer_Id` = @__p_0
2023-10-05 17:09:44.836 +05:30  INF  Executing ObjectResult, writing value of type 'DCRM.Common.Dto.DealerDto'.
2023-10-05 17:09:44.837 +05:30  INF  Executed action DCRM.Api.Controllers.DealerController.GetAsync (DCRM.Api) in 60.4023ms
2023-10-05 17:09:44.837 +05:30  INF  Executed endpoint 'DCRM.Api.Controllers.DealerController.GetAsync (DCRM.Api)'
2023-10-05 17:09:44.837 +05:30  INF  Request finished HTTP/2 GET https://localhost:7069/api/Dealer/Get/25 - - - 200 - application/json;+charset=utf-8 80.5219ms
2023-10-05 17:14:47.342 +05:30  INF  Request starting HTTP/2 POST https://localhost:7069/api/Dealer/Create application/json 1328
2023-10-05 17:14:47.343 +05:30  INF  CORS policy execution successful.
2023-10-05 17:14:47.399 +05:30  INF  Executed DbCommand (3ms) [Parameters=[@__id_0='?' (DbType = Int32)], CommandType='"Text"', CommandTimeout='30']
SELECT `u`.`Id`, `u`.`About_Me`, `u`.`Account_Type`, `u`.`Address`, `u`.`Available_Days`, `u`.`Bn_Name`, `u`.`City`, `u`.`Country`, `u`.`Created_At`, `u`.`Currency`, `u`.`Degree`, `u`.`Email`, `u`.`Email_Verified`, `u`.`Enable_Appointment`, `u`.`Enable_Rating`, `u`.`Exp_Years`, `u`.`Facebook`, `u`.`Google_Analytics`, `u`.`Image`, `u`.`Instagram`, `u`.`Linkedin`, `u`.`Name`, `u`.`Parent_Id`, `u`.`Password`, `u`.`Paypal_Email`, `u`.`Paypal_Mode`, `u`.`Paypal_Payment`, `u`.`Paystack_Payment`, `u`.`Paystack_Public_Key`, `u`.`Paystack_Secret_Key`, `u`.`Phone`, `u`.`Publish_Key`, `u`.`Qr_Code`, `u`.`Razorpay_Key_Id`, `u`.`Razorpay_Key_Secret`, `u`.`Razorpay_Payment`, `u`.`Role`, `u`.`Secret_Key`, `u`.`Skype`, `u`.`Slug`, `u`.`Specialist`, `u`.`Status`, `u`.`Stripe_Payment`, `u`.`Thumb`, `u`.`Trial_Expire`, `u`.`Twitter`, `u`.`User_Name`, `u`.`User_Type`, `u`.`Verify_Code`, `u`.`Whatsapp`
FROM `Users` AS `u`
WHERE `u`.`Id` = @__id_0
LIMIT 1
2023-10-05 17:14:47.400 +05:30  INF  Executing endpoint 'DCRM.Api.Controllers.DealerController.Create (DCRM.Api)'
2023-10-05 17:14:47.405 +05:30  INF  Route matched with {action = "Create", controller = "Dealer"}. Executing controller action with signature System.Threading.Tasks.Task`1[Microsoft.AspNetCore.Mvc.IActionResult] Create(DCRM.Common.Entity.DealerRequest) on controller DCRM.Api.Controllers.DealerController (DCRM.Api).
2023-10-05 17:14:47.494 +05:30  INF  Executing BadRequestObjectResult, writing value of type 'Microsoft.AspNetCore.Mvc.ValidationProblemDetails'.
2023-10-05 17:14:47.518 +05:30  INF  Executed action DCRM.Api.Controllers.DealerController.Create (DCRM.Api) in 112.7253ms
2023-10-05 17:14:47.518 +05:30  INF  Executed endpoint 'DCRM.Api.Controllers.DealerController.Create (DCRM.Api)'
2023-10-05 17:14:47.518 +05:30  INF  Request finished HTTP/2 POST https://localhost:7069/api/Dealer/Create application/json 1328 - 400 - application/problem+json;+charset=utf-8 176.4403ms
2023-10-05 17:15:54.564 +05:30  INF  Request starting HTTP/2 POST https://localhost:7069/api/Dealer/Create application/json 1328
2023-10-05 17:15:54.564 +05:30  INF  CORS policy execution successful.
2023-10-05 17:15:54.572 +05:30  INF  Executed DbCommand (2ms) [Parameters=[@__id_0='?' (DbType = Int32)], CommandType='"Text"', CommandTimeout='30']
SELECT `u`.`Id`, `u`.`About_Me`, `u`.`Account_Type`, `u`.`Address`, `u`.`Available_Days`, `u`.`Bn_Name`, `u`.`City`, `u`.`Country`, `u`.`Created_At`, `u`.`Currency`, `u`.`Degree`, `u`.`Email`, `u`.`Email_Verified`, `u`.`Enable_Appointment`, `u`.`Enable_Rating`, `u`.`Exp_Years`, `u`.`Facebook`, `u`.`Google_Analytics`, `u`.`Image`, `u`.`Instagram`, `u`.`Linkedin`, `u`.`Name`, `u`.`Parent_Id`, `u`.`Password`, `u`.`Paypal_Email`, `u`.`Paypal_Mode`, `u`.`Paypal_Payment`, `u`.`Paystack_Payment`, `u`.`Paystack_Public_Key`, `u`.`Paystack_Secret_Key`, `u`.`Phone`, `u`.`Publish_Key`, `u`.`Qr_Code`, `u`.`Razorpay_Key_Id`, `u`.`Razorpay_Key_Secret`, `u`.`Razorpay_Payment`, `u`.`Role`, `u`.`Secret_Key`, `u`.`Skype`, `u`.`Slug`, `u`.`Specialist`, `u`.`Status`, `u`.`Stripe_Payment`, `u`.`Thumb`, `u`.`Trial_Expire`, `u`.`Twitter`, `u`.`User_Name`, `u`.`User_Type`, `u`.`Verify_Code`, `u`.`Whatsapp`
FROM `Users` AS `u`
WHERE `u`.`Id` = @__id_0
LIMIT 1
2023-10-05 17:15:54.572 +05:30  INF  Executing endpoint 'DCRM.Api.Controllers.DealerController.Create (DCRM.Api)'
2023-10-05 17:15:54.572 +05:30  INF  Route matched with {action = "Create", controller = "Dealer"}. Executing controller action with signature System.Threading.Tasks.Task`1[Microsoft.AspNetCore.Mvc.IActionResult] Create(DCRM.Common.Entity.DealerRequest) on controller DCRM.Api.Controllers.DealerController (DCRM.Api).
2023-10-05 17:15:54.588 +05:30  INF  Executed DbCommand (1ms) [Parameters=[@__request_Company_Name_0='?' (Size = 4000)], CommandType='"Text"', CommandTimeout='30']
SELECT `d`.`Id`, `d`.`Address_O`, `d`.`Address_R`, `d`.`City_O`, `d`.`City_R`, `d`.`Company_Name`, `d`.`Country_O`, `d`.`Country_R`, `d`.`Created_At`, `d`.`Email1`, `d`.`Email2`, `d`.`Gst_Number`, `d`.`Image`, `d`.`Is_Deleted`, `d`.`Own_Name_1`, `d`.`Own_Name_2`, `d`.`Pan_Number`, `d`.`Phone1`, `d`.`Phone2`, `d`.`Staff_Email1`, `d`.`Staff_Email2`, `d`.`Staff_Email3`, `d`.`Staff_Email4`, `d`.`Staff_Name1`, `d`.`Staff_Name2`, `d`.`Staff_Name3`, `d`.`Staff_Name4`, `d`.`Staff_Phone1`, `d`.`Staff_Phone2`, `d`.`Staff_Phone3`, `d`.`Staff_Phone4`, `d`.`Updated_At`, `d`.`User_Id`, `d`.`Zip_O`, `d`.`Zip_R`
FROM `Dealers` AS `d`
WHERE `d`.`Company_Name` = @__request_Company_Name_0
LIMIT 1
2023-10-05 17:15:54.930 +05:30  INF  Executed DbCommand (20ms) [Parameters=[@p0='?' (Size = 4000), @p1='?' (Size = 4000), @p2='?' (Size = 4000), @p3='?' (Size = 4000), @p4='?' (Size = 4000), @p5='?' (Size = 4000), @p6='?' (Size = 4000), @p7='?' (DbType = DateTime), @p8='?' (Size = 4000), @p9='?' (Size = 4000), @p10='?' (Size = 4000), @p11='?' (Size = 4000), @p12='?' (DbType = SByte), @p13='?' (Size = 4000), @p14='?' (Size = 4000), @p15='?' (Size = 4000), @p16='?' (Size = 4000), @p17='?' (Size = 4000), @p18='?' (Size = 4000), @p19='?' (Size = 4000), @p20='?' (Size = 4000), @p21='?' (Size = 4000), @p22='?' (Size = 4000), @p23='?' (Size = 4000), @p24='?' (Size = 4000), @p25='?' (Size = 4000), @p26='?' (DbType = Int64), @p27='?' (DbType = Int64), @p28='?' (DbType = Int64), @p29='?' (DbType = Int64), @p30='?' (DbType = DateTime), @p31='?' (DbType = Int64), @p32='?' (Size = 4000), @p33='?' (Size = 4000)], CommandType='"Text"', CommandTimeout='30']
INSERT INTO `Dealers` (`Address_O`, `Address_R`, `City_O`, `City_R`, `Company_Name`, `Country_O`, `Country_R`, `Created_At`, `Email1`, `Email2`, `Gst_Number`, `Image`, `Is_Deleted`, `Own_Name_1`, `Own_Name_2`, `Pan_Number`, `Phone1`, `Phone2`, `Staff_Email1`, `Staff_Email2`, `Staff_Email3`, `Staff_Email4`, `Staff_Name1`, `Staff_Name2`, `Staff_Name3`, `Staff_Name4`, `Staff_Phone1`, `Staff_Phone2`, `Staff_Phone3`, `Staff_Phone4`, `Updated_At`, `User_Id`, `Zip_O`, `Zip_R`)
VALUES (@p0, @p1, @p2, @p3, @p4, @p5, @p6, @p7, @p8, @p9, @p10, @p11, @p12, @p13, @p14, @p15, @p16, @p17, @p18, @p19, @p20, @p21, @p22, @p23, @p24, @p25, @p26, @p27, @p28, @p29, @p30, @p31, @p32, @p33);
SELECT `Id`
FROM `Dealers`
WHERE ROW_COUNT() = 1 AND `Id` = LAST_INSERT_ID();
2023-10-05 17:15:55.011 +05:30  INF  Executed DbCommand (1ms) [Parameters=[@p0='?' (DbType = Int64), @p1='?' (Size = 4000), @p2='?' (DbType = Int64), @p3='?' (Size = 4000), @p4='?' (Size = 4000), @p5='?' (DbType = DateTime)], CommandType='"Text"', CommandTimeout='30']
INSERT INTO `Dealer_Bank_Details` (`Bank_Account_Number`, `Bank_Name`, `Dealer_Id`, `Ifsc_Code`, `Remarks`, `Updated_At`)
VALUES (@p0, @p1, @p2, @p3, @p4, @p5);
SELECT `Id`
FROM `Dealer_Bank_Details`
WHERE ROW_COUNT() = 1 AND `Id` = LAST_INSERT_ID();
2023-10-05 17:15:55.033 +05:30  INF  Executed DbCommand (5ms) [Parameters=[@p0='?' (DbType = Int64), @p1='?' (DbType = Single), @p2='?' (DbType = DateTime), @p3='?' (Size = 4000)], CommandType='"Text"', CommandTimeout='30']
INSERT INTO `Dealer_Material` (`Dealer_Id`, `Material_Cost`, `Material_Date`, `Material_Name`)
VALUES (@p0, @p1, @p2, @p3);
SELECT `Id`
FROM `Dealer_Material`
WHERE ROW_COUNT() = 1 AND `Id` = LAST_INSERT_ID();
2023-10-05 17:15:55.041 +05:30  INF  Executing OkObjectResult, writing value of type 'System.String'.
2023-10-05 17:15:55.042 +05:30  INF  Executed action DCRM.Api.Controllers.DealerController.Create (DCRM.Api) in 469.3496ms
2023-10-05 17:15:55.042 +05:30  INF  Executed endpoint 'DCRM.Api.Controllers.DealerController.Create (DCRM.Api)'
2023-10-05 17:15:55.042 +05:30  INF  Request finished HTTP/2 POST https://localhost:7069/api/Dealer/Create application/json 1328 - 200 - text/plain;+charset=utf-8 478.4449ms
2023-10-05 17:18:08.276 +05:30  INF  Request starting HTTP/2 POST https://localhost:7069/api/Dealer/Update application/json 1327
2023-10-05 17:18:08.277 +05:30  INF  CORS policy execution successful.
2023-10-05 17:18:08.288 +05:30  INF  Executed DbCommand (2ms) [Parameters=[@__id_0='?' (DbType = Int32)], CommandType='"Text"', CommandTimeout='30']
SELECT `u`.`Id`, `u`.`About_Me`, `u`.`Account_Type`, `u`.`Address`, `u`.`Available_Days`, `u`.`Bn_Name`, `u`.`City`, `u`.`Country`, `u`.`Created_At`, `u`.`Currency`, `u`.`Degree`, `u`.`Email`, `u`.`Email_Verified`, `u`.`Enable_Appointment`, `u`.`Enable_Rating`, `u`.`Exp_Years`, `u`.`Facebook`, `u`.`Google_Analytics`, `u`.`Image`, `u`.`Instagram`, `u`.`Linkedin`, `u`.`Name`, `u`.`Parent_Id`, `u`.`Password`, `u`.`Paypal_Email`, `u`.`Paypal_Mode`, `u`.`Paypal_Payment`, `u`.`Paystack_Payment`, `u`.`Paystack_Public_Key`, `u`.`Paystack_Secret_Key`, `u`.`Phone`, `u`.`Publish_Key`, `u`.`Qr_Code`, `u`.`Razorpay_Key_Id`, `u`.`Razorpay_Key_Secret`, `u`.`Razorpay_Payment`, `u`.`Role`, `u`.`Secret_Key`, `u`.`Skype`, `u`.`Slug`, `u`.`Specialist`, `u`.`Status`, `u`.`Stripe_Payment`, `u`.`Thumb`, `u`.`Trial_Expire`, `u`.`Twitter`, `u`.`User_Name`, `u`.`User_Type`, `u`.`Verify_Code`, `u`.`Whatsapp`
FROM `Users` AS `u`
WHERE `u`.`Id` = @__id_0
LIMIT 1
2023-10-05 17:18:08.289 +05:30  INF  Executing endpoint 'DCRM.Api.Controllers.DealerController.Update (DCRM.Api)'
2023-10-05 17:18:08.295 +05:30  INF  Route matched with {action = "Update", controller = "Dealer"}. Executing controller action with signature System.Threading.Tasks.Task`1[Microsoft.AspNetCore.Mvc.IActionResult] Update(DCRM.Common.Entity.DealerRequest) on controller DCRM.Api.Controllers.DealerController (DCRM.Api).
2023-10-05 17:18:08.296 +05:30  INF  Executing BadRequestObjectResult, writing value of type 'Microsoft.AspNetCore.Mvc.ValidationProblemDetails'.
2023-10-05 17:18:08.296 +05:30  INF  Executed action DCRM.Api.Controllers.DealerController.Update (DCRM.Api) in 1.2201ms
2023-10-05 17:18:08.296 +05:30  INF  Executed endpoint 'DCRM.Api.Controllers.DealerController.Update (DCRM.Api)'
2023-10-05 17:18:08.296 +05:30  INF  Request finished HTTP/2 POST https://localhost:7069/api/Dealer/Update application/json 1327 - 400 - application/problem+json;+charset=utf-8 19.7770ms
2023-10-05 17:18:58.760 +05:30  INF  Request starting HTTP/2 POST https://localhost:7069/api/Dealer/Update application/json 1327
2023-10-05 17:18:58.760 +05:30  INF  CORS policy execution successful.
2023-10-05 17:18:58.778 +05:30  INF  Executed DbCommand (5ms) [Parameters=[@__id_0='?' (DbType = Int32)], CommandType='"Text"', CommandTimeout='30']
SELECT `u`.`Id`, `u`.`About_Me`, `u`.`Account_Type`, `u`.`Address`, `u`.`Available_Days`, `u`.`Bn_Name`, `u`.`City`, `u`.`Country`, `u`.`Created_At`, `u`.`Currency`, `u`.`Degree`, `u`.`Email`, `u`.`Email_Verified`, `u`.`Enable_Appointment`, `u`.`Enable_Rating`, `u`.`Exp_Years`, `u`.`Facebook`, `u`.`Google_Analytics`, `u`.`Image`, `u`.`Instagram`, `u`.`Linkedin`, `u`.`Name`, `u`.`Parent_Id`, `u`.`Password`, `u`.`Paypal_Email`, `u`.`Paypal_Mode`, `u`.`Paypal_Payment`, `u`.`Paystack_Payment`, `u`.`Paystack_Public_Key`, `u`.`Paystack_Secret_Key`, `u`.`Phone`, `u`.`Publish_Key`, `u`.`Qr_Code`, `u`.`Razorpay_Key_Id`, `u`.`Razorpay_Key_Secret`, `u`.`Razorpay_Payment`, `u`.`Role`, `u`.`Secret_Key`, `u`.`Skype`, `u`.`Slug`, `u`.`Specialist`, `u`.`Status`, `u`.`Stripe_Payment`, `u`.`Thumb`, `u`.`Trial_Expire`, `u`.`Twitter`, `u`.`User_Name`, `u`.`User_Type`, `u`.`Verify_Code`, `u`.`Whatsapp`
FROM `Users` AS `u`
WHERE `u`.`Id` = @__id_0
LIMIT 1
2023-10-05 17:18:58.778 +05:30  INF  Executing endpoint 'DCRM.Api.Controllers.DealerController.Update (DCRM.Api)'
2023-10-05 17:18:58.778 +05:30  INF  Route matched with {action = "Update", controller = "Dealer"}. Executing controller action with signature System.Threading.Tasks.Task`1[Microsoft.AspNetCore.Mvc.IActionResult] Update(DCRM.Common.Entity.DealerRequest) on controller DCRM.Api.Controllers.DealerController (DCRM.Api).
2023-10-05 17:18:58.789 +05:30  INF  Executed DbCommand (1ms) [Parameters=[@__request_Id_0='?' (DbType = Int32)], CommandType='"Text"', CommandTimeout='30']
SELECT `d`.`Id`, `d`.`Address_O`, `d`.`Address_R`, `d`.`City_O`, `d`.`City_R`, `d`.`Company_Name`, `d`.`Country_O`, `d`.`Country_R`, `d`.`Created_At`, `d`.`Email1`, `d`.`Email2`, `d`.`Gst_Number`, `d`.`Image`, `d`.`Is_Deleted`, `d`.`Own_Name_1`, `d`.`Own_Name_2`, `d`.`Pan_Number`, `d`.`Phone1`, `d`.`Phone2`, `d`.`Staff_Email1`, `d`.`Staff_Email2`, `d`.`Staff_Email3`, `d`.`Staff_Email4`, `d`.`Staff_Name1`, `d`.`Staff_Name2`, `d`.`Staff_Name3`, `d`.`Staff_Name4`, `d`.`Staff_Phone1`, `d`.`Staff_Phone2`, `d`.`Staff_Phone3`, `d`.`Staff_Phone4`, `d`.`Updated_At`, `d`.`User_Id`, `d`.`Zip_O`, `d`.`Zip_R`
FROM `Dealers` AS `d`
WHERE `d`.`Id` = @__request_Id_0
LIMIT 1
2023-10-05 17:18:58.805 +05:30  INF  Executed DbCommand (8ms) [Parameters=[@p34='?' (DbType = Int32), @p0='?' (Size = 4000), @p1='?' (Size = 4000), @p2='?' (Size = 4000), @p3='?' (Size = 4000), @p4='?' (Size = 4000), @p5='?' (Size = 4000), @p6='?' (Size = 4000), @p7='?' (DbType = DateTime), @p8='?' (Size = 4000), @p9='?' (Size = 4000), @p10='?' (Size = 4000), @p11='?' (Size = 4000), @p12='?' (DbType = SByte), @p13='?' (Size = 4000), @p14='?' (Size = 4000), @p15='?' (Size = 4000), @p16='?' (Size = 4000), @p17='?' (Size = 4000), @p18='?' (Size = 4000), @p19='?' (Size = 4000), @p20='?' (Size = 4000), @p21='?' (Size = 4000), @p22='?' (Size = 4000), @p23='?' (Size = 4000), @p24='?' (Size = 4000), @p25='?' (Size = 4000), @p26='?' (DbType = Int64), @p27='?' (DbType = Int64), @p28='?' (DbType = Int64), @p29='?' (DbType = Int64), @p30='?' (DbType = DateTime), @p31='?' (DbType = Int64), @p32='?' (Size = 4000), @p33='?' (Size = 4000)], CommandType='"Text"', CommandTimeout='30']
UPDATE `Dealers` SET `Address_O` = @p0, `Address_R` = @p1, `City_O` = @p2, `City_R` = @p3, `Company_Name` = @p4, `Country_O` = @p5, `Country_R` = @p6, `Created_At` = @p7, `Email1` = @p8, `Email2` = @p9, `Gst_Number` = @p10, `Image` = @p11, `Is_Deleted` = @p12, `Own_Name_1` = @p13, `Own_Name_2` = @p14, `Pan_Number` = @p15, `Phone1` = @p16, `Phone2` = @p17, `Staff_Email1` = @p18, `Staff_Email2` = @p19, `Staff_Email3` = @p20, `Staff_Email4` = @p21, `Staff_Name1` = @p22, `Staff_Name2` = @p23, `Staff_Name3` = @p24, `Staff_Name4` = @p25, `Staff_Phone1` = @p26, `Staff_Phone2` = @p27, `Staff_Phone3` = @p28, `Staff_Phone4` = @p29, `Updated_At` = @p30, `User_Id` = @p31, `Zip_O` = @p32, `Zip_R` = @p33
WHERE `Id` = @p34;
2023-10-05 17:18:58.810 +05:30  INF  Executed DbCommand (1ms) [Parameters=[@__item_Id_0='?' (DbType = Int64)], CommandType='"Text"', CommandTimeout='30']
SELECT `d`.`Id`, `d`.`Bank_Account_Number`, `d`.`Bank_Name`, `d`.`Dealer_Id`, `d`.`Ifsc_Code`, `d`.`Remarks`, `d`.`Updated_At`
FROM `Dealer_Bank_Details` AS `d`
WHERE `d`.`Id` = @__item_Id_0
LIMIT 1
2023-10-05 17:18:58.812 +05:30  INF  Executed DbCommand (1ms) [Parameters=[@p0='?' (DbType = Int64), @p1='?' (Size = 4000), @p2='?' (DbType = Int64), @p3='?' (Size = 4000), @p4='?' (Size = 4000), @p5='?' (DbType = DateTime)], CommandType='"Text"', CommandTimeout='30']
INSERT INTO `Dealer_Bank_Details` (`Bank_Account_Number`, `Bank_Name`, `Dealer_Id`, `Ifsc_Code`, `Remarks`, `Updated_At`)
VALUES (@p0, @p1, @p2, @p3, @p4, @p5);
SELECT `Id`
FROM `Dealer_Bank_Details`
WHERE ROW_COUNT() = 1 AND `Id` = LAST_INSERT_ID();
2023-10-05 17:18:58.818 +05:30  INF  Executed DbCommand (1ms) [Parameters=[@__item_Id_0='?' (DbType = Int32)], CommandType='"Text"', CommandTimeout='30']
SELECT `d`.`Id`, `d`.`Dealer_Id`, `d`.`Material_Cost`, `d`.`Material_Date`, `d`.`Material_Name`
FROM `Dealer_Material` AS `d`
WHERE `d`.`Id` = @__item_Id_0
LIMIT 1
2023-10-05 17:18:58.820 +05:30  INF  Executed DbCommand (1ms) [Parameters=[@p0='?' (DbType = Int64), @p1='?' (DbType = Single), @p2='?' (DbType = DateTime), @p3='?' (Size = 4000)], CommandType='"Text"', CommandTimeout='30']
INSERT INTO `Dealer_Material` (`Dealer_Id`, `Material_Cost`, `Material_Date`, `Material_Name`)
VALUES (@p0, @p1, @p2, @p3);
SELECT `Id`
FROM `Dealer_Material`
WHERE ROW_COUNT() = 1 AND `Id` = LAST_INSERT_ID();
2023-10-05 17:18:58.822 +05:30  INF  Executing OkObjectResult, writing value of type 'System.String'.
2023-10-05 17:18:58.823 +05:30  INF  Executed action DCRM.Api.Controllers.DealerController.Update (DCRM.Api) in 44.4048ms
2023-10-05 17:18:58.823 +05:30  INF  Executed endpoint 'DCRM.Api.Controllers.DealerController.Update (DCRM.Api)'
2023-10-05 17:18:58.823 +05:30  INF  Request finished HTTP/2 POST https://localhost:7069/api/Dealer/Update application/json 1327 - 200 - text/plain;+charset=utf-8 63.0573ms
2023-10-05 17:19:49.611 +05:30  INF  Request starting HTTP/2 DELETE https://localhost:7069/api/Dealer/Delete/26?userId=2 - -
2023-10-05 17:19:49.611 +05:30  INF  CORS policy execution successful.
2023-10-05 17:19:49.628 +05:30  INF  Executed DbCommand (8ms) [Parameters=[@__id_0='?' (DbType = Int32)], CommandType='"Text"', CommandTimeout='30']
SELECT `u`.`Id`, `u`.`About_Me`, `u`.`Account_Type`, `u`.`Address`, `u`.`Available_Days`, `u`.`Bn_Name`, `u`.`City`, `u`.`Country`, `u`.`Created_At`, `u`.`Currency`, `u`.`Degree`, `u`.`Email`, `u`.`Email_Verified`, `u`.`Enable_Appointment`, `u`.`Enable_Rating`, `u`.`Exp_Years`, `u`.`Facebook`, `u`.`Google_Analytics`, `u`.`Image`, `u`.`Instagram`, `u`.`Linkedin`, `u`.`Name`, `u`.`Parent_Id`, `u`.`Password`, `u`.`Paypal_Email`, `u`.`Paypal_Mode`, `u`.`Paypal_Payment`, `u`.`Paystack_Payment`, `u`.`Paystack_Public_Key`, `u`.`Paystack_Secret_Key`, `u`.`Phone`, `u`.`Publish_Key`, `u`.`Qr_Code`, `u`.`Razorpay_Key_Id`, `u`.`Razorpay_Key_Secret`, `u`.`Razorpay_Payment`, `u`.`Role`, `u`.`Secret_Key`, `u`.`Skype`, `u`.`Slug`, `u`.`Specialist`, `u`.`Status`, `u`.`Stripe_Payment`, `u`.`Thumb`, `u`.`Trial_Expire`, `u`.`Twitter`, `u`.`User_Name`, `u`.`User_Type`, `u`.`Verify_Code`, `u`.`Whatsapp`
FROM `Users` AS `u`
WHERE `u`.`Id` = @__id_0
LIMIT 1
2023-10-05 17:19:49.629 +05:30  INF  Executing endpoint 'DCRM.Api.Controllers.DealerController.Delete (DCRM.Api)'
2023-10-05 17:19:49.634 +05:30  INF  Route matched with {action = "Delete", controller = "Dealer"}. Executing controller action with signature System.Threading.Tasks.Task`1[Microsoft.AspNetCore.Mvc.IActionResult] Delete(Int64, Int32) on controller DCRM.Api.Controllers.DealerController (DCRM.Api).
2023-10-05 17:19:49.673 +05:30  INF  Executed DbCommand (3ms) [Parameters=[@__id_0='?' (DbType = Int32), @__userId_1='?' (DbType = Int64)], CommandType='"Text"', CommandTimeout='30']
SELECT `d`.`Id`, `d`.`Address_O`, `d`.`Address_R`, `d`.`City_O`, `d`.`City_R`, `d`.`Company_Name`, `d`.`Country_O`, `d`.`Country_R`, `d`.`Created_At`, `d`.`Email1`, `d`.`Email2`, `d`.`Gst_Number`, `d`.`Image`, `d`.`Is_Deleted`, `d`.`Own_Name_1`, `d`.`Own_Name_2`, `d`.`Pan_Number`, `d`.`Phone1`, `d`.`Phone2`, `d`.`Staff_Email1`, `d`.`Staff_Email2`, `d`.`Staff_Email3`, `d`.`Staff_Email4`, `d`.`Staff_Name1`, `d`.`Staff_Name2`, `d`.`Staff_Name3`, `d`.`Staff_Name4`, `d`.`Staff_Phone1`, `d`.`Staff_Phone2`, `d`.`Staff_Phone3`, `d`.`Staff_Phone4`, `d`.`Updated_At`, `d`.`User_Id`, `d`.`Zip_O`, `d`.`Zip_R`
FROM `Dealers` AS `d`
WHERE (`d`.`Id` = @__id_0) AND (`d`.`User_Id` = @__userId_1)
LIMIT 1
2023-10-05 17:19:49.678 +05:30  INF  Executed DbCommand (2ms) [Parameters=[@p34='?' (DbType = Int32), @p0='?' (Size = 4000), @p1='?' (Size = 4000), @p2='?' (Size = 4000), @p3='?' (Size = 4000), @p4='?' (Size = 4000), @p5='?' (Size = 4000), @p6='?' (Size = 4000), @p7='?' (DbType = DateTime), @p8='?' (Size = 4000), @p9='?' (Size = 4000), @p10='?' (Size = 4000), @p11='?' (Size = 4000), @p12='?' (DbType = SByte), @p13='?' (Size = 4000), @p14='?' (Size = 4000), @p15='?' (Size = 4000), @p16='?' (Size = 4000), @p17='?' (Size = 4000), @p18='?' (Size = 4000), @p19='?' (Size = 4000), @p20='?' (Size = 4000), @p21='?' (Size = 4000), @p22='?' (Size = 4000), @p23='?' (Size = 4000), @p24='?' (Size = 4000), @p25='?' (Size = 4000), @p26='?' (DbType = Int64), @p27='?' (DbType = Int64), @p28='?' (DbType = Int64), @p29='?' (DbType = Int64), @p30='?' (DbType = DateTime), @p31='?' (DbType = Int64), @p32='?' (Size = 4000), @p33='?' (Size = 4000)], CommandType='"Text"', CommandTimeout='30']
UPDATE `Dealers` SET `Address_O` = @p0, `Address_R` = @p1, `City_O` = @p2, `City_R` = @p3, `Company_Name` = @p4, `Country_O` = @p5, `Country_R` = @p6, `Created_At` = @p7, `Email1` = @p8, `Email2` = @p9, `Gst_Number` = @p10, `Image` = @p11, `Is_Deleted` = @p12, `Own_Name_1` = @p13, `Own_Name_2` = @p14, `Pan_Number` = @p15, `Phone1` = @p16, `Phone2` = @p17, `Staff_Email1` = @p18, `Staff_Email2` = @p19, `Staff_Email3` = @p20, `Staff_Email4` = @p21, `Staff_Name1` = @p22, `Staff_Name2` = @p23, `Staff_Name3` = @p24, `Staff_Name4` = @p25, `Staff_Phone1` = @p26, `Staff_Phone2` = @p27, `Staff_Phone3` = @p28, `Staff_Phone4` = @p29, `Updated_At` = @p30, `User_Id` = @p31, `Zip_O` = @p32, `Zip_R` = @p33
WHERE `Id` = @p34;
2023-10-05 17:19:49.680 +05:30  INF  Executing OkObjectResult, writing value of type 'System.Int32'.
2023-10-05 17:19:49.686 +05:30  INF  Executed action DCRM.Api.Controllers.DealerController.Delete (DCRM.Api) in 51.8846ms
2023-10-05 17:19:49.687 +05:30  INF  Executed endpoint 'DCRM.Api.Controllers.DealerController.Delete (DCRM.Api)'
2023-10-05 17:19:49.688 +05:30  INF  Request finished HTTP/2 DELETE https://localhost:7069/api/Dealer/Delete/26?userId=2 - - - 200 - application/json;+charset=utf-8 77.1832ms
2023-10-05 17:22:10.214 +05:30  INF  Request starting HTTP/2 OPTIONS https://localhost:7069/api/Dealer/GetAll - -
2023-10-05 17:22:10.214 +05:30  INF  CORS policy execution successful.
2023-10-05 17:22:10.214 +05:30  INF  Request finished HTTP/2 OPTIONS https://localhost:7069/api/Dealer/GetAll - - - 204 - - 0.3881ms
2023-10-05 17:22:10.216 +05:30  INF  Request starting HTTP/2 GET https://localhost:7069/api/Dealer/GetAll application/json -
2023-10-05 17:22:10.216 +05:30  INF  CORS policy execution successful.
2023-10-05 17:22:10.229 +05:30  INF  Executed DbCommand (6ms) [Parameters=[@__id_0='?' (DbType = Int32)], CommandType='"Text"', CommandTimeout='30']
SELECT `u`.`Id`, `u`.`About_Me`, `u`.`Account_Type`, `u`.`Address`, `u`.`Available_Days`, `u`.`Bn_Name`, `u`.`City`, `u`.`Country`, `u`.`Created_At`, `u`.`Currency`, `u`.`Degree`, `u`.`Email`, `u`.`Email_Verified`, `u`.`Enable_Appointment`, `u`.`Enable_Rating`, `u`.`Exp_Years`, `u`.`Facebook`, `u`.`Google_Analytics`, `u`.`Image`, `u`.`Instagram`, `u`.`Linkedin`, `u`.`Name`, `u`.`Parent_Id`, `u`.`Password`, `u`.`Paypal_Email`, `u`.`Paypal_Mode`, `u`.`Paypal_Payment`, `u`.`Paystack_Payment`, `u`.`Paystack_Public_Key`, `u`.`Paystack_Secret_Key`, `u`.`Phone`, `u`.`Publish_Key`, `u`.`Qr_Code`, `u`.`Razorpay_Key_Id`, `u`.`Razorpay_Key_Secret`, `u`.`Razorpay_Payment`, `u`.`Role`, `u`.`Secret_Key`, `u`.`Skype`, `u`.`Slug`, `u`.`Specialist`, `u`.`Status`, `u`.`Stripe_Payment`, `u`.`Thumb`, `u`.`Trial_Expire`, `u`.`Twitter`, `u`.`User_Name`, `u`.`User_Type`, `u`.`Verify_Code`, `u`.`Whatsapp`
FROM `Users` AS `u`
WHERE `u`.`Id` = @__id_0
LIMIT 1
2023-10-05 17:22:10.230 +05:30  INF  Executing endpoint 'DCRM.Api.Controllers.DealerController.GetAllAsync (DCRM.Api)'
2023-10-05 17:22:10.231 +05:30  INF  Route matched with {action = "GetAll", controller = "Dealer"}. Executing controller action with signature System.Threading.Tasks.Task`1[System.Collections.Generic.IEnumerable`1[DCRM.Common.Dto.DealerDto]] GetAllAsync() on controller DCRM.Api.Controllers.DealerController (DCRM.Api).
2023-10-05 17:22:10.234 +05:30  INF  Executed DbCommand (1ms) [Parameters=[@__userId_0='?' (DbType = Int64)], CommandType='"Text"', CommandTimeout='30']
SELECT `d`.`Id`, `d`.`Address_O`, `d`.`Address_R`, `d`.`City_O`, `d`.`City_R`, `d`.`Company_Name`, `d`.`Country_O`, `d`.`Country_R`, `d`.`Created_At`, `d`.`Email1`, `d`.`Email2`, `d`.`Gst_Number`, `d`.`Image`, `d`.`Is_Deleted`, `d`.`Own_Name_1`, `d`.`Own_Name_2`, `d`.`Pan_Number`, `d`.`Phone1`, `d`.`Phone2`, `d`.`Staff_Email1`, `d`.`Staff_Email2`, `d`.`Staff_Email3`, `d`.`Staff_Email4`, `d`.`Staff_Name1`, `d`.`Staff_Name2`, `d`.`Staff_Name3`, `d`.`Staff_Name4`, `d`.`Staff_Phone1`, `d`.`Staff_Phone2`, `d`.`Staff_Phone3`, `d`.`Staff_Phone4`, `d`.`Updated_At`, `d`.`User_Id`, `d`.`Zip_O`, `d`.`Zip_R`
FROM `Dealers` AS `d`
WHERE (`d`.`Is_Deleted` = 0) AND (`d`.`User_Id` = @__userId_0)
2023-10-05 17:22:10.236 +05:30  INF  Executed DbCommand (0ms) [Parameters=[@__p_0='?' (DbType = Int64)], CommandType='"Text"', CommandTimeout='30']
SELECT `d`.`Id`, `d`.`Bank_Account_Number`, `d`.`Bank_Name`, `d`.`Dealer_Id`, `d`.`Ifsc_Code`, `d`.`Remarks`, `d`.`Updated_At`
FROM `Dealer_Bank_Details` AS `d`
WHERE `d`.`Dealer_Id` = @__p_0
2023-10-05 17:22:10.237 +05:30  INF  Executed DbCommand (0ms) [Parameters=[@__p_0='?' (DbType = Int64)], CommandType='"Text"', CommandTimeout='30']
SELECT `d`.`Id`, `d`.`Dealer_Id`, `d`.`Material_Cost`, `d`.`Material_Date`, `d`.`Material_Name`
FROM `Dealer_Material` AS `d`
WHERE `d`.`Dealer_Id` = @__p_0
2023-10-05 17:22:10.237 +05:30  INF  Executed DbCommand (0ms) [Parameters=[@__p_0='?' (DbType = Int64)], CommandType='"Text"', CommandTimeout='30']
SELECT `d`.`Id`, `d`.`Bank_Account_Number`, `d`.`Bank_Name`, `d`.`Dealer_Id`, `d`.`Ifsc_Code`, `d`.`Remarks`, `d`.`Updated_At`
FROM `Dealer_Bank_Details` AS `d`
WHERE `d`.`Dealer_Id` = @__p_0
2023-10-05 17:22:10.238 +05:30  INF  Executed DbCommand (0ms) [Parameters=[@__p_0='?' (DbType = Int64)], CommandType='"Text"', CommandTimeout='30']
SELECT `d`.`Id`, `d`.`Dealer_Id`, `d`.`Material_Cost`, `d`.`Material_Date`, `d`.`Material_Name`
FROM `Dealer_Material` AS `d`
WHERE `d`.`Dealer_Id` = @__p_0
2023-10-05 17:22:10.239 +05:30  INF  Executed DbCommand (0ms) [Parameters=[@__p_0='?' (DbType = Int64)], CommandType='"Text"', CommandTimeout='30']
SELECT `d`.`Id`, `d`.`Bank_Account_Number`, `d`.`Bank_Name`, `d`.`Dealer_Id`, `d`.`Ifsc_Code`, `d`.`Remarks`, `d`.`Updated_At`
FROM `Dealer_Bank_Details` AS `d`
WHERE `d`.`Dealer_Id` = @__p_0
2023-10-05 17:22:10.240 +05:30  INF  Executed DbCommand (0ms) [Parameters=[@__p_0='?' (DbType = Int64)], CommandType='"Text"', CommandTimeout='30']
SELECT `d`.`Id`, `d`.`Dealer_Id`, `d`.`Material_Cost`, `d`.`Material_Date`, `d`.`Material_Name`
FROM `Dealer_Material` AS `d`
WHERE `d`.`Dealer_Id` = @__p_0
2023-10-05 17:22:10.241 +05:30  INF  Executed DbCommand (0ms) [Parameters=[@__p_0='?' (DbType = Int64)], CommandType='"Text"', CommandTimeout='30']
SELECT `d`.`Id`, `d`.`Bank_Account_Number`, `d`.`Bank_Name`, `d`.`Dealer_Id`, `d`.`Ifsc_Code`, `d`.`Remarks`, `d`.`Updated_At`
FROM `Dealer_Bank_Details` AS `d`
WHERE `d`.`Dealer_Id` = @__p_0
2023-10-05 17:22:10.243 +05:30  INF  Executed DbCommand (1ms) [Parameters=[@__p_0='?' (DbType = Int64)], CommandType='"Text"', CommandTimeout='30']
SELECT `d`.`Id`, `d`.`Dealer_Id`, `d`.`Material_Cost`, `d`.`Material_Date`, `d`.`Material_Name`
FROM `Dealer_Material` AS `d`
WHERE `d`.`Dealer_Id` = @__p_0
2023-10-05 17:22:10.243 +05:30  INF  Executing ObjectResult, writing value of type 'System.Collections.Generic.List`1[[DCRM.Common.Dto.DealerDto, DCRM.Common, Version=1.0.0.0, Culture=neutral, PublicKeyToken=null]]'.
2023-10-05 17:22:10.243 +05:30  INF  Executed action DCRM.Api.Controllers.DealerController.GetAllAsync (DCRM.Api) in 12.12ms
2023-10-05 17:22:10.244 +05:30  INF  Executed endpoint 'DCRM.Api.Controllers.DealerController.GetAllAsync (DCRM.Api)'
2023-10-05 17:22:10.244 +05:30  INF  Request finished HTTP/2 GET https://localhost:7069/api/Dealer/GetAll application/json - - 200 - application/json;+charset=utf-8 27.5837ms
2023-10-05 17:22:13.713 +05:30  INF  Request starting HTTP/2 GET https://localhost:7069/api/Drug/GetMedicineCategoris - -
2023-10-05 17:22:13.714 +05:30  INF  Request starting HTTP/2 GET https://localhost:7069/api/Drug/GetMedicineBrands - -
2023-10-05 17:22:13.714 +05:30  INF  CORS policy execution successful.
2023-10-05 17:22:13.714 +05:30  INF  CORS policy execution successful.
2023-10-05 17:22:13.714 +05:30  INF  Executing endpoint 'DCRM.Api.Controllers.DrugController.GetMedicineCategoris (DCRM.Api)'
2023-10-05 17:22:13.714 +05:30  INF  Executing endpoint 'DCRM.Api.Controllers.DrugController.GetMedicineBrands (DCRM.Api)'
2023-10-05 17:22:13.714 +05:30  INF  Route matched with {action = "GetMedicineBrands", controller = "Drug"}. Executing controller action with signature System.Collections.Generic.List`1[DCRM.Common.Entity.MedicineBrand] GetMedicineBrands() on controller DCRM.Api.Controllers.DrugController (DCRM.Api).
2023-10-05 17:22:13.714 +05:30  INF  Route matched with {action = "GetMedicineCategoris", controller = "Drug"}. Executing controller action with signature System.Collections.Generic.List`1[DCRM.Common.Entity.MedicineCategory] GetMedicineCategoris() on controller DCRM.Api.Controllers.DrugController (DCRM.Api).
2023-10-05 17:22:13.716 +05:30  INF  Executed DbCommand (1ms) [Parameters=[], CommandType='"Text"', CommandTimeout='30']
SELECT `m`.`Id`, `m`.`Basic_Salt`, `m`.`Company_Name`, `m`.`Medicine_Brand`
FROM `Medicine_Brand` AS `m`
2023-10-05 17:22:13.720 +05:30  INF  Executing ObjectResult, writing value of type 'System.Collections.Generic.List`1[[DCRM.Common.Entity.MedicineBrand, DCRM.Common, Version=1.0.0.0, Culture=neutral, PublicKeyToken=null]]'.
2023-10-05 17:22:13.720 +05:30  INF  Executed action DCRM.Api.Controllers.DrugController.GetMedicineBrands (DCRM.Api) in 6.1933ms
2023-10-05 17:22:13.720 +05:30  INF  Executed endpoint 'DCRM.Api.Controllers.DrugController.GetMedicineBrands (DCRM.Api)'
2023-10-05 17:22:13.721 +05:30  INF  Request finished HTTP/2 GET https://localhost:7069/api/Drug/GetMedicineBrands - - - 200 - application/json;+charset=utf-8 7.0099ms
2023-10-05 17:22:13.734 +05:30  INF  Executed DbCommand (0ms) [Parameters=[], CommandType='"Text"', CommandTimeout='30']
SELECT `m`.`Id`, `m`.`Medicine_Category`
FROM `Medicine_Category` AS `m`
2023-10-05 17:22:13.734 +05:30  INF  Executing ObjectResult, writing value of type 'System.Collections.Generic.List`1[[DCRM.Common.Entity.MedicineCategory, DCRM.Common, Version=1.0.0.0, Culture=neutral, PublicKeyToken=null]]'.
2023-10-05 17:22:13.735 +05:30  INF  Executed action DCRM.Api.Controllers.DrugController.GetMedicineCategoris (DCRM.Api) in 20.3817ms
2023-10-05 17:22:13.735 +05:30  INF  Executed endpoint 'DCRM.Api.Controllers.DrugController.GetMedicineCategoris (DCRM.Api)'
2023-10-05 17:22:13.735 +05:30  INF  Request finished HTTP/2 GET https://localhost:7069/api/Drug/GetMedicineCategoris - - - 200 - application/json;+charset=utf-8 21.6489ms
2023-10-05 17:22:25.158 +05:30  INF  Request starting HTTP/2 GET https://localhost:7069/api/Drug/GetMedicineCategoris - -
2023-10-05 17:22:25.159 +05:30  INF  CORS policy execution successful.
2023-10-05 17:22:25.161 +05:30  INF  Executing endpoint 'DCRM.Api.Controllers.DrugController.GetMedicineCategoris (DCRM.Api)'
2023-10-05 17:22:25.161 +05:30  INF  Route matched with {action = "GetMedicineCategoris", controller = "Drug"}. Executing controller action with signature System.Collections.Generic.List`1[DCRM.Common.Entity.MedicineCategory] GetMedicineCategoris() on controller DCRM.Api.Controllers.DrugController (DCRM.Api).
2023-10-05 17:22:25.161 +05:30  INF  Request starting HTTP/2 GET https://localhost:7069/api/Drug/GetMedicineBrands - -
2023-10-05 17:22:25.161 +05:30  INF  CORS policy execution successful.
2023-10-05 17:22:25.162 +05:30  INF  Executing endpoint 'DCRM.Api.Controllers.DrugController.GetMedicineBrands (DCRM.Api)'
2023-10-05 17:22:25.162 +05:30  INF  Route matched with {action = "GetMedicineBrands", controller = "Drug"}. Executing controller action with signature System.Collections.Generic.List`1[DCRM.Common.Entity.MedicineBrand] GetMedicineBrands() on controller DCRM.Api.Controllers.DrugController (DCRM.Api).
2023-10-05 17:22:25.162 +05:30  INF  Executed DbCommand (0ms) [Parameters=[], CommandType='"Text"', CommandTimeout='30']
SELECT `m`.`Id`, `m`.`Medicine_Category`
FROM `Medicine_Category` AS `m`
2023-10-05 17:22:25.162 +05:30  INF  Executing ObjectResult, writing value of type 'System.Collections.Generic.List`1[[DCRM.Common.Entity.MedicineCategory, DCRM.Common, Version=1.0.0.0, Culture=neutral, PublicKeyToken=null]]'.
2023-10-05 17:22:25.162 +05:30  INF  Executed DbCommand (0ms) [Parameters=[], CommandType='"Text"', CommandTimeout='30']
SELECT `m`.`Id`, `m`.`Basic_Salt`, `m`.`Company_Name`, `m`.`Medicine_Brand`
FROM `Medicine_Brand` AS `m`
2023-10-05 17:22:25.162 +05:30  INF  Executed action DCRM.Api.Controllers.DrugController.GetMedicineCategoris (DCRM.Api) in 1.5934ms
2023-10-05 17:22:25.162 +05:30  INF  Executed endpoint 'DCRM.Api.Controllers.DrugController.GetMedicineCategoris (DCRM.Api)'
2023-10-05 17:22:25.163 +05:30  INF  Request finished HTTP/2 GET https://localhost:7069/api/Drug/GetMedicineCategoris - - - 200 - application/json;+charset=utf-8 4.4960ms
2023-10-05 17:22:25.164 +05:30  INF  Executing ObjectResult, writing value of type 'System.Collections.Generic.List`1[[DCRM.Common.Entity.MedicineBrand, DCRM.Common, Version=1.0.0.0, Culture=neutral, PublicKeyToken=null]]'.
2023-10-05 17:22:25.164 +05:30  INF  Executed action DCRM.Api.Controllers.DrugController.GetMedicineBrands (DCRM.Api) in 2.4448ms
2023-10-05 17:22:25.164 +05:30  INF  Executed endpoint 'DCRM.Api.Controllers.DrugController.GetMedicineBrands (DCRM.Api)'
2023-10-05 17:22:25.164 +05:30  INF  Request finished HTTP/2 GET https://localhost:7069/api/Drug/GetMedicineBrands - - - 200 - application/json;+charset=utf-8 3.1380ms
2023-10-05 17:23:00.030 +05:30  INF  Request starting HTTP/2 OPTIONS https://localhost:7069/api/Dealer/GetAll - -
2023-10-05 17:23:00.030 +05:30  INF  CORS policy execution successful.
2023-10-05 17:23:00.034 +05:30  INF  Request finished HTTP/2 OPTIONS https://localhost:7069/api/Dealer/GetAll - - - 204 - - 3.2149ms
2023-10-05 17:23:00.039 +05:30  INF  Request starting HTTP/2 GET https://localhost:7069/api/Dealer/GetAll application/json -
2023-10-05 17:23:00.040 +05:30  INF  CORS policy execution successful.
2023-10-05 17:23:00.046 +05:30  INF  Executed DbCommand (1ms) [Parameters=[@__id_0='?' (DbType = Int32)], CommandType='"Text"', CommandTimeout='30']
SELECT `u`.`Id`, `u`.`About_Me`, `u`.`Account_Type`, `u`.`Address`, `u`.`Available_Days`, `u`.`Bn_Name`, `u`.`City`, `u`.`Country`, `u`.`Created_At`, `u`.`Currency`, `u`.`Degree`, `u`.`Email`, `u`.`Email_Verified`, `u`.`Enable_Appointment`, `u`.`Enable_Rating`, `u`.`Exp_Years`, `u`.`Facebook`, `u`.`Google_Analytics`, `u`.`Image`, `u`.`Instagram`, `u`.`Linkedin`, `u`.`Name`, `u`.`Parent_Id`, `u`.`Password`, `u`.`Paypal_Email`, `u`.`Paypal_Mode`, `u`.`Paypal_Payment`, `u`.`Paystack_Payment`, `u`.`Paystack_Public_Key`, `u`.`Paystack_Secret_Key`, `u`.`Phone`, `u`.`Publish_Key`, `u`.`Qr_Code`, `u`.`Razorpay_Key_Id`, `u`.`Razorpay_Key_Secret`, `u`.`Razorpay_Payment`, `u`.`Role`, `u`.`Secret_Key`, `u`.`Skype`, `u`.`Slug`, `u`.`Specialist`, `u`.`Status`, `u`.`Stripe_Payment`, `u`.`Thumb`, `u`.`Trial_Expire`, `u`.`Twitter`, `u`.`User_Name`, `u`.`User_Type`, `u`.`Verify_Code`, `u`.`Whatsapp`
FROM `Users` AS `u`
WHERE `u`.`Id` = @__id_0
LIMIT 1
2023-10-05 17:23:00.046 +05:30  INF  Executing endpoint 'DCRM.Api.Controllers.DealerController.GetAllAsync (DCRM.Api)'
2023-10-05 17:23:00.046 +05:30  INF  Route matched with {action = "GetAll", controller = "Dealer"}. Executing controller action with signature System.Threading.Tasks.Task`1[System.Collections.Generic.IEnumerable`1[DCRM.Common.Dto.DealerDto]] GetAllAsync() on controller DCRM.Api.Controllers.DealerController (DCRM.Api).
2023-10-05 17:23:00.048 +05:30  INF  Executed DbCommand (1ms) [Parameters=[@__userId_0='?' (DbType = Int64)], CommandType='"Text"', CommandTimeout='30']
SELECT `d`.`Id`, `d`.`Address_O`, `d`.`Address_R`, `d`.`City_O`, `d`.`City_R`, `d`.`Company_Name`, `d`.`Country_O`, `d`.`Country_R`, `d`.`Created_At`, `d`.`Email1`, `d`.`Email2`, `d`.`Gst_Number`, `d`.`Image`, `d`.`Is_Deleted`, `d`.`Own_Name_1`, `d`.`Own_Name_2`, `d`.`Pan_Number`, `d`.`Phone1`, `d`.`Phone2`, `d`.`Staff_Email1`, `d`.`Staff_Email2`, `d`.`Staff_Email3`, `d`.`Staff_Email4`, `d`.`Staff_Name1`, `d`.`Staff_Name2`, `d`.`Staff_Name3`, `d`.`Staff_Name4`, `d`.`Staff_Phone1`, `d`.`Staff_Phone2`, `d`.`Staff_Phone3`, `d`.`Staff_Phone4`, `d`.`Updated_At`, `d`.`User_Id`, `d`.`Zip_O`, `d`.`Zip_R`
FROM `Dealers` AS `d`
WHERE (`d`.`Is_Deleted` = 0) AND (`d`.`User_Id` = @__userId_0)
2023-10-05 17:23:00.049 +05:30  INF  Executed DbCommand (0ms) [Parameters=[@__p_0='?' (DbType = Int64)], CommandType='"Text"', CommandTimeout='30']
SELECT `d`.`Id`, `d`.`Bank_Account_Number`, `d`.`Bank_Name`, `d`.`Dealer_Id`, `d`.`Ifsc_Code`, `d`.`Remarks`, `d`.`Updated_At`
FROM `Dealer_Bank_Details` AS `d`
WHERE `d`.`Dealer_Id` = @__p_0
2023-10-05 17:23:00.049 +05:30  INF  Executed DbCommand (0ms) [Parameters=[@__p_0='?' (DbType = Int64)], CommandType='"Text"', CommandTimeout='30']
SELECT `d`.`Id`, `d`.`Dealer_Id`, `d`.`Material_Cost`, `d`.`Material_Date`, `d`.`Material_Name`
FROM `Dealer_Material` AS `d`
WHERE `d`.`Dealer_Id` = @__p_0
2023-10-05 17:23:00.050 +05:30  INF  Executed DbCommand (0ms) [Parameters=[@__p_0='?' (DbType = Int64)], CommandType='"Text"', CommandTimeout='30']
SELECT `d`.`Id`, `d`.`Bank_Account_Number`, `d`.`Bank_Name`, `d`.`Dealer_Id`, `d`.`Ifsc_Code`, `d`.`Remarks`, `d`.`Updated_At`
FROM `Dealer_Bank_Details` AS `d`
WHERE `d`.`Dealer_Id` = @__p_0
2023-10-05 17:23:00.051 +05:30  INF  Executed DbCommand (0ms) [Parameters=[@__p_0='?' (DbType = Int64)], CommandType='"Text"', CommandTimeout='30']
SELECT `d`.`Id`, `d`.`Dealer_Id`, `d`.`Material_Cost`, `d`.`Material_Date`, `d`.`Material_Name`
FROM `Dealer_Material` AS `d`
WHERE `d`.`Dealer_Id` = @__p_0
2023-10-05 17:23:00.051 +05:30  INF  Executed DbCommand (0ms) [Parameters=[@__p_0='?' (DbType = Int64)], CommandType='"Text"', CommandTimeout='30']
SELECT `d`.`Id`, `d`.`Bank_Account_Number`, `d`.`Bank_Name`, `d`.`Dealer_Id`, `d`.`Ifsc_Code`, `d`.`Remarks`, `d`.`Updated_At`
FROM `Dealer_Bank_Details` AS `d`
WHERE `d`.`Dealer_Id` = @__p_0
2023-10-05 17:23:00.052 +05:30  INF  Executed DbCommand (0ms) [Parameters=[@__p_0='?' (DbType = Int64)], CommandType='"Text"', CommandTimeout='30']
SELECT `d`.`Id`, `d`.`Dealer_Id`, `d`.`Material_Cost`, `d`.`Material_Date`, `d`.`Material_Name`
FROM `Dealer_Material` AS `d`
WHERE `d`.`Dealer_Id` = @__p_0
2023-10-05 17:23:00.053 +05:30  INF  Executed DbCommand (0ms) [Parameters=[@__p_0='?' (DbType = Int64)], CommandType='"Text"', CommandTimeout='30']
SELECT `d`.`Id`, `d`.`Bank_Account_Number`, `d`.`Bank_Name`, `d`.`Dealer_Id`, `d`.`Ifsc_Code`, `d`.`Remarks`, `d`.`Updated_At`
FROM `Dealer_Bank_Details` AS `d`
WHERE `d`.`Dealer_Id` = @__p_0
2023-10-05 17:23:00.054 +05:30  INF  Executed DbCommand (0ms) [Parameters=[@__p_0='?' (DbType = Int64)], CommandType='"Text"', CommandTimeout='30']
SELECT `d`.`Id`, `d`.`Dealer_Id`, `d`.`Material_Cost`, `d`.`Material_Date`, `d`.`Material_Name`
FROM `Dealer_Material` AS `d`
WHERE `d`.`Dealer_Id` = @__p_0
2023-10-05 17:23:00.054 +05:30  INF  Executing ObjectResult, writing value of type 'System.Collections.Generic.List`1[[DCRM.Common.Dto.DealerDto, DCRM.Common, Version=1.0.0.0, Culture=neutral, PublicKeyToken=null]]'.
2023-10-05 17:23:00.054 +05:30  INF  Executed action DCRM.Api.Controllers.DealerController.GetAllAsync (DCRM.Api) in 7.3842ms
2023-10-05 17:23:00.054 +05:30  INF  Executed endpoint 'DCRM.Api.Controllers.DealerController.GetAllAsync (DCRM.Api)'
2023-10-05 17:23:00.054 +05:30  INF  Request finished HTTP/2 GET https://localhost:7069/api/Dealer/GetAll application/json - - 200 - application/json;+charset=utf-8 14.9108ms
2023-10-05 17:25:36.504 +05:30  INF  Request starting HTTP/2 OPTIONS https://localhost:7069/api/dealer/Get/25 - -
2023-10-05 17:25:36.504 +05:30  INF  CORS policy execution successful.
2023-10-05 17:25:36.505 +05:30  INF  Request finished HTTP/2 OPTIONS https://localhost:7069/api/dealer/Get/25 - - - 204 - - 1.1028ms
2023-10-05 17:25:36.507 +05:30  INF  Request starting HTTP/2 GET https://localhost:7069/api/dealer/Get/25 application/json -
2023-10-05 17:25:36.507 +05:30  INF  CORS policy execution successful.
2023-10-05 17:25:36.515 +05:30  INF  Executed DbCommand (1ms) [Parameters=[@__id_0='?' (DbType = Int32)], CommandType='"Text"', CommandTimeout='30']
SELECT `u`.`Id`, `u`.`About_Me`, `u`.`Account_Type`, `u`.`Address`, `u`.`Available_Days`, `u`.`Bn_Name`, `u`.`City`, `u`.`Country`, `u`.`Created_At`, `u`.`Currency`, `u`.`Degree`, `u`.`Email`, `u`.`Email_Verified`, `u`.`Enable_Appointment`, `u`.`Enable_Rating`, `u`.`Exp_Years`, `u`.`Facebook`, `u`.`Google_Analytics`, `u`.`Image`, `u`.`Instagram`, `u`.`Linkedin`, `u`.`Name`, `u`.`Parent_Id`, `u`.`Password`, `u`.`Paypal_Email`, `u`.`Paypal_Mode`, `u`.`Paypal_Payment`, `u`.`Paystack_Payment`, `u`.`Paystack_Public_Key`, `u`.`Paystack_Secret_Key`, `u`.`Phone`, `u`.`Publish_Key`, `u`.`Qr_Code`, `u`.`Razorpay_Key_Id`, `u`.`Razorpay_Key_Secret`, `u`.`Razorpay_Payment`, `u`.`Role`, `u`.`Secret_Key`, `u`.`Skype`, `u`.`Slug`, `u`.`Specialist`, `u`.`Status`, `u`.`Stripe_Payment`, `u`.`Thumb`, `u`.`Trial_Expire`, `u`.`Twitter`, `u`.`User_Name`, `u`.`User_Type`, `u`.`Verify_Code`, `u`.`Whatsapp`
FROM `Users` AS `u`
WHERE `u`.`Id` = @__id_0
LIMIT 1
2023-10-05 17:25:36.515 +05:30  INF  Executing endpoint 'DCRM.Api.Controllers.DealerController.GetAsync (DCRM.Api)'
2023-10-05 17:25:36.515 +05:30  INF  Route matched with {action = "Get", controller = "Dealer"}. Executing controller action with signature System.Threading.Tasks.Task`1[DCRM.Common.Dto.DealerDto] GetAsync(Int32) on controller DCRM.Api.Controllers.DealerController (DCRM.Api).
2023-10-05 17:25:36.520 +05:30  INF  Executed DbCommand (3ms) [Parameters=[@__id_0='?' (DbType = Int32), @__userId_1='?' (DbType = Int64)], CommandType='"Text"', CommandTimeout='30']
SELECT `d`.`Id`, `d`.`Address_O`, `d`.`Address_R`, `d`.`City_O`, `d`.`City_R`, `d`.`Company_Name`, `d`.`Country_O`, `d`.`Country_R`, `d`.`Created_At`, `d`.`Email1`, `d`.`Email2`, `d`.`Gst_Number`, `d`.`Image`, `d`.`Is_Deleted`, `d`.`Own_Name_1`, `d`.`Own_Name_2`, `d`.`Pan_Number`, `d`.`Phone1`, `d`.`Phone2`, `d`.`Staff_Email1`, `d`.`Staff_Email2`, `d`.`Staff_Email3`, `d`.`Staff_Email4`, `d`.`Staff_Name1`, `d`.`Staff_Name2`, `d`.`Staff_Name3`, `d`.`Staff_Name4`, `d`.`Staff_Phone1`, `d`.`Staff_Phone2`, `d`.`Staff_Phone3`, `d`.`Staff_Phone4`, `d`.`Updated_At`, `d`.`User_Id`, `d`.`Zip_O`, `d`.`Zip_R`
FROM `Dealers` AS `d`
WHERE ((`d`.`Id` = @__id_0) AND (`d`.`Is_Deleted` = 0)) AND (`d`.`User_Id` = @__userId_1)
LIMIT 1
2023-10-05 17:25:36.521 +05:30  INF  Executed DbCommand (0ms) [Parameters=[@__p_0='?' (DbType = Int64)], CommandType='"Text"', CommandTimeout='30']
SELECT `d`.`Id`, `d`.`Bank_Account_Number`, `d`.`Bank_Name`, `d`.`Dealer_Id`, `d`.`Ifsc_Code`, `d`.`Remarks`, `d`.`Updated_At`
FROM `Dealer_Bank_Details` AS `d`
WHERE `d`.`Dealer_Id` = @__p_0
2023-10-05 17:25:36.522 +05:30  INF  Executed DbCommand (0ms) [Parameters=[@__p_0='?' (DbType = Int64)], CommandType='"Text"', CommandTimeout='30']
SELECT `d`.`Id`, `d`.`Dealer_Id`, `d`.`Material_Cost`, `d`.`Material_Date`, `d`.`Material_Name`
FROM `Dealer_Material` AS `d`
WHERE `d`.`Dealer_Id` = @__p_0
2023-10-05 17:25:36.522 +05:30  INF  Executing ObjectResult, writing value of type 'DCRM.Common.Dto.DealerDto'.
2023-10-05 17:25:36.522 +05:30  INF  Executed action DCRM.Api.Controllers.DealerController.GetAsync (DCRM.Api) in 6.71ms
2023-10-05 17:25:36.522 +05:30  INF  Executed endpoint 'DCRM.Api.Controllers.DealerController.GetAsync (DCRM.Api)'
2023-10-05 17:25:36.522 +05:30  INF  Request finished HTTP/2 GET https://localhost:7069/api/dealer/Get/25 application/json - - 200 - application/json;+charset=utf-8 16.4165ms
2023-10-05 17:53:20.660 +05:30  INF  Request starting HTTP/2 OPTIONS https://localhost:7069/api/dealer/Get/25 - -
2023-10-05 17:53:20.660 +05:30  INF  CORS policy execution successful.
2023-10-05 17:53:20.661 +05:30  INF  Request finished HTTP/2 OPTIONS https://localhost:7069/api/dealer/Get/25 - - - 204 - - 0.5719ms
2023-10-05 17:53:20.662 +05:30  INF  Request starting HTTP/2 GET https://localhost:7069/api/dealer/Get/25 application/json -
2023-10-05 17:53:20.662 +05:30  INF  CORS policy execution successful.
2023-10-05 17:53:20.695 +05:30  INF  Executed DbCommand (1ms) [Parameters=[@__id_0='?' (DbType = Int32)], CommandType='"Text"', CommandTimeout='30']
SELECT `u`.`Id`, `u`.`About_Me`, `u`.`Account_Type`, `u`.`Address`, `u`.`Available_Days`, `u`.`Bn_Name`, `u`.`City`, `u`.`Country`, `u`.`Created_At`, `u`.`Currency`, `u`.`Degree`, `u`.`Email`, `u`.`Email_Verified`, `u`.`Enable_Appointment`, `u`.`Enable_Rating`, `u`.`Exp_Years`, `u`.`Facebook`, `u`.`Google_Analytics`, `u`.`Image`, `u`.`Instagram`, `u`.`Linkedin`, `u`.`Name`, `u`.`Parent_Id`, `u`.`Password`, `u`.`Paypal_Email`, `u`.`Paypal_Mode`, `u`.`Paypal_Payment`, `u`.`Paystack_Payment`, `u`.`Paystack_Public_Key`, `u`.`Paystack_Secret_Key`, `u`.`Phone`, `u`.`Publish_Key`, `u`.`Qr_Code`, `u`.`Razorpay_Key_Id`, `u`.`Razorpay_Key_Secret`, `u`.`Razorpay_Payment`, `u`.`Role`, `u`.`Secret_Key`, `u`.`Skype`, `u`.`Slug`, `u`.`Specialist`, `u`.`Status`, `u`.`Stripe_Payment`, `u`.`Thumb`, `u`.`Trial_Expire`, `u`.`Twitter`, `u`.`User_Name`, `u`.`User_Type`, `u`.`Verify_Code`, `u`.`Whatsapp`
FROM `Users` AS `u`
WHERE `u`.`Id` = @__id_0
LIMIT 1
2023-10-05 17:53:20.696 +05:30  INF  Executing endpoint 'DCRM.Api.Controllers.DealerController.GetAsync (DCRM.Api)'
2023-10-05 17:53:20.696 +05:30  INF  Route matched with {action = "Get", controller = "Dealer"}. Executing controller action with signature System.Threading.Tasks.Task`1[DCRM.Common.Dto.DealerDto] GetAsync(Int32) on controller DCRM.Api.Controllers.DealerController (DCRM.Api).
2023-10-05 17:53:20.702 +05:30  INF  Executed DbCommand (2ms) [Parameters=[@__id_0='?' (DbType = Int32), @__userId_1='?' (DbType = Int64)], CommandType='"Text"', CommandTimeout='30']
SELECT `d`.`Id`, `d`.`Address_O`, `d`.`Address_R`, `d`.`City_O`, `d`.`City_R`, `d`.`Company_Name`, `d`.`Country_O`, `d`.`Country_R`, `d`.`Created_At`, `d`.`Email1`, `d`.`Email2`, `d`.`Gst_Number`, `d`.`Image`, `d`.`Is_Deleted`, `d`.`Own_Name_1`, `d`.`Own_Name_2`, `d`.`Pan_Number`, `d`.`Phone1`, `d`.`Phone2`, `d`.`Staff_Email1`, `d`.`Staff_Email2`, `d`.`Staff_Email3`, `d`.`Staff_Email4`, `d`.`Staff_Name1`, `d`.`Staff_Name2`, `d`.`Staff_Name3`, `d`.`Staff_Name4`, `d`.`Staff_Phone1`, `d`.`Staff_Phone2`, `d`.`Staff_Phone3`, `d`.`Staff_Phone4`, `d`.`Updated_At`, `d`.`User_Id`, `d`.`Zip_O`, `d`.`Zip_R`
FROM `Dealers` AS `d`
WHERE ((`d`.`Id` = @__id_0) AND (`d`.`Is_Deleted` = 0)) AND (`d`.`User_Id` = @__userId_1)
LIMIT 1
2023-10-05 17:53:20.703 +05:30  INF  Executed DbCommand (0ms) [Parameters=[@__p_0='?' (DbType = Int64)], CommandType='"Text"', CommandTimeout='30']
SELECT `d`.`Id`, `d`.`Bank_Account_Number`, `d`.`Bank_Name`, `d`.`Dealer_Id`, `d`.`Ifsc_Code`, `d`.`Remarks`, `d`.`Updated_At`
FROM `Dealer_Bank_Details` AS `d`
WHERE `d`.`Dealer_Id` = @__p_0
2023-10-05 17:53:20.704 +05:30  INF  Executed DbCommand (1ms) [Parameters=[@__p_0='?' (DbType = Int64)], CommandType='"Text"', CommandTimeout='30']
SELECT `d`.`Id`, `d`.`Dealer_Id`, `d`.`Material_Cost`, `d`.`Material_Date`, `d`.`Material_Name`
FROM `Dealer_Material` AS `d`
WHERE `d`.`Dealer_Id` = @__p_0
2023-10-05 17:53:20.704 +05:30  INF  Executing ObjectResult, writing value of type 'DCRM.Common.Dto.DealerDto'.
2023-10-05 17:53:20.704 +05:30  INF  Executed action DCRM.Api.Controllers.DealerController.GetAsync (DCRM.Api) in 8.7008ms
2023-10-05 17:53:20.704 +05:30  INF  Executed endpoint 'DCRM.Api.Controllers.DealerController.GetAsync (DCRM.Api)'
2023-10-05 17:53:20.705 +05:30  INF  Request finished HTTP/2 GET https://localhost:7069/api/dealer/Get/25 application/json - - 200 - application/json;+charset=utf-8 42.5479ms
2023-10-05 17:54:55.994 +05:30  INF  Request starting HTTP/2 OPTIONS https://localhost:7069/api/dealer/Get/25 - -
2023-10-05 17:54:55.994 +05:30  INF  CORS policy execution successful.
2023-10-05 17:54:55.998 +05:30  INF  Request finished HTTP/2 OPTIONS https://localhost:7069/api/dealer/Get/25 - - - 204 - - 3.8038ms
2023-10-05 17:54:56.004 +05:30  INF  Request starting HTTP/2 GET https://localhost:7069/api/dealer/Get/25 application/json -
2023-10-05 17:54:56.004 +05:30  INF  CORS policy execution successful.
2023-10-05 17:54:56.029 +05:30  INF  Executed DbCommand (1ms) [Parameters=[@__id_0='?' (DbType = Int32)], CommandType='"Text"', CommandTimeout='30']
SELECT `u`.`Id`, `u`.`About_Me`, `u`.`Account_Type`, `u`.`Address`, `u`.`Available_Days`, `u`.`Bn_Name`, `u`.`City`, `u`.`Country`, `u`.`Created_At`, `u`.`Currency`, `u`.`Degree`, `u`.`Email`, `u`.`Email_Verified`, `u`.`Enable_Appointment`, `u`.`Enable_Rating`, `u`.`Exp_Years`, `u`.`Facebook`, `u`.`Google_Analytics`, `u`.`Image`, `u`.`Instagram`, `u`.`Linkedin`, `u`.`Name`, `u`.`Parent_Id`, `u`.`Password`, `u`.`Paypal_Email`, `u`.`Paypal_Mode`, `u`.`Paypal_Payment`, `u`.`Paystack_Payment`, `u`.`Paystack_Public_Key`, `u`.`Paystack_Secret_Key`, `u`.`Phone`, `u`.`Publish_Key`, `u`.`Qr_Code`, `u`.`Razorpay_Key_Id`, `u`.`Razorpay_Key_Secret`, `u`.`Razorpay_Payment`, `u`.`Role`, `u`.`Secret_Key`, `u`.`Skype`, `u`.`Slug`, `u`.`Specialist`, `u`.`Status`, `u`.`Stripe_Payment`, `u`.`Thumb`, `u`.`Trial_Expire`, `u`.`Twitter`, `u`.`User_Name`, `u`.`User_Type`, `u`.`Verify_Code`, `u`.`Whatsapp`
FROM `Users` AS `u`
WHERE `u`.`Id` = @__id_0
LIMIT 1
2023-10-05 17:54:56.030 +05:30  INF  Executing endpoint 'DCRM.Api.Controllers.DealerController.GetAsync (DCRM.Api)'
2023-10-05 17:54:56.030 +05:30  INF  Route matched with {action = "Get", controller = "Dealer"}. Executing controller action with signature System.Threading.Tasks.Task`1[DCRM.Common.Dto.DealerDto] GetAsync(Int32) on controller DCRM.Api.Controllers.DealerController (DCRM.Api).
2023-10-05 17:54:56.035 +05:30  INF  Executed DbCommand (2ms) [Parameters=[@__id_0='?' (DbType = Int32), @__userId_1='?' (DbType = Int64)], CommandType='"Text"', CommandTimeout='30']
SELECT `d`.`Id`, `d`.`Address_O`, `d`.`Address_R`, `d`.`City_O`, `d`.`City_R`, `d`.`Company_Name`, `d`.`Country_O`, `d`.`Country_R`, `d`.`Created_At`, `d`.`Email1`, `d`.`Email2`, `d`.`Gst_Number`, `d`.`Image`, `d`.`Is_Deleted`, `d`.`Own_Name_1`, `d`.`Own_Name_2`, `d`.`Pan_Number`, `d`.`Phone1`, `d`.`Phone2`, `d`.`Staff_Email1`, `d`.`Staff_Email2`, `d`.`Staff_Email3`, `d`.`Staff_Email4`, `d`.`Staff_Name1`, `d`.`Staff_Name2`, `d`.`Staff_Name3`, `d`.`Staff_Name4`, `d`.`Staff_Phone1`, `d`.`Staff_Phone2`, `d`.`Staff_Phone3`, `d`.`Staff_Phone4`, `d`.`Updated_At`, `d`.`User_Id`, `d`.`Zip_O`, `d`.`Zip_R`
FROM `Dealers` AS `d`
WHERE ((`d`.`Id` = @__id_0) AND (`d`.`Is_Deleted` = 0)) AND (`d`.`User_Id` = @__userId_1)
LIMIT 1
2023-10-05 17:54:56.036 +05:30  INF  Executed DbCommand (0ms) [Parameters=[@__p_0='?' (DbType = Int64)], CommandType='"Text"', CommandTimeout='30']
SELECT `d`.`Id`, `d`.`Bank_Account_Number`, `d`.`Bank_Name`, `d`.`Dealer_Id`, `d`.`Ifsc_Code`, `d`.`Remarks`, `d`.`Updated_At`
FROM `Dealer_Bank_Details` AS `d`
WHERE `d`.`Dealer_Id` = @__p_0
2023-10-05 17:54:56.037 +05:30  INF  Executed DbCommand (0ms) [Parameters=[@__p_0='?' (DbType = Int64)], CommandType='"Text"', CommandTimeout='30']
SELECT `d`.`Id`, `d`.`Dealer_Id`, `d`.`Material_Cost`, `d`.`Material_Date`, `d`.`Material_Name`
FROM `Dealer_Material` AS `d`
WHERE `d`.`Dealer_Id` = @__p_0
2023-10-05 17:54:56.037 +05:30  INF  Executing ObjectResult, writing value of type 'DCRM.Common.Dto.DealerDto'.
2023-10-05 17:54:56.037 +05:30  INF  Executed action DCRM.Api.Controllers.DealerController.GetAsync (DCRM.Api) in 7.5881ms
2023-10-05 17:54:56.037 +05:30  INF  Executed endpoint 'DCRM.Api.Controllers.DealerController.GetAsync (DCRM.Api)'
2023-10-05 17:54:56.037 +05:30  INF  Request finished HTTP/2 GET https://localhost:7069/api/dealer/Get/25 application/json - - 200 - application/json;+charset=utf-8 33.8398ms
2023-10-05 17:55:40.093 +05:30  INF  Request starting HTTP/2 OPTIONS https://localhost:7069/api/dealer/Get/25 - -
2023-10-05 17:55:40.093 +05:30  INF  CORS policy execution successful.
2023-10-05 17:55:40.094 +05:30  INF  Request finished HTTP/2 OPTIONS https://localhost:7069/api/dealer/Get/25 - - - 204 - - 1.2119ms
2023-10-05 17:55:40.095 +05:30  INF  Request starting HTTP/2 GET https://localhost:7069/api/dealer/Get/25 application/json -
2023-10-05 17:55:40.095 +05:30  INF  CORS policy execution successful.
2023-10-05 17:55:40.103 +05:30  INF  Executed DbCommand (2ms) [Parameters=[@__id_0='?' (DbType = Int32)], CommandType='"Text"', CommandTimeout='30']
SELECT `u`.`Id`, `u`.`About_Me`, `u`.`Account_Type`, `u`.`Address`, `u`.`Available_Days`, `u`.`Bn_Name`, `u`.`City`, `u`.`Country`, `u`.`Created_At`, `u`.`Currency`, `u`.`Degree`, `u`.`Email`, `u`.`Email_Verified`, `u`.`Enable_Appointment`, `u`.`Enable_Rating`, `u`.`Exp_Years`, `u`.`Facebook`, `u`.`Google_Analytics`, `u`.`Image`, `u`.`Instagram`, `u`.`Linkedin`, `u`.`Name`, `u`.`Parent_Id`, `u`.`Password`, `u`.`Paypal_Email`, `u`.`Paypal_Mode`, `u`.`Paypal_Payment`, `u`.`Paystack_Payment`, `u`.`Paystack_Public_Key`, `u`.`Paystack_Secret_Key`, `u`.`Phone`, `u`.`Publish_Key`, `u`.`Qr_Code`, `u`.`Razorpay_Key_Id`, `u`.`Razorpay_Key_Secret`, `u`.`Razorpay_Payment`, `u`.`Role`, `u`.`Secret_Key`, `u`.`Skype`, `u`.`Slug`, `u`.`Specialist`, `u`.`Status`, `u`.`Stripe_Payment`, `u`.`Thumb`, `u`.`Trial_Expire`, `u`.`Twitter`, `u`.`User_Name`, `u`.`User_Type`, `u`.`Verify_Code`, `u`.`Whatsapp`
FROM `Users` AS `u`
WHERE `u`.`Id` = @__id_0
LIMIT 1
2023-10-05 17:55:40.103 +05:30  INF  Executing endpoint 'DCRM.Api.Controllers.DealerController.GetAsync (DCRM.Api)'
2023-10-05 17:55:40.104 +05:30  INF  Route matched with {action = "Get", controller = "Dealer"}. Executing controller action with signature System.Threading.Tasks.Task`1[DCRM.Common.Dto.DealerDto] GetAsync(Int32) on controller DCRM.Api.Controllers.DealerController (DCRM.Api).
2023-10-05 17:55:40.108 +05:30  INF  Executed DbCommand (3ms) [Parameters=[@__id_0='?' (DbType = Int32), @__userId_1='?' (DbType = Int64)], CommandType='"Text"', CommandTimeout='30']
SELECT `d`.`Id`, `d`.`Address_O`, `d`.`Address_R`, `d`.`City_O`, `d`.`City_R`, `d`.`Company_Name`, `d`.`Country_O`, `d`.`Country_R`, `d`.`Created_At`, `d`.`Email1`, `d`.`Email2`, `d`.`Gst_Number`, `d`.`Image`, `d`.`Is_Deleted`, `d`.`Own_Name_1`, `d`.`Own_Name_2`, `d`.`Pan_Number`, `d`.`Phone1`, `d`.`Phone2`, `d`.`Staff_Email1`, `d`.`Staff_Email2`, `d`.`Staff_Email3`, `d`.`Staff_Email4`, `d`.`Staff_Name1`, `d`.`Staff_Name2`, `d`.`Staff_Name3`, `d`.`Staff_Name4`, `d`.`Staff_Phone1`, `d`.`Staff_Phone2`, `d`.`Staff_Phone3`, `d`.`Staff_Phone4`, `d`.`Updated_At`, `d`.`User_Id`, `d`.`Zip_O`, `d`.`Zip_R`
FROM `Dealers` AS `d`
WHERE ((`d`.`Id` = @__id_0) AND (`d`.`Is_Deleted` = 0)) AND (`d`.`User_Id` = @__userId_1)
LIMIT 1
2023-10-05 17:55:40.109 +05:30  INF  Executed DbCommand (0ms) [Parameters=[@__p_0='?' (DbType = Int64)], CommandType='"Text"', CommandTimeout='30']
SELECT `d`.`Id`, `d`.`Bank_Account_Number`, `d`.`Bank_Name`, `d`.`Dealer_Id`, `d`.`Ifsc_Code`, `d`.`Remarks`, `d`.`Updated_At`
FROM `Dealer_Bank_Details` AS `d`
WHERE `d`.`Dealer_Id` = @__p_0
2023-10-05 17:55:40.110 +05:30  INF  Executed DbCommand (0ms) [Parameters=[@__p_0='?' (DbType = Int64)], CommandType='"Text"', CommandTimeout='30']
SELECT `d`.`Id`, `d`.`Dealer_Id`, `d`.`Material_Cost`, `d`.`Material_Date`, `d`.`Material_Name`
FROM `Dealer_Material` AS `d`
WHERE `d`.`Dealer_Id` = @__p_0
2023-10-05 17:55:40.110 +05:30  INF  Executing ObjectResult, writing value of type 'DCRM.Common.Dto.DealerDto'.
2023-10-05 17:55:40.110 +05:30  INF  Executed action DCRM.Api.Controllers.DealerController.GetAsync (DCRM.Api) in 6.8595ms
2023-10-05 17:55:40.110 +05:30  INF  Executed endpoint 'DCRM.Api.Controllers.DealerController.GetAsync (DCRM.Api)'
2023-10-05 17:55:40.111 +05:30  INF  Request finished HTTP/2 GET https://localhost:7069/api/dealer/Get/25 application/json - - 200 - application/json;+charset=utf-8 15.5752ms
2023-10-05 18:10:48.636 +05:30  INF  User profile is available. Using 'C:\Users\91812\AppData\Local\ASP.NET\DataProtection-Keys' as key repository and Windows DPAPI to encrypt keys at rest.
2023-10-05 18:10:48.747 +05:30  INF  Now listening on: https://localhost:7069
2023-10-05 18:10:48.747 +05:30  INF  Now listening on: http://localhost:5069
2023-10-05 18:10:48.749 +05:30  INF  Application started. Press Ctrl+C to shut down.
2023-10-05 18:10:48.749 +05:30  INF  Hosting environment: Development
2023-10-05 18:10:48.749 +05:30  INF  Content root path: D:\ez-technologies\virmani_dotnet\DCRM.Api\
2023-10-05 18:10:49.316 +05:30  INF  Request starting HTTP/2 GET https://localhost:7069/swagger/index.html - -
2023-10-05 18:10:49.510 +05:30  INF  Request finished HTTP/2 GET https://localhost:7069/swagger/index.html - - - 200 - text/html;charset=utf-8 196.5345ms
2023-10-05 18:10:49.527 +05:30  INF  Request starting HTTP/2 GET https://localhost:7069/swagger/swagger-ui.css - -
2023-10-05 18:10:49.534 +05:30  INF  Request starting HTTP/2 GET https://localhost:7069/_framework/aspnetcore-browser-refresh.js - -
2023-10-05 18:10:49.535 +05:30  INF  Request starting HTTP/2 GET https://localhost:7069/_vs/browserLink - -
2023-10-05 18:10:49.537 +05:30  INF  Request finished HTTP/2 GET https://localhost:7069/_framework/aspnetcore-browser-refresh.js - - - 200 12348 application/javascript;+charset=utf-8 2.7775ms
2023-10-05 18:10:49.539 +05:30  INF  Sending file. Request path: '/swagger-ui.css'. Physical path: 'N/A'
2023-10-05 18:10:49.539 +05:30  INF  Request finished HTTP/2 GET https://localhost:7069/swagger/swagger-ui.css - - - 0 143632 text/css 11.5782ms
2023-10-05 18:10:49.546 +05:30  INF  Request finished HTTP/2 GET https://localhost:7069/_vs/browserLink - - - 200 - text/javascript;+charset=UTF-8 11.0831ms
2023-10-05 18:10:49.642 +05:30  INF  Request starting HTTP/2 GET https://localhost:7069/swagger/favicon-32x32.png - -
2023-10-05 18:10:49.642 +05:30  INF  Sending file. Request path: '/favicon-32x32.png'. Physical path: 'N/A'
2023-10-05 18:10:49.643 +05:30  INF  Request finished HTTP/2 GET https://localhost:7069/swagger/favicon-32x32.png - - - 0 628 image/png 1.0726ms
2023-10-05 18:10:49.673 +05:30  INF  Request starting HTTP/2 GET https://localhost:7069/swagger/v1/swagger.json - -
2023-10-05 18:10:49.786 +05:30  INF  Request finished HTTP/2 GET https://localhost:7069/swagger/v1/swagger.json - - - 200 - application/json;charset=utf-8 112.8122ms
2023-10-05 18:11:08.642 +05:30  INF  Request starting HTTP/2 OPTIONS https://localhost:7069/api/Dashboard/Get - -
2023-10-05 18:11:08.646 +05:30  INF  CORS policy execution successful.
2023-10-05 18:11:08.647 +05:30  INF  Request finished HTTP/2 OPTIONS https://localhost:7069/api/Dashboard/Get - - - 204 - - 5.4782ms
2023-10-05 18:11:08.648 +05:30  INF  Request starting HTTP/2 GET https://localhost:7069/api/Dashboard/Get application/json -
2023-10-05 18:11:08.648 +05:30  INF  CORS policy execution successful.
2023-10-05 18:11:09.729 +05:30  INF  Executed DbCommand (7ms) [Parameters=[@__id_0='?' (DbType = Int32)], CommandType='"Text"', CommandTimeout='30']
SELECT `u`.`Id`, `u`.`About_Me`, `u`.`Account_Type`, `u`.`Address`, `u`.`Available_Days`, `u`.`Bn_Name`, `u`.`City`, `u`.`Country`, `u`.`Created_At`, `u`.`Currency`, `u`.`Degree`, `u`.`Email`, `u`.`Email_Verified`, `u`.`Enable_Appointment`, `u`.`Enable_Rating`, `u`.`Exp_Years`, `u`.`Facebook`, `u`.`Google_Analytics`, `u`.`Image`, `u`.`Instagram`, `u`.`Linkedin`, `u`.`Name`, `u`.`Parent_Id`, `u`.`Password`, `u`.`Paypal_Email`, `u`.`Paypal_Mode`, `u`.`Paypal_Payment`, `u`.`Paystack_Payment`, `u`.`Paystack_Public_Key`, `u`.`Paystack_Secret_Key`, `u`.`Phone`, `u`.`Publish_Key`, `u`.`Qr_Code`, `u`.`Razorpay_Key_Id`, `u`.`Razorpay_Key_Secret`, `u`.`Razorpay_Payment`, `u`.`Role`, `u`.`Secret_Key`, `u`.`Skype`, `u`.`Slug`, `u`.`Specialist`, `u`.`Status`, `u`.`Stripe_Payment`, `u`.`Thumb`, `u`.`Trial_Expire`, `u`.`Twitter`, `u`.`User_Name`, `u`.`User_Type`, `u`.`Verify_Code`, `u`.`Whatsapp`
FROM `Users` AS `u`
WHERE `u`.`Id` = @__id_0
LIMIT 1
2023-10-05 18:11:09.825 +05:30  INF  Executing endpoint 'DCRM.Api.Controllers.DashboardController.Get (DCRM.Api)'
2023-10-05 18:11:09.836 +05:30  INF  Route matched with {action = "Get", controller = "Dashboard"}. Executing controller action with signature DCRM.Common.Dto.DashboardDto Get() on controller DCRM.Api.Controllers.DashboardController (DCRM.Api).
2023-10-05 18:11:09.853 +05:30  INF  Executed DbCommand (3ms) [Parameters=[@__p_0='?' (DbType = Int64)], CommandType='"Text"', CommandTimeout='30']
SELECT `p`.`Id`, `p`.`Age`, `p`.`Chamber_Id`, `p`.`Created_At`, `p`.`Email`, `p`.`Guardian`, `p`.`Is_Delete`, `p`.`Mobile`, `p`.`Mr_Number`, `p`.`Name`, `p`.`Password`, `p`.`Permanent_Address`, `p`.`Present_Address`, `p`.`Role`, `p`.`Sex`, `p`.`Slug`, `p`.`Thumb`, `p`.`Title`, `p`.`UserName`, `p`.`User_Id`, `p`.`Verify_Code`, `p`.`Weight`
FROM `Patientses` AS `p`
WHERE (`p`.`User_Id` = @__p_0) AND (`p`.`Is_Delete` = 0)
2023-10-05 18:11:09.891 +05:30  INF  Executed DbCommand (1ms) [Parameters=[@__userId_0='?' (DbType = Int32)], CommandType='"Text"', CommandTimeout='30']
SELECT `s`.`Id`, `s`.`Blood_Group`, `s`.`Chamber_Id`, `s`.`Created_At`, `s`.`Current_Address`, `s`.`Date_Of_Joining`, `s`.`Department`, `s`.`Designation`, `s`.`Dob`, `s`.`Email`, `s`.`Father`, `s`.`Gender`, `s`.`Gst`, `s`.`Is_Deleted`, `s`.`Marital_Status`, `s`.`Mother`, `s`.`Name`, `s`.`Note`, `s`.`Pan`, `s`.`Password`, `s`.`Permanent_Address`, `s`.`Phone`, `s`.`Qualification`, `s`.`Role`, `s`.`Slug`, `s`.`Specialization`, `s`.`Status`, `s`.`Thumb`, `s`.`User_Id`, `s`.`User_Name`, `s`.`Work_Experience`
FROM `Staffs` AS `s`
WHERE (`s`.`User_Id` = @__userId_0) AND (`s`.`Is_Deleted` = 0)
2023-10-05 18:11:09.932 +05:30  INF  Executed DbCommand (1ms) [Parameters=[@__userId_0='?' (DbType = Int32)], CommandType='"Text"', CommandTimeout='30']
SELECT `a`.`Id`, `a`.`Appointment_Status`, `a`.`Cause`, `a`.`Chair`, `a`.`Chamber_Id`, `a`.`Created_At`, `a`.`Date`, `a`.`Doctor_Id`, `a`.`Doctor_Name`, `a`.`End_Time`, `a`.`Extra_Notes`, `a`.`Files`, `a`.`Is_Delete`, `a`.`Is_Start`, `a`.`Meeting_Notes`, `a`.`Number_Of_Slot`, `a`.`Patient_Id`, `a`.`Prescription_Id`, `a`.`Serial_Id`, `a`.`Slot_Time`, `a`.`Start_Time`, `a`.`Status`, `a`.`Type`, `a`.`User_Id`
FROM `Appointments` AS `a`
WHERE (`a`.`User_Id` = @__userId_0) AND (`a`.`Is_Delete` = 0)
2023-10-05 18:11:09.971 +05:30  INF  Executed DbCommand (1ms) [Parameters=[@__userId_0='?' (DbType = Int32)], CommandType='"Text"', CommandTimeout='30']
SELECT `a`.`Id`, `a`.`Appointment_Status`, `a`.`Cause`, `a`.`Chair`, `a`.`Chamber_Id`, `a`.`Created_At`, `a`.`Date`, `a`.`Doctor_Id`, `a`.`Doctor_Name`, `a`.`End_Time`, `a`.`Extra_Notes`, `a`.`Files`, `a`.`Is_Delete`, `a`.`Is_Start`, `a`.`Meeting_Notes`, `a`.`Number_Of_Slot`, `a`.`Patient_Id`, `a`.`Prescription_Id`, `a`.`Serial_Id`, `a`.`Slot_Time`, `a`.`Start_Time`, `a`.`Status`, `a`.`Type`, `a`.`User_Id`
FROM `Appointments` AS `a`
WHERE ((`a`.`User_Id` = @__userId_0) AND (`a`.`Is_Delete` = 0)) AND (`a`.`Date` = CURDATE())
2023-10-05 18:11:09.973 +05:30  INF  Executing ObjectResult, writing value of type 'DCRM.Common.Dto.DashboardDto'.
2023-10-05 18:11:09.984 +05:30  INF  Executed action DCRM.Api.Controllers.DashboardController.Get (DCRM.Api) in 144.637ms
2023-10-05 18:11:09.984 +05:30  INF  Executed endpoint 'DCRM.Api.Controllers.DashboardController.Get (DCRM.Api)'
2023-10-05 18:11:09.988 +05:30  INF  Request finished HTTP/2 GET https://localhost:7069/api/Dashboard/Get application/json - - 200 - application/json;+charset=utf-8 1339.7545ms
2023-10-05 18:11:13.924 +05:30  INF  Request starting HTTP/2 OPTIONS https://localhost:7069/api/Dealer/GetAll - -
2023-10-05 18:11:13.925 +05:30  INF  CORS policy execution successful.
2023-10-05 18:11:13.926 +05:30  INF  Request finished HTTP/2 OPTIONS https://localhost:7069/api/Dealer/GetAll - - - 204 - - 1.8091ms
2023-10-05 18:11:13.926 +05:30  INF  Request starting HTTP/2 GET https://localhost:7069/api/Dealer/GetAll application/json -
2023-10-05 18:11:13.927 +05:30  INF  CORS policy execution successful.
2023-10-05 18:11:13.958 +05:30  INF  Executed DbCommand (1ms) [Parameters=[@__id_0='?' (DbType = Int32)], CommandType='"Text"', CommandTimeout='30']
SELECT `u`.`Id`, `u`.`About_Me`, `u`.`Account_Type`, `u`.`Address`, `u`.`Available_Days`, `u`.`Bn_Name`, `u`.`City`, `u`.`Country`, `u`.`Created_At`, `u`.`Currency`, `u`.`Degree`, `u`.`Email`, `u`.`Email_Verified`, `u`.`Enable_Appointment`, `u`.`Enable_Rating`, `u`.`Exp_Years`, `u`.`Facebook`, `u`.`Google_Analytics`, `u`.`Image`, `u`.`Instagram`, `u`.`Linkedin`, `u`.`Name`, `u`.`Parent_Id`, `u`.`Password`, `u`.`Paypal_Email`, `u`.`Paypal_Mode`, `u`.`Paypal_Payment`, `u`.`Paystack_Payment`, `u`.`Paystack_Public_Key`, `u`.`Paystack_Secret_Key`, `u`.`Phone`, `u`.`Publish_Key`, `u`.`Qr_Code`, `u`.`Razorpay_Key_Id`, `u`.`Razorpay_Key_Secret`, `u`.`Razorpay_Payment`, `u`.`Role`, `u`.`Secret_Key`, `u`.`Skype`, `u`.`Slug`, `u`.`Specialist`, `u`.`Status`, `u`.`Stripe_Payment`, `u`.`Thumb`, `u`.`Trial_Expire`, `u`.`Twitter`, `u`.`User_Name`, `u`.`User_Type`, `u`.`Verify_Code`, `u`.`Whatsapp`
FROM `Users` AS `u`
WHERE `u`.`Id` = @__id_0
LIMIT 1
2023-10-05 18:11:13.958 +05:30  INF  Executing endpoint 'DCRM.Api.Controllers.DealerController.GetAllAsync (DCRM.Api)'
2023-10-05 18:11:13.961 +05:30  INF  Route matched with {action = "GetAll", controller = "Dealer"}. Executing controller action with signature System.Threading.Tasks.Task`1[System.Collections.Generic.IEnumerable`1[DCRM.Common.Dto.DealerDto]] GetAllAsync() on controller DCRM.Api.Controllers.DealerController (DCRM.Api).
2023-10-05 18:11:13.968 +05:30  INF  Executed DbCommand (1ms) [Parameters=[@__userId_0='?' (DbType = Int64)], CommandType='"Text"', CommandTimeout='30']
SELECT `d`.`Id`, `d`.`Address_O`, `d`.`Address_R`, `d`.`City_O`, `d`.`City_R`, `d`.`Company_Name`, `d`.`Country_O`, `d`.`Country_R`, `d`.`Created_At`, `d`.`Email1`, `d`.`Email2`, `d`.`Gst_Number`, `d`.`Image`, `d`.`Is_Deleted`, `d`.`Own_Name_1`, `d`.`Own_Name_2`, `d`.`Pan_Number`, `d`.`Phone1`, `d`.`Phone2`, `d`.`Staff_Email1`, `d`.`Staff_Email2`, `d`.`Staff_Email3`, `d`.`Staff_Email4`, `d`.`Staff_Name1`, `d`.`Staff_Name2`, `d`.`Staff_Name3`, `d`.`Staff_Name4`, `d`.`Staff_Phone1`, `d`.`Staff_Phone2`, `d`.`Staff_Phone3`, `d`.`Staff_Phone4`, `d`.`Updated_At`, `d`.`User_Id`, `d`.`Zip_O`, `d`.`Zip_R`
FROM `Dealers` AS `d`
WHERE (`d`.`Is_Deleted` = 0) AND (`d`.`User_Id` = @__userId_0)
2023-10-05 18:11:14.013 +05:30  INF  Executed DbCommand (0ms) [Parameters=[@__p_0='?' (DbType = Int64)], CommandType='"Text"', CommandTimeout='30']
SELECT `d`.`Id`, `d`.`Bank_Account_Number`, `d`.`Bank_Name`, `d`.`Dealer_Id`, `d`.`Ifsc_Code`, `d`.`Remarks`, `d`.`Updated_At`
FROM `Dealer_Bank_Details` AS `d`
WHERE `d`.`Dealer_Id` = @__p_0
2023-10-05 18:11:14.016 +05:30  INF  Executed DbCommand (0ms) [Parameters=[@__p_0='?' (DbType = Int64)], CommandType='"Text"', CommandTimeout='30']
SELECT `d`.`Id`, `d`.`Dealer_Id`, `d`.`Material_Cost`, `d`.`Material_Date`, `d`.`Material_Name`
FROM `Dealer_Material` AS `d`
WHERE `d`.`Dealer_Id` = @__p_0
2023-10-05 18:11:14.017 +05:30  INF  Executed DbCommand (0ms) [Parameters=[@__p_0='?' (DbType = Int64)], CommandType='"Text"', CommandTimeout='30']
SELECT `d`.`Id`, `d`.`Bank_Account_Number`, `d`.`Bank_Name`, `d`.`Dealer_Id`, `d`.`Ifsc_Code`, `d`.`Remarks`, `d`.`Updated_At`
FROM `Dealer_Bank_Details` AS `d`
WHERE `d`.`Dealer_Id` = @__p_0
2023-10-05 18:11:14.017 +05:30  INF  Executed DbCommand (0ms) [Parameters=[@__p_0='?' (DbType = Int64)], CommandType='"Text"', CommandTimeout='30']
SELECT `d`.`Id`, `d`.`Dealer_Id`, `d`.`Material_Cost`, `d`.`Material_Date`, `d`.`Material_Name`
FROM `Dealer_Material` AS `d`
WHERE `d`.`Dealer_Id` = @__p_0
2023-10-05 18:11:14.018 +05:30  INF  Executed DbCommand (0ms) [Parameters=[@__p_0='?' (DbType = Int64)], CommandType='"Text"', CommandTimeout='30']
SELECT `d`.`Id`, `d`.`Bank_Account_Number`, `d`.`Bank_Name`, `d`.`Dealer_Id`, `d`.`Ifsc_Code`, `d`.`Remarks`, `d`.`Updated_At`
FROM `Dealer_Bank_Details` AS `d`
WHERE `d`.`Dealer_Id` = @__p_0
2023-10-05 18:11:14.028 +05:30  INF  Executed DbCommand (0ms) [Parameters=[@__p_0='?' (DbType = Int64)], CommandType='"Text"', CommandTimeout='30']
SELECT `d`.`Id`, `d`.`Dealer_Id`, `d`.`Material_Cost`, `d`.`Material_Date`, `d`.`Material_Name`
FROM `Dealer_Material` AS `d`
WHERE `d`.`Dealer_Id` = @__p_0
2023-10-05 18:11:14.036 +05:30  INF  Executed DbCommand (0ms) [Parameters=[@__p_0='?' (DbType = Int64)], CommandType='"Text"', CommandTimeout='30']
SELECT `d`.`Id`, `d`.`Bank_Account_Number`, `d`.`Bank_Name`, `d`.`Dealer_Id`, `d`.`Ifsc_Code`, `d`.`Remarks`, `d`.`Updated_At`
FROM `Dealer_Bank_Details` AS `d`
WHERE `d`.`Dealer_Id` = @__p_0
2023-10-05 18:11:14.037 +05:30  INF  Executed DbCommand (0ms) [Parameters=[@__p_0='?' (DbType = Int64)], CommandType='"Text"', CommandTimeout='30']
SELECT `d`.`Id`, `d`.`Dealer_Id`, `d`.`Material_Cost`, `d`.`Material_Date`, `d`.`Material_Name`
FROM `Dealer_Material` AS `d`
WHERE `d`.`Dealer_Id` = @__p_0
2023-10-05 18:11:14.037 +05:30  INF  Executing ObjectResult, writing value of type 'System.Collections.Generic.List`1[[DCRM.Common.Dto.DealerDto, DCRM.Common, Version=1.0.0.0, Culture=neutral, PublicKeyToken=null]]'.
2023-10-05 18:11:14.060 +05:30  INF  Executed action DCRM.Api.Controllers.DealerController.GetAllAsync (DCRM.Api) in 98.7699ms
2023-10-05 18:11:14.060 +05:30  INF  Executed endpoint 'DCRM.Api.Controllers.DealerController.GetAllAsync (DCRM.Api)'
2023-10-05 18:11:14.060 +05:30  INF  Request finished HTTP/2 GET https://localhost:7069/api/Dealer/GetAll application/json - - 200 - application/json;+charset=utf-8 133.5857ms
2023-10-05 18:11:34.918 +05:30  INF  Request starting HTTP/2 OPTIONS https://localhost:7069/api/Doctor/GetAll - -
2023-10-05 18:11:34.918 +05:30  INF  CORS policy execution successful.
2023-10-05 18:11:34.918 +05:30  INF  Request finished HTTP/2 OPTIONS https://localhost:7069/api/Doctor/GetAll - - - 204 - - 0.2611ms
2023-10-05 18:11:34.920 +05:30  INF  Request starting HTTP/2 GET https://localhost:7069/api/Doctor/GetAll application/json -
2023-10-05 18:11:34.920 +05:30  INF  CORS policy execution successful.
2023-10-05 18:11:34.934 +05:30  INF  Executed DbCommand (1ms) [Parameters=[@__id_0='?' (DbType = Int32)], CommandType='"Text"', CommandTimeout='30']
SELECT `u`.`Id`, `u`.`About_Me`, `u`.`Account_Type`, `u`.`Address`, `u`.`Available_Days`, `u`.`Bn_Name`, `u`.`City`, `u`.`Country`, `u`.`Created_At`, `u`.`Currency`, `u`.`Degree`, `u`.`Email`, `u`.`Email_Verified`, `u`.`Enable_Appointment`, `u`.`Enable_Rating`, `u`.`Exp_Years`, `u`.`Facebook`, `u`.`Google_Analytics`, `u`.`Image`, `u`.`Instagram`, `u`.`Linkedin`, `u`.`Name`, `u`.`Parent_Id`, `u`.`Password`, `u`.`Paypal_Email`, `u`.`Paypal_Mode`, `u`.`Paypal_Payment`, `u`.`Paystack_Payment`, `u`.`Paystack_Public_Key`, `u`.`Paystack_Secret_Key`, `u`.`Phone`, `u`.`Publish_Key`, `u`.`Qr_Code`, `u`.`Razorpay_Key_Id`, `u`.`Razorpay_Key_Secret`, `u`.`Razorpay_Payment`, `u`.`Role`, `u`.`Secret_Key`, `u`.`Skype`, `u`.`Slug`, `u`.`Specialist`, `u`.`Status`, `u`.`Stripe_Payment`, `u`.`Thumb`, `u`.`Trial_Expire`, `u`.`Twitter`, `u`.`User_Name`, `u`.`User_Type`, `u`.`Verify_Code`, `u`.`Whatsapp`
FROM `Users` AS `u`
WHERE `u`.`Id` = @__id_0
LIMIT 1
2023-10-05 18:11:34.934 +05:30  INF  Executing endpoint 'DCRM.Api.Controllers.DoctorController.GetDoctorAsync (DCRM.Api)'
2023-10-05 18:11:34.935 +05:30  INF  Route matched with {action = "GetDoctor", controller = "Doctor"}. Executing controller action with signature System.Collections.Generic.IEnumerable`1[DCRM.Common.Dto.DoctorDto] GetDoctorAsync() on controller DCRM.Api.Controllers.DoctorController (DCRM.Api).
2023-10-05 18:11:34.944 +05:30  INF  Executed DbCommand (1ms) [Parameters=[@__p_0='?' (DbType = Int64)], CommandType='"Text"', CommandTimeout='30']
SELECT `d`.`Id`, `d`.`Age`, `d`.`Blood_Group`, `d`.`Created_At`, `d`.`Dob`, `d`.`Email`, `d`.`Email2`, `d`.`Gender`, `d`.`Gst_Number`, `d`.`Is_Delete`, `d`.`Marital_Status`, `d`.`Name`, `d`.`Pan_Number`, `d`.`Password`, `d`.`Phone1`, `d`.`Phone2`, `d`.`Phone3`, `d`.`Phone4`, `d`.`Qualification`, `d`.`Role`, `d`.`Speciality`, `d`.`Thumb`, `d`.`Updated_At`, `d`.`User_Id`
FROM `Doctors` AS `d`
WHERE (`d`.`User_Id` = @__p_0) AND (`d`.`Is_Delete` = 0)
2023-10-05 18:11:34.975 +05:30  INF  Executed DbCommand (1ms) [Parameters=[@__p_0='?' (DbType = Int64)], CommandType='"Text"', CommandTimeout='30']
SELECT `d`.`Id`, `d`.`Allow_Notifications`, `d`.`Amount_Insured`, `d`.`Amount_Paid`, `d`.`Doctor_Id`, `d`.`Insurance`, `d`.`Insurance_Date`, `d`.`Remarks`, `d`.`Renewal_Date`, `d`.`Updated_At`
FROM `Doctor_Insurance_Details` AS `d`
WHERE `d`.`Doctor_Id` = @__p_0
2023-10-05 18:11:34.987 +05:30  INF  Executed DbCommand (1ms) [Parameters=[@__p_0='?' (DbType = Int64)], CommandType='"Text"', CommandTimeout='30']
SELECT `d`.`Id`, `d`.`Bank_Account_Number`, `d`.`Bank_Name`, `d`.`Doctor_Id`, `d`.`Ifsc_Code`, `d`.`Remarks`, `d`.`Updated_At`
FROM `Doctor_Bank_Details` AS `d`
WHERE `d`.`Doctor_Id` = @__p_0
2023-10-05 18:11:34.997 +05:30  INF  Executed DbCommand (1ms) [Parameters=[@__p_0='?' (DbType = Int64)], CommandType='"Text"', CommandTimeout='30']
SELECT `d`.`Id`, `d`.`Doctor_Id`, `d`.`Medical_History`, `d`.`Remarks`, `d`.`Reminder_Date_For_Next`, `d`.`Updated_At`, `d`.`Vaccination_Date`, `d`.`Vaccination_Type`
FROM `Doctors_Vaccination` AS `d`
WHERE `d`.`Doctor_Id` = @__p_0
2023-10-05 18:11:35.008 +05:30  INF  Executed DbCommand (1ms) [Parameters=[@__doctorId_0='?' (DbType = Int32)], CommandType='"Text"', CommandTimeout='30']
SELECT `d`.`Id`, `d`.`Address_O`, `d`.`Address_Other`, `d`.`Address_R`, `d`.`City_O`, `d`.`City_Other`, `d`.`City_R`, `d`.`Country_O`, `d`.`Country_Other`, `d`.`Country_R`, `d`.`Created_At`, `d`.`Doctor_Id`, `d`.`Updated_At`, `d`.`Zip_O`, `d`.`Zip_Other`, `d`.`Zip_R`
FROM `Doctors_Address` AS `d`
WHERE `d`.`Doctor_Id` = @__doctorId_0
2023-10-05 18:11:35.025 +05:30  INF  Executed DbCommand (0ms) [Parameters=[@__p_0='?' (DbType = Int64)], CommandType='"Text"', CommandTimeout='30']
SELECT `d`.`Id`, `d`.`Allow_Notifications`, `d`.`Amount_Insured`, `d`.`Amount_Paid`, `d`.`Doctor_Id`, `d`.`Insurance`, `d`.`Insurance_Date`, `d`.`Remarks`, `d`.`Renewal_Date`, `d`.`Updated_At`
FROM `Doctor_Insurance_Details` AS `d`
WHERE `d`.`Doctor_Id` = @__p_0
2023-10-05 18:11:35.026 +05:30  INF  Executed DbCommand (0ms) [Parameters=[@__p_0='?' (DbType = Int64)], CommandType='"Text"', CommandTimeout='30']
SELECT `d`.`Id`, `d`.`Bank_Account_Number`, `d`.`Bank_Name`, `d`.`Doctor_Id`, `d`.`Ifsc_Code`, `d`.`Remarks`, `d`.`Updated_At`
FROM `Doctor_Bank_Details` AS `d`
WHERE `d`.`Doctor_Id` = @__p_0
2023-10-05 18:11:35.026 +05:30  INF  Executed DbCommand (0ms) [Parameters=[@__p_0='?' (DbType = Int64)], CommandType='"Text"', CommandTimeout='30']
SELECT `d`.`Id`, `d`.`Doctor_Id`, `d`.`Medical_History`, `d`.`Remarks`, `d`.`Reminder_Date_For_Next`, `d`.`Updated_At`, `d`.`Vaccination_Date`, `d`.`Vaccination_Type`
FROM `Doctors_Vaccination` AS `d`
WHERE `d`.`Doctor_Id` = @__p_0
2023-10-05 18:11:35.027 +05:30  INF  Executed DbCommand (0ms) [Parameters=[@__doctorId_0='?' (DbType = Int32)], CommandType='"Text"', CommandTimeout='30']
SELECT `d`.`Id`, `d`.`Address_O`, `d`.`Address_Other`, `d`.`Address_R`, `d`.`City_O`, `d`.`City_Other`, `d`.`City_R`, `d`.`Country_O`, `d`.`Country_Other`, `d`.`Country_R`, `d`.`Created_At`, `d`.`Doctor_Id`, `d`.`Updated_At`, `d`.`Zip_O`, `d`.`Zip_Other`, `d`.`Zip_R`
FROM `Doctors_Address` AS `d`
WHERE `d`.`Doctor_Id` = @__doctorId_0
2023-10-05 18:11:35.028 +05:30  INF  Executed DbCommand (0ms) [Parameters=[@__p_0='?' (DbType = Int64)], CommandType='"Text"', CommandTimeout='30']
SELECT `d`.`Id`, `d`.`Allow_Notifications`, `d`.`Amount_Insured`, `d`.`Amount_Paid`, `d`.`Doctor_Id`, `d`.`Insurance`, `d`.`Insurance_Date`, `d`.`Remarks`, `d`.`Renewal_Date`, `d`.`Updated_At`
FROM `Doctor_Insurance_Details` AS `d`
WHERE `d`.`Doctor_Id` = @__p_0
2023-10-05 18:11:35.028 +05:30  INF  Executed DbCommand (0ms) [Parameters=[@__p_0='?' (DbType = Int64)], CommandType='"Text"', CommandTimeout='30']
SELECT `d`.`Id`, `d`.`Bank_Account_Number`, `d`.`Bank_Name`, `d`.`Doctor_Id`, `d`.`Ifsc_Code`, `d`.`Remarks`, `d`.`Updated_At`
FROM `Doctor_Bank_Details` AS `d`
WHERE `d`.`Doctor_Id` = @__p_0
2023-10-05 18:11:35.029 +05:30  INF  Executed DbCommand (0ms) [Parameters=[@__p_0='?' (DbType = Int64)], CommandType='"Text"', CommandTimeout='30']
SELECT `d`.`Id`, `d`.`Doctor_Id`, `d`.`Medical_History`, `d`.`Remarks`, `d`.`Reminder_Date_For_Next`, `d`.`Updated_At`, `d`.`Vaccination_Date`, `d`.`Vaccination_Type`
FROM `Doctors_Vaccination` AS `d`
WHERE `d`.`Doctor_Id` = @__p_0
2023-10-05 18:11:35.030 +05:30  INF  Executed DbCommand (0ms) [Parameters=[@__doctorId_0='?' (DbType = Int32)], CommandType='"Text"', CommandTimeout='30']
SELECT `d`.`Id`, `d`.`Address_O`, `d`.`Address_Other`, `d`.`Address_R`, `d`.`City_O`, `d`.`City_Other`, `d`.`City_R`, `d`.`Country_O`, `d`.`Country_Other`, `d`.`Country_R`, `d`.`Created_At`, `d`.`Doctor_Id`, `d`.`Updated_At`, `d`.`Zip_O`, `d`.`Zip_Other`, `d`.`Zip_R`
FROM `Doctors_Address` AS `d`
WHERE `d`.`Doctor_Id` = @__doctorId_0
2023-10-05 18:11:35.030 +05:30  INF  Executed DbCommand (0ms) [Parameters=[@__p_0='?' (DbType = Int64)], CommandType='"Text"', CommandTimeout='30']
SELECT `d`.`Id`, `d`.`Allow_Notifications`, `d`.`Amount_Insured`, `d`.`Amount_Paid`, `d`.`Doctor_Id`, `d`.`Insurance`, `d`.`Insurance_Date`, `d`.`Remarks`, `d`.`Renewal_Date`, `d`.`Updated_At`
FROM `Doctor_Insurance_Details` AS `d`
WHERE `d`.`Doctor_Id` = @__p_0
2023-10-05 18:11:35.031 +05:30  INF  Executed DbCommand (0ms) [Parameters=[@__p_0='?' (DbType = Int64)], CommandType='"Text"', CommandTimeout='30']
SELECT `d`.`Id`, `d`.`Bank_Account_Number`, `d`.`Bank_Name`, `d`.`Doctor_Id`, `d`.`Ifsc_Code`, `d`.`Remarks`, `d`.`Updated_At`
FROM `Doctor_Bank_Details` AS `d`
WHERE `d`.`Doctor_Id` = @__p_0
2023-10-05 18:11:35.032 +05:30  INF  Executed DbCommand (0ms) [Parameters=[@__p_0='?' (DbType = Int64)], CommandType='"Text"', CommandTimeout='30']
SELECT `d`.`Id`, `d`.`Doctor_Id`, `d`.`Medical_History`, `d`.`Remarks`, `d`.`Reminder_Date_For_Next`, `d`.`Updated_At`, `d`.`Vaccination_Date`, `d`.`Vaccination_Type`
FROM `Doctors_Vaccination` AS `d`
WHERE `d`.`Doctor_Id` = @__p_0
2023-10-05 18:11:35.032 +05:30  INF  Executed DbCommand (0ms) [Parameters=[@__doctorId_0='?' (DbType = Int32)], CommandType='"Text"', CommandTimeout='30']
SELECT `d`.`Id`, `d`.`Address_O`, `d`.`Address_Other`, `d`.`Address_R`, `d`.`City_O`, `d`.`City_Other`, `d`.`City_R`, `d`.`Country_O`, `d`.`Country_Other`, `d`.`Country_R`, `d`.`Created_At`, `d`.`Doctor_Id`, `d`.`Updated_At`, `d`.`Zip_O`, `d`.`Zip_Other`, `d`.`Zip_R`
FROM `Doctors_Address` AS `d`
WHERE `d`.`Doctor_Id` = @__doctorId_0
2023-10-05 18:11:35.033 +05:30  INF  Executed DbCommand (0ms) [Parameters=[@__p_0='?' (DbType = Int64)], CommandType='"Text"', CommandTimeout='30']
SELECT `d`.`Id`, `d`.`Allow_Notifications`, `d`.`Amount_Insured`, `d`.`Amount_Paid`, `d`.`Doctor_Id`, `d`.`Insurance`, `d`.`Insurance_Date`, `d`.`Remarks`, `d`.`Renewal_Date`, `d`.`Updated_At`
FROM `Doctor_Insurance_Details` AS `d`
WHERE `d`.`Doctor_Id` = @__p_0
2023-10-05 18:11:35.034 +05:30  INF  Executed DbCommand (0ms) [Parameters=[@__p_0='?' (DbType = Int64)], CommandType='"Text"', CommandTimeout='30']
SELECT `d`.`Id`, `d`.`Bank_Account_Number`, `d`.`Bank_Name`, `d`.`Doctor_Id`, `d`.`Ifsc_Code`, `d`.`Remarks`, `d`.`Updated_At`
FROM `Doctor_Bank_Details` AS `d`
WHERE `d`.`Doctor_Id` = @__p_0
2023-10-05 18:11:35.034 +05:30  INF  Executed DbCommand (0ms) [Parameters=[@__p_0='?' (DbType = Int64)], CommandType='"Text"', CommandTimeout='30']
SELECT `d`.`Id`, `d`.`Doctor_Id`, `d`.`Medical_History`, `d`.`Remarks`, `d`.`Reminder_Date_For_Next`, `d`.`Updated_At`, `d`.`Vaccination_Date`, `d`.`Vaccination_Type`
FROM `Doctors_Vaccination` AS `d`
WHERE `d`.`Doctor_Id` = @__p_0
2023-10-05 18:11:35.035 +05:30  INF  Executed DbCommand (0ms) [Parameters=[@__doctorId_0='?' (DbType = Int32)], CommandType='"Text"', CommandTimeout='30']
SELECT `d`.`Id`, `d`.`Address_O`, `d`.`Address_Other`, `d`.`Address_R`, `d`.`City_O`, `d`.`City_Other`, `d`.`City_R`, `d`.`Country_O`, `d`.`Country_Other`, `d`.`Country_R`, `d`.`Created_At`, `d`.`Doctor_Id`, `d`.`Updated_At`, `d`.`Zip_O`, `d`.`Zip_Other`, `d`.`Zip_R`
FROM `Doctors_Address` AS `d`
WHERE `d`.`Doctor_Id` = @__doctorId_0
2023-10-05 18:11:35.036 +05:30  INF  Executed DbCommand (0ms) [Parameters=[@__p_0='?' (DbType = Int64)], CommandType='"Text"', CommandTimeout='30']
SELECT `d`.`Id`, `d`.`Allow_Notifications`, `d`.`Amount_Insured`, `d`.`Amount_Paid`, `d`.`Doctor_Id`, `d`.`Insurance`, `d`.`Insurance_Date`, `d`.`Remarks`, `d`.`Renewal_Date`, `d`.`Updated_At`
FROM `Doctor_Insurance_Details` AS `d`
WHERE `d`.`Doctor_Id` = @__p_0
2023-10-05 18:11:35.037 +05:30  INF  Executed DbCommand (0ms) [Parameters=[@__p_0='?' (DbType = Int64)], CommandType='"Text"', CommandTimeout='30']
SELECT `d`.`Id`, `d`.`Bank_Account_Number`, `d`.`Bank_Name`, `d`.`Doctor_Id`, `d`.`Ifsc_Code`, `d`.`Remarks`, `d`.`Updated_At`
FROM `Doctor_Bank_Details` AS `d`
WHERE `d`.`Doctor_Id` = @__p_0
2023-10-05 18:11:35.037 +05:30  INF  Executed DbCommand (0ms) [Parameters=[@__p_0='?' (DbType = Int64)], CommandType='"Text"', CommandTimeout='30']
SELECT `d`.`Id`, `d`.`Doctor_Id`, `d`.`Medical_History`, `d`.`Remarks`, `d`.`Reminder_Date_For_Next`, `d`.`Updated_At`, `d`.`Vaccination_Date`, `d`.`Vaccination_Type`
FROM `Doctors_Vaccination` AS `d`
WHERE `d`.`Doctor_Id` = @__p_0
2023-10-05 18:11:35.038 +05:30  INF  Executed DbCommand (0ms) [Parameters=[@__doctorId_0='?' (DbType = Int32)], CommandType='"Text"', CommandTimeout='30']
SELECT `d`.`Id`, `d`.`Address_O`, `d`.`Address_Other`, `d`.`Address_R`, `d`.`City_O`, `d`.`City_Other`, `d`.`City_R`, `d`.`Country_O`, `d`.`Country_Other`, `d`.`Country_R`, `d`.`Created_At`, `d`.`Doctor_Id`, `d`.`Updated_At`, `d`.`Zip_O`, `d`.`Zip_Other`, `d`.`Zip_R`
FROM `Doctors_Address` AS `d`
WHERE `d`.`Doctor_Id` = @__doctorId_0
2023-10-05 18:11:35.038 +05:30  INF  Executed DbCommand (0ms) [Parameters=[@__p_0='?' (DbType = Int64)], CommandType='"Text"', CommandTimeout='30']
SELECT `d`.`Id`, `d`.`Allow_Notifications`, `d`.`Amount_Insured`, `d`.`Amount_Paid`, `d`.`Doctor_Id`, `d`.`Insurance`, `d`.`Insurance_Date`, `d`.`Remarks`, `d`.`Renewal_Date`, `d`.`Updated_At`
FROM `Doctor_Insurance_Details` AS `d`
WHERE `d`.`Doctor_Id` = @__p_0
2023-10-05 18:11:35.039 +05:30  INF  Executed DbCommand (0ms) [Parameters=[@__p_0='?' (DbType = Int64)], CommandType='"Text"', CommandTimeout='30']
SELECT `d`.`Id`, `d`.`Bank_Account_Number`, `d`.`Bank_Name`, `d`.`Doctor_Id`, `d`.`Ifsc_Code`, `d`.`Remarks`, `d`.`Updated_At`
FROM `Doctor_Bank_Details` AS `d`
WHERE `d`.`Doctor_Id` = @__p_0
2023-10-05 18:11:35.040 +05:30  INF  Executed DbCommand (0ms) [Parameters=[@__p_0='?' (DbType = Int64)], CommandType='"Text"', CommandTimeout='30']
SELECT `d`.`Id`, `d`.`Doctor_Id`, `d`.`Medical_History`, `d`.`Remarks`, `d`.`Reminder_Date_For_Next`, `d`.`Updated_At`, `d`.`Vaccination_Date`, `d`.`Vaccination_Type`
FROM `Doctors_Vaccination` AS `d`
WHERE `d`.`Doctor_Id` = @__p_0
2023-10-05 18:11:35.040 +05:30  INF  Executed DbCommand (0ms) [Parameters=[@__doctorId_0='?' (DbType = Int32)], CommandType='"Text"', CommandTimeout='30']
SELECT `d`.`Id`, `d`.`Address_O`, `d`.`Address_Other`, `d`.`Address_R`, `d`.`City_O`, `d`.`City_Other`, `d`.`City_R`, `d`.`Country_O`, `d`.`Country_Other`, `d`.`Country_R`, `d`.`Created_At`, `d`.`Doctor_Id`, `d`.`Updated_At`, `d`.`Zip_O`, `d`.`Zip_Other`, `d`.`Zip_R`
FROM `Doctors_Address` AS `d`
WHERE `d`.`Doctor_Id` = @__doctorId_0
2023-10-05 18:11:35.041 +05:30  INF  Executed DbCommand (0ms) [Parameters=[@__p_0='?' (DbType = Int64)], CommandType='"Text"', CommandTimeout='30']
SELECT `d`.`Id`, `d`.`Allow_Notifications`, `d`.`Amount_Insured`, `d`.`Amount_Paid`, `d`.`Doctor_Id`, `d`.`Insurance`, `d`.`Insurance_Date`, `d`.`Remarks`, `d`.`Renewal_Date`, `d`.`Updated_At`
FROM `Doctor_Insurance_Details` AS `d`
WHERE `d`.`Doctor_Id` = @__p_0
2023-10-05 18:11:35.042 +05:30  INF  Executed DbCommand (0ms) [Parameters=[@__p_0='?' (DbType = Int64)], CommandType='"Text"', CommandTimeout='30']
SELECT `d`.`Id`, `d`.`Bank_Account_Number`, `d`.`Bank_Name`, `d`.`Doctor_Id`, `d`.`Ifsc_Code`, `d`.`Remarks`, `d`.`Updated_At`
FROM `Doctor_Bank_Details` AS `d`
WHERE `d`.`Doctor_Id` = @__p_0
2023-10-05 18:11:35.042 +05:30  INF  Executed DbCommand (0ms) [Parameters=[@__p_0='?' (DbType = Int64)], CommandType='"Text"', CommandTimeout='30']
SELECT `d`.`Id`, `d`.`Doctor_Id`, `d`.`Medical_History`, `d`.`Remarks`, `d`.`Reminder_Date_For_Next`, `d`.`Updated_At`, `d`.`Vaccination_Date`, `d`.`Vaccination_Type`
FROM `Doctors_Vaccination` AS `d`
WHERE `d`.`Doctor_Id` = @__p_0
2023-10-05 18:11:35.043 +05:30  INF  Executed DbCommand (0ms) [Parameters=[@__doctorId_0='?' (DbType = Int32)], CommandType='"Text"', CommandTimeout='30']
SELECT `d`.`Id`, `d`.`Address_O`, `d`.`Address_Other`, `d`.`Address_R`, `d`.`City_O`, `d`.`City_Other`, `d`.`City_R`, `d`.`Country_O`, `d`.`Country_Other`, `d`.`Country_R`, `d`.`Created_At`, `d`.`Doctor_Id`, `d`.`Updated_At`, `d`.`Zip_O`, `d`.`Zip_Other`, `d`.`Zip_R`
FROM `Doctors_Address` AS `d`
WHERE `d`.`Doctor_Id` = @__doctorId_0
2023-10-05 18:11:35.044 +05:30  INF  Executed DbCommand (0ms) [Parameters=[@__p_0='?' (DbType = Int64)], CommandType='"Text"', CommandTimeout='30']
SELECT `d`.`Id`, `d`.`Allow_Notifications`, `d`.`Amount_Insured`, `d`.`Amount_Paid`, `d`.`Doctor_Id`, `d`.`Insurance`, `d`.`Insurance_Date`, `d`.`Remarks`, `d`.`Renewal_Date`, `d`.`Updated_At`
FROM `Doctor_Insurance_Details` AS `d`
WHERE `d`.`Doctor_Id` = @__p_0
2023-10-05 18:11:35.044 +05:30  INF  Executed DbCommand (0ms) [Parameters=[@__p_0='?' (DbType = Int64)], CommandType='"Text"', CommandTimeout='30']
SELECT `d`.`Id`, `d`.`Bank_Account_Number`, `d`.`Bank_Name`, `d`.`Doctor_Id`, `d`.`Ifsc_Code`, `d`.`Remarks`, `d`.`Updated_At`
FROM `Doctor_Bank_Details` AS `d`
WHERE `d`.`Doctor_Id` = @__p_0
2023-10-05 18:11:35.045 +05:30  INF  Executed DbCommand (0ms) [Parameters=[@__p_0='?' (DbType = Int64)], CommandType='"Text"', CommandTimeout='30']
SELECT `d`.`Id`, `d`.`Doctor_Id`, `d`.`Medical_History`, `d`.`Remarks`, `d`.`Reminder_Date_For_Next`, `d`.`Updated_At`, `d`.`Vaccination_Date`, `d`.`Vaccination_Type`
FROM `Doctors_Vaccination` AS `d`
WHERE `d`.`Doctor_Id` = @__p_0
2023-10-05 18:11:35.046 +05:30  INF  Executed DbCommand (0ms) [Parameters=[@__doctorId_0='?' (DbType = Int32)], CommandType='"Text"', CommandTimeout='30']
SELECT `d`.`Id`, `d`.`Address_O`, `d`.`Address_Other`, `d`.`Address_R`, `d`.`City_O`, `d`.`City_Other`, `d`.`City_R`, `d`.`Country_O`, `d`.`Country_Other`, `d`.`Country_R`, `d`.`Created_At`, `d`.`Doctor_Id`, `d`.`Updated_At`, `d`.`Zip_O`, `d`.`Zip_Other`, `d`.`Zip_R`
FROM `Doctors_Address` AS `d`
WHERE `d`.`Doctor_Id` = @__doctorId_0
2023-10-05 18:11:35.046 +05:30  INF  Executed DbCommand (0ms) [Parameters=[@__p_0='?' (DbType = Int64)], CommandType='"Text"', CommandTimeout='30']
SELECT `d`.`Id`, `d`.`Allow_Notifications`, `d`.`Amount_Insured`, `d`.`Amount_Paid`, `d`.`Doctor_Id`, `d`.`Insurance`, `d`.`Insurance_Date`, `d`.`Remarks`, `d`.`Renewal_Date`, `d`.`Updated_At`
FROM `Doctor_Insurance_Details` AS `d`
WHERE `d`.`Doctor_Id` = @__p_0
2023-10-05 18:11:35.047 +05:30  INF  Executed DbCommand (0ms) [Parameters=[@__p_0='?' (DbType = Int64)], CommandType='"Text"', CommandTimeout='30']
SELECT `d`.`Id`, `d`.`Bank_Account_Number`, `d`.`Bank_Name`, `d`.`Doctor_Id`, `d`.`Ifsc_Code`, `d`.`Remarks`, `d`.`Updated_At`
FROM `Doctor_Bank_Details` AS `d`
WHERE `d`.`Doctor_Id` = @__p_0
2023-10-05 18:11:35.048 +05:30  INF  Executed DbCommand (0ms) [Parameters=[@__p_0='?' (DbType = Int64)], CommandType='"Text"', CommandTimeout='30']
SELECT `d`.`Id`, `d`.`Doctor_Id`, `d`.`Medical_History`, `d`.`Remarks`, `d`.`Reminder_Date_For_Next`, `d`.`Updated_At`, `d`.`Vaccination_Date`, `d`.`Vaccination_Type`
FROM `Doctors_Vaccination` AS `d`
WHERE `d`.`Doctor_Id` = @__p_0
2023-10-05 18:11:35.048 +05:30  INF  Executed DbCommand (0ms) [Parameters=[@__doctorId_0='?' (DbType = Int32)], CommandType='"Text"', CommandTimeout='30']
SELECT `d`.`Id`, `d`.`Address_O`, `d`.`Address_Other`, `d`.`Address_R`, `d`.`City_O`, `d`.`City_Other`, `d`.`City_R`, `d`.`Country_O`, `d`.`Country_Other`, `d`.`Country_R`, `d`.`Created_At`, `d`.`Doctor_Id`, `d`.`Updated_At`, `d`.`Zip_O`, `d`.`Zip_Other`, `d`.`Zip_R`
FROM `Doctors_Address` AS `d`
WHERE `d`.`Doctor_Id` = @__doctorId_0
2023-10-05 18:11:35.048 +05:30  INF  Executing ObjectResult, writing value of type 'System.Collections.Generic.List`1[[DCRM.Common.Dto.DoctorDto, DCRM.Common, Version=1.0.0.0, Culture=neutral, PublicKeyToken=null]]'.
2023-10-05 18:11:35.063 +05:30  INF  Executed action DCRM.Api.Controllers.DoctorController.GetDoctorAsync (DCRM.Api) in 127.6785ms
2023-10-05 18:11:35.063 +05:30  INF  Executed endpoint 'DCRM.Api.Controllers.DoctorController.GetDoctorAsync (DCRM.Api)'
2023-10-05 18:11:35.063 +05:30  INF  Request finished HTTP/2 GET https://localhost:7069/api/Doctor/GetAll application/json - - 200 - application/json;+charset=utf-8 143.3614ms
2023-10-05 18:11:37.567 +05:30  INF  Request starting HTTP/2 OPTIONS https://localhost:7069/api/Dealer/GetAll - -
2023-10-05 18:11:37.567 +05:30  INF  CORS policy execution successful.
2023-10-05 18:11:37.567 +05:30  INF  Request finished HTTP/2 OPTIONS https://localhost:7069/api/Dealer/GetAll - - - 204 - - 0.4984ms
2023-10-05 18:11:37.568 +05:30  INF  Request starting HTTP/2 GET https://localhost:7069/api/Dealer/GetAll application/json -
2023-10-05 18:11:37.568 +05:30  INF  CORS policy execution successful.
2023-10-05 18:11:37.571 +05:30  INF  Executed DbCommand (1ms) [Parameters=[@__id_0='?' (DbType = Int32)], CommandType='"Text"', CommandTimeout='30']
SELECT `u`.`Id`, `u`.`About_Me`, `u`.`Account_Type`, `u`.`Address`, `u`.`Available_Days`, `u`.`Bn_Name`, `u`.`City`, `u`.`Country`, `u`.`Created_At`, `u`.`Currency`, `u`.`Degree`, `u`.`Email`, `u`.`Email_Verified`, `u`.`Enable_Appointment`, `u`.`Enable_Rating`, `u`.`Exp_Years`, `u`.`Facebook`, `u`.`Google_Analytics`, `u`.`Image`, `u`.`Instagram`, `u`.`Linkedin`, `u`.`Name`, `u`.`Parent_Id`, `u`.`Password`, `u`.`Paypal_Email`, `u`.`Paypal_Mode`, `u`.`Paypal_Payment`, `u`.`Paystack_Payment`, `u`.`Paystack_Public_Key`, `u`.`Paystack_Secret_Key`, `u`.`Phone`, `u`.`Publish_Key`, `u`.`Qr_Code`, `u`.`Razorpay_Key_Id`, `u`.`Razorpay_Key_Secret`, `u`.`Razorpay_Payment`, `u`.`Role`, `u`.`Secret_Key`, `u`.`Skype`, `u`.`Slug`, `u`.`Specialist`, `u`.`Status`, `u`.`Stripe_Payment`, `u`.`Thumb`, `u`.`Trial_Expire`, `u`.`Twitter`, `u`.`User_Name`, `u`.`User_Type`, `u`.`Verify_Code`, `u`.`Whatsapp`
FROM `Users` AS `u`
WHERE `u`.`Id` = @__id_0
LIMIT 1
2023-10-05 18:11:37.572 +05:30  INF  Executing endpoint 'DCRM.Api.Controllers.DealerController.GetAllAsync (DCRM.Api)'
2023-10-05 18:11:37.572 +05:30  INF  Route matched with {action = "GetAll", controller = "Dealer"}. Executing controller action with signature System.Threading.Tasks.Task`1[System.Collections.Generic.IEnumerable`1[DCRM.Common.Dto.DealerDto]] GetAllAsync() on controller DCRM.Api.Controllers.DealerController (DCRM.Api).
2023-10-05 18:11:37.573 +05:30  INF  Executed DbCommand (1ms) [Parameters=[@__userId_0='?' (DbType = Int64)], CommandType='"Text"', CommandTimeout='30']
SELECT `d`.`Id`, `d`.`Address_O`, `d`.`Address_R`, `d`.`City_O`, `d`.`City_R`, `d`.`Company_Name`, `d`.`Country_O`, `d`.`Country_R`, `d`.`Created_At`, `d`.`Email1`, `d`.`Email2`, `d`.`Gst_Number`, `d`.`Image`, `d`.`Is_Deleted`, `d`.`Own_Name_1`, `d`.`Own_Name_2`, `d`.`Pan_Number`, `d`.`Phone1`, `d`.`Phone2`, `d`.`Staff_Email1`, `d`.`Staff_Email2`, `d`.`Staff_Email3`, `d`.`Staff_Email4`, `d`.`Staff_Name1`, `d`.`Staff_Name2`, `d`.`Staff_Name3`, `d`.`Staff_Name4`, `d`.`Staff_Phone1`, `d`.`Staff_Phone2`, `d`.`Staff_Phone3`, `d`.`Staff_Phone4`, `d`.`Updated_At`, `d`.`User_Id`, `d`.`Zip_O`, `d`.`Zip_R`
FROM `Dealers` AS `d`
WHERE (`d`.`Is_Deleted` = 0) AND (`d`.`User_Id` = @__userId_0)
2023-10-05 18:11:37.574 +05:30  INF  Executed DbCommand (0ms) [Parameters=[@__p_0='?' (DbType = Int64)], CommandType='"Text"', CommandTimeout='30']
SELECT `d`.`Id`, `d`.`Bank_Account_Number`, `d`.`Bank_Name`, `d`.`Dealer_Id`, `d`.`Ifsc_Code`, `d`.`Remarks`, `d`.`Updated_At`
FROM `Dealer_Bank_Details` AS `d`
WHERE `d`.`Dealer_Id` = @__p_0
2023-10-05 18:11:37.575 +05:30  INF  Executed DbCommand (0ms) [Parameters=[@__p_0='?' (DbType = Int64)], CommandType='"Text"', CommandTimeout='30']
SELECT `d`.`Id`, `d`.`Dealer_Id`, `d`.`Material_Cost`, `d`.`Material_Date`, `d`.`Material_Name`
FROM `Dealer_Material` AS `d`
WHERE `d`.`Dealer_Id` = @__p_0
2023-10-05 18:11:37.575 +05:30  INF  Executed DbCommand (0ms) [Parameters=[@__p_0='?' (DbType = Int64)], CommandType='"Text"', CommandTimeout='30']
SELECT `d`.`Id`, `d`.`Bank_Account_Number`, `d`.`Bank_Name`, `d`.`Dealer_Id`, `d`.`Ifsc_Code`, `d`.`Remarks`, `d`.`Updated_At`
FROM `Dealer_Bank_Details` AS `d`
WHERE `d`.`Dealer_Id` = @__p_0
2023-10-05 18:11:37.576 +05:30  INF  Executed DbCommand (0ms) [Parameters=[@__p_0='?' (DbType = Int64)], CommandType='"Text"', CommandTimeout='30']
SELECT `d`.`Id`, `d`.`Dealer_Id`, `d`.`Material_Cost`, `d`.`Material_Date`, `d`.`Material_Name`
FROM `Dealer_Material` AS `d`
WHERE `d`.`Dealer_Id` = @__p_0
2023-10-05 18:11:37.577 +05:30  INF  Executed DbCommand (0ms) [Parameters=[@__p_0='?' (DbType = Int64)], CommandType='"Text"', CommandTimeout='30']
SELECT `d`.`Id`, `d`.`Bank_Account_Number`, `d`.`Bank_Name`, `d`.`Dealer_Id`, `d`.`Ifsc_Code`, `d`.`Remarks`, `d`.`Updated_At`
FROM `Dealer_Bank_Details` AS `d`
WHERE `d`.`Dealer_Id` = @__p_0
2023-10-05 18:11:37.577 +05:30  INF  Executed DbCommand (0ms) [Parameters=[@__p_0='?' (DbType = Int64)], CommandType='"Text"', CommandTimeout='30']
SELECT `d`.`Id`, `d`.`Dealer_Id`, `d`.`Material_Cost`, `d`.`Material_Date`, `d`.`Material_Name`
FROM `Dealer_Material` AS `d`
WHERE `d`.`Dealer_Id` = @__p_0
2023-10-05 18:11:37.578 +05:30  INF  Executed DbCommand (0ms) [Parameters=[@__p_0='?' (DbType = Int64)], CommandType='"Text"', CommandTimeout='30']
SELECT `d`.`Id`, `d`.`Bank_Account_Number`, `d`.`Bank_Name`, `d`.`Dealer_Id`, `d`.`Ifsc_Code`, `d`.`Remarks`, `d`.`Updated_At`
FROM `Dealer_Bank_Details` AS `d`
WHERE `d`.`Dealer_Id` = @__p_0
2023-10-05 18:11:37.578 +05:30  INF  Executed DbCommand (0ms) [Parameters=[@__p_0='?' (DbType = Int64)], CommandType='"Text"', CommandTimeout='30']
SELECT `d`.`Id`, `d`.`Dealer_Id`, `d`.`Material_Cost`, `d`.`Material_Date`, `d`.`Material_Name`
FROM `Dealer_Material` AS `d`
WHERE `d`.`Dealer_Id` = @__p_0
2023-10-05 18:11:37.579 +05:30  INF  Executing ObjectResult, writing value of type 'System.Collections.Generic.List`1[[DCRM.Common.Dto.DealerDto, DCRM.Common, Version=1.0.0.0, Culture=neutral, PublicKeyToken=null]]'.
2023-10-05 18:11:37.579 +05:30  INF  Executed action DCRM.Api.Controllers.DealerController.GetAllAsync (DCRM.Api) in 6.985ms
2023-10-05 18:11:37.579 +05:30  INF  Executed endpoint 'DCRM.Api.Controllers.DealerController.GetAllAsync (DCRM.Api)'
2023-10-05 18:11:37.579 +05:30  INF  Request finished HTTP/2 GET https://localhost:7069/api/Dealer/GetAll application/json - - 200 - application/json;+charset=utf-8 11.0236ms
2023-10-05 18:12:32.654 +05:30  INF  Request starting HTTP/2 GET https://localhost:7069/api/Dealer/GetAll - -
2023-10-05 18:12:32.655 +05:30  INF  Executing endpoint 'DCRM.Api.Controllers.DealerController.GetAllAsync (DCRM.Api)'
2023-10-05 18:12:32.655 +05:30  INF  Route matched with {action = "GetAll", controller = "Dealer"}. Executing controller action with signature System.Threading.Tasks.Task`1[System.Collections.Generic.IEnumerable`1[DCRM.Common.Dto.DealerDto]] GetAllAsync() on controller DCRM.Api.Controllers.DealerController (DCRM.Api).
2023-10-05 18:12:32.655 +05:30  INF  Authorization failed for the request at filter 'DCRM.Common.Authorization.AuthorizeAttribute'.
2023-10-05 18:12:32.656 +05:30  INF  Executing JsonResult, writing value of type '<>f__AnonymousType0`1[[System.String, System.Private.CoreLib, Version=6.0.0.0, Culture=neutral, PublicKeyToken=7cec85d7bea7798e]]'.
2023-10-05 18:12:32.659 +05:30  INF  Executed action DCRM.Api.Controllers.DealerController.GetAllAsync (DCRM.Api) in 4.4002ms
2023-10-05 18:12:32.659 +05:30  INF  Executed endpoint 'DCRM.Api.Controllers.DealerController.GetAllAsync (DCRM.Api)'
2023-10-05 18:12:32.659 +05:30  INF  Request finished HTTP/2 GET https://localhost:7069/api/Dealer/GetAll - - - 401 - application/json;+charset=utf-8 5.6420ms
2023-10-05 18:15:25.390 +05:30  INF  Request starting HTTP/2 POST https://localhost:7069/api/Authenticate/user application/json 63
2023-10-05 18:15:25.390 +05:30  INF  CORS policy execution successful.
2023-10-05 18:15:25.391 +05:30  INF  Executing endpoint 'DCRM.Api.Controllers.AuthenticateController.Post (DCRM.Api)'
2023-10-05 18:15:25.398 +05:30  INF  Route matched with {action = "Post", controller = "Authenticate"}. Executing controller action with signature Microsoft.AspNetCore.Mvc.IActionResult Post(System.String, DCRM.Common.AuthenticateRequest) on controller DCRM.Api.Controllers.AuthenticateController (DCRM.Api).
2023-10-05 18:15:25.454 +05:30  INF  Executed DbCommand (2ms) [Parameters=[@__authenticateRequest_Email_0='?' (Size = 4000), @__authenticateRequest_Password_1='?' (Size = 4000)], CommandType='"Text"', CommandTimeout='30']
SELECT `u`.`Id`, `u`.`About_Me`, `u`.`Account_Type`, `u`.`Address`, `u`.`Available_Days`, `u`.`Bn_Name`, `u`.`City`, `u`.`Country`, `u`.`Created_At`, `u`.`Currency`, `u`.`Degree`, `u`.`Email`, `u`.`Email_Verified`, `u`.`Enable_Appointment`, `u`.`Enable_Rating`, `u`.`Exp_Years`, `u`.`Facebook`, `u`.`Google_Analytics`, `u`.`Image`, `u`.`Instagram`, `u`.`Linkedin`, `u`.`Name`, `u`.`Parent_Id`, `u`.`Password`, `u`.`Paypal_Email`, `u`.`Paypal_Mode`, `u`.`Paypal_Payment`, `u`.`Paystack_Payment`, `u`.`Paystack_Public_Key`, `u`.`Paystack_Secret_Key`, `u`.`Phone`, `u`.`Publish_Key`, `u`.`Qr_Code`, `u`.`Razorpay_Key_Id`, `u`.`Razorpay_Key_Secret`, `u`.`Razorpay_Payment`, `u`.`Role`, `u`.`Secret_Key`, `u`.`Skype`, `u`.`Slug`, `u`.`Specialist`, `u`.`Status`, `u`.`Stripe_Payment`, `u`.`Thumb`, `u`.`Trial_Expire`, `u`.`Twitter`, `u`.`User_Name`, `u`.`User_Type`, `u`.`Verify_Code`, `u`.`Whatsapp`
FROM `Users` AS `u`
WHERE ((`u`.`Status` = 1) AND (`u`.`Email` = @__authenticateRequest_Email_0)) AND (`u`.`Password` = @__authenticateRequest_Password_1)
LIMIT 2
2023-10-05 18:15:25.455 +05:30  INF  Executed action DCRM.Api.Controllers.AuthenticateController.Post (DCRM.Api) in 56.8653ms
2023-10-05 18:15:25.456 +05:30  INF  Executed endpoint 'DCRM.Api.Controllers.AuthenticateController.Post (DCRM.Api)'
2023-10-05 18:15:25.457 +05:30  INF  Request finished HTTP/2 POST https://localhost:7069/api/Authenticate/user application/json 63 - 400 - application/json 66.6936ms
2023-10-05 18:18:27.107 +05:30  INF  Request starting HTTP/1.1 POST https://localhost:7069/api/Authenticate/user application/json 66
2023-10-05 18:18:27.108 +05:30  INF  Executing endpoint 'DCRM.Api.Controllers.AuthenticateController.Post (DCRM.Api)'
2023-10-05 18:18:27.108 +05:30  INF  Route matched with {action = "Post", controller = "Authenticate"}. Executing controller action with signature Microsoft.AspNetCore.Mvc.IActionResult Post(System.String, DCRM.Common.AuthenticateRequest) on controller DCRM.Api.Controllers.AuthenticateController (DCRM.Api).
2023-10-05 18:18:27.110 +05:30  INF  Executed DbCommand (1ms) [Parameters=[@__authenticateRequest_Email_0='?' (Size = 4000), @__authenticateRequest_Password_1='?' (Size = 4000)], CommandType='"Text"', CommandTimeout='30']
SELECT `u`.`Id`, `u`.`About_Me`, `u`.`Account_Type`, `u`.`Address`, `u`.`Available_Days`, `u`.`Bn_Name`, `u`.`City`, `u`.`Country`, `u`.`Created_At`, `u`.`Currency`, `u`.`Degree`, `u`.`Email`, `u`.`Email_Verified`, `u`.`Enable_Appointment`, `u`.`Enable_Rating`, `u`.`Exp_Years`, `u`.`Facebook`, `u`.`Google_Analytics`, `u`.`Image`, `u`.`Instagram`, `u`.`Linkedin`, `u`.`Name`, `u`.`Parent_Id`, `u`.`Password`, `u`.`Paypal_Email`, `u`.`Paypal_Mode`, `u`.`Paypal_Payment`, `u`.`Paystack_Payment`, `u`.`Paystack_Public_Key`, `u`.`Paystack_Secret_Key`, `u`.`Phone`, `u`.`Publish_Key`, `u`.`Qr_Code`, `u`.`Razorpay_Key_Id`, `u`.`Razorpay_Key_Secret`, `u`.`Razorpay_Payment`, `u`.`Role`, `u`.`Secret_Key`, `u`.`Skype`, `u`.`Slug`, `u`.`Specialist`, `u`.`Status`, `u`.`Stripe_Payment`, `u`.`Thumb`, `u`.`Trial_Expire`, `u`.`Twitter`, `u`.`User_Name`, `u`.`User_Type`, `u`.`Verify_Code`, `u`.`Whatsapp`
FROM `Users` AS `u`
WHERE ((`u`.`Status` = 1) AND (`u`.`Email` = @__authenticateRequest_Email_0)) AND (`u`.`Password` = @__authenticateRequest_Password_1)
LIMIT 2
2023-10-05 18:18:27.111 +05:30  INF  Executed action DCRM.Api.Controllers.AuthenticateController.Post (DCRM.Api) in 2.5171ms
2023-10-05 18:18:27.111 +05:30  INF  Executed endpoint 'DCRM.Api.Controllers.AuthenticateController.Post (DCRM.Api)'
2023-10-05 18:18:27.112 +05:30  INF  Request finished HTTP/1.1 POST https://localhost:7069/api/Authenticate/user application/json 66 - 400 - application/json 4.0916ms
2023-10-05 18:19:23.651 +05:30  INF  Request starting HTTP/1.1 POST https://localhost:7069/api/Authenticate/user application/json 60
2023-10-05 18:19:23.652 +05:30  INF  Executing endpoint 'DCRM.Api.Controllers.AuthenticateController.Post (DCRM.Api)'
2023-10-05 18:19:23.652 +05:30  INF  Route matched with {action = "Post", controller = "Authenticate"}. Executing controller action with signature Microsoft.AspNetCore.Mvc.IActionResult Post(System.String, DCRM.Common.AuthenticateRequest) on controller DCRM.Api.Controllers.AuthenticateController (DCRM.Api).
2023-10-05 18:19:23.654 +05:30  INF  Executed DbCommand (1ms) [Parameters=[@__authenticateRequest_Email_0='?' (Size = 4000), @__authenticateRequest_Password_1='?' (Size = 4000)], CommandType='"Text"', CommandTimeout='30']
SELECT `u`.`Id`, `u`.`About_Me`, `u`.`Account_Type`, `u`.`Address`, `u`.`Available_Days`, `u`.`Bn_Name`, `u`.`City`, `u`.`Country`, `u`.`Created_At`, `u`.`Currency`, `u`.`Degree`, `u`.`Email`, `u`.`Email_Verified`, `u`.`Enable_Appointment`, `u`.`Enable_Rating`, `u`.`Exp_Years`, `u`.`Facebook`, `u`.`Google_Analytics`, `u`.`Image`, `u`.`Instagram`, `u`.`Linkedin`, `u`.`Name`, `u`.`Parent_Id`, `u`.`Password`, `u`.`Paypal_Email`, `u`.`Paypal_Mode`, `u`.`Paypal_Payment`, `u`.`Paystack_Payment`, `u`.`Paystack_Public_Key`, `u`.`Paystack_Secret_Key`, `u`.`Phone`, `u`.`Publish_Key`, `u`.`Qr_Code`, `u`.`Razorpay_Key_Id`, `u`.`Razorpay_Key_Secret`, `u`.`Razorpay_Payment`, `u`.`Role`, `u`.`Secret_Key`, `u`.`Skype`, `u`.`Slug`, `u`.`Specialist`, `u`.`Status`, `u`.`Stripe_Payment`, `u`.`Thumb`, `u`.`Trial_Expire`, `u`.`Twitter`, `u`.`User_Name`, `u`.`User_Type`, `u`.`Verify_Code`, `u`.`Whatsapp`
FROM `Users` AS `u`
WHERE ((`u`.`Status` = 1) AND (`u`.`Email` = @__authenticateRequest_Email_0)) AND (`u`.`Password` = @__authenticateRequest_Password_1)
LIMIT 2
2023-10-05 18:19:23.665 +05:30  INF  Executing OkObjectResult, writing value of type 'DCRM.Common.AuthenticateResponse'.
2023-10-05 18:19:23.668 +05:30  INF  Executed action DCRM.Api.Controllers.AuthenticateController.Post (DCRM.Api) in 16.2577ms
2023-10-05 18:19:23.668 +05:30  INF  Executed endpoint 'DCRM.Api.Controllers.AuthenticateController.Post (DCRM.Api)'
2023-10-05 18:19:23.668 +05:30  INF  Request finished HTTP/1.1 POST https://localhost:7069/api/Authenticate/user application/json 60 - 200 - application/json;+charset=utf-8 17.0206ms
2023-10-05 18:19:34.701 +05:30  INF  Request starting HTTP/2 POST https://localhost:7069/api/Authenticate/user application/json 57
2023-10-05 18:19:34.702 +05:30  INF  CORS policy execution successful.
2023-10-05 18:19:34.702 +05:30  INF  Executing endpoint 'DCRM.Api.Controllers.AuthenticateController.Post (DCRM.Api)'
2023-10-05 18:19:34.702 +05:30  INF  Route matched with {action = "Post", controller = "Authenticate"}. Executing controller action with signature Microsoft.AspNetCore.Mvc.IActionResult Post(System.String, DCRM.Common.AuthenticateRequest) on controller DCRM.Api.Controllers.AuthenticateController (DCRM.Api).
2023-10-05 18:19:34.704 +05:30  INF  Executed DbCommand (1ms) [Parameters=[@__authenticateRequest_Email_0='?' (Size = 4000), @__authenticateRequest_Password_1='?' (Size = 4000)], CommandType='"Text"', CommandTimeout='30']
SELECT `u`.`Id`, `u`.`About_Me`, `u`.`Account_Type`, `u`.`Address`, `u`.`Available_Days`, `u`.`Bn_Name`, `u`.`City`, `u`.`Country`, `u`.`Created_At`, `u`.`Currency`, `u`.`Degree`, `u`.`Email`, `u`.`Email_Verified`, `u`.`Enable_Appointment`, `u`.`Enable_Rating`, `u`.`Exp_Years`, `u`.`Facebook`, `u`.`Google_Analytics`, `u`.`Image`, `u`.`Instagram`, `u`.`Linkedin`, `u`.`Name`, `u`.`Parent_Id`, `u`.`Password`, `u`.`Paypal_Email`, `u`.`Paypal_Mode`, `u`.`Paypal_Payment`, `u`.`Paystack_Payment`, `u`.`Paystack_Public_Key`, `u`.`Paystack_Secret_Key`, `u`.`Phone`, `u`.`Publish_Key`, `u`.`Qr_Code`, `u`.`Razorpay_Key_Id`, `u`.`Razorpay_Key_Secret`, `u`.`Razorpay_Payment`, `u`.`Role`, `u`.`Secret_Key`, `u`.`Skype`, `u`.`Slug`, `u`.`Specialist`, `u`.`Status`, `u`.`Stripe_Payment`, `u`.`Thumb`, `u`.`Trial_Expire`, `u`.`Twitter`, `u`.`User_Name`, `u`.`User_Type`, `u`.`Verify_Code`, `u`.`Whatsapp`
FROM `Users` AS `u`
WHERE ((`u`.`Status` = 1) AND (`u`.`Email` = @__authenticateRequest_Email_0)) AND (`u`.`Password` = @__authenticateRequest_Password_1)
LIMIT 2
2023-10-05 18:19:34.705 +05:30  INF  Executing OkObjectResult, writing value of type 'DCRM.Common.AuthenticateResponse'.
2023-10-05 18:19:34.705 +05:30  INF  Executed action DCRM.Api.Controllers.AuthenticateController.Post (DCRM.Api) in 2.5823ms
2023-10-05 18:19:34.705 +05:30  INF  Executed endpoint 'DCRM.Api.Controllers.AuthenticateController.Post (DCRM.Api)'
2023-10-05 18:19:34.705 +05:30  INF  Request finished HTTP/2 POST https://localhost:7069/api/Authenticate/user application/json 57 - 200 - application/json;+charset=utf-8 3.5982ms
2023-10-05 18:22:32.365 +05:30  INF  Request starting HTTP/1.1 GET https://localhost:7069/api/Dealer/GetAll application/json 64
2023-10-05 18:22:32.366 +05:30  INF  Executing endpoint 'DCRM.Api.Controllers.DealerController.GetAllAsync (DCRM.Api)'
2023-10-05 18:22:32.366 +05:30  INF  Route matched with {action = "GetAll", controller = "Dealer"}. Executing controller action with signature System.Threading.Tasks.Task`1[System.Collections.Generic.IEnumerable`1[DCRM.Common.Dto.DealerDto]] GetAllAsync() on controller DCRM.Api.Controllers.DealerController (DCRM.Api).
2023-10-05 18:22:32.366 +05:30  INF  Authorization failed for the request at filter 'DCRM.Common.Authorization.AuthorizeAttribute'.
2023-10-05 18:22:32.366 +05:30  INF  Executing JsonResult, writing value of type '<>f__AnonymousType0`1[[System.String, System.Private.CoreLib, Version=6.0.0.0, Culture=neutral, PublicKeyToken=7cec85d7bea7798e]]'.
2023-10-05 18:22:32.366 +05:30  INF  Executed action DCRM.Api.Controllers.DealerController.GetAllAsync (DCRM.Api) in 0.2312ms
2023-10-05 18:22:32.366 +05:30  INF  Executed endpoint 'DCRM.Api.Controllers.DealerController.GetAllAsync (DCRM.Api)'
2023-10-05 18:22:32.367 +05:30  INF  Request finished HTTP/1.1 GET https://localhost:7069/api/Dealer/GetAll application/json 64 - 401 - application/json;+charset=utf-8 1.1672ms
2023-10-05 18:24:20.197 +05:30  INF  Request starting HTTP/1.1 GET https://localhost:7069/api/Dealer/GetAll application/json 64
2023-10-05 18:24:20.223 +05:30  INF  Executed DbCommand (2ms) [Parameters=[@__id_0='?' (DbType = Int32)], CommandType='"Text"', CommandTimeout='30']
SELECT `u`.`Id`, `u`.`About_Me`, `u`.`Account_Type`, `u`.`Address`, `u`.`Available_Days`, `u`.`Bn_Name`, `u`.`City`, `u`.`Country`, `u`.`Created_At`, `u`.`Currency`, `u`.`Degree`, `u`.`Email`, `u`.`Email_Verified`, `u`.`Enable_Appointment`, `u`.`Enable_Rating`, `u`.`Exp_Years`, `u`.`Facebook`, `u`.`Google_Analytics`, `u`.`Image`, `u`.`Instagram`, `u`.`Linkedin`, `u`.`Name`, `u`.`Parent_Id`, `u`.`Password`, `u`.`Paypal_Email`, `u`.`Paypal_Mode`, `u`.`Paypal_Payment`, `u`.`Paystack_Payment`, `u`.`Paystack_Public_Key`, `u`.`Paystack_Secret_Key`, `u`.`Phone`, `u`.`Publish_Key`, `u`.`Qr_Code`, `u`.`Razorpay_Key_Id`, `u`.`Razorpay_Key_Secret`, `u`.`Razorpay_Payment`, `u`.`Role`, `u`.`Secret_Key`, `u`.`Skype`, `u`.`Slug`, `u`.`Specialist`, `u`.`Status`, `u`.`Stripe_Payment`, `u`.`Thumb`, `u`.`Trial_Expire`, `u`.`Twitter`, `u`.`User_Name`, `u`.`User_Type`, `u`.`Verify_Code`, `u`.`Whatsapp`
FROM `Users` AS `u`
WHERE `u`.`Id` = @__id_0
LIMIT 1
2023-10-05 18:24:20.223 +05:30  INF  Executing endpoint 'DCRM.Api.Controllers.DealerController.GetAllAsync (DCRM.Api)'
2023-10-05 18:24:20.224 +05:30  INF  Route matched with {action = "GetAll", controller = "Dealer"}. Executing controller action with signature System.Threading.Tasks.Task`1[System.Collections.Generic.IEnumerable`1[DCRM.Common.Dto.DealerDto]] GetAllAsync() on controller DCRM.Api.Controllers.DealerController (DCRM.Api).
2023-10-05 18:24:20.227 +05:30  INF  Executed DbCommand (2ms) [Parameters=[@__userId_0='?' (DbType = Int64)], CommandType='"Text"', CommandTimeout='30']
SELECT `d`.`Id`, `d`.`Address_O`, `d`.`Address_R`, `d`.`City_O`, `d`.`City_R`, `d`.`Company_Name`, `d`.`Country_O`, `d`.`Country_R`, `d`.`Created_At`, `d`.`Email1`, `d`.`Email2`, `d`.`Gst_Number`, `d`.`Image`, `d`.`Is_Deleted`, `d`.`Own_Name_1`, `d`.`Own_Name_2`, `d`.`Pan_Number`, `d`.`Phone1`, `d`.`Phone2`, `d`.`Staff_Email1`, `d`.`Staff_Email2`, `d`.`Staff_Email3`, `d`.`Staff_Email4`, `d`.`Staff_Name1`, `d`.`Staff_Name2`, `d`.`Staff_Name3`, `d`.`Staff_Name4`, `d`.`Staff_Phone1`, `d`.`Staff_Phone2`, `d`.`Staff_Phone3`, `d`.`Staff_Phone4`, `d`.`Updated_At`, `d`.`User_Id`, `d`.`Zip_O`, `d`.`Zip_R`
FROM `Dealers` AS `d`
WHERE (`d`.`Is_Deleted` = 0) AND (`d`.`User_Id` = @__userId_0)
2023-10-05 18:24:20.228 +05:30  INF  Executed DbCommand (1ms) [Parameters=[@__p_0='?' (DbType = Int64)], CommandType='"Text"', CommandTimeout='30']
SELECT `d`.`Id`, `d`.`Bank_Account_Number`, `d`.`Bank_Name`, `d`.`Dealer_Id`, `d`.`Ifsc_Code`, `d`.`Remarks`, `d`.`Updated_At`
FROM `Dealer_Bank_Details` AS `d`
WHERE `d`.`Dealer_Id` = @__p_0
2023-10-05 18:24:20.229 +05:30  INF  Executed DbCommand (0ms) [Parameters=[@__p_0='?' (DbType = Int64)], CommandType='"Text"', CommandTimeout='30']
SELECT `d`.`Id`, `d`.`Dealer_Id`, `d`.`Material_Cost`, `d`.`Material_Date`, `d`.`Material_Name`
FROM `Dealer_Material` AS `d`
WHERE `d`.`Dealer_Id` = @__p_0
2023-10-05 18:24:20.230 +05:30  INF  Executed DbCommand (0ms) [Parameters=[@__p_0='?' (DbType = Int64)], CommandType='"Text"', CommandTimeout='30']
SELECT `d`.`Id`, `d`.`Bank_Account_Number`, `d`.`Bank_Name`, `d`.`Dealer_Id`, `d`.`Ifsc_Code`, `d`.`Remarks`, `d`.`Updated_At`
FROM `Dealer_Bank_Details` AS `d`
WHERE `d`.`Dealer_Id` = @__p_0
2023-10-05 18:24:20.231 +05:30  INF  Executed DbCommand (0ms) [Parameters=[@__p_0='?' (DbType = Int64)], CommandType='"Text"', CommandTimeout='30']
SELECT `d`.`Id`, `d`.`Dealer_Id`, `d`.`Material_Cost`, `d`.`Material_Date`, `d`.`Material_Name`
FROM `Dealer_Material` AS `d`
WHERE `d`.`Dealer_Id` = @__p_0
2023-10-05 18:24:20.232 +05:30  INF  Executed DbCommand (0ms) [Parameters=[@__p_0='?' (DbType = Int64)], CommandType='"Text"', CommandTimeout='30']
SELECT `d`.`Id`, `d`.`Bank_Account_Number`, `d`.`Bank_Name`, `d`.`Dealer_Id`, `d`.`Ifsc_Code`, `d`.`Remarks`, `d`.`Updated_At`
FROM `Dealer_Bank_Details` AS `d`
WHERE `d`.`Dealer_Id` = @__p_0
2023-10-05 18:24:20.232 +05:30  INF  Executed DbCommand (0ms) [Parameters=[@__p_0='?' (DbType = Int64)], CommandType='"Text"', CommandTimeout='30']
SELECT `d`.`Id`, `d`.`Dealer_Id`, `d`.`Material_Cost`, `d`.`Material_Date`, `d`.`Material_Name`
FROM `Dealer_Material` AS `d`
WHERE `d`.`Dealer_Id` = @__p_0
2023-10-05 18:24:20.233 +05:30  INF  Executed DbCommand (0ms) [Parameters=[@__p_0='?' (DbType = Int64)], CommandType='"Text"', CommandTimeout='30']
SELECT `d`.`Id`, `d`.`Bank_Account_Number`, `d`.`Bank_Name`, `d`.`Dealer_Id`, `d`.`Ifsc_Code`, `d`.`Remarks`, `d`.`Updated_At`
FROM `Dealer_Bank_Details` AS `d`
WHERE `d`.`Dealer_Id` = @__p_0
2023-10-05 18:24:20.234 +05:30  INF  Executed DbCommand (0ms) [Parameters=[@__p_0='?' (DbType = Int64)], CommandType='"Text"', CommandTimeout='30']
SELECT `d`.`Id`, `d`.`Dealer_Id`, `d`.`Material_Cost`, `d`.`Material_Date`, `d`.`Material_Name`
FROM `Dealer_Material` AS `d`
WHERE `d`.`Dealer_Id` = @__p_0
2023-10-05 18:24:20.234 +05:30  INF  Executing ObjectResult, writing value of type 'System.Collections.Generic.List`1[[DCRM.Common.Dto.DealerDto, DCRM.Common, Version=1.0.0.0, Culture=neutral, PublicKeyToken=null]]'.
2023-10-05 18:24:20.234 +05:30  INF  Executed action DCRM.Api.Controllers.DealerController.GetAllAsync (DCRM.Api) in 10.4685ms
2023-10-05 18:24:20.234 +05:30  INF  Executed endpoint 'DCRM.Api.Controllers.DealerController.GetAllAsync (DCRM.Api)'
2023-10-05 18:24:20.234 +05:30  INF  Request finished HTTP/1.1 GET https://localhost:7069/api/Dealer/GetAll application/json 64 - 200 - application/json;+charset=utf-8 37.4827ms
2023-10-05 18:24:53.908 +05:30  INF  Request starting HTTP/1.1 GET https://localhost:7069/api/Dealer/Get/25 - -
2023-10-05 18:24:53.911 +05:30  INF  Executed DbCommand (1ms) [Parameters=[@__id_0='?' (DbType = Int32)], CommandType='"Text"', CommandTimeout='30']
SELECT `u`.`Id`, `u`.`About_Me`, `u`.`Account_Type`, `u`.`Address`, `u`.`Available_Days`, `u`.`Bn_Name`, `u`.`City`, `u`.`Country`, `u`.`Created_At`, `u`.`Currency`, `u`.`Degree`, `u`.`Email`, `u`.`Email_Verified`, `u`.`Enable_Appointment`, `u`.`Enable_Rating`, `u`.`Exp_Years`, `u`.`Facebook`, `u`.`Google_Analytics`, `u`.`Image`, `u`.`Instagram`, `u`.`Linkedin`, `u`.`Name`, `u`.`Parent_Id`, `u`.`Password`, `u`.`Paypal_Email`, `u`.`Paypal_Mode`, `u`.`Paypal_Payment`, `u`.`Paystack_Payment`, `u`.`Paystack_Public_Key`, `u`.`Paystack_Secret_Key`, `u`.`Phone`, `u`.`Publish_Key`, `u`.`Qr_Code`, `u`.`Razorpay_Key_Id`, `u`.`Razorpay_Key_Secret`, `u`.`Razorpay_Payment`, `u`.`Role`, `u`.`Secret_Key`, `u`.`Skype`, `u`.`Slug`, `u`.`Specialist`, `u`.`Status`, `u`.`Stripe_Payment`, `u`.`Thumb`, `u`.`Trial_Expire`, `u`.`Twitter`, `u`.`User_Name`, `u`.`User_Type`, `u`.`Verify_Code`, `u`.`Whatsapp`
FROM `Users` AS `u`
WHERE `u`.`Id` = @__id_0
LIMIT 1
2023-10-05 18:24:53.911 +05:30  INF  Executing endpoint 'DCRM.Api.Controllers.DealerController.GetAsync (DCRM.Api)'
2023-10-05 18:24:53.913 +05:30  INF  Route matched with {action = "Get", controller = "Dealer"}. Executing controller action with signature System.Threading.Tasks.Task`1[DCRM.Common.Dto.DealerDto] GetAsync(Int32) on controller DCRM.Api.Controllers.DealerController (DCRM.Api).
2023-10-05 18:24:53.919 +05:30  INF  Executed DbCommand (1ms) [Parameters=[@__id_0='?' (DbType = Int32), @__userId_1='?' (DbType = Int64)], CommandType='"Text"', CommandTimeout='30']
SELECT `d`.`Id`, `d`.`Address_O`, `d`.`Address_R`, `d`.`City_O`, `d`.`City_R`, `d`.`Company_Name`, `d`.`Country_O`, `d`.`Country_R`, `d`.`Created_At`, `d`.`Email1`, `d`.`Email2`, `d`.`Gst_Number`, `d`.`Image`, `d`.`Is_Deleted`, `d`.`Own_Name_1`, `d`.`Own_Name_2`, `d`.`Pan_Number`, `d`.`Phone1`, `d`.`Phone2`, `d`.`Staff_Email1`, `d`.`Staff_Email2`, `d`.`Staff_Email3`, `d`.`Staff_Email4`, `d`.`Staff_Name1`, `d`.`Staff_Name2`, `d`.`Staff_Name3`, `d`.`Staff_Name4`, `d`.`Staff_Phone1`, `d`.`Staff_Phone2`, `d`.`Staff_Phone3`, `d`.`Staff_Phone4`, `d`.`Updated_At`, `d`.`User_Id`, `d`.`Zip_O`, `d`.`Zip_R`
FROM `Dealers` AS `d`
WHERE ((`d`.`Id` = @__id_0) AND (`d`.`Is_Deleted` = 0)) AND (`d`.`User_Id` = @__userId_1)
LIMIT 1
2023-10-05 18:24:53.921 +05:30  INF  Executed DbCommand (0ms) [Parameters=[@__p_0='?' (DbType = Int64)], CommandType='"Text"', CommandTimeout='30']
SELECT `d`.`Id`, `d`.`Bank_Account_Number`, `d`.`Bank_Name`, `d`.`Dealer_Id`, `d`.`Ifsc_Code`, `d`.`Remarks`, `d`.`Updated_At`
FROM `Dealer_Bank_Details` AS `d`
WHERE `d`.`Dealer_Id` = @__p_0
2023-10-05 18:24:53.921 +05:30  INF  Executed DbCommand (0ms) [Parameters=[@__p_0='?' (DbType = Int64)], CommandType='"Text"', CommandTimeout='30']
SELECT `d`.`Id`, `d`.`Dealer_Id`, `d`.`Material_Cost`, `d`.`Material_Date`, `d`.`Material_Name`
FROM `Dealer_Material` AS `d`
WHERE `d`.`Dealer_Id` = @__p_0
2023-10-05 18:24:53.923 +05:30  INF  Executing ObjectResult, writing value of type 'DCRM.Common.Dto.DealerDto'.
2023-10-05 18:24:53.923 +05:30  INF  Executed action DCRM.Api.Controllers.DealerController.GetAsync (DCRM.Api) in 10.6532ms
2023-10-05 18:24:53.924 +05:30  INF  Executed endpoint 'DCRM.Api.Controllers.DealerController.GetAsync (DCRM.Api)'
2023-10-05 18:24:53.924 +05:30  INF  Request finished HTTP/1.1 GET https://localhost:7069/api/Dealer/Get/25 - - - 200 - application/json;+charset=utf-8 15.9082ms
