2023-10-06 09:27:13.622 +05:30  INF  User profile is available. Using 'C:\Users\91812\AppData\Local\ASP.NET\DataProtection-Keys' as key repository and Windows DPAPI to encrypt keys at rest.
2023-10-06 09:27:14.036 +05:30  INF  Now listening on: https://localhost:7069
2023-10-06 09:27:14.036 +05:30  INF  Now listening on: http://localhost:5069
2023-10-06 09:27:14.043 +05:30  INF  Application started. Press Ctrl+C to shut down.
2023-10-06 09:27:14.043 +05:30  INF  Hosting environment: Development
2023-10-06 09:27:14.043 +05:30  INF  Content root path: D:\ez-technologies\virmani_dotnet\DCRM.Api\
2023-10-06 09:27:14.830 +05:30  INF  Request starting HTTP/2 GET https://localhost:7069/swagger/index.html - -
2023-10-06 09:27:15.639 +05:30  INF  Request finished HTTP/2 GET https://localhost:7069/swagger/index.html - - - 200 - text/html;charset=utf-8 820.3472ms
2023-10-06 09:27:15.675 +05:30  INF  Request starting HTTP/2 GET https://localhost:7069/_vs/browserLink - -
2023-10-06 09:27:15.675 +05:30  INF  Request starting HTTP/2 GET https://localhost:7069/_framework/aspnetcore-browser-refresh.js - -
2023-10-06 09:27:15.686 +05:30  INF  Request finished HTTP/2 GET https://localhost:7069/_framework/aspnetcore-browser-refresh.js - - - 200 12348 application/javascript;+charset=utf-8 10.7049ms
2023-10-06 09:27:15.726 +05:30  INF  Request finished HTTP/2 GET https://localhost:7069/_vs/browserLink - - - 200 - text/javascript;+charset=UTF-8 50.7590ms
2023-10-06 09:27:15.758 +05:30  INF  Request starting HTTP/2 GET https://localhost:7069/swagger/favicon-32x32.png - -
2023-10-06 09:27:15.782 +05:30  INF  Sending file. Request path: '/favicon-32x32.png'. Physical path: 'N/A'
2023-10-06 09:27:15.782 +05:30  INF  Request finished HTTP/2 GET https://localhost:7069/swagger/favicon-32x32.png - - - 0 628 image/png 23.9661ms
2023-10-06 09:27:15.805 +05:30  INF  Request starting HTTP/2 GET https://localhost:7069/swagger/v1/swagger.json - -
2023-10-06 09:27:16.027 +05:30  INF  Request finished HTTP/2 GET https://localhost:7069/swagger/v1/swagger.json - - - 200 - application/json;charset=utf-8 222.2046ms
2023-10-06 09:28:15.151 +05:30  INF  Request starting HTTP/2 POST https://localhost:7069/api/Authenticate/user application/json 57
2023-10-06 09:28:15.166 +05:30  INF  CORS policy execution successful.
2023-10-06 09:28:16.730 +05:30  INF  Executing endpoint 'DCRM.Api.Controllers.AuthenticateController.Post (DCRM.Api)'
2023-10-06 09:28:16.776 +05:30  INF  Route matched with {action = "Post", controller = "Authenticate"}. Executing controller action with signature Microsoft.AspNetCore.Mvc.IActionResult Post(System.String, DCRM.Common.AuthenticateRequest) on controller DCRM.Api.Controllers.AuthenticateController (DCRM.Api).
2023-10-06 09:28:19.248 +05:30  ERR  An error occurred using the connection to database 'dcrmdb' on server 'localhost'.
2023-10-06 09:28:19.264 +05:30  ERR  An exception occurred while iterating over the results of a query for context type 'DCRM.Repository.Database.DCRMDBContext'.
MySql.Data.MySqlClient.MySqlException (0x80004005): Reading from the stream has failed.
 ---> System.IO.IOException: Unable to read data from the transport connection: An existing connection was forcibly closed by the remote host..
 ---> System.Net.Sockets.SocketException (10054): An existing connection was forcibly closed by the remote host.
   at System.Net.Sockets.NetworkStream.Read(Byte[] buffer, Int32 offset, Int32 count)
   --- End of inner exception stack trace ---
   at System.Net.Sockets.NetworkStream.Read(Byte[] buffer, Int32 offset, Int32 count)
   at MySql.Data.MySqlClient.TimedStream.ReadAsync(Byte[] buffer, Int32 offset, Int32 count, Boolean execAsync)
   at MySql.Data.MySqlClient.TimedStream.Read(Byte[] buffer, Int32 offset, Int32 count)
   at MySql.Data.MySqlClient.MySqlStream.ReadFullyAsync(Stream stream, Byte[] buffer, Int32 offset, Int32 count, Boolean execAsync)
   at MySql.Data.MySqlClient.MySqlStream.LoadPacketAsync(Boolean execAsync)
   at MySql.Data.MySqlClient.MySqlStream.LoadPacketAsync(Boolean execAsync)
   at MySql.Data.MySqlClient.MySqlStream.ReadPacketAsync(Boolean execAsync)
   at MySql.Data.MySqlClient.NativeDriver.OpenAsync(Boolean execAsync, CancellationToken cancellationToken)
   at MySql.Data.MySqlClient.Driver.OpenAsync(Boolean execAsync, CancellationToken cancellationToken)
   at MySql.Data.MySqlClient.Driver.CreateAsync(MySqlConnectionStringBuilder settings, Boolean execAsync, CancellationToken cancellationToken)
   at MySql.Data.MySqlClient.Driver.CreateAsync(MySqlConnectionStringBuilder settings, Boolean execAsync, CancellationToken cancellationToken)
   at MySql.Data.MySqlClient.MySqlPool.CreateNewPooledConnectionAsync(Boolean execAsync, CancellationToken cancellationToken)
   at MySql.Data.MySqlClient.MySqlPool.GetPooledConnectionAsync(Boolean execAsync, CancellationToken cancellationToken)
   at MySql.Data.MySqlClient.MySqlPool.TryToGetDriverAsync(Boolean execAsync, CancellationToken cancellationToken)
   at MySql.Data.MySqlClient.MySqlPool.GetConnectionAsync(Boolean execAsync, CancellationToken cancellationToken)
   at MySql.Data.MySqlClient.MySqlConnection.OpenAsync(Boolean execAsync, CancellationToken cancellationToken)
   at MySql.Data.MySqlClient.MySqlConnection.Open()
   at Microsoft.EntityFrameworkCore.Storage.RelationalConnection.OpenInternal(Boolean errorsExpected)
   at Microsoft.EntityFrameworkCore.Storage.RelationalConnection.Open(Boolean errorsExpected)
   at Microsoft.EntityFrameworkCore.Storage.RelationalCommand.ExecuteReader(RelationalCommandParameterObject parameterObject)
   at Microsoft.EntityFrameworkCore.Query.Internal.SingleQueryingEnumerable`1.Enumerator.InitializeReader(Enumerator enumerator)
   at MySql.EntityFrameworkCore.Storage.Internal.MySQLExecutionStrategy.Execute[TState,TResult](TState state, Func`3 operation, Func`3 verifySucceeded)
   at Microsoft.EntityFrameworkCore.Query.Internal.SingleQueryingEnumerable`1.Enumerator.MoveNext()MySql.Data.MySqlClient.MySqlException (0x80004005): Reading from the stream has failed.
 ---> System.IO.IOException: Unable to read data from the transport connection: An existing connection was forcibly closed by the remote host..
 ---> System.Net.Sockets.SocketException (10054): An existing connection was forcibly closed by the remote host.
   at System.Net.Sockets.NetworkStream.Read(Byte[] buffer, Int32 offset, Int32 count)
   --- End of inner exception stack trace ---
   at System.Net.Sockets.NetworkStream.Read(Byte[] buffer, Int32 offset, Int32 count)
   at MySql.Data.MySqlClient.TimedStream.ReadAsync(Byte[] buffer, Int32 offset, Int32 count, Boolean execAsync)
   at MySql.Data.MySqlClient.TimedStream.Read(Byte[] buffer, Int32 offset, Int32 count)
   at MySql.Data.MySqlClient.MySqlStream.ReadFullyAsync(Stream stream, Byte[] buffer, Int32 offset, Int32 count, Boolean execAsync)
   at MySql.Data.MySqlClient.MySqlStream.LoadPacketAsync(Boolean execAsync)
   at MySql.Data.MySqlClient.MySqlStream.LoadPacketAsync(Boolean execAsync)
   at MySql.Data.MySqlClient.MySqlStream.ReadPacketAsync(Boolean execAsync)
   at MySql.Data.MySqlClient.NativeDriver.OpenAsync(Boolean execAsync, CancellationToken cancellationToken)
   at MySql.Data.MySqlClient.Driver.OpenAsync(Boolean execAsync, CancellationToken cancellationToken)
   at MySql.Data.MySqlClient.Driver.CreateAsync(MySqlConnectionStringBuilder settings, Boolean execAsync, CancellationToken cancellationToken)
   at MySql.Data.MySqlClient.Driver.CreateAsync(MySqlConnectionStringBuilder settings, Boolean execAsync, CancellationToken cancellationToken)
   at MySql.Data.MySqlClient.MySqlPool.CreateNewPooledConnectionAsync(Boolean execAsync, CancellationToken cancellationToken)
   at MySql.Data.MySqlClient.MySqlPool.GetPooledConnectionAsync(Boolean execAsync, CancellationToken cancellationToken)
   at MySql.Data.MySqlClient.MySqlPool.TryToGetDriverAsync(Boolean execAsync, CancellationToken cancellationToken)
   at MySql.Data.MySqlClient.MySqlPool.GetConnectionAsync(Boolean execAsync, CancellationToken cancellationToken)
   at MySql.Data.MySqlClient.MySqlConnection.OpenAsync(Boolean execAsync, CancellationToken cancellationToken)
   at MySql.Data.MySqlClient.MySqlConnection.Open()
   at Microsoft.EntityFrameworkCore.Storage.RelationalConnection.OpenInternal(Boolean errorsExpected)
   at Microsoft.EntityFrameworkCore.Storage.RelationalConnection.Open(Boolean errorsExpected)
   at Microsoft.EntityFrameworkCore.Storage.RelationalCommand.ExecuteReader(RelationalCommandParameterObject parameterObject)
   at Microsoft.EntityFrameworkCore.Query.Internal.SingleQueryingEnumerable`1.Enumerator.InitializeReader(Enumerator enumerator)
   at MySql.EntityFrameworkCore.Storage.Internal.MySQLExecutionStrategy.Execute[TState,TResult](TState state, Func`3 operation, Func`3 verifySucceeded)
   at Microsoft.EntityFrameworkCore.Query.Internal.SingleQueryingEnumerable`1.Enumerator.MoveNext()

2023-10-06 09:33:34.237 +05:30  INF  Request starting HTTP/2 POST https://localhost:7069/api/Authenticate/user application/json 57
2023-10-06 09:33:34.240 +05:30  INF  CORS policy execution successful.
2023-10-06 09:33:34.245 +05:30  INF  Executed action DCRM.Api.Controllers.AuthenticateController.Post (DCRM.Api) in 317460.5082ms
2023-10-06 09:33:34.251 +05:30  INF  Executed endpoint 'DCRM.Api.Controllers.AuthenticateController.Post (DCRM.Api)'
2023-10-06 09:33:34.333 +05:30  INF  Request finished HTTP/2 POST https://localhost:7069/api/Authenticate/user application/json 57 - 500 - application/json 319181.9476ms
2023-10-06 09:33:34.336 +05:30  INF  Executing endpoint 'DCRM.Api.Controllers.AuthenticateController.Post (DCRM.Api)'
2023-10-06 09:33:34.337 +05:30  INF  Route matched with {action = "Post", controller = "Authenticate"}. Executing controller action with signature Microsoft.AspNetCore.Mvc.IActionResult Post(System.String, DCRM.Common.AuthenticateRequest) on controller DCRM.Api.Controllers.AuthenticateController (DCRM.Api).
2023-10-06 09:33:34.804 +05:30  INF  Executed DbCommand (20ms) [Parameters=[@__authenticateRequest_Email_0='?' (Size = 4000), @__authenticateRequest_Password_1='?' (Size = 4000)], CommandType='"Text"', CommandTimeout='30']
SELECT `u`.`Id`, `u`.`About_Me`, `u`.`Account_Type`, `u`.`Address`, `u`.`Available_Days`, `u`.`Bn_Name`, `u`.`City`, `u`.`Country`, `u`.`Created_At`, `u`.`Currency`, `u`.`Degree`, `u`.`Email`, `u`.`Email_Verified`, `u`.`Enable_Appointment`, `u`.`Enable_Rating`, `u`.`Exp_Years`, `u`.`Facebook`, `u`.`Google_Analytics`, `u`.`Image`, `u`.`Instagram`, `u`.`Linkedin`, `u`.`Name`, `u`.`Parent_Id`, `u`.`Password`, `u`.`Paypal_Email`, `u`.`Paypal_Mode`, `u`.`Paypal_Payment`, `u`.`Paystack_Payment`, `u`.`Paystack_Public_Key`, `u`.`Paystack_Secret_Key`, `u`.`Phone`, `u`.`Publish_Key`, `u`.`Qr_Code`, `u`.`Razorpay_Key_Id`, `u`.`Razorpay_Key_Secret`, `u`.`Razorpay_Payment`, `u`.`Role`, `u`.`Secret_Key`, `u`.`Skype`, `u`.`Slug`, `u`.`Specialist`, `u`.`Status`, `u`.`Stripe_Payment`, `u`.`Thumb`, `u`.`Trial_Expire`, `u`.`Twitter`, `u`.`User_Name`, `u`.`User_Type`, `u`.`Verify_Code`, `u`.`Whatsapp`
FROM `Users` AS `u`
WHERE ((`u`.`Status` = 1) AND (`u`.`Email` = @__authenticateRequest_Email_0)) AND (`u`.`Password` = @__authenticateRequest_Password_1)
LIMIT 2
2023-10-06 09:33:35.316 +05:30  INF  Executing OkObjectResult, writing value of type 'DCRM.Common.AuthenticateResponse'.
2023-10-06 09:33:35.335 +05:30  INF  Executed action DCRM.Api.Controllers.AuthenticateController.Post (DCRM.Api) in 998.1662ms
2023-10-06 09:33:35.335 +05:30  INF  Executed endpoint 'DCRM.Api.Controllers.AuthenticateController.Post (DCRM.Api)'
2023-10-06 09:33:35.335 +05:30  INF  Request finished HTTP/2 POST https://localhost:7069/api/Authenticate/user application/json 57 - 200 - application/json;+charset=utf-8 1098.5415ms
2023-10-06 09:34:16.062 +05:30  INF  Request starting HTTP/1.1 POST https://localhost:7069/api/Authenticate/user application/json 64
2023-10-06 09:34:16.083 +05:30  INF  Executing endpoint 'DCRM.Api.Controllers.AuthenticateController.Post (DCRM.Api)'
2023-10-06 09:34:16.083 +05:30  INF  Route matched with {action = "Post", controller = "Authenticate"}. Executing controller action with signature Microsoft.AspNetCore.Mvc.IActionResult Post(System.String, DCRM.Common.AuthenticateRequest) on controller DCRM.Api.Controllers.AuthenticateController (DCRM.Api).
2023-10-06 09:34:16.095 +05:30  INF  Executed DbCommand (1ms) [Parameters=[@__authenticateRequest_Email_0='?' (Size = 4000), @__authenticateRequest_Password_1='?' (Size = 4000)], CommandType='"Text"', CommandTimeout='30']
SELECT `u`.`Id`, `u`.`About_Me`, `u`.`Account_Type`, `u`.`Address`, `u`.`Available_Days`, `u`.`Bn_Name`, `u`.`City`, `u`.`Country`, `u`.`Created_At`, `u`.`Currency`, `u`.`Degree`, `u`.`Email`, `u`.`Email_Verified`, `u`.`Enable_Appointment`, `u`.`Enable_Rating`, `u`.`Exp_Years`, `u`.`Facebook`, `u`.`Google_Analytics`, `u`.`Image`, `u`.`Instagram`, `u`.`Linkedin`, `u`.`Name`, `u`.`Parent_Id`, `u`.`Password`, `u`.`Paypal_Email`, `u`.`Paypal_Mode`, `u`.`Paypal_Payment`, `u`.`Paystack_Payment`, `u`.`Paystack_Public_Key`, `u`.`Paystack_Secret_Key`, `u`.`Phone`, `u`.`Publish_Key`, `u`.`Qr_Code`, `u`.`Razorpay_Key_Id`, `u`.`Razorpay_Key_Secret`, `u`.`Razorpay_Payment`, `u`.`Role`, `u`.`Secret_Key`, `u`.`Skype`, `u`.`Slug`, `u`.`Specialist`, `u`.`Status`, `u`.`Stripe_Payment`, `u`.`Thumb`, `u`.`Trial_Expire`, `u`.`Twitter`, `u`.`User_Name`, `u`.`User_Type`, `u`.`Verify_Code`, `u`.`Whatsapp`
FROM `Users` AS `u`
WHERE ((`u`.`Status` = 1) AND (`u`.`Email` = @__authenticateRequest_Email_0)) AND (`u`.`Password` = @__authenticateRequest_Password_1)
LIMIT 2
2023-10-06 09:34:16.096 +05:30  INF  Executing OkObjectResult, writing value of type 'DCRM.Common.AuthenticateResponse'.
2023-10-06 09:34:16.105 +05:30  INF  Executed action DCRM.Api.Controllers.AuthenticateController.Post (DCRM.Api) in 21.4607ms
2023-10-06 09:34:16.105 +05:30  INF  Executed endpoint 'DCRM.Api.Controllers.AuthenticateController.Post (DCRM.Api)'
2023-10-06 09:34:16.105 +05:30  INF  Request finished HTTP/1.1 POST https://localhost:7069/api/Authenticate/user application/json 64 - 200 - application/json;+charset=utf-8 43.5574ms
2023-10-06 09:34:30.077 +05:30  INF  Request starting HTTP/1.1 GET https://localhost:7069/api/Dealer/GetAll - -
2023-10-06 09:34:30.234 +05:30  INF  Executing endpoint 'DCRM.Api.Controllers.DealerController.GetAllAsync (DCRM.Api)'
2023-10-06 09:34:30.241 +05:30  INF  Route matched with {action = "GetAll", controller = "Dealer"}. Executing controller action with signature System.Threading.Tasks.Task`1[System.Collections.Generic.IEnumerable`1[DCRM.Common.Dto.DealerDto]] GetAllAsync() on controller DCRM.Api.Controllers.DealerController (DCRM.Api).
2023-10-06 09:34:30.254 +05:30  INF  Authorization failed for the request at filter 'DCRM.Common.Authorization.AuthorizeAttribute'.
2023-10-06 09:34:30.256 +05:30  INF  Executing JsonResult, writing value of type '<>f__AnonymousType0`1[[System.String, System.Private.CoreLib, Version=6.0.0.0, Culture=neutral, PublicKeyToken=7cec85d7bea7798e]]'.
2023-10-06 09:34:30.257 +05:30  INF  Executed action DCRM.Api.Controllers.DealerController.GetAllAsync (DCRM.Api) in 16.0222ms
2023-10-06 09:34:30.257 +05:30  INF  Executed endpoint 'DCRM.Api.Controllers.DealerController.GetAllAsync (DCRM.Api)'
2023-10-06 09:34:30.257 +05:30  INF  Request finished HTTP/1.1 GET https://localhost:7069/api/Dealer/GetAll - - - 401 - application/json;+charset=utf-8 180.3838ms
2023-10-06 09:34:52.138 +05:30  INF  Request starting HTTP/1.1 GET https://localhost:7069/api/Dealer/GetAll - -
2023-10-06 09:34:52.290 +05:30  INF  Executed DbCommand (22ms) [Parameters=[@__id_0='?' (DbType = Int32)], CommandType='"Text"', CommandTimeout='30']
SELECT `u`.`Id`, `u`.`About_Me`, `u`.`Account_Type`, `u`.`Address`, `u`.`Available_Days`, `u`.`Bn_Name`, `u`.`City`, `u`.`Country`, `u`.`Created_At`, `u`.`Currency`, `u`.`Degree`, `u`.`Email`, `u`.`Email_Verified`, `u`.`Enable_Appointment`, `u`.`Enable_Rating`, `u`.`Exp_Years`, `u`.`Facebook`, `u`.`Google_Analytics`, `u`.`Image`, `u`.`Instagram`, `u`.`Linkedin`, `u`.`Name`, `u`.`Parent_Id`, `u`.`Password`, `u`.`Paypal_Email`, `u`.`Paypal_Mode`, `u`.`Paypal_Payment`, `u`.`Paystack_Payment`, `u`.`Paystack_Public_Key`, `u`.`Paystack_Secret_Key`, `u`.`Phone`, `u`.`Publish_Key`, `u`.`Qr_Code`, `u`.`Razorpay_Key_Id`, `u`.`Razorpay_Key_Secret`, `u`.`Razorpay_Payment`, `u`.`Role`, `u`.`Secret_Key`, `u`.`Skype`, `u`.`Slug`, `u`.`Specialist`, `u`.`Status`, `u`.`Stripe_Payment`, `u`.`Thumb`, `u`.`Trial_Expire`, `u`.`Twitter`, `u`.`User_Name`, `u`.`User_Type`, `u`.`Verify_Code`, `u`.`Whatsapp`
FROM `Users` AS `u`
WHERE `u`.`Id` = @__id_0
LIMIT 1
2023-10-06 09:34:52.319 +05:30  INF  Executing endpoint 'DCRM.Api.Controllers.DealerController.GetAllAsync (DCRM.Api)'
2023-10-06 09:34:52.320 +05:30  INF  Route matched with {action = "GetAll", controller = "Dealer"}. Executing controller action with signature System.Threading.Tasks.Task`1[System.Collections.Generic.IEnumerable`1[DCRM.Common.Dto.DealerDto]] GetAllAsync() on controller DCRM.Api.Controllers.DealerController (DCRM.Api).
2023-10-06 09:34:52.339 +05:30  INF  Executed DbCommand (5ms) [Parameters=[@__userId_0='?' (DbType = Int64)], CommandType='"Text"', CommandTimeout='30']
SELECT `d`.`Id`, `d`.`Address_O`, `d`.`Address_R`, `d`.`City_O`, `d`.`City_R`, `d`.`Company_Name`, `d`.`Country_O`, `d`.`Country_R`, `d`.`Created_At`, `d`.`Email1`, `d`.`Email2`, `d`.`Gst_Number`, `d`.`Image`, `d`.`Is_Deleted`, `d`.`Own_Name_1`, `d`.`Own_Name_2`, `d`.`Pan_Number`, `d`.`Phone1`, `d`.`Phone2`, `d`.`Staff_Email1`, `d`.`Staff_Email2`, `d`.`Staff_Email3`, `d`.`Staff_Email4`, `d`.`Staff_Name1`, `d`.`Staff_Name2`, `d`.`Staff_Name3`, `d`.`Staff_Name4`, `d`.`Staff_Phone1`, `d`.`Staff_Phone2`, `d`.`Staff_Phone3`, `d`.`Staff_Phone4`, `d`.`Updated_At`, `d`.`User_Id`, `d`.`Zip_O`, `d`.`Zip_R`
FROM `Dealers` AS `d`
WHERE (`d`.`Is_Deleted` = 0) AND (`d`.`User_Id` = @__userId_0)
2023-10-06 09:34:52.467 +05:30  INF  Executed DbCommand (1ms) [Parameters=[@__p_0='?' (DbType = Int64)], CommandType='"Text"', CommandTimeout='30']
SELECT `d`.`Id`, `d`.`Bank_Account_Number`, `d`.`Bank_Name`, `d`.`Dealer_Id`, `d`.`Ifsc_Code`, `d`.`Remarks`, `d`.`Updated_At`
FROM `Dealer_Bank_Details` AS `d`
WHERE `d`.`Dealer_Id` = @__p_0
2023-10-06 09:34:52.476 +05:30  INF  Executed DbCommand (1ms) [Parameters=[@__p_0='?' (DbType = Int64)], CommandType='"Text"', CommandTimeout='30']
SELECT `d`.`Id`, `d`.`Dealer_Id`, `d`.`Material_Cost`, `d`.`Material_Date`, `d`.`Material_Name`
FROM `Dealer_Material` AS `d`
WHERE `d`.`Dealer_Id` = @__p_0
2023-10-06 09:34:52.477 +05:30  INF  Executed DbCommand (0ms) [Parameters=[@__p_0='?' (DbType = Int64)], CommandType='"Text"', CommandTimeout='30']
SELECT `d`.`Id`, `d`.`Bank_Account_Number`, `d`.`Bank_Name`, `d`.`Dealer_Id`, `d`.`Ifsc_Code`, `d`.`Remarks`, `d`.`Updated_At`
FROM `Dealer_Bank_Details` AS `d`
WHERE `d`.`Dealer_Id` = @__p_0
2023-10-06 09:34:52.479 +05:30  INF  Executed DbCommand (0ms) [Parameters=[@__p_0='?' (DbType = Int64)], CommandType='"Text"', CommandTimeout='30']
SELECT `d`.`Id`, `d`.`Dealer_Id`, `d`.`Material_Cost`, `d`.`Material_Date`, `d`.`Material_Name`
FROM `Dealer_Material` AS `d`
WHERE `d`.`Dealer_Id` = @__p_0
2023-10-06 09:34:52.480 +05:30  INF  Executed DbCommand (0ms) [Parameters=[@__p_0='?' (DbType = Int64)], CommandType='"Text"', CommandTimeout='30']
SELECT `d`.`Id`, `d`.`Bank_Account_Number`, `d`.`Bank_Name`, `d`.`Dealer_Id`, `d`.`Ifsc_Code`, `d`.`Remarks`, `d`.`Updated_At`
FROM `Dealer_Bank_Details` AS `d`
WHERE `d`.`Dealer_Id` = @__p_0
2023-10-06 09:34:52.503 +05:30  INF  Executed DbCommand (1ms) [Parameters=[@__p_0='?' (DbType = Int64)], CommandType='"Text"', CommandTimeout='30']
SELECT `d`.`Id`, `d`.`Dealer_Id`, `d`.`Material_Cost`, `d`.`Material_Date`, `d`.`Material_Name`
FROM `Dealer_Material` AS `d`
WHERE `d`.`Dealer_Id` = @__p_0
2023-10-06 09:34:52.528 +05:30  INF  Executed DbCommand (1ms) [Parameters=[@__p_0='?' (DbType = Int64)], CommandType='"Text"', CommandTimeout='30']
SELECT `d`.`Id`, `d`.`Bank_Account_Number`, `d`.`Bank_Name`, `d`.`Dealer_Id`, `d`.`Ifsc_Code`, `d`.`Remarks`, `d`.`Updated_At`
FROM `Dealer_Bank_Details` AS `d`
WHERE `d`.`Dealer_Id` = @__p_0
2023-10-06 09:34:52.530 +05:30  INF  Executed DbCommand (0ms) [Parameters=[@__p_0='?' (DbType = Int64)], CommandType='"Text"', CommandTimeout='30']
SELECT `d`.`Id`, `d`.`Dealer_Id`, `d`.`Material_Cost`, `d`.`Material_Date`, `d`.`Material_Name`
FROM `Dealer_Material` AS `d`
WHERE `d`.`Dealer_Id` = @__p_0
2023-10-06 09:34:52.531 +05:30  INF  Executing ObjectResult, writing value of type 'System.Collections.Generic.List`1[[DCRM.Common.Dto.DealerDto, DCRM.Common, Version=1.0.0.0, Culture=neutral, PublicKeyToken=null]]'.
2023-10-06 09:34:52.610 +05:30  INF  Executed action DCRM.Api.Controllers.DealerController.GetAllAsync (DCRM.Api) in 289.879ms
2023-10-06 09:34:52.610 +05:30  INF  Executed endpoint 'DCRM.Api.Controllers.DealerController.GetAllAsync (DCRM.Api)'
2023-10-06 09:34:52.610 +05:30  INF  Request finished HTTP/1.1 GET https://localhost:7069/api/Dealer/GetAll - - - 200 - application/json;+charset=utf-8 471.3388ms
2023-10-06 09:36:52.979 +05:30  INF  Request starting HTTP/1.1 POST https://localhost:7069/api/Dealer/Update application/json 1551
2023-10-06 09:36:53.000 +05:30  INF  Executed DbCommand (2ms) [Parameters=[@__id_0='?' (DbType = Int32)], CommandType='"Text"', CommandTimeout='30']
SELECT `u`.`Id`, `u`.`About_Me`, `u`.`Account_Type`, `u`.`Address`, `u`.`Available_Days`, `u`.`Bn_Name`, `u`.`City`, `u`.`Country`, `u`.`Created_At`, `u`.`Currency`, `u`.`Degree`, `u`.`Email`, `u`.`Email_Verified`, `u`.`Enable_Appointment`, `u`.`Enable_Rating`, `u`.`Exp_Years`, `u`.`Facebook`, `u`.`Google_Analytics`, `u`.`Image`, `u`.`Instagram`, `u`.`Linkedin`, `u`.`Name`, `u`.`Parent_Id`, `u`.`Password`, `u`.`Paypal_Email`, `u`.`Paypal_Mode`, `u`.`Paypal_Payment`, `u`.`Paystack_Payment`, `u`.`Paystack_Public_Key`, `u`.`Paystack_Secret_Key`, `u`.`Phone`, `u`.`Publish_Key`, `u`.`Qr_Code`, `u`.`Razorpay_Key_Id`, `u`.`Razorpay_Key_Secret`, `u`.`Razorpay_Payment`, `u`.`Role`, `u`.`Secret_Key`, `u`.`Skype`, `u`.`Slug`, `u`.`Specialist`, `u`.`Status`, `u`.`Stripe_Payment`, `u`.`Thumb`, `u`.`Trial_Expire`, `u`.`Twitter`, `u`.`User_Name`, `u`.`User_Type`, `u`.`Verify_Code`, `u`.`Whatsapp`
FROM `Users` AS `u`
WHERE `u`.`Id` = @__id_0
LIMIT 1
2023-10-06 09:36:53.001 +05:30  INF  Executing endpoint 'DCRM.Api.Controllers.DealerController.Update (DCRM.Api)'
2023-10-06 09:36:53.004 +05:30  INF  Route matched with {action = "Update", controller = "Dealer"}. Executing controller action with signature System.Threading.Tasks.Task`1[Microsoft.AspNetCore.Mvc.IActionResult] Update(DCRM.Common.Entity.DealerRequest) on controller DCRM.Api.Controllers.DealerController (DCRM.Api).
2023-10-06 09:36:53.075 +05:30  INF  Executed DbCommand (1ms) [Parameters=[@__request_Id_0='?' (DbType = Int32)], CommandType='"Text"', CommandTimeout='30']
SELECT `d`.`Id`, `d`.`Address_O`, `d`.`Address_R`, `d`.`City_O`, `d`.`City_R`, `d`.`Company_Name`, `d`.`Country_O`, `d`.`Country_R`, `d`.`Created_At`, `d`.`Email1`, `d`.`Email2`, `d`.`Gst_Number`, `d`.`Image`, `d`.`Is_Deleted`, `d`.`Own_Name_1`, `d`.`Own_Name_2`, `d`.`Pan_Number`, `d`.`Phone1`, `d`.`Phone2`, `d`.`Staff_Email1`, `d`.`Staff_Email2`, `d`.`Staff_Email3`, `d`.`Staff_Email4`, `d`.`Staff_Name1`, `d`.`Staff_Name2`, `d`.`Staff_Name3`, `d`.`Staff_Name4`, `d`.`Staff_Phone1`, `d`.`Staff_Phone2`, `d`.`Staff_Phone3`, `d`.`Staff_Phone4`, `d`.`Updated_At`, `d`.`User_Id`, `d`.`Zip_O`, `d`.`Zip_R`
FROM `Dealers` AS `d`
WHERE `d`.`Id` = @__request_Id_0
LIMIT 1
2023-10-06 09:36:53.265 +05:30  INF  Executed DbCommand (20ms) [Parameters=[@p34='?' (DbType = Int32), @p0='?' (Size = 4000), @p1='?' (Size = 4000), @p2='?' (Size = 4000), @p3='?' (Size = 4000), @p4='?' (Size = 4000), @p5='?' (Size = 4000), @p6='?' (Size = 4000), @p7='?' (DbType = DateTime), @p8='?' (Size = 4000), @p9='?' (Size = 4000), @p10='?' (Size = 4000), @p11='?' (Size = 4000), @p12='?' (DbType = SByte), @p13='?' (Size = 4000), @p14='?' (Size = 4000), @p15='?' (Size = 4000), @p16='?' (Size = 4000), @p17='?' (Size = 4000), @p18='?' (Size = 4000), @p19='?' (Size = 4000), @p20='?' (Size = 4000), @p21='?' (Size = 4000), @p22='?' (Size = 4000), @p23='?' (Size = 4000), @p24='?' (Size = 4000), @p25='?' (Size = 4000), @p26='?' (DbType = Int64), @p27='?' (DbType = Int64), @p28='?' (DbType = Int64), @p29='?' (DbType = Int64), @p30='?' (DbType = DateTime), @p31='?' (DbType = Int64), @p32='?' (Size = 4000), @p33='?' (Size = 4000)], CommandType='"Text"', CommandTimeout='30']
UPDATE `Dealers` SET `Address_O` = @p0, `Address_R` = @p1, `City_O` = @p2, `City_R` = @p3, `Company_Name` = @p4, `Country_O` = @p5, `Country_R` = @p6, `Created_At` = @p7, `Email1` = @p8, `Email2` = @p9, `Gst_Number` = @p10, `Image` = @p11, `Is_Deleted` = @p12, `Own_Name_1` = @p13, `Own_Name_2` = @p14, `Pan_Number` = @p15, `Phone1` = @p16, `Phone2` = @p17, `Staff_Email1` = @p18, `Staff_Email2` = @p19, `Staff_Email3` = @p20, `Staff_Email4` = @p21, `Staff_Name1` = @p22, `Staff_Name2` = @p23, `Staff_Name3` = @p24, `Staff_Name4` = @p25, `Staff_Phone1` = @p26, `Staff_Phone2` = @p27, `Staff_Phone3` = @p28, `Staff_Phone4` = @p29, `Updated_At` = @p30, `User_Id` = @p31, `Zip_O` = @p32, `Zip_R` = @p33
WHERE `Id` = @p34;
2023-10-06 09:36:53.282 +05:30  INF  Executed DbCommand (1ms) [Parameters=[@__item_Id_0='?' (DbType = Int64)], CommandType='"Text"', CommandTimeout='30']
SELECT `d`.`Id`, `d`.`Bank_Account_Number`, `d`.`Bank_Name`, `d`.`Dealer_Id`, `d`.`Ifsc_Code`, `d`.`Remarks`, `d`.`Updated_At`
FROM `Dealer_Bank_Details` AS `d`
WHERE `d`.`Id` = @__item_Id_0
LIMIT 1
2023-10-06 09:36:53.373 +05:30  INF  Executed DbCommand (1ms) [Parameters=[@p0='?' (DbType = Int64), @p1='?' (Size = 4000), @p2='?' (DbType = Int64), @p3='?' (Size = 4000), @p4='?' (Size = 4000), @p5='?' (DbType = DateTime)], CommandType='"Text"', CommandTimeout='30']
INSERT INTO `Dealer_Bank_Details` (`Bank_Account_Number`, `Bank_Name`, `Dealer_Id`, `Ifsc_Code`, `Remarks`, `Updated_At`)
VALUES (@p0, @p1, @p2, @p3, @p4, @p5);
SELECT `Id`
FROM `Dealer_Bank_Details`
WHERE ROW_COUNT() = 1 AND `Id` = LAST_INSERT_ID();
2023-10-06 09:36:53.421 +05:30  INF  Executed DbCommand (1ms) [Parameters=[@__item_Id_0='?' (DbType = Int32)], CommandType='"Text"', CommandTimeout='30']
SELECT `d`.`Id`, `d`.`Dealer_Id`, `d`.`Material_Cost`, `d`.`Material_Date`, `d`.`Material_Name`
FROM `Dealer_Material` AS `d`
WHERE `d`.`Id` = @__item_Id_0
LIMIT 1
2023-10-06 09:36:53.440 +05:30  INF  Executed DbCommand (4ms) [Parameters=[@p0='?' (DbType = Int64), @p1='?' (DbType = Single), @p2='?' (DbType = DateTime), @p3='?' (Size = 4000)], CommandType='"Text"', CommandTimeout='30']
INSERT INTO `Dealer_Material` (`Dealer_Id`, `Material_Cost`, `Material_Date`, `Material_Name`)
VALUES (@p0, @p1, @p2, @p3);
SELECT `Id`
FROM `Dealer_Material`
WHERE ROW_COUNT() = 1 AND `Id` = LAST_INSERT_ID();
2023-10-06 09:36:53.454 +05:30  INF  Executing OkObjectResult, writing value of type 'System.String'.
2023-10-06 09:36:53.454 +05:30  INF  Executed action DCRM.Api.Controllers.DealerController.Update (DCRM.Api) in 449.683ms
2023-10-06 09:36:53.454 +05:30  INF  Executed endpoint 'DCRM.Api.Controllers.DealerController.Update (DCRM.Api)'
2023-10-06 09:36:53.454 +05:30  INF  Request finished HTTP/1.1 POST https://localhost:7069/api/Dealer/Update application/json 1551 - 200 - text/plain;+charset=utf-8 475.5781ms
2023-10-06 09:37:03.097 +05:30  INF  Request starting HTTP/1.1 GET https://localhost:7069/api/Dealer/GetAll - -
2023-10-06 09:37:03.110 +05:30  INF  Executed DbCommand (7ms) [Parameters=[@__id_0='?' (DbType = Int32)], CommandType='"Text"', CommandTimeout='30']
SELECT `u`.`Id`, `u`.`About_Me`, `u`.`Account_Type`, `u`.`Address`, `u`.`Available_Days`, `u`.`Bn_Name`, `u`.`City`, `u`.`Country`, `u`.`Created_At`, `u`.`Currency`, `u`.`Degree`, `u`.`Email`, `u`.`Email_Verified`, `u`.`Enable_Appointment`, `u`.`Enable_Rating`, `u`.`Exp_Years`, `u`.`Facebook`, `u`.`Google_Analytics`, `u`.`Image`, `u`.`Instagram`, `u`.`Linkedin`, `u`.`Name`, `u`.`Parent_Id`, `u`.`Password`, `u`.`Paypal_Email`, `u`.`Paypal_Mode`, `u`.`Paypal_Payment`, `u`.`Paystack_Payment`, `u`.`Paystack_Public_Key`, `u`.`Paystack_Secret_Key`, `u`.`Phone`, `u`.`Publish_Key`, `u`.`Qr_Code`, `u`.`Razorpay_Key_Id`, `u`.`Razorpay_Key_Secret`, `u`.`Razorpay_Payment`, `u`.`Role`, `u`.`Secret_Key`, `u`.`Skype`, `u`.`Slug`, `u`.`Specialist`, `u`.`Status`, `u`.`Stripe_Payment`, `u`.`Thumb`, `u`.`Trial_Expire`, `u`.`Twitter`, `u`.`User_Name`, `u`.`User_Type`, `u`.`Verify_Code`, `u`.`Whatsapp`
FROM `Users` AS `u`
WHERE `u`.`Id` = @__id_0
LIMIT 1
2023-10-06 09:37:03.111 +05:30  INF  Executing endpoint 'DCRM.Api.Controllers.DealerController.GetAllAsync (DCRM.Api)'
2023-10-06 09:37:03.111 +05:30  INF  Route matched with {action = "GetAll", controller = "Dealer"}. Executing controller action with signature System.Threading.Tasks.Task`1[System.Collections.Generic.IEnumerable`1[DCRM.Common.Dto.DealerDto]] GetAllAsync() on controller DCRM.Api.Controllers.DealerController (DCRM.Api).
2023-10-06 09:37:03.115 +05:30  INF  Executed DbCommand (1ms) [Parameters=[@__userId_0='?' (DbType = Int64)], CommandType='"Text"', CommandTimeout='30']
SELECT `d`.`Id`, `d`.`Address_O`, `d`.`Address_R`, `d`.`City_O`, `d`.`City_R`, `d`.`Company_Name`, `d`.`Country_O`, `d`.`Country_R`, `d`.`Created_At`, `d`.`Email1`, `d`.`Email2`, `d`.`Gst_Number`, `d`.`Image`, `d`.`Is_Deleted`, `d`.`Own_Name_1`, `d`.`Own_Name_2`, `d`.`Pan_Number`, `d`.`Phone1`, `d`.`Phone2`, `d`.`Staff_Email1`, `d`.`Staff_Email2`, `d`.`Staff_Email3`, `d`.`Staff_Email4`, `d`.`Staff_Name1`, `d`.`Staff_Name2`, `d`.`Staff_Name3`, `d`.`Staff_Name4`, `d`.`Staff_Phone1`, `d`.`Staff_Phone2`, `d`.`Staff_Phone3`, `d`.`Staff_Phone4`, `d`.`Updated_At`, `d`.`User_Id`, `d`.`Zip_O`, `d`.`Zip_R`
FROM `Dealers` AS `d`
WHERE (`d`.`Is_Deleted` = 0) AND (`d`.`User_Id` = @__userId_0)
2023-10-06 09:37:03.117 +05:30  INF  Executed DbCommand (1ms) [Parameters=[@__p_0='?' (DbType = Int64)], CommandType='"Text"', CommandTimeout='30']
SELECT `d`.`Id`, `d`.`Bank_Account_Number`, `d`.`Bank_Name`, `d`.`Dealer_Id`, `d`.`Ifsc_Code`, `d`.`Remarks`, `d`.`Updated_At`
FROM `Dealer_Bank_Details` AS `d`
WHERE `d`.`Dealer_Id` = @__p_0
2023-10-06 09:37:03.118 +05:30  INF  Executed DbCommand (0ms) [Parameters=[@__p_0='?' (DbType = Int64)], CommandType='"Text"', CommandTimeout='30']
SELECT `d`.`Id`, `d`.`Dealer_Id`, `d`.`Material_Cost`, `d`.`Material_Date`, `d`.`Material_Name`
FROM `Dealer_Material` AS `d`
WHERE `d`.`Dealer_Id` = @__p_0
2023-10-06 09:37:03.120 +05:30  INF  Executed DbCommand (0ms) [Parameters=[@__p_0='?' (DbType = Int64)], CommandType='"Text"', CommandTimeout='30']
SELECT `d`.`Id`, `d`.`Bank_Account_Number`, `d`.`Bank_Name`, `d`.`Dealer_Id`, `d`.`Ifsc_Code`, `d`.`Remarks`, `d`.`Updated_At`
FROM `Dealer_Bank_Details` AS `d`
WHERE `d`.`Dealer_Id` = @__p_0
2023-10-06 09:37:03.121 +05:30  INF  Executed DbCommand (1ms) [Parameters=[@__p_0='?' (DbType = Int64)], CommandType='"Text"', CommandTimeout='30']
SELECT `d`.`Id`, `d`.`Dealer_Id`, `d`.`Material_Cost`, `d`.`Material_Date`, `d`.`Material_Name`
FROM `Dealer_Material` AS `d`
WHERE `d`.`Dealer_Id` = @__p_0
2023-10-06 09:37:03.123 +05:30  INF  Executed DbCommand (0ms) [Parameters=[@__p_0='?' (DbType = Int64)], CommandType='"Text"', CommandTimeout='30']
SELECT `d`.`Id`, `d`.`Bank_Account_Number`, `d`.`Bank_Name`, `d`.`Dealer_Id`, `d`.`Ifsc_Code`, `d`.`Remarks`, `d`.`Updated_At`
FROM `Dealer_Bank_Details` AS `d`
WHERE `d`.`Dealer_Id` = @__p_0
2023-10-06 09:37:03.124 +05:30  INF  Executed DbCommand (1ms) [Parameters=[@__p_0='?' (DbType = Int64)], CommandType='"Text"', CommandTimeout='30']
SELECT `d`.`Id`, `d`.`Dealer_Id`, `d`.`Material_Cost`, `d`.`Material_Date`, `d`.`Material_Name`
FROM `Dealer_Material` AS `d`
WHERE `d`.`Dealer_Id` = @__p_0
2023-10-06 09:37:03.126 +05:30  INF  Executed DbCommand (1ms) [Parameters=[@__p_0='?' (DbType = Int64)], CommandType='"Text"', CommandTimeout='30']
SELECT `d`.`Id`, `d`.`Bank_Account_Number`, `d`.`Bank_Name`, `d`.`Dealer_Id`, `d`.`Ifsc_Code`, `d`.`Remarks`, `d`.`Updated_At`
FROM `Dealer_Bank_Details` AS `d`
WHERE `d`.`Dealer_Id` = @__p_0
2023-10-06 09:37:03.128 +05:30  INF  Executed DbCommand (0ms) [Parameters=[@__p_0='?' (DbType = Int64)], CommandType='"Text"', CommandTimeout='30']
SELECT `d`.`Id`, `d`.`Dealer_Id`, `d`.`Material_Cost`, `d`.`Material_Date`, `d`.`Material_Name`
FROM `Dealer_Material` AS `d`
WHERE `d`.`Dealer_Id` = @__p_0
2023-10-06 09:37:03.129 +05:30  INF  Executed DbCommand (1ms) [Parameters=[@__p_0='?' (DbType = Int64)], CommandType='"Text"', CommandTimeout='30']
SELECT `d`.`Id`, `d`.`Bank_Account_Number`, `d`.`Bank_Name`, `d`.`Dealer_Id`, `d`.`Ifsc_Code`, `d`.`Remarks`, `d`.`Updated_At`
FROM `Dealer_Bank_Details` AS `d`
WHERE `d`.`Dealer_Id` = @__p_0
2023-10-06 09:37:03.131 +05:30  INF  Executed DbCommand (0ms) [Parameters=[@__p_0='?' (DbType = Int64)], CommandType='"Text"', CommandTimeout='30']
SELECT `d`.`Id`, `d`.`Dealer_Id`, `d`.`Material_Cost`, `d`.`Material_Date`, `d`.`Material_Name`
FROM `Dealer_Material` AS `d`
WHERE `d`.`Dealer_Id` = @__p_0
2023-10-06 09:37:03.133 +05:30  INF  Executed DbCommand (0ms) [Parameters=[@__p_0='?' (DbType = Int64)], CommandType='"Text"', CommandTimeout='30']
SELECT `d`.`Id`, `d`.`Bank_Account_Number`, `d`.`Bank_Name`, `d`.`Dealer_Id`, `d`.`Ifsc_Code`, `d`.`Remarks`, `d`.`Updated_At`
FROM `Dealer_Bank_Details` AS `d`
WHERE `d`.`Dealer_Id` = @__p_0
2023-10-06 09:37:03.134 +05:30  INF  Executed DbCommand (0ms) [Parameters=[@__p_0='?' (DbType = Int64)], CommandType='"Text"', CommandTimeout='30']
SELECT `d`.`Id`, `d`.`Dealer_Id`, `d`.`Material_Cost`, `d`.`Material_Date`, `d`.`Material_Name`
FROM `Dealer_Material` AS `d`
WHERE `d`.`Dealer_Id` = @__p_0
2023-10-06 09:37:03.134 +05:30  INF  Executing ObjectResult, writing value of type 'System.Collections.Generic.List`1[[DCRM.Common.Dto.DealerDto, DCRM.Common, Version=1.0.0.0, Culture=neutral, PublicKeyToken=null]]'.
2023-10-06 09:37:03.135 +05:30  INF  Executed action DCRM.Api.Controllers.DealerController.GetAllAsync (DCRM.Api) in 24.1127ms
2023-10-06 09:37:03.135 +05:30  INF  Executed endpoint 'DCRM.Api.Controllers.DealerController.GetAllAsync (DCRM.Api)'
2023-10-06 09:37:03.135 +05:30  INF  Request finished HTTP/1.1 GET https://localhost:7069/api/Dealer/GetAll - - - 200 - application/json;+charset=utf-8 38.1990ms
2023-10-06 09:37:19.409 +05:30  INF  Request starting HTTP/1.1 GET https://localhost:7069/api/Dealer/Get/27 - -
2023-10-06 09:37:19.415 +05:30  INF  Executed DbCommand (2ms) [Parameters=[@__id_0='?' (DbType = Int32)], CommandType='"Text"', CommandTimeout='30']
SELECT `u`.`Id`, `u`.`About_Me`, `u`.`Account_Type`, `u`.`Address`, `u`.`Available_Days`, `u`.`Bn_Name`, `u`.`City`, `u`.`Country`, `u`.`Created_At`, `u`.`Currency`, `u`.`Degree`, `u`.`Email`, `u`.`Email_Verified`, `u`.`Enable_Appointment`, `u`.`Enable_Rating`, `u`.`Exp_Years`, `u`.`Facebook`, `u`.`Google_Analytics`, `u`.`Image`, `u`.`Instagram`, `u`.`Linkedin`, `u`.`Name`, `u`.`Parent_Id`, `u`.`Password`, `u`.`Paypal_Email`, `u`.`Paypal_Mode`, `u`.`Paypal_Payment`, `u`.`Paystack_Payment`, `u`.`Paystack_Public_Key`, `u`.`Paystack_Secret_Key`, `u`.`Phone`, `u`.`Publish_Key`, `u`.`Qr_Code`, `u`.`Razorpay_Key_Id`, `u`.`Razorpay_Key_Secret`, `u`.`Razorpay_Payment`, `u`.`Role`, `u`.`Secret_Key`, `u`.`Skype`, `u`.`Slug`, `u`.`Specialist`, `u`.`Status`, `u`.`Stripe_Payment`, `u`.`Thumb`, `u`.`Trial_Expire`, `u`.`Twitter`, `u`.`User_Name`, `u`.`User_Type`, `u`.`Verify_Code`, `u`.`Whatsapp`
FROM `Users` AS `u`
WHERE `u`.`Id` = @__id_0
LIMIT 1
2023-10-06 09:37:19.416 +05:30  INF  Executing endpoint 'DCRM.Api.Controllers.DealerController.GetAsync (DCRM.Api)'
2023-10-06 09:37:19.420 +05:30  INF  Route matched with {action = "Get", controller = "Dealer"}. Executing controller action with signature System.Threading.Tasks.Task`1[DCRM.Common.Dto.DealerDto] GetAsync(Int32) on controller DCRM.Api.Controllers.DealerController (DCRM.Api).
2023-10-06 09:37:19.439 +05:30  INF  Executed DbCommand (2ms) [Parameters=[@__id_0='?' (DbType = Int32), @__userId_1='?' (DbType = Int64)], CommandType='"Text"', CommandTimeout='30']
SELECT `d`.`Id`, `d`.`Address_O`, `d`.`Address_R`, `d`.`City_O`, `d`.`City_R`, `d`.`Company_Name`, `d`.`Country_O`, `d`.`Country_R`, `d`.`Created_At`, `d`.`Email1`, `d`.`Email2`, `d`.`Gst_Number`, `d`.`Image`, `d`.`Is_Deleted`, `d`.`Own_Name_1`, `d`.`Own_Name_2`, `d`.`Pan_Number`, `d`.`Phone1`, `d`.`Phone2`, `d`.`Staff_Email1`, `d`.`Staff_Email2`, `d`.`Staff_Email3`, `d`.`Staff_Email4`, `d`.`Staff_Name1`, `d`.`Staff_Name2`, `d`.`Staff_Name3`, `d`.`Staff_Name4`, `d`.`Staff_Phone1`, `d`.`Staff_Phone2`, `d`.`Staff_Phone3`, `d`.`Staff_Phone4`, `d`.`Updated_At`, `d`.`User_Id`, `d`.`Zip_O`, `d`.`Zip_R`
FROM `Dealers` AS `d`
WHERE ((`d`.`Id` = @__id_0) AND (`d`.`Is_Deleted` = 0)) AND (`d`.`User_Id` = @__userId_1)
LIMIT 1
2023-10-06 09:37:19.442 +05:30  INF  Executed DbCommand (1ms) [Parameters=[@__p_0='?' (DbType = Int64)], CommandType='"Text"', CommandTimeout='30']
SELECT `d`.`Id`, `d`.`Bank_Account_Number`, `d`.`Bank_Name`, `d`.`Dealer_Id`, `d`.`Ifsc_Code`, `d`.`Remarks`, `d`.`Updated_At`
FROM `Dealer_Bank_Details` AS `d`
WHERE `d`.`Dealer_Id` = @__p_0
2023-10-06 09:37:19.443 +05:30  INF  Executed DbCommand (0ms) [Parameters=[@__p_0='?' (DbType = Int64)], CommandType='"Text"', CommandTimeout='30']
SELECT `d`.`Id`, `d`.`Dealer_Id`, `d`.`Material_Cost`, `d`.`Material_Date`, `d`.`Material_Name`
FROM `Dealer_Material` AS `d`
WHERE `d`.`Dealer_Id` = @__p_0
2023-10-06 09:37:19.452 +05:30  INF  Executing ObjectResult, writing value of type 'DCRM.Common.Dto.DealerDto'.
2023-10-06 09:37:19.456 +05:30  INF  Executed action DCRM.Api.Controllers.DealerController.GetAsync (DCRM.Api) in 36.4975ms
2023-10-06 09:37:19.458 +05:30  INF  Executed endpoint 'DCRM.Api.Controllers.DealerController.GetAsync (DCRM.Api)'
2023-10-06 09:37:19.461 +05:30  INF  Request finished HTTP/1.1 GET https://localhost:7069/api/Dealer/Get/27 - - - 200 - application/json;+charset=utf-8 51.3286ms
2023-10-06 09:39:14.438 +05:30  INF  Request starting HTTP/2 OPTIONS https://localhost:7069/api/Dashboard/Get - -
2023-10-06 09:39:14.438 +05:30  INF  CORS policy execution successful.
2023-10-06 09:39:14.440 +05:30  INF  Request finished HTTP/2 OPTIONS https://localhost:7069/api/Dashboard/Get - - - 204 - - 2.4378ms
2023-10-06 09:39:14.441 +05:30  INF  Request starting HTTP/2 GET https://localhost:7069/api/Dashboard/Get application/json -
2023-10-06 09:39:14.442 +05:30  INF  CORS policy execution successful.
2023-10-06 09:39:14.464 +05:30  INF  Executing endpoint 'DCRM.Api.Controllers.DashboardController.Get (DCRM.Api)'
2023-10-06 09:39:14.465 +05:30  INF  Route matched with {action = "Get", controller = "Dashboard"}. Executing controller action with signature DCRM.Common.Dto.DashboardDto Get() on controller DCRM.Api.Controllers.DashboardController (DCRM.Api).
2023-10-06 09:39:14.465 +05:30  INF  Authorization failed for the request at filter 'DCRM.Common.Authorization.AuthorizeAttribute'.
2023-10-06 09:39:14.465 +05:30  INF  Executing JsonResult, writing value of type '<>f__AnonymousType0`1[[System.String, System.Private.CoreLib, Version=6.0.0.0, Culture=neutral, PublicKeyToken=7cec85d7bea7798e]]'.
2023-10-06 09:39:14.465 +05:30  INF  Executed action DCRM.Api.Controllers.DashboardController.Get (DCRM.Api) in 0.5903ms
2023-10-06 09:39:14.466 +05:30  INF  Executed endpoint 'DCRM.Api.Controllers.DashboardController.Get (DCRM.Api)'
2023-10-06 09:39:14.466 +05:30  INF  Request finished HTTP/2 GET https://localhost:7069/api/Dashboard/Get application/json - - 401 - application/json;+charset=utf-8 24.4560ms
2023-10-06 09:39:19.304 +05:30  INF  Request starting HTTP/2 OPTIONS https://localhost:7069/api/Dealer/GetAll - -
2023-10-06 09:39:19.304 +05:30  INF  CORS policy execution successful.
2023-10-06 09:39:19.304 +05:30  INF  Request finished HTTP/2 OPTIONS https://localhost:7069/api/Dealer/GetAll - - - 204 - - 0.4681ms
2023-10-06 09:39:19.306 +05:30  INF  Request starting HTTP/2 GET https://localhost:7069/api/Dealer/GetAll application/json -
2023-10-06 09:39:19.306 +05:30  INF  CORS policy execution successful.
2023-10-06 09:39:19.330 +05:30  INF  Executing endpoint 'DCRM.Api.Controllers.DealerController.GetAllAsync (DCRM.Api)'
2023-10-06 09:39:19.331 +05:30  INF  Route matched with {action = "GetAll", controller = "Dealer"}. Executing controller action with signature System.Threading.Tasks.Task`1[System.Collections.Generic.IEnumerable`1[DCRM.Common.Dto.DealerDto]] GetAllAsync() on controller DCRM.Api.Controllers.DealerController (DCRM.Api).
2023-10-06 09:39:19.331 +05:30  INF  Authorization failed for the request at filter 'DCRM.Common.Authorization.AuthorizeAttribute'.
2023-10-06 09:39:19.331 +05:30  INF  Executing JsonResult, writing value of type '<>f__AnonymousType0`1[[System.String, System.Private.CoreLib, Version=6.0.0.0, Culture=neutral, PublicKeyToken=7cec85d7bea7798e]]'.
2023-10-06 09:39:19.331 +05:30  INF  Executed action DCRM.Api.Controllers.DealerController.GetAllAsync (DCRM.Api) in 0.5343ms
2023-10-06 09:39:19.331 +05:30  INF  Executed endpoint 'DCRM.Api.Controllers.DealerController.GetAllAsync (DCRM.Api)'
2023-10-06 09:39:19.331 +05:30  INF  Request finished HTTP/2 GET https://localhost:7069/api/Dealer/GetAll application/json - - 401 - application/json;+charset=utf-8 25.9577ms
2023-10-06 09:39:23.759 +05:30  INF  Request starting HTTP/2 GET https://localhost:7069/api/Dealer/GetAll application/json -
2023-10-06 09:39:23.760 +05:30  INF  CORS policy execution successful.
2023-10-06 09:39:23.783 +05:30  INF  Executing endpoint 'DCRM.Api.Controllers.DealerController.GetAllAsync (DCRM.Api)'
2023-10-06 09:39:23.783 +05:30  INF  Route matched with {action = "GetAll", controller = "Dealer"}. Executing controller action with signature System.Threading.Tasks.Task`1[System.Collections.Generic.IEnumerable`1[DCRM.Common.Dto.DealerDto]] GetAllAsync() on controller DCRM.Api.Controllers.DealerController (DCRM.Api).
2023-10-06 09:39:23.783 +05:30  INF  Authorization failed for the request at filter 'DCRM.Common.Authorization.AuthorizeAttribute'.
2023-10-06 09:39:23.783 +05:30  INF  Executing JsonResult, writing value of type '<>f__AnonymousType0`1[[System.String, System.Private.CoreLib, Version=6.0.0.0, Culture=neutral, PublicKeyToken=7cec85d7bea7798e]]'.
2023-10-06 09:39:23.784 +05:30  INF  Executed action DCRM.Api.Controllers.DealerController.GetAllAsync (DCRM.Api) in 0.2998ms
2023-10-06 09:39:23.784 +05:30  INF  Executed endpoint 'DCRM.Api.Controllers.DealerController.GetAllAsync (DCRM.Api)'
2023-10-06 09:39:23.784 +05:30  INF  Request finished HTTP/2 GET https://localhost:7069/api/Dealer/GetAll application/json - - 401 - application/json;+charset=utf-8 24.6438ms
2023-10-06 09:39:39.826 +05:30  INF  Request starting HTTP/2 OPTIONS https://localhost:7069/api/Authenticate/user - -
2023-10-06 09:39:39.826 +05:30  INF  CORS policy execution successful.
2023-10-06 09:39:39.826 +05:30  INF  Request finished HTTP/2 OPTIONS https://localhost:7069/api/Authenticate/user - - - 204 - - 0.3103ms
2023-10-06 09:39:39.827 +05:30  INF  Request starting HTTP/2 POST https://localhost:7069/api/Authenticate/user application/json 48
2023-10-06 09:39:39.828 +05:30  INF  CORS policy execution successful.
2023-10-06 09:39:39.828 +05:30  INF  Executing endpoint 'DCRM.Api.Controllers.AuthenticateController.Post (DCRM.Api)'
2023-10-06 09:39:39.828 +05:30  INF  Route matched with {action = "Post", controller = "Authenticate"}. Executing controller action with signature Microsoft.AspNetCore.Mvc.IActionResult Post(System.String, DCRM.Common.AuthenticateRequest) on controller DCRM.Api.Controllers.AuthenticateController (DCRM.Api).
2023-10-06 09:39:39.830 +05:30  INF  Executed DbCommand (1ms) [Parameters=[@__authenticateRequest_Email_0='?' (Size = 4000), @__authenticateRequest_Password_1='?' (Size = 4000)], CommandType='"Text"', CommandTimeout='30']
SELECT `u`.`Id`, `u`.`About_Me`, `u`.`Account_Type`, `u`.`Address`, `u`.`Available_Days`, `u`.`Bn_Name`, `u`.`City`, `u`.`Country`, `u`.`Created_At`, `u`.`Currency`, `u`.`Degree`, `u`.`Email`, `u`.`Email_Verified`, `u`.`Enable_Appointment`, `u`.`Enable_Rating`, `u`.`Exp_Years`, `u`.`Facebook`, `u`.`Google_Analytics`, `u`.`Image`, `u`.`Instagram`, `u`.`Linkedin`, `u`.`Name`, `u`.`Parent_Id`, `u`.`Password`, `u`.`Paypal_Email`, `u`.`Paypal_Mode`, `u`.`Paypal_Payment`, `u`.`Paystack_Payment`, `u`.`Paystack_Public_Key`, `u`.`Paystack_Secret_Key`, `u`.`Phone`, `u`.`Publish_Key`, `u`.`Qr_Code`, `u`.`Razorpay_Key_Id`, `u`.`Razorpay_Key_Secret`, `u`.`Razorpay_Payment`, `u`.`Role`, `u`.`Secret_Key`, `u`.`Skype`, `u`.`Slug`, `u`.`Specialist`, `u`.`Status`, `u`.`Stripe_Payment`, `u`.`Thumb`, `u`.`Trial_Expire`, `u`.`Twitter`, `u`.`User_Name`, `u`.`User_Type`, `u`.`Verify_Code`, `u`.`Whatsapp`
FROM `Users` AS `u`
WHERE ((`u`.`Status` = 1) AND (`u`.`Email` = @__authenticateRequest_Email_0)) AND (`u`.`Password` = @__authenticateRequest_Password_1)
LIMIT 2
2023-10-06 09:39:39.830 +05:30  INF  Executing OkObjectResult, writing value of type 'DCRM.Common.AuthenticateResponse'.
2023-10-06 09:39:39.830 +05:30  INF  Executed action DCRM.Api.Controllers.AuthenticateController.Post (DCRM.Api) in 2.3992ms
2023-10-06 09:39:39.830 +05:30  INF  Executed endpoint 'DCRM.Api.Controllers.AuthenticateController.Post (DCRM.Api)'
2023-10-06 09:39:39.830 +05:30  INF  Request finished HTTP/2 POST https://localhost:7069/api/Authenticate/user application/json 48 - 200 - application/json;+charset=utf-8 3.0052ms
2023-10-06 09:39:39.835 +05:30  INF  Request starting HTTP/2 OPTIONS https://localhost:7069/api/Dashboard/Get - -
2023-10-06 09:39:39.835 +05:30  INF  CORS policy execution successful.
2023-10-06 09:39:39.835 +05:30  INF  Request finished HTTP/2 OPTIONS https://localhost:7069/api/Dashboard/Get - - - 204 - - 0.2398ms
2023-10-06 09:39:39.836 +05:30  INF  Request starting HTTP/2 GET https://localhost:7069/api/Dashboard/Get application/json -
2023-10-06 09:39:39.836 +05:30  INF  CORS policy execution successful.
2023-10-06 09:39:39.842 +05:30  INF  Executed DbCommand (4ms) [Parameters=[@__id_0='?' (DbType = Int32)], CommandType='"Text"', CommandTimeout='30']
SELECT `u`.`Id`, `u`.`About_Me`, `u`.`Account_Type`, `u`.`Address`, `u`.`Available_Days`, `u`.`Bn_Name`, `u`.`City`, `u`.`Country`, `u`.`Created_At`, `u`.`Currency`, `u`.`Degree`, `u`.`Email`, `u`.`Email_Verified`, `u`.`Enable_Appointment`, `u`.`Enable_Rating`, `u`.`Exp_Years`, `u`.`Facebook`, `u`.`Google_Analytics`, `u`.`Image`, `u`.`Instagram`, `u`.`Linkedin`, `u`.`Name`, `u`.`Parent_Id`, `u`.`Password`, `u`.`Paypal_Email`, `u`.`Paypal_Mode`, `u`.`Paypal_Payment`, `u`.`Paystack_Payment`, `u`.`Paystack_Public_Key`, `u`.`Paystack_Secret_Key`, `u`.`Phone`, `u`.`Publish_Key`, `u`.`Qr_Code`, `u`.`Razorpay_Key_Id`, `u`.`Razorpay_Key_Secret`, `u`.`Razorpay_Payment`, `u`.`Role`, `u`.`Secret_Key`, `u`.`Skype`, `u`.`Slug`, `u`.`Specialist`, `u`.`Status`, `u`.`Stripe_Payment`, `u`.`Thumb`, `u`.`Trial_Expire`, `u`.`Twitter`, `u`.`User_Name`, `u`.`User_Type`, `u`.`Verify_Code`, `u`.`Whatsapp`
FROM `Users` AS `u`
WHERE `u`.`Id` = @__id_0
LIMIT 1
2023-10-06 09:39:39.842 +05:30  INF  Executing endpoint 'DCRM.Api.Controllers.DashboardController.Get (DCRM.Api)'
2023-10-06 09:39:39.842 +05:30  INF  Route matched with {action = "Get", controller = "Dashboard"}. Executing controller action with signature DCRM.Common.Dto.DashboardDto Get() on controller DCRM.Api.Controllers.DashboardController (DCRM.Api).
2023-10-06 09:39:39.849 +05:30  INF  Executed DbCommand (1ms) [Parameters=[@__p_0='?' (DbType = Int64)], CommandType='"Text"', CommandTimeout='30']
SELECT `p`.`Id`, `p`.`Age`, `p`.`Chamber_Id`, `p`.`Created_At`, `p`.`Email`, `p`.`Guardian`, `p`.`Is_Delete`, `p`.`Mobile`, `p`.`Mr_Number`, `p`.`Name`, `p`.`Password`, `p`.`Permanent_Address`, `p`.`Present_Address`, `p`.`Role`, `p`.`Sex`, `p`.`Slug`, `p`.`Thumb`, `p`.`Title`, `p`.`UserName`, `p`.`User_Id`, `p`.`Verify_Code`, `p`.`Weight`
FROM `Patientses` AS `p`
WHERE (`p`.`User_Id` = @__p_0) AND (`p`.`Is_Delete` = 0)
2023-10-06 09:39:39.881 +05:30  INF  Executed DbCommand (1ms) [Parameters=[@__userId_0='?' (DbType = Int32)], CommandType='"Text"', CommandTimeout='30']
SELECT `s`.`Id`, `s`.`Blood_Group`, `s`.`Chamber_Id`, `s`.`Created_At`, `s`.`Current_Address`, `s`.`Date_Of_Joining`, `s`.`Department`, `s`.`Designation`, `s`.`Dob`, `s`.`Email`, `s`.`Father`, `s`.`Gender`, `s`.`Gst`, `s`.`Is_Deleted`, `s`.`Marital_Status`, `s`.`Mother`, `s`.`Name`, `s`.`Note`, `s`.`Pan`, `s`.`Password`, `s`.`Permanent_Address`, `s`.`Phone`, `s`.`Qualification`, `s`.`Role`, `s`.`Slug`, `s`.`Specialization`, `s`.`Status`, `s`.`Thumb`, `s`.`User_Id`, `s`.`User_Name`, `s`.`Work_Experience`
FROM `Staffs` AS `s`
WHERE (`s`.`User_Id` = @__userId_0) AND (`s`.`Is_Deleted` = 0)
2023-10-06 09:39:39.919 +05:30  INF  Executed DbCommand (1ms) [Parameters=[@__userId_0='?' (DbType = Int32)], CommandType='"Text"', CommandTimeout='30']
SELECT `a`.`Id`, `a`.`Appointment_Status`, `a`.`Cause`, `a`.`Chair`, `a`.`Chamber_Id`, `a`.`Created_At`, `a`.`Date`, `a`.`Doctor_Id`, `a`.`Doctor_Name`, `a`.`End_Time`, `a`.`Extra_Notes`, `a`.`Files`, `a`.`Is_Delete`, `a`.`Is_Start`, `a`.`Meeting_Notes`, `a`.`Number_Of_Slot`, `a`.`Patient_Id`, `a`.`Prescription_Id`, `a`.`Serial_Id`, `a`.`Slot_Time`, `a`.`Start_Time`, `a`.`Status`, `a`.`Type`, `a`.`User_Id`
FROM `Appointments` AS `a`
WHERE (`a`.`User_Id` = @__userId_0) AND (`a`.`Is_Delete` = 0)
2023-10-06 09:39:39.963 +05:30  INF  Executed DbCommand (1ms) [Parameters=[@__userId_0='?' (DbType = Int32)], CommandType='"Text"', CommandTimeout='30']
SELECT `a`.`Id`, `a`.`Appointment_Status`, `a`.`Cause`, `a`.`Chair`, `a`.`Chamber_Id`, `a`.`Created_At`, `a`.`Date`, `a`.`Doctor_Id`, `a`.`Doctor_Name`, `a`.`End_Time`, `a`.`Extra_Notes`, `a`.`Files`, `a`.`Is_Delete`, `a`.`Is_Start`, `a`.`Meeting_Notes`, `a`.`Number_Of_Slot`, `a`.`Patient_Id`, `a`.`Prescription_Id`, `a`.`Serial_Id`, `a`.`Slot_Time`, `a`.`Start_Time`, `a`.`Status`, `a`.`Type`, `a`.`User_Id`
FROM `Appointments` AS `a`
WHERE ((`a`.`User_Id` = @__userId_0) AND (`a`.`Is_Delete` = 0)) AND (`a`.`Date` = CURDATE())
2023-10-06 09:39:39.963 +05:30  INF  Executing ObjectResult, writing value of type 'DCRM.Common.Dto.DashboardDto'.
2023-10-06 09:39:39.964 +05:30  INF  Executed action DCRM.Api.Controllers.DashboardController.Get (DCRM.Api) in 121.4562ms
2023-10-06 09:39:39.964 +05:30  INF  Executed endpoint 'DCRM.Api.Controllers.DashboardController.Get (DCRM.Api)'
2023-10-06 09:39:39.964 +05:30  INF  Request finished HTTP/2 GET https://localhost:7069/api/Dashboard/Get application/json - - 200 - application/json;+charset=utf-8 128.5533ms
2023-10-06 09:39:45.162 +05:30  INF  Request starting HTTP/2 OPTIONS https://localhost:7069/api/Dealer/GetAll - -
2023-10-06 09:39:45.162 +05:30  INF  CORS policy execution successful.
2023-10-06 09:39:45.162 +05:30  INF  Request finished HTTP/2 OPTIONS https://localhost:7069/api/Dealer/GetAll - - - 204 - - 0.3150ms
2023-10-06 09:39:45.163 +05:30  INF  Request starting HTTP/2 GET https://localhost:7069/api/Dealer/GetAll application/json -
2023-10-06 09:39:45.163 +05:30  INF  CORS policy execution successful.
2023-10-06 09:39:45.167 +05:30  INF  Executed DbCommand (1ms) [Parameters=[@__id_0='?' (DbType = Int32)], CommandType='"Text"', CommandTimeout='30']
SELECT `u`.`Id`, `u`.`About_Me`, `u`.`Account_Type`, `u`.`Address`, `u`.`Available_Days`, `u`.`Bn_Name`, `u`.`City`, `u`.`Country`, `u`.`Created_At`, `u`.`Currency`, `u`.`Degree`, `u`.`Email`, `u`.`Email_Verified`, `u`.`Enable_Appointment`, `u`.`Enable_Rating`, `u`.`Exp_Years`, `u`.`Facebook`, `u`.`Google_Analytics`, `u`.`Image`, `u`.`Instagram`, `u`.`Linkedin`, `u`.`Name`, `u`.`Parent_Id`, `u`.`Password`, `u`.`Paypal_Email`, `u`.`Paypal_Mode`, `u`.`Paypal_Payment`, `u`.`Paystack_Payment`, `u`.`Paystack_Public_Key`, `u`.`Paystack_Secret_Key`, `u`.`Phone`, `u`.`Publish_Key`, `u`.`Qr_Code`, `u`.`Razorpay_Key_Id`, `u`.`Razorpay_Key_Secret`, `u`.`Razorpay_Payment`, `u`.`Role`, `u`.`Secret_Key`, `u`.`Skype`, `u`.`Slug`, `u`.`Specialist`, `u`.`Status`, `u`.`Stripe_Payment`, `u`.`Thumb`, `u`.`Trial_Expire`, `u`.`Twitter`, `u`.`User_Name`, `u`.`User_Type`, `u`.`Verify_Code`, `u`.`Whatsapp`
FROM `Users` AS `u`
WHERE `u`.`Id` = @__id_0
LIMIT 1
2023-10-06 09:39:45.168 +05:30  INF  Executing endpoint 'DCRM.Api.Controllers.DealerController.GetAllAsync (DCRM.Api)'
2023-10-06 09:39:45.168 +05:30  INF  Route matched with {action = "GetAll", controller = "Dealer"}. Executing controller action with signature System.Threading.Tasks.Task`1[System.Collections.Generic.IEnumerable`1[DCRM.Common.Dto.DealerDto]] GetAllAsync() on controller DCRM.Api.Controllers.DealerController (DCRM.Api).
2023-10-06 09:39:45.169 +05:30  INF  Executed DbCommand (1ms) [Parameters=[@__userId_0='?' (DbType = Int64)], CommandType='"Text"', CommandTimeout='30']
SELECT `d`.`Id`, `d`.`Address_O`, `d`.`Address_R`, `d`.`City_O`, `d`.`City_R`, `d`.`Company_Name`, `d`.`Country_O`, `d`.`Country_R`, `d`.`Created_At`, `d`.`Email1`, `d`.`Email2`, `d`.`Gst_Number`, `d`.`Image`, `d`.`Is_Deleted`, `d`.`Own_Name_1`, `d`.`Own_Name_2`, `d`.`Pan_Number`, `d`.`Phone1`, `d`.`Phone2`, `d`.`Staff_Email1`, `d`.`Staff_Email2`, `d`.`Staff_Email3`, `d`.`Staff_Email4`, `d`.`Staff_Name1`, `d`.`Staff_Name2`, `d`.`Staff_Name3`, `d`.`Staff_Name4`, `d`.`Staff_Phone1`, `d`.`Staff_Phone2`, `d`.`Staff_Phone3`, `d`.`Staff_Phone4`, `d`.`Updated_At`, `d`.`User_Id`, `d`.`Zip_O`, `d`.`Zip_R`
FROM `Dealers` AS `d`
WHERE (`d`.`Is_Deleted` = 0) AND (`d`.`User_Id` = @__userId_0)
2023-10-06 09:39:45.170 +05:30  INF  Executed DbCommand (0ms) [Parameters=[@__p_0='?' (DbType = Int64)], CommandType='"Text"', CommandTimeout='30']
SELECT `d`.`Id`, `d`.`Bank_Account_Number`, `d`.`Bank_Name`, `d`.`Dealer_Id`, `d`.`Ifsc_Code`, `d`.`Remarks`, `d`.`Updated_At`
FROM `Dealer_Bank_Details` AS `d`
WHERE `d`.`Dealer_Id` = @__p_0
2023-10-06 09:39:45.170 +05:30  INF  Executed DbCommand (0ms) [Parameters=[@__p_0='?' (DbType = Int64)], CommandType='"Text"', CommandTimeout='30']
SELECT `d`.`Id`, `d`.`Dealer_Id`, `d`.`Material_Cost`, `d`.`Material_Date`, `d`.`Material_Name`
FROM `Dealer_Material` AS `d`
WHERE `d`.`Dealer_Id` = @__p_0
2023-10-06 09:39:45.171 +05:30  INF  Executed DbCommand (0ms) [Parameters=[@__p_0='?' (DbType = Int64)], CommandType='"Text"', CommandTimeout='30']
SELECT `d`.`Id`, `d`.`Bank_Account_Number`, `d`.`Bank_Name`, `d`.`Dealer_Id`, `d`.`Ifsc_Code`, `d`.`Remarks`, `d`.`Updated_At`
FROM `Dealer_Bank_Details` AS `d`
WHERE `d`.`Dealer_Id` = @__p_0
2023-10-06 09:39:45.172 +05:30  INF  Executed DbCommand (0ms) [Parameters=[@__p_0='?' (DbType = Int64)], CommandType='"Text"', CommandTimeout='30']
SELECT `d`.`Id`, `d`.`Dealer_Id`, `d`.`Material_Cost`, `d`.`Material_Date`, `d`.`Material_Name`
FROM `Dealer_Material` AS `d`
WHERE `d`.`Dealer_Id` = @__p_0
2023-10-06 09:39:45.173 +05:30  INF  Executed DbCommand (0ms) [Parameters=[@__p_0='?' (DbType = Int64)], CommandType='"Text"', CommandTimeout='30']
SELECT `d`.`Id`, `d`.`Bank_Account_Number`, `d`.`Bank_Name`, `d`.`Dealer_Id`, `d`.`Ifsc_Code`, `d`.`Remarks`, `d`.`Updated_At`
FROM `Dealer_Bank_Details` AS `d`
WHERE `d`.`Dealer_Id` = @__p_0
2023-10-06 09:39:45.173 +05:30  INF  Executed DbCommand (0ms) [Parameters=[@__p_0='?' (DbType = Int64)], CommandType='"Text"', CommandTimeout='30']
SELECT `d`.`Id`, `d`.`Dealer_Id`, `d`.`Material_Cost`, `d`.`Material_Date`, `d`.`Material_Name`
FROM `Dealer_Material` AS `d`
WHERE `d`.`Dealer_Id` = @__p_0
2023-10-06 09:39:45.174 +05:30  INF  Executed DbCommand (0ms) [Parameters=[@__p_0='?' (DbType = Int64)], CommandType='"Text"', CommandTimeout='30']
SELECT `d`.`Id`, `d`.`Bank_Account_Number`, `d`.`Bank_Name`, `d`.`Dealer_Id`, `d`.`Ifsc_Code`, `d`.`Remarks`, `d`.`Updated_At`
FROM `Dealer_Bank_Details` AS `d`
WHERE `d`.`Dealer_Id` = @__p_0
2023-10-06 09:39:45.175 +05:30  INF  Executed DbCommand (0ms) [Parameters=[@__p_0='?' (DbType = Int64)], CommandType='"Text"', CommandTimeout='30']
SELECT `d`.`Id`, `d`.`Dealer_Id`, `d`.`Material_Cost`, `d`.`Material_Date`, `d`.`Material_Name`
FROM `Dealer_Material` AS `d`
WHERE `d`.`Dealer_Id` = @__p_0
2023-10-06 09:39:45.175 +05:30  INF  Executed DbCommand (0ms) [Parameters=[@__p_0='?' (DbType = Int64)], CommandType='"Text"', CommandTimeout='30']
SELECT `d`.`Id`, `d`.`Bank_Account_Number`, `d`.`Bank_Name`, `d`.`Dealer_Id`, `d`.`Ifsc_Code`, `d`.`Remarks`, `d`.`Updated_At`
FROM `Dealer_Bank_Details` AS `d`
WHERE `d`.`Dealer_Id` = @__p_0
2023-10-06 09:39:45.176 +05:30  INF  Executed DbCommand (0ms) [Parameters=[@__p_0='?' (DbType = Int64)], CommandType='"Text"', CommandTimeout='30']
SELECT `d`.`Id`, `d`.`Dealer_Id`, `d`.`Material_Cost`, `d`.`Material_Date`, `d`.`Material_Name`
FROM `Dealer_Material` AS `d`
WHERE `d`.`Dealer_Id` = @__p_0
2023-10-06 09:39:45.177 +05:30  INF  Executed DbCommand (0ms) [Parameters=[@__p_0='?' (DbType = Int64)], CommandType='"Text"', CommandTimeout='30']
SELECT `d`.`Id`, `d`.`Bank_Account_Number`, `d`.`Bank_Name`, `d`.`Dealer_Id`, `d`.`Ifsc_Code`, `d`.`Remarks`, `d`.`Updated_At`
FROM `Dealer_Bank_Details` AS `d`
WHERE `d`.`Dealer_Id` = @__p_0
2023-10-06 09:39:45.177 +05:30  INF  Executed DbCommand (0ms) [Parameters=[@__p_0='?' (DbType = Int64)], CommandType='"Text"', CommandTimeout='30']
SELECT `d`.`Id`, `d`.`Dealer_Id`, `d`.`Material_Cost`, `d`.`Material_Date`, `d`.`Material_Name`
FROM `Dealer_Material` AS `d`
WHERE `d`.`Dealer_Id` = @__p_0
2023-10-06 09:39:45.177 +05:30  INF  Executing ObjectResult, writing value of type 'System.Collections.Generic.List`1[[DCRM.Common.Dto.DealerDto, DCRM.Common, Version=1.0.0.0, Culture=neutral, PublicKeyToken=null]]'.
2023-10-06 09:39:45.178 +05:30  INF  Executed action DCRM.Api.Controllers.DealerController.GetAllAsync (DCRM.Api) in 9.863ms
2023-10-06 09:39:45.178 +05:30  INF  Executed endpoint 'DCRM.Api.Controllers.DealerController.GetAllAsync (DCRM.Api)'
2023-10-06 09:39:45.178 +05:30  INF  Request finished HTTP/2 GET https://localhost:7069/api/Dealer/GetAll application/json - - 200 - application/json;+charset=utf-8 14.7507ms
2023-10-06 09:41:08.347 +05:30  INF  Request starting HTTP/2 GET https://localhost:7069/api/Drug/GetMedicineCategoris - -
2023-10-06 09:41:08.349 +05:30  INF  Request starting HTTP/2 GET https://localhost:7069/api/Drug/GetMedicineBrands - -
2023-10-06 09:41:08.349 +05:30  INF  CORS policy execution successful.
2023-10-06 09:41:08.349 +05:30  INF  CORS policy execution successful.
2023-10-06 09:41:08.352 +05:30  INF  Executing endpoint 'DCRM.Api.Controllers.DrugController.GetMedicineCategoris (DCRM.Api)'
2023-10-06 09:41:08.352 +05:30  INF  Executing endpoint 'DCRM.Api.Controllers.DrugController.GetMedicineBrands (DCRM.Api)'
2023-10-06 09:41:08.353 +05:30  INF  Route matched with {action = "GetMedicineCategoris", controller = "Drug"}. Executing controller action with signature System.Collections.Generic.List`1[DCRM.Common.Entity.MedicineCategory] GetMedicineCategoris() on controller DCRM.Api.Controllers.DrugController (DCRM.Api).
2023-10-06 09:41:08.353 +05:30  INF  Route matched with {action = "GetMedicineBrands", controller = "Drug"}. Executing controller action with signature System.Collections.Generic.List`1[DCRM.Common.Entity.MedicineBrand] GetMedicineBrands() on controller DCRM.Api.Controllers.DrugController (DCRM.Api).
2023-10-06 09:41:08.357 +05:30  INF  Executed DbCommand (1ms) [Parameters=[], CommandType='"Text"', CommandTimeout='30']
SELECT `m`.`Id`, `m`.`Medicine_Category`
FROM `Medicine_Category` AS `m`
2023-10-06 09:41:08.363 +05:30  INF  Executing ObjectResult, writing value of type 'System.Collections.Generic.List`1[[DCRM.Common.Entity.MedicineCategory, DCRM.Common, Version=1.0.0.0, Culture=neutral, PublicKeyToken=null]]'.
2023-10-06 09:41:08.364 +05:30  INF  Executed action DCRM.Api.Controllers.DrugController.GetMedicineCategoris (DCRM.Api) in 10.527ms
2023-10-06 09:41:08.364 +05:30  INF  Executed endpoint 'DCRM.Api.Controllers.DrugController.GetMedicineCategoris (DCRM.Api)'
2023-10-06 09:41:08.364 +05:30  INF  Request finished HTTP/2 GET https://localhost:7069/api/Drug/GetMedicineCategoris - - - 200 - application/json;+charset=utf-8 17.2798ms
2023-10-06 09:41:08.376 +05:30  INF  Executed DbCommand (0ms) [Parameters=[], CommandType='"Text"', CommandTimeout='30']
SELECT `m`.`Id`, `m`.`Basic_Salt`, `m`.`Company_Name`, `m`.`Medicine_Brand`
FROM `Medicine_Brand` AS `m`
2023-10-06 09:41:08.382 +05:30  INF  Executing ObjectResult, writing value of type 'System.Collections.Generic.List`1[[DCRM.Common.Entity.MedicineBrand, DCRM.Common, Version=1.0.0.0, Culture=neutral, PublicKeyToken=null]]'.
2023-10-06 09:41:08.383 +05:30  INF  Executed action DCRM.Api.Controllers.DrugController.GetMedicineBrands (DCRM.Api) in 29.4643ms
2023-10-06 09:41:08.383 +05:30  INF  Executed endpoint 'DCRM.Api.Controllers.DrugController.GetMedicineBrands (DCRM.Api)'
2023-10-06 09:41:08.383 +05:30  INF  Request finished HTTP/2 GET https://localhost:7069/api/Drug/GetMedicineBrands - - - 200 - application/json;+charset=utf-8 33.8415ms
2023-10-06 09:43:49.582 +05:30  INF  Request starting HTTP/2 OPTIONS https://localhost:7069/api/Drug/GateAll - -
2023-10-06 09:43:49.584 +05:30  INF  CORS policy execution successful.
2023-10-06 09:43:49.584 +05:30  INF  Request finished HTTP/2 OPTIONS https://localhost:7069/api/Drug/GateAll - - - 204 - - 2.1813ms
2023-10-06 09:43:49.585 +05:30  INF  Request starting HTTP/2 GET https://localhost:7069/api/Drug/GateAll application/json -
2023-10-06 09:43:49.585 +05:30  INF  CORS policy execution successful.
2023-10-06 09:43:49.598 +05:30  INF  Executed DbCommand (5ms) [Parameters=[@__id_0='?' (DbType = Int32)], CommandType='"Text"', CommandTimeout='30']
SELECT `u`.`Id`, `u`.`About_Me`, `u`.`Account_Type`, `u`.`Address`, `u`.`Available_Days`, `u`.`Bn_Name`, `u`.`City`, `u`.`Country`, `u`.`Created_At`, `u`.`Currency`, `u`.`Degree`, `u`.`Email`, `u`.`Email_Verified`, `u`.`Enable_Appointment`, `u`.`Enable_Rating`, `u`.`Exp_Years`, `u`.`Facebook`, `u`.`Google_Analytics`, `u`.`Image`, `u`.`Instagram`, `u`.`Linkedin`, `u`.`Name`, `u`.`Parent_Id`, `u`.`Password`, `u`.`Paypal_Email`, `u`.`Paypal_Mode`, `u`.`Paypal_Payment`, `u`.`Paystack_Payment`, `u`.`Paystack_Public_Key`, `u`.`Paystack_Secret_Key`, `u`.`Phone`, `u`.`Publish_Key`, `u`.`Qr_Code`, `u`.`Razorpay_Key_Id`, `u`.`Razorpay_Key_Secret`, `u`.`Razorpay_Payment`, `u`.`Role`, `u`.`Secret_Key`, `u`.`Skype`, `u`.`Slug`, `u`.`Specialist`, `u`.`Status`, `u`.`Stripe_Payment`, `u`.`Thumb`, `u`.`Trial_Expire`, `u`.`Twitter`, `u`.`User_Name`, `u`.`User_Type`, `u`.`Verify_Code`, `u`.`Whatsapp`
FROM `Users` AS `u`
WHERE `u`.`Id` = @__id_0
LIMIT 1
2023-10-06 09:43:49.598 +05:30  INF  Executing endpoint 'DCRM.Api.Controllers.DrugController.GetAllAsync (DCRM.Api)'
2023-10-06 09:43:49.600 +05:30  INF  Route matched with {action = "GetAll", controller = "Drug"}. Executing controller action with signature System.Threading.Tasks.Task`1[System.Collections.Generic.IEnumerable`1[DCRM.Common.Entity.Drug]] GetAllAsync() on controller DCRM.Api.Controllers.DrugController (DCRM.Api).
2023-10-06 09:43:49.603 +05:30  INF  Executing ObjectResult, writing value of type 'Microsoft.EntityFrameworkCore.Query.Internal.EntityQueryable`1[[DCRM.Common.Entity.Drug, DCRM.Common, Version=1.0.0.0, Culture=neutral, PublicKeyToken=null]]'.
2023-10-06 09:43:49.616 +05:30  INF  Executed DbCommand (1ms) [Parameters=[@__p_0='?' (DbType = Int64)], CommandType='"Text"', CommandTimeout='30']
SELECT `d`.`Id`, `d`.`Bactrology`, `d`.`Basic_Salt`, `d`.`Created_At`, `d`.`Description`, `d`.`Details`, `d`.`Dosage`, `d`.`Dose_No`, `d`.`Form`, `d`.`Is_Delete`, `d`.`Medicine_Brand_Id`, `d`.`Medicine_Category_Id`, `d`.`Medicine_Company`, `d`.`Medicine_Composition`, `d`.`Medicine_Group`, `d`.`Medicine_Image`, `d`.`Medicine_Name`, `d`.`Medicine_Type`, `d`.`Min_Level`, `d`.`Note`, `d`.`Reorder_Level`, `d`.`Safety_Alerts`, `d`.`Status`, `d`.`Supplier`, `d`.`Unit`, `d`.`Unit_Packing`, `d`.`Updated_At`, `d`.`User_Id`, `d`.`Vat`, `d`.`Vat_Ac`
FROM `Drugs` AS `d`
WHERE (`d`.`User_Id` = @__p_0) AND (`d`.`Is_Delete` = 0)
ORDER BY `d`.`Id` DESC
2023-10-06 09:43:49.666 +05:30  INF  Executed action DCRM.Api.Controllers.DrugController.GetAllAsync (DCRM.Api) in 65.4994ms
2023-10-06 09:43:49.666 +05:30  INF  Executed endpoint 'DCRM.Api.Controllers.DrugController.GetAllAsync (DCRM.Api)'
2023-10-06 09:43:49.666 +05:30  INF  Request finished HTTP/2 GET https://localhost:7069/api/Drug/GateAll application/json - - 200 - application/json;+charset=utf-8 80.7590ms
2023-10-06 09:43:57.068 +05:30  INF  Request starting HTTP/2 OPTIONS https://localhost:7069/api/Dealer/GetAll - -
2023-10-06 09:43:57.069 +05:30  INF  CORS policy execution successful.
2023-10-06 09:43:57.069 +05:30  INF  Request finished HTTP/2 OPTIONS https://localhost:7069/api/Dealer/GetAll - - - 204 - - 0.2225ms
2023-10-06 09:43:57.069 +05:30  INF  Request starting HTTP/2 GET https://localhost:7069/api/Dealer/GetAll application/json -
2023-10-06 09:43:57.069 +05:30  INF  CORS policy execution successful.
2023-10-06 09:43:57.073 +05:30  INF  Executed DbCommand (1ms) [Parameters=[@__id_0='?' (DbType = Int32)], CommandType='"Text"', CommandTimeout='30']
SELECT `u`.`Id`, `u`.`About_Me`, `u`.`Account_Type`, `u`.`Address`, `u`.`Available_Days`, `u`.`Bn_Name`, `u`.`City`, `u`.`Country`, `u`.`Created_At`, `u`.`Currency`, `u`.`Degree`, `u`.`Email`, `u`.`Email_Verified`, `u`.`Enable_Appointment`, `u`.`Enable_Rating`, `u`.`Exp_Years`, `u`.`Facebook`, `u`.`Google_Analytics`, `u`.`Image`, `u`.`Instagram`, `u`.`Linkedin`, `u`.`Name`, `u`.`Parent_Id`, `u`.`Password`, `u`.`Paypal_Email`, `u`.`Paypal_Mode`, `u`.`Paypal_Payment`, `u`.`Paystack_Payment`, `u`.`Paystack_Public_Key`, `u`.`Paystack_Secret_Key`, `u`.`Phone`, `u`.`Publish_Key`, `u`.`Qr_Code`, `u`.`Razorpay_Key_Id`, `u`.`Razorpay_Key_Secret`, `u`.`Razorpay_Payment`, `u`.`Role`, `u`.`Secret_Key`, `u`.`Skype`, `u`.`Slug`, `u`.`Specialist`, `u`.`Status`, `u`.`Stripe_Payment`, `u`.`Thumb`, `u`.`Trial_Expire`, `u`.`Twitter`, `u`.`User_Name`, `u`.`User_Type`, `u`.`Verify_Code`, `u`.`Whatsapp`
FROM `Users` AS `u`
WHERE `u`.`Id` = @__id_0
LIMIT 1
2023-10-06 09:43:57.073 +05:30  INF  Executing endpoint 'DCRM.Api.Controllers.DealerController.GetAllAsync (DCRM.Api)'
2023-10-06 09:43:57.073 +05:30  INF  Route matched with {action = "GetAll", controller = "Dealer"}. Executing controller action with signature System.Threading.Tasks.Task`1[System.Collections.Generic.IEnumerable`1[DCRM.Common.Dto.DealerDto]] GetAllAsync() on controller DCRM.Api.Controllers.DealerController (DCRM.Api).
2023-10-06 09:43:57.074 +05:30  INF  Executed DbCommand (1ms) [Parameters=[@__userId_0='?' (DbType = Int64)], CommandType='"Text"', CommandTimeout='30']
SELECT `d`.`Id`, `d`.`Address_O`, `d`.`Address_R`, `d`.`City_O`, `d`.`City_R`, `d`.`Company_Name`, `d`.`Country_O`, `d`.`Country_R`, `d`.`Created_At`, `d`.`Email1`, `d`.`Email2`, `d`.`Gst_Number`, `d`.`Image`, `d`.`Is_Deleted`, `d`.`Own_Name_1`, `d`.`Own_Name_2`, `d`.`Pan_Number`, `d`.`Phone1`, `d`.`Phone2`, `d`.`Staff_Email1`, `d`.`Staff_Email2`, `d`.`Staff_Email3`, `d`.`Staff_Email4`, `d`.`Staff_Name1`, `d`.`Staff_Name2`, `d`.`Staff_Name3`, `d`.`Staff_Name4`, `d`.`Staff_Phone1`, `d`.`Staff_Phone2`, `d`.`Staff_Phone3`, `d`.`Staff_Phone4`, `d`.`Updated_At`, `d`.`User_Id`, `d`.`Zip_O`, `d`.`Zip_R`
FROM `Dealers` AS `d`
WHERE (`d`.`Is_Deleted` = 0) AND (`d`.`User_Id` = @__userId_0)
2023-10-06 09:43:57.075 +05:30  INF  Executed DbCommand (0ms) [Parameters=[@__p_0='?' (DbType = Int64)], CommandType='"Text"', CommandTimeout='30']
SELECT `d`.`Id`, `d`.`Bank_Account_Number`, `d`.`Bank_Name`, `d`.`Dealer_Id`, `d`.`Ifsc_Code`, `d`.`Remarks`, `d`.`Updated_At`
FROM `Dealer_Bank_Details` AS `d`
WHERE `d`.`Dealer_Id` = @__p_0
2023-10-06 09:43:57.076 +05:30  INF  Executed DbCommand (0ms) [Parameters=[@__p_0='?' (DbType = Int64)], CommandType='"Text"', CommandTimeout='30']
SELECT `d`.`Id`, `d`.`Dealer_Id`, `d`.`Material_Cost`, `d`.`Material_Date`, `d`.`Material_Name`
FROM `Dealer_Material` AS `d`
WHERE `d`.`Dealer_Id` = @__p_0
2023-10-06 09:43:57.076 +05:30  INF  Executed DbCommand (0ms) [Parameters=[@__p_0='?' (DbType = Int64)], CommandType='"Text"', CommandTimeout='30']
SELECT `d`.`Id`, `d`.`Bank_Account_Number`, `d`.`Bank_Name`, `d`.`Dealer_Id`, `d`.`Ifsc_Code`, `d`.`Remarks`, `d`.`Updated_At`
FROM `Dealer_Bank_Details` AS `d`
WHERE `d`.`Dealer_Id` = @__p_0
2023-10-06 09:43:57.077 +05:30  INF  Executed DbCommand (0ms) [Parameters=[@__p_0='?' (DbType = Int64)], CommandType='"Text"', CommandTimeout='30']
SELECT `d`.`Id`, `d`.`Dealer_Id`, `d`.`Material_Cost`, `d`.`Material_Date`, `d`.`Material_Name`
FROM `Dealer_Material` AS `d`
WHERE `d`.`Dealer_Id` = @__p_0
2023-10-06 09:43:57.077 +05:30  INF  Executed DbCommand (0ms) [Parameters=[@__p_0='?' (DbType = Int64)], CommandType='"Text"', CommandTimeout='30']
SELECT `d`.`Id`, `d`.`Bank_Account_Number`, `d`.`Bank_Name`, `d`.`Dealer_Id`, `d`.`Ifsc_Code`, `d`.`Remarks`, `d`.`Updated_At`
FROM `Dealer_Bank_Details` AS `d`
WHERE `d`.`Dealer_Id` = @__p_0
2023-10-06 09:43:57.078 +05:30  INF  Executed DbCommand (0ms) [Parameters=[@__p_0='?' (DbType = Int64)], CommandType='"Text"', CommandTimeout='30']
SELECT `d`.`Id`, `d`.`Dealer_Id`, `d`.`Material_Cost`, `d`.`Material_Date`, `d`.`Material_Name`
FROM `Dealer_Material` AS `d`
WHERE `d`.`Dealer_Id` = @__p_0
2023-10-06 09:43:57.079 +05:30  INF  Executed DbCommand (0ms) [Parameters=[@__p_0='?' (DbType = Int64)], CommandType='"Text"', CommandTimeout='30']
SELECT `d`.`Id`, `d`.`Bank_Account_Number`, `d`.`Bank_Name`, `d`.`Dealer_Id`, `d`.`Ifsc_Code`, `d`.`Remarks`, `d`.`Updated_At`
FROM `Dealer_Bank_Details` AS `d`
WHERE `d`.`Dealer_Id` = @__p_0
2023-10-06 09:43:57.079 +05:30  INF  Executed DbCommand (0ms) [Parameters=[@__p_0='?' (DbType = Int64)], CommandType='"Text"', CommandTimeout='30']
SELECT `d`.`Id`, `d`.`Dealer_Id`, `d`.`Material_Cost`, `d`.`Material_Date`, `d`.`Material_Name`
FROM `Dealer_Material` AS `d`
WHERE `d`.`Dealer_Id` = @__p_0
2023-10-06 09:43:57.080 +05:30  INF  Executed DbCommand (0ms) [Parameters=[@__p_0='?' (DbType = Int64)], CommandType='"Text"', CommandTimeout='30']
SELECT `d`.`Id`, `d`.`Bank_Account_Number`, `d`.`Bank_Name`, `d`.`Dealer_Id`, `d`.`Ifsc_Code`, `d`.`Remarks`, `d`.`Updated_At`
FROM `Dealer_Bank_Details` AS `d`
WHERE `d`.`Dealer_Id` = @__p_0
2023-10-06 09:43:57.080 +05:30  INF  Executed DbCommand (0ms) [Parameters=[@__p_0='?' (DbType = Int64)], CommandType='"Text"', CommandTimeout='30']
SELECT `d`.`Id`, `d`.`Dealer_Id`, `d`.`Material_Cost`, `d`.`Material_Date`, `d`.`Material_Name`
FROM `Dealer_Material` AS `d`
WHERE `d`.`Dealer_Id` = @__p_0
2023-10-06 09:43:57.081 +05:30  INF  Executed DbCommand (0ms) [Parameters=[@__p_0='?' (DbType = Int64)], CommandType='"Text"', CommandTimeout='30']
SELECT `d`.`Id`, `d`.`Bank_Account_Number`, `d`.`Bank_Name`, `d`.`Dealer_Id`, `d`.`Ifsc_Code`, `d`.`Remarks`, `d`.`Updated_At`
FROM `Dealer_Bank_Details` AS `d`
WHERE `d`.`Dealer_Id` = @__p_0
2023-10-06 09:43:57.082 +05:30  INF  Executed DbCommand (0ms) [Parameters=[@__p_0='?' (DbType = Int64)], CommandType='"Text"', CommandTimeout='30']
SELECT `d`.`Id`, `d`.`Dealer_Id`, `d`.`Material_Cost`, `d`.`Material_Date`, `d`.`Material_Name`
FROM `Dealer_Material` AS `d`
WHERE `d`.`Dealer_Id` = @__p_0
2023-10-06 09:43:57.082 +05:30  INF  Executing ObjectResult, writing value of type 'System.Collections.Generic.List`1[[DCRM.Common.Dto.DealerDto, DCRM.Common, Version=1.0.0.0, Culture=neutral, PublicKeyToken=null]]'.
2023-10-06 09:43:57.082 +05:30  INF  Executed action DCRM.Api.Controllers.DealerController.GetAllAsync (DCRM.Api) in 8.8623ms
2023-10-06 09:43:57.082 +05:30  INF  Executed endpoint 'DCRM.Api.Controllers.DealerController.GetAllAsync (DCRM.Api)'
2023-10-06 09:43:57.082 +05:30  INF  Request finished HTTP/2 GET https://localhost:7069/api/Dealer/GetAll application/json - - 200 - application/json;+charset=utf-8 12.7127ms
2023-10-06 09:44:14.470 +05:30  INF  Request starting HTTP/2 OPTIONS https://localhost:7069/api/dealer/Get/22 - -
2023-10-06 09:44:14.470 +05:30  INF  CORS policy execution successful.
2023-10-06 09:44:14.470 +05:30  INF  Request finished HTTP/2 OPTIONS https://localhost:7069/api/dealer/Get/22 - - - 204 - - 0.2921ms
2023-10-06 09:44:14.471 +05:30  INF  Request starting HTTP/2 GET https://localhost:7069/api/dealer/Get/22 application/json -
2023-10-06 09:44:14.471 +05:30  INF  CORS policy execution successful.
2023-10-06 09:44:14.475 +05:30  INF  Executed DbCommand (1ms) [Parameters=[@__id_0='?' (DbType = Int32)], CommandType='"Text"', CommandTimeout='30']
SELECT `u`.`Id`, `u`.`About_Me`, `u`.`Account_Type`, `u`.`Address`, `u`.`Available_Days`, `u`.`Bn_Name`, `u`.`City`, `u`.`Country`, `u`.`Created_At`, `u`.`Currency`, `u`.`Degree`, `u`.`Email`, `u`.`Email_Verified`, `u`.`Enable_Appointment`, `u`.`Enable_Rating`, `u`.`Exp_Years`, `u`.`Facebook`, `u`.`Google_Analytics`, `u`.`Image`, `u`.`Instagram`, `u`.`Linkedin`, `u`.`Name`, `u`.`Parent_Id`, `u`.`Password`, `u`.`Paypal_Email`, `u`.`Paypal_Mode`, `u`.`Paypal_Payment`, `u`.`Paystack_Payment`, `u`.`Paystack_Public_Key`, `u`.`Paystack_Secret_Key`, `u`.`Phone`, `u`.`Publish_Key`, `u`.`Qr_Code`, `u`.`Razorpay_Key_Id`, `u`.`Razorpay_Key_Secret`, `u`.`Razorpay_Payment`, `u`.`Role`, `u`.`Secret_Key`, `u`.`Skype`, `u`.`Slug`, `u`.`Specialist`, `u`.`Status`, `u`.`Stripe_Payment`, `u`.`Thumb`, `u`.`Trial_Expire`, `u`.`Twitter`, `u`.`User_Name`, `u`.`User_Type`, `u`.`Verify_Code`, `u`.`Whatsapp`
FROM `Users` AS `u`
WHERE `u`.`Id` = @__id_0
LIMIT 1
2023-10-06 09:44:14.475 +05:30  INF  Executing endpoint 'DCRM.Api.Controllers.DealerController.GetAsync (DCRM.Api)'
2023-10-06 09:44:14.475 +05:30  INF  Route matched with {action = "Get", controller = "Dealer"}. Executing controller action with signature System.Threading.Tasks.Task`1[DCRM.Common.Dto.DealerDto] GetAsync(Int32) on controller DCRM.Api.Controllers.DealerController (DCRM.Api).
2023-10-06 09:44:14.480 +05:30  INF  Executed DbCommand (3ms) [Parameters=[@__id_0='?' (DbType = Int32), @__userId_1='?' (DbType = Int64)], CommandType='"Text"', CommandTimeout='30']
SELECT `d`.`Id`, `d`.`Address_O`, `d`.`Address_R`, `d`.`City_O`, `d`.`City_R`, `d`.`Company_Name`, `d`.`Country_O`, `d`.`Country_R`, `d`.`Created_At`, `d`.`Email1`, `d`.`Email2`, `d`.`Gst_Number`, `d`.`Image`, `d`.`Is_Deleted`, `d`.`Own_Name_1`, `d`.`Own_Name_2`, `d`.`Pan_Number`, `d`.`Phone1`, `d`.`Phone2`, `d`.`Staff_Email1`, `d`.`Staff_Email2`, `d`.`Staff_Email3`, `d`.`Staff_Email4`, `d`.`Staff_Name1`, `d`.`Staff_Name2`, `d`.`Staff_Name3`, `d`.`Staff_Name4`, `d`.`Staff_Phone1`, `d`.`Staff_Phone2`, `d`.`Staff_Phone3`, `d`.`Staff_Phone4`, `d`.`Updated_At`, `d`.`User_Id`, `d`.`Zip_O`, `d`.`Zip_R`
FROM `Dealers` AS `d`
WHERE ((`d`.`Id` = @__id_0) AND (`d`.`Is_Deleted` = 0)) AND (`d`.`User_Id` = @__userId_1)
LIMIT 1
2023-10-06 09:44:14.481 +05:30  INF  Executed DbCommand (0ms) [Parameters=[@__p_0='?' (DbType = Int64)], CommandType='"Text"', CommandTimeout='30']
SELECT `d`.`Id`, `d`.`Bank_Account_Number`, `d`.`Bank_Name`, `d`.`Dealer_Id`, `d`.`Ifsc_Code`, `d`.`Remarks`, `d`.`Updated_At`
FROM `Dealer_Bank_Details` AS `d`
WHERE `d`.`Dealer_Id` = @__p_0
2023-10-06 09:44:14.482 +05:30  INF  Executed DbCommand (0ms) [Parameters=[@__p_0='?' (DbType = Int64)], CommandType='"Text"', CommandTimeout='30']
SELECT `d`.`Id`, `d`.`Dealer_Id`, `d`.`Material_Cost`, `d`.`Material_Date`, `d`.`Material_Name`
FROM `Dealer_Material` AS `d`
WHERE `d`.`Dealer_Id` = @__p_0
2023-10-06 09:44:14.482 +05:30  INF  Executing ObjectResult, writing value of type 'DCRM.Common.Dto.DealerDto'.
2023-10-06 09:44:14.482 +05:30  INF  Executed action DCRM.Api.Controllers.DealerController.GetAsync (DCRM.Api) in 6.6103ms
2023-10-06 09:44:14.482 +05:30  INF  Executed endpoint 'DCRM.Api.Controllers.DealerController.GetAsync (DCRM.Api)'
2023-10-06 09:44:14.482 +05:30  INF  Request finished HTTP/2 GET https://localhost:7069/api/dealer/Get/22 application/json - - 200 - application/json;+charset=utf-8 11.1470ms
2023-10-06 09:44:23.286 +05:30  INF  Request starting HTTP/2 OPTIONS https://localhost:7069/api/Dealer/GetAll - -
2023-10-06 09:44:23.286 +05:30  INF  CORS policy execution successful.
2023-10-06 09:44:23.286 +05:30  INF  Request finished HTTP/2 OPTIONS https://localhost:7069/api/Dealer/GetAll - - - 204 - - 0.3103ms
2023-10-06 09:44:23.287 +05:30  INF  Request starting HTTP/2 GET https://localhost:7069/api/Dealer/GetAll application/json -
2023-10-06 09:44:23.287 +05:30  INF  CORS policy execution successful.
2023-10-06 09:44:23.292 +05:30  INF  Executed DbCommand (1ms) [Parameters=[@__id_0='?' (DbType = Int32)], CommandType='"Text"', CommandTimeout='30']
SELECT `u`.`Id`, `u`.`About_Me`, `u`.`Account_Type`, `u`.`Address`, `u`.`Available_Days`, `u`.`Bn_Name`, `u`.`City`, `u`.`Country`, `u`.`Created_At`, `u`.`Currency`, `u`.`Degree`, `u`.`Email`, `u`.`Email_Verified`, `u`.`Enable_Appointment`, `u`.`Enable_Rating`, `u`.`Exp_Years`, `u`.`Facebook`, `u`.`Google_Analytics`, `u`.`Image`, `u`.`Instagram`, `u`.`Linkedin`, `u`.`Name`, `u`.`Parent_Id`, `u`.`Password`, `u`.`Paypal_Email`, `u`.`Paypal_Mode`, `u`.`Paypal_Payment`, `u`.`Paystack_Payment`, `u`.`Paystack_Public_Key`, `u`.`Paystack_Secret_Key`, `u`.`Phone`, `u`.`Publish_Key`, `u`.`Qr_Code`, `u`.`Razorpay_Key_Id`, `u`.`Razorpay_Key_Secret`, `u`.`Razorpay_Payment`, `u`.`Role`, `u`.`Secret_Key`, `u`.`Skype`, `u`.`Slug`, `u`.`Specialist`, `u`.`Status`, `u`.`Stripe_Payment`, `u`.`Thumb`, `u`.`Trial_Expire`, `u`.`Twitter`, `u`.`User_Name`, `u`.`User_Type`, `u`.`Verify_Code`, `u`.`Whatsapp`
FROM `Users` AS `u`
WHERE `u`.`Id` = @__id_0
LIMIT 1
2023-10-06 09:44:23.292 +05:30  INF  Executing endpoint 'DCRM.Api.Controllers.DealerController.GetAllAsync (DCRM.Api)'
2023-10-06 09:44:23.292 +05:30  INF  Route matched with {action = "GetAll", controller = "Dealer"}. Executing controller action with signature System.Threading.Tasks.Task`1[System.Collections.Generic.IEnumerable`1[DCRM.Common.Dto.DealerDto]] GetAllAsync() on controller DCRM.Api.Controllers.DealerController (DCRM.Api).
2023-10-06 09:44:23.293 +05:30  INF  Executed DbCommand (1ms) [Parameters=[@__userId_0='?' (DbType = Int64)], CommandType='"Text"', CommandTimeout='30']
SELECT `d`.`Id`, `d`.`Address_O`, `d`.`Address_R`, `d`.`City_O`, `d`.`City_R`, `d`.`Company_Name`, `d`.`Country_O`, `d`.`Country_R`, `d`.`Created_At`, `d`.`Email1`, `d`.`Email2`, `d`.`Gst_Number`, `d`.`Image`, `d`.`Is_Deleted`, `d`.`Own_Name_1`, `d`.`Own_Name_2`, `d`.`Pan_Number`, `d`.`Phone1`, `d`.`Phone2`, `d`.`Staff_Email1`, `d`.`Staff_Email2`, `d`.`Staff_Email3`, `d`.`Staff_Email4`, `d`.`Staff_Name1`, `d`.`Staff_Name2`, `d`.`Staff_Name3`, `d`.`Staff_Name4`, `d`.`Staff_Phone1`, `d`.`Staff_Phone2`, `d`.`Staff_Phone3`, `d`.`Staff_Phone4`, `d`.`Updated_At`, `d`.`User_Id`, `d`.`Zip_O`, `d`.`Zip_R`
FROM `Dealers` AS `d`
WHERE (`d`.`Is_Deleted` = 0) AND (`d`.`User_Id` = @__userId_0)
2023-10-06 09:44:23.295 +05:30  INF  Executed DbCommand (0ms) [Parameters=[@__p_0='?' (DbType = Int64)], CommandType='"Text"', CommandTimeout='30']
SELECT `d`.`Id`, `d`.`Bank_Account_Number`, `d`.`Bank_Name`, `d`.`Dealer_Id`, `d`.`Ifsc_Code`, `d`.`Remarks`, `d`.`Updated_At`
FROM `Dealer_Bank_Details` AS `d`
WHERE `d`.`Dealer_Id` = @__p_0
2023-10-06 09:44:23.295 +05:30  INF  Executed DbCommand (0ms) [Parameters=[@__p_0='?' (DbType = Int64)], CommandType='"Text"', CommandTimeout='30']
SELECT `d`.`Id`, `d`.`Dealer_Id`, `d`.`Material_Cost`, `d`.`Material_Date`, `d`.`Material_Name`
FROM `Dealer_Material` AS `d`
WHERE `d`.`Dealer_Id` = @__p_0
2023-10-06 09:44:23.296 +05:30  INF  Executed DbCommand (0ms) [Parameters=[@__p_0='?' (DbType = Int64)], CommandType='"Text"', CommandTimeout='30']
SELECT `d`.`Id`, `d`.`Bank_Account_Number`, `d`.`Bank_Name`, `d`.`Dealer_Id`, `d`.`Ifsc_Code`, `d`.`Remarks`, `d`.`Updated_At`
FROM `Dealer_Bank_Details` AS `d`
WHERE `d`.`Dealer_Id` = @__p_0
2023-10-06 09:44:23.297 +05:30  INF  Executed DbCommand (0ms) [Parameters=[@__p_0='?' (DbType = Int64)], CommandType='"Text"', CommandTimeout='30']
SELECT `d`.`Id`, `d`.`Dealer_Id`, `d`.`Material_Cost`, `d`.`Material_Date`, `d`.`Material_Name`
FROM `Dealer_Material` AS `d`
WHERE `d`.`Dealer_Id` = @__p_0
2023-10-06 09:44:23.297 +05:30  INF  Executed DbCommand (0ms) [Parameters=[@__p_0='?' (DbType = Int64)], CommandType='"Text"', CommandTimeout='30']
SELECT `d`.`Id`, `d`.`Bank_Account_Number`, `d`.`Bank_Name`, `d`.`Dealer_Id`, `d`.`Ifsc_Code`, `d`.`Remarks`, `d`.`Updated_At`
FROM `Dealer_Bank_Details` AS `d`
WHERE `d`.`Dealer_Id` = @__p_0
2023-10-06 09:44:23.298 +05:30  INF  Executed DbCommand (0ms) [Parameters=[@__p_0='?' (DbType = Int64)], CommandType='"Text"', CommandTimeout='30']
SELECT `d`.`Id`, `d`.`Dealer_Id`, `d`.`Material_Cost`, `d`.`Material_Date`, `d`.`Material_Name`
FROM `Dealer_Material` AS `d`
WHERE `d`.`Dealer_Id` = @__p_0
2023-10-06 09:44:23.299 +05:30  INF  Executed DbCommand (0ms) [Parameters=[@__p_0='?' (DbType = Int64)], CommandType='"Text"', CommandTimeout='30']
SELECT `d`.`Id`, `d`.`Bank_Account_Number`, `d`.`Bank_Name`, `d`.`Dealer_Id`, `d`.`Ifsc_Code`, `d`.`Remarks`, `d`.`Updated_At`
FROM `Dealer_Bank_Details` AS `d`
WHERE `d`.`Dealer_Id` = @__p_0
2023-10-06 09:44:23.299 +05:30  INF  Executed DbCommand (0ms) [Parameters=[@__p_0='?' (DbType = Int64)], CommandType='"Text"', CommandTimeout='30']
SELECT `d`.`Id`, `d`.`Dealer_Id`, `d`.`Material_Cost`, `d`.`Material_Date`, `d`.`Material_Name`
FROM `Dealer_Material` AS `d`
WHERE `d`.`Dealer_Id` = @__p_0
2023-10-06 09:44:23.300 +05:30  INF  Executed DbCommand (0ms) [Parameters=[@__p_0='?' (DbType = Int64)], CommandType='"Text"', CommandTimeout='30']
SELECT `d`.`Id`, `d`.`Bank_Account_Number`, `d`.`Bank_Name`, `d`.`Dealer_Id`, `d`.`Ifsc_Code`, `d`.`Remarks`, `d`.`Updated_At`
FROM `Dealer_Bank_Details` AS `d`
WHERE `d`.`Dealer_Id` = @__p_0
2023-10-06 09:44:23.301 +05:30  INF  Executed DbCommand (0ms) [Parameters=[@__p_0='?' (DbType = Int64)], CommandType='"Text"', CommandTimeout='30']
SELECT `d`.`Id`, `d`.`Dealer_Id`, `d`.`Material_Cost`, `d`.`Material_Date`, `d`.`Material_Name`
FROM `Dealer_Material` AS `d`
WHERE `d`.`Dealer_Id` = @__p_0
2023-10-06 09:44:23.301 +05:30  INF  Executed DbCommand (0ms) [Parameters=[@__p_0='?' (DbType = Int64)], CommandType='"Text"', CommandTimeout='30']
SELECT `d`.`Id`, `d`.`Bank_Account_Number`, `d`.`Bank_Name`, `d`.`Dealer_Id`, `d`.`Ifsc_Code`, `d`.`Remarks`, `d`.`Updated_At`
FROM `Dealer_Bank_Details` AS `d`
WHERE `d`.`Dealer_Id` = @__p_0
2023-10-06 09:44:23.302 +05:30  INF  Executed DbCommand (0ms) [Parameters=[@__p_0='?' (DbType = Int64)], CommandType='"Text"', CommandTimeout='30']
SELECT `d`.`Id`, `d`.`Dealer_Id`, `d`.`Material_Cost`, `d`.`Material_Date`, `d`.`Material_Name`
FROM `Dealer_Material` AS `d`
WHERE `d`.`Dealer_Id` = @__p_0
2023-10-06 09:44:23.303 +05:30  INF  Executing ObjectResult, writing value of type 'System.Collections.Generic.List`1[[DCRM.Common.Dto.DealerDto, DCRM.Common, Version=1.0.0.0, Culture=neutral, PublicKeyToken=null]]'.
2023-10-06 09:44:23.303 +05:30  INF  Executed action DCRM.Api.Controllers.DealerController.GetAllAsync (DCRM.Api) in 10.7794ms
2023-10-06 09:44:23.303 +05:30  INF  Executed endpoint 'DCRM.Api.Controllers.DealerController.GetAllAsync (DCRM.Api)'
2023-10-06 09:44:23.303 +05:30  INF  Request finished HTTP/2 GET https://localhost:7069/api/Dealer/GetAll application/json - - 200 - application/json;+charset=utf-8 16.2169ms
2023-10-06 09:44:25.714 +05:30  INF  Request starting HTTP/2 GET https://localhost:7069/api/Drug/GetMedicineCategoris - -
2023-10-06 09:44:25.714 +05:30  INF  Request starting HTTP/2 GET https://localhost:7069/api/Drug/GetMedicineBrands - -
2023-10-06 09:44:25.715 +05:30  INF  CORS policy execution successful.
2023-10-06 09:44:25.715 +05:30  INF  CORS policy execution successful.
2023-10-06 09:44:25.715 +05:30  INF  Executing endpoint 'DCRM.Api.Controllers.DrugController.GetMedicineCategoris (DCRM.Api)'
2023-10-06 09:44:25.715 +05:30  INF  Executing endpoint 'DCRM.Api.Controllers.DrugController.GetMedicineBrands (DCRM.Api)'
2023-10-06 09:44:25.715 +05:30  INF  Route matched with {action = "GetMedicineCategoris", controller = "Drug"}. Executing controller action with signature System.Collections.Generic.List`1[DCRM.Common.Entity.MedicineCategory] GetMedicineCategoris() on controller DCRM.Api.Controllers.DrugController (DCRM.Api).
2023-10-06 09:44:25.715 +05:30  INF  Route matched with {action = "GetMedicineBrands", controller = "Drug"}. Executing controller action with signature System.Collections.Generic.List`1[DCRM.Common.Entity.MedicineBrand] GetMedicineBrands() on controller DCRM.Api.Controllers.DrugController (DCRM.Api).
2023-10-06 09:44:25.716 +05:30  INF  Executed DbCommand (0ms) [Parameters=[], CommandType='"Text"', CommandTimeout='30']
SELECT `m`.`Id`, `m`.`Medicine_Category`
FROM `Medicine_Category` AS `m`
2023-10-06 09:44:25.716 +05:30  INF  Executed DbCommand (0ms) [Parameters=[], CommandType='"Text"', CommandTimeout='30']
SELECT `m`.`Id`, `m`.`Basic_Salt`, `m`.`Company_Name`, `m`.`Medicine_Brand`
FROM `Medicine_Brand` AS `m`
2023-10-06 09:44:25.716 +05:30  INF  Executing ObjectResult, writing value of type 'System.Collections.Generic.List`1[[DCRM.Common.Entity.MedicineCategory, DCRM.Common, Version=1.0.0.0, Culture=neutral, PublicKeyToken=null]]'.
2023-10-06 09:44:25.716 +05:30  INF  Executed action DCRM.Api.Controllers.DrugController.GetMedicineCategoris (DCRM.Api) in 1.094ms
2023-10-06 09:44:25.716 +05:30  INF  Executed endpoint 'DCRM.Api.Controllers.DrugController.GetMedicineCategoris (DCRM.Api)'
2023-10-06 09:44:25.716 +05:30  INF  Request finished HTTP/2 GET https://localhost:7069/api/Drug/GetMedicineCategoris - - - 200 - application/json;+charset=utf-8 2.0907ms
2023-10-06 09:44:25.717 +05:30  INF  Executing ObjectResult, writing value of type 'System.Collections.Generic.List`1[[DCRM.Common.Entity.MedicineBrand, DCRM.Common, Version=1.0.0.0, Culture=neutral, PublicKeyToken=null]]'.
2023-10-06 09:44:25.717 +05:30  INF  Executed action DCRM.Api.Controllers.DrugController.GetMedicineBrands (DCRM.Api) in 2.1391ms
2023-10-06 09:44:25.717 +05:30  INF  Executed endpoint 'DCRM.Api.Controllers.DrugController.GetMedicineBrands (DCRM.Api)'
2023-10-06 09:44:25.717 +05:30  INF  Request finished HTTP/2 GET https://localhost:7069/api/Drug/GetMedicineBrands - - - 200 - application/json;+charset=utf-8 2.8626ms
2023-10-06 09:44:37.763 +05:30  INF  Request starting HTTP/2 OPTIONS https://localhost:7069/api/Dealer/GetAll - -
2023-10-06 09:44:37.763 +05:30  INF  CORS policy execution successful.
2023-10-06 09:44:37.763 +05:30  INF  Request finished HTTP/2 OPTIONS https://localhost:7069/api/Dealer/GetAll - - - 204 - - 0.2232ms
2023-10-06 09:44:37.764 +05:30  INF  Request starting HTTP/2 GET https://localhost:7069/api/Dealer/GetAll application/json -
2023-10-06 09:44:37.764 +05:30  INF  CORS policy execution successful.
2023-10-06 09:44:37.768 +05:30  INF  Executed DbCommand (1ms) [Parameters=[@__id_0='?' (DbType = Int32)], CommandType='"Text"', CommandTimeout='30']
SELECT `u`.`Id`, `u`.`About_Me`, `u`.`Account_Type`, `u`.`Address`, `u`.`Available_Days`, `u`.`Bn_Name`, `u`.`City`, `u`.`Country`, `u`.`Created_At`, `u`.`Currency`, `u`.`Degree`, `u`.`Email`, `u`.`Email_Verified`, `u`.`Enable_Appointment`, `u`.`Enable_Rating`, `u`.`Exp_Years`, `u`.`Facebook`, `u`.`Google_Analytics`, `u`.`Image`, `u`.`Instagram`, `u`.`Linkedin`, `u`.`Name`, `u`.`Parent_Id`, `u`.`Password`, `u`.`Paypal_Email`, `u`.`Paypal_Mode`, `u`.`Paypal_Payment`, `u`.`Paystack_Payment`, `u`.`Paystack_Public_Key`, `u`.`Paystack_Secret_Key`, `u`.`Phone`, `u`.`Publish_Key`, `u`.`Qr_Code`, `u`.`Razorpay_Key_Id`, `u`.`Razorpay_Key_Secret`, `u`.`Razorpay_Payment`, `u`.`Role`, `u`.`Secret_Key`, `u`.`Skype`, `u`.`Slug`, `u`.`Specialist`, `u`.`Status`, `u`.`Stripe_Payment`, `u`.`Thumb`, `u`.`Trial_Expire`, `u`.`Twitter`, `u`.`User_Name`, `u`.`User_Type`, `u`.`Verify_Code`, `u`.`Whatsapp`
FROM `Users` AS `u`
WHERE `u`.`Id` = @__id_0
LIMIT 1
2023-10-06 09:44:37.768 +05:30  INF  Executing endpoint 'DCRM.Api.Controllers.DealerController.GetAllAsync (DCRM.Api)'
2023-10-06 09:44:37.768 +05:30  INF  Route matched with {action = "GetAll", controller = "Dealer"}. Executing controller action with signature System.Threading.Tasks.Task`1[System.Collections.Generic.IEnumerable`1[DCRM.Common.Dto.DealerDto]] GetAllAsync() on controller DCRM.Api.Controllers.DealerController (DCRM.Api).
2023-10-06 09:44:37.769 +05:30  INF  Executed DbCommand (0ms) [Parameters=[@__userId_0='?' (DbType = Int64)], CommandType='"Text"', CommandTimeout='30']
SELECT `d`.`Id`, `d`.`Address_O`, `d`.`Address_R`, `d`.`City_O`, `d`.`City_R`, `d`.`Company_Name`, `d`.`Country_O`, `d`.`Country_R`, `d`.`Created_At`, `d`.`Email1`, `d`.`Email2`, `d`.`Gst_Number`, `d`.`Image`, `d`.`Is_Deleted`, `d`.`Own_Name_1`, `d`.`Own_Name_2`, `d`.`Pan_Number`, `d`.`Phone1`, `d`.`Phone2`, `d`.`Staff_Email1`, `d`.`Staff_Email2`, `d`.`Staff_Email3`, `d`.`Staff_Email4`, `d`.`Staff_Name1`, `d`.`Staff_Name2`, `d`.`Staff_Name3`, `d`.`Staff_Name4`, `d`.`Staff_Phone1`, `d`.`Staff_Phone2`, `d`.`Staff_Phone3`, `d`.`Staff_Phone4`, `d`.`Updated_At`, `d`.`User_Id`, `d`.`Zip_O`, `d`.`Zip_R`
FROM `Dealers` AS `d`
WHERE (`d`.`Is_Deleted` = 0) AND (`d`.`User_Id` = @__userId_0)
2023-10-06 09:44:37.770 +05:30  INF  Executed DbCommand (0ms) [Parameters=[@__p_0='?' (DbType = Int64)], CommandType='"Text"', CommandTimeout='30']
SELECT `d`.`Id`, `d`.`Bank_Account_Number`, `d`.`Bank_Name`, `d`.`Dealer_Id`, `d`.`Ifsc_Code`, `d`.`Remarks`, `d`.`Updated_At`
FROM `Dealer_Bank_Details` AS `d`
WHERE `d`.`Dealer_Id` = @__p_0
2023-10-06 09:44:37.771 +05:30  INF  Executed DbCommand (0ms) [Parameters=[@__p_0='?' (DbType = Int64)], CommandType='"Text"', CommandTimeout='30']
SELECT `d`.`Id`, `d`.`Dealer_Id`, `d`.`Material_Cost`, `d`.`Material_Date`, `d`.`Material_Name`
FROM `Dealer_Material` AS `d`
WHERE `d`.`Dealer_Id` = @__p_0
2023-10-06 09:44:37.772 +05:30  INF  Executed DbCommand (0ms) [Parameters=[@__p_0='?' (DbType = Int64)], CommandType='"Text"', CommandTimeout='30']
SELECT `d`.`Id`, `d`.`Bank_Account_Number`, `d`.`Bank_Name`, `d`.`Dealer_Id`, `d`.`Ifsc_Code`, `d`.`Remarks`, `d`.`Updated_At`
FROM `Dealer_Bank_Details` AS `d`
WHERE `d`.`Dealer_Id` = @__p_0
2023-10-06 09:44:37.772 +05:30  INF  Executed DbCommand (0ms) [Parameters=[@__p_0='?' (DbType = Int64)], CommandType='"Text"', CommandTimeout='30']
SELECT `d`.`Id`, `d`.`Dealer_Id`, `d`.`Material_Cost`, `d`.`Material_Date`, `d`.`Material_Name`
FROM `Dealer_Material` AS `d`
WHERE `d`.`Dealer_Id` = @__p_0
2023-10-06 09:44:37.773 +05:30  INF  Executed DbCommand (0ms) [Parameters=[@__p_0='?' (DbType = Int64)], CommandType='"Text"', CommandTimeout='30']
SELECT `d`.`Id`, `d`.`Bank_Account_Number`, `d`.`Bank_Name`, `d`.`Dealer_Id`, `d`.`Ifsc_Code`, `d`.`Remarks`, `d`.`Updated_At`
FROM `Dealer_Bank_Details` AS `d`
WHERE `d`.`Dealer_Id` = @__p_0
2023-10-06 09:44:37.773 +05:30  INF  Executed DbCommand (0ms) [Parameters=[@__p_0='?' (DbType = Int64)], CommandType='"Text"', CommandTimeout='30']
SELECT `d`.`Id`, `d`.`Dealer_Id`, `d`.`Material_Cost`, `d`.`Material_Date`, `d`.`Material_Name`
FROM `Dealer_Material` AS `d`
WHERE `d`.`Dealer_Id` = @__p_0
2023-10-06 09:44:37.774 +05:30  INF  Executed DbCommand (0ms) [Parameters=[@__p_0='?' (DbType = Int64)], CommandType='"Text"', CommandTimeout='30']
SELECT `d`.`Id`, `d`.`Bank_Account_Number`, `d`.`Bank_Name`, `d`.`Dealer_Id`, `d`.`Ifsc_Code`, `d`.`Remarks`, `d`.`Updated_At`
FROM `Dealer_Bank_Details` AS `d`
WHERE `d`.`Dealer_Id` = @__p_0
2023-10-06 09:44:37.775 +05:30  INF  Executed DbCommand (0ms) [Parameters=[@__p_0='?' (DbType = Int64)], CommandType='"Text"', CommandTimeout='30']
SELECT `d`.`Id`, `d`.`Dealer_Id`, `d`.`Material_Cost`, `d`.`Material_Date`, `d`.`Material_Name`
FROM `Dealer_Material` AS `d`
WHERE `d`.`Dealer_Id` = @__p_0
2023-10-06 09:44:37.775 +05:30  INF  Executed DbCommand (0ms) [Parameters=[@__p_0='?' (DbType = Int64)], CommandType='"Text"', CommandTimeout='30']
SELECT `d`.`Id`, `d`.`Bank_Account_Number`, `d`.`Bank_Name`, `d`.`Dealer_Id`, `d`.`Ifsc_Code`, `d`.`Remarks`, `d`.`Updated_At`
FROM `Dealer_Bank_Details` AS `d`
WHERE `d`.`Dealer_Id` = @__p_0
2023-10-06 09:44:37.776 +05:30  INF  Executed DbCommand (0ms) [Parameters=[@__p_0='?' (DbType = Int64)], CommandType='"Text"', CommandTimeout='30']
SELECT `d`.`Id`, `d`.`Dealer_Id`, `d`.`Material_Cost`, `d`.`Material_Date`, `d`.`Material_Name`
FROM `Dealer_Material` AS `d`
WHERE `d`.`Dealer_Id` = @__p_0
2023-10-06 09:44:37.776 +05:30  INF  Executed DbCommand (0ms) [Parameters=[@__p_0='?' (DbType = Int64)], CommandType='"Text"', CommandTimeout='30']
SELECT `d`.`Id`, `d`.`Bank_Account_Number`, `d`.`Bank_Name`, `d`.`Dealer_Id`, `d`.`Ifsc_Code`, `d`.`Remarks`, `d`.`Updated_At`
FROM `Dealer_Bank_Details` AS `d`
WHERE `d`.`Dealer_Id` = @__p_0
2023-10-06 09:44:37.777 +05:30  INF  Executed DbCommand (0ms) [Parameters=[@__p_0='?' (DbType = Int64)], CommandType='"Text"', CommandTimeout='30']
SELECT `d`.`Id`, `d`.`Dealer_Id`, `d`.`Material_Cost`, `d`.`Material_Date`, `d`.`Material_Name`
FROM `Dealer_Material` AS `d`
WHERE `d`.`Dealer_Id` = @__p_0
2023-10-06 09:44:37.777 +05:30  INF  Executing ObjectResult, writing value of type 'System.Collections.Generic.List`1[[DCRM.Common.Dto.DealerDto, DCRM.Common, Version=1.0.0.0, Culture=neutral, PublicKeyToken=null]]'.
2023-10-06 09:44:37.777 +05:30  INF  Executed action DCRM.Api.Controllers.DealerController.GetAllAsync (DCRM.Api) in 8.8601ms
2023-10-06 09:44:37.777 +05:30  INF  Executed endpoint 'DCRM.Api.Controllers.DealerController.GetAllAsync (DCRM.Api)'
2023-10-06 09:44:37.777 +05:30  INF  Request finished HTTP/2 GET https://localhost:7069/api/Dealer/GetAll application/json - - 200 - application/json;+charset=utf-8 13.8565ms
2023-10-06 09:47:40.506 +05:30  INF  Request starting HTTP/2 GET https://localhost:7069/api/Drug/GetMedicineCategoris - -
2023-10-06 09:47:40.506 +05:30  INF  Request starting HTTP/2 GET https://localhost:7069/api/Drug/GetMedicineBrands - -
2023-10-06 09:47:40.507 +05:30  INF  CORS policy execution successful.
2023-10-06 09:47:40.507 +05:30  INF  CORS policy execution successful.
2023-10-06 09:47:40.508 +05:30  INF  Executing endpoint 'DCRM.Api.Controllers.DrugController.GetMedicineCategoris (DCRM.Api)'
2023-10-06 09:47:40.508 +05:30  INF  Executing endpoint 'DCRM.Api.Controllers.DrugController.GetMedicineBrands (DCRM.Api)'
2023-10-06 09:47:40.508 +05:30  INF  Route matched with {action = "GetMedicineCategoris", controller = "Drug"}. Executing controller action with signature System.Collections.Generic.List`1[DCRM.Common.Entity.MedicineCategory] GetMedicineCategoris() on controller DCRM.Api.Controllers.DrugController (DCRM.Api).
2023-10-06 09:47:40.508 +05:30  INF  Route matched with {action = "GetMedicineBrands", controller = "Drug"}. Executing controller action with signature System.Collections.Generic.List`1[DCRM.Common.Entity.MedicineBrand] GetMedicineBrands() on controller DCRM.Api.Controllers.DrugController (DCRM.Api).
2023-10-06 09:47:40.509 +05:30  INF  Executed DbCommand (0ms) [Parameters=[], CommandType='"Text"', CommandTimeout='30']
SELECT `m`.`Id`, `m`.`Medicine_Category`
FROM `Medicine_Category` AS `m`
2023-10-06 09:47:40.509 +05:30  INF  Executed DbCommand (1ms) [Parameters=[], CommandType='"Text"', CommandTimeout='30']
SELECT `m`.`Id`, `m`.`Basic_Salt`, `m`.`Company_Name`, `m`.`Medicine_Brand`
FROM `Medicine_Brand` AS `m`
2023-10-06 09:47:40.509 +05:30  INF  Executing ObjectResult, writing value of type 'System.Collections.Generic.List`1[[DCRM.Common.Entity.MedicineCategory, DCRM.Common, Version=1.0.0.0, Culture=neutral, PublicKeyToken=null]]'.
2023-10-06 09:47:40.509 +05:30  INF  Executed action DCRM.Api.Controllers.DrugController.GetMedicineCategoris (DCRM.Api) in 1.4914ms
2023-10-06 09:47:40.509 +05:30  INF  Executed endpoint 'DCRM.Api.Controllers.DrugController.GetMedicineCategoris (DCRM.Api)'
2023-10-06 09:47:40.509 +05:30  INF  Request finished HTTP/2 GET https://localhost:7069/api/Drug/GetMedicineCategoris - - - 200 - application/json;+charset=utf-8 2.9696ms
2023-10-06 09:47:40.510 +05:30  INF  Executing ObjectResult, writing value of type 'System.Collections.Generic.List`1[[DCRM.Common.Entity.MedicineBrand, DCRM.Common, Version=1.0.0.0, Culture=neutral, PublicKeyToken=null]]'.
2023-10-06 09:47:40.511 +05:30  INF  Executed action DCRM.Api.Controllers.DrugController.GetMedicineBrands (DCRM.Api) in 2.8184ms
2023-10-06 09:47:40.511 +05:30  INF  Executed endpoint 'DCRM.Api.Controllers.DrugController.GetMedicineBrands (DCRM.Api)'
2023-10-06 09:47:40.511 +05:30  INF  Request finished HTTP/2 GET https://localhost:7069/api/Drug/GetMedicineBrands - - - 200 - application/json;+charset=utf-8 4.2769ms
2023-10-06 10:17:09.278 +05:30  INF  Request starting HTTP/2 OPTIONS https://localhost:7069/api/Dealer/GetAll - -
2023-10-06 10:17:09.278 +05:30  INF  CORS policy execution successful.
2023-10-06 10:17:09.278 +05:30  INF  Request finished HTTP/2 OPTIONS https://localhost:7069/api/Dealer/GetAll - - - 204 - - 0.3900ms
2023-10-06 10:17:09.279 +05:30  INF  Request starting HTTP/2 GET https://localhost:7069/api/Dealer/GetAll application/json -
2023-10-06 10:17:09.279 +05:30  INF  CORS policy execution successful.
2023-10-06 10:17:09.321 +05:30  INF  Executed DbCommand (1ms) [Parameters=[@__id_0='?' (DbType = Int32)], CommandType='"Text"', CommandTimeout='30']
SELECT `u`.`Id`, `u`.`About_Me`, `u`.`Account_Type`, `u`.`Address`, `u`.`Available_Days`, `u`.`Bn_Name`, `u`.`City`, `u`.`Country`, `u`.`Created_At`, `u`.`Currency`, `u`.`Degree`, `u`.`Email`, `u`.`Email_Verified`, `u`.`Enable_Appointment`, `u`.`Enable_Rating`, `u`.`Exp_Years`, `u`.`Facebook`, `u`.`Google_Analytics`, `u`.`Image`, `u`.`Instagram`, `u`.`Linkedin`, `u`.`Name`, `u`.`Parent_Id`, `u`.`Password`, `u`.`Paypal_Email`, `u`.`Paypal_Mode`, `u`.`Paypal_Payment`, `u`.`Paystack_Payment`, `u`.`Paystack_Public_Key`, `u`.`Paystack_Secret_Key`, `u`.`Phone`, `u`.`Publish_Key`, `u`.`Qr_Code`, `u`.`Razorpay_Key_Id`, `u`.`Razorpay_Key_Secret`, `u`.`Razorpay_Payment`, `u`.`Role`, `u`.`Secret_Key`, `u`.`Skype`, `u`.`Slug`, `u`.`Specialist`, `u`.`Status`, `u`.`Stripe_Payment`, `u`.`Thumb`, `u`.`Trial_Expire`, `u`.`Twitter`, `u`.`User_Name`, `u`.`User_Type`, `u`.`Verify_Code`, `u`.`Whatsapp`
FROM `Users` AS `u`
WHERE `u`.`Id` = @__id_0
LIMIT 1
2023-10-06 10:17:09.321 +05:30  INF  Executing endpoint 'DCRM.Api.Controllers.DealerController.GetAllAsync (DCRM.Api)'
2023-10-06 10:17:09.321 +05:30  INF  Route matched with {action = "GetAll", controller = "Dealer"}. Executing controller action with signature System.Threading.Tasks.Task`1[System.Collections.Generic.IEnumerable`1[DCRM.Common.Dto.DealerDto]] GetAllAsync() on controller DCRM.Api.Controllers.DealerController (DCRM.Api).
2023-10-06 10:17:09.322 +05:30  INF  Executed DbCommand (1ms) [Parameters=[@__userId_0='?' (DbType = Int64)], CommandType='"Text"', CommandTimeout='30']
SELECT `d`.`Id`, `d`.`Address_O`, `d`.`Address_R`, `d`.`City_O`, `d`.`City_R`, `d`.`Company_Name`, `d`.`Country_O`, `d`.`Country_R`, `d`.`Created_At`, `d`.`Email1`, `d`.`Email2`, `d`.`Gst_Number`, `d`.`Image`, `d`.`Is_Deleted`, `d`.`Own_Name_1`, `d`.`Own_Name_2`, `d`.`Pan_Number`, `d`.`Phone1`, `d`.`Phone2`, `d`.`Staff_Email1`, `d`.`Staff_Email2`, `d`.`Staff_Email3`, `d`.`Staff_Email4`, `d`.`Staff_Name1`, `d`.`Staff_Name2`, `d`.`Staff_Name3`, `d`.`Staff_Name4`, `d`.`Staff_Phone1`, `d`.`Staff_Phone2`, `d`.`Staff_Phone3`, `d`.`Staff_Phone4`, `d`.`Updated_At`, `d`.`User_Id`, `d`.`Zip_O`, `d`.`Zip_R`
FROM `Dealers` AS `d`
WHERE (`d`.`Is_Deleted` = 0) AND (`d`.`User_Id` = @__userId_0)
2023-10-06 10:17:09.323 +05:30  INF  Executed DbCommand (0ms) [Parameters=[@__p_0='?' (DbType = Int64)], CommandType='"Text"', CommandTimeout='30']
SELECT `d`.`Id`, `d`.`Bank_Account_Number`, `d`.`Bank_Name`, `d`.`Dealer_Id`, `d`.`Ifsc_Code`, `d`.`Remarks`, `d`.`Updated_At`
FROM `Dealer_Bank_Details` AS `d`
WHERE `d`.`Dealer_Id` = @__p_0
2023-10-06 10:17:09.324 +05:30  INF  Executed DbCommand (0ms) [Parameters=[@__p_0='?' (DbType = Int64)], CommandType='"Text"', CommandTimeout='30']
SELECT `d`.`Id`, `d`.`Dealer_Id`, `d`.`Material_Cost`, `d`.`Material_Date`, `d`.`Material_Name`
FROM `Dealer_Material` AS `d`
WHERE `d`.`Dealer_Id` = @__p_0
2023-10-06 10:17:09.324 +05:30  INF  Executed DbCommand (0ms) [Parameters=[@__p_0='?' (DbType = Int64)], CommandType='"Text"', CommandTimeout='30']
SELECT `d`.`Id`, `d`.`Bank_Account_Number`, `d`.`Bank_Name`, `d`.`Dealer_Id`, `d`.`Ifsc_Code`, `d`.`Remarks`, `d`.`Updated_At`
FROM `Dealer_Bank_Details` AS `d`
WHERE `d`.`Dealer_Id` = @__p_0
2023-10-06 10:17:09.325 +05:30  INF  Executed DbCommand (0ms) [Parameters=[@__p_0='?' (DbType = Int64)], CommandType='"Text"', CommandTimeout='30']
SELECT `d`.`Id`, `d`.`Dealer_Id`, `d`.`Material_Cost`, `d`.`Material_Date`, `d`.`Material_Name`
FROM `Dealer_Material` AS `d`
WHERE `d`.`Dealer_Id` = @__p_0
2023-10-06 10:17:09.326 +05:30  INF  Executed DbCommand (0ms) [Parameters=[@__p_0='?' (DbType = Int64)], CommandType='"Text"', CommandTimeout='30']
SELECT `d`.`Id`, `d`.`Bank_Account_Number`, `d`.`Bank_Name`, `d`.`Dealer_Id`, `d`.`Ifsc_Code`, `d`.`Remarks`, `d`.`Updated_At`
FROM `Dealer_Bank_Details` AS `d`
WHERE `d`.`Dealer_Id` = @__p_0
2023-10-06 10:17:09.326 +05:30  INF  Executed DbCommand (0ms) [Parameters=[@__p_0='?' (DbType = Int64)], CommandType='"Text"', CommandTimeout='30']
SELECT `d`.`Id`, `d`.`Dealer_Id`, `d`.`Material_Cost`, `d`.`Material_Date`, `d`.`Material_Name`
FROM `Dealer_Material` AS `d`
WHERE `d`.`Dealer_Id` = @__p_0
2023-10-06 10:17:09.327 +05:30  INF  Executed DbCommand (0ms) [Parameters=[@__p_0='?' (DbType = Int64)], CommandType='"Text"', CommandTimeout='30']
SELECT `d`.`Id`, `d`.`Bank_Account_Number`, `d`.`Bank_Name`, `d`.`Dealer_Id`, `d`.`Ifsc_Code`, `d`.`Remarks`, `d`.`Updated_At`
FROM `Dealer_Bank_Details` AS `d`
WHERE `d`.`Dealer_Id` = @__p_0
2023-10-06 10:17:09.328 +05:30  INF  Executed DbCommand (0ms) [Parameters=[@__p_0='?' (DbType = Int64)], CommandType='"Text"', CommandTimeout='30']
SELECT `d`.`Id`, `d`.`Dealer_Id`, `d`.`Material_Cost`, `d`.`Material_Date`, `d`.`Material_Name`
FROM `Dealer_Material` AS `d`
WHERE `d`.`Dealer_Id` = @__p_0
2023-10-06 10:17:09.328 +05:30  INF  Executed DbCommand (0ms) [Parameters=[@__p_0='?' (DbType = Int64)], CommandType='"Text"', CommandTimeout='30']
SELECT `d`.`Id`, `d`.`Bank_Account_Number`, `d`.`Bank_Name`, `d`.`Dealer_Id`, `d`.`Ifsc_Code`, `d`.`Remarks`, `d`.`Updated_At`
FROM `Dealer_Bank_Details` AS `d`
WHERE `d`.`Dealer_Id` = @__p_0
2023-10-06 10:17:09.329 +05:30  INF  Executed DbCommand (0ms) [Parameters=[@__p_0='?' (DbType = Int64)], CommandType='"Text"', CommandTimeout='30']
SELECT `d`.`Id`, `d`.`Dealer_Id`, `d`.`Material_Cost`, `d`.`Material_Date`, `d`.`Material_Name`
FROM `Dealer_Material` AS `d`
WHERE `d`.`Dealer_Id` = @__p_0
2023-10-06 10:17:09.330 +05:30  INF  Executed DbCommand (0ms) [Parameters=[@__p_0='?' (DbType = Int64)], CommandType='"Text"', CommandTimeout='30']
SELECT `d`.`Id`, `d`.`Bank_Account_Number`, `d`.`Bank_Name`, `d`.`Dealer_Id`, `d`.`Ifsc_Code`, `d`.`Remarks`, `d`.`Updated_At`
FROM `Dealer_Bank_Details` AS `d`
WHERE `d`.`Dealer_Id` = @__p_0
2023-10-06 10:17:09.330 +05:30  INF  Executed DbCommand (0ms) [Parameters=[@__p_0='?' (DbType = Int64)], CommandType='"Text"', CommandTimeout='30']
SELECT `d`.`Id`, `d`.`Dealer_Id`, `d`.`Material_Cost`, `d`.`Material_Date`, `d`.`Material_Name`
FROM `Dealer_Material` AS `d`
WHERE `d`.`Dealer_Id` = @__p_0
2023-10-06 10:17:09.330 +05:30  INF  Executing ObjectResult, writing value of type 'System.Collections.Generic.List`1[[DCRM.Common.Dto.DealerDto, DCRM.Common, Version=1.0.0.0, Culture=neutral, PublicKeyToken=null]]'.
2023-10-06 10:17:09.331 +05:30  INF  Executed action DCRM.Api.Controllers.DealerController.GetAllAsync (DCRM.Api) in 9.5319ms
2023-10-06 10:17:09.331 +05:30  INF  Executed endpoint 'DCRM.Api.Controllers.DealerController.GetAllAsync (DCRM.Api)'
2023-10-06 10:17:09.331 +05:30  INF  Request finished HTTP/2 GET https://localhost:7069/api/Dealer/GetAll application/json - - 200 - application/json;+charset=utf-8 51.6878ms
2023-10-06 10:18:43.255 +05:30  INF  Request starting HTTP/2 GET https://localhost:7069/api/Drug/GetMedicineCategoris - -
2023-10-06 10:18:43.256 +05:30  INF  CORS policy execution successful.
2023-10-06 10:18:43.256 +05:30  INF  Request starting HTTP/2 GET https://localhost:7069/api/Drug/GetMedicineBrands - -
2023-10-06 10:18:43.257 +05:30  INF  CORS policy execution successful.
2023-10-06 10:18:43.259 +05:30  INF  Executing endpoint 'DCRM.Api.Controllers.DrugController.GetMedicineBrands (DCRM.Api)'
2023-10-06 10:18:43.259 +05:30  INF  Route matched with {action = "GetMedicineBrands", controller = "Drug"}. Executing controller action with signature System.Collections.Generic.List`1[DCRM.Common.Entity.MedicineBrand] GetMedicineBrands() on controller DCRM.Api.Controllers.DrugController (DCRM.Api).
2023-10-06 10:18:43.259 +05:30  INF  Executing endpoint 'DCRM.Api.Controllers.DrugController.GetMedicineCategoris (DCRM.Api)'
2023-10-06 10:18:43.259 +05:30  INF  Route matched with {action = "GetMedicineCategoris", controller = "Drug"}. Executing controller action with signature System.Collections.Generic.List`1[DCRM.Common.Entity.MedicineCategory] GetMedicineCategoris() on controller DCRM.Api.Controllers.DrugController (DCRM.Api).
2023-10-06 10:18:43.260 +05:30  INF  Executed DbCommand (1ms) [Parameters=[], CommandType='"Text"', CommandTimeout='30']
SELECT `m`.`Id`, `m`.`Basic_Salt`, `m`.`Company_Name`, `m`.`Medicine_Brand`
FROM `Medicine_Brand` AS `m`
2023-10-06 10:18:43.264 +05:30  INF  Executing ObjectResult, writing value of type 'System.Collections.Generic.List`1[[DCRM.Common.Entity.MedicineBrand, DCRM.Common, Version=1.0.0.0, Culture=neutral, PublicKeyToken=null]]'.
2023-10-06 10:18:43.264 +05:30  INF  Executed action DCRM.Api.Controllers.DrugController.GetMedicineBrands (DCRM.Api) in 5.441ms
2023-10-06 10:18:43.265 +05:30  INF  Executed endpoint 'DCRM.Api.Controllers.DrugController.GetMedicineBrands (DCRM.Api)'
2023-10-06 10:18:43.265 +05:30  INF  Request finished HTTP/2 GET https://localhost:7069/api/Drug/GetMedicineBrands - - - 200 - application/json;+charset=utf-8 8.4615ms
2023-10-06 10:18:43.273 +05:30  INF  Executed DbCommand (0ms) [Parameters=[], CommandType='"Text"', CommandTimeout='30']
SELECT `m`.`Id`, `m`.`Medicine_Category`
FROM `Medicine_Category` AS `m`
2023-10-06 10:18:43.273 +05:30  INF  Executing ObjectResult, writing value of type 'System.Collections.Generic.List`1[[DCRM.Common.Entity.MedicineCategory, DCRM.Common, Version=1.0.0.0, Culture=neutral, PublicKeyToken=null]]'.
2023-10-06 10:18:43.274 +05:30  INF  Executed action DCRM.Api.Controllers.DrugController.GetMedicineCategoris (DCRM.Api) in 14.4012ms
2023-10-06 10:18:43.274 +05:30  INF  Executed endpoint 'DCRM.Api.Controllers.DrugController.GetMedicineCategoris (DCRM.Api)'
2023-10-06 10:18:43.274 +05:30  INF  Request finished HTTP/2 GET https://localhost:7069/api/Drug/GetMedicineCategoris - - - 200 - application/json;+charset=utf-8 18.3960ms
2023-10-06 10:18:46.794 +05:30  INF  Request starting HTTP/2 OPTIONS https://localhost:7069/api/Dealer/GetAll - -
2023-10-06 10:18:46.794 +05:30  INF  CORS policy execution successful.
2023-10-06 10:18:46.794 +05:30  INF  Request finished HTTP/2 OPTIONS https://localhost:7069/api/Dealer/GetAll - - - 204 - - 0.3298ms
2023-10-06 10:18:46.795 +05:30  INF  Request starting HTTP/2 GET https://localhost:7069/api/Dealer/GetAll application/json -
2023-10-06 10:18:46.795 +05:30  INF  CORS policy execution successful.
2023-10-06 10:18:46.800 +05:30  INF  Executed DbCommand (1ms) [Parameters=[@__id_0='?' (DbType = Int32)], CommandType='"Text"', CommandTimeout='30']
SELECT `u`.`Id`, `u`.`About_Me`, `u`.`Account_Type`, `u`.`Address`, `u`.`Available_Days`, `u`.`Bn_Name`, `u`.`City`, `u`.`Country`, `u`.`Created_At`, `u`.`Currency`, `u`.`Degree`, `u`.`Email`, `u`.`Email_Verified`, `u`.`Enable_Appointment`, `u`.`Enable_Rating`, `u`.`Exp_Years`, `u`.`Facebook`, `u`.`Google_Analytics`, `u`.`Image`, `u`.`Instagram`, `u`.`Linkedin`, `u`.`Name`, `u`.`Parent_Id`, `u`.`Password`, `u`.`Paypal_Email`, `u`.`Paypal_Mode`, `u`.`Paypal_Payment`, `u`.`Paystack_Payment`, `u`.`Paystack_Public_Key`, `u`.`Paystack_Secret_Key`, `u`.`Phone`, `u`.`Publish_Key`, `u`.`Qr_Code`, `u`.`Razorpay_Key_Id`, `u`.`Razorpay_Key_Secret`, `u`.`Razorpay_Payment`, `u`.`Role`, `u`.`Secret_Key`, `u`.`Skype`, `u`.`Slug`, `u`.`Specialist`, `u`.`Status`, `u`.`Stripe_Payment`, `u`.`Thumb`, `u`.`Trial_Expire`, `u`.`Twitter`, `u`.`User_Name`, `u`.`User_Type`, `u`.`Verify_Code`, `u`.`Whatsapp`
FROM `Users` AS `u`
WHERE `u`.`Id` = @__id_0
LIMIT 1
2023-10-06 10:18:46.801 +05:30  INF  Executing endpoint 'DCRM.Api.Controllers.DealerController.GetAllAsync (DCRM.Api)'
2023-10-06 10:18:46.801 +05:30  INF  Route matched with {action = "GetAll", controller = "Dealer"}. Executing controller action with signature System.Threading.Tasks.Task`1[System.Collections.Generic.IEnumerable`1[DCRM.Common.Dto.DealerDto]] GetAllAsync() on controller DCRM.Api.Controllers.DealerController (DCRM.Api).
2023-10-06 10:18:46.802 +05:30  INF  Executed DbCommand (1ms) [Parameters=[@__userId_0='?' (DbType = Int64)], CommandType='"Text"', CommandTimeout='30']
SELECT `d`.`Id`, `d`.`Address_O`, `d`.`Address_R`, `d`.`City_O`, `d`.`City_R`, `d`.`Company_Name`, `d`.`Country_O`, `d`.`Country_R`, `d`.`Created_At`, `d`.`Email1`, `d`.`Email2`, `d`.`Gst_Number`, `d`.`Image`, `d`.`Is_Deleted`, `d`.`Own_Name_1`, `d`.`Own_Name_2`, `d`.`Pan_Number`, `d`.`Phone1`, `d`.`Phone2`, `d`.`Staff_Email1`, `d`.`Staff_Email2`, `d`.`Staff_Email3`, `d`.`Staff_Email4`, `d`.`Staff_Name1`, `d`.`Staff_Name2`, `d`.`Staff_Name3`, `d`.`Staff_Name4`, `d`.`Staff_Phone1`, `d`.`Staff_Phone2`, `d`.`Staff_Phone3`, `d`.`Staff_Phone4`, `d`.`Updated_At`, `d`.`User_Id`, `d`.`Zip_O`, `d`.`Zip_R`
FROM `Dealers` AS `d`
WHERE (`d`.`Is_Deleted` = 0) AND (`d`.`User_Id` = @__userId_0)
2023-10-06 10:18:46.803 +05:30  INF  Executed DbCommand (0ms) [Parameters=[@__p_0='?' (DbType = Int64)], CommandType='"Text"', CommandTimeout='30']
SELECT `d`.`Id`, `d`.`Bank_Account_Number`, `d`.`Bank_Name`, `d`.`Dealer_Id`, `d`.`Ifsc_Code`, `d`.`Remarks`, `d`.`Updated_At`
FROM `Dealer_Bank_Details` AS `d`
WHERE `d`.`Dealer_Id` = @__p_0
2023-10-06 10:18:46.804 +05:30  INF  Executed DbCommand (0ms) [Parameters=[@__p_0='?' (DbType = Int64)], CommandType='"Text"', CommandTimeout='30']
SELECT `d`.`Id`, `d`.`Dealer_Id`, `d`.`Material_Cost`, `d`.`Material_Date`, `d`.`Material_Name`
FROM `Dealer_Material` AS `d`
WHERE `d`.`Dealer_Id` = @__p_0
2023-10-06 10:18:46.805 +05:30  INF  Executed DbCommand (0ms) [Parameters=[@__p_0='?' (DbType = Int64)], CommandType='"Text"', CommandTimeout='30']
SELECT `d`.`Id`, `d`.`Bank_Account_Number`, `d`.`Bank_Name`, `d`.`Dealer_Id`, `d`.`Ifsc_Code`, `d`.`Remarks`, `d`.`Updated_At`
FROM `Dealer_Bank_Details` AS `d`
WHERE `d`.`Dealer_Id` = @__p_0
2023-10-06 10:18:46.805 +05:30  INF  Executed DbCommand (0ms) [Parameters=[@__p_0='?' (DbType = Int64)], CommandType='"Text"', CommandTimeout='30']
SELECT `d`.`Id`, `d`.`Dealer_Id`, `d`.`Material_Cost`, `d`.`Material_Date`, `d`.`Material_Name`
FROM `Dealer_Material` AS `d`
WHERE `d`.`Dealer_Id` = @__p_0
2023-10-06 10:18:46.806 +05:30  INF  Executed DbCommand (0ms) [Parameters=[@__p_0='?' (DbType = Int64)], CommandType='"Text"', CommandTimeout='30']
SELECT `d`.`Id`, `d`.`Bank_Account_Number`, `d`.`Bank_Name`, `d`.`Dealer_Id`, `d`.`Ifsc_Code`, `d`.`Remarks`, `d`.`Updated_At`
FROM `Dealer_Bank_Details` AS `d`
WHERE `d`.`Dealer_Id` = @__p_0
2023-10-06 10:18:46.807 +05:30  INF  Executed DbCommand (0ms) [Parameters=[@__p_0='?' (DbType = Int64)], CommandType='"Text"', CommandTimeout='30']
SELECT `d`.`Id`, `d`.`Dealer_Id`, `d`.`Material_Cost`, `d`.`Material_Date`, `d`.`Material_Name`
FROM `Dealer_Material` AS `d`
WHERE `d`.`Dealer_Id` = @__p_0
2023-10-06 10:18:46.807 +05:30  INF  Executed DbCommand (0ms) [Parameters=[@__p_0='?' (DbType = Int64)], CommandType='"Text"', CommandTimeout='30']
SELECT `d`.`Id`, `d`.`Bank_Account_Number`, `d`.`Bank_Name`, `d`.`Dealer_Id`, `d`.`Ifsc_Code`, `d`.`Remarks`, `d`.`Updated_At`
FROM `Dealer_Bank_Details` AS `d`
WHERE `d`.`Dealer_Id` = @__p_0
2023-10-06 10:18:46.808 +05:30  INF  Executed DbCommand (0ms) [Parameters=[@__p_0='?' (DbType = Int64)], CommandType='"Text"', CommandTimeout='30']
SELECT `d`.`Id`, `d`.`Dealer_Id`, `d`.`Material_Cost`, `d`.`Material_Date`, `d`.`Material_Name`
FROM `Dealer_Material` AS `d`
WHERE `d`.`Dealer_Id` = @__p_0
2023-10-06 10:18:46.808 +05:30  INF  Executed DbCommand (0ms) [Parameters=[@__p_0='?' (DbType = Int64)], CommandType='"Text"', CommandTimeout='30']
SELECT `d`.`Id`, `d`.`Bank_Account_Number`, `d`.`Bank_Name`, `d`.`Dealer_Id`, `d`.`Ifsc_Code`, `d`.`Remarks`, `d`.`Updated_At`
FROM `Dealer_Bank_Details` AS `d`
WHERE `d`.`Dealer_Id` = @__p_0
2023-10-06 10:18:46.809 +05:30  INF  Executed DbCommand (0ms) [Parameters=[@__p_0='?' (DbType = Int64)], CommandType='"Text"', CommandTimeout='30']
SELECT `d`.`Id`, `d`.`Dealer_Id`, `d`.`Material_Cost`, `d`.`Material_Date`, `d`.`Material_Name`
FROM `Dealer_Material` AS `d`
WHERE `d`.`Dealer_Id` = @__p_0
2023-10-06 10:18:46.810 +05:30  INF  Executed DbCommand (0ms) [Parameters=[@__p_0='?' (DbType = Int64)], CommandType='"Text"', CommandTimeout='30']
SELECT `d`.`Id`, `d`.`Bank_Account_Number`, `d`.`Bank_Name`, `d`.`Dealer_Id`, `d`.`Ifsc_Code`, `d`.`Remarks`, `d`.`Updated_At`
FROM `Dealer_Bank_Details` AS `d`
WHERE `d`.`Dealer_Id` = @__p_0
2023-10-06 10:18:46.810 +05:30  INF  Executed DbCommand (0ms) [Parameters=[@__p_0='?' (DbType = Int64)], CommandType='"Text"', CommandTimeout='30']
SELECT `d`.`Id`, `d`.`Dealer_Id`, `d`.`Material_Cost`, `d`.`Material_Date`, `d`.`Material_Name`
FROM `Dealer_Material` AS `d`
WHERE `d`.`Dealer_Id` = @__p_0
2023-10-06 10:18:46.810 +05:30  INF  Executing ObjectResult, writing value of type 'System.Collections.Generic.List`1[[DCRM.Common.Dto.DealerDto, DCRM.Common, Version=1.0.0.0, Culture=neutral, PublicKeyToken=null]]'.
2023-10-06 10:18:46.811 +05:30  INF  Executed action DCRM.Api.Controllers.DealerController.GetAllAsync (DCRM.Api) in 9.954ms
2023-10-06 10:18:46.811 +05:30  INF  Executed endpoint 'DCRM.Api.Controllers.DealerController.GetAllAsync (DCRM.Api)'
2023-10-06 10:18:46.811 +05:30  INF  Request finished HTTP/2 GET https://localhost:7069/api/Dealer/GetAll application/json - - 200 - application/json;+charset=utf-8 15.5167ms
2023-10-06 10:18:52.202 +05:30  INF  Request starting HTTP/2 GET https://localhost:7069/api/Drug/GetMedicineCategoris - -
2023-10-06 10:18:52.202 +05:30  INF  CORS policy execution successful.
2023-10-06 10:18:52.202 +05:30  INF  Request starting HTTP/2 GET https://localhost:7069/api/Drug/GetMedicineBrands - -
2023-10-06 10:18:52.202 +05:30  INF  CORS policy execution successful.
2023-10-06 10:18:52.202 +05:30  INF  Executing endpoint 'DCRM.Api.Controllers.DrugController.GetMedicineCategoris (DCRM.Api)'
2023-10-06 10:18:52.202 +05:30  INF  Route matched with {action = "GetMedicineCategoris", controller = "Drug"}. Executing controller action with signature System.Collections.Generic.List`1[DCRM.Common.Entity.MedicineCategory] GetMedicineCategoris() on controller DCRM.Api.Controllers.DrugController (DCRM.Api).
2023-10-06 10:18:52.202 +05:30  INF  Executing endpoint 'DCRM.Api.Controllers.DrugController.GetMedicineBrands (DCRM.Api)'
2023-10-06 10:18:52.202 +05:30  INF  Route matched with {action = "GetMedicineBrands", controller = "Drug"}. Executing controller action with signature System.Collections.Generic.List`1[DCRM.Common.Entity.MedicineBrand] GetMedicineBrands() on controller DCRM.Api.Controllers.DrugController (DCRM.Api).
2023-10-06 10:18:52.203 +05:30  INF  Executed DbCommand (0ms) [Parameters=[], CommandType='"Text"', CommandTimeout='30']
SELECT `m`.`Id`, `m`.`Medicine_Category`
FROM `Medicine_Category` AS `m`
2023-10-06 10:18:52.203 +05:30  INF  Executed DbCommand (0ms) [Parameters=[], CommandType='"Text"', CommandTimeout='30']
SELECT `m`.`Id`, `m`.`Basic_Salt`, `m`.`Company_Name`, `m`.`Medicine_Brand`
FROM `Medicine_Brand` AS `m`
2023-10-06 10:18:52.203 +05:30  INF  Executing ObjectResult, writing value of type 'System.Collections.Generic.List`1[[DCRM.Common.Entity.MedicineCategory, DCRM.Common, Version=1.0.0.0, Culture=neutral, PublicKeyToken=null]]'.
2023-10-06 10:18:52.204 +05:30  INF  Executed action DCRM.Api.Controllers.DrugController.GetMedicineCategoris (DCRM.Api) in 1.2026ms
2023-10-06 10:18:52.204 +05:30  INF  Executed endpoint 'DCRM.Api.Controllers.DrugController.GetMedicineCategoris (DCRM.Api)'
2023-10-06 10:18:52.204 +05:30  INF  Request finished HTTP/2 GET https://localhost:7069/api/Drug/GetMedicineCategoris - - - 200 - application/json;+charset=utf-8 2.2719ms
2023-10-06 10:18:52.205 +05:30  INF  Executing ObjectResult, writing value of type 'System.Collections.Generic.List`1[[DCRM.Common.Entity.MedicineBrand, DCRM.Common, Version=1.0.0.0, Culture=neutral, PublicKeyToken=null]]'.
2023-10-06 10:18:52.205 +05:30  INF  Executed action DCRM.Api.Controllers.DrugController.GetMedicineBrands (DCRM.Api) in 2.3803ms
2023-10-06 10:18:52.205 +05:30  INF  Executed endpoint 'DCRM.Api.Controllers.DrugController.GetMedicineBrands (DCRM.Api)'
2023-10-06 10:18:52.205 +05:30  INF  Request finished HTTP/2 GET https://localhost:7069/api/Drug/GetMedicineBrands - - - 200 - application/json;+charset=utf-8 3.0503ms
2023-10-06 10:18:59.711 +05:30  INF  Request starting HTTP/2 OPTIONS https://localhost:7069/api/Dealer/GetAll - -
2023-10-06 10:18:59.711 +05:30  INF  CORS policy execution successful.
2023-10-06 10:18:59.712 +05:30  INF  Request finished HTTP/2 OPTIONS https://localhost:7069/api/Dealer/GetAll - - - 204 - - 0.2183ms
2023-10-06 10:18:59.712 +05:30  INF  Request starting HTTP/2 GET https://localhost:7069/api/Dealer/GetAll application/json -
2023-10-06 10:18:59.712 +05:30  INF  CORS policy execution successful.
2023-10-06 10:18:59.719 +05:30  INF  Executed DbCommand (2ms) [Parameters=[@__id_0='?' (DbType = Int32)], CommandType='"Text"', CommandTimeout='30']
SELECT `u`.`Id`, `u`.`About_Me`, `u`.`Account_Type`, `u`.`Address`, `u`.`Available_Days`, `u`.`Bn_Name`, `u`.`City`, `u`.`Country`, `u`.`Created_At`, `u`.`Currency`, `u`.`Degree`, `u`.`Email`, `u`.`Email_Verified`, `u`.`Enable_Appointment`, `u`.`Enable_Rating`, `u`.`Exp_Years`, `u`.`Facebook`, `u`.`Google_Analytics`, `u`.`Image`, `u`.`Instagram`, `u`.`Linkedin`, `u`.`Name`, `u`.`Parent_Id`, `u`.`Password`, `u`.`Paypal_Email`, `u`.`Paypal_Mode`, `u`.`Paypal_Payment`, `u`.`Paystack_Payment`, `u`.`Paystack_Public_Key`, `u`.`Paystack_Secret_Key`, `u`.`Phone`, `u`.`Publish_Key`, `u`.`Qr_Code`, `u`.`Razorpay_Key_Id`, `u`.`Razorpay_Key_Secret`, `u`.`Razorpay_Payment`, `u`.`Role`, `u`.`Secret_Key`, `u`.`Skype`, `u`.`Slug`, `u`.`Specialist`, `u`.`Status`, `u`.`Stripe_Payment`, `u`.`Thumb`, `u`.`Trial_Expire`, `u`.`Twitter`, `u`.`User_Name`, `u`.`User_Type`, `u`.`Verify_Code`, `u`.`Whatsapp`
FROM `Users` AS `u`
WHERE `u`.`Id` = @__id_0
LIMIT 1
2023-10-06 10:18:59.720 +05:30  INF  Executing endpoint 'DCRM.Api.Controllers.DealerController.GetAllAsync (DCRM.Api)'
2023-10-06 10:18:59.720 +05:30  INF  Route matched with {action = "GetAll", controller = "Dealer"}. Executing controller action with signature System.Threading.Tasks.Task`1[System.Collections.Generic.IEnumerable`1[DCRM.Common.Dto.DealerDto]] GetAllAsync() on controller DCRM.Api.Controllers.DealerController (DCRM.Api).
2023-10-06 10:18:59.721 +05:30  INF  Executed DbCommand (1ms) [Parameters=[@__userId_0='?' (DbType = Int64)], CommandType='"Text"', CommandTimeout='30']
SELECT `d`.`Id`, `d`.`Address_O`, `d`.`Address_R`, `d`.`City_O`, `d`.`City_R`, `d`.`Company_Name`, `d`.`Country_O`, `d`.`Country_R`, `d`.`Created_At`, `d`.`Email1`, `d`.`Email2`, `d`.`Gst_Number`, `d`.`Image`, `d`.`Is_Deleted`, `d`.`Own_Name_1`, `d`.`Own_Name_2`, `d`.`Pan_Number`, `d`.`Phone1`, `d`.`Phone2`, `d`.`Staff_Email1`, `d`.`Staff_Email2`, `d`.`Staff_Email3`, `d`.`Staff_Email4`, `d`.`Staff_Name1`, `d`.`Staff_Name2`, `d`.`Staff_Name3`, `d`.`Staff_Name4`, `d`.`Staff_Phone1`, `d`.`Staff_Phone2`, `d`.`Staff_Phone3`, `d`.`Staff_Phone4`, `d`.`Updated_At`, `d`.`User_Id`, `d`.`Zip_O`, `d`.`Zip_R`
FROM `Dealers` AS `d`
WHERE (`d`.`Is_Deleted` = 0) AND (`d`.`User_Id` = @__userId_0)
2023-10-06 10:18:59.722 +05:30  INF  Executed DbCommand (0ms) [Parameters=[@__p_0='?' (DbType = Int64)], CommandType='"Text"', CommandTimeout='30']
SELECT `d`.`Id`, `d`.`Bank_Account_Number`, `d`.`Bank_Name`, `d`.`Dealer_Id`, `d`.`Ifsc_Code`, `d`.`Remarks`, `d`.`Updated_At`
FROM `Dealer_Bank_Details` AS `d`
WHERE `d`.`Dealer_Id` = @__p_0
2023-10-06 10:18:59.723 +05:30  INF  Executed DbCommand (0ms) [Parameters=[@__p_0='?' (DbType = Int64)], CommandType='"Text"', CommandTimeout='30']
SELECT `d`.`Id`, `d`.`Dealer_Id`, `d`.`Material_Cost`, `d`.`Material_Date`, `d`.`Material_Name`
FROM `Dealer_Material` AS `d`
WHERE `d`.`Dealer_Id` = @__p_0
2023-10-06 10:18:59.723 +05:30  INF  Executed DbCommand (0ms) [Parameters=[@__p_0='?' (DbType = Int64)], CommandType='"Text"', CommandTimeout='30']
SELECT `d`.`Id`, `d`.`Bank_Account_Number`, `d`.`Bank_Name`, `d`.`Dealer_Id`, `d`.`Ifsc_Code`, `d`.`Remarks`, `d`.`Updated_At`
FROM `Dealer_Bank_Details` AS `d`
WHERE `d`.`Dealer_Id` = @__p_0
2023-10-06 10:18:59.724 +05:30  INF  Executed DbCommand (0ms) [Parameters=[@__p_0='?' (DbType = Int64)], CommandType='"Text"', CommandTimeout='30']
SELECT `d`.`Id`, `d`.`Dealer_Id`, `d`.`Material_Cost`, `d`.`Material_Date`, `d`.`Material_Name`
FROM `Dealer_Material` AS `d`
WHERE `d`.`Dealer_Id` = @__p_0
2023-10-06 10:18:59.724 +05:30  INF  Executed DbCommand (0ms) [Parameters=[@__p_0='?' (DbType = Int64)], CommandType='"Text"', CommandTimeout='30']
SELECT `d`.`Id`, `d`.`Bank_Account_Number`, `d`.`Bank_Name`, `d`.`Dealer_Id`, `d`.`Ifsc_Code`, `d`.`Remarks`, `d`.`Updated_At`
FROM `Dealer_Bank_Details` AS `d`
WHERE `d`.`Dealer_Id` = @__p_0
2023-10-06 10:18:59.725 +05:30  INF  Executed DbCommand (0ms) [Parameters=[@__p_0='?' (DbType = Int64)], CommandType='"Text"', CommandTimeout='30']
SELECT `d`.`Id`, `d`.`Dealer_Id`, `d`.`Material_Cost`, `d`.`Material_Date`, `d`.`Material_Name`
FROM `Dealer_Material` AS `d`
WHERE `d`.`Dealer_Id` = @__p_0
2023-10-06 10:18:59.726 +05:30  INF  Executed DbCommand (0ms) [Parameters=[@__p_0='?' (DbType = Int64)], CommandType='"Text"', CommandTimeout='30']
SELECT `d`.`Id`, `d`.`Bank_Account_Number`, `d`.`Bank_Name`, `d`.`Dealer_Id`, `d`.`Ifsc_Code`, `d`.`Remarks`, `d`.`Updated_At`
FROM `Dealer_Bank_Details` AS `d`
WHERE `d`.`Dealer_Id` = @__p_0
2023-10-06 10:18:59.727 +05:30  INF  Executed DbCommand (0ms) [Parameters=[@__p_0='?' (DbType = Int64)], CommandType='"Text"', CommandTimeout='30']
SELECT `d`.`Id`, `d`.`Dealer_Id`, `d`.`Material_Cost`, `d`.`Material_Date`, `d`.`Material_Name`
FROM `Dealer_Material` AS `d`
WHERE `d`.`Dealer_Id` = @__p_0
2023-10-06 10:18:59.727 +05:30  INF  Executed DbCommand (0ms) [Parameters=[@__p_0='?' (DbType = Int64)], CommandType='"Text"', CommandTimeout='30']
SELECT `d`.`Id`, `d`.`Bank_Account_Number`, `d`.`Bank_Name`, `d`.`Dealer_Id`, `d`.`Ifsc_Code`, `d`.`Remarks`, `d`.`Updated_At`
FROM `Dealer_Bank_Details` AS `d`
WHERE `d`.`Dealer_Id` = @__p_0
2023-10-06 10:18:59.728 +05:30  INF  Executed DbCommand (0ms) [Parameters=[@__p_0='?' (DbType = Int64)], CommandType='"Text"', CommandTimeout='30']
SELECT `d`.`Id`, `d`.`Dealer_Id`, `d`.`Material_Cost`, `d`.`Material_Date`, `d`.`Material_Name`
FROM `Dealer_Material` AS `d`
WHERE `d`.`Dealer_Id` = @__p_0
2023-10-06 10:18:59.729 +05:30  INF  Executed DbCommand (0ms) [Parameters=[@__p_0='?' (DbType = Int64)], CommandType='"Text"', CommandTimeout='30']
SELECT `d`.`Id`, `d`.`Bank_Account_Number`, `d`.`Bank_Name`, `d`.`Dealer_Id`, `d`.`Ifsc_Code`, `d`.`Remarks`, `d`.`Updated_At`
FROM `Dealer_Bank_Details` AS `d`
WHERE `d`.`Dealer_Id` = @__p_0
2023-10-06 10:18:59.729 +05:30  INF  Executed DbCommand (0ms) [Parameters=[@__p_0='?' (DbType = Int64)], CommandType='"Text"', CommandTimeout='30']
SELECT `d`.`Id`, `d`.`Dealer_Id`, `d`.`Material_Cost`, `d`.`Material_Date`, `d`.`Material_Name`
FROM `Dealer_Material` AS `d`
WHERE `d`.`Dealer_Id` = @__p_0
2023-10-06 10:18:59.730 +05:30  INF  Executing ObjectResult, writing value of type 'System.Collections.Generic.List`1[[DCRM.Common.Dto.DealerDto, DCRM.Common, Version=1.0.0.0, Culture=neutral, PublicKeyToken=null]]'.
2023-10-06 10:18:59.730 +05:30  INF  Executed action DCRM.Api.Controllers.DealerController.GetAllAsync (DCRM.Api) in 9.9068ms
2023-10-06 10:18:59.730 +05:30  INF  Executed endpoint 'DCRM.Api.Controllers.DealerController.GetAllAsync (DCRM.Api)'
2023-10-06 10:18:59.730 +05:30  INF  Request finished HTTP/2 GET https://localhost:7069/api/Dealer/GetAll application/json - - 200 - application/json;+charset=utf-8 17.7449ms
2023-10-06 10:19:22.306 +05:30  INF  Request starting HTTP/2 OPTIONS https://localhost:7069/api/Dealer/GetAll - -
2023-10-06 10:19:22.307 +05:30  INF  CORS policy execution successful.
2023-10-06 10:19:22.307 +05:30  INF  Request finished HTTP/2 OPTIONS https://localhost:7069/api/Dealer/GetAll - - - 204 - - 0.8797ms
2023-10-06 10:19:22.308 +05:30  INF  Request starting HTTP/2 GET https://localhost:7069/api/Dealer/GetAll application/json -
2023-10-06 10:19:22.308 +05:30  INF  CORS policy execution successful.
2023-10-06 10:19:22.320 +05:30  INF  Executed DbCommand (1ms) [Parameters=[@__id_0='?' (DbType = Int32)], CommandType='"Text"', CommandTimeout='30']
SELECT `u`.`Id`, `u`.`About_Me`, `u`.`Account_Type`, `u`.`Address`, `u`.`Available_Days`, `u`.`Bn_Name`, `u`.`City`, `u`.`Country`, `u`.`Created_At`, `u`.`Currency`, `u`.`Degree`, `u`.`Email`, `u`.`Email_Verified`, `u`.`Enable_Appointment`, `u`.`Enable_Rating`, `u`.`Exp_Years`, `u`.`Facebook`, `u`.`Google_Analytics`, `u`.`Image`, `u`.`Instagram`, `u`.`Linkedin`, `u`.`Name`, `u`.`Parent_Id`, `u`.`Password`, `u`.`Paypal_Email`, `u`.`Paypal_Mode`, `u`.`Paypal_Payment`, `u`.`Paystack_Payment`, `u`.`Paystack_Public_Key`, `u`.`Paystack_Secret_Key`, `u`.`Phone`, `u`.`Publish_Key`, `u`.`Qr_Code`, `u`.`Razorpay_Key_Id`, `u`.`Razorpay_Key_Secret`, `u`.`Razorpay_Payment`, `u`.`Role`, `u`.`Secret_Key`, `u`.`Skype`, `u`.`Slug`, `u`.`Specialist`, `u`.`Status`, `u`.`Stripe_Payment`, `u`.`Thumb`, `u`.`Trial_Expire`, `u`.`Twitter`, `u`.`User_Name`, `u`.`User_Type`, `u`.`Verify_Code`, `u`.`Whatsapp`
FROM `Users` AS `u`
WHERE `u`.`Id` = @__id_0
LIMIT 1
2023-10-06 10:19:22.320 +05:30  INF  Executing endpoint 'DCRM.Api.Controllers.DealerController.GetAllAsync (DCRM.Api)'
2023-10-06 10:19:22.320 +05:30  INF  Route matched with {action = "GetAll", controller = "Dealer"}. Executing controller action with signature System.Threading.Tasks.Task`1[System.Collections.Generic.IEnumerable`1[DCRM.Common.Dto.DealerDto]] GetAllAsync() on controller DCRM.Api.Controllers.DealerController (DCRM.Api).
2023-10-06 10:19:22.321 +05:30  INF  Executed DbCommand (0ms) [Parameters=[@__userId_0='?' (DbType = Int64)], CommandType='"Text"', CommandTimeout='30']
SELECT `d`.`Id`, `d`.`Address_O`, `d`.`Address_R`, `d`.`City_O`, `d`.`City_R`, `d`.`Company_Name`, `d`.`Country_O`, `d`.`Country_R`, `d`.`Created_At`, `d`.`Email1`, `d`.`Email2`, `d`.`Gst_Number`, `d`.`Image`, `d`.`Is_Deleted`, `d`.`Own_Name_1`, `d`.`Own_Name_2`, `d`.`Pan_Number`, `d`.`Phone1`, `d`.`Phone2`, `d`.`Staff_Email1`, `d`.`Staff_Email2`, `d`.`Staff_Email3`, `d`.`Staff_Email4`, `d`.`Staff_Name1`, `d`.`Staff_Name2`, `d`.`Staff_Name3`, `d`.`Staff_Name4`, `d`.`Staff_Phone1`, `d`.`Staff_Phone2`, `d`.`Staff_Phone3`, `d`.`Staff_Phone4`, `d`.`Updated_At`, `d`.`User_Id`, `d`.`Zip_O`, `d`.`Zip_R`
FROM `Dealers` AS `d`
WHERE (`d`.`Is_Deleted` = 0) AND (`d`.`User_Id` = @__userId_0)
2023-10-06 10:19:22.322 +05:30  INF  Executed DbCommand (0ms) [Parameters=[@__p_0='?' (DbType = Int64)], CommandType='"Text"', CommandTimeout='30']
SELECT `d`.`Id`, `d`.`Bank_Account_Number`, `d`.`Bank_Name`, `d`.`Dealer_Id`, `d`.`Ifsc_Code`, `d`.`Remarks`, `d`.`Updated_At`
FROM `Dealer_Bank_Details` AS `d`
WHERE `d`.`Dealer_Id` = @__p_0
2023-10-06 10:19:22.322 +05:30  INF  Executed DbCommand (0ms) [Parameters=[@__p_0='?' (DbType = Int64)], CommandType='"Text"', CommandTimeout='30']
SELECT `d`.`Id`, `d`.`Dealer_Id`, `d`.`Material_Cost`, `d`.`Material_Date`, `d`.`Material_Name`
FROM `Dealer_Material` AS `d`
WHERE `d`.`Dealer_Id` = @__p_0
2023-10-06 10:19:22.323 +05:30  INF  Executed DbCommand (0ms) [Parameters=[@__p_0='?' (DbType = Int64)], CommandType='"Text"', CommandTimeout='30']
SELECT `d`.`Id`, `d`.`Bank_Account_Number`, `d`.`Bank_Name`, `d`.`Dealer_Id`, `d`.`Ifsc_Code`, `d`.`Remarks`, `d`.`Updated_At`
FROM `Dealer_Bank_Details` AS `d`
WHERE `d`.`Dealer_Id` = @__p_0
2023-10-06 10:19:22.323 +05:30  INF  Executed DbCommand (0ms) [Parameters=[@__p_0='?' (DbType = Int64)], CommandType='"Text"', CommandTimeout='30']
SELECT `d`.`Id`, `d`.`Dealer_Id`, `d`.`Material_Cost`, `d`.`Material_Date`, `d`.`Material_Name`
FROM `Dealer_Material` AS `d`
WHERE `d`.`Dealer_Id` = @__p_0
2023-10-06 10:19:22.324 +05:30  INF  Executed DbCommand (0ms) [Parameters=[@__p_0='?' (DbType = Int64)], CommandType='"Text"', CommandTimeout='30']
SELECT `d`.`Id`, `d`.`Bank_Account_Number`, `d`.`Bank_Name`, `d`.`Dealer_Id`, `d`.`Ifsc_Code`, `d`.`Remarks`, `d`.`Updated_At`
FROM `Dealer_Bank_Details` AS `d`
WHERE `d`.`Dealer_Id` = @__p_0
2023-10-06 10:19:22.325 +05:30  INF  Executed DbCommand (0ms) [Parameters=[@__p_0='?' (DbType = Int64)], CommandType='"Text"', CommandTimeout='30']
SELECT `d`.`Id`, `d`.`Dealer_Id`, `d`.`Material_Cost`, `d`.`Material_Date`, `d`.`Material_Name`
FROM `Dealer_Material` AS `d`
WHERE `d`.`Dealer_Id` = @__p_0
2023-10-06 10:19:22.325 +05:30  INF  Executed DbCommand (0ms) [Parameters=[@__p_0='?' (DbType = Int64)], CommandType='"Text"', CommandTimeout='30']
SELECT `d`.`Id`, `d`.`Bank_Account_Number`, `d`.`Bank_Name`, `d`.`Dealer_Id`, `d`.`Ifsc_Code`, `d`.`Remarks`, `d`.`Updated_At`
FROM `Dealer_Bank_Details` AS `d`
WHERE `d`.`Dealer_Id` = @__p_0
2023-10-06 10:19:22.326 +05:30  INF  Executed DbCommand (0ms) [Parameters=[@__p_0='?' (DbType = Int64)], CommandType='"Text"', CommandTimeout='30']
SELECT `d`.`Id`, `d`.`Dealer_Id`, `d`.`Material_Cost`, `d`.`Material_Date`, `d`.`Material_Name`
FROM `Dealer_Material` AS `d`
WHERE `d`.`Dealer_Id` = @__p_0
2023-10-06 10:19:22.327 +05:30  INF  Executed DbCommand (0ms) [Parameters=[@__p_0='?' (DbType = Int64)], CommandType='"Text"', CommandTimeout='30']
SELECT `d`.`Id`, `d`.`Bank_Account_Number`, `d`.`Bank_Name`, `d`.`Dealer_Id`, `d`.`Ifsc_Code`, `d`.`Remarks`, `d`.`Updated_At`
FROM `Dealer_Bank_Details` AS `d`
WHERE `d`.`Dealer_Id` = @__p_0
2023-10-06 10:19:22.327 +05:30  INF  Executed DbCommand (0ms) [Parameters=[@__p_0='?' (DbType = Int64)], CommandType='"Text"', CommandTimeout='30']
SELECT `d`.`Id`, `d`.`Dealer_Id`, `d`.`Material_Cost`, `d`.`Material_Date`, `d`.`Material_Name`
FROM `Dealer_Material` AS `d`
WHERE `d`.`Dealer_Id` = @__p_0
2023-10-06 10:19:22.328 +05:30  INF  Executed DbCommand (0ms) [Parameters=[@__p_0='?' (DbType = Int64)], CommandType='"Text"', CommandTimeout='30']
SELECT `d`.`Id`, `d`.`Bank_Account_Number`, `d`.`Bank_Name`, `d`.`Dealer_Id`, `d`.`Ifsc_Code`, `d`.`Remarks`, `d`.`Updated_At`
FROM `Dealer_Bank_Details` AS `d`
WHERE `d`.`Dealer_Id` = @__p_0
2023-10-06 10:19:22.328 +05:30  INF  Executed DbCommand (0ms) [Parameters=[@__p_0='?' (DbType = Int64)], CommandType='"Text"', CommandTimeout='30']
SELECT `d`.`Id`, `d`.`Dealer_Id`, `d`.`Material_Cost`, `d`.`Material_Date`, `d`.`Material_Name`
FROM `Dealer_Material` AS `d`
WHERE `d`.`Dealer_Id` = @__p_0
2023-10-06 10:19:22.328 +05:30  INF  Executing ObjectResult, writing value of type 'System.Collections.Generic.List`1[[DCRM.Common.Dto.DealerDto, DCRM.Common, Version=1.0.0.0, Culture=neutral, PublicKeyToken=null]]'.
2023-10-06 10:19:22.329 +05:30  INF  Executed action DCRM.Api.Controllers.DealerController.GetAllAsync (DCRM.Api) in 8.5536ms
2023-10-06 10:19:22.329 +05:30  INF  Executed endpoint 'DCRM.Api.Controllers.DealerController.GetAllAsync (DCRM.Api)'
2023-10-06 10:19:22.329 +05:30  INF  Request finished HTTP/2 GET https://localhost:7069/api/Dealer/GetAll application/json - - 200 - application/json;+charset=utf-8 20.6445ms
2023-10-06 10:22:26.532 +05:30  INF  Request starting HTTP/2 GET https://localhost:7069/api/Drug/GetMedicineBrands - -
2023-10-06 10:22:26.532 +05:30  INF  Request starting HTTP/2 GET https://localhost:7069/api/Drug/GetMedicineCategoris - -
2023-10-06 10:22:26.532 +05:30  INF  CORS policy execution successful.
2023-10-06 10:22:26.532 +05:30  INF  CORS policy execution successful.
2023-10-06 10:22:26.533 +05:30  INF  Executing endpoint 'DCRM.Api.Controllers.DrugController.GetMedicineCategoris (DCRM.Api)'
2023-10-06 10:22:26.533 +05:30  INF  Executing endpoint 'DCRM.Api.Controllers.DrugController.GetMedicineBrands (DCRM.Api)'
2023-10-06 10:22:26.533 +05:30  INF  Route matched with {action = "GetMedicineCategoris", controller = "Drug"}. Executing controller action with signature System.Collections.Generic.List`1[DCRM.Common.Entity.MedicineCategory] GetMedicineCategoris() on controller DCRM.Api.Controllers.DrugController (DCRM.Api).
2023-10-06 10:22:26.533 +05:30  INF  Route matched with {action = "GetMedicineBrands", controller = "Drug"}. Executing controller action with signature System.Collections.Generic.List`1[DCRM.Common.Entity.MedicineBrand] GetMedicineBrands() on controller DCRM.Api.Controllers.DrugController (DCRM.Api).
2023-10-06 10:22:26.533 +05:30  INF  Executed DbCommand (0ms) [Parameters=[], CommandType='"Text"', CommandTimeout='30']
SELECT `m`.`Id`, `m`.`Medicine_Category`
FROM `Medicine_Category` AS `m`
2023-10-06 10:22:26.533 +05:30  INF  Executed DbCommand (0ms) [Parameters=[], CommandType='"Text"', CommandTimeout='30']
SELECT `m`.`Id`, `m`.`Basic_Salt`, `m`.`Company_Name`, `m`.`Medicine_Brand`
FROM `Medicine_Brand` AS `m`
2023-10-06 10:22:26.534 +05:30  INF  Executing ObjectResult, writing value of type 'System.Collections.Generic.List`1[[DCRM.Common.Entity.MedicineCategory, DCRM.Common, Version=1.0.0.0, Culture=neutral, PublicKeyToken=null]]'.
2023-10-06 10:22:26.534 +05:30  INF  Executed action DCRM.Api.Controllers.DrugController.GetMedicineCategoris (DCRM.Api) in 1.1731ms
2023-10-06 10:22:26.534 +05:30  INF  Executed endpoint 'DCRM.Api.Controllers.DrugController.GetMedicineCategoris (DCRM.Api)'
2023-10-06 10:22:26.534 +05:30  INF  Request finished HTTP/2 GET https://localhost:7069/api/Drug/GetMedicineCategoris - - - 200 - application/json;+charset=utf-8 2.8824ms
2023-10-06 10:22:26.535 +05:30  INF  Executing ObjectResult, writing value of type 'System.Collections.Generic.List`1[[DCRM.Common.Entity.MedicineBrand, DCRM.Common, Version=1.0.0.0, Culture=neutral, PublicKeyToken=null]]'.
2023-10-06 10:22:26.535 +05:30  INF  Executed action DCRM.Api.Controllers.DrugController.GetMedicineBrands (DCRM.Api) in 2.4156ms
2023-10-06 10:22:26.535 +05:30  INF  Executed endpoint 'DCRM.Api.Controllers.DrugController.GetMedicineBrands (DCRM.Api)'
2023-10-06 10:22:26.535 +05:30  INF  Request finished HTTP/2 GET https://localhost:7069/api/Drug/GetMedicineBrands - - - 200 - application/json;+charset=utf-8 3.5941ms
2023-10-06 10:45:27.831 +05:30  INF  Request starting HTTP/2 GET https://localhost:7069/api/Drug/GetMedicineCategoris - -
2023-10-06 10:45:27.831 +05:30  INF  CORS policy execution successful.
2023-10-06 10:45:27.836 +05:30  INF  Executing endpoint 'DCRM.Api.Controllers.DrugController.GetMedicineCategoris (DCRM.Api)'
2023-10-06 10:45:27.838 +05:30  INF  Route matched with {action = "GetMedicineCategoris", controller = "Drug"}. Executing controller action with signature System.Collections.Generic.List`1[DCRM.Common.Entity.MedicineCategory] GetMedicineCategoris() on controller DCRM.Api.Controllers.DrugController (DCRM.Api).
2023-10-06 10:45:27.841 +05:30  INF  Request starting HTTP/2 GET https://localhost:7069/api/Drug/GetMedicineBrands - -
2023-10-06 10:45:27.841 +05:30  INF  CORS policy execution successful.
2023-10-06 10:45:27.841 +05:30  INF  Executing endpoint 'DCRM.Api.Controllers.DrugController.GetMedicineBrands (DCRM.Api)'
2023-10-06 10:45:27.841 +05:30  INF  Route matched with {action = "GetMedicineBrands", controller = "Drug"}. Executing controller action with signature System.Collections.Generic.List`1[DCRM.Common.Entity.MedicineBrand] GetMedicineBrands() on controller DCRM.Api.Controllers.DrugController (DCRM.Api).
2023-10-06 10:45:27.867 +05:30  INF  Executed DbCommand (0ms) [Parameters=[], CommandType='"Text"', CommandTimeout='30']
SELECT `m`.`Id`, `m`.`Medicine_Category`
FROM `Medicine_Category` AS `m`
2023-10-06 10:45:27.867 +05:30  INF  Executing ObjectResult, writing value of type 'System.Collections.Generic.List`1[[DCRM.Common.Entity.MedicineCategory, DCRM.Common, Version=1.0.0.0, Culture=neutral, PublicKeyToken=null]]'.
2023-10-06 10:45:27.867 +05:30  INF  Executed DbCommand (0ms) [Parameters=[], CommandType='"Text"', CommandTimeout='30']
SELECT `m`.`Id`, `m`.`Basic_Salt`, `m`.`Company_Name`, `m`.`Medicine_Brand`
FROM `Medicine_Brand` AS `m`
2023-10-06 10:45:27.867 +05:30  INF  Executed action DCRM.Api.Controllers.DrugController.GetMedicineCategoris (DCRM.Api) in 28.2867ms
2023-10-06 10:45:27.867 +05:30  INF  Executed endpoint 'DCRM.Api.Controllers.DrugController.GetMedicineCategoris (DCRM.Api)'
2023-10-06 10:45:27.867 +05:30  INF  Request finished HTTP/2 GET https://localhost:7069/api/Drug/GetMedicineCategoris - - - 200 - application/json;+charset=utf-8 36.8649ms
2023-10-06 10:45:27.869 +05:30  INF  Executing ObjectResult, writing value of type 'System.Collections.Generic.List`1[[DCRM.Common.Entity.MedicineBrand, DCRM.Common, Version=1.0.0.0, Culture=neutral, PublicKeyToken=null]]'.
2023-10-06 10:45:27.870 +05:30  INF  Executed action DCRM.Api.Controllers.DrugController.GetMedicineBrands (DCRM.Api) in 28.2483ms
2023-10-06 10:45:27.870 +05:30  INF  Executed endpoint 'DCRM.Api.Controllers.DrugController.GetMedicineBrands (DCRM.Api)'
2023-10-06 10:45:27.870 +05:30  INF  Request finished HTTP/2 GET https://localhost:7069/api/Drug/GetMedicineBrands - - - 200 - application/json;+charset=utf-8 29.3066ms
2023-10-06 10:45:51.159 +05:30  INF  Request starting HTTP/2 OPTIONS https://localhost:7069/api/Dealer/GetAll - -
2023-10-06 10:45:51.159 +05:30  INF  CORS policy execution successful.
2023-10-06 10:45:51.159 +05:30  INF  Request finished HTTP/2 OPTIONS https://localhost:7069/api/Dealer/GetAll - - - 204 - - 0.3480ms
2023-10-06 10:45:51.160 +05:30  INF  Request starting HTTP/2 GET https://localhost:7069/api/Dealer/GetAll application/json -
2023-10-06 10:45:51.161 +05:30  INF  CORS policy execution successful.
2023-10-06 10:45:51.165 +05:30  INF  Executed DbCommand (1ms) [Parameters=[@__id_0='?' (DbType = Int32)], CommandType='"Text"', CommandTimeout='30']
SELECT `u`.`Id`, `u`.`About_Me`, `u`.`Account_Type`, `u`.`Address`, `u`.`Available_Days`, `u`.`Bn_Name`, `u`.`City`, `u`.`Country`, `u`.`Created_At`, `u`.`Currency`, `u`.`Degree`, `u`.`Email`, `u`.`Email_Verified`, `u`.`Enable_Appointment`, `u`.`Enable_Rating`, `u`.`Exp_Years`, `u`.`Facebook`, `u`.`Google_Analytics`, `u`.`Image`, `u`.`Instagram`, `u`.`Linkedin`, `u`.`Name`, `u`.`Parent_Id`, `u`.`Password`, `u`.`Paypal_Email`, `u`.`Paypal_Mode`, `u`.`Paypal_Payment`, `u`.`Paystack_Payment`, `u`.`Paystack_Public_Key`, `u`.`Paystack_Secret_Key`, `u`.`Phone`, `u`.`Publish_Key`, `u`.`Qr_Code`, `u`.`Razorpay_Key_Id`, `u`.`Razorpay_Key_Secret`, `u`.`Razorpay_Payment`, `u`.`Role`, `u`.`Secret_Key`, `u`.`Skype`, `u`.`Slug`, `u`.`Specialist`, `u`.`Status`, `u`.`Stripe_Payment`, `u`.`Thumb`, `u`.`Trial_Expire`, `u`.`Twitter`, `u`.`User_Name`, `u`.`User_Type`, `u`.`Verify_Code`, `u`.`Whatsapp`
FROM `Users` AS `u`
WHERE `u`.`Id` = @__id_0
LIMIT 1
2023-10-06 10:45:51.165 +05:30  INF  Executing endpoint 'DCRM.Api.Controllers.DealerController.GetAllAsync (DCRM.Api)'
2023-10-06 10:45:51.165 +05:30  INF  Route matched with {action = "GetAll", controller = "Dealer"}. Executing controller action with signature System.Threading.Tasks.Task`1[System.Collections.Generic.IEnumerable`1[DCRM.Common.Dto.DealerDto]] GetAllAsync() on controller DCRM.Api.Controllers.DealerController (DCRM.Api).
2023-10-06 10:45:51.167 +05:30  INF  Executed DbCommand (1ms) [Parameters=[@__userId_0='?' (DbType = Int64)], CommandType='"Text"', CommandTimeout='30']
SELECT `d`.`Id`, `d`.`Address_O`, `d`.`Address_R`, `d`.`City_O`, `d`.`City_R`, `d`.`Company_Name`, `d`.`Country_O`, `d`.`Country_R`, `d`.`Created_At`, `d`.`Email1`, `d`.`Email2`, `d`.`Gst_Number`, `d`.`Image`, `d`.`Is_Deleted`, `d`.`Own_Name_1`, `d`.`Own_Name_2`, `d`.`Pan_Number`, `d`.`Phone1`, `d`.`Phone2`, `d`.`Staff_Email1`, `d`.`Staff_Email2`, `d`.`Staff_Email3`, `d`.`Staff_Email4`, `d`.`Staff_Name1`, `d`.`Staff_Name2`, `d`.`Staff_Name3`, `d`.`Staff_Name4`, `d`.`Staff_Phone1`, `d`.`Staff_Phone2`, `d`.`Staff_Phone3`, `d`.`Staff_Phone4`, `d`.`Updated_At`, `d`.`User_Id`, `d`.`Zip_O`, `d`.`Zip_R`
FROM `Dealers` AS `d`
WHERE (`d`.`Is_Deleted` = 0) AND (`d`.`User_Id` = @__userId_0)
2023-10-06 10:45:51.168 +05:30  INF  Executed DbCommand (0ms) [Parameters=[@__p_0='?' (DbType = Int64)], CommandType='"Text"', CommandTimeout='30']
SELECT `d`.`Id`, `d`.`Bank_Account_Number`, `d`.`Bank_Name`, `d`.`Dealer_Id`, `d`.`Ifsc_Code`, `d`.`Remarks`, `d`.`Updated_At`
FROM `Dealer_Bank_Details` AS `d`
WHERE `d`.`Dealer_Id` = @__p_0
2023-10-06 10:45:51.169 +05:30  INF  Executed DbCommand (0ms) [Parameters=[@__p_0='?' (DbType = Int64)], CommandType='"Text"', CommandTimeout='30']
SELECT `d`.`Id`, `d`.`Dealer_Id`, `d`.`Material_Cost`, `d`.`Material_Date`, `d`.`Material_Name`
FROM `Dealer_Material` AS `d`
WHERE `d`.`Dealer_Id` = @__p_0
2023-10-06 10:45:51.169 +05:30  INF  Executed DbCommand (0ms) [Parameters=[@__p_0='?' (DbType = Int64)], CommandType='"Text"', CommandTimeout='30']
SELECT `d`.`Id`, `d`.`Bank_Account_Number`, `d`.`Bank_Name`, `d`.`Dealer_Id`, `d`.`Ifsc_Code`, `d`.`Remarks`, `d`.`Updated_At`
FROM `Dealer_Bank_Details` AS `d`
WHERE `d`.`Dealer_Id` = @__p_0
2023-10-06 10:45:51.170 +05:30  INF  Executed DbCommand (0ms) [Parameters=[@__p_0='?' (DbType = Int64)], CommandType='"Text"', CommandTimeout='30']
SELECT `d`.`Id`, `d`.`Dealer_Id`, `d`.`Material_Cost`, `d`.`Material_Date`, `d`.`Material_Name`
FROM `Dealer_Material` AS `d`
WHERE `d`.`Dealer_Id` = @__p_0
2023-10-06 10:45:51.170 +05:30  INF  Executed DbCommand (0ms) [Parameters=[@__p_0='?' (DbType = Int64)], CommandType='"Text"', CommandTimeout='30']
SELECT `d`.`Id`, `d`.`Bank_Account_Number`, `d`.`Bank_Name`, `d`.`Dealer_Id`, `d`.`Ifsc_Code`, `d`.`Remarks`, `d`.`Updated_At`
FROM `Dealer_Bank_Details` AS `d`
WHERE `d`.`Dealer_Id` = @__p_0
2023-10-06 10:45:51.171 +05:30  INF  Executed DbCommand (0ms) [Parameters=[@__p_0='?' (DbType = Int64)], CommandType='"Text"', CommandTimeout='30']
SELECT `d`.`Id`, `d`.`Dealer_Id`, `d`.`Material_Cost`, `d`.`Material_Date`, `d`.`Material_Name`
FROM `Dealer_Material` AS `d`
WHERE `d`.`Dealer_Id` = @__p_0
2023-10-06 10:45:51.172 +05:30  INF  Executed DbCommand (0ms) [Parameters=[@__p_0='?' (DbType = Int64)], CommandType='"Text"', CommandTimeout='30']
SELECT `d`.`Id`, `d`.`Bank_Account_Number`, `d`.`Bank_Name`, `d`.`Dealer_Id`, `d`.`Ifsc_Code`, `d`.`Remarks`, `d`.`Updated_At`
FROM `Dealer_Bank_Details` AS `d`
WHERE `d`.`Dealer_Id` = @__p_0
2023-10-06 10:45:51.172 +05:30  INF  Executed DbCommand (0ms) [Parameters=[@__p_0='?' (DbType = Int64)], CommandType='"Text"', CommandTimeout='30']
SELECT `d`.`Id`, `d`.`Dealer_Id`, `d`.`Material_Cost`, `d`.`Material_Date`, `d`.`Material_Name`
FROM `Dealer_Material` AS `d`
WHERE `d`.`Dealer_Id` = @__p_0
2023-10-06 10:45:51.173 +05:30  INF  Executed DbCommand (0ms) [Parameters=[@__p_0='?' (DbType = Int64)], CommandType='"Text"', CommandTimeout='30']
SELECT `d`.`Id`, `d`.`Bank_Account_Number`, `d`.`Bank_Name`, `d`.`Dealer_Id`, `d`.`Ifsc_Code`, `d`.`Remarks`, `d`.`Updated_At`
FROM `Dealer_Bank_Details` AS `d`
WHERE `d`.`Dealer_Id` = @__p_0
2023-10-06 10:45:51.173 +05:30  INF  Executed DbCommand (0ms) [Parameters=[@__p_0='?' (DbType = Int64)], CommandType='"Text"', CommandTimeout='30']
SELECT `d`.`Id`, `d`.`Dealer_Id`, `d`.`Material_Cost`, `d`.`Material_Date`, `d`.`Material_Name`
FROM `Dealer_Material` AS `d`
WHERE `d`.`Dealer_Id` = @__p_0
2023-10-06 10:45:51.174 +05:30  INF  Executed DbCommand (0ms) [Parameters=[@__p_0='?' (DbType = Int64)], CommandType='"Text"', CommandTimeout='30']
SELECT `d`.`Id`, `d`.`Bank_Account_Number`, `d`.`Bank_Name`, `d`.`Dealer_Id`, `d`.`Ifsc_Code`, `d`.`Remarks`, `d`.`Updated_At`
FROM `Dealer_Bank_Details` AS `d`
WHERE `d`.`Dealer_Id` = @__p_0
2023-10-06 10:45:51.175 +05:30  INF  Executed DbCommand (0ms) [Parameters=[@__p_0='?' (DbType = Int64)], CommandType='"Text"', CommandTimeout='30']
SELECT `d`.`Id`, `d`.`Dealer_Id`, `d`.`Material_Cost`, `d`.`Material_Date`, `d`.`Material_Name`
FROM `Dealer_Material` AS `d`
WHERE `d`.`Dealer_Id` = @__p_0
2023-10-06 10:45:51.175 +05:30  INF  Executing ObjectResult, writing value of type 'System.Collections.Generic.List`1[[DCRM.Common.Dto.DealerDto, DCRM.Common, Version=1.0.0.0, Culture=neutral, PublicKeyToken=null]]'.
2023-10-06 10:45:51.175 +05:30  INF  Executed action DCRM.Api.Controllers.DealerController.GetAllAsync (DCRM.Api) in 9.5405ms
2023-10-06 10:45:51.175 +05:30  INF  Executed endpoint 'DCRM.Api.Controllers.DealerController.GetAllAsync (DCRM.Api)'
2023-10-06 10:45:51.175 +05:30  INF  Request finished HTTP/2 GET https://localhost:7069/api/Dealer/GetAll application/json - - 200 - application/json;+charset=utf-8 14.8055ms
2023-10-06 10:46:49.035 +05:30  INF  Request starting HTTP/2 OPTIONS https://localhost:7069/api/Dealer/GetAll - -
2023-10-06 10:46:49.036 +05:30  INF  CORS policy execution successful.
2023-10-06 10:46:49.036 +05:30  INF  Request finished HTTP/2 OPTIONS https://localhost:7069/api/Dealer/GetAll - - - 204 - - 0.7860ms
2023-10-06 10:46:49.037 +05:30  INF  Request starting HTTP/2 GET https://localhost:7069/api/Dealer/GetAll application/json -
2023-10-06 10:46:49.037 +05:30  INF  CORS policy execution successful.
2023-10-06 10:46:49.044 +05:30  INF  Executed DbCommand (1ms) [Parameters=[@__id_0='?' (DbType = Int32)], CommandType='"Text"', CommandTimeout='30']
SELECT `u`.`Id`, `u`.`About_Me`, `u`.`Account_Type`, `u`.`Address`, `u`.`Available_Days`, `u`.`Bn_Name`, `u`.`City`, `u`.`Country`, `u`.`Created_At`, `u`.`Currency`, `u`.`Degree`, `u`.`Email`, `u`.`Email_Verified`, `u`.`Enable_Appointment`, `u`.`Enable_Rating`, `u`.`Exp_Years`, `u`.`Facebook`, `u`.`Google_Analytics`, `u`.`Image`, `u`.`Instagram`, `u`.`Linkedin`, `u`.`Name`, `u`.`Parent_Id`, `u`.`Password`, `u`.`Paypal_Email`, `u`.`Paypal_Mode`, `u`.`Paypal_Payment`, `u`.`Paystack_Payment`, `u`.`Paystack_Public_Key`, `u`.`Paystack_Secret_Key`, `u`.`Phone`, `u`.`Publish_Key`, `u`.`Qr_Code`, `u`.`Razorpay_Key_Id`, `u`.`Razorpay_Key_Secret`, `u`.`Razorpay_Payment`, `u`.`Role`, `u`.`Secret_Key`, `u`.`Skype`, `u`.`Slug`, `u`.`Specialist`, `u`.`Status`, `u`.`Stripe_Payment`, `u`.`Thumb`, `u`.`Trial_Expire`, `u`.`Twitter`, `u`.`User_Name`, `u`.`User_Type`, `u`.`Verify_Code`, `u`.`Whatsapp`
FROM `Users` AS `u`
WHERE `u`.`Id` = @__id_0
LIMIT 1
2023-10-06 10:46:49.045 +05:30  INF  Executing endpoint 'DCRM.Api.Controllers.DealerController.GetAllAsync (DCRM.Api)'
2023-10-06 10:46:49.045 +05:30  INF  Route matched with {action = "GetAll", controller = "Dealer"}. Executing controller action with signature System.Threading.Tasks.Task`1[System.Collections.Generic.IEnumerable`1[DCRM.Common.Dto.DealerDto]] GetAllAsync() on controller DCRM.Api.Controllers.DealerController (DCRM.Api).
2023-10-06 10:46:49.046 +05:30  INF  Executed DbCommand (1ms) [Parameters=[@__userId_0='?' (DbType = Int64)], CommandType='"Text"', CommandTimeout='30']
SELECT `d`.`Id`, `d`.`Address_O`, `d`.`Address_R`, `d`.`City_O`, `d`.`City_R`, `d`.`Company_Name`, `d`.`Country_O`, `d`.`Country_R`, `d`.`Created_At`, `d`.`Email1`, `d`.`Email2`, `d`.`Gst_Number`, `d`.`Image`, `d`.`Is_Deleted`, `d`.`Own_Name_1`, `d`.`Own_Name_2`, `d`.`Pan_Number`, `d`.`Phone1`, `d`.`Phone2`, `d`.`Staff_Email1`, `d`.`Staff_Email2`, `d`.`Staff_Email3`, `d`.`Staff_Email4`, `d`.`Staff_Name1`, `d`.`Staff_Name2`, `d`.`Staff_Name3`, `d`.`Staff_Name4`, `d`.`Staff_Phone1`, `d`.`Staff_Phone2`, `d`.`Staff_Phone3`, `d`.`Staff_Phone4`, `d`.`Updated_At`, `d`.`User_Id`, `d`.`Zip_O`, `d`.`Zip_R`
FROM `Dealers` AS `d`
WHERE (`d`.`Is_Deleted` = 0) AND (`d`.`User_Id` = @__userId_0)
2023-10-06 10:46:49.047 +05:30  INF  Executed DbCommand (0ms) [Parameters=[@__p_0='?' (DbType = Int64)], CommandType='"Text"', CommandTimeout='30']
SELECT `d`.`Id`, `d`.`Bank_Account_Number`, `d`.`Bank_Name`, `d`.`Dealer_Id`, `d`.`Ifsc_Code`, `d`.`Remarks`, `d`.`Updated_At`
FROM `Dealer_Bank_Details` AS `d`
WHERE `d`.`Dealer_Id` = @__p_0
2023-10-06 10:46:49.047 +05:30  INF  Executed DbCommand (0ms) [Parameters=[@__p_0='?' (DbType = Int64)], CommandType='"Text"', CommandTimeout='30']
SELECT `d`.`Id`, `d`.`Dealer_Id`, `d`.`Material_Cost`, `d`.`Material_Date`, `d`.`Material_Name`
FROM `Dealer_Material` AS `d`
WHERE `d`.`Dealer_Id` = @__p_0
2023-10-06 10:46:49.048 +05:30  INF  Executed DbCommand (0ms) [Parameters=[@__p_0='?' (DbType = Int64)], CommandType='"Text"', CommandTimeout='30']
SELECT `d`.`Id`, `d`.`Bank_Account_Number`, `d`.`Bank_Name`, `d`.`Dealer_Id`, `d`.`Ifsc_Code`, `d`.`Remarks`, `d`.`Updated_At`
FROM `Dealer_Bank_Details` AS `d`
WHERE `d`.`Dealer_Id` = @__p_0
2023-10-06 10:46:49.049 +05:30  INF  Executed DbCommand (0ms) [Parameters=[@__p_0='?' (DbType = Int64)], CommandType='"Text"', CommandTimeout='30']
SELECT `d`.`Id`, `d`.`Dealer_Id`, `d`.`Material_Cost`, `d`.`Material_Date`, `d`.`Material_Name`
FROM `Dealer_Material` AS `d`
WHERE `d`.`Dealer_Id` = @__p_0
2023-10-06 10:46:49.049 +05:30  INF  Executed DbCommand (0ms) [Parameters=[@__p_0='?' (DbType = Int64)], CommandType='"Text"', CommandTimeout='30']
SELECT `d`.`Id`, `d`.`Bank_Account_Number`, `d`.`Bank_Name`, `d`.`Dealer_Id`, `d`.`Ifsc_Code`, `d`.`Remarks`, `d`.`Updated_At`
FROM `Dealer_Bank_Details` AS `d`
WHERE `d`.`Dealer_Id` = @__p_0
2023-10-06 10:46:49.050 +05:30  INF  Executed DbCommand (0ms) [Parameters=[@__p_0='?' (DbType = Int64)], CommandType='"Text"', CommandTimeout='30']
SELECT `d`.`Id`, `d`.`Dealer_Id`, `d`.`Material_Cost`, `d`.`Material_Date`, `d`.`Material_Name`
FROM `Dealer_Material` AS `d`
WHERE `d`.`Dealer_Id` = @__p_0
2023-10-06 10:46:49.050 +05:30  INF  Executed DbCommand (0ms) [Parameters=[@__p_0='?' (DbType = Int64)], CommandType='"Text"', CommandTimeout='30']
SELECT `d`.`Id`, `d`.`Bank_Account_Number`, `d`.`Bank_Name`, `d`.`Dealer_Id`, `d`.`Ifsc_Code`, `d`.`Remarks`, `d`.`Updated_At`
FROM `Dealer_Bank_Details` AS `d`
WHERE `d`.`Dealer_Id` = @__p_0
2023-10-06 10:46:49.051 +05:30  INF  Executed DbCommand (0ms) [Parameters=[@__p_0='?' (DbType = Int64)], CommandType='"Text"', CommandTimeout='30']
SELECT `d`.`Id`, `d`.`Dealer_Id`, `d`.`Material_Cost`, `d`.`Material_Date`, `d`.`Material_Name`
FROM `Dealer_Material` AS `d`
WHERE `d`.`Dealer_Id` = @__p_0
2023-10-06 10:46:49.052 +05:30  INF  Executed DbCommand (0ms) [Parameters=[@__p_0='?' (DbType = Int64)], CommandType='"Text"', CommandTimeout='30']
SELECT `d`.`Id`, `d`.`Bank_Account_Number`, `d`.`Bank_Name`, `d`.`Dealer_Id`, `d`.`Ifsc_Code`, `d`.`Remarks`, `d`.`Updated_At`
FROM `Dealer_Bank_Details` AS `d`
WHERE `d`.`Dealer_Id` = @__p_0
2023-10-06 10:46:49.052 +05:30  INF  Executed DbCommand (0ms) [Parameters=[@__p_0='?' (DbType = Int64)], CommandType='"Text"', CommandTimeout='30']
SELECT `d`.`Id`, `d`.`Dealer_Id`, `d`.`Material_Cost`, `d`.`Material_Date`, `d`.`Material_Name`
FROM `Dealer_Material` AS `d`
WHERE `d`.`Dealer_Id` = @__p_0
2023-10-06 10:46:49.053 +05:30  INF  Executed DbCommand (0ms) [Parameters=[@__p_0='?' (DbType = Int64)], CommandType='"Text"', CommandTimeout='30']
SELECT `d`.`Id`, `d`.`Bank_Account_Number`, `d`.`Bank_Name`, `d`.`Dealer_Id`, `d`.`Ifsc_Code`, `d`.`Remarks`, `d`.`Updated_At`
FROM `Dealer_Bank_Details` AS `d`
WHERE `d`.`Dealer_Id` = @__p_0
2023-10-06 10:46:49.053 +05:30  INF  Executed DbCommand (0ms) [Parameters=[@__p_0='?' (DbType = Int64)], CommandType='"Text"', CommandTimeout='30']
SELECT `d`.`Id`, `d`.`Dealer_Id`, `d`.`Material_Cost`, `d`.`Material_Date`, `d`.`Material_Name`
FROM `Dealer_Material` AS `d`
WHERE `d`.`Dealer_Id` = @__p_0
2023-10-06 10:46:49.053 +05:30  INF  Executing ObjectResult, writing value of type 'System.Collections.Generic.List`1[[DCRM.Common.Dto.DealerDto, DCRM.Common, Version=1.0.0.0, Culture=neutral, PublicKeyToken=null]]'.
2023-10-06 10:46:49.054 +05:30  INF  Executed action DCRM.Api.Controllers.DealerController.GetAllAsync (DCRM.Api) in 8.9154ms
2023-10-06 10:46:49.054 +05:30  INF  Executed endpoint 'DCRM.Api.Controllers.DealerController.GetAllAsync (DCRM.Api)'
2023-10-06 10:46:49.054 +05:30  INF  Request finished HTTP/2 GET https://localhost:7069/api/Dealer/GetAll application/json - - 200 - application/json;+charset=utf-8 17.0132ms
