2024-08-02 20:15:02.483 +05:30  INF  User profile is available. Using 'C:\Users\pramo\AppData\Local\ASP.NET\DataProtection-Keys' as key repository and Windows DPAPI to encrypt keys at rest.

2024-08-02 20:15:02.570 +05:30  INF  Creating key {e7dc02ec-ad7c-4b99-b33e-eb6aad0fe3a6} with creation date 2024-08-02 14:45:02Z, activation date 2024-08-02 16:22:58Z, and expiration date 2024-10-31 14:45:02Z.

2024-08-02 20:15:02.577 +05:30  INF  Writing data to file 'C:\Users\pramo\AppData\Local\ASP.NET\DataProtection-Keys\key-e7dc02ec-ad7c-4b99-b33e-eb6aad0fe3a6.xml'.

2024-08-02 20:15:02.913 +05:30  INF  Now listening on: https://localhost:7069

2024-08-02 20:15:02.914 +05:30  INF  Now listening on: http://localhost:5069

2024-08-02 20:15:03.097 +05:30  INF  Application started. Press Ctrl+C to shut down.

2024-08-02 20:15:03.098 +05:30  INF  Hosting environment: Development

2024-08-02 20:15:03.103 +05:30  INF  Content root path: C:\Projects\EZProjects\virmani_dotnet\DCRM.Api\

2024-08-02 20:15:03.812 +05:30  INF  Request starting HTTP/2 GET https://localhost:7069/swagger - -

2024-08-02 20:15:04.340 +05:30  INF  Request finished HTTP/2 GET https://localhost:7069/swagger - - - 301 0 - 532.6096ms

2024-08-02 20:15:04.383 +05:30  INF  Request starting HTTP/2 GET https://localhost:7069/swagger/index.html - -

2024-08-02 20:15:04.612 +05:30  INF  Request finished HTTP/2 GET https://localhost:7069/swagger/index.html - - - 200 - text/html;charset=utf-8 229.7647ms

2024-08-02 20:15:04.637 +05:30  INF  Request starting HTTP/2 GET https://localhost:7069/swagger/swagger-ui-standalone-preset.js - -

2024-08-02 20:15:04.637 +05:30  INF  Request starting HTTP/2 GET https://localhost:7069/swagger/swagger-ui-bundle.js - -

2024-08-02 20:15:04.639 +05:30  INF  Request starting HTTP/2 GET https://localhost:7069/swagger/swagger-ui.css - -

2024-08-02 20:15:04.643 +05:30  INF  Request starting HTTP/2 GET https://localhost:7069/_framework/aspnetcore-browser-refresh.js - -

2024-08-02 20:15:04.650 +05:30  INF  Request finished HTTP/2 GET https://localhost:7069/_framework/aspnetcore-browser-refresh.js - - - 200 11974 application/javascript;+charset=utf-8 7.3876ms

2024-08-02 20:15:04.732 +05:30  INF  Request starting HTTP/2 GET https://localhost:7069/_vs/browserLink - -

2024-08-02 20:15:04.736 +05:30  INF  Sending file. Request path: '/swagger-ui.css'. Physical path: 'N/A'

2024-08-02 20:15:04.737 +05:30  INF  Sending file. Request path: '/swagger-ui-standalone-preset.js'. Physical path: 'N/A'

2024-08-02 20:15:04.740 +05:30  INF  Request finished HTTP/2 GET https://localhost:7069/swagger/swagger-ui-standalone-preset.js - - - 200 337162 application/javascript 103.5164ms

2024-08-02 20:15:04.740 +05:30  INF  Request finished HTTP/2 GET https://localhost:7069/swagger/swagger-ui.css - - - 200 143632 text/css 101.4106ms

2024-08-02 20:15:04.776 +05:30  INF  Sending file. Request path: '/swagger-ui-bundle.js'. Physical path: 'N/A'

2024-08-02 20:15:04.776 +05:30  INF  Request finished HTTP/2 GET https://localhost:7069/swagger/swagger-ui-bundle.js - - - 200 1092889 application/javascript 138.5017ms

2024-08-02 20:15:04.902 +05:30  INF  Request finished HTTP/2 GET https://localhost:7069/_vs/browserLink - - - 200 - text/javascript;+charset=UTF-8 169.9277ms

2024-08-02 20:15:05.032 +05:30  INF  Request starting HTTP/2 GET https://localhost:7069/swagger/v1/swagger.json - -

2024-08-02 20:15:05.328 +05:30  INF  Request finished HTTP/2 GET https://localhost:7069/swagger/v1/swagger.json - - - 200 - application/json;charset=utf-8 296.2177ms

2024-08-02 20:15:56.182 +05:30  INF  Request starting HTTP/2 OPTIONS https://localhost:7069/api/Authenticate/doctor - -

2024-08-02 20:15:56.192 +05:30  INF  CORS policy execution successful.

2024-08-02 20:15:56.194 +05:30  INF  Request finished HTTP/2 OPTIONS https://localhost:7069/api/Authenticate/doctor - - - 204 - - 12.6073ms

2024-08-02 20:15:56.197 +05:30  INF  Request starting HTTP/2 POST https://localhost:7069/api/Authenticate/doctor application/json 51

2024-08-02 20:15:56.198 +05:30  INF  CORS policy execution successful.

2024-08-02 20:15:57.716 +05:30  INF  Executing endpoint 'DCRM.Api.Controllers.AuthenticateController.Post (DCRM.Api)'

2024-08-02 20:15:57.772 +05:30  INF  Route matched with {action = "Post", controller = "Authenticate"}. Executing controller action with signature Microsoft.AspNetCore.Mvc.IActionResult Post(System.String, DCRM.Common.AuthenticateRequest) on controller DCRM.Api.Controllers.AuthenticateController (DCRM.Api).

2024-08-02 20:16:26.273 +05:30  INF  Executed DbCommand (671ms) [Parameters=[@__authenticateRequest_Email_0='?' (Size = 4000), @__authenticateRequest_Password_1='?' (Size = 4000)], CommandType='"Text"', CommandTimeout='30']
SELECT `d`.`Id`, `d`.`Age`, `d`.`Blood_Group`, `d`.`Created_At`, `d`.`Dob`, `d`.`Email`, `d`.`Email2`, `d`.`Gender`, `d`.`Gst_Number`, `d`.`Is_Delete`, `d`.`Marital_Status`, `d`.`Name`, `d`.`Pan_Number`, `d`.`Password`, `d`.`Phone1`, `d`.`Phone2`, `d`.`Phone3`, `d`.`Phone4`, `d`.`Qualification`, `d`.`Role`, `d`.`Speciality`, `d`.`Thumb`, `d`.`Updated_At`, `d`.`User_Id`
FROM `Doctors` AS `d`
WHERE ((`d`.`Is_Delete` = 0) AND (`d`.`Email` = @__authenticateRequest_Email_0)) AND (`d`.`Password` = @__authenticateRequest_Password_1)
LIMIT 2

2024-08-02 20:16:26.733 +05:30  INF  Executing OkObjectResult, writing value of type 'DCRM.Common.AuthenticateResponse'.

2024-08-02 20:16:26.752 +05:30  INF  Executed action DCRM.Api.Controllers.AuthenticateController.Post (DCRM.Api) in 28973.3063ms

2024-08-02 20:16:26.755 +05:30  INF  Executed endpoint 'DCRM.Api.Controllers.AuthenticateController.Post (DCRM.Api)'

2024-08-02 20:16:26.778 +05:30  INF  Request finished HTTP/2 POST https://localhost:7069/api/Authenticate/doctor application/json 51 - 200 - application/json;+charset=utf-8 30580.6820ms

2024-08-02 20:17:17.990 +05:30  INF  Request starting HTTP/2 OPTIONS https://localhost:7069/api/Dashboard/Get - -

2024-08-02 20:17:17.993 +05:30  INF  CORS policy execution successful.

2024-08-02 20:17:17.993 +05:30  INF  Request finished HTTP/2 OPTIONS https://localhost:7069/api/Dashboard/Get - - - 204 - - 3.2187ms

2024-08-02 20:17:17.999 +05:30  INF  Request starting HTTP/2 GET https://localhost:7069/api/Dashboard/Get application/json -

2024-08-02 20:17:18.003 +05:30  INF  CORS policy execution successful.

2024-08-02 20:17:19.293 +05:30  INF  Executed DbCommand (653ms) [Parameters=[@__id_0='?' (DbType = Int64)], CommandType='"Text"', CommandTimeout='30']
SELECT `d`.`Id`, `d`.`Age`, `d`.`Blood_Group`, `d`.`Created_At`, `d`.`Dob`, `d`.`Email`, `d`.`Email2`, `d`.`Gender`, `d`.`Gst_Number`, `d`.`Is_Delete`, `d`.`Marital_Status`, `d`.`Name`, `d`.`Pan_Number`, `d`.`Password`, `d`.`Phone1`, `d`.`Phone2`, `d`.`Phone3`, `d`.`Phone4`, `d`.`Qualification`, `d`.`Role`, `d`.`Speciality`, `d`.`Thumb`, `d`.`Updated_At`, `d`.`User_Id`
FROM `Doctors` AS `d`
WHERE `d`.`Id` = @__id_0
LIMIT 1

2024-08-02 20:17:19.947 +05:30  INF  Executed DbCommand (218ms) [Parameters=[@__p_0='?' (DbType = Int64)], CommandType='"Text"', CommandTimeout='30']
SELECT `d`.`Id`, `d`.`Allow_Notifications`, `d`.`Amount_Insured`, `d`.`Amount_Paid`, `d`.`Doctor_Id`, `d`.`Insurance`, `d`.`Insurance_Date`, `d`.`Remarks`, `d`.`Renewal_Date`, `d`.`Updated_At`
FROM `Doctor_Insurance_Details` AS `d`
WHERE `d`.`Doctor_Id` = @__p_0

2024-08-02 20:17:20.625 +05:30  INF  Executed DbCommand (215ms) [Parameters=[@__p_0='?' (DbType = Int64)], CommandType='"Text"', CommandTimeout='30']
SELECT `d`.`Id`, `d`.`Bank_Account_Number`, `d`.`Bank_Name`, `d`.`Doctor_Id`, `d`.`Ifsc_Code`, `d`.`Remarks`, `d`.`Updated_At`
FROM `Doctor_Bank_Details` AS `d`
WHERE `d`.`Doctor_Id` = @__p_0

2024-08-02 20:17:21.293 +05:30  INF  Executed DbCommand (216ms) [Parameters=[@__p_0='?' (DbType = Int64)], CommandType='"Text"', CommandTimeout='30']
SELECT `d`.`Id`, `d`.`Doctor_Id`, `d`.`Medical_History`, `d`.`Remarks`, `d`.`Reminder_Date_For_Next`, `d`.`Updated_At`, `d`.`Vaccination_Date`, `d`.`Vaccination_Type`
FROM `Doctors_Vaccination` AS `d`
WHERE `d`.`Doctor_Id` = @__p_0

2024-08-02 20:17:21.969 +05:30  INF  Executed DbCommand (223ms) [Parameters=[@__doctorId_0='?' (DbType = Int32)], CommandType='"Text"', CommandTimeout='30']
SELECT `d`.`Id`, `d`.`Address_O`, `d`.`Address_Other`, `d`.`Address_R`, `d`.`City_O`, `d`.`City_Other`, `d`.`City_R`, `d`.`Country_O`, `d`.`Country_Other`, `d`.`Country_R`, `d`.`Created_At`, `d`.`Doctor_Id`, `d`.`Updated_At`, `d`.`Zip_O`, `d`.`Zip_Other`, `d`.`Zip_R`
FROM `Doctors_Address` AS `d`
WHERE `d`.`Doctor_Id` = @__doctorId_0

2024-08-02 20:17:22.001 +05:30  INF  Executing endpoint 'DCRM.Api.Controllers.DashboardController.Get (DCRM.Api)'

2024-08-02 20:17:22.002 +05:30  INF  Route matched with {action = "Get", controller = "Dashboard"}. Executing controller action with signature DCRM.Common.Dto.DashboardDto Get() on controller DCRM.Api.Controllers.DashboardController (DCRM.Api).

2024-08-02 20:17:22.013 +05:30  INF  Authorization failed for the request at filter 'DCRM.Common.Authorization.AuthorizeAttribute'.

2024-08-02 20:17:22.016 +05:30  INF  Executing JsonResult, writing value of type '<>f__AnonymousType0`1[[System.String, System.Private.CoreLib, Version=6.0.0.0, Culture=neutral, PublicKeyToken=7cec85d7bea7798e]]'.

2024-08-02 20:17:22.018 +05:30  INF  Executed action DCRM.Api.Controllers.DashboardController.Get (DCRM.Api) in 15.934ms

2024-08-02 20:17:22.019 +05:30  INF  Executed endpoint 'DCRM.Api.Controllers.DashboardController.Get (DCRM.Api)'

2024-08-02 20:17:22.019 +05:30  INF  Request finished HTTP/2 GET https://localhost:7069/api/Dashboard/Get application/json - - 401 - application/json;+charset=utf-8 4021.9875ms

2024-08-02 20:19:05.032 +05:30  INF  Request starting HTTP/2 OPTIONS https://localhost:7069/api/Dashboard/Get - -

2024-08-02 20:19:05.032 +05:30  INF  CORS policy execution successful.

2024-08-02 20:19:05.034 +05:30  INF  Request finished HTTP/2 OPTIONS https://localhost:7069/api/Dashboard/Get - - - 204 - - 1.7896ms

2024-08-02 20:19:05.043 +05:30  INF  Request starting HTTP/2 GET https://localhost:7069/api/Dashboard/Get application/json -

2024-08-02 20:19:05.043 +05:30  INF  CORS policy execution successful.

2024-08-02 20:19:06.149 +05:30  INF  Executed DbCommand (651ms) [Parameters=[@__id_0='?' (DbType = Int64)], CommandType='"Text"', CommandTimeout='30']
SELECT `d`.`Id`, `d`.`Age`, `d`.`Blood_Group`, `d`.`Created_At`, `d`.`Dob`, `d`.`Email`, `d`.`Email2`, `d`.`Gender`, `d`.`Gst_Number`, `d`.`Is_Delete`, `d`.`Marital_Status`, `d`.`Name`, `d`.`Pan_Number`, `d`.`Password`, `d`.`Phone1`, `d`.`Phone2`, `d`.`Phone3`, `d`.`Phone4`, `d`.`Qualification`, `d`.`Role`, `d`.`Speciality`, `d`.`Thumb`, `d`.`Updated_At`, `d`.`User_Id`
FROM `Doctors` AS `d`
WHERE `d`.`Id` = @__id_0
LIMIT 1

2024-08-02 20:19:06.791 +05:30  INF  Executed DbCommand (215ms) [Parameters=[@__p_0='?' (DbType = Int64)], CommandType='"Text"', CommandTimeout='30']
SELECT `d`.`Id`, `d`.`Allow_Notifications`, `d`.`Amount_Insured`, `d`.`Amount_Paid`, `d`.`Doctor_Id`, `d`.`Insurance`, `d`.`Insurance_Date`, `d`.`Remarks`, `d`.`Renewal_Date`, `d`.`Updated_At`
FROM `Doctor_Insurance_Details` AS `d`
WHERE `d`.`Doctor_Id` = @__p_0

2024-08-02 20:19:07.435 +05:30  INF  Executed DbCommand (215ms) [Parameters=[@__p_0='?' (DbType = Int64)], CommandType='"Text"', CommandTimeout='30']
SELECT `d`.`Id`, `d`.`Bank_Account_Number`, `d`.`Bank_Name`, `d`.`Doctor_Id`, `d`.`Ifsc_Code`, `d`.`Remarks`, `d`.`Updated_At`
FROM `Doctor_Bank_Details` AS `d`
WHERE `d`.`Doctor_Id` = @__p_0

2024-08-02 20:19:08.076 +05:30  INF  Executed DbCommand (212ms) [Parameters=[@__p_0='?' (DbType = Int64)], CommandType='"Text"', CommandTimeout='30']
SELECT `d`.`Id`, `d`.`Doctor_Id`, `d`.`Medical_History`, `d`.`Remarks`, `d`.`Reminder_Date_For_Next`, `d`.`Updated_At`, `d`.`Vaccination_Date`, `d`.`Vaccination_Type`
FROM `Doctors_Vaccination` AS `d`
WHERE `d`.`Doctor_Id` = @__p_0

2024-08-02 20:19:08.716 +05:30  INF  Executed DbCommand (214ms) [Parameters=[@__doctorId_0='?' (DbType = Int32)], CommandType='"Text"', CommandTimeout='30']
SELECT `d`.`Id`, `d`.`Address_O`, `d`.`Address_Other`, `d`.`Address_R`, `d`.`City_O`, `d`.`City_Other`, `d`.`City_R`, `d`.`Country_O`, `d`.`Country_Other`, `d`.`Country_R`, `d`.`Created_At`, `d`.`Doctor_Id`, `d`.`Updated_At`, `d`.`Zip_O`, `d`.`Zip_Other`, `d`.`Zip_R`
FROM `Doctors_Address` AS `d`
WHERE `d`.`Doctor_Id` = @__doctorId_0

2024-08-02 20:19:08.717 +05:30  INF  Executing endpoint 'DCRM.Api.Controllers.DashboardController.Get (DCRM.Api)'

2024-08-02 20:19:08.717 +05:30  INF  Route matched with {action = "Get", controller = "Dashboard"}. Executing controller action with signature DCRM.Common.Dto.DashboardDto Get() on controller DCRM.Api.Controllers.DashboardController (DCRM.Api).

2024-08-02 20:19:08.717 +05:30  INF  Authorization failed for the request at filter 'DCRM.Common.Authorization.AuthorizeAttribute'.

2024-08-02 20:19:08.717 +05:30  INF  Executing JsonResult, writing value of type '<>f__AnonymousType0`1[[System.String, System.Private.CoreLib, Version=6.0.0.0, Culture=neutral, PublicKeyToken=7cec85d7bea7798e]]'.

2024-08-02 20:19:08.718 +05:30  INF  Executed action DCRM.Api.Controllers.DashboardController.Get (DCRM.Api) in 0.5136ms

2024-08-02 20:19:08.718 +05:30  INF  Executed endpoint 'DCRM.Api.Controllers.DashboardController.Get (DCRM.Api)'

2024-08-02 20:19:08.718 +05:30  INF  Request finished HTTP/2 GET https://localhost:7069/api/Dashboard/Get application/json - - 401 - application/json;+charset=utf-8 3674.8350ms

2024-08-02 20:20:34.054 +05:30  INF  Request starting HTTP/2 OPTIONS https://localhost:7069/api/Authenticate/doctor - -

2024-08-02 20:20:34.054 +05:30  INF  CORS policy execution successful.

2024-08-02 20:20:34.054 +05:30  INF  Request finished HTTP/2 OPTIONS https://localhost:7069/api/Authenticate/doctor - - - 204 - - 0.4877ms

2024-08-02 20:20:34.057 +05:30  INF  Request starting HTTP/2 POST https://localhost:7069/api/Authenticate/doctor application/json 51

2024-08-02 20:20:34.057 +05:30  INF  CORS policy execution successful.

2024-08-02 20:20:51.250 +05:30  INF  Executing endpoint 'DCRM.Api.Controllers.AuthenticateController.Post (DCRM.Api)'

2024-08-02 20:20:51.252 +05:30  INF  Route matched with {action = "Post", controller = "Authenticate"}. Executing controller action with signature Microsoft.AspNetCore.Mvc.IActionResult Post(System.String, DCRM.Common.AuthenticateRequest) on controller DCRM.Api.Controllers.AuthenticateController (DCRM.Api).

2024-08-02 20:20:55.619 +05:30  INF  Executed DbCommand (658ms) [Parameters=[@__authenticateRequest_Email_0='?' (Size = 4000), @__authenticateRequest_Password_1='?' (Size = 4000)], CommandType='"Text"', CommandTimeout='30']
SELECT `d`.`Id`, `d`.`Age`, `d`.`Blood_Group`, `d`.`Created_At`, `d`.`Dob`, `d`.`Email`, `d`.`Email2`, `d`.`Gender`, `d`.`Gst_Number`, `d`.`Is_Delete`, `d`.`Marital_Status`, `d`.`Name`, `d`.`Pan_Number`, `d`.`Password`, `d`.`Phone1`, `d`.`Phone2`, `d`.`Phone3`, `d`.`Phone4`, `d`.`Qualification`, `d`.`Role`, `d`.`Speciality`, `d`.`Thumb`, `d`.`Updated_At`, `d`.`User_Id`
FROM `Doctors` AS `d`
WHERE ((`d`.`Is_Delete` = 0) AND (`d`.`Email` = @__authenticateRequest_Email_0)) AND (`d`.`Password` = @__authenticateRequest_Password_1)
LIMIT 2

2024-08-02 20:20:55.620 +05:30  INF  Executing OkObjectResult, writing value of type 'DCRM.Common.AuthenticateResponse'.

2024-08-02 20:20:55.634 +05:30  INF  Executed action DCRM.Api.Controllers.AuthenticateController.Post (DCRM.Api) in 4381.2706ms

2024-08-02 20:20:55.636 +05:30  INF  Executed endpoint 'DCRM.Api.Controllers.AuthenticateController.Post (DCRM.Api)'

2024-08-02 20:20:55.636 +05:30  INF  Request finished HTTP/2 POST https://localhost:7069/api/Authenticate/doctor application/json 51 - 200 - application/json;+charset=utf-8 21579.6435ms

2024-08-02 20:20:55.710 +05:30  INF  Request starting HTTP/2 OPTIONS https://localhost:7069/api/Dashboard/Get - -

2024-08-02 20:20:55.710 +05:30  INF  CORS policy execution successful.

2024-08-02 20:20:55.710 +05:30  INF  Request finished HTTP/2 OPTIONS https://localhost:7069/api/Dashboard/Get - - - 204 - - 0.4770ms

2024-08-02 20:20:55.718 +05:30  INF  Request starting HTTP/2 GET https://localhost:7069/api/Dashboard/Get application/json -

2024-08-02 20:20:55.718 +05:30  INF  CORS policy execution successful.

2024-08-02 20:21:20.361 +05:30  INF  Executed DbCommand (648ms) [Parameters=[@__id_0='?' (DbType = Int64)], CommandType='"Text"', CommandTimeout='30']
SELECT `d`.`Id`, `d`.`Age`, `d`.`Blood_Group`, `d`.`Created_At`, `d`.`Dob`, `d`.`Email`, `d`.`Email2`, `d`.`Gender`, `d`.`Gst_Number`, `d`.`Is_Delete`, `d`.`Marital_Status`, `d`.`Name`, `d`.`Pan_Number`, `d`.`Password`, `d`.`Phone1`, `d`.`Phone2`, `d`.`Phone3`, `d`.`Phone4`, `d`.`Qualification`, `d`.`Role`, `d`.`Speciality`, `d`.`Thumb`, `d`.`Updated_At`, `d`.`User_Id`
FROM `Doctors` AS `d`
WHERE `d`.`Id` = @__id_0
LIMIT 1

2024-08-02 20:21:21.003 +05:30  INF  Executed DbCommand (215ms) [Parameters=[@__p_0='?' (DbType = Int64)], CommandType='"Text"', CommandTimeout='30']
SELECT `d`.`Id`, `d`.`Allow_Notifications`, `d`.`Amount_Insured`, `d`.`Amount_Paid`, `d`.`Doctor_Id`, `d`.`Insurance`, `d`.`Insurance_Date`, `d`.`Remarks`, `d`.`Renewal_Date`, `d`.`Updated_At`
FROM `Doctor_Insurance_Details` AS `d`
WHERE `d`.`Doctor_Id` = @__p_0

2024-08-02 20:21:21.657 +05:30  INF  Executed DbCommand (222ms) [Parameters=[@__p_0='?' (DbType = Int64)], CommandType='"Text"', CommandTimeout='30']
SELECT `d`.`Id`, `d`.`Bank_Account_Number`, `d`.`Bank_Name`, `d`.`Doctor_Id`, `d`.`Ifsc_Code`, `d`.`Remarks`, `d`.`Updated_At`
FROM `Doctor_Bank_Details` AS `d`
WHERE `d`.`Doctor_Id` = @__p_0

2024-08-02 20:21:22.304 +05:30  INF  Executed DbCommand (214ms) [Parameters=[@__p_0='?' (DbType = Int64)], CommandType='"Text"', CommandTimeout='30']
SELECT `d`.`Id`, `d`.`Doctor_Id`, `d`.`Medical_History`, `d`.`Remarks`, `d`.`Reminder_Date_For_Next`, `d`.`Updated_At`, `d`.`Vaccination_Date`, `d`.`Vaccination_Type`
FROM `Doctors_Vaccination` AS `d`
WHERE `d`.`Doctor_Id` = @__p_0

2024-08-02 20:21:22.956 +05:30  INF  Executed DbCommand (215ms) [Parameters=[@__doctorId_0='?' (DbType = Int32)], CommandType='"Text"', CommandTimeout='30']
SELECT `d`.`Id`, `d`.`Address_O`, `d`.`Address_Other`, `d`.`Address_R`, `d`.`City_O`, `d`.`City_Other`, `d`.`City_R`, `d`.`Country_O`, `d`.`Country_Other`, `d`.`Country_R`, `d`.`Created_At`, `d`.`Doctor_Id`, `d`.`Updated_At`, `d`.`Zip_O`, `d`.`Zip_Other`, `d`.`Zip_R`
FROM `Doctors_Address` AS `d`
WHERE `d`.`Doctor_Id` = @__doctorId_0

2024-08-02 20:21:49.211 +05:30  INF  Executing endpoint 'DCRM.Api.Controllers.DashboardController.Get (DCRM.Api)'

2024-08-02 20:21:49.217 +05:30  INF  Route matched with {action = "Get", controller = "Dashboard"}. Executing controller action with signature DCRM.Common.Dto.DashboardDto Get() on controller DCRM.Api.Controllers.DashboardController (DCRM.Api).

2024-08-02 20:21:49.217 +05:30  INF  Authorization failed for the request at filter 'DCRM.Common.Authorization.AuthorizeAttribute'.

2024-08-02 20:21:49.218 +05:30  INF  Executing JsonResult, writing value of type '<>f__AnonymousType0`1[[System.String, System.Private.CoreLib, Version=6.0.0.0, Culture=neutral, PublicKeyToken=7cec85d7bea7798e]]'.

2024-08-02 20:21:49.218 +05:30  INF  Executed action DCRM.Api.Controllers.DashboardController.Get (DCRM.Api) in 0.201ms

2024-08-02 20:21:49.218 +05:30  INF  Executed endpoint 'DCRM.Api.Controllers.DashboardController.Get (DCRM.Api)'

2024-08-02 20:21:52.438 +05:30  INF  Request finished HTTP/2 GET https://localhost:7069/api/Dashboard/Get application/json - - 401 - application/json;+charset=utf-8 56720.2595ms

2024-08-02 20:22:16.472 +05:30  INF  Request starting HTTP/2 OPTIONS https://localhost:7069/api/Dashboard/Get - -

2024-08-02 20:22:16.472 +05:30  INF  CORS policy execution successful.

2024-08-02 20:22:16.472 +05:30  INF  Request finished HTTP/2 OPTIONS https://localhost:7069/api/Dashboard/Get - - - 204 - - 0.3654ms

2024-08-02 20:22:16.480 +05:30  INF  Request starting HTTP/2 GET https://localhost:7069/api/Dashboard/Get application/json -

2024-08-02 20:22:16.480 +05:30  INF  CORS policy execution successful.

2024-08-02 20:23:21.530 +05:30  INF  Executed DbCommand (650ms) [Parameters=[@__id_0='?' (DbType = Int64)], CommandType='"Text"', CommandTimeout='30']
SELECT `d`.`Id`, `d`.`Age`, `d`.`Blood_Group`, `d`.`Created_At`, `d`.`Dob`, `d`.`Email`, `d`.`Email2`, `d`.`Gender`, `d`.`Gst_Number`, `d`.`Is_Delete`, `d`.`Marital_Status`, `d`.`Name`, `d`.`Pan_Number`, `d`.`Password`, `d`.`Phone1`, `d`.`Phone2`, `d`.`Phone3`, `d`.`Phone4`, `d`.`Qualification`, `d`.`Role`, `d`.`Speciality`, `d`.`Thumb`, `d`.`Updated_At`, `d`.`User_Id`
FROM `Doctors` AS `d`
WHERE `d`.`Id` = @__id_0
LIMIT 1

2024-08-02 20:23:22.175 +05:30  INF  Executed DbCommand (218ms) [Parameters=[@__p_0='?' (DbType = Int64)], CommandType='"Text"', CommandTimeout='30']
SELECT `d`.`Id`, `d`.`Allow_Notifications`, `d`.`Amount_Insured`, `d`.`Amount_Paid`, `d`.`Doctor_Id`, `d`.`Insurance`, `d`.`Insurance_Date`, `d`.`Remarks`, `d`.`Renewal_Date`, `d`.`Updated_At`
FROM `Doctor_Insurance_Details` AS `d`
WHERE `d`.`Doctor_Id` = @__p_0

2024-08-02 20:23:22.815 +05:30  INF  Executed DbCommand (214ms) [Parameters=[@__p_0='?' (DbType = Int64)], CommandType='"Text"', CommandTimeout='30']
SELECT `d`.`Id`, `d`.`Bank_Account_Number`, `d`.`Bank_Name`, `d`.`Doctor_Id`, `d`.`Ifsc_Code`, `d`.`Remarks`, `d`.`Updated_At`
FROM `Doctor_Bank_Details` AS `d`
WHERE `d`.`Doctor_Id` = @__p_0

2024-08-02 20:23:23.457 +05:30  INF  Executed DbCommand (214ms) [Parameters=[@__p_0='?' (DbType = Int64)], CommandType='"Text"', CommandTimeout='30']
SELECT `d`.`Id`, `d`.`Doctor_Id`, `d`.`Medical_History`, `d`.`Remarks`, `d`.`Reminder_Date_For_Next`, `d`.`Updated_At`, `d`.`Vaccination_Date`, `d`.`Vaccination_Type`
FROM `Doctors_Vaccination` AS `d`
WHERE `d`.`Doctor_Id` = @__p_0

2024-08-02 20:23:24.097 +05:30  INF  Executed DbCommand (214ms) [Parameters=[@__doctorId_0='?' (DbType = Int32)], CommandType='"Text"', CommandTimeout='30']
SELECT `d`.`Id`, `d`.`Address_O`, `d`.`Address_Other`, `d`.`Address_R`, `d`.`City_O`, `d`.`City_Other`, `d`.`City_R`, `d`.`Country_O`, `d`.`Country_Other`, `d`.`Country_R`, `d`.`Created_At`, `d`.`Doctor_Id`, `d`.`Updated_At`, `d`.`Zip_O`, `d`.`Zip_Other`, `d`.`Zip_R`
FROM `Doctors_Address` AS `d`
WHERE `d`.`Doctor_Id` = @__doctorId_0

2024-08-02 20:23:27.071 +05:30  INF  Executing endpoint 'DCRM.Api.Controllers.DashboardController.Get (DCRM.Api)'

2024-08-02 20:23:27.071 +05:30  INF  Route matched with {action = "Get", controller = "Dashboard"}. Executing controller action with signature DCRM.Common.Dto.DashboardDto Get() on controller DCRM.Api.Controllers.DashboardController (DCRM.Api).

2024-08-02 20:23:27.071 +05:30  INF  Authorization failed for the request at filter 'DCRM.Common.Authorization.AuthorizeAttribute'.

2024-08-02 20:23:27.071 +05:30  INF  Executing JsonResult, writing value of type '<>f__AnonymousType0`1[[System.String, System.Private.CoreLib, Version=6.0.0.0, Culture=neutral, PublicKeyToken=7cec85d7bea7798e]]'.

2024-08-02 20:23:27.071 +05:30  INF  Executed action DCRM.Api.Controllers.DashboardController.Get (DCRM.Api) in 0.2496ms

2024-08-02 20:23:27.071 +05:30  INF  Executed endpoint 'DCRM.Api.Controllers.DashboardController.Get (DCRM.Api)'

2024-08-02 20:23:29.999 +05:30  INF  Request finished HTTP/2 GET https://localhost:7069/api/Dashboard/Get application/json - - 401 - application/json;+charset=utf-8 73519.2105ms

2024-08-02 20:26:33.139 +05:30  INF  Request starting HTTP/2 OPTIONS https://localhost:7069/api/Dashboard/Get - -

2024-08-02 20:26:33.140 +05:30  INF  CORS policy execution successful.

2024-08-02 20:26:33.140 +05:30  INF  Request finished HTTP/2 OPTIONS https://localhost:7069/api/Dashboard/Get - - - 204 - - 0.9907ms

2024-08-02 20:26:33.148 +05:30  INF  Request starting HTTP/2 GET https://localhost:7069/api/Dashboard/Get application/json -

2024-08-02 20:26:33.148 +05:30  INF  CORS policy execution successful.

2024-08-02 20:26:58.194 +05:30  INF  Executed DbCommand (645ms) [Parameters=[@__id_0='?' (DbType = Int64)], CommandType='"Text"', CommandTimeout='30']
SELECT `d`.`Id`, `d`.`Age`, `d`.`Blood_Group`, `d`.`Created_At`, `d`.`Dob`, `d`.`Email`, `d`.`Email2`, `d`.`Gender`, `d`.`Gst_Number`, `d`.`Is_Delete`, `d`.`Marital_Status`, `d`.`Name`, `d`.`Pan_Number`, `d`.`Password`, `d`.`Phone1`, `d`.`Phone2`, `d`.`Phone3`, `d`.`Phone4`, `d`.`Qualification`, `d`.`Role`, `d`.`Speciality`, `d`.`Thumb`, `d`.`Updated_At`, `d`.`User_Id`
FROM `Doctors` AS `d`
WHERE `d`.`Id` = @__id_0
LIMIT 1

2024-08-02 20:26:58.835 +05:30  INF  Executed DbCommand (215ms) [Parameters=[@__p_0='?' (DbType = Int64)], CommandType='"Text"', CommandTimeout='30']
SELECT `d`.`Id`, `d`.`Allow_Notifications`, `d`.`Amount_Insured`, `d`.`Amount_Paid`, `d`.`Doctor_Id`, `d`.`Insurance`, `d`.`Insurance_Date`, `d`.`Remarks`, `d`.`Renewal_Date`, `d`.`Updated_At`
FROM `Doctor_Insurance_Details` AS `d`
WHERE `d`.`Doctor_Id` = @__p_0

2024-08-02 20:26:59.476 +05:30  INF  Executed DbCommand (213ms) [Parameters=[@__p_0='?' (DbType = Int64)], CommandType='"Text"', CommandTimeout='30']
SELECT `d`.`Id`, `d`.`Bank_Account_Number`, `d`.`Bank_Name`, `d`.`Doctor_Id`, `d`.`Ifsc_Code`, `d`.`Remarks`, `d`.`Updated_At`
FROM `Doctor_Bank_Details` AS `d`
WHERE `d`.`Doctor_Id` = @__p_0

2024-08-02 20:27:00.113 +05:30  INF  Executed DbCommand (213ms) [Parameters=[@__p_0='?' (DbType = Int64)], CommandType='"Text"', CommandTimeout='30']
SELECT `d`.`Id`, `d`.`Doctor_Id`, `d`.`Medical_History`, `d`.`Remarks`, `d`.`Reminder_Date_For_Next`, `d`.`Updated_At`, `d`.`Vaccination_Date`, `d`.`Vaccination_Type`
FROM `Doctors_Vaccination` AS `d`
WHERE `d`.`Doctor_Id` = @__p_0

2024-08-02 20:27:00.757 +05:30  INF  Executed DbCommand (214ms) [Parameters=[@__doctorId_0='?' (DbType = Int32)], CommandType='"Text"', CommandTimeout='30']
SELECT `d`.`Id`, `d`.`Address_O`, `d`.`Address_Other`, `d`.`Address_R`, `d`.`City_O`, `d`.`City_Other`, `d`.`City_R`, `d`.`Country_O`, `d`.`Country_Other`, `d`.`Country_R`, `d`.`Created_At`, `d`.`Doctor_Id`, `d`.`Updated_At`, `d`.`Zip_O`, `d`.`Zip_Other`, `d`.`Zip_R`
FROM `Doctors_Address` AS `d`
WHERE `d`.`Doctor_Id` = @__doctorId_0

2024-08-02 20:27:10.313 +05:30  INF  Executing endpoint 'DCRM.Api.Controllers.DashboardController.Get (DCRM.Api)'

2024-08-02 20:27:10.313 +05:30  INF  Route matched with {action = "Get", controller = "Dashboard"}. Executing controller action with signature DCRM.Common.Dto.DashboardDto Get() on controller DCRM.Api.Controllers.DashboardController (DCRM.Api).

2024-08-02 20:28:55.347 +05:30  INF  User profile is available. Using 'C:\Users\pramo\AppData\Local\ASP.NET\DataProtection-Keys' as key repository and Windows DPAPI to encrypt keys at rest.

2024-08-02 20:28:55.582 +05:30  INF  Now listening on: https://localhost:7069

2024-08-02 20:28:55.582 +05:30  INF  Now listening on: http://localhost:5069

2024-08-02 20:28:55.716 +05:30  INF  Application started. Press Ctrl+C to shut down.

2024-08-02 20:28:55.716 +05:30  INF  Hosting environment: Development

2024-08-02 20:28:55.716 +05:30  INF  Content root path: C:\Projects\EZProjects\virmani_dotnet\DCRM.Api\

2024-08-02 20:28:56.058 +05:30  INF  Request starting HTTP/2 GET https://localhost:7069/swagger - -

2024-08-02 20:28:56.243 +05:30  INF  Request finished HTTP/2 GET https://localhost:7069/swagger - - - 301 0 - 190.1897ms

2024-08-02 20:28:56.251 +05:30  INF  Request starting HTTP/2 GET https://localhost:7069/swagger/index.html - -

2024-08-02 20:28:56.339 +05:30  INF  Request finished HTTP/2 GET https://localhost:7069/swagger/index.html - - - 200 - text/html;charset=utf-8 87.4624ms

2024-08-02 20:28:56.350 +05:30  INF  Request starting HTTP/2 GET https://localhost:7069/_framework/aspnetcore-browser-refresh.js - -

2024-08-02 20:28:56.350 +05:30  INF  Request starting HTTP/2 GET https://localhost:7069/swagger/swagger-ui.css - -

2024-08-02 20:28:56.350 +05:30  INF  Request starting HTTP/2 GET https://localhost:7069/swagger/swagger-ui-bundle.js - -

2024-08-02 20:28:56.350 +05:30  INF  Request starting HTTP/2 GET https://localhost:7069/swagger/swagger-ui-standalone-preset.js - -

2024-08-02 20:28:56.355 +05:30  INF  Request finished HTTP/2 GET https://localhost:7069/_framework/aspnetcore-browser-refresh.js - - - 200 11974 application/javascript;+charset=utf-8 4.9213ms

2024-08-02 20:28:56.399 +05:30  INF  Request starting HTTP/2 GET https://localhost:7069/_vs/browserLink - -

2024-08-02 20:28:56.405 +05:30  INF  Sending file. Request path: '/swagger-ui.css'. Physical path: 'N/A'

2024-08-02 20:28:56.405 +05:30  INF  Sending file. Request path: '/swagger-ui-bundle.js'. Physical path: 'N/A'

2024-08-02 20:28:56.405 +05:30  INF  Sending file. Request path: '/swagger-ui-standalone-preset.js'. Physical path: 'N/A'

2024-08-02 20:28:56.408 +05:30  INF  Request finished HTTP/2 GET https://localhost:7069/swagger/swagger-ui-bundle.js - - - 200 1092889 application/javascript 57.3414ms

2024-08-02 20:28:56.408 +05:30  INF  Request finished HTTP/2 GET https://localhost:7069/swagger/swagger-ui-standalone-preset.js - - - 200 337162 application/javascript 57.4049ms

2024-08-02 20:28:56.408 +05:30  INF  Request finished HTTP/2 GET https://localhost:7069/swagger/swagger-ui.css - - - 200 143632 text/css 57.3724ms

2024-08-02 20:28:56.460 +05:30  INF  Request finished HTTP/2 GET https://localhost:7069/_vs/browserLink - - - 200 - text/javascript;+charset=UTF-8 59.9966ms

2024-08-02 20:28:56.588 +05:30  INF  Request starting HTTP/2 GET https://localhost:7069/swagger/v1/swagger.json - -

2024-08-02 20:28:56.764 +05:30  INF  Request finished HTTP/2 GET https://localhost:7069/swagger/v1/swagger.json - - - 200 - application/json;charset=utf-8 175.9282ms

2024-08-02 20:29:08.177 +05:30  INF  Request starting HTTP/2 OPTIONS https://localhost:7069/api/Dashboard/Get - -

2024-08-02 20:29:08.185 +05:30  INF  CORS policy execution successful.

2024-08-02 20:29:08.187 +05:30  INF  Request finished HTTP/2 OPTIONS https://localhost:7069/api/Dashboard/Get - - - 204 - - 10.4499ms

2024-08-02 20:29:08.191 +05:30  INF  Request starting HTTP/2 GET https://localhost:7069/api/Dashboard/Get application/json -

2024-08-02 20:29:08.191 +05:30  INF  CORS policy execution successful.

2024-08-02 20:29:24.132 +05:30  INF  Executed DbCommand (645ms) [Parameters=[@__id_0='?' (DbType = Int64)], CommandType='"Text"', CommandTimeout='30']
SELECT `d`.`Id`, `d`.`Age`, `d`.`Blood_Group`, `d`.`Created_At`, `d`.`Dob`, `d`.`Email`, `d`.`Email2`, `d`.`Gender`, `d`.`Gst_Number`, `d`.`Is_Delete`, `d`.`Marital_Status`, `d`.`Name`, `d`.`Pan_Number`, `d`.`Password`, `d`.`Phone1`, `d`.`Phone2`, `d`.`Phone3`, `d`.`Phone4`, `d`.`Qualification`, `d`.`Role`, `d`.`Speciality`, `d`.`Thumb`, `d`.`Updated_At`, `d`.`User_Id`
FROM `Doctors` AS `d`
WHERE `d`.`Id` = @__id_0
LIMIT 1

2024-08-02 20:29:24.964 +05:30  INF  Executed DbCommand (212ms) [Parameters=[@__p_0='?' (DbType = Int64)], CommandType='"Text"', CommandTimeout='30']
SELECT `d`.`Id`, `d`.`Allow_Notifications`, `d`.`Amount_Insured`, `d`.`Amount_Paid`, `d`.`Doctor_Id`, `d`.`Insurance`, `d`.`Insurance_Date`, `d`.`Remarks`, `d`.`Renewal_Date`, `d`.`Updated_At`
FROM `Doctor_Insurance_Details` AS `d`
WHERE `d`.`Doctor_Id` = @__p_0

2024-08-02 20:29:25.625 +05:30  INF  Executed DbCommand (210ms) [Parameters=[@__p_0='?' (DbType = Int64)], CommandType='"Text"', CommandTimeout='30']
SELECT `d`.`Id`, `d`.`Bank_Account_Number`, `d`.`Bank_Name`, `d`.`Doctor_Id`, `d`.`Ifsc_Code`, `d`.`Remarks`, `d`.`Updated_At`
FROM `Doctor_Bank_Details` AS `d`
WHERE `d`.`Doctor_Id` = @__p_0

2024-08-02 20:29:26.273 +05:30  INF  Executed DbCommand (208ms) [Parameters=[@__p_0='?' (DbType = Int64)], CommandType='"Text"', CommandTimeout='30']
SELECT `d`.`Id`, `d`.`Doctor_Id`, `d`.`Medical_History`, `d`.`Remarks`, `d`.`Reminder_Date_For_Next`, `d`.`Updated_At`, `d`.`Vaccination_Date`, `d`.`Vaccination_Type`
FROM `Doctors_Vaccination` AS `d`
WHERE `d`.`Doctor_Id` = @__p_0

2024-08-02 20:29:26.917 +05:30  INF  Executed DbCommand (215ms) [Parameters=[@__doctorId_0='?' (DbType = Int32)], CommandType='"Text"', CommandTimeout='30']
SELECT `d`.`Id`, `d`.`Address_O`, `d`.`Address_Other`, `d`.`Address_R`, `d`.`City_O`, `d`.`City_Other`, `d`.`City_R`, `d`.`Country_O`, `d`.`Country_Other`, `d`.`Country_R`, `d`.`Created_At`, `d`.`Doctor_Id`, `d`.`Updated_At`, `d`.`Zip_O`, `d`.`Zip_Other`, `d`.`Zip_R`
FROM `Doctors_Address` AS `d`
WHERE `d`.`Doctor_Id` = @__doctorId_0

2024-08-02 20:29:26.964 +05:30  INF  Executing endpoint 'DCRM.Api.Controllers.DashboardController.Get (DCRM.Api)'

2024-08-02 20:29:27.010 +05:30  INF  Route matched with {action = "Get", controller = "Dashboard"}. Executing controller action with signature DCRM.Common.Dto.DashboardDto Get() on controller DCRM.Api.Controllers.DashboardController (DCRM.Api).

2024-08-02 20:30:05.501 +05:30  INF  Executing ObjectResult, writing value of type 'DCRM.Common.Dto.DashboardDto'.

2024-08-02 20:30:05.519 +05:30  INF  Executed action DCRM.Api.Controllers.DashboardController.Get (DCRM.Api) in 38496.4352ms

2024-08-02 20:30:05.520 +05:30  INF  Executed endpoint 'DCRM.Api.Controllers.DashboardController.Get (DCRM.Api)'

2024-08-02 20:30:05.544 +05:30  INF  Request finished HTTP/2 GET https://localhost:7069/api/Dashboard/Get application/json - - 200 - application/json;+charset=utf-8 57353.3138ms

2024-08-02 20:40:59.276 +05:30  INF  Request starting HTTP/2 OPTIONS https://localhost:7069/api/Authenticate/user - -

2024-08-02 20:40:59.281 +05:30  INF  CORS policy execution successful.

2024-08-02 20:40:59.282 +05:30  INF  Request finished HTTP/2 OPTIONS https://localhost:7069/api/Authenticate/user - - - 204 - - 5.8688ms

2024-08-02 20:40:59.285 +05:30  INF  Request starting HTTP/2 POST https://localhost:7069/api/Authenticate/user application/json 50

2024-08-02 20:40:59.286 +05:30  INF  CORS policy execution successful.

2024-08-02 20:41:01.187 +05:30  INF  Executing endpoint 'DCRM.Api.Controllers.AuthenticateController.Post (DCRM.Api)'

2024-08-02 20:41:01.208 +05:30  INF  Route matched with {action = "Post", controller = "Authenticate"}. Executing controller action with signature Microsoft.AspNetCore.Mvc.IActionResult Post(System.String, DCRM.Common.AuthenticateRequest) on controller DCRM.Api.Controllers.AuthenticateController (DCRM.Api).

2024-08-02 20:41:04.432 +05:30  INF  Executed DbCommand (225ms) [Parameters=[@__authenticateRequest_Email_0='?' (Size = 4000), @__authenticateRequest_Password_1='?' (Size = 4000)], CommandType='"Text"', CommandTimeout='30']
SELECT `u`.`Id`, `u`.`About_Me`, `u`.`Account_Type`, `u`.`Address`, `u`.`Available_Days`, `u`.`Bn_Name`, `u`.`City`, `u`.`Country`, `u`.`Created_At`, `u`.`Currency`, `u`.`Degree`, `u`.`Email`, `u`.`Email_Verified`, `u`.`Enable_Appointment`, `u`.`Enable_Rating`, `u`.`Exp_Years`, `u`.`Facebook`, `u`.`Google_Analytics`, `u`.`Image`, `u`.`Instagram`, `u`.`Linkedin`, `u`.`Name`, `u`.`Parent_Id`, `u`.`Password`, `u`.`Paypal_Email`, `u`.`Paypal_Mode`, `u`.`Paypal_Payment`, `u`.`Paystack_Payment`, `u`.`Paystack_Public_Key`, `u`.`Paystack_Secret_Key`, `u`.`Phone`, `u`.`Publish_Key`, `u`.`Qr_Code`, `u`.`Razorpay_Key_Id`, `u`.`Razorpay_Key_Secret`, `u`.`Razorpay_Payment`, `u`.`Role`, `u`.`Secret_Key`, `u`.`Skype`, `u`.`Slug`, `u`.`Specialist`, `u`.`Status`, `u`.`Stripe_Payment`, `u`.`Thumb`, `u`.`Trial_Expire`, `u`.`Twitter`, `u`.`User_Name`, `u`.`User_Type`, `u`.`Verify_Code`, `u`.`Whatsapp`
FROM `Users` AS `u`
WHERE ((`u`.`Status` = 1) AND (`u`.`Email` = @__authenticateRequest_Email_0)) AND (`u`.`Password` = @__authenticateRequest_Password_1)
LIMIT 2

2024-08-02 20:41:04.567 +05:30  INF  Executing OkObjectResult, writing value of type 'DCRM.Common.AuthenticateResponse'.

2024-08-02 20:41:04.572 +05:30  INF  Executed action DCRM.Api.Controllers.AuthenticateController.Post (DCRM.Api) in 3363.7806ms

2024-08-02 20:41:04.572 +05:30  INF  Executed endpoint 'DCRM.Api.Controllers.AuthenticateController.Post (DCRM.Api)'

2024-08-02 20:41:04.572 +05:30  INF  Request finished HTTP/2 POST https://localhost:7069/api/Authenticate/user application/json 50 - 200 - application/json;+charset=utf-8 5287.0965ms

2024-08-02 20:41:06.462 +05:30  INF  Request starting HTTP/2 OPTIONS https://localhost:7069/api/Dashboard/Get - -

2024-08-02 20:41:06.462 +05:30  INF  CORS policy execution successful.

2024-08-02 20:41:06.463 +05:30  INF  Request finished HTTP/2 OPTIONS https://localhost:7069/api/Dashboard/Get - - - 204 - - 0.4002ms

2024-08-02 20:41:06.465 +05:30  INF  Request starting HTTP/2 GET https://localhost:7069/api/Dashboard/Get application/json -

2024-08-02 20:41:06.465 +05:30  INF  CORS policy execution successful.

2024-08-02 20:42:23.848 +05:30  INF  Executed DbCommand (213ms) [Parameters=[@__id_0='?' (DbType = Int64)], CommandType='"Text"', CommandTimeout='30']
SELECT `u`.`Id`, `u`.`About_Me`, `u`.`Account_Type`, `u`.`Address`, `u`.`Available_Days`, `u`.`Bn_Name`, `u`.`City`, `u`.`Country`, `u`.`Created_At`, `u`.`Currency`, `u`.`Degree`, `u`.`Email`, `u`.`Email_Verified`, `u`.`Enable_Appointment`, `u`.`Enable_Rating`, `u`.`Exp_Years`, `u`.`Facebook`, `u`.`Google_Analytics`, `u`.`Image`, `u`.`Instagram`, `u`.`Linkedin`, `u`.`Name`, `u`.`Parent_Id`, `u`.`Password`, `u`.`Paypal_Email`, `u`.`Paypal_Mode`, `u`.`Paypal_Payment`, `u`.`Paystack_Payment`, `u`.`Paystack_Public_Key`, `u`.`Paystack_Secret_Key`, `u`.`Phone`, `u`.`Publish_Key`, `u`.`Qr_Code`, `u`.`Razorpay_Key_Id`, `u`.`Razorpay_Key_Secret`, `u`.`Razorpay_Payment`, `u`.`Role`, `u`.`Secret_Key`, `u`.`Skype`, `u`.`Slug`, `u`.`Specialist`, `u`.`Status`, `u`.`Stripe_Payment`, `u`.`Thumb`, `u`.`Trial_Expire`, `u`.`Twitter`, `u`.`User_Name`, `u`.`User_Type`, `u`.`Verify_Code`, `u`.`Whatsapp`
FROM `Users` AS `u`
WHERE `u`.`Id` = @__id_0
LIMIT 1

2024-08-02 20:42:23.848 +05:30  INF  Executing endpoint 'DCRM.Api.Controllers.DashboardController.Get (DCRM.Api)'

2024-08-02 20:42:23.848 +05:30  INF  Route matched with {action = "Get", controller = "Dashboard"}. Executing controller action with signature DCRM.Common.Dto.DashboardDto Get() on controller DCRM.Api.Controllers.DashboardController (DCRM.Api).

2024-08-02 20:42:26.979 +05:30  INF  Executed DbCommand (222ms) [Parameters=[@__p_0='?' (DbType = Int64)], CommandType='"Text"', CommandTimeout='30']
SELECT COUNT(*)
FROM `Patientses` AS `p`
WHERE (`p`.`User_Id` = @__p_0) AND (`p`.`Is_Delete` = 0)

2024-08-02 20:42:27.623 +05:30  INF  Executed DbCommand (214ms) [Parameters=[@__userId_0='?' (DbType = Int32)], CommandType='"Text"', CommandTimeout='30']
SELECT COUNT(*)
FROM `Staffs` AS `s`
WHERE (`s`.`User_Id` = @__userId_0) AND (`s`.`Is_Deleted` = 0)

2024-08-02 20:42:28.269 +05:30  INF  Executed DbCommand (216ms) [Parameters=[@__userId_0='?' (DbType = Int32)], CommandType='"Text"', CommandTimeout='30']
SELECT COUNT(*)
FROM `Appointments` AS `a`
WHERE (`a`.`User_Id` = @__userId_0) AND (`a`.`Is_Delete` = 0)

2024-08-02 20:42:28.939 +05:30  INF  Executed DbCommand (215ms) [Parameters=[@__userId_0='?' (DbType = Int32)], CommandType='"Text"', CommandTimeout='30']
SELECT COUNT(*)
FROM `Appointments` AS `a`
WHERE ((`a`.`User_Id` = @__userId_0) AND (`a`.`Is_Delete` = 0)) AND (`a`.`Date` = CURDATE())

2024-08-02 20:42:28.939 +05:30  INF  Executing ObjectResult, writing value of type 'DCRM.Common.Dto.DashboardDto'.

2024-08-02 20:42:28.940 +05:30  INF  Executed action DCRM.Api.Controllers.DashboardController.Get (DCRM.Api) in 5091.1438ms

2024-08-02 20:42:28.940 +05:30  INF  Executed endpoint 'DCRM.Api.Controllers.DashboardController.Get (DCRM.Api)'

2024-08-02 20:42:28.940 +05:30  INF  Request finished HTTP/2 GET https://localhost:7069/api/Dashboard/Get application/json - - 200 - application/json;+charset=utf-8 82474.6088ms

2024-08-02 20:43:31.597 +05:30  INF  Request starting HTTP/2 OPTIONS https://localhost:7069/api/Doctor/GetAll - -

2024-08-02 20:43:31.615 +05:30  INF  CORS policy execution successful.

2024-08-02 20:43:31.618 +05:30  INF  Request finished HTTP/2 OPTIONS https://localhost:7069/api/Doctor/GetAll - - - 204 - - 20.6560ms

2024-08-02 20:43:31.626 +05:30  INF  Request starting HTTP/2 GET https://localhost:7069/api/Doctor/GetAll application/json -

2024-08-02 20:43:31.627 +05:30  INF  CORS policy execution successful.

2024-08-02 20:43:35.320 +05:30  INF  Executed DbCommand (221ms) [Parameters=[@__id_0='?' (DbType = Int64)], CommandType='"Text"', CommandTimeout='30']
SELECT `u`.`Id`, `u`.`About_Me`, `u`.`Account_Type`, `u`.`Address`, `u`.`Available_Days`, `u`.`Bn_Name`, `u`.`City`, `u`.`Country`, `u`.`Created_At`, `u`.`Currency`, `u`.`Degree`, `u`.`Email`, `u`.`Email_Verified`, `u`.`Enable_Appointment`, `u`.`Enable_Rating`, `u`.`Exp_Years`, `u`.`Facebook`, `u`.`Google_Analytics`, `u`.`Image`, `u`.`Instagram`, `u`.`Linkedin`, `u`.`Name`, `u`.`Parent_Id`, `u`.`Password`, `u`.`Paypal_Email`, `u`.`Paypal_Mode`, `u`.`Paypal_Payment`, `u`.`Paystack_Payment`, `u`.`Paystack_Public_Key`, `u`.`Paystack_Secret_Key`, `u`.`Phone`, `u`.`Publish_Key`, `u`.`Qr_Code`, `u`.`Razorpay_Key_Id`, `u`.`Razorpay_Key_Secret`, `u`.`Razorpay_Payment`, `u`.`Role`, `u`.`Secret_Key`, `u`.`Skype`, `u`.`Slug`, `u`.`Specialist`, `u`.`Status`, `u`.`Stripe_Payment`, `u`.`Thumb`, `u`.`Trial_Expire`, `u`.`Twitter`, `u`.`User_Name`, `u`.`User_Type`, `u`.`Verify_Code`, `u`.`Whatsapp`
FROM `Users` AS `u`
WHERE `u`.`Id` = @__id_0
LIMIT 1

2024-08-02 20:43:35.321 +05:30  INF  Executing endpoint 'DCRM.Api.Controllers.DoctorController.GetAll (DCRM.Api)'

2024-08-02 20:43:35.322 +05:30  INF  Route matched with {action = "GetAll", controller = "Doctor"}. Executing controller action with signature System.Collections.Generic.IEnumerable`1[DCRM.Common.Dto.DoctorDto] GetAll() on controller DCRM.Api.Controllers.DoctorController (DCRM.Api).

2024-08-02 20:43:36.213 +05:30  INF  Executed DbCommand (448ms) [Parameters=[@__p_0='?' (DbType = Int64)], CommandType='"Text"', CommandTimeout='30']
SELECT `d`.`Id`, `d`.`Age`, `d`.`Blood_Group`, `d`.`Created_At`, `d`.`Dob`, `d`.`Email`, `d`.`Email2`, `d`.`Gender`, `d`.`Gst_Number`, `d`.`Is_Delete`, `d`.`Marital_Status`, `d`.`Name`, `d`.`Pan_Number`, `d`.`Password`, `d`.`Phone1`, `d`.`Phone2`, `d`.`Phone3`, `d`.`Phone4`, `d`.`Qualification`, `d`.`Role`, `d`.`Speciality`, `d`.`Thumb`, `d`.`Updated_At`, `d`.`User_Id`
FROM `Doctors` AS `d`
WHERE (`d`.`User_Id` = @__p_0) AND (`d`.`Is_Delete` = 0)

2024-08-02 20:43:37.327 +05:30  INF  Executing ObjectResult, writing value of type 'System.Collections.Generic.List`1[[DCRM.Common.Dto.DoctorDto, DCRM.Common, Version=1.0.0.0, Culture=neutral, PublicKeyToken=null]]'.

2024-08-02 20:43:37.400 +05:30  INF  Executed action DCRM.Api.Controllers.DoctorController.GetAll (DCRM.Api) in 2078.1114ms

2024-08-02 20:43:37.401 +05:30  INF  Executed endpoint 'DCRM.Api.Controllers.DoctorController.GetAll (DCRM.Api)'

2024-08-02 20:43:37.402 +05:30  INF  Request finished HTTP/2 GET https://localhost:7069/api/Doctor/GetAll application/json - - 200 - application/json;+charset=utf-8 5776.0703ms

2024-08-02 20:43:40.320 +05:30  INF  Request starting HTTP/2 OPTIONS https://localhost:7069/api/Doctor/Get/27 - -

2024-08-02 20:43:40.320 +05:30  INF  CORS policy execution successful.

2024-08-02 20:43:40.320 +05:30  INF  Request finished HTTP/2 OPTIONS https://localhost:7069/api/Doctor/Get/27 - - - 204 - - 0.2882ms

2024-08-02 20:43:40.323 +05:30  INF  Request starting HTTP/2 GET https://localhost:7069/api/Doctor/Get/27 application/json -

2024-08-02 20:43:40.323 +05:30  INF  CORS policy execution successful.

2024-08-02 20:43:47.394 +05:30  INF  Executed DbCommand (225ms) [Parameters=[@__id_0='?' (DbType = Int64)], CommandType='"Text"', CommandTimeout='30']
SELECT `u`.`Id`, `u`.`About_Me`, `u`.`Account_Type`, `u`.`Address`, `u`.`Available_Days`, `u`.`Bn_Name`, `u`.`City`, `u`.`Country`, `u`.`Created_At`, `u`.`Currency`, `u`.`Degree`, `u`.`Email`, `u`.`Email_Verified`, `u`.`Enable_Appointment`, `u`.`Enable_Rating`, `u`.`Exp_Years`, `u`.`Facebook`, `u`.`Google_Analytics`, `u`.`Image`, `u`.`Instagram`, `u`.`Linkedin`, `u`.`Name`, `u`.`Parent_Id`, `u`.`Password`, `u`.`Paypal_Email`, `u`.`Paypal_Mode`, `u`.`Paypal_Payment`, `u`.`Paystack_Payment`, `u`.`Paystack_Public_Key`, `u`.`Paystack_Secret_Key`, `u`.`Phone`, `u`.`Publish_Key`, `u`.`Qr_Code`, `u`.`Razorpay_Key_Id`, `u`.`Razorpay_Key_Secret`, `u`.`Razorpay_Payment`, `u`.`Role`, `u`.`Secret_Key`, `u`.`Skype`, `u`.`Slug`, `u`.`Specialist`, `u`.`Status`, `u`.`Stripe_Payment`, `u`.`Thumb`, `u`.`Trial_Expire`, `u`.`Twitter`, `u`.`User_Name`, `u`.`User_Type`, `u`.`Verify_Code`, `u`.`Whatsapp`
FROM `Users` AS `u`
WHERE `u`.`Id` = @__id_0
LIMIT 1

2024-08-02 20:43:47.395 +05:30  INF  Executing endpoint 'DCRM.Api.Controllers.DoctorController.Get (DCRM.Api)'

2024-08-02 20:43:47.396 +05:30  INF  Route matched with {action = "Get", controller = "Doctor"}. Executing controller action with signature DCRM.Common.Dto.DoctorDto Get(Int64) on controller DCRM.Api.Controllers.DoctorController (DCRM.Api).

2024-08-02 20:43:49.148 +05:30  INF  Executed DbCommand (1,317ms) [Parameters=[@__id_0='?' (DbType = Int64)], CommandType='"Text"', CommandTimeout='30']
SELECT `d`.`Id`, `d`.`Age`, `d`.`Blood_Group`, `d`.`Created_At`, `d`.`Dob`, `d`.`Email`, `d`.`Email2`, `d`.`Gender`, `d`.`Gst_Number`, `d`.`Is_Delete`, `d`.`Marital_Status`, `d`.`Name`, `d`.`Pan_Number`, `d`.`Password`, `d`.`Phone1`, `d`.`Phone2`, `d`.`Phone3`, `d`.`Phone4`, `d`.`Qualification`, `d`.`Role`, `d`.`Speciality`, `d`.`Thumb`, `d`.`Updated_At`, `d`.`User_Id`
FROM `Doctors` AS `d`
WHERE `d`.`Id` = @__id_0
LIMIT 1

2024-08-02 20:43:49.802 +05:30  INF  Executed DbCommand (219ms) [Parameters=[@__p_0='?' (DbType = Int64)], CommandType='"Text"', CommandTimeout='30']
SELECT `d`.`Id`, `d`.`Allow_Notifications`, `d`.`Amount_Insured`, `d`.`Amount_Paid`, `d`.`Doctor_Id`, `d`.`Insurance`, `d`.`Insurance_Date`, `d`.`Remarks`, `d`.`Renewal_Date`, `d`.`Updated_At`
FROM `Doctor_Insurance_Details` AS `d`
WHERE `d`.`Doctor_Id` = @__p_0

2024-08-02 20:43:50.458 +05:30  INF  Executed DbCommand (218ms) [Parameters=[@__p_0='?' (DbType = Int64)], CommandType='"Text"', CommandTimeout='30']
SELECT `d`.`Id`, `d`.`Bank_Account_Number`, `d`.`Bank_Name`, `d`.`Doctor_Id`, `d`.`Ifsc_Code`, `d`.`Remarks`, `d`.`Updated_At`
FROM `Doctor_Bank_Details` AS `d`
WHERE `d`.`Doctor_Id` = @__p_0

2024-08-02 20:43:51.116 +05:30  INF  Executed DbCommand (220ms) [Parameters=[@__p_0='?' (DbType = Int64)], CommandType='"Text"', CommandTimeout='30']
SELECT `d`.`Id`, `d`.`Doctor_Id`, `d`.`Medical_History`, `d`.`Remarks`, `d`.`Reminder_Date_For_Next`, `d`.`Updated_At`, `d`.`Vaccination_Date`, `d`.`Vaccination_Type`
FROM `Doctors_Vaccination` AS `d`
WHERE `d`.`Doctor_Id` = @__p_0

2024-08-02 20:43:51.774 +05:30  INF  Executed DbCommand (220ms) [Parameters=[@__doctorId_0='?' (DbType = Int32)], CommandType='"Text"', CommandTimeout='30']
SELECT `d`.`Id`, `d`.`Address_O`, `d`.`Address_Other`, `d`.`Address_R`, `d`.`City_O`, `d`.`City_Other`, `d`.`City_R`, `d`.`Country_O`, `d`.`Country_Other`, `d`.`Country_R`, `d`.`Created_At`, `d`.`Doctor_Id`, `d`.`Updated_At`, `d`.`Zip_O`, `d`.`Zip_Other`, `d`.`Zip_R`
FROM `Doctors_Address` AS `d`
WHERE `d`.`Doctor_Id` = @__doctorId_0

2024-08-02 20:43:51.774 +05:30  INF  Executing ObjectResult, writing value of type 'DCRM.Common.Dto.DoctorDto'.

2024-08-02 20:43:51.811 +05:30  INF  Executed action DCRM.Api.Controllers.DoctorController.Get (DCRM.Api) in 4414.9397ms

2024-08-02 20:43:51.811 +05:30  INF  Executed endpoint 'DCRM.Api.Controllers.DoctorController.Get (DCRM.Api)'

2024-08-02 20:43:51.811 +05:30  INF  Request finished HTTP/2 GET https://localhost:7069/api/Doctor/Get/27 application/json - - 200 - application/json;+charset=utf-8 11488.1431ms

2024-08-02 22:31:04.306 +05:30  INF  Request starting HTTP/2 OPTIONS https://localhost:7069/api/Appointment/GetAppointmentWithPatient - -

2024-08-02 22:31:04.307 +05:30  INF  CORS policy execution successful.

2024-08-02 22:31:04.307 +05:30  INF  Request finished HTTP/2 OPTIONS https://localhost:7069/api/Appointment/GetAppointmentWithPatient - - - 204 - - 0.6771ms

2024-08-02 22:31:04.309 +05:30  INF  Request starting HTTP/2 GET https://localhost:7069/api/Appointment/GetAppointmentWithPatient application/json -

2024-08-02 22:31:04.312 +05:30  INF  CORS policy execution successful.

2024-08-02 22:31:07.279 +05:30  INF  Executed DbCommand (211ms) [Parameters=[@__id_0='?' (DbType = Int64)], CommandType='"Text"', CommandTimeout='30']
SELECT `u`.`Id`, `u`.`About_Me`, `u`.`Account_Type`, `u`.`Address`, `u`.`Available_Days`, `u`.`Bn_Name`, `u`.`City`, `u`.`Country`, `u`.`Created_At`, `u`.`Currency`, `u`.`Degree`, `u`.`Email`, `u`.`Email_Verified`, `u`.`Enable_Appointment`, `u`.`Enable_Rating`, `u`.`Exp_Years`, `u`.`Facebook`, `u`.`Google_Analytics`, `u`.`Image`, `u`.`Instagram`, `u`.`Linkedin`, `u`.`Name`, `u`.`Parent_Id`, `u`.`Password`, `u`.`Paypal_Email`, `u`.`Paypal_Mode`, `u`.`Paypal_Payment`, `u`.`Paystack_Payment`, `u`.`Paystack_Public_Key`, `u`.`Paystack_Secret_Key`, `u`.`Phone`, `u`.`Publish_Key`, `u`.`Qr_Code`, `u`.`Razorpay_Key_Id`, `u`.`Razorpay_Key_Secret`, `u`.`Razorpay_Payment`, `u`.`Role`, `u`.`Secret_Key`, `u`.`Skype`, `u`.`Slug`, `u`.`Specialist`, `u`.`Status`, `u`.`Stripe_Payment`, `u`.`Thumb`, `u`.`Trial_Expire`, `u`.`Twitter`, `u`.`User_Name`, `u`.`User_Type`, `u`.`Verify_Code`, `u`.`Whatsapp`
FROM `Users` AS `u`
WHERE `u`.`Id` = @__id_0
LIMIT 1

2024-08-02 22:31:07.279 +05:30  INF  Executing endpoint 'DCRM.Api.Controllers.AppointmentController.GetAppointmentWithPatient (DCRM.Api)'

2024-08-02 22:31:07.280 +05:30  INF  Route matched with {action = "GetAppointmentWithPatient", controller = "Appointment"}. Executing controller action with signature System.Collections.Generic.List`1[DCRM.Common.Dto.AppointmentDto] GetAppointmentWithPatient() on controller DCRM.Api.Controllers.AppointmentController (DCRM.Api).

2024-08-02 22:31:07.917 +05:30  INF  Executed DbCommand (218ms) [Parameters=[], CommandType='"Text"', CommandTimeout='30']
SELECT `a`.`Id`, `a`.`Appointment_Status`, `a`.`Cause`, `a`.`Chair`, `a`.`Chamber_Id`, `a`.`Created_At`, `a`.`Date`, `a`.`Doctor_Id`, `a`.`Doctor_Name`, `a`.`End_Time`, `a`.`Extra_Notes`, `a`.`Files`, `a`.`Is_Delete`, `a`.`Is_Start`, `a`.`Meeting_Notes`, `a`.`Number_Of_Slot`, `a`.`Patient_Id`, `a`.`Prescription_Id`, `a`.`Serial_Id`, `a`.`Slot_Time`, `a`.`Start_Time`, `a`.`Status`, `a`.`Type`, `a`.`User_Id`, `a`.`Workdone_Id`
FROM `Appointments` AS `a`
WHERE `a`.`Is_Delete` = 0

2024-08-02 22:31:08.753 +05:30  INF  Executed DbCommand (209ms) [Parameters=[], CommandType='"Text"', CommandTimeout='30']
SELECT `p`.`Id`, `p`.`Age`, `p`.`Chamber_Id`, `p`.`Created_At`, `p`.`Email`, `p`.`Guardian`, `p`.`Is_Delete`, `p`.`Mobile`, `p`.`Mr_Number`, `p`.`Name`, `p`.`Password`, `p`.`Permanent_Address`, `p`.`Present_Address`, `p`.`Role`, `p`.`Sex`, `p`.`Slug`, `p`.`Thumb`, `p`.`Title`, `p`.`UserName`, `p`.`User_Id`, `p`.`Verify_Code`, `p`.`Weight`
FROM `Patientses` AS `p`
WHERE `p`.`Is_Delete` = 0

2024-08-02 22:31:09.681 +05:30  INF  Request starting HTTP/2 OPTIONS https://localhost:7069/api/Appointment/GetAppointmentWithPatient - -

2024-08-02 22:31:09.681 +05:30  INF  CORS policy execution successful.

2024-08-02 22:31:09.681 +05:30  INF  Request finished HTTP/2 OPTIONS https://localhost:7069/api/Appointment/GetAppointmentWithPatient - - - 204 - - 0.3083ms

2024-08-02 22:31:10.024 +05:30  INF  Executed DbCommand (215ms) [Parameters=[], CommandType='"Text"', CommandTimeout='30']
SELECT `d`.`Id`, `d`.`Age`, `d`.`Blood_Group`, `d`.`Created_At`, `d`.`Dob`, `d`.`Email`, `d`.`Email2`, `d`.`Gender`, `d`.`Gst_Number`, `d`.`Is_Delete`, `d`.`Marital_Status`, `d`.`Name`, `d`.`Pan_Number`, `d`.`Password`, `d`.`Phone1`, `d`.`Phone2`, `d`.`Phone3`, `d`.`Phone4`, `d`.`Qualification`, `d`.`Role`, `d`.`Speciality`, `d`.`Thumb`, `d`.`Updated_At`, `d`.`User_Id`
FROM `Doctors` AS `d`

2024-08-02 22:31:10.097 +05:30  INF  Executing ObjectResult, writing value of type 'System.Collections.Generic.List`1[[DCRM.Common.Dto.AppointmentDto, DCRM.Common, Version=1.0.0.0, Culture=neutral, PublicKeyToken=null]]'.

2024-08-02 22:31:10.130 +05:30  INF  Executed action DCRM.Api.Controllers.AppointmentController.GetAppointmentWithPatient (DCRM.Api) in 2849.6567ms

2024-08-02 22:31:10.130 +05:30  INF  Executed endpoint 'DCRM.Api.Controllers.AppointmentController.GetAppointmentWithPatient (DCRM.Api)'

2024-08-02 22:31:10.131 +05:30  INF  Request starting HTTP/2 GET https://localhost:7069/api/Appointment/GetAppointmentWithPatient application/json -

2024-08-02 22:31:10.131 +05:30  INF  Request finished HTTP/2 GET https://localhost:7069/api/Appointment/GetAppointmentWithPatient application/json - - 200 - application/json;+charset=utf-8 5821.6055ms

2024-08-02 22:31:10.131 +05:30  INF  CORS policy execution successful.

2024-08-02 22:31:10.751 +05:30  INF  Executed DbCommand (209ms) [Parameters=[@__id_0='?' (DbType = Int64)], CommandType='"Text"', CommandTimeout='30']
SELECT `u`.`Id`, `u`.`About_Me`, `u`.`Account_Type`, `u`.`Address`, `u`.`Available_Days`, `u`.`Bn_Name`, `u`.`City`, `u`.`Country`, `u`.`Created_At`, `u`.`Currency`, `u`.`Degree`, `u`.`Email`, `u`.`Email_Verified`, `u`.`Enable_Appointment`, `u`.`Enable_Rating`, `u`.`Exp_Years`, `u`.`Facebook`, `u`.`Google_Analytics`, `u`.`Image`, `u`.`Instagram`, `u`.`Linkedin`, `u`.`Name`, `u`.`Parent_Id`, `u`.`Password`, `u`.`Paypal_Email`, `u`.`Paypal_Mode`, `u`.`Paypal_Payment`, `u`.`Paystack_Payment`, `u`.`Paystack_Public_Key`, `u`.`Paystack_Secret_Key`, `u`.`Phone`, `u`.`Publish_Key`, `u`.`Qr_Code`, `u`.`Razorpay_Key_Id`, `u`.`Razorpay_Key_Secret`, `u`.`Razorpay_Payment`, `u`.`Role`, `u`.`Secret_Key`, `u`.`Skype`, `u`.`Slug`, `u`.`Specialist`, `u`.`Status`, `u`.`Stripe_Payment`, `u`.`Thumb`, `u`.`Trial_Expire`, `u`.`Twitter`, `u`.`User_Name`, `u`.`User_Type`, `u`.`Verify_Code`, `u`.`Whatsapp`
FROM `Users` AS `u`
WHERE `u`.`Id` = @__id_0
LIMIT 1

2024-08-02 22:31:10.751 +05:30  INF  Executing endpoint 'DCRM.Api.Controllers.AppointmentController.GetAppointmentWithPatient (DCRM.Api)'

2024-08-02 22:31:10.751 +05:30  INF  Route matched with {action = "GetAppointmentWithPatient", controller = "Appointment"}. Executing controller action with signature System.Collections.Generic.List`1[DCRM.Common.Dto.AppointmentDto] GetAppointmentWithPatient() on controller DCRM.Api.Controllers.AppointmentController (DCRM.Api).

2024-08-02 22:31:11.371 +05:30  INF  Executed DbCommand (208ms) [Parameters=[], CommandType='"Text"', CommandTimeout='30']
SELECT `a`.`Id`, `a`.`Appointment_Status`, `a`.`Cause`, `a`.`Chair`, `a`.`Chamber_Id`, `a`.`Created_At`, `a`.`Date`, `a`.`Doctor_Id`, `a`.`Doctor_Name`, `a`.`End_Time`, `a`.`Extra_Notes`, `a`.`Files`, `a`.`Is_Delete`, `a`.`Is_Start`, `a`.`Meeting_Notes`, `a`.`Number_Of_Slot`, `a`.`Patient_Id`, `a`.`Prescription_Id`, `a`.`Serial_Id`, `a`.`Slot_Time`, `a`.`Start_Time`, `a`.`Status`, `a`.`Type`, `a`.`User_Id`, `a`.`Workdone_Id`
FROM `Appointments` AS `a`
WHERE `a`.`Is_Delete` = 0

2024-08-02 22:31:12.006 +05:30  INF  Executed DbCommand (211ms) [Parameters=[], CommandType='"Text"', CommandTimeout='30']
SELECT `p`.`Id`, `p`.`Age`, `p`.`Chamber_Id`, `p`.`Created_At`, `p`.`Email`, `p`.`Guardian`, `p`.`Is_Delete`, `p`.`Mobile`, `p`.`Mr_Number`, `p`.`Name`, `p`.`Password`, `p`.`Permanent_Address`, `p`.`Present_Address`, `p`.`Role`, `p`.`Sex`, `p`.`Slug`, `p`.`Thumb`, `p`.`Title`, `p`.`UserName`, `p`.`User_Id`, `p`.`Verify_Code`, `p`.`Weight`
FROM `Patientses` AS `p`
WHERE `p`.`Is_Delete` = 0

2024-08-02 22:31:12.653 +05:30  INF  Executed DbCommand (206ms) [Parameters=[], CommandType='"Text"', CommandTimeout='30']
SELECT `d`.`Id`, `d`.`Age`, `d`.`Blood_Group`, `d`.`Created_At`, `d`.`Dob`, `d`.`Email`, `d`.`Email2`, `d`.`Gender`, `d`.`Gst_Number`, `d`.`Is_Delete`, `d`.`Marital_Status`, `d`.`Name`, `d`.`Pan_Number`, `d`.`Password`, `d`.`Phone1`, `d`.`Phone2`, `d`.`Phone3`, `d`.`Phone4`, `d`.`Qualification`, `d`.`Role`, `d`.`Speciality`, `d`.`Thumb`, `d`.`Updated_At`, `d`.`User_Id`
FROM `Doctors` AS `d`

2024-08-02 22:31:12.675 +05:30  INF  Executing ObjectResult, writing value of type 'System.Collections.Generic.List`1[[DCRM.Common.Dto.AppointmentDto, DCRM.Common, Version=1.0.0.0, Culture=neutral, PublicKeyToken=null]]'.

2024-08-02 22:31:12.677 +05:30  INF  Executed action DCRM.Api.Controllers.AppointmentController.GetAppointmentWithPatient (DCRM.Api) in 1925.2832ms

2024-08-02 22:31:12.677 +05:30  INF  Executed endpoint 'DCRM.Api.Controllers.AppointmentController.GetAppointmentWithPatient (DCRM.Api)'

2024-08-02 22:31:12.677 +05:30  INF  Request finished HTTP/2 GET https://localhost:7069/api/Appointment/GetAppointmentWithPatient application/json - - 200 - application/json;+charset=utf-8 2546.3712ms

2024-08-02 22:31:13.786 +05:30  INF  Request starting HTTP/2 OPTIONS https://localhost:7069/api/Authenticate/user - -

2024-08-02 22:31:13.786 +05:30  INF  CORS policy execution successful.

2024-08-02 22:31:13.787 +05:30  INF  Request finished HTTP/2 OPTIONS https://localhost:7069/api/Authenticate/user - - - 204 - - 0.2569ms

2024-08-02 22:31:13.789 +05:30  INF  Request starting HTTP/2 POST https://localhost:7069/api/Authenticate/user application/json 50

2024-08-02 22:31:13.789 +05:30  INF  CORS policy execution successful.

2024-08-02 22:31:13.789 +05:30  INF  Executing endpoint 'DCRM.Api.Controllers.AuthenticateController.Post (DCRM.Api)'

2024-08-02 22:31:13.789 +05:30  INF  Route matched with {action = "Post", controller = "Authenticate"}. Executing controller action with signature Microsoft.AspNetCore.Mvc.IActionResult Post(System.String, DCRM.Common.AuthenticateRequest) on controller DCRM.Api.Controllers.AuthenticateController (DCRM.Api).

2024-08-02 22:31:14.412 +05:30  INF  Executed DbCommand (208ms) [Parameters=[@__authenticateRequest_Email_0='?' (Size = 4000), @__authenticateRequest_Password_1='?' (Size = 4000)], CommandType='"Text"', CommandTimeout='30']
SELECT `u`.`Id`, `u`.`About_Me`, `u`.`Account_Type`, `u`.`Address`, `u`.`Available_Days`, `u`.`Bn_Name`, `u`.`City`, `u`.`Country`, `u`.`Created_At`, `u`.`Currency`, `u`.`Degree`, `u`.`Email`, `u`.`Email_Verified`, `u`.`Enable_Appointment`, `u`.`Enable_Rating`, `u`.`Exp_Years`, `u`.`Facebook`, `u`.`Google_Analytics`, `u`.`Image`, `u`.`Instagram`, `u`.`Linkedin`, `u`.`Name`, `u`.`Parent_Id`, `u`.`Password`, `u`.`Paypal_Email`, `u`.`Paypal_Mode`, `u`.`Paypal_Payment`, `u`.`Paystack_Payment`, `u`.`Paystack_Public_Key`, `u`.`Paystack_Secret_Key`, `u`.`Phone`, `u`.`Publish_Key`, `u`.`Qr_Code`, `u`.`Razorpay_Key_Id`, `u`.`Razorpay_Key_Secret`, `u`.`Razorpay_Payment`, `u`.`Role`, `u`.`Secret_Key`, `u`.`Skype`, `u`.`Slug`, `u`.`Specialist`, `u`.`Status`, `u`.`Stripe_Payment`, `u`.`Thumb`, `u`.`Trial_Expire`, `u`.`Twitter`, `u`.`User_Name`, `u`.`User_Type`, `u`.`Verify_Code`, `u`.`Whatsapp`
FROM `Users` AS `u`
WHERE ((`u`.`Status` = 1) AND (`u`.`Email` = @__authenticateRequest_Email_0)) AND (`u`.`Password` = @__authenticateRequest_Password_1)
LIMIT 2

2024-08-02 22:31:14.412 +05:30  INF  Executing OkObjectResult, writing value of type 'DCRM.Common.AuthenticateResponse'.

2024-08-02 22:31:14.412 +05:30  INF  Executed action DCRM.Api.Controllers.AuthenticateController.Post (DCRM.Api) in 623.1154ms

2024-08-02 22:31:14.412 +05:30  INF  Executed endpoint 'DCRM.Api.Controllers.AuthenticateController.Post (DCRM.Api)'

2024-08-02 22:31:14.412 +05:30  INF  Request finished HTTP/2 POST https://localhost:7069/api/Authenticate/user application/json 50 - 200 - application/json;+charset=utf-8 623.7704ms

2024-08-02 22:31:14.421 +05:30  INF  Request starting HTTP/2 OPTIONS https://localhost:7069/api/Dashboard/Get - -

2024-08-02 22:31:14.421 +05:30  INF  CORS policy execution successful.

2024-08-02 22:31:14.421 +05:30  INF  Request finished HTTP/2 OPTIONS https://localhost:7069/api/Dashboard/Get - - - 204 - - 0.2485ms

2024-08-02 22:31:14.424 +05:30  INF  Request starting HTTP/2 GET https://localhost:7069/api/Dashboard/Get application/json -

2024-08-02 22:31:14.424 +05:30  INF  CORS policy execution successful.

2024-08-02 22:31:15.045 +05:30  INF  Executed DbCommand (209ms) [Parameters=[@__id_0='?' (DbType = Int64)], CommandType='"Text"', CommandTimeout='30']
SELECT `u`.`Id`, `u`.`About_Me`, `u`.`Account_Type`, `u`.`Address`, `u`.`Available_Days`, `u`.`Bn_Name`, `u`.`City`, `u`.`Country`, `u`.`Created_At`, `u`.`Currency`, `u`.`Degree`, `u`.`Email`, `u`.`Email_Verified`, `u`.`Enable_Appointment`, `u`.`Enable_Rating`, `u`.`Exp_Years`, `u`.`Facebook`, `u`.`Google_Analytics`, `u`.`Image`, `u`.`Instagram`, `u`.`Linkedin`, `u`.`Name`, `u`.`Parent_Id`, `u`.`Password`, `u`.`Paypal_Email`, `u`.`Paypal_Mode`, `u`.`Paypal_Payment`, `u`.`Paystack_Payment`, `u`.`Paystack_Public_Key`, `u`.`Paystack_Secret_Key`, `u`.`Phone`, `u`.`Publish_Key`, `u`.`Qr_Code`, `u`.`Razorpay_Key_Id`, `u`.`Razorpay_Key_Secret`, `u`.`Razorpay_Payment`, `u`.`Role`, `u`.`Secret_Key`, `u`.`Skype`, `u`.`Slug`, `u`.`Specialist`, `u`.`Status`, `u`.`Stripe_Payment`, `u`.`Thumb`, `u`.`Trial_Expire`, `u`.`Twitter`, `u`.`User_Name`, `u`.`User_Type`, `u`.`Verify_Code`, `u`.`Whatsapp`
FROM `Users` AS `u`
WHERE `u`.`Id` = @__id_0
LIMIT 1

2024-08-02 22:31:15.045 +05:30  INF  Executing endpoint 'DCRM.Api.Controllers.DashboardController.Get (DCRM.Api)'

2024-08-02 22:31:15.045 +05:30  INF  Route matched with {action = "Get", controller = "Dashboard"}. Executing controller action with signature DCRM.Common.Dto.DashboardDto Get() on controller DCRM.Api.Controllers.DashboardController (DCRM.Api).

2024-08-02 22:31:22.392 +05:30  INF  Executed DbCommand (209ms) [Parameters=[@__p_0='?' (DbType = Int64)], CommandType='"Text"', CommandTimeout='30']
SELECT COUNT(*)
FROM `Patientses` AS `p`
WHERE (`p`.`User_Id` = @__p_0) AND (`p`.`Is_Delete` = 0)

2024-08-02 22:31:23.011 +05:30  INF  Executed DbCommand (207ms) [Parameters=[@__userId_0='?' (DbType = Int32)], CommandType='"Text"', CommandTimeout='30']
SELECT COUNT(*)
FROM `Staffs` AS `s`
WHERE (`s`.`User_Id` = @__userId_0) AND (`s`.`Is_Deleted` = 0)

2024-08-02 22:31:23.637 +05:30  INF  Executed DbCommand (207ms) [Parameters=[@__userId_0='?' (DbType = Int32)], CommandType='"Text"', CommandTimeout='30']
SELECT COUNT(*)
FROM `Appointments` AS `a`
WHERE (`a`.`User_Id` = @__userId_0) AND (`a`.`Is_Delete` = 0)

2024-08-02 22:31:24.258 +05:30  INF  Executed DbCommand (207ms) [Parameters=[@__userId_0='?' (DbType = Int32)], CommandType='"Text"', CommandTimeout='30']
SELECT COUNT(*)
FROM `Appointments` AS `a`
WHERE ((`a`.`User_Id` = @__userId_0) AND (`a`.`Is_Delete` = 0)) AND (`a`.`Date` = CURDATE())

2024-08-02 22:31:24.258 +05:30  INF  Executing ObjectResult, writing value of type 'DCRM.Common.Dto.DashboardDto'.

2024-08-02 22:31:24.258 +05:30  INF  Executed action DCRM.Api.Controllers.DashboardController.Get (DCRM.Api) in 9213.0543ms

2024-08-02 22:31:24.258 +05:30  INF  Executed endpoint 'DCRM.Api.Controllers.DashboardController.Get (DCRM.Api)'

2024-08-02 22:31:24.259 +05:30  INF  Request finished HTTP/2 GET https://localhost:7069/api/Dashboard/Get application/json - - 200 - application/json;+charset=utf-8 9834.7176ms

2024-08-02 22:31:28.900 +05:30  INF  Request starting HTTP/2 OPTIONS https://localhost:7069/api/Appointment/GetAppointmentWithPatient - -

2024-08-02 22:31:28.901 +05:30  INF  CORS policy execution successful.

2024-08-02 22:31:28.901 +05:30  INF  Request finished HTTP/2 OPTIONS https://localhost:7069/api/Appointment/GetAppointmentWithPatient - - - 204 - - 0.3789ms

2024-08-02 22:31:28.903 +05:30  INF  Request starting HTTP/2 GET https://localhost:7069/api/Appointment/GetAppointmentWithPatient application/json -

2024-08-02 22:31:28.903 +05:30  INF  CORS policy execution successful.

2024-08-02 22:31:29.523 +05:30  INF  Executed DbCommand (208ms) [Parameters=[@__id_0='?' (DbType = Int64)], CommandType='"Text"', CommandTimeout='30']
SELECT `u`.`Id`, `u`.`About_Me`, `u`.`Account_Type`, `u`.`Address`, `u`.`Available_Days`, `u`.`Bn_Name`, `u`.`City`, `u`.`Country`, `u`.`Created_At`, `u`.`Currency`, `u`.`Degree`, `u`.`Email`, `u`.`Email_Verified`, `u`.`Enable_Appointment`, `u`.`Enable_Rating`, `u`.`Exp_Years`, `u`.`Facebook`, `u`.`Google_Analytics`, `u`.`Image`, `u`.`Instagram`, `u`.`Linkedin`, `u`.`Name`, `u`.`Parent_Id`, `u`.`Password`, `u`.`Paypal_Email`, `u`.`Paypal_Mode`, `u`.`Paypal_Payment`, `u`.`Paystack_Payment`, `u`.`Paystack_Public_Key`, `u`.`Paystack_Secret_Key`, `u`.`Phone`, `u`.`Publish_Key`, `u`.`Qr_Code`, `u`.`Razorpay_Key_Id`, `u`.`Razorpay_Key_Secret`, `u`.`Razorpay_Payment`, `u`.`Role`, `u`.`Secret_Key`, `u`.`Skype`, `u`.`Slug`, `u`.`Specialist`, `u`.`Status`, `u`.`Stripe_Payment`, `u`.`Thumb`, `u`.`Trial_Expire`, `u`.`Twitter`, `u`.`User_Name`, `u`.`User_Type`, `u`.`Verify_Code`, `u`.`Whatsapp`
FROM `Users` AS `u`
WHERE `u`.`Id` = @__id_0
LIMIT 1

2024-08-02 22:31:29.523 +05:30  INF  Executing endpoint 'DCRM.Api.Controllers.AppointmentController.GetAppointmentWithPatient (DCRM.Api)'

2024-08-02 22:31:29.523 +05:30  INF  Route matched with {action = "GetAppointmentWithPatient", controller = "Appointment"}. Executing controller action with signature System.Collections.Generic.List`1[DCRM.Common.Dto.AppointmentDto] GetAppointmentWithPatient() on controller DCRM.Api.Controllers.AppointmentController (DCRM.Api).

2024-08-02 22:31:30.352 +05:30  INF  Executed DbCommand (413ms) [Parameters=[], CommandType='"Text"', CommandTimeout='30']
SELECT `a`.`Id`, `a`.`Appointment_Status`, `a`.`Cause`, `a`.`Chair`, `a`.`Chamber_Id`, `a`.`Created_At`, `a`.`Date`, `a`.`Doctor_Id`, `a`.`Doctor_Name`, `a`.`End_Time`, `a`.`Extra_Notes`, `a`.`Files`, `a`.`Is_Delete`, `a`.`Is_Start`, `a`.`Meeting_Notes`, `a`.`Number_Of_Slot`, `a`.`Patient_Id`, `a`.`Prescription_Id`, `a`.`Serial_Id`, `a`.`Slot_Time`, `a`.`Start_Time`, `a`.`Status`, `a`.`Type`, `a`.`User_Id`, `a`.`Workdone_Id`
FROM `Appointments` AS `a`
WHERE `a`.`Is_Delete` = 0

2024-08-02 22:31:31.181 +05:30  INF  Executed DbCommand (208ms) [Parameters=[], CommandType='"Text"', CommandTimeout='30']
SELECT `p`.`Id`, `p`.`Age`, `p`.`Chamber_Id`, `p`.`Created_At`, `p`.`Email`, `p`.`Guardian`, `p`.`Is_Delete`, `p`.`Mobile`, `p`.`Mr_Number`, `p`.`Name`, `p`.`Password`, `p`.`Permanent_Address`, `p`.`Present_Address`, `p`.`Role`, `p`.`Sex`, `p`.`Slug`, `p`.`Thumb`, `p`.`Title`, `p`.`UserName`, `p`.`User_Id`, `p`.`Verify_Code`, `p`.`Weight`
FROM `Patientses` AS `p`
WHERE `p`.`Is_Delete` = 0

2024-08-02 22:31:32.430 +05:30  INF  Executed DbCommand (207ms) [Parameters=[], CommandType='"Text"', CommandTimeout='30']
SELECT `d`.`Id`, `d`.`Age`, `d`.`Blood_Group`, `d`.`Created_At`, `d`.`Dob`, `d`.`Email`, `d`.`Email2`, `d`.`Gender`, `d`.`Gst_Number`, `d`.`Is_Delete`, `d`.`Marital_Status`, `d`.`Name`, `d`.`Pan_Number`, `d`.`Password`, `d`.`Phone1`, `d`.`Phone2`, `d`.`Phone3`, `d`.`Phone4`, `d`.`Qualification`, `d`.`Role`, `d`.`Speciality`, `d`.`Thumb`, `d`.`Updated_At`, `d`.`User_Id`
FROM `Doctors` AS `d`

2024-08-02 22:31:32.450 +05:30  INF  Executing ObjectResult, writing value of type 'System.Collections.Generic.List`1[[DCRM.Common.Dto.AppointmentDto, DCRM.Common, Version=1.0.0.0, Culture=neutral, PublicKeyToken=null]]'.

2024-08-02 22:31:32.452 +05:30  INF  Executed action DCRM.Api.Controllers.AppointmentController.GetAppointmentWithPatient (DCRM.Api) in 2928.862ms

2024-08-02 22:31:32.452 +05:30  INF  Executed endpoint 'DCRM.Api.Controllers.AppointmentController.GetAppointmentWithPatient (DCRM.Api)'

2024-08-02 22:31:32.452 +05:30  INF  Request finished HTTP/2 GET https://localhost:7069/api/Appointment/GetAppointmentWithPatient application/json - - 200 - application/json;+charset=utf-8 3548.9955ms

2024-08-02 22:38:35.691 +05:30  INF  Request starting HTTP/2 OPTIONS https://localhost:7069/api/Appointment/GetAppointmentWithPatient - -

2024-08-02 22:38:35.691 +05:30  INF  CORS policy execution successful.

2024-08-02 22:38:35.696 +05:30  INF  Request finished HTTP/2 OPTIONS https://localhost:7069/api/Appointment/GetAppointmentWithPatient - - - 204 - - 5.8007ms

2024-08-02 22:38:35.706 +05:30  INF  Request starting HTTP/2 GET https://localhost:7069/api/Appointment/GetAppointmentWithPatient application/json -

2024-08-02 22:38:35.710 +05:30  INF  CORS policy execution successful.

2024-08-02 22:38:38.688 +05:30  INF  Executed DbCommand (209ms) [Parameters=[@__id_0='?' (DbType = Int64)], CommandType='"Text"', CommandTimeout='30']
SELECT `u`.`Id`, `u`.`About_Me`, `u`.`Account_Type`, `u`.`Address`, `u`.`Available_Days`, `u`.`Bn_Name`, `u`.`City`, `u`.`Country`, `u`.`Created_At`, `u`.`Currency`, `u`.`Degree`, `u`.`Email`, `u`.`Email_Verified`, `u`.`Enable_Appointment`, `u`.`Enable_Rating`, `u`.`Exp_Years`, `u`.`Facebook`, `u`.`Google_Analytics`, `u`.`Image`, `u`.`Instagram`, `u`.`Linkedin`, `u`.`Name`, `u`.`Parent_Id`, `u`.`Password`, `u`.`Paypal_Email`, `u`.`Paypal_Mode`, `u`.`Paypal_Payment`, `u`.`Paystack_Payment`, `u`.`Paystack_Public_Key`, `u`.`Paystack_Secret_Key`, `u`.`Phone`, `u`.`Publish_Key`, `u`.`Qr_Code`, `u`.`Razorpay_Key_Id`, `u`.`Razorpay_Key_Secret`, `u`.`Razorpay_Payment`, `u`.`Role`, `u`.`Secret_Key`, `u`.`Skype`, `u`.`Slug`, `u`.`Specialist`, `u`.`Status`, `u`.`Stripe_Payment`, `u`.`Thumb`, `u`.`Trial_Expire`, `u`.`Twitter`, `u`.`User_Name`, `u`.`User_Type`, `u`.`Verify_Code`, `u`.`Whatsapp`
FROM `Users` AS `u`
WHERE `u`.`Id` = @__id_0
LIMIT 1

2024-08-02 22:38:38.689 +05:30  INF  Executing endpoint 'DCRM.Api.Controllers.AppointmentController.GetAppointmentWithPatient (DCRM.Api)'

2024-08-02 22:38:38.689 +05:30  INF  Route matched with {action = "GetAppointmentWithPatient", controller = "Appointment"}. Executing controller action with signature System.Collections.Generic.List`1[DCRM.Common.Dto.AppointmentDto] GetAppointmentWithPatient() on controller DCRM.Api.Controllers.AppointmentController (DCRM.Api).

2024-08-02 22:38:39.311 +05:30  INF  Executed DbCommand (210ms) [Parameters=[], CommandType='"Text"', CommandTimeout='30']
SELECT `a`.`Id`, `a`.`Appointment_Status`, `a`.`Cause`, `a`.`Chair`, `a`.`Chamber_Id`, `a`.`Created_At`, `a`.`Date`, `a`.`Doctor_Id`, `a`.`Doctor_Name`, `a`.`End_Time`, `a`.`Extra_Notes`, `a`.`Files`, `a`.`Is_Delete`, `a`.`Is_Start`, `a`.`Meeting_Notes`, `a`.`Number_Of_Slot`, `a`.`Patient_Id`, `a`.`Prescription_Id`, `a`.`Serial_Id`, `a`.`Slot_Time`, `a`.`Start_Time`, `a`.`Status`, `a`.`Type`, `a`.`User_Id`, `a`.`Workdone_Id`
FROM `Appointments` AS `a`
WHERE `a`.`Is_Delete` = 0

2024-08-02 22:38:40.148 +05:30  INF  Executed DbCommand (211ms) [Parameters=[], CommandType='"Text"', CommandTimeout='30']
SELECT `p`.`Id`, `p`.`Age`, `p`.`Chamber_Id`, `p`.`Created_At`, `p`.`Email`, `p`.`Guardian`, `p`.`Is_Delete`, `p`.`Mobile`, `p`.`Mr_Number`, `p`.`Name`, `p`.`Password`, `p`.`Permanent_Address`, `p`.`Present_Address`, `p`.`Role`, `p`.`Sex`, `p`.`Slug`, `p`.`Thumb`, `p`.`Title`, `p`.`UserName`, `p`.`User_Id`, `p`.`Verify_Code`, `p`.`Weight`
FROM `Patientses` AS `p`
WHERE `p`.`Is_Delete` = 0

2024-08-02 22:38:41.404 +05:30  INF  Executed DbCommand (212ms) [Parameters=[], CommandType='"Text"', CommandTimeout='30']
SELECT `d`.`Id`, `d`.`Age`, `d`.`Blood_Group`, `d`.`Created_At`, `d`.`Dob`, `d`.`Email`, `d`.`Email2`, `d`.`Gender`, `d`.`Gst_Number`, `d`.`Is_Delete`, `d`.`Marital_Status`, `d`.`Name`, `d`.`Pan_Number`, `d`.`Password`, `d`.`Phone1`, `d`.`Phone2`, `d`.`Phone3`, `d`.`Phone4`, `d`.`Qualification`, `d`.`Role`, `d`.`Speciality`, `d`.`Thumb`, `d`.`Updated_At`, `d`.`User_Id`
FROM `Doctors` AS `d`

2024-08-02 22:38:41.627 +05:30  INF  Executing ObjectResult, writing value of type 'System.Collections.Generic.List`1[[DCRM.Common.Dto.AppointmentDto, DCRM.Common, Version=1.0.0.0, Culture=neutral, PublicKeyToken=null]]'.

2024-08-02 22:38:41.628 +05:30  INF  Executed action DCRM.Api.Controllers.AppointmentController.GetAppointmentWithPatient (DCRM.Api) in 2939.6412ms

2024-08-02 22:38:41.629 +05:30  INF  Executed endpoint 'DCRM.Api.Controllers.AppointmentController.GetAppointmentWithPatient (DCRM.Api)'

2024-08-02 22:38:41.629 +05:30  INF  Request finished HTTP/2 GET https://localhost:7069/api/Appointment/GetAppointmentWithPatient application/json - - 200 - application/json;+charset=utf-8 5922.3134ms

2024-08-02 22:39:54.540 +05:30  INF  Request starting HTTP/2 OPTIONS https://localhost:7069/api/Appointment/GetAppointmentWithPatient - -

2024-08-02 22:39:54.544 +05:30  INF  CORS policy execution successful.

2024-08-02 22:39:54.546 +05:30  INF  Request finished HTTP/2 OPTIONS https://localhost:7069/api/Appointment/GetAppointmentWithPatient - - - 204 - - 6.5870ms

2024-08-02 22:39:54.563 +05:30  INF  Request starting HTTP/2 GET https://localhost:7069/api/Appointment/GetAppointmentWithPatient application/json -

2024-08-02 22:39:54.563 +05:30  INF  CORS policy execution successful.

2024-08-02 22:39:55.193 +05:30  INF  Executed DbCommand (215ms) [Parameters=[@__id_0='?' (DbType = Int64)], CommandType='"Text"', CommandTimeout='30']
SELECT `u`.`Id`, `u`.`About_Me`, `u`.`Account_Type`, `u`.`Address`, `u`.`Available_Days`, `u`.`Bn_Name`, `u`.`City`, `u`.`Country`, `u`.`Created_At`, `u`.`Currency`, `u`.`Degree`, `u`.`Email`, `u`.`Email_Verified`, `u`.`Enable_Appointment`, `u`.`Enable_Rating`, `u`.`Exp_Years`, `u`.`Facebook`, `u`.`Google_Analytics`, `u`.`Image`, `u`.`Instagram`, `u`.`Linkedin`, `u`.`Name`, `u`.`Parent_Id`, `u`.`Password`, `u`.`Paypal_Email`, `u`.`Paypal_Mode`, `u`.`Paypal_Payment`, `u`.`Paystack_Payment`, `u`.`Paystack_Public_Key`, `u`.`Paystack_Secret_Key`, `u`.`Phone`, `u`.`Publish_Key`, `u`.`Qr_Code`, `u`.`Razorpay_Key_Id`, `u`.`Razorpay_Key_Secret`, `u`.`Razorpay_Payment`, `u`.`Role`, `u`.`Secret_Key`, `u`.`Skype`, `u`.`Slug`, `u`.`Specialist`, `u`.`Status`, `u`.`Stripe_Payment`, `u`.`Thumb`, `u`.`Trial_Expire`, `u`.`Twitter`, `u`.`User_Name`, `u`.`User_Type`, `u`.`Verify_Code`, `u`.`Whatsapp`
FROM `Users` AS `u`
WHERE `u`.`Id` = @__id_0
LIMIT 1

2024-08-02 22:39:55.194 +05:30  INF  Executing endpoint 'DCRM.Api.Controllers.AppointmentController.GetAppointmentWithPatient (DCRM.Api)'

2024-08-02 22:39:55.194 +05:30  INF  Route matched with {action = "GetAppointmentWithPatient", controller = "Appointment"}. Executing controller action with signature System.Collections.Generic.List`1[DCRM.Common.Dto.AppointmentDto] GetAppointmentWithPatient() on controller DCRM.Api.Controllers.AppointmentController (DCRM.Api).

2024-08-02 22:39:56.026 +05:30  INF  Executed DbCommand (416ms) [Parameters=[], CommandType='"Text"', CommandTimeout='30']
SELECT `a`.`Id`, `a`.`Appointment_Status`, `a`.`Cause`, `a`.`Chair`, `a`.`Chamber_Id`, `a`.`Created_At`, `a`.`Date`, `a`.`Doctor_Id`, `a`.`Doctor_Name`, `a`.`End_Time`, `a`.`Extra_Notes`, `a`.`Files`, `a`.`Is_Delete`, `a`.`Is_Start`, `a`.`Meeting_Notes`, `a`.`Number_Of_Slot`, `a`.`Patient_Id`, `a`.`Prescription_Id`, `a`.`Serial_Id`, `a`.`Slot_Time`, `a`.`Start_Time`, `a`.`Status`, `a`.`Type`, `a`.`User_Id`, `a`.`Workdone_Id`
FROM `Appointments` AS `a`
WHERE `a`.`Is_Delete` = 0

2024-08-02 22:39:56.857 +05:30  INF  Executed DbCommand (207ms) [Parameters=[], CommandType='"Text"', CommandTimeout='30']
SELECT `p`.`Id`, `p`.`Age`, `p`.`Chamber_Id`, `p`.`Created_At`, `p`.`Email`, `p`.`Guardian`, `p`.`Is_Delete`, `p`.`Mobile`, `p`.`Mr_Number`, `p`.`Name`, `p`.`Password`, `p`.`Permanent_Address`, `p`.`Present_Address`, `p`.`Role`, `p`.`Sex`, `p`.`Slug`, `p`.`Thumb`, `p`.`Title`, `p`.`UserName`, `p`.`User_Id`, `p`.`Verify_Code`, `p`.`Weight`
FROM `Patientses` AS `p`
WHERE `p`.`Is_Delete` = 0

2024-08-02 22:39:58.112 +05:30  INF  Executed DbCommand (209ms) [Parameters=[], CommandType='"Text"', CommandTimeout='30']
SELECT `d`.`Id`, `d`.`Age`, `d`.`Blood_Group`, `d`.`Created_At`, `d`.`Dob`, `d`.`Email`, `d`.`Email2`, `d`.`Gender`, `d`.`Gst_Number`, `d`.`Is_Delete`, `d`.`Marital_Status`, `d`.`Name`, `d`.`Pan_Number`, `d`.`Password`, `d`.`Phone1`, `d`.`Phone2`, `d`.`Phone3`, `d`.`Phone4`, `d`.`Qualification`, `d`.`Role`, `d`.`Speciality`, `d`.`Thumb`, `d`.`Updated_At`, `d`.`User_Id`
FROM `Doctors` AS `d`

2024-08-02 22:39:58.132 +05:30  INF  Executing ObjectResult, writing value of type 'System.Collections.Generic.List`1[[DCRM.Common.Dto.AppointmentDto, DCRM.Common, Version=1.0.0.0, Culture=neutral, PublicKeyToken=null]]'.

2024-08-02 22:39:58.133 +05:30  INF  Executed action DCRM.Api.Controllers.AppointmentController.GetAppointmentWithPatient (DCRM.Api) in 2938.5557ms

2024-08-02 22:39:58.133 +05:30  INF  Executed endpoint 'DCRM.Api.Controllers.AppointmentController.GetAppointmentWithPatient (DCRM.Api)'

2024-08-02 22:39:58.133 +05:30  INF  Request finished HTTP/2 GET https://localhost:7069/api/Appointment/GetAppointmentWithPatient application/json - - 200 - application/json;+charset=utf-8 3570.3668ms

2024-08-02 22:44:58.534 +05:30  INF  Request starting HTTP/2 OPTIONS https://localhost:7069/api/Appointment/GetAppointmentWithPatient - -

2024-08-02 22:44:58.535 +05:30  INF  CORS policy execution successful.

2024-08-02 22:44:58.536 +05:30  INF  Request finished HTTP/2 OPTIONS https://localhost:7069/api/Appointment/GetAppointmentWithPatient - - - 204 - - 2.0688ms

2024-08-02 22:44:58.547 +05:30  INF  Request starting HTTP/2 GET https://localhost:7069/api/Appointment/GetAppointmentWithPatient application/json -

2024-08-02 22:44:58.547 +05:30  INF  CORS policy execution successful.

2024-08-02 22:45:01.528 +05:30  INF  Executed DbCommand (211ms) [Parameters=[@__id_0='?' (DbType = Int64)], CommandType='"Text"', CommandTimeout='30']
SELECT `u`.`Id`, `u`.`About_Me`, `u`.`Account_Type`, `u`.`Address`, `u`.`Available_Days`, `u`.`Bn_Name`, `u`.`City`, `u`.`Country`, `u`.`Created_At`, `u`.`Currency`, `u`.`Degree`, `u`.`Email`, `u`.`Email_Verified`, `u`.`Enable_Appointment`, `u`.`Enable_Rating`, `u`.`Exp_Years`, `u`.`Facebook`, `u`.`Google_Analytics`, `u`.`Image`, `u`.`Instagram`, `u`.`Linkedin`, `u`.`Name`, `u`.`Parent_Id`, `u`.`Password`, `u`.`Paypal_Email`, `u`.`Paypal_Mode`, `u`.`Paypal_Payment`, `u`.`Paystack_Payment`, `u`.`Paystack_Public_Key`, `u`.`Paystack_Secret_Key`, `u`.`Phone`, `u`.`Publish_Key`, `u`.`Qr_Code`, `u`.`Razorpay_Key_Id`, `u`.`Razorpay_Key_Secret`, `u`.`Razorpay_Payment`, `u`.`Role`, `u`.`Secret_Key`, `u`.`Skype`, `u`.`Slug`, `u`.`Specialist`, `u`.`Status`, `u`.`Stripe_Payment`, `u`.`Thumb`, `u`.`Trial_Expire`, `u`.`Twitter`, `u`.`User_Name`, `u`.`User_Type`, `u`.`Verify_Code`, `u`.`Whatsapp`
FROM `Users` AS `u`
WHERE `u`.`Id` = @__id_0
LIMIT 1

2024-08-02 22:45:01.528 +05:30  INF  Executing endpoint 'DCRM.Api.Controllers.AppointmentController.GetAppointmentWithPatient (DCRM.Api)'

2024-08-02 22:45:01.528 +05:30  INF  Route matched with {action = "GetAppointmentWithPatient", controller = "Appointment"}. Executing controller action with signature System.Collections.Generic.List`1[DCRM.Common.Dto.AppointmentDto] GetAppointmentWithPatient() on controller DCRM.Api.Controllers.AppointmentController (DCRM.Api).

2024-08-02 22:45:02.154 +05:30  INF  Executed DbCommand (212ms) [Parameters=[], CommandType='"Text"', CommandTimeout='30']
SELECT `a`.`Id`, `a`.`Appointment_Status`, `a`.`Cause`, `a`.`Chair`, `a`.`Chamber_Id`, `a`.`Created_At`, `a`.`Date`, `a`.`Doctor_Id`, `a`.`Doctor_Name`, `a`.`End_Time`, `a`.`Extra_Notes`, `a`.`Files`, `a`.`Is_Delete`, `a`.`Is_Start`, `a`.`Meeting_Notes`, `a`.`Number_Of_Slot`, `a`.`Patient_Id`, `a`.`Prescription_Id`, `a`.`Serial_Id`, `a`.`Slot_Time`, `a`.`Start_Time`, `a`.`Status`, `a`.`Type`, `a`.`User_Id`, `a`.`Workdone_Id`
FROM `Appointments` AS `a`
WHERE `a`.`Is_Delete` = 0

2024-08-02 22:45:03.003 +05:30  INF  Executed DbCommand (210ms) [Parameters=[], CommandType='"Text"', CommandTimeout='30']
SELECT `p`.`Id`, `p`.`Age`, `p`.`Chamber_Id`, `p`.`Created_At`, `p`.`Email`, `p`.`Guardian`, `p`.`Is_Delete`, `p`.`Mobile`, `p`.`Mr_Number`, `p`.`Name`, `p`.`Password`, `p`.`Permanent_Address`, `p`.`Present_Address`, `p`.`Role`, `p`.`Sex`, `p`.`Slug`, `p`.`Thumb`, `p`.`Title`, `p`.`UserName`, `p`.`User_Id`, `p`.`Verify_Code`, `p`.`Weight`
FROM `Patientses` AS `p`
WHERE `p`.`Is_Delete` = 0

2024-08-02 22:45:04.465 +05:30  INF  Executed DbCommand (210ms) [Parameters=[], CommandType='"Text"', CommandTimeout='30']
SELECT `d`.`Id`, `d`.`Age`, `d`.`Blood_Group`, `d`.`Created_At`, `d`.`Dob`, `d`.`Email`, `d`.`Email2`, `d`.`Gender`, `d`.`Gst_Number`, `d`.`Is_Delete`, `d`.`Marital_Status`, `d`.`Name`, `d`.`Pan_Number`, `d`.`Password`, `d`.`Phone1`, `d`.`Phone2`, `d`.`Phone3`, `d`.`Phone4`, `d`.`Qualification`, `d`.`Role`, `d`.`Speciality`, `d`.`Thumb`, `d`.`Updated_At`, `d`.`User_Id`
FROM `Doctors` AS `d`

2024-08-02 22:45:04.679 +05:30  INF  Executing ObjectResult, writing value of type 'System.Collections.Generic.List`1[[DCRM.Common.Dto.AppointmentDto, DCRM.Common, Version=1.0.0.0, Culture=neutral, PublicKeyToken=null]]'.

2024-08-02 22:45:04.681 +05:30  INF  Executed action DCRM.Api.Controllers.AppointmentController.GetAppointmentWithPatient (DCRM.Api) in 3152.7292ms

2024-08-02 22:45:04.681 +05:30  INF  Executed endpoint 'DCRM.Api.Controllers.AppointmentController.GetAppointmentWithPatient (DCRM.Api)'

2024-08-02 22:45:04.682 +05:30  INF  Request finished HTTP/2 GET https://localhost:7069/api/Appointment/GetAppointmentWithPatient application/json - - 200 - application/json;+charset=utf-8 6135.0544ms

2024-08-02 22:46:01.518 +05:30  INF  Request starting HTTP/2 OPTIONS https://localhost:7069/api/Appointment/GetAppointmentWithPatient - -

2024-08-02 22:46:01.518 +05:30  INF  CORS policy execution successful.

2024-08-02 22:46:01.520 +05:30  INF  Request finished HTTP/2 OPTIONS https://localhost:7069/api/Appointment/GetAppointmentWithPatient - - - 204 - - 2.6318ms

2024-08-02 22:46:01.528 +05:30  INF  Request starting HTTP/2 GET https://localhost:7069/api/Appointment/GetAppointmentWithPatient application/json -

2024-08-02 22:46:01.528 +05:30  INF  CORS policy execution successful.

2024-08-02 22:46:02.155 +05:30  INF  Executed DbCommand (210ms) [Parameters=[@__id_0='?' (DbType = Int64)], CommandType='"Text"', CommandTimeout='30']
SELECT `u`.`Id`, `u`.`About_Me`, `u`.`Account_Type`, `u`.`Address`, `u`.`Available_Days`, `u`.`Bn_Name`, `u`.`City`, `u`.`Country`, `u`.`Created_At`, `u`.`Currency`, `u`.`Degree`, `u`.`Email`, `u`.`Email_Verified`, `u`.`Enable_Appointment`, `u`.`Enable_Rating`, `u`.`Exp_Years`, `u`.`Facebook`, `u`.`Google_Analytics`, `u`.`Image`, `u`.`Instagram`, `u`.`Linkedin`, `u`.`Name`, `u`.`Parent_Id`, `u`.`Password`, `u`.`Paypal_Email`, `u`.`Paypal_Mode`, `u`.`Paypal_Payment`, `u`.`Paystack_Payment`, `u`.`Paystack_Public_Key`, `u`.`Paystack_Secret_Key`, `u`.`Phone`, `u`.`Publish_Key`, `u`.`Qr_Code`, `u`.`Razorpay_Key_Id`, `u`.`Razorpay_Key_Secret`, `u`.`Razorpay_Payment`, `u`.`Role`, `u`.`Secret_Key`, `u`.`Skype`, `u`.`Slug`, `u`.`Specialist`, `u`.`Status`, `u`.`Stripe_Payment`, `u`.`Thumb`, `u`.`Trial_Expire`, `u`.`Twitter`, `u`.`User_Name`, `u`.`User_Type`, `u`.`Verify_Code`, `u`.`Whatsapp`
FROM `Users` AS `u`
WHERE `u`.`Id` = @__id_0
LIMIT 1

2024-08-02 22:46:02.155 +05:30  INF  Executing endpoint 'DCRM.Api.Controllers.AppointmentController.GetAppointmentWithPatient (DCRM.Api)'

2024-08-02 22:46:02.155 +05:30  INF  Route matched with {action = "GetAppointmentWithPatient", controller = "Appointment"}. Executing controller action with signature System.Collections.Generic.List`1[DCRM.Common.Dto.AppointmentDto] GetAppointmentWithPatient() on controller DCRM.Api.Controllers.AppointmentController (DCRM.Api).

2024-08-02 22:46:02.989 +05:30  INF  Executed DbCommand (418ms) [Parameters=[], CommandType='"Text"', CommandTimeout='30']
SELECT `a`.`Id`, `a`.`Appointment_Status`, `a`.`Cause`, `a`.`Chair`, `a`.`Chamber_Id`, `a`.`Created_At`, `a`.`Date`, `a`.`Doctor_Id`, `a`.`Doctor_Name`, `a`.`End_Time`, `a`.`Extra_Notes`, `a`.`Files`, `a`.`Is_Delete`, `a`.`Is_Start`, `a`.`Meeting_Notes`, `a`.`Number_Of_Slot`, `a`.`Patient_Id`, `a`.`Prescription_Id`, `a`.`Serial_Id`, `a`.`Slot_Time`, `a`.`Start_Time`, `a`.`Status`, `a`.`Type`, `a`.`User_Id`, `a`.`Workdone_Id`
FROM `Appointments` AS `a`
WHERE `a`.`Is_Delete` = 0

2024-08-02 22:46:03.823 +05:30  INF  Executed DbCommand (209ms) [Parameters=[], CommandType='"Text"', CommandTimeout='30']
SELECT `p`.`Id`, `p`.`Age`, `p`.`Chamber_Id`, `p`.`Created_At`, `p`.`Email`, `p`.`Guardian`, `p`.`Is_Delete`, `p`.`Mobile`, `p`.`Mr_Number`, `p`.`Name`, `p`.`Password`, `p`.`Permanent_Address`, `p`.`Present_Address`, `p`.`Role`, `p`.`Sex`, `p`.`Slug`, `p`.`Thumb`, `p`.`Title`, `p`.`UserName`, `p`.`User_Id`, `p`.`Verify_Code`, `p`.`Weight`
FROM `Patientses` AS `p`
WHERE `p`.`Is_Delete` = 0

2024-08-02 22:46:05.076 +05:30  INF  Executed DbCommand (209ms) [Parameters=[], CommandType='"Text"', CommandTimeout='30']
SELECT `d`.`Id`, `d`.`Age`, `d`.`Blood_Group`, `d`.`Created_At`, `d`.`Dob`, `d`.`Email`, `d`.`Email2`, `d`.`Gender`, `d`.`Gst_Number`, `d`.`Is_Delete`, `d`.`Marital_Status`, `d`.`Name`, `d`.`Pan_Number`, `d`.`Password`, `d`.`Phone1`, `d`.`Phone2`, `d`.`Phone3`, `d`.`Phone4`, `d`.`Qualification`, `d`.`Role`, `d`.`Speciality`, `d`.`Thumb`, `d`.`Updated_At`, `d`.`User_Id`
FROM `Doctors` AS `d`

2024-08-02 22:46:05.088 +05:30  INF  Executing ObjectResult, writing value of type 'System.Collections.Generic.List`1[[DCRM.Common.Dto.AppointmentDto, DCRM.Common, Version=1.0.0.0, Culture=neutral, PublicKeyToken=null]]'.

2024-08-02 22:46:05.088 +05:30  INF  Executed action DCRM.Api.Controllers.AppointmentController.GetAppointmentWithPatient (DCRM.Api) in 2933.2348ms

2024-08-02 22:46:05.088 +05:30  INF  Executed endpoint 'DCRM.Api.Controllers.AppointmentController.GetAppointmentWithPatient (DCRM.Api)'

2024-08-02 22:46:05.089 +05:30  INF  Request finished HTTP/2 GET https://localhost:7069/api/Appointment/GetAppointmentWithPatient application/json - - 200 - application/json;+charset=utf-8 3560.3773ms

2024-08-02 22:48:18.528 +05:30  INF  Request starting HTTP/2 OPTIONS https://localhost:7069/api/Appointment/GetAppointmentWithPatient - -

2024-08-02 22:48:18.530 +05:30  INF  CORS policy execution successful.

2024-08-02 22:48:18.533 +05:30  INF  Request finished HTTP/2 OPTIONS https://localhost:7069/api/Appointment/GetAppointmentWithPatient - - - 204 - - 4.0774ms

2024-08-02 22:48:18.548 +05:30  INF  Request starting HTTP/2 GET https://localhost:7069/api/Appointment/GetAppointmentWithPatient application/json -

2024-08-02 22:48:18.548 +05:30  INF  CORS policy execution successful.

2024-08-02 22:48:19.182 +05:30  INF  Executed DbCommand (210ms) [Parameters=[@__id_0='?' (DbType = Int64)], CommandType='"Text"', CommandTimeout='30']
SELECT `u`.`Id`, `u`.`About_Me`, `u`.`Account_Type`, `u`.`Address`, `u`.`Available_Days`, `u`.`Bn_Name`, `u`.`City`, `u`.`Country`, `u`.`Created_At`, `u`.`Currency`, `u`.`Degree`, `u`.`Email`, `u`.`Email_Verified`, `u`.`Enable_Appointment`, `u`.`Enable_Rating`, `u`.`Exp_Years`, `u`.`Facebook`, `u`.`Google_Analytics`, `u`.`Image`, `u`.`Instagram`, `u`.`Linkedin`, `u`.`Name`, `u`.`Parent_Id`, `u`.`Password`, `u`.`Paypal_Email`, `u`.`Paypal_Mode`, `u`.`Paypal_Payment`, `u`.`Paystack_Payment`, `u`.`Paystack_Public_Key`, `u`.`Paystack_Secret_Key`, `u`.`Phone`, `u`.`Publish_Key`, `u`.`Qr_Code`, `u`.`Razorpay_Key_Id`, `u`.`Razorpay_Key_Secret`, `u`.`Razorpay_Payment`, `u`.`Role`, `u`.`Secret_Key`, `u`.`Skype`, `u`.`Slug`, `u`.`Specialist`, `u`.`Status`, `u`.`Stripe_Payment`, `u`.`Thumb`, `u`.`Trial_Expire`, `u`.`Twitter`, `u`.`User_Name`, `u`.`User_Type`, `u`.`Verify_Code`, `u`.`Whatsapp`
FROM `Users` AS `u`
WHERE `u`.`Id` = @__id_0
LIMIT 1

2024-08-02 22:48:19.183 +05:30  INF  Executing endpoint 'DCRM.Api.Controllers.AppointmentController.GetAppointmentWithPatient (DCRM.Api)'

2024-08-02 22:48:19.183 +05:30  INF  Route matched with {action = "GetAppointmentWithPatient", controller = "Appointment"}. Executing controller action with signature System.Collections.Generic.List`1[DCRM.Common.Dto.AppointmentDto] GetAppointmentWithPatient() on controller DCRM.Api.Controllers.AppointmentController (DCRM.Api).

2024-08-02 22:48:20.027 +05:30  INF  Executed DbCommand (430ms) [Parameters=[], CommandType='"Text"', CommandTimeout='30']
SELECT `a`.`Id`, `a`.`Appointment_Status`, `a`.`Cause`, `a`.`Chair`, `a`.`Chamber_Id`, `a`.`Created_At`, `a`.`Date`, `a`.`Doctor_Id`, `a`.`Doctor_Name`, `a`.`End_Time`, `a`.`Extra_Notes`, `a`.`Files`, `a`.`Is_Delete`, `a`.`Is_Start`, `a`.`Meeting_Notes`, `a`.`Number_Of_Slot`, `a`.`Patient_Id`, `a`.`Prescription_Id`, `a`.`Serial_Id`, `a`.`Slot_Time`, `a`.`Start_Time`, `a`.`Status`, `a`.`Type`, `a`.`User_Id`, `a`.`Workdone_Id`
FROM `Appointments` AS `a`
WHERE `a`.`Is_Delete` = 0

2024-08-02 22:48:20.866 +05:30  INF  Executed DbCommand (212ms) [Parameters=[], CommandType='"Text"', CommandTimeout='30']
SELECT `p`.`Id`, `p`.`Age`, `p`.`Chamber_Id`, `p`.`Created_At`, `p`.`Email`, `p`.`Guardian`, `p`.`Is_Delete`, `p`.`Mobile`, `p`.`Mr_Number`, `p`.`Name`, `p`.`Password`, `p`.`Permanent_Address`, `p`.`Present_Address`, `p`.`Role`, `p`.`Sex`, `p`.`Slug`, `p`.`Thumb`, `p`.`Title`, `p`.`UserName`, `p`.`User_Id`, `p`.`Verify_Code`, `p`.`Weight`
FROM `Patientses` AS `p`
WHERE `p`.`Is_Delete` = 0

2024-08-02 22:48:22.142 +05:30  INF  Executed DbCommand (209ms) [Parameters=[], CommandType='"Text"', CommandTimeout='30']
SELECT `d`.`Id`, `d`.`Age`, `d`.`Blood_Group`, `d`.`Created_At`, `d`.`Dob`, `d`.`Email`, `d`.`Email2`, `d`.`Gender`, `d`.`Gst_Number`, `d`.`Is_Delete`, `d`.`Marital_Status`, `d`.`Name`, `d`.`Pan_Number`, `d`.`Password`, `d`.`Phone1`, `d`.`Phone2`, `d`.`Phone3`, `d`.`Phone4`, `d`.`Qualification`, `d`.`Role`, `d`.`Speciality`, `d`.`Thumb`, `d`.`Updated_At`, `d`.`User_Id`
FROM `Doctors` AS `d`

2024-08-02 22:48:22.154 +05:30  INF  Executing ObjectResult, writing value of type 'System.Collections.Generic.List`1[[DCRM.Common.Dto.AppointmentDto, DCRM.Common, Version=1.0.0.0, Culture=neutral, PublicKeyToken=null]]'.

2024-08-02 22:48:22.155 +05:30  INF  Executed action DCRM.Api.Controllers.AppointmentController.GetAppointmentWithPatient (DCRM.Api) in 2971.5866ms

2024-08-02 22:48:22.155 +05:30  INF  Executed endpoint 'DCRM.Api.Controllers.AppointmentController.GetAppointmentWithPatient (DCRM.Api)'

2024-08-02 22:48:22.155 +05:30  INF  Request finished HTTP/2 GET https://localhost:7069/api/Appointment/GetAppointmentWithPatient application/json - - 200 - application/json;+charset=utf-8 3606.8218ms

2024-08-02 22:48:32.185 +05:30  INF  Request starting HTTP/2 OPTIONS https://localhost:7069/api/Appointment/Get/410 - -

2024-08-02 22:48:32.185 +05:30  INF  CORS policy execution successful.

2024-08-02 22:48:32.185 +05:30  INF  Request finished HTTP/2 OPTIONS https://localhost:7069/api/Appointment/Get/410 - - - 204 - - 0.3724ms

2024-08-02 22:48:32.190 +05:30  INF  Request starting HTTP/2 GET https://localhost:7069/api/Appointment/Get/410 application/json -

2024-08-02 22:48:32.191 +05:30  INF  CORS policy execution successful.

2024-08-02 22:48:32.826 +05:30  INF  Executed DbCommand (208ms) [Parameters=[@__id_0='?' (DbType = Int64)], CommandType='"Text"', CommandTimeout='30']
SELECT `u`.`Id`, `u`.`About_Me`, `u`.`Account_Type`, `u`.`Address`, `u`.`Available_Days`, `u`.`Bn_Name`, `u`.`City`, `u`.`Country`, `u`.`Created_At`, `u`.`Currency`, `u`.`Degree`, `u`.`Email`, `u`.`Email_Verified`, `u`.`Enable_Appointment`, `u`.`Enable_Rating`, `u`.`Exp_Years`, `u`.`Facebook`, `u`.`Google_Analytics`, `u`.`Image`, `u`.`Instagram`, `u`.`Linkedin`, `u`.`Name`, `u`.`Parent_Id`, `u`.`Password`, `u`.`Paypal_Email`, `u`.`Paypal_Mode`, `u`.`Paypal_Payment`, `u`.`Paystack_Payment`, `u`.`Paystack_Public_Key`, `u`.`Paystack_Secret_Key`, `u`.`Phone`, `u`.`Publish_Key`, `u`.`Qr_Code`, `u`.`Razorpay_Key_Id`, `u`.`Razorpay_Key_Secret`, `u`.`Razorpay_Payment`, `u`.`Role`, `u`.`Secret_Key`, `u`.`Skype`, `u`.`Slug`, `u`.`Specialist`, `u`.`Status`, `u`.`Stripe_Payment`, `u`.`Thumb`, `u`.`Trial_Expire`, `u`.`Twitter`, `u`.`User_Name`, `u`.`User_Type`, `u`.`Verify_Code`, `u`.`Whatsapp`
FROM `Users` AS `u`
WHERE `u`.`Id` = @__id_0
LIMIT 1

2024-08-02 22:48:32.826 +05:30  INF  Executing endpoint 'DCRM.Api.Controllers.AppointmentController.Get (DCRM.Api)'

2024-08-02 22:48:32.827 +05:30  INF  Route matched with {action = "Get", controller = "Appointment"}. Executing controller action with signature DCRM.Common.Entity.Appointment Get(Int32) on controller DCRM.Api.Controllers.AppointmentController (DCRM.Api).

2024-08-02 22:48:33.455 +05:30  INF  Executed DbCommand (209ms) [Parameters=[@__id_0='?' (DbType = Int64)], CommandType='"Text"', CommandTimeout='30']
SELECT `a`.`Id`, `a`.`Appointment_Status`, `a`.`Cause`, `a`.`Chair`, `a`.`Chamber_Id`, `a`.`Created_At`, `a`.`Date`, `a`.`Doctor_Id`, `a`.`Doctor_Name`, `a`.`End_Time`, `a`.`Extra_Notes`, `a`.`Files`, `a`.`Is_Delete`, `a`.`Is_Start`, `a`.`Meeting_Notes`, `a`.`Number_Of_Slot`, `a`.`Patient_Id`, `a`.`Prescription_Id`, `a`.`Serial_Id`, `a`.`Slot_Time`, `a`.`Start_Time`, `a`.`Status`, `a`.`Type`, `a`.`User_Id`, `a`.`Workdone_Id`
FROM `Appointments` AS `a`
WHERE (`a`.`Id` = @__id_0) AND (`a`.`Is_Delete` = 0)
LIMIT 1

2024-08-02 22:48:33.456 +05:30  INF  Executing ObjectResult, writing value of type 'DCRM.Common.Entity.Appointment'.

2024-08-02 22:48:33.464 +05:30  INF  Executed action DCRM.Api.Controllers.AppointmentController.Get (DCRM.Api) in 636.7371ms

2024-08-02 22:48:33.464 +05:30  INF  Executed endpoint 'DCRM.Api.Controllers.AppointmentController.Get (DCRM.Api)'

2024-08-02 22:48:33.465 +05:30  INF  Request finished HTTP/2 GET https://localhost:7069/api/Appointment/Get/410 application/json - - 200 - application/json;+charset=utf-8 1274.3072ms

2024-08-02 22:48:33.484 +05:30  INF  Request starting HTTP/2 GET https://localhost:7069/api/Appointment/Get/410 application/json -

2024-08-02 22:48:33.484 +05:30  INF  Request starting HTTP/2 OPTIONS https://localhost:7069/api/Doctor/Get/Names - -

2024-08-02 22:48:33.485 +05:30  INF  CORS policy execution successful.

2024-08-02 22:48:33.485 +05:30  INF  CORS policy execution successful.

2024-08-02 22:48:33.485 +05:30  INF  Request finished HTTP/2 OPTIONS https://localhost:7069/api/Doctor/Get/Names - - - 204 - - 0.2387ms

2024-08-02 22:48:33.487 +05:30  INF  Request starting HTTP/2 OPTIONS https://localhost:7069/api/Chair/GetAll - -

2024-08-02 22:48:33.494 +05:30  INF  CORS policy execution successful.

2024-08-02 22:48:33.496 +05:30  INF  Request finished HTTP/2 OPTIONS https://localhost:7069/api/Chair/GetAll - - - 204 - - 9.2816ms

2024-08-02 22:48:33.498 +05:30  INF  Request starting HTTP/2 GET https://localhost:7069/api/Doctor/Get/Names application/json -

2024-08-02 22:48:33.499 +05:30  INF  CORS policy execution successful.

2024-08-02 22:48:33.499 +05:30  INF  Request starting HTTP/2 GET https://localhost:7069/api/Chair/GetAll application/json -

2024-08-02 22:48:33.500 +05:30  INF  CORS policy execution successful.

2024-08-02 22:48:34.115 +05:30  INF  Executed DbCommand (209ms) [Parameters=[@__id_0='?' (DbType = Int64)], CommandType='"Text"', CommandTimeout='30']
SELECT `u`.`Id`, `u`.`About_Me`, `u`.`Account_Type`, `u`.`Address`, `u`.`Available_Days`, `u`.`Bn_Name`, `u`.`City`, `u`.`Country`, `u`.`Created_At`, `u`.`Currency`, `u`.`Degree`, `u`.`Email`, `u`.`Email_Verified`, `u`.`Enable_Appointment`, `u`.`Enable_Rating`, `u`.`Exp_Years`, `u`.`Facebook`, `u`.`Google_Analytics`, `u`.`Image`, `u`.`Instagram`, `u`.`Linkedin`, `u`.`Name`, `u`.`Parent_Id`, `u`.`Password`, `u`.`Paypal_Email`, `u`.`Paypal_Mode`, `u`.`Paypal_Payment`, `u`.`Paystack_Payment`, `u`.`Paystack_Public_Key`, `u`.`Paystack_Secret_Key`, `u`.`Phone`, `u`.`Publish_Key`, `u`.`Qr_Code`, `u`.`Razorpay_Key_Id`, `u`.`Razorpay_Key_Secret`, `u`.`Razorpay_Payment`, `u`.`Role`, `u`.`Secret_Key`, `u`.`Skype`, `u`.`Slug`, `u`.`Specialist`, `u`.`Status`, `u`.`Stripe_Payment`, `u`.`Thumb`, `u`.`Trial_Expire`, `u`.`Twitter`, `u`.`User_Name`, `u`.`User_Type`, `u`.`Verify_Code`, `u`.`Whatsapp`
FROM `Users` AS `u`
WHERE `u`.`Id` = @__id_0
LIMIT 1

2024-08-02 22:48:34.116 +05:30  INF  Executing endpoint 'DCRM.Api.Controllers.AppointmentController.Get (DCRM.Api)'

2024-08-02 22:48:34.116 +05:30  INF  Route matched with {action = "Get", controller = "Appointment"}. Executing controller action with signature DCRM.Common.Entity.Appointment Get(Int32) on controller DCRM.Api.Controllers.AppointmentController (DCRM.Api).

2024-08-02 22:48:34.740 +05:30  INF  Executed DbCommand (210ms) [Parameters=[@__id_0='?' (DbType = Int64)], CommandType='"Text"', CommandTimeout='30']
SELECT `a`.`Id`, `a`.`Appointment_Status`, `a`.`Cause`, `a`.`Chair`, `a`.`Chamber_Id`, `a`.`Created_At`, `a`.`Date`, `a`.`Doctor_Id`, `a`.`Doctor_Name`, `a`.`End_Time`, `a`.`Extra_Notes`, `a`.`Files`, `a`.`Is_Delete`, `a`.`Is_Start`, `a`.`Meeting_Notes`, `a`.`Number_Of_Slot`, `a`.`Patient_Id`, `a`.`Prescription_Id`, `a`.`Serial_Id`, `a`.`Slot_Time`, `a`.`Start_Time`, `a`.`Status`, `a`.`Type`, `a`.`User_Id`, `a`.`Workdone_Id`
FROM `Appointments` AS `a`
WHERE (`a`.`Id` = @__id_0) AND (`a`.`Is_Delete` = 0)
LIMIT 1

2024-08-02 22:48:34.740 +05:30  INF  Executing ObjectResult, writing value of type 'DCRM.Common.Entity.Appointment'.

2024-08-02 22:48:34.740 +05:30  INF  Executed action DCRM.Api.Controllers.AppointmentController.Get (DCRM.Api) in 624.3979ms

2024-08-02 22:48:34.741 +05:30  INF  Executed endpoint 'DCRM.Api.Controllers.AppointmentController.Get (DCRM.Api)'

2024-08-02 22:48:34.741 +05:30  INF  Request finished HTTP/2 GET https://localhost:7069/api/Appointment/Get/410 application/json - - 200 - application/json;+charset=utf-8 1256.8365ms

2024-08-02 22:48:34.748 +05:30  INF  Request starting HTTP/2 OPTIONS https://localhost:7069/api/Patient/Get/9 - -

2024-08-02 22:48:34.748 +05:30  INF  CORS policy execution successful.

2024-08-02 22:48:34.749 +05:30  INF  Request finished HTTP/2 OPTIONS https://localhost:7069/api/Patient/Get/9 - - - 204 - - 0.6766ms

2024-08-02 22:48:34.758 +05:30  INF  Request starting HTTP/2 GET https://localhost:7069/api/Patient/Get/9 application/json -

2024-08-02 22:48:34.760 +05:30  INF  CORS policy execution successful.

2024-08-02 22:48:35.395 +05:30  INF  Executed DbCommand (209ms) [Parameters=[@__id_0='?' (DbType = Int64)], CommandType='"Text"', CommandTimeout='30']
SELECT `u`.`Id`, `u`.`About_Me`, `u`.`Account_Type`, `u`.`Address`, `u`.`Available_Days`, `u`.`Bn_Name`, `u`.`City`, `u`.`Country`, `u`.`Created_At`, `u`.`Currency`, `u`.`Degree`, `u`.`Email`, `u`.`Email_Verified`, `u`.`Enable_Appointment`, `u`.`Enable_Rating`, `u`.`Exp_Years`, `u`.`Facebook`, `u`.`Google_Analytics`, `u`.`Image`, `u`.`Instagram`, `u`.`Linkedin`, `u`.`Name`, `u`.`Parent_Id`, `u`.`Password`, `u`.`Paypal_Email`, `u`.`Paypal_Mode`, `u`.`Paypal_Payment`, `u`.`Paystack_Payment`, `u`.`Paystack_Public_Key`, `u`.`Paystack_Secret_Key`, `u`.`Phone`, `u`.`Publish_Key`, `u`.`Qr_Code`, `u`.`Razorpay_Key_Id`, `u`.`Razorpay_Key_Secret`, `u`.`Razorpay_Payment`, `u`.`Role`, `u`.`Secret_Key`, `u`.`Skype`, `u`.`Slug`, `u`.`Specialist`, `u`.`Status`, `u`.`Stripe_Payment`, `u`.`Thumb`, `u`.`Trial_Expire`, `u`.`Twitter`, `u`.`User_Name`, `u`.`User_Type`, `u`.`Verify_Code`, `u`.`Whatsapp`
FROM `Users` AS `u`
WHERE `u`.`Id` = @__id_0
LIMIT 1

2024-08-02 22:48:35.395 +05:30  INF  Executing endpoint 'DCRM.Api.Controllers.PatientController.Get (DCRM.Api)'

2024-08-02 22:48:35.397 +05:30  INF  Route matched with {action = "Get", controller = "Patient"}. Executing controller action with signature DCRM.Common.Dto.PatientseDto Get(Int64) on controller DCRM.Api.Controllers.PatientController (DCRM.Api).

2024-08-02 22:48:36.043 +05:30  INF  Executed DbCommand (212ms) [Parameters=[@__id_0='?' (DbType = Int64)], CommandType='"Text"', CommandTimeout='30']
SELECT `p`.`Id`, `p`.`Age`, `p`.`Chamber_Id`, `p`.`Created_At`, `p`.`Email`, `p`.`Guardian`, `p`.`Is_Delete`, `p`.`Mobile`, `p`.`Mr_Number`, `p`.`Name`, `p`.`Password`, `p`.`Permanent_Address`, `p`.`Present_Address`, `p`.`Role`, `p`.`Sex`, `p`.`Slug`, `p`.`Thumb`, `p`.`Title`, `p`.`UserName`, `p`.`User_Id`, `p`.`Verify_Code`, `p`.`Weight`
FROM `Patientses` AS `p`
WHERE (`p`.`Is_Delete` = 0) AND (`p`.`Id` = @__id_0)
LIMIT 1

2024-08-02 22:48:36.509 +05:30  INF  Executed DbCommand (210ms) [Parameters=[@__id_0='?' (DbType = Int64)], CommandType='"Text"', CommandTimeout='30']
SELECT `u`.`Id`, `u`.`About_Me`, `u`.`Account_Type`, `u`.`Address`, `u`.`Available_Days`, `u`.`Bn_Name`, `u`.`City`, `u`.`Country`, `u`.`Created_At`, `u`.`Currency`, `u`.`Degree`, `u`.`Email`, `u`.`Email_Verified`, `u`.`Enable_Appointment`, `u`.`Enable_Rating`, `u`.`Exp_Years`, `u`.`Facebook`, `u`.`Google_Analytics`, `u`.`Image`, `u`.`Instagram`, `u`.`Linkedin`, `u`.`Name`, `u`.`Parent_Id`, `u`.`Password`, `u`.`Paypal_Email`, `u`.`Paypal_Mode`, `u`.`Paypal_Payment`, `u`.`Paystack_Payment`, `u`.`Paystack_Public_Key`, `u`.`Paystack_Secret_Key`, `u`.`Phone`, `u`.`Publish_Key`, `u`.`Qr_Code`, `u`.`Razorpay_Key_Id`, `u`.`Razorpay_Key_Secret`, `u`.`Razorpay_Payment`, `u`.`Role`, `u`.`Secret_Key`, `u`.`Skype`, `u`.`Slug`, `u`.`Specialist`, `u`.`Status`, `u`.`Stripe_Payment`, `u`.`Thumb`, `u`.`Trial_Expire`, `u`.`Twitter`, `u`.`User_Name`, `u`.`User_Type`, `u`.`Verify_Code`, `u`.`Whatsapp`
FROM `Users` AS `u`
WHERE `u`.`Id` = @__id_0
LIMIT 1

2024-08-02 22:48:36.509 +05:30  INF  Executed DbCommand (210ms) [Parameters=[@__id_0='?' (DbType = Int64)], CommandType='"Text"', CommandTimeout='30']
SELECT `u`.`Id`, `u`.`About_Me`, `u`.`Account_Type`, `u`.`Address`, `u`.`Available_Days`, `u`.`Bn_Name`, `u`.`City`, `u`.`Country`, `u`.`Created_At`, `u`.`Currency`, `u`.`Degree`, `u`.`Email`, `u`.`Email_Verified`, `u`.`Enable_Appointment`, `u`.`Enable_Rating`, `u`.`Exp_Years`, `u`.`Facebook`, `u`.`Google_Analytics`, `u`.`Image`, `u`.`Instagram`, `u`.`Linkedin`, `u`.`Name`, `u`.`Parent_Id`, `u`.`Password`, `u`.`Paypal_Email`, `u`.`Paypal_Mode`, `u`.`Paypal_Payment`, `u`.`Paystack_Payment`, `u`.`Paystack_Public_Key`, `u`.`Paystack_Secret_Key`, `u`.`Phone`, `u`.`Publish_Key`, `u`.`Qr_Code`, `u`.`Razorpay_Key_Id`, `u`.`Razorpay_Key_Secret`, `u`.`Razorpay_Payment`, `u`.`Role`, `u`.`Secret_Key`, `u`.`Skype`, `u`.`Slug`, `u`.`Specialist`, `u`.`Status`, `u`.`Stripe_Payment`, `u`.`Thumb`, `u`.`Trial_Expire`, `u`.`Twitter`, `u`.`User_Name`, `u`.`User_Type`, `u`.`Verify_Code`, `u`.`Whatsapp`
FROM `Users` AS `u`
WHERE `u`.`Id` = @__id_0
LIMIT 1

2024-08-02 22:48:36.510 +05:30  INF  Executing endpoint 'DCRM.Api.Controllers.ChairController.GetAll (DCRM.Api)'

2024-08-02 22:48:36.510 +05:30  INF  Executing endpoint 'DCRM.Api.Controllers.DoctorController.DoctorNameList (DCRM.Api)'

2024-08-02 22:48:36.511 +05:30  INF  Route matched with {action = "GetAll", controller = "Chair"}. Executing controller action with signature System.Collections.Generic.List`1[DCRM.Common.Dto.ChairDto] GetAll() on controller DCRM.Api.Controllers.ChairController (DCRM.Api).

2024-08-02 22:48:36.511 +05:30  INF  Route matched with {action = "DoctorNameList", controller = "Doctor"}. Executing controller action with signature System.Collections.Generic.List`1[DCRM.Common.Dto.DropdownDataDto] DoctorNameList() on controller DCRM.Api.Controllers.DoctorController (DCRM.Api).

2024-08-02 22:48:36.881 +05:30  INF  Executed DbCommand (418ms) [Parameters=[], CommandType='"Text"', CommandTimeout='30']
SELECT `p`.`Id`, `p`.`Amount_Type`, `p`.`Balance`, `p`.`Created_At`, `p`.`Credit_Amount`, `p`.`Debit_Amount`, `p`.`Description`, `p`.`Doctor_Id`, `p`.`Patient_Id`, `p`.`Payment_Mode`, `p`.`Updated_At`, `p`.`Workdone_Id`, `p`.`isPrinted`
FROM `Payment_History` AS `p`

2024-08-02 22:48:37.142 +05:30  INF  Executed DbCommand (209ms) [Parameters=[], CommandType='"Text"', CommandTimeout='30']
SELECT `c`.`Id`, `c`.`Address`, `c`.`Appoinment_Limit`, `c`.`Created_At`, `c`.`Doctor_Id`, `c`.`Is_Primary`, `c`.`Name`, `c`.`Status`, `c`.`Uid`, `c`.`User_Id`
FROM `Chairs` AS `c`

2024-08-02 22:48:37.144 +05:30  INF  Executed DbCommand (211ms) [Parameters=[@__userId_0='?' (DbType = Int64)], CommandType='"Text"', CommandTimeout='30']
SELECT `d`.`Id`, `d`.`Age`, `d`.`Blood_Group`, `d`.`Created_At`, `d`.`Dob`, `d`.`Email`, `d`.`Email2`, `d`.`Gender`, `d`.`Gst_Number`, `d`.`Is_Delete`, `d`.`Marital_Status`, `d`.`Name`, `d`.`Pan_Number`, `d`.`Password`, `d`.`Phone1`, `d`.`Phone2`, `d`.`Phone3`, `d`.`Phone4`, `d`.`Qualification`, `d`.`Role`, `d`.`Speciality`, `d`.`Thumb`, `d`.`Updated_At`, `d`.`User_Id`
FROM `Doctors` AS `d`
WHERE (`d`.`User_Id` = @__userId_0) AND (`d`.`Is_Delete` = 0)

2024-08-02 22:48:37.721 +05:30  INF  Executed DbCommand (211ms) [Parameters=[@__p_0='?' (DbType = Int64)], CommandType='"Text"', CommandTimeout='30']
SELECT `p`.`Id`, `p`.`Amount`, `p`.`Balance_Amount`, `p`.`Balance_Spent`, `p`.`Created_At`, `p`.`Name`, `p`.`Patients_Id`, `p`.`Type`, `p`.`Updated_At`
FROM `Patients_Insurance_Loan` AS `p`
WHERE `p`.`Patients_Id` = @__p_0

2024-08-02 22:48:37.777 +05:30  INF  Executed DbCommand (206ms) [Parameters=[@__Id_0='?' (DbType = Int64)], CommandType='"Text"', CommandTimeout='30']
SELECT `d`.`Id`, `d`.`Age`, `d`.`Blood_Group`, `d`.`Created_At`, `d`.`Dob`, `d`.`Email`, `d`.`Email2`, `d`.`Gender`, `d`.`Gst_Number`, `d`.`Is_Delete`, `d`.`Marital_Status`, `d`.`Name`, `d`.`Pan_Number`, `d`.`Password`, `d`.`Phone1`, `d`.`Phone2`, `d`.`Phone3`, `d`.`Phone4`, `d`.`Qualification`, `d`.`Role`, `d`.`Speciality`, `d`.`Thumb`, `d`.`Updated_At`, `d`.`User_Id`
FROM `Doctors` AS `d`
WHERE `d`.`Id` = @__Id_0
LIMIT 2

2024-08-02 22:48:37.979 +05:30  INF  Executing ObjectResult, writing value of type 'System.Collections.Generic.List`1[[DCRM.Common.Dto.DropdownDataDto, DCRM.Common, Version=1.0.0.0, Culture=neutral, PublicKeyToken=null]]'.

2024-08-02 22:48:37.982 +05:30  INF  Executed action DCRM.Api.Controllers.DoctorController.DoctorNameList (DCRM.Api) in 1470.4314ms

2024-08-02 22:48:37.982 +05:30  INF  Executed endpoint 'DCRM.Api.Controllers.DoctorController.DoctorNameList (DCRM.Api)'

2024-08-02 22:48:37.982 +05:30  INF  Request finished HTTP/2 GET https://localhost:7069/api/Doctor/Get/Names application/json - - 200 - application/json;+charset=utf-8 4483.8434ms

2024-08-02 22:48:38.385 +05:30  INF  Executed DbCommand (215ms) [Parameters=[@__p_0='?' (DbType = Int64)], CommandType='"Text"', CommandTimeout='30']
SELECT `p`.`Id`, `p`.`Created_At`, `p`.`Patient_Id`, `p`.`Report`, `p`.`Report_Date`, `p`.`Report_File`, `p`.`Status`, `p`.`Test_Name`, `p`.`Test_Price`, `p`.`Updated_At`
FROM `Patient_Tests` AS `p`
WHERE `p`.`Patient_Id` = @__p_0

2024-08-02 22:48:38.397 +05:30  INF  Executed DbCommand (210ms) [Parameters=[@__Id_0='?' (DbType = Int64)], CommandType='"Text"', CommandTimeout='30']
SELECT `d`.`Id`, `d`.`Age`, `d`.`Blood_Group`, `d`.`Created_At`, `d`.`Dob`, `d`.`Email`, `d`.`Email2`, `d`.`Gender`, `d`.`Gst_Number`, `d`.`Is_Delete`, `d`.`Marital_Status`, `d`.`Name`, `d`.`Pan_Number`, `d`.`Password`, `d`.`Phone1`, `d`.`Phone2`, `d`.`Phone3`, `d`.`Phone4`, `d`.`Qualification`, `d`.`Role`, `d`.`Speciality`, `d`.`Thumb`, `d`.`Updated_At`, `d`.`User_Id`
FROM `Doctors` AS `d`
WHERE `d`.`Id` = @__Id_0
LIMIT 2

2024-08-02 22:48:39.021 +05:30  INF  Executed DbCommand (209ms) [Parameters=[@__Id_0='?' (DbType = Int64)], CommandType='"Text"', CommandTimeout='30']
SELECT `d`.`Id`, `d`.`Age`, `d`.`Blood_Group`, `d`.`Created_At`, `d`.`Dob`, `d`.`Email`, `d`.`Email2`, `d`.`Gender`, `d`.`Gst_Number`, `d`.`Is_Delete`, `d`.`Marital_Status`, `d`.`Name`, `d`.`Pan_Number`, `d`.`Password`, `d`.`Phone1`, `d`.`Phone2`, `d`.`Phone3`, `d`.`Phone4`, `d`.`Qualification`, `d`.`Role`, `d`.`Speciality`, `d`.`Thumb`, `d`.`Updated_At`, `d`.`User_Id`
FROM `Doctors` AS `d`
WHERE `d`.`Id` = @__Id_0
LIMIT 2

2024-08-02 22:48:39.027 +05:30  INF  Executed DbCommand (215ms) [Parameters=[@__p_0='?' (DbType = Int64)], CommandType='"Text"', CommandTimeout='30']
SELECT `p`.`Id`, `p`.`Address_O`, `p`.`Address_Other`, `p`.`Address_R`, `p`.`City_O`, `p`.`City_Other`, `p`.`City_R`, `p`.`Country_O`, `p`.`Country_Other`, `p`.`Country_R`, `p`.`Created_At`, `p`.`Doctor_Name`, `p`.`Email`, `p`.`Email2`, `p`.`Medical_History_Allergies`, `p`.`Patient_Id`, `p`.`Phone`, `p`.`Phone1`, `p`.`Phone2`, `p`.`Phone3`, `p`.`Phone4`, `p`.`Physician`, `p`.`Reffered_By`, `p`.`Relationship_Type`, `p`.`Special_Notes`, `p`.`Updated_At`, `p`.`Zip_O`, `p`.`Zip_Other`, `p`.`Zip_R`
FROM `Patients_Contact` AS `p`
WHERE `p`.`Patient_Id` = @__p_0

2024-08-02 22:48:39.645 +05:30  INF  Executed DbCommand (210ms) [Parameters=[@__Id_0='?' (DbType = Int64)], CommandType='"Text"', CommandTimeout='30']
SELECT `d`.`Id`, `d`.`Age`, `d`.`Blood_Group`, `d`.`Created_At`, `d`.`Dob`, `d`.`Email`, `d`.`Email2`, `d`.`Gender`, `d`.`Gst_Number`, `d`.`Is_Delete`, `d`.`Marital_Status`, `d`.`Name`, `d`.`Pan_Number`, `d`.`Password`, `d`.`Phone1`, `d`.`Phone2`, `d`.`Phone3`, `d`.`Phone4`, `d`.`Qualification`, `d`.`Role`, `d`.`Speciality`, `d`.`Thumb`, `d`.`Updated_At`, `d`.`User_Id`
FROM `Doctors` AS `d`
WHERE `d`.`Id` = @__Id_0
LIMIT 2

2024-08-02 22:48:39.724 +05:30  INF  Executed DbCommand (211ms) [Parameters=[@__p_0='?' (DbType = Int64)], CommandType='"Text"', CommandTimeout='30']
SELECT `p`.`Id`, `p`.`Created_At`, `p`.`Patient_Id`, `p`.`Report`, `p`.`Report_File`, `p`.`Scan_Name`, `p`.`Status`, `p`.`Type`, `p`.`Updated_At`
FROM `Patient_Scans` AS `p`
WHERE `p`.`Patient_Id` = @__p_0

2024-08-02 22:48:39.725 +05:30  INF  Executing ObjectResult, writing value of type 'DCRM.Common.Dto.PatientseDto'.

2024-08-02 22:48:39.764 +05:30  INF  Executed action DCRM.Api.Controllers.PatientController.Get (DCRM.Api) in 4366.8077ms

2024-08-02 22:48:39.764 +05:30  INF  Executed endpoint 'DCRM.Api.Controllers.PatientController.Get (DCRM.Api)'

2024-08-02 22:48:39.765 +05:30  INF  Request finished HTTP/2 GET https://localhost:7069/api/Patient/Get/9 application/json - - 200 - application/json;+charset=utf-8 5006.9631ms

2024-08-02 22:48:40.276 +05:30  INF  Executed DbCommand (209ms) [Parameters=[@__Id_0='?' (DbType = Int64)], CommandType='"Text"', CommandTimeout='30']
SELECT `d`.`Id`, `d`.`Age`, `d`.`Blood_Group`, `d`.`Created_At`, `d`.`Dob`, `d`.`Email`, `d`.`Email2`, `d`.`Gender`, `d`.`Gst_Number`, `d`.`Is_Delete`, `d`.`Marital_Status`, `d`.`Name`, `d`.`Pan_Number`, `d`.`Password`, `d`.`Phone1`, `d`.`Phone2`, `d`.`Phone3`, `d`.`Phone4`, `d`.`Qualification`, `d`.`Role`, `d`.`Speciality`, `d`.`Thumb`, `d`.`Updated_At`, `d`.`User_Id`
FROM `Doctors` AS `d`
WHERE `d`.`Id` = @__Id_0
LIMIT 2

2024-08-02 22:48:40.899 +05:30  INF  Executed DbCommand (208ms) [Parameters=[@__Id_0='?' (DbType = Int64)], CommandType='"Text"', CommandTimeout='30']
SELECT `d`.`Id`, `d`.`Age`, `d`.`Blood_Group`, `d`.`Created_At`, `d`.`Dob`, `d`.`Email`, `d`.`Email2`, `d`.`Gender`, `d`.`Gst_Number`, `d`.`Is_Delete`, `d`.`Marital_Status`, `d`.`Name`, `d`.`Pan_Number`, `d`.`Password`, `d`.`Phone1`, `d`.`Phone2`, `d`.`Phone3`, `d`.`Phone4`, `d`.`Qualification`, `d`.`Role`, `d`.`Speciality`, `d`.`Thumb`, `d`.`Updated_At`, `d`.`User_Id`
FROM `Doctors` AS `d`
WHERE `d`.`Id` = @__Id_0
LIMIT 2

2024-08-02 22:48:41.524 +05:30  INF  Executed DbCommand (208ms) [Parameters=[@__Id_0='?' (DbType = Int64)], CommandType='"Text"', CommandTimeout='30']
SELECT `d`.`Id`, `d`.`Age`, `d`.`Blood_Group`, `d`.`Created_At`, `d`.`Dob`, `d`.`Email`, `d`.`Email2`, `d`.`Gender`, `d`.`Gst_Number`, `d`.`Is_Delete`, `d`.`Marital_Status`, `d`.`Name`, `d`.`Pan_Number`, `d`.`Password`, `d`.`Phone1`, `d`.`Phone2`, `d`.`Phone3`, `d`.`Phone4`, `d`.`Qualification`, `d`.`Role`, `d`.`Speciality`, `d`.`Thumb`, `d`.`Updated_At`, `d`.`User_Id`
FROM `Doctors` AS `d`
WHERE `d`.`Id` = @__Id_0
LIMIT 2

2024-08-02 22:48:42.146 +05:30  INF  Executed DbCommand (209ms) [Parameters=[@__Id_0='?' (DbType = Int64)], CommandType='"Text"', CommandTimeout='30']
SELECT `d`.`Id`, `d`.`Age`, `d`.`Blood_Group`, `d`.`Created_At`, `d`.`Dob`, `d`.`Email`, `d`.`Email2`, `d`.`Gender`, `d`.`Gst_Number`, `d`.`Is_Delete`, `d`.`Marital_Status`, `d`.`Name`, `d`.`Pan_Number`, `d`.`Password`, `d`.`Phone1`, `d`.`Phone2`, `d`.`Phone3`, `d`.`Phone4`, `d`.`Qualification`, `d`.`Role`, `d`.`Speciality`, `d`.`Thumb`, `d`.`Updated_At`, `d`.`User_Id`
FROM `Doctors` AS `d`
WHERE `d`.`Id` = @__Id_0
LIMIT 2

2024-08-02 22:48:42.784 +05:30  INF  Executed DbCommand (212ms) [Parameters=[@__Id_0='?' (DbType = Int64)], CommandType='"Text"', CommandTimeout='30']
SELECT `d`.`Id`, `d`.`Age`, `d`.`Blood_Group`, `d`.`Created_At`, `d`.`Dob`, `d`.`Email`, `d`.`Email2`, `d`.`Gender`, `d`.`Gst_Number`, `d`.`Is_Delete`, `d`.`Marital_Status`, `d`.`Name`, `d`.`Pan_Number`, `d`.`Password`, `d`.`Phone1`, `d`.`Phone2`, `d`.`Phone3`, `d`.`Phone4`, `d`.`Qualification`, `d`.`Role`, `d`.`Speciality`, `d`.`Thumb`, `d`.`Updated_At`, `d`.`User_Id`
FROM `Doctors` AS `d`
WHERE `d`.`Id` = @__Id_0
LIMIT 2

2024-08-02 22:48:43.419 +05:30  INF  Executed DbCommand (220ms) [Parameters=[@__Id_0='?' (DbType = Int64)], CommandType='"Text"', CommandTimeout='30']
SELECT `d`.`Id`, `d`.`Age`, `d`.`Blood_Group`, `d`.`Created_At`, `d`.`Dob`, `d`.`Email`, `d`.`Email2`, `d`.`Gender`, `d`.`Gst_Number`, `d`.`Is_Delete`, `d`.`Marital_Status`, `d`.`Name`, `d`.`Pan_Number`, `d`.`Password`, `d`.`Phone1`, `d`.`Phone2`, `d`.`Phone3`, `d`.`Phone4`, `d`.`Qualification`, `d`.`Role`, `d`.`Speciality`, `d`.`Thumb`, `d`.`Updated_At`, `d`.`User_Id`
FROM `Doctors` AS `d`
WHERE `d`.`Id` = @__Id_0
LIMIT 2

2024-08-02 22:48:44.041 +05:30  INF  Executed DbCommand (208ms) [Parameters=[@__Id_0='?' (DbType = Int64)], CommandType='"Text"', CommandTimeout='30']
SELECT `d`.`Id`, `d`.`Age`, `d`.`Blood_Group`, `d`.`Created_At`, `d`.`Dob`, `d`.`Email`, `d`.`Email2`, `d`.`Gender`, `d`.`Gst_Number`, `d`.`Is_Delete`, `d`.`Marital_Status`, `d`.`Name`, `d`.`Pan_Number`, `d`.`Password`, `d`.`Phone1`, `d`.`Phone2`, `d`.`Phone3`, `d`.`Phone4`, `d`.`Qualification`, `d`.`Role`, `d`.`Speciality`, `d`.`Thumb`, `d`.`Updated_At`, `d`.`User_Id`
FROM `Doctors` AS `d`
WHERE `d`.`Id` = @__Id_0
LIMIT 2

2024-08-02 22:48:44.667 +05:30  INF  Executed DbCommand (212ms) [Parameters=[@__Id_0='?' (DbType = Int64)], CommandType='"Text"', CommandTimeout='30']
SELECT `d`.`Id`, `d`.`Age`, `d`.`Blood_Group`, `d`.`Created_At`, `d`.`Dob`, `d`.`Email`, `d`.`Email2`, `d`.`Gender`, `d`.`Gst_Number`, `d`.`Is_Delete`, `d`.`Marital_Status`, `d`.`Name`, `d`.`Pan_Number`, `d`.`Password`, `d`.`Phone1`, `d`.`Phone2`, `d`.`Phone3`, `d`.`Phone4`, `d`.`Qualification`, `d`.`Role`, `d`.`Speciality`, `d`.`Thumb`, `d`.`Updated_At`, `d`.`User_Id`
FROM `Doctors` AS `d`
WHERE `d`.`Id` = @__Id_0
LIMIT 2

2024-08-02 22:48:45.295 +05:30  INF  Executed DbCommand (209ms) [Parameters=[@__Id_0='?' (DbType = Int64)], CommandType='"Text"', CommandTimeout='30']
SELECT `d`.`Id`, `d`.`Age`, `d`.`Blood_Group`, `d`.`Created_At`, `d`.`Dob`, `d`.`Email`, `d`.`Email2`, `d`.`Gender`, `d`.`Gst_Number`, `d`.`Is_Delete`, `d`.`Marital_Status`, `d`.`Name`, `d`.`Pan_Number`, `d`.`Password`, `d`.`Phone1`, `d`.`Phone2`, `d`.`Phone3`, `d`.`Phone4`, `d`.`Qualification`, `d`.`Role`, `d`.`Speciality`, `d`.`Thumb`, `d`.`Updated_At`, `d`.`User_Id`
FROM `Doctors` AS `d`
WHERE `d`.`Id` = @__Id_0
LIMIT 2

2024-08-02 22:48:45.919 +05:30  INF  Executed DbCommand (210ms) [Parameters=[@__Id_0='?' (DbType = Int64)], CommandType='"Text"', CommandTimeout='30']
SELECT `d`.`Id`, `d`.`Age`, `d`.`Blood_Group`, `d`.`Created_At`, `d`.`Dob`, `d`.`Email`, `d`.`Email2`, `d`.`Gender`, `d`.`Gst_Number`, `d`.`Is_Delete`, `d`.`Marital_Status`, `d`.`Name`, `d`.`Pan_Number`, `d`.`Password`, `d`.`Phone1`, `d`.`Phone2`, `d`.`Phone3`, `d`.`Phone4`, `d`.`Qualification`, `d`.`Role`, `d`.`Speciality`, `d`.`Thumb`, `d`.`Updated_At`, `d`.`User_Id`
FROM `Doctors` AS `d`
WHERE `d`.`Id` = @__Id_0
LIMIT 2

2024-08-02 22:48:46.543 +05:30  INF  Executed DbCommand (210ms) [Parameters=[@__Id_0='?' (DbType = Int64)], CommandType='"Text"', CommandTimeout='30']
SELECT `d`.`Id`, `d`.`Age`, `d`.`Blood_Group`, `d`.`Created_At`, `d`.`Dob`, `d`.`Email`, `d`.`Email2`, `d`.`Gender`, `d`.`Gst_Number`, `d`.`Is_Delete`, `d`.`Marital_Status`, `d`.`Name`, `d`.`Pan_Number`, `d`.`Password`, `d`.`Phone1`, `d`.`Phone2`, `d`.`Phone3`, `d`.`Phone4`, `d`.`Qualification`, `d`.`Role`, `d`.`Speciality`, `d`.`Thumb`, `d`.`Updated_At`, `d`.`User_Id`
FROM `Doctors` AS `d`
WHERE `d`.`Id` = @__Id_0
LIMIT 2

2024-08-02 22:48:47.163 +05:30  INF  Request starting HTTP/2 OPTIONS https://localhost:7069/api/Appointment/GetAppointmentWithPatient - -

2024-08-02 22:48:47.163 +05:30  INF  CORS policy execution successful.

2024-08-02 22:48:47.163 +05:30  INF  Request finished HTTP/2 OPTIONS https://localhost:7069/api/Appointment/GetAppointmentWithPatient - - - 204 - - 0.2897ms

2024-08-02 22:48:47.166 +05:30  INF  Request starting HTTP/2 GET https://localhost:7069/api/Appointment/GetAppointmentWithPatient application/json -

2024-08-02 22:48:47.166 +05:30  INF  CORS policy execution successful.

2024-08-02 22:48:47.171 +05:30  INF  Executed DbCommand (213ms) [Parameters=[@__Id_0='?' (DbType = Int64)], CommandType='"Text"', CommandTimeout='30']
SELECT `d`.`Id`, `d`.`Age`, `d`.`Blood_Group`, `d`.`Created_At`, `d`.`Dob`, `d`.`Email`, `d`.`Email2`, `d`.`Gender`, `d`.`Gst_Number`, `d`.`Is_Delete`, `d`.`Marital_Status`, `d`.`Name`, `d`.`Pan_Number`, `d`.`Password`, `d`.`Phone1`, `d`.`Phone2`, `d`.`Phone3`, `d`.`Phone4`, `d`.`Qualification`, `d`.`Role`, `d`.`Speciality`, `d`.`Thumb`, `d`.`Updated_At`, `d`.`User_Id`
FROM `Doctors` AS `d`
WHERE `d`.`Id` = @__Id_0
LIMIT 2

2024-08-02 22:48:47.793 +05:30  INF  Executed DbCommand (210ms) [Parameters=[@__id_0='?' (DbType = Int64)], CommandType='"Text"', CommandTimeout='30']
SELECT `u`.`Id`, `u`.`About_Me`, `u`.`Account_Type`, `u`.`Address`, `u`.`Available_Days`, `u`.`Bn_Name`, `u`.`City`, `u`.`Country`, `u`.`Created_At`, `u`.`Currency`, `u`.`Degree`, `u`.`Email`, `u`.`Email_Verified`, `u`.`Enable_Appointment`, `u`.`Enable_Rating`, `u`.`Exp_Years`, `u`.`Facebook`, `u`.`Google_Analytics`, `u`.`Image`, `u`.`Instagram`, `u`.`Linkedin`, `u`.`Name`, `u`.`Parent_Id`, `u`.`Password`, `u`.`Paypal_Email`, `u`.`Paypal_Mode`, `u`.`Paypal_Payment`, `u`.`Paystack_Payment`, `u`.`Paystack_Public_Key`, `u`.`Paystack_Secret_Key`, `u`.`Phone`, `u`.`Publish_Key`, `u`.`Qr_Code`, `u`.`Razorpay_Key_Id`, `u`.`Razorpay_Key_Secret`, `u`.`Razorpay_Payment`, `u`.`Role`, `u`.`Secret_Key`, `u`.`Skype`, `u`.`Slug`, `u`.`Specialist`, `u`.`Status`, `u`.`Stripe_Payment`, `u`.`Thumb`, `u`.`Trial_Expire`, `u`.`Twitter`, `u`.`User_Name`, `u`.`User_Type`, `u`.`Verify_Code`, `u`.`Whatsapp`
FROM `Users` AS `u`
WHERE `u`.`Id` = @__id_0
LIMIT 1

2024-08-02 22:48:47.793 +05:30  INF  Executed DbCommand (210ms) [Parameters=[@__Id_0='?' (DbType = Int64)], CommandType='"Text"', CommandTimeout='30']
SELECT `d`.`Id`, `d`.`Age`, `d`.`Blood_Group`, `d`.`Created_At`, `d`.`Dob`, `d`.`Email`, `d`.`Email2`, `d`.`Gender`, `d`.`Gst_Number`, `d`.`Is_Delete`, `d`.`Marital_Status`, `d`.`Name`, `d`.`Pan_Number`, `d`.`Password`, `d`.`Phone1`, `d`.`Phone2`, `d`.`Phone3`, `d`.`Phone4`, `d`.`Qualification`, `d`.`Role`, `d`.`Speciality`, `d`.`Thumb`, `d`.`Updated_At`, `d`.`User_Id`
FROM `Doctors` AS `d`
WHERE `d`.`Id` = @__Id_0
LIMIT 2

2024-08-02 22:48:47.793 +05:30  INF  Executing endpoint 'DCRM.Api.Controllers.AppointmentController.GetAppointmentWithPatient (DCRM.Api)'

2024-08-02 22:48:47.793 +05:30  INF  Route matched with {action = "GetAppointmentWithPatient", controller = "Appointment"}. Executing controller action with signature System.Collections.Generic.List`1[DCRM.Common.Dto.AppointmentDto] GetAppointmentWithPatient() on controller DCRM.Api.Controllers.AppointmentController (DCRM.Api).

2024-08-02 22:48:48.416 +05:30  INF  Executed DbCommand (208ms) [Parameters=[@__Id_0='?' (DbType = Int64)], CommandType='"Text"', CommandTimeout='30']
SELECT `d`.`Id`, `d`.`Age`, `d`.`Blood_Group`, `d`.`Created_At`, `d`.`Dob`, `d`.`Email`, `d`.`Email2`, `d`.`Gender`, `d`.`Gst_Number`, `d`.`Is_Delete`, `d`.`Marital_Status`, `d`.`Name`, `d`.`Pan_Number`, `d`.`Password`, `d`.`Phone1`, `d`.`Phone2`, `d`.`Phone3`, `d`.`Phone4`, `d`.`Qualification`, `d`.`Role`, `d`.`Speciality`, `d`.`Thumb`, `d`.`Updated_At`, `d`.`User_Id`
FROM `Doctors` AS `d`
WHERE `d`.`Id` = @__Id_0
LIMIT 2

2024-08-02 22:48:48.418 +05:30  INF  Executed DbCommand (210ms) [Parameters=[], CommandType='"Text"', CommandTimeout='30']
SELECT `a`.`Id`, `a`.`Appointment_Status`, `a`.`Cause`, `a`.`Chair`, `a`.`Chamber_Id`, `a`.`Created_At`, `a`.`Date`, `a`.`Doctor_Id`, `a`.`Doctor_Name`, `a`.`End_Time`, `a`.`Extra_Notes`, `a`.`Files`, `a`.`Is_Delete`, `a`.`Is_Start`, `a`.`Meeting_Notes`, `a`.`Number_Of_Slot`, `a`.`Patient_Id`, `a`.`Prescription_Id`, `a`.`Serial_Id`, `a`.`Slot_Time`, `a`.`Start_Time`, `a`.`Status`, `a`.`Type`, `a`.`User_Id`, `a`.`Workdone_Id`
FROM `Appointments` AS `a`
WHERE `a`.`Is_Delete` = 0

2024-08-02 22:48:49.038 +05:30  INF  Executed DbCommand (208ms) [Parameters=[@__Id_0='?' (DbType = Int64)], CommandType='"Text"', CommandTimeout='30']
SELECT `d`.`Id`, `d`.`Age`, `d`.`Blood_Group`, `d`.`Created_At`, `d`.`Dob`, `d`.`Email`, `d`.`Email2`, `d`.`Gender`, `d`.`Gst_Number`, `d`.`Is_Delete`, `d`.`Marital_Status`, `d`.`Name`, `d`.`Pan_Number`, `d`.`Password`, `d`.`Phone1`, `d`.`Phone2`, `d`.`Phone3`, `d`.`Phone4`, `d`.`Qualification`, `d`.`Role`, `d`.`Speciality`, `d`.`Thumb`, `d`.`Updated_At`, `d`.`User_Id`
FROM `Doctors` AS `d`
WHERE `d`.`Id` = @__Id_0
LIMIT 2

2024-08-02 22:48:49.039 +05:30  INF  Executing ObjectResult, writing value of type 'System.Collections.Generic.List`1[[DCRM.Common.Dto.ChairDto, DCRM.Common, Version=1.0.0.0, Culture=neutral, PublicKeyToken=null]]'.

2024-08-02 22:48:49.042 +05:30  INF  Executed action DCRM.Api.Controllers.ChairController.GetAll (DCRM.Api) in 12531.1727ms

2024-08-02 22:48:49.042 +05:30  INF  Executed endpoint 'DCRM.Api.Controllers.ChairController.GetAll (DCRM.Api)'

2024-08-02 22:48:49.043 +05:30  INF  Request finished HTTP/2 GET https://localhost:7069/api/Chair/GetAll application/json - - 200 - application/json;+charset=utf-8 15543.7008ms

2024-08-02 22:48:49.057 +05:30  INF  Executed DbCommand (208ms) [Parameters=[], CommandType='"Text"', CommandTimeout='30']
SELECT `p`.`Id`, `p`.`Age`, `p`.`Chamber_Id`, `p`.`Created_At`, `p`.`Email`, `p`.`Guardian`, `p`.`Is_Delete`, `p`.`Mobile`, `p`.`Mr_Number`, `p`.`Name`, `p`.`Password`, `p`.`Permanent_Address`, `p`.`Present_Address`, `p`.`Role`, `p`.`Sex`, `p`.`Slug`, `p`.`Thumb`, `p`.`Title`, `p`.`UserName`, `p`.`User_Id`, `p`.`Verify_Code`, `p`.`Weight`
FROM `Patientses` AS `p`
WHERE `p`.`Is_Delete` = 0

2024-08-02 22:48:50.103 +05:30  INF  Executed DbCommand (210ms) [Parameters=[], CommandType='"Text"', CommandTimeout='30']
SELECT `d`.`Id`, `d`.`Age`, `d`.`Blood_Group`, `d`.`Created_At`, `d`.`Dob`, `d`.`Email`, `d`.`Email2`, `d`.`Gender`, `d`.`Gst_Number`, `d`.`Is_Delete`, `d`.`Marital_Status`, `d`.`Name`, `d`.`Pan_Number`, `d`.`Password`, `d`.`Phone1`, `d`.`Phone2`, `d`.`Phone3`, `d`.`Phone4`, `d`.`Qualification`, `d`.`Role`, `d`.`Speciality`, `d`.`Thumb`, `d`.`Updated_At`, `d`.`User_Id`
FROM `Doctors` AS `d`

2024-08-02 22:48:50.121 +05:30  INF  Executing ObjectResult, writing value of type 'System.Collections.Generic.List`1[[DCRM.Common.Dto.AppointmentDto, DCRM.Common, Version=1.0.0.0, Culture=neutral, PublicKeyToken=null]]'.

2024-08-02 22:48:50.122 +05:30  INF  Executed action DCRM.Api.Controllers.AppointmentController.GetAppointmentWithPatient (DCRM.Api) in 2329.1835ms

2024-08-02 22:48:50.122 +05:30  INF  Executed endpoint 'DCRM.Api.Controllers.AppointmentController.GetAppointmentWithPatient (DCRM.Api)'

2024-08-02 22:48:50.123 +05:30  INF  Request finished HTTP/2 GET https://localhost:7069/api/Appointment/GetAppointmentWithPatient application/json - - 200 - application/json;+charset=utf-8 2956.9093ms

2024-08-02 22:48:58.671 +05:30  INF  Request starting HTTP/2 OPTIONS https://localhost:7069/api/Appointment/GetAppointmentWithPatient - -

2024-08-02 22:48:58.671 +05:30  INF  CORS policy execution successful.

2024-08-02 22:48:58.671 +05:30  INF  Request finished HTTP/2 OPTIONS https://localhost:7069/api/Appointment/GetAppointmentWithPatient - - - 204 - - 0.3390ms

2024-08-02 22:48:58.675 +05:30  INF  Request starting HTTP/2 GET https://localhost:7069/api/Appointment/GetAppointmentWithPatient application/json -

2024-08-02 22:48:58.675 +05:30  INF  CORS policy execution successful.

2024-08-02 22:48:59.300 +05:30  INF  Executed DbCommand (208ms) [Parameters=[@__id_0='?' (DbType = Int64)], CommandType='"Text"', CommandTimeout='30']
SELECT `u`.`Id`, `u`.`About_Me`, `u`.`Account_Type`, `u`.`Address`, `u`.`Available_Days`, `u`.`Bn_Name`, `u`.`City`, `u`.`Country`, `u`.`Created_At`, `u`.`Currency`, `u`.`Degree`, `u`.`Email`, `u`.`Email_Verified`, `u`.`Enable_Appointment`, `u`.`Enable_Rating`, `u`.`Exp_Years`, `u`.`Facebook`, `u`.`Google_Analytics`, `u`.`Image`, `u`.`Instagram`, `u`.`Linkedin`, `u`.`Name`, `u`.`Parent_Id`, `u`.`Password`, `u`.`Paypal_Email`, `u`.`Paypal_Mode`, `u`.`Paypal_Payment`, `u`.`Paystack_Payment`, `u`.`Paystack_Public_Key`, `u`.`Paystack_Secret_Key`, `u`.`Phone`, `u`.`Publish_Key`, `u`.`Qr_Code`, `u`.`Razorpay_Key_Id`, `u`.`Razorpay_Key_Secret`, `u`.`Razorpay_Payment`, `u`.`Role`, `u`.`Secret_Key`, `u`.`Skype`, `u`.`Slug`, `u`.`Specialist`, `u`.`Status`, `u`.`Stripe_Payment`, `u`.`Thumb`, `u`.`Trial_Expire`, `u`.`Twitter`, `u`.`User_Name`, `u`.`User_Type`, `u`.`Verify_Code`, `u`.`Whatsapp`
FROM `Users` AS `u`
WHERE `u`.`Id` = @__id_0
LIMIT 1

2024-08-02 22:48:59.300 +05:30  INF  Executing endpoint 'DCRM.Api.Controllers.AppointmentController.GetAppointmentWithPatient (DCRM.Api)'

2024-08-02 22:48:59.300 +05:30  INF  Route matched with {action = "GetAppointmentWithPatient", controller = "Appointment"}. Executing controller action with signature System.Collections.Generic.List`1[DCRM.Common.Dto.AppointmentDto] GetAppointmentWithPatient() on controller DCRM.Api.Controllers.AppointmentController (DCRM.Api).

2024-08-02 22:49:00.131 +05:30  INF  Executed DbCommand (416ms) [Parameters=[], CommandType='"Text"', CommandTimeout='30']
SELECT `a`.`Id`, `a`.`Appointment_Status`, `a`.`Cause`, `a`.`Chair`, `a`.`Chamber_Id`, `a`.`Created_At`, `a`.`Date`, `a`.`Doctor_Id`, `a`.`Doctor_Name`, `a`.`End_Time`, `a`.`Extra_Notes`, `a`.`Files`, `a`.`Is_Delete`, `a`.`Is_Start`, `a`.`Meeting_Notes`, `a`.`Number_Of_Slot`, `a`.`Patient_Id`, `a`.`Prescription_Id`, `a`.`Serial_Id`, `a`.`Slot_Time`, `a`.`Start_Time`, `a`.`Status`, `a`.`Type`, `a`.`User_Id`, `a`.`Workdone_Id`
FROM `Appointments` AS `a`
WHERE `a`.`Is_Delete` = 0

2024-08-02 22:49:00.964 +05:30  INF  Executed DbCommand (210ms) [Parameters=[], CommandType='"Text"', CommandTimeout='30']
SELECT `p`.`Id`, `p`.`Age`, `p`.`Chamber_Id`, `p`.`Created_At`, `p`.`Email`, `p`.`Guardian`, `p`.`Is_Delete`, `p`.`Mobile`, `p`.`Mr_Number`, `p`.`Name`, `p`.`Password`, `p`.`Permanent_Address`, `p`.`Present_Address`, `p`.`Role`, `p`.`Sex`, `p`.`Slug`, `p`.`Thumb`, `p`.`Title`, `p`.`UserName`, `p`.`User_Id`, `p`.`Verify_Code`, `p`.`Weight`
FROM `Patientses` AS `p`
WHERE `p`.`Is_Delete` = 0

2024-08-02 22:49:02.224 +05:30  INF  Executed DbCommand (214ms) [Parameters=[], CommandType='"Text"', CommandTimeout='30']
SELECT `d`.`Id`, `d`.`Age`, `d`.`Blood_Group`, `d`.`Created_At`, `d`.`Dob`, `d`.`Email`, `d`.`Email2`, `d`.`Gender`, `d`.`Gst_Number`, `d`.`Is_Delete`, `d`.`Marital_Status`, `d`.`Name`, `d`.`Pan_Number`, `d`.`Password`, `d`.`Phone1`, `d`.`Phone2`, `d`.`Phone3`, `d`.`Phone4`, `d`.`Qualification`, `d`.`Role`, `d`.`Speciality`, `d`.`Thumb`, `d`.`Updated_At`, `d`.`User_Id`
FROM `Doctors` AS `d`

2024-08-02 22:49:02.258 +05:30  INF  Executing ObjectResult, writing value of type 'System.Collections.Generic.List`1[[DCRM.Common.Dto.AppointmentDto, DCRM.Common, Version=1.0.0.0, Culture=neutral, PublicKeyToken=null]]'.

2024-08-02 22:49:02.260 +05:30  INF  Executed action DCRM.Api.Controllers.AppointmentController.GetAppointmentWithPatient (DCRM.Api) in 2959.9154ms

2024-08-02 22:49:02.260 +05:30  INF  Executed endpoint 'DCRM.Api.Controllers.AppointmentController.GetAppointmentWithPatient (DCRM.Api)'

2024-08-02 22:49:02.260 +05:30  INF  Request finished HTTP/2 GET https://localhost:7069/api/Appointment/GetAppointmentWithPatient application/json - - 200 - application/json;+charset=utf-8 3585.7620ms

2024-08-02 22:49:55.107 +05:30  INF  Request starting HTTP/2 OPTIONS https://localhost:7069/api/Appointment/Get/409 - -

2024-08-02 22:49:55.109 +05:30  INF  CORS policy execution successful.

2024-08-02 22:49:55.111 +05:30  INF  Request finished HTTP/2 OPTIONS https://localhost:7069/api/Appointment/Get/409 - - - 204 - - 4.0748ms

2024-08-02 22:49:55.123 +05:30  INF  Request starting HTTP/2 GET https://localhost:7069/api/Appointment/Get/409 application/json -

2024-08-02 22:49:55.125 +05:30  INF  CORS policy execution successful.

2024-08-02 22:49:55.751 +05:30  INF  Executed DbCommand (207ms) [Parameters=[@__id_0='?' (DbType = Int64)], CommandType='"Text"', CommandTimeout='30']
SELECT `u`.`Id`, `u`.`About_Me`, `u`.`Account_Type`, `u`.`Address`, `u`.`Available_Days`, `u`.`Bn_Name`, `u`.`City`, `u`.`Country`, `u`.`Created_At`, `u`.`Currency`, `u`.`Degree`, `u`.`Email`, `u`.`Email_Verified`, `u`.`Enable_Appointment`, `u`.`Enable_Rating`, `u`.`Exp_Years`, `u`.`Facebook`, `u`.`Google_Analytics`, `u`.`Image`, `u`.`Instagram`, `u`.`Linkedin`, `u`.`Name`, `u`.`Parent_Id`, `u`.`Password`, `u`.`Paypal_Email`, `u`.`Paypal_Mode`, `u`.`Paypal_Payment`, `u`.`Paystack_Payment`, `u`.`Paystack_Public_Key`, `u`.`Paystack_Secret_Key`, `u`.`Phone`, `u`.`Publish_Key`, `u`.`Qr_Code`, `u`.`Razorpay_Key_Id`, `u`.`Razorpay_Key_Secret`, `u`.`Razorpay_Payment`, `u`.`Role`, `u`.`Secret_Key`, `u`.`Skype`, `u`.`Slug`, `u`.`Specialist`, `u`.`Status`, `u`.`Stripe_Payment`, `u`.`Thumb`, `u`.`Trial_Expire`, `u`.`Twitter`, `u`.`User_Name`, `u`.`User_Type`, `u`.`Verify_Code`, `u`.`Whatsapp`
FROM `Users` AS `u`
WHERE `u`.`Id` = @__id_0
LIMIT 1

2024-08-02 22:49:55.752 +05:30  INF  Executing endpoint 'DCRM.Api.Controllers.AppointmentController.Get (DCRM.Api)'

2024-08-02 22:49:55.752 +05:30  INF  Route matched with {action = "Get", controller = "Appointment"}. Executing controller action with signature DCRM.Common.Entity.Appointment Get(Int32) on controller DCRM.Api.Controllers.AppointmentController (DCRM.Api).

2024-08-02 22:49:56.374 +05:30  INF  Executed DbCommand (210ms) [Parameters=[@__id_0='?' (DbType = Int64)], CommandType='"Text"', CommandTimeout='30']
SELECT `a`.`Id`, `a`.`Appointment_Status`, `a`.`Cause`, `a`.`Chair`, `a`.`Chamber_Id`, `a`.`Created_At`, `a`.`Date`, `a`.`Doctor_Id`, `a`.`Doctor_Name`, `a`.`End_Time`, `a`.`Extra_Notes`, `a`.`Files`, `a`.`Is_Delete`, `a`.`Is_Start`, `a`.`Meeting_Notes`, `a`.`Number_Of_Slot`, `a`.`Patient_Id`, `a`.`Prescription_Id`, `a`.`Serial_Id`, `a`.`Slot_Time`, `a`.`Start_Time`, `a`.`Status`, `a`.`Type`, `a`.`User_Id`, `a`.`Workdone_Id`
FROM `Appointments` AS `a`
WHERE (`a`.`Id` = @__id_0) AND (`a`.`Is_Delete` = 0)
LIMIT 1

2024-08-02 22:49:56.375 +05:30  INF  Executing ObjectResult, writing value of type 'DCRM.Common.Entity.Appointment'.

2024-08-02 22:49:56.375 +05:30  INF  Executed action DCRM.Api.Controllers.AppointmentController.Get (DCRM.Api) in 622.9061ms

2024-08-02 22:49:56.375 +05:30  INF  Executed endpoint 'DCRM.Api.Controllers.AppointmentController.Get (DCRM.Api)'

2024-08-02 22:49:56.375 +05:30  INF  Request finished HTTP/2 GET https://localhost:7069/api/Appointment/Get/409 application/json - - 200 - application/json;+charset=utf-8 1251.6394ms

2024-08-02 22:49:56.395 +05:30  INF  Request starting HTTP/2 GET https://localhost:7069/api/Appointment/Get/409 application/json -

2024-08-02 22:49:56.395 +05:30  INF  CORS policy execution successful.

2024-08-02 22:49:56.397 +05:30  INF  Request starting HTTP/2 OPTIONS https://localhost:7069/api/Doctor/Get/Names - -

2024-08-02 22:49:56.397 +05:30  INF  CORS policy execution successful.

2024-08-02 22:49:56.398 +05:30  INF  Request starting HTTP/2 OPTIONS https://localhost:7069/api/Chair/GetAll - -

2024-08-02 22:49:56.398 +05:30  INF  Request finished HTTP/2 OPTIONS https://localhost:7069/api/Doctor/Get/Names - - - 204 - - 1.5481ms

2024-08-02 22:49:56.398 +05:30  INF  CORS policy execution successful.

2024-08-02 22:49:56.399 +05:30  INF  Request finished HTTP/2 OPTIONS https://localhost:7069/api/Chair/GetAll - - - 204 - - 0.4142ms

2024-08-02 22:49:56.404 +05:30  INF  Request starting HTTP/2 GET https://localhost:7069/api/Doctor/Get/Names application/json -

2024-08-02 22:49:56.405 +05:30  INF  CORS policy execution successful.

2024-08-02 22:49:56.406 +05:30  INF  Request starting HTTP/2 GET https://localhost:7069/api/Chair/GetAll application/json -

2024-08-02 22:49:56.406 +05:30  INF  CORS policy execution successful.

2024-08-02 22:49:57.032 +05:30  INF  Executed DbCommand (212ms) [Parameters=[@__id_0='?' (DbType = Int64)], CommandType='"Text"', CommandTimeout='30']
SELECT `u`.`Id`, `u`.`About_Me`, `u`.`Account_Type`, `u`.`Address`, `u`.`Available_Days`, `u`.`Bn_Name`, `u`.`City`, `u`.`Country`, `u`.`Created_At`, `u`.`Currency`, `u`.`Degree`, `u`.`Email`, `u`.`Email_Verified`, `u`.`Enable_Appointment`, `u`.`Enable_Rating`, `u`.`Exp_Years`, `u`.`Facebook`, `u`.`Google_Analytics`, `u`.`Image`, `u`.`Instagram`, `u`.`Linkedin`, `u`.`Name`, `u`.`Parent_Id`, `u`.`Password`, `u`.`Paypal_Email`, `u`.`Paypal_Mode`, `u`.`Paypal_Payment`, `u`.`Paystack_Payment`, `u`.`Paystack_Public_Key`, `u`.`Paystack_Secret_Key`, `u`.`Phone`, `u`.`Publish_Key`, `u`.`Qr_Code`, `u`.`Razorpay_Key_Id`, `u`.`Razorpay_Key_Secret`, `u`.`Razorpay_Payment`, `u`.`Role`, `u`.`Secret_Key`, `u`.`Skype`, `u`.`Slug`, `u`.`Specialist`, `u`.`Status`, `u`.`Stripe_Payment`, `u`.`Thumb`, `u`.`Trial_Expire`, `u`.`Twitter`, `u`.`User_Name`, `u`.`User_Type`, `u`.`Verify_Code`, `u`.`Whatsapp`
FROM `Users` AS `u`
WHERE `u`.`Id` = @__id_0
LIMIT 1

2024-08-02 22:49:57.032 +05:30  INF  Executed DbCommand (213ms) [Parameters=[@__id_0='?' (DbType = Int64)], CommandType='"Text"', CommandTimeout='30']
SELECT `u`.`Id`, `u`.`About_Me`, `u`.`Account_Type`, `u`.`Address`, `u`.`Available_Days`, `u`.`Bn_Name`, `u`.`City`, `u`.`Country`, `u`.`Created_At`, `u`.`Currency`, `u`.`Degree`, `u`.`Email`, `u`.`Email_Verified`, `u`.`Enable_Appointment`, `u`.`Enable_Rating`, `u`.`Exp_Years`, `u`.`Facebook`, `u`.`Google_Analytics`, `u`.`Image`, `u`.`Instagram`, `u`.`Linkedin`, `u`.`Name`, `u`.`Parent_Id`, `u`.`Password`, `u`.`Paypal_Email`, `u`.`Paypal_Mode`, `u`.`Paypal_Payment`, `u`.`Paystack_Payment`, `u`.`Paystack_Public_Key`, `u`.`Paystack_Secret_Key`, `u`.`Phone`, `u`.`Publish_Key`, `u`.`Qr_Code`, `u`.`Razorpay_Key_Id`, `u`.`Razorpay_Key_Secret`, `u`.`Razorpay_Payment`, `u`.`Role`, `u`.`Secret_Key`, `u`.`Skype`, `u`.`Slug`, `u`.`Specialist`, `u`.`Status`, `u`.`Stripe_Payment`, `u`.`Thumb`, `u`.`Trial_Expire`, `u`.`Twitter`, `u`.`User_Name`, `u`.`User_Type`, `u`.`Verify_Code`, `u`.`Whatsapp`
FROM `Users` AS `u`
WHERE `u`.`Id` = @__id_0
LIMIT 1

2024-08-02 22:49:57.032 +05:30  INF  Executing endpoint 'DCRM.Api.Controllers.ChairController.GetAll (DCRM.Api)'

2024-08-02 22:49:57.032 +05:30  INF  Route matched with {action = "GetAll", controller = "Chair"}. Executing controller action with signature System.Collections.Generic.List`1[DCRM.Common.Dto.ChairDto] GetAll() on controller DCRM.Api.Controllers.ChairController (DCRM.Api).

2024-08-02 22:49:57.032 +05:30  INF  Executing endpoint 'DCRM.Api.Controllers.AppointmentController.Get (DCRM.Api)'

2024-08-02 22:49:57.032 +05:30  INF  Executed DbCommand (213ms) [Parameters=[@__id_0='?' (DbType = Int64)], CommandType='"Text"', CommandTimeout='30']
SELECT `u`.`Id`, `u`.`About_Me`, `u`.`Account_Type`, `u`.`Address`, `u`.`Available_Days`, `u`.`Bn_Name`, `u`.`City`, `u`.`Country`, `u`.`Created_At`, `u`.`Currency`, `u`.`Degree`, `u`.`Email`, `u`.`Email_Verified`, `u`.`Enable_Appointment`, `u`.`Enable_Rating`, `u`.`Exp_Years`, `u`.`Facebook`, `u`.`Google_Analytics`, `u`.`Image`, `u`.`Instagram`, `u`.`Linkedin`, `u`.`Name`, `u`.`Parent_Id`, `u`.`Password`, `u`.`Paypal_Email`, `u`.`Paypal_Mode`, `u`.`Paypal_Payment`, `u`.`Paystack_Payment`, `u`.`Paystack_Public_Key`, `u`.`Paystack_Secret_Key`, `u`.`Phone`, `u`.`Publish_Key`, `u`.`Qr_Code`, `u`.`Razorpay_Key_Id`, `u`.`Razorpay_Key_Secret`, `u`.`Razorpay_Payment`, `u`.`Role`, `u`.`Secret_Key`, `u`.`Skype`, `u`.`Slug`, `u`.`Specialist`, `u`.`Status`, `u`.`Stripe_Payment`, `u`.`Thumb`, `u`.`Trial_Expire`, `u`.`Twitter`, `u`.`User_Name`, `u`.`User_Type`, `u`.`Verify_Code`, `u`.`Whatsapp`
FROM `Users` AS `u`
WHERE `u`.`Id` = @__id_0
LIMIT 1

2024-08-02 22:49:57.032 +05:30  INF  Route matched with {action = "Get", controller = "Appointment"}. Executing controller action with signature DCRM.Common.Entity.Appointment Get(Int32) on controller DCRM.Api.Controllers.AppointmentController (DCRM.Api).

2024-08-02 22:49:57.033 +05:30  INF  Executing endpoint 'DCRM.Api.Controllers.DoctorController.DoctorNameList (DCRM.Api)'

2024-08-02 22:49:57.033 +05:30  INF  Route matched with {action = "DoctorNameList", controller = "Doctor"}. Executing controller action with signature System.Collections.Generic.List`1[DCRM.Common.Dto.DropdownDataDto] DoctorNameList() on controller DCRM.Api.Controllers.DoctorController (DCRM.Api).

2024-08-02 22:49:57.654 +05:30  INF  Executed DbCommand (209ms) [Parameters=[], CommandType='"Text"', CommandTimeout='30']
SELECT `c`.`Id`, `c`.`Address`, `c`.`Appoinment_Limit`, `c`.`Created_At`, `c`.`Doctor_Id`, `c`.`Is_Primary`, `c`.`Name`, `c`.`Status`, `c`.`Uid`, `c`.`User_Id`
FROM `Chairs` AS `c`

2024-08-02 22:49:57.654 +05:30  INF  Executed DbCommand (210ms) [Parameters=[@__id_0='?' (DbType = Int64)], CommandType='"Text"', CommandTimeout='30']
SELECT `a`.`Id`, `a`.`Appointment_Status`, `a`.`Cause`, `a`.`Chair`, `a`.`Chamber_Id`, `a`.`Created_At`, `a`.`Date`, `a`.`Doctor_Id`, `a`.`Doctor_Name`, `a`.`End_Time`, `a`.`Extra_Notes`, `a`.`Files`, `a`.`Is_Delete`, `a`.`Is_Start`, `a`.`Meeting_Notes`, `a`.`Number_Of_Slot`, `a`.`Patient_Id`, `a`.`Prescription_Id`, `a`.`Serial_Id`, `a`.`Slot_Time`, `a`.`Start_Time`, `a`.`Status`, `a`.`Type`, `a`.`User_Id`, `a`.`Workdone_Id`
FROM `Appointments` AS `a`
WHERE (`a`.`Id` = @__id_0) AND (`a`.`Is_Delete` = 0)
LIMIT 1

2024-08-02 22:49:57.655 +05:30  INF  Executing ObjectResult, writing value of type 'DCRM.Common.Entity.Appointment'.

2024-08-02 22:49:57.655 +05:30  INF  Executed action DCRM.Api.Controllers.AppointmentController.Get (DCRM.Api) in 622.9236ms

2024-08-02 22:49:57.656 +05:30  INF  Executed endpoint 'DCRM.Api.Controllers.AppointmentController.Get (DCRM.Api)'

2024-08-02 22:49:57.656 +05:30  INF  Request finished HTTP/2 GET https://localhost:7069/api/Appointment/Get/409 application/json - - 200 - application/json;+charset=utf-8 1261.0549ms

2024-08-02 22:49:57.662 +05:30  INF  Request starting HTTP/2 OPTIONS https://localhost:7069/api/Patient/Get/9 - -

2024-08-02 22:49:57.662 +05:30  INF  CORS policy execution successful.

2024-08-02 22:49:57.663 +05:30  INF  Request finished HTTP/2 OPTIONS https://localhost:7069/api/Patient/Get/9 - - - 204 - - 0.4084ms

2024-08-02 22:49:57.668 +05:30  INF  Request starting HTTP/2 GET https://localhost:7069/api/Patient/Get/9 application/json -

2024-08-02 22:49:57.668 +05:30  INF  CORS policy execution successful.

2024-08-02 22:49:57.861 +05:30  INF  Executed DbCommand (417ms) [Parameters=[@__userId_0='?' (DbType = Int64)], CommandType='"Text"', CommandTimeout='30']
SELECT `d`.`Id`, `d`.`Age`, `d`.`Blood_Group`, `d`.`Created_At`, `d`.`Dob`, `d`.`Email`, `d`.`Email2`, `d`.`Gender`, `d`.`Gst_Number`, `d`.`Is_Delete`, `d`.`Marital_Status`, `d`.`Name`, `d`.`Pan_Number`, `d`.`Password`, `d`.`Phone1`, `d`.`Phone2`, `d`.`Phone3`, `d`.`Phone4`, `d`.`Qualification`, `d`.`Role`, `d`.`Speciality`, `d`.`Thumb`, `d`.`Updated_At`, `d`.`User_Id`
FROM `Doctors` AS `d`
WHERE (`d`.`User_Id` = @__userId_0) AND (`d`.`Is_Delete` = 0)

2024-08-02 22:49:58.283 +05:30  INF  Executed DbCommand (213ms) [Parameters=[@__Id_0='?' (DbType = Int64)], CommandType='"Text"', CommandTimeout='30']
SELECT `d`.`Id`, `d`.`Age`, `d`.`Blood_Group`, `d`.`Created_At`, `d`.`Dob`, `d`.`Email`, `d`.`Email2`, `d`.`Gender`, `d`.`Gst_Number`, `d`.`Is_Delete`, `d`.`Marital_Status`, `d`.`Name`, `d`.`Pan_Number`, `d`.`Password`, `d`.`Phone1`, `d`.`Phone2`, `d`.`Phone3`, `d`.`Phone4`, `d`.`Qualification`, `d`.`Role`, `d`.`Speciality`, `d`.`Thumb`, `d`.`Updated_At`, `d`.`User_Id`
FROM `Doctors` AS `d`
WHERE `d`.`Id` = @__Id_0
LIMIT 2

2024-08-02 22:49:58.292 +05:30  INF  Executed DbCommand (207ms) [Parameters=[@__id_0='?' (DbType = Int64)], CommandType='"Text"', CommandTimeout='30']
SELECT `u`.`Id`, `u`.`About_Me`, `u`.`Account_Type`, `u`.`Address`, `u`.`Available_Days`, `u`.`Bn_Name`, `u`.`City`, `u`.`Country`, `u`.`Created_At`, `u`.`Currency`, `u`.`Degree`, `u`.`Email`, `u`.`Email_Verified`, `u`.`Enable_Appointment`, `u`.`Enable_Rating`, `u`.`Exp_Years`, `u`.`Facebook`, `u`.`Google_Analytics`, `u`.`Image`, `u`.`Instagram`, `u`.`Linkedin`, `u`.`Name`, `u`.`Parent_Id`, `u`.`Password`, `u`.`Paypal_Email`, `u`.`Paypal_Mode`, `u`.`Paypal_Payment`, `u`.`Paystack_Payment`, `u`.`Paystack_Public_Key`, `u`.`Paystack_Secret_Key`, `u`.`Phone`, `u`.`Publish_Key`, `u`.`Qr_Code`, `u`.`Razorpay_Key_Id`, `u`.`Razorpay_Key_Secret`, `u`.`Razorpay_Payment`, `u`.`Role`, `u`.`Secret_Key`, `u`.`Skype`, `u`.`Slug`, `u`.`Specialist`, `u`.`Status`, `u`.`Stripe_Payment`, `u`.`Thumb`, `u`.`Trial_Expire`, `u`.`Twitter`, `u`.`User_Name`, `u`.`User_Type`, `u`.`Verify_Code`, `u`.`Whatsapp`
FROM `Users` AS `u`
WHERE `u`.`Id` = @__id_0
LIMIT 1

2024-08-02 22:49:58.293 +05:30  INF  Executing endpoint 'DCRM.Api.Controllers.PatientController.Get (DCRM.Api)'

2024-08-02 22:49:58.293 +05:30  INF  Route matched with {action = "Get", controller = "Patient"}. Executing controller action with signature DCRM.Common.Dto.PatientseDto Get(Int64) on controller DCRM.Api.Controllers.PatientController (DCRM.Api).

2024-08-02 22:49:58.700 +05:30  INF  Executing ObjectResult, writing value of type 'System.Collections.Generic.List`1[[DCRM.Common.Dto.DropdownDataDto, DCRM.Common, Version=1.0.0.0, Culture=neutral, PublicKeyToken=null]]'.

2024-08-02 22:49:58.701 +05:30  INF  Executed action DCRM.Api.Controllers.DoctorController.DoctorNameList (DCRM.Api) in 1667.9698ms

2024-08-02 22:49:58.701 +05:30  INF  Executed endpoint 'DCRM.Api.Controllers.DoctorController.DoctorNameList (DCRM.Api)'

2024-08-02 22:49:58.701 +05:30  INF  Request finished HTTP/2 GET https://localhost:7069/api/Doctor/Get/Names application/json - - 200 - application/json;+charset=utf-8 2296.4478ms

2024-08-02 22:49:58.906 +05:30  INF  Executed DbCommand (210ms) [Parameters=[@__Id_0='?' (DbType = Int64)], CommandType='"Text"', CommandTimeout='30']
SELECT `d`.`Id`, `d`.`Age`, `d`.`Blood_Group`, `d`.`Created_At`, `d`.`Dob`, `d`.`Email`, `d`.`Email2`, `d`.`Gender`, `d`.`Gst_Number`, `d`.`Is_Delete`, `d`.`Marital_Status`, `d`.`Name`, `d`.`Pan_Number`, `d`.`Password`, `d`.`Phone1`, `d`.`Phone2`, `d`.`Phone3`, `d`.`Phone4`, `d`.`Qualification`, `d`.`Role`, `d`.`Speciality`, `d`.`Thumb`, `d`.`Updated_At`, `d`.`User_Id`
FROM `Doctors` AS `d`
WHERE `d`.`Id` = @__Id_0
LIMIT 2

2024-08-02 22:49:58.921 +05:30  INF  Executed DbCommand (217ms) [Parameters=[@__id_0='?' (DbType = Int64)], CommandType='"Text"', CommandTimeout='30']
SELECT `p`.`Id`, `p`.`Age`, `p`.`Chamber_Id`, `p`.`Created_At`, `p`.`Email`, `p`.`Guardian`, `p`.`Is_Delete`, `p`.`Mobile`, `p`.`Mr_Number`, `p`.`Name`, `p`.`Password`, `p`.`Permanent_Address`, `p`.`Present_Address`, `p`.`Role`, `p`.`Sex`, `p`.`Slug`, `p`.`Thumb`, `p`.`Title`, `p`.`UserName`, `p`.`User_Id`, `p`.`Verify_Code`, `p`.`Weight`
FROM `Patientses` AS `p`
WHERE (`p`.`Is_Delete` = 0) AND (`p`.`Id` = @__id_0)
LIMIT 1

2024-08-02 22:49:59.531 +05:30  INF  Executed DbCommand (211ms) [Parameters=[@__Id_0='?' (DbType = Int64)], CommandType='"Text"', CommandTimeout='30']
SELECT `d`.`Id`, `d`.`Age`, `d`.`Blood_Group`, `d`.`Created_At`, `d`.`Dob`, `d`.`Email`, `d`.`Email2`, `d`.`Gender`, `d`.`Gst_Number`, `d`.`Is_Delete`, `d`.`Marital_Status`, `d`.`Name`, `d`.`Pan_Number`, `d`.`Password`, `d`.`Phone1`, `d`.`Phone2`, `d`.`Phone3`, `d`.`Phone4`, `d`.`Qualification`, `d`.`Role`, `d`.`Speciality`, `d`.`Thumb`, `d`.`Updated_At`, `d`.`User_Id`
FROM `Doctors` AS `d`
WHERE `d`.`Id` = @__Id_0
LIMIT 2

2024-08-02 22:49:59.755 +05:30  INF  Executed DbCommand (420ms) [Parameters=[], CommandType='"Text"', CommandTimeout='30']
SELECT `p`.`Id`, `p`.`Amount_Type`, `p`.`Balance`, `p`.`Created_At`, `p`.`Credit_Amount`, `p`.`Debit_Amount`, `p`.`Description`, `p`.`Doctor_Id`, `p`.`Patient_Id`, `p`.`Payment_Mode`, `p`.`Updated_At`, `p`.`Workdone_Id`, `p`.`isPrinted`
FROM `Payment_History` AS `p`

2024-08-02 22:50:00.157 +05:30  INF  Executed DbCommand (209ms) [Parameters=[@__Id_0='?' (DbType = Int64)], CommandType='"Text"', CommandTimeout='30']
SELECT `d`.`Id`, `d`.`Age`, `d`.`Blood_Group`, `d`.`Created_At`, `d`.`Dob`, `d`.`Email`, `d`.`Email2`, `d`.`Gender`, `d`.`Gst_Number`, `d`.`Is_Delete`, `d`.`Marital_Status`, `d`.`Name`, `d`.`Pan_Number`, `d`.`Password`, `d`.`Phone1`, `d`.`Phone2`, `d`.`Phone3`, `d`.`Phone4`, `d`.`Qualification`, `d`.`Role`, `d`.`Speciality`, `d`.`Thumb`, `d`.`Updated_At`, `d`.`User_Id`
FROM `Doctors` AS `d`
WHERE `d`.`Id` = @__Id_0
LIMIT 2

2024-08-02 22:50:00.589 +05:30  INF  Executed DbCommand (209ms) [Parameters=[@__p_0='?' (DbType = Int64)], CommandType='"Text"', CommandTimeout='30']
SELECT `p`.`Id`, `p`.`Amount`, `p`.`Balance_Amount`, `p`.`Balance_Spent`, `p`.`Created_At`, `p`.`Name`, `p`.`Patients_Id`, `p`.`Type`, `p`.`Updated_At`
FROM `Patients_Insurance_Loan` AS `p`
WHERE `p`.`Patients_Id` = @__p_0

2024-08-02 22:50:00.780 +05:30  INF  Executed DbCommand (209ms) [Parameters=[@__Id_0='?' (DbType = Int64)], CommandType='"Text"', CommandTimeout='30']
SELECT `d`.`Id`, `d`.`Age`, `d`.`Blood_Group`, `d`.`Created_At`, `d`.`Dob`, `d`.`Email`, `d`.`Email2`, `d`.`Gender`, `d`.`Gst_Number`, `d`.`Is_Delete`, `d`.`Marital_Status`, `d`.`Name`, `d`.`Pan_Number`, `d`.`Password`, `d`.`Phone1`, `d`.`Phone2`, `d`.`Phone3`, `d`.`Phone4`, `d`.`Qualification`, `d`.`Role`, `d`.`Speciality`, `d`.`Thumb`, `d`.`Updated_At`, `d`.`User_Id`
FROM `Doctors` AS `d`
WHERE `d`.`Id` = @__Id_0
LIMIT 2

2024-08-02 22:50:01.215 +05:30  INF  Executed DbCommand (208ms) [Parameters=[@__p_0='?' (DbType = Int64)], CommandType='"Text"', CommandTimeout='30']
SELECT `p`.`Id`, `p`.`Created_At`, `p`.`Patient_Id`, `p`.`Report`, `p`.`Report_Date`, `p`.`Report_File`, `p`.`Status`, `p`.`Test_Name`, `p`.`Test_Price`, `p`.`Updated_At`
FROM `Patient_Tests` AS `p`
WHERE `p`.`Patient_Id` = @__p_0

2024-08-02 22:50:01.402 +05:30  INF  Executed DbCommand (207ms) [Parameters=[@__Id_0='?' (DbType = Int64)], CommandType='"Text"', CommandTimeout='30']
SELECT `d`.`Id`, `d`.`Age`, `d`.`Blood_Group`, `d`.`Created_At`, `d`.`Dob`, `d`.`Email`, `d`.`Email2`, `d`.`Gender`, `d`.`Gst_Number`, `d`.`Is_Delete`, `d`.`Marital_Status`, `d`.`Name`, `d`.`Pan_Number`, `d`.`Password`, `d`.`Phone1`, `d`.`Phone2`, `d`.`Phone3`, `d`.`Phone4`, `d`.`Qualification`, `d`.`Role`, `d`.`Speciality`, `d`.`Thumb`, `d`.`Updated_At`, `d`.`User_Id`
FROM `Doctors` AS `d`
WHERE `d`.`Id` = @__Id_0
LIMIT 2

2024-08-02 22:50:01.840 +05:30  INF  Executed DbCommand (210ms) [Parameters=[@__p_0='?' (DbType = Int64)], CommandType='"Text"', CommandTimeout='30']
SELECT `p`.`Id`, `p`.`Address_O`, `p`.`Address_Other`, `p`.`Address_R`, `p`.`City_O`, `p`.`City_Other`, `p`.`City_R`, `p`.`Country_O`, `p`.`Country_Other`, `p`.`Country_R`, `p`.`Created_At`, `p`.`Doctor_Name`, `p`.`Email`, `p`.`Email2`, `p`.`Medical_History_Allergies`, `p`.`Patient_Id`, `p`.`Phone`, `p`.`Phone1`, `p`.`Phone2`, `p`.`Phone3`, `p`.`Phone4`, `p`.`Physician`, `p`.`Reffered_By`, `p`.`Relationship_Type`, `p`.`Special_Notes`, `p`.`Updated_At`, `p`.`Zip_O`, `p`.`Zip_Other`, `p`.`Zip_R`
FROM `Patients_Contact` AS `p`
WHERE `p`.`Patient_Id` = @__p_0

2024-08-02 22:50:02.025 +05:30  INF  Executed DbCommand (208ms) [Parameters=[@__Id_0='?' (DbType = Int64)], CommandType='"Text"', CommandTimeout='30']
SELECT `d`.`Id`, `d`.`Age`, `d`.`Blood_Group`, `d`.`Created_At`, `d`.`Dob`, `d`.`Email`, `d`.`Email2`, `d`.`Gender`, `d`.`Gst_Number`, `d`.`Is_Delete`, `d`.`Marital_Status`, `d`.`Name`, `d`.`Pan_Number`, `d`.`Password`, `d`.`Phone1`, `d`.`Phone2`, `d`.`Phone3`, `d`.`Phone4`, `d`.`Qualification`, `d`.`Role`, `d`.`Speciality`, `d`.`Thumb`, `d`.`Updated_At`, `d`.`User_Id`
FROM `Doctors` AS `d`
WHERE `d`.`Id` = @__Id_0
LIMIT 2

2024-08-02 22:50:02.464 +05:30  INF  Executed DbCommand (208ms) [Parameters=[@__p_0='?' (DbType = Int64)], CommandType='"Text"', CommandTimeout='30']
SELECT `p`.`Id`, `p`.`Created_At`, `p`.`Patient_Id`, `p`.`Report`, `p`.`Report_File`, `p`.`Scan_Name`, `p`.`Status`, `p`.`Type`, `p`.`Updated_At`
FROM `Patient_Scans` AS `p`
WHERE `p`.`Patient_Id` = @__p_0

2024-08-02 22:50:02.465 +05:30  INF  Executing ObjectResult, writing value of type 'DCRM.Common.Dto.PatientseDto'.

2024-08-02 22:50:02.465 +05:30  INF  Executed action DCRM.Api.Controllers.PatientController.Get (DCRM.Api) in 4172.0797ms

2024-08-02 22:50:02.465 +05:30  INF  Executed endpoint 'DCRM.Api.Controllers.PatientController.Get (DCRM.Api)'

2024-08-02 22:50:02.465 +05:30  INF  Request finished HTTP/2 GET https://localhost:7069/api/Patient/Get/9 application/json - - 200 - application/json;+charset=utf-8 4796.8928ms

2024-08-02 22:50:02.649 +05:30  INF  Executed DbCommand (209ms) [Parameters=[@__Id_0='?' (DbType = Int64)], CommandType='"Text"', CommandTimeout='30']
SELECT `d`.`Id`, `d`.`Age`, `d`.`Blood_Group`, `d`.`Created_At`, `d`.`Dob`, `d`.`Email`, `d`.`Email2`, `d`.`Gender`, `d`.`Gst_Number`, `d`.`Is_Delete`, `d`.`Marital_Status`, `d`.`Name`, `d`.`Pan_Number`, `d`.`Password`, `d`.`Phone1`, `d`.`Phone2`, `d`.`Phone3`, `d`.`Phone4`, `d`.`Qualification`, `d`.`Role`, `d`.`Speciality`, `d`.`Thumb`, `d`.`Updated_At`, `d`.`User_Id`
FROM `Doctors` AS `d`
WHERE `d`.`Id` = @__Id_0
LIMIT 2

2024-08-02 22:50:03.483 +05:30  INF  Executed DbCommand (417ms) [Parameters=[@__Id_0='?' (DbType = Int64)], CommandType='"Text"', CommandTimeout='30']
SELECT `d`.`Id`, `d`.`Age`, `d`.`Blood_Group`, `d`.`Created_At`, `d`.`Dob`, `d`.`Email`, `d`.`Email2`, `d`.`Gender`, `d`.`Gst_Number`, `d`.`Is_Delete`, `d`.`Marital_Status`, `d`.`Name`, `d`.`Pan_Number`, `d`.`Password`, `d`.`Phone1`, `d`.`Phone2`, `d`.`Phone3`, `d`.`Phone4`, `d`.`Qualification`, `d`.`Role`, `d`.`Speciality`, `d`.`Thumb`, `d`.`Updated_At`, `d`.`User_Id`
FROM `Doctors` AS `d`
WHERE `d`.`Id` = @__Id_0
LIMIT 2

2024-08-02 22:50:04.107 +05:30  INF  Executed DbCommand (210ms) [Parameters=[@__Id_0='?' (DbType = Int64)], CommandType='"Text"', CommandTimeout='30']
SELECT `d`.`Id`, `d`.`Age`, `d`.`Blood_Group`, `d`.`Created_At`, `d`.`Dob`, `d`.`Email`, `d`.`Email2`, `d`.`Gender`, `d`.`Gst_Number`, `d`.`Is_Delete`, `d`.`Marital_Status`, `d`.`Name`, `d`.`Pan_Number`, `d`.`Password`, `d`.`Phone1`, `d`.`Phone2`, `d`.`Phone3`, `d`.`Phone4`, `d`.`Qualification`, `d`.`Role`, `d`.`Speciality`, `d`.`Thumb`, `d`.`Updated_At`, `d`.`User_Id`
FROM `Doctors` AS `d`
WHERE `d`.`Id` = @__Id_0
LIMIT 2

2024-08-02 22:50:04.730 +05:30  INF  Executed DbCommand (208ms) [Parameters=[@__Id_0='?' (DbType = Int64)], CommandType='"Text"', CommandTimeout='30']
SELECT `d`.`Id`, `d`.`Age`, `d`.`Blood_Group`, `d`.`Created_At`, `d`.`Dob`, `d`.`Email`, `d`.`Email2`, `d`.`Gender`, `d`.`Gst_Number`, `d`.`Is_Delete`, `d`.`Marital_Status`, `d`.`Name`, `d`.`Pan_Number`, `d`.`Password`, `d`.`Phone1`, `d`.`Phone2`, `d`.`Phone3`, `d`.`Phone4`, `d`.`Qualification`, `d`.`Role`, `d`.`Speciality`, `d`.`Thumb`, `d`.`Updated_At`, `d`.`User_Id`
FROM `Doctors` AS `d`
WHERE `d`.`Id` = @__Id_0
LIMIT 2

2024-08-02 22:50:05.358 +05:30  INF  Executed DbCommand (215ms) [Parameters=[@__Id_0='?' (DbType = Int64)], CommandType='"Text"', CommandTimeout='30']
SELECT `d`.`Id`, `d`.`Age`, `d`.`Blood_Group`, `d`.`Created_At`, `d`.`Dob`, `d`.`Email`, `d`.`Email2`, `d`.`Gender`, `d`.`Gst_Number`, `d`.`Is_Delete`, `d`.`Marital_Status`, `d`.`Name`, `d`.`Pan_Number`, `d`.`Password`, `d`.`Phone1`, `d`.`Phone2`, `d`.`Phone3`, `d`.`Phone4`, `d`.`Qualification`, `d`.`Role`, `d`.`Speciality`, `d`.`Thumb`, `d`.`Updated_At`, `d`.`User_Id`
FROM `Doctors` AS `d`
WHERE `d`.`Id` = @__Id_0
LIMIT 2

2024-08-02 22:50:05.983 +05:30  INF  Executed DbCommand (212ms) [Parameters=[@__Id_0='?' (DbType = Int64)], CommandType='"Text"', CommandTimeout='30']
SELECT `d`.`Id`, `d`.`Age`, `d`.`Blood_Group`, `d`.`Created_At`, `d`.`Dob`, `d`.`Email`, `d`.`Email2`, `d`.`Gender`, `d`.`Gst_Number`, `d`.`Is_Delete`, `d`.`Marital_Status`, `d`.`Name`, `d`.`Pan_Number`, `d`.`Password`, `d`.`Phone1`, `d`.`Phone2`, `d`.`Phone3`, `d`.`Phone4`, `d`.`Qualification`, `d`.`Role`, `d`.`Speciality`, `d`.`Thumb`, `d`.`Updated_At`, `d`.`User_Id`
FROM `Doctors` AS `d`
WHERE `d`.`Id` = @__Id_0
LIMIT 2

2024-08-02 22:50:06.610 +05:30  INF  Executed DbCommand (209ms) [Parameters=[@__Id_0='?' (DbType = Int64)], CommandType='"Text"', CommandTimeout='30']
SELECT `d`.`Id`, `d`.`Age`, `d`.`Blood_Group`, `d`.`Created_At`, `d`.`Dob`, `d`.`Email`, `d`.`Email2`, `d`.`Gender`, `d`.`Gst_Number`, `d`.`Is_Delete`, `d`.`Marital_Status`, `d`.`Name`, `d`.`Pan_Number`, `d`.`Password`, `d`.`Phone1`, `d`.`Phone2`, `d`.`Phone3`, `d`.`Phone4`, `d`.`Qualification`, `d`.`Role`, `d`.`Speciality`, `d`.`Thumb`, `d`.`Updated_At`, `d`.`User_Id`
FROM `Doctors` AS `d`
WHERE `d`.`Id` = @__Id_0
LIMIT 2

2024-08-02 22:50:07.234 +05:30  INF  Executed DbCommand (208ms) [Parameters=[@__Id_0='?' (DbType = Int64)], CommandType='"Text"', CommandTimeout='30']
SELECT `d`.`Id`, `d`.`Age`, `d`.`Blood_Group`, `d`.`Created_At`, `d`.`Dob`, `d`.`Email`, `d`.`Email2`, `d`.`Gender`, `d`.`Gst_Number`, `d`.`Is_Delete`, `d`.`Marital_Status`, `d`.`Name`, `d`.`Pan_Number`, `d`.`Password`, `d`.`Phone1`, `d`.`Phone2`, `d`.`Phone3`, `d`.`Phone4`, `d`.`Qualification`, `d`.`Role`, `d`.`Speciality`, `d`.`Thumb`, `d`.`Updated_At`, `d`.`User_Id`
FROM `Doctors` AS `d`
WHERE `d`.`Id` = @__Id_0
LIMIT 2

2024-08-02 22:50:07.860 +05:30  INF  Executed DbCommand (208ms) [Parameters=[@__Id_0='?' (DbType = Int64)], CommandType='"Text"', CommandTimeout='30']
SELECT `d`.`Id`, `d`.`Age`, `d`.`Blood_Group`, `d`.`Created_At`, `d`.`Dob`, `d`.`Email`, `d`.`Email2`, `d`.`Gender`, `d`.`Gst_Number`, `d`.`Is_Delete`, `d`.`Marital_Status`, `d`.`Name`, `d`.`Pan_Number`, `d`.`Password`, `d`.`Phone1`, `d`.`Phone2`, `d`.`Phone3`, `d`.`Phone4`, `d`.`Qualification`, `d`.`Role`, `d`.`Speciality`, `d`.`Thumb`, `d`.`Updated_At`, `d`.`User_Id`
FROM `Doctors` AS `d`
WHERE `d`.`Id` = @__Id_0
LIMIT 2

2024-08-02 22:50:08.483 +05:30  INF  Executed DbCommand (208ms) [Parameters=[@__Id_0='?' (DbType = Int64)], CommandType='"Text"', CommandTimeout='30']
SELECT `d`.`Id`, `d`.`Age`, `d`.`Blood_Group`, `d`.`Created_At`, `d`.`Dob`, `d`.`Email`, `d`.`Email2`, `d`.`Gender`, `d`.`Gst_Number`, `d`.`Is_Delete`, `d`.`Marital_Status`, `d`.`Name`, `d`.`Pan_Number`, `d`.`Password`, `d`.`Phone1`, `d`.`Phone2`, `d`.`Phone3`, `d`.`Phone4`, `d`.`Qualification`, `d`.`Role`, `d`.`Speciality`, `d`.`Thumb`, `d`.`Updated_At`, `d`.`User_Id`
FROM `Doctors` AS `d`
WHERE `d`.`Id` = @__Id_0
LIMIT 2

2024-08-02 22:50:09.108 +05:30  INF  Executed DbCommand (209ms) [Parameters=[@__Id_0='?' (DbType = Int64)], CommandType='"Text"', CommandTimeout='30']
SELECT `d`.`Id`, `d`.`Age`, `d`.`Blood_Group`, `d`.`Created_At`, `d`.`Dob`, `d`.`Email`, `d`.`Email2`, `d`.`Gender`, `d`.`Gst_Number`, `d`.`Is_Delete`, `d`.`Marital_Status`, `d`.`Name`, `d`.`Pan_Number`, `d`.`Password`, `d`.`Phone1`, `d`.`Phone2`, `d`.`Phone3`, `d`.`Phone4`, `d`.`Qualification`, `d`.`Role`, `d`.`Speciality`, `d`.`Thumb`, `d`.`Updated_At`, `d`.`User_Id`
FROM `Doctors` AS `d`
WHERE `d`.`Id` = @__Id_0
LIMIT 2

2024-08-02 22:50:09.730 +05:30  INF  Executed DbCommand (209ms) [Parameters=[@__Id_0='?' (DbType = Int64)], CommandType='"Text"', CommandTimeout='30']
SELECT `d`.`Id`, `d`.`Age`, `d`.`Blood_Group`, `d`.`Created_At`, `d`.`Dob`, `d`.`Email`, `d`.`Email2`, `d`.`Gender`, `d`.`Gst_Number`, `d`.`Is_Delete`, `d`.`Marital_Status`, `d`.`Name`, `d`.`Pan_Number`, `d`.`Password`, `d`.`Phone1`, `d`.`Phone2`, `d`.`Phone3`, `d`.`Phone4`, `d`.`Qualification`, `d`.`Role`, `d`.`Speciality`, `d`.`Thumb`, `d`.`Updated_At`, `d`.`User_Id`
FROM `Doctors` AS `d`
WHERE `d`.`Id` = @__Id_0
LIMIT 2

2024-08-02 22:50:09.730 +05:30  INF  Executing ObjectResult, writing value of type 'System.Collections.Generic.List`1[[DCRM.Common.Dto.ChairDto, DCRM.Common, Version=1.0.0.0, Culture=neutral, PublicKeyToken=null]]'.

2024-08-02 22:50:09.730 +05:30  INF  Executed action DCRM.Api.Controllers.ChairController.GetAll (DCRM.Api) in 12698.0685ms

2024-08-02 22:50:09.730 +05:30  INF  Executed endpoint 'DCRM.Api.Controllers.ChairController.GetAll (DCRM.Api)'

2024-08-02 22:50:09.731 +05:30  INF  Request finished HTTP/2 GET https://localhost:7069/api/Chair/GetAll application/json - - 200 - application/json;+charset=utf-8 13325.2326ms

2024-08-02 22:50:47.964 +05:30  INF  Request starting HTTP/2 OPTIONS https://localhost:7069/api/Appointment/GetAppointmentWithPatient - -

2024-08-02 22:50:47.966 +05:30  INF  CORS policy execution successful.

2024-08-02 22:50:47.966 +05:30  INF  Request finished HTTP/2 OPTIONS https://localhost:7069/api/Appointment/GetAppointmentWithPatient - - - 204 - - 1.6204ms

2024-08-02 22:50:47.973 +05:30  INF  Request starting HTTP/2 GET https://localhost:7069/api/Appointment/GetAppointmentWithPatient application/json -

2024-08-02 22:50:47.974 +05:30  INF  CORS policy execution successful.

2024-08-02 22:50:48.598 +05:30  INF  Executed DbCommand (209ms) [Parameters=[@__id_0='?' (DbType = Int64)], CommandType='"Text"', CommandTimeout='30']
SELECT `u`.`Id`, `u`.`About_Me`, `u`.`Account_Type`, `u`.`Address`, `u`.`Available_Days`, `u`.`Bn_Name`, `u`.`City`, `u`.`Country`, `u`.`Created_At`, `u`.`Currency`, `u`.`Degree`, `u`.`Email`, `u`.`Email_Verified`, `u`.`Enable_Appointment`, `u`.`Enable_Rating`, `u`.`Exp_Years`, `u`.`Facebook`, `u`.`Google_Analytics`, `u`.`Image`, `u`.`Instagram`, `u`.`Linkedin`, `u`.`Name`, `u`.`Parent_Id`, `u`.`Password`, `u`.`Paypal_Email`, `u`.`Paypal_Mode`, `u`.`Paypal_Payment`, `u`.`Paystack_Payment`, `u`.`Paystack_Public_Key`, `u`.`Paystack_Secret_Key`, `u`.`Phone`, `u`.`Publish_Key`, `u`.`Qr_Code`, `u`.`Razorpay_Key_Id`, `u`.`Razorpay_Key_Secret`, `u`.`Razorpay_Payment`, `u`.`Role`, `u`.`Secret_Key`, `u`.`Skype`, `u`.`Slug`, `u`.`Specialist`, `u`.`Status`, `u`.`Stripe_Payment`, `u`.`Thumb`, `u`.`Trial_Expire`, `u`.`Twitter`, `u`.`User_Name`, `u`.`User_Type`, `u`.`Verify_Code`, `u`.`Whatsapp`
FROM `Users` AS `u`
WHERE `u`.`Id` = @__id_0
LIMIT 1

2024-08-02 22:50:48.598 +05:30  INF  Executing endpoint 'DCRM.Api.Controllers.AppointmentController.GetAppointmentWithPatient (DCRM.Api)'

2024-08-02 22:50:48.598 +05:30  INF  Route matched with {action = "GetAppointmentWithPatient", controller = "Appointment"}. Executing controller action with signature System.Collections.Generic.List`1[DCRM.Common.Dto.AppointmentDto] GetAppointmentWithPatient() on controller DCRM.Api.Controllers.AppointmentController (DCRM.Api).

2024-08-02 22:50:49.429 +05:30  INF  Executed DbCommand (417ms) [Parameters=[], CommandType='"Text"', CommandTimeout='30']
SELECT `a`.`Id`, `a`.`Appointment_Status`, `a`.`Cause`, `a`.`Chair`, `a`.`Chamber_Id`, `a`.`Created_At`, `a`.`Date`, `a`.`Doctor_Id`, `a`.`Doctor_Name`, `a`.`End_Time`, `a`.`Extra_Notes`, `a`.`Files`, `a`.`Is_Delete`, `a`.`Is_Start`, `a`.`Meeting_Notes`, `a`.`Number_Of_Slot`, `a`.`Patient_Id`, `a`.`Prescription_Id`, `a`.`Serial_Id`, `a`.`Slot_Time`, `a`.`Start_Time`, `a`.`Status`, `a`.`Type`, `a`.`User_Id`, `a`.`Workdone_Id`
FROM `Appointments` AS `a`
WHERE `a`.`Is_Delete` = 0

2024-08-02 22:50:50.259 +05:30  INF  Executed DbCommand (210ms) [Parameters=[], CommandType='"Text"', CommandTimeout='30']
SELECT `p`.`Id`, `p`.`Age`, `p`.`Chamber_Id`, `p`.`Created_At`, `p`.`Email`, `p`.`Guardian`, `p`.`Is_Delete`, `p`.`Mobile`, `p`.`Mr_Number`, `p`.`Name`, `p`.`Password`, `p`.`Permanent_Address`, `p`.`Present_Address`, `p`.`Role`, `p`.`Sex`, `p`.`Slug`, `p`.`Thumb`, `p`.`Title`, `p`.`UserName`, `p`.`User_Id`, `p`.`Verify_Code`, `p`.`Weight`
FROM `Patientses` AS `p`
WHERE `p`.`Is_Delete` = 0

2024-08-02 22:50:51.955 +05:30  INF  Executed DbCommand (209ms) [Parameters=[], CommandType='"Text"', CommandTimeout='30']
SELECT `d`.`Id`, `d`.`Age`, `d`.`Blood_Group`, `d`.`Created_At`, `d`.`Dob`, `d`.`Email`, `d`.`Email2`, `d`.`Gender`, `d`.`Gst_Number`, `d`.`Is_Delete`, `d`.`Marital_Status`, `d`.`Name`, `d`.`Pan_Number`, `d`.`Password`, `d`.`Phone1`, `d`.`Phone2`, `d`.`Phone3`, `d`.`Phone4`, `d`.`Qualification`, `d`.`Role`, `d`.`Speciality`, `d`.`Thumb`, `d`.`Updated_At`, `d`.`User_Id`
FROM `Doctors` AS `d`

2024-08-02 22:50:52.611 +05:30  INF  Executing ObjectResult, writing value of type 'System.Collections.Generic.List`1[[DCRM.Common.Dto.AppointmentDto, DCRM.Common, Version=1.0.0.0, Culture=neutral, PublicKeyToken=null]]'.

2024-08-02 22:50:52.612 +05:30  INF  Executed action DCRM.Api.Controllers.AppointmentController.GetAppointmentWithPatient (DCRM.Api) in 4013.8714ms

2024-08-02 22:50:52.612 +05:30  INF  Executed endpoint 'DCRM.Api.Controllers.AppointmentController.GetAppointmentWithPatient (DCRM.Api)'

2024-08-02 22:50:52.612 +05:30  INF  Request finished HTTP/2 GET https://localhost:7069/api/Appointment/GetAppointmentWithPatient application/json - - 200 - application/json;+charset=utf-8 4639.2874ms

2024-08-02 22:51:38.609 +05:30  INF  Request starting HTTP/2 OPTIONS https://localhost:7069/api/Appointment/GetAppointmentWithPatient - -

2024-08-02 22:51:38.610 +05:30  INF  CORS policy execution successful.

2024-08-02 22:51:38.611 +05:30  INF  Request finished HTTP/2 OPTIONS https://localhost:7069/api/Appointment/GetAppointmentWithPatient - - - 204 - - 1.7677ms

2024-08-02 22:51:38.619 +05:30  INF  Request starting HTTP/2 GET https://localhost:7069/api/Appointment/GetAppointmentWithPatient application/json -

2024-08-02 22:51:38.619 +05:30  INF  CORS policy execution successful.

2024-08-02 22:51:39.247 +05:30  INF  Executed DbCommand (211ms) [Parameters=[@__id_0='?' (DbType = Int64)], CommandType='"Text"', CommandTimeout='30']
SELECT `u`.`Id`, `u`.`About_Me`, `u`.`Account_Type`, `u`.`Address`, `u`.`Available_Days`, `u`.`Bn_Name`, `u`.`City`, `u`.`Country`, `u`.`Created_At`, `u`.`Currency`, `u`.`Degree`, `u`.`Email`, `u`.`Email_Verified`, `u`.`Enable_Appointment`, `u`.`Enable_Rating`, `u`.`Exp_Years`, `u`.`Facebook`, `u`.`Google_Analytics`, `u`.`Image`, `u`.`Instagram`, `u`.`Linkedin`, `u`.`Name`, `u`.`Parent_Id`, `u`.`Password`, `u`.`Paypal_Email`, `u`.`Paypal_Mode`, `u`.`Paypal_Payment`, `u`.`Paystack_Payment`, `u`.`Paystack_Public_Key`, `u`.`Paystack_Secret_Key`, `u`.`Phone`, `u`.`Publish_Key`, `u`.`Qr_Code`, `u`.`Razorpay_Key_Id`, `u`.`Razorpay_Key_Secret`, `u`.`Razorpay_Payment`, `u`.`Role`, `u`.`Secret_Key`, `u`.`Skype`, `u`.`Slug`, `u`.`Specialist`, `u`.`Status`, `u`.`Stripe_Payment`, `u`.`Thumb`, `u`.`Trial_Expire`, `u`.`Twitter`, `u`.`User_Name`, `u`.`User_Type`, `u`.`Verify_Code`, `u`.`Whatsapp`
FROM `Users` AS `u`
WHERE `u`.`Id` = @__id_0
LIMIT 1

2024-08-02 22:51:39.248 +05:30  INF  Executing endpoint 'DCRM.Api.Controllers.AppointmentController.GetAppointmentWithPatient (DCRM.Api)'

2024-08-02 22:51:39.248 +05:30  INF  Route matched with {action = "GetAppointmentWithPatient", controller = "Appointment"}. Executing controller action with signature System.Collections.Generic.List`1[DCRM.Common.Dto.AppointmentDto] GetAppointmentWithPatient() on controller DCRM.Api.Controllers.AppointmentController (DCRM.Api).

2024-08-02 22:51:40.083 +05:30  INF  Executed DbCommand (417ms) [Parameters=[], CommandType='"Text"', CommandTimeout='30']
SELECT `a`.`Id`, `a`.`Appointment_Status`, `a`.`Cause`, `a`.`Chair`, `a`.`Chamber_Id`, `a`.`Created_At`, `a`.`Date`, `a`.`Doctor_Id`, `a`.`Doctor_Name`, `a`.`End_Time`, `a`.`Extra_Notes`, `a`.`Files`, `a`.`Is_Delete`, `a`.`Is_Start`, `a`.`Meeting_Notes`, `a`.`Number_Of_Slot`, `a`.`Patient_Id`, `a`.`Prescription_Id`, `a`.`Serial_Id`, `a`.`Slot_Time`, `a`.`Start_Time`, `a`.`Status`, `a`.`Type`, `a`.`User_Id`, `a`.`Workdone_Id`
FROM `Appointments` AS `a`
WHERE `a`.`Is_Delete` = 0

2024-08-02 22:51:40.916 +05:30  INF  Executed DbCommand (209ms) [Parameters=[], CommandType='"Text"', CommandTimeout='30']
SELECT `p`.`Id`, `p`.`Age`, `p`.`Chamber_Id`, `p`.`Created_At`, `p`.`Email`, `p`.`Guardian`, `p`.`Is_Delete`, `p`.`Mobile`, `p`.`Mr_Number`, `p`.`Name`, `p`.`Password`, `p`.`Permanent_Address`, `p`.`Present_Address`, `p`.`Role`, `p`.`Sex`, `p`.`Slug`, `p`.`Thumb`, `p`.`Title`, `p`.`UserName`, `p`.`User_Id`, `p`.`Verify_Code`, `p`.`Weight`
FROM `Patientses` AS `p`
WHERE `p`.`Is_Delete` = 0

2024-08-02 22:51:42.380 +05:30  INF  Executed DbCommand (210ms) [Parameters=[], CommandType='"Text"', CommandTimeout='30']
SELECT `d`.`Id`, `d`.`Age`, `d`.`Blood_Group`, `d`.`Created_At`, `d`.`Dob`, `d`.`Email`, `d`.`Email2`, `d`.`Gender`, `d`.`Gst_Number`, `d`.`Is_Delete`, `d`.`Marital_Status`, `d`.`Name`, `d`.`Pan_Number`, `d`.`Password`, `d`.`Phone1`, `d`.`Phone2`, `d`.`Phone3`, `d`.`Phone4`, `d`.`Qualification`, `d`.`Role`, `d`.`Speciality`, `d`.`Thumb`, `d`.`Updated_At`, `d`.`User_Id`
FROM `Doctors` AS `d`

2024-08-02 22:51:43.014 +05:30  INF  Executing ObjectResult, writing value of type 'System.Collections.Generic.List`1[[DCRM.Common.Dto.AppointmentDto, DCRM.Common, Version=1.0.0.0, Culture=neutral, PublicKeyToken=null]]'.

2024-08-02 22:51:43.016 +05:30  INF  Executed action DCRM.Api.Controllers.AppointmentController.GetAppointmentWithPatient (DCRM.Api) in 3768.0785ms

2024-08-02 22:51:43.016 +05:30  INF  Executed endpoint 'DCRM.Api.Controllers.AppointmentController.GetAppointmentWithPatient (DCRM.Api)'

2024-08-02 22:51:43.018 +05:30  INF  Request finished HTTP/2 GET https://localhost:7069/api/Appointment/GetAppointmentWithPatient application/json - - 200 - application/json;+charset=utf-8 4398.8335ms

2024-08-02 22:51:46.971 +05:30  INF  Request starting HTTP/2 OPTIONS https://localhost:7069/api/Appointment/Get/409 - -

2024-08-02 22:51:46.971 +05:30  INF  CORS policy execution successful.

2024-08-02 22:51:46.971 +05:30  INF  Request finished HTTP/2 OPTIONS https://localhost:7069/api/Appointment/Get/409 - - - 204 - - 0.3650ms

2024-08-02 22:51:46.976 +05:30  INF  Request starting HTTP/2 GET https://localhost:7069/api/Appointment/Get/409 application/json -

2024-08-02 22:51:46.976 +05:30  INF  CORS policy execution successful.

2024-08-02 22:51:47.599 +05:30  INF  Executed DbCommand (207ms) [Parameters=[@__id_0='?' (DbType = Int64)], CommandType='"Text"', CommandTimeout='30']
SELECT `u`.`Id`, `u`.`About_Me`, `u`.`Account_Type`, `u`.`Address`, `u`.`Available_Days`, `u`.`Bn_Name`, `u`.`City`, `u`.`Country`, `u`.`Created_At`, `u`.`Currency`, `u`.`Degree`, `u`.`Email`, `u`.`Email_Verified`, `u`.`Enable_Appointment`, `u`.`Enable_Rating`, `u`.`Exp_Years`, `u`.`Facebook`, `u`.`Google_Analytics`, `u`.`Image`, `u`.`Instagram`, `u`.`Linkedin`, `u`.`Name`, `u`.`Parent_Id`, `u`.`Password`, `u`.`Paypal_Email`, `u`.`Paypal_Mode`, `u`.`Paypal_Payment`, `u`.`Paystack_Payment`, `u`.`Paystack_Public_Key`, `u`.`Paystack_Secret_Key`, `u`.`Phone`, `u`.`Publish_Key`, `u`.`Qr_Code`, `u`.`Razorpay_Key_Id`, `u`.`Razorpay_Key_Secret`, `u`.`Razorpay_Payment`, `u`.`Role`, `u`.`Secret_Key`, `u`.`Skype`, `u`.`Slug`, `u`.`Specialist`, `u`.`Status`, `u`.`Stripe_Payment`, `u`.`Thumb`, `u`.`Trial_Expire`, `u`.`Twitter`, `u`.`User_Name`, `u`.`User_Type`, `u`.`Verify_Code`, `u`.`Whatsapp`
FROM `Users` AS `u`
WHERE `u`.`Id` = @__id_0
LIMIT 1

2024-08-02 22:51:47.600 +05:30  INF  Executing endpoint 'DCRM.Api.Controllers.AppointmentController.Get (DCRM.Api)'

2024-08-02 22:51:47.600 +05:30  INF  Route matched with {action = "Get", controller = "Appointment"}. Executing controller action with signature DCRM.Common.Entity.Appointment Get(Int32) on controller DCRM.Api.Controllers.AppointmentController (DCRM.Api).

2024-08-02 22:51:48.222 +05:30  INF  Executed DbCommand (208ms) [Parameters=[@__id_0='?' (DbType = Int64)], CommandType='"Text"', CommandTimeout='30']
SELECT `a`.`Id`, `a`.`Appointment_Status`, `a`.`Cause`, `a`.`Chair`, `a`.`Chamber_Id`, `a`.`Created_At`, `a`.`Date`, `a`.`Doctor_Id`, `a`.`Doctor_Name`, `a`.`End_Time`, `a`.`Extra_Notes`, `a`.`Files`, `a`.`Is_Delete`, `a`.`Is_Start`, `a`.`Meeting_Notes`, `a`.`Number_Of_Slot`, `a`.`Patient_Id`, `a`.`Prescription_Id`, `a`.`Serial_Id`, `a`.`Slot_Time`, `a`.`Start_Time`, `a`.`Status`, `a`.`Type`, `a`.`User_Id`, `a`.`Workdone_Id`
FROM `Appointments` AS `a`
WHERE (`a`.`Id` = @__id_0) AND (`a`.`Is_Delete` = 0)
LIMIT 1

2024-08-02 22:51:48.223 +05:30  INF  Executing ObjectResult, writing value of type 'DCRM.Common.Entity.Appointment'.

2024-08-02 22:51:48.223 +05:30  INF  Executed action DCRM.Api.Controllers.AppointmentController.Get (DCRM.Api) in 623.2475ms

2024-08-02 22:51:48.223 +05:30  INF  Executed endpoint 'DCRM.Api.Controllers.AppointmentController.Get (DCRM.Api)'

2024-08-02 22:51:48.223 +05:30  INF  Request finished HTTP/2 GET https://localhost:7069/api/Appointment/Get/409 application/json - - 200 - application/json;+charset=utf-8 1247.5917ms

2024-08-02 22:51:48.241 +05:30  INF  Request starting HTTP/2 GET https://localhost:7069/api/Appointment/Get/409 application/json -

2024-08-02 22:51:48.242 +05:30  INF  Request starting HTTP/2 OPTIONS https://localhost:7069/api/Doctor/Get/Names - -

2024-08-02 22:51:48.242 +05:30  INF  CORS policy execution successful.

2024-08-02 22:51:48.242 +05:30  INF  CORS policy execution successful.

2024-08-02 22:51:48.242 +05:30  INF  Request starting HTTP/2 OPTIONS https://localhost:7069/api/Chair/GetAll - -

2024-08-02 22:51:48.242 +05:30  INF  CORS policy execution successful.

2024-08-02 22:51:48.242 +05:30  INF  Request finished HTTP/2 OPTIONS https://localhost:7069/api/Doctor/Get/Names - - - 204 - - 0.2027ms

2024-08-02 22:51:48.242 +05:30  INF  Request finished HTTP/2 OPTIONS https://localhost:7069/api/Chair/GetAll - - - 204 - - 0.2663ms

2024-08-02 22:51:48.245 +05:30  INF  Request starting HTTP/2 GET https://localhost:7069/api/Doctor/Get/Names application/json -

2024-08-02 22:51:48.245 +05:30  INF  Request starting HTTP/2 GET https://localhost:7069/api/Chair/GetAll application/json -

2024-08-02 22:51:48.245 +05:30  INF  CORS policy execution successful.

2024-08-02 22:51:48.246 +05:30  INF  CORS policy execution successful.

2024-08-02 22:51:48.868 +05:30  INF  Executed DbCommand (211ms) [Parameters=[@__id_0='?' (DbType = Int64)], CommandType='"Text"', CommandTimeout='30']
SELECT `u`.`Id`, `u`.`About_Me`, `u`.`Account_Type`, `u`.`Address`, `u`.`Available_Days`, `u`.`Bn_Name`, `u`.`City`, `u`.`Country`, `u`.`Created_At`, `u`.`Currency`, `u`.`Degree`, `u`.`Email`, `u`.`Email_Verified`, `u`.`Enable_Appointment`, `u`.`Enable_Rating`, `u`.`Exp_Years`, `u`.`Facebook`, `u`.`Google_Analytics`, `u`.`Image`, `u`.`Instagram`, `u`.`Linkedin`, `u`.`Name`, `u`.`Parent_Id`, `u`.`Password`, `u`.`Paypal_Email`, `u`.`Paypal_Mode`, `u`.`Paypal_Payment`, `u`.`Paystack_Payment`, `u`.`Paystack_Public_Key`, `u`.`Paystack_Secret_Key`, `u`.`Phone`, `u`.`Publish_Key`, `u`.`Qr_Code`, `u`.`Razorpay_Key_Id`, `u`.`Razorpay_Key_Secret`, `u`.`Razorpay_Payment`, `u`.`Role`, `u`.`Secret_Key`, `u`.`Skype`, `u`.`Slug`, `u`.`Specialist`, `u`.`Status`, `u`.`Stripe_Payment`, `u`.`Thumb`, `u`.`Trial_Expire`, `u`.`Twitter`, `u`.`User_Name`, `u`.`User_Type`, `u`.`Verify_Code`, `u`.`Whatsapp`
FROM `Users` AS `u`
WHERE `u`.`Id` = @__id_0
LIMIT 1

2024-08-02 22:51:48.868 +05:30  INF  Executed DbCommand (209ms) [Parameters=[@__id_0='?' (DbType = Int64)], CommandType='"Text"', CommandTimeout='30']
SELECT `u`.`Id`, `u`.`About_Me`, `u`.`Account_Type`, `u`.`Address`, `u`.`Available_Days`, `u`.`Bn_Name`, `u`.`City`, `u`.`Country`, `u`.`Created_At`, `u`.`Currency`, `u`.`Degree`, `u`.`Email`, `u`.`Email_Verified`, `u`.`Enable_Appointment`, `u`.`Enable_Rating`, `u`.`Exp_Years`, `u`.`Facebook`, `u`.`Google_Analytics`, `u`.`Image`, `u`.`Instagram`, `u`.`Linkedin`, `u`.`Name`, `u`.`Parent_Id`, `u`.`Password`, `u`.`Paypal_Email`, `u`.`Paypal_Mode`, `u`.`Paypal_Payment`, `u`.`Paystack_Payment`, `u`.`Paystack_Public_Key`, `u`.`Paystack_Secret_Key`, `u`.`Phone`, `u`.`Publish_Key`, `u`.`Qr_Code`, `u`.`Razorpay_Key_Id`, `u`.`Razorpay_Key_Secret`, `u`.`Razorpay_Payment`, `u`.`Role`, `u`.`Secret_Key`, `u`.`Skype`, `u`.`Slug`, `u`.`Specialist`, `u`.`Status`, `u`.`Stripe_Payment`, `u`.`Thumb`, `u`.`Trial_Expire`, `u`.`Twitter`, `u`.`User_Name`, `u`.`User_Type`, `u`.`Verify_Code`, `u`.`Whatsapp`
FROM `Users` AS `u`
WHERE `u`.`Id` = @__id_0
LIMIT 1

2024-08-02 22:51:48.868 +05:30  INF  Executing endpoint 'DCRM.Api.Controllers.AppointmentController.Get (DCRM.Api)'

2024-08-02 22:51:48.869 +05:30  INF  Executing endpoint 'DCRM.Api.Controllers.ChairController.GetAll (DCRM.Api)'

2024-08-02 22:51:48.869 +05:30  INF  Route matched with {action = "Get", controller = "Appointment"}. Executing controller action with signature DCRM.Common.Entity.Appointment Get(Int32) on controller DCRM.Api.Controllers.AppointmentController (DCRM.Api).

2024-08-02 22:51:48.869 +05:30  INF  Route matched with {action = "GetAll", controller = "Chair"}. Executing controller action with signature System.Collections.Generic.List`1[DCRM.Common.Dto.ChairDto] GetAll() on controller DCRM.Api.Controllers.ChairController (DCRM.Api).

2024-08-02 22:51:48.869 +05:30  INF  Executed DbCommand (210ms) [Parameters=[@__id_0='?' (DbType = Int64)], CommandType='"Text"', CommandTimeout='30']
SELECT `u`.`Id`, `u`.`About_Me`, `u`.`Account_Type`, `u`.`Address`, `u`.`Available_Days`, `u`.`Bn_Name`, `u`.`City`, `u`.`Country`, `u`.`Created_At`, `u`.`Currency`, `u`.`Degree`, `u`.`Email`, `u`.`Email_Verified`, `u`.`Enable_Appointment`, `u`.`Enable_Rating`, `u`.`Exp_Years`, `u`.`Facebook`, `u`.`Google_Analytics`, `u`.`Image`, `u`.`Instagram`, `u`.`Linkedin`, `u`.`Name`, `u`.`Parent_Id`, `u`.`Password`, `u`.`Paypal_Email`, `u`.`Paypal_Mode`, `u`.`Paypal_Payment`, `u`.`Paystack_Payment`, `u`.`Paystack_Public_Key`, `u`.`Paystack_Secret_Key`, `u`.`Phone`, `u`.`Publish_Key`, `u`.`Qr_Code`, `u`.`Razorpay_Key_Id`, `u`.`Razorpay_Key_Secret`, `u`.`Razorpay_Payment`, `u`.`Role`, `u`.`Secret_Key`, `u`.`Skype`, `u`.`Slug`, `u`.`Specialist`, `u`.`Status`, `u`.`Stripe_Payment`, `u`.`Thumb`, `u`.`Trial_Expire`, `u`.`Twitter`, `u`.`User_Name`, `u`.`User_Type`, `u`.`Verify_Code`, `u`.`Whatsapp`
FROM `Users` AS `u`
WHERE `u`.`Id` = @__id_0
LIMIT 1

2024-08-02 22:51:48.869 +05:30  INF  Executing endpoint 'DCRM.Api.Controllers.DoctorController.DoctorNameList (DCRM.Api)'

2024-08-02 22:51:48.869 +05:30  INF  Route matched with {action = "DoctorNameList", controller = "Doctor"}. Executing controller action with signature System.Collections.Generic.List`1[DCRM.Common.Dto.DropdownDataDto] DoctorNameList() on controller DCRM.Api.Controllers.DoctorController (DCRM.Api).

2024-08-02 22:51:49.492 +05:30  INF  Executed DbCommand (209ms) [Parameters=[], CommandType='"Text"', CommandTimeout='30']
SELECT `c`.`Id`, `c`.`Address`, `c`.`Appoinment_Limit`, `c`.`Created_At`, `c`.`Doctor_Id`, `c`.`Is_Primary`, `c`.`Name`, `c`.`Status`, `c`.`Uid`, `c`.`User_Id`
FROM `Chairs` AS `c`

2024-08-02 22:51:49.492 +05:30  INF  Executed DbCommand (209ms) [Parameters=[@__id_0='?' (DbType = Int64)], CommandType='"Text"', CommandTimeout='30']
SELECT `a`.`Id`, `a`.`Appointment_Status`, `a`.`Cause`, `a`.`Chair`, `a`.`Chamber_Id`, `a`.`Created_At`, `a`.`Date`, `a`.`Doctor_Id`, `a`.`Doctor_Name`, `a`.`End_Time`, `a`.`Extra_Notes`, `a`.`Files`, `a`.`Is_Delete`, `a`.`Is_Start`, `a`.`Meeting_Notes`, `a`.`Number_Of_Slot`, `a`.`Patient_Id`, `a`.`Prescription_Id`, `a`.`Serial_Id`, `a`.`Slot_Time`, `a`.`Start_Time`, `a`.`Status`, `a`.`Type`, `a`.`User_Id`, `a`.`Workdone_Id`
FROM `Appointments` AS `a`
WHERE (`a`.`Id` = @__id_0) AND (`a`.`Is_Delete` = 0)
LIMIT 1

2024-08-02 22:51:49.492 +05:30  INF  Executing ObjectResult, writing value of type 'DCRM.Common.Entity.Appointment'.

2024-08-02 22:51:49.493 +05:30  INF  Executed action DCRM.Api.Controllers.AppointmentController.Get (DCRM.Api) in 623.8738ms

2024-08-02 22:51:49.493 +05:30  INF  Executed endpoint 'DCRM.Api.Controllers.AppointmentController.Get (DCRM.Api)'

2024-08-02 22:51:49.493 +05:30  INF  Request finished HTTP/2 GET https://localhost:7069/api/Appointment/Get/409 application/json - - 200 - application/json;+charset=utf-8 1252.1445ms

2024-08-02 22:51:49.499 +05:30  INF  Request starting HTTP/2 OPTIONS https://localhost:7069/api/Patient/Get/9 - -

2024-08-02 22:51:49.499 +05:30  INF  CORS policy execution successful.

2024-08-02 22:51:49.499 +05:30  INF  Request finished HTTP/2 OPTIONS https://localhost:7069/api/Patient/Get/9 - - - 204 - - 0.3865ms

2024-08-02 22:51:49.502 +05:30  INF  Request starting HTTP/2 GET https://localhost:7069/api/Patient/Get/9 application/json -

2024-08-02 22:51:49.502 +05:30  INF  CORS policy execution successful.

2024-08-02 22:51:49.711 +05:30  INF  Executed DbCommand (428ms) [Parameters=[@__userId_0='?' (DbType = Int64)], CommandType='"Text"', CommandTimeout='30']
SELECT `d`.`Id`, `d`.`Age`, `d`.`Blood_Group`, `d`.`Created_At`, `d`.`Dob`, `d`.`Email`, `d`.`Email2`, `d`.`Gender`, `d`.`Gst_Number`, `d`.`Is_Delete`, `d`.`Marital_Status`, `d`.`Name`, `d`.`Pan_Number`, `d`.`Password`, `d`.`Phone1`, `d`.`Phone2`, `d`.`Phone3`, `d`.`Phone4`, `d`.`Qualification`, `d`.`Role`, `d`.`Speciality`, `d`.`Thumb`, `d`.`Updated_At`, `d`.`User_Id`
FROM `Doctors` AS `d`
WHERE (`d`.`User_Id` = @__userId_0) AND (`d`.`Is_Delete` = 0)

2024-08-02 22:51:50.116 +05:30  INF  Executed DbCommand (210ms) [Parameters=[@__Id_0='?' (DbType = Int64)], CommandType='"Text"', CommandTimeout='30']
SELECT `d`.`Id`, `d`.`Age`, `d`.`Blood_Group`, `d`.`Created_At`, `d`.`Dob`, `d`.`Email`, `d`.`Email2`, `d`.`Gender`, `d`.`Gst_Number`, `d`.`Is_Delete`, `d`.`Marital_Status`, `d`.`Name`, `d`.`Pan_Number`, `d`.`Password`, `d`.`Phone1`, `d`.`Phone2`, `d`.`Phone3`, `d`.`Phone4`, `d`.`Qualification`, `d`.`Role`, `d`.`Speciality`, `d`.`Thumb`, `d`.`Updated_At`, `d`.`User_Id`
FROM `Doctors` AS `d`
WHERE `d`.`Id` = @__Id_0
LIMIT 2

2024-08-02 22:51:50.128 +05:30  INF  Executed DbCommand (209ms) [Parameters=[@__id_0='?' (DbType = Int64)], CommandType='"Text"', CommandTimeout='30']
SELECT `u`.`Id`, `u`.`About_Me`, `u`.`Account_Type`, `u`.`Address`, `u`.`Available_Days`, `u`.`Bn_Name`, `u`.`City`, `u`.`Country`, `u`.`Created_At`, `u`.`Currency`, `u`.`Degree`, `u`.`Email`, `u`.`Email_Verified`, `u`.`Enable_Appointment`, `u`.`Enable_Rating`, `u`.`Exp_Years`, `u`.`Facebook`, `u`.`Google_Analytics`, `u`.`Image`, `u`.`Instagram`, `u`.`Linkedin`, `u`.`Name`, `u`.`Parent_Id`, `u`.`Password`, `u`.`Paypal_Email`, `u`.`Paypal_Mode`, `u`.`Paypal_Payment`, `u`.`Paystack_Payment`, `u`.`Paystack_Public_Key`, `u`.`Paystack_Secret_Key`, `u`.`Phone`, `u`.`Publish_Key`, `u`.`Qr_Code`, `u`.`Razorpay_Key_Id`, `u`.`Razorpay_Key_Secret`, `u`.`Razorpay_Payment`, `u`.`Role`, `u`.`Secret_Key`, `u`.`Skype`, `u`.`Slug`, `u`.`Specialist`, `u`.`Status`, `u`.`Stripe_Payment`, `u`.`Thumb`, `u`.`Trial_Expire`, `u`.`Twitter`, `u`.`User_Name`, `u`.`User_Type`, `u`.`Verify_Code`, `u`.`Whatsapp`
FROM `Users` AS `u`
WHERE `u`.`Id` = @__id_0
LIMIT 1

2024-08-02 22:51:50.128 +05:30  INF  Executing endpoint 'DCRM.Api.Controllers.PatientController.Get (DCRM.Api)'

2024-08-02 22:51:50.128 +05:30  INF  Route matched with {action = "Get", controller = "Patient"}. Executing controller action with signature DCRM.Common.Dto.PatientseDto Get(Int64) on controller DCRM.Api.Controllers.PatientController (DCRM.Api).

2024-08-02 22:51:50.542 +05:30  INF  Executing ObjectResult, writing value of type 'System.Collections.Generic.List`1[[DCRM.Common.Dto.DropdownDataDto, DCRM.Common, Version=1.0.0.0, Culture=neutral, PublicKeyToken=null]]'.

2024-08-02 22:51:50.542 +05:30  INF  Executed action DCRM.Api.Controllers.DoctorController.DoctorNameList (DCRM.Api) in 1672.5192ms

2024-08-02 22:51:50.542 +05:30  INF  Executed endpoint 'DCRM.Api.Controllers.DoctorController.DoctorNameList (DCRM.Api)'

2024-08-02 22:51:50.542 +05:30  INF  Request finished HTTP/2 GET https://localhost:7069/api/Doctor/Get/Names application/json - - 200 - application/json;+charset=utf-8 2297.1942ms

2024-08-02 22:51:50.739 +05:30  INF  Executed DbCommand (208ms) [Parameters=[@__Id_0='?' (DbType = Int64)], CommandType='"Text"', CommandTimeout='30']
SELECT `d`.`Id`, `d`.`Age`, `d`.`Blood_Group`, `d`.`Created_At`, `d`.`Dob`, `d`.`Email`, `d`.`Email2`, `d`.`Gender`, `d`.`Gst_Number`, `d`.`Is_Delete`, `d`.`Marital_Status`, `d`.`Name`, `d`.`Pan_Number`, `d`.`Password`, `d`.`Phone1`, `d`.`Phone2`, `d`.`Phone3`, `d`.`Phone4`, `d`.`Qualification`, `d`.`Role`, `d`.`Speciality`, `d`.`Thumb`, `d`.`Updated_At`, `d`.`User_Id`
FROM `Doctors` AS `d`
WHERE `d`.`Id` = @__Id_0
LIMIT 2

2024-08-02 22:51:50.760 +05:30  INF  Executed DbCommand (208ms) [Parameters=[@__id_0='?' (DbType = Int64)], CommandType='"Text"', CommandTimeout='30']
SELECT `p`.`Id`, `p`.`Age`, `p`.`Chamber_Id`, `p`.`Created_At`, `p`.`Email`, `p`.`Guardian`, `p`.`Is_Delete`, `p`.`Mobile`, `p`.`Mr_Number`, `p`.`Name`, `p`.`Password`, `p`.`Permanent_Address`, `p`.`Present_Address`, `p`.`Role`, `p`.`Sex`, `p`.`Slug`, `p`.`Thumb`, `p`.`Title`, `p`.`UserName`, `p`.`User_Id`, `p`.`Verify_Code`, `p`.`Weight`
FROM `Patientses` AS `p`
WHERE (`p`.`Is_Delete` = 0) AND (`p`.`Id` = @__id_0)
LIMIT 1

2024-08-02 22:51:51.364 +05:30  INF  Executed DbCommand (208ms) [Parameters=[@__Id_0='?' (DbType = Int64)], CommandType='"Text"', CommandTimeout='30']
SELECT `d`.`Id`, `d`.`Age`, `d`.`Blood_Group`, `d`.`Created_At`, `d`.`Dob`, `d`.`Email`, `d`.`Email2`, `d`.`Gender`, `d`.`Gst_Number`, `d`.`Is_Delete`, `d`.`Marital_Status`, `d`.`Name`, `d`.`Pan_Number`, `d`.`Password`, `d`.`Phone1`, `d`.`Phone2`, `d`.`Phone3`, `d`.`Phone4`, `d`.`Qualification`, `d`.`Role`, `d`.`Speciality`, `d`.`Thumb`, `d`.`Updated_At`, `d`.`User_Id`
FROM `Doctors` AS `d`
WHERE `d`.`Id` = @__Id_0
LIMIT 2

2024-08-02 22:51:51.627 +05:30  INF  Executed DbCommand (418ms) [Parameters=[], CommandType='"Text"', CommandTimeout='30']
SELECT `p`.`Id`, `p`.`Amount_Type`, `p`.`Balance`, `p`.`Created_At`, `p`.`Credit_Amount`, `p`.`Debit_Amount`, `p`.`Description`, `p`.`Doctor_Id`, `p`.`Patient_Id`, `p`.`Payment_Mode`, `p`.`Updated_At`, `p`.`Workdone_Id`, `p`.`isPrinted`
FROM `Payment_History` AS `p`

2024-08-02 22:51:51.989 +05:30  INF  Executed DbCommand (209ms) [Parameters=[@__Id_0='?' (DbType = Int64)], CommandType='"Text"', CommandTimeout='30']
SELECT `d`.`Id`, `d`.`Age`, `d`.`Blood_Group`, `d`.`Created_At`, `d`.`Dob`, `d`.`Email`, `d`.`Email2`, `d`.`Gender`, `d`.`Gst_Number`, `d`.`Is_Delete`, `d`.`Marital_Status`, `d`.`Name`, `d`.`Pan_Number`, `d`.`Password`, `d`.`Phone1`, `d`.`Phone2`, `d`.`Phone3`, `d`.`Phone4`, `d`.`Qualification`, `d`.`Role`, `d`.`Speciality`, `d`.`Thumb`, `d`.`Updated_At`, `d`.`User_Id`
FROM `Doctors` AS `d`
WHERE `d`.`Id` = @__Id_0
LIMIT 2

2024-08-02 22:51:52.090 +05:30  INF  Request starting HTTP/2 OPTIONS https://localhost:7069/api/Appointment/GetAppointmentWithPatient - -

2024-08-02 22:51:52.090 +05:30  INF  CORS policy execution successful.

2024-08-02 22:51:52.090 +05:30  INF  Request finished HTTP/2 OPTIONS https://localhost:7069/api/Appointment/GetAppointmentWithPatient - - - 204 - - 0.3953ms

2024-08-02 22:51:52.092 +05:30  INF  Request starting HTTP/2 GET https://localhost:7069/api/Appointment/GetAppointmentWithPatient application/json -

2024-08-02 22:51:52.092 +05:30  INF  CORS policy execution successful.

2024-08-02 22:51:52.464 +05:30  INF  Executed DbCommand (212ms) [Parameters=[@__p_0='?' (DbType = Int64)], CommandType='"Text"', CommandTimeout='30']
SELECT `p`.`Id`, `p`.`Amount`, `p`.`Balance_Amount`, `p`.`Balance_Spent`, `p`.`Created_At`, `p`.`Name`, `p`.`Patients_Id`, `p`.`Type`, `p`.`Updated_At`
FROM `Patients_Insurance_Loan` AS `p`
WHERE `p`.`Patients_Id` = @__p_0

2024-08-02 22:51:52.613 +05:30  INF  Executed DbCommand (209ms) [Parameters=[@__Id_0='?' (DbType = Int64)], CommandType='"Text"', CommandTimeout='30']
SELECT `d`.`Id`, `d`.`Age`, `d`.`Blood_Group`, `d`.`Created_At`, `d`.`Dob`, `d`.`Email`, `d`.`Email2`, `d`.`Gender`, `d`.`Gst_Number`, `d`.`Is_Delete`, `d`.`Marital_Status`, `d`.`Name`, `d`.`Pan_Number`, `d`.`Password`, `d`.`Phone1`, `d`.`Phone2`, `d`.`Phone3`, `d`.`Phone4`, `d`.`Qualification`, `d`.`Role`, `d`.`Speciality`, `d`.`Thumb`, `d`.`Updated_At`, `d`.`User_Id`
FROM `Doctors` AS `d`
WHERE `d`.`Id` = @__Id_0
LIMIT 2

2024-08-02 22:51:52.726 +05:30  INF  Executed DbCommand (208ms) [Parameters=[@__id_0='?' (DbType = Int64)], CommandType='"Text"', CommandTimeout='30']
SELECT `u`.`Id`, `u`.`About_Me`, `u`.`Account_Type`, `u`.`Address`, `u`.`Available_Days`, `u`.`Bn_Name`, `u`.`City`, `u`.`Country`, `u`.`Created_At`, `u`.`Currency`, `u`.`Degree`, `u`.`Email`, `u`.`Email_Verified`, `u`.`Enable_Appointment`, `u`.`Enable_Rating`, `u`.`Exp_Years`, `u`.`Facebook`, `u`.`Google_Analytics`, `u`.`Image`, `u`.`Instagram`, `u`.`Linkedin`, `u`.`Name`, `u`.`Parent_Id`, `u`.`Password`, `u`.`Paypal_Email`, `u`.`Paypal_Mode`, `u`.`Paypal_Payment`, `u`.`Paystack_Payment`, `u`.`Paystack_Public_Key`, `u`.`Paystack_Secret_Key`, `u`.`Phone`, `u`.`Publish_Key`, `u`.`Qr_Code`, `u`.`Razorpay_Key_Id`, `u`.`Razorpay_Key_Secret`, `u`.`Razorpay_Payment`, `u`.`Role`, `u`.`Secret_Key`, `u`.`Skype`, `u`.`Slug`, `u`.`Specialist`, `u`.`Status`, `u`.`Stripe_Payment`, `u`.`Thumb`, `u`.`Trial_Expire`, `u`.`Twitter`, `u`.`User_Name`, `u`.`User_Type`, `u`.`Verify_Code`, `u`.`Whatsapp`
FROM `Users` AS `u`
WHERE `u`.`Id` = @__id_0
LIMIT 1

2024-08-02 22:51:52.726 +05:30  INF  Executing endpoint 'DCRM.Api.Controllers.AppointmentController.GetAppointmentWithPatient (DCRM.Api)'

2024-08-02 22:51:52.726 +05:30  INF  Route matched with {action = "GetAppointmentWithPatient", controller = "Appointment"}. Executing controller action with signature System.Collections.Generic.List`1[DCRM.Common.Dto.AppointmentDto] GetAppointmentWithPatient() on controller DCRM.Api.Controllers.AppointmentController (DCRM.Api).

2024-08-02 22:51:53.089 +05:30  INF  Executed DbCommand (209ms) [Parameters=[@__p_0='?' (DbType = Int64)], CommandType='"Text"', CommandTimeout='30']
SELECT `p`.`Id`, `p`.`Created_At`, `p`.`Patient_Id`, `p`.`Report`, `p`.`Report_Date`, `p`.`Report_File`, `p`.`Status`, `p`.`Test_Name`, `p`.`Test_Price`, `p`.`Updated_At`
FROM `Patient_Tests` AS `p`
WHERE `p`.`Patient_Id` = @__p_0

2024-08-02 22:51:53.238 +05:30  INF  Executed DbCommand (208ms) [Parameters=[@__Id_0='?' (DbType = Int64)], CommandType='"Text"', CommandTimeout='30']
SELECT `d`.`Id`, `d`.`Age`, `d`.`Blood_Group`, `d`.`Created_At`, `d`.`Dob`, `d`.`Email`, `d`.`Email2`, `d`.`Gender`, `d`.`Gst_Number`, `d`.`Is_Delete`, `d`.`Marital_Status`, `d`.`Name`, `d`.`Pan_Number`, `d`.`Password`, `d`.`Phone1`, `d`.`Phone2`, `d`.`Phone3`, `d`.`Phone4`, `d`.`Qualification`, `d`.`Role`, `d`.`Speciality`, `d`.`Thumb`, `d`.`Updated_At`, `d`.`User_Id`
FROM `Doctors` AS `d`
WHERE `d`.`Id` = @__Id_0
LIMIT 2

2024-08-02 22:51:53.350 +05:30  INF  Executed DbCommand (212ms) [Parameters=[], CommandType='"Text"', CommandTimeout='30']
SELECT `a`.`Id`, `a`.`Appointment_Status`, `a`.`Cause`, `a`.`Chair`, `a`.`Chamber_Id`, `a`.`Created_At`, `a`.`Date`, `a`.`Doctor_Id`, `a`.`Doctor_Name`, `a`.`End_Time`, `a`.`Extra_Notes`, `a`.`Files`, `a`.`Is_Delete`, `a`.`Is_Start`, `a`.`Meeting_Notes`, `a`.`Number_Of_Slot`, `a`.`Patient_Id`, `a`.`Prescription_Id`, `a`.`Serial_Id`, `a`.`Slot_Time`, `a`.`Start_Time`, `a`.`Status`, `a`.`Type`, `a`.`User_Id`, `a`.`Workdone_Id`
FROM `Appointments` AS `a`
WHERE `a`.`Is_Delete` = 0

2024-08-02 22:51:53.715 +05:30  INF  Executed DbCommand (209ms) [Parameters=[@__p_0='?' (DbType = Int64)], CommandType='"Text"', CommandTimeout='30']
SELECT `p`.`Id`, `p`.`Address_O`, `p`.`Address_Other`, `p`.`Address_R`, `p`.`City_O`, `p`.`City_Other`, `p`.`City_R`, `p`.`Country_O`, `p`.`Country_Other`, `p`.`Country_R`, `p`.`Created_At`, `p`.`Doctor_Name`, `p`.`Email`, `p`.`Email2`, `p`.`Medical_History_Allergies`, `p`.`Patient_Id`, `p`.`Phone`, `p`.`Phone1`, `p`.`Phone2`, `p`.`Phone3`, `p`.`Phone4`, `p`.`Physician`, `p`.`Reffered_By`, `p`.`Relationship_Type`, `p`.`Special_Notes`, `p`.`Updated_At`, `p`.`Zip_O`, `p`.`Zip_Other`, `p`.`Zip_R`
FROM `Patients_Contact` AS `p`
WHERE `p`.`Patient_Id` = @__p_0

2024-08-02 22:51:53.860 +05:30  INF  Executed DbCommand (208ms) [Parameters=[@__Id_0='?' (DbType = Int64)], CommandType='"Text"', CommandTimeout='30']
SELECT `d`.`Id`, `d`.`Age`, `d`.`Blood_Group`, `d`.`Created_At`, `d`.`Dob`, `d`.`Email`, `d`.`Email2`, `d`.`Gender`, `d`.`Gst_Number`, `d`.`Is_Delete`, `d`.`Marital_Status`, `d`.`Name`, `d`.`Pan_Number`, `d`.`Password`, `d`.`Phone1`, `d`.`Phone2`, `d`.`Phone3`, `d`.`Phone4`, `d`.`Qualification`, `d`.`Role`, `d`.`Speciality`, `d`.`Thumb`, `d`.`Updated_At`, `d`.`User_Id`
FROM `Doctors` AS `d`
WHERE `d`.`Id` = @__Id_0
LIMIT 2

2024-08-02 22:51:54.184 +05:30  INF  Executed DbCommand (209ms) [Parameters=[], CommandType='"Text"', CommandTimeout='30']
SELECT `p`.`Id`, `p`.`Age`, `p`.`Chamber_Id`, `p`.`Created_At`, `p`.`Email`, `p`.`Guardian`, `p`.`Is_Delete`, `p`.`Mobile`, `p`.`Mr_Number`, `p`.`Name`, `p`.`Password`, `p`.`Permanent_Address`, `p`.`Present_Address`, `p`.`Role`, `p`.`Sex`, `p`.`Slug`, `p`.`Thumb`, `p`.`Title`, `p`.`UserName`, `p`.`User_Id`, `p`.`Verify_Code`, `p`.`Weight`
FROM `Patientses` AS `p`
WHERE `p`.`Is_Delete` = 0

2024-08-02 22:51:54.337 +05:30  INF  Executed DbCommand (208ms) [Parameters=[@__p_0='?' (DbType = Int64)], CommandType='"Text"', CommandTimeout='30']
SELECT `p`.`Id`, `p`.`Created_At`, `p`.`Patient_Id`, `p`.`Report`, `p`.`Report_File`, `p`.`Scan_Name`, `p`.`Status`, `p`.`Type`, `p`.`Updated_At`
FROM `Patient_Scans` AS `p`
WHERE `p`.`Patient_Id` = @__p_0

2024-08-02 22:51:54.337 +05:30  INF  Executing ObjectResult, writing value of type 'DCRM.Common.Dto.PatientseDto'.

2024-08-02 22:51:54.347 +05:30  INF  Executed action DCRM.Api.Controllers.PatientController.Get (DCRM.Api) in 4218.8714ms

2024-08-02 22:51:54.347 +05:30  INF  Executed endpoint 'DCRM.Api.Controllers.PatientController.Get (DCRM.Api)'

2024-08-02 22:51:54.347 +05:30  INF  Request finished HTTP/2 GET https://localhost:7069/api/Patient/Get/9 application/json - - 0 - application/json;+charset=utf-8 4845.2478ms

2024-08-02 22:51:54.493 +05:30  INF  Executed DbCommand (209ms) [Parameters=[@__Id_0='?' (DbType = Int64)], CommandType='"Text"', CommandTimeout='30']
SELECT `d`.`Id`, `d`.`Age`, `d`.`Blood_Group`, `d`.`Created_At`, `d`.`Dob`, `d`.`Email`, `d`.`Email2`, `d`.`Gender`, `d`.`Gst_Number`, `d`.`Is_Delete`, `d`.`Marital_Status`, `d`.`Name`, `d`.`Pan_Number`, `d`.`Password`, `d`.`Phone1`, `d`.`Phone2`, `d`.`Phone3`, `d`.`Phone4`, `d`.`Qualification`, `d`.`Role`, `d`.`Speciality`, `d`.`Thumb`, `d`.`Updated_At`, `d`.`User_Id`
FROM `Doctors` AS `d`
WHERE `d`.`Id` = @__Id_0
LIMIT 2

2024-08-02 22:51:55.239 +05:30  INF  Executed DbCommand (209ms) [Parameters=[], CommandType='"Text"', CommandTimeout='30']
SELECT `d`.`Id`, `d`.`Age`, `d`.`Blood_Group`, `d`.`Created_At`, `d`.`Dob`, `d`.`Email`, `d`.`Email2`, `d`.`Gender`, `d`.`Gst_Number`, `d`.`Is_Delete`, `d`.`Marital_Status`, `d`.`Name`, `d`.`Pan_Number`, `d`.`Password`, `d`.`Phone1`, `d`.`Phone2`, `d`.`Phone3`, `d`.`Phone4`, `d`.`Qualification`, `d`.`Role`, `d`.`Speciality`, `d`.`Thumb`, `d`.`Updated_At`, `d`.`User_Id`
FROM `Doctors` AS `d`

2024-08-02 22:51:55.325 +05:30  INF  Executed DbCommand (416ms) [Parameters=[@__Id_0='?' (DbType = Int64)], CommandType='"Text"', CommandTimeout='30']
SELECT `d`.`Id`, `d`.`Age`, `d`.`Blood_Group`, `d`.`Created_At`, `d`.`Dob`, `d`.`Email`, `d`.`Email2`, `d`.`Gender`, `d`.`Gst_Number`, `d`.`Is_Delete`, `d`.`Marital_Status`, `d`.`Name`, `d`.`Pan_Number`, `d`.`Password`, `d`.`Phone1`, `d`.`Phone2`, `d`.`Phone3`, `d`.`Phone4`, `d`.`Qualification`, `d`.`Role`, `d`.`Speciality`, `d`.`Thumb`, `d`.`Updated_At`, `d`.`User_Id`
FROM `Doctors` AS `d`
WHERE `d`.`Id` = @__Id_0
LIMIT 2

2024-08-02 22:51:55.458 +05:30  INF  Executing ObjectResult, writing value of type 'System.Collections.Generic.List`1[[DCRM.Common.Dto.AppointmentDto, DCRM.Common, Version=1.0.0.0, Culture=neutral, PublicKeyToken=null]]'.

2024-08-02 22:51:55.460 +05:30  INF  Executed action DCRM.Api.Controllers.AppointmentController.GetAppointmentWithPatient (DCRM.Api) in 2733.8051ms

2024-08-02 22:51:55.460 +05:30  INF  Executed endpoint 'DCRM.Api.Controllers.AppointmentController.GetAppointmentWithPatient (DCRM.Api)'

2024-08-02 22:51:55.460 +05:30  INF  Request finished HTTP/2 GET https://localhost:7069/api/Appointment/GetAppointmentWithPatient application/json - - 200 - application/json;+charset=utf-8 3368.1242ms

2024-08-02 22:51:55.950 +05:30  INF  Executed DbCommand (208ms) [Parameters=[@__Id_0='?' (DbType = Int64)], CommandType='"Text"', CommandTimeout='30']
SELECT `d`.`Id`, `d`.`Age`, `d`.`Blood_Group`, `d`.`Created_At`, `d`.`Dob`, `d`.`Email`, `d`.`Email2`, `d`.`Gender`, `d`.`Gst_Number`, `d`.`Is_Delete`, `d`.`Marital_Status`, `d`.`Name`, `d`.`Pan_Number`, `d`.`Password`, `d`.`Phone1`, `d`.`Phone2`, `d`.`Phone3`, `d`.`Phone4`, `d`.`Qualification`, `d`.`Role`, `d`.`Speciality`, `d`.`Thumb`, `d`.`Updated_At`, `d`.`User_Id`
FROM `Doctors` AS `d`
WHERE `d`.`Id` = @__Id_0
LIMIT 2

2024-08-02 22:51:56.573 +05:30  INF  Executed DbCommand (208ms) [Parameters=[@__Id_0='?' (DbType = Int64)], CommandType='"Text"', CommandTimeout='30']
SELECT `d`.`Id`, `d`.`Age`, `d`.`Blood_Group`, `d`.`Created_At`, `d`.`Dob`, `d`.`Email`, `d`.`Email2`, `d`.`Gender`, `d`.`Gst_Number`, `d`.`Is_Delete`, `d`.`Marital_Status`, `d`.`Name`, `d`.`Pan_Number`, `d`.`Password`, `d`.`Phone1`, `d`.`Phone2`, `d`.`Phone3`, `d`.`Phone4`, `d`.`Qualification`, `d`.`Role`, `d`.`Speciality`, `d`.`Thumb`, `d`.`Updated_At`, `d`.`User_Id`
FROM `Doctors` AS `d`
WHERE `d`.`Id` = @__Id_0
LIMIT 2

2024-08-02 22:51:57.197 +05:30  INF  Executed DbCommand (208ms) [Parameters=[@__Id_0='?' (DbType = Int64)], CommandType='"Text"', CommandTimeout='30']
SELECT `d`.`Id`, `d`.`Age`, `d`.`Blood_Group`, `d`.`Created_At`, `d`.`Dob`, `d`.`Email`, `d`.`Email2`, `d`.`Gender`, `d`.`Gst_Number`, `d`.`Is_Delete`, `d`.`Marital_Status`, `d`.`Name`, `d`.`Pan_Number`, `d`.`Password`, `d`.`Phone1`, `d`.`Phone2`, `d`.`Phone3`, `d`.`Phone4`, `d`.`Qualification`, `d`.`Role`, `d`.`Speciality`, `d`.`Thumb`, `d`.`Updated_At`, `d`.`User_Id`
FROM `Doctors` AS `d`
WHERE `d`.`Id` = @__Id_0
LIMIT 2

2024-08-02 22:51:57.687 +05:30  INF  Request starting HTTP/2 OPTIONS https://localhost:7069/api/Appointment/GetAppointmentWithPatient - -

2024-08-02 22:51:57.687 +05:30  INF  CORS policy execution successful.

2024-08-02 22:51:57.687 +05:30  INF  Request finished HTTP/2 OPTIONS https://localhost:7069/api/Appointment/GetAppointmentWithPatient - - - 204 - - 0.3697ms

2024-08-02 22:51:57.690 +05:30  INF  Request starting HTTP/2 GET https://localhost:7069/api/Appointment/GetAppointmentWithPatient application/json -

2024-08-02 22:51:57.690 +05:30  INF  CORS policy execution successful.

2024-08-02 22:51:57.821 +05:30  INF  Executed DbCommand (209ms) [Parameters=[@__Id_0='?' (DbType = Int64)], CommandType='"Text"', CommandTimeout='30']
SELECT `d`.`Id`, `d`.`Age`, `d`.`Blood_Group`, `d`.`Created_At`, `d`.`Dob`, `d`.`Email`, `d`.`Email2`, `d`.`Gender`, `d`.`Gst_Number`, `d`.`Is_Delete`, `d`.`Marital_Status`, `d`.`Name`, `d`.`Pan_Number`, `d`.`Password`, `d`.`Phone1`, `d`.`Phone2`, `d`.`Phone3`, `d`.`Phone4`, `d`.`Qualification`, `d`.`Role`, `d`.`Speciality`, `d`.`Thumb`, `d`.`Updated_At`, `d`.`User_Id`
FROM `Doctors` AS `d`
WHERE `d`.`Id` = @__Id_0
LIMIT 2

2024-08-02 22:51:58.321 +05:30  INF  Executed DbCommand (209ms) [Parameters=[@__id_0='?' (DbType = Int64)], CommandType='"Text"', CommandTimeout='30']
SELECT `u`.`Id`, `u`.`About_Me`, `u`.`Account_Type`, `u`.`Address`, `u`.`Available_Days`, `u`.`Bn_Name`, `u`.`City`, `u`.`Country`, `u`.`Created_At`, `u`.`Currency`, `u`.`Degree`, `u`.`Email`, `u`.`Email_Verified`, `u`.`Enable_Appointment`, `u`.`Enable_Rating`, `u`.`Exp_Years`, `u`.`Facebook`, `u`.`Google_Analytics`, `u`.`Image`, `u`.`Instagram`, `u`.`Linkedin`, `u`.`Name`, `u`.`Parent_Id`, `u`.`Password`, `u`.`Paypal_Email`, `u`.`Paypal_Mode`, `u`.`Paypal_Payment`, `u`.`Paystack_Payment`, `u`.`Paystack_Public_Key`, `u`.`Paystack_Secret_Key`, `u`.`Phone`, `u`.`Publish_Key`, `u`.`Qr_Code`, `u`.`Razorpay_Key_Id`, `u`.`Razorpay_Key_Secret`, `u`.`Razorpay_Payment`, `u`.`Role`, `u`.`Secret_Key`, `u`.`Skype`, `u`.`Slug`, `u`.`Specialist`, `u`.`Status`, `u`.`Stripe_Payment`, `u`.`Thumb`, `u`.`Trial_Expire`, `u`.`Twitter`, `u`.`User_Name`, `u`.`User_Type`, `u`.`Verify_Code`, `u`.`Whatsapp`
FROM `Users` AS `u`
WHERE `u`.`Id` = @__id_0
LIMIT 1

2024-08-02 22:51:58.321 +05:30  INF  Executing endpoint 'DCRM.Api.Controllers.AppointmentController.GetAppointmentWithPatient (DCRM.Api)'

2024-08-02 22:51:58.321 +05:30  INF  Route matched with {action = "GetAppointmentWithPatient", controller = "Appointment"}. Executing controller action with signature System.Collections.Generic.List`1[DCRM.Common.Dto.AppointmentDto] GetAppointmentWithPatient() on controller DCRM.Api.Controllers.AppointmentController (DCRM.Api).

2024-08-02 22:51:58.445 +05:30  INF  Executed DbCommand (209ms) [Parameters=[@__Id_0='?' (DbType = Int64)], CommandType='"Text"', CommandTimeout='30']
SELECT `d`.`Id`, `d`.`Age`, `d`.`Blood_Group`, `d`.`Created_At`, `d`.`Dob`, `d`.`Email`, `d`.`Email2`, `d`.`Gender`, `d`.`Gst_Number`, `d`.`Is_Delete`, `d`.`Marital_Status`, `d`.`Name`, `d`.`Pan_Number`, `d`.`Password`, `d`.`Phone1`, `d`.`Phone2`, `d`.`Phone3`, `d`.`Phone4`, `d`.`Qualification`, `d`.`Role`, `d`.`Speciality`, `d`.`Thumb`, `d`.`Updated_At`, `d`.`User_Id`
FROM `Doctors` AS `d`
WHERE `d`.`Id` = @__Id_0
LIMIT 2

2024-08-02 22:51:58.942 +05:30  INF  Executed DbCommand (209ms) [Parameters=[], CommandType='"Text"', CommandTimeout='30']
SELECT `a`.`Id`, `a`.`Appointment_Status`, `a`.`Cause`, `a`.`Chair`, `a`.`Chamber_Id`, `a`.`Created_At`, `a`.`Date`, `a`.`Doctor_Id`, `a`.`Doctor_Name`, `a`.`End_Time`, `a`.`Extra_Notes`, `a`.`Files`, `a`.`Is_Delete`, `a`.`Is_Start`, `a`.`Meeting_Notes`, `a`.`Number_Of_Slot`, `a`.`Patient_Id`, `a`.`Prescription_Id`, `a`.`Serial_Id`, `a`.`Slot_Time`, `a`.`Start_Time`, `a`.`Status`, `a`.`Type`, `a`.`User_Id`, `a`.`Workdone_Id`
FROM `Appointments` AS `a`
WHERE `a`.`Is_Delete` = 0

2024-08-02 22:51:59.069 +05:30  INF  Executed DbCommand (209ms) [Parameters=[@__Id_0='?' (DbType = Int64)], CommandType='"Text"', CommandTimeout='30']
SELECT `d`.`Id`, `d`.`Age`, `d`.`Blood_Group`, `d`.`Created_At`, `d`.`Dob`, `d`.`Email`, `d`.`Email2`, `d`.`Gender`, `d`.`Gst_Number`, `d`.`Is_Delete`, `d`.`Marital_Status`, `d`.`Name`, `d`.`Pan_Number`, `d`.`Password`, `d`.`Phone1`, `d`.`Phone2`, `d`.`Phone3`, `d`.`Phone4`, `d`.`Qualification`, `d`.`Role`, `d`.`Speciality`, `d`.`Thumb`, `d`.`Updated_At`, `d`.`User_Id`
FROM `Doctors` AS `d`
WHERE `d`.`Id` = @__Id_0
LIMIT 2

2024-08-02 22:51:59.695 +05:30  INF  Executed DbCommand (209ms) [Parameters=[@__Id_0='?' (DbType = Int64)], CommandType='"Text"', CommandTimeout='30']
SELECT `d`.`Id`, `d`.`Age`, `d`.`Blood_Group`, `d`.`Created_At`, `d`.`Dob`, `d`.`Email`, `d`.`Email2`, `d`.`Gender`, `d`.`Gst_Number`, `d`.`Is_Delete`, `d`.`Marital_Status`, `d`.`Name`, `d`.`Pan_Number`, `d`.`Password`, `d`.`Phone1`, `d`.`Phone2`, `d`.`Phone3`, `d`.`Phone4`, `d`.`Qualification`, `d`.`Role`, `d`.`Speciality`, `d`.`Thumb`, `d`.`Updated_At`, `d`.`User_Id`
FROM `Doctors` AS `d`
WHERE `d`.`Id` = @__Id_0
LIMIT 2

2024-08-02 22:51:59.772 +05:30  INF  Executed DbCommand (210ms) [Parameters=[], CommandType='"Text"', CommandTimeout='30']
SELECT `p`.`Id`, `p`.`Age`, `p`.`Chamber_Id`, `p`.`Created_At`, `p`.`Email`, `p`.`Guardian`, `p`.`Is_Delete`, `p`.`Mobile`, `p`.`Mr_Number`, `p`.`Name`, `p`.`Password`, `p`.`Permanent_Address`, `p`.`Present_Address`, `p`.`Role`, `p`.`Sex`, `p`.`Slug`, `p`.`Thumb`, `p`.`Title`, `p`.`UserName`, `p`.`User_Id`, `p`.`Verify_Code`, `p`.`Weight`
FROM `Patientses` AS `p`
WHERE `p`.`Is_Delete` = 0

2024-08-02 22:52:00.319 +05:30  INF  Executed DbCommand (208ms) [Parameters=[@__Id_0='?' (DbType = Int64)], CommandType='"Text"', CommandTimeout='30']
SELECT `d`.`Id`, `d`.`Age`, `d`.`Blood_Group`, `d`.`Created_At`, `d`.`Dob`, `d`.`Email`, `d`.`Email2`, `d`.`Gender`, `d`.`Gst_Number`, `d`.`Is_Delete`, `d`.`Marital_Status`, `d`.`Name`, `d`.`Pan_Number`, `d`.`Password`, `d`.`Phone1`, `d`.`Phone2`, `d`.`Phone3`, `d`.`Phone4`, `d`.`Qualification`, `d`.`Role`, `d`.`Speciality`, `d`.`Thumb`, `d`.`Updated_At`, `d`.`User_Id`
FROM `Doctors` AS `d`
WHERE `d`.`Id` = @__Id_0
LIMIT 2

2024-08-02 22:52:00.943 +05:30  INF  Executed DbCommand (209ms) [Parameters=[@__Id_0='?' (DbType = Int64)], CommandType='"Text"', CommandTimeout='30']
SELECT `d`.`Id`, `d`.`Age`, `d`.`Blood_Group`, `d`.`Created_At`, `d`.`Dob`, `d`.`Email`, `d`.`Email2`, `d`.`Gender`, `d`.`Gst_Number`, `d`.`Is_Delete`, `d`.`Marital_Status`, `d`.`Name`, `d`.`Pan_Number`, `d`.`Password`, `d`.`Phone1`, `d`.`Phone2`, `d`.`Phone3`, `d`.`Phone4`, `d`.`Qualification`, `d`.`Role`, `d`.`Speciality`, `d`.`Thumb`, `d`.`Updated_At`, `d`.`User_Id`
FROM `Doctors` AS `d`
WHERE `d`.`Id` = @__Id_0
LIMIT 2

2024-08-02 22:52:01.019 +05:30  INF  Executed DbCommand (209ms) [Parameters=[], CommandType='"Text"', CommandTimeout='30']
SELECT `d`.`Id`, `d`.`Age`, `d`.`Blood_Group`, `d`.`Created_At`, `d`.`Dob`, `d`.`Email`, `d`.`Email2`, `d`.`Gender`, `d`.`Gst_Number`, `d`.`Is_Delete`, `d`.`Marital_Status`, `d`.`Name`, `d`.`Pan_Number`, `d`.`Password`, `d`.`Phone1`, `d`.`Phone2`, `d`.`Phone3`, `d`.`Phone4`, `d`.`Qualification`, `d`.`Role`, `d`.`Speciality`, `d`.`Thumb`, `d`.`Updated_At`, `d`.`User_Id`
FROM `Doctors` AS `d`

2024-08-02 22:52:01.030 +05:30  INF  Executing ObjectResult, writing value of type 'System.Collections.Generic.List`1[[DCRM.Common.Dto.AppointmentDto, DCRM.Common, Version=1.0.0.0, Culture=neutral, PublicKeyToken=null]]'.

2024-08-02 22:52:01.032 +05:30  INF  Executed action DCRM.Api.Controllers.AppointmentController.GetAppointmentWithPatient (DCRM.Api) in 2710.6078ms

2024-08-02 22:52:01.032 +05:30  INF  Executed endpoint 'DCRM.Api.Controllers.AppointmentController.GetAppointmentWithPatient (DCRM.Api)'

2024-08-02 22:52:01.032 +05:30  INF  Request finished HTTP/2 GET https://localhost:7069/api/Appointment/GetAppointmentWithPatient application/json - - 200 - application/json;+charset=utf-8 3342.1784ms

2024-08-02 22:52:01.578 +05:30  INF  Executed DbCommand (210ms) [Parameters=[@__Id_0='?' (DbType = Int64)], CommandType='"Text"', CommandTimeout='30']
SELECT `d`.`Id`, `d`.`Age`, `d`.`Blood_Group`, `d`.`Created_At`, `d`.`Dob`, `d`.`Email`, `d`.`Email2`, `d`.`Gender`, `d`.`Gst_Number`, `d`.`Is_Delete`, `d`.`Marital_Status`, `d`.`Name`, `d`.`Pan_Number`, `d`.`Password`, `d`.`Phone1`, `d`.`Phone2`, `d`.`Phone3`, `d`.`Phone4`, `d`.`Qualification`, `d`.`Role`, `d`.`Speciality`, `d`.`Thumb`, `d`.`Updated_At`, `d`.`User_Id`
FROM `Doctors` AS `d`
WHERE `d`.`Id` = @__Id_0
LIMIT 2

2024-08-02 22:52:01.578 +05:30  INF  Executing ObjectResult, writing value of type 'System.Collections.Generic.List`1[[DCRM.Common.Dto.ChairDto, DCRM.Common, Version=1.0.0.0, Culture=neutral, PublicKeyToken=null]]'.

2024-08-02 22:52:01.580 +05:30  INF  Executed action DCRM.Api.Controllers.ChairController.GetAll (DCRM.Api) in 12710.7996ms

2024-08-02 22:52:01.580 +05:30  INF  Executed endpoint 'DCRM.Api.Controllers.ChairController.GetAll (DCRM.Api)'

2024-08-02 22:52:01.580 +05:30  INF  Request finished HTTP/2 GET https://localhost:7069/api/Chair/GetAll application/json - - 0 - application/json;+charset=utf-8 13334.5034ms

2024-08-02 22:52:04.431 +05:30  INF  Request starting HTTP/2 OPTIONS https://localhost:7069/api/Appointment/Get/387 - -

2024-08-02 22:52:04.431 +05:30  INF  CORS policy execution successful.

2024-08-02 22:52:04.431 +05:30  INF  Request finished HTTP/2 OPTIONS https://localhost:7069/api/Appointment/Get/387 - - - 204 - - 0.4027ms

2024-08-02 22:52:04.434 +05:30  INF  Request starting HTTP/2 GET https://localhost:7069/api/Appointment/Get/387 application/json -

2024-08-02 22:52:04.434 +05:30  INF  CORS policy execution successful.

2024-08-02 22:52:05.060 +05:30  INF  Executed DbCommand (210ms) [Parameters=[@__id_0='?' (DbType = Int64)], CommandType='"Text"', CommandTimeout='30']
SELECT `u`.`Id`, `u`.`About_Me`, `u`.`Account_Type`, `u`.`Address`, `u`.`Available_Days`, `u`.`Bn_Name`, `u`.`City`, `u`.`Country`, `u`.`Created_At`, `u`.`Currency`, `u`.`Degree`, `u`.`Email`, `u`.`Email_Verified`, `u`.`Enable_Appointment`, `u`.`Enable_Rating`, `u`.`Exp_Years`, `u`.`Facebook`, `u`.`Google_Analytics`, `u`.`Image`, `u`.`Instagram`, `u`.`Linkedin`, `u`.`Name`, `u`.`Parent_Id`, `u`.`Password`, `u`.`Paypal_Email`, `u`.`Paypal_Mode`, `u`.`Paypal_Payment`, `u`.`Paystack_Payment`, `u`.`Paystack_Public_Key`, `u`.`Paystack_Secret_Key`, `u`.`Phone`, `u`.`Publish_Key`, `u`.`Qr_Code`, `u`.`Razorpay_Key_Id`, `u`.`Razorpay_Key_Secret`, `u`.`Razorpay_Payment`, `u`.`Role`, `u`.`Secret_Key`, `u`.`Skype`, `u`.`Slug`, `u`.`Specialist`, `u`.`Status`, `u`.`Stripe_Payment`, `u`.`Thumb`, `u`.`Trial_Expire`, `u`.`Twitter`, `u`.`User_Name`, `u`.`User_Type`, `u`.`Verify_Code`, `u`.`Whatsapp`
FROM `Users` AS `u`
WHERE `u`.`Id` = @__id_0
LIMIT 1

2024-08-02 22:52:05.060 +05:30  INF  Executing endpoint 'DCRM.Api.Controllers.AppointmentController.Get (DCRM.Api)'

2024-08-02 22:52:05.060 +05:30  INF  Route matched with {action = "Get", controller = "Appointment"}. Executing controller action with signature DCRM.Common.Entity.Appointment Get(Int32) on controller DCRM.Api.Controllers.AppointmentController (DCRM.Api).

2024-08-02 22:52:05.684 +05:30  INF  Executed DbCommand (209ms) [Parameters=[@__id_0='?' (DbType = Int64)], CommandType='"Text"', CommandTimeout='30']
SELECT `a`.`Id`, `a`.`Appointment_Status`, `a`.`Cause`, `a`.`Chair`, `a`.`Chamber_Id`, `a`.`Created_At`, `a`.`Date`, `a`.`Doctor_Id`, `a`.`Doctor_Name`, `a`.`End_Time`, `a`.`Extra_Notes`, `a`.`Files`, `a`.`Is_Delete`, `a`.`Is_Start`, `a`.`Meeting_Notes`, `a`.`Number_Of_Slot`, `a`.`Patient_Id`, `a`.`Prescription_Id`, `a`.`Serial_Id`, `a`.`Slot_Time`, `a`.`Start_Time`, `a`.`Status`, `a`.`Type`, `a`.`User_Id`, `a`.`Workdone_Id`
FROM `Appointments` AS `a`
WHERE (`a`.`Id` = @__id_0) AND (`a`.`Is_Delete` = 0)
LIMIT 1

2024-08-02 22:52:05.684 +05:30  INF  Executing ObjectResult, writing value of type 'DCRM.Common.Entity.Appointment'.

2024-08-02 22:52:05.685 +05:30  INF  Executed action DCRM.Api.Controllers.AppointmentController.Get (DCRM.Api) in 624.1262ms

2024-08-02 22:52:05.685 +05:30  INF  Executed endpoint 'DCRM.Api.Controllers.AppointmentController.Get (DCRM.Api)'

2024-08-02 22:52:05.685 +05:30  INF  Request finished HTTP/2 GET https://localhost:7069/api/Appointment/Get/387 application/json - - 200 - application/json;+charset=utf-8 1251.0261ms

2024-08-02 22:52:05.706 +05:30  INF  Request starting HTTP/2 GET https://localhost:7069/api/Appointment/Get/387 application/json -

2024-08-02 22:52:05.706 +05:30  INF  CORS policy execution successful.

2024-08-02 22:52:05.707 +05:30  INF  Request starting HTTP/2 OPTIONS https://localhost:7069/api/Doctor/Get/Names - -

2024-08-02 22:52:05.707 +05:30  INF  Request starting HTTP/2 OPTIONS https://localhost:7069/api/Chair/GetAll - -

2024-08-02 22:52:05.707 +05:30  INF  CORS policy execution successful.

2024-08-02 22:52:05.707 +05:30  INF  CORS policy execution successful.

2024-08-02 22:52:05.708 +05:30  INF  Request finished HTTP/2 OPTIONS https://localhost:7069/api/Doctor/Get/Names - - - 204 - - 0.7678ms

2024-08-02 22:52:05.708 +05:30  INF  Request finished HTTP/2 OPTIONS https://localhost:7069/api/Chair/GetAll - - - 204 - - 0.6127ms

2024-08-02 22:52:05.711 +05:30  INF  Request starting HTTP/2 GET https://localhost:7069/api/Doctor/Get/Names application/json -

2024-08-02 22:52:05.711 +05:30  INF  Request starting HTTP/2 GET https://localhost:7069/api/Chair/GetAll application/json -

2024-08-02 22:52:05.711 +05:30  INF  CORS policy execution successful.

2024-08-02 22:52:05.711 +05:30  INF  CORS policy execution successful.

2024-08-02 22:52:06.331 +05:30  INF  Executed DbCommand (208ms) [Parameters=[@__id_0='?' (DbType = Int64)], CommandType='"Text"', CommandTimeout='30']
SELECT `u`.`Id`, `u`.`About_Me`, `u`.`Account_Type`, `u`.`Address`, `u`.`Available_Days`, `u`.`Bn_Name`, `u`.`City`, `u`.`Country`, `u`.`Created_At`, `u`.`Currency`, `u`.`Degree`, `u`.`Email`, `u`.`Email_Verified`, `u`.`Enable_Appointment`, `u`.`Enable_Rating`, `u`.`Exp_Years`, `u`.`Facebook`, `u`.`Google_Analytics`, `u`.`Image`, `u`.`Instagram`, `u`.`Linkedin`, `u`.`Name`, `u`.`Parent_Id`, `u`.`Password`, `u`.`Paypal_Email`, `u`.`Paypal_Mode`, `u`.`Paypal_Payment`, `u`.`Paystack_Payment`, `u`.`Paystack_Public_Key`, `u`.`Paystack_Secret_Key`, `u`.`Phone`, `u`.`Publish_Key`, `u`.`Qr_Code`, `u`.`Razorpay_Key_Id`, `u`.`Razorpay_Key_Secret`, `u`.`Razorpay_Payment`, `u`.`Role`, `u`.`Secret_Key`, `u`.`Skype`, `u`.`Slug`, `u`.`Specialist`, `u`.`Status`, `u`.`Stripe_Payment`, `u`.`Thumb`, `u`.`Trial_Expire`, `u`.`Twitter`, `u`.`User_Name`, `u`.`User_Type`, `u`.`Verify_Code`, `u`.`Whatsapp`
FROM `Users` AS `u`
WHERE `u`.`Id` = @__id_0
LIMIT 1

2024-08-02 22:52:06.332 +05:30  INF  Executing endpoint 'DCRM.Api.Controllers.DoctorController.DoctorNameList (DCRM.Api)'

2024-08-02 22:52:06.332 +05:30  INF  Route matched with {action = "DoctorNameList", controller = "Doctor"}. Executing controller action with signature System.Collections.Generic.List`1[DCRM.Common.Dto.DropdownDataDto] DoctorNameList() on controller DCRM.Api.Controllers.DoctorController (DCRM.Api).

2024-08-02 22:52:06.332 +05:30  INF  Executed DbCommand (209ms) [Parameters=[@__id_0='?' (DbType = Int64)], CommandType='"Text"', CommandTimeout='30']
SELECT `u`.`Id`, `u`.`About_Me`, `u`.`Account_Type`, `u`.`Address`, `u`.`Available_Days`, `u`.`Bn_Name`, `u`.`City`, `u`.`Country`, `u`.`Created_At`, `u`.`Currency`, `u`.`Degree`, `u`.`Email`, `u`.`Email_Verified`, `u`.`Enable_Appointment`, `u`.`Enable_Rating`, `u`.`Exp_Years`, `u`.`Facebook`, `u`.`Google_Analytics`, `u`.`Image`, `u`.`Instagram`, `u`.`Linkedin`, `u`.`Name`, `u`.`Parent_Id`, `u`.`Password`, `u`.`Paypal_Email`, `u`.`Paypal_Mode`, `u`.`Paypal_Payment`, `u`.`Paystack_Payment`, `u`.`Paystack_Public_Key`, `u`.`Paystack_Secret_Key`, `u`.`Phone`, `u`.`Publish_Key`, `u`.`Qr_Code`, `u`.`Razorpay_Key_Id`, `u`.`Razorpay_Key_Secret`, `u`.`Razorpay_Payment`, `u`.`Role`, `u`.`Secret_Key`, `u`.`Skype`, `u`.`Slug`, `u`.`Specialist`, `u`.`Status`, `u`.`Stripe_Payment`, `u`.`Thumb`, `u`.`Trial_Expire`, `u`.`Twitter`, `u`.`User_Name`, `u`.`User_Type`, `u`.`Verify_Code`, `u`.`Whatsapp`
FROM `Users` AS `u`
WHERE `u`.`Id` = @__id_0
LIMIT 1

2024-08-02 22:52:06.332 +05:30  INF  Executing endpoint 'DCRM.Api.Controllers.ChairController.GetAll (DCRM.Api)'

2024-08-02 22:52:06.332 +05:30  INF  Route matched with {action = "GetAll", controller = "Chair"}. Executing controller action with signature System.Collections.Generic.List`1[DCRM.Common.Dto.ChairDto] GetAll() on controller DCRM.Api.Controllers.ChairController (DCRM.Api).

2024-08-02 22:52:06.333 +05:30  INF  Executed DbCommand (209ms) [Parameters=[@__id_0='?' (DbType = Int64)], CommandType='"Text"', CommandTimeout='30']
SELECT `u`.`Id`, `u`.`About_Me`, `u`.`Account_Type`, `u`.`Address`, `u`.`Available_Days`, `u`.`Bn_Name`, `u`.`City`, `u`.`Country`, `u`.`Created_At`, `u`.`Currency`, `u`.`Degree`, `u`.`Email`, `u`.`Email_Verified`, `u`.`Enable_Appointment`, `u`.`Enable_Rating`, `u`.`Exp_Years`, `u`.`Facebook`, `u`.`Google_Analytics`, `u`.`Image`, `u`.`Instagram`, `u`.`Linkedin`, `u`.`Name`, `u`.`Parent_Id`, `u`.`Password`, `u`.`Paypal_Email`, `u`.`Paypal_Mode`, `u`.`Paypal_Payment`, `u`.`Paystack_Payment`, `u`.`Paystack_Public_Key`, `u`.`Paystack_Secret_Key`, `u`.`Phone`, `u`.`Publish_Key`, `u`.`Qr_Code`, `u`.`Razorpay_Key_Id`, `u`.`Razorpay_Key_Secret`, `u`.`Razorpay_Payment`, `u`.`Role`, `u`.`Secret_Key`, `u`.`Skype`, `u`.`Slug`, `u`.`Specialist`, `u`.`Status`, `u`.`Stripe_Payment`, `u`.`Thumb`, `u`.`Trial_Expire`, `u`.`Twitter`, `u`.`User_Name`, `u`.`User_Type`, `u`.`Verify_Code`, `u`.`Whatsapp`
FROM `Users` AS `u`
WHERE `u`.`Id` = @__id_0
LIMIT 1

2024-08-02 22:52:06.334 +05:30  INF  Executing endpoint 'DCRM.Api.Controllers.AppointmentController.Get (DCRM.Api)'

2024-08-02 22:52:06.334 +05:30  INF  Route matched with {action = "Get", controller = "Appointment"}. Executing controller action with signature DCRM.Common.Entity.Appointment Get(Int32) on controller DCRM.Api.Controllers.AppointmentController (DCRM.Api).

2024-08-02 22:52:06.953 +05:30  INF  Executed DbCommand (208ms) [Parameters=[], CommandType='"Text"', CommandTimeout='30']
SELECT `c`.`Id`, `c`.`Address`, `c`.`Appoinment_Limit`, `c`.`Created_At`, `c`.`Doctor_Id`, `c`.`Is_Primary`, `c`.`Name`, `c`.`Status`, `c`.`Uid`, `c`.`User_Id`
FROM `Chairs` AS `c`

2024-08-02 22:52:06.955 +05:30  INF  Executed DbCommand (209ms) [Parameters=[@__id_0='?' (DbType = Int64)], CommandType='"Text"', CommandTimeout='30']
SELECT `a`.`Id`, `a`.`Appointment_Status`, `a`.`Cause`, `a`.`Chair`, `a`.`Chamber_Id`, `a`.`Created_At`, `a`.`Date`, `a`.`Doctor_Id`, `a`.`Doctor_Name`, `a`.`End_Time`, `a`.`Extra_Notes`, `a`.`Files`, `a`.`Is_Delete`, `a`.`Is_Start`, `a`.`Meeting_Notes`, `a`.`Number_Of_Slot`, `a`.`Patient_Id`, `a`.`Prescription_Id`, `a`.`Serial_Id`, `a`.`Slot_Time`, `a`.`Start_Time`, `a`.`Status`, `a`.`Type`, `a`.`User_Id`, `a`.`Workdone_Id`
FROM `Appointments` AS `a`
WHERE (`a`.`Id` = @__id_0) AND (`a`.`Is_Delete` = 0)
LIMIT 1

2024-08-02 22:52:06.955 +05:30  INF  Executing ObjectResult, writing value of type 'DCRM.Common.Entity.Appointment'.

2024-08-02 22:52:06.955 +05:30  INF  Executed action DCRM.Api.Controllers.AppointmentController.Get (DCRM.Api) in 621.4815ms

2024-08-02 22:52:06.955 +05:30  INF  Executed endpoint 'DCRM.Api.Controllers.AppointmentController.Get (DCRM.Api)'

2024-08-02 22:52:06.956 +05:30  INF  Request finished HTTP/2 GET https://localhost:7069/api/Appointment/Get/387 application/json - - 200 - application/json;+charset=utf-8 1249.4719ms

2024-08-02 22:52:06.961 +05:30  INF  Request starting HTTP/2 OPTIONS https://localhost:7069/api/Patient/Get/10 - -

2024-08-02 22:52:06.962 +05:30  INF  CORS policy execution successful.

2024-08-02 22:52:06.962 +05:30  INF  Request finished HTTP/2 OPTIONS https://localhost:7069/api/Patient/Get/10 - - - 204 - - 0.4466ms

2024-08-02 22:52:06.964 +05:30  INF  Request starting HTTP/2 GET https://localhost:7069/api/Patient/Get/10 application/json -

2024-08-02 22:52:06.965 +05:30  INF  CORS policy execution successful.

2024-08-02 22:52:07.161 +05:30  INF  Executed DbCommand (415ms) [Parameters=[@__userId_0='?' (DbType = Int64)], CommandType='"Text"', CommandTimeout='30']
SELECT `d`.`Id`, `d`.`Age`, `d`.`Blood_Group`, `d`.`Created_At`, `d`.`Dob`, `d`.`Email`, `d`.`Email2`, `d`.`Gender`, `d`.`Gst_Number`, `d`.`Is_Delete`, `d`.`Marital_Status`, `d`.`Name`, `d`.`Pan_Number`, `d`.`Password`, `d`.`Phone1`, `d`.`Phone2`, `d`.`Phone3`, `d`.`Phone4`, `d`.`Qualification`, `d`.`Role`, `d`.`Speciality`, `d`.`Thumb`, `d`.`Updated_At`, `d`.`User_Id`
FROM `Doctors` AS `d`
WHERE (`d`.`User_Id` = @__userId_0) AND (`d`.`Is_Delete` = 0)

2024-08-02 22:52:07.575 +05:30  INF  Executed DbCommand (207ms) [Parameters=[@__Id_0='?' (DbType = Int64)], CommandType='"Text"', CommandTimeout='30']
SELECT `d`.`Id`, `d`.`Age`, `d`.`Blood_Group`, `d`.`Created_At`, `d`.`Dob`, `d`.`Email`, `d`.`Email2`, `d`.`Gender`, `d`.`Gst_Number`, `d`.`Is_Delete`, `d`.`Marital_Status`, `d`.`Name`, `d`.`Pan_Number`, `d`.`Password`, `d`.`Phone1`, `d`.`Phone2`, `d`.`Phone3`, `d`.`Phone4`, `d`.`Qualification`, `d`.`Role`, `d`.`Speciality`, `d`.`Thumb`, `d`.`Updated_At`, `d`.`User_Id`
FROM `Doctors` AS `d`
WHERE `d`.`Id` = @__Id_0
LIMIT 2

2024-08-02 22:52:07.584 +05:30  INF  Executed DbCommand (208ms) [Parameters=[@__id_0='?' (DbType = Int64)], CommandType='"Text"', CommandTimeout='30']
SELECT `u`.`Id`, `u`.`About_Me`, `u`.`Account_Type`, `u`.`Address`, `u`.`Available_Days`, `u`.`Bn_Name`, `u`.`City`, `u`.`Country`, `u`.`Created_At`, `u`.`Currency`, `u`.`Degree`, `u`.`Email`, `u`.`Email_Verified`, `u`.`Enable_Appointment`, `u`.`Enable_Rating`, `u`.`Exp_Years`, `u`.`Facebook`, `u`.`Google_Analytics`, `u`.`Image`, `u`.`Instagram`, `u`.`Linkedin`, `u`.`Name`, `u`.`Parent_Id`, `u`.`Password`, `u`.`Paypal_Email`, `u`.`Paypal_Mode`, `u`.`Paypal_Payment`, `u`.`Paystack_Payment`, `u`.`Paystack_Public_Key`, `u`.`Paystack_Secret_Key`, `u`.`Phone`, `u`.`Publish_Key`, `u`.`Qr_Code`, `u`.`Razorpay_Key_Id`, `u`.`Razorpay_Key_Secret`, `u`.`Razorpay_Payment`, `u`.`Role`, `u`.`Secret_Key`, `u`.`Skype`, `u`.`Slug`, `u`.`Specialist`, `u`.`Status`, `u`.`Stripe_Payment`, `u`.`Thumb`, `u`.`Trial_Expire`, `u`.`Twitter`, `u`.`User_Name`, `u`.`User_Type`, `u`.`Verify_Code`, `u`.`Whatsapp`
FROM `Users` AS `u`
WHERE `u`.`Id` = @__id_0
LIMIT 1

2024-08-02 22:52:07.585 +05:30  INF  Executing endpoint 'DCRM.Api.Controllers.PatientController.Get (DCRM.Api)'

2024-08-02 22:52:07.585 +05:30  INF  Route matched with {action = "Get", controller = "Patient"}. Executing controller action with signature DCRM.Common.Dto.PatientseDto Get(Int64) on controller DCRM.Api.Controllers.PatientController (DCRM.Api).

2024-08-02 22:52:08.196 +05:30  INF  Executed DbCommand (208ms) [Parameters=[@__Id_0='?' (DbType = Int64)], CommandType='"Text"', CommandTimeout='30']
SELECT `d`.`Id`, `d`.`Age`, `d`.`Blood_Group`, `d`.`Created_At`, `d`.`Dob`, `d`.`Email`, `d`.`Email2`, `d`.`Gender`, `d`.`Gst_Number`, `d`.`Is_Delete`, `d`.`Marital_Status`, `d`.`Name`, `d`.`Pan_Number`, `d`.`Password`, `d`.`Phone1`, `d`.`Phone2`, `d`.`Phone3`, `d`.`Phone4`, `d`.`Qualification`, `d`.`Role`, `d`.`Speciality`, `d`.`Thumb`, `d`.`Updated_At`, `d`.`User_Id`
FROM `Doctors` AS `d`
WHERE `d`.`Id` = @__Id_0
LIMIT 2

2024-08-02 22:52:08.196 +05:30  INF  Executing ObjectResult, writing value of type 'System.Collections.Generic.List`1[[DCRM.Common.Dto.DropdownDataDto, DCRM.Common, Version=1.0.0.0, Culture=neutral, PublicKeyToken=null]]'.

2024-08-02 22:52:08.197 +05:30  INF  Executed action DCRM.Api.Controllers.DoctorController.DoctorNameList (DCRM.Api) in 1864.6656ms

2024-08-02 22:52:08.197 +05:30  INF  Executed endpoint 'DCRM.Api.Controllers.DoctorController.DoctorNameList (DCRM.Api)'

2024-08-02 22:52:08.197 +05:30  INF  Request finished HTTP/2 GET https://localhost:7069/api/Doctor/Get/Names application/json - - 200 - application/json;+charset=utf-8 2485.8054ms

2024-08-02 22:52:08.208 +05:30  INF  Executed DbCommand (206ms) [Parameters=[@__id_0='?' (DbType = Int64)], CommandType='"Text"', CommandTimeout='30']
SELECT `p`.`Id`, `p`.`Age`, `p`.`Chamber_Id`, `p`.`Created_At`, `p`.`Email`, `p`.`Guardian`, `p`.`Is_Delete`, `p`.`Mobile`, `p`.`Mr_Number`, `p`.`Name`, `p`.`Password`, `p`.`Permanent_Address`, `p`.`Present_Address`, `p`.`Role`, `p`.`Sex`, `p`.`Slug`, `p`.`Thumb`, `p`.`Title`, `p`.`UserName`, `p`.`User_Id`, `p`.`Verify_Code`, `p`.`Weight`
FROM `Patientses` AS `p`
WHERE (`p`.`Is_Delete` = 0) AND (`p`.`Id` = @__id_0)
LIMIT 1

2024-08-02 22:52:08.817 +05:30  INF  Executed DbCommand (209ms) [Parameters=[@__Id_0='?' (DbType = Int64)], CommandType='"Text"', CommandTimeout='30']
SELECT `d`.`Id`, `d`.`Age`, `d`.`Blood_Group`, `d`.`Created_At`, `d`.`Dob`, `d`.`Email`, `d`.`Email2`, `d`.`Gender`, `d`.`Gst_Number`, `d`.`Is_Delete`, `d`.`Marital_Status`, `d`.`Name`, `d`.`Pan_Number`, `d`.`Password`, `d`.`Phone1`, `d`.`Phone2`, `d`.`Phone3`, `d`.`Phone4`, `d`.`Qualification`, `d`.`Role`, `d`.`Speciality`, `d`.`Thumb`, `d`.`Updated_At`, `d`.`User_Id`
FROM `Doctors` AS `d`
WHERE `d`.`Id` = @__Id_0
LIMIT 2

2024-08-02 22:52:09.041 +05:30  INF  Executed DbCommand (419ms) [Parameters=[], CommandType='"Text"', CommandTimeout='30']
SELECT `p`.`Id`, `p`.`Amount_Type`, `p`.`Balance`, `p`.`Created_At`, `p`.`Credit_Amount`, `p`.`Debit_Amount`, `p`.`Description`, `p`.`Doctor_Id`, `p`.`Patient_Id`, `p`.`Payment_Mode`, `p`.`Updated_At`, `p`.`Workdone_Id`, `p`.`isPrinted`
FROM `Payment_History` AS `p`

2024-08-02 22:52:09.441 +05:30  INF  Executed DbCommand (208ms) [Parameters=[@__Id_0='?' (DbType = Int64)], CommandType='"Text"', CommandTimeout='30']
SELECT `d`.`Id`, `d`.`Age`, `d`.`Blood_Group`, `d`.`Created_At`, `d`.`Dob`, `d`.`Email`, `d`.`Email2`, `d`.`Gender`, `d`.`Gst_Number`, `d`.`Is_Delete`, `d`.`Marital_Status`, `d`.`Name`, `d`.`Pan_Number`, `d`.`Password`, `d`.`Phone1`, `d`.`Phone2`, `d`.`Phone3`, `d`.`Phone4`, `d`.`Qualification`, `d`.`Role`, `d`.`Speciality`, `d`.`Thumb`, `d`.`Updated_At`, `d`.`User_Id`
FROM `Doctors` AS `d`
WHERE `d`.`Id` = @__Id_0
LIMIT 2

2024-08-02 22:52:09.880 +05:30  INF  Executed DbCommand (208ms) [Parameters=[@__p_0='?' (DbType = Int64)], CommandType='"Text"', CommandTimeout='30']
SELECT `p`.`Id`, `p`.`Amount`, `p`.`Balance_Amount`, `p`.`Balance_Spent`, `p`.`Created_At`, `p`.`Name`, `p`.`Patients_Id`, `p`.`Type`, `p`.`Updated_At`
FROM `Patients_Insurance_Loan` AS `p`
WHERE `p`.`Patients_Id` = @__p_0

2024-08-02 22:52:10.062 +05:30  INF  Executed DbCommand (208ms) [Parameters=[@__Id_0='?' (DbType = Int64)], CommandType='"Text"', CommandTimeout='30']
SELECT `d`.`Id`, `d`.`Age`, `d`.`Blood_Group`, `d`.`Created_At`, `d`.`Dob`, `d`.`Email`, `d`.`Email2`, `d`.`Gender`, `d`.`Gst_Number`, `d`.`Is_Delete`, `d`.`Marital_Status`, `d`.`Name`, `d`.`Pan_Number`, `d`.`Password`, `d`.`Phone1`, `d`.`Phone2`, `d`.`Phone3`, `d`.`Phone4`, `d`.`Qualification`, `d`.`Role`, `d`.`Speciality`, `d`.`Thumb`, `d`.`Updated_At`, `d`.`User_Id`
FROM `Doctors` AS `d`
WHERE `d`.`Id` = @__Id_0
LIMIT 2

2024-08-02 22:52:10.388 +05:30  INF  Request starting HTTP/2 OPTIONS https://localhost:7069/api/Appointment/GetAppointmentWithPatient - -

2024-08-02 22:52:10.388 +05:30  INF  CORS policy execution successful.

2024-08-02 22:52:10.389 +05:30  INF  Request finished HTTP/2 OPTIONS https://localhost:7069/api/Appointment/GetAppointmentWithPatient - - - 204 - - 0.5048ms

2024-08-02 22:52:10.394 +05:30  INF  Request starting HTTP/2 GET https://localhost:7069/api/Appointment/GetAppointmentWithPatient application/json -

2024-08-02 22:52:10.394 +05:30  INF  CORS policy execution successful.

2024-08-02 22:52:10.506 +05:30  INF  Executed DbCommand (209ms) [Parameters=[@__p_0='?' (DbType = Int64)], CommandType='"Text"', CommandTimeout='30']
SELECT `p`.`Id`, `p`.`Created_At`, `p`.`Patient_Id`, `p`.`Report`, `p`.`Report_Date`, `p`.`Report_File`, `p`.`Status`, `p`.`Test_Name`, `p`.`Test_Price`, `p`.`Updated_At`
FROM `Patient_Tests` AS `p`
WHERE `p`.`Patient_Id` = @__p_0

2024-08-02 22:52:10.688 +05:30  INF  Executed DbCommand (209ms) [Parameters=[@__Id_0='?' (DbType = Int64)], CommandType='"Text"', CommandTimeout='30']
SELECT `d`.`Id`, `d`.`Age`, `d`.`Blood_Group`, `d`.`Created_At`, `d`.`Dob`, `d`.`Email`, `d`.`Email2`, `d`.`Gender`, `d`.`Gst_Number`, `d`.`Is_Delete`, `d`.`Marital_Status`, `d`.`Name`, `d`.`Pan_Number`, `d`.`Password`, `d`.`Phone1`, `d`.`Phone2`, `d`.`Phone3`, `d`.`Phone4`, `d`.`Qualification`, `d`.`Role`, `d`.`Speciality`, `d`.`Thumb`, `d`.`Updated_At`, `d`.`User_Id`
FROM `Doctors` AS `d`
WHERE `d`.`Id` = @__Id_0
LIMIT 2

2024-08-02 22:52:11.018 +05:30  INF  Executed DbCommand (208ms) [Parameters=[@__id_0='?' (DbType = Int64)], CommandType='"Text"', CommandTimeout='30']
SELECT `u`.`Id`, `u`.`About_Me`, `u`.`Account_Type`, `u`.`Address`, `u`.`Available_Days`, `u`.`Bn_Name`, `u`.`City`, `u`.`Country`, `u`.`Created_At`, `u`.`Currency`, `u`.`Degree`, `u`.`Email`, `u`.`Email_Verified`, `u`.`Enable_Appointment`, `u`.`Enable_Rating`, `u`.`Exp_Years`, `u`.`Facebook`, `u`.`Google_Analytics`, `u`.`Image`, `u`.`Instagram`, `u`.`Linkedin`, `u`.`Name`, `u`.`Parent_Id`, `u`.`Password`, `u`.`Paypal_Email`, `u`.`Paypal_Mode`, `u`.`Paypal_Payment`, `u`.`Paystack_Payment`, `u`.`Paystack_Public_Key`, `u`.`Paystack_Secret_Key`, `u`.`Phone`, `u`.`Publish_Key`, `u`.`Qr_Code`, `u`.`Razorpay_Key_Id`, `u`.`Razorpay_Key_Secret`, `u`.`Razorpay_Payment`, `u`.`Role`, `u`.`Secret_Key`, `u`.`Skype`, `u`.`Slug`, `u`.`Specialist`, `u`.`Status`, `u`.`Stripe_Payment`, `u`.`Thumb`, `u`.`Trial_Expire`, `u`.`Twitter`, `u`.`User_Name`, `u`.`User_Type`, `u`.`Verify_Code`, `u`.`Whatsapp`
FROM `Users` AS `u`
WHERE `u`.`Id` = @__id_0
LIMIT 1

2024-08-02 22:52:11.019 +05:30  INF  Executing endpoint 'DCRM.Api.Controllers.AppointmentController.GetAppointmentWithPatient (DCRM.Api)'

2024-08-02 22:52:11.019 +05:30  INF  Route matched with {action = "GetAppointmentWithPatient", controller = "Appointment"}. Executing controller action with signature System.Collections.Generic.List`1[DCRM.Common.Dto.AppointmentDto] GetAppointmentWithPatient() on controller DCRM.Api.Controllers.AppointmentController (DCRM.Api).

2024-08-02 22:52:11.131 +05:30  INF  Executed DbCommand (211ms) [Parameters=[@__p_0='?' (DbType = Int64)], CommandType='"Text"', CommandTimeout='30']
SELECT `p`.`Id`, `p`.`Address_O`, `p`.`Address_Other`, `p`.`Address_R`, `p`.`City_O`, `p`.`City_Other`, `p`.`City_R`, `p`.`Country_O`, `p`.`Country_Other`, `p`.`Country_R`, `p`.`Created_At`, `p`.`Doctor_Name`, `p`.`Email`, `p`.`Email2`, `p`.`Medical_History_Allergies`, `p`.`Patient_Id`, `p`.`Phone`, `p`.`Phone1`, `p`.`Phone2`, `p`.`Phone3`, `p`.`Phone4`, `p`.`Physician`, `p`.`Reffered_By`, `p`.`Relationship_Type`, `p`.`Special_Notes`, `p`.`Updated_At`, `p`.`Zip_O`, `p`.`Zip_Other`, `p`.`Zip_R`
FROM `Patients_Contact` AS `p`
WHERE `p`.`Patient_Id` = @__p_0

2024-08-02 22:52:11.310 +05:30  INF  Executed DbCommand (208ms) [Parameters=[@__Id_0='?' (DbType = Int64)], CommandType='"Text"', CommandTimeout='30']
SELECT `d`.`Id`, `d`.`Age`, `d`.`Blood_Group`, `d`.`Created_At`, `d`.`Dob`, `d`.`Email`, `d`.`Email2`, `d`.`Gender`, `d`.`Gst_Number`, `d`.`Is_Delete`, `d`.`Marital_Status`, `d`.`Name`, `d`.`Pan_Number`, `d`.`Password`, `d`.`Phone1`, `d`.`Phone2`, `d`.`Phone3`, `d`.`Phone4`, `d`.`Qualification`, `d`.`Role`, `d`.`Speciality`, `d`.`Thumb`, `d`.`Updated_At`, `d`.`User_Id`
FROM `Doctors` AS `d`
WHERE `d`.`Id` = @__Id_0
LIMIT 2

2024-08-02 22:52:11.753 +05:30  INF  Executed DbCommand (208ms) [Parameters=[@__p_0='?' (DbType = Int64)], CommandType='"Text"', CommandTimeout='30']
SELECT `p`.`Id`, `p`.`Created_At`, `p`.`Patient_Id`, `p`.`Report`, `p`.`Report_File`, `p`.`Scan_Name`, `p`.`Status`, `p`.`Type`, `p`.`Updated_At`
FROM `Patient_Scans` AS `p`
WHERE `p`.`Patient_Id` = @__p_0

2024-08-02 22:52:11.753 +05:30  INF  Executing ObjectResult, writing value of type 'DCRM.Common.Dto.PatientseDto'.

2024-08-02 22:52:11.753 +05:30  INF  Executed action DCRM.Api.Controllers.PatientController.Get (DCRM.Api) in 4168.5224ms

2024-08-02 22:52:11.753 +05:30  INF  Executed endpoint 'DCRM.Api.Controllers.PatientController.Get (DCRM.Api)'

2024-08-02 22:52:11.753 +05:30  INF  Request finished HTTP/2 GET https://localhost:7069/api/Patient/Get/10 application/json - - 200 - application/json;+charset=utf-8 4788.8525ms

2024-08-02 22:52:11.847 +05:30  INF  Executed DbCommand (416ms) [Parameters=[], CommandType='"Text"', CommandTimeout='30']
SELECT `a`.`Id`, `a`.`Appointment_Status`, `a`.`Cause`, `a`.`Chair`, `a`.`Chamber_Id`, `a`.`Created_At`, `a`.`Date`, `a`.`Doctor_Id`, `a`.`Doctor_Name`, `a`.`End_Time`, `a`.`Extra_Notes`, `a`.`Files`, `a`.`Is_Delete`, `a`.`Is_Start`, `a`.`Meeting_Notes`, `a`.`Number_Of_Slot`, `a`.`Patient_Id`, `a`.`Prescription_Id`, `a`.`Serial_Id`, `a`.`Slot_Time`, `a`.`Start_Time`, `a`.`Status`, `a`.`Type`, `a`.`User_Id`, `a`.`Workdone_Id`
FROM `Appointments` AS `a`
WHERE `a`.`Is_Delete` = 0

2024-08-02 22:52:11.932 +05:30  INF  Executed DbCommand (207ms) [Parameters=[@__Id_0='?' (DbType = Int64)], CommandType='"Text"', CommandTimeout='30']
SELECT `d`.`Id`, `d`.`Age`, `d`.`Blood_Group`, `d`.`Created_At`, `d`.`Dob`, `d`.`Email`, `d`.`Email2`, `d`.`Gender`, `d`.`Gst_Number`, `d`.`Is_Delete`, `d`.`Marital_Status`, `d`.`Name`, `d`.`Pan_Number`, `d`.`Password`, `d`.`Phone1`, `d`.`Phone2`, `d`.`Phone3`, `d`.`Phone4`, `d`.`Qualification`, `d`.`Role`, `d`.`Speciality`, `d`.`Thumb`, `d`.`Updated_At`, `d`.`User_Id`
FROM `Doctors` AS `d`
WHERE `d`.`Id` = @__Id_0
LIMIT 2

2024-08-02 22:52:12.554 +05:30  INF  Executed DbCommand (209ms) [Parameters=[@__Id_0='?' (DbType = Int64)], CommandType='"Text"', CommandTimeout='30']
SELECT `d`.`Id`, `d`.`Age`, `d`.`Blood_Group`, `d`.`Created_At`, `d`.`Dob`, `d`.`Email`, `d`.`Email2`, `d`.`Gender`, `d`.`Gst_Number`, `d`.`Is_Delete`, `d`.`Marital_Status`, `d`.`Name`, `d`.`Pan_Number`, `d`.`Password`, `d`.`Phone1`, `d`.`Phone2`, `d`.`Phone3`, `d`.`Phone4`, `d`.`Qualification`, `d`.`Role`, `d`.`Speciality`, `d`.`Thumb`, `d`.`Updated_At`, `d`.`User_Id`
FROM `Doctors` AS `d`
WHERE `d`.`Id` = @__Id_0
LIMIT 2

2024-08-02 22:52:12.681 +05:30  INF  Executed DbCommand (213ms) [Parameters=[], CommandType='"Text"', CommandTimeout='30']
SELECT `p`.`Id`, `p`.`Age`, `p`.`Chamber_Id`, `p`.`Created_At`, `p`.`Email`, `p`.`Guardian`, `p`.`Is_Delete`, `p`.`Mobile`, `p`.`Mr_Number`, `p`.`Name`, `p`.`Password`, `p`.`Permanent_Address`, `p`.`Present_Address`, `p`.`Role`, `p`.`Sex`, `p`.`Slug`, `p`.`Thumb`, `p`.`Title`, `p`.`UserName`, `p`.`User_Id`, `p`.`Verify_Code`, `p`.`Weight`
FROM `Patientses` AS `p`
WHERE `p`.`Is_Delete` = 0

2024-08-02 22:52:13.177 +05:30  INF  Executed DbCommand (208ms) [Parameters=[@__Id_0='?' (DbType = Int64)], CommandType='"Text"', CommandTimeout='30']
SELECT `d`.`Id`, `d`.`Age`, `d`.`Blood_Group`, `d`.`Created_At`, `d`.`Dob`, `d`.`Email`, `d`.`Email2`, `d`.`Gender`, `d`.`Gst_Number`, `d`.`Is_Delete`, `d`.`Marital_Status`, `d`.`Name`, `d`.`Pan_Number`, `d`.`Password`, `d`.`Phone1`, `d`.`Phone2`, `d`.`Phone3`, `d`.`Phone4`, `d`.`Qualification`, `d`.`Role`, `d`.`Speciality`, `d`.`Thumb`, `d`.`Updated_At`, `d`.`User_Id`
FROM `Doctors` AS `d`
WHERE `d`.`Id` = @__Id_0
LIMIT 2

2024-08-02 22:52:13.799 +05:30  INF  Executed DbCommand (209ms) [Parameters=[@__Id_0='?' (DbType = Int64)], CommandType='"Text"', CommandTimeout='30']
SELECT `d`.`Id`, `d`.`Age`, `d`.`Blood_Group`, `d`.`Created_At`, `d`.`Dob`, `d`.`Email`, `d`.`Email2`, `d`.`Gender`, `d`.`Gst_Number`, `d`.`Is_Delete`, `d`.`Marital_Status`, `d`.`Name`, `d`.`Pan_Number`, `d`.`Password`, `d`.`Phone1`, `d`.`Phone2`, `d`.`Phone3`, `d`.`Phone4`, `d`.`Qualification`, `d`.`Role`, `d`.`Speciality`, `d`.`Thumb`, `d`.`Updated_At`, `d`.`User_Id`
FROM `Doctors` AS `d`
WHERE `d`.`Id` = @__Id_0
LIMIT 2

2024-08-02 22:52:13.922 +05:30  INF  Executed DbCommand (208ms) [Parameters=[], CommandType='"Text"', CommandTimeout='30']
SELECT `d`.`Id`, `d`.`Age`, `d`.`Blood_Group`, `d`.`Created_At`, `d`.`Dob`, `d`.`Email`, `d`.`Email2`, `d`.`Gender`, `d`.`Gst_Number`, `d`.`Is_Delete`, `d`.`Marital_Status`, `d`.`Name`, `d`.`Pan_Number`, `d`.`Password`, `d`.`Phone1`, `d`.`Phone2`, `d`.`Phone3`, `d`.`Phone4`, `d`.`Qualification`, `d`.`Role`, `d`.`Speciality`, `d`.`Thumb`, `d`.`Updated_At`, `d`.`User_Id`
FROM `Doctors` AS `d`

2024-08-02 22:52:13.935 +05:30  INF  Executing ObjectResult, writing value of type 'System.Collections.Generic.List`1[[DCRM.Common.Dto.AppointmentDto, DCRM.Common, Version=1.0.0.0, Culture=neutral, PublicKeyToken=null]]'.

2024-08-02 22:52:13.935 +05:30  INF  Executed action DCRM.Api.Controllers.AppointmentController.GetAppointmentWithPatient (DCRM.Api) in 2916.0819ms

2024-08-02 22:52:13.935 +05:30  INF  Executed endpoint 'DCRM.Api.Controllers.AppointmentController.GetAppointmentWithPatient (DCRM.Api)'

2024-08-02 22:52:13.935 +05:30  INF  Request finished HTTP/2 GET https://localhost:7069/api/Appointment/GetAppointmentWithPatient application/json - - 200 - application/json;+charset=utf-8 3541.1521ms

2024-08-02 22:52:14.421 +05:30  INF  Executed DbCommand (210ms) [Parameters=[@__Id_0='?' (DbType = Int64)], CommandType='"Text"', CommandTimeout='30']
SELECT `d`.`Id`, `d`.`Age`, `d`.`Blood_Group`, `d`.`Created_At`, `d`.`Dob`, `d`.`Email`, `d`.`Email2`, `d`.`Gender`, `d`.`Gst_Number`, `d`.`Is_Delete`, `d`.`Marital_Status`, `d`.`Name`, `d`.`Pan_Number`, `d`.`Password`, `d`.`Phone1`, `d`.`Phone2`, `d`.`Phone3`, `d`.`Phone4`, `d`.`Qualification`, `d`.`Role`, `d`.`Speciality`, `d`.`Thumb`, `d`.`Updated_At`, `d`.`User_Id`
FROM `Doctors` AS `d`
WHERE `d`.`Id` = @__Id_0
LIMIT 2

2024-08-02 22:52:15.043 +05:30  INF  Executed DbCommand (208ms) [Parameters=[@__Id_0='?' (DbType = Int64)], CommandType='"Text"', CommandTimeout='30']
SELECT `d`.`Id`, `d`.`Age`, `d`.`Blood_Group`, `d`.`Created_At`, `d`.`Dob`, `d`.`Email`, `d`.`Email2`, `d`.`Gender`, `d`.`Gst_Number`, `d`.`Is_Delete`, `d`.`Marital_Status`, `d`.`Name`, `d`.`Pan_Number`, `d`.`Password`, `d`.`Phone1`, `d`.`Phone2`, `d`.`Phone3`, `d`.`Phone4`, `d`.`Qualification`, `d`.`Role`, `d`.`Speciality`, `d`.`Thumb`, `d`.`Updated_At`, `d`.`User_Id`
FROM `Doctors` AS `d`
WHERE `d`.`Id` = @__Id_0
LIMIT 2

2024-08-02 22:52:15.666 +05:30  INF  Executed DbCommand (208ms) [Parameters=[@__Id_0='?' (DbType = Int64)], CommandType='"Text"', CommandTimeout='30']
SELECT `d`.`Id`, `d`.`Age`, `d`.`Blood_Group`, `d`.`Created_At`, `d`.`Dob`, `d`.`Email`, `d`.`Email2`, `d`.`Gender`, `d`.`Gst_Number`, `d`.`Is_Delete`, `d`.`Marital_Status`, `d`.`Name`, `d`.`Pan_Number`, `d`.`Password`, `d`.`Phone1`, `d`.`Phone2`, `d`.`Phone3`, `d`.`Phone4`, `d`.`Qualification`, `d`.`Role`, `d`.`Speciality`, `d`.`Thumb`, `d`.`Updated_At`, `d`.`User_Id`
FROM `Doctors` AS `d`
WHERE `d`.`Id` = @__Id_0
LIMIT 2

2024-08-02 22:52:16.288 +05:30  INF  Executed DbCommand (208ms) [Parameters=[@__Id_0='?' (DbType = Int64)], CommandType='"Text"', CommandTimeout='30']
SELECT `d`.`Id`, `d`.`Age`, `d`.`Blood_Group`, `d`.`Created_At`, `d`.`Dob`, `d`.`Email`, `d`.`Email2`, `d`.`Gender`, `d`.`Gst_Number`, `d`.`Is_Delete`, `d`.`Marital_Status`, `d`.`Name`, `d`.`Pan_Number`, `d`.`Password`, `d`.`Phone1`, `d`.`Phone2`, `d`.`Phone3`, `d`.`Phone4`, `d`.`Qualification`, `d`.`Role`, `d`.`Speciality`, `d`.`Thumb`, `d`.`Updated_At`, `d`.`User_Id`
FROM `Doctors` AS `d`
WHERE `d`.`Id` = @__Id_0
LIMIT 2

2024-08-02 22:52:16.910 +05:30  INF  Executed DbCommand (207ms) [Parameters=[@__Id_0='?' (DbType = Int64)], CommandType='"Text"', CommandTimeout='30']
SELECT `d`.`Id`, `d`.`Age`, `d`.`Blood_Group`, `d`.`Created_At`, `d`.`Dob`, `d`.`Email`, `d`.`Email2`, `d`.`Gender`, `d`.`Gst_Number`, `d`.`Is_Delete`, `d`.`Marital_Status`, `d`.`Name`, `d`.`Pan_Number`, `d`.`Password`, `d`.`Phone1`, `d`.`Phone2`, `d`.`Phone3`, `d`.`Phone4`, `d`.`Qualification`, `d`.`Role`, `d`.`Speciality`, `d`.`Thumb`, `d`.`Updated_At`, `d`.`User_Id`
FROM `Doctors` AS `d`
WHERE `d`.`Id` = @__Id_0
LIMIT 2

2024-08-02 22:52:17.535 +05:30  INF  Executed DbCommand (209ms) [Parameters=[@__Id_0='?' (DbType = Int64)], CommandType='"Text"', CommandTimeout='30']
SELECT `d`.`Id`, `d`.`Age`, `d`.`Blood_Group`, `d`.`Created_At`, `d`.`Dob`, `d`.`Email`, `d`.`Email2`, `d`.`Gender`, `d`.`Gst_Number`, `d`.`Is_Delete`, `d`.`Marital_Status`, `d`.`Name`, `d`.`Pan_Number`, `d`.`Password`, `d`.`Phone1`, `d`.`Phone2`, `d`.`Phone3`, `d`.`Phone4`, `d`.`Qualification`, `d`.`Role`, `d`.`Speciality`, `d`.`Thumb`, `d`.`Updated_At`, `d`.`User_Id`
FROM `Doctors` AS `d`
WHERE `d`.`Id` = @__Id_0
LIMIT 2

2024-08-02 22:52:18.158 +05:30  INF  Executed DbCommand (208ms) [Parameters=[@__Id_0='?' (DbType = Int64)], CommandType='"Text"', CommandTimeout='30']
SELECT `d`.`Id`, `d`.`Age`, `d`.`Blood_Group`, `d`.`Created_At`, `d`.`Dob`, `d`.`Email`, `d`.`Email2`, `d`.`Gender`, `d`.`Gst_Number`, `d`.`Is_Delete`, `d`.`Marital_Status`, `d`.`Name`, `d`.`Pan_Number`, `d`.`Password`, `d`.`Phone1`, `d`.`Phone2`, `d`.`Phone3`, `d`.`Phone4`, `d`.`Qualification`, `d`.`Role`, `d`.`Speciality`, `d`.`Thumb`, `d`.`Updated_At`, `d`.`User_Id`
FROM `Doctors` AS `d`
WHERE `d`.`Id` = @__Id_0
LIMIT 2

2024-08-02 22:52:18.787 +05:30  INF  Executed DbCommand (209ms) [Parameters=[@__Id_0='?' (DbType = Int64)], CommandType='"Text"', CommandTimeout='30']
SELECT `d`.`Id`, `d`.`Age`, `d`.`Blood_Group`, `d`.`Created_At`, `d`.`Dob`, `d`.`Email`, `d`.`Email2`, `d`.`Gender`, `d`.`Gst_Number`, `d`.`Is_Delete`, `d`.`Marital_Status`, `d`.`Name`, `d`.`Pan_Number`, `d`.`Password`, `d`.`Phone1`, `d`.`Phone2`, `d`.`Phone3`, `d`.`Phone4`, `d`.`Qualification`, `d`.`Role`, `d`.`Speciality`, `d`.`Thumb`, `d`.`Updated_At`, `d`.`User_Id`
FROM `Doctors` AS `d`
WHERE `d`.`Id` = @__Id_0
LIMIT 2

2024-08-02 22:52:18.787 +05:30  INF  Executing ObjectResult, writing value of type 'System.Collections.Generic.List`1[[DCRM.Common.Dto.ChairDto, DCRM.Common, Version=1.0.0.0, Culture=neutral, PublicKeyToken=null]]'.

2024-08-02 22:52:18.788 +05:30  INF  Executed action DCRM.Api.Controllers.ChairController.GetAll (DCRM.Api) in 12455.3299ms

2024-08-02 22:52:18.788 +05:30  INF  Executed endpoint 'DCRM.Api.Controllers.ChairController.GetAll (DCRM.Api)'

2024-08-02 22:52:18.788 +05:30  INF  Request finished HTTP/2 GET https://localhost:7069/api/Chair/GetAll application/json - - 200 - application/json;+charset=utf-8 13077.1083ms

2024-08-02 22:53:08.388 +05:30  INF  Request starting HTTP/2 OPTIONS https://localhost:7069/api/Appointment/Get/387 - -

2024-08-02 22:53:08.388 +05:30  INF  CORS policy execution successful.

2024-08-02 22:53:08.396 +05:30  INF  Request finished HTTP/2 OPTIONS https://localhost:7069/api/Appointment/Get/387 - - - 204 - - 7.4609ms

2024-08-02 22:53:08.407 +05:30  INF  Request starting HTTP/2 GET https://localhost:7069/api/Appointment/Get/387 application/json -

2024-08-02 22:53:08.407 +05:30  INF  CORS policy execution successful.

2024-08-02 22:53:09.040 +05:30  INF  Executed DbCommand (213ms) [Parameters=[@__id_0='?' (DbType = Int64)], CommandType='"Text"', CommandTimeout='30']
SELECT `u`.`Id`, `u`.`About_Me`, `u`.`Account_Type`, `u`.`Address`, `u`.`Available_Days`, `u`.`Bn_Name`, `u`.`City`, `u`.`Country`, `u`.`Created_At`, `u`.`Currency`, `u`.`Degree`, `u`.`Email`, `u`.`Email_Verified`, `u`.`Enable_Appointment`, `u`.`Enable_Rating`, `u`.`Exp_Years`, `u`.`Facebook`, `u`.`Google_Analytics`, `u`.`Image`, `u`.`Instagram`, `u`.`Linkedin`, `u`.`Name`, `u`.`Parent_Id`, `u`.`Password`, `u`.`Paypal_Email`, `u`.`Paypal_Mode`, `u`.`Paypal_Payment`, `u`.`Paystack_Payment`, `u`.`Paystack_Public_Key`, `u`.`Paystack_Secret_Key`, `u`.`Phone`, `u`.`Publish_Key`, `u`.`Qr_Code`, `u`.`Razorpay_Key_Id`, `u`.`Razorpay_Key_Secret`, `u`.`Razorpay_Payment`, `u`.`Role`, `u`.`Secret_Key`, `u`.`Skype`, `u`.`Slug`, `u`.`Specialist`, `u`.`Status`, `u`.`Stripe_Payment`, `u`.`Thumb`, `u`.`Trial_Expire`, `u`.`Twitter`, `u`.`User_Name`, `u`.`User_Type`, `u`.`Verify_Code`, `u`.`Whatsapp`
FROM `Users` AS `u`
WHERE `u`.`Id` = @__id_0
LIMIT 1

2024-08-02 22:53:09.040 +05:30  INF  Executing endpoint 'DCRM.Api.Controllers.AppointmentController.Get (DCRM.Api)'

2024-08-02 22:53:09.040 +05:30  INF  Route matched with {action = "Get", controller = "Appointment"}. Executing controller action with signature DCRM.Common.Entity.Appointment Get(Int32) on controller DCRM.Api.Controllers.AppointmentController (DCRM.Api).

2024-08-02 22:53:09.664 +05:30  INF  Executed DbCommand (210ms) [Parameters=[@__id_0='?' (DbType = Int64)], CommandType='"Text"', CommandTimeout='30']
SELECT `a`.`Id`, `a`.`Appointment_Status`, `a`.`Cause`, `a`.`Chair`, `a`.`Chamber_Id`, `a`.`Created_At`, `a`.`Date`, `a`.`Doctor_Id`, `a`.`Doctor_Name`, `a`.`End_Time`, `a`.`Extra_Notes`, `a`.`Files`, `a`.`Is_Delete`, `a`.`Is_Start`, `a`.`Meeting_Notes`, `a`.`Number_Of_Slot`, `a`.`Patient_Id`, `a`.`Prescription_Id`, `a`.`Serial_Id`, `a`.`Slot_Time`, `a`.`Start_Time`, `a`.`Status`, `a`.`Type`, `a`.`User_Id`, `a`.`Workdone_Id`
FROM `Appointments` AS `a`
WHERE (`a`.`Id` = @__id_0) AND (`a`.`Is_Delete` = 0)
LIMIT 1

2024-08-02 22:53:09.665 +05:30  INF  Executing ObjectResult, writing value of type 'DCRM.Common.Entity.Appointment'.

2024-08-02 22:53:09.665 +05:30  INF  Executed action DCRM.Api.Controllers.AppointmentController.Get (DCRM.Api) in 625.0075ms

2024-08-02 22:53:09.665 +05:30  INF  Executed endpoint 'DCRM.Api.Controllers.AppointmentController.Get (DCRM.Api)'

2024-08-02 22:53:09.665 +05:30  INF  Request finished HTTP/2 GET https://localhost:7069/api/Appointment/Get/387 application/json - - 200 - application/json;+charset=utf-8 1258.2021ms

2024-08-02 22:53:09.701 +05:30  INF  Request starting HTTP/2 OPTIONS https://localhost:7069/api/Patient/Get/387 - -

2024-08-02 22:53:09.703 +05:30  INF  CORS policy execution successful.

2024-08-02 22:53:09.703 +05:30  INF  Request finished HTTP/2 OPTIONS https://localhost:7069/api/Patient/Get/387 - - - 204 - - 2.3449ms

2024-08-02 22:53:09.703 +05:30  INF  Request starting HTTP/2 OPTIONS https://localhost:7069/api/Doctor/Get/Names - -

2024-08-02 22:53:09.705 +05:30  INF  CORS policy execution successful.

2024-08-02 22:53:09.709 +05:30  INF  Request finished HTTP/2 OPTIONS https://localhost:7069/api/Doctor/Get/Names - - - 204 - - 1.6384ms

2024-08-02 22:53:09.709 +05:30  INF  Request starting HTTP/2 OPTIONS https://localhost:7069/api/Patient/Get/Names - -

2024-08-02 22:53:09.710 +05:30  INF  CORS policy execution successful.

2024-08-02 22:53:09.711 +05:30  INF  Request finished HTTP/2 OPTIONS https://localhost:7069/api/Patient/Get/Names - - - 204 - - 1.7352ms

2024-08-02 22:53:09.712 +05:30  INF  Request starting HTTP/2 OPTIONS https://localhost:7069/api/Patient/Get/10 - -

2024-08-02 22:53:09.712 +05:30  INF  CORS policy execution successful.

2024-08-02 22:53:09.712 +05:30  INF  Request finished HTTP/2 OPTIONS https://localhost:7069/api/Patient/Get/10 - - - 204 - - 0.3271ms

2024-08-02 22:53:09.714 +05:30  INF  Request starting HTTP/2 GET https://localhost:7069/api/Doctor/Get/Names application/json -

2024-08-02 22:53:09.714 +05:30  INF  Request starting HTTP/2 GET https://localhost:7069/api/Patient/Get/387 application/json -

2024-08-02 22:53:09.714 +05:30  INF  Request starting HTTP/2 OPTIONS https://localhost:7069/api/Chair/GetAll - -

2024-08-02 22:53:09.715 +05:30  INF  CORS policy execution successful.

2024-08-02 22:53:09.715 +05:30  INF  CORS policy execution successful.

2024-08-02 22:53:09.715 +05:30  INF  CORS policy execution successful.

2024-08-02 22:53:09.715 +05:30  INF  Request starting HTTP/2 GET https://localhost:7069/api/Patient/Get/10 application/json -

2024-08-02 22:53:09.715 +05:30  INF  Request starting HTTP/2 GET https://localhost:7069/api/Patient/Get/Names application/json -

2024-08-02 22:53:09.715 +05:30  INF  CORS policy execution successful.

2024-08-02 22:53:09.715 +05:30  INF  Request finished HTTP/2 OPTIONS https://localhost:7069/api/Chair/GetAll - - - 204 - - 1.0802ms

2024-08-02 22:53:09.715 +05:30  INF  CORS policy execution successful.

2024-08-02 22:53:09.720 +05:30  INF  Request starting HTTP/2 GET https://localhost:7069/api/Chair/GetAll application/json -

2024-08-02 22:53:09.723 +05:30  INF  CORS policy execution successful.

2024-08-02 22:53:10.337 +05:30  INF  Executed DbCommand (209ms) [Parameters=[@__id_0='?' (DbType = Int64)], CommandType='"Text"', CommandTimeout='30']
SELECT `u`.`Id`, `u`.`About_Me`, `u`.`Account_Type`, `u`.`Address`, `u`.`Available_Days`, `u`.`Bn_Name`, `u`.`City`, `u`.`Country`, `u`.`Created_At`, `u`.`Currency`, `u`.`Degree`, `u`.`Email`, `u`.`Email_Verified`, `u`.`Enable_Appointment`, `u`.`Enable_Rating`, `u`.`Exp_Years`, `u`.`Facebook`, `u`.`Google_Analytics`, `u`.`Image`, `u`.`Instagram`, `u`.`Linkedin`, `u`.`Name`, `u`.`Parent_Id`, `u`.`Password`, `u`.`Paypal_Email`, `u`.`Paypal_Mode`, `u`.`Paypal_Payment`, `u`.`Paystack_Payment`, `u`.`Paystack_Public_Key`, `u`.`Paystack_Secret_Key`, `u`.`Phone`, `u`.`Publish_Key`, `u`.`Qr_Code`, `u`.`Razorpay_Key_Id`, `u`.`Razorpay_Key_Secret`, `u`.`Razorpay_Payment`, `u`.`Role`, `u`.`Secret_Key`, `u`.`Skype`, `u`.`Slug`, `u`.`Specialist`, `u`.`Status`, `u`.`Stripe_Payment`, `u`.`Thumb`, `u`.`Trial_Expire`, `u`.`Twitter`, `u`.`User_Name`, `u`.`User_Type`, `u`.`Verify_Code`, `u`.`Whatsapp`
FROM `Users` AS `u`
WHERE `u`.`Id` = @__id_0
LIMIT 1

2024-08-02 22:53:10.337 +05:30  INF  Executed DbCommand (209ms) [Parameters=[@__id_0='?' (DbType = Int64)], CommandType='"Text"', CommandTimeout='30']
SELECT `u`.`Id`, `u`.`About_Me`, `u`.`Account_Type`, `u`.`Address`, `u`.`Available_Days`, `u`.`Bn_Name`, `u`.`City`, `u`.`Country`, `u`.`Created_At`, `u`.`Currency`, `u`.`Degree`, `u`.`Email`, `u`.`Email_Verified`, `u`.`Enable_Appointment`, `u`.`Enable_Rating`, `u`.`Exp_Years`, `u`.`Facebook`, `u`.`Google_Analytics`, `u`.`Image`, `u`.`Instagram`, `u`.`Linkedin`, `u`.`Name`, `u`.`Parent_Id`, `u`.`Password`, `u`.`Paypal_Email`, `u`.`Paypal_Mode`, `u`.`Paypal_Payment`, `u`.`Paystack_Payment`, `u`.`Paystack_Public_Key`, `u`.`Paystack_Secret_Key`, `u`.`Phone`, `u`.`Publish_Key`, `u`.`Qr_Code`, `u`.`Razorpay_Key_Id`, `u`.`Razorpay_Key_Secret`, `u`.`Razorpay_Payment`, `u`.`Role`, `u`.`Secret_Key`, `u`.`Skype`, `u`.`Slug`, `u`.`Specialist`, `u`.`Status`, `u`.`Stripe_Payment`, `u`.`Thumb`, `u`.`Trial_Expire`, `u`.`Twitter`, `u`.`User_Name`, `u`.`User_Type`, `u`.`Verify_Code`, `u`.`Whatsapp`
FROM `Users` AS `u`
WHERE `u`.`Id` = @__id_0
LIMIT 1

2024-08-02 22:53:10.337 +05:30  INF  Executed DbCommand (209ms) [Parameters=[@__id_0='?' (DbType = Int64)], CommandType='"Text"', CommandTimeout='30']
SELECT `u`.`Id`, `u`.`About_Me`, `u`.`Account_Type`, `u`.`Address`, `u`.`Available_Days`, `u`.`Bn_Name`, `u`.`City`, `u`.`Country`, `u`.`Created_At`, `u`.`Currency`, `u`.`Degree`, `u`.`Email`, `u`.`Email_Verified`, `u`.`Enable_Appointment`, `u`.`Enable_Rating`, `u`.`Exp_Years`, `u`.`Facebook`, `u`.`Google_Analytics`, `u`.`Image`, `u`.`Instagram`, `u`.`Linkedin`, `u`.`Name`, `u`.`Parent_Id`, `u`.`Password`, `u`.`Paypal_Email`, `u`.`Paypal_Mode`, `u`.`Paypal_Payment`, `u`.`Paystack_Payment`, `u`.`Paystack_Public_Key`, `u`.`Paystack_Secret_Key`, `u`.`Phone`, `u`.`Publish_Key`, `u`.`Qr_Code`, `u`.`Razorpay_Key_Id`, `u`.`Razorpay_Key_Secret`, `u`.`Razorpay_Payment`, `u`.`Role`, `u`.`Secret_Key`, `u`.`Skype`, `u`.`Slug`, `u`.`Specialist`, `u`.`Status`, `u`.`Stripe_Payment`, `u`.`Thumb`, `u`.`Trial_Expire`, `u`.`Twitter`, `u`.`User_Name`, `u`.`User_Type`, `u`.`Verify_Code`, `u`.`Whatsapp`
FROM `Users` AS `u`
WHERE `u`.`Id` = @__id_0
LIMIT 1

2024-08-02 22:53:10.337 +05:30  INF  Executing endpoint 'DCRM.Api.Controllers.PatientController.Get (DCRM.Api)'

2024-08-02 22:53:10.337 +05:30  INF  Executing endpoint 'DCRM.Api.Controllers.DoctorController.DoctorNameList (DCRM.Api)'

2024-08-02 22:53:10.337 +05:30  INF  Route matched with {action = "Get", controller = "Patient"}. Executing controller action with signature DCRM.Common.Dto.PatientseDto Get(Int64) on controller DCRM.Api.Controllers.PatientController (DCRM.Api).

2024-08-02 22:53:10.337 +05:30  INF  Route matched with {action = "DoctorNameList", controller = "Doctor"}. Executing controller action with signature System.Collections.Generic.List`1[DCRM.Common.Dto.DropdownDataDto] DoctorNameList() on controller DCRM.Api.Controllers.DoctorController (DCRM.Api).

2024-08-02 22:53:10.337 +05:30  INF  Executing endpoint 'DCRM.Api.Controllers.PatientController.Get (DCRM.Api)'

2024-08-02 22:53:10.337 +05:30  INF  Route matched with {action = "Get", controller = "Patient"}. Executing controller action with signature DCRM.Common.Dto.PatientseDto Get(Int64) on controller DCRM.Api.Controllers.PatientController (DCRM.Api).

2024-08-02 22:53:10.958 +05:30  INF  Executed DbCommand (208ms) [Parameters=[@__id_0='?' (DbType = Int64)], CommandType='"Text"', CommandTimeout='30']
SELECT `p`.`Id`, `p`.`Age`, `p`.`Chamber_Id`, `p`.`Created_At`, `p`.`Email`, `p`.`Guardian`, `p`.`Is_Delete`, `p`.`Mobile`, `p`.`Mr_Number`, `p`.`Name`, `p`.`Password`, `p`.`Permanent_Address`, `p`.`Present_Address`, `p`.`Role`, `p`.`Sex`, `p`.`Slug`, `p`.`Thumb`, `p`.`Title`, `p`.`UserName`, `p`.`User_Id`, `p`.`Verify_Code`, `p`.`Weight`
FROM `Patientses` AS `p`
WHERE (`p`.`Is_Delete` = 0) AND (`p`.`Id` = @__id_0)
LIMIT 1

2024-08-02 22:53:10.961 +05:30  INF  Executed DbCommand (211ms) [Parameters=[@__id_0='?' (DbType = Int64)], CommandType='"Text"', CommandTimeout='30']
SELECT `p`.`Id`, `p`.`Age`, `p`.`Chamber_Id`, `p`.`Created_At`, `p`.`Email`, `p`.`Guardian`, `p`.`Is_Delete`, `p`.`Mobile`, `p`.`Mr_Number`, `p`.`Name`, `p`.`Password`, `p`.`Permanent_Address`, `p`.`Present_Address`, `p`.`Role`, `p`.`Sex`, `p`.`Slug`, `p`.`Thumb`, `p`.`Title`, `p`.`UserName`, `p`.`User_Id`, `p`.`Verify_Code`, `p`.`Weight`
FROM `Patientses` AS `p`
WHERE (`p`.`Is_Delete` = 0) AND (`p`.`Id` = @__id_0)
LIMIT 1

2024-08-02 22:53:11.166 +05:30  INF  Executed DbCommand (416ms) [Parameters=[@__userId_0='?' (DbType = Int64)], CommandType='"Text"', CommandTimeout='30']
SELECT `d`.`Id`, `d`.`Age`, `d`.`Blood_Group`, `d`.`Created_At`, `d`.`Dob`, `d`.`Email`, `d`.`Email2`, `d`.`Gender`, `d`.`Gst_Number`, `d`.`Is_Delete`, `d`.`Marital_Status`, `d`.`Name`, `d`.`Pan_Number`, `d`.`Password`, `d`.`Phone1`, `d`.`Phone2`, `d`.`Phone3`, `d`.`Phone4`, `d`.`Qualification`, `d`.`Role`, `d`.`Speciality`, `d`.`Thumb`, `d`.`Updated_At`, `d`.`User_Id`
FROM `Doctors` AS `d`
WHERE (`d`.`User_Id` = @__userId_0) AND (`d`.`Is_Delete` = 0)

2024-08-02 22:53:11.794 +05:30  INF  Executed DbCommand (420ms) [Parameters=[], CommandType='"Text"', CommandTimeout='30']
SELECT `p`.`Id`, `p`.`Amount_Type`, `p`.`Balance`, `p`.`Created_At`, `p`.`Credit_Amount`, `p`.`Debit_Amount`, `p`.`Description`, `p`.`Doctor_Id`, `p`.`Patient_Id`, `p`.`Payment_Mode`, `p`.`Updated_At`, `p`.`Workdone_Id`, `p`.`isPrinted`
FROM `Payment_History` AS `p`

2024-08-02 22:53:11.799 +05:30  INF  Executed DbCommand (424ms) [Parameters=[], CommandType='"Text"', CommandTimeout='30']
SELECT `p`.`Id`, `p`.`Amount_Type`, `p`.`Balance`, `p`.`Created_At`, `p`.`Credit_Amount`, `p`.`Debit_Amount`, `p`.`Description`, `p`.`Doctor_Id`, `p`.`Patient_Id`, `p`.`Payment_Mode`, `p`.`Updated_At`, `p`.`Workdone_Id`, `p`.`isPrinted`
FROM `Payment_History` AS `p`

2024-08-02 22:53:12.208 +05:30  INF  Executing ObjectResult, writing value of type 'System.Collections.Generic.List`1[[DCRM.Common.Dto.DropdownDataDto, DCRM.Common, Version=1.0.0.0, Culture=neutral, PublicKeyToken=null]]'.

2024-08-02 22:53:12.208 +05:30  INF  Executed action DCRM.Api.Controllers.DoctorController.DoctorNameList (DCRM.Api) in 1871.4738ms

2024-08-02 22:53:12.209 +05:30  INF  Executed endpoint 'DCRM.Api.Controllers.DoctorController.DoctorNameList (DCRM.Api)'

2024-08-02 22:53:12.209 +05:30  INF  Request finished HTTP/2 GET https://localhost:7069/api/Doctor/Get/Names application/json - - 200 - application/json;+charset=utf-8 2494.8552ms

2024-08-02 22:53:12.631 +05:30  INF  Executed DbCommand (209ms) [Parameters=[@__p_0='?' (DbType = Int64)], CommandType='"Text"', CommandTimeout='30']
SELECT `p`.`Id`, `p`.`Amount`, `p`.`Balance_Amount`, `p`.`Balance_Spent`, `p`.`Created_At`, `p`.`Name`, `p`.`Patients_Id`, `p`.`Type`, `p`.`Updated_At`
FROM `Patients_Insurance_Loan` AS `p`
WHERE `p`.`Patients_Id` = @__p_0

2024-08-02 22:53:12.632 +05:30  INF  Executed DbCommand (206ms) [Parameters=[@__p_0='?' (DbType = Int64)], CommandType='"Text"', CommandTimeout='30']
SELECT `p`.`Id`, `p`.`Amount`, `p`.`Balance_Amount`, `p`.`Balance_Spent`, `p`.`Created_At`, `p`.`Name`, `p`.`Patients_Id`, `p`.`Type`, `p`.`Updated_At`
FROM `Patients_Insurance_Loan` AS `p`
WHERE `p`.`Patients_Id` = @__p_0

2024-08-02 22:53:12.694 +05:30  INF  Executed DbCommand (212ms) [Parameters=[@__id_0='?' (DbType = Int64)], CommandType='"Text"', CommandTimeout='30']
SELECT `u`.`Id`, `u`.`About_Me`, `u`.`Account_Type`, `u`.`Address`, `u`.`Available_Days`, `u`.`Bn_Name`, `u`.`City`, `u`.`Country`, `u`.`Created_At`, `u`.`Currency`, `u`.`Degree`, `u`.`Email`, `u`.`Email_Verified`, `u`.`Enable_Appointment`, `u`.`Enable_Rating`, `u`.`Exp_Years`, `u`.`Facebook`, `u`.`Google_Analytics`, `u`.`Image`, `u`.`Instagram`, `u`.`Linkedin`, `u`.`Name`, `u`.`Parent_Id`, `u`.`Password`, `u`.`Paypal_Email`, `u`.`Paypal_Mode`, `u`.`Paypal_Payment`, `u`.`Paystack_Payment`, `u`.`Paystack_Public_Key`, `u`.`Paystack_Secret_Key`, `u`.`Phone`, `u`.`Publish_Key`, `u`.`Qr_Code`, `u`.`Razorpay_Key_Id`, `u`.`Razorpay_Key_Secret`, `u`.`Razorpay_Payment`, `u`.`Role`, `u`.`Secret_Key`, `u`.`Skype`, `u`.`Slug`, `u`.`Specialist`, `u`.`Status`, `u`.`Stripe_Payment`, `u`.`Thumb`, `u`.`Trial_Expire`, `u`.`Twitter`, `u`.`User_Name`, `u`.`User_Type`, `u`.`Verify_Code`, `u`.`Whatsapp`
FROM `Users` AS `u`
WHERE `u`.`Id` = @__id_0
LIMIT 1

2024-08-02 22:53:12.695 +05:30  INF  Executed DbCommand (212ms) [Parameters=[@__id_0='?' (DbType = Int64)], CommandType='"Text"', CommandTimeout='30']
SELECT `u`.`Id`, `u`.`About_Me`, `u`.`Account_Type`, `u`.`Address`, `u`.`Available_Days`, `u`.`Bn_Name`, `u`.`City`, `u`.`Country`, `u`.`Created_At`, `u`.`Currency`, `u`.`Degree`, `u`.`Email`, `u`.`Email_Verified`, `u`.`Enable_Appointment`, `u`.`Enable_Rating`, `u`.`Exp_Years`, `u`.`Facebook`, `u`.`Google_Analytics`, `u`.`Image`, `u`.`Instagram`, `u`.`Linkedin`, `u`.`Name`, `u`.`Parent_Id`, `u`.`Password`, `u`.`Paypal_Email`, `u`.`Paypal_Mode`, `u`.`Paypal_Payment`, `u`.`Paystack_Payment`, `u`.`Paystack_Public_Key`, `u`.`Paystack_Secret_Key`, `u`.`Phone`, `u`.`Publish_Key`, `u`.`Qr_Code`, `u`.`Razorpay_Key_Id`, `u`.`Razorpay_Key_Secret`, `u`.`Razorpay_Payment`, `u`.`Role`, `u`.`Secret_Key`, `u`.`Skype`, `u`.`Slug`, `u`.`Specialist`, `u`.`Status`, `u`.`Stripe_Payment`, `u`.`Thumb`, `u`.`Trial_Expire`, `u`.`Twitter`, `u`.`User_Name`, `u`.`User_Type`, `u`.`Verify_Code`, `u`.`Whatsapp`
FROM `Users` AS `u`
WHERE `u`.`Id` = @__id_0
LIMIT 1

2024-08-02 22:53:12.695 +05:30  INF  Executing endpoint 'DCRM.Api.Controllers.ChairController.GetAll (DCRM.Api)'

2024-08-02 22:53:12.695 +05:30  INF  Route matched with {action = "GetAll", controller = "Chair"}. Executing controller action with signature System.Collections.Generic.List`1[DCRM.Common.Dto.ChairDto] GetAll() on controller DCRM.Api.Controllers.ChairController (DCRM.Api).

2024-08-02 22:53:12.695 +05:30  INF  Executing endpoint 'DCRM.Api.Controllers.PatientController.PatientDetailList (DCRM.Api)'

2024-08-02 22:53:12.698 +05:30  INF  Route matched with {action = "PatientDetailList", controller = "Patient"}. Executing controller action with signature System.Collections.Generic.List`1[DCRM.Common.Dto.DropdownDataDto] PatientDetailList() on controller DCRM.Api.Controllers.PatientController (DCRM.Api).

2024-08-02 22:53:13.257 +05:30  INF  Executed DbCommand (209ms) [Parameters=[@__p_0='?' (DbType = Int64)], CommandType='"Text"', CommandTimeout='30']
SELECT `p`.`Id`, `p`.`Created_At`, `p`.`Patient_Id`, `p`.`Report`, `p`.`Report_Date`, `p`.`Report_File`, `p`.`Status`, `p`.`Test_Name`, `p`.`Test_Price`, `p`.`Updated_At`
FROM `Patient_Tests` AS `p`
WHERE `p`.`Patient_Id` = @__p_0

2024-08-02 22:53:13.257 +05:30  INF  Executed DbCommand (209ms) [Parameters=[@__p_0='?' (DbType = Int64)], CommandType='"Text"', CommandTimeout='30']
SELECT `p`.`Id`, `p`.`Created_At`, `p`.`Patient_Id`, `p`.`Report`, `p`.`Report_Date`, `p`.`Report_File`, `p`.`Status`, `p`.`Test_Name`, `p`.`Test_Price`, `p`.`Updated_At`
FROM `Patient_Tests` AS `p`
WHERE `p`.`Patient_Id` = @__p_0

2024-08-02 22:53:13.321 +05:30  INF  Executed DbCommand (209ms) [Parameters=[], CommandType='"Text"', CommandTimeout='30']
SELECT `c`.`Id`, `c`.`Address`, `c`.`Appoinment_Limit`, `c`.`Created_At`, `c`.`Doctor_Id`, `c`.`Is_Primary`, `c`.`Name`, `c`.`Status`, `c`.`Uid`, `c`.`User_Id`
FROM `Chairs` AS `c`

2024-08-02 22:53:13.343 +05:30  INF  Executed DbCommand (216ms) [Parameters=[@__userId_0='?' (DbType = Int64)], CommandType='"Text"', CommandTimeout='30']
SELECT `p`.`Id`, `p`.`Age`, `p`.`Chamber_Id`, `p`.`Created_At`, `p`.`Email`, `p`.`Guardian`, `p`.`Is_Delete`, `p`.`Mobile`, `p`.`Mr_Number`, `p`.`Name`, `p`.`Password`, `p`.`Permanent_Address`, `p`.`Present_Address`, `p`.`Role`, `p`.`Sex`, `p`.`Slug`, `p`.`Thumb`, `p`.`Title`, `p`.`UserName`, `p`.`User_Id`, `p`.`Verify_Code`, `p`.`Weight`
FROM `Patientses` AS `p`
WHERE (`p`.`User_Id` = @__userId_0) AND (`p`.`Is_Delete` = 0)

2024-08-02 22:53:13.883 +05:30  INF  Executed DbCommand (208ms) [Parameters=[@__p_0='?' (DbType = Int64)], CommandType='"Text"', CommandTimeout='30']
SELECT `p`.`Id`, `p`.`Address_O`, `p`.`Address_Other`, `p`.`Address_R`, `p`.`City_O`, `p`.`City_Other`, `p`.`City_R`, `p`.`Country_O`, `p`.`Country_Other`, `p`.`Country_R`, `p`.`Created_At`, `p`.`Doctor_Name`, `p`.`Email`, `p`.`Email2`, `p`.`Medical_History_Allergies`, `p`.`Patient_Id`, `p`.`Phone`, `p`.`Phone1`, `p`.`Phone2`, `p`.`Phone3`, `p`.`Phone4`, `p`.`Physician`, `p`.`Reffered_By`, `p`.`Relationship_Type`, `p`.`Special_Notes`, `p`.`Updated_At`, `p`.`Zip_O`, `p`.`Zip_Other`, `p`.`Zip_R`
FROM `Patients_Contact` AS `p`
WHERE `p`.`Patient_Id` = @__p_0

2024-08-02 22:53:13.885 +05:30  INF  Executed DbCommand (210ms) [Parameters=[@__p_0='?' (DbType = Int64)], CommandType='"Text"', CommandTimeout='30']
SELECT `p`.`Id`, `p`.`Address_O`, `p`.`Address_Other`, `p`.`Address_R`, `p`.`City_O`, `p`.`City_Other`, `p`.`City_R`, `p`.`Country_O`, `p`.`Country_Other`, `p`.`Country_R`, `p`.`Created_At`, `p`.`Doctor_Name`, `p`.`Email`, `p`.`Email2`, `p`.`Medical_History_Allergies`, `p`.`Patient_Id`, `p`.`Phone`, `p`.`Phone1`, `p`.`Phone2`, `p`.`Phone3`, `p`.`Phone4`, `p`.`Physician`, `p`.`Reffered_By`, `p`.`Relationship_Type`, `p`.`Special_Notes`, `p`.`Updated_At`, `p`.`Zip_O`, `p`.`Zip_Other`, `p`.`Zip_R`
FROM `Patients_Contact` AS `p`
WHERE `p`.`Patient_Id` = @__p_0

2024-08-02 22:53:13.947 +05:30  INF  Executed DbCommand (210ms) [Parameters=[@__Id_0='?' (DbType = Int64)], CommandType='"Text"', CommandTimeout='30']
SELECT `d`.`Id`, `d`.`Age`, `d`.`Blood_Group`, `d`.`Created_At`, `d`.`Dob`, `d`.`Email`, `d`.`Email2`, `d`.`Gender`, `d`.`Gst_Number`, `d`.`Is_Delete`, `d`.`Marital_Status`, `d`.`Name`, `d`.`Pan_Number`, `d`.`Password`, `d`.`Phone1`, `d`.`Phone2`, `d`.`Phone3`, `d`.`Phone4`, `d`.`Qualification`, `d`.`Role`, `d`.`Speciality`, `d`.`Thumb`, `d`.`Updated_At`, `d`.`User_Id`
FROM `Doctors` AS `d`
WHERE `d`.`Id` = @__Id_0
LIMIT 2

2024-08-02 22:53:14.389 +05:30  INF  Executing ObjectResult, writing value of type 'System.Collections.Generic.List`1[[DCRM.Common.Dto.DropdownDataDto, DCRM.Common, Version=1.0.0.0, Culture=neutral, PublicKeyToken=null]]'.

2024-08-02 22:53:14.389 +05:30  INF  Executed action DCRM.Api.Controllers.PatientController.PatientDetailList (DCRM.Api) in 1691.2981ms

2024-08-02 22:53:14.389 +05:30  INF  Executed endpoint 'DCRM.Api.Controllers.PatientController.PatientDetailList (DCRM.Api)'

2024-08-02 22:53:14.389 +05:30  INF  Request finished HTTP/2 GET https://localhost:7069/api/Patient/Get/Names application/json - - 200 - application/json;+charset=utf-8 4674.3846ms

2024-08-02 22:53:14.505 +05:30  INF  Executed DbCommand (208ms) [Parameters=[@__p_0='?' (DbType = Int64)], CommandType='"Text"', CommandTimeout='30']
SELECT `p`.`Id`, `p`.`Created_At`, `p`.`Patient_Id`, `p`.`Report`, `p`.`Report_File`, `p`.`Scan_Name`, `p`.`Status`, `p`.`Type`, `p`.`Updated_At`
FROM `Patient_Scans` AS `p`
WHERE `p`.`Patient_Id` = @__p_0

2024-08-02 22:53:14.505 +05:30  INF  Executed DbCommand (208ms) [Parameters=[@__p_0='?' (DbType = Int64)], CommandType='"Text"', CommandTimeout='30']
SELECT `p`.`Id`, `p`.`Created_At`, `p`.`Patient_Id`, `p`.`Report`, `p`.`Report_File`, `p`.`Scan_Name`, `p`.`Status`, `p`.`Type`, `p`.`Updated_At`
FROM `Patient_Scans` AS `p`
WHERE `p`.`Patient_Id` = @__p_0

2024-08-02 22:53:14.506 +05:30  INF  Executing ObjectResult, writing value of type 'DCRM.Common.Dto.PatientseDto'.

2024-08-02 22:53:14.506 +05:30  INF  Executing ObjectResult, writing value of type 'DCRM.Common.Dto.PatientseDto'.

2024-08-02 22:53:14.506 +05:30  INF  Executed action DCRM.Api.Controllers.PatientController.Get (DCRM.Api) in 4168.9372ms

2024-08-02 22:53:14.506 +05:30  INF  Executed endpoint 'DCRM.Api.Controllers.PatientController.Get (DCRM.Api)'

2024-08-02 22:53:14.506 +05:30  INF  Executed action DCRM.Api.Controllers.PatientController.Get (DCRM.Api) in 4169.1446ms

2024-08-02 22:53:14.506 +05:30  INF  Executed endpoint 'DCRM.Api.Controllers.PatientController.Get (DCRM.Api)'

2024-08-02 22:53:14.506 +05:30  INF  Request finished HTTP/2 GET https://localhost:7069/api/Patient/Get/387 application/json - - 200 - application/json;+charset=utf-8 4792.5616ms

2024-08-02 22:53:14.507 +05:30  INF  Request finished HTTP/2 GET https://localhost:7069/api/Patient/Get/10 application/json - - 200 - application/json;+charset=utf-8 4791.7900ms

2024-08-02 22:53:14.577 +05:30  INF  Executed DbCommand (210ms) [Parameters=[@__Id_0='?' (DbType = Int64)], CommandType='"Text"', CommandTimeout='30']
SELECT `d`.`Id`, `d`.`Age`, `d`.`Blood_Group`, `d`.`Created_At`, `d`.`Dob`, `d`.`Email`, `d`.`Email2`, `d`.`Gender`, `d`.`Gst_Number`, `d`.`Is_Delete`, `d`.`Marital_Status`, `d`.`Name`, `d`.`Pan_Number`, `d`.`Password`, `d`.`Phone1`, `d`.`Phone2`, `d`.`Phone3`, `d`.`Phone4`, `d`.`Qualification`, `d`.`Role`, `d`.`Speciality`, `d`.`Thumb`, `d`.`Updated_At`, `d`.`User_Id`
FROM `Doctors` AS `d`
WHERE `d`.`Id` = @__Id_0
LIMIT 2

2024-08-02 22:53:15.200 +05:30  INF  Executed DbCommand (207ms) [Parameters=[@__Id_0='?' (DbType = Int64)], CommandType='"Text"', CommandTimeout='30']
SELECT `d`.`Id`, `d`.`Age`, `d`.`Blood_Group`, `d`.`Created_At`, `d`.`Dob`, `d`.`Email`, `d`.`Email2`, `d`.`Gender`, `d`.`Gst_Number`, `d`.`Is_Delete`, `d`.`Marital_Status`, `d`.`Name`, `d`.`Pan_Number`, `d`.`Password`, `d`.`Phone1`, `d`.`Phone2`, `d`.`Phone3`, `d`.`Phone4`, `d`.`Qualification`, `d`.`Role`, `d`.`Speciality`, `d`.`Thumb`, `d`.`Updated_At`, `d`.`User_Id`
FROM `Doctors` AS `d`
WHERE `d`.`Id` = @__Id_0
LIMIT 2

2024-08-02 22:53:15.823 +05:30  INF  Executed DbCommand (209ms) [Parameters=[@__Id_0='?' (DbType = Int64)], CommandType='"Text"', CommandTimeout='30']
SELECT `d`.`Id`, `d`.`Age`, `d`.`Blood_Group`, `d`.`Created_At`, `d`.`Dob`, `d`.`Email`, `d`.`Email2`, `d`.`Gender`, `d`.`Gst_Number`, `d`.`Is_Delete`, `d`.`Marital_Status`, `d`.`Name`, `d`.`Pan_Number`, `d`.`Password`, `d`.`Phone1`, `d`.`Phone2`, `d`.`Phone3`, `d`.`Phone4`, `d`.`Qualification`, `d`.`Role`, `d`.`Speciality`, `d`.`Thumb`, `d`.`Updated_At`, `d`.`User_Id`
FROM `Doctors` AS `d`
WHERE `d`.`Id` = @__Id_0
LIMIT 2

2024-08-02 22:53:16.447 +05:30  INF  Executed DbCommand (209ms) [Parameters=[@__Id_0='?' (DbType = Int64)], CommandType='"Text"', CommandTimeout='30']
SELECT `d`.`Id`, `d`.`Age`, `d`.`Blood_Group`, `d`.`Created_At`, `d`.`Dob`, `d`.`Email`, `d`.`Email2`, `d`.`Gender`, `d`.`Gst_Number`, `d`.`Is_Delete`, `d`.`Marital_Status`, `d`.`Name`, `d`.`Pan_Number`, `d`.`Password`, `d`.`Phone1`, `d`.`Phone2`, `d`.`Phone3`, `d`.`Phone4`, `d`.`Qualification`, `d`.`Role`, `d`.`Speciality`, `d`.`Thumb`, `d`.`Updated_At`, `d`.`User_Id`
FROM `Doctors` AS `d`
WHERE `d`.`Id` = @__Id_0
LIMIT 2

2024-08-02 22:53:17.070 +05:30  INF  Executed DbCommand (209ms) [Parameters=[@__Id_0='?' (DbType = Int64)], CommandType='"Text"', CommandTimeout='30']
SELECT `d`.`Id`, `d`.`Age`, `d`.`Blood_Group`, `d`.`Created_At`, `d`.`Dob`, `d`.`Email`, `d`.`Email2`, `d`.`Gender`, `d`.`Gst_Number`, `d`.`Is_Delete`, `d`.`Marital_Status`, `d`.`Name`, `d`.`Pan_Number`, `d`.`Password`, `d`.`Phone1`, `d`.`Phone2`, `d`.`Phone3`, `d`.`Phone4`, `d`.`Qualification`, `d`.`Role`, `d`.`Speciality`, `d`.`Thumb`, `d`.`Updated_At`, `d`.`User_Id`
FROM `Doctors` AS `d`
WHERE `d`.`Id` = @__Id_0
LIMIT 2

2024-08-02 22:53:17.697 +05:30  INF  Executed DbCommand (212ms) [Parameters=[@__Id_0='?' (DbType = Int64)], CommandType='"Text"', CommandTimeout='30']
SELECT `d`.`Id`, `d`.`Age`, `d`.`Blood_Group`, `d`.`Created_At`, `d`.`Dob`, `d`.`Email`, `d`.`Email2`, `d`.`Gender`, `d`.`Gst_Number`, `d`.`Is_Delete`, `d`.`Marital_Status`, `d`.`Name`, `d`.`Pan_Number`, `d`.`Password`, `d`.`Phone1`, `d`.`Phone2`, `d`.`Phone3`, `d`.`Phone4`, `d`.`Qualification`, `d`.`Role`, `d`.`Speciality`, `d`.`Thumb`, `d`.`Updated_At`, `d`.`User_Id`
FROM `Doctors` AS `d`
WHERE `d`.`Id` = @__Id_0
LIMIT 2

2024-08-02 22:53:18.320 +05:30  INF  Executed DbCommand (209ms) [Parameters=[@__Id_0='?' (DbType = Int64)], CommandType='"Text"', CommandTimeout='30']
SELECT `d`.`Id`, `d`.`Age`, `d`.`Blood_Group`, `d`.`Created_At`, `d`.`Dob`, `d`.`Email`, `d`.`Email2`, `d`.`Gender`, `d`.`Gst_Number`, `d`.`Is_Delete`, `d`.`Marital_Status`, `d`.`Name`, `d`.`Pan_Number`, `d`.`Password`, `d`.`Phone1`, `d`.`Phone2`, `d`.`Phone3`, `d`.`Phone4`, `d`.`Qualification`, `d`.`Role`, `d`.`Speciality`, `d`.`Thumb`, `d`.`Updated_At`, `d`.`User_Id`
FROM `Doctors` AS `d`
WHERE `d`.`Id` = @__Id_0
LIMIT 2

2024-08-02 22:53:18.947 +05:30  INF  Executed DbCommand (211ms) [Parameters=[@__Id_0='?' (DbType = Int64)], CommandType='"Text"', CommandTimeout='30']
SELECT `d`.`Id`, `d`.`Age`, `d`.`Blood_Group`, `d`.`Created_At`, `d`.`Dob`, `d`.`Email`, `d`.`Email2`, `d`.`Gender`, `d`.`Gst_Number`, `d`.`Is_Delete`, `d`.`Marital_Status`, `d`.`Name`, `d`.`Pan_Number`, `d`.`Password`, `d`.`Phone1`, `d`.`Phone2`, `d`.`Phone3`, `d`.`Phone4`, `d`.`Qualification`, `d`.`Role`, `d`.`Speciality`, `d`.`Thumb`, `d`.`Updated_At`, `d`.`User_Id`
FROM `Doctors` AS `d`
WHERE `d`.`Id` = @__Id_0
LIMIT 2

2024-08-02 22:53:19.577 +05:30  INF  Executed DbCommand (216ms) [Parameters=[@__Id_0='?' (DbType = Int64)], CommandType='"Text"', CommandTimeout='30']
SELECT `d`.`Id`, `d`.`Age`, `d`.`Blood_Group`, `d`.`Created_At`, `d`.`Dob`, `d`.`Email`, `d`.`Email2`, `d`.`Gender`, `d`.`Gst_Number`, `d`.`Is_Delete`, `d`.`Marital_Status`, `d`.`Name`, `d`.`Pan_Number`, `d`.`Password`, `d`.`Phone1`, `d`.`Phone2`, `d`.`Phone3`, `d`.`Phone4`, `d`.`Qualification`, `d`.`Role`, `d`.`Speciality`, `d`.`Thumb`, `d`.`Updated_At`, `d`.`User_Id`
FROM `Doctors` AS `d`
WHERE `d`.`Id` = @__Id_0
LIMIT 2

2024-08-02 22:53:20.203 +05:30  INF  Executed DbCommand (210ms) [Parameters=[@__Id_0='?' (DbType = Int64)], CommandType='"Text"', CommandTimeout='30']
SELECT `d`.`Id`, `d`.`Age`, `d`.`Blood_Group`, `d`.`Created_At`, `d`.`Dob`, `d`.`Email`, `d`.`Email2`, `d`.`Gender`, `d`.`Gst_Number`, `d`.`Is_Delete`, `d`.`Marital_Status`, `d`.`Name`, `d`.`Pan_Number`, `d`.`Password`, `d`.`Phone1`, `d`.`Phone2`, `d`.`Phone3`, `d`.`Phone4`, `d`.`Qualification`, `d`.`Role`, `d`.`Speciality`, `d`.`Thumb`, `d`.`Updated_At`, `d`.`User_Id`
FROM `Doctors` AS `d`
WHERE `d`.`Id` = @__Id_0
LIMIT 2

2024-08-02 22:53:20.833 +05:30  INF  Executed DbCommand (212ms) [Parameters=[@__Id_0='?' (DbType = Int64)], CommandType='"Text"', CommandTimeout='30']
SELECT `d`.`Id`, `d`.`Age`, `d`.`Blood_Group`, `d`.`Created_At`, `d`.`Dob`, `d`.`Email`, `d`.`Email2`, `d`.`Gender`, `d`.`Gst_Number`, `d`.`Is_Delete`, `d`.`Marital_Status`, `d`.`Name`, `d`.`Pan_Number`, `d`.`Password`, `d`.`Phone1`, `d`.`Phone2`, `d`.`Phone3`, `d`.`Phone4`, `d`.`Qualification`, `d`.`Role`, `d`.`Speciality`, `d`.`Thumb`, `d`.`Updated_At`, `d`.`User_Id`
FROM `Doctors` AS `d`
WHERE `d`.`Id` = @__Id_0
LIMIT 2

2024-08-02 22:53:21.460 +05:30  INF  Executed DbCommand (210ms) [Parameters=[@__Id_0='?' (DbType = Int64)], CommandType='"Text"', CommandTimeout='30']
SELECT `d`.`Id`, `d`.`Age`, `d`.`Blood_Group`, `d`.`Created_At`, `d`.`Dob`, `d`.`Email`, `d`.`Email2`, `d`.`Gender`, `d`.`Gst_Number`, `d`.`Is_Delete`, `d`.`Marital_Status`, `d`.`Name`, `d`.`Pan_Number`, `d`.`Password`, `d`.`Phone1`, `d`.`Phone2`, `d`.`Phone3`, `d`.`Phone4`, `d`.`Qualification`, `d`.`Role`, `d`.`Speciality`, `d`.`Thumb`, `d`.`Updated_At`, `d`.`User_Id`
FROM `Doctors` AS `d`
WHERE `d`.`Id` = @__Id_0
LIMIT 2

2024-08-02 22:53:22.087 +05:30  INF  Executed DbCommand (210ms) [Parameters=[@__Id_0='?' (DbType = Int64)], CommandType='"Text"', CommandTimeout='30']
SELECT `d`.`Id`, `d`.`Age`, `d`.`Blood_Group`, `d`.`Created_At`, `d`.`Dob`, `d`.`Email`, `d`.`Email2`, `d`.`Gender`, `d`.`Gst_Number`, `d`.`Is_Delete`, `d`.`Marital_Status`, `d`.`Name`, `d`.`Pan_Number`, `d`.`Password`, `d`.`Phone1`, `d`.`Phone2`, `d`.`Phone3`, `d`.`Phone4`, `d`.`Qualification`, `d`.`Role`, `d`.`Speciality`, `d`.`Thumb`, `d`.`Updated_At`, `d`.`User_Id`
FROM `Doctors` AS `d`
WHERE `d`.`Id` = @__Id_0
LIMIT 2

2024-08-02 22:53:22.716 +05:30  INF  Executed DbCommand (213ms) [Parameters=[@__Id_0='?' (DbType = Int64)], CommandType='"Text"', CommandTimeout='30']
SELECT `d`.`Id`, `d`.`Age`, `d`.`Blood_Group`, `d`.`Created_At`, `d`.`Dob`, `d`.`Email`, `d`.`Email2`, `d`.`Gender`, `d`.`Gst_Number`, `d`.`Is_Delete`, `d`.`Marital_Status`, `d`.`Name`, `d`.`Pan_Number`, `d`.`Password`, `d`.`Phone1`, `d`.`Phone2`, `d`.`Phone3`, `d`.`Phone4`, `d`.`Qualification`, `d`.`Role`, `d`.`Speciality`, `d`.`Thumb`, `d`.`Updated_At`, `d`.`User_Id`
FROM `Doctors` AS `d`
WHERE `d`.`Id` = @__Id_0
LIMIT 2

2024-08-02 22:53:23.344 +05:30  INF  Executed DbCommand (212ms) [Parameters=[@__Id_0='?' (DbType = Int64)], CommandType='"Text"', CommandTimeout='30']
SELECT `d`.`Id`, `d`.`Age`, `d`.`Blood_Group`, `d`.`Created_At`, `d`.`Dob`, `d`.`Email`, `d`.`Email2`, `d`.`Gender`, `d`.`Gst_Number`, `d`.`Is_Delete`, `d`.`Marital_Status`, `d`.`Name`, `d`.`Pan_Number`, `d`.`Password`, `d`.`Phone1`, `d`.`Phone2`, `d`.`Phone3`, `d`.`Phone4`, `d`.`Qualification`, `d`.`Role`, `d`.`Speciality`, `d`.`Thumb`, `d`.`Updated_At`, `d`.`User_Id`
FROM `Doctors` AS `d`
WHERE `d`.`Id` = @__Id_0
LIMIT 2

2024-08-02 22:53:23.975 +05:30  INF  Executed DbCommand (212ms) [Parameters=[@__Id_0='?' (DbType = Int64)], CommandType='"Text"', CommandTimeout='30']
SELECT `d`.`Id`, `d`.`Age`, `d`.`Blood_Group`, `d`.`Created_At`, `d`.`Dob`, `d`.`Email`, `d`.`Email2`, `d`.`Gender`, `d`.`Gst_Number`, `d`.`Is_Delete`, `d`.`Marital_Status`, `d`.`Name`, `d`.`Pan_Number`, `d`.`Password`, `d`.`Phone1`, `d`.`Phone2`, `d`.`Phone3`, `d`.`Phone4`, `d`.`Qualification`, `d`.`Role`, `d`.`Speciality`, `d`.`Thumb`, `d`.`Updated_At`, `d`.`User_Id`
FROM `Doctors` AS `d`
WHERE `d`.`Id` = @__Id_0
LIMIT 2

2024-08-02 22:53:24.602 +05:30  INF  Executed DbCommand (213ms) [Parameters=[@__Id_0='?' (DbType = Int64)], CommandType='"Text"', CommandTimeout='30']
SELECT `d`.`Id`, `d`.`Age`, `d`.`Blood_Group`, `d`.`Created_At`, `d`.`Dob`, `d`.`Email`, `d`.`Email2`, `d`.`Gender`, `d`.`Gst_Number`, `d`.`Is_Delete`, `d`.`Marital_Status`, `d`.`Name`, `d`.`Pan_Number`, `d`.`Password`, `d`.`Phone1`, `d`.`Phone2`, `d`.`Phone3`, `d`.`Phone4`, `d`.`Qualification`, `d`.`Role`, `d`.`Speciality`, `d`.`Thumb`, `d`.`Updated_At`, `d`.`User_Id`
FROM `Doctors` AS `d`
WHERE `d`.`Id` = @__Id_0
LIMIT 2

2024-08-02 22:53:25.239 +05:30  INF  Executed DbCommand (220ms) [Parameters=[@__Id_0='?' (DbType = Int64)], CommandType='"Text"', CommandTimeout='30']
SELECT `d`.`Id`, `d`.`Age`, `d`.`Blood_Group`, `d`.`Created_At`, `d`.`Dob`, `d`.`Email`, `d`.`Email2`, `d`.`Gender`, `d`.`Gst_Number`, `d`.`Is_Delete`, `d`.`Marital_Status`, `d`.`Name`, `d`.`Pan_Number`, `d`.`Password`, `d`.`Phone1`, `d`.`Phone2`, `d`.`Phone3`, `d`.`Phone4`, `d`.`Qualification`, `d`.`Role`, `d`.`Speciality`, `d`.`Thumb`, `d`.`Updated_At`, `d`.`User_Id`
FROM `Doctors` AS `d`
WHERE `d`.`Id` = @__Id_0
LIMIT 2

2024-08-02 22:53:25.239 +05:30  INF  Executing ObjectResult, writing value of type 'System.Collections.Generic.List`1[[DCRM.Common.Dto.ChairDto, DCRM.Common, Version=1.0.0.0, Culture=neutral, PublicKeyToken=null]]'.

2024-08-02 22:53:25.240 +05:30  INF  Executed action DCRM.Api.Controllers.ChairController.GetAll (DCRM.Api) in 12544.5049ms

2024-08-02 22:53:25.240 +05:30  INF  Executed endpoint 'DCRM.Api.Controllers.ChairController.GetAll (DCRM.Api)'

2024-08-02 22:53:25.240 +05:30  INF  Request finished HTTP/2 GET https://localhost:7069/api/Chair/GetAll application/json - - 200 - application/json;+charset=utf-8 15519.4967ms

2024-08-02 23:24:48.562 +05:30  INF  Request starting HTTP/2 OPTIONS https://localhost:7069/api/Appointment/Get/387 - -

2024-08-02 23:24:48.563 +05:30  INF  CORS policy execution successful.

2024-08-02 23:24:48.564 +05:30  INF  Request finished HTTP/2 OPTIONS https://localhost:7069/api/Appointment/Get/387 - - - 204 - - 2.7846ms

2024-08-02 23:24:48.580 +05:30  INF  Request starting HTTP/2 GET https://localhost:7069/api/Appointment/Get/387 application/json -

2024-08-02 23:24:48.584 +05:30  INF  CORS policy execution successful.

2024-08-02 23:24:51.571 +05:30  INF  Executed DbCommand (208ms) [Parameters=[@__id_0='?' (DbType = Int64)], CommandType='"Text"', CommandTimeout='30']
SELECT `u`.`Id`, `u`.`About_Me`, `u`.`Account_Type`, `u`.`Address`, `u`.`Available_Days`, `u`.`Bn_Name`, `u`.`City`, `u`.`Country`, `u`.`Created_At`, `u`.`Currency`, `u`.`Degree`, `u`.`Email`, `u`.`Email_Verified`, `u`.`Enable_Appointment`, `u`.`Enable_Rating`, `u`.`Exp_Years`, `u`.`Facebook`, `u`.`Google_Analytics`, `u`.`Image`, `u`.`Instagram`, `u`.`Linkedin`, `u`.`Name`, `u`.`Parent_Id`, `u`.`Password`, `u`.`Paypal_Email`, `u`.`Paypal_Mode`, `u`.`Paypal_Payment`, `u`.`Paystack_Payment`, `u`.`Paystack_Public_Key`, `u`.`Paystack_Secret_Key`, `u`.`Phone`, `u`.`Publish_Key`, `u`.`Qr_Code`, `u`.`Razorpay_Key_Id`, `u`.`Razorpay_Key_Secret`, `u`.`Razorpay_Payment`, `u`.`Role`, `u`.`Secret_Key`, `u`.`Skype`, `u`.`Slug`, `u`.`Specialist`, `u`.`Status`, `u`.`Stripe_Payment`, `u`.`Thumb`, `u`.`Trial_Expire`, `u`.`Twitter`, `u`.`User_Name`, `u`.`User_Type`, `u`.`Verify_Code`, `u`.`Whatsapp`
FROM `Users` AS `u`
WHERE `u`.`Id` = @__id_0
LIMIT 1

2024-08-02 23:24:51.571 +05:30  INF  Executing endpoint 'DCRM.Api.Controllers.AppointmentController.Get (DCRM.Api)'

2024-08-02 23:24:51.571 +05:30  INF  Route matched with {action = "Get", controller = "Appointment"}. Executing controller action with signature DCRM.Common.Entity.Appointment Get(Int32) on controller DCRM.Api.Controllers.AppointmentController (DCRM.Api).

2024-08-02 23:24:52.193 +05:30  INF  Executed DbCommand (209ms) [Parameters=[@__id_0='?' (DbType = Int64)], CommandType='"Text"', CommandTimeout='30']
SELECT `a`.`Id`, `a`.`Appointment_Status`, `a`.`Cause`, `a`.`Chair`, `a`.`Chamber_Id`, `a`.`Created_At`, `a`.`Date`, `a`.`Doctor_Id`, `a`.`Doctor_Name`, `a`.`End_Time`, `a`.`Extra_Notes`, `a`.`Files`, `a`.`Is_Delete`, `a`.`Is_Start`, `a`.`Meeting_Notes`, `a`.`Number_Of_Slot`, `a`.`Patient_Id`, `a`.`Prescription_Id`, `a`.`Serial_Id`, `a`.`Slot_Time`, `a`.`Start_Time`, `a`.`Status`, `a`.`Type`, `a`.`User_Id`, `a`.`Workdone_Id`
FROM `Appointments` AS `a`
WHERE (`a`.`Id` = @__id_0) AND (`a`.`Is_Delete` = 0)
LIMIT 1

2024-08-02 23:24:52.193 +05:30  INF  Executing ObjectResult, writing value of type 'DCRM.Common.Entity.Appointment'.

2024-08-02 23:24:52.194 +05:30  INF  Executed action DCRM.Api.Controllers.AppointmentController.Get (DCRM.Api) in 622.6273ms

2024-08-02 23:24:52.194 +05:30  INF  Executed endpoint 'DCRM.Api.Controllers.AppointmentController.Get (DCRM.Api)'

2024-08-02 23:24:52.194 +05:30  INF  Request finished HTTP/2 GET https://localhost:7069/api/Appointment/Get/387 application/json - - 200 - application/json;+charset=utf-8 3614.1427ms

2024-08-02 23:24:54.846 +05:30  INF  Request starting HTTP/2 OPTIONS https://localhost:7069/api/Patient/Get/387 - -

2024-08-02 23:24:54.846 +05:30  INF  CORS policy execution successful.

2024-08-02 23:24:54.846 +05:30  INF  Request finished HTTP/2 OPTIONS https://localhost:7069/api/Patient/Get/387 - - - 204 - - 0.4254ms

2024-08-02 23:24:54.848 +05:30  INF  Request starting HTTP/2 OPTIONS https://localhost:7069/api/Doctor/Get/Names - -

2024-08-02 23:24:54.848 +05:30  INF  CORS policy execution successful.

2024-08-02 23:24:54.848 +05:30  INF  Request finished HTTP/2 OPTIONS https://localhost:7069/api/Doctor/Get/Names - - - 204 - - 0.7145ms

2024-08-02 23:24:54.850 +05:30  INF  Request starting HTTP/2 OPTIONS https://localhost:7069/api/Patient/Get/Names - -

2024-08-02 23:24:54.850 +05:30  INF  CORS policy execution successful.

2024-08-02 23:24:54.850 +05:30  INF  Request finished HTTP/2 OPTIONS https://localhost:7069/api/Patient/Get/Names - - - 204 - - 0.3542ms

2024-08-02 23:24:54.852 +05:30  INF  Request starting HTTP/2 OPTIONS https://localhost:7069/api/Patient/Get/10 - -

2024-08-02 23:24:54.853 +05:30  INF  Request starting HTTP/2 GET https://localhost:7069/api/Patient/Get/387 application/json -

2024-08-02 23:24:54.853 +05:30  INF  CORS policy execution successful.

2024-08-02 23:24:54.853 +05:30  INF  CORS policy execution successful.

2024-08-02 23:24:54.853 +05:30  INF  Request finished HTTP/2 OPTIONS https://localhost:7069/api/Patient/Get/10 - - - 204 - - 0.7331ms

2024-08-02 23:24:54.855 +05:30  INF  Request starting HTTP/2 GET https://localhost:7069/api/Doctor/Get/Names application/json -

2024-08-02 23:24:54.855 +05:30  INF  CORS policy execution successful.

2024-08-02 23:24:54.862 +05:30  INF  Request starting HTTP/2 OPTIONS https://localhost:7069/api/Chair/GetAll - -

2024-08-02 23:24:54.863 +05:30  INF  CORS policy execution successful.

2024-08-02 23:24:54.863 +05:30  INF  Request finished HTTP/2 OPTIONS https://localhost:7069/api/Chair/GetAll - - - 204 - - 2.4050ms

2024-08-02 23:24:54.871 +05:30  INF  Request starting HTTP/2 GET https://localhost:7069/api/Patient/Get/Names application/json -

2024-08-02 23:24:54.871 +05:30  INF  Request starting HTTP/2 GET https://localhost:7069/api/Patient/Get/10 application/json -

2024-08-02 23:24:54.871 +05:30  INF  CORS policy execution successful.

2024-08-02 23:24:54.874 +05:30  INF  CORS policy execution successful.

2024-08-02 23:24:54.875 +05:30  INF  Request starting HTTP/2 GET https://localhost:7069/api/Chair/GetAll application/json -

2024-08-02 23:24:54.875 +05:30  INF  CORS policy execution successful.

2024-08-02 23:24:55.483 +05:30  INF  Executed DbCommand (208ms) [Parameters=[@__id_0='?' (DbType = Int64)], CommandType='"Text"', CommandTimeout='30']
SELECT `u`.`Id`, `u`.`About_Me`, `u`.`Account_Type`, `u`.`Address`, `u`.`Available_Days`, `u`.`Bn_Name`, `u`.`City`, `u`.`Country`, `u`.`Created_At`, `u`.`Currency`, `u`.`Degree`, `u`.`Email`, `u`.`Email_Verified`, `u`.`Enable_Appointment`, `u`.`Enable_Rating`, `u`.`Exp_Years`, `u`.`Facebook`, `u`.`Google_Analytics`, `u`.`Image`, `u`.`Instagram`, `u`.`Linkedin`, `u`.`Name`, `u`.`Parent_Id`, `u`.`Password`, `u`.`Paypal_Email`, `u`.`Paypal_Mode`, `u`.`Paypal_Payment`, `u`.`Paystack_Payment`, `u`.`Paystack_Public_Key`, `u`.`Paystack_Secret_Key`, `u`.`Phone`, `u`.`Publish_Key`, `u`.`Qr_Code`, `u`.`Razorpay_Key_Id`, `u`.`Razorpay_Key_Secret`, `u`.`Razorpay_Payment`, `u`.`Role`, `u`.`Secret_Key`, `u`.`Skype`, `u`.`Slug`, `u`.`Specialist`, `u`.`Status`, `u`.`Stripe_Payment`, `u`.`Thumb`, `u`.`Trial_Expire`, `u`.`Twitter`, `u`.`User_Name`, `u`.`User_Type`, `u`.`Verify_Code`, `u`.`Whatsapp`
FROM `Users` AS `u`
WHERE `u`.`Id` = @__id_0
LIMIT 1

2024-08-02 23:24:55.483 +05:30  INF  Executing endpoint 'DCRM.Api.Controllers.PatientController.Get (DCRM.Api)'

2024-08-02 23:24:55.483 +05:30  INF  Route matched with {action = "Get", controller = "Patient"}. Executing controller action with signature DCRM.Common.Dto.PatientseDto Get(Int64) on controller DCRM.Api.Controllers.PatientController (DCRM.Api).

2024-08-02 23:24:56.106 +05:30  INF  Executed DbCommand (210ms) [Parameters=[@__id_0='?' (DbType = Int64)], CommandType='"Text"', CommandTimeout='30']
SELECT `p`.`Id`, `p`.`Age`, `p`.`Chamber_Id`, `p`.`Created_At`, `p`.`Email`, `p`.`Guardian`, `p`.`Is_Delete`, `p`.`Mobile`, `p`.`Mr_Number`, `p`.`Name`, `p`.`Password`, `p`.`Permanent_Address`, `p`.`Present_Address`, `p`.`Role`, `p`.`Sex`, `p`.`Slug`, `p`.`Thumb`, `p`.`Title`, `p`.`UserName`, `p`.`User_Id`, `p`.`Verify_Code`, `p`.`Weight`
FROM `Patientses` AS `p`
WHERE (`p`.`Is_Delete` = 0) AND (`p`.`Id` = @__id_0)
LIMIT 1

2024-08-02 23:24:56.943 +05:30  INF  Executed DbCommand (419ms) [Parameters=[], CommandType='"Text"', CommandTimeout='30']
SELECT `p`.`Id`, `p`.`Amount_Type`, `p`.`Balance`, `p`.`Created_At`, `p`.`Credit_Amount`, `p`.`Debit_Amount`, `p`.`Description`, `p`.`Doctor_Id`, `p`.`Patient_Id`, `p`.`Payment_Mode`, `p`.`Updated_At`, `p`.`Workdone_Id`, `p`.`isPrinted`
FROM `Payment_History` AS `p`

2024-08-02 23:24:57.776 +05:30  INF  Executed DbCommand (208ms) [Parameters=[@__p_0='?' (DbType = Int64)], CommandType='"Text"', CommandTimeout='30']
SELECT `p`.`Id`, `p`.`Amount`, `p`.`Balance_Amount`, `p`.`Balance_Spent`, `p`.`Created_At`, `p`.`Name`, `p`.`Patients_Id`, `p`.`Type`, `p`.`Updated_At`
FROM `Patients_Insurance_Loan` AS `p`
WHERE `p`.`Patients_Id` = @__p_0

2024-08-02 23:24:57.837 +05:30  INF  Executed DbCommand (209ms) [Parameters=[@__id_0='?' (DbType = Int64)], CommandType='"Text"', CommandTimeout='30']
SELECT `u`.`Id`, `u`.`About_Me`, `u`.`Account_Type`, `u`.`Address`, `u`.`Available_Days`, `u`.`Bn_Name`, `u`.`City`, `u`.`Country`, `u`.`Created_At`, `u`.`Currency`, `u`.`Degree`, `u`.`Email`, `u`.`Email_Verified`, `u`.`Enable_Appointment`, `u`.`Enable_Rating`, `u`.`Exp_Years`, `u`.`Facebook`, `u`.`Google_Analytics`, `u`.`Image`, `u`.`Instagram`, `u`.`Linkedin`, `u`.`Name`, `u`.`Parent_Id`, `u`.`Password`, `u`.`Paypal_Email`, `u`.`Paypal_Mode`, `u`.`Paypal_Payment`, `u`.`Paystack_Payment`, `u`.`Paystack_Public_Key`, `u`.`Paystack_Secret_Key`, `u`.`Phone`, `u`.`Publish_Key`, `u`.`Qr_Code`, `u`.`Razorpay_Key_Id`, `u`.`Razorpay_Key_Secret`, `u`.`Razorpay_Payment`, `u`.`Role`, `u`.`Secret_Key`, `u`.`Skype`, `u`.`Slug`, `u`.`Specialist`, `u`.`Status`, `u`.`Stripe_Payment`, `u`.`Thumb`, `u`.`Trial_Expire`, `u`.`Twitter`, `u`.`User_Name`, `u`.`User_Type`, `u`.`Verify_Code`, `u`.`Whatsapp`
FROM `Users` AS `u`
WHERE `u`.`Id` = @__id_0
LIMIT 1

2024-08-02 23:24:57.837 +05:30  INF  Executed DbCommand (209ms) [Parameters=[@__id_0='?' (DbType = Int64)], CommandType='"Text"', CommandTimeout='30']
SELECT `u`.`Id`, `u`.`About_Me`, `u`.`Account_Type`, `u`.`Address`, `u`.`Available_Days`, `u`.`Bn_Name`, `u`.`City`, `u`.`Country`, `u`.`Created_At`, `u`.`Currency`, `u`.`Degree`, `u`.`Email`, `u`.`Email_Verified`, `u`.`Enable_Appointment`, `u`.`Enable_Rating`, `u`.`Exp_Years`, `u`.`Facebook`, `u`.`Google_Analytics`, `u`.`Image`, `u`.`Instagram`, `u`.`Linkedin`, `u`.`Name`, `u`.`Parent_Id`, `u`.`Password`, `u`.`Paypal_Email`, `u`.`Paypal_Mode`, `u`.`Paypal_Payment`, `u`.`Paystack_Payment`, `u`.`Paystack_Public_Key`, `u`.`Paystack_Secret_Key`, `u`.`Phone`, `u`.`Publish_Key`, `u`.`Qr_Code`, `u`.`Razorpay_Key_Id`, `u`.`Razorpay_Key_Secret`, `u`.`Razorpay_Payment`, `u`.`Role`, `u`.`Secret_Key`, `u`.`Skype`, `u`.`Slug`, `u`.`Specialist`, `u`.`Status`, `u`.`Stripe_Payment`, `u`.`Thumb`, `u`.`Trial_Expire`, `u`.`Twitter`, `u`.`User_Name`, `u`.`User_Type`, `u`.`Verify_Code`, `u`.`Whatsapp`
FROM `Users` AS `u`
WHERE `u`.`Id` = @__id_0
LIMIT 1

2024-08-02 23:24:57.837 +05:30  INF  Executed DbCommand (209ms) [Parameters=[@__id_0='?' (DbType = Int64)], CommandType='"Text"', CommandTimeout='30']
SELECT `u`.`Id`, `u`.`About_Me`, `u`.`Account_Type`, `u`.`Address`, `u`.`Available_Days`, `u`.`Bn_Name`, `u`.`City`, `u`.`Country`, `u`.`Created_At`, `u`.`Currency`, `u`.`Degree`, `u`.`Email`, `u`.`Email_Verified`, `u`.`Enable_Appointment`, `u`.`Enable_Rating`, `u`.`Exp_Years`, `u`.`Facebook`, `u`.`Google_Analytics`, `u`.`Image`, `u`.`Instagram`, `u`.`Linkedin`, `u`.`Name`, `u`.`Parent_Id`, `u`.`Password`, `u`.`Paypal_Email`, `u`.`Paypal_Mode`, `u`.`Paypal_Payment`, `u`.`Paystack_Payment`, `u`.`Paystack_Public_Key`, `u`.`Paystack_Secret_Key`, `u`.`Phone`, `u`.`Publish_Key`, `u`.`Qr_Code`, `u`.`Razorpay_Key_Id`, `u`.`Razorpay_Key_Secret`, `u`.`Razorpay_Payment`, `u`.`Role`, `u`.`Secret_Key`, `u`.`Skype`, `u`.`Slug`, `u`.`Specialist`, `u`.`Status`, `u`.`Stripe_Payment`, `u`.`Thumb`, `u`.`Trial_Expire`, `u`.`Twitter`, `u`.`User_Name`, `u`.`User_Type`, `u`.`Verify_Code`, `u`.`Whatsapp`
FROM `Users` AS `u`
WHERE `u`.`Id` = @__id_0
LIMIT 1

2024-08-02 23:24:57.837 +05:30  INF  Executing endpoint 'DCRM.Api.Controllers.PatientController.PatientDetailList (DCRM.Api)'

2024-08-02 23:24:57.837 +05:30  INF  Executing endpoint 'DCRM.Api.Controllers.DoctorController.DoctorNameList (DCRM.Api)'

2024-08-02 23:24:57.837 +05:30  INF  Executing endpoint 'DCRM.Api.Controllers.PatientController.Get (DCRM.Api)'

2024-08-02 23:24:57.837 +05:30  INF  Route matched with {action = "PatientDetailList", controller = "Patient"}. Executing controller action with signature System.Collections.Generic.List`1[DCRM.Common.Dto.DropdownDataDto] PatientDetailList() on controller DCRM.Api.Controllers.PatientController (DCRM.Api).

2024-08-02 23:24:57.837 +05:30  INF  Route matched with {action = "DoctorNameList", controller = "Doctor"}. Executing controller action with signature System.Collections.Generic.List`1[DCRM.Common.Dto.DropdownDataDto] DoctorNameList() on controller DCRM.Api.Controllers.DoctorController (DCRM.Api).

2024-08-02 23:24:57.837 +05:30  INF  Route matched with {action = "Get", controller = "Patient"}. Executing controller action with signature DCRM.Common.Dto.PatientseDto Get(Int64) on controller DCRM.Api.Controllers.PatientController (DCRM.Api).

2024-08-02 23:24:57.838 +05:30  INF  Executed DbCommand (209ms) [Parameters=[@__id_0='?' (DbType = Int64)], CommandType='"Text"', CommandTimeout='30']
SELECT `u`.`Id`, `u`.`About_Me`, `u`.`Account_Type`, `u`.`Address`, `u`.`Available_Days`, `u`.`Bn_Name`, `u`.`City`, `u`.`Country`, `u`.`Created_At`, `u`.`Currency`, `u`.`Degree`, `u`.`Email`, `u`.`Email_Verified`, `u`.`Enable_Appointment`, `u`.`Enable_Rating`, `u`.`Exp_Years`, `u`.`Facebook`, `u`.`Google_Analytics`, `u`.`Image`, `u`.`Instagram`, `u`.`Linkedin`, `u`.`Name`, `u`.`Parent_Id`, `u`.`Password`, `u`.`Paypal_Email`, `u`.`Paypal_Mode`, `u`.`Paypal_Payment`, `u`.`Paystack_Payment`, `u`.`Paystack_Public_Key`, `u`.`Paystack_Secret_Key`, `u`.`Phone`, `u`.`Publish_Key`, `u`.`Qr_Code`, `u`.`Razorpay_Key_Id`, `u`.`Razorpay_Key_Secret`, `u`.`Razorpay_Payment`, `u`.`Role`, `u`.`Secret_Key`, `u`.`Skype`, `u`.`Slug`, `u`.`Specialist`, `u`.`Status`, `u`.`Stripe_Payment`, `u`.`Thumb`, `u`.`Trial_Expire`, `u`.`Twitter`, `u`.`User_Name`, `u`.`User_Type`, `u`.`Verify_Code`, `u`.`Whatsapp`
FROM `Users` AS `u`
WHERE `u`.`Id` = @__id_0
LIMIT 1

2024-08-02 23:24:57.838 +05:30  INF  Executing endpoint 'DCRM.Api.Controllers.ChairController.GetAll (DCRM.Api)'

2024-08-02 23:24:57.838 +05:30  INF  Route matched with {action = "GetAll", controller = "Chair"}. Executing controller action with signature System.Collections.Generic.List`1[DCRM.Common.Dto.ChairDto] GetAll() on controller DCRM.Api.Controllers.ChairController (DCRM.Api).

2024-08-02 23:24:58.399 +05:30  INF  Executed DbCommand (208ms) [Parameters=[@__p_0='?' (DbType = Int64)], CommandType='"Text"', CommandTimeout='30']
SELECT `p`.`Id`, `p`.`Created_At`, `p`.`Patient_Id`, `p`.`Report`, `p`.`Report_Date`, `p`.`Report_File`, `p`.`Status`, `p`.`Test_Name`, `p`.`Test_Price`, `p`.`Updated_At`
FROM `Patient_Tests` AS `p`
WHERE `p`.`Patient_Id` = @__p_0

2024-08-02 23:24:58.459 +05:30  INF  Executed DbCommand (208ms) [Parameters=[@__id_0='?' (DbType = Int64)], CommandType='"Text"', CommandTimeout='30']
SELECT `p`.`Id`, `p`.`Age`, `p`.`Chamber_Id`, `p`.`Created_At`, `p`.`Email`, `p`.`Guardian`, `p`.`Is_Delete`, `p`.`Mobile`, `p`.`Mr_Number`, `p`.`Name`, `p`.`Password`, `p`.`Permanent_Address`, `p`.`Present_Address`, `p`.`Role`, `p`.`Sex`, `p`.`Slug`, `p`.`Thumb`, `p`.`Title`, `p`.`UserName`, `p`.`User_Id`, `p`.`Verify_Code`, `p`.`Weight`
FROM `Patientses` AS `p`
WHERE (`p`.`Is_Delete` = 0) AND (`p`.`Id` = @__id_0)
LIMIT 1

2024-08-02 23:24:58.461 +05:30  INF  Executed DbCommand (210ms) [Parameters=[], CommandType='"Text"', CommandTimeout='30']
SELECT `c`.`Id`, `c`.`Address`, `c`.`Appoinment_Limit`, `c`.`Created_At`, `c`.`Doctor_Id`, `c`.`Is_Primary`, `c`.`Name`, `c`.`Status`, `c`.`Uid`, `c`.`User_Id`
FROM `Chairs` AS `c`

2024-08-02 23:24:58.461 +05:30  INF  Executed DbCommand (210ms) [Parameters=[@__userId_0='?' (DbType = Int64)], CommandType='"Text"', CommandTimeout='30']
SELECT `p`.`Id`, `p`.`Age`, `p`.`Chamber_Id`, `p`.`Created_At`, `p`.`Email`, `p`.`Guardian`, `p`.`Is_Delete`, `p`.`Mobile`, `p`.`Mr_Number`, `p`.`Name`, `p`.`Password`, `p`.`Permanent_Address`, `p`.`Present_Address`, `p`.`Role`, `p`.`Sex`, `p`.`Slug`, `p`.`Thumb`, `p`.`Title`, `p`.`UserName`, `p`.`User_Id`, `p`.`Verify_Code`, `p`.`Weight`
FROM `Patientses` AS `p`
WHERE (`p`.`User_Id` = @__userId_0) AND (`p`.`Is_Delete` = 0)

2024-08-02 23:24:58.463 +05:30  INF  Executed DbCommand (212ms) [Parameters=[@__userId_0='?' (DbType = Int64)], CommandType='"Text"', CommandTimeout='30']
SELECT `d`.`Id`, `d`.`Age`, `d`.`Blood_Group`, `d`.`Created_At`, `d`.`Dob`, `d`.`Email`, `d`.`Email2`, `d`.`Gender`, `d`.`Gst_Number`, `d`.`Is_Delete`, `d`.`Marital_Status`, `d`.`Name`, `d`.`Pan_Number`, `d`.`Password`, `d`.`Phone1`, `d`.`Phone2`, `d`.`Phone3`, `d`.`Phone4`, `d`.`Qualification`, `d`.`Role`, `d`.`Speciality`, `d`.`Thumb`, `d`.`Updated_At`, `d`.`User_Id`
FROM `Doctors` AS `d`
WHERE (`d`.`User_Id` = @__userId_0) AND (`d`.`Is_Delete` = 0)

2024-08-02 23:24:59.024 +05:30  INF  Executed DbCommand (210ms) [Parameters=[@__p_0='?' (DbType = Int64)], CommandType='"Text"', CommandTimeout='30']
SELECT `p`.`Id`, `p`.`Address_O`, `p`.`Address_Other`, `p`.`Address_R`, `p`.`City_O`, `p`.`City_Other`, `p`.`City_R`, `p`.`Country_O`, `p`.`Country_Other`, `p`.`Country_R`, `p`.`Created_At`, `p`.`Doctor_Name`, `p`.`Email`, `p`.`Email2`, `p`.`Medical_History_Allergies`, `p`.`Patient_Id`, `p`.`Phone`, `p`.`Phone1`, `p`.`Phone2`, `p`.`Phone3`, `p`.`Phone4`, `p`.`Physician`, `p`.`Reffered_By`, `p`.`Relationship_Type`, `p`.`Special_Notes`, `p`.`Updated_At`, `p`.`Zip_O`, `p`.`Zip_Other`, `p`.`Zip_R`
FROM `Patients_Contact` AS `p`
WHERE `p`.`Patient_Id` = @__p_0

2024-08-02 23:24:59.084 +05:30  INF  Executed DbCommand (209ms) [Parameters=[], CommandType='"Text"', CommandTimeout='30']
SELECT `p`.`Id`, `p`.`Amount_Type`, `p`.`Balance`, `p`.`Created_At`, `p`.`Credit_Amount`, `p`.`Debit_Amount`, `p`.`Description`, `p`.`Doctor_Id`, `p`.`Patient_Id`, `p`.`Payment_Mode`, `p`.`Updated_At`, `p`.`Workdone_Id`, `p`.`isPrinted`
FROM `Payment_History` AS `p`

2024-08-02 23:24:59.086 +05:30  INF  Executed DbCommand (206ms) [Parameters=[@__Id_0='?' (DbType = Int64)], CommandType='"Text"', CommandTimeout='30']
SELECT `d`.`Id`, `d`.`Age`, `d`.`Blood_Group`, `d`.`Created_At`, `d`.`Dob`, `d`.`Email`, `d`.`Email2`, `d`.`Gender`, `d`.`Gst_Number`, `d`.`Is_Delete`, `d`.`Marital_Status`, `d`.`Name`, `d`.`Pan_Number`, `d`.`Password`, `d`.`Phone1`, `d`.`Phone2`, `d`.`Phone3`, `d`.`Phone4`, `d`.`Qualification`, `d`.`Role`, `d`.`Speciality`, `d`.`Thumb`, `d`.`Updated_At`, `d`.`User_Id`
FROM `Doctors` AS `d`
WHERE `d`.`Id` = @__Id_0
LIMIT 2

2024-08-02 23:24:59.303 +05:30  INF  Executing ObjectResult, writing value of type 'System.Collections.Generic.List`1[[DCRM.Common.Dto.DropdownDataDto, DCRM.Common, Version=1.0.0.0, Culture=neutral, PublicKeyToken=null]]'.

2024-08-02 23:24:59.304 +05:30  INF  Executed action DCRM.Api.Controllers.DoctorController.DoctorNameList (DCRM.Api) in 1466.1918ms

2024-08-02 23:24:59.304 +05:30  INF  Executed endpoint 'DCRM.Api.Controllers.DoctorController.DoctorNameList (DCRM.Api)'

2024-08-02 23:24:59.304 +05:30  INF  Request finished HTTP/2 GET https://localhost:7069/api/Doctor/Get/Names application/json - - 200 - application/json;+charset=utf-8 4448.7697ms

2024-08-02 23:24:59.511 +05:30  INF  Executing ObjectResult, writing value of type 'System.Collections.Generic.List`1[[DCRM.Common.Dto.DropdownDataDto, DCRM.Common, Version=1.0.0.0, Culture=neutral, PublicKeyToken=null]]'.

2024-08-02 23:24:59.511 +05:30  INF  Executed action DCRM.Api.Controllers.PatientController.PatientDetailList (DCRM.Api) in 1673.7319ms

2024-08-02 23:24:59.511 +05:30  INF  Executed endpoint 'DCRM.Api.Controllers.PatientController.PatientDetailList (DCRM.Api)'

2024-08-02 23:24:59.511 +05:30  INF  Request finished HTTP/2 GET https://localhost:7069/api/Patient/Get/Names application/json - - 200 - application/json;+charset=utf-8 4640.3965ms

2024-08-02 23:24:59.643 +05:30  INF  Executed DbCommand (205ms) [Parameters=[@__p_0='?' (DbType = Int64)], CommandType='"Text"', CommandTimeout='30']
SELECT `p`.`Id`, `p`.`Created_At`, `p`.`Patient_Id`, `p`.`Report`, `p`.`Report_File`, `p`.`Scan_Name`, `p`.`Status`, `p`.`Type`, `p`.`Updated_At`
FROM `Patient_Scans` AS `p`
WHERE `p`.`Patient_Id` = @__p_0

2024-08-02 23:24:59.644 +05:30  INF  Executing ObjectResult, writing value of type 'DCRM.Common.Dto.PatientseDto'.

2024-08-02 23:24:59.644 +05:30  INF  Executed action DCRM.Api.Controllers.PatientController.Get (DCRM.Api) in 4161.1898ms

2024-08-02 23:24:59.644 +05:30  INF  Executed endpoint 'DCRM.Api.Controllers.PatientController.Get (DCRM.Api)'

2024-08-02 23:24:59.644 +05:30  INF  Request finished HTTP/2 GET https://localhost:7069/api/Patient/Get/387 application/json - - 200 - application/json;+charset=utf-8 4791.8307ms

2024-08-02 23:24:59.716 +05:30  INF  Executed DbCommand (205ms) [Parameters=[@__Id_0='?' (DbType = Int64)], CommandType='"Text"', CommandTimeout='30']
SELECT `d`.`Id`, `d`.`Age`, `d`.`Blood_Group`, `d`.`Created_At`, `d`.`Dob`, `d`.`Email`, `d`.`Email2`, `d`.`Gender`, `d`.`Gst_Number`, `d`.`Is_Delete`, `d`.`Marital_Status`, `d`.`Name`, `d`.`Pan_Number`, `d`.`Password`, `d`.`Phone1`, `d`.`Phone2`, `d`.`Phone3`, `d`.`Phone4`, `d`.`Qualification`, `d`.`Role`, `d`.`Speciality`, `d`.`Thumb`, `d`.`Updated_At`, `d`.`User_Id`
FROM `Doctors` AS `d`
WHERE `d`.`Id` = @__Id_0
LIMIT 2

2024-08-02 23:24:59.923 +05:30  INF  Executed DbCommand (208ms) [Parameters=[@__p_0='?' (DbType = Int64)], CommandType='"Text"', CommandTimeout='30']
SELECT `p`.`Id`, `p`.`Amount`, `p`.`Balance_Amount`, `p`.`Balance_Spent`, `p`.`Created_At`, `p`.`Name`, `p`.`Patients_Id`, `p`.`Type`, `p`.`Updated_At`
FROM `Patients_Insurance_Loan` AS `p`
WHERE `p`.`Patients_Id` = @__p_0

2024-08-02 23:25:00.336 +05:30  INF  Executed DbCommand (208ms) [Parameters=[@__Id_0='?' (DbType = Int64)], CommandType='"Text"', CommandTimeout='30']
SELECT `d`.`Id`, `d`.`Age`, `d`.`Blood_Group`, `d`.`Created_At`, `d`.`Dob`, `d`.`Email`, `d`.`Email2`, `d`.`Gender`, `d`.`Gst_Number`, `d`.`Is_Delete`, `d`.`Marital_Status`, `d`.`Name`, `d`.`Pan_Number`, `d`.`Password`, `d`.`Phone1`, `d`.`Phone2`, `d`.`Phone3`, `d`.`Phone4`, `d`.`Qualification`, `d`.`Role`, `d`.`Speciality`, `d`.`Thumb`, `d`.`Updated_At`, `d`.`User_Id`
FROM `Doctors` AS `d`
WHERE `d`.`Id` = @__Id_0
LIMIT 2

2024-08-02 23:25:00.544 +05:30  INF  Executed DbCommand (208ms) [Parameters=[@__p_0='?' (DbType = Int64)], CommandType='"Text"', CommandTimeout='30']
SELECT `p`.`Id`, `p`.`Created_At`, `p`.`Patient_Id`, `p`.`Report`, `p`.`Report_Date`, `p`.`Report_File`, `p`.`Status`, `p`.`Test_Name`, `p`.`Test_Price`, `p`.`Updated_At`
FROM `Patient_Tests` AS `p`
WHERE `p`.`Patient_Id` = @__p_0

2024-08-02 23:25:00.958 +05:30  INF  Executed DbCommand (207ms) [Parameters=[@__Id_0='?' (DbType = Int64)], CommandType='"Text"', CommandTimeout='30']
SELECT `d`.`Id`, `d`.`Age`, `d`.`Blood_Group`, `d`.`Created_At`, `d`.`Dob`, `d`.`Email`, `d`.`Email2`, `d`.`Gender`, `d`.`Gst_Number`, `d`.`Is_Delete`, `d`.`Marital_Status`, `d`.`Name`, `d`.`Pan_Number`, `d`.`Password`, `d`.`Phone1`, `d`.`Phone2`, `d`.`Phone3`, `d`.`Phone4`, `d`.`Qualification`, `d`.`Role`, `d`.`Speciality`, `d`.`Thumb`, `d`.`Updated_At`, `d`.`User_Id`
FROM `Doctors` AS `d`
WHERE `d`.`Id` = @__Id_0
LIMIT 2

2024-08-02 23:25:01.169 +05:30  INF  Executed DbCommand (211ms) [Parameters=[@__p_0='?' (DbType = Int64)], CommandType='"Text"', CommandTimeout='30']
SELECT `p`.`Id`, `p`.`Address_O`, `p`.`Address_Other`, `p`.`Address_R`, `p`.`City_O`, `p`.`City_Other`, `p`.`City_R`, `p`.`Country_O`, `p`.`Country_Other`, `p`.`Country_R`, `p`.`Created_At`, `p`.`Doctor_Name`, `p`.`Email`, `p`.`Email2`, `p`.`Medical_History_Allergies`, `p`.`Patient_Id`, `p`.`Phone`, `p`.`Phone1`, `p`.`Phone2`, `p`.`Phone3`, `p`.`Phone4`, `p`.`Physician`, `p`.`Reffered_By`, `p`.`Relationship_Type`, `p`.`Special_Notes`, `p`.`Updated_At`, `p`.`Zip_O`, `p`.`Zip_Other`, `p`.`Zip_R`
FROM `Patients_Contact` AS `p`
WHERE `p`.`Patient_Id` = @__p_0

2024-08-02 23:25:01.582 +05:30  INF  Executed DbCommand (207ms) [Parameters=[@__Id_0='?' (DbType = Int64)], CommandType='"Text"', CommandTimeout='30']
SELECT `d`.`Id`, `d`.`Age`, `d`.`Blood_Group`, `d`.`Created_At`, `d`.`Dob`, `d`.`Email`, `d`.`Email2`, `d`.`Gender`, `d`.`Gst_Number`, `d`.`Is_Delete`, `d`.`Marital_Status`, `d`.`Name`, `d`.`Pan_Number`, `d`.`Password`, `d`.`Phone1`, `d`.`Phone2`, `d`.`Phone3`, `d`.`Phone4`, `d`.`Qualification`, `d`.`Role`, `d`.`Speciality`, `d`.`Thumb`, `d`.`Updated_At`, `d`.`User_Id`
FROM `Doctors` AS `d`
WHERE `d`.`Id` = @__Id_0
LIMIT 2

2024-08-02 23:25:01.789 +05:30  INF  Executed DbCommand (208ms) [Parameters=[@__p_0='?' (DbType = Int64)], CommandType='"Text"', CommandTimeout='30']
SELECT `p`.`Id`, `p`.`Created_At`, `p`.`Patient_Id`, `p`.`Report`, `p`.`Report_File`, `p`.`Scan_Name`, `p`.`Status`, `p`.`Type`, `p`.`Updated_At`
FROM `Patient_Scans` AS `p`
WHERE `p`.`Patient_Id` = @__p_0

2024-08-02 23:25:01.789 +05:30  INF  Executing ObjectResult, writing value of type 'DCRM.Common.Dto.PatientseDto'.

2024-08-02 23:25:01.790 +05:30  INF  Executed action DCRM.Api.Controllers.PatientController.Get (DCRM.Api) in 3952.1298ms

2024-08-02 23:25:01.790 +05:30  INF  Executed endpoint 'DCRM.Api.Controllers.PatientController.Get (DCRM.Api)'

2024-08-02 23:25:01.790 +05:30  INF  Request finished HTTP/2 GET https://localhost:7069/api/Patient/Get/10 application/json - - 200 - application/json;+charset=utf-8 6918.7247ms

2024-08-02 23:25:02.208 +05:30  INF  Executed DbCommand (208ms) [Parameters=[@__Id_0='?' (DbType = Int64)], CommandType='"Text"', CommandTimeout='30']
SELECT `d`.`Id`, `d`.`Age`, `d`.`Blood_Group`, `d`.`Created_At`, `d`.`Dob`, `d`.`Email`, `d`.`Email2`, `d`.`Gender`, `d`.`Gst_Number`, `d`.`Is_Delete`, `d`.`Marital_Status`, `d`.`Name`, `d`.`Pan_Number`, `d`.`Password`, `d`.`Phone1`, `d`.`Phone2`, `d`.`Phone3`, `d`.`Phone4`, `d`.`Qualification`, `d`.`Role`, `d`.`Speciality`, `d`.`Thumb`, `d`.`Updated_At`, `d`.`User_Id`
FROM `Doctors` AS `d`
WHERE `d`.`Id` = @__Id_0
LIMIT 2

2024-08-02 23:25:02.835 +05:30  INF  Executed DbCommand (210ms) [Parameters=[@__Id_0='?' (DbType = Int64)], CommandType='"Text"', CommandTimeout='30']
SELECT `d`.`Id`, `d`.`Age`, `d`.`Blood_Group`, `d`.`Created_At`, `d`.`Dob`, `d`.`Email`, `d`.`Email2`, `d`.`Gender`, `d`.`Gst_Number`, `d`.`Is_Delete`, `d`.`Marital_Status`, `d`.`Name`, `d`.`Pan_Number`, `d`.`Password`, `d`.`Phone1`, `d`.`Phone2`, `d`.`Phone3`, `d`.`Phone4`, `d`.`Qualification`, `d`.`Role`, `d`.`Speciality`, `d`.`Thumb`, `d`.`Updated_At`, `d`.`User_Id`
FROM `Doctors` AS `d`
WHERE `d`.`Id` = @__Id_0
LIMIT 2

2024-08-02 23:25:03.460 +05:30  INF  Executed DbCommand (209ms) [Parameters=[@__Id_0='?' (DbType = Int64)], CommandType='"Text"', CommandTimeout='30']
SELECT `d`.`Id`, `d`.`Age`, `d`.`Blood_Group`, `d`.`Created_At`, `d`.`Dob`, `d`.`Email`, `d`.`Email2`, `d`.`Gender`, `d`.`Gst_Number`, `d`.`Is_Delete`, `d`.`Marital_Status`, `d`.`Name`, `d`.`Pan_Number`, `d`.`Password`, `d`.`Phone1`, `d`.`Phone2`, `d`.`Phone3`, `d`.`Phone4`, `d`.`Qualification`, `d`.`Role`, `d`.`Speciality`, `d`.`Thumb`, `d`.`Updated_At`, `d`.`User_Id`
FROM `Doctors` AS `d`
WHERE `d`.`Id` = @__Id_0
LIMIT 2

2024-08-02 23:25:04.089 +05:30  INF  Executed DbCommand (211ms) [Parameters=[@__Id_0='?' (DbType = Int64)], CommandType='"Text"', CommandTimeout='30']
SELECT `d`.`Id`, `d`.`Age`, `d`.`Blood_Group`, `d`.`Created_At`, `d`.`Dob`, `d`.`Email`, `d`.`Email2`, `d`.`Gender`, `d`.`Gst_Number`, `d`.`Is_Delete`, `d`.`Marital_Status`, `d`.`Name`, `d`.`Pan_Number`, `d`.`Password`, `d`.`Phone1`, `d`.`Phone2`, `d`.`Phone3`, `d`.`Phone4`, `d`.`Qualification`, `d`.`Role`, `d`.`Speciality`, `d`.`Thumb`, `d`.`Updated_At`, `d`.`User_Id`
FROM `Doctors` AS `d`
WHERE `d`.`Id` = @__Id_0
LIMIT 2

2024-08-02 23:25:04.712 +05:30  INF  Executed DbCommand (209ms) [Parameters=[@__Id_0='?' (DbType = Int64)], CommandType='"Text"', CommandTimeout='30']
SELECT `d`.`Id`, `d`.`Age`, `d`.`Blood_Group`, `d`.`Created_At`, `d`.`Dob`, `d`.`Email`, `d`.`Email2`, `d`.`Gender`, `d`.`Gst_Number`, `d`.`Is_Delete`, `d`.`Marital_Status`, `d`.`Name`, `d`.`Pan_Number`, `d`.`Password`, `d`.`Phone1`, `d`.`Phone2`, `d`.`Phone3`, `d`.`Phone4`, `d`.`Qualification`, `d`.`Role`, `d`.`Speciality`, `d`.`Thumb`, `d`.`Updated_At`, `d`.`User_Id`
FROM `Doctors` AS `d`
WHERE `d`.`Id` = @__Id_0
LIMIT 2

2024-08-02 23:25:05.335 +05:30  INF  Executed DbCommand (209ms) [Parameters=[@__Id_0='?' (DbType = Int64)], CommandType='"Text"', CommandTimeout='30']
SELECT `d`.`Id`, `d`.`Age`, `d`.`Blood_Group`, `d`.`Created_At`, `d`.`Dob`, `d`.`Email`, `d`.`Email2`, `d`.`Gender`, `d`.`Gst_Number`, `d`.`Is_Delete`, `d`.`Marital_Status`, `d`.`Name`, `d`.`Pan_Number`, `d`.`Password`, `d`.`Phone1`, `d`.`Phone2`, `d`.`Phone3`, `d`.`Phone4`, `d`.`Qualification`, `d`.`Role`, `d`.`Speciality`, `d`.`Thumb`, `d`.`Updated_At`, `d`.`User_Id`
FROM `Doctors` AS `d`
WHERE `d`.`Id` = @__Id_0
LIMIT 2

2024-08-02 23:25:05.960 +05:30  INF  Executed DbCommand (209ms) [Parameters=[@__Id_0='?' (DbType = Int64)], CommandType='"Text"', CommandTimeout='30']
SELECT `d`.`Id`, `d`.`Age`, `d`.`Blood_Group`, `d`.`Created_At`, `d`.`Dob`, `d`.`Email`, `d`.`Email2`, `d`.`Gender`, `d`.`Gst_Number`, `d`.`Is_Delete`, `d`.`Marital_Status`, `d`.`Name`, `d`.`Pan_Number`, `d`.`Password`, `d`.`Phone1`, `d`.`Phone2`, `d`.`Phone3`, `d`.`Phone4`, `d`.`Qualification`, `d`.`Role`, `d`.`Speciality`, `d`.`Thumb`, `d`.`Updated_At`, `d`.`User_Id`
FROM `Doctors` AS `d`
WHERE `d`.`Id` = @__Id_0
LIMIT 2

2024-08-02 23:25:06.585 +05:30  INF  Executed DbCommand (209ms) [Parameters=[@__Id_0='?' (DbType = Int64)], CommandType='"Text"', CommandTimeout='30']
SELECT `d`.`Id`, `d`.`Age`, `d`.`Blood_Group`, `d`.`Created_At`, `d`.`Dob`, `d`.`Email`, `d`.`Email2`, `d`.`Gender`, `d`.`Gst_Number`, `d`.`Is_Delete`, `d`.`Marital_Status`, `d`.`Name`, `d`.`Pan_Number`, `d`.`Password`, `d`.`Phone1`, `d`.`Phone2`, `d`.`Phone3`, `d`.`Phone4`, `d`.`Qualification`, `d`.`Role`, `d`.`Speciality`, `d`.`Thumb`, `d`.`Updated_At`, `d`.`User_Id`
FROM `Doctors` AS `d`
WHERE `d`.`Id` = @__Id_0
LIMIT 2

2024-08-02 23:25:07.209 +05:30  INF  Executed DbCommand (210ms) [Parameters=[@__Id_0='?' (DbType = Int64)], CommandType='"Text"', CommandTimeout='30']
SELECT `d`.`Id`, `d`.`Age`, `d`.`Blood_Group`, `d`.`Created_At`, `d`.`Dob`, `d`.`Email`, `d`.`Email2`, `d`.`Gender`, `d`.`Gst_Number`, `d`.`Is_Delete`, `d`.`Marital_Status`, `d`.`Name`, `d`.`Pan_Number`, `d`.`Password`, `d`.`Phone1`, `d`.`Phone2`, `d`.`Phone3`, `d`.`Phone4`, `d`.`Qualification`, `d`.`Role`, `d`.`Speciality`, `d`.`Thumb`, `d`.`Updated_At`, `d`.`User_Id`
FROM `Doctors` AS `d`
WHERE `d`.`Id` = @__Id_0
LIMIT 2

2024-08-02 23:25:07.835 +05:30  INF  Executed DbCommand (210ms) [Parameters=[@__Id_0='?' (DbType = Int64)], CommandType='"Text"', CommandTimeout='30']
SELECT `d`.`Id`, `d`.`Age`, `d`.`Blood_Group`, `d`.`Created_At`, `d`.`Dob`, `d`.`Email`, `d`.`Email2`, `d`.`Gender`, `d`.`Gst_Number`, `d`.`Is_Delete`, `d`.`Marital_Status`, `d`.`Name`, `d`.`Pan_Number`, `d`.`Password`, `d`.`Phone1`, `d`.`Phone2`, `d`.`Phone3`, `d`.`Phone4`, `d`.`Qualification`, `d`.`Role`, `d`.`Speciality`, `d`.`Thumb`, `d`.`Updated_At`, `d`.`User_Id`
FROM `Doctors` AS `d`
WHERE `d`.`Id` = @__Id_0
LIMIT 2

2024-08-02 23:25:08.475 +05:30  INF  Executed DbCommand (222ms) [Parameters=[@__Id_0='?' (DbType = Int64)], CommandType='"Text"', CommandTimeout='30']
SELECT `d`.`Id`, `d`.`Age`, `d`.`Blood_Group`, `d`.`Created_At`, `d`.`Dob`, `d`.`Email`, `d`.`Email2`, `d`.`Gender`, `d`.`Gst_Number`, `d`.`Is_Delete`, `d`.`Marital_Status`, `d`.`Name`, `d`.`Pan_Number`, `d`.`Password`, `d`.`Phone1`, `d`.`Phone2`, `d`.`Phone3`, `d`.`Phone4`, `d`.`Qualification`, `d`.`Role`, `d`.`Speciality`, `d`.`Thumb`, `d`.`Updated_At`, `d`.`User_Id`
FROM `Doctors` AS `d`
WHERE `d`.`Id` = @__Id_0
LIMIT 2

2024-08-02 23:25:09.106 +05:30  INF  Executed DbCommand (210ms) [Parameters=[@__Id_0='?' (DbType = Int64)], CommandType='"Text"', CommandTimeout='30']
SELECT `d`.`Id`, `d`.`Age`, `d`.`Blood_Group`, `d`.`Created_At`, `d`.`Dob`, `d`.`Email`, `d`.`Email2`, `d`.`Gender`, `d`.`Gst_Number`, `d`.`Is_Delete`, `d`.`Marital_Status`, `d`.`Name`, `d`.`Pan_Number`, `d`.`Password`, `d`.`Phone1`, `d`.`Phone2`, `d`.`Phone3`, `d`.`Phone4`, `d`.`Qualification`, `d`.`Role`, `d`.`Speciality`, `d`.`Thumb`, `d`.`Updated_At`, `d`.`User_Id`
FROM `Doctors` AS `d`
WHERE `d`.`Id` = @__Id_0
LIMIT 2

2024-08-02 23:25:09.733 +05:30  INF  Executed DbCommand (210ms) [Parameters=[@__Id_0='?' (DbType = Int64)], CommandType='"Text"', CommandTimeout='30']
SELECT `d`.`Id`, `d`.`Age`, `d`.`Blood_Group`, `d`.`Created_At`, `d`.`Dob`, `d`.`Email`, `d`.`Email2`, `d`.`Gender`, `d`.`Gst_Number`, `d`.`Is_Delete`, `d`.`Marital_Status`, `d`.`Name`, `d`.`Pan_Number`, `d`.`Password`, `d`.`Phone1`, `d`.`Phone2`, `d`.`Phone3`, `d`.`Phone4`, `d`.`Qualification`, `d`.`Role`, `d`.`Speciality`, `d`.`Thumb`, `d`.`Updated_At`, `d`.`User_Id`
FROM `Doctors` AS `d`
WHERE `d`.`Id` = @__Id_0
LIMIT 2

2024-08-02 23:25:10.355 +05:30  INF  Executed DbCommand (208ms) [Parameters=[@__Id_0='?' (DbType = Int64)], CommandType='"Text"', CommandTimeout='30']
SELECT `d`.`Id`, `d`.`Age`, `d`.`Blood_Group`, `d`.`Created_At`, `d`.`Dob`, `d`.`Email`, `d`.`Email2`, `d`.`Gender`, `d`.`Gst_Number`, `d`.`Is_Delete`, `d`.`Marital_Status`, `d`.`Name`, `d`.`Pan_Number`, `d`.`Password`, `d`.`Phone1`, `d`.`Phone2`, `d`.`Phone3`, `d`.`Phone4`, `d`.`Qualification`, `d`.`Role`, `d`.`Speciality`, `d`.`Thumb`, `d`.`Updated_At`, `d`.`User_Id`
FROM `Doctors` AS `d`
WHERE `d`.`Id` = @__Id_0
LIMIT 2

2024-08-02 23:25:10.355 +05:30  INF  Executing ObjectResult, writing value of type 'System.Collections.Generic.List`1[[DCRM.Common.Dto.ChairDto, DCRM.Common, Version=1.0.0.0, Culture=neutral, PublicKeyToken=null]]'.

2024-08-02 23:25:10.355 +05:30  INF  Executed action DCRM.Api.Controllers.ChairController.GetAll (DCRM.Api) in 12517.213ms

2024-08-02 23:25:10.355 +05:30  INF  Executed endpoint 'DCRM.Api.Controllers.ChairController.GetAll (DCRM.Api)'

2024-08-02 23:25:10.355 +05:30  INF  Request finished HTTP/2 GET https://localhost:7069/api/Chair/GetAll application/json - - 200 - application/json;+charset=utf-8 15480.0717ms

