2023-10-07 18:08:37.932 +05:30  INF  User profile is available. Using 'C:\Users\91812\AppData\Local\ASP.NET\DataProtection-Keys' as key repository and Windows DPAPI to encrypt keys at rest.
2023-10-07 18:08:38.122 +05:30  INF  Now listening on: https://localhost:7069
2023-10-07 18:08:38.122 +05:30  INF  Now listening on: http://localhost:5069
2023-10-07 18:08:38.126 +05:30  INF  Application started. Press Ctrl+C to shut down.
2023-10-07 18:08:38.127 +05:30  INF  Hosting environment: Development
2023-10-07 18:08:38.127 +05:30  INF  Content root path: D:\ez-technologies\virmani_dotnet\DCRM.Api\
2023-10-07 18:08:43.829 +05:30  INF  Request starting HTTP/2 GET https://localhost:7069/swagger/index.html - -
2023-10-07 18:08:44.296 +05:30  INF  Request finished HTTP/2 GET https://localhost:7069/swagger/index.html - - - 200 - text/html;charset=utf-8 471.6824ms
2023-10-07 18:08:44.488 +05:30  INF  Request starting HTTP/2 GET https://localhost:7069/swagger/swagger-ui.css - -
2023-10-07 18:08:44.504 +05:30  INF  Request starting HTTP/2 GET https://localhost:7069/_framework/aspnetcore-browser-refresh.js - -
2023-10-07 18:08:44.509 +05:30  INF  Request finished HTTP/2 GET https://localhost:7069/_framework/aspnetcore-browser-refresh.js - - - 200 12348 application/javascript;+charset=utf-8 4.7182ms
2023-10-07 18:08:44.511 +05:30  INF  Request starting HTTP/2 GET https://localhost:7069/_vs/browserLink - -
2023-10-07 18:08:44.511 +05:30  INF  Sending file. Request path: '/swagger-ui.css'. Physical path: 'N/A'
2023-10-07 18:08:44.511 +05:30  INF  Request finished HTTP/2 GET https://localhost:7069/swagger/swagger-ui.css - - - 0 143632 text/css 23.6267ms
2023-10-07 18:08:44.550 +05:30  INF  Request finished HTTP/2 GET https://localhost:7069/_vs/browserLink - - - 200 - text/javascript;+charset=UTF-8 39.5682ms
2023-10-07 18:08:44.688 +05:30  INF  Request starting HTTP/2 GET https://localhost:7069/swagger/favicon-32x32.png - -
2023-10-07 18:08:44.690 +05:30  INF  Sending file. Request path: '/favicon-32x32.png'. Physical path: 'N/A'
2023-10-07 18:08:44.690 +05:30  INF  Request finished HTTP/2 GET https://localhost:7069/swagger/favicon-32x32.png - - - 0 628 image/png 2.1348ms
2023-10-07 18:08:44.736 +05:30  INF  Request starting HTTP/2 GET https://localhost:7069/swagger/v1/swagger.json - -
2023-10-07 18:08:44.981 +05:30  INF  Request finished HTTP/2 GET https://localhost:7069/swagger/v1/swagger.json - - - 200 - application/json;charset=utf-8 244.8077ms
2023-10-07 18:09:46.620 +05:30  INF  Request starting HTTP/2 OPTIONS https://localhost:7069/api/Dashboard/Get - -
2023-10-07 18:09:46.626 +05:30  INF  CORS policy execution successful.
2023-10-07 18:09:46.628 +05:30  INF  Request finished HTTP/2 OPTIONS https://localhost:7069/api/Dashboard/Get - - - 204 - - 8.3719ms
2023-10-07 18:09:46.629 +05:30  INF  Request starting HTTP/2 GET https://localhost:7069/api/Dashboard/Get application/json -
2023-10-07 18:09:46.630 +05:30  INF  CORS policy execution successful.
2023-10-07 18:09:47.976 +05:30  INF  Executing endpoint 'DCRM.Api.Controllers.DashboardController.Get (DCRM.Api)'
2023-10-07 18:09:48.001 +05:30  INF  Route matched with {action = "Get", controller = "Dashboard"}. Executing controller action with signature DCRM.Common.Dto.DashboardDto Get() on controller DCRM.Api.Controllers.DashboardController (DCRM.Api).
2023-10-07 18:09:48.005 +05:30  INF  Authorization failed for the request at filter 'DCRM.Common.Authorization.AuthorizeAttribute'.
2023-10-07 18:09:48.006 +05:30  INF  Executing JsonResult, writing value of type '<>f__AnonymousType0`1[[System.String, System.Private.CoreLib, Version=6.0.0.0, Culture=neutral, PublicKeyToken=7cec85d7bea7798e]]'.
2023-10-07 18:09:48.032 +05:30  INF  Executed action DCRM.Api.Controllers.DashboardController.Get (DCRM.Api) in 23.4765ms
2023-10-07 18:09:48.034 +05:30  INF  Executed endpoint 'DCRM.Api.Controllers.DashboardController.Get (DCRM.Api)'
2023-10-07 18:09:48.040 +05:30  INF  Request finished HTTP/2 GET https://localhost:7069/api/Dashboard/Get application/json - - 401 - application/json;+charset=utf-8 1410.8818ms
2023-10-07 18:09:54.612 +05:30  INF  Request starting HTTP/2 OPTIONS https://localhost:7069/api/Drug/GateAll - -
2023-10-07 18:09:54.617 +05:30  INF  CORS policy execution successful.
2023-10-07 18:09:54.617 +05:30  INF  Request finished HTTP/2 OPTIONS https://localhost:7069/api/Drug/GateAll - - - 204 - - 5.2066ms
2023-10-07 18:09:54.618 +05:30  INF  Request starting HTTP/2 GET https://localhost:7069/api/Drug/GateAll application/json -
2023-10-07 18:09:54.620 +05:30  INF  CORS policy execution successful.
2023-10-07 18:09:54.668 +05:30  INF  Executing endpoint 'DCRM.Api.Controllers.DrugController.GetAllAsync (DCRM.Api)'
2023-10-07 18:09:54.680 +05:30  INF  Route matched with {action = "GetAll", controller = "Drug"}. Executing controller action with signature System.Threading.Tasks.Task`1[System.Collections.Generic.IEnumerable`1[DCRM.Common.Entity.Drug]] GetAllAsync() on controller DCRM.Api.Controllers.DrugController (DCRM.Api).
2023-10-07 18:09:54.680 +05:30  INF  Authorization failed for the request at filter 'DCRM.Common.Authorization.AuthorizeAttribute'.
2023-10-07 18:09:54.680 +05:30  INF  Executing JsonResult, writing value of type '<>f__AnonymousType0`1[[System.String, System.Private.CoreLib, Version=6.0.0.0, Culture=neutral, PublicKeyToken=7cec85d7bea7798e]]'.
2023-10-07 18:09:54.680 +05:30  INF  Executed action DCRM.Api.Controllers.DrugController.GetAllAsync (DCRM.Api) in 0.4281ms
2023-10-07 18:09:54.680 +05:30  INF  Executed endpoint 'DCRM.Api.Controllers.DrugController.GetAllAsync (DCRM.Api)'
2023-10-07 18:09:54.681 +05:30  INF  Request finished HTTP/2 GET https://localhost:7069/api/Drug/GateAll application/json - - 401 - application/json;+charset=utf-8 62.3256ms
2023-10-07 18:09:59.902 +05:30  INF  Request starting HTTP/2 OPTIONS https://localhost:7069/api/Drug/GateAll - -
2023-10-07 18:09:59.902 +05:30  INF  CORS policy execution successful.
2023-10-07 18:09:59.902 +05:30  INF  Request finished HTTP/2 OPTIONS https://localhost:7069/api/Drug/GateAll - - - 204 - - 0.3831ms
2023-10-07 18:09:59.903 +05:30  INF  Request starting HTTP/2 GET https://localhost:7069/api/Drug/GateAll application/json -
2023-10-07 18:09:59.903 +05:30  INF  CORS policy execution successful.
2023-10-07 18:09:59.920 +05:30  INF  Executing endpoint 'DCRM.Api.Controllers.DrugController.GetAllAsync (DCRM.Api)'
2023-10-07 18:09:59.920 +05:30  INF  Route matched with {action = "GetAll", controller = "Drug"}. Executing controller action with signature System.Threading.Tasks.Task`1[System.Collections.Generic.IEnumerable`1[DCRM.Common.Entity.Drug]] GetAllAsync() on controller DCRM.Api.Controllers.DrugController (DCRM.Api).
2023-10-07 18:09:59.920 +05:30  INF  Authorization failed for the request at filter 'DCRM.Common.Authorization.AuthorizeAttribute'.
2023-10-07 18:09:59.920 +05:30  INF  Executing JsonResult, writing value of type '<>f__AnonymousType0`1[[System.String, System.Private.CoreLib, Version=6.0.0.0, Culture=neutral, PublicKeyToken=7cec85d7bea7798e]]'.
2023-10-07 18:09:59.920 +05:30  INF  Executed action DCRM.Api.Controllers.DrugController.GetAllAsync (DCRM.Api) in 0.2759ms
2023-10-07 18:09:59.920 +05:30  INF  Executed endpoint 'DCRM.Api.Controllers.DrugController.GetAllAsync (DCRM.Api)'
2023-10-07 18:09:59.920 +05:30  INF  Request finished HTTP/2 GET https://localhost:7069/api/Drug/GateAll application/json - - 401 - application/json;+charset=utf-8 17.4562ms
2023-10-07 18:10:03.516 +05:30  INF  Request starting HTTP/2 OPTIONS https://localhost:7069/api/Dealer/GetAll - -
2023-10-07 18:10:03.517 +05:30  INF  CORS policy execution successful.
2023-10-07 18:10:03.517 +05:30  INF  Request finished HTTP/2 OPTIONS https://localhost:7069/api/Dealer/GetAll - - - 204 - - 0.4002ms
2023-10-07 18:10:03.518 +05:30  INF  Request starting HTTP/2 GET https://localhost:7069/api/Dealer/GetAll application/json -
2023-10-07 18:10:03.518 +05:30  INF  CORS policy execution successful.
2023-10-07 18:10:03.519 +05:30  INF  Executing endpoint 'DCRM.Api.Controllers.DealerController.GetAllAsync (DCRM.Api)'
2023-10-07 18:10:03.522 +05:30  INF  Route matched with {action = "GetAll", controller = "Dealer"}. Executing controller action with signature System.Threading.Tasks.Task`1[System.Collections.Generic.IEnumerable`1[DCRM.Common.Dto.DealerDto]] GetAllAsync() on controller DCRM.Api.Controllers.DealerController (DCRM.Api).
2023-10-07 18:10:03.522 +05:30  INF  Authorization failed for the request at filter 'DCRM.Common.Authorization.AuthorizeAttribute'.
2023-10-07 18:10:03.522 +05:30  INF  Executing JsonResult, writing value of type '<>f__AnonymousType0`1[[System.String, System.Private.CoreLib, Version=6.0.0.0, Culture=neutral, PublicKeyToken=7cec85d7bea7798e]]'.
2023-10-07 18:10:03.522 +05:30  INF  Executed action DCRM.Api.Controllers.DealerController.GetAllAsync (DCRM.Api) in 0.2108ms
2023-10-07 18:10:03.522 +05:30  INF  Executed endpoint 'DCRM.Api.Controllers.DealerController.GetAllAsync (DCRM.Api)'
2023-10-07 18:10:03.522 +05:30  INF  Request finished HTTP/2 GET https://localhost:7069/api/Dealer/GetAll application/json - - 401 - application/json;+charset=utf-8 4.8713ms
2023-10-07 18:10:06.975 +05:30  INF  Request starting HTTP/2 GET https://localhost:7069/api/Dealer/GetAll application/json -
2023-10-07 18:10:06.975 +05:30  INF  CORS policy execution successful.
2023-10-07 18:10:06.976 +05:30  INF  Executing endpoint 'DCRM.Api.Controllers.DealerController.GetAllAsync (DCRM.Api)'
2023-10-07 18:10:06.976 +05:30  INF  Route matched with {action = "GetAll", controller = "Dealer"}. Executing controller action with signature System.Threading.Tasks.Task`1[System.Collections.Generic.IEnumerable`1[DCRM.Common.Dto.DealerDto]] GetAllAsync() on controller DCRM.Api.Controllers.DealerController (DCRM.Api).
2023-10-07 18:10:06.976 +05:30  INF  Authorization failed for the request at filter 'DCRM.Common.Authorization.AuthorizeAttribute'.
2023-10-07 18:10:06.976 +05:30  INF  Executing JsonResult, writing value of type '<>f__AnonymousType0`1[[System.String, System.Private.CoreLib, Version=6.0.0.0, Culture=neutral, PublicKeyToken=7cec85d7bea7798e]]'.
2023-10-07 18:10:06.977 +05:30  INF  Executed action DCRM.Api.Controllers.DealerController.GetAllAsync (DCRM.Api) in 0.2287ms
2023-10-07 18:10:06.977 +05:30  INF  Executed endpoint 'DCRM.Api.Controllers.DealerController.GetAllAsync (DCRM.Api)'
2023-10-07 18:10:06.977 +05:30  INF  Request finished HTTP/2 GET https://localhost:7069/api/Dealer/GetAll application/json - - 401 - application/json;+charset=utf-8 1.9072ms
2023-10-07 18:10:12.896 +05:30  INF  Request starting HTTP/2 OPTIONS https://localhost:7069/api/Dealer/GetAll - -
2023-10-07 18:10:12.896 +05:30  INF  CORS policy execution successful.
2023-10-07 18:10:12.896 +05:30  INF  Request finished HTTP/2 OPTIONS https://localhost:7069/api/Dealer/GetAll - - - 204 - - 0.3461ms
2023-10-07 18:10:12.897 +05:30  INF  Request starting HTTP/2 GET https://localhost:7069/api/Dealer/GetAll application/json -
2023-10-07 18:10:12.897 +05:30  INF  CORS policy execution successful.
2023-10-07 18:10:12.898 +05:30  INF  Executing endpoint 'DCRM.Api.Controllers.DealerController.GetAllAsync (DCRM.Api)'
2023-10-07 18:10:12.898 +05:30  INF  Route matched with {action = "GetAll", controller = "Dealer"}. Executing controller action with signature System.Threading.Tasks.Task`1[System.Collections.Generic.IEnumerable`1[DCRM.Common.Dto.DealerDto]] GetAllAsync() on controller DCRM.Api.Controllers.DealerController (DCRM.Api).
2023-10-07 18:10:12.898 +05:30  INF  Authorization failed for the request at filter 'DCRM.Common.Authorization.AuthorizeAttribute'.
2023-10-07 18:10:12.898 +05:30  INF  Executing JsonResult, writing value of type '<>f__AnonymousType0`1[[System.String, System.Private.CoreLib, Version=6.0.0.0, Culture=neutral, PublicKeyToken=7cec85d7bea7798e]]'.
2023-10-07 18:10:12.898 +05:30  INF  Executed action DCRM.Api.Controllers.DealerController.GetAllAsync (DCRM.Api) in 0.1639ms
2023-10-07 18:10:12.899 +05:30  INF  Executed endpoint 'DCRM.Api.Controllers.DealerController.GetAllAsync (DCRM.Api)'
2023-10-07 18:10:12.899 +05:30  INF  Request finished HTTP/2 GET https://localhost:7069/api/Dealer/GetAll application/json - - 401 - application/json;+charset=utf-8 1.6810ms
2023-10-07 18:10:16.702 +05:30  INF  Request starting HTTP/2 GET https://localhost:7069/api/Dealer/GetAll application/json -
2023-10-07 18:10:16.703 +05:30  INF  CORS policy execution successful.
2023-10-07 18:10:16.704 +05:30  INF  Executing endpoint 'DCRM.Api.Controllers.DealerController.GetAllAsync (DCRM.Api)'
2023-10-07 18:10:16.704 +05:30  INF  Route matched with {action = "GetAll", controller = "Dealer"}. Executing controller action with signature System.Threading.Tasks.Task`1[System.Collections.Generic.IEnumerable`1[DCRM.Common.Dto.DealerDto]] GetAllAsync() on controller DCRM.Api.Controllers.DealerController (DCRM.Api).
2023-10-07 18:10:16.704 +05:30  INF  Authorization failed for the request at filter 'DCRM.Common.Authorization.AuthorizeAttribute'.
2023-10-07 18:10:16.704 +05:30  INF  Executing JsonResult, writing value of type '<>f__AnonymousType0`1[[System.String, System.Private.CoreLib, Version=6.0.0.0, Culture=neutral, PublicKeyToken=7cec85d7bea7798e]]'.
2023-10-07 18:10:16.704 +05:30  INF  Executed action DCRM.Api.Controllers.DealerController.GetAllAsync (DCRM.Api) in 0.2482ms
2023-10-07 18:10:16.704 +05:30  INF  Executed endpoint 'DCRM.Api.Controllers.DealerController.GetAllAsync (DCRM.Api)'
2023-10-07 18:10:16.705 +05:30  INF  Request finished HTTP/2 GET https://localhost:7069/api/Dealer/GetAll application/json - - 401 - application/json;+charset=utf-8 2.2412ms
2023-10-07 18:10:20.523 +05:30  INF  Request starting HTTP/2 OPTIONS https://localhost:7069/api/Dealer/GetAll - -
2023-10-07 18:10:20.523 +05:30  INF  CORS policy execution successful.
2023-10-07 18:10:20.523 +05:30  INF  Request finished HTTP/2 OPTIONS https://localhost:7069/api/Dealer/GetAll - - - 204 - - 0.3847ms
2023-10-07 18:10:20.524 +05:30  INF  Request starting HTTP/2 GET https://localhost:7069/api/Dealer/GetAll application/json -
2023-10-07 18:10:20.524 +05:30  INF  CORS policy execution successful.
2023-10-07 18:10:20.525 +05:30  INF  Executing endpoint 'DCRM.Api.Controllers.DealerController.GetAllAsync (DCRM.Api)'
2023-10-07 18:10:20.525 +05:30  INF  Route matched with {action = "GetAll", controller = "Dealer"}. Executing controller action with signature System.Threading.Tasks.Task`1[System.Collections.Generic.IEnumerable`1[DCRM.Common.Dto.DealerDto]] GetAllAsync() on controller DCRM.Api.Controllers.DealerController (DCRM.Api).
2023-10-07 18:10:20.525 +05:30  INF  Authorization failed for the request at filter 'DCRM.Common.Authorization.AuthorizeAttribute'.
2023-10-07 18:10:20.525 +05:30  INF  Executing JsonResult, writing value of type '<>f__AnonymousType0`1[[System.String, System.Private.CoreLib, Version=6.0.0.0, Culture=neutral, PublicKeyToken=7cec85d7bea7798e]]'.
2023-10-07 18:10:20.525 +05:30  INF  Executed action DCRM.Api.Controllers.DealerController.GetAllAsync (DCRM.Api) in 0.1681ms
2023-10-07 18:10:20.525 +05:30  INF  Executed endpoint 'DCRM.Api.Controllers.DealerController.GetAllAsync (DCRM.Api)'
2023-10-07 18:10:20.525 +05:30  INF  Request finished HTTP/2 GET https://localhost:7069/api/Dealer/GetAll application/json - - 401 - application/json;+charset=utf-8 1.4481ms
2023-10-07 18:10:23.023 +05:30  INF  Request starting HTTP/2 GET https://localhost:7069/api/Dealer/GetAll application/json -
2023-10-07 18:10:23.023 +05:30  INF  CORS policy execution successful.
2023-10-07 18:10:23.024 +05:30  INF  Executing endpoint 'DCRM.Api.Controllers.DealerController.GetAllAsync (DCRM.Api)'
2023-10-07 18:10:23.024 +05:30  INF  Route matched with {action = "GetAll", controller = "Dealer"}. Executing controller action with signature System.Threading.Tasks.Task`1[System.Collections.Generic.IEnumerable`1[DCRM.Common.Dto.DealerDto]] GetAllAsync() on controller DCRM.Api.Controllers.DealerController (DCRM.Api).
2023-10-07 18:10:23.024 +05:30  INF  Authorization failed for the request at filter 'DCRM.Common.Authorization.AuthorizeAttribute'.
2023-10-07 18:10:23.024 +05:30  INF  Executing JsonResult, writing value of type '<>f__AnonymousType0`1[[System.String, System.Private.CoreLib, Version=6.0.0.0, Culture=neutral, PublicKeyToken=7cec85d7bea7798e]]'.
2023-10-07 18:10:23.025 +05:30  INF  Executed action DCRM.Api.Controllers.DealerController.GetAllAsync (DCRM.Api) in 0.3497ms
2023-10-07 18:10:23.025 +05:30  INF  Executed endpoint 'DCRM.Api.Controllers.DealerController.GetAllAsync (DCRM.Api)'
2023-10-07 18:10:23.025 +05:30  INF  Request finished HTTP/2 GET https://localhost:7069/api/Dealer/GetAll application/json - - 401 - application/json;+charset=utf-8 1.9803ms
2023-10-07 18:10:24.720 +05:30  INF  Request starting HTTP/2 GET https://localhost:7069/api/Dealer/GetAll application/json -
2023-10-07 18:10:24.720 +05:30  INF  CORS policy execution successful.
2023-10-07 18:10:24.721 +05:30  INF  Executing endpoint 'DCRM.Api.Controllers.DealerController.GetAllAsync (DCRM.Api)'
2023-10-07 18:10:24.722 +05:30  INF  Route matched with {action = "GetAll", controller = "Dealer"}. Executing controller action with signature System.Threading.Tasks.Task`1[System.Collections.Generic.IEnumerable`1[DCRM.Common.Dto.DealerDto]] GetAllAsync() on controller DCRM.Api.Controllers.DealerController (DCRM.Api).
2023-10-07 18:10:24.722 +05:30  INF  Authorization failed for the request at filter 'DCRM.Common.Authorization.AuthorizeAttribute'.
2023-10-07 18:10:24.722 +05:30  INF  Executing JsonResult, writing value of type '<>f__AnonymousType0`1[[System.String, System.Private.CoreLib, Version=6.0.0.0, Culture=neutral, PublicKeyToken=7cec85d7bea7798e]]'.
2023-10-07 18:10:24.722 +05:30  INF  Executed action DCRM.Api.Controllers.DealerController.GetAllAsync (DCRM.Api) in 0.1845ms
2023-10-07 18:10:24.722 +05:30  INF  Executed endpoint 'DCRM.Api.Controllers.DealerController.GetAllAsync (DCRM.Api)'
2023-10-07 18:10:24.722 +05:30  INF  Request finished HTTP/2 GET https://localhost:7069/api/Dealer/GetAll application/json - - 401 - application/json;+charset=utf-8 1.7362ms
2023-10-07 18:10:28.335 +05:30  INF  Request starting HTTP/2 OPTIONS https://localhost:7069/api/Dealer/GetAll - -
2023-10-07 18:10:28.336 +05:30  INF  CORS policy execution successful.
2023-10-07 18:10:28.336 +05:30  INF  Request finished HTTP/2 OPTIONS https://localhost:7069/api/Dealer/GetAll - - - 204 - - 0.4141ms
2023-10-07 18:10:28.336 +05:30  INF  Request starting HTTP/2 GET https://localhost:7069/api/Dealer/GetAll application/json -
2023-10-07 18:10:28.337 +05:30  INF  CORS policy execution successful.
2023-10-07 18:10:28.338 +05:30  INF  Executing endpoint 'DCRM.Api.Controllers.DealerController.GetAllAsync (DCRM.Api)'
2023-10-07 18:10:28.338 +05:30  INF  Route matched with {action = "GetAll", controller = "Dealer"}. Executing controller action with signature System.Threading.Tasks.Task`1[System.Collections.Generic.IEnumerable`1[DCRM.Common.Dto.DealerDto]] GetAllAsync() on controller DCRM.Api.Controllers.DealerController (DCRM.Api).
2023-10-07 18:10:28.338 +05:30  INF  Authorization failed for the request at filter 'DCRM.Common.Authorization.AuthorizeAttribute'.
2023-10-07 18:10:28.338 +05:30  INF  Executing JsonResult, writing value of type '<>f__AnonymousType0`1[[System.String, System.Private.CoreLib, Version=6.0.0.0, Culture=neutral, PublicKeyToken=7cec85d7bea7798e]]'.
2023-10-07 18:10:28.338 +05:30  INF  Executed action DCRM.Api.Controllers.DealerController.GetAllAsync (DCRM.Api) in 0.1822ms
2023-10-07 18:10:28.338 +05:30  INF  Executed endpoint 'DCRM.Api.Controllers.DealerController.GetAllAsync (DCRM.Api)'
2023-10-07 18:10:28.338 +05:30  INF  Request finished HTTP/2 GET https://localhost:7069/api/Dealer/GetAll application/json - - 401 - application/json;+charset=utf-8 1.5501ms
2023-10-07 18:10:29.263 +05:30  INF  Request starting HTTP/2 GET https://localhost:7069/api/Dealer/GetAll application/json -
2023-10-07 18:10:29.263 +05:30  INF  CORS policy execution successful.
2023-10-07 18:10:29.265 +05:30  INF  Executing endpoint 'DCRM.Api.Controllers.DealerController.GetAllAsync (DCRM.Api)'
2023-10-07 18:10:29.265 +05:30  INF  Route matched with {action = "GetAll", controller = "Dealer"}. Executing controller action with signature System.Threading.Tasks.Task`1[System.Collections.Generic.IEnumerable`1[DCRM.Common.Dto.DealerDto]] GetAllAsync() on controller DCRM.Api.Controllers.DealerController (DCRM.Api).
2023-10-07 18:10:29.265 +05:30  INF  Authorization failed for the request at filter 'DCRM.Common.Authorization.AuthorizeAttribute'.
2023-10-07 18:10:29.265 +05:30  INF  Executing JsonResult, writing value of type '<>f__AnonymousType0`1[[System.String, System.Private.CoreLib, Version=6.0.0.0, Culture=neutral, PublicKeyToken=7cec85d7bea7798e]]'.
2023-10-07 18:10:29.265 +05:30  INF  Executed action DCRM.Api.Controllers.DealerController.GetAllAsync (DCRM.Api) in 0.1933ms
2023-10-07 18:10:29.265 +05:30  INF  Executed endpoint 'DCRM.Api.Controllers.DealerController.GetAllAsync (DCRM.Api)'
2023-10-07 18:10:29.265 +05:30  INF  Request finished HTTP/2 GET https://localhost:7069/api/Dealer/GetAll application/json - - 401 - application/json;+charset=utf-8 1.7796ms
2023-10-07 18:10:29.462 +05:30  INF  Request starting HTTP/2 GET https://localhost:7069/api/Dealer/GetAll application/json -
2023-10-07 18:10:29.463 +05:30  INF  CORS policy execution successful.
2023-10-07 18:10:29.464 +05:30  INF  Executing endpoint 'DCRM.Api.Controllers.DealerController.GetAllAsync (DCRM.Api)'
2023-10-07 18:10:29.464 +05:30  INF  Route matched with {action = "GetAll", controller = "Dealer"}. Executing controller action with signature System.Threading.Tasks.Task`1[System.Collections.Generic.IEnumerable`1[DCRM.Common.Dto.DealerDto]] GetAllAsync() on controller DCRM.Api.Controllers.DealerController (DCRM.Api).
2023-10-07 18:10:29.464 +05:30  INF  Authorization failed for the request at filter 'DCRM.Common.Authorization.AuthorizeAttribute'.
2023-10-07 18:10:29.464 +05:30  INF  Executing JsonResult, writing value of type '<>f__AnonymousType0`1[[System.String, System.Private.CoreLib, Version=6.0.0.0, Culture=neutral, PublicKeyToken=7cec85d7bea7798e]]'.
2023-10-07 18:10:29.464 +05:30  INF  Executed action DCRM.Api.Controllers.DealerController.GetAllAsync (DCRM.Api) in 0.1864ms
2023-10-07 18:10:29.464 +05:30  INF  Executed endpoint 'DCRM.Api.Controllers.DealerController.GetAllAsync (DCRM.Api)'
2023-10-07 18:10:29.464 +05:30  INF  Request finished HTTP/2 GET https://localhost:7069/api/Dealer/GetAll application/json - - 401 - application/json;+charset=utf-8 1.6403ms
2023-10-07 18:10:29.654 +05:30  INF  Request starting HTTP/2 GET https://localhost:7069/api/Dealer/GetAll application/json -
2023-10-07 18:10:29.655 +05:30  INF  CORS policy execution successful.
2023-10-07 18:10:29.656 +05:30  INF  Executing endpoint 'DCRM.Api.Controllers.DealerController.GetAllAsync (DCRM.Api)'
2023-10-07 18:10:29.656 +05:30  INF  Route matched with {action = "GetAll", controller = "Dealer"}. Executing controller action with signature System.Threading.Tasks.Task`1[System.Collections.Generic.IEnumerable`1[DCRM.Common.Dto.DealerDto]] GetAllAsync() on controller DCRM.Api.Controllers.DealerController (DCRM.Api).
2023-10-07 18:10:29.656 +05:30  INF  Authorization failed for the request at filter 'DCRM.Common.Authorization.AuthorizeAttribute'.
2023-10-07 18:10:29.656 +05:30  INF  Executing JsonResult, writing value of type '<>f__AnonymousType0`1[[System.String, System.Private.CoreLib, Version=6.0.0.0, Culture=neutral, PublicKeyToken=7cec85d7bea7798e]]'.
2023-10-07 18:10:29.656 +05:30  INF  Executed action DCRM.Api.Controllers.DealerController.GetAllAsync (DCRM.Api) in 0.1903ms
2023-10-07 18:10:29.656 +05:30  INF  Executed endpoint 'DCRM.Api.Controllers.DealerController.GetAllAsync (DCRM.Api)'
2023-10-07 18:10:29.656 +05:30  INF  Request finished HTTP/2 GET https://localhost:7069/api/Dealer/GetAll application/json - - 401 - application/json;+charset=utf-8 1.6605ms
2023-10-07 18:10:29.848 +05:30  INF  Request starting HTTP/2 GET https://localhost:7069/api/Dealer/GetAll application/json -
2023-10-07 18:10:29.848 +05:30  INF  CORS policy execution successful.
2023-10-07 18:10:29.849 +05:30  INF  Executing endpoint 'DCRM.Api.Controllers.DealerController.GetAllAsync (DCRM.Api)'
2023-10-07 18:10:29.849 +05:30  INF  Route matched with {action = "GetAll", controller = "Dealer"}. Executing controller action with signature System.Threading.Tasks.Task`1[System.Collections.Generic.IEnumerable`1[DCRM.Common.Dto.DealerDto]] GetAllAsync() on controller DCRM.Api.Controllers.DealerController (DCRM.Api).
2023-10-07 18:10:29.849 +05:30  INF  Authorization failed for the request at filter 'DCRM.Common.Authorization.AuthorizeAttribute'.
2023-10-07 18:10:29.850 +05:30  INF  Executing JsonResult, writing value of type '<>f__AnonymousType0`1[[System.String, System.Private.CoreLib, Version=6.0.0.0, Culture=neutral, PublicKeyToken=7cec85d7bea7798e]]'.
2023-10-07 18:10:29.850 +05:30  INF  Executed action DCRM.Api.Controllers.DealerController.GetAllAsync (DCRM.Api) in 0.1891ms
2023-10-07 18:10:29.850 +05:30  INF  Executed endpoint 'DCRM.Api.Controllers.DealerController.GetAllAsync (DCRM.Api)'
2023-10-07 18:10:29.850 +05:30  INF  Request finished HTTP/2 GET https://localhost:7069/api/Dealer/GetAll application/json - - 401 - application/json;+charset=utf-8 1.6038ms
2023-10-07 18:10:30.032 +05:30  INF  Request starting HTTP/2 GET https://localhost:7069/api/Dealer/GetAll application/json -
2023-10-07 18:10:30.032 +05:30  INF  CORS policy execution successful.
2023-10-07 18:10:30.034 +05:30  INF  Executing endpoint 'DCRM.Api.Controllers.DealerController.GetAllAsync (DCRM.Api)'
2023-10-07 18:10:30.034 +05:30  INF  Route matched with {action = "GetAll", controller = "Dealer"}. Executing controller action with signature System.Threading.Tasks.Task`1[System.Collections.Generic.IEnumerable`1[DCRM.Common.Dto.DealerDto]] GetAllAsync() on controller DCRM.Api.Controllers.DealerController (DCRM.Api).
2023-10-07 18:10:30.034 +05:30  INF  Authorization failed for the request at filter 'DCRM.Common.Authorization.AuthorizeAttribute'.
2023-10-07 18:10:30.034 +05:30  INF  Executing JsonResult, writing value of type '<>f__AnonymousType0`1[[System.String, System.Private.CoreLib, Version=6.0.0.0, Culture=neutral, PublicKeyToken=7cec85d7bea7798e]]'.
2023-10-07 18:10:30.034 +05:30  INF  Executed action DCRM.Api.Controllers.DealerController.GetAllAsync (DCRM.Api) in 0.1918ms
2023-10-07 18:10:30.034 +05:30  INF  Executed endpoint 'DCRM.Api.Controllers.DealerController.GetAllAsync (DCRM.Api)'
2023-10-07 18:10:30.034 +05:30  INF  Request finished HTTP/2 GET https://localhost:7069/api/Dealer/GetAll application/json - - 401 - application/json;+charset=utf-8 2.0567ms
2023-10-07 18:10:30.225 +05:30  INF  Request starting HTTP/2 GET https://localhost:7069/api/Dealer/GetAll application/json -
2023-10-07 18:10:30.225 +05:30  INF  CORS policy execution successful.
2023-10-07 18:10:30.226 +05:30  INF  Executing endpoint 'DCRM.Api.Controllers.DealerController.GetAllAsync (DCRM.Api)'
2023-10-07 18:10:30.226 +05:30  INF  Route matched with {action = "GetAll", controller = "Dealer"}. Executing controller action with signature System.Threading.Tasks.Task`1[System.Collections.Generic.IEnumerable`1[DCRM.Common.Dto.DealerDto]] GetAllAsync() on controller DCRM.Api.Controllers.DealerController (DCRM.Api).
2023-10-07 18:10:30.226 +05:30  INF  Authorization failed for the request at filter 'DCRM.Common.Authorization.AuthorizeAttribute'.
2023-10-07 18:10:30.226 +05:30  INF  Executing JsonResult, writing value of type '<>f__AnonymousType0`1[[System.String, System.Private.CoreLib, Version=6.0.0.0, Culture=neutral, PublicKeyToken=7cec85d7bea7798e]]'.
2023-10-07 18:10:30.226 +05:30  INF  Executed action DCRM.Api.Controllers.DealerController.GetAllAsync (DCRM.Api) in 0.2121ms
2023-10-07 18:10:30.226 +05:30  INF  Executed endpoint 'DCRM.Api.Controllers.DealerController.GetAllAsync (DCRM.Api)'
2023-10-07 18:10:30.226 +05:30  INF  Request finished HTTP/2 GET https://localhost:7069/api/Dealer/GetAll application/json - - 401 - application/json;+charset=utf-8 1.7694ms
2023-10-07 18:10:30.400 +05:30  INF  Request starting HTTP/2 GET https://localhost:7069/api/Dealer/GetAll application/json -
2023-10-07 18:10:30.400 +05:30  INF  CORS policy execution successful.
2023-10-07 18:10:30.401 +05:30  INF  Executing endpoint 'DCRM.Api.Controllers.DealerController.GetAllAsync (DCRM.Api)'
2023-10-07 18:10:30.401 +05:30  INF  Route matched with {action = "GetAll", controller = "Dealer"}. Executing controller action with signature System.Threading.Tasks.Task`1[System.Collections.Generic.IEnumerable`1[DCRM.Common.Dto.DealerDto]] GetAllAsync() on controller DCRM.Api.Controllers.DealerController (DCRM.Api).
2023-10-07 18:10:30.401 +05:30  INF  Authorization failed for the request at filter 'DCRM.Common.Authorization.AuthorizeAttribute'.
2023-10-07 18:10:30.401 +05:30  INF  Executing JsonResult, writing value of type '<>f__AnonymousType0`1[[System.String, System.Private.CoreLib, Version=6.0.0.0, Culture=neutral, PublicKeyToken=7cec85d7bea7798e]]'.
2023-10-07 18:10:30.401 +05:30  INF  Executed action DCRM.Api.Controllers.DealerController.GetAllAsync (DCRM.Api) in 0.179ms
2023-10-07 18:10:30.401 +05:30  INF  Executed endpoint 'DCRM.Api.Controllers.DealerController.GetAllAsync (DCRM.Api)'
2023-10-07 18:10:30.402 +05:30  INF  Request finished HTTP/2 GET https://localhost:7069/api/Dealer/GetAll application/json - - 401 - application/json;+charset=utf-8 1.5974ms
2023-10-07 18:10:30.584 +05:30  INF  Request starting HTTP/2 GET https://localhost:7069/api/Dealer/GetAll application/json -
2023-10-07 18:10:30.585 +05:30  INF  CORS policy execution successful.
2023-10-07 18:10:30.586 +05:30  INF  Executing endpoint 'DCRM.Api.Controllers.DealerController.GetAllAsync (DCRM.Api)'
2023-10-07 18:10:30.586 +05:30  INF  Route matched with {action = "GetAll", controller = "Dealer"}. Executing controller action with signature System.Threading.Tasks.Task`1[System.Collections.Generic.IEnumerable`1[DCRM.Common.Dto.DealerDto]] GetAllAsync() on controller DCRM.Api.Controllers.DealerController (DCRM.Api).
2023-10-07 18:10:30.586 +05:30  INF  Authorization failed for the request at filter 'DCRM.Common.Authorization.AuthorizeAttribute'.
2023-10-07 18:10:30.586 +05:30  INF  Executing JsonResult, writing value of type '<>f__AnonymousType0`1[[System.String, System.Private.CoreLib, Version=6.0.0.0, Culture=neutral, PublicKeyToken=7cec85d7bea7798e]]'.
2023-10-07 18:10:30.586 +05:30  INF  Executed action DCRM.Api.Controllers.DealerController.GetAllAsync (DCRM.Api) in 0.1961ms
2023-10-07 18:10:30.586 +05:30  INF  Executed endpoint 'DCRM.Api.Controllers.DealerController.GetAllAsync (DCRM.Api)'
2023-10-07 18:10:30.586 +05:30  INF  Request finished HTTP/2 GET https://localhost:7069/api/Dealer/GetAll application/json - - 401 - application/json;+charset=utf-8 1.6407ms
2023-10-07 18:10:31.144 +05:30  INF  Request starting HTTP/2 GET https://localhost:7069/api/Dealer/GetAll application/json -
2023-10-07 18:10:31.144 +05:30  INF  CORS policy execution successful.
2023-10-07 18:10:31.145 +05:30  INF  Executing endpoint 'DCRM.Api.Controllers.DealerController.GetAllAsync (DCRM.Api)'
2023-10-07 18:10:31.146 +05:30  INF  Route matched with {action = "GetAll", controller = "Dealer"}. Executing controller action with signature System.Threading.Tasks.Task`1[System.Collections.Generic.IEnumerable`1[DCRM.Common.Dto.DealerDto]] GetAllAsync() on controller DCRM.Api.Controllers.DealerController (DCRM.Api).
2023-10-07 18:10:31.146 +05:30  INF  Authorization failed for the request at filter 'DCRM.Common.Authorization.AuthorizeAttribute'.
2023-10-07 18:10:31.146 +05:30  INF  Executing JsonResult, writing value of type '<>f__AnonymousType0`1[[System.String, System.Private.CoreLib, Version=6.0.0.0, Culture=neutral, PublicKeyToken=7cec85d7bea7798e]]'.
2023-10-07 18:10:31.146 +05:30  INF  Executed action DCRM.Api.Controllers.DealerController.GetAllAsync (DCRM.Api) in 0.202ms
2023-10-07 18:10:31.146 +05:30  INF  Executed endpoint 'DCRM.Api.Controllers.DealerController.GetAllAsync (DCRM.Api)'
2023-10-07 18:10:31.146 +05:30  INF  Request finished HTTP/2 GET https://localhost:7069/api/Dealer/GetAll application/json - - 401 - application/json;+charset=utf-8 1.7001ms
2023-10-07 18:10:31.339 +05:30  INF  Request starting HTTP/2 GET https://localhost:7069/api/Dealer/GetAll application/json -
2023-10-07 18:10:31.339 +05:30  INF  CORS policy execution successful.
2023-10-07 18:10:31.340 +05:30  INF  Executing endpoint 'DCRM.Api.Controllers.DealerController.GetAllAsync (DCRM.Api)'
2023-10-07 18:10:31.340 +05:30  INF  Route matched with {action = "GetAll", controller = "Dealer"}. Executing controller action with signature System.Threading.Tasks.Task`1[System.Collections.Generic.IEnumerable`1[DCRM.Common.Dto.DealerDto]] GetAllAsync() on controller DCRM.Api.Controllers.DealerController (DCRM.Api).
2023-10-07 18:10:31.340 +05:30  INF  Authorization failed for the request at filter 'DCRM.Common.Authorization.AuthorizeAttribute'.
2023-10-07 18:10:31.340 +05:30  INF  Executing JsonResult, writing value of type '<>f__AnonymousType0`1[[System.String, System.Private.CoreLib, Version=6.0.0.0, Culture=neutral, PublicKeyToken=7cec85d7bea7798e]]'.
2023-10-07 18:10:31.340 +05:30  INF  Executed action DCRM.Api.Controllers.DealerController.GetAllAsync (DCRM.Api) in 0.1656ms
2023-10-07 18:10:31.340 +05:30  INF  Executed endpoint 'DCRM.Api.Controllers.DealerController.GetAllAsync (DCRM.Api)'
2023-10-07 18:10:31.341 +05:30  INF  Request finished HTTP/2 GET https://localhost:7069/api/Dealer/GetAll application/json - - 401 - application/json;+charset=utf-8 1.6681ms
2023-10-07 18:10:31.538 +05:30  INF  Request starting HTTP/2 GET https://localhost:7069/api/Dealer/GetAll application/json -
2023-10-07 18:10:31.538 +05:30  INF  CORS policy execution successful.
2023-10-07 18:10:31.539 +05:30  INF  Executing endpoint 'DCRM.Api.Controllers.DealerController.GetAllAsync (DCRM.Api)'
2023-10-07 18:10:31.540 +05:30  INF  Route matched with {action = "GetAll", controller = "Dealer"}. Executing controller action with signature System.Threading.Tasks.Task`1[System.Collections.Generic.IEnumerable`1[DCRM.Common.Dto.DealerDto]] GetAllAsync() on controller DCRM.Api.Controllers.DealerController (DCRM.Api).
2023-10-07 18:10:31.540 +05:30  INF  Authorization failed for the request at filter 'DCRM.Common.Authorization.AuthorizeAttribute'.
2023-10-07 18:10:31.540 +05:30  INF  Executing JsonResult, writing value of type '<>f__AnonymousType0`1[[System.String, System.Private.CoreLib, Version=6.0.0.0, Culture=neutral, PublicKeyToken=7cec85d7bea7798e]]'.
2023-10-07 18:10:31.540 +05:30  INF  Executed action DCRM.Api.Controllers.DealerController.GetAllAsync (DCRM.Api) in 0.1735ms
2023-10-07 18:10:31.540 +05:30  INF  Executed endpoint 'DCRM.Api.Controllers.DealerController.GetAllAsync (DCRM.Api)'
2023-10-07 18:10:31.540 +05:30  INF  Request finished HTTP/2 GET https://localhost:7069/api/Dealer/GetAll application/json - - 401 - application/json;+charset=utf-8 1.5969ms
2023-10-07 18:10:32.931 +05:30  INF  Request starting HTTP/2 GET https://localhost:7069/api/Dealer/GetAll application/json -
2023-10-07 18:10:32.932 +05:30  INF  CORS policy execution successful.
2023-10-07 18:10:32.933 +05:30  INF  Executing endpoint 'DCRM.Api.Controllers.DealerController.GetAllAsync (DCRM.Api)'
2023-10-07 18:10:32.933 +05:30  INF  Route matched with {action = "GetAll", controller = "Dealer"}. Executing controller action with signature System.Threading.Tasks.Task`1[System.Collections.Generic.IEnumerable`1[DCRM.Common.Dto.DealerDto]] GetAllAsync() on controller DCRM.Api.Controllers.DealerController (DCRM.Api).
2023-10-07 18:10:32.933 +05:30  INF  Authorization failed for the request at filter 'DCRM.Common.Authorization.AuthorizeAttribute'.
2023-10-07 18:10:32.933 +05:30  INF  Executing JsonResult, writing value of type '<>f__AnonymousType0`1[[System.String, System.Private.CoreLib, Version=6.0.0.0, Culture=neutral, PublicKeyToken=7cec85d7bea7798e]]'.
2023-10-07 18:10:32.933 +05:30  INF  Executed action DCRM.Api.Controllers.DealerController.GetAllAsync (DCRM.Api) in 0.1828ms
2023-10-07 18:10:32.933 +05:30  INF  Executed endpoint 'DCRM.Api.Controllers.DealerController.GetAllAsync (DCRM.Api)'
2023-10-07 18:10:32.933 +05:30  INF  Request finished HTTP/2 GET https://localhost:7069/api/Dealer/GetAll application/json - - 401 - application/json;+charset=utf-8 1.5198ms
2023-10-07 18:10:33.116 +05:30  INF  Request starting HTTP/2 GET https://localhost:7069/api/Dealer/GetAll application/json -
2023-10-07 18:10:33.116 +05:30  INF  CORS policy execution successful.
2023-10-07 18:10:33.117 +05:30  INF  Executing endpoint 'DCRM.Api.Controllers.DealerController.GetAllAsync (DCRM.Api)'
2023-10-07 18:10:33.117 +05:30  INF  Route matched with {action = "GetAll", controller = "Dealer"}. Executing controller action with signature System.Threading.Tasks.Task`1[System.Collections.Generic.IEnumerable`1[DCRM.Common.Dto.DealerDto]] GetAllAsync() on controller DCRM.Api.Controllers.DealerController (DCRM.Api).
2023-10-07 18:10:33.117 +05:30  INF  Authorization failed for the request at filter 'DCRM.Common.Authorization.AuthorizeAttribute'.
2023-10-07 18:10:33.117 +05:30  INF  Executing JsonResult, writing value of type '<>f__AnonymousType0`1[[System.String, System.Private.CoreLib, Version=6.0.0.0, Culture=neutral, PublicKeyToken=7cec85d7bea7798e]]'.
2023-10-07 18:10:33.117 +05:30  INF  Executed action DCRM.Api.Controllers.DealerController.GetAllAsync (DCRM.Api) in 0.1692ms
2023-10-07 18:10:33.117 +05:30  INF  Executed endpoint 'DCRM.Api.Controllers.DealerController.GetAllAsync (DCRM.Api)'
2023-10-07 18:10:33.117 +05:30  INF  Request finished HTTP/2 GET https://localhost:7069/api/Dealer/GetAll application/json - - 401 - application/json;+charset=utf-8 1.6155ms
2023-10-07 18:10:33.308 +05:30  INF  Request starting HTTP/2 GET https://localhost:7069/api/Dealer/GetAll application/json -
2023-10-07 18:10:33.309 +05:30  INF  CORS policy execution successful.
2023-10-07 18:10:33.310 +05:30  INF  Executing endpoint 'DCRM.Api.Controllers.DealerController.GetAllAsync (DCRM.Api)'
2023-10-07 18:10:33.310 +05:30  INF  Route matched with {action = "GetAll", controller = "Dealer"}. Executing controller action with signature System.Threading.Tasks.Task`1[System.Collections.Generic.IEnumerable`1[DCRM.Common.Dto.DealerDto]] GetAllAsync() on controller DCRM.Api.Controllers.DealerController (DCRM.Api).
2023-10-07 18:10:33.310 +05:30  INF  Authorization failed for the request at filter 'DCRM.Common.Authorization.AuthorizeAttribute'.
2023-10-07 18:10:33.310 +05:30  INF  Executing JsonResult, writing value of type '<>f__AnonymousType0`1[[System.String, System.Private.CoreLib, Version=6.0.0.0, Culture=neutral, PublicKeyToken=7cec85d7bea7798e]]'.
2023-10-07 18:10:33.310 +05:30  INF  Executed action DCRM.Api.Controllers.DealerController.GetAllAsync (DCRM.Api) in 0.215ms
2023-10-07 18:10:33.310 +05:30  INF  Executed endpoint 'DCRM.Api.Controllers.DealerController.GetAllAsync (DCRM.Api)'
2023-10-07 18:10:33.310 +05:30  INF  Request finished HTTP/2 GET https://localhost:7069/api/Dealer/GetAll application/json - - 401 - application/json;+charset=utf-8 1.9113ms
2023-10-07 18:10:33.500 +05:30  INF  Request starting HTTP/2 OPTIONS https://localhost:7069/api/Dealer/GetAll - -
2023-10-07 18:10:33.501 +05:30  INF  CORS policy execution successful.
2023-10-07 18:10:33.501 +05:30  INF  Request finished HTTP/2 OPTIONS https://localhost:7069/api/Dealer/GetAll - - - 204 - - 0.3493ms
2023-10-07 18:10:33.501 +05:30  INF  Request starting HTTP/2 GET https://localhost:7069/api/Dealer/GetAll application/json -
2023-10-07 18:10:33.502 +05:30  INF  CORS policy execution successful.
2023-10-07 18:10:33.502 +05:30  INF  Executing endpoint 'DCRM.Api.Controllers.DealerController.GetAllAsync (DCRM.Api)'
2023-10-07 18:10:33.502 +05:30  INF  Route matched with {action = "GetAll", controller = "Dealer"}. Executing controller action with signature System.Threading.Tasks.Task`1[System.Collections.Generic.IEnumerable`1[DCRM.Common.Dto.DealerDto]] GetAllAsync() on controller DCRM.Api.Controllers.DealerController (DCRM.Api).
2023-10-07 18:10:33.503 +05:30  INF  Authorization failed for the request at filter 'DCRM.Common.Authorization.AuthorizeAttribute'.
2023-10-07 18:10:33.503 +05:30  INF  Executing JsonResult, writing value of type '<>f__AnonymousType0`1[[System.String, System.Private.CoreLib, Version=6.0.0.0, Culture=neutral, PublicKeyToken=7cec85d7bea7798e]]'.
2023-10-07 18:10:33.503 +05:30  INF  Executed action DCRM.Api.Controllers.DealerController.GetAllAsync (DCRM.Api) in 0.1714ms
2023-10-07 18:10:33.503 +05:30  INF  Executed endpoint 'DCRM.Api.Controllers.DealerController.GetAllAsync (DCRM.Api)'
2023-10-07 18:10:33.503 +05:30  INF  Request finished HTTP/2 GET https://localhost:7069/api/Dealer/GetAll application/json - - 401 - application/json;+charset=utf-8 1.3550ms
2023-10-07 18:11:25.186 +05:30  INF  Request starting HTTP/2 OPTIONS https://localhost:7069/api/Dealer/GetAll - -
2023-10-07 18:11:25.186 +05:30  INF  CORS policy execution successful.
2023-10-07 18:11:25.187 +05:30  INF  Request finished HTTP/2 OPTIONS https://localhost:7069/api/Dealer/GetAll - - - 204 - - 0.3181ms
2023-10-07 18:11:25.188 +05:30  INF  Request starting HTTP/2 GET https://localhost:7069/api/Dealer/GetAll application/json -
2023-10-07 18:11:25.189 +05:30  INF  CORS policy execution successful.
2023-10-07 18:11:25.196 +05:30  INF  Executing endpoint 'DCRM.Api.Controllers.DealerController.GetAllAsync (DCRM.Api)'
2023-10-07 18:11:25.196 +05:30  INF  Route matched with {action = "GetAll", controller = "Dealer"}. Executing controller action with signature System.Threading.Tasks.Task`1[System.Collections.Generic.IEnumerable`1[DCRM.Common.Dto.DealerDto]] GetAllAsync() on controller DCRM.Api.Controllers.DealerController (DCRM.Api).
2023-10-07 18:11:25.196 +05:30  INF  Authorization failed for the request at filter 'DCRM.Common.Authorization.AuthorizeAttribute'.
2023-10-07 18:11:25.196 +05:30  INF  Executing JsonResult, writing value of type '<>f__AnonymousType0`1[[System.String, System.Private.CoreLib, Version=6.0.0.0, Culture=neutral, PublicKeyToken=7cec85d7bea7798e]]'.
2023-10-07 18:11:25.197 +05:30  INF  Executed action DCRM.Api.Controllers.DealerController.GetAllAsync (DCRM.Api) in 0.2375ms
2023-10-07 18:11:25.197 +05:30  INF  Executed endpoint 'DCRM.Api.Controllers.DealerController.GetAllAsync (DCRM.Api)'
2023-10-07 18:11:25.197 +05:30  INF  Request finished HTTP/2 GET https://localhost:7069/api/Dealer/GetAll application/json - - 401 - application/json;+charset=utf-8 8.2169ms
2023-10-07 18:11:38.617 +05:30  INF  Request starting HTTP/2 OPTIONS https://localhost:7069/api/Authenticate/user - -
2023-10-07 18:11:38.617 +05:30  INF  CORS policy execution successful.
2023-10-07 18:11:38.617 +05:30  INF  Request finished HTTP/2 OPTIONS https://localhost:7069/api/Authenticate/user - - - 204 - - 0.3041ms
2023-10-07 18:11:38.621 +05:30  INF  Request starting HTTP/2 POST https://localhost:7069/api/Authenticate/user application/json 48
2023-10-07 18:11:38.621 +05:30  INF  CORS policy execution successful.
2023-10-07 18:11:38.622 +05:30  INF  Executing endpoint 'DCRM.Api.Controllers.AuthenticateController.Post (DCRM.Api)'
2023-10-07 18:11:38.637 +05:30  INF  Route matched with {action = "Post", controller = "Authenticate"}. Executing controller action with signature Microsoft.AspNetCore.Mvc.IActionResult Post(System.String, DCRM.Common.AuthenticateRequest) on controller DCRM.Api.Controllers.AuthenticateController (DCRM.Api).
2023-10-07 18:11:39.555 +05:30  INF  Executed DbCommand (25ms) [Parameters=[@__authenticateRequest_Email_0='?' (Size = 4000), @__authenticateRequest_Password_1='?' (Size = 4000)], CommandType='"Text"', CommandTimeout='30']
SELECT `u`.`Id`, `u`.`About_Me`, `u`.`Account_Type`, `u`.`Address`, `u`.`Available_Days`, `u`.`Bn_Name`, `u`.`City`, `u`.`Country`, `u`.`Created_At`, `u`.`Currency`, `u`.`Degree`, `u`.`Email`, `u`.`Email_Verified`, `u`.`Enable_Appointment`, `u`.`Enable_Rating`, `u`.`Exp_Years`, `u`.`Facebook`, `u`.`Google_Analytics`, `u`.`Image`, `u`.`Instagram`, `u`.`Linkedin`, `u`.`Name`, `u`.`Parent_Id`, `u`.`Password`, `u`.`Paypal_Email`, `u`.`Paypal_Mode`, `u`.`Paypal_Payment`, `u`.`Paystack_Payment`, `u`.`Paystack_Public_Key`, `u`.`Paystack_Secret_Key`, `u`.`Phone`, `u`.`Publish_Key`, `u`.`Qr_Code`, `u`.`Razorpay_Key_Id`, `u`.`Razorpay_Key_Secret`, `u`.`Razorpay_Payment`, `u`.`Role`, `u`.`Secret_Key`, `u`.`Skype`, `u`.`Slug`, `u`.`Specialist`, `u`.`Status`, `u`.`Stripe_Payment`, `u`.`Thumb`, `u`.`Trial_Expire`, `u`.`Twitter`, `u`.`User_Name`, `u`.`User_Type`, `u`.`Verify_Code`, `u`.`Whatsapp`
FROM `Users` AS `u`
WHERE ((`u`.`Status` = 1) AND (`u`.`Email` = @__authenticateRequest_Email_0)) AND (`u`.`Password` = @__authenticateRequest_Password_1)
LIMIT 2
2023-10-07 18:11:39.752 +05:30  INF  Executing OkObjectResult, writing value of type 'DCRM.Common.AuthenticateResponse'.
2023-10-07 18:11:39.758 +05:30  INF  Executed action DCRM.Api.Controllers.AuthenticateController.Post (DCRM.Api) in 1120.339ms
2023-10-07 18:11:39.758 +05:30  INF  Executed endpoint 'DCRM.Api.Controllers.AuthenticateController.Post (DCRM.Api)'
2023-10-07 18:11:39.762 +05:30  INF  Request finished HTTP/2 POST https://localhost:7069/api/Authenticate/user application/json 48 - 200 - application/json;+charset=utf-8 1140.9842ms
2023-10-07 18:11:41.739 +05:30  INF  Request starting HTTP/2 OPTIONS https://localhost:7069/api/Dashboard/Get - -
2023-10-07 18:11:41.739 +05:30  INF  CORS policy execution successful.
2023-10-07 18:11:41.740 +05:30  INF  Request finished HTTP/2 OPTIONS https://localhost:7069/api/Dashboard/Get - - - 204 - - 0.2794ms
2023-10-07 18:11:41.741 +05:30  INF  Request starting HTTP/2 GET https://localhost:7069/api/Dashboard/Get application/json -
2023-10-07 18:11:41.741 +05:30  INF  CORS policy execution successful.
2023-10-07 18:11:41.811 +05:30  INF  Executed DbCommand (6ms) [Parameters=[@__id_0='?' (DbType = Int32)], CommandType='"Text"', CommandTimeout='30']
SELECT `u`.`Id`, `u`.`About_Me`, `u`.`Account_Type`, `u`.`Address`, `u`.`Available_Days`, `u`.`Bn_Name`, `u`.`City`, `u`.`Country`, `u`.`Created_At`, `u`.`Currency`, `u`.`Degree`, `u`.`Email`, `u`.`Email_Verified`, `u`.`Enable_Appointment`, `u`.`Enable_Rating`, `u`.`Exp_Years`, `u`.`Facebook`, `u`.`Google_Analytics`, `u`.`Image`, `u`.`Instagram`, `u`.`Linkedin`, `u`.`Name`, `u`.`Parent_Id`, `u`.`Password`, `u`.`Paypal_Email`, `u`.`Paypal_Mode`, `u`.`Paypal_Payment`, `u`.`Paystack_Payment`, `u`.`Paystack_Public_Key`, `u`.`Paystack_Secret_Key`, `u`.`Phone`, `u`.`Publish_Key`, `u`.`Qr_Code`, `u`.`Razorpay_Key_Id`, `u`.`Razorpay_Key_Secret`, `u`.`Razorpay_Payment`, `u`.`Role`, `u`.`Secret_Key`, `u`.`Skype`, `u`.`Slug`, `u`.`Specialist`, `u`.`Status`, `u`.`Stripe_Payment`, `u`.`Thumb`, `u`.`Trial_Expire`, `u`.`Twitter`, `u`.`User_Name`, `u`.`User_Type`, `u`.`Verify_Code`, `u`.`Whatsapp`
FROM `Users` AS `u`
WHERE `u`.`Id` = @__id_0
LIMIT 1
2023-10-07 18:11:41.817 +05:30  INF  Executing endpoint 'DCRM.Api.Controllers.DashboardController.Get (DCRM.Api)'
2023-10-07 18:11:41.817 +05:30  INF  Route matched with {action = "Get", controller = "Dashboard"}. Executing controller action with signature DCRM.Common.Dto.DashboardDto Get() on controller DCRM.Api.Controllers.DashboardController (DCRM.Api).
2023-10-07 18:11:41.831 +05:30  INF  Executed DbCommand (5ms) [Parameters=[@__p_0='?' (DbType = Int64)], CommandType='"Text"', CommandTimeout='30']
SELECT `p`.`Id`, `p`.`Age`, `p`.`Chamber_Id`, `p`.`Created_At`, `p`.`Email`, `p`.`Guardian`, `p`.`Is_Delete`, `p`.`Mobile`, `p`.`Mr_Number`, `p`.`Name`, `p`.`Password`, `p`.`Permanent_Address`, `p`.`Present_Address`, `p`.`Role`, `p`.`Sex`, `p`.`Slug`, `p`.`Thumb`, `p`.`Title`, `p`.`UserName`, `p`.`User_Id`, `p`.`Verify_Code`, `p`.`Weight`
FROM `Patientses` AS `p`
WHERE (`p`.`User_Id` = @__p_0) AND (`p`.`Is_Delete` = 0)
2023-10-07 18:11:41.897 +05:30  INF  Executed DbCommand (4ms) [Parameters=[@__userId_0='?' (DbType = Int32)], CommandType='"Text"', CommandTimeout='30']
SELECT `s`.`Id`, `s`.`Blood_Group`, `s`.`Chamber_Id`, `s`.`Created_At`, `s`.`Current_Address`, `s`.`Date_Of_Joining`, `s`.`Department`, `s`.`Designation`, `s`.`Dob`, `s`.`Email`, `s`.`Father`, `s`.`Gender`, `s`.`Gst`, `s`.`Is_Deleted`, `s`.`Marital_Status`, `s`.`Mother`, `s`.`Name`, `s`.`Note`, `s`.`Pan`, `s`.`Password`, `s`.`Permanent_Address`, `s`.`Phone`, `s`.`Qualification`, `s`.`Role`, `s`.`Slug`, `s`.`Specialization`, `s`.`Status`, `s`.`Thumb`, `s`.`User_Id`, `s`.`User_Name`, `s`.`Work_Experience`
FROM `Staffs` AS `s`
WHERE (`s`.`User_Id` = @__userId_0) AND (`s`.`Is_Deleted` = 0)
2023-10-07 18:11:41.972 +05:30  INF  Executed DbCommand (4ms) [Parameters=[@__userId_0='?' (DbType = Int32)], CommandType='"Text"', CommandTimeout='30']
SELECT `a`.`Id`, `a`.`Appointment_Status`, `a`.`Cause`, `a`.`Chair`, `a`.`Chamber_Id`, `a`.`Created_At`, `a`.`Date`, `a`.`Doctor_Id`, `a`.`Doctor_Name`, `a`.`End_Time`, `a`.`Extra_Notes`, `a`.`Files`, `a`.`Is_Delete`, `a`.`Is_Start`, `a`.`Meeting_Notes`, `a`.`Number_Of_Slot`, `a`.`Patient_Id`, `a`.`Prescription_Id`, `a`.`Serial_Id`, `a`.`Slot_Time`, `a`.`Start_Time`, `a`.`Status`, `a`.`Type`, `a`.`User_Id`
FROM `Appointments` AS `a`
WHERE (`a`.`User_Id` = @__userId_0) AND (`a`.`Is_Delete` = 0)
2023-10-07 18:11:42.041 +05:30  INF  Executed DbCommand (2ms) [Parameters=[@__userId_0='?' (DbType = Int32)], CommandType='"Text"', CommandTimeout='30']
SELECT `a`.`Id`, `a`.`Appointment_Status`, `a`.`Cause`, `a`.`Chair`, `a`.`Chamber_Id`, `a`.`Created_At`, `a`.`Date`, `a`.`Doctor_Id`, `a`.`Doctor_Name`, `a`.`End_Time`, `a`.`Extra_Notes`, `a`.`Files`, `a`.`Is_Delete`, `a`.`Is_Start`, `a`.`Meeting_Notes`, `a`.`Number_Of_Slot`, `a`.`Patient_Id`, `a`.`Prescription_Id`, `a`.`Serial_Id`, `a`.`Slot_Time`, `a`.`Start_Time`, `a`.`Status`, `a`.`Type`, `a`.`User_Id`
FROM `Appointments` AS `a`
WHERE ((`a`.`User_Id` = @__userId_0) AND (`a`.`Is_Delete` = 0)) AND (`a`.`Date` = CURDATE())
2023-10-07 18:11:42.042 +05:30  INF  Executing ObjectResult, writing value of type 'DCRM.Common.Dto.DashboardDto'.
2023-10-07 18:11:42.043 +05:30  INF  Executed action DCRM.Api.Controllers.DashboardController.Get (DCRM.Api) in 225.9701ms
2023-10-07 18:11:42.043 +05:30  INF  Executed endpoint 'DCRM.Api.Controllers.DashboardController.Get (DCRM.Api)'
2023-10-07 18:11:42.043 +05:30  INF  Request finished HTTP/2 GET https://localhost:7069/api/Dashboard/Get application/json - - 200 - application/json;+charset=utf-8 302.4392ms
2023-10-07 18:11:58.989 +05:30  INF  Request starting HTTP/2 OPTIONS https://localhost:7069/api/Dealer/GetAll - -
2023-10-07 18:11:58.990 +05:30  INF  CORS policy execution successful.
2023-10-07 18:11:58.990 +05:30  INF  Request finished HTTP/2 OPTIONS https://localhost:7069/api/Dealer/GetAll - - - 204 - - 0.5242ms
2023-10-07 18:11:58.992 +05:30  INF  Request starting HTTP/2 GET https://localhost:7069/api/Dealer/GetAll application/json -
2023-10-07 18:11:58.992 +05:30  INF  CORS policy execution successful.
2023-10-07 18:11:59.002 +05:30  INF  Executed DbCommand (1ms) [Parameters=[@__id_0='?' (DbType = Int32)], CommandType='"Text"', CommandTimeout='30']
SELECT `u`.`Id`, `u`.`About_Me`, `u`.`Account_Type`, `u`.`Address`, `u`.`Available_Days`, `u`.`Bn_Name`, `u`.`City`, `u`.`Country`, `u`.`Created_At`, `u`.`Currency`, `u`.`Degree`, `u`.`Email`, `u`.`Email_Verified`, `u`.`Enable_Appointment`, `u`.`Enable_Rating`, `u`.`Exp_Years`, `u`.`Facebook`, `u`.`Google_Analytics`, `u`.`Image`, `u`.`Instagram`, `u`.`Linkedin`, `u`.`Name`, `u`.`Parent_Id`, `u`.`Password`, `u`.`Paypal_Email`, `u`.`Paypal_Mode`, `u`.`Paypal_Payment`, `u`.`Paystack_Payment`, `u`.`Paystack_Public_Key`, `u`.`Paystack_Secret_Key`, `u`.`Phone`, `u`.`Publish_Key`, `u`.`Qr_Code`, `u`.`Razorpay_Key_Id`, `u`.`Razorpay_Key_Secret`, `u`.`Razorpay_Payment`, `u`.`Role`, `u`.`Secret_Key`, `u`.`Skype`, `u`.`Slug`, `u`.`Specialist`, `u`.`Status`, `u`.`Stripe_Payment`, `u`.`Thumb`, `u`.`Trial_Expire`, `u`.`Twitter`, `u`.`User_Name`, `u`.`User_Type`, `u`.`Verify_Code`, `u`.`Whatsapp`
FROM `Users` AS `u`
WHERE `u`.`Id` = @__id_0
LIMIT 1
2023-10-07 18:11:59.003 +05:30  INF  Executing endpoint 'DCRM.Api.Controllers.DealerController.GetAllAsync (DCRM.Api)'
2023-10-07 18:11:59.003 +05:30  INF  Route matched with {action = "GetAll", controller = "Dealer"}. Executing controller action with signature System.Threading.Tasks.Task`1[System.Collections.Generic.IEnumerable`1[DCRM.Common.Dto.DealerDto]] GetAllAsync() on controller DCRM.Api.Controllers.DealerController (DCRM.Api).
2023-10-07 18:11:59.015 +05:30  INF  Executed DbCommand (2ms) [Parameters=[@__userId_0='?' (DbType = Int64)], CommandType='"Text"', CommandTimeout='30']
SELECT `d`.`Id`, `d`.`Address_O`, `d`.`Address_R`, `d`.`City_O`, `d`.`City_R`, `d`.`Company_Name`, `d`.`Country_O`, `d`.`Country_R`, `d`.`Created_At`, `d`.`Email1`, `d`.`Email2`, `d`.`Gst_Number`, `d`.`Image`, `d`.`Is_Deleted`, `d`.`Own_Name_1`, `d`.`Own_Name_2`, `d`.`Pan_Number`, `d`.`Phone1`, `d`.`Phone2`, `d`.`Staff_Email1`, `d`.`Staff_Email2`, `d`.`Staff_Email3`, `d`.`Staff_Email4`, `d`.`Staff_Name1`, `d`.`Staff_Name2`, `d`.`Staff_Name3`, `d`.`Staff_Name4`, `d`.`Staff_Phone1`, `d`.`Staff_Phone2`, `d`.`Staff_Phone3`, `d`.`Staff_Phone4`, `d`.`Updated_At`, `d`.`User_Id`, `d`.`Zip_O`, `d`.`Zip_R`
FROM `Dealers` AS `d`
WHERE (`d`.`Is_Deleted` = 0) AND (`d`.`User_Id` = @__userId_0)
2023-10-07 18:11:59.088 +05:30  INF  Executed DbCommand (3ms) [Parameters=[@__p_0='?' (DbType = Int64)], CommandType='"Text"', CommandTimeout='30']
SELECT `d`.`Id`, `d`.`Bank_Account_Number`, `d`.`Bank_Name`, `d`.`Dealer_Id`, `d`.`Ifsc_Code`, `d`.`Remarks`, `d`.`Updated_At`
FROM `Dealer_Bank_Details` AS `d`
WHERE `d`.`Dealer_Id` = @__p_0
2023-10-07 18:11:59.096 +05:30  INF  Executed DbCommand (2ms) [Parameters=[@__p_0='?' (DbType = Int64)], CommandType='"Text"', CommandTimeout='30']
SELECT `d`.`Id`, `d`.`Dealer_Id`, `d`.`Material_Cost`, `d`.`Material_Date`, `d`.`Material_Name`
FROM `Dealer_Material` AS `d`
WHERE `d`.`Dealer_Id` = @__p_0
2023-10-07 18:11:59.098 +05:30  INF  Executed DbCommand (1ms) [Parameters=[@__p_0='?' (DbType = Int64)], CommandType='"Text"', CommandTimeout='30']
SELECT `d`.`Id`, `d`.`Bank_Account_Number`, `d`.`Bank_Name`, `d`.`Dealer_Id`, `d`.`Ifsc_Code`, `d`.`Remarks`, `d`.`Updated_At`
FROM `Dealer_Bank_Details` AS `d`
WHERE `d`.`Dealer_Id` = @__p_0
2023-10-07 18:11:59.099 +05:30  INF  Executed DbCommand (0ms) [Parameters=[@__p_0='?' (DbType = Int64)], CommandType='"Text"', CommandTimeout='30']
SELECT `d`.`Id`, `d`.`Dealer_Id`, `d`.`Material_Cost`, `d`.`Material_Date`, `d`.`Material_Name`
FROM `Dealer_Material` AS `d`
WHERE `d`.`Dealer_Id` = @__p_0
2023-10-07 18:11:59.101 +05:30  INF  Executed DbCommand (0ms) [Parameters=[@__p_0='?' (DbType = Int64)], CommandType='"Text"', CommandTimeout='30']
SELECT `d`.`Id`, `d`.`Bank_Account_Number`, `d`.`Bank_Name`, `d`.`Dealer_Id`, `d`.`Ifsc_Code`, `d`.`Remarks`, `d`.`Updated_At`
FROM `Dealer_Bank_Details` AS `d`
WHERE `d`.`Dealer_Id` = @__p_0
2023-10-07 18:11:59.118 +05:30  INF  Executed DbCommand (1ms) [Parameters=[@__p_0='?' (DbType = Int64)], CommandType='"Text"', CommandTimeout='30']
SELECT `d`.`Id`, `d`.`Dealer_Id`, `d`.`Material_Cost`, `d`.`Material_Date`, `d`.`Material_Name`
FROM `Dealer_Material` AS `d`
WHERE `d`.`Dealer_Id` = @__p_0
2023-10-07 18:11:59.139 +05:30  INF  Executed DbCommand (1ms) [Parameters=[@__p_0='?' (DbType = Int64)], CommandType='"Text"', CommandTimeout='30']
SELECT `d`.`Id`, `d`.`Bank_Account_Number`, `d`.`Bank_Name`, `d`.`Dealer_Id`, `d`.`Ifsc_Code`, `d`.`Remarks`, `d`.`Updated_At`
FROM `Dealer_Bank_Details` AS `d`
WHERE `d`.`Dealer_Id` = @__p_0
2023-10-07 18:11:59.140 +05:30  INF  Executed DbCommand (0ms) [Parameters=[@__p_0='?' (DbType = Int64)], CommandType='"Text"', CommandTimeout='30']
SELECT `d`.`Id`, `d`.`Dealer_Id`, `d`.`Material_Cost`, `d`.`Material_Date`, `d`.`Material_Name`
FROM `Dealer_Material` AS `d`
WHERE `d`.`Dealer_Id` = @__p_0
2023-10-07 18:11:59.142 +05:30  INF  Executed DbCommand (0ms) [Parameters=[@__p_0='?' (DbType = Int64)], CommandType='"Text"', CommandTimeout='30']
SELECT `d`.`Id`, `d`.`Bank_Account_Number`, `d`.`Bank_Name`, `d`.`Dealer_Id`, `d`.`Ifsc_Code`, `d`.`Remarks`, `d`.`Updated_At`
FROM `Dealer_Bank_Details` AS `d`
WHERE `d`.`Dealer_Id` = @__p_0
2023-10-07 18:11:59.143 +05:30  INF  Executed DbCommand (0ms) [Parameters=[@__p_0='?' (DbType = Int64)], CommandType='"Text"', CommandTimeout='30']
SELECT `d`.`Id`, `d`.`Dealer_Id`, `d`.`Material_Cost`, `d`.`Material_Date`, `d`.`Material_Name`
FROM `Dealer_Material` AS `d`
WHERE `d`.`Dealer_Id` = @__p_0
2023-10-07 18:11:59.145 +05:30  INF  Executed DbCommand (1ms) [Parameters=[@__p_0='?' (DbType = Int64)], CommandType='"Text"', CommandTimeout='30']
SELECT `d`.`Id`, `d`.`Bank_Account_Number`, `d`.`Bank_Name`, `d`.`Dealer_Id`, `d`.`Ifsc_Code`, `d`.`Remarks`, `d`.`Updated_At`
FROM `Dealer_Bank_Details` AS `d`
WHERE `d`.`Dealer_Id` = @__p_0
2023-10-07 18:11:59.146 +05:30  INF  Executed DbCommand (0ms) [Parameters=[@__p_0='?' (DbType = Int64)], CommandType='"Text"', CommandTimeout='30']
SELECT `d`.`Id`, `d`.`Dealer_Id`, `d`.`Material_Cost`, `d`.`Material_Date`, `d`.`Material_Name`
FROM `Dealer_Material` AS `d`
WHERE `d`.`Dealer_Id` = @__p_0
2023-10-07 18:11:59.148 +05:30  INF  Executed DbCommand (1ms) [Parameters=[@__p_0='?' (DbType = Int64)], CommandType='"Text"', CommandTimeout='30']
SELECT `d`.`Id`, `d`.`Bank_Account_Number`, `d`.`Bank_Name`, `d`.`Dealer_Id`, `d`.`Ifsc_Code`, `d`.`Remarks`, `d`.`Updated_At`
FROM `Dealer_Bank_Details` AS `d`
WHERE `d`.`Dealer_Id` = @__p_0
2023-10-07 18:11:59.149 +05:30  INF  Executed DbCommand (0ms) [Parameters=[@__p_0='?' (DbType = Int64)], CommandType='"Text"', CommandTimeout='30']
SELECT `d`.`Id`, `d`.`Dealer_Id`, `d`.`Material_Cost`, `d`.`Material_Date`, `d`.`Material_Name`
FROM `Dealer_Material` AS `d`
WHERE `d`.`Dealer_Id` = @__p_0
2023-10-07 18:11:59.150 +05:30  INF  Executed DbCommand (0ms) [Parameters=[@__p_0='?' (DbType = Int64)], CommandType='"Text"', CommandTimeout='30']
SELECT `d`.`Id`, `d`.`Bank_Account_Number`, `d`.`Bank_Name`, `d`.`Dealer_Id`, `d`.`Ifsc_Code`, `d`.`Remarks`, `d`.`Updated_At`
FROM `Dealer_Bank_Details` AS `d`
WHERE `d`.`Dealer_Id` = @__p_0
2023-10-07 18:11:59.152 +05:30  INF  Executed DbCommand (0ms) [Parameters=[@__p_0='?' (DbType = Int64)], CommandType='"Text"', CommandTimeout='30']
SELECT `d`.`Id`, `d`.`Dealer_Id`, `d`.`Material_Cost`, `d`.`Material_Date`, `d`.`Material_Name`
FROM `Dealer_Material` AS `d`
WHERE `d`.`Dealer_Id` = @__p_0
2023-10-07 18:11:59.152 +05:30  INF  Executing ObjectResult, writing value of type 'System.Collections.Generic.List`1[[DCRM.Common.Dto.DealerDto, DCRM.Common, Version=1.0.0.0, Culture=neutral, PublicKeyToken=null]]'.
2023-10-07 18:11:59.192 +05:30  INF  Executed action DCRM.Api.Controllers.DealerController.GetAllAsync (DCRM.Api) in 188.6012ms
2023-10-07 18:11:59.192 +05:30  INF  Executed endpoint 'DCRM.Api.Controllers.DealerController.GetAllAsync (DCRM.Api)'
2023-10-07 18:11:59.192 +05:30  INF  Request finished HTTP/2 GET https://localhost:7069/api/Dealer/GetAll application/json - - 200 - application/json;+charset=utf-8 200.1274ms
2023-10-07 18:12:28.154 +05:30  INF  Request starting HTTP/2 OPTIONS https://localhost:7069/api/Dealer/GetAll - -
2023-10-07 18:12:28.154 +05:30  INF  CORS policy execution successful.
2023-10-07 18:12:28.154 +05:30  INF  Request finished HTTP/2 OPTIONS https://localhost:7069/api/Dealer/GetAll - - - 204 - - 0.3471ms
2023-10-07 18:12:28.155 +05:30  INF  Request starting HTTP/2 GET https://localhost:7069/api/Dealer/GetAll application/json -
2023-10-07 18:12:28.156 +05:30  INF  CORS policy execution successful.
2023-10-07 18:12:28.161 +05:30  INF  Executed DbCommand (2ms) [Parameters=[@__id_0='?' (DbType = Int32)], CommandType='"Text"', CommandTimeout='30']
SELECT `u`.`Id`, `u`.`About_Me`, `u`.`Account_Type`, `u`.`Address`, `u`.`Available_Days`, `u`.`Bn_Name`, `u`.`City`, `u`.`Country`, `u`.`Created_At`, `u`.`Currency`, `u`.`Degree`, `u`.`Email`, `u`.`Email_Verified`, `u`.`Enable_Appointment`, `u`.`Enable_Rating`, `u`.`Exp_Years`, `u`.`Facebook`, `u`.`Google_Analytics`, `u`.`Image`, `u`.`Instagram`, `u`.`Linkedin`, `u`.`Name`, `u`.`Parent_Id`, `u`.`Password`, `u`.`Paypal_Email`, `u`.`Paypal_Mode`, `u`.`Paypal_Payment`, `u`.`Paystack_Payment`, `u`.`Paystack_Public_Key`, `u`.`Paystack_Secret_Key`, `u`.`Phone`, `u`.`Publish_Key`, `u`.`Qr_Code`, `u`.`Razorpay_Key_Id`, `u`.`Razorpay_Key_Secret`, `u`.`Razorpay_Payment`, `u`.`Role`, `u`.`Secret_Key`, `u`.`Skype`, `u`.`Slug`, `u`.`Specialist`, `u`.`Status`, `u`.`Stripe_Payment`, `u`.`Thumb`, `u`.`Trial_Expire`, `u`.`Twitter`, `u`.`User_Name`, `u`.`User_Type`, `u`.`Verify_Code`, `u`.`Whatsapp`
FROM `Users` AS `u`
WHERE `u`.`Id` = @__id_0
LIMIT 1
2023-10-07 18:12:28.162 +05:30  INF  Executing endpoint 'DCRM.Api.Controllers.DealerController.GetAllAsync (DCRM.Api)'
2023-10-07 18:12:28.163 +05:30  INF  Route matched with {action = "GetAll", controller = "Dealer"}. Executing controller action with signature System.Threading.Tasks.Task`1[System.Collections.Generic.IEnumerable`1[DCRM.Common.Dto.DealerDto]] GetAllAsync() on controller DCRM.Api.Controllers.DealerController (DCRM.Api).
2023-10-07 18:12:28.166 +05:30  INF  Executed DbCommand (1ms) [Parameters=[@__userId_0='?' (DbType = Int64)], CommandType='"Text"', CommandTimeout='30']
SELECT `d`.`Id`, `d`.`Address_O`, `d`.`Address_R`, `d`.`City_O`, `d`.`City_R`, `d`.`Company_Name`, `d`.`Country_O`, `d`.`Country_R`, `d`.`Created_At`, `d`.`Email1`, `d`.`Email2`, `d`.`Gst_Number`, `d`.`Image`, `d`.`Is_Deleted`, `d`.`Own_Name_1`, `d`.`Own_Name_2`, `d`.`Pan_Number`, `d`.`Phone1`, `d`.`Phone2`, `d`.`Staff_Email1`, `d`.`Staff_Email2`, `d`.`Staff_Email3`, `d`.`Staff_Email4`, `d`.`Staff_Name1`, `d`.`Staff_Name2`, `d`.`Staff_Name3`, `d`.`Staff_Name4`, `d`.`Staff_Phone1`, `d`.`Staff_Phone2`, `d`.`Staff_Phone3`, `d`.`Staff_Phone4`, `d`.`Updated_At`, `d`.`User_Id`, `d`.`Zip_O`, `d`.`Zip_R`
FROM `Dealers` AS `d`
WHERE (`d`.`Is_Deleted` = 0) AND (`d`.`User_Id` = @__userId_0)
2023-10-07 18:12:28.170 +05:30  INF  Executed DbCommand (1ms) [Parameters=[@__p_0='?' (DbType = Int64)], CommandType='"Text"', CommandTimeout='30']
SELECT `d`.`Id`, `d`.`Bank_Account_Number`, `d`.`Bank_Name`, `d`.`Dealer_Id`, `d`.`Ifsc_Code`, `d`.`Remarks`, `d`.`Updated_At`
FROM `Dealer_Bank_Details` AS `d`
WHERE `d`.`Dealer_Id` = @__p_0
2023-10-07 18:12:28.172 +05:30  INF  Executed DbCommand (1ms) [Parameters=[@__p_0='?' (DbType = Int64)], CommandType='"Text"', CommandTimeout='30']
SELECT `d`.`Id`, `d`.`Dealer_Id`, `d`.`Material_Cost`, `d`.`Material_Date`, `d`.`Material_Name`
FROM `Dealer_Material` AS `d`
WHERE `d`.`Dealer_Id` = @__p_0
2023-10-07 18:12:28.175 +05:30  INF  Executed DbCommand (1ms) [Parameters=[@__p_0='?' (DbType = Int64)], CommandType='"Text"', CommandTimeout='30']
SELECT `d`.`Id`, `d`.`Bank_Account_Number`, `d`.`Bank_Name`, `d`.`Dealer_Id`, `d`.`Ifsc_Code`, `d`.`Remarks`, `d`.`Updated_At`
FROM `Dealer_Bank_Details` AS `d`
WHERE `d`.`Dealer_Id` = @__p_0
2023-10-07 18:12:28.178 +05:30  INF  Executed DbCommand (1ms) [Parameters=[@__p_0='?' (DbType = Int64)], CommandType='"Text"', CommandTimeout='30']
SELECT `d`.`Id`, `d`.`Dealer_Id`, `d`.`Material_Cost`, `d`.`Material_Date`, `d`.`Material_Name`
FROM `Dealer_Material` AS `d`
WHERE `d`.`Dealer_Id` = @__p_0
2023-10-07 18:12:28.181 +05:30  INF  Executed DbCommand (1ms) [Parameters=[@__p_0='?' (DbType = Int64)], CommandType='"Text"', CommandTimeout='30']
SELECT `d`.`Id`, `d`.`Bank_Account_Number`, `d`.`Bank_Name`, `d`.`Dealer_Id`, `d`.`Ifsc_Code`, `d`.`Remarks`, `d`.`Updated_At`
FROM `Dealer_Bank_Details` AS `d`
WHERE `d`.`Dealer_Id` = @__p_0
2023-10-07 18:12:28.184 +05:30  INF  Executed DbCommand (1ms) [Parameters=[@__p_0='?' (DbType = Int64)], CommandType='"Text"', CommandTimeout='30']
SELECT `d`.`Id`, `d`.`Dealer_Id`, `d`.`Material_Cost`, `d`.`Material_Date`, `d`.`Material_Name`
FROM `Dealer_Material` AS `d`
WHERE `d`.`Dealer_Id` = @__p_0
2023-10-07 18:12:28.186 +05:30  INF  Executed DbCommand (1ms) [Parameters=[@__p_0='?' (DbType = Int64)], CommandType='"Text"', CommandTimeout='30']
SELECT `d`.`Id`, `d`.`Bank_Account_Number`, `d`.`Bank_Name`, `d`.`Dealer_Id`, `d`.`Ifsc_Code`, `d`.`Remarks`, `d`.`Updated_At`
FROM `Dealer_Bank_Details` AS `d`
WHERE `d`.`Dealer_Id` = @__p_0
2023-10-07 18:12:28.188 +05:30  INF  Executed DbCommand (1ms) [Parameters=[@__p_0='?' (DbType = Int64)], CommandType='"Text"', CommandTimeout='30']
SELECT `d`.`Id`, `d`.`Dealer_Id`, `d`.`Material_Cost`, `d`.`Material_Date`, `d`.`Material_Name`
FROM `Dealer_Material` AS `d`
WHERE `d`.`Dealer_Id` = @__p_0
2023-10-07 18:12:28.190 +05:30  INF  Executed DbCommand (1ms) [Parameters=[@__p_0='?' (DbType = Int64)], CommandType='"Text"', CommandTimeout='30']
SELECT `d`.`Id`, `d`.`Bank_Account_Number`, `d`.`Bank_Name`, `d`.`Dealer_Id`, `d`.`Ifsc_Code`, `d`.`Remarks`, `d`.`Updated_At`
FROM `Dealer_Bank_Details` AS `d`
WHERE `d`.`Dealer_Id` = @__p_0
2023-10-07 18:12:28.192 +05:30  INF  Executed DbCommand (1ms) [Parameters=[@__p_0='?' (DbType = Int64)], CommandType='"Text"', CommandTimeout='30']
SELECT `d`.`Id`, `d`.`Dealer_Id`, `d`.`Material_Cost`, `d`.`Material_Date`, `d`.`Material_Name`
FROM `Dealer_Material` AS `d`
WHERE `d`.`Dealer_Id` = @__p_0
2023-10-07 18:12:28.195 +05:30  INF  Executed DbCommand (1ms) [Parameters=[@__p_0='?' (DbType = Int64)], CommandType='"Text"', CommandTimeout='30']
SELECT `d`.`Id`, `d`.`Bank_Account_Number`, `d`.`Bank_Name`, `d`.`Dealer_Id`, `d`.`Ifsc_Code`, `d`.`Remarks`, `d`.`Updated_At`
FROM `Dealer_Bank_Details` AS `d`
WHERE `d`.`Dealer_Id` = @__p_0
2023-10-07 18:12:28.198 +05:30  INF  Executed DbCommand (1ms) [Parameters=[@__p_0='?' (DbType = Int64)], CommandType='"Text"', CommandTimeout='30']
SELECT `d`.`Id`, `d`.`Dealer_Id`, `d`.`Material_Cost`, `d`.`Material_Date`, `d`.`Material_Name`
FROM `Dealer_Material` AS `d`
WHERE `d`.`Dealer_Id` = @__p_0
2023-10-07 18:12:28.200 +05:30  INF  Executed DbCommand (1ms) [Parameters=[@__p_0='?' (DbType = Int64)], CommandType='"Text"', CommandTimeout='30']
SELECT `d`.`Id`, `d`.`Bank_Account_Number`, `d`.`Bank_Name`, `d`.`Dealer_Id`, `d`.`Ifsc_Code`, `d`.`Remarks`, `d`.`Updated_At`
FROM `Dealer_Bank_Details` AS `d`
WHERE `d`.`Dealer_Id` = @__p_0
2023-10-07 18:12:28.202 +05:30  INF  Executed DbCommand (1ms) [Parameters=[@__p_0='?' (DbType = Int64)], CommandType='"Text"', CommandTimeout='30']
SELECT `d`.`Id`, `d`.`Dealer_Id`, `d`.`Material_Cost`, `d`.`Material_Date`, `d`.`Material_Name`
FROM `Dealer_Material` AS `d`
WHERE `d`.`Dealer_Id` = @__p_0
2023-10-07 18:12:28.204 +05:30  INF  Executed DbCommand (1ms) [Parameters=[@__p_0='?' (DbType = Int64)], CommandType='"Text"', CommandTimeout='30']
SELECT `d`.`Id`, `d`.`Bank_Account_Number`, `d`.`Bank_Name`, `d`.`Dealer_Id`, `d`.`Ifsc_Code`, `d`.`Remarks`, `d`.`Updated_At`
FROM `Dealer_Bank_Details` AS `d`
WHERE `d`.`Dealer_Id` = @__p_0
2023-10-07 18:12:28.206 +05:30  INF  Executed DbCommand (1ms) [Parameters=[@__p_0='?' (DbType = Int64)], CommandType='"Text"', CommandTimeout='30']
SELECT `d`.`Id`, `d`.`Dealer_Id`, `d`.`Material_Cost`, `d`.`Material_Date`, `d`.`Material_Name`
FROM `Dealer_Material` AS `d`
WHERE `d`.`Dealer_Id` = @__p_0
2023-10-07 18:12:28.206 +05:30  INF  Executing ObjectResult, writing value of type 'System.Collections.Generic.List`1[[DCRM.Common.Dto.DealerDto, DCRM.Common, Version=1.0.0.0, Culture=neutral, PublicKeyToken=null]]'.
2023-10-07 18:12:28.207 +05:30  INF  Executed action DCRM.Api.Controllers.DealerController.GetAllAsync (DCRM.Api) in 43.6344ms
2023-10-07 18:12:28.207 +05:30  INF  Executed endpoint 'DCRM.Api.Controllers.DealerController.GetAllAsync (DCRM.Api)'
2023-10-07 18:12:28.207 +05:30  INF  Request finished HTTP/2 GET https://localhost:7069/api/Dealer/GetAll application/json - - 200 - application/json;+charset=utf-8 51.2516ms
2023-10-07 18:12:37.108 +05:30  INF  Request starting HTTP/2 OPTIONS https://localhost:7069/api/Dealer/Get/29 - -
2023-10-07 18:12:37.109 +05:30  INF  CORS policy execution successful.
2023-10-07 18:12:37.109 +05:30  INF  Request finished HTTP/2 OPTIONS https://localhost:7069/api/Dealer/Get/29 - - - 204 - - 0.4266ms
2023-10-07 18:12:37.110 +05:30  INF  Request starting HTTP/2 GET https://localhost:7069/api/Dealer/Get/29 application/json -
2023-10-07 18:12:37.110 +05:30  INF  CORS policy execution successful.
2023-10-07 18:12:37.113 +05:30  INF  Executed DbCommand (1ms) [Parameters=[@__id_0='?' (DbType = Int32)], CommandType='"Text"', CommandTimeout='30']
SELECT `u`.`Id`, `u`.`About_Me`, `u`.`Account_Type`, `u`.`Address`, `u`.`Available_Days`, `u`.`Bn_Name`, `u`.`City`, `u`.`Country`, `u`.`Created_At`, `u`.`Currency`, `u`.`Degree`, `u`.`Email`, `u`.`Email_Verified`, `u`.`Enable_Appointment`, `u`.`Enable_Rating`, `u`.`Exp_Years`, `u`.`Facebook`, `u`.`Google_Analytics`, `u`.`Image`, `u`.`Instagram`, `u`.`Linkedin`, `u`.`Name`, `u`.`Parent_Id`, `u`.`Password`, `u`.`Paypal_Email`, `u`.`Paypal_Mode`, `u`.`Paypal_Payment`, `u`.`Paystack_Payment`, `u`.`Paystack_Public_Key`, `u`.`Paystack_Secret_Key`, `u`.`Phone`, `u`.`Publish_Key`, `u`.`Qr_Code`, `u`.`Razorpay_Key_Id`, `u`.`Razorpay_Key_Secret`, `u`.`Razorpay_Payment`, `u`.`Role`, `u`.`Secret_Key`, `u`.`Skype`, `u`.`Slug`, `u`.`Specialist`, `u`.`Status`, `u`.`Stripe_Payment`, `u`.`Thumb`, `u`.`Trial_Expire`, `u`.`Twitter`, `u`.`User_Name`, `u`.`User_Type`, `u`.`Verify_Code`, `u`.`Whatsapp`
FROM `Users` AS `u`
WHERE `u`.`Id` = @__id_0
LIMIT 1
2023-10-07 18:12:37.113 +05:30  INF  Executing endpoint 'DCRM.Api.Controllers.DealerController.GetAsync (DCRM.Api)'
2023-10-07 18:12:37.116 +05:30  INF  Route matched with {action = "Get", controller = "Dealer"}. Executing controller action with signature System.Threading.Tasks.Task`1[DCRM.Common.Dto.DealerDto] GetAsync(Int32) on controller DCRM.Api.Controllers.DealerController (DCRM.Api).
2023-10-07 18:12:37.127 +05:30  INF  Executed DbCommand (1ms) [Parameters=[@__id_0='?' (DbType = Int32), @__userId_1='?' (DbType = Int64)], CommandType='"Text"', CommandTimeout='30']
SELECT `d`.`Id`, `d`.`Address_O`, `d`.`Address_R`, `d`.`City_O`, `d`.`City_R`, `d`.`Company_Name`, `d`.`Country_O`, `d`.`Country_R`, `d`.`Created_At`, `d`.`Email1`, `d`.`Email2`, `d`.`Gst_Number`, `d`.`Image`, `d`.`Is_Deleted`, `d`.`Own_Name_1`, `d`.`Own_Name_2`, `d`.`Pan_Number`, `d`.`Phone1`, `d`.`Phone2`, `d`.`Staff_Email1`, `d`.`Staff_Email2`, `d`.`Staff_Email3`, `d`.`Staff_Email4`, `d`.`Staff_Name1`, `d`.`Staff_Name2`, `d`.`Staff_Name3`, `d`.`Staff_Name4`, `d`.`Staff_Phone1`, `d`.`Staff_Phone2`, `d`.`Staff_Phone3`, `d`.`Staff_Phone4`, `d`.`Updated_At`, `d`.`User_Id`, `d`.`Zip_O`, `d`.`Zip_R`
FROM `Dealers` AS `d`
WHERE ((`d`.`Id` = @__id_0) AND (`d`.`Is_Deleted` = 0)) AND (`d`.`User_Id` = @__userId_1)
LIMIT 1
2023-10-07 18:12:37.129 +05:30  INF  Executed DbCommand (1ms) [Parameters=[@__p_0='?' (DbType = Int64)], CommandType='"Text"', CommandTimeout='30']
SELECT `d`.`Id`, `d`.`Bank_Account_Number`, `d`.`Bank_Name`, `d`.`Dealer_Id`, `d`.`Ifsc_Code`, `d`.`Remarks`, `d`.`Updated_At`
FROM `Dealer_Bank_Details` AS `d`
WHERE `d`.`Dealer_Id` = @__p_0
2023-10-07 18:12:37.130 +05:30  INF  Executed DbCommand (0ms) [Parameters=[@__p_0='?' (DbType = Int64)], CommandType='"Text"', CommandTimeout='30']
SELECT `d`.`Id`, `d`.`Dealer_Id`, `d`.`Material_Cost`, `d`.`Material_Date`, `d`.`Material_Name`
FROM `Dealer_Material` AS `d`
WHERE `d`.`Dealer_Id` = @__p_0
2023-10-07 18:12:37.132 +05:30  INF  Executing ObjectResult, writing value of type 'DCRM.Common.Dto.DealerDto'.
2023-10-07 18:12:37.133 +05:30  INF  Executed action DCRM.Api.Controllers.DealerController.GetAsync (DCRM.Api) in 16.2955ms
2023-10-07 18:12:37.133 +05:30  INF  Executed endpoint 'DCRM.Api.Controllers.DealerController.GetAsync (DCRM.Api)'
2023-10-07 18:12:37.134 +05:30  INF  Request finished HTTP/2 GET https://localhost:7069/api/Dealer/Get/29 application/json - - 200 - application/json;+charset=utf-8 24.1303ms
2023-10-07 18:18:20.106 +05:30  INF  Request starting HTTP/2 OPTIONS https://localhost:7069/api/Dealer/Get/29 - -
2023-10-07 18:18:20.106 +05:30  INF  CORS policy execution successful.
2023-10-07 18:18:20.106 +05:30  INF  Request finished HTTP/2 OPTIONS https://localhost:7069/api/Dealer/Get/29 - - - 204 - - 0.2363ms
2023-10-07 18:18:20.107 +05:30  INF  Request starting HTTP/2 GET https://localhost:7069/api/Dealer/Get/29 application/json -
2023-10-07 18:18:20.107 +05:30  INF  CORS policy execution successful.
2023-10-07 18:18:20.133 +05:30  INF  Executed DbCommand (1ms) [Parameters=[@__id_0='?' (DbType = Int32)], CommandType='"Text"', CommandTimeout='30']
SELECT `u`.`Id`, `u`.`About_Me`, `u`.`Account_Type`, `u`.`Address`, `u`.`Available_Days`, `u`.`Bn_Name`, `u`.`City`, `u`.`Country`, `u`.`Created_At`, `u`.`Currency`, `u`.`Degree`, `u`.`Email`, `u`.`Email_Verified`, `u`.`Enable_Appointment`, `u`.`Enable_Rating`, `u`.`Exp_Years`, `u`.`Facebook`, `u`.`Google_Analytics`, `u`.`Image`, `u`.`Instagram`, `u`.`Linkedin`, `u`.`Name`, `u`.`Parent_Id`, `u`.`Password`, `u`.`Paypal_Email`, `u`.`Paypal_Mode`, `u`.`Paypal_Payment`, `u`.`Paystack_Payment`, `u`.`Paystack_Public_Key`, `u`.`Paystack_Secret_Key`, `u`.`Phone`, `u`.`Publish_Key`, `u`.`Qr_Code`, `u`.`Razorpay_Key_Id`, `u`.`Razorpay_Key_Secret`, `u`.`Razorpay_Payment`, `u`.`Role`, `u`.`Secret_Key`, `u`.`Skype`, `u`.`Slug`, `u`.`Specialist`, `u`.`Status`, `u`.`Stripe_Payment`, `u`.`Thumb`, `u`.`Trial_Expire`, `u`.`Twitter`, `u`.`User_Name`, `u`.`User_Type`, `u`.`Verify_Code`, `u`.`Whatsapp`
FROM `Users` AS `u`
WHERE `u`.`Id` = @__id_0
LIMIT 1
2023-10-07 18:18:20.133 +05:30  INF  Executing endpoint 'DCRM.Api.Controllers.DealerController.GetAsync (DCRM.Api)'
2023-10-07 18:18:20.133 +05:30  INF  Route matched with {action = "Get", controller = "Dealer"}. Executing controller action with signature System.Threading.Tasks.Task`1[DCRM.Common.Dto.DealerDto] GetAsync(Int32) on controller DCRM.Api.Controllers.DealerController (DCRM.Api).
2023-10-07 18:18:20.135 +05:30  INF  Executed DbCommand (1ms) [Parameters=[@__id_0='?' (DbType = Int32), @__userId_1='?' (DbType = Int64)], CommandType='"Text"', CommandTimeout='30']
SELECT `d`.`Id`, `d`.`Address_O`, `d`.`Address_R`, `d`.`City_O`, `d`.`City_R`, `d`.`Company_Name`, `d`.`Country_O`, `d`.`Country_R`, `d`.`Created_At`, `d`.`Email1`, `d`.`Email2`, `d`.`Gst_Number`, `d`.`Image`, `d`.`Is_Deleted`, `d`.`Own_Name_1`, `d`.`Own_Name_2`, `d`.`Pan_Number`, `d`.`Phone1`, `d`.`Phone2`, `d`.`Staff_Email1`, `d`.`Staff_Email2`, `d`.`Staff_Email3`, `d`.`Staff_Email4`, `d`.`Staff_Name1`, `d`.`Staff_Name2`, `d`.`Staff_Name3`, `d`.`Staff_Name4`, `d`.`Staff_Phone1`, `d`.`Staff_Phone2`, `d`.`Staff_Phone3`, `d`.`Staff_Phone4`, `d`.`Updated_At`, `d`.`User_Id`, `d`.`Zip_O`, `d`.`Zip_R`
FROM `Dealers` AS `d`
WHERE ((`d`.`Id` = @__id_0) AND (`d`.`Is_Deleted` = 0)) AND (`d`.`User_Id` = @__userId_1)
LIMIT 1
2023-10-07 18:18:20.136 +05:30  INF  Executed DbCommand (0ms) [Parameters=[@__p_0='?' (DbType = Int64)], CommandType='"Text"', CommandTimeout='30']
SELECT `d`.`Id`, `d`.`Bank_Account_Number`, `d`.`Bank_Name`, `d`.`Dealer_Id`, `d`.`Ifsc_Code`, `d`.`Remarks`, `d`.`Updated_At`
FROM `Dealer_Bank_Details` AS `d`
WHERE `d`.`Dealer_Id` = @__p_0
2023-10-07 18:18:20.137 +05:30  INF  Executed DbCommand (0ms) [Parameters=[@__p_0='?' (DbType = Int64)], CommandType='"Text"', CommandTimeout='30']
SELECT `d`.`Id`, `d`.`Dealer_Id`, `d`.`Material_Cost`, `d`.`Material_Date`, `d`.`Material_Name`
FROM `Dealer_Material` AS `d`
WHERE `d`.`Dealer_Id` = @__p_0
2023-10-07 18:18:20.137 +05:30  INF  Executing ObjectResult, writing value of type 'DCRM.Common.Dto.DealerDto'.
2023-10-07 18:18:20.138 +05:30  INF  Executed action DCRM.Api.Controllers.DealerController.GetAsync (DCRM.Api) in 4.5985ms
2023-10-07 18:18:20.138 +05:30  INF  Executed endpoint 'DCRM.Api.Controllers.DealerController.GetAsync (DCRM.Api)'
2023-10-07 18:18:20.138 +05:30  INF  Request finished HTTP/2 GET https://localhost:7069/api/Dealer/Get/29 application/json - - 200 - application/json;+charset=utf-8 30.9584ms
2023-10-07 18:20:26.675 +05:30  INF  Request starting HTTP/2 OPTIONS https://localhost:7069/api/Dealer/Get/29 - -
2023-10-07 18:20:26.675 +05:30  INF  CORS policy execution successful.
2023-10-07 18:20:26.675 +05:30  INF  Request finished HTTP/2 OPTIONS https://localhost:7069/api/Dealer/Get/29 - - - 204 - - 0.3417ms
2023-10-07 18:20:26.676 +05:30  INF  Request starting HTTP/2 GET https://localhost:7069/api/Dealer/Get/29 application/json -
2023-10-07 18:20:26.676 +05:30  INF  CORS policy execution successful.
2023-10-07 18:20:26.679 +05:30  INF  Executed DbCommand (1ms) [Parameters=[@__id_0='?' (DbType = Int32)], CommandType='"Text"', CommandTimeout='30']
SELECT `u`.`Id`, `u`.`About_Me`, `u`.`Account_Type`, `u`.`Address`, `u`.`Available_Days`, `u`.`Bn_Name`, `u`.`City`, `u`.`Country`, `u`.`Created_At`, `u`.`Currency`, `u`.`Degree`, `u`.`Email`, `u`.`Email_Verified`, `u`.`Enable_Appointment`, `u`.`Enable_Rating`, `u`.`Exp_Years`, `u`.`Facebook`, `u`.`Google_Analytics`, `u`.`Image`, `u`.`Instagram`, `u`.`Linkedin`, `u`.`Name`, `u`.`Parent_Id`, `u`.`Password`, `u`.`Paypal_Email`, `u`.`Paypal_Mode`, `u`.`Paypal_Payment`, `u`.`Paystack_Payment`, `u`.`Paystack_Public_Key`, `u`.`Paystack_Secret_Key`, `u`.`Phone`, `u`.`Publish_Key`, `u`.`Qr_Code`, `u`.`Razorpay_Key_Id`, `u`.`Razorpay_Key_Secret`, `u`.`Razorpay_Payment`, `u`.`Role`, `u`.`Secret_Key`, `u`.`Skype`, `u`.`Slug`, `u`.`Specialist`, `u`.`Status`, `u`.`Stripe_Payment`, `u`.`Thumb`, `u`.`Trial_Expire`, `u`.`Twitter`, `u`.`User_Name`, `u`.`User_Type`, `u`.`Verify_Code`, `u`.`Whatsapp`
FROM `Users` AS `u`
WHERE `u`.`Id` = @__id_0
LIMIT 1
2023-10-07 18:20:26.680 +05:30  INF  Executing endpoint 'DCRM.Api.Controllers.DealerController.GetAsync (DCRM.Api)'
2023-10-07 18:20:26.680 +05:30  INF  Route matched with {action = "Get", controller = "Dealer"}. Executing controller action with signature System.Threading.Tasks.Task`1[DCRM.Common.Dto.DealerDto] GetAsync(Int32) on controller DCRM.Api.Controllers.DealerController (DCRM.Api).
2023-10-07 18:20:26.682 +05:30  INF  Executed DbCommand (1ms) [Parameters=[@__id_0='?' (DbType = Int32), @__userId_1='?' (DbType = Int64)], CommandType='"Text"', CommandTimeout='30']
SELECT `d`.`Id`, `d`.`Address_O`, `d`.`Address_R`, `d`.`City_O`, `d`.`City_R`, `d`.`Company_Name`, `d`.`Country_O`, `d`.`Country_R`, `d`.`Created_At`, `d`.`Email1`, `d`.`Email2`, `d`.`Gst_Number`, `d`.`Image`, `d`.`Is_Deleted`, `d`.`Own_Name_1`, `d`.`Own_Name_2`, `d`.`Pan_Number`, `d`.`Phone1`, `d`.`Phone2`, `d`.`Staff_Email1`, `d`.`Staff_Email2`, `d`.`Staff_Email3`, `d`.`Staff_Email4`, `d`.`Staff_Name1`, `d`.`Staff_Name2`, `d`.`Staff_Name3`, `d`.`Staff_Name4`, `d`.`Staff_Phone1`, `d`.`Staff_Phone2`, `d`.`Staff_Phone3`, `d`.`Staff_Phone4`, `d`.`Updated_At`, `d`.`User_Id`, `d`.`Zip_O`, `d`.`Zip_R`
FROM `Dealers` AS `d`
WHERE ((`d`.`Id` = @__id_0) AND (`d`.`Is_Deleted` = 0)) AND (`d`.`User_Id` = @__userId_1)
LIMIT 1
2023-10-07 18:20:26.683 +05:30  INF  Executed DbCommand (1ms) [Parameters=[@__p_0='?' (DbType = Int64)], CommandType='"Text"', CommandTimeout='30']
SELECT `d`.`Id`, `d`.`Bank_Account_Number`, `d`.`Bank_Name`, `d`.`Dealer_Id`, `d`.`Ifsc_Code`, `d`.`Remarks`, `d`.`Updated_At`
FROM `Dealer_Bank_Details` AS `d`
WHERE `d`.`Dealer_Id` = @__p_0
2023-10-07 18:20:26.685 +05:30  INF  Executed DbCommand (0ms) [Parameters=[@__p_0='?' (DbType = Int64)], CommandType='"Text"', CommandTimeout='30']
SELECT `d`.`Id`, `d`.`Dealer_Id`, `d`.`Material_Cost`, `d`.`Material_Date`, `d`.`Material_Name`
FROM `Dealer_Material` AS `d`
WHERE `d`.`Dealer_Id` = @__p_0
2023-10-07 18:20:26.685 +05:30  INF  Executing ObjectResult, writing value of type 'DCRM.Common.Dto.DealerDto'.
2023-10-07 18:20:26.685 +05:30  INF  Executed action DCRM.Api.Controllers.DealerController.GetAsync (DCRM.Api) in 5.4063ms
2023-10-07 18:20:26.685 +05:30  INF  Executed endpoint 'DCRM.Api.Controllers.DealerController.GetAsync (DCRM.Api)'
2023-10-07 18:20:26.685 +05:30  INF  Request finished HTTP/2 GET https://localhost:7069/api/Dealer/Get/29 application/json - - 200 - application/json;+charset=utf-8 9.0256ms
2023-10-07 18:36:35.118 +05:30  INF  Request starting HTTP/2 OPTIONS https://localhost:7069/api/Dealer/Get/29 - -
2023-10-07 18:36:35.119 +05:30  INF  CORS policy execution successful.
2023-10-07 18:36:35.119 +05:30  INF  Request finished HTTP/2 OPTIONS https://localhost:7069/api/Dealer/Get/29 - - - 204 - - 0.5312ms
2023-10-07 18:36:35.129 +05:30  INF  Request starting HTTP/2 GET https://localhost:7069/api/Dealer/Get/29 application/json -
2023-10-07 18:36:35.129 +05:30  INF  CORS policy execution successful.
2023-10-07 18:36:35.151 +05:30  INF  Executed DbCommand (1ms) [Parameters=[@__id_0='?' (DbType = Int32)], CommandType='"Text"', CommandTimeout='30']
SELECT `u`.`Id`, `u`.`About_Me`, `u`.`Account_Type`, `u`.`Address`, `u`.`Available_Days`, `u`.`Bn_Name`, `u`.`City`, `u`.`Country`, `u`.`Created_At`, `u`.`Currency`, `u`.`Degree`, `u`.`Email`, `u`.`Email_Verified`, `u`.`Enable_Appointment`, `u`.`Enable_Rating`, `u`.`Exp_Years`, `u`.`Facebook`, `u`.`Google_Analytics`, `u`.`Image`, `u`.`Instagram`, `u`.`Linkedin`, `u`.`Name`, `u`.`Parent_Id`, `u`.`Password`, `u`.`Paypal_Email`, `u`.`Paypal_Mode`, `u`.`Paypal_Payment`, `u`.`Paystack_Payment`, `u`.`Paystack_Public_Key`, `u`.`Paystack_Secret_Key`, `u`.`Phone`, `u`.`Publish_Key`, `u`.`Qr_Code`, `u`.`Razorpay_Key_Id`, `u`.`Razorpay_Key_Secret`, `u`.`Razorpay_Payment`, `u`.`Role`, `u`.`Secret_Key`, `u`.`Skype`, `u`.`Slug`, `u`.`Specialist`, `u`.`Status`, `u`.`Stripe_Payment`, `u`.`Thumb`, `u`.`Trial_Expire`, `u`.`Twitter`, `u`.`User_Name`, `u`.`User_Type`, `u`.`Verify_Code`, `u`.`Whatsapp`
FROM `Users` AS `u`
WHERE `u`.`Id` = @__id_0
LIMIT 1
2023-10-07 18:36:35.152 +05:30  INF  Executing endpoint 'DCRM.Api.Controllers.DealerController.GetAsync (DCRM.Api)'
2023-10-07 18:36:35.152 +05:30  INF  Route matched with {action = "Get", controller = "Dealer"}. Executing controller action with signature System.Threading.Tasks.Task`1[DCRM.Common.Dto.DealerDto] GetAsync(Int32) on controller DCRM.Api.Controllers.DealerController (DCRM.Api).
2023-10-07 18:36:35.154 +05:30  INF  Executed DbCommand (1ms) [Parameters=[@__id_0='?' (DbType = Int32), @__userId_1='?' (DbType = Int64)], CommandType='"Text"', CommandTimeout='30']
SELECT `d`.`Id`, `d`.`Address_O`, `d`.`Address_R`, `d`.`City_O`, `d`.`City_R`, `d`.`Company_Name`, `d`.`Country_O`, `d`.`Country_R`, `d`.`Created_At`, `d`.`Email1`, `d`.`Email2`, `d`.`Gst_Number`, `d`.`Image`, `d`.`Is_Deleted`, `d`.`Own_Name_1`, `d`.`Own_Name_2`, `d`.`Pan_Number`, `d`.`Phone1`, `d`.`Phone2`, `d`.`Staff_Email1`, `d`.`Staff_Email2`, `d`.`Staff_Email3`, `d`.`Staff_Email4`, `d`.`Staff_Name1`, `d`.`Staff_Name2`, `d`.`Staff_Name3`, `d`.`Staff_Name4`, `d`.`Staff_Phone1`, `d`.`Staff_Phone2`, `d`.`Staff_Phone3`, `d`.`Staff_Phone4`, `d`.`Updated_At`, `d`.`User_Id`, `d`.`Zip_O`, `d`.`Zip_R`
FROM `Dealers` AS `d`
WHERE ((`d`.`Id` = @__id_0) AND (`d`.`Is_Deleted` = 0)) AND (`d`.`User_Id` = @__userId_1)
LIMIT 1
2023-10-07 18:36:35.157 +05:30  INF  Executed DbCommand (1ms) [Parameters=[@__p_0='?' (DbType = Int64)], CommandType='"Text"', CommandTimeout='30']
SELECT `d`.`Id`, `d`.`Bank_Account_Number`, `d`.`Bank_Name`, `d`.`Dealer_Id`, `d`.`Ifsc_Code`, `d`.`Remarks`, `d`.`Updated_At`
FROM `Dealer_Bank_Details` AS `d`
WHERE `d`.`Dealer_Id` = @__p_0
2023-10-07 18:36:35.159 +05:30  INF  Executed DbCommand (1ms) [Parameters=[@__p_0='?' (DbType = Int64)], CommandType='"Text"', CommandTimeout='30']
SELECT `d`.`Id`, `d`.`Dealer_Id`, `d`.`Material_Cost`, `d`.`Material_Date`, `d`.`Material_Name`
FROM `Dealer_Material` AS `d`
WHERE `d`.`Dealer_Id` = @__p_0
2023-10-07 18:36:35.160 +05:30  INF  Executing ObjectResult, writing value of type 'DCRM.Common.Dto.DealerDto'.
2023-10-07 18:36:35.160 +05:30  INF  Executed action DCRM.Api.Controllers.DealerController.GetAsync (DCRM.Api) in 7.9794ms
2023-10-07 18:36:35.160 +05:30  INF  Executed endpoint 'DCRM.Api.Controllers.DealerController.GetAsync (DCRM.Api)'
2023-10-07 18:36:35.160 +05:30  INF  Request finished HTTP/2 GET https://localhost:7069/api/Dealer/Get/29 application/json - - 200 - application/json;+charset=utf-8 31.4180ms
2023-10-07 18:36:45.939 +05:30  INF  Request starting HTTP/2 OPTIONS https://localhost:7069/api/Dealer/Update - -
2023-10-07 18:36:45.940 +05:30  INF  CORS policy execution successful.
2023-10-07 18:36:45.940 +05:30  INF  Request finished HTTP/2 OPTIONS https://localhost:7069/api/Dealer/Update - - - 204 - - 0.3520ms
2023-10-07 18:36:45.942 +05:30  INF  Request starting HTTP/2 POST https://localhost:7069/api/Dealer/Update application/json 1248
2023-10-07 18:36:45.942 +05:30  INF  CORS policy execution successful.
2023-10-07 18:36:45.946 +05:30  INF  Executed DbCommand (1ms) [Parameters=[@__id_0='?' (DbType = Int32)], CommandType='"Text"', CommandTimeout='30']
SELECT `u`.`Id`, `u`.`About_Me`, `u`.`Account_Type`, `u`.`Address`, `u`.`Available_Days`, `u`.`Bn_Name`, `u`.`City`, `u`.`Country`, `u`.`Created_At`, `u`.`Currency`, `u`.`Degree`, `u`.`Email`, `u`.`Email_Verified`, `u`.`Enable_Appointment`, `u`.`Enable_Rating`, `u`.`Exp_Years`, `u`.`Facebook`, `u`.`Google_Analytics`, `u`.`Image`, `u`.`Instagram`, `u`.`Linkedin`, `u`.`Name`, `u`.`Parent_Id`, `u`.`Password`, `u`.`Paypal_Email`, `u`.`Paypal_Mode`, `u`.`Paypal_Payment`, `u`.`Paystack_Payment`, `u`.`Paystack_Public_Key`, `u`.`Paystack_Secret_Key`, `u`.`Phone`, `u`.`Publish_Key`, `u`.`Qr_Code`, `u`.`Razorpay_Key_Id`, `u`.`Razorpay_Key_Secret`, `u`.`Razorpay_Payment`, `u`.`Role`, `u`.`Secret_Key`, `u`.`Skype`, `u`.`Slug`, `u`.`Specialist`, `u`.`Status`, `u`.`Stripe_Payment`, `u`.`Thumb`, `u`.`Trial_Expire`, `u`.`Twitter`, `u`.`User_Name`, `u`.`User_Type`, `u`.`Verify_Code`, `u`.`Whatsapp`
FROM `Users` AS `u`
WHERE `u`.`Id` = @__id_0
LIMIT 1
2023-10-07 18:36:45.946 +05:30  INF  Executing endpoint 'DCRM.Api.Controllers.DealerController.Update (DCRM.Api)'
2023-10-07 18:36:45.949 +05:30  INF  Route matched with {action = "Update", controller = "Dealer"}. Executing controller action with signature System.Threading.Tasks.Task`1[Microsoft.AspNetCore.Mvc.IActionResult] Update(DCRM.Common.Entity.DealerRequest) on controller DCRM.Api.Controllers.DealerController (DCRM.Api).
2023-10-07 18:36:45.997 +05:30  INF  Executed DbCommand (1ms) [Parameters=[@__request_Id_0='?' (DbType = Int32)], CommandType='"Text"', CommandTimeout='30']
SELECT `d`.`Id`, `d`.`Address_O`, `d`.`Address_R`, `d`.`City_O`, `d`.`City_R`, `d`.`Company_Name`, `d`.`Country_O`, `d`.`Country_R`, `d`.`Created_At`, `d`.`Email1`, `d`.`Email2`, `d`.`Gst_Number`, `d`.`Image`, `d`.`Is_Deleted`, `d`.`Own_Name_1`, `d`.`Own_Name_2`, `d`.`Pan_Number`, `d`.`Phone1`, `d`.`Phone2`, `d`.`Staff_Email1`, `d`.`Staff_Email2`, `d`.`Staff_Email3`, `d`.`Staff_Email4`, `d`.`Staff_Name1`, `d`.`Staff_Name2`, `d`.`Staff_Name3`, `d`.`Staff_Name4`, `d`.`Staff_Phone1`, `d`.`Staff_Phone2`, `d`.`Staff_Phone3`, `d`.`Staff_Phone4`, `d`.`Updated_At`, `d`.`User_Id`, `d`.`Zip_O`, `d`.`Zip_R`
FROM `Dealers` AS `d`
WHERE `d`.`Id` = @__request_Id_0
LIMIT 1
2023-10-07 18:36:46.146 +05:30  INF  Executed DbCommand (8ms) [Parameters=[@p34='?' (DbType = Int32), @p0='?' (Size = 4000), @p1='?' (Size = 4000), @p2='?' (Size = 4000), @p3='?' (Size = 4000), @p4='?' (Size = 4000), @p5='?' (Size = 4000), @p6='?' (Size = 4000), @p7='?' (DbType = DateTime), @p8='?' (Size = 4000), @p9='?' (Size = 4000), @p10='?' (Size = 4000), @p11='?' (Size = 4000), @p12='?' (DbType = SByte), @p13='?' (Size = 4000), @p14='?' (Size = 4000), @p15='?' (Size = 4000), @p16='?' (Size = 4000), @p17='?' (Size = 4000), @p18='?' (Size = 4000), @p19='?' (Size = 4000), @p20='?' (Size = 4000), @p21='?' (Size = 4000), @p22='?' (Size = 4000), @p23='?' (Size = 4000), @p24='?' (Size = 4000), @p25='?' (Size = 4000), @p26='?' (DbType = Int64), @p27='?' (DbType = Int64), @p28='?' (DbType = Int64), @p29='?' (DbType = Int64), @p30='?' (DbType = DateTime), @p31='?' (DbType = Int64), @p32='?' (Size = 4000), @p33='?' (Size = 4000)], CommandType='"Text"', CommandTimeout='30']
UPDATE `Dealers` SET `Address_O` = @p0, `Address_R` = @p1, `City_O` = @p2, `City_R` = @p3, `Company_Name` = @p4, `Country_O` = @p5, `Country_R` = @p6, `Created_At` = @p7, `Email1` = @p8, `Email2` = @p9, `Gst_Number` = @p10, `Image` = @p11, `Is_Deleted` = @p12, `Own_Name_1` = @p13, `Own_Name_2` = @p14, `Pan_Number` = @p15, `Phone1` = @p16, `Phone2` = @p17, `Staff_Email1` = @p18, `Staff_Email2` = @p19, `Staff_Email3` = @p20, `Staff_Email4` = @p21, `Staff_Name1` = @p22, `Staff_Name2` = @p23, `Staff_Name3` = @p24, `Staff_Name4` = @p25, `Staff_Phone1` = @p26, `Staff_Phone2` = @p27, `Staff_Phone3` = @p28, `Staff_Phone4` = @p29, `Updated_At` = @p30, `User_Id` = @p31, `Zip_O` = @p32, `Zip_R` = @p33
WHERE `Id` = @p34;
2023-10-07 18:36:46.157 +05:30  INF  Executed DbCommand (1ms) [Parameters=[@__item_Id_0='?' (DbType = Int64)], CommandType='"Text"', CommandTimeout='30']
SELECT `d`.`Id`, `d`.`Bank_Account_Number`, `d`.`Bank_Name`, `d`.`Dealer_Id`, `d`.`Ifsc_Code`, `d`.`Remarks`, `d`.`Updated_At`
FROM `Dealer_Bank_Details` AS `d`
WHERE `d`.`Id` = @__item_Id_0
LIMIT 1
2023-10-07 18:36:46.164 +05:30  INF  Executed DbCommand (2ms) [Parameters=[@p6='?' (DbType = Int64), @p0='?' (DbType = Int64), @p1='?' (Size = 4000), @p2='?' (DbType = Int64), @p3='?' (Size = 4000), @p4='?' (Size = 4000), @p5='?' (DbType = DateTime)], CommandType='"Text"', CommandTimeout='30']
UPDATE `Dealer_Bank_Details` SET `Bank_Account_Number` = @p0, `Bank_Name` = @p1, `Dealer_Id` = @p2, `Ifsc_Code` = @p3, `Remarks` = @p4, `Updated_At` = @p5
WHERE `Id` = @p6;
2023-10-07 18:36:46.166 +05:30  INF  Executed DbCommand (0ms) [Parameters=[@__item_Id_0='?' (DbType = Int64)], CommandType='"Text"', CommandTimeout='30']
SELECT `d`.`Id`, `d`.`Bank_Account_Number`, `d`.`Bank_Name`, `d`.`Dealer_Id`, `d`.`Ifsc_Code`, `d`.`Remarks`, `d`.`Updated_At`
FROM `Dealer_Bank_Details` AS `d`
WHERE `d`.`Id` = @__item_Id_0
LIMIT 1
2023-10-07 18:36:46.168 +05:30  INF  Executed DbCommand (2ms) [Parameters=[@p6='?' (DbType = Int64), @p0='?' (DbType = Int64), @p1='?' (Size = 4000), @p2='?' (DbType = Int64), @p3='?' (Size = 4000), @p4='?' (Size = 4000), @p5='?' (DbType = DateTime)], CommandType='"Text"', CommandTimeout='30']
UPDATE `Dealer_Bank_Details` SET `Bank_Account_Number` = @p0, `Bank_Name` = @p1, `Dealer_Id` = @p2, `Ifsc_Code` = @p3, `Remarks` = @p4, `Updated_At` = @p5
WHERE `Id` = @p6;
2023-10-07 18:36:46.173 +05:30  INF  Executed DbCommand (0ms) [Parameters=[@__item_Id_0='?' (DbType = Int32)], CommandType='"Text"', CommandTimeout='30']
SELECT `d`.`Id`, `d`.`Dealer_Id`, `d`.`Material_Cost`, `d`.`Material_Date`, `d`.`Material_Name`
FROM `Dealer_Material` AS `d`
WHERE `d`.`Id` = @__item_Id_0
LIMIT 1
2023-10-07 18:36:46.179 +05:30  INF  Executed DbCommand (2ms) [Parameters=[@p4='?' (DbType = Int32), @p0='?' (DbType = Int64), @p1='?' (DbType = Single), @p2='?' (DbType = DateTime), @p3='?' (Size = 4000)], CommandType='"Text"', CommandTimeout='30']
UPDATE `Dealer_Material` SET `Dealer_Id` = @p0, `Material_Cost` = @p1, `Material_Date` = @p2, `Material_Name` = @p3
WHERE `Id` = @p4;
2023-10-07 18:36:46.180 +05:30  INF  Executed DbCommand (0ms) [Parameters=[@__item_Id_0='?' (DbType = Int32)], CommandType='"Text"', CommandTimeout='30']
SELECT `d`.`Id`, `d`.`Dealer_Id`, `d`.`Material_Cost`, `d`.`Material_Date`, `d`.`Material_Name`
FROM `Dealer_Material` AS `d`
WHERE `d`.`Id` = @__item_Id_0
LIMIT 1
2023-10-07 18:36:46.183 +05:30  INF  Executed DbCommand (1ms) [Parameters=[@p4='?' (DbType = Int32), @p0='?' (DbType = Int64), @p1='?' (DbType = Single), @p2='?' (DbType = DateTime), @p3='?' (Size = 4000)], CommandType='"Text"', CommandTimeout='30']
UPDATE `Dealer_Material` SET `Dealer_Id` = @p0, `Material_Cost` = @p1, `Material_Date` = @p2, `Material_Name` = @p3
WHERE `Id` = @p4;
2023-10-07 18:36:46.184 +05:30  INF  Executing OkObjectResult, writing value of type 'System.String'.
2023-10-07 18:36:46.184 +05:30  INF  Executed action DCRM.Api.Controllers.DealerController.Update (DCRM.Api) in 235.2913ms
2023-10-07 18:36:46.184 +05:30  INF  Executed endpoint 'DCRM.Api.Controllers.DealerController.Update (DCRM.Api)'
2023-10-07 18:36:46.184 +05:30  INF  Request finished HTTP/2 POST https://localhost:7069/api/Dealer/Update application/json 1248 - 200 - text/plain;+charset=utf-8 241.8095ms
2023-10-07 18:40:02.063 +05:30  INF  Request starting HTTP/2 OPTIONS https://localhost:7069/api/Dealer/Get/29 - -
2023-10-07 18:40:02.063 +05:30  INF  CORS policy execution successful.
2023-10-07 18:40:02.063 +05:30  INF  Request finished HTTP/2 OPTIONS https://localhost:7069/api/Dealer/Get/29 - - - 204 - - 0.2696ms
2023-10-07 18:40:02.064 +05:30  INF  Request starting HTTP/2 GET https://localhost:7069/api/Dealer/Get/29 application/json -
2023-10-07 18:40:02.064 +05:30  INF  CORS policy execution successful.
2023-10-07 18:40:02.067 +05:30  INF  Executed DbCommand (1ms) [Parameters=[@__id_0='?' (DbType = Int32)], CommandType='"Text"', CommandTimeout='30']
SELECT `u`.`Id`, `u`.`About_Me`, `u`.`Account_Type`, `u`.`Address`, `u`.`Available_Days`, `u`.`Bn_Name`, `u`.`City`, `u`.`Country`, `u`.`Created_At`, `u`.`Currency`, `u`.`Degree`, `u`.`Email`, `u`.`Email_Verified`, `u`.`Enable_Appointment`, `u`.`Enable_Rating`, `u`.`Exp_Years`, `u`.`Facebook`, `u`.`Google_Analytics`, `u`.`Image`, `u`.`Instagram`, `u`.`Linkedin`, `u`.`Name`, `u`.`Parent_Id`, `u`.`Password`, `u`.`Paypal_Email`, `u`.`Paypal_Mode`, `u`.`Paypal_Payment`, `u`.`Paystack_Payment`, `u`.`Paystack_Public_Key`, `u`.`Paystack_Secret_Key`, `u`.`Phone`, `u`.`Publish_Key`, `u`.`Qr_Code`, `u`.`Razorpay_Key_Id`, `u`.`Razorpay_Key_Secret`, `u`.`Razorpay_Payment`, `u`.`Role`, `u`.`Secret_Key`, `u`.`Skype`, `u`.`Slug`, `u`.`Specialist`, `u`.`Status`, `u`.`Stripe_Payment`, `u`.`Thumb`, `u`.`Trial_Expire`, `u`.`Twitter`, `u`.`User_Name`, `u`.`User_Type`, `u`.`Verify_Code`, `u`.`Whatsapp`
FROM `Users` AS `u`
WHERE `u`.`Id` = @__id_0
LIMIT 1
2023-10-07 18:40:02.068 +05:30  INF  Executing endpoint 'DCRM.Api.Controllers.DealerController.GetAsync (DCRM.Api)'
2023-10-07 18:40:02.068 +05:30  INF  Route matched with {action = "Get", controller = "Dealer"}. Executing controller action with signature System.Threading.Tasks.Task`1[DCRM.Common.Dto.DealerDto] GetAsync(Int32) on controller DCRM.Api.Controllers.DealerController (DCRM.Api).
2023-10-07 18:40:02.070 +05:30  INF  Executed DbCommand (1ms) [Parameters=[@__id_0='?' (DbType = Int32), @__userId_1='?' (DbType = Int64)], CommandType='"Text"', CommandTimeout='30']
SELECT `d`.`Id`, `d`.`Address_O`, `d`.`Address_R`, `d`.`City_O`, `d`.`City_R`, `d`.`Company_Name`, `d`.`Country_O`, `d`.`Country_R`, `d`.`Created_At`, `d`.`Email1`, `d`.`Email2`, `d`.`Gst_Number`, `d`.`Image`, `d`.`Is_Deleted`, `d`.`Own_Name_1`, `d`.`Own_Name_2`, `d`.`Pan_Number`, `d`.`Phone1`, `d`.`Phone2`, `d`.`Staff_Email1`, `d`.`Staff_Email2`, `d`.`Staff_Email3`, `d`.`Staff_Email4`, `d`.`Staff_Name1`, `d`.`Staff_Name2`, `d`.`Staff_Name3`, `d`.`Staff_Name4`, `d`.`Staff_Phone1`, `d`.`Staff_Phone2`, `d`.`Staff_Phone3`, `d`.`Staff_Phone4`, `d`.`Updated_At`, `d`.`User_Id`, `d`.`Zip_O`, `d`.`Zip_R`
FROM `Dealers` AS `d`
WHERE ((`d`.`Id` = @__id_0) AND (`d`.`Is_Deleted` = 0)) AND (`d`.`User_Id` = @__userId_1)
LIMIT 1
2023-10-07 18:40:02.071 +05:30  INF  Executed DbCommand (1ms) [Parameters=[@__p_0='?' (DbType = Int64)], CommandType='"Text"', CommandTimeout='30']
SELECT `d`.`Id`, `d`.`Bank_Account_Number`, `d`.`Bank_Name`, `d`.`Dealer_Id`, `d`.`Ifsc_Code`, `d`.`Remarks`, `d`.`Updated_At`
FROM `Dealer_Bank_Details` AS `d`
WHERE `d`.`Dealer_Id` = @__p_0
2023-10-07 18:40:02.073 +05:30  INF  Executed DbCommand (0ms) [Parameters=[@__p_0='?' (DbType = Int64)], CommandType='"Text"', CommandTimeout='30']
SELECT `d`.`Id`, `d`.`Dealer_Id`, `d`.`Material_Cost`, `d`.`Material_Date`, `d`.`Material_Name`
FROM `Dealer_Material` AS `d`
WHERE `d`.`Dealer_Id` = @__p_0
2023-10-07 18:40:02.073 +05:30  INF  Executing ObjectResult, writing value of type 'DCRM.Common.Dto.DealerDto'.
2023-10-07 18:40:02.073 +05:30  INF  Executed action DCRM.Api.Controllers.DealerController.GetAsync (DCRM.Api) in 5.3305ms
2023-10-07 18:40:02.073 +05:30  INF  Executed endpoint 'DCRM.Api.Controllers.DealerController.GetAsync (DCRM.Api)'
2023-10-07 18:40:02.073 +05:30  INF  Request finished HTTP/2 GET https://localhost:7069/api/Dealer/Get/29 application/json - - 200 - application/json;+charset=utf-8 9.2484ms
2023-10-07 18:40:15.610 +05:30  INF  Request starting HTTP/2 OPTIONS https://localhost:7069/api/Dealer/Update - -
2023-10-07 18:40:15.610 +05:30  INF  CORS policy execution successful.
2023-10-07 18:40:15.610 +05:30  INF  Request finished HTTP/2 OPTIONS https://localhost:7069/api/Dealer/Update - - - 204 - - 0.5038ms
2023-10-07 18:40:15.612 +05:30  INF  Request starting HTTP/2 POST https://localhost:7069/api/Dealer/Update application/json 1248
2023-10-07 18:40:15.612 +05:30  INF  CORS policy execution successful.
2023-10-07 18:40:15.615 +05:30  INF  Executed DbCommand (1ms) [Parameters=[@__id_0='?' (DbType = Int32)], CommandType='"Text"', CommandTimeout='30']
SELECT `u`.`Id`, `u`.`About_Me`, `u`.`Account_Type`, `u`.`Address`, `u`.`Available_Days`, `u`.`Bn_Name`, `u`.`City`, `u`.`Country`, `u`.`Created_At`, `u`.`Currency`, `u`.`Degree`, `u`.`Email`, `u`.`Email_Verified`, `u`.`Enable_Appointment`, `u`.`Enable_Rating`, `u`.`Exp_Years`, `u`.`Facebook`, `u`.`Google_Analytics`, `u`.`Image`, `u`.`Instagram`, `u`.`Linkedin`, `u`.`Name`, `u`.`Parent_Id`, `u`.`Password`, `u`.`Paypal_Email`, `u`.`Paypal_Mode`, `u`.`Paypal_Payment`, `u`.`Paystack_Payment`, `u`.`Paystack_Public_Key`, `u`.`Paystack_Secret_Key`, `u`.`Phone`, `u`.`Publish_Key`, `u`.`Qr_Code`, `u`.`Razorpay_Key_Id`, `u`.`Razorpay_Key_Secret`, `u`.`Razorpay_Payment`, `u`.`Role`, `u`.`Secret_Key`, `u`.`Skype`, `u`.`Slug`, `u`.`Specialist`, `u`.`Status`, `u`.`Stripe_Payment`, `u`.`Thumb`, `u`.`Trial_Expire`, `u`.`Twitter`, `u`.`User_Name`, `u`.`User_Type`, `u`.`Verify_Code`, `u`.`Whatsapp`
FROM `Users` AS `u`
WHERE `u`.`Id` = @__id_0
LIMIT 1
2023-10-07 18:40:15.615 +05:30  INF  Executing endpoint 'DCRM.Api.Controllers.DealerController.Update (DCRM.Api)'
2023-10-07 18:40:15.615 +05:30  INF  Route matched with {action = "Update", controller = "Dealer"}. Executing controller action with signature System.Threading.Tasks.Task`1[Microsoft.AspNetCore.Mvc.IActionResult] Update(DCRM.Common.Entity.DealerRequest) on controller DCRM.Api.Controllers.DealerController (DCRM.Api).
2023-10-07 18:40:15.618 +05:30  INF  Executed DbCommand (1ms) [Parameters=[@__request_Id_0='?' (DbType = Int32)], CommandType='"Text"', CommandTimeout='30']
SELECT `d`.`Id`, `d`.`Address_O`, `d`.`Address_R`, `d`.`City_O`, `d`.`City_R`, `d`.`Company_Name`, `d`.`Country_O`, `d`.`Country_R`, `d`.`Created_At`, `d`.`Email1`, `d`.`Email2`, `d`.`Gst_Number`, `d`.`Image`, `d`.`Is_Deleted`, `d`.`Own_Name_1`, `d`.`Own_Name_2`, `d`.`Pan_Number`, `d`.`Phone1`, `d`.`Phone2`, `d`.`Staff_Email1`, `d`.`Staff_Email2`, `d`.`Staff_Email3`, `d`.`Staff_Email4`, `d`.`Staff_Name1`, `d`.`Staff_Name2`, `d`.`Staff_Name3`, `d`.`Staff_Name4`, `d`.`Staff_Phone1`, `d`.`Staff_Phone2`, `d`.`Staff_Phone3`, `d`.`Staff_Phone4`, `d`.`Updated_At`, `d`.`User_Id`, `d`.`Zip_O`, `d`.`Zip_R`
FROM `Dealers` AS `d`
WHERE `d`.`Id` = @__request_Id_0
LIMIT 1
2023-10-07 18:40:15.627 +05:30  INF  Executed DbCommand (8ms) [Parameters=[@p34='?' (DbType = Int32), @p0='?' (Size = 4000), @p1='?' (Size = 4000), @p2='?' (Size = 4000), @p3='?' (Size = 4000), @p4='?' (Size = 4000), @p5='?' (Size = 4000), @p6='?' (Size = 4000), @p7='?' (DbType = DateTime), @p8='?' (Size = 4000), @p9='?' (Size = 4000), @p10='?' (Size = 4000), @p11='?' (Size = 4000), @p12='?' (DbType = SByte), @p13='?' (Size = 4000), @p14='?' (Size = 4000), @p15='?' (Size = 4000), @p16='?' (Size = 4000), @p17='?' (Size = 4000), @p18='?' (Size = 4000), @p19='?' (Size = 4000), @p20='?' (Size = 4000), @p21='?' (Size = 4000), @p22='?' (Size = 4000), @p23='?' (Size = 4000), @p24='?' (Size = 4000), @p25='?' (Size = 4000), @p26='?' (DbType = Int64), @p27='?' (DbType = Int64), @p28='?' (DbType = Int64), @p29='?' (DbType = Int64), @p30='?' (DbType = DateTime), @p31='?' (DbType = Int64), @p32='?' (Size = 4000), @p33='?' (Size = 4000)], CommandType='"Text"', CommandTimeout='30']
UPDATE `Dealers` SET `Address_O` = @p0, `Address_R` = @p1, `City_O` = @p2, `City_R` = @p3, `Company_Name` = @p4, `Country_O` = @p5, `Country_R` = @p6, `Created_At` = @p7, `Email1` = @p8, `Email2` = @p9, `Gst_Number` = @p10, `Image` = @p11, `Is_Deleted` = @p12, `Own_Name_1` = @p13, `Own_Name_2` = @p14, `Pan_Number` = @p15, `Phone1` = @p16, `Phone2` = @p17, `Staff_Email1` = @p18, `Staff_Email2` = @p19, `Staff_Email3` = @p20, `Staff_Email4` = @p21, `Staff_Name1` = @p22, `Staff_Name2` = @p23, `Staff_Name3` = @p24, `Staff_Name4` = @p25, `Staff_Phone1` = @p26, `Staff_Phone2` = @p27, `Staff_Phone3` = @p28, `Staff_Phone4` = @p29, `Updated_At` = @p30, `User_Id` = @p31, `Zip_O` = @p32, `Zip_R` = @p33
WHERE `Id` = @p34;
2023-10-07 18:40:15.628 +05:30  INF  Executed DbCommand (1ms) [Parameters=[@__item_Id_0='?' (DbType = Int64)], CommandType='"Text"', CommandTimeout='30']
SELECT `d`.`Id`, `d`.`Bank_Account_Number`, `d`.`Bank_Name`, `d`.`Dealer_Id`, `d`.`Ifsc_Code`, `d`.`Remarks`, `d`.`Updated_At`
FROM `Dealer_Bank_Details` AS `d`
WHERE `d`.`Id` = @__item_Id_0
LIMIT 1
2023-10-07 18:40:15.630 +05:30  INF  Executed DbCommand (1ms) [Parameters=[@p6='?' (DbType = Int64), @p0='?' (DbType = Int64), @p1='?' (Size = 4000), @p2='?' (DbType = Int64), @p3='?' (Size = 4000), @p4='?' (Size = 4000), @p5='?' (DbType = DateTime)], CommandType='"Text"', CommandTimeout='30']
UPDATE `Dealer_Bank_Details` SET `Bank_Account_Number` = @p0, `Bank_Name` = @p1, `Dealer_Id` = @p2, `Ifsc_Code` = @p3, `Remarks` = @p4, `Updated_At` = @p5
WHERE `Id` = @p6;
2023-10-07 18:40:15.631 +05:30  INF  Executed DbCommand (0ms) [Parameters=[@__item_Id_0='?' (DbType = Int64)], CommandType='"Text"', CommandTimeout='30']
SELECT `d`.`Id`, `d`.`Bank_Account_Number`, `d`.`Bank_Name`, `d`.`Dealer_Id`, `d`.`Ifsc_Code`, `d`.`Remarks`, `d`.`Updated_At`
FROM `Dealer_Bank_Details` AS `d`
WHERE `d`.`Id` = @__item_Id_0
LIMIT 1
2023-10-07 18:40:15.633 +05:30  INF  Executed DbCommand (1ms) [Parameters=[@p6='?' (DbType = Int64), @p0='?' (DbType = Int64), @p1='?' (Size = 4000), @p2='?' (DbType = Int64), @p3='?' (Size = 4000), @p4='?' (Size = 4000), @p5='?' (DbType = DateTime)], CommandType='"Text"', CommandTimeout='30']
UPDATE `Dealer_Bank_Details` SET `Bank_Account_Number` = @p0, `Bank_Name` = @p1, `Dealer_Id` = @p2, `Ifsc_Code` = @p3, `Remarks` = @p4, `Updated_At` = @p5
WHERE `Id` = @p6;
2023-10-07 18:40:15.634 +05:30  INF  Executed DbCommand (0ms) [Parameters=[@__item_Id_0='?' (DbType = Int32)], CommandType='"Text"', CommandTimeout='30']
SELECT `d`.`Id`, `d`.`Dealer_Id`, `d`.`Material_Cost`, `d`.`Material_Date`, `d`.`Material_Name`
FROM `Dealer_Material` AS `d`
WHERE `d`.`Id` = @__item_Id_0
LIMIT 1
2023-10-07 18:40:15.636 +05:30  INF  Executed DbCommand (1ms) [Parameters=[@p4='?' (DbType = Int32), @p0='?' (DbType = Int64), @p1='?' (DbType = Single), @p2='?' (DbType = DateTime), @p3='?' (Size = 4000)], CommandType='"Text"', CommandTimeout='30']
UPDATE `Dealer_Material` SET `Dealer_Id` = @p0, `Material_Cost` = @p1, `Material_Date` = @p2, `Material_Name` = @p3
WHERE `Id` = @p4;
2023-10-07 18:40:15.636 +05:30  INF  Executed DbCommand (0ms) [Parameters=[@__item_Id_0='?' (DbType = Int32)], CommandType='"Text"', CommandTimeout='30']
SELECT `d`.`Id`, `d`.`Dealer_Id`, `d`.`Material_Cost`, `d`.`Material_Date`, `d`.`Material_Name`
FROM `Dealer_Material` AS `d`
WHERE `d`.`Id` = @__item_Id_0
LIMIT 1
2023-10-07 18:40:15.639 +05:30  INF  Executed DbCommand (2ms) [Parameters=[@p4='?' (DbType = Int32), @p0='?' (DbType = Int64), @p1='?' (DbType = Single), @p2='?' (DbType = DateTime), @p3='?' (Size = 4000)], CommandType='"Text"', CommandTimeout='30']
UPDATE `Dealer_Material` SET `Dealer_Id` = @p0, `Material_Cost` = @p1, `Material_Date` = @p2, `Material_Name` = @p3
WHERE `Id` = @p4;
2023-10-07 18:40:15.639 +05:30  INF  Executing OkObjectResult, writing value of type 'System.String'.
2023-10-07 18:40:15.639 +05:30  INF  Executed action DCRM.Api.Controllers.DealerController.Update (DCRM.Api) in 23.7079ms
2023-10-07 18:40:15.639 +05:30  INF  Executed endpoint 'DCRM.Api.Controllers.DealerController.Update (DCRM.Api)'
2023-10-07 18:40:15.639 +05:30  INF  Request finished HTTP/2 POST https://localhost:7069/api/Dealer/Update application/json 1248 - 200 - text/plain;+charset=utf-8 27.3801ms
2023-10-07 18:48:40.312 +05:30  INF  Request starting HTTP/2 OPTIONS https://localhost:7069/api/Dealer/Get/29 - -
2023-10-07 18:48:40.312 +05:30  INF  CORS policy execution successful.
2023-10-07 18:48:40.312 +05:30  INF  Request finished HTTP/2 OPTIONS https://localhost:7069/api/Dealer/Get/29 - - - 204 - - 0.2881ms
2023-10-07 18:48:40.315 +05:30  INF  Request starting HTTP/2 GET https://localhost:7069/api/Dealer/Get/29 application/json -
2023-10-07 18:48:40.315 +05:30  INF  CORS policy execution successful.
2023-10-07 18:48:40.339 +05:30  INF  Executed DbCommand (1ms) [Parameters=[@__id_0='?' (DbType = Int32)], CommandType='"Text"', CommandTimeout='30']
SELECT `u`.`Id`, `u`.`About_Me`, `u`.`Account_Type`, `u`.`Address`, `u`.`Available_Days`, `u`.`Bn_Name`, `u`.`City`, `u`.`Country`, `u`.`Created_At`, `u`.`Currency`, `u`.`Degree`, `u`.`Email`, `u`.`Email_Verified`, `u`.`Enable_Appointment`, `u`.`Enable_Rating`, `u`.`Exp_Years`, `u`.`Facebook`, `u`.`Google_Analytics`, `u`.`Image`, `u`.`Instagram`, `u`.`Linkedin`, `u`.`Name`, `u`.`Parent_Id`, `u`.`Password`, `u`.`Paypal_Email`, `u`.`Paypal_Mode`, `u`.`Paypal_Payment`, `u`.`Paystack_Payment`, `u`.`Paystack_Public_Key`, `u`.`Paystack_Secret_Key`, `u`.`Phone`, `u`.`Publish_Key`, `u`.`Qr_Code`, `u`.`Razorpay_Key_Id`, `u`.`Razorpay_Key_Secret`, `u`.`Razorpay_Payment`, `u`.`Role`, `u`.`Secret_Key`, `u`.`Skype`, `u`.`Slug`, `u`.`Specialist`, `u`.`Status`, `u`.`Stripe_Payment`, `u`.`Thumb`, `u`.`Trial_Expire`, `u`.`Twitter`, `u`.`User_Name`, `u`.`User_Type`, `u`.`Verify_Code`, `u`.`Whatsapp`
FROM `Users` AS `u`
WHERE `u`.`Id` = @__id_0
LIMIT 1
2023-10-07 18:48:40.339 +05:30  INF  Executing endpoint 'DCRM.Api.Controllers.DealerController.GetAsync (DCRM.Api)'
2023-10-07 18:48:40.339 +05:30  INF  Route matched with {action = "Get", controller = "Dealer"}. Executing controller action with signature System.Threading.Tasks.Task`1[DCRM.Common.Dto.DealerDto] GetAsync(Int32) on controller DCRM.Api.Controllers.DealerController (DCRM.Api).
2023-10-07 18:48:40.341 +05:30  INF  Executed DbCommand (1ms) [Parameters=[@__id_0='?' (DbType = Int32), @__userId_1='?' (DbType = Int64)], CommandType='"Text"', CommandTimeout='30']
SELECT `d`.`Id`, `d`.`Address_O`, `d`.`Address_R`, `d`.`City_O`, `d`.`City_R`, `d`.`Company_Name`, `d`.`Country_O`, `d`.`Country_R`, `d`.`Created_At`, `d`.`Email1`, `d`.`Email2`, `d`.`Gst_Number`, `d`.`Image`, `d`.`Is_Deleted`, `d`.`Own_Name_1`, `d`.`Own_Name_2`, `d`.`Pan_Number`, `d`.`Phone1`, `d`.`Phone2`, `d`.`Staff_Email1`, `d`.`Staff_Email2`, `d`.`Staff_Email3`, `d`.`Staff_Email4`, `d`.`Staff_Name1`, `d`.`Staff_Name2`, `d`.`Staff_Name3`, `d`.`Staff_Name4`, `d`.`Staff_Phone1`, `d`.`Staff_Phone2`, `d`.`Staff_Phone3`, `d`.`Staff_Phone4`, `d`.`Updated_At`, `d`.`User_Id`, `d`.`Zip_O`, `d`.`Zip_R`
FROM `Dealers` AS `d`
WHERE ((`d`.`Id` = @__id_0) AND (`d`.`Is_Deleted` = 0)) AND (`d`.`User_Id` = @__userId_1)
LIMIT 1
2023-10-07 18:48:40.343 +05:30  INF  Executed DbCommand (1ms) [Parameters=[@__p_0='?' (DbType = Int64)], CommandType='"Text"', CommandTimeout='30']
SELECT `d`.`Id`, `d`.`Bank_Account_Number`, `d`.`Bank_Name`, `d`.`Dealer_Id`, `d`.`Ifsc_Code`, `d`.`Remarks`, `d`.`Updated_At`
FROM `Dealer_Bank_Details` AS `d`
WHERE `d`.`Dealer_Id` = @__p_0
2023-10-07 18:48:40.345 +05:30  INF  Executed DbCommand (1ms) [Parameters=[@__p_0='?' (DbType = Int64)], CommandType='"Text"', CommandTimeout='30']
SELECT `d`.`Id`, `d`.`Dealer_Id`, `d`.`Material_Cost`, `d`.`Material_Date`, `d`.`Material_Name`
FROM `Dealer_Material` AS `d`
WHERE `d`.`Dealer_Id` = @__p_0
2023-10-07 18:48:40.345 +05:30  INF  Executing ObjectResult, writing value of type 'DCRM.Common.Dto.DealerDto'.
2023-10-07 18:48:40.345 +05:30  INF  Executed action DCRM.Api.Controllers.DealerController.GetAsync (DCRM.Api) in 5.8721ms
2023-10-07 18:48:40.345 +05:30  INF  Executed endpoint 'DCRM.Api.Controllers.DealerController.GetAsync (DCRM.Api)'
2023-10-07 18:48:40.345 +05:30  INF  Request finished HTTP/2 GET https://localhost:7069/api/Dealer/Get/29 application/json - - 200 - application/json;+charset=utf-8 30.5421ms
2023-10-07 18:49:02.799 +05:30  INF  Request starting HTTP/2 OPTIONS https://localhost:7069/api/Dealer/Update - -
2023-10-07 18:49:02.799 +05:30  INF  CORS policy execution successful.
2023-10-07 18:49:02.799 +05:30  INF  Request finished HTTP/2 OPTIONS https://localhost:7069/api/Dealer/Update - - - 204 - - 0.2053ms
2023-10-07 18:49:02.801 +05:30  INF  Request starting HTTP/2 POST https://localhost:7069/api/Dealer/Update application/json 1248
2023-10-07 18:49:02.801 +05:30  INF  CORS policy execution successful.
2023-10-07 18:49:02.803 +05:30  INF  Executed DbCommand (1ms) [Parameters=[@__id_0='?' (DbType = Int32)], CommandType='"Text"', CommandTimeout='30']
SELECT `u`.`Id`, `u`.`About_Me`, `u`.`Account_Type`, `u`.`Address`, `u`.`Available_Days`, `u`.`Bn_Name`, `u`.`City`, `u`.`Country`, `u`.`Created_At`, `u`.`Currency`, `u`.`Degree`, `u`.`Email`, `u`.`Email_Verified`, `u`.`Enable_Appointment`, `u`.`Enable_Rating`, `u`.`Exp_Years`, `u`.`Facebook`, `u`.`Google_Analytics`, `u`.`Image`, `u`.`Instagram`, `u`.`Linkedin`, `u`.`Name`, `u`.`Parent_Id`, `u`.`Password`, `u`.`Paypal_Email`, `u`.`Paypal_Mode`, `u`.`Paypal_Payment`, `u`.`Paystack_Payment`, `u`.`Paystack_Public_Key`, `u`.`Paystack_Secret_Key`, `u`.`Phone`, `u`.`Publish_Key`, `u`.`Qr_Code`, `u`.`Razorpay_Key_Id`, `u`.`Razorpay_Key_Secret`, `u`.`Razorpay_Payment`, `u`.`Role`, `u`.`Secret_Key`, `u`.`Skype`, `u`.`Slug`, `u`.`Specialist`, `u`.`Status`, `u`.`Stripe_Payment`, `u`.`Thumb`, `u`.`Trial_Expire`, `u`.`Twitter`, `u`.`User_Name`, `u`.`User_Type`, `u`.`Verify_Code`, `u`.`Whatsapp`
FROM `Users` AS `u`
WHERE `u`.`Id` = @__id_0
LIMIT 1
2023-10-07 18:49:02.803 +05:30  INF  Executing endpoint 'DCRM.Api.Controllers.DealerController.Update (DCRM.Api)'
2023-10-07 18:49:02.803 +05:30  INF  Route matched with {action = "Update", controller = "Dealer"}. Executing controller action with signature System.Threading.Tasks.Task`1[Microsoft.AspNetCore.Mvc.IActionResult] Update(DCRM.Common.Entity.DealerRequest) on controller DCRM.Api.Controllers.DealerController (DCRM.Api).
2023-10-07 18:49:02.805 +05:30  INF  Executed DbCommand (1ms) [Parameters=[@__request_Id_0='?' (DbType = Int32)], CommandType='"Text"', CommandTimeout='30']
SELECT `d`.`Id`, `d`.`Address_O`, `d`.`Address_R`, `d`.`City_O`, `d`.`City_R`, `d`.`Company_Name`, `d`.`Country_O`, `d`.`Country_R`, `d`.`Created_At`, `d`.`Email1`, `d`.`Email2`, `d`.`Gst_Number`, `d`.`Image`, `d`.`Is_Deleted`, `d`.`Own_Name_1`, `d`.`Own_Name_2`, `d`.`Pan_Number`, `d`.`Phone1`, `d`.`Phone2`, `d`.`Staff_Email1`, `d`.`Staff_Email2`, `d`.`Staff_Email3`, `d`.`Staff_Email4`, `d`.`Staff_Name1`, `d`.`Staff_Name2`, `d`.`Staff_Name3`, `d`.`Staff_Name4`, `d`.`Staff_Phone1`, `d`.`Staff_Phone2`, `d`.`Staff_Phone3`, `d`.`Staff_Phone4`, `d`.`Updated_At`, `d`.`User_Id`, `d`.`Zip_O`, `d`.`Zip_R`
FROM `Dealers` AS `d`
WHERE `d`.`Id` = @__request_Id_0
LIMIT 1
2023-10-07 18:49:02.811 +05:30  INF  Executed DbCommand (6ms) [Parameters=[@p34='?' (DbType = Int32), @p0='?' (Size = 4000), @p1='?' (Size = 4000), @p2='?' (Size = 4000), @p3='?' (Size = 4000), @p4='?' (Size = 4000), @p5='?' (Size = 4000), @p6='?' (Size = 4000), @p7='?' (DbType = DateTime), @p8='?' (Size = 4000), @p9='?' (Size = 4000), @p10='?' (Size = 4000), @p11='?' (Size = 4000), @p12='?' (DbType = SByte), @p13='?' (Size = 4000), @p14='?' (Size = 4000), @p15='?' (Size = 4000), @p16='?' (Size = 4000), @p17='?' (Size = 4000), @p18='?' (Size = 4000), @p19='?' (Size = 4000), @p20='?' (Size = 4000), @p21='?' (Size = 4000), @p22='?' (Size = 4000), @p23='?' (Size = 4000), @p24='?' (Size = 4000), @p25='?' (Size = 4000), @p26='?' (DbType = Int64), @p27='?' (DbType = Int64), @p28='?' (DbType = Int64), @p29='?' (DbType = Int64), @p30='?' (DbType = DateTime), @p31='?' (DbType = Int64), @p32='?' (Size = 4000), @p33='?' (Size = 4000)], CommandType='"Text"', CommandTimeout='30']
UPDATE `Dealers` SET `Address_O` = @p0, `Address_R` = @p1, `City_O` = @p2, `City_R` = @p3, `Company_Name` = @p4, `Country_O` = @p5, `Country_R` = @p6, `Created_At` = @p7, `Email1` = @p8, `Email2` = @p9, `Gst_Number` = @p10, `Image` = @p11, `Is_Deleted` = @p12, `Own_Name_1` = @p13, `Own_Name_2` = @p14, `Pan_Number` = @p15, `Phone1` = @p16, `Phone2` = @p17, `Staff_Email1` = @p18, `Staff_Email2` = @p19, `Staff_Email3` = @p20, `Staff_Email4` = @p21, `Staff_Name1` = @p22, `Staff_Name2` = @p23, `Staff_Name3` = @p24, `Staff_Name4` = @p25, `Staff_Phone1` = @p26, `Staff_Phone2` = @p27, `Staff_Phone3` = @p28, `Staff_Phone4` = @p29, `Updated_At` = @p30, `User_Id` = @p31, `Zip_O` = @p32, `Zip_R` = @p33
WHERE `Id` = @p34;
2023-10-07 18:49:02.812 +05:30  INF  Executed DbCommand (0ms) [Parameters=[@__item_Id_0='?' (DbType = Int64)], CommandType='"Text"', CommandTimeout='30']
SELECT `d`.`Id`, `d`.`Bank_Account_Number`, `d`.`Bank_Name`, `d`.`Dealer_Id`, `d`.`Ifsc_Code`, `d`.`Remarks`, `d`.`Updated_At`
FROM `Dealer_Bank_Details` AS `d`
WHERE `d`.`Id` = @__item_Id_0
LIMIT 1
2023-10-07 18:49:02.815 +05:30  INF  Executed DbCommand (1ms) [Parameters=[@p6='?' (DbType = Int64), @p0='?' (DbType = Int64), @p1='?' (Size = 4000), @p2='?' (DbType = Int64), @p3='?' (Size = 4000), @p4='?' (Size = 4000), @p5='?' (DbType = DateTime)], CommandType='"Text"', CommandTimeout='30']
UPDATE `Dealer_Bank_Details` SET `Bank_Account_Number` = @p0, `Bank_Name` = @p1, `Dealer_Id` = @p2, `Ifsc_Code` = @p3, `Remarks` = @p4, `Updated_At` = @p5
WHERE `Id` = @p6;
2023-10-07 18:49:02.816 +05:30  INF  Executed DbCommand (1ms) [Parameters=[@__item_Id_0='?' (DbType = Int64)], CommandType='"Text"', CommandTimeout='30']
SELECT `d`.`Id`, `d`.`Bank_Account_Number`, `d`.`Bank_Name`, `d`.`Dealer_Id`, `d`.`Ifsc_Code`, `d`.`Remarks`, `d`.`Updated_At`
FROM `Dealer_Bank_Details` AS `d`
WHERE `d`.`Id` = @__item_Id_0
LIMIT 1
2023-10-07 18:49:02.818 +05:30  INF  Executed DbCommand (1ms) [Parameters=[@p6='?' (DbType = Int64), @p0='?' (DbType = Int64), @p1='?' (Size = 4000), @p2='?' (DbType = Int64), @p3='?' (Size = 4000), @p4='?' (Size = 4000), @p5='?' (DbType = DateTime)], CommandType='"Text"', CommandTimeout='30']
UPDATE `Dealer_Bank_Details` SET `Bank_Account_Number` = @p0, `Bank_Name` = @p1, `Dealer_Id` = @p2, `Ifsc_Code` = @p3, `Remarks` = @p4, `Updated_At` = @p5
WHERE `Id` = @p6;
2023-10-07 18:49:02.818 +05:30  INF  Executed DbCommand (0ms) [Parameters=[@__item_Id_0='?' (DbType = Int32)], CommandType='"Text"', CommandTimeout='30']
SELECT `d`.`Id`, `d`.`Dealer_Id`, `d`.`Material_Cost`, `d`.`Material_Date`, `d`.`Material_Name`
FROM `Dealer_Material` AS `d`
WHERE `d`.`Id` = @__item_Id_0
LIMIT 1
2023-10-07 18:49:02.820 +05:30  INF  Executed DbCommand (1ms) [Parameters=[@p4='?' (DbType = Int32), @p0='?' (DbType = Int64), @p1='?' (DbType = Single), @p2='?' (DbType = DateTime), @p3='?' (Size = 4000)], CommandType='"Text"', CommandTimeout='30']
UPDATE `Dealer_Material` SET `Dealer_Id` = @p0, `Material_Cost` = @p1, `Material_Date` = @p2, `Material_Name` = @p3
WHERE `Id` = @p4;
2023-10-07 18:49:02.821 +05:30  INF  Executed DbCommand (0ms) [Parameters=[@__item_Id_0='?' (DbType = Int32)], CommandType='"Text"', CommandTimeout='30']
SELECT `d`.`Id`, `d`.`Dealer_Id`, `d`.`Material_Cost`, `d`.`Material_Date`, `d`.`Material_Name`
FROM `Dealer_Material` AS `d`
WHERE `d`.`Id` = @__item_Id_0
LIMIT 1
2023-10-07 18:49:02.822 +05:30  INF  Executed DbCommand (1ms) [Parameters=[@p4='?' (DbType = Int32), @p0='?' (DbType = Int64), @p1='?' (DbType = Single), @p2='?' (DbType = DateTime), @p3='?' (Size = 4000)], CommandType='"Text"', CommandTimeout='30']
UPDATE `Dealer_Material` SET `Dealer_Id` = @p0, `Material_Cost` = @p1, `Material_Date` = @p2, `Material_Name` = @p3
WHERE `Id` = @p4;
2023-10-07 18:49:02.822 +05:30  INF  Executing OkObjectResult, writing value of type 'System.String'.
2023-10-07 18:49:02.822 +05:30  INF  Executed action DCRM.Api.Controllers.DealerController.Update (DCRM.Api) in 18.9888ms
2023-10-07 18:49:02.822 +05:30  INF  Executed endpoint 'DCRM.Api.Controllers.DealerController.Update (DCRM.Api)'
2023-10-07 18:49:02.822 +05:30  INF  Request finished HTTP/2 POST https://localhost:7069/api/Dealer/Update application/json 1248 - 200 - text/plain;+charset=utf-8 21.7823ms
2023-10-07 18:50:27.167 +05:30  INF  Request starting HTTP/2 OPTIONS https://localhost:7069/api/Dealer/Get/29 - -
2023-10-07 18:50:27.167 +05:30  INF  CORS policy execution successful.
2023-10-07 18:50:27.167 +05:30  INF  Request finished HTTP/2 OPTIONS https://localhost:7069/api/Dealer/Get/29 - - - 204 - - 0.2875ms
2023-10-07 18:50:27.173 +05:30  INF  Request starting HTTP/2 GET https://localhost:7069/api/Dealer/Get/29 application/json -
2023-10-07 18:50:27.173 +05:30  INF  CORS policy execution successful.
2023-10-07 18:50:27.176 +05:30  INF  Executed DbCommand (1ms) [Parameters=[@__id_0='?' (DbType = Int32)], CommandType='"Text"', CommandTimeout='30']
SELECT `u`.`Id`, `u`.`About_Me`, `u`.`Account_Type`, `u`.`Address`, `u`.`Available_Days`, `u`.`Bn_Name`, `u`.`City`, `u`.`Country`, `u`.`Created_At`, `u`.`Currency`, `u`.`Degree`, `u`.`Email`, `u`.`Email_Verified`, `u`.`Enable_Appointment`, `u`.`Enable_Rating`, `u`.`Exp_Years`, `u`.`Facebook`, `u`.`Google_Analytics`, `u`.`Image`, `u`.`Instagram`, `u`.`Linkedin`, `u`.`Name`, `u`.`Parent_Id`, `u`.`Password`, `u`.`Paypal_Email`, `u`.`Paypal_Mode`, `u`.`Paypal_Payment`, `u`.`Paystack_Payment`, `u`.`Paystack_Public_Key`, `u`.`Paystack_Secret_Key`, `u`.`Phone`, `u`.`Publish_Key`, `u`.`Qr_Code`, `u`.`Razorpay_Key_Id`, `u`.`Razorpay_Key_Secret`, `u`.`Razorpay_Payment`, `u`.`Role`, `u`.`Secret_Key`, `u`.`Skype`, `u`.`Slug`, `u`.`Specialist`, `u`.`Status`, `u`.`Stripe_Payment`, `u`.`Thumb`, `u`.`Trial_Expire`, `u`.`Twitter`, `u`.`User_Name`, `u`.`User_Type`, `u`.`Verify_Code`, `u`.`Whatsapp`
FROM `Users` AS `u`
WHERE `u`.`Id` = @__id_0
LIMIT 1
2023-10-07 18:50:27.176 +05:30  INF  Executing endpoint 'DCRM.Api.Controllers.DealerController.GetAsync (DCRM.Api)'
2023-10-07 18:50:27.176 +05:30  INF  Route matched with {action = "Get", controller = "Dealer"}. Executing controller action with signature System.Threading.Tasks.Task`1[DCRM.Common.Dto.DealerDto] GetAsync(Int32) on controller DCRM.Api.Controllers.DealerController (DCRM.Api).
2023-10-07 18:50:27.178 +05:30  INF  Executed DbCommand (1ms) [Parameters=[@__id_0='?' (DbType = Int32), @__userId_1='?' (DbType = Int64)], CommandType='"Text"', CommandTimeout='30']
SELECT `d`.`Id`, `d`.`Address_O`, `d`.`Address_R`, `d`.`City_O`, `d`.`City_R`, `d`.`Company_Name`, `d`.`Country_O`, `d`.`Country_R`, `d`.`Created_At`, `d`.`Email1`, `d`.`Email2`, `d`.`Gst_Number`, `d`.`Image`, `d`.`Is_Deleted`, `d`.`Own_Name_1`, `d`.`Own_Name_2`, `d`.`Pan_Number`, `d`.`Phone1`, `d`.`Phone2`, `d`.`Staff_Email1`, `d`.`Staff_Email2`, `d`.`Staff_Email3`, `d`.`Staff_Email4`, `d`.`Staff_Name1`, `d`.`Staff_Name2`, `d`.`Staff_Name3`, `d`.`Staff_Name4`, `d`.`Staff_Phone1`, `d`.`Staff_Phone2`, `d`.`Staff_Phone3`, `d`.`Staff_Phone4`, `d`.`Updated_At`, `d`.`User_Id`, `d`.`Zip_O`, `d`.`Zip_R`
FROM `Dealers` AS `d`
WHERE ((`d`.`Id` = @__id_0) AND (`d`.`Is_Deleted` = 0)) AND (`d`.`User_Id` = @__userId_1)
LIMIT 1
2023-10-07 18:50:27.180 +05:30  INF  Executed DbCommand (1ms) [Parameters=[@__p_0='?' (DbType = Int64)], CommandType='"Text"', CommandTimeout='30']
SELECT `d`.`Id`, `d`.`Bank_Account_Number`, `d`.`Bank_Name`, `d`.`Dealer_Id`, `d`.`Ifsc_Code`, `d`.`Remarks`, `d`.`Updated_At`
FROM `Dealer_Bank_Details` AS `d`
WHERE `d`.`Dealer_Id` = @__p_0
2023-10-07 18:50:27.182 +05:30  INF  Executed DbCommand (1ms) [Parameters=[@__p_0='?' (DbType = Int64)], CommandType='"Text"', CommandTimeout='30']
SELECT `d`.`Id`, `d`.`Dealer_Id`, `d`.`Material_Cost`, `d`.`Material_Date`, `d`.`Material_Name`
FROM `Dealer_Material` AS `d`
WHERE `d`.`Dealer_Id` = @__p_0
2023-10-07 18:50:27.182 +05:30  INF  Executing ObjectResult, writing value of type 'DCRM.Common.Dto.DealerDto'.
2023-10-07 18:50:27.182 +05:30  INF  Executed action DCRM.Api.Controllers.DealerController.GetAsync (DCRM.Api) in 5.8011ms
2023-10-07 18:50:27.182 +05:30  INF  Executed endpoint 'DCRM.Api.Controllers.DealerController.GetAsync (DCRM.Api)'
2023-10-07 18:50:27.182 +05:30  INF  Request finished HTTP/2 GET https://localhost:7069/api/Dealer/Get/29 application/json - - 200 - application/json;+charset=utf-8 9.2790ms
2023-10-07 18:50:31.574 +05:30  INF  Request starting HTTP/2 OPTIONS https://localhost:7069/api/Dealer/Update - -
2023-10-07 18:50:31.574 +05:30  INF  CORS policy execution successful.
2023-10-07 18:50:31.575 +05:30  INF  Request finished HTTP/2 OPTIONS https://localhost:7069/api/Dealer/Update - - - 204 - - 0.3072ms
2023-10-07 18:50:31.576 +05:30  INF  Request starting HTTP/2 POST https://localhost:7069/api/Dealer/Update application/json 1248
2023-10-07 18:50:31.576 +05:30  INF  CORS policy execution successful.
2023-10-07 18:50:31.579 +05:30  INF  Executed DbCommand (1ms) [Parameters=[@__id_0='?' (DbType = Int32)], CommandType='"Text"', CommandTimeout='30']
SELECT `u`.`Id`, `u`.`About_Me`, `u`.`Account_Type`, `u`.`Address`, `u`.`Available_Days`, `u`.`Bn_Name`, `u`.`City`, `u`.`Country`, `u`.`Created_At`, `u`.`Currency`, `u`.`Degree`, `u`.`Email`, `u`.`Email_Verified`, `u`.`Enable_Appointment`, `u`.`Enable_Rating`, `u`.`Exp_Years`, `u`.`Facebook`, `u`.`Google_Analytics`, `u`.`Image`, `u`.`Instagram`, `u`.`Linkedin`, `u`.`Name`, `u`.`Parent_Id`, `u`.`Password`, `u`.`Paypal_Email`, `u`.`Paypal_Mode`, `u`.`Paypal_Payment`, `u`.`Paystack_Payment`, `u`.`Paystack_Public_Key`, `u`.`Paystack_Secret_Key`, `u`.`Phone`, `u`.`Publish_Key`, `u`.`Qr_Code`, `u`.`Razorpay_Key_Id`, `u`.`Razorpay_Key_Secret`, `u`.`Razorpay_Payment`, `u`.`Role`, `u`.`Secret_Key`, `u`.`Skype`, `u`.`Slug`, `u`.`Specialist`, `u`.`Status`, `u`.`Stripe_Payment`, `u`.`Thumb`, `u`.`Trial_Expire`, `u`.`Twitter`, `u`.`User_Name`, `u`.`User_Type`, `u`.`Verify_Code`, `u`.`Whatsapp`
FROM `Users` AS `u`
WHERE `u`.`Id` = @__id_0
LIMIT 1
2023-10-07 18:50:31.580 +05:30  INF  Executing endpoint 'DCRM.Api.Controllers.DealerController.Update (DCRM.Api)'
2023-10-07 18:50:31.580 +05:30  INF  Route matched with {action = "Update", controller = "Dealer"}. Executing controller action with signature System.Threading.Tasks.Task`1[Microsoft.AspNetCore.Mvc.IActionResult] Update(DCRM.Common.Entity.DealerRequest) on controller DCRM.Api.Controllers.DealerController (DCRM.Api).
2023-10-07 18:50:31.582 +05:30  INF  Executed DbCommand (1ms) [Parameters=[@__request_Id_0='?' (DbType = Int32)], CommandType='"Text"', CommandTimeout='30']
SELECT `d`.`Id`, `d`.`Address_O`, `d`.`Address_R`, `d`.`City_O`, `d`.`City_R`, `d`.`Company_Name`, `d`.`Country_O`, `d`.`Country_R`, `d`.`Created_At`, `d`.`Email1`, `d`.`Email2`, `d`.`Gst_Number`, `d`.`Image`, `d`.`Is_Deleted`, `d`.`Own_Name_1`, `d`.`Own_Name_2`, `d`.`Pan_Number`, `d`.`Phone1`, `d`.`Phone2`, `d`.`Staff_Email1`, `d`.`Staff_Email2`, `d`.`Staff_Email3`, `d`.`Staff_Email4`, `d`.`Staff_Name1`, `d`.`Staff_Name2`, `d`.`Staff_Name3`, `d`.`Staff_Name4`, `d`.`Staff_Phone1`, `d`.`Staff_Phone2`, `d`.`Staff_Phone3`, `d`.`Staff_Phone4`, `d`.`Updated_At`, `d`.`User_Id`, `d`.`Zip_O`, `d`.`Zip_R`
FROM `Dealers` AS `d`
WHERE `d`.`Id` = @__request_Id_0
LIMIT 1
2023-10-07 18:50:31.590 +05:30  INF  Executed DbCommand (8ms) [Parameters=[@p34='?' (DbType = Int32), @p0='?' (Size = 4000), @p1='?' (Size = 4000), @p2='?' (Size = 4000), @p3='?' (Size = 4000), @p4='?' (Size = 4000), @p5='?' (Size = 4000), @p6='?' (Size = 4000), @p7='?' (DbType = DateTime), @p8='?' (Size = 4000), @p9='?' (Size = 4000), @p10='?' (Size = 4000), @p11='?' (Size = 4000), @p12='?' (DbType = SByte), @p13='?' (Size = 4000), @p14='?' (Size = 4000), @p15='?' (Size = 4000), @p16='?' (Size = 4000), @p17='?' (Size = 4000), @p18='?' (Size = 4000), @p19='?' (Size = 4000), @p20='?' (Size = 4000), @p21='?' (Size = 4000), @p22='?' (Size = 4000), @p23='?' (Size = 4000), @p24='?' (Size = 4000), @p25='?' (Size = 4000), @p26='?' (DbType = Int64), @p27='?' (DbType = Int64), @p28='?' (DbType = Int64), @p29='?' (DbType = Int64), @p30='?' (DbType = DateTime), @p31='?' (DbType = Int64), @p32='?' (Size = 4000), @p33='?' (Size = 4000)], CommandType='"Text"', CommandTimeout='30']
UPDATE `Dealers` SET `Address_O` = @p0, `Address_R` = @p1, `City_O` = @p2, `City_R` = @p3, `Company_Name` = @p4, `Country_O` = @p5, `Country_R` = @p6, `Created_At` = @p7, `Email1` = @p8, `Email2` = @p9, `Gst_Number` = @p10, `Image` = @p11, `Is_Deleted` = @p12, `Own_Name_1` = @p13, `Own_Name_2` = @p14, `Pan_Number` = @p15, `Phone1` = @p16, `Phone2` = @p17, `Staff_Email1` = @p18, `Staff_Email2` = @p19, `Staff_Email3` = @p20, `Staff_Email4` = @p21, `Staff_Name1` = @p22, `Staff_Name2` = @p23, `Staff_Name3` = @p24, `Staff_Name4` = @p25, `Staff_Phone1` = @p26, `Staff_Phone2` = @p27, `Staff_Phone3` = @p28, `Staff_Phone4` = @p29, `Updated_At` = @p30, `User_Id` = @p31, `Zip_O` = @p32, `Zip_R` = @p33
WHERE `Id` = @p34;
2023-10-07 18:50:31.592 +05:30  INF  Executed DbCommand (1ms) [Parameters=[@__item_Id_0='?' (DbType = Int64)], CommandType='"Text"', CommandTimeout='30']
SELECT `d`.`Id`, `d`.`Bank_Account_Number`, `d`.`Bank_Name`, `d`.`Dealer_Id`, `d`.`Ifsc_Code`, `d`.`Remarks`, `d`.`Updated_At`
FROM `Dealer_Bank_Details` AS `d`
WHERE `d`.`Id` = @__item_Id_0
LIMIT 1
2023-10-07 18:50:31.594 +05:30  INF  Executed DbCommand (1ms) [Parameters=[@p6='?' (DbType = Int64), @p0='?' (DbType = Int64), @p1='?' (Size = 4000), @p2='?' (DbType = Int64), @p3='?' (Size = 4000), @p4='?' (Size = 4000), @p5='?' (DbType = DateTime)], CommandType='"Text"', CommandTimeout='30']
UPDATE `Dealer_Bank_Details` SET `Bank_Account_Number` = @p0, `Bank_Name` = @p1, `Dealer_Id` = @p2, `Ifsc_Code` = @p3, `Remarks` = @p4, `Updated_At` = @p5
WHERE `Id` = @p6;
2023-10-07 18:50:31.595 +05:30  INF  Executed DbCommand (0ms) [Parameters=[@__item_Id_0='?' (DbType = Int64)], CommandType='"Text"', CommandTimeout='30']
SELECT `d`.`Id`, `d`.`Bank_Account_Number`, `d`.`Bank_Name`, `d`.`Dealer_Id`, `d`.`Ifsc_Code`, `d`.`Remarks`, `d`.`Updated_At`
FROM `Dealer_Bank_Details` AS `d`
WHERE `d`.`Id` = @__item_Id_0
LIMIT 1
2023-10-07 18:50:31.598 +05:30  INF  Executed DbCommand (2ms) [Parameters=[@p6='?' (DbType = Int64), @p0='?' (DbType = Int64), @p1='?' (Size = 4000), @p2='?' (DbType = Int64), @p3='?' (Size = 4000), @p4='?' (Size = 4000), @p5='?' (DbType = DateTime)], CommandType='"Text"', CommandTimeout='30']
UPDATE `Dealer_Bank_Details` SET `Bank_Account_Number` = @p0, `Bank_Name` = @p1, `Dealer_Id` = @p2, `Ifsc_Code` = @p3, `Remarks` = @p4, `Updated_At` = @p5
WHERE `Id` = @p6;
2023-10-07 18:50:31.598 +05:30  INF  Executed DbCommand (0ms) [Parameters=[@__item_Id_0='?' (DbType = Int32)], CommandType='"Text"', CommandTimeout='30']
SELECT `d`.`Id`, `d`.`Dealer_Id`, `d`.`Material_Cost`, `d`.`Material_Date`, `d`.`Material_Name`
FROM `Dealer_Material` AS `d`
WHERE `d`.`Id` = @__item_Id_0
LIMIT 1
2023-10-07 18:50:31.600 +05:30  INF  Executed DbCommand (1ms) [Parameters=[@p4='?' (DbType = Int32), @p0='?' (DbType = Int64), @p1='?' (DbType = Single), @p2='?' (DbType = DateTime), @p3='?' (Size = 4000)], CommandType='"Text"', CommandTimeout='30']
UPDATE `Dealer_Material` SET `Dealer_Id` = @p0, `Material_Cost` = @p1, `Material_Date` = @p2, `Material_Name` = @p3
WHERE `Id` = @p4;
2023-10-07 18:50:31.601 +05:30  INF  Executed DbCommand (0ms) [Parameters=[@__item_Id_0='?' (DbType = Int32)], CommandType='"Text"', CommandTimeout='30']
SELECT `d`.`Id`, `d`.`Dealer_Id`, `d`.`Material_Cost`, `d`.`Material_Date`, `d`.`Material_Name`
FROM `Dealer_Material` AS `d`
WHERE `d`.`Id` = @__item_Id_0
LIMIT 1
2023-10-07 18:50:31.603 +05:30  INF  Executed DbCommand (1ms) [Parameters=[@p4='?' (DbType = Int32), @p0='?' (DbType = Int64), @p1='?' (DbType = Single), @p2='?' (DbType = DateTime), @p3='?' (Size = 4000)], CommandType='"Text"', CommandTimeout='30']
UPDATE `Dealer_Material` SET `Dealer_Id` = @p0, `Material_Cost` = @p1, `Material_Date` = @p2, `Material_Name` = @p3
WHERE `Id` = @p4;
2023-10-07 18:50:31.604 +05:30  INF  Executing OkObjectResult, writing value of type 'System.String'.
2023-10-07 18:50:31.604 +05:30  INF  Executed action DCRM.Api.Controllers.DealerController.Update (DCRM.Api) in 24.1058ms
2023-10-07 18:50:31.604 +05:30  INF  Executed endpoint 'DCRM.Api.Controllers.DealerController.Update (DCRM.Api)'
2023-10-07 18:50:31.604 +05:30  INF  Request finished HTTP/2 POST https://localhost:7069/api/Dealer/Update application/json 1248 - 200 - text/plain;+charset=utf-8 28.1106ms
2023-10-07 18:51:13.573 +05:30  INF  Request starting HTTP/2 OPTIONS https://localhost:7069/api/Dealer/Get/29 - -
2023-10-07 18:51:13.573 +05:30  INF  CORS policy execution successful.
2023-10-07 18:51:13.573 +05:30  INF  Request finished HTTP/2 OPTIONS https://localhost:7069/api/Dealer/Get/29 - - - 204 - - 0.2224ms
2023-10-07 18:51:13.575 +05:30  INF  Request starting HTTP/2 GET https://localhost:7069/api/Dealer/Get/29 application/json -
2023-10-07 18:51:13.575 +05:30  INF  CORS policy execution successful.
2023-10-07 18:51:13.577 +05:30  INF  Executed DbCommand (1ms) [Parameters=[@__id_0='?' (DbType = Int32)], CommandType='"Text"', CommandTimeout='30']
SELECT `u`.`Id`, `u`.`About_Me`, `u`.`Account_Type`, `u`.`Address`, `u`.`Available_Days`, `u`.`Bn_Name`, `u`.`City`, `u`.`Country`, `u`.`Created_At`, `u`.`Currency`, `u`.`Degree`, `u`.`Email`, `u`.`Email_Verified`, `u`.`Enable_Appointment`, `u`.`Enable_Rating`, `u`.`Exp_Years`, `u`.`Facebook`, `u`.`Google_Analytics`, `u`.`Image`, `u`.`Instagram`, `u`.`Linkedin`, `u`.`Name`, `u`.`Parent_Id`, `u`.`Password`, `u`.`Paypal_Email`, `u`.`Paypal_Mode`, `u`.`Paypal_Payment`, `u`.`Paystack_Payment`, `u`.`Paystack_Public_Key`, `u`.`Paystack_Secret_Key`, `u`.`Phone`, `u`.`Publish_Key`, `u`.`Qr_Code`, `u`.`Razorpay_Key_Id`, `u`.`Razorpay_Key_Secret`, `u`.`Razorpay_Payment`, `u`.`Role`, `u`.`Secret_Key`, `u`.`Skype`, `u`.`Slug`, `u`.`Specialist`, `u`.`Status`, `u`.`Stripe_Payment`, `u`.`Thumb`, `u`.`Trial_Expire`, `u`.`Twitter`, `u`.`User_Name`, `u`.`User_Type`, `u`.`Verify_Code`, `u`.`Whatsapp`
FROM `Users` AS `u`
WHERE `u`.`Id` = @__id_0
LIMIT 1
2023-10-07 18:51:13.578 +05:30  INF  Executing endpoint 'DCRM.Api.Controllers.DealerController.GetAsync (DCRM.Api)'
2023-10-07 18:51:13.578 +05:30  INF  Route matched with {action = "Get", controller = "Dealer"}. Executing controller action with signature System.Threading.Tasks.Task`1[DCRM.Common.Dto.DealerDto] GetAsync(Int32) on controller DCRM.Api.Controllers.DealerController (DCRM.Api).
2023-10-07 18:51:13.579 +05:30  INF  Executed DbCommand (1ms) [Parameters=[@__id_0='?' (DbType = Int32), @__userId_1='?' (DbType = Int64)], CommandType='"Text"', CommandTimeout='30']
SELECT `d`.`Id`, `d`.`Address_O`, `d`.`Address_R`, `d`.`City_O`, `d`.`City_R`, `d`.`Company_Name`, `d`.`Country_O`, `d`.`Country_R`, `d`.`Created_At`, `d`.`Email1`, `d`.`Email2`, `d`.`Gst_Number`, `d`.`Image`, `d`.`Is_Deleted`, `d`.`Own_Name_1`, `d`.`Own_Name_2`, `d`.`Pan_Number`, `d`.`Phone1`, `d`.`Phone2`, `d`.`Staff_Email1`, `d`.`Staff_Email2`, `d`.`Staff_Email3`, `d`.`Staff_Email4`, `d`.`Staff_Name1`, `d`.`Staff_Name2`, `d`.`Staff_Name3`, `d`.`Staff_Name4`, `d`.`Staff_Phone1`, `d`.`Staff_Phone2`, `d`.`Staff_Phone3`, `d`.`Staff_Phone4`, `d`.`Updated_At`, `d`.`User_Id`, `d`.`Zip_O`, `d`.`Zip_R`
FROM `Dealers` AS `d`
WHERE ((`d`.`Id` = @__id_0) AND (`d`.`Is_Deleted` = 0)) AND (`d`.`User_Id` = @__userId_1)
LIMIT 1
2023-10-07 18:51:13.581 +05:30  INF  Executed DbCommand (0ms) [Parameters=[@__p_0='?' (DbType = Int64)], CommandType='"Text"', CommandTimeout='30']
SELECT `d`.`Id`, `d`.`Bank_Account_Number`, `d`.`Bank_Name`, `d`.`Dealer_Id`, `d`.`Ifsc_Code`, `d`.`Remarks`, `d`.`Updated_At`
FROM `Dealer_Bank_Details` AS `d`
WHERE `d`.`Dealer_Id` = @__p_0
2023-10-07 18:51:13.582 +05:30  INF  Executed DbCommand (0ms) [Parameters=[@__p_0='?' (DbType = Int64)], CommandType='"Text"', CommandTimeout='30']
SELECT `d`.`Id`, `d`.`Dealer_Id`, `d`.`Material_Cost`, `d`.`Material_Date`, `d`.`Material_Name`
FROM `Dealer_Material` AS `d`
WHERE `d`.`Dealer_Id` = @__p_0
2023-10-07 18:51:13.583 +05:30  INF  Executing ObjectResult, writing value of type 'DCRM.Common.Dto.DealerDto'.
2023-10-07 18:51:13.583 +05:30  INF  Executed action DCRM.Api.Controllers.DealerController.GetAsync (DCRM.Api) in 4.8713ms
2023-10-07 18:51:13.583 +05:30  INF  Executed endpoint 'DCRM.Api.Controllers.DealerController.GetAsync (DCRM.Api)'
2023-10-07 18:51:13.583 +05:30  INF  Request finished HTTP/2 GET https://localhost:7069/api/Dealer/Get/29 application/json - - 200 - application/json;+charset=utf-8 8.1282ms
2023-10-07 18:53:00.525 +05:30  INF  Request starting HTTP/2 OPTIONS https://localhost:7069/api/Dealer/Get/29 - -
2023-10-07 18:53:00.525 +05:30  INF  CORS policy execution successful.
2023-10-07 18:53:00.525 +05:30  INF  Request finished HTTP/2 OPTIONS https://localhost:7069/api/Dealer/Get/29 - - - 204 - - 0.2956ms
2023-10-07 18:53:00.530 +05:30  INF  Request starting HTTP/2 GET https://localhost:7069/api/Dealer/Get/29 application/json -
2023-10-07 18:53:00.531 +05:30  INF  CORS policy execution successful.
2023-10-07 18:53:00.534 +05:30  INF  Executed DbCommand (1ms) [Parameters=[@__id_0='?' (DbType = Int32)], CommandType='"Text"', CommandTimeout='30']
SELECT `u`.`Id`, `u`.`About_Me`, `u`.`Account_Type`, `u`.`Address`, `u`.`Available_Days`, `u`.`Bn_Name`, `u`.`City`, `u`.`Country`, `u`.`Created_At`, `u`.`Currency`, `u`.`Degree`, `u`.`Email`, `u`.`Email_Verified`, `u`.`Enable_Appointment`, `u`.`Enable_Rating`, `u`.`Exp_Years`, `u`.`Facebook`, `u`.`Google_Analytics`, `u`.`Image`, `u`.`Instagram`, `u`.`Linkedin`, `u`.`Name`, `u`.`Parent_Id`, `u`.`Password`, `u`.`Paypal_Email`, `u`.`Paypal_Mode`, `u`.`Paypal_Payment`, `u`.`Paystack_Payment`, `u`.`Paystack_Public_Key`, `u`.`Paystack_Secret_Key`, `u`.`Phone`, `u`.`Publish_Key`, `u`.`Qr_Code`, `u`.`Razorpay_Key_Id`, `u`.`Razorpay_Key_Secret`, `u`.`Razorpay_Payment`, `u`.`Role`, `u`.`Secret_Key`, `u`.`Skype`, `u`.`Slug`, `u`.`Specialist`, `u`.`Status`, `u`.`Stripe_Payment`, `u`.`Thumb`, `u`.`Trial_Expire`, `u`.`Twitter`, `u`.`User_Name`, `u`.`User_Type`, `u`.`Verify_Code`, `u`.`Whatsapp`
FROM `Users` AS `u`
WHERE `u`.`Id` = @__id_0
LIMIT 1
2023-10-07 18:53:00.534 +05:30  INF  Executing endpoint 'DCRM.Api.Controllers.DealerController.GetAsync (DCRM.Api)'
2023-10-07 18:53:00.534 +05:30  INF  Route matched with {action = "Get", controller = "Dealer"}. Executing controller action with signature System.Threading.Tasks.Task`1[DCRM.Common.Dto.DealerDto] GetAsync(Int32) on controller DCRM.Api.Controllers.DealerController (DCRM.Api).
2023-10-07 18:53:00.536 +05:30  INF  Executed DbCommand (1ms) [Parameters=[@__id_0='?' (DbType = Int32), @__userId_1='?' (DbType = Int64)], CommandType='"Text"', CommandTimeout='30']
SELECT `d`.`Id`, `d`.`Address_O`, `d`.`Address_R`, `d`.`City_O`, `d`.`City_R`, `d`.`Company_Name`, `d`.`Country_O`, `d`.`Country_R`, `d`.`Created_At`, `d`.`Email1`, `d`.`Email2`, `d`.`Gst_Number`, `d`.`Image`, `d`.`Is_Deleted`, `d`.`Own_Name_1`, `d`.`Own_Name_2`, `d`.`Pan_Number`, `d`.`Phone1`, `d`.`Phone2`, `d`.`Staff_Email1`, `d`.`Staff_Email2`, `d`.`Staff_Email3`, `d`.`Staff_Email4`, `d`.`Staff_Name1`, `d`.`Staff_Name2`, `d`.`Staff_Name3`, `d`.`Staff_Name4`, `d`.`Staff_Phone1`, `d`.`Staff_Phone2`, `d`.`Staff_Phone3`, `d`.`Staff_Phone4`, `d`.`Updated_At`, `d`.`User_Id`, `d`.`Zip_O`, `d`.`Zip_R`
FROM `Dealers` AS `d`
WHERE ((`d`.`Id` = @__id_0) AND (`d`.`Is_Deleted` = 0)) AND (`d`.`User_Id` = @__userId_1)
LIMIT 1
2023-10-07 18:53:00.538 +05:30  INF  Executed DbCommand (0ms) [Parameters=[@__p_0='?' (DbType = Int64)], CommandType='"Text"', CommandTimeout='30']
SELECT `d`.`Id`, `d`.`Bank_Account_Number`, `d`.`Bank_Name`, `d`.`Dealer_Id`, `d`.`Ifsc_Code`, `d`.`Remarks`, `d`.`Updated_At`
FROM `Dealer_Bank_Details` AS `d`
WHERE `d`.`Dealer_Id` = @__p_0
2023-10-07 18:53:00.539 +05:30  INF  Executed DbCommand (0ms) [Parameters=[@__p_0='?' (DbType = Int64)], CommandType='"Text"', CommandTimeout='30']
SELECT `d`.`Id`, `d`.`Dealer_Id`, `d`.`Material_Cost`, `d`.`Material_Date`, `d`.`Material_Name`
FROM `Dealer_Material` AS `d`
WHERE `d`.`Dealer_Id` = @__p_0
2023-10-07 18:53:00.540 +05:30  INF  Executing ObjectResult, writing value of type 'DCRM.Common.Dto.DealerDto'.
2023-10-07 18:53:00.540 +05:30  INF  Executed action DCRM.Api.Controllers.DealerController.GetAsync (DCRM.Api) in 5.2586ms
2023-10-07 18:53:00.540 +05:30  INF  Executed endpoint 'DCRM.Api.Controllers.DealerController.GetAsync (DCRM.Api)'
2023-10-07 18:53:00.540 +05:30  INF  Request finished HTTP/2 GET https://localhost:7069/api/Dealer/Get/29 application/json - - 200 - application/json;+charset=utf-8 9.3951ms
2023-10-07 18:53:34.504 +05:30  INF  Request starting HTTP/2 OPTIONS https://localhost:7069/api/Dealer/Update - -
2023-10-07 18:53:34.504 +05:30  INF  CORS policy execution successful.
2023-10-07 18:53:34.504 +05:30  INF  Request finished HTTP/2 OPTIONS https://localhost:7069/api/Dealer/Update - - - 204 - - 0.3470ms
2023-10-07 18:53:34.507 +05:30  INF  Request starting HTTP/2 POST https://localhost:7069/api/Dealer/Update application/json 1248
2023-10-07 18:53:34.507 +05:30  INF  CORS policy execution successful.
2023-10-07 18:53:34.511 +05:30  INF  Executed DbCommand (1ms) [Parameters=[@__id_0='?' (DbType = Int32)], CommandType='"Text"', CommandTimeout='30']
SELECT `u`.`Id`, `u`.`About_Me`, `u`.`Account_Type`, `u`.`Address`, `u`.`Available_Days`, `u`.`Bn_Name`, `u`.`City`, `u`.`Country`, `u`.`Created_At`, `u`.`Currency`, `u`.`Degree`, `u`.`Email`, `u`.`Email_Verified`, `u`.`Enable_Appointment`, `u`.`Enable_Rating`, `u`.`Exp_Years`, `u`.`Facebook`, `u`.`Google_Analytics`, `u`.`Image`, `u`.`Instagram`, `u`.`Linkedin`, `u`.`Name`, `u`.`Parent_Id`, `u`.`Password`, `u`.`Paypal_Email`, `u`.`Paypal_Mode`, `u`.`Paypal_Payment`, `u`.`Paystack_Payment`, `u`.`Paystack_Public_Key`, `u`.`Paystack_Secret_Key`, `u`.`Phone`, `u`.`Publish_Key`, `u`.`Qr_Code`, `u`.`Razorpay_Key_Id`, `u`.`Razorpay_Key_Secret`, `u`.`Razorpay_Payment`, `u`.`Role`, `u`.`Secret_Key`, `u`.`Skype`, `u`.`Slug`, `u`.`Specialist`, `u`.`Status`, `u`.`Stripe_Payment`, `u`.`Thumb`, `u`.`Trial_Expire`, `u`.`Twitter`, `u`.`User_Name`, `u`.`User_Type`, `u`.`Verify_Code`, `u`.`Whatsapp`
FROM `Users` AS `u`
WHERE `u`.`Id` = @__id_0
LIMIT 1
2023-10-07 18:53:34.511 +05:30  INF  Executing endpoint 'DCRM.Api.Controllers.DealerController.Update (DCRM.Api)'
2023-10-07 18:53:34.511 +05:30  INF  Route matched with {action = "Update", controller = "Dealer"}. Executing controller action with signature System.Threading.Tasks.Task`1[Microsoft.AspNetCore.Mvc.IActionResult] Update(DCRM.Common.Entity.DealerRequest) on controller DCRM.Api.Controllers.DealerController (DCRM.Api).
2023-10-07 18:53:34.514 +05:30  INF  Executed DbCommand (1ms) [Parameters=[@__request_Id_0='?' (DbType = Int32)], CommandType='"Text"', CommandTimeout='30']
SELECT `d`.`Id`, `d`.`Address_O`, `d`.`Address_R`, `d`.`City_O`, `d`.`City_R`, `d`.`Company_Name`, `d`.`Country_O`, `d`.`Country_R`, `d`.`Created_At`, `d`.`Email1`, `d`.`Email2`, `d`.`Gst_Number`, `d`.`Image`, `d`.`Is_Deleted`, `d`.`Own_Name_1`, `d`.`Own_Name_2`, `d`.`Pan_Number`, `d`.`Phone1`, `d`.`Phone2`, `d`.`Staff_Email1`, `d`.`Staff_Email2`, `d`.`Staff_Email3`, `d`.`Staff_Email4`, `d`.`Staff_Name1`, `d`.`Staff_Name2`, `d`.`Staff_Name3`, `d`.`Staff_Name4`, `d`.`Staff_Phone1`, `d`.`Staff_Phone2`, `d`.`Staff_Phone3`, `d`.`Staff_Phone4`, `d`.`Updated_At`, `d`.`User_Id`, `d`.`Zip_O`, `d`.`Zip_R`
FROM `Dealers` AS `d`
WHERE `d`.`Id` = @__request_Id_0
LIMIT 1
2023-10-07 18:53:34.522 +05:30  INF  Executed DbCommand (7ms) [Parameters=[@p34='?' (DbType = Int32), @p0='?' (Size = 4000), @p1='?' (Size = 4000), @p2='?' (Size = 4000), @p3='?' (Size = 4000), @p4='?' (Size = 4000), @p5='?' (Size = 4000), @p6='?' (Size = 4000), @p7='?' (DbType = DateTime), @p8='?' (Size = 4000), @p9='?' (Size = 4000), @p10='?' (Size = 4000), @p11='?' (Size = 4000), @p12='?' (DbType = SByte), @p13='?' (Size = 4000), @p14='?' (Size = 4000), @p15='?' (Size = 4000), @p16='?' (Size = 4000), @p17='?' (Size = 4000), @p18='?' (Size = 4000), @p19='?' (Size = 4000), @p20='?' (Size = 4000), @p21='?' (Size = 4000), @p22='?' (Size = 4000), @p23='?' (Size = 4000), @p24='?' (Size = 4000), @p25='?' (Size = 4000), @p26='?' (DbType = Int64), @p27='?' (DbType = Int64), @p28='?' (DbType = Int64), @p29='?' (DbType = Int64), @p30='?' (DbType = DateTime), @p31='?' (DbType = Int64), @p32='?' (Size = 4000), @p33='?' (Size = 4000)], CommandType='"Text"', CommandTimeout='30']
UPDATE `Dealers` SET `Address_O` = @p0, `Address_R` = @p1, `City_O` = @p2, `City_R` = @p3, `Company_Name` = @p4, `Country_O` = @p5, `Country_R` = @p6, `Created_At` = @p7, `Email1` = @p8, `Email2` = @p9, `Gst_Number` = @p10, `Image` = @p11, `Is_Deleted` = @p12, `Own_Name_1` = @p13, `Own_Name_2` = @p14, `Pan_Number` = @p15, `Phone1` = @p16, `Phone2` = @p17, `Staff_Email1` = @p18, `Staff_Email2` = @p19, `Staff_Email3` = @p20, `Staff_Email4` = @p21, `Staff_Name1` = @p22, `Staff_Name2` = @p23, `Staff_Name3` = @p24, `Staff_Name4` = @p25, `Staff_Phone1` = @p26, `Staff_Phone2` = @p27, `Staff_Phone3` = @p28, `Staff_Phone4` = @p29, `Updated_At` = @p30, `User_Id` = @p31, `Zip_O` = @p32, `Zip_R` = @p33
WHERE `Id` = @p34;
2023-10-07 18:53:34.523 +05:30  INF  Executed DbCommand (0ms) [Parameters=[@__item_Id_0='?' (DbType = Int64)], CommandType='"Text"', CommandTimeout='30']
SELECT `d`.`Id`, `d`.`Bank_Account_Number`, `d`.`Bank_Name`, `d`.`Dealer_Id`, `d`.`Ifsc_Code`, `d`.`Remarks`, `d`.`Updated_At`
FROM `Dealer_Bank_Details` AS `d`
WHERE `d`.`Id` = @__item_Id_0
LIMIT 1
2023-10-07 18:53:34.525 +05:30  INF  Executed DbCommand (1ms) [Parameters=[@p6='?' (DbType = Int64), @p0='?' (DbType = Int64), @p1='?' (Size = 4000), @p2='?' (DbType = Int64), @p3='?' (Size = 4000), @p4='?' (Size = 4000), @p5='?' (DbType = DateTime)], CommandType='"Text"', CommandTimeout='30']
UPDATE `Dealer_Bank_Details` SET `Bank_Account_Number` = @p0, `Bank_Name` = @p1, `Dealer_Id` = @p2, `Ifsc_Code` = @p3, `Remarks` = @p4, `Updated_At` = @p5
WHERE `Id` = @p6;
2023-10-07 18:53:34.526 +05:30  INF  Executed DbCommand (0ms) [Parameters=[@__item_Id_0='?' (DbType = Int64)], CommandType='"Text"', CommandTimeout='30']
SELECT `d`.`Id`, `d`.`Bank_Account_Number`, `d`.`Bank_Name`, `d`.`Dealer_Id`, `d`.`Ifsc_Code`, `d`.`Remarks`, `d`.`Updated_At`
FROM `Dealer_Bank_Details` AS `d`
WHERE `d`.`Id` = @__item_Id_0
LIMIT 1
2023-10-07 18:53:34.528 +05:30  INF  Executed DbCommand (1ms) [Parameters=[@p6='?' (DbType = Int64), @p0='?' (DbType = Int64), @p1='?' (Size = 4000), @p2='?' (DbType = Int64), @p3='?' (Size = 4000), @p4='?' (Size = 4000), @p5='?' (DbType = DateTime)], CommandType='"Text"', CommandTimeout='30']
UPDATE `Dealer_Bank_Details` SET `Bank_Account_Number` = @p0, `Bank_Name` = @p1, `Dealer_Id` = @p2, `Ifsc_Code` = @p3, `Remarks` = @p4, `Updated_At` = @p5
WHERE `Id` = @p6;
2023-10-07 18:53:34.529 +05:30  INF  Executed DbCommand (0ms) [Parameters=[@__item_Id_0='?' (DbType = Int32)], CommandType='"Text"', CommandTimeout='30']
SELECT `d`.`Id`, `d`.`Dealer_Id`, `d`.`Material_Cost`, `d`.`Material_Date`, `d`.`Material_Name`
FROM `Dealer_Material` AS `d`
WHERE `d`.`Id` = @__item_Id_0
LIMIT 1
2023-10-07 18:53:34.531 +05:30  INF  Executed DbCommand (1ms) [Parameters=[@p4='?' (DbType = Int32), @p0='?' (DbType = Int64), @p1='?' (DbType = Single), @p2='?' (DbType = DateTime), @p3='?' (Size = 4000)], CommandType='"Text"', CommandTimeout='30']
UPDATE `Dealer_Material` SET `Dealer_Id` = @p0, `Material_Cost` = @p1, `Material_Date` = @p2, `Material_Name` = @p3
WHERE `Id` = @p4;
2023-10-07 18:53:34.532 +05:30  INF  Executed DbCommand (0ms) [Parameters=[@__item_Id_0='?' (DbType = Int32)], CommandType='"Text"', CommandTimeout='30']
SELECT `d`.`Id`, `d`.`Dealer_Id`, `d`.`Material_Cost`, `d`.`Material_Date`, `d`.`Material_Name`
FROM `Dealer_Material` AS `d`
WHERE `d`.`Id` = @__item_Id_0
LIMIT 1
2023-10-07 18:53:34.534 +05:30  INF  Executed DbCommand (1ms) [Parameters=[@p4='?' (DbType = Int32), @p0='?' (DbType = Int64), @p1='?' (DbType = Single), @p2='?' (DbType = DateTime), @p3='?' (Size = 4000)], CommandType='"Text"', CommandTimeout='30']
UPDATE `Dealer_Material` SET `Dealer_Id` = @p0, `Material_Cost` = @p1, `Material_Date` = @p2, `Material_Name` = @p3
WHERE `Id` = @p4;
2023-10-07 18:53:34.534 +05:30  INF  Executing OkObjectResult, writing value of type 'System.String'.
2023-10-07 18:53:34.534 +05:30  INF  Executed action DCRM.Api.Controllers.DealerController.Update (DCRM.Api) in 22.6378ms
2023-10-07 18:53:34.534 +05:30  INF  Executed endpoint 'DCRM.Api.Controllers.DealerController.Update (DCRM.Api)'
2023-10-07 18:53:34.534 +05:30  INF  Request finished HTTP/2 POST https://localhost:7069/api/Dealer/Update application/json 1248 - 200 - text/plain;+charset=utf-8 27.0550ms
2023-10-07 18:57:26.034 +05:30  INF  Request starting HTTP/2 OPTIONS https://localhost:7069/api/Dealer/Get/29 - -
2023-10-07 18:57:26.034 +05:30  INF  CORS policy execution successful.
2023-10-07 18:57:26.034 +05:30  INF  Request finished HTTP/2 OPTIONS https://localhost:7069/api/Dealer/Get/29 - - - 204 - - 0.3603ms
2023-10-07 18:57:26.087 +05:30  INF  Request starting HTTP/2 GET https://localhost:7069/api/Dealer/Get/29 application/json -
2023-10-07 18:57:26.087 +05:30  INF  CORS policy execution successful.
2023-10-07 18:57:26.113 +05:30  INF  Executed DbCommand (1ms) [Parameters=[@__id_0='?' (DbType = Int32)], CommandType='"Text"', CommandTimeout='30']
SELECT `u`.`Id`, `u`.`About_Me`, `u`.`Account_Type`, `u`.`Address`, `u`.`Available_Days`, `u`.`Bn_Name`, `u`.`City`, `u`.`Country`, `u`.`Created_At`, `u`.`Currency`, `u`.`Degree`, `u`.`Email`, `u`.`Email_Verified`, `u`.`Enable_Appointment`, `u`.`Enable_Rating`, `u`.`Exp_Years`, `u`.`Facebook`, `u`.`Google_Analytics`, `u`.`Image`, `u`.`Instagram`, `u`.`Linkedin`, `u`.`Name`, `u`.`Parent_Id`, `u`.`Password`, `u`.`Paypal_Email`, `u`.`Paypal_Mode`, `u`.`Paypal_Payment`, `u`.`Paystack_Payment`, `u`.`Paystack_Public_Key`, `u`.`Paystack_Secret_Key`, `u`.`Phone`, `u`.`Publish_Key`, `u`.`Qr_Code`, `u`.`Razorpay_Key_Id`, `u`.`Razorpay_Key_Secret`, `u`.`Razorpay_Payment`, `u`.`Role`, `u`.`Secret_Key`, `u`.`Skype`, `u`.`Slug`, `u`.`Specialist`, `u`.`Status`, `u`.`Stripe_Payment`, `u`.`Thumb`, `u`.`Trial_Expire`, `u`.`Twitter`, `u`.`User_Name`, `u`.`User_Type`, `u`.`Verify_Code`, `u`.`Whatsapp`
FROM `Users` AS `u`
WHERE `u`.`Id` = @__id_0
LIMIT 1
2023-10-07 18:57:26.114 +05:30  INF  Executing endpoint 'DCRM.Api.Controllers.DealerController.GetAsync (DCRM.Api)'
2023-10-07 18:57:26.114 +05:30  INF  Route matched with {action = "Get", controller = "Dealer"}. Executing controller action with signature System.Threading.Tasks.Task`1[DCRM.Common.Dto.DealerDto] GetAsync(Int32) on controller DCRM.Api.Controllers.DealerController (DCRM.Api).
2023-10-07 18:57:26.116 +05:30  INF  Executed DbCommand (1ms) [Parameters=[@__id_0='?' (DbType = Int32), @__userId_1='?' (DbType = Int64)], CommandType='"Text"', CommandTimeout='30']
SELECT `d`.`Id`, `d`.`Address_O`, `d`.`Address_R`, `d`.`City_O`, `d`.`City_R`, `d`.`Company_Name`, `d`.`Country_O`, `d`.`Country_R`, `d`.`Created_At`, `d`.`Email1`, `d`.`Email2`, `d`.`Gst_Number`, `d`.`Image`, `d`.`Is_Deleted`, `d`.`Own_Name_1`, `d`.`Own_Name_2`, `d`.`Pan_Number`, `d`.`Phone1`, `d`.`Phone2`, `d`.`Staff_Email1`, `d`.`Staff_Email2`, `d`.`Staff_Email3`, `d`.`Staff_Email4`, `d`.`Staff_Name1`, `d`.`Staff_Name2`, `d`.`Staff_Name3`, `d`.`Staff_Name4`, `d`.`Staff_Phone1`, `d`.`Staff_Phone2`, `d`.`Staff_Phone3`, `d`.`Staff_Phone4`, `d`.`Updated_At`, `d`.`User_Id`, `d`.`Zip_O`, `d`.`Zip_R`
FROM `Dealers` AS `d`
WHERE ((`d`.`Id` = @__id_0) AND (`d`.`Is_Deleted` = 0)) AND (`d`.`User_Id` = @__userId_1)
LIMIT 1
2023-10-07 18:57:26.118 +05:30  INF  Executed DbCommand (1ms) [Parameters=[@__p_0='?' (DbType = Int64)], CommandType='"Text"', CommandTimeout='30']
SELECT `d`.`Id`, `d`.`Bank_Account_Number`, `d`.`Bank_Name`, `d`.`Dealer_Id`, `d`.`Ifsc_Code`, `d`.`Remarks`, `d`.`Updated_At`
FROM `Dealer_Bank_Details` AS `d`
WHERE `d`.`Dealer_Id` = @__p_0
2023-10-07 18:57:26.120 +05:30  INF  Executed DbCommand (1ms) [Parameters=[@__p_0='?' (DbType = Int64)], CommandType='"Text"', CommandTimeout='30']
SELECT `d`.`Id`, `d`.`Dealer_Id`, `d`.`Material_Cost`, `d`.`Material_Date`, `d`.`Material_Name`
FROM `Dealer_Material` AS `d`
WHERE `d`.`Dealer_Id` = @__p_0
2023-10-07 18:57:26.120 +05:30  INF  Executing ObjectResult, writing value of type 'DCRM.Common.Dto.DealerDto'.
2023-10-07 18:57:26.121 +05:30  INF  Executed action DCRM.Api.Controllers.DealerController.GetAsync (DCRM.Api) in 6.6645ms
2023-10-07 18:57:26.121 +05:30  INF  Executed endpoint 'DCRM.Api.Controllers.DealerController.GetAsync (DCRM.Api)'
2023-10-07 18:57:26.121 +05:30  INF  Request finished HTTP/2 GET https://localhost:7069/api/Dealer/Get/29 application/json - - 200 - application/json;+charset=utf-8 34.0107ms
2023-10-07 18:57:47.713 +05:30  INF  Request starting HTTP/2 OPTIONS https://localhost:7069/api/Dealer/Update - -
2023-10-07 18:57:47.713 +05:30  INF  CORS policy execution successful.
2023-10-07 18:57:47.714 +05:30  INF  Request finished HTTP/2 OPTIONS https://localhost:7069/api/Dealer/Update - - - 204 - - 0.4589ms
2023-10-07 18:57:47.716 +05:30  INF  Request starting HTTP/2 POST https://localhost:7069/api/Dealer/Update application/json 1248
2023-10-07 18:57:47.716 +05:30  INF  CORS policy execution successful.
2023-10-07 18:57:47.718 +05:30  INF  Executed DbCommand (1ms) [Parameters=[@__id_0='?' (DbType = Int32)], CommandType='"Text"', CommandTimeout='30']
SELECT `u`.`Id`, `u`.`About_Me`, `u`.`Account_Type`, `u`.`Address`, `u`.`Available_Days`, `u`.`Bn_Name`, `u`.`City`, `u`.`Country`, `u`.`Created_At`, `u`.`Currency`, `u`.`Degree`, `u`.`Email`, `u`.`Email_Verified`, `u`.`Enable_Appointment`, `u`.`Enable_Rating`, `u`.`Exp_Years`, `u`.`Facebook`, `u`.`Google_Analytics`, `u`.`Image`, `u`.`Instagram`, `u`.`Linkedin`, `u`.`Name`, `u`.`Parent_Id`, `u`.`Password`, `u`.`Paypal_Email`, `u`.`Paypal_Mode`, `u`.`Paypal_Payment`, `u`.`Paystack_Payment`, `u`.`Paystack_Public_Key`, `u`.`Paystack_Secret_Key`, `u`.`Phone`, `u`.`Publish_Key`, `u`.`Qr_Code`, `u`.`Razorpay_Key_Id`, `u`.`Razorpay_Key_Secret`, `u`.`Razorpay_Payment`, `u`.`Role`, `u`.`Secret_Key`, `u`.`Skype`, `u`.`Slug`, `u`.`Specialist`, `u`.`Status`, `u`.`Stripe_Payment`, `u`.`Thumb`, `u`.`Trial_Expire`, `u`.`Twitter`, `u`.`User_Name`, `u`.`User_Type`, `u`.`Verify_Code`, `u`.`Whatsapp`
FROM `Users` AS `u`
WHERE `u`.`Id` = @__id_0
LIMIT 1
2023-10-07 18:57:47.719 +05:30  INF  Executing endpoint 'DCRM.Api.Controllers.DealerController.Update (DCRM.Api)'
2023-10-07 18:57:47.719 +05:30  INF  Route matched with {action = "Update", controller = "Dealer"}. Executing controller action with signature System.Threading.Tasks.Task`1[Microsoft.AspNetCore.Mvc.IActionResult] Update(DCRM.Common.Entity.DealerRequest) on controller DCRM.Api.Controllers.DealerController (DCRM.Api).
2023-10-07 18:57:47.721 +05:30  INF  Executed DbCommand (1ms) [Parameters=[@__request_Id_0='?' (DbType = Int32)], CommandType='"Text"', CommandTimeout='30']
SELECT `d`.`Id`, `d`.`Address_O`, `d`.`Address_R`, `d`.`City_O`, `d`.`City_R`, `d`.`Company_Name`, `d`.`Country_O`, `d`.`Country_R`, `d`.`Created_At`, `d`.`Email1`, `d`.`Email2`, `d`.`Gst_Number`, `d`.`Image`, `d`.`Is_Deleted`, `d`.`Own_Name_1`, `d`.`Own_Name_2`, `d`.`Pan_Number`, `d`.`Phone1`, `d`.`Phone2`, `d`.`Staff_Email1`, `d`.`Staff_Email2`, `d`.`Staff_Email3`, `d`.`Staff_Email4`, `d`.`Staff_Name1`, `d`.`Staff_Name2`, `d`.`Staff_Name3`, `d`.`Staff_Name4`, `d`.`Staff_Phone1`, `d`.`Staff_Phone2`, `d`.`Staff_Phone3`, `d`.`Staff_Phone4`, `d`.`Updated_At`, `d`.`User_Id`, `d`.`Zip_O`, `d`.`Zip_R`
FROM `Dealers` AS `d`
WHERE `d`.`Id` = @__request_Id_0
LIMIT 1
2023-10-07 18:57:47.724 +05:30  INF  Executed DbCommand (2ms) [Parameters=[@p34='?' (DbType = Int32), @p0='?' (Size = 4000), @p1='?' (Size = 4000), @p2='?' (Size = 4000), @p3='?' (Size = 4000), @p4='?' (Size = 4000), @p5='?' (Size = 4000), @p6='?' (Size = 4000), @p7='?' (DbType = DateTime), @p8='?' (Size = 4000), @p9='?' (Size = 4000), @p10='?' (Size = 4000), @p11='?' (Size = 4000), @p12='?' (DbType = SByte), @p13='?' (Size = 4000), @p14='?' (Size = 4000), @p15='?' (Size = 4000), @p16='?' (Size = 4000), @p17='?' (Size = 4000), @p18='?' (Size = 4000), @p19='?' (Size = 4000), @p20='?' (Size = 4000), @p21='?' (Size = 4000), @p22='?' (Size = 4000), @p23='?' (Size = 4000), @p24='?' (Size = 4000), @p25='?' (Size = 4000), @p26='?' (DbType = Int64), @p27='?' (DbType = Int64), @p28='?' (DbType = Int64), @p29='?' (DbType = Int64), @p30='?' (DbType = DateTime), @p31='?' (DbType = Int64), @p32='?' (Size = 4000), @p33='?' (Size = 4000)], CommandType='"Text"', CommandTimeout='30']
UPDATE `Dealers` SET `Address_O` = @p0, `Address_R` = @p1, `City_O` = @p2, `City_R` = @p3, `Company_Name` = @p4, `Country_O` = @p5, `Country_R` = @p6, `Created_At` = @p7, `Email1` = @p8, `Email2` = @p9, `Gst_Number` = @p10, `Image` = @p11, `Is_Deleted` = @p12, `Own_Name_1` = @p13, `Own_Name_2` = @p14, `Pan_Number` = @p15, `Phone1` = @p16, `Phone2` = @p17, `Staff_Email1` = @p18, `Staff_Email2` = @p19, `Staff_Email3` = @p20, `Staff_Email4` = @p21, `Staff_Name1` = @p22, `Staff_Name2` = @p23, `Staff_Name3` = @p24, `Staff_Name4` = @p25, `Staff_Phone1` = @p26, `Staff_Phone2` = @p27, `Staff_Phone3` = @p28, `Staff_Phone4` = @p29, `Updated_At` = @p30, `User_Id` = @p31, `Zip_O` = @p32, `Zip_R` = @p33
WHERE `Id` = @p34;
2023-10-07 18:57:47.726 +05:30  INF  Executed DbCommand (1ms) [Parameters=[@__item_Id_0='?' (DbType = Int64)], CommandType='"Text"', CommandTimeout='30']
SELECT `d`.`Id`, `d`.`Bank_Account_Number`, `d`.`Bank_Name`, `d`.`Dealer_Id`, `d`.`Ifsc_Code`, `d`.`Remarks`, `d`.`Updated_At`
FROM `Dealer_Bank_Details` AS `d`
WHERE `d`.`Id` = @__item_Id_0
LIMIT 1
2023-10-07 18:57:47.728 +05:30  INF  Executed DbCommand (2ms) [Parameters=[@p6='?' (DbType = Int64), @p0='?' (DbType = Int64), @p1='?' (Size = 4000), @p2='?' (DbType = Int64), @p3='?' (Size = 4000), @p4='?' (Size = 4000), @p5='?' (DbType = DateTime)], CommandType='"Text"', CommandTimeout='30']
UPDATE `Dealer_Bank_Details` SET `Bank_Account_Number` = @p0, `Bank_Name` = @p1, `Dealer_Id` = @p2, `Ifsc_Code` = @p3, `Remarks` = @p4, `Updated_At` = @p5
WHERE `Id` = @p6;
2023-10-07 18:57:47.729 +05:30  INF  Executed DbCommand (0ms) [Parameters=[@__item_Id_0='?' (DbType = Int64)], CommandType='"Text"', CommandTimeout='30']
SELECT `d`.`Id`, `d`.`Bank_Account_Number`, `d`.`Bank_Name`, `d`.`Dealer_Id`, `d`.`Ifsc_Code`, `d`.`Remarks`, `d`.`Updated_At`
FROM `Dealer_Bank_Details` AS `d`
WHERE `d`.`Id` = @__item_Id_0
LIMIT 1
2023-10-07 18:57:47.731 +05:30  INF  Executed DbCommand (2ms) [Parameters=[@p6='?' (DbType = Int64), @p0='?' (DbType = Int64), @p1='?' (Size = 4000), @p2='?' (DbType = Int64), @p3='?' (Size = 4000), @p4='?' (Size = 4000), @p5='?' (DbType = DateTime)], CommandType='"Text"', CommandTimeout='30']
UPDATE `Dealer_Bank_Details` SET `Bank_Account_Number` = @p0, `Bank_Name` = @p1, `Dealer_Id` = @p2, `Ifsc_Code` = @p3, `Remarks` = @p4, `Updated_At` = @p5
WHERE `Id` = @p6;
2023-10-07 18:57:47.732 +05:30  INF  Executed DbCommand (0ms) [Parameters=[@__item_Id_0='?' (DbType = Int32)], CommandType='"Text"', CommandTimeout='30']
SELECT `d`.`Id`, `d`.`Dealer_Id`, `d`.`Material_Cost`, `d`.`Material_Date`, `d`.`Material_Name`
FROM `Dealer_Material` AS `d`
WHERE `d`.`Id` = @__item_Id_0
LIMIT 1
2023-10-07 18:57:47.734 +05:30  INF  Executed DbCommand (1ms) [Parameters=[@p4='?' (DbType = Int32), @p0='?' (DbType = Int64), @p1='?' (DbType = Single), @p2='?' (DbType = DateTime), @p3='?' (Size = 4000)], CommandType='"Text"', CommandTimeout='30']
UPDATE `Dealer_Material` SET `Dealer_Id` = @p0, `Material_Cost` = @p1, `Material_Date` = @p2, `Material_Name` = @p3
WHERE `Id` = @p4;
2023-10-07 18:57:47.735 +05:30  INF  Executed DbCommand (0ms) [Parameters=[@__item_Id_0='?' (DbType = Int32)], CommandType='"Text"', CommandTimeout='30']
SELECT `d`.`Id`, `d`.`Dealer_Id`, `d`.`Material_Cost`, `d`.`Material_Date`, `d`.`Material_Name`
FROM `Dealer_Material` AS `d`
WHERE `d`.`Id` = @__item_Id_0
LIMIT 1
2023-10-07 18:57:47.737 +05:30  INF  Executed DbCommand (1ms) [Parameters=[@p4='?' (DbType = Int32), @p0='?' (DbType = Int64), @p1='?' (DbType = Single), @p2='?' (DbType = DateTime), @p3='?' (Size = 4000)], CommandType='"Text"', CommandTimeout='30']
UPDATE `Dealer_Material` SET `Dealer_Id` = @p0, `Material_Cost` = @p1, `Material_Date` = @p2, `Material_Name` = @p3
WHERE `Id` = @p4;
2023-10-07 18:57:47.737 +05:30  INF  Executing OkObjectResult, writing value of type 'System.String'.
2023-10-07 18:57:47.737 +05:30  INF  Executed action DCRM.Api.Controllers.DealerController.Update (DCRM.Api) in 18.0931ms
2023-10-07 18:57:47.737 +05:30  INF  Executed endpoint 'DCRM.Api.Controllers.DealerController.Update (DCRM.Api)'
2023-10-07 18:57:47.737 +05:30  INF  Request finished HTTP/2 POST https://localhost:7069/api/Dealer/Update application/json 1248 - 200 - text/plain;+charset=utf-8 21.4342ms
2023-10-07 19:00:17.374 +05:30  INF  Request starting HTTP/2 OPTIONS https://localhost:7069/api/Dealer/Get/29 - -
2023-10-07 19:00:17.374 +05:30  INF  CORS policy execution successful.
2023-10-07 19:00:17.374 +05:30  INF  Request finished HTTP/2 OPTIONS https://localhost:7069/api/Dealer/Get/29 - - - 204 - - 0.2457ms
2023-10-07 19:00:17.408 +05:30  INF  Request starting HTTP/2 GET https://localhost:7069/api/Dealer/Get/29 application/json -
2023-10-07 19:00:17.408 +05:30  INF  CORS policy execution successful.
2023-10-07 19:00:17.411 +05:30  INF  Executed DbCommand (1ms) [Parameters=[@__id_0='?' (DbType = Int32)], CommandType='"Text"', CommandTimeout='30']
SELECT `u`.`Id`, `u`.`About_Me`, `u`.`Account_Type`, `u`.`Address`, `u`.`Available_Days`, `u`.`Bn_Name`, `u`.`City`, `u`.`Country`, `u`.`Created_At`, `u`.`Currency`, `u`.`Degree`, `u`.`Email`, `u`.`Email_Verified`, `u`.`Enable_Appointment`, `u`.`Enable_Rating`, `u`.`Exp_Years`, `u`.`Facebook`, `u`.`Google_Analytics`, `u`.`Image`, `u`.`Instagram`, `u`.`Linkedin`, `u`.`Name`, `u`.`Parent_Id`, `u`.`Password`, `u`.`Paypal_Email`, `u`.`Paypal_Mode`, `u`.`Paypal_Payment`, `u`.`Paystack_Payment`, `u`.`Paystack_Public_Key`, `u`.`Paystack_Secret_Key`, `u`.`Phone`, `u`.`Publish_Key`, `u`.`Qr_Code`, `u`.`Razorpay_Key_Id`, `u`.`Razorpay_Key_Secret`, `u`.`Razorpay_Payment`, `u`.`Role`, `u`.`Secret_Key`, `u`.`Skype`, `u`.`Slug`, `u`.`Specialist`, `u`.`Status`, `u`.`Stripe_Payment`, `u`.`Thumb`, `u`.`Trial_Expire`, `u`.`Twitter`, `u`.`User_Name`, `u`.`User_Type`, `u`.`Verify_Code`, `u`.`Whatsapp`
FROM `Users` AS `u`
WHERE `u`.`Id` = @__id_0
LIMIT 1
2023-10-07 19:00:17.411 +05:30  INF  Executing endpoint 'DCRM.Api.Controllers.DealerController.GetAsync (DCRM.Api)'
2023-10-07 19:00:17.411 +05:30  INF  Route matched with {action = "Get", controller = "Dealer"}. Executing controller action with signature System.Threading.Tasks.Task`1[DCRM.Common.Dto.DealerDto] GetAsync(Int32) on controller DCRM.Api.Controllers.DealerController (DCRM.Api).
2023-10-07 19:00:17.413 +05:30  INF  Executed DbCommand (1ms) [Parameters=[@__id_0='?' (DbType = Int32), @__userId_1='?' (DbType = Int64)], CommandType='"Text"', CommandTimeout='30']
SELECT `d`.`Id`, `d`.`Address_O`, `d`.`Address_R`, `d`.`City_O`, `d`.`City_R`, `d`.`Company_Name`, `d`.`Country_O`, `d`.`Country_R`, `d`.`Created_At`, `d`.`Email1`, `d`.`Email2`, `d`.`Gst_Number`, `d`.`Image`, `d`.`Is_Deleted`, `d`.`Own_Name_1`, `d`.`Own_Name_2`, `d`.`Pan_Number`, `d`.`Phone1`, `d`.`Phone2`, `d`.`Staff_Email1`, `d`.`Staff_Email2`, `d`.`Staff_Email3`, `d`.`Staff_Email4`, `d`.`Staff_Name1`, `d`.`Staff_Name2`, `d`.`Staff_Name3`, `d`.`Staff_Name4`, `d`.`Staff_Phone1`, `d`.`Staff_Phone2`, `d`.`Staff_Phone3`, `d`.`Staff_Phone4`, `d`.`Updated_At`, `d`.`User_Id`, `d`.`Zip_O`, `d`.`Zip_R`
FROM `Dealers` AS `d`
WHERE ((`d`.`Id` = @__id_0) AND (`d`.`Is_Deleted` = 0)) AND (`d`.`User_Id` = @__userId_1)
LIMIT 1
2023-10-07 19:00:17.415 +05:30  INF  Executed DbCommand (0ms) [Parameters=[@__p_0='?' (DbType = Int64)], CommandType='"Text"', CommandTimeout='30']
SELECT `d`.`Id`, `d`.`Bank_Account_Number`, `d`.`Bank_Name`, `d`.`Dealer_Id`, `d`.`Ifsc_Code`, `d`.`Remarks`, `d`.`Updated_At`
FROM `Dealer_Bank_Details` AS `d`
WHERE `d`.`Dealer_Id` = @__p_0
2023-10-07 19:00:17.416 +05:30  INF  Executed DbCommand (0ms) [Parameters=[@__p_0='?' (DbType = Int64)], CommandType='"Text"', CommandTimeout='30']
SELECT `d`.`Id`, `d`.`Dealer_Id`, `d`.`Material_Cost`, `d`.`Material_Date`, `d`.`Material_Name`
FROM `Dealer_Material` AS `d`
WHERE `d`.`Dealer_Id` = @__p_0
2023-10-07 19:00:17.416 +05:30  INF  Executing ObjectResult, writing value of type 'DCRM.Common.Dto.DealerDto'.
2023-10-07 19:00:17.416 +05:30  INF  Executed action DCRM.Api.Controllers.DealerController.GetAsync (DCRM.Api) in 5.269ms
2023-10-07 19:00:17.416 +05:30  INF  Executed endpoint 'DCRM.Api.Controllers.DealerController.GetAsync (DCRM.Api)'
2023-10-07 19:00:17.417 +05:30  INF  Request finished HTTP/2 GET https://localhost:7069/api/Dealer/Get/29 application/json - - 200 - application/json;+charset=utf-8 9.1062ms
2023-10-07 19:00:38.879 +05:30  INF  Request starting HTTP/2 OPTIONS https://localhost:7069/api/Dealer/Update - -
2023-10-07 19:00:38.879 +05:30  INF  CORS policy execution successful.
2023-10-07 19:00:38.879 +05:30  INF  Request finished HTTP/2 OPTIONS https://localhost:7069/api/Dealer/Update - - - 204 - - 0.4307ms
2023-10-07 19:00:38.883 +05:30  INF  Request starting HTTP/2 POST https://localhost:7069/api/Dealer/Update application/json 1248
2023-10-07 19:00:38.883 +05:30  INF  CORS policy execution successful.
2023-10-07 19:00:38.887 +05:30  INF  Executed DbCommand (1ms) [Parameters=[@__id_0='?' (DbType = Int32)], CommandType='"Text"', CommandTimeout='30']
SELECT `u`.`Id`, `u`.`About_Me`, `u`.`Account_Type`, `u`.`Address`, `u`.`Available_Days`, `u`.`Bn_Name`, `u`.`City`, `u`.`Country`, `u`.`Created_At`, `u`.`Currency`, `u`.`Degree`, `u`.`Email`, `u`.`Email_Verified`, `u`.`Enable_Appointment`, `u`.`Enable_Rating`, `u`.`Exp_Years`, `u`.`Facebook`, `u`.`Google_Analytics`, `u`.`Image`, `u`.`Instagram`, `u`.`Linkedin`, `u`.`Name`, `u`.`Parent_Id`, `u`.`Password`, `u`.`Paypal_Email`, `u`.`Paypal_Mode`, `u`.`Paypal_Payment`, `u`.`Paystack_Payment`, `u`.`Paystack_Public_Key`, `u`.`Paystack_Secret_Key`, `u`.`Phone`, `u`.`Publish_Key`, `u`.`Qr_Code`, `u`.`Razorpay_Key_Id`, `u`.`Razorpay_Key_Secret`, `u`.`Razorpay_Payment`, `u`.`Role`, `u`.`Secret_Key`, `u`.`Skype`, `u`.`Slug`, `u`.`Specialist`, `u`.`Status`, `u`.`Stripe_Payment`, `u`.`Thumb`, `u`.`Trial_Expire`, `u`.`Twitter`, `u`.`User_Name`, `u`.`User_Type`, `u`.`Verify_Code`, `u`.`Whatsapp`
FROM `Users` AS `u`
WHERE `u`.`Id` = @__id_0
LIMIT 1
2023-10-07 19:00:38.887 +05:30  INF  Executing endpoint 'DCRM.Api.Controllers.DealerController.Update (DCRM.Api)'
2023-10-07 19:00:38.887 +05:30  INF  Route matched with {action = "Update", controller = "Dealer"}. Executing controller action with signature System.Threading.Tasks.Task`1[Microsoft.AspNetCore.Mvc.IActionResult] Update(DCRM.Common.Entity.DealerRequest) on controller DCRM.Api.Controllers.DealerController (DCRM.Api).
2023-10-07 19:00:38.889 +05:30  INF  Executed DbCommand (1ms) [Parameters=[@__request_Id_0='?' (DbType = Int32)], CommandType='"Text"', CommandTimeout='30']
SELECT `d`.`Id`, `d`.`Address_O`, `d`.`Address_R`, `d`.`City_O`, `d`.`City_R`, `d`.`Company_Name`, `d`.`Country_O`, `d`.`Country_R`, `d`.`Created_At`, `d`.`Email1`, `d`.`Email2`, `d`.`Gst_Number`, `d`.`Image`, `d`.`Is_Deleted`, `d`.`Own_Name_1`, `d`.`Own_Name_2`, `d`.`Pan_Number`, `d`.`Phone1`, `d`.`Phone2`, `d`.`Staff_Email1`, `d`.`Staff_Email2`, `d`.`Staff_Email3`, `d`.`Staff_Email4`, `d`.`Staff_Name1`, `d`.`Staff_Name2`, `d`.`Staff_Name3`, `d`.`Staff_Name4`, `d`.`Staff_Phone1`, `d`.`Staff_Phone2`, `d`.`Staff_Phone3`, `d`.`Staff_Phone4`, `d`.`Updated_At`, `d`.`User_Id`, `d`.`Zip_O`, `d`.`Zip_R`
FROM `Dealers` AS `d`
WHERE `d`.`Id` = @__request_Id_0
LIMIT 1
2023-10-07 19:00:38.897 +05:30  INF  Executed DbCommand (7ms) [Parameters=[@p34='?' (DbType = Int32), @p0='?' (Size = 4000), @p1='?' (Size = 4000), @p2='?' (Size = 4000), @p3='?' (Size = 4000), @p4='?' (Size = 4000), @p5='?' (Size = 4000), @p6='?' (Size = 4000), @p7='?' (DbType = DateTime), @p8='?' (Size = 4000), @p9='?' (Size = 4000), @p10='?' (Size = 4000), @p11='?' (Size = 4000), @p12='?' (DbType = SByte), @p13='?' (Size = 4000), @p14='?' (Size = 4000), @p15='?' (Size = 4000), @p16='?' (Size = 4000), @p17='?' (Size = 4000), @p18='?' (Size = 4000), @p19='?' (Size = 4000), @p20='?' (Size = 4000), @p21='?' (Size = 4000), @p22='?' (Size = 4000), @p23='?' (Size = 4000), @p24='?' (Size = 4000), @p25='?' (Size = 4000), @p26='?' (DbType = Int64), @p27='?' (DbType = Int64), @p28='?' (DbType = Int64), @p29='?' (DbType = Int64), @p30='?' (DbType = DateTime), @p31='?' (DbType = Int64), @p32='?' (Size = 4000), @p33='?' (Size = 4000)], CommandType='"Text"', CommandTimeout='30']
UPDATE `Dealers` SET `Address_O` = @p0, `Address_R` = @p1, `City_O` = @p2, `City_R` = @p3, `Company_Name` = @p4, `Country_O` = @p5, `Country_R` = @p6, `Created_At` = @p7, `Email1` = @p8, `Email2` = @p9, `Gst_Number` = @p10, `Image` = @p11, `Is_Deleted` = @p12, `Own_Name_1` = @p13, `Own_Name_2` = @p14, `Pan_Number` = @p15, `Phone1` = @p16, `Phone2` = @p17, `Staff_Email1` = @p18, `Staff_Email2` = @p19, `Staff_Email3` = @p20, `Staff_Email4` = @p21, `Staff_Name1` = @p22, `Staff_Name2` = @p23, `Staff_Name3` = @p24, `Staff_Name4` = @p25, `Staff_Phone1` = @p26, `Staff_Phone2` = @p27, `Staff_Phone3` = @p28, `Staff_Phone4` = @p29, `Updated_At` = @p30, `User_Id` = @p31, `Zip_O` = @p32, `Zip_R` = @p33
WHERE `Id` = @p34;
2023-10-07 19:00:38.898 +05:30  INF  Executed DbCommand (1ms) [Parameters=[@__item_Id_0='?' (DbType = Int64)], CommandType='"Text"', CommandTimeout='30']
SELECT `d`.`Id`, `d`.`Bank_Account_Number`, `d`.`Bank_Name`, `d`.`Dealer_Id`, `d`.`Ifsc_Code`, `d`.`Remarks`, `d`.`Updated_At`
FROM `Dealer_Bank_Details` AS `d`
WHERE `d`.`Id` = @__item_Id_0
LIMIT 1
2023-10-07 19:00:38.900 +05:30  INF  Executed DbCommand (1ms) [Parameters=[@p6='?' (DbType = Int64), @p0='?' (DbType = Int64), @p1='?' (Size = 4000), @p2='?' (DbType = Int64), @p3='?' (Size = 4000), @p4='?' (Size = 4000), @p5='?' (DbType = DateTime)], CommandType='"Text"', CommandTimeout='30']
UPDATE `Dealer_Bank_Details` SET `Bank_Account_Number` = @p0, `Bank_Name` = @p1, `Dealer_Id` = @p2, `Ifsc_Code` = @p3, `Remarks` = @p4, `Updated_At` = @p5
WHERE `Id` = @p6;
2023-10-07 19:00:38.902 +05:30  INF  Executed DbCommand (1ms) [Parameters=[@__item_Id_0='?' (DbType = Int64)], CommandType='"Text"', CommandTimeout='30']
SELECT `d`.`Id`, `d`.`Bank_Account_Number`, `d`.`Bank_Name`, `d`.`Dealer_Id`, `d`.`Ifsc_Code`, `d`.`Remarks`, `d`.`Updated_At`
FROM `Dealer_Bank_Details` AS `d`
WHERE `d`.`Id` = @__item_Id_0
LIMIT 1
2023-10-07 19:00:38.904 +05:30  INF  Executed DbCommand (1ms) [Parameters=[@p6='?' (DbType = Int64), @p0='?' (DbType = Int64), @p1='?' (Size = 4000), @p2='?' (DbType = Int64), @p3='?' (Size = 4000), @p4='?' (Size = 4000), @p5='?' (DbType = DateTime)], CommandType='"Text"', CommandTimeout='30']
UPDATE `Dealer_Bank_Details` SET `Bank_Account_Number` = @p0, `Bank_Name` = @p1, `Dealer_Id` = @p2, `Ifsc_Code` = @p3, `Remarks` = @p4, `Updated_At` = @p5
WHERE `Id` = @p6;
2023-10-07 19:00:38.904 +05:30  INF  Executed DbCommand (0ms) [Parameters=[@__item_Id_0='?' (DbType = Int32)], CommandType='"Text"', CommandTimeout='30']
SELECT `d`.`Id`, `d`.`Dealer_Id`, `d`.`Material_Cost`, `d`.`Material_Date`, `d`.`Material_Name`
FROM `Dealer_Material` AS `d`
WHERE `d`.`Id` = @__item_Id_0
LIMIT 1
2023-10-07 19:00:38.906 +05:30  INF  Executed DbCommand (1ms) [Parameters=[@p4='?' (DbType = Int32), @p0='?' (DbType = Int64), @p1='?' (DbType = Single), @p2='?' (DbType = DateTime), @p3='?' (Size = 4000)], CommandType='"Text"', CommandTimeout='30']
UPDATE `Dealer_Material` SET `Dealer_Id` = @p0, `Material_Cost` = @p1, `Material_Date` = @p2, `Material_Name` = @p3
WHERE `Id` = @p4;
2023-10-07 19:00:38.907 +05:30  INF  Executed DbCommand (0ms) [Parameters=[@__item_Id_0='?' (DbType = Int32)], CommandType='"Text"', CommandTimeout='30']
SELECT `d`.`Id`, `d`.`Dealer_Id`, `d`.`Material_Cost`, `d`.`Material_Date`, `d`.`Material_Name`
FROM `Dealer_Material` AS `d`
WHERE `d`.`Id` = @__item_Id_0
LIMIT 1
2023-10-07 19:00:38.909 +05:30  INF  Executed DbCommand (1ms) [Parameters=[@p4='?' (DbType = Int32), @p0='?' (DbType = Int64), @p1='?' (DbType = Single), @p2='?' (DbType = DateTime), @p3='?' (Size = 4000)], CommandType='"Text"', CommandTimeout='30']
UPDATE `Dealer_Material` SET `Dealer_Id` = @p0, `Material_Cost` = @p1, `Material_Date` = @p2, `Material_Name` = @p3
WHERE `Id` = @p4;
2023-10-07 19:00:38.909 +05:30  INF  Executing OkObjectResult, writing value of type 'System.String'.
2023-10-07 19:00:38.909 +05:30  INF  Executed action DCRM.Api.Controllers.DealerController.Update (DCRM.Api) in 22.0666ms
2023-10-07 19:00:38.909 +05:30  INF  Executed endpoint 'DCRM.Api.Controllers.DealerController.Update (DCRM.Api)'
2023-10-07 19:00:38.909 +05:30  INF  Request finished HTTP/2 POST https://localhost:7069/api/Dealer/Update application/json 1248 - 200 - text/plain;+charset=utf-8 26.8038ms
2023-10-07 19:04:45.872 +05:30  INF  Request starting HTTP/2 OPTIONS https://localhost:7069/api/Dealer/Get/29 - -
2023-10-07 19:04:45.872 +05:30  INF  CORS policy execution successful.
2023-10-07 19:04:45.872 +05:30  INF  Request finished HTTP/2 OPTIONS https://localhost:7069/api/Dealer/Get/29 - - - 204 - - 0.2148ms
2023-10-07 19:04:45.935 +05:30  INF  Request starting HTTP/2 GET https://localhost:7069/api/Dealer/Get/29 application/json -
2023-10-07 19:04:45.935 +05:30  INF  CORS policy execution successful.
2023-10-07 19:04:45.938 +05:30  INF  Executed DbCommand (1ms) [Parameters=[@__id_0='?' (DbType = Int32)], CommandType='"Text"', CommandTimeout='30']
SELECT `u`.`Id`, `u`.`About_Me`, `u`.`Account_Type`, `u`.`Address`, `u`.`Available_Days`, `u`.`Bn_Name`, `u`.`City`, `u`.`Country`, `u`.`Created_At`, `u`.`Currency`, `u`.`Degree`, `u`.`Email`, `u`.`Email_Verified`, `u`.`Enable_Appointment`, `u`.`Enable_Rating`, `u`.`Exp_Years`, `u`.`Facebook`, `u`.`Google_Analytics`, `u`.`Image`, `u`.`Instagram`, `u`.`Linkedin`, `u`.`Name`, `u`.`Parent_Id`, `u`.`Password`, `u`.`Paypal_Email`, `u`.`Paypal_Mode`, `u`.`Paypal_Payment`, `u`.`Paystack_Payment`, `u`.`Paystack_Public_Key`, `u`.`Paystack_Secret_Key`, `u`.`Phone`, `u`.`Publish_Key`, `u`.`Qr_Code`, `u`.`Razorpay_Key_Id`, `u`.`Razorpay_Key_Secret`, `u`.`Razorpay_Payment`, `u`.`Role`, `u`.`Secret_Key`, `u`.`Skype`, `u`.`Slug`, `u`.`Specialist`, `u`.`Status`, `u`.`Stripe_Payment`, `u`.`Thumb`, `u`.`Trial_Expire`, `u`.`Twitter`, `u`.`User_Name`, `u`.`User_Type`, `u`.`Verify_Code`, `u`.`Whatsapp`
FROM `Users` AS `u`
WHERE `u`.`Id` = @__id_0
LIMIT 1
2023-10-07 19:04:45.938 +05:30  INF  Executing endpoint 'DCRM.Api.Controllers.DealerController.GetAsync (DCRM.Api)'
2023-10-07 19:04:45.938 +05:30  INF  Route matched with {action = "Get", controller = "Dealer"}. Executing controller action with signature System.Threading.Tasks.Task`1[DCRM.Common.Dto.DealerDto] GetAsync(Int32) on controller DCRM.Api.Controllers.DealerController (DCRM.Api).
2023-10-07 19:04:45.939 +05:30  INF  Executed DbCommand (1ms) [Parameters=[@__id_0='?' (DbType = Int32), @__userId_1='?' (DbType = Int64)], CommandType='"Text"', CommandTimeout='30']
SELECT `d`.`Id`, `d`.`Address_O`, `d`.`Address_R`, `d`.`City_O`, `d`.`City_R`, `d`.`Company_Name`, `d`.`Country_O`, `d`.`Country_R`, `d`.`Created_At`, `d`.`Email1`, `d`.`Email2`, `d`.`Gst_Number`, `d`.`Image`, `d`.`Is_Deleted`, `d`.`Own_Name_1`, `d`.`Own_Name_2`, `d`.`Pan_Number`, `d`.`Phone1`, `d`.`Phone2`, `d`.`Staff_Email1`, `d`.`Staff_Email2`, `d`.`Staff_Email3`, `d`.`Staff_Email4`, `d`.`Staff_Name1`, `d`.`Staff_Name2`, `d`.`Staff_Name3`, `d`.`Staff_Name4`, `d`.`Staff_Phone1`, `d`.`Staff_Phone2`, `d`.`Staff_Phone3`, `d`.`Staff_Phone4`, `d`.`Updated_At`, `d`.`User_Id`, `d`.`Zip_O`, `d`.`Zip_R`
FROM `Dealers` AS `d`
WHERE ((`d`.`Id` = @__id_0) AND (`d`.`Is_Deleted` = 0)) AND (`d`.`User_Id` = @__userId_1)
LIMIT 1
2023-10-07 19:04:45.941 +05:30  INF  Executed DbCommand (0ms) [Parameters=[@__p_0='?' (DbType = Int64)], CommandType='"Text"', CommandTimeout='30']
SELECT `d`.`Id`, `d`.`Bank_Account_Number`, `d`.`Bank_Name`, `d`.`Dealer_Id`, `d`.`Ifsc_Code`, `d`.`Remarks`, `d`.`Updated_At`
FROM `Dealer_Bank_Details` AS `d`
WHERE `d`.`Dealer_Id` = @__p_0
2023-10-07 19:04:45.942 +05:30  INF  Executed DbCommand (0ms) [Parameters=[@__p_0='?' (DbType = Int64)], CommandType='"Text"', CommandTimeout='30']
SELECT `d`.`Id`, `d`.`Dealer_Id`, `d`.`Material_Cost`, `d`.`Material_Date`, `d`.`Material_Name`
FROM `Dealer_Material` AS `d`
WHERE `d`.`Dealer_Id` = @__p_0
2023-10-07 19:04:45.942 +05:30  INF  Executing ObjectResult, writing value of type 'DCRM.Common.Dto.DealerDto'.
2023-10-07 19:04:45.943 +05:30  INF  Executed action DCRM.Api.Controllers.DealerController.GetAsync (DCRM.Api) in 4.595ms
2023-10-07 19:04:45.943 +05:30  INF  Executed endpoint 'DCRM.Api.Controllers.DealerController.GetAsync (DCRM.Api)'
2023-10-07 19:04:45.943 +05:30  INF  Request finished HTTP/2 GET https://localhost:7069/api/Dealer/Get/29 application/json - - 200 - application/json;+charset=utf-8 7.8785ms
2023-10-07 19:04:52.741 +05:30  INF  Request starting HTTP/2 OPTIONS https://localhost:7069/api/Dealer/Update - -
2023-10-07 19:04:52.741 +05:30  INF  CORS policy execution successful.
2023-10-07 19:04:52.741 +05:30  INF  Request finished HTTP/2 OPTIONS https://localhost:7069/api/Dealer/Update - - - 204 - - 0.3233ms
2023-10-07 19:04:52.743 +05:30  INF  Request starting HTTP/2 POST https://localhost:7069/api/Dealer/Update application/json 1248
2023-10-07 19:04:52.743 +05:30  INF  CORS policy execution successful.
2023-10-07 19:04:52.746 +05:30  INF  Executed DbCommand (1ms) [Parameters=[@__id_0='?' (DbType = Int32)], CommandType='"Text"', CommandTimeout='30']
SELECT `u`.`Id`, `u`.`About_Me`, `u`.`Account_Type`, `u`.`Address`, `u`.`Available_Days`, `u`.`Bn_Name`, `u`.`City`, `u`.`Country`, `u`.`Created_At`, `u`.`Currency`, `u`.`Degree`, `u`.`Email`, `u`.`Email_Verified`, `u`.`Enable_Appointment`, `u`.`Enable_Rating`, `u`.`Exp_Years`, `u`.`Facebook`, `u`.`Google_Analytics`, `u`.`Image`, `u`.`Instagram`, `u`.`Linkedin`, `u`.`Name`, `u`.`Parent_Id`, `u`.`Password`, `u`.`Paypal_Email`, `u`.`Paypal_Mode`, `u`.`Paypal_Payment`, `u`.`Paystack_Payment`, `u`.`Paystack_Public_Key`, `u`.`Paystack_Secret_Key`, `u`.`Phone`, `u`.`Publish_Key`, `u`.`Qr_Code`, `u`.`Razorpay_Key_Id`, `u`.`Razorpay_Key_Secret`, `u`.`Razorpay_Payment`, `u`.`Role`, `u`.`Secret_Key`, `u`.`Skype`, `u`.`Slug`, `u`.`Specialist`, `u`.`Status`, `u`.`Stripe_Payment`, `u`.`Thumb`, `u`.`Trial_Expire`, `u`.`Twitter`, `u`.`User_Name`, `u`.`User_Type`, `u`.`Verify_Code`, `u`.`Whatsapp`
FROM `Users` AS `u`
WHERE `u`.`Id` = @__id_0
LIMIT 1
2023-10-07 19:04:52.746 +05:30  INF  Executing endpoint 'DCRM.Api.Controllers.DealerController.Update (DCRM.Api)'
2023-10-07 19:04:52.746 +05:30  INF  Route matched with {action = "Update", controller = "Dealer"}. Executing controller action with signature System.Threading.Tasks.Task`1[Microsoft.AspNetCore.Mvc.IActionResult] Update(DCRM.Common.Entity.DealerRequest) on controller DCRM.Api.Controllers.DealerController (DCRM.Api).
2023-10-07 19:04:52.749 +05:30  INF  Executed DbCommand (1ms) [Parameters=[@__request_Id_0='?' (DbType = Int32)], CommandType='"Text"', CommandTimeout='30']
SELECT `d`.`Id`, `d`.`Address_O`, `d`.`Address_R`, `d`.`City_O`, `d`.`City_R`, `d`.`Company_Name`, `d`.`Country_O`, `d`.`Country_R`, `d`.`Created_At`, `d`.`Email1`, `d`.`Email2`, `d`.`Gst_Number`, `d`.`Image`, `d`.`Is_Deleted`, `d`.`Own_Name_1`, `d`.`Own_Name_2`, `d`.`Pan_Number`, `d`.`Phone1`, `d`.`Phone2`, `d`.`Staff_Email1`, `d`.`Staff_Email2`, `d`.`Staff_Email3`, `d`.`Staff_Email4`, `d`.`Staff_Name1`, `d`.`Staff_Name2`, `d`.`Staff_Name3`, `d`.`Staff_Name4`, `d`.`Staff_Phone1`, `d`.`Staff_Phone2`, `d`.`Staff_Phone3`, `d`.`Staff_Phone4`, `d`.`Updated_At`, `d`.`User_Id`, `d`.`Zip_O`, `d`.`Zip_R`
FROM `Dealers` AS `d`
WHERE `d`.`Id` = @__request_Id_0
LIMIT 1
2023-10-07 19:04:52.752 +05:30  INF  Executed DbCommand (2ms) [Parameters=[@p34='?' (DbType = Int32), @p0='?' (Size = 4000), @p1='?' (Size = 4000), @p2='?' (Size = 4000), @p3='?' (Size = 4000), @p4='?' (Size = 4000), @p5='?' (Size = 4000), @p6='?' (Size = 4000), @p7='?' (DbType = DateTime), @p8='?' (Size = 4000), @p9='?' (Size = 4000), @p10='?' (Size = 4000), @p11='?' (Size = 4000), @p12='?' (DbType = SByte), @p13='?' (Size = 4000), @p14='?' (Size = 4000), @p15='?' (Size = 4000), @p16='?' (Size = 4000), @p17='?' (Size = 4000), @p18='?' (Size = 4000), @p19='?' (Size = 4000), @p20='?' (Size = 4000), @p21='?' (Size = 4000), @p22='?' (Size = 4000), @p23='?' (Size = 4000), @p24='?' (Size = 4000), @p25='?' (Size = 4000), @p26='?' (DbType = Int64), @p27='?' (DbType = Int64), @p28='?' (DbType = Int64), @p29='?' (DbType = Int64), @p30='?' (DbType = DateTime), @p31='?' (DbType = Int64), @p32='?' (Size = 4000), @p33='?' (Size = 4000)], CommandType='"Text"', CommandTimeout='30']
UPDATE `Dealers` SET `Address_O` = @p0, `Address_R` = @p1, `City_O` = @p2, `City_R` = @p3, `Company_Name` = @p4, `Country_O` = @p5, `Country_R` = @p6, `Created_At` = @p7, `Email1` = @p8, `Email2` = @p9, `Gst_Number` = @p10, `Image` = @p11, `Is_Deleted` = @p12, `Own_Name_1` = @p13, `Own_Name_2` = @p14, `Pan_Number` = @p15, `Phone1` = @p16, `Phone2` = @p17, `Staff_Email1` = @p18, `Staff_Email2` = @p19, `Staff_Email3` = @p20, `Staff_Email4` = @p21, `Staff_Name1` = @p22, `Staff_Name2` = @p23, `Staff_Name3` = @p24, `Staff_Name4` = @p25, `Staff_Phone1` = @p26, `Staff_Phone2` = @p27, `Staff_Phone3` = @p28, `Staff_Phone4` = @p29, `Updated_At` = @p30, `User_Id` = @p31, `Zip_O` = @p32, `Zip_R` = @p33
WHERE `Id` = @p34;
2023-10-07 19:04:52.753 +05:30  INF  Executed DbCommand (0ms) [Parameters=[@__item_Id_0='?' (DbType = Int64)], CommandType='"Text"', CommandTimeout='30']
SELECT `d`.`Id`, `d`.`Bank_Account_Number`, `d`.`Bank_Name`, `d`.`Dealer_Id`, `d`.`Ifsc_Code`, `d`.`Remarks`, `d`.`Updated_At`
FROM `Dealer_Bank_Details` AS `d`
WHERE `d`.`Id` = @__item_Id_0
LIMIT 1
2023-10-07 19:04:52.755 +05:30  INF  Executed DbCommand (2ms) [Parameters=[@p6='?' (DbType = Int64), @p0='?' (DbType = Int64), @p1='?' (Size = 4000), @p2='?' (DbType = Int64), @p3='?' (Size = 4000), @p4='?' (Size = 4000), @p5='?' (DbType = DateTime)], CommandType='"Text"', CommandTimeout='30']
UPDATE `Dealer_Bank_Details` SET `Bank_Account_Number` = @p0, `Bank_Name` = @p1, `Dealer_Id` = @p2, `Ifsc_Code` = @p3, `Remarks` = @p4, `Updated_At` = @p5
WHERE `Id` = @p6;
2023-10-07 19:04:52.756 +05:30  INF  Executed DbCommand (0ms) [Parameters=[@__item_Id_0='?' (DbType = Int64)], CommandType='"Text"', CommandTimeout='30']
SELECT `d`.`Id`, `d`.`Bank_Account_Number`, `d`.`Bank_Name`, `d`.`Dealer_Id`, `d`.`Ifsc_Code`, `d`.`Remarks`, `d`.`Updated_At`
FROM `Dealer_Bank_Details` AS `d`
WHERE `d`.`Id` = @__item_Id_0
LIMIT 1
2023-10-07 19:04:52.759 +05:30  INF  Executed DbCommand (2ms) [Parameters=[@p6='?' (DbType = Int64), @p0='?' (DbType = Int64), @p1='?' (Size = 4000), @p2='?' (DbType = Int64), @p3='?' (Size = 4000), @p4='?' (Size = 4000), @p5='?' (DbType = DateTime)], CommandType='"Text"', CommandTimeout='30']
UPDATE `Dealer_Bank_Details` SET `Bank_Account_Number` = @p0, `Bank_Name` = @p1, `Dealer_Id` = @p2, `Ifsc_Code` = @p3, `Remarks` = @p4, `Updated_At` = @p5
WHERE `Id` = @p6;
2023-10-07 19:04:52.760 +05:30  INF  Executed DbCommand (0ms) [Parameters=[@__item_Id_0='?' (DbType = Int32)], CommandType='"Text"', CommandTimeout='30']
SELECT `d`.`Id`, `d`.`Dealer_Id`, `d`.`Material_Cost`, `d`.`Material_Date`, `d`.`Material_Name`
FROM `Dealer_Material` AS `d`
WHERE `d`.`Id` = @__item_Id_0
LIMIT 1
2023-10-07 19:04:52.762 +05:30  INF  Executed DbCommand (2ms) [Parameters=[@p4='?' (DbType = Int32), @p0='?' (DbType = Int64), @p1='?' (DbType = Single), @p2='?' (DbType = DateTime), @p3='?' (Size = 4000)], CommandType='"Text"', CommandTimeout='30']
UPDATE `Dealer_Material` SET `Dealer_Id` = @p0, `Material_Cost` = @p1, `Material_Date` = @p2, `Material_Name` = @p3
WHERE `Id` = @p4;
2023-10-07 19:04:52.762 +05:30  INF  Executed DbCommand (0ms) [Parameters=[@__item_Id_0='?' (DbType = Int32)], CommandType='"Text"', CommandTimeout='30']
SELECT `d`.`Id`, `d`.`Dealer_Id`, `d`.`Material_Cost`, `d`.`Material_Date`, `d`.`Material_Name`
FROM `Dealer_Material` AS `d`
WHERE `d`.`Id` = @__item_Id_0
LIMIT 1
2023-10-07 19:04:52.765 +05:30  INF  Executed DbCommand (2ms) [Parameters=[@p4='?' (DbType = Int32), @p0='?' (DbType = Int64), @p1='?' (DbType = Single), @p2='?' (DbType = DateTime), @p3='?' (Size = 4000)], CommandType='"Text"', CommandTimeout='30']
UPDATE `Dealer_Material` SET `Dealer_Id` = @p0, `Material_Cost` = @p1, `Material_Date` = @p2, `Material_Name` = @p3
WHERE `Id` = @p4;
2023-10-07 19:04:52.765 +05:30  INF  Executing OkObjectResult, writing value of type 'System.String'.
2023-10-07 19:04:52.765 +05:30  INF  Executed action DCRM.Api.Controllers.DealerController.Update (DCRM.Api) in 19.1515ms
2023-10-07 19:04:52.765 +05:30  INF  Executed endpoint 'DCRM.Api.Controllers.DealerController.Update (DCRM.Api)'
2023-10-07 19:04:52.765 +05:30  INF  Request finished HTTP/2 POST https://localhost:7069/api/Dealer/Update application/json 1248 - 200 - text/plain;+charset=utf-8 22.6673ms
2023-10-07 19:07:11.566 +05:30  INF  Request starting HTTP/2 OPTIONS https://localhost:7069/api/Dealer/Get/29 - -
2023-10-07 19:07:11.566 +05:30  INF  CORS policy execution successful.
2023-10-07 19:07:11.566 +05:30  INF  Request finished HTTP/2 OPTIONS https://localhost:7069/api/Dealer/Get/29 - - - 204 - - 0.2946ms
2023-10-07 19:07:11.637 +05:30  INF  Request starting HTTP/2 GET https://localhost:7069/api/Dealer/Get/29 application/json -
2023-10-07 19:07:11.637 +05:30  INF  CORS policy execution successful.
2023-10-07 19:07:11.641 +05:30  INF  Executed DbCommand (2ms) [Parameters=[@__id_0='?' (DbType = Int32)], CommandType='"Text"', CommandTimeout='30']
SELECT `u`.`Id`, `u`.`About_Me`, `u`.`Account_Type`, `u`.`Address`, `u`.`Available_Days`, `u`.`Bn_Name`, `u`.`City`, `u`.`Country`, `u`.`Created_At`, `u`.`Currency`, `u`.`Degree`, `u`.`Email`, `u`.`Email_Verified`, `u`.`Enable_Appointment`, `u`.`Enable_Rating`, `u`.`Exp_Years`, `u`.`Facebook`, `u`.`Google_Analytics`, `u`.`Image`, `u`.`Instagram`, `u`.`Linkedin`, `u`.`Name`, `u`.`Parent_Id`, `u`.`Password`, `u`.`Paypal_Email`, `u`.`Paypal_Mode`, `u`.`Paypal_Payment`, `u`.`Paystack_Payment`, `u`.`Paystack_Public_Key`, `u`.`Paystack_Secret_Key`, `u`.`Phone`, `u`.`Publish_Key`, `u`.`Qr_Code`, `u`.`Razorpay_Key_Id`, `u`.`Razorpay_Key_Secret`, `u`.`Razorpay_Payment`, `u`.`Role`, `u`.`Secret_Key`, `u`.`Skype`, `u`.`Slug`, `u`.`Specialist`, `u`.`Status`, `u`.`Stripe_Payment`, `u`.`Thumb`, `u`.`Trial_Expire`, `u`.`Twitter`, `u`.`User_Name`, `u`.`User_Type`, `u`.`Verify_Code`, `u`.`Whatsapp`
FROM `Users` AS `u`
WHERE `u`.`Id` = @__id_0
LIMIT 1
2023-10-07 19:07:11.642 +05:30  INF  Executing endpoint 'DCRM.Api.Controllers.DealerController.GetAsync (DCRM.Api)'
2023-10-07 19:07:11.642 +05:30  INF  Route matched with {action = "Get", controller = "Dealer"}. Executing controller action with signature System.Threading.Tasks.Task`1[DCRM.Common.Dto.DealerDto] GetAsync(Int32) on controller DCRM.Api.Controllers.DealerController (DCRM.Api).
2023-10-07 19:07:11.644 +05:30  INF  Executed DbCommand (1ms) [Parameters=[@__id_0='?' (DbType = Int32), @__userId_1='?' (DbType = Int64)], CommandType='"Text"', CommandTimeout='30']
SELECT `d`.`Id`, `d`.`Address_O`, `d`.`Address_R`, `d`.`City_O`, `d`.`City_R`, `d`.`Company_Name`, `d`.`Country_O`, `d`.`Country_R`, `d`.`Created_At`, `d`.`Email1`, `d`.`Email2`, `d`.`Gst_Number`, `d`.`Image`, `d`.`Is_Deleted`, `d`.`Own_Name_1`, `d`.`Own_Name_2`, `d`.`Pan_Number`, `d`.`Phone1`, `d`.`Phone2`, `d`.`Staff_Email1`, `d`.`Staff_Email2`, `d`.`Staff_Email3`, `d`.`Staff_Email4`, `d`.`Staff_Name1`, `d`.`Staff_Name2`, `d`.`Staff_Name3`, `d`.`Staff_Name4`, `d`.`Staff_Phone1`, `d`.`Staff_Phone2`, `d`.`Staff_Phone3`, `d`.`Staff_Phone4`, `d`.`Updated_At`, `d`.`User_Id`, `d`.`Zip_O`, `d`.`Zip_R`
FROM `Dealers` AS `d`
WHERE ((`d`.`Id` = @__id_0) AND (`d`.`Is_Deleted` = 0)) AND (`d`.`User_Id` = @__userId_1)
LIMIT 1
2023-10-07 19:07:11.647 +05:30  INF  Executed DbCommand (1ms) [Parameters=[@__p_0='?' (DbType = Int64)], CommandType='"Text"', CommandTimeout='30']
SELECT `d`.`Id`, `d`.`Bank_Account_Number`, `d`.`Bank_Name`, `d`.`Dealer_Id`, `d`.`Ifsc_Code`, `d`.`Remarks`, `d`.`Updated_At`
FROM `Dealer_Bank_Details` AS `d`
WHERE `d`.`Dealer_Id` = @__p_0
2023-10-07 19:07:11.649 +05:30  INF  Executed DbCommand (1ms) [Parameters=[@__p_0='?' (DbType = Int64)], CommandType='"Text"', CommandTimeout='30']
SELECT `d`.`Id`, `d`.`Dealer_Id`, `d`.`Material_Cost`, `d`.`Material_Date`, `d`.`Material_Name`
FROM `Dealer_Material` AS `d`
WHERE `d`.`Dealer_Id` = @__p_0
2023-10-07 19:07:11.650 +05:30  INF  Executing ObjectResult, writing value of type 'DCRM.Common.Dto.DealerDto'.
2023-10-07 19:07:11.650 +05:30  INF  Executed action DCRM.Api.Controllers.DealerController.GetAsync (DCRM.Api) in 7.9853ms
2023-10-07 19:07:11.650 +05:30  INF  Executed endpoint 'DCRM.Api.Controllers.DealerController.GetAsync (DCRM.Api)'
2023-10-07 19:07:11.650 +05:30  INF  Request finished HTTP/2 GET https://localhost:7069/api/Dealer/Get/29 application/json - - 200 - application/json;+charset=utf-8 13.3583ms
2023-10-07 19:07:16.161 +05:30  INF  Request starting HTTP/2 OPTIONS https://localhost:7069/api/Dealer/Update - -
2023-10-07 19:07:16.161 +05:30  INF  CORS policy execution successful.
2023-10-07 19:07:16.162 +05:30  INF  Request finished HTTP/2 OPTIONS https://localhost:7069/api/Dealer/Update - - - 204 - - 0.2127ms
2023-10-07 19:07:16.164 +05:30  INF  Request starting HTTP/2 POST https://localhost:7069/api/Dealer/Update application/json 1248
2023-10-07 19:07:16.164 +05:30  INF  CORS policy execution successful.
2023-10-07 19:07:16.166 +05:30  INF  Executed DbCommand (1ms) [Parameters=[@__id_0='?' (DbType = Int32)], CommandType='"Text"', CommandTimeout='30']
SELECT `u`.`Id`, `u`.`About_Me`, `u`.`Account_Type`, `u`.`Address`, `u`.`Available_Days`, `u`.`Bn_Name`, `u`.`City`, `u`.`Country`, `u`.`Created_At`, `u`.`Currency`, `u`.`Degree`, `u`.`Email`, `u`.`Email_Verified`, `u`.`Enable_Appointment`, `u`.`Enable_Rating`, `u`.`Exp_Years`, `u`.`Facebook`, `u`.`Google_Analytics`, `u`.`Image`, `u`.`Instagram`, `u`.`Linkedin`, `u`.`Name`, `u`.`Parent_Id`, `u`.`Password`, `u`.`Paypal_Email`, `u`.`Paypal_Mode`, `u`.`Paypal_Payment`, `u`.`Paystack_Payment`, `u`.`Paystack_Public_Key`, `u`.`Paystack_Secret_Key`, `u`.`Phone`, `u`.`Publish_Key`, `u`.`Qr_Code`, `u`.`Razorpay_Key_Id`, `u`.`Razorpay_Key_Secret`, `u`.`Razorpay_Payment`, `u`.`Role`, `u`.`Secret_Key`, `u`.`Skype`, `u`.`Slug`, `u`.`Specialist`, `u`.`Status`, `u`.`Stripe_Payment`, `u`.`Thumb`, `u`.`Trial_Expire`, `u`.`Twitter`, `u`.`User_Name`, `u`.`User_Type`, `u`.`Verify_Code`, `u`.`Whatsapp`
FROM `Users` AS `u`
WHERE `u`.`Id` = @__id_0
LIMIT 1
2023-10-07 19:07:16.167 +05:30  INF  Executing endpoint 'DCRM.Api.Controllers.DealerController.Update (DCRM.Api)'
2023-10-07 19:07:16.167 +05:30  INF  Route matched with {action = "Update", controller = "Dealer"}. Executing controller action with signature System.Threading.Tasks.Task`1[Microsoft.AspNetCore.Mvc.IActionResult] Update(DCRM.Common.Entity.DealerRequest) on controller DCRM.Api.Controllers.DealerController (DCRM.Api).
2023-10-07 19:07:16.168 +05:30  INF  Executed DbCommand (1ms) [Parameters=[@__request_Id_0='?' (DbType = Int32)], CommandType='"Text"', CommandTimeout='30']
SELECT `d`.`Id`, `d`.`Address_O`, `d`.`Address_R`, `d`.`City_O`, `d`.`City_R`, `d`.`Company_Name`, `d`.`Country_O`, `d`.`Country_R`, `d`.`Created_At`, `d`.`Email1`, `d`.`Email2`, `d`.`Gst_Number`, `d`.`Image`, `d`.`Is_Deleted`, `d`.`Own_Name_1`, `d`.`Own_Name_2`, `d`.`Pan_Number`, `d`.`Phone1`, `d`.`Phone2`, `d`.`Staff_Email1`, `d`.`Staff_Email2`, `d`.`Staff_Email3`, `d`.`Staff_Email4`, `d`.`Staff_Name1`, `d`.`Staff_Name2`, `d`.`Staff_Name3`, `d`.`Staff_Name4`, `d`.`Staff_Phone1`, `d`.`Staff_Phone2`, `d`.`Staff_Phone3`, `d`.`Staff_Phone4`, `d`.`Updated_At`, `d`.`User_Id`, `d`.`Zip_O`, `d`.`Zip_R`
FROM `Dealers` AS `d`
WHERE `d`.`Id` = @__request_Id_0
LIMIT 1
2023-10-07 19:07:16.170 +05:30  INF  Executed DbCommand (1ms) [Parameters=[@p34='?' (DbType = Int32), @p0='?' (Size = 4000), @p1='?' (Size = 4000), @p2='?' (Size = 4000), @p3='?' (Size = 4000), @p4='?' (Size = 4000), @p5='?' (Size = 4000), @p6='?' (Size = 4000), @p7='?' (DbType = DateTime), @p8='?' (Size = 4000), @p9='?' (Size = 4000), @p10='?' (Size = 4000), @p11='?' (Size = 4000), @p12='?' (DbType = SByte), @p13='?' (Size = 4000), @p14='?' (Size = 4000), @p15='?' (Size = 4000), @p16='?' (Size = 4000), @p17='?' (Size = 4000), @p18='?' (Size = 4000), @p19='?' (Size = 4000), @p20='?' (Size = 4000), @p21='?' (Size = 4000), @p22='?' (Size = 4000), @p23='?' (Size = 4000), @p24='?' (Size = 4000), @p25='?' (Size = 4000), @p26='?' (DbType = Int64), @p27='?' (DbType = Int64), @p28='?' (DbType = Int64), @p29='?' (DbType = Int64), @p30='?' (DbType = DateTime), @p31='?' (DbType = Int64), @p32='?' (Size = 4000), @p33='?' (Size = 4000)], CommandType='"Text"', CommandTimeout='30']
UPDATE `Dealers` SET `Address_O` = @p0, `Address_R` = @p1, `City_O` = @p2, `City_R` = @p3, `Company_Name` = @p4, `Country_O` = @p5, `Country_R` = @p6, `Created_At` = @p7, `Email1` = @p8, `Email2` = @p9, `Gst_Number` = @p10, `Image` = @p11, `Is_Deleted` = @p12, `Own_Name_1` = @p13, `Own_Name_2` = @p14, `Pan_Number` = @p15, `Phone1` = @p16, `Phone2` = @p17, `Staff_Email1` = @p18, `Staff_Email2` = @p19, `Staff_Email3` = @p20, `Staff_Email4` = @p21, `Staff_Name1` = @p22, `Staff_Name2` = @p23, `Staff_Name3` = @p24, `Staff_Name4` = @p25, `Staff_Phone1` = @p26, `Staff_Phone2` = @p27, `Staff_Phone3` = @p28, `Staff_Phone4` = @p29, `Updated_At` = @p30, `User_Id` = @p31, `Zip_O` = @p32, `Zip_R` = @p33
WHERE `Id` = @p34;
2023-10-07 19:07:16.171 +05:30  INF  Executed DbCommand (0ms) [Parameters=[@__item_Id_0='?' (DbType = Int64)], CommandType='"Text"', CommandTimeout='30']
SELECT `d`.`Id`, `d`.`Bank_Account_Number`, `d`.`Bank_Name`, `d`.`Dealer_Id`, `d`.`Ifsc_Code`, `d`.`Remarks`, `d`.`Updated_At`
FROM `Dealer_Bank_Details` AS `d`
WHERE `d`.`Id` = @__item_Id_0
LIMIT 1
2023-10-07 19:07:16.173 +05:30  INF  Executed DbCommand (1ms) [Parameters=[@p6='?' (DbType = Int64), @p0='?' (DbType = Int64), @p1='?' (Size = 4000), @p2='?' (DbType = Int64), @p3='?' (Size = 4000), @p4='?' (Size = 4000), @p5='?' (DbType = DateTime)], CommandType='"Text"', CommandTimeout='30']
UPDATE `Dealer_Bank_Details` SET `Bank_Account_Number` = @p0, `Bank_Name` = @p1, `Dealer_Id` = @p2, `Ifsc_Code` = @p3, `Remarks` = @p4, `Updated_At` = @p5
WHERE `Id` = @p6;
2023-10-07 19:07:16.173 +05:30  INF  Executed DbCommand (0ms) [Parameters=[@__item_Id_0='?' (DbType = Int64)], CommandType='"Text"', CommandTimeout='30']
SELECT `d`.`Id`, `d`.`Bank_Account_Number`, `d`.`Bank_Name`, `d`.`Dealer_Id`, `d`.`Ifsc_Code`, `d`.`Remarks`, `d`.`Updated_At`
FROM `Dealer_Bank_Details` AS `d`
WHERE `d`.`Id` = @__item_Id_0
LIMIT 1
2023-10-07 19:07:16.175 +05:30  INF  Executed DbCommand (1ms) [Parameters=[@p6='?' (DbType = Int64), @p0='?' (DbType = Int64), @p1='?' (Size = 4000), @p2='?' (DbType = Int64), @p3='?' (Size = 4000), @p4='?' (Size = 4000), @p5='?' (DbType = DateTime)], CommandType='"Text"', CommandTimeout='30']
UPDATE `Dealer_Bank_Details` SET `Bank_Account_Number` = @p0, `Bank_Name` = @p1, `Dealer_Id` = @p2, `Ifsc_Code` = @p3, `Remarks` = @p4, `Updated_At` = @p5
WHERE `Id` = @p6;
2023-10-07 19:07:16.176 +05:30  INF  Executed DbCommand (0ms) [Parameters=[@__item_Id_0='?' (DbType = Int32)], CommandType='"Text"', CommandTimeout='30']
SELECT `d`.`Id`, `d`.`Dealer_Id`, `d`.`Material_Cost`, `d`.`Material_Date`, `d`.`Material_Name`
FROM `Dealer_Material` AS `d`
WHERE `d`.`Id` = @__item_Id_0
LIMIT 1
2023-10-07 19:07:16.179 +05:30  INF  Executed DbCommand (2ms) [Parameters=[@p4='?' (DbType = Int32), @p0='?' (DbType = Int64), @p1='?' (DbType = Single), @p2='?' (DbType = DateTime), @p3='?' (Size = 4000)], CommandType='"Text"', CommandTimeout='30']
UPDATE `Dealer_Material` SET `Dealer_Id` = @p0, `Material_Cost` = @p1, `Material_Date` = @p2, `Material_Name` = @p3
WHERE `Id` = @p4;
2023-10-07 19:07:16.180 +05:30  INF  Executed DbCommand (0ms) [Parameters=[@__item_Id_0='?' (DbType = Int32)], CommandType='"Text"', CommandTimeout='30']
SELECT `d`.`Id`, `d`.`Dealer_Id`, `d`.`Material_Cost`, `d`.`Material_Date`, `d`.`Material_Name`
FROM `Dealer_Material` AS `d`
WHERE `d`.`Id` = @__item_Id_0
LIMIT 1
2023-10-07 19:07:16.182 +05:30  INF  Executed DbCommand (1ms) [Parameters=[@p4='?' (DbType = Int32), @p0='?' (DbType = Int64), @p1='?' (DbType = Single), @p2='?' (DbType = DateTime), @p3='?' (Size = 4000)], CommandType='"Text"', CommandTimeout='30']
UPDATE `Dealer_Material` SET `Dealer_Id` = @p0, `Material_Cost` = @p1, `Material_Date` = @p2, `Material_Name` = @p3
WHERE `Id` = @p4;
2023-10-07 19:07:16.182 +05:30  INF  Executing OkObjectResult, writing value of type 'System.String'.
2023-10-07 19:07:16.182 +05:30  INF  Executed action DCRM.Api.Controllers.DealerController.Update (DCRM.Api) in 15.2721ms
2023-10-07 19:07:16.182 +05:30  INF  Executed endpoint 'DCRM.Api.Controllers.DealerController.Update (DCRM.Api)'
2023-10-07 19:07:16.182 +05:30  INF  Request finished HTTP/2 POST https://localhost:7069/api/Dealer/Update application/json 1248 - 200 - text/plain;+charset=utf-8 18.1582ms
2023-10-07 19:07:18.536 +05:30  INF  Request starting HTTP/2 OPTIONS https://localhost:7069/api/Dealer/GetAll - -
2023-10-07 19:07:18.536 +05:30  INF  CORS policy execution successful.
2023-10-07 19:07:18.536 +05:30  INF  Request finished HTTP/2 OPTIONS https://localhost:7069/api/Dealer/GetAll - - - 204 - - 0.3062ms
2023-10-07 19:07:18.539 +05:30  INF  Request starting HTTP/2 GET https://localhost:7069/api/Dealer/GetAll application/json -
2023-10-07 19:07:18.539 +05:30  INF  CORS policy execution successful.
2023-10-07 19:07:18.542 +05:30  INF  Executed DbCommand (1ms) [Parameters=[@__id_0='?' (DbType = Int32)], CommandType='"Text"', CommandTimeout='30']
SELECT `u`.`Id`, `u`.`About_Me`, `u`.`Account_Type`, `u`.`Address`, `u`.`Available_Days`, `u`.`Bn_Name`, `u`.`City`, `u`.`Country`, `u`.`Created_At`, `u`.`Currency`, `u`.`Degree`, `u`.`Email`, `u`.`Email_Verified`, `u`.`Enable_Appointment`, `u`.`Enable_Rating`, `u`.`Exp_Years`, `u`.`Facebook`, `u`.`Google_Analytics`, `u`.`Image`, `u`.`Instagram`, `u`.`Linkedin`, `u`.`Name`, `u`.`Parent_Id`, `u`.`Password`, `u`.`Paypal_Email`, `u`.`Paypal_Mode`, `u`.`Paypal_Payment`, `u`.`Paystack_Payment`, `u`.`Paystack_Public_Key`, `u`.`Paystack_Secret_Key`, `u`.`Phone`, `u`.`Publish_Key`, `u`.`Qr_Code`, `u`.`Razorpay_Key_Id`, `u`.`Razorpay_Key_Secret`, `u`.`Razorpay_Payment`, `u`.`Role`, `u`.`Secret_Key`, `u`.`Skype`, `u`.`Slug`, `u`.`Specialist`, `u`.`Status`, `u`.`Stripe_Payment`, `u`.`Thumb`, `u`.`Trial_Expire`, `u`.`Twitter`, `u`.`User_Name`, `u`.`User_Type`, `u`.`Verify_Code`, `u`.`Whatsapp`
FROM `Users` AS `u`
WHERE `u`.`Id` = @__id_0
LIMIT 1
2023-10-07 19:07:18.542 +05:30  INF  Executing endpoint 'DCRM.Api.Controllers.DealerController.GetAllAsync (DCRM.Api)'
2023-10-07 19:07:18.542 +05:30  INF  Route matched with {action = "GetAll", controller = "Dealer"}. Executing controller action with signature System.Threading.Tasks.Task`1[System.Collections.Generic.IEnumerable`1[DCRM.Common.Dto.DealerDto]] GetAllAsync() on controller DCRM.Api.Controllers.DealerController (DCRM.Api).
2023-10-07 19:07:18.544 +05:30  INF  Executed DbCommand (1ms) [Parameters=[@__userId_0='?' (DbType = Int64)], CommandType='"Text"', CommandTimeout='30']
SELECT `d`.`Id`, `d`.`Address_O`, `d`.`Address_R`, `d`.`City_O`, `d`.`City_R`, `d`.`Company_Name`, `d`.`Country_O`, `d`.`Country_R`, `d`.`Created_At`, `d`.`Email1`, `d`.`Email2`, `d`.`Gst_Number`, `d`.`Image`, `d`.`Is_Deleted`, `d`.`Own_Name_1`, `d`.`Own_Name_2`, `d`.`Pan_Number`, `d`.`Phone1`, `d`.`Phone2`, `d`.`Staff_Email1`, `d`.`Staff_Email2`, `d`.`Staff_Email3`, `d`.`Staff_Email4`, `d`.`Staff_Name1`, `d`.`Staff_Name2`, `d`.`Staff_Name3`, `d`.`Staff_Name4`, `d`.`Staff_Phone1`, `d`.`Staff_Phone2`, `d`.`Staff_Phone3`, `d`.`Staff_Phone4`, `d`.`Updated_At`, `d`.`User_Id`, `d`.`Zip_O`, `d`.`Zip_R`
FROM `Dealers` AS `d`
WHERE (`d`.`Is_Deleted` = 0) AND (`d`.`User_Id` = @__userId_0)
2023-10-07 19:07:18.546 +05:30  INF  Executed DbCommand (1ms) [Parameters=[@__p_0='?' (DbType = Int64)], CommandType='"Text"', CommandTimeout='30']
SELECT `d`.`Id`, `d`.`Bank_Account_Number`, `d`.`Bank_Name`, `d`.`Dealer_Id`, `d`.`Ifsc_Code`, `d`.`Remarks`, `d`.`Updated_At`
FROM `Dealer_Bank_Details` AS `d`
WHERE `d`.`Dealer_Id` = @__p_0
2023-10-07 19:07:18.547 +05:30  INF  Executed DbCommand (0ms) [Parameters=[@__p_0='?' (DbType = Int64)], CommandType='"Text"', CommandTimeout='30']
SELECT `d`.`Id`, `d`.`Dealer_Id`, `d`.`Material_Cost`, `d`.`Material_Date`, `d`.`Material_Name`
FROM `Dealer_Material` AS `d`
WHERE `d`.`Dealer_Id` = @__p_0
2023-10-07 19:07:18.548 +05:30  INF  Executed DbCommand (1ms) [Parameters=[@__p_0='?' (DbType = Int64)], CommandType='"Text"', CommandTimeout='30']
SELECT `d`.`Id`, `d`.`Bank_Account_Number`, `d`.`Bank_Name`, `d`.`Dealer_Id`, `d`.`Ifsc_Code`, `d`.`Remarks`, `d`.`Updated_At`
FROM `Dealer_Bank_Details` AS `d`
WHERE `d`.`Dealer_Id` = @__p_0
2023-10-07 19:07:18.549 +05:30  INF  Executed DbCommand (0ms) [Parameters=[@__p_0='?' (DbType = Int64)], CommandType='"Text"', CommandTimeout='30']
SELECT `d`.`Id`, `d`.`Dealer_Id`, `d`.`Material_Cost`, `d`.`Material_Date`, `d`.`Material_Name`
FROM `Dealer_Material` AS `d`
WHERE `d`.`Dealer_Id` = @__p_0
2023-10-07 19:07:18.550 +05:30  INF  Executed DbCommand (0ms) [Parameters=[@__p_0='?' (DbType = Int64)], CommandType='"Text"', CommandTimeout='30']
SELECT `d`.`Id`, `d`.`Bank_Account_Number`, `d`.`Bank_Name`, `d`.`Dealer_Id`, `d`.`Ifsc_Code`, `d`.`Remarks`, `d`.`Updated_At`
FROM `Dealer_Bank_Details` AS `d`
WHERE `d`.`Dealer_Id` = @__p_0
2023-10-07 19:07:18.552 +05:30  INF  Executed DbCommand (0ms) [Parameters=[@__p_0='?' (DbType = Int64)], CommandType='"Text"', CommandTimeout='30']
SELECT `d`.`Id`, `d`.`Dealer_Id`, `d`.`Material_Cost`, `d`.`Material_Date`, `d`.`Material_Name`
FROM `Dealer_Material` AS `d`
WHERE `d`.`Dealer_Id` = @__p_0
2023-10-07 19:07:18.553 +05:30  INF  Executed DbCommand (0ms) [Parameters=[@__p_0='?' (DbType = Int64)], CommandType='"Text"', CommandTimeout='30']
SELECT `d`.`Id`, `d`.`Bank_Account_Number`, `d`.`Bank_Name`, `d`.`Dealer_Id`, `d`.`Ifsc_Code`, `d`.`Remarks`, `d`.`Updated_At`
FROM `Dealer_Bank_Details` AS `d`
WHERE `d`.`Dealer_Id` = @__p_0
2023-10-07 19:07:18.554 +05:30  INF  Executed DbCommand (0ms) [Parameters=[@__p_0='?' (DbType = Int64)], CommandType='"Text"', CommandTimeout='30']
SELECT `d`.`Id`, `d`.`Dealer_Id`, `d`.`Material_Cost`, `d`.`Material_Date`, `d`.`Material_Name`
FROM `Dealer_Material` AS `d`
WHERE `d`.`Dealer_Id` = @__p_0
2023-10-07 19:07:18.555 +05:30  INF  Executed DbCommand (0ms) [Parameters=[@__p_0='?' (DbType = Int64)], CommandType='"Text"', CommandTimeout='30']
SELECT `d`.`Id`, `d`.`Bank_Account_Number`, `d`.`Bank_Name`, `d`.`Dealer_Id`, `d`.`Ifsc_Code`, `d`.`Remarks`, `d`.`Updated_At`
FROM `Dealer_Bank_Details` AS `d`
WHERE `d`.`Dealer_Id` = @__p_0
2023-10-07 19:07:18.556 +05:30  INF  Executed DbCommand (0ms) [Parameters=[@__p_0='?' (DbType = Int64)], CommandType='"Text"', CommandTimeout='30']
SELECT `d`.`Id`, `d`.`Dealer_Id`, `d`.`Material_Cost`, `d`.`Material_Date`, `d`.`Material_Name`
FROM `Dealer_Material` AS `d`
WHERE `d`.`Dealer_Id` = @__p_0
2023-10-07 19:07:18.557 +05:30  INF  Executed DbCommand (0ms) [Parameters=[@__p_0='?' (DbType = Int64)], CommandType='"Text"', CommandTimeout='30']
SELECT `d`.`Id`, `d`.`Bank_Account_Number`, `d`.`Bank_Name`, `d`.`Dealer_Id`, `d`.`Ifsc_Code`, `d`.`Remarks`, `d`.`Updated_At`
FROM `Dealer_Bank_Details` AS `d`
WHERE `d`.`Dealer_Id` = @__p_0
2023-10-07 19:07:18.558 +05:30  INF  Executed DbCommand (0ms) [Parameters=[@__p_0='?' (DbType = Int64)], CommandType='"Text"', CommandTimeout='30']
SELECT `d`.`Id`, `d`.`Dealer_Id`, `d`.`Material_Cost`, `d`.`Material_Date`, `d`.`Material_Name`
FROM `Dealer_Material` AS `d`
WHERE `d`.`Dealer_Id` = @__p_0
2023-10-07 19:07:18.559 +05:30  INF  Executed DbCommand (0ms) [Parameters=[@__p_0='?' (DbType = Int64)], CommandType='"Text"', CommandTimeout='30']
SELECT `d`.`Id`, `d`.`Bank_Account_Number`, `d`.`Bank_Name`, `d`.`Dealer_Id`, `d`.`Ifsc_Code`, `d`.`Remarks`, `d`.`Updated_At`
FROM `Dealer_Bank_Details` AS `d`
WHERE `d`.`Dealer_Id` = @__p_0
2023-10-07 19:07:18.560 +05:30  INF  Executed DbCommand (0ms) [Parameters=[@__p_0='?' (DbType = Int64)], CommandType='"Text"', CommandTimeout='30']
SELECT `d`.`Id`, `d`.`Dealer_Id`, `d`.`Material_Cost`, `d`.`Material_Date`, `d`.`Material_Name`
FROM `Dealer_Material` AS `d`
WHERE `d`.`Dealer_Id` = @__p_0
2023-10-07 19:07:18.562 +05:30  INF  Executed DbCommand (0ms) [Parameters=[@__p_0='?' (DbType = Int64)], CommandType='"Text"', CommandTimeout='30']
SELECT `d`.`Id`, `d`.`Bank_Account_Number`, `d`.`Bank_Name`, `d`.`Dealer_Id`, `d`.`Ifsc_Code`, `d`.`Remarks`, `d`.`Updated_At`
FROM `Dealer_Bank_Details` AS `d`
WHERE `d`.`Dealer_Id` = @__p_0
2023-10-07 19:07:18.563 +05:30  INF  Executed DbCommand (0ms) [Parameters=[@__p_0='?' (DbType = Int64)], CommandType='"Text"', CommandTimeout='30']
SELECT `d`.`Id`, `d`.`Dealer_Id`, `d`.`Material_Cost`, `d`.`Material_Date`, `d`.`Material_Name`
FROM `Dealer_Material` AS `d`
WHERE `d`.`Dealer_Id` = @__p_0
2023-10-07 19:07:18.563 +05:30  INF  Executing ObjectResult, writing value of type 'System.Collections.Generic.List`1[[DCRM.Common.Dto.DealerDto, DCRM.Common, Version=1.0.0.0, Culture=neutral, PublicKeyToken=null]]'.
2023-10-07 19:07:18.563 +05:30  INF  Executed action DCRM.Api.Controllers.DealerController.GetAllAsync (DCRM.Api) in 21.2101ms
2023-10-07 19:07:18.563 +05:30  INF  Executed endpoint 'DCRM.Api.Controllers.DealerController.GetAllAsync (DCRM.Api)'
2023-10-07 19:07:18.564 +05:30  INF  Request finished HTTP/2 GET https://localhost:7069/api/Dealer/GetAll application/json - - 200 - application/json;+charset=utf-8 24.9784ms
2023-10-07 19:07:26.181 +05:30  INF  Request starting HTTP/2 OPTIONS https://localhost:7069/api/Dealer/Get/29 - -
2023-10-07 19:07:26.181 +05:30  INF  CORS policy execution successful.
2023-10-07 19:07:26.181 +05:30  INF  Request finished HTTP/2 OPTIONS https://localhost:7069/api/Dealer/Get/29 - - - 204 - - 0.2791ms
2023-10-07 19:07:26.182 +05:30  INF  Request starting HTTP/2 GET https://localhost:7069/api/Dealer/Get/29 application/json -
2023-10-07 19:07:26.182 +05:30  INF  CORS policy execution successful.
2023-10-07 19:07:26.184 +05:30  INF  Executed DbCommand (1ms) [Parameters=[@__id_0='?' (DbType = Int32)], CommandType='"Text"', CommandTimeout='30']
SELECT `u`.`Id`, `u`.`About_Me`, `u`.`Account_Type`, `u`.`Address`, `u`.`Available_Days`, `u`.`Bn_Name`, `u`.`City`, `u`.`Country`, `u`.`Created_At`, `u`.`Currency`, `u`.`Degree`, `u`.`Email`, `u`.`Email_Verified`, `u`.`Enable_Appointment`, `u`.`Enable_Rating`, `u`.`Exp_Years`, `u`.`Facebook`, `u`.`Google_Analytics`, `u`.`Image`, `u`.`Instagram`, `u`.`Linkedin`, `u`.`Name`, `u`.`Parent_Id`, `u`.`Password`, `u`.`Paypal_Email`, `u`.`Paypal_Mode`, `u`.`Paypal_Payment`, `u`.`Paystack_Payment`, `u`.`Paystack_Public_Key`, `u`.`Paystack_Secret_Key`, `u`.`Phone`, `u`.`Publish_Key`, `u`.`Qr_Code`, `u`.`Razorpay_Key_Id`, `u`.`Razorpay_Key_Secret`, `u`.`Razorpay_Payment`, `u`.`Role`, `u`.`Secret_Key`, `u`.`Skype`, `u`.`Slug`, `u`.`Specialist`, `u`.`Status`, `u`.`Stripe_Payment`, `u`.`Thumb`, `u`.`Trial_Expire`, `u`.`Twitter`, `u`.`User_Name`, `u`.`User_Type`, `u`.`Verify_Code`, `u`.`Whatsapp`
FROM `Users` AS `u`
WHERE `u`.`Id` = @__id_0
LIMIT 1
2023-10-07 19:07:26.185 +05:30  INF  Executing endpoint 'DCRM.Api.Controllers.DealerController.GetAsync (DCRM.Api)'
2023-10-07 19:07:26.185 +05:30  INF  Route matched with {action = "Get", controller = "Dealer"}. Executing controller action with signature System.Threading.Tasks.Task`1[DCRM.Common.Dto.DealerDto] GetAsync(Int32) on controller DCRM.Api.Controllers.DealerController (DCRM.Api).
2023-10-07 19:07:26.186 +05:30  INF  Executed DbCommand (1ms) [Parameters=[@__id_0='?' (DbType = Int32), @__userId_1='?' (DbType = Int64)], CommandType='"Text"', CommandTimeout='30']
SELECT `d`.`Id`, `d`.`Address_O`, `d`.`Address_R`, `d`.`City_O`, `d`.`City_R`, `d`.`Company_Name`, `d`.`Country_O`, `d`.`Country_R`, `d`.`Created_At`, `d`.`Email1`, `d`.`Email2`, `d`.`Gst_Number`, `d`.`Image`, `d`.`Is_Deleted`, `d`.`Own_Name_1`, `d`.`Own_Name_2`, `d`.`Pan_Number`, `d`.`Phone1`, `d`.`Phone2`, `d`.`Staff_Email1`, `d`.`Staff_Email2`, `d`.`Staff_Email3`, `d`.`Staff_Email4`, `d`.`Staff_Name1`, `d`.`Staff_Name2`, `d`.`Staff_Name3`, `d`.`Staff_Name4`, `d`.`Staff_Phone1`, `d`.`Staff_Phone2`, `d`.`Staff_Phone3`, `d`.`Staff_Phone4`, `d`.`Updated_At`, `d`.`User_Id`, `d`.`Zip_O`, `d`.`Zip_R`
FROM `Dealers` AS `d`
WHERE ((`d`.`Id` = @__id_0) AND (`d`.`Is_Deleted` = 0)) AND (`d`.`User_Id` = @__userId_1)
LIMIT 1
2023-10-07 19:07:26.188 +05:30  INF  Executed DbCommand (0ms) [Parameters=[@__p_0='?' (DbType = Int64)], CommandType='"Text"', CommandTimeout='30']
SELECT `d`.`Id`, `d`.`Bank_Account_Number`, `d`.`Bank_Name`, `d`.`Dealer_Id`, `d`.`Ifsc_Code`, `d`.`Remarks`, `d`.`Updated_At`
FROM `Dealer_Bank_Details` AS `d`
WHERE `d`.`Dealer_Id` = @__p_0
2023-10-07 19:07:26.189 +05:30  INF  Executed DbCommand (0ms) [Parameters=[@__p_0='?' (DbType = Int64)], CommandType='"Text"', CommandTimeout='30']
SELECT `d`.`Id`, `d`.`Dealer_Id`, `d`.`Material_Cost`, `d`.`Material_Date`, `d`.`Material_Name`
FROM `Dealer_Material` AS `d`
WHERE `d`.`Dealer_Id` = @__p_0
2023-10-07 19:07:26.190 +05:30  INF  Executing ObjectResult, writing value of type 'DCRM.Common.Dto.DealerDto'.
2023-10-07 19:07:26.190 +05:30  INF  Executed action DCRM.Api.Controllers.DealerController.GetAsync (DCRM.Api) in 4.8515ms
2023-10-07 19:07:26.190 +05:30  INF  Executed endpoint 'DCRM.Api.Controllers.DealerController.GetAsync (DCRM.Api)'
2023-10-07 19:07:26.190 +05:30  INF  Request finished HTTP/2 GET https://localhost:7069/api/Dealer/Get/29 application/json - - 200 - application/json;+charset=utf-8 8.3048ms
2023-10-07 19:07:49.614 +05:30  INF  Request starting HTTP/2 OPTIONS https://localhost:7069/api/Dealer/Update - -
2023-10-07 19:07:49.614 +05:30  INF  CORS policy execution successful.
2023-10-07 19:07:49.614 +05:30  INF  Request finished HTTP/2 OPTIONS https://localhost:7069/api/Dealer/Update - - - 204 - - 0.3558ms
2023-10-07 19:07:49.615 +05:30  INF  Request starting HTTP/2 POST https://localhost:7069/api/Dealer/Update application/json 1257
2023-10-07 19:07:49.615 +05:30  INF  CORS policy execution successful.
2023-10-07 19:07:49.618 +05:30  INF  Executed DbCommand (1ms) [Parameters=[@__id_0='?' (DbType = Int32)], CommandType='"Text"', CommandTimeout='30']
SELECT `u`.`Id`, `u`.`About_Me`, `u`.`Account_Type`, `u`.`Address`, `u`.`Available_Days`, `u`.`Bn_Name`, `u`.`City`, `u`.`Country`, `u`.`Created_At`, `u`.`Currency`, `u`.`Degree`, `u`.`Email`, `u`.`Email_Verified`, `u`.`Enable_Appointment`, `u`.`Enable_Rating`, `u`.`Exp_Years`, `u`.`Facebook`, `u`.`Google_Analytics`, `u`.`Image`, `u`.`Instagram`, `u`.`Linkedin`, `u`.`Name`, `u`.`Parent_Id`, `u`.`Password`, `u`.`Paypal_Email`, `u`.`Paypal_Mode`, `u`.`Paypal_Payment`, `u`.`Paystack_Payment`, `u`.`Paystack_Public_Key`, `u`.`Paystack_Secret_Key`, `u`.`Phone`, `u`.`Publish_Key`, `u`.`Qr_Code`, `u`.`Razorpay_Key_Id`, `u`.`Razorpay_Key_Secret`, `u`.`Razorpay_Payment`, `u`.`Role`, `u`.`Secret_Key`, `u`.`Skype`, `u`.`Slug`, `u`.`Specialist`, `u`.`Status`, `u`.`Stripe_Payment`, `u`.`Thumb`, `u`.`Trial_Expire`, `u`.`Twitter`, `u`.`User_Name`, `u`.`User_Type`, `u`.`Verify_Code`, `u`.`Whatsapp`
FROM `Users` AS `u`
WHERE `u`.`Id` = @__id_0
LIMIT 1
2023-10-07 19:07:49.618 +05:30  INF  Executing endpoint 'DCRM.Api.Controllers.DealerController.Update (DCRM.Api)'
2023-10-07 19:07:49.618 +05:30  INF  Route matched with {action = "Update", controller = "Dealer"}. Executing controller action with signature System.Threading.Tasks.Task`1[Microsoft.AspNetCore.Mvc.IActionResult] Update(DCRM.Common.Entity.DealerRequest) on controller DCRM.Api.Controllers.DealerController (DCRM.Api).
2023-10-07 19:07:49.620 +05:30  INF  Executed DbCommand (1ms) [Parameters=[@__request_Id_0='?' (DbType = Int32)], CommandType='"Text"', CommandTimeout='30']
SELECT `d`.`Id`, `d`.`Address_O`, `d`.`Address_R`, `d`.`City_O`, `d`.`City_R`, `d`.`Company_Name`, `d`.`Country_O`, `d`.`Country_R`, `d`.`Created_At`, `d`.`Email1`, `d`.`Email2`, `d`.`Gst_Number`, `d`.`Image`, `d`.`Is_Deleted`, `d`.`Own_Name_1`, `d`.`Own_Name_2`, `d`.`Pan_Number`, `d`.`Phone1`, `d`.`Phone2`, `d`.`Staff_Email1`, `d`.`Staff_Email2`, `d`.`Staff_Email3`, `d`.`Staff_Email4`, `d`.`Staff_Name1`, `d`.`Staff_Name2`, `d`.`Staff_Name3`, `d`.`Staff_Name4`, `d`.`Staff_Phone1`, `d`.`Staff_Phone2`, `d`.`Staff_Phone3`, `d`.`Staff_Phone4`, `d`.`Updated_At`, `d`.`User_Id`, `d`.`Zip_O`, `d`.`Zip_R`
FROM `Dealers` AS `d`
WHERE `d`.`Id` = @__request_Id_0
LIMIT 1
2023-10-07 19:07:49.629 +05:30  INF  Executed DbCommand (8ms) [Parameters=[@p34='?' (DbType = Int32), @p0='?' (Size = 4000), @p1='?' (Size = 4000), @p2='?' (Size = 4000), @p3='?' (Size = 4000), @p4='?' (Size = 4000), @p5='?' (Size = 4000), @p6='?' (Size = 4000), @p7='?' (DbType = DateTime), @p8='?' (Size = 4000), @p9='?' (Size = 4000), @p10='?' (Size = 4000), @p11='?' (Size = 4000), @p12='?' (DbType = SByte), @p13='?' (Size = 4000), @p14='?' (Size = 4000), @p15='?' (Size = 4000), @p16='?' (Size = 4000), @p17='?' (Size = 4000), @p18='?' (Size = 4000), @p19='?' (Size = 4000), @p20='?' (Size = 4000), @p21='?' (Size = 4000), @p22='?' (Size = 4000), @p23='?' (Size = 4000), @p24='?' (Size = 4000), @p25='?' (Size = 4000), @p26='?' (DbType = Int64), @p27='?' (DbType = Int64), @p28='?' (DbType = Int64), @p29='?' (DbType = Int64), @p30='?' (DbType = DateTime), @p31='?' (DbType = Int64), @p32='?' (Size = 4000), @p33='?' (Size = 4000)], CommandType='"Text"', CommandTimeout='30']
UPDATE `Dealers` SET `Address_O` = @p0, `Address_R` = @p1, `City_O` = @p2, `City_R` = @p3, `Company_Name` = @p4, `Country_O` = @p5, `Country_R` = @p6, `Created_At` = @p7, `Email1` = @p8, `Email2` = @p9, `Gst_Number` = @p10, `Image` = @p11, `Is_Deleted` = @p12, `Own_Name_1` = @p13, `Own_Name_2` = @p14, `Pan_Number` = @p15, `Phone1` = @p16, `Phone2` = @p17, `Staff_Email1` = @p18, `Staff_Email2` = @p19, `Staff_Email3` = @p20, `Staff_Email4` = @p21, `Staff_Name1` = @p22, `Staff_Name2` = @p23, `Staff_Name3` = @p24, `Staff_Name4` = @p25, `Staff_Phone1` = @p26, `Staff_Phone2` = @p27, `Staff_Phone3` = @p28, `Staff_Phone4` = @p29, `Updated_At` = @p30, `User_Id` = @p31, `Zip_O` = @p32, `Zip_R` = @p33
WHERE `Id` = @p34;
2023-10-07 19:07:49.630 +05:30  INF  Executed DbCommand (1ms) [Parameters=[@__item_Id_0='?' (DbType = Int64)], CommandType='"Text"', CommandTimeout='30']
SELECT `d`.`Id`, `d`.`Bank_Account_Number`, `d`.`Bank_Name`, `d`.`Dealer_Id`, `d`.`Ifsc_Code`, `d`.`Remarks`, `d`.`Updated_At`
FROM `Dealer_Bank_Details` AS `d`
WHERE `d`.`Id` = @__item_Id_0
LIMIT 1
2023-10-07 19:07:49.633 +05:30  INF  Executed DbCommand (2ms) [Parameters=[@p6='?' (DbType = Int64), @p0='?' (DbType = Int64), @p1='?' (Size = 4000), @p2='?' (DbType = Int64), @p3='?' (Size = 4000), @p4='?' (Size = 4000), @p5='?' (DbType = DateTime)], CommandType='"Text"', CommandTimeout='30']
UPDATE `Dealer_Bank_Details` SET `Bank_Account_Number` = @p0, `Bank_Name` = @p1, `Dealer_Id` = @p2, `Ifsc_Code` = @p3, `Remarks` = @p4, `Updated_At` = @p5
WHERE `Id` = @p6;
2023-10-07 19:07:49.634 +05:30  INF  Executed DbCommand (0ms) [Parameters=[@__item_Id_0='?' (DbType = Int64)], CommandType='"Text"', CommandTimeout='30']
SELECT `d`.`Id`, `d`.`Bank_Account_Number`, `d`.`Bank_Name`, `d`.`Dealer_Id`, `d`.`Ifsc_Code`, `d`.`Remarks`, `d`.`Updated_At`
FROM `Dealer_Bank_Details` AS `d`
WHERE `d`.`Id` = @__item_Id_0
LIMIT 1
2023-10-07 19:07:49.635 +05:30  INF  Executed DbCommand (1ms) [Parameters=[@p6='?' (DbType = Int64), @p0='?' (DbType = Int64), @p1='?' (Size = 4000), @p2='?' (DbType = Int64), @p3='?' (Size = 4000), @p4='?' (Size = 4000), @p5='?' (DbType = DateTime)], CommandType='"Text"', CommandTimeout='30']
UPDATE `Dealer_Bank_Details` SET `Bank_Account_Number` = @p0, `Bank_Name` = @p1, `Dealer_Id` = @p2, `Ifsc_Code` = @p3, `Remarks` = @p4, `Updated_At` = @p5
WHERE `Id` = @p6;
2023-10-07 19:07:49.636 +05:30  INF  Executed DbCommand (0ms) [Parameters=[@__item_Id_0='?' (DbType = Int32)], CommandType='"Text"', CommandTimeout='30']
SELECT `d`.`Id`, `d`.`Dealer_Id`, `d`.`Material_Cost`, `d`.`Material_Date`, `d`.`Material_Name`
FROM `Dealer_Material` AS `d`
WHERE `d`.`Id` = @__item_Id_0
LIMIT 1
2023-10-07 19:07:49.638 +05:30  INF  Executed DbCommand (1ms) [Parameters=[@p4='?' (DbType = Int32), @p0='?' (DbType = Int64), @p1='?' (DbType = Single), @p2='?' (DbType = DateTime), @p3='?' (Size = 4000)], CommandType='"Text"', CommandTimeout='30']
UPDATE `Dealer_Material` SET `Dealer_Id` = @p0, `Material_Cost` = @p1, `Material_Date` = @p2, `Material_Name` = @p3
WHERE `Id` = @p4;
2023-10-07 19:07:49.639 +05:30  INF  Executed DbCommand (0ms) [Parameters=[@__item_Id_0='?' (DbType = Int32)], CommandType='"Text"', CommandTimeout='30']
SELECT `d`.`Id`, `d`.`Dealer_Id`, `d`.`Material_Cost`, `d`.`Material_Date`, `d`.`Material_Name`
FROM `Dealer_Material` AS `d`
WHERE `d`.`Id` = @__item_Id_0
LIMIT 1
2023-10-07 19:07:49.642 +05:30  INF  Executed DbCommand (2ms) [Parameters=[@p4='?' (DbType = Int32), @p0='?' (DbType = Int64), @p1='?' (DbType = Single), @p2='?' (DbType = DateTime), @p3='?' (Size = 4000)], CommandType='"Text"', CommandTimeout='30']
UPDATE `Dealer_Material` SET `Dealer_Id` = @p0, `Material_Cost` = @p1, `Material_Date` = @p2, `Material_Name` = @p3
WHERE `Id` = @p4;
2023-10-07 19:07:49.642 +05:30  INF  Executing OkObjectResult, writing value of type 'System.String'.
2023-10-07 19:07:49.642 +05:30  INF  Executed action DCRM.Api.Controllers.DealerController.Update (DCRM.Api) in 23.6821ms
2023-10-07 19:07:49.642 +05:30  INF  Executed endpoint 'DCRM.Api.Controllers.DealerController.Update (DCRM.Api)'
2023-10-07 19:07:49.642 +05:30  INF  Request finished HTTP/2 POST https://localhost:7069/api/Dealer/Update application/json 1257 - 200 - text/plain;+charset=utf-8 27.2813ms
2023-10-07 19:07:49.652 +05:30  INF  Request starting HTTP/2 OPTIONS https://localhost:7069/api/Dealer/GetAll - -
2023-10-07 19:07:49.652 +05:30  INF  CORS policy execution successful.
2023-10-07 19:07:49.652 +05:30  INF  Request finished HTTP/2 OPTIONS https://localhost:7069/api/Dealer/GetAll - - - 204 - - 0.2322ms
2023-10-07 19:07:49.653 +05:30  INF  Request starting HTTP/2 GET https://localhost:7069/api/Dealer/GetAll application/json -
2023-10-07 19:07:49.653 +05:30  INF  CORS policy execution successful.
2023-10-07 19:07:49.656 +05:30  INF  Executed DbCommand (1ms) [Parameters=[@__id_0='?' (DbType = Int32)], CommandType='"Text"', CommandTimeout='30']
SELECT `u`.`Id`, `u`.`About_Me`, `u`.`Account_Type`, `u`.`Address`, `u`.`Available_Days`, `u`.`Bn_Name`, `u`.`City`, `u`.`Country`, `u`.`Created_At`, `u`.`Currency`, `u`.`Degree`, `u`.`Email`, `u`.`Email_Verified`, `u`.`Enable_Appointment`, `u`.`Enable_Rating`, `u`.`Exp_Years`, `u`.`Facebook`, `u`.`Google_Analytics`, `u`.`Image`, `u`.`Instagram`, `u`.`Linkedin`, `u`.`Name`, `u`.`Parent_Id`, `u`.`Password`, `u`.`Paypal_Email`, `u`.`Paypal_Mode`, `u`.`Paypal_Payment`, `u`.`Paystack_Payment`, `u`.`Paystack_Public_Key`, `u`.`Paystack_Secret_Key`, `u`.`Phone`, `u`.`Publish_Key`, `u`.`Qr_Code`, `u`.`Razorpay_Key_Id`, `u`.`Razorpay_Key_Secret`, `u`.`Razorpay_Payment`, `u`.`Role`, `u`.`Secret_Key`, `u`.`Skype`, `u`.`Slug`, `u`.`Specialist`, `u`.`Status`, `u`.`Stripe_Payment`, `u`.`Thumb`, `u`.`Trial_Expire`, `u`.`Twitter`, `u`.`User_Name`, `u`.`User_Type`, `u`.`Verify_Code`, `u`.`Whatsapp`
FROM `Users` AS `u`
WHERE `u`.`Id` = @__id_0
LIMIT 1
2023-10-07 19:07:49.656 +05:30  INF  Executing endpoint 'DCRM.Api.Controllers.DealerController.GetAllAsync (DCRM.Api)'
2023-10-07 19:07:49.656 +05:30  INF  Route matched with {action = "GetAll", controller = "Dealer"}. Executing controller action with signature System.Threading.Tasks.Task`1[System.Collections.Generic.IEnumerable`1[DCRM.Common.Dto.DealerDto]] GetAllAsync() on controller DCRM.Api.Controllers.DealerController (DCRM.Api).
2023-10-07 19:07:49.658 +05:30  INF  Executed DbCommand (1ms) [Parameters=[@__userId_0='?' (DbType = Int64)], CommandType='"Text"', CommandTimeout='30']
SELECT `d`.`Id`, `d`.`Address_O`, `d`.`Address_R`, `d`.`City_O`, `d`.`City_R`, `d`.`Company_Name`, `d`.`Country_O`, `d`.`Country_R`, `d`.`Created_At`, `d`.`Email1`, `d`.`Email2`, `d`.`Gst_Number`, `d`.`Image`, `d`.`Is_Deleted`, `d`.`Own_Name_1`, `d`.`Own_Name_2`, `d`.`Pan_Number`, `d`.`Phone1`, `d`.`Phone2`, `d`.`Staff_Email1`, `d`.`Staff_Email2`, `d`.`Staff_Email3`, `d`.`Staff_Email4`, `d`.`Staff_Name1`, `d`.`Staff_Name2`, `d`.`Staff_Name3`, `d`.`Staff_Name4`, `d`.`Staff_Phone1`, `d`.`Staff_Phone2`, `d`.`Staff_Phone3`, `d`.`Staff_Phone4`, `d`.`Updated_At`, `d`.`User_Id`, `d`.`Zip_O`, `d`.`Zip_R`
FROM `Dealers` AS `d`
WHERE (`d`.`Is_Deleted` = 0) AND (`d`.`User_Id` = @__userId_0)
2023-10-07 19:07:49.660 +05:30  INF  Executed DbCommand (0ms) [Parameters=[@__p_0='?' (DbType = Int64)], CommandType='"Text"', CommandTimeout='30']
SELECT `d`.`Id`, `d`.`Bank_Account_Number`, `d`.`Bank_Name`, `d`.`Dealer_Id`, `d`.`Ifsc_Code`, `d`.`Remarks`, `d`.`Updated_At`
FROM `Dealer_Bank_Details` AS `d`
WHERE `d`.`Dealer_Id` = @__p_0
2023-10-07 19:07:49.661 +05:30  INF  Executed DbCommand (0ms) [Parameters=[@__p_0='?' (DbType = Int64)], CommandType='"Text"', CommandTimeout='30']
SELECT `d`.`Id`, `d`.`Dealer_Id`, `d`.`Material_Cost`, `d`.`Material_Date`, `d`.`Material_Name`
FROM `Dealer_Material` AS `d`
WHERE `d`.`Dealer_Id` = @__p_0
2023-10-07 19:07:49.662 +05:30  INF  Executed DbCommand (0ms) [Parameters=[@__p_0='?' (DbType = Int64)], CommandType='"Text"', CommandTimeout='30']
SELECT `d`.`Id`, `d`.`Bank_Account_Number`, `d`.`Bank_Name`, `d`.`Dealer_Id`, `d`.`Ifsc_Code`, `d`.`Remarks`, `d`.`Updated_At`
FROM `Dealer_Bank_Details` AS `d`
WHERE `d`.`Dealer_Id` = @__p_0
2023-10-07 19:07:49.663 +05:30  INF  Executed DbCommand (0ms) [Parameters=[@__p_0='?' (DbType = Int64)], CommandType='"Text"', CommandTimeout='30']
SELECT `d`.`Id`, `d`.`Dealer_Id`, `d`.`Material_Cost`, `d`.`Material_Date`, `d`.`Material_Name`
FROM `Dealer_Material` AS `d`
WHERE `d`.`Dealer_Id` = @__p_0
2023-10-07 19:07:49.664 +05:30  INF  Executed DbCommand (0ms) [Parameters=[@__p_0='?' (DbType = Int64)], CommandType='"Text"', CommandTimeout='30']
SELECT `d`.`Id`, `d`.`Bank_Account_Number`, `d`.`Bank_Name`, `d`.`Dealer_Id`, `d`.`Ifsc_Code`, `d`.`Remarks`, `d`.`Updated_At`
FROM `Dealer_Bank_Details` AS `d`
WHERE `d`.`Dealer_Id` = @__p_0
2023-10-07 19:07:49.666 +05:30  INF  Executed DbCommand (0ms) [Parameters=[@__p_0='?' (DbType = Int64)], CommandType='"Text"', CommandTimeout='30']
SELECT `d`.`Id`, `d`.`Dealer_Id`, `d`.`Material_Cost`, `d`.`Material_Date`, `d`.`Material_Name`
FROM `Dealer_Material` AS `d`
WHERE `d`.`Dealer_Id` = @__p_0
2023-10-07 19:07:49.667 +05:30  INF  Executed DbCommand (0ms) [Parameters=[@__p_0='?' (DbType = Int64)], CommandType='"Text"', CommandTimeout='30']
SELECT `d`.`Id`, `d`.`Bank_Account_Number`, `d`.`Bank_Name`, `d`.`Dealer_Id`, `d`.`Ifsc_Code`, `d`.`Remarks`, `d`.`Updated_At`
FROM `Dealer_Bank_Details` AS `d`
WHERE `d`.`Dealer_Id` = @__p_0
2023-10-07 19:07:49.668 +05:30  INF  Executed DbCommand (1ms) [Parameters=[@__p_0='?' (DbType = Int64)], CommandType='"Text"', CommandTimeout='30']
SELECT `d`.`Id`, `d`.`Dealer_Id`, `d`.`Material_Cost`, `d`.`Material_Date`, `d`.`Material_Name`
FROM `Dealer_Material` AS `d`
WHERE `d`.`Dealer_Id` = @__p_0
2023-10-07 19:07:49.670 +05:30  INF  Executed DbCommand (0ms) [Parameters=[@__p_0='?' (DbType = Int64)], CommandType='"Text"', CommandTimeout='30']
SELECT `d`.`Id`, `d`.`Bank_Account_Number`, `d`.`Bank_Name`, `d`.`Dealer_Id`, `d`.`Ifsc_Code`, `d`.`Remarks`, `d`.`Updated_At`
FROM `Dealer_Bank_Details` AS `d`
WHERE `d`.`Dealer_Id` = @__p_0
2023-10-07 19:07:49.671 +05:30  INF  Executed DbCommand (0ms) [Parameters=[@__p_0='?' (DbType = Int64)], CommandType='"Text"', CommandTimeout='30']
SELECT `d`.`Id`, `d`.`Dealer_Id`, `d`.`Material_Cost`, `d`.`Material_Date`, `d`.`Material_Name`
FROM `Dealer_Material` AS `d`
WHERE `d`.`Dealer_Id` = @__p_0
2023-10-07 19:07:49.672 +05:30  INF  Executed DbCommand (0ms) [Parameters=[@__p_0='?' (DbType = Int64)], CommandType='"Text"', CommandTimeout='30']
SELECT `d`.`Id`, `d`.`Bank_Account_Number`, `d`.`Bank_Name`, `d`.`Dealer_Id`, `d`.`Ifsc_Code`, `d`.`Remarks`, `d`.`Updated_At`
FROM `Dealer_Bank_Details` AS `d`
WHERE `d`.`Dealer_Id` = @__p_0
2023-10-07 19:07:49.674 +05:30  INF  Executed DbCommand (1ms) [Parameters=[@__p_0='?' (DbType = Int64)], CommandType='"Text"', CommandTimeout='30']
SELECT `d`.`Id`, `d`.`Dealer_Id`, `d`.`Material_Cost`, `d`.`Material_Date`, `d`.`Material_Name`
FROM `Dealer_Material` AS `d`
WHERE `d`.`Dealer_Id` = @__p_0
2023-10-07 19:07:49.675 +05:30  INF  Executed DbCommand (1ms) [Parameters=[@__p_0='?' (DbType = Int64)], CommandType='"Text"', CommandTimeout='30']
SELECT `d`.`Id`, `d`.`Bank_Account_Number`, `d`.`Bank_Name`, `d`.`Dealer_Id`, `d`.`Ifsc_Code`, `d`.`Remarks`, `d`.`Updated_At`
FROM `Dealer_Bank_Details` AS `d`
WHERE `d`.`Dealer_Id` = @__p_0
2023-10-07 19:07:49.677 +05:30  INF  Executed DbCommand (1ms) [Parameters=[@__p_0='?' (DbType = Int64)], CommandType='"Text"', CommandTimeout='30']
SELECT `d`.`Id`, `d`.`Dealer_Id`, `d`.`Material_Cost`, `d`.`Material_Date`, `d`.`Material_Name`
FROM `Dealer_Material` AS `d`
WHERE `d`.`Dealer_Id` = @__p_0
2023-10-07 19:07:49.679 +05:30  INF  Executed DbCommand (1ms) [Parameters=[@__p_0='?' (DbType = Int64)], CommandType='"Text"', CommandTimeout='30']
SELECT `d`.`Id`, `d`.`Bank_Account_Number`, `d`.`Bank_Name`, `d`.`Dealer_Id`, `d`.`Ifsc_Code`, `d`.`Remarks`, `d`.`Updated_At`
FROM `Dealer_Bank_Details` AS `d`
WHERE `d`.`Dealer_Id` = @__p_0
2023-10-07 19:07:49.681 +05:30  INF  Executed DbCommand (1ms) [Parameters=[@__p_0='?' (DbType = Int64)], CommandType='"Text"', CommandTimeout='30']
SELECT `d`.`Id`, `d`.`Dealer_Id`, `d`.`Material_Cost`, `d`.`Material_Date`, `d`.`Material_Name`
FROM `Dealer_Material` AS `d`
WHERE `d`.`Dealer_Id` = @__p_0
2023-10-07 19:07:49.681 +05:30  INF  Executing ObjectResult, writing value of type 'System.Collections.Generic.List`1[[DCRM.Common.Dto.DealerDto, DCRM.Common, Version=1.0.0.0, Culture=neutral, PublicKeyToken=null]]'.
2023-10-07 19:07:49.682 +05:30  INF  Executed action DCRM.Api.Controllers.DealerController.GetAllAsync (DCRM.Api) in 25.4977ms
2023-10-07 19:07:49.682 +05:30  INF  Executed endpoint 'DCRM.Api.Controllers.DealerController.GetAllAsync (DCRM.Api)'
2023-10-07 19:07:49.682 +05:30  INF  Request finished HTTP/2 GET https://localhost:7069/api/Dealer/GetAll application/json - - 200 - application/json;+charset=utf-8 28.9694ms
2023-10-07 19:07:58.496 +05:30  INF  Request starting HTTP/2 OPTIONS https://localhost:7069/api/Dealer/Delete/24 - -
2023-10-07 19:07:58.497 +05:30  INF  CORS policy execution successful.
2023-10-07 19:07:58.497 +05:30  INF  Request finished HTTP/2 OPTIONS https://localhost:7069/api/Dealer/Delete/24 - - - 204 - - 0.2891ms
2023-10-07 19:07:58.498 +05:30  INF  Request starting HTTP/2 DELETE https://localhost:7069/api/Dealer/Delete/24 application/json -
2023-10-07 19:07:58.498 +05:30  INF  CORS policy execution successful.
2023-10-07 19:07:58.501 +05:30  INF  Executed DbCommand (1ms) [Parameters=[@__id_0='?' (DbType = Int32)], CommandType='"Text"', CommandTimeout='30']
SELECT `u`.`Id`, `u`.`About_Me`, `u`.`Account_Type`, `u`.`Address`, `u`.`Available_Days`, `u`.`Bn_Name`, `u`.`City`, `u`.`Country`, `u`.`Created_At`, `u`.`Currency`, `u`.`Degree`, `u`.`Email`, `u`.`Email_Verified`, `u`.`Enable_Appointment`, `u`.`Enable_Rating`, `u`.`Exp_Years`, `u`.`Facebook`, `u`.`Google_Analytics`, `u`.`Image`, `u`.`Instagram`, `u`.`Linkedin`, `u`.`Name`, `u`.`Parent_Id`, `u`.`Password`, `u`.`Paypal_Email`, `u`.`Paypal_Mode`, `u`.`Paypal_Payment`, `u`.`Paystack_Payment`, `u`.`Paystack_Public_Key`, `u`.`Paystack_Secret_Key`, `u`.`Phone`, `u`.`Publish_Key`, `u`.`Qr_Code`, `u`.`Razorpay_Key_Id`, `u`.`Razorpay_Key_Secret`, `u`.`Razorpay_Payment`, `u`.`Role`, `u`.`Secret_Key`, `u`.`Skype`, `u`.`Slug`, `u`.`Specialist`, `u`.`Status`, `u`.`Stripe_Payment`, `u`.`Thumb`, `u`.`Trial_Expire`, `u`.`Twitter`, `u`.`User_Name`, `u`.`User_Type`, `u`.`Verify_Code`, `u`.`Whatsapp`
FROM `Users` AS `u`
WHERE `u`.`Id` = @__id_0
LIMIT 1
2023-10-07 19:07:58.501 +05:30  INF  Executing endpoint 'DCRM.Api.Controllers.DealerController.Delete (DCRM.Api)'
2023-10-07 19:07:58.504 +05:30  INF  Route matched with {action = "Delete", controller = "Dealer"}. Executing controller action with signature System.Threading.Tasks.Task`1[Microsoft.AspNetCore.Mvc.IActionResult] Delete(Int64, Int32) on controller DCRM.Api.Controllers.DealerController (DCRM.Api).
2023-10-07 19:07:58.512 +05:30  INF  Executed DbCommand (1ms) [Parameters=[@__id_0='?' (DbType = Int32), @__userId_1='?' (DbType = Int64)], CommandType='"Text"', CommandTimeout='30']
SELECT `d`.`Id`, `d`.`Address_O`, `d`.`Address_R`, `d`.`City_O`, `d`.`City_R`, `d`.`Company_Name`, `d`.`Country_O`, `d`.`Country_R`, `d`.`Created_At`, `d`.`Email1`, `d`.`Email2`, `d`.`Gst_Number`, `d`.`Image`, `d`.`Is_Deleted`, `d`.`Own_Name_1`, `d`.`Own_Name_2`, `d`.`Pan_Number`, `d`.`Phone1`, `d`.`Phone2`, `d`.`Staff_Email1`, `d`.`Staff_Email2`, `d`.`Staff_Email3`, `d`.`Staff_Email4`, `d`.`Staff_Name1`, `d`.`Staff_Name2`, `d`.`Staff_Name3`, `d`.`Staff_Name4`, `d`.`Staff_Phone1`, `d`.`Staff_Phone2`, `d`.`Staff_Phone3`, `d`.`Staff_Phone4`, `d`.`Updated_At`, `d`.`User_Id`, `d`.`Zip_O`, `d`.`Zip_R`
FROM `Dealers` AS `d`
WHERE (`d`.`Id` = @__id_0) AND (`d`.`User_Id` = @__userId_1)
LIMIT 1
2023-10-07 19:07:58.513 +05:30  INF  Executing OkObjectResult, writing value of type 'System.Int32'.
2023-10-07 19:07:58.513 +05:30  INF  Executed action DCRM.Api.Controllers.DealerController.Delete (DCRM.Api) in 9.6386ms
2023-10-07 19:07:58.513 +05:30  INF  Executed endpoint 'DCRM.Api.Controllers.DealerController.Delete (DCRM.Api)'
2023-10-07 19:07:58.513 +05:30  INF  Request finished HTTP/2 DELETE https://localhost:7069/api/Dealer/Delete/24 application/json - - 200 - application/json;+charset=utf-8 15.5875ms
2023-10-07 19:08:05.820 +05:30  INF  Request starting HTTP/2 OPTIONS https://localhost:7069/api/Dealer/Delete/25 - -
2023-10-07 19:08:05.821 +05:30  INF  CORS policy execution successful.
2023-10-07 19:08:05.821 +05:30  INF  Request finished HTTP/2 OPTIONS https://localhost:7069/api/Dealer/Delete/25 - - - 204 - - 0.2854ms
2023-10-07 19:08:05.821 +05:30  INF  Request starting HTTP/2 DELETE https://localhost:7069/api/Dealer/Delete/25 application/json -
2023-10-07 19:08:05.821 +05:30  INF  CORS policy execution successful.
2023-10-07 19:08:05.824 +05:30  INF  Executed DbCommand (1ms) [Parameters=[@__id_0='?' (DbType = Int32)], CommandType='"Text"', CommandTimeout='30']
SELECT `u`.`Id`, `u`.`About_Me`, `u`.`Account_Type`, `u`.`Address`, `u`.`Available_Days`, `u`.`Bn_Name`, `u`.`City`, `u`.`Country`, `u`.`Created_At`, `u`.`Currency`, `u`.`Degree`, `u`.`Email`, `u`.`Email_Verified`, `u`.`Enable_Appointment`, `u`.`Enable_Rating`, `u`.`Exp_Years`, `u`.`Facebook`, `u`.`Google_Analytics`, `u`.`Image`, `u`.`Instagram`, `u`.`Linkedin`, `u`.`Name`, `u`.`Parent_Id`, `u`.`Password`, `u`.`Paypal_Email`, `u`.`Paypal_Mode`, `u`.`Paypal_Payment`, `u`.`Paystack_Payment`, `u`.`Paystack_Public_Key`, `u`.`Paystack_Secret_Key`, `u`.`Phone`, `u`.`Publish_Key`, `u`.`Qr_Code`, `u`.`Razorpay_Key_Id`, `u`.`Razorpay_Key_Secret`, `u`.`Razorpay_Payment`, `u`.`Role`, `u`.`Secret_Key`, `u`.`Skype`, `u`.`Slug`, `u`.`Specialist`, `u`.`Status`, `u`.`Stripe_Payment`, `u`.`Thumb`, `u`.`Trial_Expire`, `u`.`Twitter`, `u`.`User_Name`, `u`.`User_Type`, `u`.`Verify_Code`, `u`.`Whatsapp`
FROM `Users` AS `u`
WHERE `u`.`Id` = @__id_0
LIMIT 1
2023-10-07 19:08:05.824 +05:30  INF  Executing endpoint 'DCRM.Api.Controllers.DealerController.Delete (DCRM.Api)'
2023-10-07 19:08:05.824 +05:30  INF  Route matched with {action = "Delete", controller = "Dealer"}. Executing controller action with signature System.Threading.Tasks.Task`1[Microsoft.AspNetCore.Mvc.IActionResult] Delete(Int64, Int32) on controller DCRM.Api.Controllers.DealerController (DCRM.Api).
2023-10-07 19:08:05.826 +05:30  INF  Executed DbCommand (1ms) [Parameters=[@__id_0='?' (DbType = Int32), @__userId_1='?' (DbType = Int64)], CommandType='"Text"', CommandTimeout='30']
SELECT `d`.`Id`, `d`.`Address_O`, `d`.`Address_R`, `d`.`City_O`, `d`.`City_R`, `d`.`Company_Name`, `d`.`Country_O`, `d`.`Country_R`, `d`.`Created_At`, `d`.`Email1`, `d`.`Email2`, `d`.`Gst_Number`, `d`.`Image`, `d`.`Is_Deleted`, `d`.`Own_Name_1`, `d`.`Own_Name_2`, `d`.`Pan_Number`, `d`.`Phone1`, `d`.`Phone2`, `d`.`Staff_Email1`, `d`.`Staff_Email2`, `d`.`Staff_Email3`, `d`.`Staff_Email4`, `d`.`Staff_Name1`, `d`.`Staff_Name2`, `d`.`Staff_Name3`, `d`.`Staff_Name4`, `d`.`Staff_Phone1`, `d`.`Staff_Phone2`, `d`.`Staff_Phone3`, `d`.`Staff_Phone4`, `d`.`Updated_At`, `d`.`User_Id`, `d`.`Zip_O`, `d`.`Zip_R`
FROM `Dealers` AS `d`
WHERE (`d`.`Id` = @__id_0) AND (`d`.`User_Id` = @__userId_1)
LIMIT 1
2023-10-07 19:08:05.826 +05:30  INF  Executing OkObjectResult, writing value of type 'System.Int32'.
2023-10-07 19:08:05.826 +05:30  INF  Executed action DCRM.Api.Controllers.DealerController.Delete (DCRM.Api) in 1.6943ms
2023-10-07 19:08:05.826 +05:30  INF  Executed endpoint 'DCRM.Api.Controllers.DealerController.Delete (DCRM.Api)'
2023-10-07 19:08:05.826 +05:30  INF  Request finished HTTP/2 DELETE https://localhost:7069/api/Dealer/Delete/25 application/json - - 200 - application/json;+charset=utf-8 4.8530ms
2023-10-07 19:08:11.238 +05:30  INF  Request starting HTTP/2 OPTIONS https://localhost:7069/api/Dealer/Delete/27 - -
2023-10-07 19:08:11.238 +05:30  INF  CORS policy execution successful.
2023-10-07 19:08:11.238 +05:30  INF  Request finished HTTP/2 OPTIONS https://localhost:7069/api/Dealer/Delete/27 - - - 204 - - 0.3593ms
2023-10-07 19:08:11.239 +05:30  INF  Request starting HTTP/2 DELETE https://localhost:7069/api/Dealer/Delete/27 application/json -
2023-10-07 19:08:11.239 +05:30  INF  CORS policy execution successful.
2023-10-07 19:08:11.242 +05:30  INF  Executed DbCommand (1ms) [Parameters=[@__id_0='?' (DbType = Int32)], CommandType='"Text"', CommandTimeout='30']
SELECT `u`.`Id`, `u`.`About_Me`, `u`.`Account_Type`, `u`.`Address`, `u`.`Available_Days`, `u`.`Bn_Name`, `u`.`City`, `u`.`Country`, `u`.`Created_At`, `u`.`Currency`, `u`.`Degree`, `u`.`Email`, `u`.`Email_Verified`, `u`.`Enable_Appointment`, `u`.`Enable_Rating`, `u`.`Exp_Years`, `u`.`Facebook`, `u`.`Google_Analytics`, `u`.`Image`, `u`.`Instagram`, `u`.`Linkedin`, `u`.`Name`, `u`.`Parent_Id`, `u`.`Password`, `u`.`Paypal_Email`, `u`.`Paypal_Mode`, `u`.`Paypal_Payment`, `u`.`Paystack_Payment`, `u`.`Paystack_Public_Key`, `u`.`Paystack_Secret_Key`, `u`.`Phone`, `u`.`Publish_Key`, `u`.`Qr_Code`, `u`.`Razorpay_Key_Id`, `u`.`Razorpay_Key_Secret`, `u`.`Razorpay_Payment`, `u`.`Role`, `u`.`Secret_Key`, `u`.`Skype`, `u`.`Slug`, `u`.`Specialist`, `u`.`Status`, `u`.`Stripe_Payment`, `u`.`Thumb`, `u`.`Trial_Expire`, `u`.`Twitter`, `u`.`User_Name`, `u`.`User_Type`, `u`.`Verify_Code`, `u`.`Whatsapp`
FROM `Users` AS `u`
WHERE `u`.`Id` = @__id_0
LIMIT 1
2023-10-07 19:08:11.242 +05:30  INF  Executing endpoint 'DCRM.Api.Controllers.DealerController.Delete (DCRM.Api)'
2023-10-07 19:08:11.242 +05:30  INF  Route matched with {action = "Delete", controller = "Dealer"}. Executing controller action with signature System.Threading.Tasks.Task`1[Microsoft.AspNetCore.Mvc.IActionResult] Delete(Int64, Int32) on controller DCRM.Api.Controllers.DealerController (DCRM.Api).
2023-10-07 19:08:11.243 +05:30  INF  Executed DbCommand (1ms) [Parameters=[@__id_0='?' (DbType = Int32), @__userId_1='?' (DbType = Int64)], CommandType='"Text"', CommandTimeout='30']
SELECT `d`.`Id`, `d`.`Address_O`, `d`.`Address_R`, `d`.`City_O`, `d`.`City_R`, `d`.`Company_Name`, `d`.`Country_O`, `d`.`Country_R`, `d`.`Created_At`, `d`.`Email1`, `d`.`Email2`, `d`.`Gst_Number`, `d`.`Image`, `d`.`Is_Deleted`, `d`.`Own_Name_1`, `d`.`Own_Name_2`, `d`.`Pan_Number`, `d`.`Phone1`, `d`.`Phone2`, `d`.`Staff_Email1`, `d`.`Staff_Email2`, `d`.`Staff_Email3`, `d`.`Staff_Email4`, `d`.`Staff_Name1`, `d`.`Staff_Name2`, `d`.`Staff_Name3`, `d`.`Staff_Name4`, `d`.`Staff_Phone1`, `d`.`Staff_Phone2`, `d`.`Staff_Phone3`, `d`.`Staff_Phone4`, `d`.`Updated_At`, `d`.`User_Id`, `d`.`Zip_O`, `d`.`Zip_R`
FROM `Dealers` AS `d`
WHERE (`d`.`Id` = @__id_0) AND (`d`.`User_Id` = @__userId_1)
LIMIT 1
2023-10-07 19:08:11.244 +05:30  INF  Executing OkObjectResult, writing value of type 'System.Int32'.
2023-10-07 19:08:11.244 +05:30  INF  Executed action DCRM.Api.Controllers.DealerController.Delete (DCRM.Api) in 1.7996ms
2023-10-07 19:08:11.244 +05:30  INF  Executed endpoint 'DCRM.Api.Controllers.DealerController.Delete (DCRM.Api)'
2023-10-07 19:08:11.244 +05:30  INF  Request finished HTTP/2 DELETE https://localhost:7069/api/Dealer/Delete/27 application/json - - 200 - application/json;+charset=utf-8 5.1925ms
2023-10-07 19:08:14.651 +05:30  INF  Request starting HTTP/2 OPTIONS https://localhost:7069/api/Dealer/Delete/28 - -
2023-10-07 19:08:14.651 +05:30  INF  CORS policy execution successful.
2023-10-07 19:08:14.651 +05:30  INF  Request finished HTTP/2 OPTIONS https://localhost:7069/api/Dealer/Delete/28 - - - 204 - - 0.3850ms
2023-10-07 19:08:14.652 +05:30  INF  Request starting HTTP/2 DELETE https://localhost:7069/api/Dealer/Delete/28 application/json -
2023-10-07 19:08:14.652 +05:30  INF  CORS policy execution successful.
2023-10-07 19:08:14.654 +05:30  INF  Executed DbCommand (1ms) [Parameters=[@__id_0='?' (DbType = Int32)], CommandType='"Text"', CommandTimeout='30']
SELECT `u`.`Id`, `u`.`About_Me`, `u`.`Account_Type`, `u`.`Address`, `u`.`Available_Days`, `u`.`Bn_Name`, `u`.`City`, `u`.`Country`, `u`.`Created_At`, `u`.`Currency`, `u`.`Degree`, `u`.`Email`, `u`.`Email_Verified`, `u`.`Enable_Appointment`, `u`.`Enable_Rating`, `u`.`Exp_Years`, `u`.`Facebook`, `u`.`Google_Analytics`, `u`.`Image`, `u`.`Instagram`, `u`.`Linkedin`, `u`.`Name`, `u`.`Parent_Id`, `u`.`Password`, `u`.`Paypal_Email`, `u`.`Paypal_Mode`, `u`.`Paypal_Payment`, `u`.`Paystack_Payment`, `u`.`Paystack_Public_Key`, `u`.`Paystack_Secret_Key`, `u`.`Phone`, `u`.`Publish_Key`, `u`.`Qr_Code`, `u`.`Razorpay_Key_Id`, `u`.`Razorpay_Key_Secret`, `u`.`Razorpay_Payment`, `u`.`Role`, `u`.`Secret_Key`, `u`.`Skype`, `u`.`Slug`, `u`.`Specialist`, `u`.`Status`, `u`.`Stripe_Payment`, `u`.`Thumb`, `u`.`Trial_Expire`, `u`.`Twitter`, `u`.`User_Name`, `u`.`User_Type`, `u`.`Verify_Code`, `u`.`Whatsapp`
FROM `Users` AS `u`
WHERE `u`.`Id` = @__id_0
LIMIT 1
2023-10-07 19:08:14.655 +05:30  INF  Executing endpoint 'DCRM.Api.Controllers.DealerController.Delete (DCRM.Api)'
2023-10-07 19:08:14.655 +05:30  INF  Route matched with {action = "Delete", controller = "Dealer"}. Executing controller action with signature System.Threading.Tasks.Task`1[Microsoft.AspNetCore.Mvc.IActionResult] Delete(Int64, Int32) on controller DCRM.Api.Controllers.DealerController (DCRM.Api).
2023-10-07 19:08:14.656 +05:30  INF  Executed DbCommand (1ms) [Parameters=[@__id_0='?' (DbType = Int32), @__userId_1='?' (DbType = Int64)], CommandType='"Text"', CommandTimeout='30']
SELECT `d`.`Id`, `d`.`Address_O`, `d`.`Address_R`, `d`.`City_O`, `d`.`City_R`, `d`.`Company_Name`, `d`.`Country_O`, `d`.`Country_R`, `d`.`Created_At`, `d`.`Email1`, `d`.`Email2`, `d`.`Gst_Number`, `d`.`Image`, `d`.`Is_Deleted`, `d`.`Own_Name_1`, `d`.`Own_Name_2`, `d`.`Pan_Number`, `d`.`Phone1`, `d`.`Phone2`, `d`.`Staff_Email1`, `d`.`Staff_Email2`, `d`.`Staff_Email3`, `d`.`Staff_Email4`, `d`.`Staff_Name1`, `d`.`Staff_Name2`, `d`.`Staff_Name3`, `d`.`Staff_Name4`, `d`.`Staff_Phone1`, `d`.`Staff_Phone2`, `d`.`Staff_Phone3`, `d`.`Staff_Phone4`, `d`.`Updated_At`, `d`.`User_Id`, `d`.`Zip_O`, `d`.`Zip_R`
FROM `Dealers` AS `d`
WHERE (`d`.`Id` = @__id_0) AND (`d`.`User_Id` = @__userId_1)
LIMIT 1
2023-10-07 19:08:14.656 +05:30  INF  Executing OkObjectResult, writing value of type 'System.Int32'.
2023-10-07 19:08:14.657 +05:30  INF  Executed action DCRM.Api.Controllers.DealerController.Delete (DCRM.Api) in 1.9193ms
2023-10-07 19:08:14.657 +05:30  INF  Executed endpoint 'DCRM.Api.Controllers.DealerController.Delete (DCRM.Api)'
2023-10-07 19:08:14.657 +05:30  INF  Request finished HTTP/2 DELETE https://localhost:7069/api/Dealer/Delete/28 application/json - - 200 - application/json;+charset=utf-8 5.0685ms
2023-10-07 19:08:17.457 +05:30  INF  Request starting HTTP/2 OPTIONS https://localhost:7069/api/Dealer/Delete/29 - -
2023-10-07 19:08:17.458 +05:30  INF  CORS policy execution successful.
2023-10-07 19:08:17.458 +05:30  INF  Request finished HTTP/2 OPTIONS https://localhost:7069/api/Dealer/Delete/29 - - - 204 - - 0.4834ms
2023-10-07 19:08:17.459 +05:30  INF  Request starting HTTP/2 DELETE https://localhost:7069/api/Dealer/Delete/29 application/json -
2023-10-07 19:08:17.459 +05:30  INF  CORS policy execution successful.
2023-10-07 19:08:17.461 +05:30  INF  Executed DbCommand (1ms) [Parameters=[@__id_0='?' (DbType = Int32)], CommandType='"Text"', CommandTimeout='30']
SELECT `u`.`Id`, `u`.`About_Me`, `u`.`Account_Type`, `u`.`Address`, `u`.`Available_Days`, `u`.`Bn_Name`, `u`.`City`, `u`.`Country`, `u`.`Created_At`, `u`.`Currency`, `u`.`Degree`, `u`.`Email`, `u`.`Email_Verified`, `u`.`Enable_Appointment`, `u`.`Enable_Rating`, `u`.`Exp_Years`, `u`.`Facebook`, `u`.`Google_Analytics`, `u`.`Image`, `u`.`Instagram`, `u`.`Linkedin`, `u`.`Name`, `u`.`Parent_Id`, `u`.`Password`, `u`.`Paypal_Email`, `u`.`Paypal_Mode`, `u`.`Paypal_Payment`, `u`.`Paystack_Payment`, `u`.`Paystack_Public_Key`, `u`.`Paystack_Secret_Key`, `u`.`Phone`, `u`.`Publish_Key`, `u`.`Qr_Code`, `u`.`Razorpay_Key_Id`, `u`.`Razorpay_Key_Secret`, `u`.`Razorpay_Payment`, `u`.`Role`, `u`.`Secret_Key`, `u`.`Skype`, `u`.`Slug`, `u`.`Specialist`, `u`.`Status`, `u`.`Stripe_Payment`, `u`.`Thumb`, `u`.`Trial_Expire`, `u`.`Twitter`, `u`.`User_Name`, `u`.`User_Type`, `u`.`Verify_Code`, `u`.`Whatsapp`
FROM `Users` AS `u`
WHERE `u`.`Id` = @__id_0
LIMIT 1
2023-10-07 19:08:17.462 +05:30  INF  Executing endpoint 'DCRM.Api.Controllers.DealerController.Delete (DCRM.Api)'
2023-10-07 19:08:17.462 +05:30  INF  Route matched with {action = "Delete", controller = "Dealer"}. Executing controller action with signature System.Threading.Tasks.Task`1[Microsoft.AspNetCore.Mvc.IActionResult] Delete(Int64, Int32) on controller DCRM.Api.Controllers.DealerController (DCRM.Api).
2023-10-07 19:08:17.463 +05:30  INF  Executed DbCommand (1ms) [Parameters=[@__id_0='?' (DbType = Int32), @__userId_1='?' (DbType = Int64)], CommandType='"Text"', CommandTimeout='30']
SELECT `d`.`Id`, `d`.`Address_O`, `d`.`Address_R`, `d`.`City_O`, `d`.`City_R`, `d`.`Company_Name`, `d`.`Country_O`, `d`.`Country_R`, `d`.`Created_At`, `d`.`Email1`, `d`.`Email2`, `d`.`Gst_Number`, `d`.`Image`, `d`.`Is_Deleted`, `d`.`Own_Name_1`, `d`.`Own_Name_2`, `d`.`Pan_Number`, `d`.`Phone1`, `d`.`Phone2`, `d`.`Staff_Email1`, `d`.`Staff_Email2`, `d`.`Staff_Email3`, `d`.`Staff_Email4`, `d`.`Staff_Name1`, `d`.`Staff_Name2`, `d`.`Staff_Name3`, `d`.`Staff_Name4`, `d`.`Staff_Phone1`, `d`.`Staff_Phone2`, `d`.`Staff_Phone3`, `d`.`Staff_Phone4`, `d`.`Updated_At`, `d`.`User_Id`, `d`.`Zip_O`, `d`.`Zip_R`
FROM `Dealers` AS `d`
WHERE (`d`.`Id` = @__id_0) AND (`d`.`User_Id` = @__userId_1)
LIMIT 1
2023-10-07 19:08:17.463 +05:30  INF  Executing OkObjectResult, writing value of type 'System.Int32'.
2023-10-07 19:08:17.463 +05:30  INF  Executed action DCRM.Api.Controllers.DealerController.Delete (DCRM.Api) in 1.6629ms
2023-10-07 19:08:17.463 +05:30  INF  Executed endpoint 'DCRM.Api.Controllers.DealerController.Delete (DCRM.Api)'
2023-10-07 19:08:17.464 +05:30  INF  Request finished HTTP/2 DELETE https://localhost:7069/api/Dealer/Delete/29 application/json - - 200 - application/json;+charset=utf-8 4.9360ms
2023-10-07 19:12:09.513 +05:30  INF  Request starting HTTP/2 OPTIONS https://localhost:7069/api/Dealer/Create - -
2023-10-07 19:12:09.513 +05:30  INF  CORS policy execution successful.
2023-10-07 19:12:09.513 +05:30  INF  Request finished HTTP/2 OPTIONS https://localhost:7069/api/Dealer/Create - - - 204 - - 0.2713ms
2023-10-07 19:12:09.514 +05:30  INF  Request starting HTTP/2 POST https://localhost:7069/api/Dealer/Create application/json 1069
2023-10-07 19:12:09.514 +05:30  INF  CORS policy execution successful.
2023-10-07 19:12:09.543 +05:30  INF  Executed DbCommand (1ms) [Parameters=[@__id_0='?' (DbType = Int32)], CommandType='"Text"', CommandTimeout='30']
SELECT `u`.`Id`, `u`.`About_Me`, `u`.`Account_Type`, `u`.`Address`, `u`.`Available_Days`, `u`.`Bn_Name`, `u`.`City`, `u`.`Country`, `u`.`Created_At`, `u`.`Currency`, `u`.`Degree`, `u`.`Email`, `u`.`Email_Verified`, `u`.`Enable_Appointment`, `u`.`Enable_Rating`, `u`.`Exp_Years`, `u`.`Facebook`, `u`.`Google_Analytics`, `u`.`Image`, `u`.`Instagram`, `u`.`Linkedin`, `u`.`Name`, `u`.`Parent_Id`, `u`.`Password`, `u`.`Paypal_Email`, `u`.`Paypal_Mode`, `u`.`Paypal_Payment`, `u`.`Paystack_Payment`, `u`.`Paystack_Public_Key`, `u`.`Paystack_Secret_Key`, `u`.`Phone`, `u`.`Publish_Key`, `u`.`Qr_Code`, `u`.`Razorpay_Key_Id`, `u`.`Razorpay_Key_Secret`, `u`.`Razorpay_Payment`, `u`.`Role`, `u`.`Secret_Key`, `u`.`Skype`, `u`.`Slug`, `u`.`Specialist`, `u`.`Status`, `u`.`Stripe_Payment`, `u`.`Thumb`, `u`.`Trial_Expire`, `u`.`Twitter`, `u`.`User_Name`, `u`.`User_Type`, `u`.`Verify_Code`, `u`.`Whatsapp`
FROM `Users` AS `u`
WHERE `u`.`Id` = @__id_0
LIMIT 1
2023-10-07 19:12:09.543 +05:30  INF  Executing endpoint 'DCRM.Api.Controllers.DealerController.Create (DCRM.Api)'
2023-10-07 19:12:09.545 +05:30  INF  Route matched with {action = "Create", controller = "Dealer"}. Executing controller action with signature System.Threading.Tasks.Task`1[Microsoft.AspNetCore.Mvc.IActionResult] Create(DCRM.Common.Entity.DealerRequest) on controller DCRM.Api.Controllers.DealerController (DCRM.Api).
2023-10-07 19:12:09.557 +05:30  INF  Executed DbCommand (1ms) [Parameters=[@__request_Company_Name_0='?' (Size = 4000)], CommandType='"Text"', CommandTimeout='30']
SELECT `d`.`Id`, `d`.`Address_O`, `d`.`Address_R`, `d`.`City_O`, `d`.`City_R`, `d`.`Company_Name`, `d`.`Country_O`, `d`.`Country_R`, `d`.`Created_At`, `d`.`Email1`, `d`.`Email2`, `d`.`Gst_Number`, `d`.`Image`, `d`.`Is_Deleted`, `d`.`Own_Name_1`, `d`.`Own_Name_2`, `d`.`Pan_Number`, `d`.`Phone1`, `d`.`Phone2`, `d`.`Staff_Email1`, `d`.`Staff_Email2`, `d`.`Staff_Email3`, `d`.`Staff_Email4`, `d`.`Staff_Name1`, `d`.`Staff_Name2`, `d`.`Staff_Name3`, `d`.`Staff_Name4`, `d`.`Staff_Phone1`, `d`.`Staff_Phone2`, `d`.`Staff_Phone3`, `d`.`Staff_Phone4`, `d`.`Updated_At`, `d`.`User_Id`, `d`.`Zip_O`, `d`.`Zip_R`
FROM `Dealers` AS `d`
WHERE `d`.`Company_Name` = @__request_Company_Name_0
LIMIT 1
2023-10-07 19:12:09.567 +05:30  INF  Executed action DCRM.Api.Controllers.DealerController.Create (DCRM.Api) in 22.1229ms
2023-10-07 19:12:09.568 +05:30  INF  Executed endpoint 'DCRM.Api.Controllers.DealerController.Create (DCRM.Api)'
2023-10-07 19:12:09.569 +05:30  INF  Request finished HTTP/2 POST https://localhost:7069/api/Dealer/Create application/json 1069 - 500 - application/json 54.7653ms
2023-10-07 19:12:09.585 +05:30  INF  Request starting HTTP/2 OPTIONS https://localhost:7069/api/Dealer/GetAll - -
2023-10-07 19:12:09.585 +05:30  INF  CORS policy execution successful.
2023-10-07 19:12:09.585 +05:30  INF  Request finished HTTP/2 OPTIONS https://localhost:7069/api/Dealer/GetAll - - - 204 - - 0.3379ms
2023-10-07 19:12:09.586 +05:30  INF  Request starting HTTP/2 GET https://localhost:7069/api/Dealer/GetAll application/json -
2023-10-07 19:12:09.586 +05:30  INF  CORS policy execution successful.
2023-10-07 19:12:09.590 +05:30  INF  Executed DbCommand (1ms) [Parameters=[@__id_0='?' (DbType = Int32)], CommandType='"Text"', CommandTimeout='30']
SELECT `u`.`Id`, `u`.`About_Me`, `u`.`Account_Type`, `u`.`Address`, `u`.`Available_Days`, `u`.`Bn_Name`, `u`.`City`, `u`.`Country`, `u`.`Created_At`, `u`.`Currency`, `u`.`Degree`, `u`.`Email`, `u`.`Email_Verified`, `u`.`Enable_Appointment`, `u`.`Enable_Rating`, `u`.`Exp_Years`, `u`.`Facebook`, `u`.`Google_Analytics`, `u`.`Image`, `u`.`Instagram`, `u`.`Linkedin`, `u`.`Name`, `u`.`Parent_Id`, `u`.`Password`, `u`.`Paypal_Email`, `u`.`Paypal_Mode`, `u`.`Paypal_Payment`, `u`.`Paystack_Payment`, `u`.`Paystack_Public_Key`, `u`.`Paystack_Secret_Key`, `u`.`Phone`, `u`.`Publish_Key`, `u`.`Qr_Code`, `u`.`Razorpay_Key_Id`, `u`.`Razorpay_Key_Secret`, `u`.`Razorpay_Payment`, `u`.`Role`, `u`.`Secret_Key`, `u`.`Skype`, `u`.`Slug`, `u`.`Specialist`, `u`.`Status`, `u`.`Stripe_Payment`, `u`.`Thumb`, `u`.`Trial_Expire`, `u`.`Twitter`, `u`.`User_Name`, `u`.`User_Type`, `u`.`Verify_Code`, `u`.`Whatsapp`
FROM `Users` AS `u`
WHERE `u`.`Id` = @__id_0
LIMIT 1
2023-10-07 19:12:09.591 +05:30  INF  Executing endpoint 'DCRM.Api.Controllers.DealerController.GetAllAsync (DCRM.Api)'
2023-10-07 19:12:09.591 +05:30  INF  Route matched with {action = "GetAll", controller = "Dealer"}. Executing controller action with signature System.Threading.Tasks.Task`1[System.Collections.Generic.IEnumerable`1[DCRM.Common.Dto.DealerDto]] GetAllAsync() on controller DCRM.Api.Controllers.DealerController (DCRM.Api).
2023-10-07 19:12:09.592 +05:30  INF  Executed DbCommand (1ms) [Parameters=[@__userId_0='?' (DbType = Int64)], CommandType='"Text"', CommandTimeout='30']
SELECT `d`.`Id`, `d`.`Address_O`, `d`.`Address_R`, `d`.`City_O`, `d`.`City_R`, `d`.`Company_Name`, `d`.`Country_O`, `d`.`Country_R`, `d`.`Created_At`, `d`.`Email1`, `d`.`Email2`, `d`.`Gst_Number`, `d`.`Image`, `d`.`Is_Deleted`, `d`.`Own_Name_1`, `d`.`Own_Name_2`, `d`.`Pan_Number`, `d`.`Phone1`, `d`.`Phone2`, `d`.`Staff_Email1`, `d`.`Staff_Email2`, `d`.`Staff_Email3`, `d`.`Staff_Email4`, `d`.`Staff_Name1`, `d`.`Staff_Name2`, `d`.`Staff_Name3`, `d`.`Staff_Name4`, `d`.`Staff_Phone1`, `d`.`Staff_Phone2`, `d`.`Staff_Phone3`, `d`.`Staff_Phone4`, `d`.`Updated_At`, `d`.`User_Id`, `d`.`Zip_O`, `d`.`Zip_R`
FROM `Dealers` AS `d`
WHERE (`d`.`Is_Deleted` = 0) AND (`d`.`User_Id` = @__userId_0)
2023-10-07 19:12:09.595 +05:30  INF  Executed DbCommand (1ms) [Parameters=[@__p_0='?' (DbType = Int64)], CommandType='"Text"', CommandTimeout='30']
SELECT `d`.`Id`, `d`.`Bank_Account_Number`, `d`.`Bank_Name`, `d`.`Dealer_Id`, `d`.`Ifsc_Code`, `d`.`Remarks`, `d`.`Updated_At`
FROM `Dealer_Bank_Details` AS `d`
WHERE `d`.`Dealer_Id` = @__p_0
2023-10-07 19:12:09.596 +05:30  INF  Executed DbCommand (1ms) [Parameters=[@__p_0='?' (DbType = Int64)], CommandType='"Text"', CommandTimeout='30']
SELECT `d`.`Id`, `d`.`Dealer_Id`, `d`.`Material_Cost`, `d`.`Material_Date`, `d`.`Material_Name`
FROM `Dealer_Material` AS `d`
WHERE `d`.`Dealer_Id` = @__p_0
2023-10-07 19:12:09.597 +05:30  INF  Executed DbCommand (0ms) [Parameters=[@__p_0='?' (DbType = Int64)], CommandType='"Text"', CommandTimeout='30']
SELECT `d`.`Id`, `d`.`Bank_Account_Number`, `d`.`Bank_Name`, `d`.`Dealer_Id`, `d`.`Ifsc_Code`, `d`.`Remarks`, `d`.`Updated_At`
FROM `Dealer_Bank_Details` AS `d`
WHERE `d`.`Dealer_Id` = @__p_0
2023-10-07 19:12:09.599 +05:30  INF  Executed DbCommand (0ms) [Parameters=[@__p_0='?' (DbType = Int64)], CommandType='"Text"', CommandTimeout='30']
SELECT `d`.`Id`, `d`.`Dealer_Id`, `d`.`Material_Cost`, `d`.`Material_Date`, `d`.`Material_Name`
FROM `Dealer_Material` AS `d`
WHERE `d`.`Dealer_Id` = @__p_0
2023-10-07 19:12:09.600 +05:30  INF  Executed DbCommand (0ms) [Parameters=[@__p_0='?' (DbType = Int64)], CommandType='"Text"', CommandTimeout='30']
SELECT `d`.`Id`, `d`.`Bank_Account_Number`, `d`.`Bank_Name`, `d`.`Dealer_Id`, `d`.`Ifsc_Code`, `d`.`Remarks`, `d`.`Updated_At`
FROM `Dealer_Bank_Details` AS `d`
WHERE `d`.`Dealer_Id` = @__p_0
2023-10-07 19:12:09.602 +05:30  INF  Executed DbCommand (1ms) [Parameters=[@__p_0='?' (DbType = Int64)], CommandType='"Text"', CommandTimeout='30']
SELECT `d`.`Id`, `d`.`Dealer_Id`, `d`.`Material_Cost`, `d`.`Material_Date`, `d`.`Material_Name`
FROM `Dealer_Material` AS `d`
WHERE `d`.`Dealer_Id` = @__p_0
2023-10-07 19:12:09.603 +05:30  INF  Executed DbCommand (1ms) [Parameters=[@__p_0='?' (DbType = Int64)], CommandType='"Text"', CommandTimeout='30']
SELECT `d`.`Id`, `d`.`Bank_Account_Number`, `d`.`Bank_Name`, `d`.`Dealer_Id`, `d`.`Ifsc_Code`, `d`.`Remarks`, `d`.`Updated_At`
FROM `Dealer_Bank_Details` AS `d`
WHERE `d`.`Dealer_Id` = @__p_0
2023-10-07 19:12:09.605 +05:30  INF  Executed DbCommand (1ms) [Parameters=[@__p_0='?' (DbType = Int64)], CommandType='"Text"', CommandTimeout='30']
SELECT `d`.`Id`, `d`.`Dealer_Id`, `d`.`Material_Cost`, `d`.`Material_Date`, `d`.`Material_Name`
FROM `Dealer_Material` AS `d`
WHERE `d`.`Dealer_Id` = @__p_0
2023-10-07 19:12:09.606 +05:30  INF  Executed DbCommand (0ms) [Parameters=[@__p_0='?' (DbType = Int64)], CommandType='"Text"', CommandTimeout='30']
SELECT `d`.`Id`, `d`.`Bank_Account_Number`, `d`.`Bank_Name`, `d`.`Dealer_Id`, `d`.`Ifsc_Code`, `d`.`Remarks`, `d`.`Updated_At`
FROM `Dealer_Bank_Details` AS `d`
WHERE `d`.`Dealer_Id` = @__p_0
2023-10-07 19:12:09.608 +05:30  INF  Executed DbCommand (1ms) [Parameters=[@__p_0='?' (DbType = Int64)], CommandType='"Text"', CommandTimeout='30']
SELECT `d`.`Id`, `d`.`Dealer_Id`, `d`.`Material_Cost`, `d`.`Material_Date`, `d`.`Material_Name`
FROM `Dealer_Material` AS `d`
WHERE `d`.`Dealer_Id` = @__p_0
2023-10-07 19:12:09.609 +05:30  INF  Executed DbCommand (1ms) [Parameters=[@__p_0='?' (DbType = Int64)], CommandType='"Text"', CommandTimeout='30']
SELECT `d`.`Id`, `d`.`Bank_Account_Number`, `d`.`Bank_Name`, `d`.`Dealer_Id`, `d`.`Ifsc_Code`, `d`.`Remarks`, `d`.`Updated_At`
FROM `Dealer_Bank_Details` AS `d`
WHERE `d`.`Dealer_Id` = @__p_0
2023-10-07 19:12:09.611 +05:30  INF  Executed DbCommand (1ms) [Parameters=[@__p_0='?' (DbType = Int64)], CommandType='"Text"', CommandTimeout='30']
SELECT `d`.`Id`, `d`.`Dealer_Id`, `d`.`Material_Cost`, `d`.`Material_Date`, `d`.`Material_Name`
FROM `Dealer_Material` AS `d`
WHERE `d`.`Dealer_Id` = @__p_0
2023-10-07 19:12:09.613 +05:30  INF  Executed DbCommand (1ms) [Parameters=[@__p_0='?' (DbType = Int64)], CommandType='"Text"', CommandTimeout='30']
SELECT `d`.`Id`, `d`.`Bank_Account_Number`, `d`.`Bank_Name`, `d`.`Dealer_Id`, `d`.`Ifsc_Code`, `d`.`Remarks`, `d`.`Updated_At`
FROM `Dealer_Bank_Details` AS `d`
WHERE `d`.`Dealer_Id` = @__p_0
2023-10-07 19:12:09.614 +05:30  INF  Executed DbCommand (0ms) [Parameters=[@__p_0='?' (DbType = Int64)], CommandType='"Text"', CommandTimeout='30']
SELECT `d`.`Id`, `d`.`Dealer_Id`, `d`.`Material_Cost`, `d`.`Material_Date`, `d`.`Material_Name`
FROM `Dealer_Material` AS `d`
WHERE `d`.`Dealer_Id` = @__p_0
2023-10-07 19:12:09.616 +05:30  INF  Executed DbCommand (0ms) [Parameters=[@__p_0='?' (DbType = Int64)], CommandType='"Text"', CommandTimeout='30']
SELECT `d`.`Id`, `d`.`Bank_Account_Number`, `d`.`Bank_Name`, `d`.`Dealer_Id`, `d`.`Ifsc_Code`, `d`.`Remarks`, `d`.`Updated_At`
FROM `Dealer_Bank_Details` AS `d`
WHERE `d`.`Dealer_Id` = @__p_0
2023-10-07 19:12:09.617 +05:30  INF  Executed DbCommand (0ms) [Parameters=[@__p_0='?' (DbType = Int64)], CommandType='"Text"', CommandTimeout='30']
SELECT `d`.`Id`, `d`.`Dealer_Id`, `d`.`Material_Cost`, `d`.`Material_Date`, `d`.`Material_Name`
FROM `Dealer_Material` AS `d`
WHERE `d`.`Dealer_Id` = @__p_0
2023-10-07 19:12:09.617 +05:30  INF  Executing ObjectResult, writing value of type 'System.Collections.Generic.List`1[[DCRM.Common.Dto.DealerDto, DCRM.Common, Version=1.0.0.0, Culture=neutral, PublicKeyToken=null]]'.
2023-10-07 19:12:09.618 +05:30  INF  Executed action DCRM.Api.Controllers.DealerController.GetAllAsync (DCRM.Api) in 26.7226ms
2023-10-07 19:12:09.618 +05:30  INF  Executed endpoint 'DCRM.Api.Controllers.DealerController.GetAllAsync (DCRM.Api)'
2023-10-07 19:12:09.618 +05:30  INF  Request finished HTTP/2 GET https://localhost:7069/api/Dealer/GetAll application/json - - 200 - application/json;+charset=utf-8 31.5235ms
2023-10-07 19:12:19.168 +05:30  INF  Request starting HTTP/2 OPTIONS https://localhost:7069/api/Dealer/Delete/28 - -
2023-10-07 19:12:19.168 +05:30  INF  CORS policy execution successful.
2023-10-07 19:12:19.168 +05:30  INF  Request finished HTTP/2 OPTIONS https://localhost:7069/api/Dealer/Delete/28 - - - 204 - - 0.2481ms
2023-10-07 19:12:19.169 +05:30  INF  Request starting HTTP/2 DELETE https://localhost:7069/api/Dealer/Delete/28 application/json -
2023-10-07 19:12:19.169 +05:30  INF  CORS policy execution successful.
2023-10-07 19:12:19.171 +05:30  INF  Executed DbCommand (1ms) [Parameters=[@__id_0='?' (DbType = Int32)], CommandType='"Text"', CommandTimeout='30']
SELECT `u`.`Id`, `u`.`About_Me`, `u`.`Account_Type`, `u`.`Address`, `u`.`Available_Days`, `u`.`Bn_Name`, `u`.`City`, `u`.`Country`, `u`.`Created_At`, `u`.`Currency`, `u`.`Degree`, `u`.`Email`, `u`.`Email_Verified`, `u`.`Enable_Appointment`, `u`.`Enable_Rating`, `u`.`Exp_Years`, `u`.`Facebook`, `u`.`Google_Analytics`, `u`.`Image`, `u`.`Instagram`, `u`.`Linkedin`, `u`.`Name`, `u`.`Parent_Id`, `u`.`Password`, `u`.`Paypal_Email`, `u`.`Paypal_Mode`, `u`.`Paypal_Payment`, `u`.`Paystack_Payment`, `u`.`Paystack_Public_Key`, `u`.`Paystack_Secret_Key`, `u`.`Phone`, `u`.`Publish_Key`, `u`.`Qr_Code`, `u`.`Razorpay_Key_Id`, `u`.`Razorpay_Key_Secret`, `u`.`Razorpay_Payment`, `u`.`Role`, `u`.`Secret_Key`, `u`.`Skype`, `u`.`Slug`, `u`.`Specialist`, `u`.`Status`, `u`.`Stripe_Payment`, `u`.`Thumb`, `u`.`Trial_Expire`, `u`.`Twitter`, `u`.`User_Name`, `u`.`User_Type`, `u`.`Verify_Code`, `u`.`Whatsapp`
FROM `Users` AS `u`
WHERE `u`.`Id` = @__id_0
LIMIT 1
2023-10-07 19:12:19.172 +05:30  INF  Executing endpoint 'DCRM.Api.Controllers.DealerController.Delete (DCRM.Api)'
2023-10-07 19:12:19.172 +05:30  INF  Route matched with {action = "Delete", controller = "Dealer"}. Executing controller action with signature System.Threading.Tasks.Task`1[Microsoft.AspNetCore.Mvc.IActionResult] Delete(Int64, Int32) on controller DCRM.Api.Controllers.DealerController (DCRM.Api).
2023-10-07 19:12:19.173 +05:30  INF  Executed DbCommand (1ms) [Parameters=[@__id_0='?' (DbType = Int32), @__userId_1='?' (DbType = Int64)], CommandType='"Text"', CommandTimeout='30']
SELECT `d`.`Id`, `d`.`Address_O`, `d`.`Address_R`, `d`.`City_O`, `d`.`City_R`, `d`.`Company_Name`, `d`.`Country_O`, `d`.`Country_R`, `d`.`Created_At`, `d`.`Email1`, `d`.`Email2`, `d`.`Gst_Number`, `d`.`Image`, `d`.`Is_Deleted`, `d`.`Own_Name_1`, `d`.`Own_Name_2`, `d`.`Pan_Number`, `d`.`Phone1`, `d`.`Phone2`, `d`.`Staff_Email1`, `d`.`Staff_Email2`, `d`.`Staff_Email3`, `d`.`Staff_Email4`, `d`.`Staff_Name1`, `d`.`Staff_Name2`, `d`.`Staff_Name3`, `d`.`Staff_Name4`, `d`.`Staff_Phone1`, `d`.`Staff_Phone2`, `d`.`Staff_Phone3`, `d`.`Staff_Phone4`, `d`.`Updated_At`, `d`.`User_Id`, `d`.`Zip_O`, `d`.`Zip_R`
FROM `Dealers` AS `d`
WHERE (`d`.`Id` = @__id_0) AND (`d`.`User_Id` = @__userId_1)
LIMIT 1
2023-10-07 19:12:19.174 +05:30  INF  Executing OkObjectResult, writing value of type 'System.Int32'.
2023-10-07 19:12:19.174 +05:30  INF  Executed action DCRM.Api.Controllers.DealerController.Delete (DCRM.Api) in 1.9009ms
2023-10-07 19:12:19.174 +05:30  INF  Executed endpoint 'DCRM.Api.Controllers.DealerController.Delete (DCRM.Api)'
2023-10-07 19:12:19.174 +05:30  INF  Request finished HTTP/2 DELETE https://localhost:7069/api/Dealer/Delete/28 application/json - - 200 - application/json;+charset=utf-8 4.9284ms
2023-10-07 19:12:25.142 +05:30  INF  Request starting HTTP/2 OPTIONS https://localhost:7069/api/Dealer/GetAll - -
2023-10-07 19:12:25.142 +05:30  INF  CORS policy execution successful.
2023-10-07 19:12:25.143 +05:30  INF  Request finished HTTP/2 OPTIONS https://localhost:7069/api/Dealer/GetAll - - - 204 - - 0.2880ms
2023-10-07 19:12:25.143 +05:30  INF  Request starting HTTP/2 GET https://localhost:7069/api/Dealer/GetAll application/json -
2023-10-07 19:12:25.144 +05:30  INF  CORS policy execution successful.
2023-10-07 19:12:25.147 +05:30  INF  Executed DbCommand (1ms) [Parameters=[@__id_0='?' (DbType = Int32)], CommandType='"Text"', CommandTimeout='30']
SELECT `u`.`Id`, `u`.`About_Me`, `u`.`Account_Type`, `u`.`Address`, `u`.`Available_Days`, `u`.`Bn_Name`, `u`.`City`, `u`.`Country`, `u`.`Created_At`, `u`.`Currency`, `u`.`Degree`, `u`.`Email`, `u`.`Email_Verified`, `u`.`Enable_Appointment`, `u`.`Enable_Rating`, `u`.`Exp_Years`, `u`.`Facebook`, `u`.`Google_Analytics`, `u`.`Image`, `u`.`Instagram`, `u`.`Linkedin`, `u`.`Name`, `u`.`Parent_Id`, `u`.`Password`, `u`.`Paypal_Email`, `u`.`Paypal_Mode`, `u`.`Paypal_Payment`, `u`.`Paystack_Payment`, `u`.`Paystack_Public_Key`, `u`.`Paystack_Secret_Key`, `u`.`Phone`, `u`.`Publish_Key`, `u`.`Qr_Code`, `u`.`Razorpay_Key_Id`, `u`.`Razorpay_Key_Secret`, `u`.`Razorpay_Payment`, `u`.`Role`, `u`.`Secret_Key`, `u`.`Skype`, `u`.`Slug`, `u`.`Specialist`, `u`.`Status`, `u`.`Stripe_Payment`, `u`.`Thumb`, `u`.`Trial_Expire`, `u`.`Twitter`, `u`.`User_Name`, `u`.`User_Type`, `u`.`Verify_Code`, `u`.`Whatsapp`
FROM `Users` AS `u`
WHERE `u`.`Id` = @__id_0
LIMIT 1
2023-10-07 19:12:25.147 +05:30  INF  Executing endpoint 'DCRM.Api.Controllers.DealerController.GetAllAsync (DCRM.Api)'
2023-10-07 19:12:25.148 +05:30  INF  Route matched with {action = "GetAll", controller = "Dealer"}. Executing controller action with signature System.Threading.Tasks.Task`1[System.Collections.Generic.IEnumerable`1[DCRM.Common.Dto.DealerDto]] GetAllAsync() on controller DCRM.Api.Controllers.DealerController (DCRM.Api).
2023-10-07 19:12:25.149 +05:30  INF  Executed DbCommand (1ms) [Parameters=[@__userId_0='?' (DbType = Int64)], CommandType='"Text"', CommandTimeout='30']
SELECT `d`.`Id`, `d`.`Address_O`, `d`.`Address_R`, `d`.`City_O`, `d`.`City_R`, `d`.`Company_Name`, `d`.`Country_O`, `d`.`Country_R`, `d`.`Created_At`, `d`.`Email1`, `d`.`Email2`, `d`.`Gst_Number`, `d`.`Image`, `d`.`Is_Deleted`, `d`.`Own_Name_1`, `d`.`Own_Name_2`, `d`.`Pan_Number`, `d`.`Phone1`, `d`.`Phone2`, `d`.`Staff_Email1`, `d`.`Staff_Email2`, `d`.`Staff_Email3`, `d`.`Staff_Email4`, `d`.`Staff_Name1`, `d`.`Staff_Name2`, `d`.`Staff_Name3`, `d`.`Staff_Name4`, `d`.`Staff_Phone1`, `d`.`Staff_Phone2`, `d`.`Staff_Phone3`, `d`.`Staff_Phone4`, `d`.`Updated_At`, `d`.`User_Id`, `d`.`Zip_O`, `d`.`Zip_R`
FROM `Dealers` AS `d`
WHERE (`d`.`Is_Deleted` = 0) AND (`d`.`User_Id` = @__userId_0)
2023-10-07 19:12:25.152 +05:30  INF  Executed DbCommand (1ms) [Parameters=[@__p_0='?' (DbType = Int64)], CommandType='"Text"', CommandTimeout='30']
SELECT `d`.`Id`, `d`.`Bank_Account_Number`, `d`.`Bank_Name`, `d`.`Dealer_Id`, `d`.`Ifsc_Code`, `d`.`Remarks`, `d`.`Updated_At`
FROM `Dealer_Bank_Details` AS `d`
WHERE `d`.`Dealer_Id` = @__p_0
2023-10-07 19:12:25.154 +05:30  INF  Executed DbCommand (1ms) [Parameters=[@__p_0='?' (DbType = Int64)], CommandType='"Text"', CommandTimeout='30']
SELECT `d`.`Id`, `d`.`Dealer_Id`, `d`.`Material_Cost`, `d`.`Material_Date`, `d`.`Material_Name`
FROM `Dealer_Material` AS `d`
WHERE `d`.`Dealer_Id` = @__p_0
2023-10-07 19:12:25.156 +05:30  INF  Executed DbCommand (1ms) [Parameters=[@__p_0='?' (DbType = Int64)], CommandType='"Text"', CommandTimeout='30']
SELECT `d`.`Id`, `d`.`Bank_Account_Number`, `d`.`Bank_Name`, `d`.`Dealer_Id`, `d`.`Ifsc_Code`, `d`.`Remarks`, `d`.`Updated_At`
FROM `Dealer_Bank_Details` AS `d`
WHERE `d`.`Dealer_Id` = @__p_0
2023-10-07 19:12:25.158 +05:30  INF  Executed DbCommand (0ms) [Parameters=[@__p_0='?' (DbType = Int64)], CommandType='"Text"', CommandTimeout='30']
SELECT `d`.`Id`, `d`.`Dealer_Id`, `d`.`Material_Cost`, `d`.`Material_Date`, `d`.`Material_Name`
FROM `Dealer_Material` AS `d`
WHERE `d`.`Dealer_Id` = @__p_0
2023-10-07 19:12:25.159 +05:30  INF  Executed DbCommand (1ms) [Parameters=[@__p_0='?' (DbType = Int64)], CommandType='"Text"', CommandTimeout='30']
SELECT `d`.`Id`, `d`.`Bank_Account_Number`, `d`.`Bank_Name`, `d`.`Dealer_Id`, `d`.`Ifsc_Code`, `d`.`Remarks`, `d`.`Updated_At`
FROM `Dealer_Bank_Details` AS `d`
WHERE `d`.`Dealer_Id` = @__p_0
2023-10-07 19:12:25.161 +05:30  INF  Executed DbCommand (1ms) [Parameters=[@__p_0='?' (DbType = Int64)], CommandType='"Text"', CommandTimeout='30']
SELECT `d`.`Id`, `d`.`Dealer_Id`, `d`.`Material_Cost`, `d`.`Material_Date`, `d`.`Material_Name`
FROM `Dealer_Material` AS `d`
WHERE `d`.`Dealer_Id` = @__p_0
2023-10-07 19:12:25.162 +05:30  INF  Executed DbCommand (0ms) [Parameters=[@__p_0='?' (DbType = Int64)], CommandType='"Text"', CommandTimeout='30']
SELECT `d`.`Id`, `d`.`Bank_Account_Number`, `d`.`Bank_Name`, `d`.`Dealer_Id`, `d`.`Ifsc_Code`, `d`.`Remarks`, `d`.`Updated_At`
FROM `Dealer_Bank_Details` AS `d`
WHERE `d`.`Dealer_Id` = @__p_0
2023-10-07 19:12:25.164 +05:30  INF  Executed DbCommand (0ms) [Parameters=[@__p_0='?' (DbType = Int64)], CommandType='"Text"', CommandTimeout='30']
SELECT `d`.`Id`, `d`.`Dealer_Id`, `d`.`Material_Cost`, `d`.`Material_Date`, `d`.`Material_Name`
FROM `Dealer_Material` AS `d`
WHERE `d`.`Dealer_Id` = @__p_0
2023-10-07 19:12:25.166 +05:30  INF  Executed DbCommand (1ms) [Parameters=[@__p_0='?' (DbType = Int64)], CommandType='"Text"', CommandTimeout='30']
SELECT `d`.`Id`, `d`.`Bank_Account_Number`, `d`.`Bank_Name`, `d`.`Dealer_Id`, `d`.`Ifsc_Code`, `d`.`Remarks`, `d`.`Updated_At`
FROM `Dealer_Bank_Details` AS `d`
WHERE `d`.`Dealer_Id` = @__p_0
2023-10-07 19:12:25.167 +05:30  INF  Executed DbCommand (1ms) [Parameters=[@__p_0='?' (DbType = Int64)], CommandType='"Text"', CommandTimeout='30']
SELECT `d`.`Id`, `d`.`Dealer_Id`, `d`.`Material_Cost`, `d`.`Material_Date`, `d`.`Material_Name`
FROM `Dealer_Material` AS `d`
WHERE `d`.`Dealer_Id` = @__p_0
2023-10-07 19:12:25.170 +05:30  INF  Executed DbCommand (1ms) [Parameters=[@__p_0='?' (DbType = Int64)], CommandType='"Text"', CommandTimeout='30']
SELECT `d`.`Id`, `d`.`Bank_Account_Number`, `d`.`Bank_Name`, `d`.`Dealer_Id`, `d`.`Ifsc_Code`, `d`.`Remarks`, `d`.`Updated_At`
FROM `Dealer_Bank_Details` AS `d`
WHERE `d`.`Dealer_Id` = @__p_0
2023-10-07 19:12:25.172 +05:30  INF  Executed DbCommand (1ms) [Parameters=[@__p_0='?' (DbType = Int64)], CommandType='"Text"', CommandTimeout='30']
SELECT `d`.`Id`, `d`.`Dealer_Id`, `d`.`Material_Cost`, `d`.`Material_Date`, `d`.`Material_Name`
FROM `Dealer_Material` AS `d`
WHERE `d`.`Dealer_Id` = @__p_0
2023-10-07 19:12:25.173 +05:30  INF  Executed DbCommand (1ms) [Parameters=[@__p_0='?' (DbType = Int64)], CommandType='"Text"', CommandTimeout='30']
SELECT `d`.`Id`, `d`.`Bank_Account_Number`, `d`.`Bank_Name`, `d`.`Dealer_Id`, `d`.`Ifsc_Code`, `d`.`Remarks`, `d`.`Updated_At`
FROM `Dealer_Bank_Details` AS `d`
WHERE `d`.`Dealer_Id` = @__p_0
2023-10-07 19:12:25.175 +05:30  INF  Executed DbCommand (0ms) [Parameters=[@__p_0='?' (DbType = Int64)], CommandType='"Text"', CommandTimeout='30']
SELECT `d`.`Id`, `d`.`Dealer_Id`, `d`.`Material_Cost`, `d`.`Material_Date`, `d`.`Material_Name`
FROM `Dealer_Material` AS `d`
WHERE `d`.`Dealer_Id` = @__p_0
2023-10-07 19:12:25.176 +05:30  INF  Executed DbCommand (1ms) [Parameters=[@__p_0='?' (DbType = Int64)], CommandType='"Text"', CommandTimeout='30']
SELECT `d`.`Id`, `d`.`Bank_Account_Number`, `d`.`Bank_Name`, `d`.`Dealer_Id`, `d`.`Ifsc_Code`, `d`.`Remarks`, `d`.`Updated_At`
FROM `Dealer_Bank_Details` AS `d`
WHERE `d`.`Dealer_Id` = @__p_0
2023-10-07 19:12:25.178 +05:30  INF  Executed DbCommand (0ms) [Parameters=[@__p_0='?' (DbType = Int64)], CommandType='"Text"', CommandTimeout='30']
SELECT `d`.`Id`, `d`.`Dealer_Id`, `d`.`Material_Cost`, `d`.`Material_Date`, `d`.`Material_Name`
FROM `Dealer_Material` AS `d`
WHERE `d`.`Dealer_Id` = @__p_0
2023-10-07 19:12:25.178 +05:30  INF  Executing ObjectResult, writing value of type 'System.Collections.Generic.List`1[[DCRM.Common.Dto.DealerDto, DCRM.Common, Version=1.0.0.0, Culture=neutral, PublicKeyToken=null]]'.
2023-10-07 19:12:25.178 +05:30  INF  Executed action DCRM.Api.Controllers.DealerController.GetAllAsync (DCRM.Api) in 30.7677ms
2023-10-07 19:12:25.178 +05:30  INF  Executed endpoint 'DCRM.Api.Controllers.DealerController.GetAllAsync (DCRM.Api)'
2023-10-07 19:12:25.179 +05:30  INF  Request finished HTTP/2 GET https://localhost:7069/api/Dealer/GetAll application/json - - 200 - application/json;+charset=utf-8 35.0746ms
2023-10-07 19:12:43.720 +05:30  INF  Request starting HTTP/2 OPTIONS https://localhost:7069/api/Dealer/Delete/25 - -
2023-10-07 19:12:43.720 +05:30  INF  CORS policy execution successful.
2023-10-07 19:12:43.720 +05:30  INF  Request finished HTTP/2 OPTIONS https://localhost:7069/api/Dealer/Delete/25 - - - 204 - - 0.2524ms
2023-10-07 19:12:43.723 +05:30  INF  Request starting HTTP/2 DELETE https://localhost:7069/api/Dealer/Delete/25 application/json -
2023-10-07 19:12:43.723 +05:30  INF  CORS policy execution successful.
2023-10-07 19:12:43.725 +05:30  INF  Executed DbCommand (1ms) [Parameters=[@__id_0='?' (DbType = Int32)], CommandType='"Text"', CommandTimeout='30']
SELECT `u`.`Id`, `u`.`About_Me`, `u`.`Account_Type`, `u`.`Address`, `u`.`Available_Days`, `u`.`Bn_Name`, `u`.`City`, `u`.`Country`, `u`.`Created_At`, `u`.`Currency`, `u`.`Degree`, `u`.`Email`, `u`.`Email_Verified`, `u`.`Enable_Appointment`, `u`.`Enable_Rating`, `u`.`Exp_Years`, `u`.`Facebook`, `u`.`Google_Analytics`, `u`.`Image`, `u`.`Instagram`, `u`.`Linkedin`, `u`.`Name`, `u`.`Parent_Id`, `u`.`Password`, `u`.`Paypal_Email`, `u`.`Paypal_Mode`, `u`.`Paypal_Payment`, `u`.`Paystack_Payment`, `u`.`Paystack_Public_Key`, `u`.`Paystack_Secret_Key`, `u`.`Phone`, `u`.`Publish_Key`, `u`.`Qr_Code`, `u`.`Razorpay_Key_Id`, `u`.`Razorpay_Key_Secret`, `u`.`Razorpay_Payment`, `u`.`Role`, `u`.`Secret_Key`, `u`.`Skype`, `u`.`Slug`, `u`.`Specialist`, `u`.`Status`, `u`.`Stripe_Payment`, `u`.`Thumb`, `u`.`Trial_Expire`, `u`.`Twitter`, `u`.`User_Name`, `u`.`User_Type`, `u`.`Verify_Code`, `u`.`Whatsapp`
FROM `Users` AS `u`
WHERE `u`.`Id` = @__id_0
LIMIT 1
2023-10-07 19:12:43.726 +05:30  INF  Executing endpoint 'DCRM.Api.Controllers.DealerController.Delete (DCRM.Api)'
2023-10-07 19:12:43.726 +05:30  INF  Route matched with {action = "Delete", controller = "Dealer"}. Executing controller action with signature System.Threading.Tasks.Task`1[Microsoft.AspNetCore.Mvc.IActionResult] Delete(Int64, Int32) on controller DCRM.Api.Controllers.DealerController (DCRM.Api).
2023-10-07 19:12:43.727 +05:30  INF  Executed DbCommand (1ms) [Parameters=[@__id_0='?' (DbType = Int32), @__userId_1='?' (DbType = Int64)], CommandType='"Text"', CommandTimeout='30']
SELECT `d`.`Id`, `d`.`Address_O`, `d`.`Address_R`, `d`.`City_O`, `d`.`City_R`, `d`.`Company_Name`, `d`.`Country_O`, `d`.`Country_R`, `d`.`Created_At`, `d`.`Email1`, `d`.`Email2`, `d`.`Gst_Number`, `d`.`Image`, `d`.`Is_Deleted`, `d`.`Own_Name_1`, `d`.`Own_Name_2`, `d`.`Pan_Number`, `d`.`Phone1`, `d`.`Phone2`, `d`.`Staff_Email1`, `d`.`Staff_Email2`, `d`.`Staff_Email3`, `d`.`Staff_Email4`, `d`.`Staff_Name1`, `d`.`Staff_Name2`, `d`.`Staff_Name3`, `d`.`Staff_Name4`, `d`.`Staff_Phone1`, `d`.`Staff_Phone2`, `d`.`Staff_Phone3`, `d`.`Staff_Phone4`, `d`.`Updated_At`, `d`.`User_Id`, `d`.`Zip_O`, `d`.`Zip_R`
FROM `Dealers` AS `d`
WHERE (`d`.`Id` = @__id_0) AND (`d`.`User_Id` = @__userId_1)
LIMIT 1
2023-10-07 19:12:43.727 +05:30  INF  Executing OkObjectResult, writing value of type 'System.Int32'.
2023-10-07 19:12:43.727 +05:30  INF  Executed action DCRM.Api.Controllers.DealerController.Delete (DCRM.Api) in 1.6412ms
2023-10-07 19:12:43.727 +05:30  INF  Executed endpoint 'DCRM.Api.Controllers.DealerController.Delete (DCRM.Api)'
2023-10-07 19:12:43.727 +05:30  INF  Request finished HTTP/2 DELETE https://localhost:7069/api/Dealer/Delete/25 application/json - - 200 - application/json;+charset=utf-8 4.7196ms
2023-10-07 19:14:10.063 +05:30  INF  Request starting HTTP/2 OPTIONS https://localhost:7069/api/Dealer/GetAll - -
2023-10-07 19:14:10.063 +05:30  INF  CORS policy execution successful.
2023-10-07 19:14:10.063 +05:30  INF  Request finished HTTP/2 OPTIONS https://localhost:7069/api/Dealer/GetAll - - - 204 - - 0.3200ms
2023-10-07 19:14:10.064 +05:30  INF  Request starting HTTP/2 GET https://localhost:7069/api/Dealer/GetAll application/json -
2023-10-07 19:14:10.064 +05:30  INF  CORS policy execution successful.
2023-10-07 19:14:10.067 +05:30  INF  Executed DbCommand (1ms) [Parameters=[@__id_0='?' (DbType = Int32)], CommandType='"Text"', CommandTimeout='30']
SELECT `u`.`Id`, `u`.`About_Me`, `u`.`Account_Type`, `u`.`Address`, `u`.`Available_Days`, `u`.`Bn_Name`, `u`.`City`, `u`.`Country`, `u`.`Created_At`, `u`.`Currency`, `u`.`Degree`, `u`.`Email`, `u`.`Email_Verified`, `u`.`Enable_Appointment`, `u`.`Enable_Rating`, `u`.`Exp_Years`, `u`.`Facebook`, `u`.`Google_Analytics`, `u`.`Image`, `u`.`Instagram`, `u`.`Linkedin`, `u`.`Name`, `u`.`Parent_Id`, `u`.`Password`, `u`.`Paypal_Email`, `u`.`Paypal_Mode`, `u`.`Paypal_Payment`, `u`.`Paystack_Payment`, `u`.`Paystack_Public_Key`, `u`.`Paystack_Secret_Key`, `u`.`Phone`, `u`.`Publish_Key`, `u`.`Qr_Code`, `u`.`Razorpay_Key_Id`, `u`.`Razorpay_Key_Secret`, `u`.`Razorpay_Payment`, `u`.`Role`, `u`.`Secret_Key`, `u`.`Skype`, `u`.`Slug`, `u`.`Specialist`, `u`.`Status`, `u`.`Stripe_Payment`, `u`.`Thumb`, `u`.`Trial_Expire`, `u`.`Twitter`, `u`.`User_Name`, `u`.`User_Type`, `u`.`Verify_Code`, `u`.`Whatsapp`
FROM `Users` AS `u`
WHERE `u`.`Id` = @__id_0
LIMIT 1
2023-10-07 19:14:10.068 +05:30  INF  Executing endpoint 'DCRM.Api.Controllers.DealerController.GetAllAsync (DCRM.Api)'
2023-10-07 19:14:10.068 +05:30  INF  Route matched with {action = "GetAll", controller = "Dealer"}. Executing controller action with signature System.Threading.Tasks.Task`1[System.Collections.Generic.IEnumerable`1[DCRM.Common.Dto.DealerDto]] GetAllAsync() on controller DCRM.Api.Controllers.DealerController (DCRM.Api).
2023-10-07 19:14:10.071 +05:30  INF  Executed DbCommand (2ms) [Parameters=[@__userId_0='?' (DbType = Int64)], CommandType='"Text"', CommandTimeout='30']
SELECT `d`.`Id`, `d`.`Address_O`, `d`.`Address_R`, `d`.`City_O`, `d`.`City_R`, `d`.`Company_Name`, `d`.`Country_O`, `d`.`Country_R`, `d`.`Created_At`, `d`.`Email1`, `d`.`Email2`, `d`.`Gst_Number`, `d`.`Image`, `d`.`Is_Deleted`, `d`.`Own_Name_1`, `d`.`Own_Name_2`, `d`.`Pan_Number`, `d`.`Phone1`, `d`.`Phone2`, `d`.`Staff_Email1`, `d`.`Staff_Email2`, `d`.`Staff_Email3`, `d`.`Staff_Email4`, `d`.`Staff_Name1`, `d`.`Staff_Name2`, `d`.`Staff_Name3`, `d`.`Staff_Name4`, `d`.`Staff_Phone1`, `d`.`Staff_Phone2`, `d`.`Staff_Phone3`, `d`.`Staff_Phone4`, `d`.`Updated_At`, `d`.`User_Id`, `d`.`Zip_O`, `d`.`Zip_R`
FROM `Dealers` AS `d`
WHERE (`d`.`Is_Deleted` = 0) AND (`d`.`User_Id` = @__userId_0)
2023-10-07 19:14:10.074 +05:30  INF  Executed DbCommand (1ms) [Parameters=[@__p_0='?' (DbType = Int64)], CommandType='"Text"', CommandTimeout='30']
SELECT `d`.`Id`, `d`.`Bank_Account_Number`, `d`.`Bank_Name`, `d`.`Dealer_Id`, `d`.`Ifsc_Code`, `d`.`Remarks`, `d`.`Updated_At`
FROM `Dealer_Bank_Details` AS `d`
WHERE `d`.`Dealer_Id` = @__p_0
2023-10-07 19:14:10.075 +05:30  INF  Executed DbCommand (1ms) [Parameters=[@__p_0='?' (DbType = Int64)], CommandType='"Text"', CommandTimeout='30']
SELECT `d`.`Id`, `d`.`Dealer_Id`, `d`.`Material_Cost`, `d`.`Material_Date`, `d`.`Material_Name`
FROM `Dealer_Material` AS `d`
WHERE `d`.`Dealer_Id` = @__p_0
2023-10-07 19:14:10.077 +05:30  INF  Executed DbCommand (1ms) [Parameters=[@__p_0='?' (DbType = Int64)], CommandType='"Text"', CommandTimeout='30']
SELECT `d`.`Id`, `d`.`Bank_Account_Number`, `d`.`Bank_Name`, `d`.`Dealer_Id`, `d`.`Ifsc_Code`, `d`.`Remarks`, `d`.`Updated_At`
FROM `Dealer_Bank_Details` AS `d`
WHERE `d`.`Dealer_Id` = @__p_0
2023-10-07 19:14:10.079 +05:30  INF  Executed DbCommand (1ms) [Parameters=[@__p_0='?' (DbType = Int64)], CommandType='"Text"', CommandTimeout='30']
SELECT `d`.`Id`, `d`.`Dealer_Id`, `d`.`Material_Cost`, `d`.`Material_Date`, `d`.`Material_Name`
FROM `Dealer_Material` AS `d`
WHERE `d`.`Dealer_Id` = @__p_0
2023-10-07 19:14:10.080 +05:30  INF  Executed DbCommand (1ms) [Parameters=[@__p_0='?' (DbType = Int64)], CommandType='"Text"', CommandTimeout='30']
SELECT `d`.`Id`, `d`.`Bank_Account_Number`, `d`.`Bank_Name`, `d`.`Dealer_Id`, `d`.`Ifsc_Code`, `d`.`Remarks`, `d`.`Updated_At`
FROM `Dealer_Bank_Details` AS `d`
WHERE `d`.`Dealer_Id` = @__p_0
2023-10-07 19:14:10.082 +05:30  INF  Executed DbCommand (1ms) [Parameters=[@__p_0='?' (DbType = Int64)], CommandType='"Text"', CommandTimeout='30']
SELECT `d`.`Id`, `d`.`Dealer_Id`, `d`.`Material_Cost`, `d`.`Material_Date`, `d`.`Material_Name`
FROM `Dealer_Material` AS `d`
WHERE `d`.`Dealer_Id` = @__p_0
2023-10-07 19:14:10.084 +05:30  INF  Executed DbCommand (1ms) [Parameters=[@__p_0='?' (DbType = Int64)], CommandType='"Text"', CommandTimeout='30']
SELECT `d`.`Id`, `d`.`Bank_Account_Number`, `d`.`Bank_Name`, `d`.`Dealer_Id`, `d`.`Ifsc_Code`, `d`.`Remarks`, `d`.`Updated_At`
FROM `Dealer_Bank_Details` AS `d`
WHERE `d`.`Dealer_Id` = @__p_0
2023-10-07 19:14:10.085 +05:30  INF  Executed DbCommand (1ms) [Parameters=[@__p_0='?' (DbType = Int64)], CommandType='"Text"', CommandTimeout='30']
SELECT `d`.`Id`, `d`.`Dealer_Id`, `d`.`Material_Cost`, `d`.`Material_Date`, `d`.`Material_Name`
FROM `Dealer_Material` AS `d`
WHERE `d`.`Dealer_Id` = @__p_0
2023-10-07 19:14:10.087 +05:30  INF  Executed DbCommand (1ms) [Parameters=[@__p_0='?' (DbType = Int64)], CommandType='"Text"', CommandTimeout='30']
SELECT `d`.`Id`, `d`.`Bank_Account_Number`, `d`.`Bank_Name`, `d`.`Dealer_Id`, `d`.`Ifsc_Code`, `d`.`Remarks`, `d`.`Updated_At`
FROM `Dealer_Bank_Details` AS `d`
WHERE `d`.`Dealer_Id` = @__p_0
2023-10-07 19:14:10.090 +05:30  INF  Executed DbCommand (1ms) [Parameters=[@__p_0='?' (DbType = Int64)], CommandType='"Text"', CommandTimeout='30']
SELECT `d`.`Id`, `d`.`Dealer_Id`, `d`.`Material_Cost`, `d`.`Material_Date`, `d`.`Material_Name`
FROM `Dealer_Material` AS `d`
WHERE `d`.`Dealer_Id` = @__p_0
2023-10-07 19:14:10.092 +05:30  INF  Executed DbCommand (1ms) [Parameters=[@__p_0='?' (DbType = Int64)], CommandType='"Text"', CommandTimeout='30']
SELECT `d`.`Id`, `d`.`Bank_Account_Number`, `d`.`Bank_Name`, `d`.`Dealer_Id`, `d`.`Ifsc_Code`, `d`.`Remarks`, `d`.`Updated_At`
FROM `Dealer_Bank_Details` AS `d`
WHERE `d`.`Dealer_Id` = @__p_0
2023-10-07 19:14:10.093 +05:30  INF  Executed DbCommand (1ms) [Parameters=[@__p_0='?' (DbType = Int64)], CommandType='"Text"', CommandTimeout='30']
SELECT `d`.`Id`, `d`.`Dealer_Id`, `d`.`Material_Cost`, `d`.`Material_Date`, `d`.`Material_Name`
FROM `Dealer_Material` AS `d`
WHERE `d`.`Dealer_Id` = @__p_0
2023-10-07 19:14:10.095 +05:30  INF  Executed DbCommand (1ms) [Parameters=[@__p_0='?' (DbType = Int64)], CommandType='"Text"', CommandTimeout='30']
SELECT `d`.`Id`, `d`.`Bank_Account_Number`, `d`.`Bank_Name`, `d`.`Dealer_Id`, `d`.`Ifsc_Code`, `d`.`Remarks`, `d`.`Updated_At`
FROM `Dealer_Bank_Details` AS `d`
WHERE `d`.`Dealer_Id` = @__p_0
2023-10-07 19:14:10.096 +05:30  INF  Executed DbCommand (0ms) [Parameters=[@__p_0='?' (DbType = Int64)], CommandType='"Text"', CommandTimeout='30']
SELECT `d`.`Id`, `d`.`Dealer_Id`, `d`.`Material_Cost`, `d`.`Material_Date`, `d`.`Material_Name`
FROM `Dealer_Material` AS `d`
WHERE `d`.`Dealer_Id` = @__p_0
2023-10-07 19:14:10.098 +05:30  INF  Executed DbCommand (1ms) [Parameters=[@__p_0='?' (DbType = Int64)], CommandType='"Text"', CommandTimeout='30']
SELECT `d`.`Id`, `d`.`Bank_Account_Number`, `d`.`Bank_Name`, `d`.`Dealer_Id`, `d`.`Ifsc_Code`, `d`.`Remarks`, `d`.`Updated_At`
FROM `Dealer_Bank_Details` AS `d`
WHERE `d`.`Dealer_Id` = @__p_0
2023-10-07 19:14:10.099 +05:30  INF  Executed DbCommand (1ms) [Parameters=[@__p_0='?' (DbType = Int64)], CommandType='"Text"', CommandTimeout='30']
SELECT `d`.`Id`, `d`.`Dealer_Id`, `d`.`Material_Cost`, `d`.`Material_Date`, `d`.`Material_Name`
FROM `Dealer_Material` AS `d`
WHERE `d`.`Dealer_Id` = @__p_0
2023-10-07 19:14:10.100 +05:30  INF  Executing ObjectResult, writing value of type 'System.Collections.Generic.List`1[[DCRM.Common.Dto.DealerDto, DCRM.Common, Version=1.0.0.0, Culture=neutral, PublicKeyToken=null]]'.
2023-10-07 19:14:10.100 +05:30  INF  Executed action DCRM.Api.Controllers.DealerController.GetAllAsync (DCRM.Api) in 32.0691ms
2023-10-07 19:14:10.100 +05:30  INF  Executed endpoint 'DCRM.Api.Controllers.DealerController.GetAllAsync (DCRM.Api)'
2023-10-07 19:14:10.100 +05:30  INF  Request finished HTTP/2 GET https://localhost:7069/api/Dealer/GetAll application/json - - 200 - application/json;+charset=utf-8 36.1740ms
2023-10-07 19:14:15.113 +05:30  INF  Request starting HTTP/2 OPTIONS https://localhost:7069/api/Dealer/Delete/24 - -
2023-10-07 19:14:15.113 +05:30  INF  CORS policy execution successful.
2023-10-07 19:14:15.113 +05:30  INF  Request finished HTTP/2 OPTIONS https://localhost:7069/api/Dealer/Delete/24 - - - 204 - - 0.2714ms
2023-10-07 19:14:15.114 +05:30  INF  Request starting HTTP/2 DELETE https://localhost:7069/api/Dealer/Delete/24 application/json -
2023-10-07 19:14:15.114 +05:30  INF  CORS policy execution successful.
2023-10-07 19:14:15.117 +05:30  INF  Executed DbCommand (1ms) [Parameters=[@__id_0='?' (DbType = Int32)], CommandType='"Text"', CommandTimeout='30']
SELECT `u`.`Id`, `u`.`About_Me`, `u`.`Account_Type`, `u`.`Address`, `u`.`Available_Days`, `u`.`Bn_Name`, `u`.`City`, `u`.`Country`, `u`.`Created_At`, `u`.`Currency`, `u`.`Degree`, `u`.`Email`, `u`.`Email_Verified`, `u`.`Enable_Appointment`, `u`.`Enable_Rating`, `u`.`Exp_Years`, `u`.`Facebook`, `u`.`Google_Analytics`, `u`.`Image`, `u`.`Instagram`, `u`.`Linkedin`, `u`.`Name`, `u`.`Parent_Id`, `u`.`Password`, `u`.`Paypal_Email`, `u`.`Paypal_Mode`, `u`.`Paypal_Payment`, `u`.`Paystack_Payment`, `u`.`Paystack_Public_Key`, `u`.`Paystack_Secret_Key`, `u`.`Phone`, `u`.`Publish_Key`, `u`.`Qr_Code`, `u`.`Razorpay_Key_Id`, `u`.`Razorpay_Key_Secret`, `u`.`Razorpay_Payment`, `u`.`Role`, `u`.`Secret_Key`, `u`.`Skype`, `u`.`Slug`, `u`.`Specialist`, `u`.`Status`, `u`.`Stripe_Payment`, `u`.`Thumb`, `u`.`Trial_Expire`, `u`.`Twitter`, `u`.`User_Name`, `u`.`User_Type`, `u`.`Verify_Code`, `u`.`Whatsapp`
FROM `Users` AS `u`
WHERE `u`.`Id` = @__id_0
LIMIT 1
2023-10-07 19:14:15.117 +05:30  INF  Executing endpoint 'DCRM.Api.Controllers.DealerController.Delete (DCRM.Api)'
2023-10-07 19:14:15.117 +05:30  INF  Route matched with {action = "Delete", controller = "Dealer"}. Executing controller action with signature System.Threading.Tasks.Task`1[Microsoft.AspNetCore.Mvc.IActionResult] Delete(Int64, Int32) on controller DCRM.Api.Controllers.DealerController (DCRM.Api).
2023-10-07 19:14:15.119 +05:30  INF  Executed DbCommand (1ms) [Parameters=[@__id_0='?' (DbType = Int32), @__userId_1='?' (DbType = Int64)], CommandType='"Text"', CommandTimeout='30']
SELECT `d`.`Id`, `d`.`Address_O`, `d`.`Address_R`, `d`.`City_O`, `d`.`City_R`, `d`.`Company_Name`, `d`.`Country_O`, `d`.`Country_R`, `d`.`Created_At`, `d`.`Email1`, `d`.`Email2`, `d`.`Gst_Number`, `d`.`Image`, `d`.`Is_Deleted`, `d`.`Own_Name_1`, `d`.`Own_Name_2`, `d`.`Pan_Number`, `d`.`Phone1`, `d`.`Phone2`, `d`.`Staff_Email1`, `d`.`Staff_Email2`, `d`.`Staff_Email3`, `d`.`Staff_Email4`, `d`.`Staff_Name1`, `d`.`Staff_Name2`, `d`.`Staff_Name3`, `d`.`Staff_Name4`, `d`.`Staff_Phone1`, `d`.`Staff_Phone2`, `d`.`Staff_Phone3`, `d`.`Staff_Phone4`, `d`.`Updated_At`, `d`.`User_Id`, `d`.`Zip_O`, `d`.`Zip_R`
FROM `Dealers` AS `d`
WHERE (`d`.`Id` = @__id_0) AND (`d`.`User_Id` = @__userId_1)
LIMIT 1
2023-10-07 19:14:15.119 +05:30  INF  Executing OkObjectResult, writing value of type 'System.Int32'.
2023-10-07 19:14:15.119 +05:30  INF  Executed action DCRM.Api.Controllers.DealerController.Delete (DCRM.Api) in 1.589ms
2023-10-07 19:14:15.119 +05:30  INF  Executed endpoint 'DCRM.Api.Controllers.DealerController.Delete (DCRM.Api)'
2023-10-07 19:14:15.119 +05:30  INF  Request finished HTTP/2 DELETE https://localhost:7069/api/Dealer/Delete/24 application/json - - 200 - application/json;+charset=utf-8 4.9756ms
2023-10-07 19:14:19.985 +05:30  INF  Request starting HTTP/2 OPTIONS https://localhost:7069/api/Dealer/Delete/25 - -
2023-10-07 19:14:19.985 +05:30  INF  CORS policy execution successful.
2023-10-07 19:14:19.985 +05:30  INF  Request finished HTTP/2 OPTIONS https://localhost:7069/api/Dealer/Delete/25 - - - 204 - - 0.2682ms
2023-10-07 19:14:19.986 +05:30  INF  Request starting HTTP/2 DELETE https://localhost:7069/api/Dealer/Delete/25 application/json -
2023-10-07 19:14:19.986 +05:30  INF  CORS policy execution successful.
2023-10-07 19:14:19.988 +05:30  INF  Executed DbCommand (1ms) [Parameters=[@__id_0='?' (DbType = Int32)], CommandType='"Text"', CommandTimeout='30']
SELECT `u`.`Id`, `u`.`About_Me`, `u`.`Account_Type`, `u`.`Address`, `u`.`Available_Days`, `u`.`Bn_Name`, `u`.`City`, `u`.`Country`, `u`.`Created_At`, `u`.`Currency`, `u`.`Degree`, `u`.`Email`, `u`.`Email_Verified`, `u`.`Enable_Appointment`, `u`.`Enable_Rating`, `u`.`Exp_Years`, `u`.`Facebook`, `u`.`Google_Analytics`, `u`.`Image`, `u`.`Instagram`, `u`.`Linkedin`, `u`.`Name`, `u`.`Parent_Id`, `u`.`Password`, `u`.`Paypal_Email`, `u`.`Paypal_Mode`, `u`.`Paypal_Payment`, `u`.`Paystack_Payment`, `u`.`Paystack_Public_Key`, `u`.`Paystack_Secret_Key`, `u`.`Phone`, `u`.`Publish_Key`, `u`.`Qr_Code`, `u`.`Razorpay_Key_Id`, `u`.`Razorpay_Key_Secret`, `u`.`Razorpay_Payment`, `u`.`Role`, `u`.`Secret_Key`, `u`.`Skype`, `u`.`Slug`, `u`.`Specialist`, `u`.`Status`, `u`.`Stripe_Payment`, `u`.`Thumb`, `u`.`Trial_Expire`, `u`.`Twitter`, `u`.`User_Name`, `u`.`User_Type`, `u`.`Verify_Code`, `u`.`Whatsapp`
FROM `Users` AS `u`
WHERE `u`.`Id` = @__id_0
LIMIT 1
2023-10-07 19:14:19.988 +05:30  INF  Executing endpoint 'DCRM.Api.Controllers.DealerController.Delete (DCRM.Api)'
2023-10-07 19:14:19.988 +05:30  INF  Route matched with {action = "Delete", controller = "Dealer"}. Executing controller action with signature System.Threading.Tasks.Task`1[Microsoft.AspNetCore.Mvc.IActionResult] Delete(Int64, Int32) on controller DCRM.Api.Controllers.DealerController (DCRM.Api).
2023-10-07 19:14:19.990 +05:30  INF  Executed DbCommand (1ms) [Parameters=[@__id_0='?' (DbType = Int32), @__userId_1='?' (DbType = Int64)], CommandType='"Text"', CommandTimeout='30']
SELECT `d`.`Id`, `d`.`Address_O`, `d`.`Address_R`, `d`.`City_O`, `d`.`City_R`, `d`.`Company_Name`, `d`.`Country_O`, `d`.`Country_R`, `d`.`Created_At`, `d`.`Email1`, `d`.`Email2`, `d`.`Gst_Number`, `d`.`Image`, `d`.`Is_Deleted`, `d`.`Own_Name_1`, `d`.`Own_Name_2`, `d`.`Pan_Number`, `d`.`Phone1`, `d`.`Phone2`, `d`.`Staff_Email1`, `d`.`Staff_Email2`, `d`.`Staff_Email3`, `d`.`Staff_Email4`, `d`.`Staff_Name1`, `d`.`Staff_Name2`, `d`.`Staff_Name3`, `d`.`Staff_Name4`, `d`.`Staff_Phone1`, `d`.`Staff_Phone2`, `d`.`Staff_Phone3`, `d`.`Staff_Phone4`, `d`.`Updated_At`, `d`.`User_Id`, `d`.`Zip_O`, `d`.`Zip_R`
FROM `Dealers` AS `d`
WHERE (`d`.`Id` = @__id_0) AND (`d`.`User_Id` = @__userId_1)
LIMIT 1
2023-10-07 19:14:19.990 +05:30  INF  Executing OkObjectResult, writing value of type 'System.Int32'.
2023-10-07 19:14:19.990 +05:30  INF  Executed action DCRM.Api.Controllers.DealerController.Delete (DCRM.Api) in 1.6948ms
2023-10-07 19:14:19.990 +05:30  INF  Executed endpoint 'DCRM.Api.Controllers.DealerController.Delete (DCRM.Api)'
2023-10-07 19:14:19.990 +05:30  INF  Request finished HTTP/2 DELETE https://localhost:7069/api/Dealer/Delete/25 application/json - - 200 - application/json;+charset=utf-8 4.7403ms
2023-10-07 19:14:23.516 +05:30  INF  Request starting HTTP/2 OPTIONS https://localhost:7069/api/Dealer/Delete/27 - -
2023-10-07 19:14:23.517 +05:30  INF  CORS policy execution successful.
2023-10-07 19:14:23.517 +05:30  INF  Request finished HTTP/2 OPTIONS https://localhost:7069/api/Dealer/Delete/27 - - - 204 - - 0.2768ms
2023-10-07 19:14:23.517 +05:30  INF  Request starting HTTP/2 DELETE https://localhost:7069/api/Dealer/Delete/27 application/json -
2023-10-07 19:14:23.517 +05:30  INF  CORS policy execution successful.
2023-10-07 19:14:23.520 +05:30  INF  Executed DbCommand (1ms) [Parameters=[@__id_0='?' (DbType = Int32)], CommandType='"Text"', CommandTimeout='30']
SELECT `u`.`Id`, `u`.`About_Me`, `u`.`Account_Type`, `u`.`Address`, `u`.`Available_Days`, `u`.`Bn_Name`, `u`.`City`, `u`.`Country`, `u`.`Created_At`, `u`.`Currency`, `u`.`Degree`, `u`.`Email`, `u`.`Email_Verified`, `u`.`Enable_Appointment`, `u`.`Enable_Rating`, `u`.`Exp_Years`, `u`.`Facebook`, `u`.`Google_Analytics`, `u`.`Image`, `u`.`Instagram`, `u`.`Linkedin`, `u`.`Name`, `u`.`Parent_Id`, `u`.`Password`, `u`.`Paypal_Email`, `u`.`Paypal_Mode`, `u`.`Paypal_Payment`, `u`.`Paystack_Payment`, `u`.`Paystack_Public_Key`, `u`.`Paystack_Secret_Key`, `u`.`Phone`, `u`.`Publish_Key`, `u`.`Qr_Code`, `u`.`Razorpay_Key_Id`, `u`.`Razorpay_Key_Secret`, `u`.`Razorpay_Payment`, `u`.`Role`, `u`.`Secret_Key`, `u`.`Skype`, `u`.`Slug`, `u`.`Specialist`, `u`.`Status`, `u`.`Stripe_Payment`, `u`.`Thumb`, `u`.`Trial_Expire`, `u`.`Twitter`, `u`.`User_Name`, `u`.`User_Type`, `u`.`Verify_Code`, `u`.`Whatsapp`
FROM `Users` AS `u`
WHERE `u`.`Id` = @__id_0
LIMIT 1
2023-10-07 19:14:23.520 +05:30  INF  Executing endpoint 'DCRM.Api.Controllers.DealerController.Delete (DCRM.Api)'
2023-10-07 19:14:23.520 +05:30  INF  Route matched with {action = "Delete", controller = "Dealer"}. Executing controller action with signature System.Threading.Tasks.Task`1[Microsoft.AspNetCore.Mvc.IActionResult] Delete(Int64, Int32) on controller DCRM.Api.Controllers.DealerController (DCRM.Api).
2023-10-07 19:14:23.522 +05:30  INF  Executed DbCommand (1ms) [Parameters=[@__id_0='?' (DbType = Int32), @__userId_1='?' (DbType = Int64)], CommandType='"Text"', CommandTimeout='30']
SELECT `d`.`Id`, `d`.`Address_O`, `d`.`Address_R`, `d`.`City_O`, `d`.`City_R`, `d`.`Company_Name`, `d`.`Country_O`, `d`.`Country_R`, `d`.`Created_At`, `d`.`Email1`, `d`.`Email2`, `d`.`Gst_Number`, `d`.`Image`, `d`.`Is_Deleted`, `d`.`Own_Name_1`, `d`.`Own_Name_2`, `d`.`Pan_Number`, `d`.`Phone1`, `d`.`Phone2`, `d`.`Staff_Email1`, `d`.`Staff_Email2`, `d`.`Staff_Email3`, `d`.`Staff_Email4`, `d`.`Staff_Name1`, `d`.`Staff_Name2`, `d`.`Staff_Name3`, `d`.`Staff_Name4`, `d`.`Staff_Phone1`, `d`.`Staff_Phone2`, `d`.`Staff_Phone3`, `d`.`Staff_Phone4`, `d`.`Updated_At`, `d`.`User_Id`, `d`.`Zip_O`, `d`.`Zip_R`
FROM `Dealers` AS `d`
WHERE (`d`.`Id` = @__id_0) AND (`d`.`User_Id` = @__userId_1)
LIMIT 1
2023-10-07 19:14:23.522 +05:30  INF  Executing OkObjectResult, writing value of type 'System.Int32'.
2023-10-07 19:14:23.522 +05:30  INF  Executed action DCRM.Api.Controllers.DealerController.Delete (DCRM.Api) in 1.7597ms
2023-10-07 19:14:23.522 +05:30  INF  Executed endpoint 'DCRM.Api.Controllers.DealerController.Delete (DCRM.Api)'
2023-10-07 19:14:23.522 +05:30  INF  Request finished HTTP/2 DELETE https://localhost:7069/api/Dealer/Delete/27 application/json - - 200 - application/json;+charset=utf-8 4.8764ms
2023-10-07 19:14:26.680 +05:30  INF  Request starting HTTP/2 OPTIONS https://localhost:7069/api/Dealer/Delete/28 - -
2023-10-07 19:14:26.681 +05:30  INF  CORS policy execution successful.
2023-10-07 19:14:26.681 +05:30  INF  Request finished HTTP/2 OPTIONS https://localhost:7069/api/Dealer/Delete/28 - - - 204 - - 0.2936ms
2023-10-07 19:14:26.682 +05:30  INF  Request starting HTTP/2 DELETE https://localhost:7069/api/Dealer/Delete/28 application/json -
2023-10-07 19:14:26.682 +05:30  INF  CORS policy execution successful.
2023-10-07 19:14:26.684 +05:30  INF  Executed DbCommand (1ms) [Parameters=[@__id_0='?' (DbType = Int32)], CommandType='"Text"', CommandTimeout='30']
SELECT `u`.`Id`, `u`.`About_Me`, `u`.`Account_Type`, `u`.`Address`, `u`.`Available_Days`, `u`.`Bn_Name`, `u`.`City`, `u`.`Country`, `u`.`Created_At`, `u`.`Currency`, `u`.`Degree`, `u`.`Email`, `u`.`Email_Verified`, `u`.`Enable_Appointment`, `u`.`Enable_Rating`, `u`.`Exp_Years`, `u`.`Facebook`, `u`.`Google_Analytics`, `u`.`Image`, `u`.`Instagram`, `u`.`Linkedin`, `u`.`Name`, `u`.`Parent_Id`, `u`.`Password`, `u`.`Paypal_Email`, `u`.`Paypal_Mode`, `u`.`Paypal_Payment`, `u`.`Paystack_Payment`, `u`.`Paystack_Public_Key`, `u`.`Paystack_Secret_Key`, `u`.`Phone`, `u`.`Publish_Key`, `u`.`Qr_Code`, `u`.`Razorpay_Key_Id`, `u`.`Razorpay_Key_Secret`, `u`.`Razorpay_Payment`, `u`.`Role`, `u`.`Secret_Key`, `u`.`Skype`, `u`.`Slug`, `u`.`Specialist`, `u`.`Status`, `u`.`Stripe_Payment`, `u`.`Thumb`, `u`.`Trial_Expire`, `u`.`Twitter`, `u`.`User_Name`, `u`.`User_Type`, `u`.`Verify_Code`, `u`.`Whatsapp`
FROM `Users` AS `u`
WHERE `u`.`Id` = @__id_0
LIMIT 1
2023-10-07 19:14:26.685 +05:30  INF  Executing endpoint 'DCRM.Api.Controllers.DealerController.Delete (DCRM.Api)'
2023-10-07 19:14:26.685 +05:30  INF  Route matched with {action = "Delete", controller = "Dealer"}. Executing controller action with signature System.Threading.Tasks.Task`1[Microsoft.AspNetCore.Mvc.IActionResult] Delete(Int64, Int32) on controller DCRM.Api.Controllers.DealerController (DCRM.Api).
2023-10-07 19:14:26.686 +05:30  INF  Executed DbCommand (1ms) [Parameters=[@__id_0='?' (DbType = Int32), @__userId_1='?' (DbType = Int64)], CommandType='"Text"', CommandTimeout='30']
SELECT `d`.`Id`, `d`.`Address_O`, `d`.`Address_R`, `d`.`City_O`, `d`.`City_R`, `d`.`Company_Name`, `d`.`Country_O`, `d`.`Country_R`, `d`.`Created_At`, `d`.`Email1`, `d`.`Email2`, `d`.`Gst_Number`, `d`.`Image`, `d`.`Is_Deleted`, `d`.`Own_Name_1`, `d`.`Own_Name_2`, `d`.`Pan_Number`, `d`.`Phone1`, `d`.`Phone2`, `d`.`Staff_Email1`, `d`.`Staff_Email2`, `d`.`Staff_Email3`, `d`.`Staff_Email4`, `d`.`Staff_Name1`, `d`.`Staff_Name2`, `d`.`Staff_Name3`, `d`.`Staff_Name4`, `d`.`Staff_Phone1`, `d`.`Staff_Phone2`, `d`.`Staff_Phone3`, `d`.`Staff_Phone4`, `d`.`Updated_At`, `d`.`User_Id`, `d`.`Zip_O`, `d`.`Zip_R`
FROM `Dealers` AS `d`
WHERE (`d`.`Id` = @__id_0) AND (`d`.`User_Id` = @__userId_1)
LIMIT 1
2023-10-07 19:14:26.686 +05:30  INF  Executing OkObjectResult, writing value of type 'System.Int32'.
2023-10-07 19:14:26.687 +05:30  INF  Executed action DCRM.Api.Controllers.DealerController.Delete (DCRM.Api) in 1.7078ms
2023-10-07 19:14:26.687 +05:30  INF  Executed endpoint 'DCRM.Api.Controllers.DealerController.Delete (DCRM.Api)'
2023-10-07 19:14:26.687 +05:30  INF  Request finished HTTP/2 DELETE https://localhost:7069/api/Dealer/Delete/28 application/json - - 200 - application/json;+charset=utf-8 5.0385ms
2023-10-07 19:17:50.844 +05:30  INF  User profile is available. Using 'C:\Users\91812\AppData\Local\ASP.NET\DataProtection-Keys' as key repository and Windows DPAPI to encrypt keys at rest.
2023-10-07 19:17:51.011 +05:30  INF  Now listening on: https://localhost:7069
2023-10-07 19:17:51.011 +05:30  INF  Now listening on: http://localhost:5069
2023-10-07 19:17:51.016 +05:30  INF  Application started. Press Ctrl+C to shut down.
2023-10-07 19:17:51.016 +05:30  INF  Hosting environment: Development
2023-10-07 19:17:51.016 +05:30  INF  Content root path: D:\ez-technologies\virmani_dotnet\DCRM.Api\
2023-10-07 19:17:51.614 +05:30  INF  Request starting HTTP/2 GET https://localhost:7069/swagger/index.html - -
2023-10-07 19:17:51.978 +05:30  INF  Request finished HTTP/2 GET https://localhost:7069/swagger/index.html - - - 200 - text/html;charset=utf-8 367.1416ms
2023-10-07 19:17:52.018 +05:30  INF  Request starting HTTP/2 GET https://localhost:7069/_framework/aspnetcore-browser-refresh.js - -
2023-10-07 19:17:52.018 +05:30  INF  Request starting HTTP/2 GET https://localhost:7069/_vs/browserLink - -
2023-10-07 19:17:52.022 +05:30  INF  Request finished HTTP/2 GET https://localhost:7069/_framework/aspnetcore-browser-refresh.js - - - 200 12348 application/javascript;+charset=utf-8 3.9622ms
2023-10-07 19:17:52.051 +05:30  INF  Request finished HTTP/2 GET https://localhost:7069/_vs/browserLink - - - 200 - text/javascript;+charset=UTF-8 32.2934ms
2023-10-07 19:17:52.162 +05:30  INF  Request starting HTTP/2 GET https://localhost:7069/swagger/v1/swagger.json - -
2023-10-07 19:17:52.349 +05:30  INF  Request finished HTTP/2 GET https://localhost:7069/swagger/v1/swagger.json - - - 200 - application/json;charset=utf-8 186.9738ms
2023-10-07 19:17:57.871 +05:30  INF  Request starting HTTP/2 OPTIONS https://localhost:7069/api/Authenticate/user - -
2023-10-07 19:17:57.877 +05:30  INF  CORS policy execution successful.
2023-10-07 19:17:57.879 +05:30  INF  Request finished HTTP/2 OPTIONS https://localhost:7069/api/Authenticate/user - - - 204 - - 8.1308ms
2023-10-07 19:17:57.880 +05:30  INF  Request starting HTTP/2 POST https://localhost:7069/api/Authenticate/user application/json 48
2023-10-07 19:17:57.881 +05:30  INF  CORS policy execution successful.
2023-10-07 19:17:58.952 +05:30  INF  Executing endpoint 'DCRM.Api.Controllers.AuthenticateController.Post (DCRM.Api)'
2023-10-07 19:17:58.985 +05:30  INF  Route matched with {action = "Post", controller = "Authenticate"}. Executing controller action with signature Microsoft.AspNetCore.Mvc.IActionResult Post(System.String, DCRM.Common.AuthenticateRequest) on controller DCRM.Api.Controllers.AuthenticateController (DCRM.Api).
2023-10-07 19:17:59.730 +05:30  INF  Executed DbCommand (11ms) [Parameters=[@__authenticateRequest_Email_0='?' (Size = 4000), @__authenticateRequest_Password_1='?' (Size = 4000)], CommandType='"Text"', CommandTimeout='30']
SELECT `u`.`Id`, `u`.`About_Me`, `u`.`Account_Type`, `u`.`Address`, `u`.`Available_Days`, `u`.`Bn_Name`, `u`.`City`, `u`.`Country`, `u`.`Created_At`, `u`.`Currency`, `u`.`Degree`, `u`.`Email`, `u`.`Email_Verified`, `u`.`Enable_Appointment`, `u`.`Enable_Rating`, `u`.`Exp_Years`, `u`.`Facebook`, `u`.`Google_Analytics`, `u`.`Image`, `u`.`Instagram`, `u`.`Linkedin`, `u`.`Name`, `u`.`Parent_Id`, `u`.`Password`, `u`.`Paypal_Email`, `u`.`Paypal_Mode`, `u`.`Paypal_Payment`, `u`.`Paystack_Payment`, `u`.`Paystack_Public_Key`, `u`.`Paystack_Secret_Key`, `u`.`Phone`, `u`.`Publish_Key`, `u`.`Qr_Code`, `u`.`Razorpay_Key_Id`, `u`.`Razorpay_Key_Secret`, `u`.`Razorpay_Payment`, `u`.`Role`, `u`.`Secret_Key`, `u`.`Skype`, `u`.`Slug`, `u`.`Specialist`, `u`.`Status`, `u`.`Stripe_Payment`, `u`.`Thumb`, `u`.`Trial_Expire`, `u`.`Twitter`, `u`.`User_Name`, `u`.`User_Type`, `u`.`Verify_Code`, `u`.`Whatsapp`
FROM `Users` AS `u`
WHERE ((`u`.`Status` = 1) AND (`u`.`Email` = @__authenticateRequest_Email_0)) AND (`u`.`Password` = @__authenticateRequest_Password_1)
LIMIT 2
2023-10-07 19:18:00.017 +05:30  INF  Executing OkObjectResult, writing value of type 'DCRM.Common.AuthenticateResponse'.
2023-10-07 19:18:00.043 +05:30  INF  Executed action DCRM.Api.Controllers.AuthenticateController.Post (DCRM.Api) in 1052.1025ms
2023-10-07 19:18:00.043 +05:30  INF  Executed endpoint 'DCRM.Api.Controllers.AuthenticateController.Post (DCRM.Api)'
2023-10-07 19:18:00.052 +05:30  INF  Request finished HTTP/2 POST https://localhost:7069/api/Authenticate/user application/json 48 - 200 - application/json;+charset=utf-8 2171.5278ms
2023-10-07 19:18:00.063 +05:30  INF  Request starting HTTP/2 OPTIONS https://localhost:7069/api/Dashboard/Get - -
2023-10-07 19:18:00.066 +05:30  INF  CORS policy execution successful.
2023-10-07 19:18:00.066 +05:30  INF  Request finished HTTP/2 OPTIONS https://localhost:7069/api/Dashboard/Get - - - 204 - - 3.1234ms
2023-10-07 19:18:00.067 +05:30  INF  Request starting HTTP/2 GET https://localhost:7069/api/Dashboard/Get application/json -
2023-10-07 19:18:00.067 +05:30  INF  CORS policy execution successful.
2023-10-07 19:18:00.228 +05:30  INF  Executed DbCommand (7ms) [Parameters=[@__id_0='?' (DbType = Int32)], CommandType='"Text"', CommandTimeout='30']
SELECT `u`.`Id`, `u`.`About_Me`, `u`.`Account_Type`, `u`.`Address`, `u`.`Available_Days`, `u`.`Bn_Name`, `u`.`City`, `u`.`Country`, `u`.`Created_At`, `u`.`Currency`, `u`.`Degree`, `u`.`Email`, `u`.`Email_Verified`, `u`.`Enable_Appointment`, `u`.`Enable_Rating`, `u`.`Exp_Years`, `u`.`Facebook`, `u`.`Google_Analytics`, `u`.`Image`, `u`.`Instagram`, `u`.`Linkedin`, `u`.`Name`, `u`.`Parent_Id`, `u`.`Password`, `u`.`Paypal_Email`, `u`.`Paypal_Mode`, `u`.`Paypal_Payment`, `u`.`Paystack_Payment`, `u`.`Paystack_Public_Key`, `u`.`Paystack_Secret_Key`, `u`.`Phone`, `u`.`Publish_Key`, `u`.`Qr_Code`, `u`.`Razorpay_Key_Id`, `u`.`Razorpay_Key_Secret`, `u`.`Razorpay_Payment`, `u`.`Role`, `u`.`Secret_Key`, `u`.`Skype`, `u`.`Slug`, `u`.`Specialist`, `u`.`Status`, `u`.`Stripe_Payment`, `u`.`Thumb`, `u`.`Trial_Expire`, `u`.`Twitter`, `u`.`User_Name`, `u`.`User_Type`, `u`.`Verify_Code`, `u`.`Whatsapp`
FROM `Users` AS `u`
WHERE `u`.`Id` = @__id_0
LIMIT 1
2023-10-07 19:18:00.236 +05:30  INF  Executing endpoint 'DCRM.Api.Controllers.DashboardController.Get (DCRM.Api)'
2023-10-07 19:18:00.237 +05:30  INF  Route matched with {action = "Get", controller = "Dashboard"}. Executing controller action with signature DCRM.Common.Dto.DashboardDto Get() on controller DCRM.Api.Controllers.DashboardController (DCRM.Api).
2023-10-07 19:18:00.250 +05:30  INF  Executed DbCommand (2ms) [Parameters=[@__p_0='?' (DbType = Int64)], CommandType='"Text"', CommandTimeout='30']
SELECT `p`.`Id`, `p`.`Age`, `p`.`Chamber_Id`, `p`.`Created_At`, `p`.`Email`, `p`.`Guardian`, `p`.`Is_Delete`, `p`.`Mobile`, `p`.`Mr_Number`, `p`.`Name`, `p`.`Password`, `p`.`Permanent_Address`, `p`.`Present_Address`, `p`.`Role`, `p`.`Sex`, `p`.`Slug`, `p`.`Thumb`, `p`.`Title`, `p`.`UserName`, `p`.`User_Id`, `p`.`Verify_Code`, `p`.`Weight`
FROM `Patientses` AS `p`
WHERE (`p`.`User_Id` = @__p_0) AND (`p`.`Is_Delete` = 0)
2023-10-07 19:18:00.310 +05:30  INF  Executed DbCommand (1ms) [Parameters=[@__userId_0='?' (DbType = Int32)], CommandType='"Text"', CommandTimeout='30']
SELECT `s`.`Id`, `s`.`Blood_Group`, `s`.`Chamber_Id`, `s`.`Created_At`, `s`.`Current_Address`, `s`.`Date_Of_Joining`, `s`.`Department`, `s`.`Designation`, `s`.`Dob`, `s`.`Email`, `s`.`Father`, `s`.`Gender`, `s`.`Gst`, `s`.`Is_Deleted`, `s`.`Marital_Status`, `s`.`Mother`, `s`.`Name`, `s`.`Note`, `s`.`Pan`, `s`.`Password`, `s`.`Permanent_Address`, `s`.`Phone`, `s`.`Qualification`, `s`.`Role`, `s`.`Slug`, `s`.`Specialization`, `s`.`Status`, `s`.`Thumb`, `s`.`User_Id`, `s`.`User_Name`, `s`.`Work_Experience`
FROM `Staffs` AS `s`
WHERE (`s`.`User_Id` = @__userId_0) AND (`s`.`Is_Deleted` = 0)
2023-10-07 19:18:00.383 +05:30  INF  Executed DbCommand (1ms) [Parameters=[@__userId_0='?' (DbType = Int32)], CommandType='"Text"', CommandTimeout='30']
SELECT `a`.`Id`, `a`.`Appointment_Status`, `a`.`Cause`, `a`.`Chair`, `a`.`Chamber_Id`, `a`.`Created_At`, `a`.`Date`, `a`.`Doctor_Id`, `a`.`Doctor_Name`, `a`.`End_Time`, `a`.`Extra_Notes`, `a`.`Files`, `a`.`Is_Delete`, `a`.`Is_Start`, `a`.`Meeting_Notes`, `a`.`Number_Of_Slot`, `a`.`Patient_Id`, `a`.`Prescription_Id`, `a`.`Serial_Id`, `a`.`Slot_Time`, `a`.`Start_Time`, `a`.`Status`, `a`.`Type`, `a`.`User_Id`
FROM `Appointments` AS `a`
WHERE (`a`.`User_Id` = @__userId_0) AND (`a`.`Is_Delete` = 0)
2023-10-07 19:18:00.453 +05:30  INF  Executed DbCommand (2ms) [Parameters=[@__userId_0='?' (DbType = Int32)], CommandType='"Text"', CommandTimeout='30']
SELECT `a`.`Id`, `a`.`Appointment_Status`, `a`.`Cause`, `a`.`Chair`, `a`.`Chamber_Id`, `a`.`Created_At`, `a`.`Date`, `a`.`Doctor_Id`, `a`.`Doctor_Name`, `a`.`End_Time`, `a`.`Extra_Notes`, `a`.`Files`, `a`.`Is_Delete`, `a`.`Is_Start`, `a`.`Meeting_Notes`, `a`.`Number_Of_Slot`, `a`.`Patient_Id`, `a`.`Prescription_Id`, `a`.`Serial_Id`, `a`.`Slot_Time`, `a`.`Start_Time`, `a`.`Status`, `a`.`Type`, `a`.`User_Id`
FROM `Appointments` AS `a`
WHERE ((`a`.`User_Id` = @__userId_0) AND (`a`.`Is_Delete` = 0)) AND (`a`.`Date` = CURDATE())
2023-10-07 19:18:00.454 +05:30  INF  Executing ObjectResult, writing value of type 'DCRM.Common.Dto.DashboardDto'.
2023-10-07 19:18:00.455 +05:30  INF  Executed action DCRM.Api.Controllers.DashboardController.Get (DCRM.Api) in 217.9883ms
2023-10-07 19:18:00.456 +05:30  INF  Executed endpoint 'DCRM.Api.Controllers.DashboardController.Get (DCRM.Api)'
2023-10-07 19:18:00.456 +05:30  INF  Request finished HTTP/2 GET https://localhost:7069/api/Dashboard/Get application/json - - 200 - application/json;+charset=utf-8 388.6768ms
2023-10-07 19:18:02.553 +05:30  INF  Request starting HTTP/2 OPTIONS https://localhost:7069/api/Dealer/GetAll - -
2023-10-07 19:18:02.554 +05:30  INF  CORS policy execution successful.
2023-10-07 19:18:02.554 +05:30  INF  Request finished HTTP/2 OPTIONS https://localhost:7069/api/Dealer/GetAll - - - 204 - - 0.5800ms
2023-10-07 19:18:02.554 +05:30  INF  Request starting HTTP/2 GET https://localhost:7069/api/Dealer/GetAll application/json -
2023-10-07 19:18:02.555 +05:30  INF  CORS policy execution successful.
2023-10-07 19:18:02.581 +05:30  INF  Executed DbCommand (2ms) [Parameters=[@__id_0='?' (DbType = Int32)], CommandType='"Text"', CommandTimeout='30']
SELECT `u`.`Id`, `u`.`About_Me`, `u`.`Account_Type`, `u`.`Address`, `u`.`Available_Days`, `u`.`Bn_Name`, `u`.`City`, `u`.`Country`, `u`.`Created_At`, `u`.`Currency`, `u`.`Degree`, `u`.`Email`, `u`.`Email_Verified`, `u`.`Enable_Appointment`, `u`.`Enable_Rating`, `u`.`Exp_Years`, `u`.`Facebook`, `u`.`Google_Analytics`, `u`.`Image`, `u`.`Instagram`, `u`.`Linkedin`, `u`.`Name`, `u`.`Parent_Id`, `u`.`Password`, `u`.`Paypal_Email`, `u`.`Paypal_Mode`, `u`.`Paypal_Payment`, `u`.`Paystack_Payment`, `u`.`Paystack_Public_Key`, `u`.`Paystack_Secret_Key`, `u`.`Phone`, `u`.`Publish_Key`, `u`.`Qr_Code`, `u`.`Razorpay_Key_Id`, `u`.`Razorpay_Key_Secret`, `u`.`Razorpay_Payment`, `u`.`Role`, `u`.`Secret_Key`, `u`.`Skype`, `u`.`Slug`, `u`.`Specialist`, `u`.`Status`, `u`.`Stripe_Payment`, `u`.`Thumb`, `u`.`Trial_Expire`, `u`.`Twitter`, `u`.`User_Name`, `u`.`User_Type`, `u`.`Verify_Code`, `u`.`Whatsapp`
FROM `Users` AS `u`
WHERE `u`.`Id` = @__id_0
LIMIT 1
2023-10-07 19:18:02.581 +05:30  INF  Executing endpoint 'DCRM.Api.Controllers.DealerController.GetAllAsync (DCRM.Api)'
2023-10-07 19:18:02.585 +05:30  INF  Route matched with {action = "GetAll", controller = "Dealer"}. Executing controller action with signature System.Threading.Tasks.Task`1[System.Collections.Generic.IEnumerable`1[DCRM.Common.Dto.DealerDto]] GetAllAsync() on controller DCRM.Api.Controllers.DealerController (DCRM.Api).
2023-10-07 19:18:02.597 +05:30  INF  Executed DbCommand (1ms) [Parameters=[@__userId_0='?' (DbType = Int64)], CommandType='"Text"', CommandTimeout='30']
SELECT `d`.`Id`, `d`.`Address_O`, `d`.`Address_R`, `d`.`City_O`, `d`.`City_R`, `d`.`Company_Name`, `d`.`Country_O`, `d`.`Country_R`, `d`.`Created_At`, `d`.`Email1`, `d`.`Email2`, `d`.`Gst_Number`, `d`.`Image`, `d`.`Is_Deleted`, `d`.`Own_Name_1`, `d`.`Own_Name_2`, `d`.`Pan_Number`, `d`.`Phone1`, `d`.`Phone2`, `d`.`Staff_Email1`, `d`.`Staff_Email2`, `d`.`Staff_Email3`, `d`.`Staff_Email4`, `d`.`Staff_Name1`, `d`.`Staff_Name2`, `d`.`Staff_Name3`, `d`.`Staff_Name4`, `d`.`Staff_Phone1`, `d`.`Staff_Phone2`, `d`.`Staff_Phone3`, `d`.`Staff_Phone4`, `d`.`Updated_At`, `d`.`User_Id`, `d`.`Zip_O`, `d`.`Zip_R`
FROM `Dealers` AS `d`
WHERE (`d`.`Is_Deleted` = 0) AND (`d`.`User_Id` = @__userId_0)
2023-10-07 19:18:02.674 +05:30  INF  Executed DbCommand (1ms) [Parameters=[@__p_0='?' (DbType = Int64)], CommandType='"Text"', CommandTimeout='30']
SELECT `d`.`Id`, `d`.`Bank_Account_Number`, `d`.`Bank_Name`, `d`.`Dealer_Id`, `d`.`Ifsc_Code`, `d`.`Remarks`, `d`.`Updated_At`
FROM `Dealer_Bank_Details` AS `d`
WHERE `d`.`Dealer_Id` = @__p_0
2023-10-07 19:18:02.680 +05:30  INF  Executed DbCommand (1ms) [Parameters=[@__p_0='?' (DbType = Int64)], CommandType='"Text"', CommandTimeout='30']
SELECT `d`.`Id`, `d`.`Dealer_Id`, `d`.`Material_Cost`, `d`.`Material_Date`, `d`.`Material_Name`
FROM `Dealer_Material` AS `d`
WHERE `d`.`Dealer_Id` = @__p_0
2023-10-07 19:18:02.681 +05:30  INF  Executed DbCommand (1ms) [Parameters=[@__p_0='?' (DbType = Int64)], CommandType='"Text"', CommandTimeout='30']
SELECT `d`.`Id`, `d`.`Bank_Account_Number`, `d`.`Bank_Name`, `d`.`Dealer_Id`, `d`.`Ifsc_Code`, `d`.`Remarks`, `d`.`Updated_At`
FROM `Dealer_Bank_Details` AS `d`
WHERE `d`.`Dealer_Id` = @__p_0
2023-10-07 19:18:02.683 +05:30  INF  Executed DbCommand (0ms) [Parameters=[@__p_0='?' (DbType = Int64)], CommandType='"Text"', CommandTimeout='30']
SELECT `d`.`Id`, `d`.`Dealer_Id`, `d`.`Material_Cost`, `d`.`Material_Date`, `d`.`Material_Name`
FROM `Dealer_Material` AS `d`
WHERE `d`.`Dealer_Id` = @__p_0
2023-10-07 19:18:02.685 +05:30  INF  Executed DbCommand (1ms) [Parameters=[@__p_0='?' (DbType = Int64)], CommandType='"Text"', CommandTimeout='30']
SELECT `d`.`Id`, `d`.`Bank_Account_Number`, `d`.`Bank_Name`, `d`.`Dealer_Id`, `d`.`Ifsc_Code`, `d`.`Remarks`, `d`.`Updated_At`
FROM `Dealer_Bank_Details` AS `d`
WHERE `d`.`Dealer_Id` = @__p_0
2023-10-07 19:18:02.705 +05:30  INF  Executed DbCommand (1ms) [Parameters=[@__p_0='?' (DbType = Int64)], CommandType='"Text"', CommandTimeout='30']
SELECT `d`.`Id`, `d`.`Dealer_Id`, `d`.`Material_Cost`, `d`.`Material_Date`, `d`.`Material_Name`
FROM `Dealer_Material` AS `d`
WHERE `d`.`Dealer_Id` = @__p_0
2023-10-07 19:18:02.719 +05:30  INF  Executed DbCommand (1ms) [Parameters=[@__p_0='?' (DbType = Int64)], CommandType='"Text"', CommandTimeout='30']
SELECT `d`.`Id`, `d`.`Bank_Account_Number`, `d`.`Bank_Name`, `d`.`Dealer_Id`, `d`.`Ifsc_Code`, `d`.`Remarks`, `d`.`Updated_At`
FROM `Dealer_Bank_Details` AS `d`
WHERE `d`.`Dealer_Id` = @__p_0
2023-10-07 19:18:02.722 +05:30  INF  Executed DbCommand (1ms) [Parameters=[@__p_0='?' (DbType = Int64)], CommandType='"Text"', CommandTimeout='30']
SELECT `d`.`Id`, `d`.`Dealer_Id`, `d`.`Material_Cost`, `d`.`Material_Date`, `d`.`Material_Name`
FROM `Dealer_Material` AS `d`
WHERE `d`.`Dealer_Id` = @__p_0
2023-10-07 19:18:02.723 +05:30  INF  Executed DbCommand (1ms) [Parameters=[@__p_0='?' (DbType = Int64)], CommandType='"Text"', CommandTimeout='30']
SELECT `d`.`Id`, `d`.`Bank_Account_Number`, `d`.`Bank_Name`, `d`.`Dealer_Id`, `d`.`Ifsc_Code`, `d`.`Remarks`, `d`.`Updated_At`
FROM `Dealer_Bank_Details` AS `d`
WHERE `d`.`Dealer_Id` = @__p_0
2023-10-07 19:18:02.725 +05:30  INF  Executed DbCommand (1ms) [Parameters=[@__p_0='?' (DbType = Int64)], CommandType='"Text"', CommandTimeout='30']
SELECT `d`.`Id`, `d`.`Dealer_Id`, `d`.`Material_Cost`, `d`.`Material_Date`, `d`.`Material_Name`
FROM `Dealer_Material` AS `d`
WHERE `d`.`Dealer_Id` = @__p_0
2023-10-07 19:18:02.727 +05:30  INF  Executed DbCommand (1ms) [Parameters=[@__p_0='?' (DbType = Int64)], CommandType='"Text"', CommandTimeout='30']
SELECT `d`.`Id`, `d`.`Bank_Account_Number`, `d`.`Bank_Name`, `d`.`Dealer_Id`, `d`.`Ifsc_Code`, `d`.`Remarks`, `d`.`Updated_At`
FROM `Dealer_Bank_Details` AS `d`
WHERE `d`.`Dealer_Id` = @__p_0
2023-10-07 19:18:02.729 +05:30  INF  Executed DbCommand (1ms) [Parameters=[@__p_0='?' (DbType = Int64)], CommandType='"Text"', CommandTimeout='30']
SELECT `d`.`Id`, `d`.`Dealer_Id`, `d`.`Material_Cost`, `d`.`Material_Date`, `d`.`Material_Name`
FROM `Dealer_Material` AS `d`
WHERE `d`.`Dealer_Id` = @__p_0
2023-10-07 19:18:02.731 +05:30  INF  Executed DbCommand (1ms) [Parameters=[@__p_0='?' (DbType = Int64)], CommandType='"Text"', CommandTimeout='30']
SELECT `d`.`Id`, `d`.`Bank_Account_Number`, `d`.`Bank_Name`, `d`.`Dealer_Id`, `d`.`Ifsc_Code`, `d`.`Remarks`, `d`.`Updated_At`
FROM `Dealer_Bank_Details` AS `d`
WHERE `d`.`Dealer_Id` = @__p_0
2023-10-07 19:18:02.732 +05:30  INF  Executed DbCommand (1ms) [Parameters=[@__p_0='?' (DbType = Int64)], CommandType='"Text"', CommandTimeout='30']
SELECT `d`.`Id`, `d`.`Dealer_Id`, `d`.`Material_Cost`, `d`.`Material_Date`, `d`.`Material_Name`
FROM `Dealer_Material` AS `d`
WHERE `d`.`Dealer_Id` = @__p_0
2023-10-07 19:18:02.734 +05:30  INF  Executed DbCommand (1ms) [Parameters=[@__p_0='?' (DbType = Int64)], CommandType='"Text"', CommandTimeout='30']
SELECT `d`.`Id`, `d`.`Bank_Account_Number`, `d`.`Bank_Name`, `d`.`Dealer_Id`, `d`.`Ifsc_Code`, `d`.`Remarks`, `d`.`Updated_At`
FROM `Dealer_Bank_Details` AS `d`
WHERE `d`.`Dealer_Id` = @__p_0
2023-10-07 19:18:02.737 +05:30  INF  Executed DbCommand (1ms) [Parameters=[@__p_0='?' (DbType = Int64)], CommandType='"Text"', CommandTimeout='30']
SELECT `d`.`Id`, `d`.`Dealer_Id`, `d`.`Material_Cost`, `d`.`Material_Date`, `d`.`Material_Name`
FROM `Dealer_Material` AS `d`
WHERE `d`.`Dealer_Id` = @__p_0
2023-10-07 19:18:02.737 +05:30  INF  Executing ObjectResult, writing value of type 'System.Collections.Generic.List`1[[DCRM.Common.Dto.DealerDto, DCRM.Common, Version=1.0.0.0, Culture=neutral, PublicKeyToken=null]]'.
2023-10-07 19:18:02.776 +05:30  INF  Executed action DCRM.Api.Controllers.DealerController.GetAllAsync (DCRM.Api) in 191.0573ms
2023-10-07 19:18:02.776 +05:30  INF  Executed endpoint 'DCRM.Api.Controllers.DealerController.GetAllAsync (DCRM.Api)'
2023-10-07 19:18:02.777 +05:30  INF  Request finished HTTP/2 GET https://localhost:7069/api/Dealer/GetAll application/json - - 200 - application/json;+charset=utf-8 222.1444ms
2023-10-07 19:18:09.662 +05:30  INF  Request starting HTTP/2 OPTIONS https://localhost:7069/api/Dealer/Delete/24 - -
2023-10-07 19:18:09.663 +05:30  INF  CORS policy execution successful.
2023-10-07 19:18:09.663 +05:30  INF  Request finished HTTP/2 OPTIONS https://localhost:7069/api/Dealer/Delete/24 - - - 204 - - 0.4960ms
2023-10-07 19:18:09.664 +05:30  INF  Request starting HTTP/2 DELETE https://localhost:7069/api/Dealer/Delete/24 application/json -
2023-10-07 19:18:09.664 +05:30  INF  CORS policy execution successful.
2023-10-07 19:18:09.668 +05:30  INF  Executed DbCommand (1ms) [Parameters=[@__id_0='?' (DbType = Int32)], CommandType='"Text"', CommandTimeout='30']
SELECT `u`.`Id`, `u`.`About_Me`, `u`.`Account_Type`, `u`.`Address`, `u`.`Available_Days`, `u`.`Bn_Name`, `u`.`City`, `u`.`Country`, `u`.`Created_At`, `u`.`Currency`, `u`.`Degree`, `u`.`Email`, `u`.`Email_Verified`, `u`.`Enable_Appointment`, `u`.`Enable_Rating`, `u`.`Exp_Years`, `u`.`Facebook`, `u`.`Google_Analytics`, `u`.`Image`, `u`.`Instagram`, `u`.`Linkedin`, `u`.`Name`, `u`.`Parent_Id`, `u`.`Password`, `u`.`Paypal_Email`, `u`.`Paypal_Mode`, `u`.`Paypal_Payment`, `u`.`Paystack_Payment`, `u`.`Paystack_Public_Key`, `u`.`Paystack_Secret_Key`, `u`.`Phone`, `u`.`Publish_Key`, `u`.`Qr_Code`, `u`.`Razorpay_Key_Id`, `u`.`Razorpay_Key_Secret`, `u`.`Razorpay_Payment`, `u`.`Role`, `u`.`Secret_Key`, `u`.`Skype`, `u`.`Slug`, `u`.`Specialist`, `u`.`Status`, `u`.`Stripe_Payment`, `u`.`Thumb`, `u`.`Trial_Expire`, `u`.`Twitter`, `u`.`User_Name`, `u`.`User_Type`, `u`.`Verify_Code`, `u`.`Whatsapp`
FROM `Users` AS `u`
WHERE `u`.`Id` = @__id_0
LIMIT 1
2023-10-07 19:18:09.669 +05:30  INF  Executing endpoint 'DCRM.Api.Controllers.DealerController.Delete (DCRM.Api)'
2023-10-07 19:18:09.673 +05:30  INF  Route matched with {action = "Delete", controller = "Dealer"}. Executing controller action with signature System.Threading.Tasks.Task`1[Microsoft.AspNetCore.Mvc.IActionResult] Delete(Int64, Int32) on controller DCRM.Api.Controllers.DealerController (DCRM.Api).
2023-10-07 19:18:09.683 +05:30  INF  Executed DbCommand (1ms) [Parameters=[@__id_0='?' (DbType = Int32), @__userId_1='?' (DbType = Int64)], CommandType='"Text"', CommandTimeout='30']
SELECT `d`.`Id`, `d`.`Address_O`, `d`.`Address_R`, `d`.`City_O`, `d`.`City_R`, `d`.`Company_Name`, `d`.`Country_O`, `d`.`Country_R`, `d`.`Created_At`, `d`.`Email1`, `d`.`Email2`, `d`.`Gst_Number`, `d`.`Image`, `d`.`Is_Deleted`, `d`.`Own_Name_1`, `d`.`Own_Name_2`, `d`.`Pan_Number`, `d`.`Phone1`, `d`.`Phone2`, `d`.`Staff_Email1`, `d`.`Staff_Email2`, `d`.`Staff_Email3`, `d`.`Staff_Email4`, `d`.`Staff_Name1`, `d`.`Staff_Name2`, `d`.`Staff_Name3`, `d`.`Staff_Name4`, `d`.`Staff_Phone1`, `d`.`Staff_Phone2`, `d`.`Staff_Phone3`, `d`.`Staff_Phone4`, `d`.`Updated_At`, `d`.`User_Id`, `d`.`Zip_O`, `d`.`Zip_R`
FROM `Dealers` AS `d`
WHERE (`d`.`Id` = @__id_0) AND (`d`.`User_Id` = @__userId_1)
LIMIT 1
2023-10-07 19:18:09.688 +05:30  INF  Executing OkObjectResult, writing value of type 'System.Int32'.
2023-10-07 19:18:09.690 +05:30  INF  Executed action DCRM.Api.Controllers.DealerController.Delete (DCRM.Api) in 17.1087ms
2023-10-07 19:18:09.690 +05:30  INF  Executed endpoint 'DCRM.Api.Controllers.DealerController.Delete (DCRM.Api)'
2023-10-07 19:18:09.691 +05:30  INF  Request finished HTTP/2 DELETE https://localhost:7069/api/Dealer/Delete/24 application/json - - 200 - application/json;+charset=utf-8 27.2667ms
2023-10-07 19:18:46.791 +05:30  INF  Request starting HTTP/2 OPTIONS https://localhost:7069/api/Dealer/Get/29 - -
2023-10-07 19:18:46.791 +05:30  INF  CORS policy execution successful.
2023-10-07 19:18:46.791 +05:30  INF  Request finished HTTP/2 OPTIONS https://localhost:7069/api/Dealer/Get/29 - - - 204 - - 0.4804ms
2023-10-07 19:18:46.792 +05:30  INF  Request starting HTTP/2 GET https://localhost:7069/api/Dealer/Get/29 application/json -
2023-10-07 19:18:46.792 +05:30  INF  CORS policy execution successful.
2023-10-07 19:18:46.796 +05:30  INF  Executed DbCommand (1ms) [Parameters=[@__id_0='?' (DbType = Int32)], CommandType='"Text"', CommandTimeout='30']
SELECT `u`.`Id`, `u`.`About_Me`, `u`.`Account_Type`, `u`.`Address`, `u`.`Available_Days`, `u`.`Bn_Name`, `u`.`City`, `u`.`Country`, `u`.`Created_At`, `u`.`Currency`, `u`.`Degree`, `u`.`Email`, `u`.`Email_Verified`, `u`.`Enable_Appointment`, `u`.`Enable_Rating`, `u`.`Exp_Years`, `u`.`Facebook`, `u`.`Google_Analytics`, `u`.`Image`, `u`.`Instagram`, `u`.`Linkedin`, `u`.`Name`, `u`.`Parent_Id`, `u`.`Password`, `u`.`Paypal_Email`, `u`.`Paypal_Mode`, `u`.`Paypal_Payment`, `u`.`Paystack_Payment`, `u`.`Paystack_Public_Key`, `u`.`Paystack_Secret_Key`, `u`.`Phone`, `u`.`Publish_Key`, `u`.`Qr_Code`, `u`.`Razorpay_Key_Id`, `u`.`Razorpay_Key_Secret`, `u`.`Razorpay_Payment`, `u`.`Role`, `u`.`Secret_Key`, `u`.`Skype`, `u`.`Slug`, `u`.`Specialist`, `u`.`Status`, `u`.`Stripe_Payment`, `u`.`Thumb`, `u`.`Trial_Expire`, `u`.`Twitter`, `u`.`User_Name`, `u`.`User_Type`, `u`.`Verify_Code`, `u`.`Whatsapp`
FROM `Users` AS `u`
WHERE `u`.`Id` = @__id_0
LIMIT 1
2023-10-07 19:18:46.796 +05:30  INF  Executing endpoint 'DCRM.Api.Controllers.DealerController.GetAsync (DCRM.Api)'
2023-10-07 19:18:46.799 +05:30  INF  Route matched with {action = "Get", controller = "Dealer"}. Executing controller action with signature System.Threading.Tasks.Task`1[DCRM.Common.Dto.DealerDto] GetAsync(Int32) on controller DCRM.Api.Controllers.DealerController (DCRM.Api).
2023-10-07 19:18:46.808 +05:30  INF  Executed DbCommand (1ms) [Parameters=[@__id_0='?' (DbType = Int32), @__userId_1='?' (DbType = Int64)], CommandType='"Text"', CommandTimeout='30']
SELECT `d`.`Id`, `d`.`Address_O`, `d`.`Address_R`, `d`.`City_O`, `d`.`City_R`, `d`.`Company_Name`, `d`.`Country_O`, `d`.`Country_R`, `d`.`Created_At`, `d`.`Email1`, `d`.`Email2`, `d`.`Gst_Number`, `d`.`Image`, `d`.`Is_Deleted`, `d`.`Own_Name_1`, `d`.`Own_Name_2`, `d`.`Pan_Number`, `d`.`Phone1`, `d`.`Phone2`, `d`.`Staff_Email1`, `d`.`Staff_Email2`, `d`.`Staff_Email3`, `d`.`Staff_Email4`, `d`.`Staff_Name1`, `d`.`Staff_Name2`, `d`.`Staff_Name3`, `d`.`Staff_Name4`, `d`.`Staff_Phone1`, `d`.`Staff_Phone2`, `d`.`Staff_Phone3`, `d`.`Staff_Phone4`, `d`.`Updated_At`, `d`.`User_Id`, `d`.`Zip_O`, `d`.`Zip_R`
FROM `Dealers` AS `d`
WHERE ((`d`.`Id` = @__id_0) AND (`d`.`Is_Deleted` = 0)) AND (`d`.`User_Id` = @__userId_1)
LIMIT 1
2023-10-07 19:18:46.810 +05:30  INF  Executed DbCommand (0ms) [Parameters=[@__p_0='?' (DbType = Int64)], CommandType='"Text"', CommandTimeout='30']
SELECT `d`.`Id`, `d`.`Bank_Account_Number`, `d`.`Bank_Name`, `d`.`Dealer_Id`, `d`.`Ifsc_Code`, `d`.`Remarks`, `d`.`Updated_At`
FROM `Dealer_Bank_Details` AS `d`
WHERE `d`.`Dealer_Id` = @__p_0
2023-10-07 19:18:46.811 +05:30  INF  Executed DbCommand (0ms) [Parameters=[@__p_0='?' (DbType = Int64)], CommandType='"Text"', CommandTimeout='30']
SELECT `d`.`Id`, `d`.`Dealer_Id`, `d`.`Material_Cost`, `d`.`Material_Date`, `d`.`Material_Name`
FROM `Dealer_Material` AS `d`
WHERE `d`.`Dealer_Id` = @__p_0
2023-10-07 19:18:46.812 +05:30  INF  Executing ObjectResult, writing value of type 'DCRM.Common.Dto.DealerDto'.
2023-10-07 19:18:46.812 +05:30  INF  Executed action DCRM.Api.Controllers.DealerController.GetAsync (DCRM.Api) in 12.6673ms
2023-10-07 19:18:46.812 +05:30  INF  Executed endpoint 'DCRM.Api.Controllers.DealerController.GetAsync (DCRM.Api)'
2023-10-07 19:18:46.812 +05:30  INF  Request finished HTTP/2 GET https://localhost:7069/api/Dealer/Get/29 application/json - - 200 - application/json;+charset=utf-8 20.3683ms
2023-10-07 19:18:56.354 +05:30  INF  Request starting HTTP/2 OPTIONS https://localhost:7069/api/Dealer/Update - -
2023-10-07 19:18:56.354 +05:30  INF  CORS policy execution successful.
2023-10-07 19:18:56.354 +05:30  INF  Request finished HTTP/2 OPTIONS https://localhost:7069/api/Dealer/Update - - - 204 - - 0.4467ms
2023-10-07 19:18:56.355 +05:30  INF  Request starting HTTP/2 POST https://localhost:7069/api/Dealer/Update application/json 1251
2023-10-07 19:18:56.355 +05:30  INF  CORS policy execution successful.
2023-10-07 19:18:56.358 +05:30  INF  Executed DbCommand (1ms) [Parameters=[@__id_0='?' (DbType = Int32)], CommandType='"Text"', CommandTimeout='30']
SELECT `u`.`Id`, `u`.`About_Me`, `u`.`Account_Type`, `u`.`Address`, `u`.`Available_Days`, `u`.`Bn_Name`, `u`.`City`, `u`.`Country`, `u`.`Created_At`, `u`.`Currency`, `u`.`Degree`, `u`.`Email`, `u`.`Email_Verified`, `u`.`Enable_Appointment`, `u`.`Enable_Rating`, `u`.`Exp_Years`, `u`.`Facebook`, `u`.`Google_Analytics`, `u`.`Image`, `u`.`Instagram`, `u`.`Linkedin`, `u`.`Name`, `u`.`Parent_Id`, `u`.`Password`, `u`.`Paypal_Email`, `u`.`Paypal_Mode`, `u`.`Paypal_Payment`, `u`.`Paystack_Payment`, `u`.`Paystack_Public_Key`, `u`.`Paystack_Secret_Key`, `u`.`Phone`, `u`.`Publish_Key`, `u`.`Qr_Code`, `u`.`Razorpay_Key_Id`, `u`.`Razorpay_Key_Secret`, `u`.`Razorpay_Payment`, `u`.`Role`, `u`.`Secret_Key`, `u`.`Skype`, `u`.`Slug`, `u`.`Specialist`, `u`.`Status`, `u`.`Stripe_Payment`, `u`.`Thumb`, `u`.`Trial_Expire`, `u`.`Twitter`, `u`.`User_Name`, `u`.`User_Type`, `u`.`Verify_Code`, `u`.`Whatsapp`
FROM `Users` AS `u`
WHERE `u`.`Id` = @__id_0
LIMIT 1
2023-10-07 19:18:56.359 +05:30  INF  Executing endpoint 'DCRM.Api.Controllers.DealerController.Update (DCRM.Api)'
2023-10-07 19:18:56.361 +05:30  INF  Route matched with {action = "Update", controller = "Dealer"}. Executing controller action with signature System.Threading.Tasks.Task`1[Microsoft.AspNetCore.Mvc.IActionResult] Update(DCRM.Common.Entity.DealerRequest) on controller DCRM.Api.Controllers.DealerController (DCRM.Api).
2023-10-07 19:18:56.403 +05:30  INF  Executed DbCommand (1ms) [Parameters=[@__request_Id_0='?' (DbType = Int32)], CommandType='"Text"', CommandTimeout='30']
SELECT `d`.`Id`, `d`.`Address_O`, `d`.`Address_R`, `d`.`City_O`, `d`.`City_R`, `d`.`Company_Name`, `d`.`Country_O`, `d`.`Country_R`, `d`.`Created_At`, `d`.`Email1`, `d`.`Email2`, `d`.`Gst_Number`, `d`.`Image`, `d`.`Is_Deleted`, `d`.`Own_Name_1`, `d`.`Own_Name_2`, `d`.`Pan_Number`, `d`.`Phone1`, `d`.`Phone2`, `d`.`Staff_Email1`, `d`.`Staff_Email2`, `d`.`Staff_Email3`, `d`.`Staff_Email4`, `d`.`Staff_Name1`, `d`.`Staff_Name2`, `d`.`Staff_Name3`, `d`.`Staff_Name4`, `d`.`Staff_Phone1`, `d`.`Staff_Phone2`, `d`.`Staff_Phone3`, `d`.`Staff_Phone4`, `d`.`Updated_At`, `d`.`User_Id`, `d`.`Zip_O`, `d`.`Zip_R`
FROM `Dealers` AS `d`
WHERE `d`.`Id` = @__request_Id_0
LIMIT 1
2023-10-07 19:18:56.543 +05:30  INF  Executed DbCommand (16ms) [Parameters=[@p34='?' (DbType = Int32), @p0='?' (Size = 4000), @p1='?' (Size = 4000), @p2='?' (Size = 4000), @p3='?' (Size = 4000), @p4='?' (Size = 4000), @p5='?' (Size = 4000), @p6='?' (Size = 4000), @p7='?' (DbType = DateTime), @p8='?' (Size = 4000), @p9='?' (Size = 4000), @p10='?' (Size = 4000), @p11='?' (Size = 4000), @p12='?' (DbType = SByte), @p13='?' (Size = 4000), @p14='?' (Size = 4000), @p15='?' (Size = 4000), @p16='?' (Size = 4000), @p17='?' (Size = 4000), @p18='?' (Size = 4000), @p19='?' (Size = 4000), @p20='?' (Size = 4000), @p21='?' (Size = 4000), @p22='?' (Size = 4000), @p23='?' (Size = 4000), @p24='?' (Size = 4000), @p25='?' (Size = 4000), @p26='?' (DbType = Int64), @p27='?' (DbType = Int64), @p28='?' (DbType = Int64), @p29='?' (DbType = Int64), @p30='?' (DbType = DateTime), @p31='?' (DbType = Int64), @p32='?' (Size = 4000), @p33='?' (Size = 4000)], CommandType='"Text"', CommandTimeout='30']
UPDATE `Dealers` SET `Address_O` = @p0, `Address_R` = @p1, `City_O` = @p2, `City_R` = @p3, `Company_Name` = @p4, `Country_O` = @p5, `Country_R` = @p6, `Created_At` = @p7, `Email1` = @p8, `Email2` = @p9, `Gst_Number` = @p10, `Image` = @p11, `Is_Deleted` = @p12, `Own_Name_1` = @p13, `Own_Name_2` = @p14, `Pan_Number` = @p15, `Phone1` = @p16, `Phone2` = @p17, `Staff_Email1` = @p18, `Staff_Email2` = @p19, `Staff_Email3` = @p20, `Staff_Email4` = @p21, `Staff_Name1` = @p22, `Staff_Name2` = @p23, `Staff_Name3` = @p24, `Staff_Name4` = @p25, `Staff_Phone1` = @p26, `Staff_Phone2` = @p27, `Staff_Phone3` = @p28, `Staff_Phone4` = @p29, `Updated_At` = @p30, `User_Id` = @p31, `Zip_O` = @p32, `Zip_R` = @p33
WHERE `Id` = @p34;
2023-10-07 19:18:56.557 +05:30  INF  Executed DbCommand (1ms) [Parameters=[@__item_Id_0='?' (DbType = Int64)], CommandType='"Text"', CommandTimeout='30']
SELECT `d`.`Id`, `d`.`Bank_Account_Number`, `d`.`Bank_Name`, `d`.`Dealer_Id`, `d`.`Ifsc_Code`, `d`.`Remarks`, `d`.`Updated_At`
FROM `Dealer_Bank_Details` AS `d`
WHERE `d`.`Id` = @__item_Id_0
LIMIT 1
2023-10-07 19:18:56.565 +05:30  INF  Executed DbCommand (2ms) [Parameters=[@p6='?' (DbType = Int64), @p0='?' (DbType = Int64), @p1='?' (Size = 4000), @p2='?' (DbType = Int64), @p3='?' (Size = 4000), @p4='?' (Size = 4000), @p5='?' (DbType = DateTime)], CommandType='"Text"', CommandTimeout='30']
UPDATE `Dealer_Bank_Details` SET `Bank_Account_Number` = @p0, `Bank_Name` = @p1, `Dealer_Id` = @p2, `Ifsc_Code` = @p3, `Remarks` = @p4, `Updated_At` = @p5
WHERE `Id` = @p6;
2023-10-07 19:18:56.567 +05:30  INF  Executed DbCommand (1ms) [Parameters=[@__item_Id_0='?' (DbType = Int64)], CommandType='"Text"', CommandTimeout='30']
SELECT `d`.`Id`, `d`.`Bank_Account_Number`, `d`.`Bank_Name`, `d`.`Dealer_Id`, `d`.`Ifsc_Code`, `d`.`Remarks`, `d`.`Updated_At`
FROM `Dealer_Bank_Details` AS `d`
WHERE `d`.`Id` = @__item_Id_0
LIMIT 1
2023-10-07 19:18:56.570 +05:30  INF  Executed DbCommand (2ms) [Parameters=[@p6='?' (DbType = Int64), @p0='?' (DbType = Int64), @p1='?' (Size = 4000), @p2='?' (DbType = Int64), @p3='?' (Size = 4000), @p4='?' (Size = 4000), @p5='?' (DbType = DateTime)], CommandType='"Text"', CommandTimeout='30']
UPDATE `Dealer_Bank_Details` SET `Bank_Account_Number` = @p0, `Bank_Name` = @p1, `Dealer_Id` = @p2, `Ifsc_Code` = @p3, `Remarks` = @p4, `Updated_At` = @p5
WHERE `Id` = @p6;
2023-10-07 19:18:56.574 +05:30  INF  Executed DbCommand (1ms) [Parameters=[@__item_Id_0='?' (DbType = Int32)], CommandType='"Text"', CommandTimeout='30']
SELECT `d`.`Id`, `d`.`Dealer_Id`, `d`.`Material_Cost`, `d`.`Material_Date`, `d`.`Material_Name`
FROM `Dealer_Material` AS `d`
WHERE `d`.`Id` = @__item_Id_0
LIMIT 1
2023-10-07 19:18:56.582 +05:30  INF  Executed DbCommand (3ms) [Parameters=[@p4='?' (DbType = Int32), @p0='?' (DbType = Int64), @p1='?' (DbType = Single), @p2='?' (DbType = DateTime), @p3='?' (Size = 4000)], CommandType='"Text"', CommandTimeout='30']
UPDATE `Dealer_Material` SET `Dealer_Id` = @p0, `Material_Cost` = @p1, `Material_Date` = @p2, `Material_Name` = @p3
WHERE `Id` = @p4;
2023-10-07 19:18:56.584 +05:30  INF  Executed DbCommand (1ms) [Parameters=[@__item_Id_0='?' (DbType = Int32)], CommandType='"Text"', CommandTimeout='30']
SELECT `d`.`Id`, `d`.`Dealer_Id`, `d`.`Material_Cost`, `d`.`Material_Date`, `d`.`Material_Name`
FROM `Dealer_Material` AS `d`
WHERE `d`.`Id` = @__item_Id_0
LIMIT 1
2023-10-07 19:18:56.587 +05:30  INF  Executed DbCommand (1ms) [Parameters=[@p4='?' (DbType = Int32), @p0='?' (DbType = Int64), @p1='?' (DbType = Single), @p2='?' (DbType = DateTime), @p3='?' (Size = 4000)], CommandType='"Text"', CommandTimeout='30']
UPDATE `Dealer_Material` SET `Dealer_Id` = @p0, `Material_Cost` = @p1, `Material_Date` = @p2, `Material_Name` = @p3
WHERE `Id` = @p4;
2023-10-07 19:18:56.587 +05:30  INF  Executing OkObjectResult, writing value of type 'System.String'.
2023-10-07 19:18:56.588 +05:30  INF  Executed action DCRM.Api.Controllers.DealerController.Update (DCRM.Api) in 226.2364ms
2023-10-07 19:18:56.588 +05:30  INF  Executed endpoint 'DCRM.Api.Controllers.DealerController.Update (DCRM.Api)'
2023-10-07 19:18:56.588 +05:30  INF  Request finished HTTP/2 POST https://localhost:7069/api/Dealer/Update application/json 1251 - 200 - text/plain;+charset=utf-8 232.8397ms
2023-10-07 19:18:56.600 +05:30  INF  Request starting HTTP/2 OPTIONS https://localhost:7069/api/Dealer/GetAll - -
2023-10-07 19:18:56.600 +05:30  INF  CORS policy execution successful.
2023-10-07 19:18:56.601 +05:30  INF  Request finished HTTP/2 OPTIONS https://localhost:7069/api/Dealer/GetAll - - - 204 - - 0.6059ms
2023-10-07 19:18:56.602 +05:30  INF  Request starting HTTP/2 GET https://localhost:7069/api/Dealer/GetAll application/json -
2023-10-07 19:18:56.602 +05:30  INF  CORS policy execution successful.
2023-10-07 19:18:56.606 +05:30  INF  Executed DbCommand (1ms) [Parameters=[@__id_0='?' (DbType = Int32)], CommandType='"Text"', CommandTimeout='30']
SELECT `u`.`Id`, `u`.`About_Me`, `u`.`Account_Type`, `u`.`Address`, `u`.`Available_Days`, `u`.`Bn_Name`, `u`.`City`, `u`.`Country`, `u`.`Created_At`, `u`.`Currency`, `u`.`Degree`, `u`.`Email`, `u`.`Email_Verified`, `u`.`Enable_Appointment`, `u`.`Enable_Rating`, `u`.`Exp_Years`, `u`.`Facebook`, `u`.`Google_Analytics`, `u`.`Image`, `u`.`Instagram`, `u`.`Linkedin`, `u`.`Name`, `u`.`Parent_Id`, `u`.`Password`, `u`.`Paypal_Email`, `u`.`Paypal_Mode`, `u`.`Paypal_Payment`, `u`.`Paystack_Payment`, `u`.`Paystack_Public_Key`, `u`.`Paystack_Secret_Key`, `u`.`Phone`, `u`.`Publish_Key`, `u`.`Qr_Code`, `u`.`Razorpay_Key_Id`, `u`.`Razorpay_Key_Secret`, `u`.`Razorpay_Payment`, `u`.`Role`, `u`.`Secret_Key`, `u`.`Skype`, `u`.`Slug`, `u`.`Specialist`, `u`.`Status`, `u`.`Stripe_Payment`, `u`.`Thumb`, `u`.`Trial_Expire`, `u`.`Twitter`, `u`.`User_Name`, `u`.`User_Type`, `u`.`Verify_Code`, `u`.`Whatsapp`
FROM `Users` AS `u`
WHERE `u`.`Id` = @__id_0
LIMIT 1
2023-10-07 19:18:56.606 +05:30  INF  Executing endpoint 'DCRM.Api.Controllers.DealerController.GetAllAsync (DCRM.Api)'
2023-10-07 19:18:56.606 +05:30  INF  Route matched with {action = "GetAll", controller = "Dealer"}. Executing controller action with signature System.Threading.Tasks.Task`1[System.Collections.Generic.IEnumerable`1[DCRM.Common.Dto.DealerDto]] GetAllAsync() on controller DCRM.Api.Controllers.DealerController (DCRM.Api).
2023-10-07 19:18:56.609 +05:30  INF  Executed DbCommand (1ms) [Parameters=[@__userId_0='?' (DbType = Int64)], CommandType='"Text"', CommandTimeout='30']
SELECT `d`.`Id`, `d`.`Address_O`, `d`.`Address_R`, `d`.`City_O`, `d`.`City_R`, `d`.`Company_Name`, `d`.`Country_O`, `d`.`Country_R`, `d`.`Created_At`, `d`.`Email1`, `d`.`Email2`, `d`.`Gst_Number`, `d`.`Image`, `d`.`Is_Deleted`, `d`.`Own_Name_1`, `d`.`Own_Name_2`, `d`.`Pan_Number`, `d`.`Phone1`, `d`.`Phone2`, `d`.`Staff_Email1`, `d`.`Staff_Email2`, `d`.`Staff_Email3`, `d`.`Staff_Email4`, `d`.`Staff_Name1`, `d`.`Staff_Name2`, `d`.`Staff_Name3`, `d`.`Staff_Name4`, `d`.`Staff_Phone1`, `d`.`Staff_Phone2`, `d`.`Staff_Phone3`, `d`.`Staff_Phone4`, `d`.`Updated_At`, `d`.`User_Id`, `d`.`Zip_O`, `d`.`Zip_R`
FROM `Dealers` AS `d`
WHERE (`d`.`Is_Deleted` = 0) AND (`d`.`User_Id` = @__userId_0)
2023-10-07 19:18:56.611 +05:30  INF  Executed DbCommand (1ms) [Parameters=[@__p_0='?' (DbType = Int64)], CommandType='"Text"', CommandTimeout='30']
SELECT `d`.`Id`, `d`.`Bank_Account_Number`, `d`.`Bank_Name`, `d`.`Dealer_Id`, `d`.`Ifsc_Code`, `d`.`Remarks`, `d`.`Updated_At`
FROM `Dealer_Bank_Details` AS `d`
WHERE `d`.`Dealer_Id` = @__p_0
2023-10-07 19:18:56.613 +05:30  INF  Executed DbCommand (1ms) [Parameters=[@__p_0='?' (DbType = Int64)], CommandType='"Text"', CommandTimeout='30']
SELECT `d`.`Id`, `d`.`Dealer_Id`, `d`.`Material_Cost`, `d`.`Material_Date`, `d`.`Material_Name`
FROM `Dealer_Material` AS `d`
WHERE `d`.`Dealer_Id` = @__p_0
2023-10-07 19:18:56.615 +05:30  INF  Executed DbCommand (1ms) [Parameters=[@__p_0='?' (DbType = Int64)], CommandType='"Text"', CommandTimeout='30']
SELECT `d`.`Id`, `d`.`Bank_Account_Number`, `d`.`Bank_Name`, `d`.`Dealer_Id`, `d`.`Ifsc_Code`, `d`.`Remarks`, `d`.`Updated_At`
FROM `Dealer_Bank_Details` AS `d`
WHERE `d`.`Dealer_Id` = @__p_0
2023-10-07 19:18:56.617 +05:30  INF  Executed DbCommand (1ms) [Parameters=[@__p_0='?' (DbType = Int64)], CommandType='"Text"', CommandTimeout='30']
SELECT `d`.`Id`, `d`.`Dealer_Id`, `d`.`Material_Cost`, `d`.`Material_Date`, `d`.`Material_Name`
FROM `Dealer_Material` AS `d`
WHERE `d`.`Dealer_Id` = @__p_0
2023-10-07 19:18:56.619 +05:30  INF  Executed DbCommand (1ms) [Parameters=[@__p_0='?' (DbType = Int64)], CommandType='"Text"', CommandTimeout='30']
SELECT `d`.`Id`, `d`.`Bank_Account_Number`, `d`.`Bank_Name`, `d`.`Dealer_Id`, `d`.`Ifsc_Code`, `d`.`Remarks`, `d`.`Updated_At`
FROM `Dealer_Bank_Details` AS `d`
WHERE `d`.`Dealer_Id` = @__p_0
2023-10-07 19:18:56.621 +05:30  INF  Executed DbCommand (0ms) [Parameters=[@__p_0='?' (DbType = Int64)], CommandType='"Text"', CommandTimeout='30']
SELECT `d`.`Id`, `d`.`Dealer_Id`, `d`.`Material_Cost`, `d`.`Material_Date`, `d`.`Material_Name`
FROM `Dealer_Material` AS `d`
WHERE `d`.`Dealer_Id` = @__p_0
2023-10-07 19:18:56.622 +05:30  INF  Executed DbCommand (1ms) [Parameters=[@__p_0='?' (DbType = Int64)], CommandType='"Text"', CommandTimeout='30']
SELECT `d`.`Id`, `d`.`Bank_Account_Number`, `d`.`Bank_Name`, `d`.`Dealer_Id`, `d`.`Ifsc_Code`, `d`.`Remarks`, `d`.`Updated_At`
FROM `Dealer_Bank_Details` AS `d`
WHERE `d`.`Dealer_Id` = @__p_0
2023-10-07 19:18:56.624 +05:30  INF  Executed DbCommand (0ms) [Parameters=[@__p_0='?' (DbType = Int64)], CommandType='"Text"', CommandTimeout='30']
SELECT `d`.`Id`, `d`.`Dealer_Id`, `d`.`Material_Cost`, `d`.`Material_Date`, `d`.`Material_Name`
FROM `Dealer_Material` AS `d`
WHERE `d`.`Dealer_Id` = @__p_0
2023-10-07 19:18:56.625 +05:30  INF  Executed DbCommand (1ms) [Parameters=[@__p_0='?' (DbType = Int64)], CommandType='"Text"', CommandTimeout='30']
SELECT `d`.`Id`, `d`.`Bank_Account_Number`, `d`.`Bank_Name`, `d`.`Dealer_Id`, `d`.`Ifsc_Code`, `d`.`Remarks`, `d`.`Updated_At`
FROM `Dealer_Bank_Details` AS `d`
WHERE `d`.`Dealer_Id` = @__p_0
2023-10-07 19:18:56.627 +05:30  INF  Executed DbCommand (1ms) [Parameters=[@__p_0='?' (DbType = Int64)], CommandType='"Text"', CommandTimeout='30']
SELECT `d`.`Id`, `d`.`Dealer_Id`, `d`.`Material_Cost`, `d`.`Material_Date`, `d`.`Material_Name`
FROM `Dealer_Material` AS `d`
WHERE `d`.`Dealer_Id` = @__p_0
2023-10-07 19:18:56.629 +05:30  INF  Executed DbCommand (1ms) [Parameters=[@__p_0='?' (DbType = Int64)], CommandType='"Text"', CommandTimeout='30']
SELECT `d`.`Id`, `d`.`Bank_Account_Number`, `d`.`Bank_Name`, `d`.`Dealer_Id`, `d`.`Ifsc_Code`, `d`.`Remarks`, `d`.`Updated_At`
FROM `Dealer_Bank_Details` AS `d`
WHERE `d`.`Dealer_Id` = @__p_0
2023-10-07 19:18:56.630 +05:30  INF  Executed DbCommand (1ms) [Parameters=[@__p_0='?' (DbType = Int64)], CommandType='"Text"', CommandTimeout='30']
SELECT `d`.`Id`, `d`.`Dealer_Id`, `d`.`Material_Cost`, `d`.`Material_Date`, `d`.`Material_Name`
FROM `Dealer_Material` AS `d`
WHERE `d`.`Dealer_Id` = @__p_0
2023-10-07 19:18:56.632 +05:30  INF  Executed DbCommand (1ms) [Parameters=[@__p_0='?' (DbType = Int64)], CommandType='"Text"', CommandTimeout='30']
SELECT `d`.`Id`, `d`.`Bank_Account_Number`, `d`.`Bank_Name`, `d`.`Dealer_Id`, `d`.`Ifsc_Code`, `d`.`Remarks`, `d`.`Updated_At`
FROM `Dealer_Bank_Details` AS `d`
WHERE `d`.`Dealer_Id` = @__p_0
2023-10-07 19:18:56.634 +05:30  INF  Executed DbCommand (1ms) [Parameters=[@__p_0='?' (DbType = Int64)], CommandType='"Text"', CommandTimeout='30']
SELECT `d`.`Id`, `d`.`Dealer_Id`, `d`.`Material_Cost`, `d`.`Material_Date`, `d`.`Material_Name`
FROM `Dealer_Material` AS `d`
WHERE `d`.`Dealer_Id` = @__p_0
2023-10-07 19:18:56.635 +05:30  INF  Executed DbCommand (1ms) [Parameters=[@__p_0='?' (DbType = Int64)], CommandType='"Text"', CommandTimeout='30']
SELECT `d`.`Id`, `d`.`Bank_Account_Number`, `d`.`Bank_Name`, `d`.`Dealer_Id`, `d`.`Ifsc_Code`, `d`.`Remarks`, `d`.`Updated_At`
FROM `Dealer_Bank_Details` AS `d`
WHERE `d`.`Dealer_Id` = @__p_0
2023-10-07 19:18:56.637 +05:30  INF  Executed DbCommand (0ms) [Parameters=[@__p_0='?' (DbType = Int64)], CommandType='"Text"', CommandTimeout='30']
SELECT `d`.`Id`, `d`.`Dealer_Id`, `d`.`Material_Cost`, `d`.`Material_Date`, `d`.`Material_Name`
FROM `Dealer_Material` AS `d`
WHERE `d`.`Dealer_Id` = @__p_0
2023-10-07 19:18:56.637 +05:30  INF  Executing ObjectResult, writing value of type 'System.Collections.Generic.List`1[[DCRM.Common.Dto.DealerDto, DCRM.Common, Version=1.0.0.0, Culture=neutral, PublicKeyToken=null]]'.
2023-10-07 19:18:56.638 +05:30  INF  Executed action DCRM.Api.Controllers.DealerController.GetAllAsync (DCRM.Api) in 31.2709ms
2023-10-07 19:18:56.638 +05:30  INF  Executed endpoint 'DCRM.Api.Controllers.DealerController.GetAllAsync (DCRM.Api)'
2023-10-07 19:18:56.638 +05:30  INF  Request finished HTTP/2 GET https://localhost:7069/api/Dealer/GetAll application/json - - 200 - application/json;+charset=utf-8 36.2471ms
2023-10-07 19:19:59.362 +05:30  INF  Request starting HTTP/2 OPTIONS https://localhost:7069/api/Doctor/GetAll - -
2023-10-07 19:19:59.362 +05:30  INF  CORS policy execution successful.
2023-10-07 19:19:59.363 +05:30  INF  Request finished HTTP/2 OPTIONS https://localhost:7069/api/Doctor/GetAll - - - 204 - - 0.8921ms
2023-10-07 19:19:59.364 +05:30  INF  Request starting HTTP/2 GET https://localhost:7069/api/Doctor/GetAll application/json -
2023-10-07 19:19:59.365 +05:30  INF  CORS policy execution successful.
2023-10-07 19:19:59.370 +05:30  INF  Executed DbCommand (1ms) [Parameters=[@__id_0='?' (DbType = Int32)], CommandType='"Text"', CommandTimeout='30']
SELECT `u`.`Id`, `u`.`About_Me`, `u`.`Account_Type`, `u`.`Address`, `u`.`Available_Days`, `u`.`Bn_Name`, `u`.`City`, `u`.`Country`, `u`.`Created_At`, `u`.`Currency`, `u`.`Degree`, `u`.`Email`, `u`.`Email_Verified`, `u`.`Enable_Appointment`, `u`.`Enable_Rating`, `u`.`Exp_Years`, `u`.`Facebook`, `u`.`Google_Analytics`, `u`.`Image`, `u`.`Instagram`, `u`.`Linkedin`, `u`.`Name`, `u`.`Parent_Id`, `u`.`Password`, `u`.`Paypal_Email`, `u`.`Paypal_Mode`, `u`.`Paypal_Payment`, `u`.`Paystack_Payment`, `u`.`Paystack_Public_Key`, `u`.`Paystack_Secret_Key`, `u`.`Phone`, `u`.`Publish_Key`, `u`.`Qr_Code`, `u`.`Razorpay_Key_Id`, `u`.`Razorpay_Key_Secret`, `u`.`Razorpay_Payment`, `u`.`Role`, `u`.`Secret_Key`, `u`.`Skype`, `u`.`Slug`, `u`.`Specialist`, `u`.`Status`, `u`.`Stripe_Payment`, `u`.`Thumb`, `u`.`Trial_Expire`, `u`.`Twitter`, `u`.`User_Name`, `u`.`User_Type`, `u`.`Verify_Code`, `u`.`Whatsapp`
FROM `Users` AS `u`
WHERE `u`.`Id` = @__id_0
LIMIT 1
2023-10-07 19:19:59.370 +05:30  INF  Executing endpoint 'DCRM.Api.Controllers.DoctorController.GetDoctorAsync (DCRM.Api)'
2023-10-07 19:19:59.371 +05:30  INF  Route matched with {action = "GetDoctor", controller = "Doctor"}. Executing controller action with signature System.Collections.Generic.IEnumerable`1[DCRM.Common.Dto.DoctorDto] GetDoctorAsync() on controller DCRM.Api.Controllers.DoctorController (DCRM.Api).
2023-10-07 19:19:59.382 +05:30  INF  Executed DbCommand (1ms) [Parameters=[@__p_0='?' (DbType = Int64)], CommandType='"Text"', CommandTimeout='30']
SELECT `d`.`Id`, `d`.`Age`, `d`.`Blood_Group`, `d`.`Created_At`, `d`.`Dob`, `d`.`Email`, `d`.`Email2`, `d`.`Gender`, `d`.`Gst_Number`, `d`.`Is_Delete`, `d`.`Marital_Status`, `d`.`Name`, `d`.`Pan_Number`, `d`.`Password`, `d`.`Phone1`, `d`.`Phone2`, `d`.`Phone3`, `d`.`Phone4`, `d`.`Qualification`, `d`.`Role`, `d`.`Speciality`, `d`.`Thumb`, `d`.`Updated_At`, `d`.`User_Id`
FROM `Doctors` AS `d`
WHERE (`d`.`User_Id` = @__p_0) AND (`d`.`Is_Delete` = 0)
2023-10-07 19:19:59.434 +05:30  INF  Executed DbCommand (1ms) [Parameters=[@__p_0='?' (DbType = Int64)], CommandType='"Text"', CommandTimeout='30']
SELECT `d`.`Id`, `d`.`Allow_Notifications`, `d`.`Amount_Insured`, `d`.`Amount_Paid`, `d`.`Doctor_Id`, `d`.`Insurance`, `d`.`Insurance_Date`, `d`.`Remarks`, `d`.`Renewal_Date`, `d`.`Updated_At`
FROM `Doctor_Insurance_Details` AS `d`
WHERE `d`.`Doctor_Id` = @__p_0
2023-10-07 19:19:59.454 +05:30  INF  Executed DbCommand (1ms) [Parameters=[@__p_0='?' (DbType = Int64)], CommandType='"Text"', CommandTimeout='30']
SELECT `d`.`Id`, `d`.`Bank_Account_Number`, `d`.`Bank_Name`, `d`.`Doctor_Id`, `d`.`Ifsc_Code`, `d`.`Remarks`, `d`.`Updated_At`
FROM `Doctor_Bank_Details` AS `d`
WHERE `d`.`Doctor_Id` = @__p_0
2023-10-07 19:19:59.470 +05:30  INF  Executed DbCommand (1ms) [Parameters=[@__p_0='?' (DbType = Int64)], CommandType='"Text"', CommandTimeout='30']
SELECT `d`.`Id`, `d`.`Doctor_Id`, `d`.`Medical_History`, `d`.`Remarks`, `d`.`Reminder_Date_For_Next`, `d`.`Updated_At`, `d`.`Vaccination_Date`, `d`.`Vaccination_Type`
FROM `Doctors_Vaccination` AS `d`
WHERE `d`.`Doctor_Id` = @__p_0
2023-10-07 19:19:59.488 +05:30  INF  Executed DbCommand (1ms) [Parameters=[@__doctorId_0='?' (DbType = Int32)], CommandType='"Text"', CommandTimeout='30']
SELECT `d`.`Id`, `d`.`Address_O`, `d`.`Address_Other`, `d`.`Address_R`, `d`.`City_O`, `d`.`City_Other`, `d`.`City_R`, `d`.`Country_O`, `d`.`Country_Other`, `d`.`Country_R`, `d`.`Created_At`, `d`.`Doctor_Id`, `d`.`Updated_At`, `d`.`Zip_O`, `d`.`Zip_Other`, `d`.`Zip_R`
FROM `Doctors_Address` AS `d`
WHERE `d`.`Doctor_Id` = @__doctorId_0
2023-10-07 19:19:59.521 +05:30  INF  Executed DbCommand (1ms) [Parameters=[@__p_0='?' (DbType = Int64)], CommandType='"Text"', CommandTimeout='30']
SELECT `d`.`Id`, `d`.`Allow_Notifications`, `d`.`Amount_Insured`, `d`.`Amount_Paid`, `d`.`Doctor_Id`, `d`.`Insurance`, `d`.`Insurance_Date`, `d`.`Remarks`, `d`.`Renewal_Date`, `d`.`Updated_At`
FROM `Doctor_Insurance_Details` AS `d`
WHERE `d`.`Doctor_Id` = @__p_0
2023-10-07 19:19:59.523 +05:30  INF  Executed DbCommand (0ms) [Parameters=[@__p_0='?' (DbType = Int64)], CommandType='"Text"', CommandTimeout='30']
SELECT `d`.`Id`, `d`.`Bank_Account_Number`, `d`.`Bank_Name`, `d`.`Doctor_Id`, `d`.`Ifsc_Code`, `d`.`Remarks`, `d`.`Updated_At`
FROM `Doctor_Bank_Details` AS `d`
WHERE `d`.`Doctor_Id` = @__p_0
2023-10-07 19:19:59.525 +05:30  INF  Executed DbCommand (1ms) [Parameters=[@__p_0='?' (DbType = Int64)], CommandType='"Text"', CommandTimeout='30']
SELECT `d`.`Id`, `d`.`Doctor_Id`, `d`.`Medical_History`, `d`.`Remarks`, `d`.`Reminder_Date_For_Next`, `d`.`Updated_At`, `d`.`Vaccination_Date`, `d`.`Vaccination_Type`
FROM `Doctors_Vaccination` AS `d`
WHERE `d`.`Doctor_Id` = @__p_0
2023-10-07 19:19:59.526 +05:30  INF  Executed DbCommand (1ms) [Parameters=[@__doctorId_0='?' (DbType = Int32)], CommandType='"Text"', CommandTimeout='30']
SELECT `d`.`Id`, `d`.`Address_O`, `d`.`Address_Other`, `d`.`Address_R`, `d`.`City_O`, `d`.`City_Other`, `d`.`City_R`, `d`.`Country_O`, `d`.`Country_Other`, `d`.`Country_R`, `d`.`Created_At`, `d`.`Doctor_Id`, `d`.`Updated_At`, `d`.`Zip_O`, `d`.`Zip_Other`, `d`.`Zip_R`
FROM `Doctors_Address` AS `d`
WHERE `d`.`Doctor_Id` = @__doctorId_0
2023-10-07 19:19:59.527 +05:30  INF  Executed DbCommand (1ms) [Parameters=[@__p_0='?' (DbType = Int64)], CommandType='"Text"', CommandTimeout='30']
SELECT `d`.`Id`, `d`.`Allow_Notifications`, `d`.`Amount_Insured`, `d`.`Amount_Paid`, `d`.`Doctor_Id`, `d`.`Insurance`, `d`.`Insurance_Date`, `d`.`Remarks`, `d`.`Renewal_Date`, `d`.`Updated_At`
FROM `Doctor_Insurance_Details` AS `d`
WHERE `d`.`Doctor_Id` = @__p_0
2023-10-07 19:19:59.528 +05:30  INF  Executed DbCommand (0ms) [Parameters=[@__p_0='?' (DbType = Int64)], CommandType='"Text"', CommandTimeout='30']
SELECT `d`.`Id`, `d`.`Bank_Account_Number`, `d`.`Bank_Name`, `d`.`Doctor_Id`, `d`.`Ifsc_Code`, `d`.`Remarks`, `d`.`Updated_At`
FROM `Doctor_Bank_Details` AS `d`
WHERE `d`.`Doctor_Id` = @__p_0
2023-10-07 19:19:59.530 +05:30  INF  Executed DbCommand (0ms) [Parameters=[@__p_0='?' (DbType = Int64)], CommandType='"Text"', CommandTimeout='30']
SELECT `d`.`Id`, `d`.`Doctor_Id`, `d`.`Medical_History`, `d`.`Remarks`, `d`.`Reminder_Date_For_Next`, `d`.`Updated_At`, `d`.`Vaccination_Date`, `d`.`Vaccination_Type`
FROM `Doctors_Vaccination` AS `d`
WHERE `d`.`Doctor_Id` = @__p_0
2023-10-07 19:19:59.531 +05:30  INF  Executed DbCommand (1ms) [Parameters=[@__doctorId_0='?' (DbType = Int32)], CommandType='"Text"', CommandTimeout='30']
SELECT `d`.`Id`, `d`.`Address_O`, `d`.`Address_Other`, `d`.`Address_R`, `d`.`City_O`, `d`.`City_Other`, `d`.`City_R`, `d`.`Country_O`, `d`.`Country_Other`, `d`.`Country_R`, `d`.`Created_At`, `d`.`Doctor_Id`, `d`.`Updated_At`, `d`.`Zip_O`, `d`.`Zip_Other`, `d`.`Zip_R`
FROM `Doctors_Address` AS `d`
WHERE `d`.`Doctor_Id` = @__doctorId_0
2023-10-07 19:19:59.533 +05:30  INF  Executed DbCommand (1ms) [Parameters=[@__p_0='?' (DbType = Int64)], CommandType='"Text"', CommandTimeout='30']
SELECT `d`.`Id`, `d`.`Allow_Notifications`, `d`.`Amount_Insured`, `d`.`Amount_Paid`, `d`.`Doctor_Id`, `d`.`Insurance`, `d`.`Insurance_Date`, `d`.`Remarks`, `d`.`Renewal_Date`, `d`.`Updated_At`
FROM `Doctor_Insurance_Details` AS `d`
WHERE `d`.`Doctor_Id` = @__p_0
2023-10-07 19:19:59.534 +05:30  INF  Executed DbCommand (0ms) [Parameters=[@__p_0='?' (DbType = Int64)], CommandType='"Text"', CommandTimeout='30']
SELECT `d`.`Id`, `d`.`Bank_Account_Number`, `d`.`Bank_Name`, `d`.`Doctor_Id`, `d`.`Ifsc_Code`, `d`.`Remarks`, `d`.`Updated_At`
FROM `Doctor_Bank_Details` AS `d`
WHERE `d`.`Doctor_Id` = @__p_0
2023-10-07 19:19:59.535 +05:30  INF  Executed DbCommand (0ms) [Parameters=[@__p_0='?' (DbType = Int64)], CommandType='"Text"', CommandTimeout='30']
SELECT `d`.`Id`, `d`.`Doctor_Id`, `d`.`Medical_History`, `d`.`Remarks`, `d`.`Reminder_Date_For_Next`, `d`.`Updated_At`, `d`.`Vaccination_Date`, `d`.`Vaccination_Type`
FROM `Doctors_Vaccination` AS `d`
WHERE `d`.`Doctor_Id` = @__p_0
2023-10-07 19:19:59.536 +05:30  INF  Executed DbCommand (1ms) [Parameters=[@__doctorId_0='?' (DbType = Int32)], CommandType='"Text"', CommandTimeout='30']
SELECT `d`.`Id`, `d`.`Address_O`, `d`.`Address_Other`, `d`.`Address_R`, `d`.`City_O`, `d`.`City_Other`, `d`.`City_R`, `d`.`Country_O`, `d`.`Country_Other`, `d`.`Country_R`, `d`.`Created_At`, `d`.`Doctor_Id`, `d`.`Updated_At`, `d`.`Zip_O`, `d`.`Zip_Other`, `d`.`Zip_R`
FROM `Doctors_Address` AS `d`
WHERE `d`.`Doctor_Id` = @__doctorId_0
2023-10-07 19:19:59.538 +05:30  INF  Executed DbCommand (0ms) [Parameters=[@__p_0='?' (DbType = Int64)], CommandType='"Text"', CommandTimeout='30']
SELECT `d`.`Id`, `d`.`Allow_Notifications`, `d`.`Amount_Insured`, `d`.`Amount_Paid`, `d`.`Doctor_Id`, `d`.`Insurance`, `d`.`Insurance_Date`, `d`.`Remarks`, `d`.`Renewal_Date`, `d`.`Updated_At`
FROM `Doctor_Insurance_Details` AS `d`
WHERE `d`.`Doctor_Id` = @__p_0
2023-10-07 19:19:59.539 +05:30  INF  Executed DbCommand (0ms) [Parameters=[@__p_0='?' (DbType = Int64)], CommandType='"Text"', CommandTimeout='30']
SELECT `d`.`Id`, `d`.`Bank_Account_Number`, `d`.`Bank_Name`, `d`.`Doctor_Id`, `d`.`Ifsc_Code`, `d`.`Remarks`, `d`.`Updated_At`
FROM `Doctor_Bank_Details` AS `d`
WHERE `d`.`Doctor_Id` = @__p_0
2023-10-07 19:19:59.540 +05:30  INF  Executed DbCommand (0ms) [Parameters=[@__p_0='?' (DbType = Int64)], CommandType='"Text"', CommandTimeout='30']
SELECT `d`.`Id`, `d`.`Doctor_Id`, `d`.`Medical_History`, `d`.`Remarks`, `d`.`Reminder_Date_For_Next`, `d`.`Updated_At`, `d`.`Vaccination_Date`, `d`.`Vaccination_Type`
FROM `Doctors_Vaccination` AS `d`
WHERE `d`.`Doctor_Id` = @__p_0
2023-10-07 19:19:59.541 +05:30  INF  Executed DbCommand (0ms) [Parameters=[@__doctorId_0='?' (DbType = Int32)], CommandType='"Text"', CommandTimeout='30']
SELECT `d`.`Id`, `d`.`Address_O`, `d`.`Address_Other`, `d`.`Address_R`, `d`.`City_O`, `d`.`City_Other`, `d`.`City_R`, `d`.`Country_O`, `d`.`Country_Other`, `d`.`Country_R`, `d`.`Created_At`, `d`.`Doctor_Id`, `d`.`Updated_At`, `d`.`Zip_O`, `d`.`Zip_Other`, `d`.`Zip_R`
FROM `Doctors_Address` AS `d`
WHERE `d`.`Doctor_Id` = @__doctorId_0
2023-10-07 19:19:59.542 +05:30  INF  Executed DbCommand (0ms) [Parameters=[@__p_0='?' (DbType = Int64)], CommandType='"Text"', CommandTimeout='30']
SELECT `d`.`Id`, `d`.`Allow_Notifications`, `d`.`Amount_Insured`, `d`.`Amount_Paid`, `d`.`Doctor_Id`, `d`.`Insurance`, `d`.`Insurance_Date`, `d`.`Remarks`, `d`.`Renewal_Date`, `d`.`Updated_At`
FROM `Doctor_Insurance_Details` AS `d`
WHERE `d`.`Doctor_Id` = @__p_0
2023-10-07 19:19:59.544 +05:30  INF  Executed DbCommand (1ms) [Parameters=[@__p_0='?' (DbType = Int64)], CommandType='"Text"', CommandTimeout='30']
SELECT `d`.`Id`, `d`.`Bank_Account_Number`, `d`.`Bank_Name`, `d`.`Doctor_Id`, `d`.`Ifsc_Code`, `d`.`Remarks`, `d`.`Updated_At`
FROM `Doctor_Bank_Details` AS `d`
WHERE `d`.`Doctor_Id` = @__p_0
2023-10-07 19:19:59.545 +05:30  INF  Executed DbCommand (0ms) [Parameters=[@__p_0='?' (DbType = Int64)], CommandType='"Text"', CommandTimeout='30']
SELECT `d`.`Id`, `d`.`Doctor_Id`, `d`.`Medical_History`, `d`.`Remarks`, `d`.`Reminder_Date_For_Next`, `d`.`Updated_At`, `d`.`Vaccination_Date`, `d`.`Vaccination_Type`
FROM `Doctors_Vaccination` AS `d`
WHERE `d`.`Doctor_Id` = @__p_0
2023-10-07 19:19:59.546 +05:30  INF  Executed DbCommand (1ms) [Parameters=[@__doctorId_0='?' (DbType = Int32)], CommandType='"Text"', CommandTimeout='30']
SELECT `d`.`Id`, `d`.`Address_O`, `d`.`Address_Other`, `d`.`Address_R`, `d`.`City_O`, `d`.`City_Other`, `d`.`City_R`, `d`.`Country_O`, `d`.`Country_Other`, `d`.`Country_R`, `d`.`Created_At`, `d`.`Doctor_Id`, `d`.`Updated_At`, `d`.`Zip_O`, `d`.`Zip_Other`, `d`.`Zip_R`
FROM `Doctors_Address` AS `d`
WHERE `d`.`Doctor_Id` = @__doctorId_0
2023-10-07 19:19:59.548 +05:30  INF  Executed DbCommand (0ms) [Parameters=[@__p_0='?' (DbType = Int64)], CommandType='"Text"', CommandTimeout='30']
SELECT `d`.`Id`, `d`.`Allow_Notifications`, `d`.`Amount_Insured`, `d`.`Amount_Paid`, `d`.`Doctor_Id`, `d`.`Insurance`, `d`.`Insurance_Date`, `d`.`Remarks`, `d`.`Renewal_Date`, `d`.`Updated_At`
FROM `Doctor_Insurance_Details` AS `d`
WHERE `d`.`Doctor_Id` = @__p_0
2023-10-07 19:19:59.549 +05:30  INF  Executed DbCommand (0ms) [Parameters=[@__p_0='?' (DbType = Int64)], CommandType='"Text"', CommandTimeout='30']
SELECT `d`.`Id`, `d`.`Bank_Account_Number`, `d`.`Bank_Name`, `d`.`Doctor_Id`, `d`.`Ifsc_Code`, `d`.`Remarks`, `d`.`Updated_At`
FROM `Doctor_Bank_Details` AS `d`
WHERE `d`.`Doctor_Id` = @__p_0
2023-10-07 19:19:59.551 +05:30  INF  Executed DbCommand (1ms) [Parameters=[@__p_0='?' (DbType = Int64)], CommandType='"Text"', CommandTimeout='30']
SELECT `d`.`Id`, `d`.`Doctor_Id`, `d`.`Medical_History`, `d`.`Remarks`, `d`.`Reminder_Date_For_Next`, `d`.`Updated_At`, `d`.`Vaccination_Date`, `d`.`Vaccination_Type`
FROM `Doctors_Vaccination` AS `d`
WHERE `d`.`Doctor_Id` = @__p_0
2023-10-07 19:19:59.552 +05:30  INF  Executed DbCommand (1ms) [Parameters=[@__doctorId_0='?' (DbType = Int32)], CommandType='"Text"', CommandTimeout='30']
SELECT `d`.`Id`, `d`.`Address_O`, `d`.`Address_Other`, `d`.`Address_R`, `d`.`City_O`, `d`.`City_Other`, `d`.`City_R`, `d`.`Country_O`, `d`.`Country_Other`, `d`.`Country_R`, `d`.`Created_At`, `d`.`Doctor_Id`, `d`.`Updated_At`, `d`.`Zip_O`, `d`.`Zip_Other`, `d`.`Zip_R`
FROM `Doctors_Address` AS `d`
WHERE `d`.`Doctor_Id` = @__doctorId_0
2023-10-07 19:19:59.553 +05:30  INF  Executed DbCommand (0ms) [Parameters=[@__p_0='?' (DbType = Int64)], CommandType='"Text"', CommandTimeout='30']
SELECT `d`.`Id`, `d`.`Allow_Notifications`, `d`.`Amount_Insured`, `d`.`Amount_Paid`, `d`.`Doctor_Id`, `d`.`Insurance`, `d`.`Insurance_Date`, `d`.`Remarks`, `d`.`Renewal_Date`, `d`.`Updated_At`
FROM `Doctor_Insurance_Details` AS `d`
WHERE `d`.`Doctor_Id` = @__p_0
2023-10-07 19:19:59.554 +05:30  INF  Executed DbCommand (0ms) [Parameters=[@__p_0='?' (DbType = Int64)], CommandType='"Text"', CommandTimeout='30']
SELECT `d`.`Id`, `d`.`Bank_Account_Number`, `d`.`Bank_Name`, `d`.`Doctor_Id`, `d`.`Ifsc_Code`, `d`.`Remarks`, `d`.`Updated_At`
FROM `Doctor_Bank_Details` AS `d`
WHERE `d`.`Doctor_Id` = @__p_0
2023-10-07 19:19:59.556 +05:30  INF  Executed DbCommand (0ms) [Parameters=[@__p_0='?' (DbType = Int64)], CommandType='"Text"', CommandTimeout='30']
SELECT `d`.`Id`, `d`.`Doctor_Id`, `d`.`Medical_History`, `d`.`Remarks`, `d`.`Reminder_Date_For_Next`, `d`.`Updated_At`, `d`.`Vaccination_Date`, `d`.`Vaccination_Type`
FROM `Doctors_Vaccination` AS `d`
WHERE `d`.`Doctor_Id` = @__p_0
2023-10-07 19:19:59.557 +05:30  INF  Executed DbCommand (1ms) [Parameters=[@__doctorId_0='?' (DbType = Int32)], CommandType='"Text"', CommandTimeout='30']
SELECT `d`.`Id`, `d`.`Address_O`, `d`.`Address_Other`, `d`.`Address_R`, `d`.`City_O`, `d`.`City_Other`, `d`.`City_R`, `d`.`Country_O`, `d`.`Country_Other`, `d`.`Country_R`, `d`.`Created_At`, `d`.`Doctor_Id`, `d`.`Updated_At`, `d`.`Zip_O`, `d`.`Zip_Other`, `d`.`Zip_R`
FROM `Doctors_Address` AS `d`
WHERE `d`.`Doctor_Id` = @__doctorId_0
2023-10-07 19:19:59.558 +05:30  INF  Executed DbCommand (1ms) [Parameters=[@__p_0='?' (DbType = Int64)], CommandType='"Text"', CommandTimeout='30']
SELECT `d`.`Id`, `d`.`Allow_Notifications`, `d`.`Amount_Insured`, `d`.`Amount_Paid`, `d`.`Doctor_Id`, `d`.`Insurance`, `d`.`Insurance_Date`, `d`.`Remarks`, `d`.`Renewal_Date`, `d`.`Updated_At`
FROM `Doctor_Insurance_Details` AS `d`
WHERE `d`.`Doctor_Id` = @__p_0
2023-10-07 19:19:59.560 +05:30  INF  Executed DbCommand (0ms) [Parameters=[@__p_0='?' (DbType = Int64)], CommandType='"Text"', CommandTimeout='30']
SELECT `d`.`Id`, `d`.`Bank_Account_Number`, `d`.`Bank_Name`, `d`.`Doctor_Id`, `d`.`Ifsc_Code`, `d`.`Remarks`, `d`.`Updated_At`
FROM `Doctor_Bank_Details` AS `d`
WHERE `d`.`Doctor_Id` = @__p_0
2023-10-07 19:19:59.561 +05:30  INF  Executed DbCommand (1ms) [Parameters=[@__p_0='?' (DbType = Int64)], CommandType='"Text"', CommandTimeout='30']
SELECT `d`.`Id`, `d`.`Doctor_Id`, `d`.`Medical_History`, `d`.`Remarks`, `d`.`Reminder_Date_For_Next`, `d`.`Updated_At`, `d`.`Vaccination_Date`, `d`.`Vaccination_Type`
FROM `Doctors_Vaccination` AS `d`
WHERE `d`.`Doctor_Id` = @__p_0
2023-10-07 19:19:59.562 +05:30  INF  Executed DbCommand (1ms) [Parameters=[@__doctorId_0='?' (DbType = Int32)], CommandType='"Text"', CommandTimeout='30']
SELECT `d`.`Id`, `d`.`Address_O`, `d`.`Address_Other`, `d`.`Address_R`, `d`.`City_O`, `d`.`City_Other`, `d`.`City_R`, `d`.`Country_O`, `d`.`Country_Other`, `d`.`Country_R`, `d`.`Created_At`, `d`.`Doctor_Id`, `d`.`Updated_At`, `d`.`Zip_O`, `d`.`Zip_Other`, `d`.`Zip_R`
FROM `Doctors_Address` AS `d`
WHERE `d`.`Doctor_Id` = @__doctorId_0
2023-10-07 19:19:59.563 +05:30  INF  Executed DbCommand (0ms) [Parameters=[@__p_0='?' (DbType = Int64)], CommandType='"Text"', CommandTimeout='30']
SELECT `d`.`Id`, `d`.`Allow_Notifications`, `d`.`Amount_Insured`, `d`.`Amount_Paid`, `d`.`Doctor_Id`, `d`.`Insurance`, `d`.`Insurance_Date`, `d`.`Remarks`, `d`.`Renewal_Date`, `d`.`Updated_At`
FROM `Doctor_Insurance_Details` AS `d`
WHERE `d`.`Doctor_Id` = @__p_0
2023-10-07 19:19:59.565 +05:30  INF  Executed DbCommand (0ms) [Parameters=[@__p_0='?' (DbType = Int64)], CommandType='"Text"', CommandTimeout='30']
SELECT `d`.`Id`, `d`.`Bank_Account_Number`, `d`.`Bank_Name`, `d`.`Doctor_Id`, `d`.`Ifsc_Code`, `d`.`Remarks`, `d`.`Updated_At`
FROM `Doctor_Bank_Details` AS `d`
WHERE `d`.`Doctor_Id` = @__p_0
2023-10-07 19:19:59.566 +05:30  INF  Executed DbCommand (0ms) [Parameters=[@__p_0='?' (DbType = Int64)], CommandType='"Text"', CommandTimeout='30']
SELECT `d`.`Id`, `d`.`Doctor_Id`, `d`.`Medical_History`, `d`.`Remarks`, `d`.`Reminder_Date_For_Next`, `d`.`Updated_At`, `d`.`Vaccination_Date`, `d`.`Vaccination_Type`
FROM `Doctors_Vaccination` AS `d`
WHERE `d`.`Doctor_Id` = @__p_0
2023-10-07 19:19:59.567 +05:30  INF  Executed DbCommand (1ms) [Parameters=[@__doctorId_0='?' (DbType = Int32)], CommandType='"Text"', CommandTimeout='30']
SELECT `d`.`Id`, `d`.`Address_O`, `d`.`Address_Other`, `d`.`Address_R`, `d`.`City_O`, `d`.`City_Other`, `d`.`City_R`, `d`.`Country_O`, `d`.`Country_Other`, `d`.`Country_R`, `d`.`Created_At`, `d`.`Doctor_Id`, `d`.`Updated_At`, `d`.`Zip_O`, `d`.`Zip_Other`, `d`.`Zip_R`
FROM `Doctors_Address` AS `d`
WHERE `d`.`Doctor_Id` = @__doctorId_0
2023-10-07 19:19:59.568 +05:30  INF  Executing ObjectResult, writing value of type 'System.Collections.Generic.List`1[[DCRM.Common.Dto.DoctorDto, DCRM.Common, Version=1.0.0.0, Culture=neutral, PublicKeyToken=null]]'.
2023-10-07 19:19:59.593 +05:30  INF  Executed action DCRM.Api.Controllers.DoctorController.GetDoctorAsync (DCRM.Api) in 221.4997ms
2023-10-07 19:19:59.593 +05:30  INF  Executed endpoint 'DCRM.Api.Controllers.DoctorController.GetDoctorAsync (DCRM.Api)'
2023-10-07 19:19:59.593 +05:30  INF  Request finished HTTP/2 GET https://localhost:7069/api/Doctor/GetAll application/json - - 200 - application/json;+charset=utf-8 229.8919ms
2023-10-07 19:20:01.306 +05:30  INF  Request starting HTTP/2 OPTIONS https://localhost:7069/api/Dealer/GetAll - -
2023-10-07 19:20:01.306 +05:30  INF  CORS policy execution successful.
2023-10-07 19:20:01.307 +05:30  INF  Request finished HTTP/2 OPTIONS https://localhost:7069/api/Dealer/GetAll - - - 204 - - 0.4100ms
2023-10-07 19:20:01.307 +05:30  INF  Request starting HTTP/2 GET https://localhost:7069/api/Dealer/GetAll application/json -
2023-10-07 19:20:01.307 +05:30  INF  CORS policy execution successful.
2023-10-07 19:20:01.311 +05:30  INF  Executed DbCommand (1ms) [Parameters=[@__id_0='?' (DbType = Int32)], CommandType='"Text"', CommandTimeout='30']
SELECT `u`.`Id`, `u`.`About_Me`, `u`.`Account_Type`, `u`.`Address`, `u`.`Available_Days`, `u`.`Bn_Name`, `u`.`City`, `u`.`Country`, `u`.`Created_At`, `u`.`Currency`, `u`.`Degree`, `u`.`Email`, `u`.`Email_Verified`, `u`.`Enable_Appointment`, `u`.`Enable_Rating`, `u`.`Exp_Years`, `u`.`Facebook`, `u`.`Google_Analytics`, `u`.`Image`, `u`.`Instagram`, `u`.`Linkedin`, `u`.`Name`, `u`.`Parent_Id`, `u`.`Password`, `u`.`Paypal_Email`, `u`.`Paypal_Mode`, `u`.`Paypal_Payment`, `u`.`Paystack_Payment`, `u`.`Paystack_Public_Key`, `u`.`Paystack_Secret_Key`, `u`.`Phone`, `u`.`Publish_Key`, `u`.`Qr_Code`, `u`.`Razorpay_Key_Id`, `u`.`Razorpay_Key_Secret`, `u`.`Razorpay_Payment`, `u`.`Role`, `u`.`Secret_Key`, `u`.`Skype`, `u`.`Slug`, `u`.`Specialist`, `u`.`Status`, `u`.`Stripe_Payment`, `u`.`Thumb`, `u`.`Trial_Expire`, `u`.`Twitter`, `u`.`User_Name`, `u`.`User_Type`, `u`.`Verify_Code`, `u`.`Whatsapp`
FROM `Users` AS `u`
WHERE `u`.`Id` = @__id_0
LIMIT 1
2023-10-07 19:20:01.311 +05:30  INF  Executing endpoint 'DCRM.Api.Controllers.DealerController.GetAllAsync (DCRM.Api)'
2023-10-07 19:20:01.311 +05:30  INF  Route matched with {action = "GetAll", controller = "Dealer"}. Executing controller action with signature System.Threading.Tasks.Task`1[System.Collections.Generic.IEnumerable`1[DCRM.Common.Dto.DealerDto]] GetAllAsync() on controller DCRM.Api.Controllers.DealerController (DCRM.Api).
2023-10-07 19:20:01.313 +05:30  INF  Executed DbCommand (1ms) [Parameters=[@__userId_0='?' (DbType = Int64)], CommandType='"Text"', CommandTimeout='30']
SELECT `d`.`Id`, `d`.`Address_O`, `d`.`Address_R`, `d`.`City_O`, `d`.`City_R`, `d`.`Company_Name`, `d`.`Country_O`, `d`.`Country_R`, `d`.`Created_At`, `d`.`Email1`, `d`.`Email2`, `d`.`Gst_Number`, `d`.`Image`, `d`.`Is_Deleted`, `d`.`Own_Name_1`, `d`.`Own_Name_2`, `d`.`Pan_Number`, `d`.`Phone1`, `d`.`Phone2`, `d`.`Staff_Email1`, `d`.`Staff_Email2`, `d`.`Staff_Email3`, `d`.`Staff_Email4`, `d`.`Staff_Name1`, `d`.`Staff_Name2`, `d`.`Staff_Name3`, `d`.`Staff_Name4`, `d`.`Staff_Phone1`, `d`.`Staff_Phone2`, `d`.`Staff_Phone3`, `d`.`Staff_Phone4`, `d`.`Updated_At`, `d`.`User_Id`, `d`.`Zip_O`, `d`.`Zip_R`
FROM `Dealers` AS `d`
WHERE (`d`.`Is_Deleted` = 0) AND (`d`.`User_Id` = @__userId_0)
2023-10-07 19:20:01.313 +05:30  INF  Executing ObjectResult, writing value of type 'System.Collections.Generic.List`1[[DCRM.Common.Dto.DealerDto, DCRM.Common, Version=1.0.0.0, Culture=neutral, PublicKeyToken=null]]'.
2023-10-07 19:20:01.313 +05:30  INF  Executed action DCRM.Api.Controllers.DealerController.GetAllAsync (DCRM.Api) in 1.646ms
2023-10-07 19:20:01.313 +05:30  INF  Executed endpoint 'DCRM.Api.Controllers.DealerController.GetAllAsync (DCRM.Api)'
2023-10-07 19:20:01.313 +05:30  INF  Request finished HTTP/2 GET https://localhost:7069/api/Dealer/GetAll application/json - - 200 - application/json;+charset=utf-8 5.8961ms
2023-10-07 19:23:58.680 +05:30  INF  Request starting HTTP/2 OPTIONS https://localhost:7069/api/Dealer/Create - -
2023-10-07 19:23:58.680 +05:30  INF  CORS policy execution successful.
2023-10-07 19:23:58.680 +05:30  INF  Request finished HTTP/2 OPTIONS https://localhost:7069/api/Dealer/Create - - - 204 - - 0.4398ms
2023-10-07 19:23:58.682 +05:30  INF  Request starting HTTP/2 POST https://localhost:7069/api/Dealer/Create application/json 1081
2023-10-07 19:23:58.682 +05:30  INF  CORS policy execution successful.
2023-10-07 19:23:58.686 +05:30  INF  Executed DbCommand (1ms) [Parameters=[@__id_0='?' (DbType = Int32)], CommandType='"Text"', CommandTimeout='30']
SELECT `u`.`Id`, `u`.`About_Me`, `u`.`Account_Type`, `u`.`Address`, `u`.`Available_Days`, `u`.`Bn_Name`, `u`.`City`, `u`.`Country`, `u`.`Created_At`, `u`.`Currency`, `u`.`Degree`, `u`.`Email`, `u`.`Email_Verified`, `u`.`Enable_Appointment`, `u`.`Enable_Rating`, `u`.`Exp_Years`, `u`.`Facebook`, `u`.`Google_Analytics`, `u`.`Image`, `u`.`Instagram`, `u`.`Linkedin`, `u`.`Name`, `u`.`Parent_Id`, `u`.`Password`, `u`.`Paypal_Email`, `u`.`Paypal_Mode`, `u`.`Paypal_Payment`, `u`.`Paystack_Payment`, `u`.`Paystack_Public_Key`, `u`.`Paystack_Secret_Key`, `u`.`Phone`, `u`.`Publish_Key`, `u`.`Qr_Code`, `u`.`Razorpay_Key_Id`, `u`.`Razorpay_Key_Secret`, `u`.`Razorpay_Payment`, `u`.`Role`, `u`.`Secret_Key`, `u`.`Skype`, `u`.`Slug`, `u`.`Specialist`, `u`.`Status`, `u`.`Stripe_Payment`, `u`.`Thumb`, `u`.`Trial_Expire`, `u`.`Twitter`, `u`.`User_Name`, `u`.`User_Type`, `u`.`Verify_Code`, `u`.`Whatsapp`
FROM `Users` AS `u`
WHERE `u`.`Id` = @__id_0
LIMIT 1
2023-10-07 19:23:58.687 +05:30  INF  Executing endpoint 'DCRM.Api.Controllers.DealerController.Create (DCRM.Api)'
2023-10-07 19:23:58.690 +05:30  INF  Route matched with {action = "Create", controller = "Dealer"}. Executing controller action with signature System.Threading.Tasks.Task`1[Microsoft.AspNetCore.Mvc.IActionResult] Create(DCRM.Common.Entity.DealerRequest) on controller DCRM.Api.Controllers.DealerController (DCRM.Api).
2023-10-07 19:23:58.700 +05:30  INF  Executed DbCommand (1ms) [Parameters=[@__request_Company_Name_0='?' (Size = 4000)], CommandType='"Text"', CommandTimeout='30']
SELECT `d`.`Id`, `d`.`Address_O`, `d`.`Address_R`, `d`.`City_O`, `d`.`City_R`, `d`.`Company_Name`, `d`.`Country_O`, `d`.`Country_R`, `d`.`Created_At`, `d`.`Email1`, `d`.`Email2`, `d`.`Gst_Number`, `d`.`Image`, `d`.`Is_Deleted`, `d`.`Own_Name_1`, `d`.`Own_Name_2`, `d`.`Pan_Number`, `d`.`Phone1`, `d`.`Phone2`, `d`.`Staff_Email1`, `d`.`Staff_Email2`, `d`.`Staff_Email3`, `d`.`Staff_Email4`, `d`.`Staff_Name1`, `d`.`Staff_Name2`, `d`.`Staff_Name3`, `d`.`Staff_Name4`, `d`.`Staff_Phone1`, `d`.`Staff_Phone2`, `d`.`Staff_Phone3`, `d`.`Staff_Phone4`, `d`.`Updated_At`, `d`.`User_Id`, `d`.`Zip_O`, `d`.`Zip_R`
FROM `Dealers` AS `d`
WHERE `d`.`Company_Name` = @__request_Company_Name_0
LIMIT 1
2023-10-07 19:23:58.773 +05:30  INF  Executed DbCommand (1ms) [Parameters=[@p0='?' (Size = 4000), @p1='?' (Size = 4000), @p2='?' (Size = 4000), @p3='?' (Size = 4000), @p4='?' (Size = 4000), @p5='?' (Size = 4000), @p6='?' (Size = 4000), @p7='?' (DbType = DateTime), @p8='?' (Size = 4000), @p9='?' (Size = 4000), @p10='?' (Size = 4000), @p11='?' (Size = 4000), @p12='?' (DbType = SByte), @p13='?' (Size = 4000), @p14='?' (Size = 4000), @p15='?' (Size = 4000), @p16='?' (Size = 4000), @p17='?' (Size = 4000), @p18='?' (Size = 4000), @p19='?' (Size = 4000), @p20='?' (Size = 4000), @p21='?' (Size = 4000), @p22='?' (Size = 4000), @p23='?' (Size = 4000), @p24='?' (Size = 4000), @p25='?' (Size = 4000), @p26='?' (DbType = Int64), @p27='?' (DbType = Int64), @p28='?' (DbType = Int64), @p29='?' (DbType = Int64), @p30='?' (DbType = DateTime), @p31='?' (DbType = Int64), @p32='?' (Size = 4000), @p33='?' (Size = 4000)], CommandType='"Text"', CommandTimeout='30']
INSERT INTO `Dealers` (`Address_O`, `Address_R`, `City_O`, `City_R`, `Company_Name`, `Country_O`, `Country_R`, `Created_At`, `Email1`, `Email2`, `Gst_Number`, `Image`, `Is_Deleted`, `Own_Name_1`, `Own_Name_2`, `Pan_Number`, `Phone1`, `Phone2`, `Staff_Email1`, `Staff_Email2`, `Staff_Email3`, `Staff_Email4`, `Staff_Name1`, `Staff_Name2`, `Staff_Name3`, `Staff_Name4`, `Staff_Phone1`, `Staff_Phone2`, `Staff_Phone3`, `Staff_Phone4`, `Updated_At`, `User_Id`, `Zip_O`, `Zip_R`)
VALUES (@p0, @p1, @p2, @p3, @p4, @p5, @p6, @p7, @p8, @p9, @p10, @p11, @p12, @p13, @p14, @p15, @p16, @p17, @p18, @p19, @p20, @p21, @p22, @p23, @p24, @p25, @p26, @p27, @p28, @p29, @p30, @p31, @p32, @p33);
SELECT `Id`
FROM `Dealers`
WHERE ROW_COUNT() = 1 AND `Id` = LAST_INSERT_ID();
2023-10-07 19:23:58.812 +05:30  INF  Executed DbCommand (1ms) [Parameters=[@p0='?' (DbType = Int64), @p1='?' (Size = 4000), @p2='?' (DbType = Int64), @p3='?' (Size = 4000), @p4='?' (Size = 4000), @p5='?' (DbType = DateTime)], CommandType='"Text"', CommandTimeout='30']
INSERT INTO `Dealer_Bank_Details` (`Bank_Account_Number`, `Bank_Name`, `Dealer_Id`, `Ifsc_Code`, `Remarks`, `Updated_At`)
VALUES (@p0, @p1, @p2, @p3, @p4, @p5);
SELECT `Id`
FROM `Dealer_Bank_Details`
WHERE ROW_COUNT() = 1 AND `Id` = LAST_INSERT_ID();
2023-10-07 19:23:58.821 +05:30  INF  Executed DbCommand (1ms) [Parameters=[@p0='?' (DbType = Int64), @p1='?' (DbType = Single), @p2='?' (DbType = DateTime), @p3='?' (Size = 4000)], CommandType='"Text"', CommandTimeout='30']
INSERT INTO `Dealer_Material` (`Dealer_Id`, `Material_Cost`, `Material_Date`, `Material_Name`)
VALUES (@p0, @p1, @p2, @p3);
SELECT `Id`
FROM `Dealer_Material`
WHERE ROW_COUNT() = 1 AND `Id` = LAST_INSERT_ID();
2023-10-07 19:23:58.828 +05:30  INF  Executing OkObjectResult, writing value of type 'System.String'.
2023-10-07 19:23:58.828 +05:30  INF  Executed action DCRM.Api.Controllers.DealerController.Create (DCRM.Api) in 138.2476ms
2023-10-07 19:23:58.828 +05:30  INF  Executed endpoint 'DCRM.Api.Controllers.DealerController.Create (DCRM.Api)'
2023-10-07 19:23:58.829 +05:30  INF  Request finished HTTP/2 POST https://localhost:7069/api/Dealer/Create application/json 1081 - 200 - text/plain;+charset=utf-8 146.3134ms
2023-10-07 19:23:58.860 +05:30  INF  Request starting HTTP/2 OPTIONS https://localhost:7069/api/Dealer/GetAll - -
2023-10-07 19:23:58.860 +05:30  INF  CORS policy execution successful.
2023-10-07 19:23:58.860 +05:30  INF  Request finished HTTP/2 OPTIONS https://localhost:7069/api/Dealer/GetAll - - - 204 - - 0.4789ms
2023-10-07 19:23:58.862 +05:30  INF  Request starting HTTP/2 GET https://localhost:7069/api/Dealer/GetAll application/json -
2023-10-07 19:23:58.863 +05:30  INF  CORS policy execution successful.
2023-10-07 19:23:58.867 +05:30  INF  Executed DbCommand (2ms) [Parameters=[@__id_0='?' (DbType = Int32)], CommandType='"Text"', CommandTimeout='30']
SELECT `u`.`Id`, `u`.`About_Me`, `u`.`Account_Type`, `u`.`Address`, `u`.`Available_Days`, `u`.`Bn_Name`, `u`.`City`, `u`.`Country`, `u`.`Created_At`, `u`.`Currency`, `u`.`Degree`, `u`.`Email`, `u`.`Email_Verified`, `u`.`Enable_Appointment`, `u`.`Enable_Rating`, `u`.`Exp_Years`, `u`.`Facebook`, `u`.`Google_Analytics`, `u`.`Image`, `u`.`Instagram`, `u`.`Linkedin`, `u`.`Name`, `u`.`Parent_Id`, `u`.`Password`, `u`.`Paypal_Email`, `u`.`Paypal_Mode`, `u`.`Paypal_Payment`, `u`.`Paystack_Payment`, `u`.`Paystack_Public_Key`, `u`.`Paystack_Secret_Key`, `u`.`Phone`, `u`.`Publish_Key`, `u`.`Qr_Code`, `u`.`Razorpay_Key_Id`, `u`.`Razorpay_Key_Secret`, `u`.`Razorpay_Payment`, `u`.`Role`, `u`.`Secret_Key`, `u`.`Skype`, `u`.`Slug`, `u`.`Specialist`, `u`.`Status`, `u`.`Stripe_Payment`, `u`.`Thumb`, `u`.`Trial_Expire`, `u`.`Twitter`, `u`.`User_Name`, `u`.`User_Type`, `u`.`Verify_Code`, `u`.`Whatsapp`
FROM `Users` AS `u`
WHERE `u`.`Id` = @__id_0
LIMIT 1
2023-10-07 19:23:58.868 +05:30  INF  Executing endpoint 'DCRM.Api.Controllers.DealerController.GetAllAsync (DCRM.Api)'
2023-10-07 19:23:58.868 +05:30  INF  Route matched with {action = "GetAll", controller = "Dealer"}. Executing controller action with signature System.Threading.Tasks.Task`1[System.Collections.Generic.IEnumerable`1[DCRM.Common.Dto.DealerDto]] GetAllAsync() on controller DCRM.Api.Controllers.DealerController (DCRM.Api).
2023-10-07 19:23:58.870 +05:30  INF  Executed DbCommand (1ms) [Parameters=[@__userId_0='?' (DbType = Int64)], CommandType='"Text"', CommandTimeout='30']
SELECT `d`.`Id`, `d`.`Address_O`, `d`.`Address_R`, `d`.`City_O`, `d`.`City_R`, `d`.`Company_Name`, `d`.`Country_O`, `d`.`Country_R`, `d`.`Created_At`, `d`.`Email1`, `d`.`Email2`, `d`.`Gst_Number`, `d`.`Image`, `d`.`Is_Deleted`, `d`.`Own_Name_1`, `d`.`Own_Name_2`, `d`.`Pan_Number`, `d`.`Phone1`, `d`.`Phone2`, `d`.`Staff_Email1`, `d`.`Staff_Email2`, `d`.`Staff_Email3`, `d`.`Staff_Email4`, `d`.`Staff_Name1`, `d`.`Staff_Name2`, `d`.`Staff_Name3`, `d`.`Staff_Name4`, `d`.`Staff_Phone1`, `d`.`Staff_Phone2`, `d`.`Staff_Phone3`, `d`.`Staff_Phone4`, `d`.`Updated_At`, `d`.`User_Id`, `d`.`Zip_O`, `d`.`Zip_R`
FROM `Dealers` AS `d`
WHERE (`d`.`Is_Deleted` = 0) AND (`d`.`User_Id` = @__userId_0)
2023-10-07 19:23:58.870 +05:30  INF  Executing ObjectResult, writing value of type 'System.Collections.Generic.List`1[[DCRM.Common.Dto.DealerDto, DCRM.Common, Version=1.0.0.0, Culture=neutral, PublicKeyToken=null]]'.
2023-10-07 19:23:58.871 +05:30  INF  Executed action DCRM.Api.Controllers.DealerController.GetAllAsync (DCRM.Api) in 2.8035ms
2023-10-07 19:23:58.871 +05:30  INF  Executed endpoint 'DCRM.Api.Controllers.DealerController.GetAllAsync (DCRM.Api)'
2023-10-07 19:23:58.871 +05:30  INF  Request finished HTTP/2 GET https://localhost:7069/api/Dealer/GetAll application/json - - 200 - application/json;+charset=utf-8 8.4461ms
2023-10-07 19:25:06.864 +05:30  INF  Request starting HTTP/1.1 POST https://localhost:7069/api/Dealer/Create application/json 1574
2023-10-07 19:25:06.871 +05:30  INF  Executing endpoint 'DCRM.Api.Controllers.DealerController.Create (DCRM.Api)'
2023-10-07 19:25:06.871 +05:30  INF  Route matched with {action = "Create", controller = "Dealer"}. Executing controller action with signature System.Threading.Tasks.Task`1[Microsoft.AspNetCore.Mvc.IActionResult] Create(DCRM.Common.Entity.DealerRequest) on controller DCRM.Api.Controllers.DealerController (DCRM.Api).
2023-10-07 19:25:06.872 +05:30  INF  Authorization failed for the request at filter 'DCRM.Common.Authorization.AuthorizeAttribute'.
2023-10-07 19:25:06.873 +05:30  INF  Executing JsonResult, writing value of type '<>f__AnonymousType0`1[[System.String, System.Private.CoreLib, Version=6.0.0.0, Culture=neutral, PublicKeyToken=7cec85d7bea7798e]]'.
2023-10-07 19:25:06.877 +05:30  INF  Executed action DCRM.Api.Controllers.DealerController.Create (DCRM.Api) in 5.55ms
2023-10-07 19:25:06.877 +05:30  INF  Executed endpoint 'DCRM.Api.Controllers.DealerController.Create (DCRM.Api)'
2023-10-07 19:25:06.877 +05:30  INF  Request finished HTTP/1.1 POST https://localhost:7069/api/Dealer/Create application/json 1574 - 401 - application/json;+charset=utf-8 12.7252ms
2023-10-07 19:30:26.319 +05:30  INF  Request starting HTTP/2 OPTIONS https://localhost:7069/api/Dealer/GetAll - -
2023-10-07 19:30:26.319 +05:30  INF  CORS policy execution successful.
2023-10-07 19:30:26.319 +05:30  INF  Request finished HTTP/2 OPTIONS https://localhost:7069/api/Dealer/GetAll - - - 204 - - 0.3541ms
2023-10-07 19:30:26.324 +05:30  INF  Request starting HTTP/2 GET https://localhost:7069/api/Dealer/GetAll application/json -
2023-10-07 19:30:26.324 +05:30  INF  CORS policy execution successful.
2023-10-07 19:30:26.364 +05:30  INF  Executed DbCommand (2ms) [Parameters=[@__id_0='?' (DbType = Int32)], CommandType='"Text"', CommandTimeout='30']
SELECT `u`.`Id`, `u`.`About_Me`, `u`.`Account_Type`, `u`.`Address`, `u`.`Available_Days`, `u`.`Bn_Name`, `u`.`City`, `u`.`Country`, `u`.`Created_At`, `u`.`Currency`, `u`.`Degree`, `u`.`Email`, `u`.`Email_Verified`, `u`.`Enable_Appointment`, `u`.`Enable_Rating`, `u`.`Exp_Years`, `u`.`Facebook`, `u`.`Google_Analytics`, `u`.`Image`, `u`.`Instagram`, `u`.`Linkedin`, `u`.`Name`, `u`.`Parent_Id`, `u`.`Password`, `u`.`Paypal_Email`, `u`.`Paypal_Mode`, `u`.`Paypal_Payment`, `u`.`Paystack_Payment`, `u`.`Paystack_Public_Key`, `u`.`Paystack_Secret_Key`, `u`.`Phone`, `u`.`Publish_Key`, `u`.`Qr_Code`, `u`.`Razorpay_Key_Id`, `u`.`Razorpay_Key_Secret`, `u`.`Razorpay_Payment`, `u`.`Role`, `u`.`Secret_Key`, `u`.`Skype`, `u`.`Slug`, `u`.`Specialist`, `u`.`Status`, `u`.`Stripe_Payment`, `u`.`Thumb`, `u`.`Trial_Expire`, `u`.`Twitter`, `u`.`User_Name`, `u`.`User_Type`, `u`.`Verify_Code`, `u`.`Whatsapp`
FROM `Users` AS `u`
WHERE `u`.`Id` = @__id_0
LIMIT 1
2023-10-07 19:30:26.365 +05:30  INF  Executing endpoint 'DCRM.Api.Controllers.DealerController.GetAllAsync (DCRM.Api)'
2023-10-07 19:30:26.365 +05:30  INF  Route matched with {action = "GetAll", controller = "Dealer"}. Executing controller action with signature System.Threading.Tasks.Task`1[System.Collections.Generic.IEnumerable`1[DCRM.Common.Dto.DealerDto]] GetAllAsync() on controller DCRM.Api.Controllers.DealerController (DCRM.Api).
2023-10-07 19:30:26.367 +05:30  INF  Executed DbCommand (1ms) [Parameters=[@__userId_0='?' (DbType = Int64)], CommandType='"Text"', CommandTimeout='30']
SELECT `d`.`Id`, `d`.`Address_O`, `d`.`Address_R`, `d`.`City_O`, `d`.`City_R`, `d`.`Company_Name`, `d`.`Country_O`, `d`.`Country_R`, `d`.`Created_At`, `d`.`Email1`, `d`.`Email2`, `d`.`Gst_Number`, `d`.`Image`, `d`.`Is_Deleted`, `d`.`Own_Name_1`, `d`.`Own_Name_2`, `d`.`Pan_Number`, `d`.`Phone1`, `d`.`Phone2`, `d`.`Staff_Email1`, `d`.`Staff_Email2`, `d`.`Staff_Email3`, `d`.`Staff_Email4`, `d`.`Staff_Name1`, `d`.`Staff_Name2`, `d`.`Staff_Name3`, `d`.`Staff_Name4`, `d`.`Staff_Phone1`, `d`.`Staff_Phone2`, `d`.`Staff_Phone3`, `d`.`Staff_Phone4`, `d`.`Updated_At`, `d`.`User_Id`, `d`.`Zip_O`, `d`.`Zip_R`
FROM `Dealers` AS `d`
WHERE (`d`.`Is_Deleted` = 0) AND (`d`.`User_Id` = @__userId_0)
2023-10-07 19:30:26.367 +05:30  INF  Executing ObjectResult, writing value of type 'System.Collections.Generic.List`1[[DCRM.Common.Dto.DealerDto, DCRM.Common, Version=1.0.0.0, Culture=neutral, PublicKeyToken=null]]'.
2023-10-07 19:30:26.367 +05:30  INF  Executed action DCRM.Api.Controllers.DealerController.GetAllAsync (DCRM.Api) in 2.2116ms
2023-10-07 19:30:26.367 +05:30  INF  Executed endpoint 'DCRM.Api.Controllers.DealerController.GetAllAsync (DCRM.Api)'
2023-10-07 19:30:26.367 +05:30  INF  Request finished HTTP/2 GET https://localhost:7069/api/Dealer/GetAll application/json - - 200 - application/json;+charset=utf-8 43.0755ms
2023-10-07 19:31:12.491 +05:30  INF  Request starting HTTP/2 OPTIONS https://localhost:7069/api/Dealer/GetAll - -
2023-10-07 19:31:12.492 +05:30  INF  CORS policy execution successful.
2023-10-07 19:31:12.492 +05:30  INF  Request finished HTTP/2 OPTIONS https://localhost:7069/api/Dealer/GetAll - - - 204 - - 0.5597ms
2023-10-07 19:31:12.493 +05:30  INF  Request starting HTTP/2 GET https://localhost:7069/api/Dealer/GetAll application/json -
2023-10-07 19:31:12.493 +05:30  INF  CORS policy execution successful.
2023-10-07 19:31:12.496 +05:30  INF  Executed DbCommand (1ms) [Parameters=[@__id_0='?' (DbType = Int32)], CommandType='"Text"', CommandTimeout='30']
SELECT `u`.`Id`, `u`.`About_Me`, `u`.`Account_Type`, `u`.`Address`, `u`.`Available_Days`, `u`.`Bn_Name`, `u`.`City`, `u`.`Country`, `u`.`Created_At`, `u`.`Currency`, `u`.`Degree`, `u`.`Email`, `u`.`Email_Verified`, `u`.`Enable_Appointment`, `u`.`Enable_Rating`, `u`.`Exp_Years`, `u`.`Facebook`, `u`.`Google_Analytics`, `u`.`Image`, `u`.`Instagram`, `u`.`Linkedin`, `u`.`Name`, `u`.`Parent_Id`, `u`.`Password`, `u`.`Paypal_Email`, `u`.`Paypal_Mode`, `u`.`Paypal_Payment`, `u`.`Paystack_Payment`, `u`.`Paystack_Public_Key`, `u`.`Paystack_Secret_Key`, `u`.`Phone`, `u`.`Publish_Key`, `u`.`Qr_Code`, `u`.`Razorpay_Key_Id`, `u`.`Razorpay_Key_Secret`, `u`.`Razorpay_Payment`, `u`.`Role`, `u`.`Secret_Key`, `u`.`Skype`, `u`.`Slug`, `u`.`Specialist`, `u`.`Status`, `u`.`Stripe_Payment`, `u`.`Thumb`, `u`.`Trial_Expire`, `u`.`Twitter`, `u`.`User_Name`, `u`.`User_Type`, `u`.`Verify_Code`, `u`.`Whatsapp`
FROM `Users` AS `u`
WHERE `u`.`Id` = @__id_0
LIMIT 1
2023-10-07 19:31:12.496 +05:30  INF  Executing endpoint 'DCRM.Api.Controllers.DealerController.GetAllAsync (DCRM.Api)'
2023-10-07 19:31:12.496 +05:30  INF  Route matched with {action = "GetAll", controller = "Dealer"}. Executing controller action with signature System.Threading.Tasks.Task`1[System.Collections.Generic.IEnumerable`1[DCRM.Common.Dto.DealerDto]] GetAllAsync() on controller DCRM.Api.Controllers.DealerController (DCRM.Api).
2023-10-07 19:31:12.497 +05:30  INF  Executed DbCommand (1ms) [Parameters=[@__userId_0='?' (DbType = Int64)], CommandType='"Text"', CommandTimeout='30']
SELECT `d`.`Id`, `d`.`Address_O`, `d`.`Address_R`, `d`.`City_O`, `d`.`City_R`, `d`.`Company_Name`, `d`.`Country_O`, `d`.`Country_R`, `d`.`Created_At`, `d`.`Email1`, `d`.`Email2`, `d`.`Gst_Number`, `d`.`Image`, `d`.`Is_Deleted`, `d`.`Own_Name_1`, `d`.`Own_Name_2`, `d`.`Pan_Number`, `d`.`Phone1`, `d`.`Phone2`, `d`.`Staff_Email1`, `d`.`Staff_Email2`, `d`.`Staff_Email3`, `d`.`Staff_Email4`, `d`.`Staff_Name1`, `d`.`Staff_Name2`, `d`.`Staff_Name3`, `d`.`Staff_Name4`, `d`.`Staff_Phone1`, `d`.`Staff_Phone2`, `d`.`Staff_Phone3`, `d`.`Staff_Phone4`, `d`.`Updated_At`, `d`.`User_Id`, `d`.`Zip_O`, `d`.`Zip_R`
FROM `Dealers` AS `d`
WHERE (`d`.`Is_Deleted` = 0) AND (`d`.`User_Id` = @__userId_0)
2023-10-07 19:31:12.497 +05:30  INF  Executing ObjectResult, writing value of type 'System.Collections.Generic.List`1[[DCRM.Common.Dto.DealerDto, DCRM.Common, Version=1.0.0.0, Culture=neutral, PublicKeyToken=null]]'.
2023-10-07 19:31:12.498 +05:30  INF  Executed action DCRM.Api.Controllers.DealerController.GetAllAsync (DCRM.Api) in 1.6639ms
2023-10-07 19:31:12.498 +05:30  INF  Executed endpoint 'DCRM.Api.Controllers.DealerController.GetAllAsync (DCRM.Api)'
2023-10-07 19:31:12.498 +05:30  INF  Request finished HTTP/2 GET https://localhost:7069/api/Dealer/GetAll application/json - - 200 - application/json;+charset=utf-8 4.8142ms
2023-10-07 19:32:38.789 +05:30  INF  Request starting HTTP/2 OPTIONS https://localhost:7069/api/Dealer/GetAll - -
2023-10-07 19:32:38.790 +05:30  INF  CORS policy execution successful.
2023-10-07 19:32:38.790 +05:30  INF  Request finished HTTP/2 OPTIONS https://localhost:7069/api/Dealer/GetAll - - - 204 - - 0.6883ms
2023-10-07 19:32:38.795 +05:30  INF  Request starting HTTP/2 GET https://localhost:7069/api/Dealer/GetAll application/json -
2023-10-07 19:32:38.795 +05:30  INF  CORS policy execution successful.
2023-10-07 19:32:38.801 +05:30  INF  Executed DbCommand (2ms) [Parameters=[@__id_0='?' (DbType = Int32)], CommandType='"Text"', CommandTimeout='30']
SELECT `u`.`Id`, `u`.`About_Me`, `u`.`Account_Type`, `u`.`Address`, `u`.`Available_Days`, `u`.`Bn_Name`, `u`.`City`, `u`.`Country`, `u`.`Created_At`, `u`.`Currency`, `u`.`Degree`, `u`.`Email`, `u`.`Email_Verified`, `u`.`Enable_Appointment`, `u`.`Enable_Rating`, `u`.`Exp_Years`, `u`.`Facebook`, `u`.`Google_Analytics`, `u`.`Image`, `u`.`Instagram`, `u`.`Linkedin`, `u`.`Name`, `u`.`Parent_Id`, `u`.`Password`, `u`.`Paypal_Email`, `u`.`Paypal_Mode`, `u`.`Paypal_Payment`, `u`.`Paystack_Payment`, `u`.`Paystack_Public_Key`, `u`.`Paystack_Secret_Key`, `u`.`Phone`, `u`.`Publish_Key`, `u`.`Qr_Code`, `u`.`Razorpay_Key_Id`, `u`.`Razorpay_Key_Secret`, `u`.`Razorpay_Payment`, `u`.`Role`, `u`.`Secret_Key`, `u`.`Skype`, `u`.`Slug`, `u`.`Specialist`, `u`.`Status`, `u`.`Stripe_Payment`, `u`.`Thumb`, `u`.`Trial_Expire`, `u`.`Twitter`, `u`.`User_Name`, `u`.`User_Type`, `u`.`Verify_Code`, `u`.`Whatsapp`
FROM `Users` AS `u`
WHERE `u`.`Id` = @__id_0
LIMIT 1
2023-10-07 19:32:38.802 +05:30  INF  Executing endpoint 'DCRM.Api.Controllers.DealerController.GetAllAsync (DCRM.Api)'
2023-10-07 19:32:38.802 +05:30  INF  Route matched with {action = "GetAll", controller = "Dealer"}. Executing controller action with signature System.Threading.Tasks.Task`1[System.Collections.Generic.IEnumerable`1[DCRM.Common.Dto.DealerDto]] GetAllAsync() on controller DCRM.Api.Controllers.DealerController (DCRM.Api).
2023-10-07 19:32:38.804 +05:30  INF  Executed DbCommand (1ms) [Parameters=[@__userId_0='?' (DbType = Int64)], CommandType='"Text"', CommandTimeout='30']
SELECT `d`.`Id`, `d`.`Address_O`, `d`.`Address_R`, `d`.`City_O`, `d`.`City_R`, `d`.`Company_Name`, `d`.`Country_O`, `d`.`Country_R`, `d`.`Created_At`, `d`.`Email1`, `d`.`Email2`, `d`.`Gst_Number`, `d`.`Image`, `d`.`Is_Deleted`, `d`.`Own_Name_1`, `d`.`Own_Name_2`, `d`.`Pan_Number`, `d`.`Phone1`, `d`.`Phone2`, `d`.`Staff_Email1`, `d`.`Staff_Email2`, `d`.`Staff_Email3`, `d`.`Staff_Email4`, `d`.`Staff_Name1`, `d`.`Staff_Name2`, `d`.`Staff_Name3`, `d`.`Staff_Name4`, `d`.`Staff_Phone1`, `d`.`Staff_Phone2`, `d`.`Staff_Phone3`, `d`.`Staff_Phone4`, `d`.`Updated_At`, `d`.`User_Id`, `d`.`Zip_O`, `d`.`Zip_R`
FROM `Dealers` AS `d`
WHERE (`d`.`Is_Deleted` = 0) AND (`d`.`User_Id` = @__userId_0)
2023-10-07 19:32:38.804 +05:30  INF  Executing ObjectResult, writing value of type 'System.Collections.Generic.List`1[[DCRM.Common.Dto.DealerDto, DCRM.Common, Version=1.0.0.0, Culture=neutral, PublicKeyToken=null]]'.
2023-10-07 19:32:38.805 +05:30  INF  Executed action DCRM.Api.Controllers.DealerController.GetAllAsync (DCRM.Api) in 2.9088ms
2023-10-07 19:32:38.805 +05:30  INF  Executed endpoint 'DCRM.Api.Controllers.DealerController.GetAllAsync (DCRM.Api)'
2023-10-07 19:32:38.805 +05:30  INF  Request finished HTTP/2 GET https://localhost:7069/api/Dealer/GetAll application/json - - 200 - application/json;+charset=utf-8 9.9886ms
2023-10-07 19:32:58.123 +05:30  INF  Request starting HTTP/2 OPTIONS https://localhost:7069/api/Dealer/GetAll - -
2023-10-07 19:32:58.123 +05:30  INF  CORS policy execution successful.
2023-10-07 19:32:58.124 +05:30  INF  Request finished HTTP/2 OPTIONS https://localhost:7069/api/Dealer/GetAll - - - 204 - - 0.4479ms
2023-10-07 19:32:58.129 +05:30  INF  Request starting HTTP/2 GET https://localhost:7069/api/Dealer/GetAll application/json -
2023-10-07 19:32:58.129 +05:30  INF  CORS policy execution successful.
2023-10-07 19:32:58.133 +05:30  INF  Executed DbCommand (1ms) [Parameters=[@__id_0='?' (DbType = Int32)], CommandType='"Text"', CommandTimeout='30']
SELECT `u`.`Id`, `u`.`About_Me`, `u`.`Account_Type`, `u`.`Address`, `u`.`Available_Days`, `u`.`Bn_Name`, `u`.`City`, `u`.`Country`, `u`.`Created_At`, `u`.`Currency`, `u`.`Degree`, `u`.`Email`, `u`.`Email_Verified`, `u`.`Enable_Appointment`, `u`.`Enable_Rating`, `u`.`Exp_Years`, `u`.`Facebook`, `u`.`Google_Analytics`, `u`.`Image`, `u`.`Instagram`, `u`.`Linkedin`, `u`.`Name`, `u`.`Parent_Id`, `u`.`Password`, `u`.`Paypal_Email`, `u`.`Paypal_Mode`, `u`.`Paypal_Payment`, `u`.`Paystack_Payment`, `u`.`Paystack_Public_Key`, `u`.`Paystack_Secret_Key`, `u`.`Phone`, `u`.`Publish_Key`, `u`.`Qr_Code`, `u`.`Razorpay_Key_Id`, `u`.`Razorpay_Key_Secret`, `u`.`Razorpay_Payment`, `u`.`Role`, `u`.`Secret_Key`, `u`.`Skype`, `u`.`Slug`, `u`.`Specialist`, `u`.`Status`, `u`.`Stripe_Payment`, `u`.`Thumb`, `u`.`Trial_Expire`, `u`.`Twitter`, `u`.`User_Name`, `u`.`User_Type`, `u`.`Verify_Code`, `u`.`Whatsapp`
FROM `Users` AS `u`
WHERE `u`.`Id` = @__id_0
LIMIT 1
2023-10-07 19:32:58.133 +05:30  INF  Executing endpoint 'DCRM.Api.Controllers.DealerController.GetAllAsync (DCRM.Api)'
2023-10-07 19:32:58.134 +05:30  INF  Route matched with {action = "GetAll", controller = "Dealer"}. Executing controller action with signature System.Threading.Tasks.Task`1[System.Collections.Generic.IEnumerable`1[DCRM.Common.Dto.DealerDto]] GetAllAsync() on controller DCRM.Api.Controllers.DealerController (DCRM.Api).
2023-10-07 19:32:58.135 +05:30  INF  Executed DbCommand (1ms) [Parameters=[@__userId_0='?' (DbType = Int64)], CommandType='"Text"', CommandTimeout='30']
SELECT `d`.`Id`, `d`.`Address_O`, `d`.`Address_R`, `d`.`City_O`, `d`.`City_R`, `d`.`Company_Name`, `d`.`Country_O`, `d`.`Country_R`, `d`.`Created_At`, `d`.`Email1`, `d`.`Email2`, `d`.`Gst_Number`, `d`.`Image`, `d`.`Is_Deleted`, `d`.`Own_Name_1`, `d`.`Own_Name_2`, `d`.`Pan_Number`, `d`.`Phone1`, `d`.`Phone2`, `d`.`Staff_Email1`, `d`.`Staff_Email2`, `d`.`Staff_Email3`, `d`.`Staff_Email4`, `d`.`Staff_Name1`, `d`.`Staff_Name2`, `d`.`Staff_Name3`, `d`.`Staff_Name4`, `d`.`Staff_Phone1`, `d`.`Staff_Phone2`, `d`.`Staff_Phone3`, `d`.`Staff_Phone4`, `d`.`Updated_At`, `d`.`User_Id`, `d`.`Zip_O`, `d`.`Zip_R`
FROM `Dealers` AS `d`
WHERE (`d`.`Is_Deleted` = 0) AND (`d`.`User_Id` = @__userId_0)
2023-10-07 19:32:58.138 +05:30  INF  Executed DbCommand (1ms) [Parameters=[@__p_0='?' (DbType = Int64)], CommandType='"Text"', CommandTimeout='30']
SELECT `d`.`Id`, `d`.`Bank_Account_Number`, `d`.`Bank_Name`, `d`.`Dealer_Id`, `d`.`Ifsc_Code`, `d`.`Remarks`, `d`.`Updated_At`
FROM `Dealer_Bank_Details` AS `d`
WHERE `d`.`Dealer_Id` = @__p_0
2023-10-07 19:32:58.139 +05:30  INF  Executed DbCommand (1ms) [Parameters=[@__p_0='?' (DbType = Int64)], CommandType='"Text"', CommandTimeout='30']
SELECT `d`.`Id`, `d`.`Dealer_Id`, `d`.`Material_Cost`, `d`.`Material_Date`, `d`.`Material_Name`
FROM `Dealer_Material` AS `d`
WHERE `d`.`Dealer_Id` = @__p_0
2023-10-07 19:32:58.140 +05:30  INF  Executing ObjectResult, writing value of type 'System.Collections.Generic.List`1[[DCRM.Common.Dto.DealerDto, DCRM.Common, Version=1.0.0.0, Culture=neutral, PublicKeyToken=null]]'.
2023-10-07 19:32:58.140 +05:30  INF  Executed action DCRM.Api.Controllers.DealerController.GetAllAsync (DCRM.Api) in 6.2813ms
2023-10-07 19:32:58.140 +05:30  INF  Executed endpoint 'DCRM.Api.Controllers.DealerController.GetAllAsync (DCRM.Api)'
2023-10-07 19:32:58.140 +05:30  INF  Request finished HTTP/2 GET https://localhost:7069/api/Dealer/GetAll application/json - - 200 - application/json;+charset=utf-8 11.1528ms
2023-10-07 19:33:06.716 +05:30  INF  Request starting HTTP/2 OPTIONS https://localhost:7069/api/Dealer/Get/30 - -
2023-10-07 19:33:06.716 +05:30  INF  CORS policy execution successful.
2023-10-07 19:33:06.716 +05:30  INF  Request finished HTTP/2 OPTIONS https://localhost:7069/api/Dealer/Get/30 - - - 204 - - 0.4302ms
2023-10-07 19:33:06.717 +05:30  INF  Request starting HTTP/2 GET https://localhost:7069/api/Dealer/Get/30 application/json -
2023-10-07 19:33:06.717 +05:30  INF  CORS policy execution successful.
2023-10-07 19:33:06.721 +05:30  INF  Executed DbCommand (1ms) [Parameters=[@__id_0='?' (DbType = Int32)], CommandType='"Text"', CommandTimeout='30']
SELECT `u`.`Id`, `u`.`About_Me`, `u`.`Account_Type`, `u`.`Address`, `u`.`Available_Days`, `u`.`Bn_Name`, `u`.`City`, `u`.`Country`, `u`.`Created_At`, `u`.`Currency`, `u`.`Degree`, `u`.`Email`, `u`.`Email_Verified`, `u`.`Enable_Appointment`, `u`.`Enable_Rating`, `u`.`Exp_Years`, `u`.`Facebook`, `u`.`Google_Analytics`, `u`.`Image`, `u`.`Instagram`, `u`.`Linkedin`, `u`.`Name`, `u`.`Parent_Id`, `u`.`Password`, `u`.`Paypal_Email`, `u`.`Paypal_Mode`, `u`.`Paypal_Payment`, `u`.`Paystack_Payment`, `u`.`Paystack_Public_Key`, `u`.`Paystack_Secret_Key`, `u`.`Phone`, `u`.`Publish_Key`, `u`.`Qr_Code`, `u`.`Razorpay_Key_Id`, `u`.`Razorpay_Key_Secret`, `u`.`Razorpay_Payment`, `u`.`Role`, `u`.`Secret_Key`, `u`.`Skype`, `u`.`Slug`, `u`.`Specialist`, `u`.`Status`, `u`.`Stripe_Payment`, `u`.`Thumb`, `u`.`Trial_Expire`, `u`.`Twitter`, `u`.`User_Name`, `u`.`User_Type`, `u`.`Verify_Code`, `u`.`Whatsapp`
FROM `Users` AS `u`
WHERE `u`.`Id` = @__id_0
LIMIT 1
2023-10-07 19:33:06.721 +05:30  INF  Executing endpoint 'DCRM.Api.Controllers.DealerController.GetAsync (DCRM.Api)'
2023-10-07 19:33:06.721 +05:30  INF  Route matched with {action = "Get", controller = "Dealer"}. Executing controller action with signature System.Threading.Tasks.Task`1[DCRM.Common.Dto.DealerDto] GetAsync(Int32) on controller DCRM.Api.Controllers.DealerController (DCRM.Api).
2023-10-07 19:33:06.723 +05:30  INF  Executed DbCommand (1ms) [Parameters=[@__id_0='?' (DbType = Int32), @__userId_1='?' (DbType = Int64)], CommandType='"Text"', CommandTimeout='30']
SELECT `d`.`Id`, `d`.`Address_O`, `d`.`Address_R`, `d`.`City_O`, `d`.`City_R`, `d`.`Company_Name`, `d`.`Country_O`, `d`.`Country_R`, `d`.`Created_At`, `d`.`Email1`, `d`.`Email2`, `d`.`Gst_Number`, `d`.`Image`, `d`.`Is_Deleted`, `d`.`Own_Name_1`, `d`.`Own_Name_2`, `d`.`Pan_Number`, `d`.`Phone1`, `d`.`Phone2`, `d`.`Staff_Email1`, `d`.`Staff_Email2`, `d`.`Staff_Email3`, `d`.`Staff_Email4`, `d`.`Staff_Name1`, `d`.`Staff_Name2`, `d`.`Staff_Name3`, `d`.`Staff_Name4`, `d`.`Staff_Phone1`, `d`.`Staff_Phone2`, `d`.`Staff_Phone3`, `d`.`Staff_Phone4`, `d`.`Updated_At`, `d`.`User_Id`, `d`.`Zip_O`, `d`.`Zip_R`
FROM `Dealers` AS `d`
WHERE ((`d`.`Id` = @__id_0) AND (`d`.`Is_Deleted` = 0)) AND (`d`.`User_Id` = @__userId_1)
LIMIT 1
2023-10-07 19:33:06.725 +05:30  INF  Executed DbCommand (0ms) [Parameters=[@__p_0='?' (DbType = Int64)], CommandType='"Text"', CommandTimeout='30']
SELECT `d`.`Id`, `d`.`Bank_Account_Number`, `d`.`Bank_Name`, `d`.`Dealer_Id`, `d`.`Ifsc_Code`, `d`.`Remarks`, `d`.`Updated_At`
FROM `Dealer_Bank_Details` AS `d`
WHERE `d`.`Dealer_Id` = @__p_0
2023-10-07 19:33:06.726 +05:30  INF  Executed DbCommand (0ms) [Parameters=[@__p_0='?' (DbType = Int64)], CommandType='"Text"', CommandTimeout='30']
SELECT `d`.`Id`, `d`.`Dealer_Id`, `d`.`Material_Cost`, `d`.`Material_Date`, `d`.`Material_Name`
FROM `Dealer_Material` AS `d`
WHERE `d`.`Dealer_Id` = @__p_0
2023-10-07 19:33:06.726 +05:30  INF  Executing ObjectResult, writing value of type 'DCRM.Common.Dto.DealerDto'.
2023-10-07 19:33:06.727 +05:30  INF  Executed action DCRM.Api.Controllers.DealerController.GetAsync (DCRM.Api) in 5.1772ms
2023-10-07 19:33:06.727 +05:30  INF  Executed endpoint 'DCRM.Api.Controllers.DealerController.GetAsync (DCRM.Api)'
2023-10-07 19:33:06.727 +05:30  INF  Request finished HTTP/2 GET https://localhost:7069/api/Dealer/Get/30 application/json - - 200 - application/json;+charset=utf-8 9.5907ms
2023-10-07 19:34:35.919 +05:30  INF  Request starting HTTP/2 OPTIONS https://localhost:7069/api/Dealer/Update - -
2023-10-07 19:34:35.920 +05:30  INF  CORS policy execution successful.
2023-10-07 19:34:35.920 +05:30  INF  Request finished HTTP/2 OPTIONS https://localhost:7069/api/Dealer/Update - - - 204 - - 0.4214ms
2023-10-07 19:34:35.921 +05:30  INF  Request starting HTTP/2 POST https://localhost:7069/api/Dealer/Update application/json 1164
2023-10-07 19:34:35.921 +05:30  INF  CORS policy execution successful.
2023-10-07 19:34:35.925 +05:30  INF  Executed DbCommand (1ms) [Parameters=[@__id_0='?' (DbType = Int32)], CommandType='"Text"', CommandTimeout='30']
SELECT `u`.`Id`, `u`.`About_Me`, `u`.`Account_Type`, `u`.`Address`, `u`.`Available_Days`, `u`.`Bn_Name`, `u`.`City`, `u`.`Country`, `u`.`Created_At`, `u`.`Currency`, `u`.`Degree`, `u`.`Email`, `u`.`Email_Verified`, `u`.`Enable_Appointment`, `u`.`Enable_Rating`, `u`.`Exp_Years`, `u`.`Facebook`, `u`.`Google_Analytics`, `u`.`Image`, `u`.`Instagram`, `u`.`Linkedin`, `u`.`Name`, `u`.`Parent_Id`, `u`.`Password`, `u`.`Paypal_Email`, `u`.`Paypal_Mode`, `u`.`Paypal_Payment`, `u`.`Paystack_Payment`, `u`.`Paystack_Public_Key`, `u`.`Paystack_Secret_Key`, `u`.`Phone`, `u`.`Publish_Key`, `u`.`Qr_Code`, `u`.`Razorpay_Key_Id`, `u`.`Razorpay_Key_Secret`, `u`.`Razorpay_Payment`, `u`.`Role`, `u`.`Secret_Key`, `u`.`Skype`, `u`.`Slug`, `u`.`Specialist`, `u`.`Status`, `u`.`Stripe_Payment`, `u`.`Thumb`, `u`.`Trial_Expire`, `u`.`Twitter`, `u`.`User_Name`, `u`.`User_Type`, `u`.`Verify_Code`, `u`.`Whatsapp`
FROM `Users` AS `u`
WHERE `u`.`Id` = @__id_0
LIMIT 1
2023-10-07 19:34:35.925 +05:30  INF  Executing endpoint 'DCRM.Api.Controllers.DealerController.Update (DCRM.Api)'
2023-10-07 19:34:35.925 +05:30  INF  Route matched with {action = "Update", controller = "Dealer"}. Executing controller action with signature System.Threading.Tasks.Task`1[Microsoft.AspNetCore.Mvc.IActionResult] Update(DCRM.Common.Entity.DealerRequest) on controller DCRM.Api.Controllers.DealerController (DCRM.Api).
2023-10-07 19:34:35.928 +05:30  INF  Executed DbCommand (1ms) [Parameters=[@__request_Id_0='?' (DbType = Int32)], CommandType='"Text"', CommandTimeout='30']
SELECT `d`.`Id`, `d`.`Address_O`, `d`.`Address_R`, `d`.`City_O`, `d`.`City_R`, `d`.`Company_Name`, `d`.`Country_O`, `d`.`Country_R`, `d`.`Created_At`, `d`.`Email1`, `d`.`Email2`, `d`.`Gst_Number`, `d`.`Image`, `d`.`Is_Deleted`, `d`.`Own_Name_1`, `d`.`Own_Name_2`, `d`.`Pan_Number`, `d`.`Phone1`, `d`.`Phone2`, `d`.`Staff_Email1`, `d`.`Staff_Email2`, `d`.`Staff_Email3`, `d`.`Staff_Email4`, `d`.`Staff_Name1`, `d`.`Staff_Name2`, `d`.`Staff_Name3`, `d`.`Staff_Name4`, `d`.`Staff_Phone1`, `d`.`Staff_Phone2`, `d`.`Staff_Phone3`, `d`.`Staff_Phone4`, `d`.`Updated_At`, `d`.`User_Id`, `d`.`Zip_O`, `d`.`Zip_R`
FROM `Dealers` AS `d`
WHERE `d`.`Id` = @__request_Id_0
LIMIT 1
2023-10-07 19:34:35.938 +05:30  INF  Executed DbCommand (9ms) [Parameters=[@p34='?' (DbType = Int32), @p0='?' (Size = 4000), @p1='?' (Size = 4000), @p2='?' (Size = 4000), @p3='?' (Size = 4000), @p4='?' (Size = 4000), @p5='?' (Size = 4000), @p6='?' (Size = 4000), @p7='?' (DbType = DateTime), @p8='?' (Size = 4000), @p9='?' (Size = 4000), @p10='?' (Size = 4000), @p11='?' (Size = 4000), @p12='?' (DbType = SByte), @p13='?' (Size = 4000), @p14='?' (Size = 4000), @p15='?' (Size = 4000), @p16='?' (Size = 4000), @p17='?' (Size = 4000), @p18='?' (Size = 4000), @p19='?' (Size = 4000), @p20='?' (Size = 4000), @p21='?' (Size = 4000), @p22='?' (Size = 4000), @p23='?' (Size = 4000), @p24='?' (Size = 4000), @p25='?' (Size = 4000), @p26='?' (DbType = Int64), @p27='?' (DbType = Int64), @p28='?' (DbType = Int64), @p29='?' (DbType = Int64), @p30='?' (DbType = DateTime), @p31='?' (DbType = Int64), @p32='?' (Size = 4000), @p33='?' (Size = 4000)], CommandType='"Text"', CommandTimeout='30']
UPDATE `Dealers` SET `Address_O` = @p0, `Address_R` = @p1, `City_O` = @p2, `City_R` = @p3, `Company_Name` = @p4, `Country_O` = @p5, `Country_R` = @p6, `Created_At` = @p7, `Email1` = @p8, `Email2` = @p9, `Gst_Number` = @p10, `Image` = @p11, `Is_Deleted` = @p12, `Own_Name_1` = @p13, `Own_Name_2` = @p14, `Pan_Number` = @p15, `Phone1` = @p16, `Phone2` = @p17, `Staff_Email1` = @p18, `Staff_Email2` = @p19, `Staff_Email3` = @p20, `Staff_Email4` = @p21, `Staff_Name1` = @p22, `Staff_Name2` = @p23, `Staff_Name3` = @p24, `Staff_Name4` = @p25, `Staff_Phone1` = @p26, `Staff_Phone2` = @p27, `Staff_Phone3` = @p28, `Staff_Phone4` = @p29, `Updated_At` = @p30, `User_Id` = @p31, `Zip_O` = @p32, `Zip_R` = @p33
WHERE `Id` = @p34;
2023-10-07 19:34:35.941 +05:30  INF  Executed DbCommand (1ms) [Parameters=[@__item_Id_0='?' (DbType = Int64)], CommandType='"Text"', CommandTimeout='30']
SELECT `d`.`Id`, `d`.`Bank_Account_Number`, `d`.`Bank_Name`, `d`.`Dealer_Id`, `d`.`Ifsc_Code`, `d`.`Remarks`, `d`.`Updated_At`
FROM `Dealer_Bank_Details` AS `d`
WHERE `d`.`Id` = @__item_Id_0
LIMIT 1
2023-10-07 19:34:35.945 +05:30  INF  Executed DbCommand (1ms) [Parameters=[@p6='?' (DbType = Int64), @p0='?' (DbType = Int64), @p1='?' (Size = 4000), @p2='?' (DbType = Int64), @p3='?' (Size = 4000), @p4='?' (Size = 4000), @p5='?' (DbType = DateTime)], CommandType='"Text"', CommandTimeout='30']
UPDATE `Dealer_Bank_Details` SET `Bank_Account_Number` = @p0, `Bank_Name` = @p1, `Dealer_Id` = @p2, `Ifsc_Code` = @p3, `Remarks` = @p4, `Updated_At` = @p5
WHERE `Id` = @p6;
2023-10-07 19:34:35.947 +05:30  INF  Executed DbCommand (1ms) [Parameters=[@__item_Id_0='?' (DbType = Int32)], CommandType='"Text"', CommandTimeout='30']
SELECT `d`.`Id`, `d`.`Dealer_Id`, `d`.`Material_Cost`, `d`.`Material_Date`, `d`.`Material_Name`
FROM `Dealer_Material` AS `d`
WHERE `d`.`Id` = @__item_Id_0
LIMIT 1
2023-10-07 19:34:35.950 +05:30  INF  Executed DbCommand (2ms) [Parameters=[@p4='?' (DbType = Int32), @p0='?' (DbType = Int64), @p1='?' (DbType = Single), @p2='?' (DbType = DateTime), @p3='?' (Size = 4000)], CommandType='"Text"', CommandTimeout='30']
UPDATE `Dealer_Material` SET `Dealer_Id` = @p0, `Material_Cost` = @p1, `Material_Date` = @p2, `Material_Name` = @p3
WHERE `Id` = @p4;
2023-10-07 19:34:35.950 +05:30  INF  Executing OkObjectResult, writing value of type 'System.String'.
2023-10-07 19:34:35.950 +05:30  INF  Executed action DCRM.Api.Controllers.DealerController.Update (DCRM.Api) in 24.7107ms
2023-10-07 19:34:35.950 +05:30  INF  Executed endpoint 'DCRM.Api.Controllers.DealerController.Update (DCRM.Api)'
2023-10-07 19:34:35.950 +05:30  INF  Request finished HTTP/2 POST https://localhost:7069/api/Dealer/Update application/json 1164 - 200 - text/plain;+charset=utf-8 29.0234ms
2023-10-07 19:34:35.963 +05:30  INF  Request starting HTTP/2 OPTIONS https://localhost:7069/api/Dealer/GetAll - -
2023-10-07 19:34:35.963 +05:30  INF  CORS policy execution successful.
2023-10-07 19:34:35.963 +05:30  INF  Request finished HTTP/2 OPTIONS https://localhost:7069/api/Dealer/GetAll - - - 204 - - 0.4397ms
2023-10-07 19:34:35.964 +05:30  INF  Request starting HTTP/2 GET https://localhost:7069/api/Dealer/GetAll application/json -
2023-10-07 19:34:35.964 +05:30  INF  CORS policy execution successful.
2023-10-07 19:34:35.968 +05:30  INF  Executed DbCommand (1ms) [Parameters=[@__id_0='?' (DbType = Int32)], CommandType='"Text"', CommandTimeout='30']
SELECT `u`.`Id`, `u`.`About_Me`, `u`.`Account_Type`, `u`.`Address`, `u`.`Available_Days`, `u`.`Bn_Name`, `u`.`City`, `u`.`Country`, `u`.`Created_At`, `u`.`Currency`, `u`.`Degree`, `u`.`Email`, `u`.`Email_Verified`, `u`.`Enable_Appointment`, `u`.`Enable_Rating`, `u`.`Exp_Years`, `u`.`Facebook`, `u`.`Google_Analytics`, `u`.`Image`, `u`.`Instagram`, `u`.`Linkedin`, `u`.`Name`, `u`.`Parent_Id`, `u`.`Password`, `u`.`Paypal_Email`, `u`.`Paypal_Mode`, `u`.`Paypal_Payment`, `u`.`Paystack_Payment`, `u`.`Paystack_Public_Key`, `u`.`Paystack_Secret_Key`, `u`.`Phone`, `u`.`Publish_Key`, `u`.`Qr_Code`, `u`.`Razorpay_Key_Id`, `u`.`Razorpay_Key_Secret`, `u`.`Razorpay_Payment`, `u`.`Role`, `u`.`Secret_Key`, `u`.`Skype`, `u`.`Slug`, `u`.`Specialist`, `u`.`Status`, `u`.`Stripe_Payment`, `u`.`Thumb`, `u`.`Trial_Expire`, `u`.`Twitter`, `u`.`User_Name`, `u`.`User_Type`, `u`.`Verify_Code`, `u`.`Whatsapp`
FROM `Users` AS `u`
WHERE `u`.`Id` = @__id_0
LIMIT 1
2023-10-07 19:34:35.968 +05:30  INF  Executing endpoint 'DCRM.Api.Controllers.DealerController.GetAllAsync (DCRM.Api)'
2023-10-07 19:34:35.968 +05:30  INF  Route matched with {action = "GetAll", controller = "Dealer"}. Executing controller action with signature System.Threading.Tasks.Task`1[System.Collections.Generic.IEnumerable`1[DCRM.Common.Dto.DealerDto]] GetAllAsync() on controller DCRM.Api.Controllers.DealerController (DCRM.Api).
2023-10-07 19:34:35.970 +05:30  INF  Executed DbCommand (1ms) [Parameters=[@__userId_0='?' (DbType = Int64)], CommandType='"Text"', CommandTimeout='30']
SELECT `d`.`Id`, `d`.`Address_O`, `d`.`Address_R`, `d`.`City_O`, `d`.`City_R`, `d`.`Company_Name`, `d`.`Country_O`, `d`.`Country_R`, `d`.`Created_At`, `d`.`Email1`, `d`.`Email2`, `d`.`Gst_Number`, `d`.`Image`, `d`.`Is_Deleted`, `d`.`Own_Name_1`, `d`.`Own_Name_2`, `d`.`Pan_Number`, `d`.`Phone1`, `d`.`Phone2`, `d`.`Staff_Email1`, `d`.`Staff_Email2`, `d`.`Staff_Email3`, `d`.`Staff_Email4`, `d`.`Staff_Name1`, `d`.`Staff_Name2`, `d`.`Staff_Name3`, `d`.`Staff_Name4`, `d`.`Staff_Phone1`, `d`.`Staff_Phone2`, `d`.`Staff_Phone3`, `d`.`Staff_Phone4`, `d`.`Updated_At`, `d`.`User_Id`, `d`.`Zip_O`, `d`.`Zip_R`
FROM `Dealers` AS `d`
WHERE (`d`.`Is_Deleted` = 0) AND (`d`.`User_Id` = @__userId_0)
2023-10-07 19:34:35.972 +05:30  INF  Executed DbCommand (0ms) [Parameters=[@__p_0='?' (DbType = Int64)], CommandType='"Text"', CommandTimeout='30']
SELECT `d`.`Id`, `d`.`Bank_Account_Number`, `d`.`Bank_Name`, `d`.`Dealer_Id`, `d`.`Ifsc_Code`, `d`.`Remarks`, `d`.`Updated_At`
FROM `Dealer_Bank_Details` AS `d`
WHERE `d`.`Dealer_Id` = @__p_0
2023-10-07 19:34:35.973 +05:30  INF  Executed DbCommand (0ms) [Parameters=[@__p_0='?' (DbType = Int64)], CommandType='"Text"', CommandTimeout='30']
SELECT `d`.`Id`, `d`.`Dealer_Id`, `d`.`Material_Cost`, `d`.`Material_Date`, `d`.`Material_Name`
FROM `Dealer_Material` AS `d`
WHERE `d`.`Dealer_Id` = @__p_0
2023-10-07 19:34:35.973 +05:30  INF  Executing ObjectResult, writing value of type 'System.Collections.Generic.List`1[[DCRM.Common.Dto.DealerDto, DCRM.Common, Version=1.0.0.0, Culture=neutral, PublicKeyToken=null]]'.
2023-10-07 19:34:35.974 +05:30  INF  Executed action DCRM.Api.Controllers.DealerController.GetAllAsync (DCRM.Api) in 5.2714ms
2023-10-07 19:34:35.974 +05:30  INF  Executed endpoint 'DCRM.Api.Controllers.DealerController.GetAllAsync (DCRM.Api)'
2023-10-07 19:34:35.974 +05:30  INF  Request finished HTTP/2 GET https://localhost:7069/api/Dealer/GetAll application/json - - 200 - application/json;+charset=utf-8 9.5362ms
2023-10-07 19:34:38.865 +05:30  INF  Request starting HTTP/2 OPTIONS https://localhost:7069/api/Dealer/Get/30 - -
2023-10-07 19:34:38.865 +05:30  INF  CORS policy execution successful.
2023-10-07 19:34:38.865 +05:30  INF  Request finished HTTP/2 OPTIONS https://localhost:7069/api/Dealer/Get/30 - - - 204 - - 0.2477ms
2023-10-07 19:34:38.866 +05:30  INF  Request starting HTTP/2 GET https://localhost:7069/api/Dealer/Get/30 application/json -
2023-10-07 19:34:38.866 +05:30  INF  CORS policy execution successful.
2023-10-07 19:34:38.869 +05:30  INF  Executed DbCommand (1ms) [Parameters=[@__id_0='?' (DbType = Int32)], CommandType='"Text"', CommandTimeout='30']
SELECT `u`.`Id`, `u`.`About_Me`, `u`.`Account_Type`, `u`.`Address`, `u`.`Available_Days`, `u`.`Bn_Name`, `u`.`City`, `u`.`Country`, `u`.`Created_At`, `u`.`Currency`, `u`.`Degree`, `u`.`Email`, `u`.`Email_Verified`, `u`.`Enable_Appointment`, `u`.`Enable_Rating`, `u`.`Exp_Years`, `u`.`Facebook`, `u`.`Google_Analytics`, `u`.`Image`, `u`.`Instagram`, `u`.`Linkedin`, `u`.`Name`, `u`.`Parent_Id`, `u`.`Password`, `u`.`Paypal_Email`, `u`.`Paypal_Mode`, `u`.`Paypal_Payment`, `u`.`Paystack_Payment`, `u`.`Paystack_Public_Key`, `u`.`Paystack_Secret_Key`, `u`.`Phone`, `u`.`Publish_Key`, `u`.`Qr_Code`, `u`.`Razorpay_Key_Id`, `u`.`Razorpay_Key_Secret`, `u`.`Razorpay_Payment`, `u`.`Role`, `u`.`Secret_Key`, `u`.`Skype`, `u`.`Slug`, `u`.`Specialist`, `u`.`Status`, `u`.`Stripe_Payment`, `u`.`Thumb`, `u`.`Trial_Expire`, `u`.`Twitter`, `u`.`User_Name`, `u`.`User_Type`, `u`.`Verify_Code`, `u`.`Whatsapp`
FROM `Users` AS `u`
WHERE `u`.`Id` = @__id_0
LIMIT 1
2023-10-07 19:34:38.869 +05:30  INF  Executing endpoint 'DCRM.Api.Controllers.DealerController.GetAsync (DCRM.Api)'
2023-10-07 19:34:38.869 +05:30  INF  Route matched with {action = "Get", controller = "Dealer"}. Executing controller action with signature System.Threading.Tasks.Task`1[DCRM.Common.Dto.DealerDto] GetAsync(Int32) on controller DCRM.Api.Controllers.DealerController (DCRM.Api).
2023-10-07 19:34:38.870 +05:30  INF  Executed DbCommand (1ms) [Parameters=[@__id_0='?' (DbType = Int32), @__userId_1='?' (DbType = Int64)], CommandType='"Text"', CommandTimeout='30']
SELECT `d`.`Id`, `d`.`Address_O`, `d`.`Address_R`, `d`.`City_O`, `d`.`City_R`, `d`.`Company_Name`, `d`.`Country_O`, `d`.`Country_R`, `d`.`Created_At`, `d`.`Email1`, `d`.`Email2`, `d`.`Gst_Number`, `d`.`Image`, `d`.`Is_Deleted`, `d`.`Own_Name_1`, `d`.`Own_Name_2`, `d`.`Pan_Number`, `d`.`Phone1`, `d`.`Phone2`, `d`.`Staff_Email1`, `d`.`Staff_Email2`, `d`.`Staff_Email3`, `d`.`Staff_Email4`, `d`.`Staff_Name1`, `d`.`Staff_Name2`, `d`.`Staff_Name3`, `d`.`Staff_Name4`, `d`.`Staff_Phone1`, `d`.`Staff_Phone2`, `d`.`Staff_Phone3`, `d`.`Staff_Phone4`, `d`.`Updated_At`, `d`.`User_Id`, `d`.`Zip_O`, `d`.`Zip_R`
FROM `Dealers` AS `d`
WHERE ((`d`.`Id` = @__id_0) AND (`d`.`Is_Deleted` = 0)) AND (`d`.`User_Id` = @__userId_1)
LIMIT 1
2023-10-07 19:34:38.872 +05:30  INF  Executed DbCommand (0ms) [Parameters=[@__p_0='?' (DbType = Int64)], CommandType='"Text"', CommandTimeout='30']
SELECT `d`.`Id`, `d`.`Bank_Account_Number`, `d`.`Bank_Name`, `d`.`Dealer_Id`, `d`.`Ifsc_Code`, `d`.`Remarks`, `d`.`Updated_At`
FROM `Dealer_Bank_Details` AS `d`
WHERE `d`.`Dealer_Id` = @__p_0
2023-10-07 19:34:38.873 +05:30  INF  Executed DbCommand (0ms) [Parameters=[@__p_0='?' (DbType = Int64)], CommandType='"Text"', CommandTimeout='30']
SELECT `d`.`Id`, `d`.`Dealer_Id`, `d`.`Material_Cost`, `d`.`Material_Date`, `d`.`Material_Name`
FROM `Dealer_Material` AS `d`
WHERE `d`.`Dealer_Id` = @__p_0
2023-10-07 19:34:38.873 +05:30  INF  Executing ObjectResult, writing value of type 'DCRM.Common.Dto.DealerDto'.
2023-10-07 19:34:38.873 +05:30  INF  Executed action DCRM.Api.Controllers.DealerController.GetAsync (DCRM.Api) in 4.2101ms
2023-10-07 19:34:38.873 +05:30  INF  Executed endpoint 'DCRM.Api.Controllers.DealerController.GetAsync (DCRM.Api)'
2023-10-07 19:34:38.873 +05:30  INF  Request finished HTTP/2 GET https://localhost:7069/api/Dealer/Get/30 application/json - - 200 - application/json;+charset=utf-8 7.8966ms
2023-10-07 19:34:53.508 +05:30  INF  Request starting HTTP/2 OPTIONS https://localhost:7069/api/Dealer/Update - -
2023-10-07 19:34:53.508 +05:30  INF  CORS policy execution successful.
2023-10-07 19:34:53.508 +05:30  INF  Request finished HTTP/2 OPTIONS https://localhost:7069/api/Dealer/Update - - - 204 - - 0.3442ms
2023-10-07 19:34:53.510 +05:30  INF  Request starting HTTP/2 POST https://localhost:7069/api/Dealer/Update application/json 1074
2023-10-07 19:34:53.510 +05:30  INF  CORS policy execution successful.
2023-10-07 19:34:53.514 +05:30  INF  Executed DbCommand (1ms) [Parameters=[@__id_0='?' (DbType = Int32)], CommandType='"Text"', CommandTimeout='30']
SELECT `u`.`Id`, `u`.`About_Me`, `u`.`Account_Type`, `u`.`Address`, `u`.`Available_Days`, `u`.`Bn_Name`, `u`.`City`, `u`.`Country`, `u`.`Created_At`, `u`.`Currency`, `u`.`Degree`, `u`.`Email`, `u`.`Email_Verified`, `u`.`Enable_Appointment`, `u`.`Enable_Rating`, `u`.`Exp_Years`, `u`.`Facebook`, `u`.`Google_Analytics`, `u`.`Image`, `u`.`Instagram`, `u`.`Linkedin`, `u`.`Name`, `u`.`Parent_Id`, `u`.`Password`, `u`.`Paypal_Email`, `u`.`Paypal_Mode`, `u`.`Paypal_Payment`, `u`.`Paystack_Payment`, `u`.`Paystack_Public_Key`, `u`.`Paystack_Secret_Key`, `u`.`Phone`, `u`.`Publish_Key`, `u`.`Qr_Code`, `u`.`Razorpay_Key_Id`, `u`.`Razorpay_Key_Secret`, `u`.`Razorpay_Payment`, `u`.`Role`, `u`.`Secret_Key`, `u`.`Skype`, `u`.`Slug`, `u`.`Specialist`, `u`.`Status`, `u`.`Stripe_Payment`, `u`.`Thumb`, `u`.`Trial_Expire`, `u`.`Twitter`, `u`.`User_Name`, `u`.`User_Type`, `u`.`Verify_Code`, `u`.`Whatsapp`
FROM `Users` AS `u`
WHERE `u`.`Id` = @__id_0
LIMIT 1
2023-10-07 19:34:53.514 +05:30  INF  Executing endpoint 'DCRM.Api.Controllers.DealerController.Update (DCRM.Api)'
2023-10-07 19:34:53.514 +05:30  INF  Route matched with {action = "Update", controller = "Dealer"}. Executing controller action with signature System.Threading.Tasks.Task`1[Microsoft.AspNetCore.Mvc.IActionResult] Update(DCRM.Common.Entity.DealerRequest) on controller DCRM.Api.Controllers.DealerController (DCRM.Api).
2023-10-07 19:34:53.516 +05:30  INF  Executed DbCommand (1ms) [Parameters=[@__request_Id_0='?' (DbType = Int32)], CommandType='"Text"', CommandTimeout='30']
SELECT `d`.`Id`, `d`.`Address_O`, `d`.`Address_R`, `d`.`City_O`, `d`.`City_R`, `d`.`Company_Name`, `d`.`Country_O`, `d`.`Country_R`, `d`.`Created_At`, `d`.`Email1`, `d`.`Email2`, `d`.`Gst_Number`, `d`.`Image`, `d`.`Is_Deleted`, `d`.`Own_Name_1`, `d`.`Own_Name_2`, `d`.`Pan_Number`, `d`.`Phone1`, `d`.`Phone2`, `d`.`Staff_Email1`, `d`.`Staff_Email2`, `d`.`Staff_Email3`, `d`.`Staff_Email4`, `d`.`Staff_Name1`, `d`.`Staff_Name2`, `d`.`Staff_Name3`, `d`.`Staff_Name4`, `d`.`Staff_Phone1`, `d`.`Staff_Phone2`, `d`.`Staff_Phone3`, `d`.`Staff_Phone4`, `d`.`Updated_At`, `d`.`User_Id`, `d`.`Zip_O`, `d`.`Zip_R`
FROM `Dealers` AS `d`
WHERE `d`.`Id` = @__request_Id_0
LIMIT 1
2023-10-07 19:34:53.525 +05:30  INF  Executed DbCommand (8ms) [Parameters=[@p34='?' (DbType = Int32), @p0='?' (Size = 4000), @p1='?' (Size = 4000), @p2='?' (Size = 4000), @p3='?' (Size = 4000), @p4='?' (Size = 4000), @p5='?' (Size = 4000), @p6='?' (Size = 4000), @p7='?' (DbType = DateTime), @p8='?' (Size = 4000), @p9='?' (Size = 4000), @p10='?' (Size = 4000), @p11='?' (Size = 4000), @p12='?' (DbType = SByte), @p13='?' (Size = 4000), @p14='?' (Size = 4000), @p15='?' (Size = 4000), @p16='?' (Size = 4000), @p17='?' (Size = 4000), @p18='?' (Size = 4000), @p19='?' (Size = 4000), @p20='?' (Size = 4000), @p21='?' (Size = 4000), @p22='?' (Size = 4000), @p23='?' (Size = 4000), @p24='?' (Size = 4000), @p25='?' (Size = 4000), @p26='?' (DbType = Int64), @p27='?' (DbType = Int64), @p28='?' (DbType = Int64), @p29='?' (DbType = Int64), @p30='?' (DbType = DateTime), @p31='?' (DbType = Int64), @p32='?' (Size = 4000), @p33='?' (Size = 4000)], CommandType='"Text"', CommandTimeout='30']
UPDATE `Dealers` SET `Address_O` = @p0, `Address_R` = @p1, `City_O` = @p2, `City_R` = @p3, `Company_Name` = @p4, `Country_O` = @p5, `Country_R` = @p6, `Created_At` = @p7, `Email1` = @p8, `Email2` = @p9, `Gst_Number` = @p10, `Image` = @p11, `Is_Deleted` = @p12, `Own_Name_1` = @p13, `Own_Name_2` = @p14, `Pan_Number` = @p15, `Phone1` = @p16, `Phone2` = @p17, `Staff_Email1` = @p18, `Staff_Email2` = @p19, `Staff_Email3` = @p20, `Staff_Email4` = @p21, `Staff_Name1` = @p22, `Staff_Name2` = @p23, `Staff_Name3` = @p24, `Staff_Name4` = @p25, `Staff_Phone1` = @p26, `Staff_Phone2` = @p27, `Staff_Phone3` = @p28, `Staff_Phone4` = @p29, `Updated_At` = @p30, `User_Id` = @p31, `Zip_O` = @p32, `Zip_R` = @p33
WHERE `Id` = @p34;
2023-10-07 19:34:53.526 +05:30  INF  Executed DbCommand (1ms) [Parameters=[@__item_Id_0='?' (DbType = Int64)], CommandType='"Text"', CommandTimeout='30']
SELECT `d`.`Id`, `d`.`Bank_Account_Number`, `d`.`Bank_Name`, `d`.`Dealer_Id`, `d`.`Ifsc_Code`, `d`.`Remarks`, `d`.`Updated_At`
FROM `Dealer_Bank_Details` AS `d`
WHERE `d`.`Id` = @__item_Id_0
LIMIT 1
2023-10-07 19:34:53.529 +05:30  INF  Executed DbCommand (2ms) [Parameters=[@p6='?' (DbType = Int64), @p0='?' (DbType = Int64), @p1='?' (Size = 4000), @p2='?' (DbType = Int64), @p3='?' (Size = 4000), @p4='?' (Size = 4000), @p5='?' (DbType = DateTime)], CommandType='"Text"', CommandTimeout='30']
UPDATE `Dealer_Bank_Details` SET `Bank_Account_Number` = @p0, `Bank_Name` = @p1, `Dealer_Id` = @p2, `Ifsc_Code` = @p3, `Remarks` = @p4, `Updated_At` = @p5
WHERE `Id` = @p6;
2023-10-07 19:34:53.530 +05:30  INF  Executed DbCommand (0ms) [Parameters=[@__item_Id_0='?' (DbType = Int32)], CommandType='"Text"', CommandTimeout='30']
SELECT `d`.`Id`, `d`.`Dealer_Id`, `d`.`Material_Cost`, `d`.`Material_Date`, `d`.`Material_Name`
FROM `Dealer_Material` AS `d`
WHERE `d`.`Id` = @__item_Id_0
LIMIT 1
2023-10-07 19:34:53.532 +05:30  INF  Executed DbCommand (1ms) [Parameters=[@p4='?' (DbType = Int32), @p0='?' (DbType = Int64), @p1='?' (DbType = Single), @p2='?' (DbType = DateTime), @p3='?' (Size = 4000)], CommandType='"Text"', CommandTimeout='30']
UPDATE `Dealer_Material` SET `Dealer_Id` = @p0, `Material_Cost` = @p1, `Material_Date` = @p2, `Material_Name` = @p3
WHERE `Id` = @p4;
2023-10-07 19:34:53.532 +05:30  INF  Executing OkObjectResult, writing value of type 'System.String'.
2023-10-07 19:34:53.533 +05:30  INF  Executed action DCRM.Api.Controllers.DealerController.Update (DCRM.Api) in 18.3529ms
2023-10-07 19:34:53.533 +05:30  INF  Executed endpoint 'DCRM.Api.Controllers.DealerController.Update (DCRM.Api)'
2023-10-07 19:34:53.533 +05:30  INF  Request finished HTTP/2 POST https://localhost:7069/api/Dealer/Update application/json 1074 - 200 - text/plain;+charset=utf-8 22.6739ms
2023-10-07 19:34:53.540 +05:30  INF  Request starting HTTP/2 OPTIONS https://localhost:7069/api/Dealer/GetAll - -
2023-10-07 19:34:53.541 +05:30  INF  CORS policy execution successful.
2023-10-07 19:34:53.541 +05:30  INF  Request finished HTTP/2 OPTIONS https://localhost:7069/api/Dealer/GetAll - - - 204 - - 0.3273ms
2023-10-07 19:34:53.542 +05:30  INF  Request starting HTTP/2 GET https://localhost:7069/api/Dealer/GetAll application/json -
2023-10-07 19:34:53.542 +05:30  INF  CORS policy execution successful.
2023-10-07 19:34:53.546 +05:30  INF  Executed DbCommand (1ms) [Parameters=[@__id_0='?' (DbType = Int32)], CommandType='"Text"', CommandTimeout='30']
SELECT `u`.`Id`, `u`.`About_Me`, `u`.`Account_Type`, `u`.`Address`, `u`.`Available_Days`, `u`.`Bn_Name`, `u`.`City`, `u`.`Country`, `u`.`Created_At`, `u`.`Currency`, `u`.`Degree`, `u`.`Email`, `u`.`Email_Verified`, `u`.`Enable_Appointment`, `u`.`Enable_Rating`, `u`.`Exp_Years`, `u`.`Facebook`, `u`.`Google_Analytics`, `u`.`Image`, `u`.`Instagram`, `u`.`Linkedin`, `u`.`Name`, `u`.`Parent_Id`, `u`.`Password`, `u`.`Paypal_Email`, `u`.`Paypal_Mode`, `u`.`Paypal_Payment`, `u`.`Paystack_Payment`, `u`.`Paystack_Public_Key`, `u`.`Paystack_Secret_Key`, `u`.`Phone`, `u`.`Publish_Key`, `u`.`Qr_Code`, `u`.`Razorpay_Key_Id`, `u`.`Razorpay_Key_Secret`, `u`.`Razorpay_Payment`, `u`.`Role`, `u`.`Secret_Key`, `u`.`Skype`, `u`.`Slug`, `u`.`Specialist`, `u`.`Status`, `u`.`Stripe_Payment`, `u`.`Thumb`, `u`.`Trial_Expire`, `u`.`Twitter`, `u`.`User_Name`, `u`.`User_Type`, `u`.`Verify_Code`, `u`.`Whatsapp`
FROM `Users` AS `u`
WHERE `u`.`Id` = @__id_0
LIMIT 1
2023-10-07 19:34:53.547 +05:30  INF  Executing endpoint 'DCRM.Api.Controllers.DealerController.GetAllAsync (DCRM.Api)'
2023-10-07 19:34:53.547 +05:30  INF  Route matched with {action = "GetAll", controller = "Dealer"}. Executing controller action with signature System.Threading.Tasks.Task`1[System.Collections.Generic.IEnumerable`1[DCRM.Common.Dto.DealerDto]] GetAllAsync() on controller DCRM.Api.Controllers.DealerController (DCRM.Api).
2023-10-07 19:34:53.549 +05:30  INF  Executed DbCommand (1ms) [Parameters=[@__userId_0='?' (DbType = Int64)], CommandType='"Text"', CommandTimeout='30']
SELECT `d`.`Id`, `d`.`Address_O`, `d`.`Address_R`, `d`.`City_O`, `d`.`City_R`, `d`.`Company_Name`, `d`.`Country_O`, `d`.`Country_R`, `d`.`Created_At`, `d`.`Email1`, `d`.`Email2`, `d`.`Gst_Number`, `d`.`Image`, `d`.`Is_Deleted`, `d`.`Own_Name_1`, `d`.`Own_Name_2`, `d`.`Pan_Number`, `d`.`Phone1`, `d`.`Phone2`, `d`.`Staff_Email1`, `d`.`Staff_Email2`, `d`.`Staff_Email3`, `d`.`Staff_Email4`, `d`.`Staff_Name1`, `d`.`Staff_Name2`, `d`.`Staff_Name3`, `d`.`Staff_Name4`, `d`.`Staff_Phone1`, `d`.`Staff_Phone2`, `d`.`Staff_Phone3`, `d`.`Staff_Phone4`, `d`.`Updated_At`, `d`.`User_Id`, `d`.`Zip_O`, `d`.`Zip_R`
FROM `Dealers` AS `d`
WHERE (`d`.`Is_Deleted` = 0) AND (`d`.`User_Id` = @__userId_0)
2023-10-07 19:34:53.550 +05:30  INF  Executed DbCommand (1ms) [Parameters=[@__p_0='?' (DbType = Int64)], CommandType='"Text"', CommandTimeout='30']
SELECT `d`.`Id`, `d`.`Bank_Account_Number`, `d`.`Bank_Name`, `d`.`Dealer_Id`, `d`.`Ifsc_Code`, `d`.`Remarks`, `d`.`Updated_At`
FROM `Dealer_Bank_Details` AS `d`
WHERE `d`.`Dealer_Id` = @__p_0
2023-10-07 19:34:53.552 +05:30  INF  Executed DbCommand (1ms) [Parameters=[@__p_0='?' (DbType = Int64)], CommandType='"Text"', CommandTimeout='30']
SELECT `d`.`Id`, `d`.`Dealer_Id`, `d`.`Material_Cost`, `d`.`Material_Date`, `d`.`Material_Name`
FROM `Dealer_Material` AS `d`
WHERE `d`.`Dealer_Id` = @__p_0
2023-10-07 19:34:53.552 +05:30  INF  Executing ObjectResult, writing value of type 'System.Collections.Generic.List`1[[DCRM.Common.Dto.DealerDto, DCRM.Common, Version=1.0.0.0, Culture=neutral, PublicKeyToken=null]]'.
2023-10-07 19:34:53.553 +05:30  INF  Executed action DCRM.Api.Controllers.DealerController.GetAllAsync (DCRM.Api) in 5.8928ms
2023-10-07 19:34:53.553 +05:30  INF  Executed endpoint 'DCRM.Api.Controllers.DealerController.GetAllAsync (DCRM.Api)'
2023-10-07 19:34:53.553 +05:30  INF  Request finished HTTP/2 GET https://localhost:7069/api/Dealer/GetAll application/json - - 200 - application/json;+charset=utf-8 10.9252ms
2023-10-07 19:34:56.552 +05:30  INF  Request starting HTTP/2 GET https://localhost:7069/api/Dealer/GetAll application/json -
2023-10-07 19:34:56.552 +05:30  INF  CORS policy execution successful.
2023-10-07 19:34:56.556 +05:30  INF  Executed DbCommand (1ms) [Parameters=[@__id_0='?' (DbType = Int32)], CommandType='"Text"', CommandTimeout='30']
SELECT `u`.`Id`, `u`.`About_Me`, `u`.`Account_Type`, `u`.`Address`, `u`.`Available_Days`, `u`.`Bn_Name`, `u`.`City`, `u`.`Country`, `u`.`Created_At`, `u`.`Currency`, `u`.`Degree`, `u`.`Email`, `u`.`Email_Verified`, `u`.`Enable_Appointment`, `u`.`Enable_Rating`, `u`.`Exp_Years`, `u`.`Facebook`, `u`.`Google_Analytics`, `u`.`Image`, `u`.`Instagram`, `u`.`Linkedin`, `u`.`Name`, `u`.`Parent_Id`, `u`.`Password`, `u`.`Paypal_Email`, `u`.`Paypal_Mode`, `u`.`Paypal_Payment`, `u`.`Paystack_Payment`, `u`.`Paystack_Public_Key`, `u`.`Paystack_Secret_Key`, `u`.`Phone`, `u`.`Publish_Key`, `u`.`Qr_Code`, `u`.`Razorpay_Key_Id`, `u`.`Razorpay_Key_Secret`, `u`.`Razorpay_Payment`, `u`.`Role`, `u`.`Secret_Key`, `u`.`Skype`, `u`.`Slug`, `u`.`Specialist`, `u`.`Status`, `u`.`Stripe_Payment`, `u`.`Thumb`, `u`.`Trial_Expire`, `u`.`Twitter`, `u`.`User_Name`, `u`.`User_Type`, `u`.`Verify_Code`, `u`.`Whatsapp`
FROM `Users` AS `u`
WHERE `u`.`Id` = @__id_0
LIMIT 1
2023-10-07 19:34:56.556 +05:30  INF  Executing endpoint 'DCRM.Api.Controllers.DealerController.GetAllAsync (DCRM.Api)'
2023-10-07 19:34:56.556 +05:30  INF  Route matched with {action = "GetAll", controller = "Dealer"}. Executing controller action with signature System.Threading.Tasks.Task`1[System.Collections.Generic.IEnumerable`1[DCRM.Common.Dto.DealerDto]] GetAllAsync() on controller DCRM.Api.Controllers.DealerController (DCRM.Api).
2023-10-07 19:34:56.558 +05:30  INF  Executed DbCommand (1ms) [Parameters=[@__userId_0='?' (DbType = Int64)], CommandType='"Text"', CommandTimeout='30']
SELECT `d`.`Id`, `d`.`Address_O`, `d`.`Address_R`, `d`.`City_O`, `d`.`City_R`, `d`.`Company_Name`, `d`.`Country_O`, `d`.`Country_R`, `d`.`Created_At`, `d`.`Email1`, `d`.`Email2`, `d`.`Gst_Number`, `d`.`Image`, `d`.`Is_Deleted`, `d`.`Own_Name_1`, `d`.`Own_Name_2`, `d`.`Pan_Number`, `d`.`Phone1`, `d`.`Phone2`, `d`.`Staff_Email1`, `d`.`Staff_Email2`, `d`.`Staff_Email3`, `d`.`Staff_Email4`, `d`.`Staff_Name1`, `d`.`Staff_Name2`, `d`.`Staff_Name3`, `d`.`Staff_Name4`, `d`.`Staff_Phone1`, `d`.`Staff_Phone2`, `d`.`Staff_Phone3`, `d`.`Staff_Phone4`, `d`.`Updated_At`, `d`.`User_Id`, `d`.`Zip_O`, `d`.`Zip_R`
FROM `Dealers` AS `d`
WHERE (`d`.`Is_Deleted` = 0) AND (`d`.`User_Id` = @__userId_0)
2023-10-07 19:34:56.560 +05:30  INF  Executed DbCommand (1ms) [Parameters=[@__p_0='?' (DbType = Int64)], CommandType='"Text"', CommandTimeout='30']
SELECT `d`.`Id`, `d`.`Bank_Account_Number`, `d`.`Bank_Name`, `d`.`Dealer_Id`, `d`.`Ifsc_Code`, `d`.`Remarks`, `d`.`Updated_At`
FROM `Dealer_Bank_Details` AS `d`
WHERE `d`.`Dealer_Id` = @__p_0
2023-10-07 19:34:56.563 +05:30  INF  Executed DbCommand (1ms) [Parameters=[@__p_0='?' (DbType = Int64)], CommandType='"Text"', CommandTimeout='30']
SELECT `d`.`Id`, `d`.`Dealer_Id`, `d`.`Material_Cost`, `d`.`Material_Date`, `d`.`Material_Name`
FROM `Dealer_Material` AS `d`
WHERE `d`.`Dealer_Id` = @__p_0
2023-10-07 19:34:56.563 +05:30  INF  Executing ObjectResult, writing value of type 'System.Collections.Generic.List`1[[DCRM.Common.Dto.DealerDto, DCRM.Common, Version=1.0.0.0, Culture=neutral, PublicKeyToken=null]]'.
2023-10-07 19:34:56.563 +05:30  INF  Executed action DCRM.Api.Controllers.DealerController.GetAllAsync (DCRM.Api) in 6.8929ms
2023-10-07 19:34:56.563 +05:30  INF  Executed endpoint 'DCRM.Api.Controllers.DealerController.GetAllAsync (DCRM.Api)'
2023-10-07 19:34:56.563 +05:30  INF  Request finished HTTP/2 GET https://localhost:7069/api/Dealer/GetAll application/json - - 200 - application/json;+charset=utf-8 11.6893ms
2023-10-07 19:34:59.728 +05:30  INF  Request starting HTTP/2 OPTIONS https://localhost:7069/api/Dealer/Get/30 - -
2023-10-07 19:34:59.728 +05:30  INF  CORS policy execution successful.
2023-10-07 19:34:59.728 +05:30  INF  Request finished HTTP/2 OPTIONS https://localhost:7069/api/Dealer/Get/30 - - - 204 - - 0.2612ms
2023-10-07 19:34:59.729 +05:30  INF  Request starting HTTP/2 GET https://localhost:7069/api/Dealer/Get/30 application/json -
2023-10-07 19:34:59.730 +05:30  INF  CORS policy execution successful.
2023-10-07 19:34:59.733 +05:30  INF  Executed DbCommand (1ms) [Parameters=[@__id_0='?' (DbType = Int32)], CommandType='"Text"', CommandTimeout='30']
SELECT `u`.`Id`, `u`.`About_Me`, `u`.`Account_Type`, `u`.`Address`, `u`.`Available_Days`, `u`.`Bn_Name`, `u`.`City`, `u`.`Country`, `u`.`Created_At`, `u`.`Currency`, `u`.`Degree`, `u`.`Email`, `u`.`Email_Verified`, `u`.`Enable_Appointment`, `u`.`Enable_Rating`, `u`.`Exp_Years`, `u`.`Facebook`, `u`.`Google_Analytics`, `u`.`Image`, `u`.`Instagram`, `u`.`Linkedin`, `u`.`Name`, `u`.`Parent_Id`, `u`.`Password`, `u`.`Paypal_Email`, `u`.`Paypal_Mode`, `u`.`Paypal_Payment`, `u`.`Paystack_Payment`, `u`.`Paystack_Public_Key`, `u`.`Paystack_Secret_Key`, `u`.`Phone`, `u`.`Publish_Key`, `u`.`Qr_Code`, `u`.`Razorpay_Key_Id`, `u`.`Razorpay_Key_Secret`, `u`.`Razorpay_Payment`, `u`.`Role`, `u`.`Secret_Key`, `u`.`Skype`, `u`.`Slug`, `u`.`Specialist`, `u`.`Status`, `u`.`Stripe_Payment`, `u`.`Thumb`, `u`.`Trial_Expire`, `u`.`Twitter`, `u`.`User_Name`, `u`.`User_Type`, `u`.`Verify_Code`, `u`.`Whatsapp`
FROM `Users` AS `u`
WHERE `u`.`Id` = @__id_0
LIMIT 1
2023-10-07 19:34:59.733 +05:30  INF  Executing endpoint 'DCRM.Api.Controllers.DealerController.GetAsync (DCRM.Api)'
2023-10-07 19:34:59.733 +05:30  INF  Route matched with {action = "Get", controller = "Dealer"}. Executing controller action with signature System.Threading.Tasks.Task`1[DCRM.Common.Dto.DealerDto] GetAsync(Int32) on controller DCRM.Api.Controllers.DealerController (DCRM.Api).
2023-10-07 19:34:59.735 +05:30  INF  Executed DbCommand (1ms) [Parameters=[@__id_0='?' (DbType = Int32), @__userId_1='?' (DbType = Int64)], CommandType='"Text"', CommandTimeout='30']
SELECT `d`.`Id`, `d`.`Address_O`, `d`.`Address_R`, `d`.`City_O`, `d`.`City_R`, `d`.`Company_Name`, `d`.`Country_O`, `d`.`Country_R`, `d`.`Created_At`, `d`.`Email1`, `d`.`Email2`, `d`.`Gst_Number`, `d`.`Image`, `d`.`Is_Deleted`, `d`.`Own_Name_1`, `d`.`Own_Name_2`, `d`.`Pan_Number`, `d`.`Phone1`, `d`.`Phone2`, `d`.`Staff_Email1`, `d`.`Staff_Email2`, `d`.`Staff_Email3`, `d`.`Staff_Email4`, `d`.`Staff_Name1`, `d`.`Staff_Name2`, `d`.`Staff_Name3`, `d`.`Staff_Name4`, `d`.`Staff_Phone1`, `d`.`Staff_Phone2`, `d`.`Staff_Phone3`, `d`.`Staff_Phone4`, `d`.`Updated_At`, `d`.`User_Id`, `d`.`Zip_O`, `d`.`Zip_R`
FROM `Dealers` AS `d`
WHERE ((`d`.`Id` = @__id_0) AND (`d`.`Is_Deleted` = 0)) AND (`d`.`User_Id` = @__userId_1)
LIMIT 1
2023-10-07 19:34:59.736 +05:30  INF  Executed DbCommand (1ms) [Parameters=[@__p_0='?' (DbType = Int64)], CommandType='"Text"', CommandTimeout='30']
SELECT `d`.`Id`, `d`.`Bank_Account_Number`, `d`.`Bank_Name`, `d`.`Dealer_Id`, `d`.`Ifsc_Code`, `d`.`Remarks`, `d`.`Updated_At`
FROM `Dealer_Bank_Details` AS `d`
WHERE `d`.`Dealer_Id` = @__p_0
2023-10-07 19:34:59.738 +05:30  INF  Executed DbCommand (0ms) [Parameters=[@__p_0='?' (DbType = Int64)], CommandType='"Text"', CommandTimeout='30']
SELECT `d`.`Id`, `d`.`Dealer_Id`, `d`.`Material_Cost`, `d`.`Material_Date`, `d`.`Material_Name`
FROM `Dealer_Material` AS `d`
WHERE `d`.`Dealer_Id` = @__p_0
2023-10-07 19:34:59.738 +05:30  INF  Executing ObjectResult, writing value of type 'DCRM.Common.Dto.DealerDto'.
2023-10-07 19:34:59.738 +05:30  INF  Executed action DCRM.Api.Controllers.DealerController.GetAsync (DCRM.Api) in 4.9197ms
2023-10-07 19:34:59.738 +05:30  INF  Executed endpoint 'DCRM.Api.Controllers.DealerController.GetAsync (DCRM.Api)'
2023-10-07 19:34:59.738 +05:30  INF  Request finished HTTP/2 GET https://localhost:7069/api/Dealer/Get/30 application/json - - 200 - application/json;+charset=utf-8 8.8004ms
2023-10-07 19:35:20.480 +05:30  INF  Request starting HTTP/2 OPTIONS https://localhost:7069/api/Dealer/Update - -
2023-10-07 19:35:20.480 +05:30  INF  CORS policy execution successful.
2023-10-07 19:35:20.481 +05:30  INF  Request finished HTTP/2 OPTIONS https://localhost:7069/api/Dealer/Update - - - 204 - - 0.3010ms
2023-10-07 19:35:20.483 +05:30  INF  Request starting HTTP/2 POST https://localhost:7069/api/Dealer/Update application/json 1112
2023-10-07 19:35:20.483 +05:30  INF  CORS policy execution successful.
2023-10-07 19:35:20.486 +05:30  INF  Executed DbCommand (1ms) [Parameters=[@__id_0='?' (DbType = Int32)], CommandType='"Text"', CommandTimeout='30']
SELECT `u`.`Id`, `u`.`About_Me`, `u`.`Account_Type`, `u`.`Address`, `u`.`Available_Days`, `u`.`Bn_Name`, `u`.`City`, `u`.`Country`, `u`.`Created_At`, `u`.`Currency`, `u`.`Degree`, `u`.`Email`, `u`.`Email_Verified`, `u`.`Enable_Appointment`, `u`.`Enable_Rating`, `u`.`Exp_Years`, `u`.`Facebook`, `u`.`Google_Analytics`, `u`.`Image`, `u`.`Instagram`, `u`.`Linkedin`, `u`.`Name`, `u`.`Parent_Id`, `u`.`Password`, `u`.`Paypal_Email`, `u`.`Paypal_Mode`, `u`.`Paypal_Payment`, `u`.`Paystack_Payment`, `u`.`Paystack_Public_Key`, `u`.`Paystack_Secret_Key`, `u`.`Phone`, `u`.`Publish_Key`, `u`.`Qr_Code`, `u`.`Razorpay_Key_Id`, `u`.`Razorpay_Key_Secret`, `u`.`Razorpay_Payment`, `u`.`Role`, `u`.`Secret_Key`, `u`.`Skype`, `u`.`Slug`, `u`.`Specialist`, `u`.`Status`, `u`.`Stripe_Payment`, `u`.`Thumb`, `u`.`Trial_Expire`, `u`.`Twitter`, `u`.`User_Name`, `u`.`User_Type`, `u`.`Verify_Code`, `u`.`Whatsapp`
FROM `Users` AS `u`
WHERE `u`.`Id` = @__id_0
LIMIT 1
2023-10-07 19:35:20.487 +05:30  INF  Executing endpoint 'DCRM.Api.Controllers.DealerController.Update (DCRM.Api)'
2023-10-07 19:35:20.487 +05:30  INF  Route matched with {action = "Update", controller = "Dealer"}. Executing controller action with signature System.Threading.Tasks.Task`1[Microsoft.AspNetCore.Mvc.IActionResult] Update(DCRM.Common.Entity.DealerRequest) on controller DCRM.Api.Controllers.DealerController (DCRM.Api).
2023-10-07 19:35:20.489 +05:30  INF  Executed DbCommand (1ms) [Parameters=[@__request_Id_0='?' (DbType = Int32)], CommandType='"Text"', CommandTimeout='30']
SELECT `d`.`Id`, `d`.`Address_O`, `d`.`Address_R`, `d`.`City_O`, `d`.`City_R`, `d`.`Company_Name`, `d`.`Country_O`, `d`.`Country_R`, `d`.`Created_At`, `d`.`Email1`, `d`.`Email2`, `d`.`Gst_Number`, `d`.`Image`, `d`.`Is_Deleted`, `d`.`Own_Name_1`, `d`.`Own_Name_2`, `d`.`Pan_Number`, `d`.`Phone1`, `d`.`Phone2`, `d`.`Staff_Email1`, `d`.`Staff_Email2`, `d`.`Staff_Email3`, `d`.`Staff_Email4`, `d`.`Staff_Name1`, `d`.`Staff_Name2`, `d`.`Staff_Name3`, `d`.`Staff_Name4`, `d`.`Staff_Phone1`, `d`.`Staff_Phone2`, `d`.`Staff_Phone3`, `d`.`Staff_Phone4`, `d`.`Updated_At`, `d`.`User_Id`, `d`.`Zip_O`, `d`.`Zip_R`
FROM `Dealers` AS `d`
WHERE `d`.`Id` = @__request_Id_0
LIMIT 1
2023-10-07 19:35:20.498 +05:30  INF  Executed DbCommand (8ms) [Parameters=[@p34='?' (DbType = Int32), @p0='?' (Size = 4000), @p1='?' (Size = 4000), @p2='?' (Size = 4000), @p3='?' (Size = 4000), @p4='?' (Size = 4000), @p5='?' (Size = 4000), @p6='?' (Size = 4000), @p7='?' (DbType = DateTime), @p8='?' (Size = 4000), @p9='?' (Size = 4000), @p10='?' (Size = 4000), @p11='?' (Size = 4000), @p12='?' (DbType = SByte), @p13='?' (Size = 4000), @p14='?' (Size = 4000), @p15='?' (Size = 4000), @p16='?' (Size = 4000), @p17='?' (Size = 4000), @p18='?' (Size = 4000), @p19='?' (Size = 4000), @p20='?' (Size = 4000), @p21='?' (Size = 4000), @p22='?' (Size = 4000), @p23='?' (Size = 4000), @p24='?' (Size = 4000), @p25='?' (Size = 4000), @p26='?' (DbType = Int64), @p27='?' (DbType = Int64), @p28='?' (DbType = Int64), @p29='?' (DbType = Int64), @p30='?' (DbType = DateTime), @p31='?' (DbType = Int64), @p32='?' (Size = 4000), @p33='?' (Size = 4000)], CommandType='"Text"', CommandTimeout='30']
UPDATE `Dealers` SET `Address_O` = @p0, `Address_R` = @p1, `City_O` = @p2, `City_R` = @p3, `Company_Name` = @p4, `Country_O` = @p5, `Country_R` = @p6, `Created_At` = @p7, `Email1` = @p8, `Email2` = @p9, `Gst_Number` = @p10, `Image` = @p11, `Is_Deleted` = @p12, `Own_Name_1` = @p13, `Own_Name_2` = @p14, `Pan_Number` = @p15, `Phone1` = @p16, `Phone2` = @p17, `Staff_Email1` = @p18, `Staff_Email2` = @p19, `Staff_Email3` = @p20, `Staff_Email4` = @p21, `Staff_Name1` = @p22, `Staff_Name2` = @p23, `Staff_Name3` = @p24, `Staff_Name4` = @p25, `Staff_Phone1` = @p26, `Staff_Phone2` = @p27, `Staff_Phone3` = @p28, `Staff_Phone4` = @p29, `Updated_At` = @p30, `User_Id` = @p31, `Zip_O` = @p32, `Zip_R` = @p33
WHERE `Id` = @p34;
2023-10-07 19:35:20.500 +05:30  INF  Executed DbCommand (1ms) [Parameters=[@__item_Id_0='?' (DbType = Int64)], CommandType='"Text"', CommandTimeout='30']
SELECT `d`.`Id`, `d`.`Bank_Account_Number`, `d`.`Bank_Name`, `d`.`Dealer_Id`, `d`.`Ifsc_Code`, `d`.`Remarks`, `d`.`Updated_At`
FROM `Dealer_Bank_Details` AS `d`
WHERE `d`.`Id` = @__item_Id_0
LIMIT 1
2023-10-07 19:35:20.502 +05:30  INF  Executed DbCommand (1ms) [Parameters=[@p6='?' (DbType = Int64), @p0='?' (DbType = Int64), @p1='?' (Size = 4000), @p2='?' (DbType = Int64), @p3='?' (Size = 4000), @p4='?' (Size = 4000), @p5='?' (DbType = DateTime)], CommandType='"Text"', CommandTimeout='30']
UPDATE `Dealer_Bank_Details` SET `Bank_Account_Number` = @p0, `Bank_Name` = @p1, `Dealer_Id` = @p2, `Ifsc_Code` = @p3, `Remarks` = @p4, `Updated_At` = @p5
WHERE `Id` = @p6;
2023-10-07 19:35:20.503 +05:30  INF  Executed DbCommand (0ms) [Parameters=[@__item_Id_0='?' (DbType = Int32)], CommandType='"Text"', CommandTimeout='30']
SELECT `d`.`Id`, `d`.`Dealer_Id`, `d`.`Material_Cost`, `d`.`Material_Date`, `d`.`Material_Name`
FROM `Dealer_Material` AS `d`
WHERE `d`.`Id` = @__item_Id_0
LIMIT 1
2023-10-07 19:35:20.505 +05:30  INF  Executed DbCommand (1ms) [Parameters=[@p4='?' (DbType = Int32), @p0='?' (DbType = Int64), @p1='?' (DbType = Single), @p2='?' (DbType = DateTime), @p3='?' (Size = 4000)], CommandType='"Text"', CommandTimeout='30']
UPDATE `Dealer_Material` SET `Dealer_Id` = @p0, `Material_Cost` = @p1, `Material_Date` = @p2, `Material_Name` = @p3
WHERE `Id` = @p4;
2023-10-07 19:35:20.505 +05:30  INF  Executing OkObjectResult, writing value of type 'System.String'.
2023-10-07 19:35:20.506 +05:30  INF  Executed action DCRM.Api.Controllers.DealerController.Update (DCRM.Api) in 18.7719ms
2023-10-07 19:35:20.506 +05:30  INF  Executed endpoint 'DCRM.Api.Controllers.DealerController.Update (DCRM.Api)'
2023-10-07 19:35:20.506 +05:30  INF  Request finished HTTP/2 POST https://localhost:7069/api/Dealer/Update application/json 1112 - 200 - text/plain;+charset=utf-8 23.0528ms
2023-10-07 19:35:20.544 +05:30  INF  Request starting HTTP/2 OPTIONS https://localhost:7069/api/Dealer/GetAll - -
2023-10-07 19:35:20.544 +05:30  INF  CORS policy execution successful.
2023-10-07 19:35:20.544 +05:30  INF  Request finished HTTP/2 OPTIONS https://localhost:7069/api/Dealer/GetAll - - - 204 - - 0.2727ms
2023-10-07 19:35:20.546 +05:30  INF  Request starting HTTP/2 GET https://localhost:7069/api/Dealer/GetAll application/json -
2023-10-07 19:35:20.546 +05:30  INF  CORS policy execution successful.
2023-10-07 19:35:20.549 +05:30  INF  Executed DbCommand (1ms) [Parameters=[@__id_0='?' (DbType = Int32)], CommandType='"Text"', CommandTimeout='30']
SELECT `u`.`Id`, `u`.`About_Me`, `u`.`Account_Type`, `u`.`Address`, `u`.`Available_Days`, `u`.`Bn_Name`, `u`.`City`, `u`.`Country`, `u`.`Created_At`, `u`.`Currency`, `u`.`Degree`, `u`.`Email`, `u`.`Email_Verified`, `u`.`Enable_Appointment`, `u`.`Enable_Rating`, `u`.`Exp_Years`, `u`.`Facebook`, `u`.`Google_Analytics`, `u`.`Image`, `u`.`Instagram`, `u`.`Linkedin`, `u`.`Name`, `u`.`Parent_Id`, `u`.`Password`, `u`.`Paypal_Email`, `u`.`Paypal_Mode`, `u`.`Paypal_Payment`, `u`.`Paystack_Payment`, `u`.`Paystack_Public_Key`, `u`.`Paystack_Secret_Key`, `u`.`Phone`, `u`.`Publish_Key`, `u`.`Qr_Code`, `u`.`Razorpay_Key_Id`, `u`.`Razorpay_Key_Secret`, `u`.`Razorpay_Payment`, `u`.`Role`, `u`.`Secret_Key`, `u`.`Skype`, `u`.`Slug`, `u`.`Specialist`, `u`.`Status`, `u`.`Stripe_Payment`, `u`.`Thumb`, `u`.`Trial_Expire`, `u`.`Twitter`, `u`.`User_Name`, `u`.`User_Type`, `u`.`Verify_Code`, `u`.`Whatsapp`
FROM `Users` AS `u`
WHERE `u`.`Id` = @__id_0
LIMIT 1
2023-10-07 19:35:20.549 +05:30  INF  Executing endpoint 'DCRM.Api.Controllers.DealerController.GetAllAsync (DCRM.Api)'
2023-10-07 19:35:20.549 +05:30  INF  Route matched with {action = "GetAll", controller = "Dealer"}. Executing controller action with signature System.Threading.Tasks.Task`1[System.Collections.Generic.IEnumerable`1[DCRM.Common.Dto.DealerDto]] GetAllAsync() on controller DCRM.Api.Controllers.DealerController (DCRM.Api).
2023-10-07 19:35:20.551 +05:30  INF  Executed DbCommand (1ms) [Parameters=[@__userId_0='?' (DbType = Int64)], CommandType='"Text"', CommandTimeout='30']
SELECT `d`.`Id`, `d`.`Address_O`, `d`.`Address_R`, `d`.`City_O`, `d`.`City_R`, `d`.`Company_Name`, `d`.`Country_O`, `d`.`Country_R`, `d`.`Created_At`, `d`.`Email1`, `d`.`Email2`, `d`.`Gst_Number`, `d`.`Image`, `d`.`Is_Deleted`, `d`.`Own_Name_1`, `d`.`Own_Name_2`, `d`.`Pan_Number`, `d`.`Phone1`, `d`.`Phone2`, `d`.`Staff_Email1`, `d`.`Staff_Email2`, `d`.`Staff_Email3`, `d`.`Staff_Email4`, `d`.`Staff_Name1`, `d`.`Staff_Name2`, `d`.`Staff_Name3`, `d`.`Staff_Name4`, `d`.`Staff_Phone1`, `d`.`Staff_Phone2`, `d`.`Staff_Phone3`, `d`.`Staff_Phone4`, `d`.`Updated_At`, `d`.`User_Id`, `d`.`Zip_O`, `d`.`Zip_R`
FROM `Dealers` AS `d`
WHERE (`d`.`Is_Deleted` = 0) AND (`d`.`User_Id` = @__userId_0)
2023-10-07 19:35:20.552 +05:30  INF  Executed DbCommand (0ms) [Parameters=[@__p_0='?' (DbType = Int64)], CommandType='"Text"', CommandTimeout='30']
SELECT `d`.`Id`, `d`.`Bank_Account_Number`, `d`.`Bank_Name`, `d`.`Dealer_Id`, `d`.`Ifsc_Code`, `d`.`Remarks`, `d`.`Updated_At`
FROM `Dealer_Bank_Details` AS `d`
WHERE `d`.`Dealer_Id` = @__p_0
2023-10-07 19:35:20.554 +05:30  INF  Executed DbCommand (0ms) [Parameters=[@__p_0='?' (DbType = Int64)], CommandType='"Text"', CommandTimeout='30']
SELECT `d`.`Id`, `d`.`Dealer_Id`, `d`.`Material_Cost`, `d`.`Material_Date`, `d`.`Material_Name`
FROM `Dealer_Material` AS `d`
WHERE `d`.`Dealer_Id` = @__p_0
2023-10-07 19:35:20.554 +05:30  INF  Executing ObjectResult, writing value of type 'System.Collections.Generic.List`1[[DCRM.Common.Dto.DealerDto, DCRM.Common, Version=1.0.0.0, Culture=neutral, PublicKeyToken=null]]'.
2023-10-07 19:35:20.554 +05:30  INF  Executed action DCRM.Api.Controllers.DealerController.GetAllAsync (DCRM.Api) in 4.9878ms
2023-10-07 19:35:20.554 +05:30  INF  Executed endpoint 'DCRM.Api.Controllers.DealerController.GetAllAsync (DCRM.Api)'
2023-10-07 19:35:20.554 +05:30  INF  Request finished HTTP/2 GET https://localhost:7069/api/Dealer/GetAll application/json - - 200 - application/json;+charset=utf-8 7.9977ms
2023-10-07 19:36:17.163 +05:30  INF  Request starting HTTP/2 OPTIONS https://localhost:7069/api/Dealer/Get/30 - -
2023-10-07 19:36:17.163 +05:30  INF  CORS policy execution successful.
2023-10-07 19:36:17.163 +05:30  INF  Request finished HTTP/2 OPTIONS https://localhost:7069/api/Dealer/Get/30 - - - 204 - - 0.3085ms
2023-10-07 19:36:17.167 +05:30  INF  Request starting HTTP/2 GET https://localhost:7069/api/Dealer/Get/30 application/json -
2023-10-07 19:36:17.167 +05:30  INF  CORS policy execution successful.
2023-10-07 19:36:17.171 +05:30  INF  Executed DbCommand (1ms) [Parameters=[@__id_0='?' (DbType = Int32)], CommandType='"Text"', CommandTimeout='30']
SELECT `u`.`Id`, `u`.`About_Me`, `u`.`Account_Type`, `u`.`Address`, `u`.`Available_Days`, `u`.`Bn_Name`, `u`.`City`, `u`.`Country`, `u`.`Created_At`, `u`.`Currency`, `u`.`Degree`, `u`.`Email`, `u`.`Email_Verified`, `u`.`Enable_Appointment`, `u`.`Enable_Rating`, `u`.`Exp_Years`, `u`.`Facebook`, `u`.`Google_Analytics`, `u`.`Image`, `u`.`Instagram`, `u`.`Linkedin`, `u`.`Name`, `u`.`Parent_Id`, `u`.`Password`, `u`.`Paypal_Email`, `u`.`Paypal_Mode`, `u`.`Paypal_Payment`, `u`.`Paystack_Payment`, `u`.`Paystack_Public_Key`, `u`.`Paystack_Secret_Key`, `u`.`Phone`, `u`.`Publish_Key`, `u`.`Qr_Code`, `u`.`Razorpay_Key_Id`, `u`.`Razorpay_Key_Secret`, `u`.`Razorpay_Payment`, `u`.`Role`, `u`.`Secret_Key`, `u`.`Skype`, `u`.`Slug`, `u`.`Specialist`, `u`.`Status`, `u`.`Stripe_Payment`, `u`.`Thumb`, `u`.`Trial_Expire`, `u`.`Twitter`, `u`.`User_Name`, `u`.`User_Type`, `u`.`Verify_Code`, `u`.`Whatsapp`
FROM `Users` AS `u`
WHERE `u`.`Id` = @__id_0
LIMIT 1
2023-10-07 19:36:17.171 +05:30  INF  Executing endpoint 'DCRM.Api.Controllers.DealerController.GetAsync (DCRM.Api)'
2023-10-07 19:36:17.171 +05:30  INF  Route matched with {action = "Get", controller = "Dealer"}. Executing controller action with signature System.Threading.Tasks.Task`1[DCRM.Common.Dto.DealerDto] GetAsync(Int32) on controller DCRM.Api.Controllers.DealerController (DCRM.Api).
2023-10-07 19:36:17.173 +05:30  INF  Executed DbCommand (1ms) [Parameters=[@__id_0='?' (DbType = Int32), @__userId_1='?' (DbType = Int64)], CommandType='"Text"', CommandTimeout='30']
SELECT `d`.`Id`, `d`.`Address_O`, `d`.`Address_R`, `d`.`City_O`, `d`.`City_R`, `d`.`Company_Name`, `d`.`Country_O`, `d`.`Country_R`, `d`.`Created_At`, `d`.`Email1`, `d`.`Email2`, `d`.`Gst_Number`, `d`.`Image`, `d`.`Is_Deleted`, `d`.`Own_Name_1`, `d`.`Own_Name_2`, `d`.`Pan_Number`, `d`.`Phone1`, `d`.`Phone2`, `d`.`Staff_Email1`, `d`.`Staff_Email2`, `d`.`Staff_Email3`, `d`.`Staff_Email4`, `d`.`Staff_Name1`, `d`.`Staff_Name2`, `d`.`Staff_Name3`, `d`.`Staff_Name4`, `d`.`Staff_Phone1`, `d`.`Staff_Phone2`, `d`.`Staff_Phone3`, `d`.`Staff_Phone4`, `d`.`Updated_At`, `d`.`User_Id`, `d`.`Zip_O`, `d`.`Zip_R`
FROM `Dealers` AS `d`
WHERE ((`d`.`Id` = @__id_0) AND (`d`.`Is_Deleted` = 0)) AND (`d`.`User_Id` = @__userId_1)
LIMIT 1
2023-10-07 19:36:17.174 +05:30  INF  Executed DbCommand (0ms) [Parameters=[@__p_0='?' (DbType = Int64)], CommandType='"Text"', CommandTimeout='30']
SELECT `d`.`Id`, `d`.`Bank_Account_Number`, `d`.`Bank_Name`, `d`.`Dealer_Id`, `d`.`Ifsc_Code`, `d`.`Remarks`, `d`.`Updated_At`
FROM `Dealer_Bank_Details` AS `d`
WHERE `d`.`Dealer_Id` = @__p_0
2023-10-07 19:36:17.175 +05:30  INF  Executed DbCommand (0ms) [Parameters=[@__p_0='?' (DbType = Int64)], CommandType='"Text"', CommandTimeout='30']
SELECT `d`.`Id`, `d`.`Dealer_Id`, `d`.`Material_Cost`, `d`.`Material_Date`, `d`.`Material_Name`
FROM `Dealer_Material` AS `d`
WHERE `d`.`Dealer_Id` = @__p_0
2023-10-07 19:36:17.175 +05:30  INF  Executing ObjectResult, writing value of type 'DCRM.Common.Dto.DealerDto'.
2023-10-07 19:36:17.176 +05:30  INF  Executed action DCRM.Api.Controllers.DealerController.GetAsync (DCRM.Api) in 4.6087ms
2023-10-07 19:36:17.176 +05:30  INF  Executed endpoint 'DCRM.Api.Controllers.DealerController.GetAsync (DCRM.Api)'
2023-10-07 19:36:17.176 +05:30  INF  Request finished HTTP/2 GET https://localhost:7069/api/Dealer/Get/30 application/json - - 200 - application/json;+charset=utf-8 8.9500ms
2023-10-07 19:37:52.469 +05:30  INF  Request starting HTTP/2 GET https://localhost:7069/_framework/aspnetcore-browser-refresh.js - -
2023-10-07 19:37:52.470 +05:30  INF  Request finished HTTP/2 GET https://localhost:7069/_framework/aspnetcore-browser-refresh.js - - - 200 12348 application/javascript;+charset=utf-8 1.0379ms
2023-10-07 19:37:52.477 +05:30  INF  Request starting HTTP/2 GET https://localhost:7069/_vs/browserLink - -
2023-10-07 19:37:52.487 +05:30  INF  Request finished HTTP/2 GET https://localhost:7069/_vs/browserLink - - - 200 - text/javascript;+charset=UTF-8 9.8739ms
2023-10-07 19:37:52.567 +05:30  INF  Request starting HTTP/2 GET https://localhost:7069/swagger/favicon-32x32.png - -
2023-10-07 19:37:52.573 +05:30  INF  Sending file. Request path: '/favicon-32x32.png'. Physical path: 'N/A'
2023-10-07 19:37:52.573 +05:30  INF  Request finished HTTP/2 GET https://localhost:7069/swagger/favicon-32x32.png - - - 0 628 image/png 6.1670ms
2023-10-07 19:37:52.620 +05:30  INF  Request starting HTTP/2 GET https://localhost:7069/swagger/v1/swagger.json - -
2023-10-07 19:37:52.667 +05:30  INF  Request finished HTTP/2 GET https://localhost:7069/swagger/v1/swagger.json - - - 200 - application/json;charset=utf-8 46.3365ms
2023-10-07 19:39:52.186 +05:30  INF  Request starting HTTP/2 OPTIONS https://localhost:7069/api/Dealer/Update - -
2023-10-07 19:39:52.186 +05:30  INF  CORS policy execution successful.
2023-10-07 19:39:52.186 +05:30  INF  Request finished HTTP/2 OPTIONS https://localhost:7069/api/Dealer/Update - - - 204 - - 0.4834ms
2023-10-07 19:39:52.188 +05:30  INF  Request starting HTTP/2 POST https://localhost:7069/api/Dealer/Update application/json 1356
2023-10-07 19:39:52.188 +05:30  INF  CORS policy execution successful.
2023-10-07 19:39:52.191 +05:30  INF  Executed DbCommand (1ms) [Parameters=[@__id_0='?' (DbType = Int32)], CommandType='"Text"', CommandTimeout='30']
SELECT `u`.`Id`, `u`.`About_Me`, `u`.`Account_Type`, `u`.`Address`, `u`.`Available_Days`, `u`.`Bn_Name`, `u`.`City`, `u`.`Country`, `u`.`Created_At`, `u`.`Currency`, `u`.`Degree`, `u`.`Email`, `u`.`Email_Verified`, `u`.`Enable_Appointment`, `u`.`Enable_Rating`, `u`.`Exp_Years`, `u`.`Facebook`, `u`.`Google_Analytics`, `u`.`Image`, `u`.`Instagram`, `u`.`Linkedin`, `u`.`Name`, `u`.`Parent_Id`, `u`.`Password`, `u`.`Paypal_Email`, `u`.`Paypal_Mode`, `u`.`Paypal_Payment`, `u`.`Paystack_Payment`, `u`.`Paystack_Public_Key`, `u`.`Paystack_Secret_Key`, `u`.`Phone`, `u`.`Publish_Key`, `u`.`Qr_Code`, `u`.`Razorpay_Key_Id`, `u`.`Razorpay_Key_Secret`, `u`.`Razorpay_Payment`, `u`.`Role`, `u`.`Secret_Key`, `u`.`Skype`, `u`.`Slug`, `u`.`Specialist`, `u`.`Status`, `u`.`Stripe_Payment`, `u`.`Thumb`, `u`.`Trial_Expire`, `u`.`Twitter`, `u`.`User_Name`, `u`.`User_Type`, `u`.`Verify_Code`, `u`.`Whatsapp`
FROM `Users` AS `u`
WHERE `u`.`Id` = @__id_0
LIMIT 1
2023-10-07 19:39:52.191 +05:30  INF  Executing endpoint 'DCRM.Api.Controllers.DealerController.Update (DCRM.Api)'
2023-10-07 19:39:52.192 +05:30  INF  Route matched with {action = "Update", controller = "Dealer"}. Executing controller action with signature System.Threading.Tasks.Task`1[Microsoft.AspNetCore.Mvc.IActionResult] Update(DCRM.Common.Entity.DealerRequest) on controller DCRM.Api.Controllers.DealerController (DCRM.Api).
2023-10-07 19:39:52.193 +05:30  INF  Executed DbCommand (1ms) [Parameters=[@__request_Id_0='?' (DbType = Int32)], CommandType='"Text"', CommandTimeout='30']
SELECT `d`.`Id`, `d`.`Address_O`, `d`.`Address_R`, `d`.`City_O`, `d`.`City_R`, `d`.`Company_Name`, `d`.`Country_O`, `d`.`Country_R`, `d`.`Created_At`, `d`.`Email1`, `d`.`Email2`, `d`.`Gst_Number`, `d`.`Image`, `d`.`Is_Deleted`, `d`.`Own_Name_1`, `d`.`Own_Name_2`, `d`.`Pan_Number`, `d`.`Phone1`, `d`.`Phone2`, `d`.`Staff_Email1`, `d`.`Staff_Email2`, `d`.`Staff_Email3`, `d`.`Staff_Email4`, `d`.`Staff_Name1`, `d`.`Staff_Name2`, `d`.`Staff_Name3`, `d`.`Staff_Name4`, `d`.`Staff_Phone1`, `d`.`Staff_Phone2`, `d`.`Staff_Phone3`, `d`.`Staff_Phone4`, `d`.`Updated_At`, `d`.`User_Id`, `d`.`Zip_O`, `d`.`Zip_R`
FROM `Dealers` AS `d`
WHERE `d`.`Id` = @__request_Id_0
LIMIT 1
2023-10-07 19:39:52.202 +05:30  INF  Executed DbCommand (7ms) [Parameters=[@p34='?' (DbType = Int32), @p0='?' (Size = 4000), @p1='?' (Size = 4000), @p2='?' (Size = 4000), @p3='?' (Size = 4000), @p4='?' (Size = 4000), @p5='?' (Size = 4000), @p6='?' (Size = 4000), @p7='?' (DbType = DateTime), @p8='?' (Size = 4000), @p9='?' (Size = 4000), @p10='?' (Size = 4000), @p11='?' (Size = 4000), @p12='?' (DbType = SByte), @p13='?' (Size = 4000), @p14='?' (Size = 4000), @p15='?' (Size = 4000), @p16='?' (Size = 4000), @p17='?' (Size = 4000), @p18='?' (Size = 4000), @p19='?' (Size = 4000), @p20='?' (Size = 4000), @p21='?' (Size = 4000), @p22='?' (Size = 4000), @p23='?' (Size = 4000), @p24='?' (Size = 4000), @p25='?' (Size = 4000), @p26='?' (DbType = Int64), @p27='?' (DbType = Int64), @p28='?' (DbType = Int64), @p29='?' (DbType = Int64), @p30='?' (DbType = DateTime), @p31='?' (DbType = Int64), @p32='?' (Size = 4000), @p33='?' (Size = 4000)], CommandType='"Text"', CommandTimeout='30']
UPDATE `Dealers` SET `Address_O` = @p0, `Address_R` = @p1, `City_O` = @p2, `City_R` = @p3, `Company_Name` = @p4, `Country_O` = @p5, `Country_R` = @p6, `Created_At` = @p7, `Email1` = @p8, `Email2` = @p9, `Gst_Number` = @p10, `Image` = @p11, `Is_Deleted` = @p12, `Own_Name_1` = @p13, `Own_Name_2` = @p14, `Pan_Number` = @p15, `Phone1` = @p16, `Phone2` = @p17, `Staff_Email1` = @p18, `Staff_Email2` = @p19, `Staff_Email3` = @p20, `Staff_Email4` = @p21, `Staff_Name1` = @p22, `Staff_Name2` = @p23, `Staff_Name3` = @p24, `Staff_Name4` = @p25, `Staff_Phone1` = @p26, `Staff_Phone2` = @p27, `Staff_Phone3` = @p28, `Staff_Phone4` = @p29, `Updated_At` = @p30, `User_Id` = @p31, `Zip_O` = @p32, `Zip_R` = @p33
WHERE `Id` = @p34;
2023-10-07 19:39:52.204 +05:30  INF  Executed DbCommand (1ms) [Parameters=[@__item_Id_0='?' (DbType = Int64)], CommandType='"Text"', CommandTimeout='30']
SELECT `d`.`Id`, `d`.`Bank_Account_Number`, `d`.`Bank_Name`, `d`.`Dealer_Id`, `d`.`Ifsc_Code`, `d`.`Remarks`, `d`.`Updated_At`
FROM `Dealer_Bank_Details` AS `d`
WHERE `d`.`Id` = @__item_Id_0
LIMIT 1
2023-10-07 19:39:52.206 +05:30  INF  Executed DbCommand (1ms) [Parameters=[@p6='?' (DbType = Int64), @p0='?' (DbType = Int64), @p1='?' (Size = 4000), @p2='?' (DbType = Int64), @p3='?' (Size = 4000), @p4='?' (Size = 4000), @p5='?' (DbType = DateTime)], CommandType='"Text"', CommandTimeout='30']
UPDATE `Dealer_Bank_Details` SET `Bank_Account_Number` = @p0, `Bank_Name` = @p1, `Dealer_Id` = @p2, `Ifsc_Code` = @p3, `Remarks` = @p4, `Updated_At` = @p5
WHERE `Id` = @p6;
2023-10-07 19:39:52.207 +05:30  INF  Executed DbCommand (0ms) [Parameters=[@__item_Id_0='?' (DbType = Int64)], CommandType='"Text"', CommandTimeout='30']
SELECT `d`.`Id`, `d`.`Bank_Account_Number`, `d`.`Bank_Name`, `d`.`Dealer_Id`, `d`.`Ifsc_Code`, `d`.`Remarks`, `d`.`Updated_At`
FROM `Dealer_Bank_Details` AS `d`
WHERE `d`.`Id` = @__item_Id_0
LIMIT 1
2023-10-07 19:39:52.208 +05:30  INF  Executed DbCommand (1ms) [Parameters=[@p0='?' (DbType = Int64), @p1='?' (Size = 4000), @p2='?' (DbType = Int64), @p3='?' (Size = 4000), @p4='?' (Size = 4000), @p5='?' (DbType = DateTime)], CommandType='"Text"', CommandTimeout='30']
INSERT INTO `Dealer_Bank_Details` (`Bank_Account_Number`, `Bank_Name`, `Dealer_Id`, `Ifsc_Code`, `Remarks`, `Updated_At`)
VALUES (@p0, @p1, @p2, @p3, @p4, @p5);
SELECT `Id`
FROM `Dealer_Bank_Details`
WHERE ROW_COUNT() = 1 AND `Id` = LAST_INSERT_ID();
2023-10-07 19:39:52.211 +05:30  INF  Executed DbCommand (0ms) [Parameters=[@__item_Id_0='?' (DbType = Int32)], CommandType='"Text"', CommandTimeout='30']
SELECT `d`.`Id`, `d`.`Dealer_Id`, `d`.`Material_Cost`, `d`.`Material_Date`, `d`.`Material_Name`
FROM `Dealer_Material` AS `d`
WHERE `d`.`Id` = @__item_Id_0
LIMIT 1
2023-10-07 19:39:52.213 +05:30  INF  Executed DbCommand (1ms) [Parameters=[@p4='?' (DbType = Int32), @p0='?' (DbType = Int64), @p1='?' (DbType = Single), @p2='?' (DbType = DateTime), @p3='?' (Size = 4000)], CommandType='"Text"', CommandTimeout='30']
UPDATE `Dealer_Material` SET `Dealer_Id` = @p0, `Material_Cost` = @p1, `Material_Date` = @p2, `Material_Name` = @p3
WHERE `Id` = @p4;
2023-10-07 19:39:52.213 +05:30  INF  Executed DbCommand (0ms) [Parameters=[@__item_Id_0='?' (DbType = Int32)], CommandType='"Text"', CommandTimeout='30']
SELECT `d`.`Id`, `d`.`Dealer_Id`, `d`.`Material_Cost`, `d`.`Material_Date`, `d`.`Material_Name`
FROM `Dealer_Material` AS `d`
WHERE `d`.`Id` = @__item_Id_0
LIMIT 1
2023-10-07 19:39:52.215 +05:30  INF  Executed DbCommand (1ms) [Parameters=[@p0='?' (DbType = Int64), @p1='?' (DbType = Single), @p2='?' (DbType = DateTime), @p3='?' (Size = 4000)], CommandType='"Text"', CommandTimeout='30']
INSERT INTO `Dealer_Material` (`Dealer_Id`, `Material_Cost`, `Material_Date`, `Material_Name`)
VALUES (@p0, @p1, @p2, @p3);
SELECT `Id`
FROM `Dealer_Material`
WHERE ROW_COUNT() = 1 AND `Id` = LAST_INSERT_ID();
2023-10-07 19:39:52.216 +05:30  INF  Executing OkObjectResult, writing value of type 'System.String'.
2023-10-07 19:39:52.217 +05:30  INF  Executed action DCRM.Api.Controllers.DealerController.Update (DCRM.Api) in 25.0203ms
2023-10-07 19:39:52.217 +05:30  INF  Executed endpoint 'DCRM.Api.Controllers.DealerController.Update (DCRM.Api)'
2023-10-07 19:39:52.217 +05:30  INF  Request finished HTTP/2 POST https://localhost:7069/api/Dealer/Update application/json 1356 - 200 - text/plain;+charset=utf-8 29.2526ms
2023-10-07 19:39:52.236 +05:30  INF  Request starting HTTP/2 OPTIONS https://localhost:7069/api/Dealer/GetAll - -
2023-10-07 19:39:52.236 +05:30  INF  CORS policy execution successful.
2023-10-07 19:39:52.237 +05:30  INF  Request finished HTTP/2 OPTIONS https://localhost:7069/api/Dealer/GetAll - - - 204 - - 0.2807ms
2023-10-07 19:39:52.238 +05:30  INF  Request starting HTTP/2 GET https://localhost:7069/api/Dealer/GetAll application/json -
2023-10-07 19:39:52.238 +05:30  INF  CORS policy execution successful.
2023-10-07 19:39:52.242 +05:30  INF  Executed DbCommand (1ms) [Parameters=[@__id_0='?' (DbType = Int32)], CommandType='"Text"', CommandTimeout='30']
SELECT `u`.`Id`, `u`.`About_Me`, `u`.`Account_Type`, `u`.`Address`, `u`.`Available_Days`, `u`.`Bn_Name`, `u`.`City`, `u`.`Country`, `u`.`Created_At`, `u`.`Currency`, `u`.`Degree`, `u`.`Email`, `u`.`Email_Verified`, `u`.`Enable_Appointment`, `u`.`Enable_Rating`, `u`.`Exp_Years`, `u`.`Facebook`, `u`.`Google_Analytics`, `u`.`Image`, `u`.`Instagram`, `u`.`Linkedin`, `u`.`Name`, `u`.`Parent_Id`, `u`.`Password`, `u`.`Paypal_Email`, `u`.`Paypal_Mode`, `u`.`Paypal_Payment`, `u`.`Paystack_Payment`, `u`.`Paystack_Public_Key`, `u`.`Paystack_Secret_Key`, `u`.`Phone`, `u`.`Publish_Key`, `u`.`Qr_Code`, `u`.`Razorpay_Key_Id`, `u`.`Razorpay_Key_Secret`, `u`.`Razorpay_Payment`, `u`.`Role`, `u`.`Secret_Key`, `u`.`Skype`, `u`.`Slug`, `u`.`Specialist`, `u`.`Status`, `u`.`Stripe_Payment`, `u`.`Thumb`, `u`.`Trial_Expire`, `u`.`Twitter`, `u`.`User_Name`, `u`.`User_Type`, `u`.`Verify_Code`, `u`.`Whatsapp`
FROM `Users` AS `u`
WHERE `u`.`Id` = @__id_0
LIMIT 1
2023-10-07 19:39:52.242 +05:30  INF  Executing endpoint 'DCRM.Api.Controllers.DealerController.GetAllAsync (DCRM.Api)'
2023-10-07 19:39:52.242 +05:30  INF  Route matched with {action = "GetAll", controller = "Dealer"}. Executing controller action with signature System.Threading.Tasks.Task`1[System.Collections.Generic.IEnumerable`1[DCRM.Common.Dto.DealerDto]] GetAllAsync() on controller DCRM.Api.Controllers.DealerController (DCRM.Api).
2023-10-07 19:39:52.244 +05:30  INF  Executed DbCommand (1ms) [Parameters=[@__userId_0='?' (DbType = Int64)], CommandType='"Text"', CommandTimeout='30']
SELECT `d`.`Id`, `d`.`Address_O`, `d`.`Address_R`, `d`.`City_O`, `d`.`City_R`, `d`.`Company_Name`, `d`.`Country_O`, `d`.`Country_R`, `d`.`Created_At`, `d`.`Email1`, `d`.`Email2`, `d`.`Gst_Number`, `d`.`Image`, `d`.`Is_Deleted`, `d`.`Own_Name_1`, `d`.`Own_Name_2`, `d`.`Pan_Number`, `d`.`Phone1`, `d`.`Phone2`, `d`.`Staff_Email1`, `d`.`Staff_Email2`, `d`.`Staff_Email3`, `d`.`Staff_Email4`, `d`.`Staff_Name1`, `d`.`Staff_Name2`, `d`.`Staff_Name3`, `d`.`Staff_Name4`, `d`.`Staff_Phone1`, `d`.`Staff_Phone2`, `d`.`Staff_Phone3`, `d`.`Staff_Phone4`, `d`.`Updated_At`, `d`.`User_Id`, `d`.`Zip_O`, `d`.`Zip_R`
FROM `Dealers` AS `d`
WHERE (`d`.`Is_Deleted` = 0) AND (`d`.`User_Id` = @__userId_0)
2023-10-07 19:39:52.246 +05:30  INF  Executed DbCommand (1ms) [Parameters=[@__p_0='?' (DbType = Int64)], CommandType='"Text"', CommandTimeout='30']
SELECT `d`.`Id`, `d`.`Bank_Account_Number`, `d`.`Bank_Name`, `d`.`Dealer_Id`, `d`.`Ifsc_Code`, `d`.`Remarks`, `d`.`Updated_At`
FROM `Dealer_Bank_Details` AS `d`
WHERE `d`.`Dealer_Id` = @__p_0
2023-10-07 19:39:52.247 +05:30  INF  Executed DbCommand (1ms) [Parameters=[@__p_0='?' (DbType = Int64)], CommandType='"Text"', CommandTimeout='30']
SELECT `d`.`Id`, `d`.`Dealer_Id`, `d`.`Material_Cost`, `d`.`Material_Date`, `d`.`Material_Name`
FROM `Dealer_Material` AS `d`
WHERE `d`.`Dealer_Id` = @__p_0
2023-10-07 19:39:52.247 +05:30  INF  Executing ObjectResult, writing value of type 'System.Collections.Generic.List`1[[DCRM.Common.Dto.DealerDto, DCRM.Common, Version=1.0.0.0, Culture=neutral, PublicKeyToken=null]]'.
2023-10-07 19:39:52.248 +05:30  INF  Executed action DCRM.Api.Controllers.DealerController.GetAllAsync (DCRM.Api) in 5.2794ms
2023-10-07 19:39:52.248 +05:30  INF  Executed endpoint 'DCRM.Api.Controllers.DealerController.GetAllAsync (DCRM.Api)'
2023-10-07 19:39:52.248 +05:30  INF  Request finished HTTP/2 GET https://localhost:7069/api/Dealer/GetAll application/json - - 200 - application/json;+charset=utf-8 9.5975ms
2023-10-07 19:39:55.072 +05:30  INF  Request starting HTTP/2 OPTIONS https://localhost:7069/api/Dealer/Get/30 - -
2023-10-07 19:39:55.072 +05:30  INF  CORS policy execution successful.
2023-10-07 19:39:55.072 +05:30  INF  Request finished HTTP/2 OPTIONS https://localhost:7069/api/Dealer/Get/30 - - - 204 - - 0.2892ms
2023-10-07 19:39:55.073 +05:30  INF  Request starting HTTP/2 GET https://localhost:7069/api/Dealer/Get/30 application/json -
2023-10-07 19:39:55.073 +05:30  INF  CORS policy execution successful.
2023-10-07 19:39:55.076 +05:30  INF  Executed DbCommand (1ms) [Parameters=[@__id_0='?' (DbType = Int32)], CommandType='"Text"', CommandTimeout='30']
SELECT `u`.`Id`, `u`.`About_Me`, `u`.`Account_Type`, `u`.`Address`, `u`.`Available_Days`, `u`.`Bn_Name`, `u`.`City`, `u`.`Country`, `u`.`Created_At`, `u`.`Currency`, `u`.`Degree`, `u`.`Email`, `u`.`Email_Verified`, `u`.`Enable_Appointment`, `u`.`Enable_Rating`, `u`.`Exp_Years`, `u`.`Facebook`, `u`.`Google_Analytics`, `u`.`Image`, `u`.`Instagram`, `u`.`Linkedin`, `u`.`Name`, `u`.`Parent_Id`, `u`.`Password`, `u`.`Paypal_Email`, `u`.`Paypal_Mode`, `u`.`Paypal_Payment`, `u`.`Paystack_Payment`, `u`.`Paystack_Public_Key`, `u`.`Paystack_Secret_Key`, `u`.`Phone`, `u`.`Publish_Key`, `u`.`Qr_Code`, `u`.`Razorpay_Key_Id`, `u`.`Razorpay_Key_Secret`, `u`.`Razorpay_Payment`, `u`.`Role`, `u`.`Secret_Key`, `u`.`Skype`, `u`.`Slug`, `u`.`Specialist`, `u`.`Status`, `u`.`Stripe_Payment`, `u`.`Thumb`, `u`.`Trial_Expire`, `u`.`Twitter`, `u`.`User_Name`, `u`.`User_Type`, `u`.`Verify_Code`, `u`.`Whatsapp`
FROM `Users` AS `u`
WHERE `u`.`Id` = @__id_0
LIMIT 1
2023-10-07 19:39:55.077 +05:30  INF  Executing endpoint 'DCRM.Api.Controllers.DealerController.GetAsync (DCRM.Api)'
2023-10-07 19:39:55.077 +05:30  INF  Route matched with {action = "Get", controller = "Dealer"}. Executing controller action with signature System.Threading.Tasks.Task`1[DCRM.Common.Dto.DealerDto] GetAsync(Int32) on controller DCRM.Api.Controllers.DealerController (DCRM.Api).
2023-10-07 19:39:55.078 +05:30  INF  Executed DbCommand (1ms) [Parameters=[@__id_0='?' (DbType = Int32), @__userId_1='?' (DbType = Int64)], CommandType='"Text"', CommandTimeout='30']
SELECT `d`.`Id`, `d`.`Address_O`, `d`.`Address_R`, `d`.`City_O`, `d`.`City_R`, `d`.`Company_Name`, `d`.`Country_O`, `d`.`Country_R`, `d`.`Created_At`, `d`.`Email1`, `d`.`Email2`, `d`.`Gst_Number`, `d`.`Image`, `d`.`Is_Deleted`, `d`.`Own_Name_1`, `d`.`Own_Name_2`, `d`.`Pan_Number`, `d`.`Phone1`, `d`.`Phone2`, `d`.`Staff_Email1`, `d`.`Staff_Email2`, `d`.`Staff_Email3`, `d`.`Staff_Email4`, `d`.`Staff_Name1`, `d`.`Staff_Name2`, `d`.`Staff_Name3`, `d`.`Staff_Name4`, `d`.`Staff_Phone1`, `d`.`Staff_Phone2`, `d`.`Staff_Phone3`, `d`.`Staff_Phone4`, `d`.`Updated_At`, `d`.`User_Id`, `d`.`Zip_O`, `d`.`Zip_R`
FROM `Dealers` AS `d`
WHERE ((`d`.`Id` = @__id_0) AND (`d`.`Is_Deleted` = 0)) AND (`d`.`User_Id` = @__userId_1)
LIMIT 1
2023-10-07 19:39:55.080 +05:30  INF  Executed DbCommand (0ms) [Parameters=[@__p_0='?' (DbType = Int64)], CommandType='"Text"', CommandTimeout='30']
SELECT `d`.`Id`, `d`.`Bank_Account_Number`, `d`.`Bank_Name`, `d`.`Dealer_Id`, `d`.`Ifsc_Code`, `d`.`Remarks`, `d`.`Updated_At`
FROM `Dealer_Bank_Details` AS `d`
WHERE `d`.`Dealer_Id` = @__p_0
2023-10-07 19:39:55.081 +05:30  INF  Executed DbCommand (0ms) [Parameters=[@__p_0='?' (DbType = Int64)], CommandType='"Text"', CommandTimeout='30']
SELECT `d`.`Id`, `d`.`Dealer_Id`, `d`.`Material_Cost`, `d`.`Material_Date`, `d`.`Material_Name`
FROM `Dealer_Material` AS `d`
WHERE `d`.`Dealer_Id` = @__p_0
2023-10-07 19:39:55.082 +05:30  INF  Executing ObjectResult, writing value of type 'DCRM.Common.Dto.DealerDto'.
2023-10-07 19:39:55.082 +05:30  INF  Executed action DCRM.Api.Controllers.DealerController.GetAsync (DCRM.Api) in 5.038ms
2023-10-07 19:39:55.082 +05:30  INF  Executed endpoint 'DCRM.Api.Controllers.DealerController.GetAsync (DCRM.Api)'
2023-10-07 19:39:55.082 +05:30  INF  Request finished HTTP/2 GET https://localhost:7069/api/Dealer/Get/30 application/json - - 200 - application/json;+charset=utf-8 8.8474ms
2023-10-07 19:40:13.819 +05:30  INF  Request starting HTTP/2 OPTIONS https://localhost:7069/api/Dealer/GetAll - -
2023-10-07 19:40:13.820 +05:30  INF  CORS policy execution successful.
2023-10-07 19:40:13.820 +05:30  INF  Request finished HTTP/2 OPTIONS https://localhost:7069/api/Dealer/GetAll - - - 204 - - 0.4278ms
2023-10-07 19:40:13.821 +05:30  INF  Request starting HTTP/2 GET https://localhost:7069/api/Dealer/GetAll application/json -
2023-10-07 19:40:13.821 +05:30  INF  CORS policy execution successful.
2023-10-07 19:40:13.825 +05:30  INF  Executed DbCommand (1ms) [Parameters=[@__id_0='?' (DbType = Int32)], CommandType='"Text"', CommandTimeout='30']
SELECT `u`.`Id`, `u`.`About_Me`, `u`.`Account_Type`, `u`.`Address`, `u`.`Available_Days`, `u`.`Bn_Name`, `u`.`City`, `u`.`Country`, `u`.`Created_At`, `u`.`Currency`, `u`.`Degree`, `u`.`Email`, `u`.`Email_Verified`, `u`.`Enable_Appointment`, `u`.`Enable_Rating`, `u`.`Exp_Years`, `u`.`Facebook`, `u`.`Google_Analytics`, `u`.`Image`, `u`.`Instagram`, `u`.`Linkedin`, `u`.`Name`, `u`.`Parent_Id`, `u`.`Password`, `u`.`Paypal_Email`, `u`.`Paypal_Mode`, `u`.`Paypal_Payment`, `u`.`Paystack_Payment`, `u`.`Paystack_Public_Key`, `u`.`Paystack_Secret_Key`, `u`.`Phone`, `u`.`Publish_Key`, `u`.`Qr_Code`, `u`.`Razorpay_Key_Id`, `u`.`Razorpay_Key_Secret`, `u`.`Razorpay_Payment`, `u`.`Role`, `u`.`Secret_Key`, `u`.`Skype`, `u`.`Slug`, `u`.`Specialist`, `u`.`Status`, `u`.`Stripe_Payment`, `u`.`Thumb`, `u`.`Trial_Expire`, `u`.`Twitter`, `u`.`User_Name`, `u`.`User_Type`, `u`.`Verify_Code`, `u`.`Whatsapp`
FROM `Users` AS `u`
WHERE `u`.`Id` = @__id_0
LIMIT 1
2023-10-07 19:40:13.825 +05:30  INF  Executing endpoint 'DCRM.Api.Controllers.DealerController.GetAllAsync (DCRM.Api)'
2023-10-07 19:40:13.825 +05:30  INF  Route matched with {action = "GetAll", controller = "Dealer"}. Executing controller action with signature System.Threading.Tasks.Task`1[System.Collections.Generic.IEnumerable`1[DCRM.Common.Dto.DealerDto]] GetAllAsync() on controller DCRM.Api.Controllers.DealerController (DCRM.Api).
2023-10-07 19:40:13.827 +05:30  INF  Executed DbCommand (1ms) [Parameters=[@__userId_0='?' (DbType = Int64)], CommandType='"Text"', CommandTimeout='30']
SELECT `d`.`Id`, `d`.`Address_O`, `d`.`Address_R`, `d`.`City_O`, `d`.`City_R`, `d`.`Company_Name`, `d`.`Country_O`, `d`.`Country_R`, `d`.`Created_At`, `d`.`Email1`, `d`.`Email2`, `d`.`Gst_Number`, `d`.`Image`, `d`.`Is_Deleted`, `d`.`Own_Name_1`, `d`.`Own_Name_2`, `d`.`Pan_Number`, `d`.`Phone1`, `d`.`Phone2`, `d`.`Staff_Email1`, `d`.`Staff_Email2`, `d`.`Staff_Email3`, `d`.`Staff_Email4`, `d`.`Staff_Name1`, `d`.`Staff_Name2`, `d`.`Staff_Name3`, `d`.`Staff_Name4`, `d`.`Staff_Phone1`, `d`.`Staff_Phone2`, `d`.`Staff_Phone3`, `d`.`Staff_Phone4`, `d`.`Updated_At`, `d`.`User_Id`, `d`.`Zip_O`, `d`.`Zip_R`
FROM `Dealers` AS `d`
WHERE (`d`.`Is_Deleted` = 0) AND (`d`.`User_Id` = @__userId_0)
2023-10-07 19:40:13.829 +05:30  INF  Executed DbCommand (1ms) [Parameters=[@__p_0='?' (DbType = Int64)], CommandType='"Text"', CommandTimeout='30']
SELECT `d`.`Id`, `d`.`Bank_Account_Number`, `d`.`Bank_Name`, `d`.`Dealer_Id`, `d`.`Ifsc_Code`, `d`.`Remarks`, `d`.`Updated_At`
FROM `Dealer_Bank_Details` AS `d`
WHERE `d`.`Dealer_Id` = @__p_0
2023-10-07 19:40:13.830 +05:30  INF  Executed DbCommand (1ms) [Parameters=[@__p_0='?' (DbType = Int64)], CommandType='"Text"', CommandTimeout='30']
SELECT `d`.`Id`, `d`.`Dealer_Id`, `d`.`Material_Cost`, `d`.`Material_Date`, `d`.`Material_Name`
FROM `Dealer_Material` AS `d`
WHERE `d`.`Dealer_Id` = @__p_0
2023-10-07 19:40:13.831 +05:30  INF  Executing ObjectResult, writing value of type 'System.Collections.Generic.List`1[[DCRM.Common.Dto.DealerDto, DCRM.Common, Version=1.0.0.0, Culture=neutral, PublicKeyToken=null]]'.
2023-10-07 19:40:13.831 +05:30  INF  Executed action DCRM.Api.Controllers.DealerController.GetAllAsync (DCRM.Api) in 5.7996ms
2023-10-07 19:40:13.831 +05:30  INF  Executed endpoint 'DCRM.Api.Controllers.DealerController.GetAllAsync (DCRM.Api)'
2023-10-07 19:40:13.831 +05:30  INF  Request finished HTTP/2 GET https://localhost:7069/api/Dealer/GetAll application/json - - 200 - application/json;+charset=utf-8 10.5606ms
2023-10-07 19:42:11.128 +05:30  INF  Request starting HTTP/2 OPTIONS https://localhost:7069/api/Dealer/Create - -
2023-10-07 19:42:11.128 +05:30  INF  CORS policy execution successful.
2023-10-07 19:42:11.128 +05:30  INF  Request finished HTTP/2 OPTIONS https://localhost:7069/api/Dealer/Create - - - 204 - - 0.2618ms
2023-10-07 19:42:11.129 +05:30  INF  Request starting HTTP/2 POST https://localhost:7069/api/Dealer/Create application/json 1068
2023-10-07 19:42:11.129 +05:30  INF  CORS policy execution successful.
2023-10-07 19:42:11.133 +05:30  INF  Executed DbCommand (1ms) [Parameters=[@__id_0='?' (DbType = Int32)], CommandType='"Text"', CommandTimeout='30']
SELECT `u`.`Id`, `u`.`About_Me`, `u`.`Account_Type`, `u`.`Address`, `u`.`Available_Days`, `u`.`Bn_Name`, `u`.`City`, `u`.`Country`, `u`.`Created_At`, `u`.`Currency`, `u`.`Degree`, `u`.`Email`, `u`.`Email_Verified`, `u`.`Enable_Appointment`, `u`.`Enable_Rating`, `u`.`Exp_Years`, `u`.`Facebook`, `u`.`Google_Analytics`, `u`.`Image`, `u`.`Instagram`, `u`.`Linkedin`, `u`.`Name`, `u`.`Parent_Id`, `u`.`Password`, `u`.`Paypal_Email`, `u`.`Paypal_Mode`, `u`.`Paypal_Payment`, `u`.`Paystack_Payment`, `u`.`Paystack_Public_Key`, `u`.`Paystack_Secret_Key`, `u`.`Phone`, `u`.`Publish_Key`, `u`.`Qr_Code`, `u`.`Razorpay_Key_Id`, `u`.`Razorpay_Key_Secret`, `u`.`Razorpay_Payment`, `u`.`Role`, `u`.`Secret_Key`, `u`.`Skype`, `u`.`Slug`, `u`.`Specialist`, `u`.`Status`, `u`.`Stripe_Payment`, `u`.`Thumb`, `u`.`Trial_Expire`, `u`.`Twitter`, `u`.`User_Name`, `u`.`User_Type`, `u`.`Verify_Code`, `u`.`Whatsapp`
FROM `Users` AS `u`
WHERE `u`.`Id` = @__id_0
LIMIT 1
2023-10-07 19:42:11.133 +05:30  INF  Executing endpoint 'DCRM.Api.Controllers.DealerController.Create (DCRM.Api)'
2023-10-07 19:42:11.134 +05:30  INF  Route matched with {action = "Create", controller = "Dealer"}. Executing controller action with signature System.Threading.Tasks.Task`1[Microsoft.AspNetCore.Mvc.IActionResult] Create(DCRM.Common.Entity.DealerRequest) on controller DCRM.Api.Controllers.DealerController (DCRM.Api).
2023-10-07 19:42:11.136 +05:30  INF  Executed DbCommand (1ms) [Parameters=[@__request_Company_Name_0='?' (Size = 4000)], CommandType='"Text"', CommandTimeout='30']
SELECT `d`.`Id`, `d`.`Address_O`, `d`.`Address_R`, `d`.`City_O`, `d`.`City_R`, `d`.`Company_Name`, `d`.`Country_O`, `d`.`Country_R`, `d`.`Created_At`, `d`.`Email1`, `d`.`Email2`, `d`.`Gst_Number`, `d`.`Image`, `d`.`Is_Deleted`, `d`.`Own_Name_1`, `d`.`Own_Name_2`, `d`.`Pan_Number`, `d`.`Phone1`, `d`.`Phone2`, `d`.`Staff_Email1`, `d`.`Staff_Email2`, `d`.`Staff_Email3`, `d`.`Staff_Email4`, `d`.`Staff_Name1`, `d`.`Staff_Name2`, `d`.`Staff_Name3`, `d`.`Staff_Name4`, `d`.`Staff_Phone1`, `d`.`Staff_Phone2`, `d`.`Staff_Phone3`, `d`.`Staff_Phone4`, `d`.`Updated_At`, `d`.`User_Id`, `d`.`Zip_O`, `d`.`Zip_R`
FROM `Dealers` AS `d`
WHERE `d`.`Company_Name` = @__request_Company_Name_0
LIMIT 1
2023-10-07 19:42:11.139 +05:30  INF  Executed DbCommand (1ms) [Parameters=[@p0='?' (Size = 4000), @p1='?' (Size = 4000), @p2='?' (Size = 4000), @p3='?' (Size = 4000), @p4='?' (Size = 4000), @p5='?' (Size = 4000), @p6='?' (Size = 4000), @p7='?' (DbType = DateTime), @p8='?' (Size = 4000), @p9='?' (Size = 4000), @p10='?' (Size = 4000), @p11='?' (Size = 4000), @p12='?' (DbType = SByte), @p13='?' (Size = 4000), @p14='?' (Size = 4000), @p15='?' (Size = 4000), @p16='?' (Size = 4000), @p17='?' (Size = 4000), @p18='?' (Size = 4000), @p19='?' (Size = 4000), @p20='?' (Size = 4000), @p21='?' (Size = 4000), @p22='?' (Size = 4000), @p23='?' (Size = 4000), @p24='?' (Size = 4000), @p25='?' (Size = 4000), @p26='?' (DbType = Int64), @p27='?' (DbType = Int64), @p28='?' (DbType = Int64), @p29='?' (DbType = Int64), @p30='?' (DbType = DateTime), @p31='?' (DbType = Int64), @p32='?' (Size = 4000), @p33='?' (Size = 4000)], CommandType='"Text"', CommandTimeout='30']
INSERT INTO `Dealers` (`Address_O`, `Address_R`, `City_O`, `City_R`, `Company_Name`, `Country_O`, `Country_R`, `Created_At`, `Email1`, `Email2`, `Gst_Number`, `Image`, `Is_Deleted`, `Own_Name_1`, `Own_Name_2`, `Pan_Number`, `Phone1`, `Phone2`, `Staff_Email1`, `Staff_Email2`, `Staff_Email3`, `Staff_Email4`, `Staff_Name1`, `Staff_Name2`, `Staff_Name3`, `Staff_Name4`, `Staff_Phone1`, `Staff_Phone2`, `Staff_Phone3`, `Staff_Phone4`, `Updated_At`, `User_Id`, `Zip_O`, `Zip_R`)
VALUES (@p0, @p1, @p2, @p3, @p4, @p5, @p6, @p7, @p8, @p9, @p10, @p11, @p12, @p13, @p14, @p15, @p16, @p17, @p18, @p19, @p20, @p21, @p22, @p23, @p24, @p25, @p26, @p27, @p28, @p29, @p30, @p31, @p32, @p33);
SELECT `Id`
FROM `Dealers`
WHERE ROW_COUNT() = 1 AND `Id` = LAST_INSERT_ID();
2023-10-07 19:42:11.148 +05:30  INF  Executed DbCommand (1ms) [Parameters=[@p0='?' (DbType = Int64), @p1='?' (Size = 4000), @p2='?' (DbType = Int64), @p3='?' (Size = 4000), @p4='?' (Size = 4000), @p5='?' (DbType = DateTime)], CommandType='"Text"', CommandTimeout='30']
INSERT INTO `Dealer_Bank_Details` (`Bank_Account_Number`, `Bank_Name`, `Dealer_Id`, `Ifsc_Code`, `Remarks`, `Updated_At`)
VALUES (@p0, @p1, @p2, @p3, @p4, @p5);
SELECT `Id`
FROM `Dealer_Bank_Details`
WHERE ROW_COUNT() = 1 AND `Id` = LAST_INSERT_ID();
2023-10-07 19:42:11.151 +05:30  INF  Executed DbCommand (1ms) [Parameters=[@p0='?' (DbType = Int64), @p1='?' (DbType = Single), @p2='?' (DbType = DateTime), @p3='?' (Size = 4000)], CommandType='"Text"', CommandTimeout='30']
INSERT INTO `Dealer_Material` (`Dealer_Id`, `Material_Cost`, `Material_Date`, `Material_Name`)
VALUES (@p0, @p1, @p2, @p3);
SELECT `Id`
FROM `Dealer_Material`
WHERE ROW_COUNT() = 1 AND `Id` = LAST_INSERT_ID();
2023-10-07 19:42:11.153 +05:30  INF  Executing OkObjectResult, writing value of type 'System.String'.
2023-10-07 19:42:11.153 +05:30  INF  Executed action DCRM.Api.Controllers.DealerController.Create (DCRM.Api) in 19.7551ms
2023-10-07 19:42:11.153 +05:30  INF  Executed endpoint 'DCRM.Api.Controllers.DealerController.Create (DCRM.Api)'
2023-10-07 19:42:11.154 +05:30  INF  Request finished HTTP/2 POST https://localhost:7069/api/Dealer/Create application/json 1068 - 200 - text/plain;+charset=utf-8 24.5344ms
2023-10-07 19:42:11.170 +05:30  INF  Request starting HTTP/2 OPTIONS https://localhost:7069/api/Dealer/GetAll - -
2023-10-07 19:42:11.171 +05:30  INF  CORS policy execution successful.
2023-10-07 19:42:11.171 +05:30  INF  Request finished HTTP/2 OPTIONS https://localhost:7069/api/Dealer/GetAll - - - 204 - - 0.2841ms
2023-10-07 19:42:11.172 +05:30  INF  Request starting HTTP/2 GET https://localhost:7069/api/Dealer/GetAll application/json -
2023-10-07 19:42:11.172 +05:30  INF  CORS policy execution successful.
2023-10-07 19:42:11.175 +05:30  INF  Executed DbCommand (1ms) [Parameters=[@__id_0='?' (DbType = Int32)], CommandType='"Text"', CommandTimeout='30']
SELECT `u`.`Id`, `u`.`About_Me`, `u`.`Account_Type`, `u`.`Address`, `u`.`Available_Days`, `u`.`Bn_Name`, `u`.`City`, `u`.`Country`, `u`.`Created_At`, `u`.`Currency`, `u`.`Degree`, `u`.`Email`, `u`.`Email_Verified`, `u`.`Enable_Appointment`, `u`.`Enable_Rating`, `u`.`Exp_Years`, `u`.`Facebook`, `u`.`Google_Analytics`, `u`.`Image`, `u`.`Instagram`, `u`.`Linkedin`, `u`.`Name`, `u`.`Parent_Id`, `u`.`Password`, `u`.`Paypal_Email`, `u`.`Paypal_Mode`, `u`.`Paypal_Payment`, `u`.`Paystack_Payment`, `u`.`Paystack_Public_Key`, `u`.`Paystack_Secret_Key`, `u`.`Phone`, `u`.`Publish_Key`, `u`.`Qr_Code`, `u`.`Razorpay_Key_Id`, `u`.`Razorpay_Key_Secret`, `u`.`Razorpay_Payment`, `u`.`Role`, `u`.`Secret_Key`, `u`.`Skype`, `u`.`Slug`, `u`.`Specialist`, `u`.`Status`, `u`.`Stripe_Payment`, `u`.`Thumb`, `u`.`Trial_Expire`, `u`.`Twitter`, `u`.`User_Name`, `u`.`User_Type`, `u`.`Verify_Code`, `u`.`Whatsapp`
FROM `Users` AS `u`
WHERE `u`.`Id` = @__id_0
LIMIT 1
2023-10-07 19:42:11.176 +05:30  INF  Executing endpoint 'DCRM.Api.Controllers.DealerController.GetAllAsync (DCRM.Api)'
2023-10-07 19:42:11.176 +05:30  INF  Route matched with {action = "GetAll", controller = "Dealer"}. Executing controller action with signature System.Threading.Tasks.Task`1[System.Collections.Generic.IEnumerable`1[DCRM.Common.Dto.DealerDto]] GetAllAsync() on controller DCRM.Api.Controllers.DealerController (DCRM.Api).
2023-10-07 19:42:11.178 +05:30  INF  Executed DbCommand (1ms) [Parameters=[@__userId_0='?' (DbType = Int64)], CommandType='"Text"', CommandTimeout='30']
SELECT `d`.`Id`, `d`.`Address_O`, `d`.`Address_R`, `d`.`City_O`, `d`.`City_R`, `d`.`Company_Name`, `d`.`Country_O`, `d`.`Country_R`, `d`.`Created_At`, `d`.`Email1`, `d`.`Email2`, `d`.`Gst_Number`, `d`.`Image`, `d`.`Is_Deleted`, `d`.`Own_Name_1`, `d`.`Own_Name_2`, `d`.`Pan_Number`, `d`.`Phone1`, `d`.`Phone2`, `d`.`Staff_Email1`, `d`.`Staff_Email2`, `d`.`Staff_Email3`, `d`.`Staff_Email4`, `d`.`Staff_Name1`, `d`.`Staff_Name2`, `d`.`Staff_Name3`, `d`.`Staff_Name4`, `d`.`Staff_Phone1`, `d`.`Staff_Phone2`, `d`.`Staff_Phone3`, `d`.`Staff_Phone4`, `d`.`Updated_At`, `d`.`User_Id`, `d`.`Zip_O`, `d`.`Zip_R`
FROM `Dealers` AS `d`
WHERE (`d`.`Is_Deleted` = 0) AND (`d`.`User_Id` = @__userId_0)
2023-10-07 19:42:11.180 +05:30  INF  Executed DbCommand (1ms) [Parameters=[@__p_0='?' (DbType = Int64)], CommandType='"Text"', CommandTimeout='30']
SELECT `d`.`Id`, `d`.`Bank_Account_Number`, `d`.`Bank_Name`, `d`.`Dealer_Id`, `d`.`Ifsc_Code`, `d`.`Remarks`, `d`.`Updated_At`
FROM `Dealer_Bank_Details` AS `d`
WHERE `d`.`Dealer_Id` = @__p_0
2023-10-07 19:42:11.182 +05:30  INF  Executed DbCommand (1ms) [Parameters=[@__p_0='?' (DbType = Int64)], CommandType='"Text"', CommandTimeout='30']
SELECT `d`.`Id`, `d`.`Dealer_Id`, `d`.`Material_Cost`, `d`.`Material_Date`, `d`.`Material_Name`
FROM `Dealer_Material` AS `d`
WHERE `d`.`Dealer_Id` = @__p_0
2023-10-07 19:42:11.184 +05:30  INF  Executed DbCommand (1ms) [Parameters=[@__p_0='?' (DbType = Int64)], CommandType='"Text"', CommandTimeout='30']
SELECT `d`.`Id`, `d`.`Bank_Account_Number`, `d`.`Bank_Name`, `d`.`Dealer_Id`, `d`.`Ifsc_Code`, `d`.`Remarks`, `d`.`Updated_At`
FROM `Dealer_Bank_Details` AS `d`
WHERE `d`.`Dealer_Id` = @__p_0
2023-10-07 19:42:11.186 +05:30  INF  Executed DbCommand (0ms) [Parameters=[@__p_0='?' (DbType = Int64)], CommandType='"Text"', CommandTimeout='30']
SELECT `d`.`Id`, `d`.`Dealer_Id`, `d`.`Material_Cost`, `d`.`Material_Date`, `d`.`Material_Name`
FROM `Dealer_Material` AS `d`
WHERE `d`.`Dealer_Id` = @__p_0
2023-10-07 19:42:11.186 +05:30  INF  Executing ObjectResult, writing value of type 'System.Collections.Generic.List`1[[DCRM.Common.Dto.DealerDto, DCRM.Common, Version=1.0.0.0, Culture=neutral, PublicKeyToken=null]]'.
2023-10-07 19:42:11.186 +05:30  INF  Executed action DCRM.Api.Controllers.DealerController.GetAllAsync (DCRM.Api) in 10.5104ms
2023-10-07 19:42:11.186 +05:30  INF  Executed endpoint 'DCRM.Api.Controllers.DealerController.GetAllAsync (DCRM.Api)'
2023-10-07 19:42:11.187 +05:30  INF  Request finished HTTP/2 GET https://localhost:7069/api/Dealer/GetAll application/json - - 200 - application/json;+charset=utf-8 15.0442ms
2023-10-07 19:42:47.336 +05:30  INF  Request starting HTTP/2 OPTIONS https://localhost:7069/api/Dealer/Get/31 - -
2023-10-07 19:42:47.336 +05:30  INF  CORS policy execution successful.
2023-10-07 19:42:47.337 +05:30  INF  Request finished HTTP/2 OPTIONS https://localhost:7069/api/Dealer/Get/31 - - - 204 - - 0.3238ms
2023-10-07 19:42:47.338 +05:30  INF  Request starting HTTP/2 GET https://localhost:7069/api/Dealer/Get/31 application/json -
2023-10-07 19:42:47.338 +05:30  INF  CORS policy execution successful.
2023-10-07 19:42:47.341 +05:30  INF  Executed DbCommand (1ms) [Parameters=[@__id_0='?' (DbType = Int32)], CommandType='"Text"', CommandTimeout='30']
SELECT `u`.`Id`, `u`.`About_Me`, `u`.`Account_Type`, `u`.`Address`, `u`.`Available_Days`, `u`.`Bn_Name`, `u`.`City`, `u`.`Country`, `u`.`Created_At`, `u`.`Currency`, `u`.`Degree`, `u`.`Email`, `u`.`Email_Verified`, `u`.`Enable_Appointment`, `u`.`Enable_Rating`, `u`.`Exp_Years`, `u`.`Facebook`, `u`.`Google_Analytics`, `u`.`Image`, `u`.`Instagram`, `u`.`Linkedin`, `u`.`Name`, `u`.`Parent_Id`, `u`.`Password`, `u`.`Paypal_Email`, `u`.`Paypal_Mode`, `u`.`Paypal_Payment`, `u`.`Paystack_Payment`, `u`.`Paystack_Public_Key`, `u`.`Paystack_Secret_Key`, `u`.`Phone`, `u`.`Publish_Key`, `u`.`Qr_Code`, `u`.`Razorpay_Key_Id`, `u`.`Razorpay_Key_Secret`, `u`.`Razorpay_Payment`, `u`.`Role`, `u`.`Secret_Key`, `u`.`Skype`, `u`.`Slug`, `u`.`Specialist`, `u`.`Status`, `u`.`Stripe_Payment`, `u`.`Thumb`, `u`.`Trial_Expire`, `u`.`Twitter`, `u`.`User_Name`, `u`.`User_Type`, `u`.`Verify_Code`, `u`.`Whatsapp`
FROM `Users` AS `u`
WHERE `u`.`Id` = @__id_0
LIMIT 1
2023-10-07 19:42:47.341 +05:30  INF  Executing endpoint 'DCRM.Api.Controllers.DealerController.GetAsync (DCRM.Api)'
2023-10-07 19:42:47.341 +05:30  INF  Route matched with {action = "Get", controller = "Dealer"}. Executing controller action with signature System.Threading.Tasks.Task`1[DCRM.Common.Dto.DealerDto] GetAsync(Int32) on controller DCRM.Api.Controllers.DealerController (DCRM.Api).
2023-10-07 19:42:47.342 +05:30  INF  Executed DbCommand (1ms) [Parameters=[@__id_0='?' (DbType = Int32), @__userId_1='?' (DbType = Int64)], CommandType='"Text"', CommandTimeout='30']
SELECT `d`.`Id`, `d`.`Address_O`, `d`.`Address_R`, `d`.`City_O`, `d`.`City_R`, `d`.`Company_Name`, `d`.`Country_O`, `d`.`Country_R`, `d`.`Created_At`, `d`.`Email1`, `d`.`Email2`, `d`.`Gst_Number`, `d`.`Image`, `d`.`Is_Deleted`, `d`.`Own_Name_1`, `d`.`Own_Name_2`, `d`.`Pan_Number`, `d`.`Phone1`, `d`.`Phone2`, `d`.`Staff_Email1`, `d`.`Staff_Email2`, `d`.`Staff_Email3`, `d`.`Staff_Email4`, `d`.`Staff_Name1`, `d`.`Staff_Name2`, `d`.`Staff_Name3`, `d`.`Staff_Name4`, `d`.`Staff_Phone1`, `d`.`Staff_Phone2`, `d`.`Staff_Phone3`, `d`.`Staff_Phone4`, `d`.`Updated_At`, `d`.`User_Id`, `d`.`Zip_O`, `d`.`Zip_R`
FROM `Dealers` AS `d`
WHERE ((`d`.`Id` = @__id_0) AND (`d`.`Is_Deleted` = 0)) AND (`d`.`User_Id` = @__userId_1)
LIMIT 1
2023-10-07 19:42:47.344 +05:30  INF  Executed DbCommand (0ms) [Parameters=[@__p_0='?' (DbType = Int64)], CommandType='"Text"', CommandTimeout='30']
SELECT `d`.`Id`, `d`.`Bank_Account_Number`, `d`.`Bank_Name`, `d`.`Dealer_Id`, `d`.`Ifsc_Code`, `d`.`Remarks`, `d`.`Updated_At`
FROM `Dealer_Bank_Details` AS `d`
WHERE `d`.`Dealer_Id` = @__p_0
2023-10-07 19:42:47.345 +05:30  INF  Executed DbCommand (0ms) [Parameters=[@__p_0='?' (DbType = Int64)], CommandType='"Text"', CommandTimeout='30']
SELECT `d`.`Id`, `d`.`Dealer_Id`, `d`.`Material_Cost`, `d`.`Material_Date`, `d`.`Material_Name`
FROM `Dealer_Material` AS `d`
WHERE `d`.`Dealer_Id` = @__p_0
2023-10-07 19:42:47.345 +05:30  INF  Executing ObjectResult, writing value of type 'DCRM.Common.Dto.DealerDto'.
2023-10-07 19:42:47.345 +05:30  INF  Executed action DCRM.Api.Controllers.DealerController.GetAsync (DCRM.Api) in 4.428ms
2023-10-07 19:42:47.345 +05:30  INF  Executed endpoint 'DCRM.Api.Controllers.DealerController.GetAsync (DCRM.Api)'
2023-10-07 19:42:47.346 +05:30  INF  Request finished HTTP/2 GET https://localhost:7069/api/Dealer/Get/31 application/json - - 200 - application/json;+charset=utf-8 8.0430ms
2023-10-07 19:43:14.229 +05:30  INF  Request starting HTTP/2 OPTIONS https://localhost:7069/api/Dealer/GetAll - -
2023-10-07 19:43:14.229 +05:30  INF  CORS policy execution successful.
2023-10-07 19:43:14.229 +05:30  INF  Request finished HTTP/2 OPTIONS https://localhost:7069/api/Dealer/GetAll - - - 204 - - 0.2739ms
2023-10-07 19:43:14.230 +05:30  INF  Request starting HTTP/2 GET https://localhost:7069/api/Dealer/GetAll application/json -
2023-10-07 19:43:14.230 +05:30  INF  CORS policy execution successful.
2023-10-07 19:43:14.233 +05:30  INF  Executed DbCommand (1ms) [Parameters=[@__id_0='?' (DbType = Int32)], CommandType='"Text"', CommandTimeout='30']
SELECT `u`.`Id`, `u`.`About_Me`, `u`.`Account_Type`, `u`.`Address`, `u`.`Available_Days`, `u`.`Bn_Name`, `u`.`City`, `u`.`Country`, `u`.`Created_At`, `u`.`Currency`, `u`.`Degree`, `u`.`Email`, `u`.`Email_Verified`, `u`.`Enable_Appointment`, `u`.`Enable_Rating`, `u`.`Exp_Years`, `u`.`Facebook`, `u`.`Google_Analytics`, `u`.`Image`, `u`.`Instagram`, `u`.`Linkedin`, `u`.`Name`, `u`.`Parent_Id`, `u`.`Password`, `u`.`Paypal_Email`, `u`.`Paypal_Mode`, `u`.`Paypal_Payment`, `u`.`Paystack_Payment`, `u`.`Paystack_Public_Key`, `u`.`Paystack_Secret_Key`, `u`.`Phone`, `u`.`Publish_Key`, `u`.`Qr_Code`, `u`.`Razorpay_Key_Id`, `u`.`Razorpay_Key_Secret`, `u`.`Razorpay_Payment`, `u`.`Role`, `u`.`Secret_Key`, `u`.`Skype`, `u`.`Slug`, `u`.`Specialist`, `u`.`Status`, `u`.`Stripe_Payment`, `u`.`Thumb`, `u`.`Trial_Expire`, `u`.`Twitter`, `u`.`User_Name`, `u`.`User_Type`, `u`.`Verify_Code`, `u`.`Whatsapp`
FROM `Users` AS `u`
WHERE `u`.`Id` = @__id_0
LIMIT 1
2023-10-07 19:43:14.233 +05:30  INF  Executing endpoint 'DCRM.Api.Controllers.DealerController.GetAllAsync (DCRM.Api)'
2023-10-07 19:43:14.233 +05:30  INF  Route matched with {action = "GetAll", controller = "Dealer"}. Executing controller action with signature System.Threading.Tasks.Task`1[System.Collections.Generic.IEnumerable`1[DCRM.Common.Dto.DealerDto]] GetAllAsync() on controller DCRM.Api.Controllers.DealerController (DCRM.Api).
2023-10-07 19:43:14.234 +05:30  INF  Executed DbCommand (1ms) [Parameters=[@__userId_0='?' (DbType = Int64)], CommandType='"Text"', CommandTimeout='30']
SELECT `d`.`Id`, `d`.`Address_O`, `d`.`Address_R`, `d`.`City_O`, `d`.`City_R`, `d`.`Company_Name`, `d`.`Country_O`, `d`.`Country_R`, `d`.`Created_At`, `d`.`Email1`, `d`.`Email2`, `d`.`Gst_Number`, `d`.`Image`, `d`.`Is_Deleted`, `d`.`Own_Name_1`, `d`.`Own_Name_2`, `d`.`Pan_Number`, `d`.`Phone1`, `d`.`Phone2`, `d`.`Staff_Email1`, `d`.`Staff_Email2`, `d`.`Staff_Email3`, `d`.`Staff_Email4`, `d`.`Staff_Name1`, `d`.`Staff_Name2`, `d`.`Staff_Name3`, `d`.`Staff_Name4`, `d`.`Staff_Phone1`, `d`.`Staff_Phone2`, `d`.`Staff_Phone3`, `d`.`Staff_Phone4`, `d`.`Updated_At`, `d`.`User_Id`, `d`.`Zip_O`, `d`.`Zip_R`
FROM `Dealers` AS `d`
WHERE (`d`.`Is_Deleted` = 0) AND (`d`.`User_Id` = @__userId_0)
2023-10-07 19:43:14.235 +05:30  INF  Executed DbCommand (0ms) [Parameters=[@__p_0='?' (DbType = Int64)], CommandType='"Text"', CommandTimeout='30']
SELECT `d`.`Id`, `d`.`Bank_Account_Number`, `d`.`Bank_Name`, `d`.`Dealer_Id`, `d`.`Ifsc_Code`, `d`.`Remarks`, `d`.`Updated_At`
FROM `Dealer_Bank_Details` AS `d`
WHERE `d`.`Dealer_Id` = @__p_0
2023-10-07 19:43:14.237 +05:30  INF  Executed DbCommand (1ms) [Parameters=[@__p_0='?' (DbType = Int64)], CommandType='"Text"', CommandTimeout='30']
SELECT `d`.`Id`, `d`.`Dealer_Id`, `d`.`Material_Cost`, `d`.`Material_Date`, `d`.`Material_Name`
FROM `Dealer_Material` AS `d`
WHERE `d`.`Dealer_Id` = @__p_0
2023-10-07 19:43:14.238 +05:30  INF  Executed DbCommand (0ms) [Parameters=[@__p_0='?' (DbType = Int64)], CommandType='"Text"', CommandTimeout='30']
SELECT `d`.`Id`, `d`.`Bank_Account_Number`, `d`.`Bank_Name`, `d`.`Dealer_Id`, `d`.`Ifsc_Code`, `d`.`Remarks`, `d`.`Updated_At`
FROM `Dealer_Bank_Details` AS `d`
WHERE `d`.`Dealer_Id` = @__p_0
2023-10-07 19:43:14.239 +05:30  INF  Executed DbCommand (0ms) [Parameters=[@__p_0='?' (DbType = Int64)], CommandType='"Text"', CommandTimeout='30']
SELECT `d`.`Id`, `d`.`Dealer_Id`, `d`.`Material_Cost`, `d`.`Material_Date`, `d`.`Material_Name`
FROM `Dealer_Material` AS `d`
WHERE `d`.`Dealer_Id` = @__p_0
2023-10-07 19:43:14.240 +05:30  INF  Executing ObjectResult, writing value of type 'System.Collections.Generic.List`1[[DCRM.Common.Dto.DealerDto, DCRM.Common, Version=1.0.0.0, Culture=neutral, PublicKeyToken=null]]'.
2023-10-07 19:43:14.240 +05:30  INF  Executed action DCRM.Api.Controllers.DealerController.GetAllAsync (DCRM.Api) in 6.8688ms
2023-10-07 19:43:14.240 +05:30  INF  Executed endpoint 'DCRM.Api.Controllers.DealerController.GetAllAsync (DCRM.Api)'
2023-10-07 19:43:14.240 +05:30  INF  Request finished HTTP/2 GET https://localhost:7069/api/Dealer/GetAll application/json - - 200 - application/json;+charset=utf-8 10.1243ms
2023-10-07 19:43:18.093 +05:30  INF  Request starting HTTP/2 OPTIONS https://localhost:7069/api/dealer/Get/31 - -
2023-10-07 19:43:18.093 +05:30  INF  CORS policy execution successful.
2023-10-07 19:43:18.093 +05:30  INF  Request finished HTTP/2 OPTIONS https://localhost:7069/api/dealer/Get/31 - - - 204 - - 0.2600ms
2023-10-07 19:43:18.094 +05:30  INF  Request starting HTTP/2 GET https://localhost:7069/api/dealer/Get/31 application/json -
2023-10-07 19:43:18.095 +05:30  INF  CORS policy execution successful.
2023-10-07 19:43:18.097 +05:30  INF  Executed DbCommand (1ms) [Parameters=[@__id_0='?' (DbType = Int32)], CommandType='"Text"', CommandTimeout='30']
SELECT `u`.`Id`, `u`.`About_Me`, `u`.`Account_Type`, `u`.`Address`, `u`.`Available_Days`, `u`.`Bn_Name`, `u`.`City`, `u`.`Country`, `u`.`Created_At`, `u`.`Currency`, `u`.`Degree`, `u`.`Email`, `u`.`Email_Verified`, `u`.`Enable_Appointment`, `u`.`Enable_Rating`, `u`.`Exp_Years`, `u`.`Facebook`, `u`.`Google_Analytics`, `u`.`Image`, `u`.`Instagram`, `u`.`Linkedin`, `u`.`Name`, `u`.`Parent_Id`, `u`.`Password`, `u`.`Paypal_Email`, `u`.`Paypal_Mode`, `u`.`Paypal_Payment`, `u`.`Paystack_Payment`, `u`.`Paystack_Public_Key`, `u`.`Paystack_Secret_Key`, `u`.`Phone`, `u`.`Publish_Key`, `u`.`Qr_Code`, `u`.`Razorpay_Key_Id`, `u`.`Razorpay_Key_Secret`, `u`.`Razorpay_Payment`, `u`.`Role`, `u`.`Secret_Key`, `u`.`Skype`, `u`.`Slug`, `u`.`Specialist`, `u`.`Status`, `u`.`Stripe_Payment`, `u`.`Thumb`, `u`.`Trial_Expire`, `u`.`Twitter`, `u`.`User_Name`, `u`.`User_Type`, `u`.`Verify_Code`, `u`.`Whatsapp`
FROM `Users` AS `u`
WHERE `u`.`Id` = @__id_0
LIMIT 1
2023-10-07 19:43:18.097 +05:30  INF  Executing endpoint 'DCRM.Api.Controllers.DealerController.GetAsync (DCRM.Api)'
2023-10-07 19:43:18.097 +05:30  INF  Route matched with {action = "Get", controller = "Dealer"}. Executing controller action with signature System.Threading.Tasks.Task`1[DCRM.Common.Dto.DealerDto] GetAsync(Int32) on controller DCRM.Api.Controllers.DealerController (DCRM.Api).
2023-10-07 19:43:18.099 +05:30  INF  Executed DbCommand (1ms) [Parameters=[@__id_0='?' (DbType = Int32), @__userId_1='?' (DbType = Int64)], CommandType='"Text"', CommandTimeout='30']
SELECT `d`.`Id`, `d`.`Address_O`, `d`.`Address_R`, `d`.`City_O`, `d`.`City_R`, `d`.`Company_Name`, `d`.`Country_O`, `d`.`Country_R`, `d`.`Created_At`, `d`.`Email1`, `d`.`Email2`, `d`.`Gst_Number`, `d`.`Image`, `d`.`Is_Deleted`, `d`.`Own_Name_1`, `d`.`Own_Name_2`, `d`.`Pan_Number`, `d`.`Phone1`, `d`.`Phone2`, `d`.`Staff_Email1`, `d`.`Staff_Email2`, `d`.`Staff_Email3`, `d`.`Staff_Email4`, `d`.`Staff_Name1`, `d`.`Staff_Name2`, `d`.`Staff_Name3`, `d`.`Staff_Name4`, `d`.`Staff_Phone1`, `d`.`Staff_Phone2`, `d`.`Staff_Phone3`, `d`.`Staff_Phone4`, `d`.`Updated_At`, `d`.`User_Id`, `d`.`Zip_O`, `d`.`Zip_R`
FROM `Dealers` AS `d`
WHERE ((`d`.`Id` = @__id_0) AND (`d`.`Is_Deleted` = 0)) AND (`d`.`User_Id` = @__userId_1)
LIMIT 1
2023-10-07 19:43:18.100 +05:30  INF  Executed DbCommand (0ms) [Parameters=[@__p_0='?' (DbType = Int64)], CommandType='"Text"', CommandTimeout='30']
SELECT `d`.`Id`, `d`.`Bank_Account_Number`, `d`.`Bank_Name`, `d`.`Dealer_Id`, `d`.`Ifsc_Code`, `d`.`Remarks`, `d`.`Updated_At`
FROM `Dealer_Bank_Details` AS `d`
WHERE `d`.`Dealer_Id` = @__p_0
2023-10-07 19:43:18.101 +05:30  INF  Executed DbCommand (0ms) [Parameters=[@__p_0='?' (DbType = Int64)], CommandType='"Text"', CommandTimeout='30']
SELECT `d`.`Id`, `d`.`Dealer_Id`, `d`.`Material_Cost`, `d`.`Material_Date`, `d`.`Material_Name`
FROM `Dealer_Material` AS `d`
WHERE `d`.`Dealer_Id` = @__p_0
2023-10-07 19:43:18.101 +05:30  INF  Executing ObjectResult, writing value of type 'DCRM.Common.Dto.DealerDto'.
2023-10-07 19:43:18.102 +05:30  INF  Executed action DCRM.Api.Controllers.DealerController.GetAsync (DCRM.Api) in 4.1156ms
2023-10-07 19:43:18.102 +05:30  INF  Executed endpoint 'DCRM.Api.Controllers.DealerController.GetAsync (DCRM.Api)'
2023-10-07 19:43:18.102 +05:30  INF  Request finished HTTP/2 GET https://localhost:7069/api/dealer/Get/31 application/json - - 200 - application/json;+charset=utf-8 7.2025ms
2023-10-07 19:43:23.576 +05:30  INF  Request starting HTTP/2 OPTIONS https://localhost:7069/api/Dealer/GetAll - -
2023-10-07 19:43:23.576 +05:30  INF  CORS policy execution successful.
2023-10-07 19:43:23.576 +05:30  INF  Request finished HTTP/2 OPTIONS https://localhost:7069/api/Dealer/GetAll - - - 204 - - 0.2995ms
2023-10-07 19:43:23.577 +05:30  INF  Request starting HTTP/2 GET https://localhost:7069/api/Dealer/GetAll application/json -
2023-10-07 19:43:23.577 +05:30  INF  CORS policy execution successful.
2023-10-07 19:43:23.580 +05:30  INF  Executed DbCommand (1ms) [Parameters=[@__id_0='?' (DbType = Int32)], CommandType='"Text"', CommandTimeout='30']
SELECT `u`.`Id`, `u`.`About_Me`, `u`.`Account_Type`, `u`.`Address`, `u`.`Available_Days`, `u`.`Bn_Name`, `u`.`City`, `u`.`Country`, `u`.`Created_At`, `u`.`Currency`, `u`.`Degree`, `u`.`Email`, `u`.`Email_Verified`, `u`.`Enable_Appointment`, `u`.`Enable_Rating`, `u`.`Exp_Years`, `u`.`Facebook`, `u`.`Google_Analytics`, `u`.`Image`, `u`.`Instagram`, `u`.`Linkedin`, `u`.`Name`, `u`.`Parent_Id`, `u`.`Password`, `u`.`Paypal_Email`, `u`.`Paypal_Mode`, `u`.`Paypal_Payment`, `u`.`Paystack_Payment`, `u`.`Paystack_Public_Key`, `u`.`Paystack_Secret_Key`, `u`.`Phone`, `u`.`Publish_Key`, `u`.`Qr_Code`, `u`.`Razorpay_Key_Id`, `u`.`Razorpay_Key_Secret`, `u`.`Razorpay_Payment`, `u`.`Role`, `u`.`Secret_Key`, `u`.`Skype`, `u`.`Slug`, `u`.`Specialist`, `u`.`Status`, `u`.`Stripe_Payment`, `u`.`Thumb`, `u`.`Trial_Expire`, `u`.`Twitter`, `u`.`User_Name`, `u`.`User_Type`, `u`.`Verify_Code`, `u`.`Whatsapp`
FROM `Users` AS `u`
WHERE `u`.`Id` = @__id_0
LIMIT 1
2023-10-07 19:43:23.580 +05:30  INF  Executing endpoint 'DCRM.Api.Controllers.DealerController.GetAllAsync (DCRM.Api)'
2023-10-07 19:43:23.580 +05:30  INF  Route matched with {action = "GetAll", controller = "Dealer"}. Executing controller action with signature System.Threading.Tasks.Task`1[System.Collections.Generic.IEnumerable`1[DCRM.Common.Dto.DealerDto]] GetAllAsync() on controller DCRM.Api.Controllers.DealerController (DCRM.Api).
2023-10-07 19:43:23.581 +05:30  INF  Executed DbCommand (1ms) [Parameters=[@__userId_0='?' (DbType = Int64)], CommandType='"Text"', CommandTimeout='30']
SELECT `d`.`Id`, `d`.`Address_O`, `d`.`Address_R`, `d`.`City_O`, `d`.`City_R`, `d`.`Company_Name`, `d`.`Country_O`, `d`.`Country_R`, `d`.`Created_At`, `d`.`Email1`, `d`.`Email2`, `d`.`Gst_Number`, `d`.`Image`, `d`.`Is_Deleted`, `d`.`Own_Name_1`, `d`.`Own_Name_2`, `d`.`Pan_Number`, `d`.`Phone1`, `d`.`Phone2`, `d`.`Staff_Email1`, `d`.`Staff_Email2`, `d`.`Staff_Email3`, `d`.`Staff_Email4`, `d`.`Staff_Name1`, `d`.`Staff_Name2`, `d`.`Staff_Name3`, `d`.`Staff_Name4`, `d`.`Staff_Phone1`, `d`.`Staff_Phone2`, `d`.`Staff_Phone3`, `d`.`Staff_Phone4`, `d`.`Updated_At`, `d`.`User_Id`, `d`.`Zip_O`, `d`.`Zip_R`
FROM `Dealers` AS `d`
WHERE (`d`.`Is_Deleted` = 0) AND (`d`.`User_Id` = @__userId_0)
2023-10-07 19:43:23.582 +05:30  INF  Executed DbCommand (0ms) [Parameters=[@__p_0='?' (DbType = Int64)], CommandType='"Text"', CommandTimeout='30']
SELECT `d`.`Id`, `d`.`Bank_Account_Number`, `d`.`Bank_Name`, `d`.`Dealer_Id`, `d`.`Ifsc_Code`, `d`.`Remarks`, `d`.`Updated_At`
FROM `Dealer_Bank_Details` AS `d`
WHERE `d`.`Dealer_Id` = @__p_0
2023-10-07 19:43:23.583 +05:30  INF  Executed DbCommand (0ms) [Parameters=[@__p_0='?' (DbType = Int64)], CommandType='"Text"', CommandTimeout='30']
SELECT `d`.`Id`, `d`.`Dealer_Id`, `d`.`Material_Cost`, `d`.`Material_Date`, `d`.`Material_Name`
FROM `Dealer_Material` AS `d`
WHERE `d`.`Dealer_Id` = @__p_0
2023-10-07 19:43:23.584 +05:30  INF  Executed DbCommand (0ms) [Parameters=[@__p_0='?' (DbType = Int64)], CommandType='"Text"', CommandTimeout='30']
SELECT `d`.`Id`, `d`.`Bank_Account_Number`, `d`.`Bank_Name`, `d`.`Dealer_Id`, `d`.`Ifsc_Code`, `d`.`Remarks`, `d`.`Updated_At`
FROM `Dealer_Bank_Details` AS `d`
WHERE `d`.`Dealer_Id` = @__p_0
2023-10-07 19:43:23.586 +05:30  INF  Executed DbCommand (0ms) [Parameters=[@__p_0='?' (DbType = Int64)], CommandType='"Text"', CommandTimeout='30']
SELECT `d`.`Id`, `d`.`Dealer_Id`, `d`.`Material_Cost`, `d`.`Material_Date`, `d`.`Material_Name`
FROM `Dealer_Material` AS `d`
WHERE `d`.`Dealer_Id` = @__p_0
2023-10-07 19:43:23.586 +05:30  INF  Executing ObjectResult, writing value of type 'System.Collections.Generic.List`1[[DCRM.Common.Dto.DealerDto, DCRM.Common, Version=1.0.0.0, Culture=neutral, PublicKeyToken=null]]'.
2023-10-07 19:43:23.586 +05:30  INF  Executed action DCRM.Api.Controllers.DealerController.GetAllAsync (DCRM.Api) in 6.1892ms
2023-10-07 19:43:23.586 +05:30  INF  Executed endpoint 'DCRM.Api.Controllers.DealerController.GetAllAsync (DCRM.Api)'
2023-10-07 19:43:23.586 +05:30  INF  Request finished HTTP/2 GET https://localhost:7069/api/Dealer/GetAll application/json - - 200 - application/json;+charset=utf-8 9.0299ms
2023-10-07 19:43:25.529 +05:30  INF  Request starting HTTP/2 OPTIONS https://localhost:7069/api/dealer/Get/30 - -
2023-10-07 19:43:25.529 +05:30  INF  CORS policy execution successful.
2023-10-07 19:43:25.529 +05:30  INF  Request finished HTTP/2 OPTIONS https://localhost:7069/api/dealer/Get/30 - - - 204 - - 0.2458ms
2023-10-07 19:43:25.530 +05:30  INF  Request starting HTTP/2 GET https://localhost:7069/api/dealer/Get/30 application/json -
2023-10-07 19:43:25.530 +05:30  INF  CORS policy execution successful.
2023-10-07 19:43:25.532 +05:30  INF  Executed DbCommand (1ms) [Parameters=[@__id_0='?' (DbType = Int32)], CommandType='"Text"', CommandTimeout='30']
SELECT `u`.`Id`, `u`.`About_Me`, `u`.`Account_Type`, `u`.`Address`, `u`.`Available_Days`, `u`.`Bn_Name`, `u`.`City`, `u`.`Country`, `u`.`Created_At`, `u`.`Currency`, `u`.`Degree`, `u`.`Email`, `u`.`Email_Verified`, `u`.`Enable_Appointment`, `u`.`Enable_Rating`, `u`.`Exp_Years`, `u`.`Facebook`, `u`.`Google_Analytics`, `u`.`Image`, `u`.`Instagram`, `u`.`Linkedin`, `u`.`Name`, `u`.`Parent_Id`, `u`.`Password`, `u`.`Paypal_Email`, `u`.`Paypal_Mode`, `u`.`Paypal_Payment`, `u`.`Paystack_Payment`, `u`.`Paystack_Public_Key`, `u`.`Paystack_Secret_Key`, `u`.`Phone`, `u`.`Publish_Key`, `u`.`Qr_Code`, `u`.`Razorpay_Key_Id`, `u`.`Razorpay_Key_Secret`, `u`.`Razorpay_Payment`, `u`.`Role`, `u`.`Secret_Key`, `u`.`Skype`, `u`.`Slug`, `u`.`Specialist`, `u`.`Status`, `u`.`Stripe_Payment`, `u`.`Thumb`, `u`.`Trial_Expire`, `u`.`Twitter`, `u`.`User_Name`, `u`.`User_Type`, `u`.`Verify_Code`, `u`.`Whatsapp`
FROM `Users` AS `u`
WHERE `u`.`Id` = @__id_0
LIMIT 1
2023-10-07 19:43:25.533 +05:30  INF  Executing endpoint 'DCRM.Api.Controllers.DealerController.GetAsync (DCRM.Api)'
2023-10-07 19:43:25.533 +05:30  INF  Route matched with {action = "Get", controller = "Dealer"}. Executing controller action with signature System.Threading.Tasks.Task`1[DCRM.Common.Dto.DealerDto] GetAsync(Int32) on controller DCRM.Api.Controllers.DealerController (DCRM.Api).
2023-10-07 19:43:25.534 +05:30  INF  Executed DbCommand (1ms) [Parameters=[@__id_0='?' (DbType = Int32), @__userId_1='?' (DbType = Int64)], CommandType='"Text"', CommandTimeout='30']
SELECT `d`.`Id`, `d`.`Address_O`, `d`.`Address_R`, `d`.`City_O`, `d`.`City_R`, `d`.`Company_Name`, `d`.`Country_O`, `d`.`Country_R`, `d`.`Created_At`, `d`.`Email1`, `d`.`Email2`, `d`.`Gst_Number`, `d`.`Image`, `d`.`Is_Deleted`, `d`.`Own_Name_1`, `d`.`Own_Name_2`, `d`.`Pan_Number`, `d`.`Phone1`, `d`.`Phone2`, `d`.`Staff_Email1`, `d`.`Staff_Email2`, `d`.`Staff_Email3`, `d`.`Staff_Email4`, `d`.`Staff_Name1`, `d`.`Staff_Name2`, `d`.`Staff_Name3`, `d`.`Staff_Name4`, `d`.`Staff_Phone1`, `d`.`Staff_Phone2`, `d`.`Staff_Phone3`, `d`.`Staff_Phone4`, `d`.`Updated_At`, `d`.`User_Id`, `d`.`Zip_O`, `d`.`Zip_R`
FROM `Dealers` AS `d`
WHERE ((`d`.`Id` = @__id_0) AND (`d`.`Is_Deleted` = 0)) AND (`d`.`User_Id` = @__userId_1)
LIMIT 1
2023-10-07 19:43:25.536 +05:30  INF  Executed DbCommand (0ms) [Parameters=[@__p_0='?' (DbType = Int64)], CommandType='"Text"', CommandTimeout='30']
SELECT `d`.`Id`, `d`.`Bank_Account_Number`, `d`.`Bank_Name`, `d`.`Dealer_Id`, `d`.`Ifsc_Code`, `d`.`Remarks`, `d`.`Updated_At`
FROM `Dealer_Bank_Details` AS `d`
WHERE `d`.`Dealer_Id` = @__p_0
2023-10-07 19:43:25.537 +05:30  INF  Executed DbCommand (0ms) [Parameters=[@__p_0='?' (DbType = Int64)], CommandType='"Text"', CommandTimeout='30']
SELECT `d`.`Id`, `d`.`Dealer_Id`, `d`.`Material_Cost`, `d`.`Material_Date`, `d`.`Material_Name`
FROM `Dealer_Material` AS `d`
WHERE `d`.`Dealer_Id` = @__p_0
2023-10-07 19:43:25.537 +05:30  INF  Executing ObjectResult, writing value of type 'DCRM.Common.Dto.DealerDto'.
2023-10-07 19:43:25.538 +05:30  INF  Executed action DCRM.Api.Controllers.DealerController.GetAsync (DCRM.Api) in 4.7688ms
2023-10-07 19:43:25.538 +05:30  INF  Executed endpoint 'DCRM.Api.Controllers.DealerController.GetAsync (DCRM.Api)'
2023-10-07 19:43:25.538 +05:30  INF  Request finished HTTP/2 GET https://localhost:7069/api/dealer/Get/30 application/json - - 200 - application/json;+charset=utf-8 7.7303ms
2023-10-07 19:43:45.010 +05:30  INF  Request starting HTTP/2 OPTIONS https://localhost:7069/api/Dealer/GetAll - -
2023-10-07 19:43:45.010 +05:30  INF  CORS policy execution successful.
2023-10-07 19:43:45.011 +05:30  INF  Request finished HTTP/2 OPTIONS https://localhost:7069/api/Dealer/GetAll - - - 204 - - 0.3678ms
2023-10-07 19:43:45.011 +05:30  INF  Request starting HTTP/2 GET https://localhost:7069/api/Dealer/GetAll application/json -
2023-10-07 19:43:45.012 +05:30  INF  CORS policy execution successful.
2023-10-07 19:43:45.015 +05:30  INF  Executed DbCommand (1ms) [Parameters=[@__id_0='?' (DbType = Int32)], CommandType='"Text"', CommandTimeout='30']
SELECT `u`.`Id`, `u`.`About_Me`, `u`.`Account_Type`, `u`.`Address`, `u`.`Available_Days`, `u`.`Bn_Name`, `u`.`City`, `u`.`Country`, `u`.`Created_At`, `u`.`Currency`, `u`.`Degree`, `u`.`Email`, `u`.`Email_Verified`, `u`.`Enable_Appointment`, `u`.`Enable_Rating`, `u`.`Exp_Years`, `u`.`Facebook`, `u`.`Google_Analytics`, `u`.`Image`, `u`.`Instagram`, `u`.`Linkedin`, `u`.`Name`, `u`.`Parent_Id`, `u`.`Password`, `u`.`Paypal_Email`, `u`.`Paypal_Mode`, `u`.`Paypal_Payment`, `u`.`Paystack_Payment`, `u`.`Paystack_Public_Key`, `u`.`Paystack_Secret_Key`, `u`.`Phone`, `u`.`Publish_Key`, `u`.`Qr_Code`, `u`.`Razorpay_Key_Id`, `u`.`Razorpay_Key_Secret`, `u`.`Razorpay_Payment`, `u`.`Role`, `u`.`Secret_Key`, `u`.`Skype`, `u`.`Slug`, `u`.`Specialist`, `u`.`Status`, `u`.`Stripe_Payment`, `u`.`Thumb`, `u`.`Trial_Expire`, `u`.`Twitter`, `u`.`User_Name`, `u`.`User_Type`, `u`.`Verify_Code`, `u`.`Whatsapp`
FROM `Users` AS `u`
WHERE `u`.`Id` = @__id_0
LIMIT 1
2023-10-07 19:43:45.016 +05:30  INF  Executing endpoint 'DCRM.Api.Controllers.DealerController.GetAllAsync (DCRM.Api)'
2023-10-07 19:43:45.016 +05:30  INF  Route matched with {action = "GetAll", controller = "Dealer"}. Executing controller action with signature System.Threading.Tasks.Task`1[System.Collections.Generic.IEnumerable`1[DCRM.Common.Dto.DealerDto]] GetAllAsync() on controller DCRM.Api.Controllers.DealerController (DCRM.Api).
2023-10-07 19:43:45.018 +05:30  INF  Executed DbCommand (1ms) [Parameters=[@__userId_0='?' (DbType = Int64)], CommandType='"Text"', CommandTimeout='30']
SELECT `d`.`Id`, `d`.`Address_O`, `d`.`Address_R`, `d`.`City_O`, `d`.`City_R`, `d`.`Company_Name`, `d`.`Country_O`, `d`.`Country_R`, `d`.`Created_At`, `d`.`Email1`, `d`.`Email2`, `d`.`Gst_Number`, `d`.`Image`, `d`.`Is_Deleted`, `d`.`Own_Name_1`, `d`.`Own_Name_2`, `d`.`Pan_Number`, `d`.`Phone1`, `d`.`Phone2`, `d`.`Staff_Email1`, `d`.`Staff_Email2`, `d`.`Staff_Email3`, `d`.`Staff_Email4`, `d`.`Staff_Name1`, `d`.`Staff_Name2`, `d`.`Staff_Name3`, `d`.`Staff_Name4`, `d`.`Staff_Phone1`, `d`.`Staff_Phone2`, `d`.`Staff_Phone3`, `d`.`Staff_Phone4`, `d`.`Updated_At`, `d`.`User_Id`, `d`.`Zip_O`, `d`.`Zip_R`
FROM `Dealers` AS `d`
WHERE (`d`.`Is_Deleted` = 0) AND (`d`.`User_Id` = @__userId_0)
2023-10-07 19:43:45.021 +05:30  INF  Executed DbCommand (1ms) [Parameters=[@__p_0='?' (DbType = Int64)], CommandType='"Text"', CommandTimeout='30']
SELECT `d`.`Id`, `d`.`Bank_Account_Number`, `d`.`Bank_Name`, `d`.`Dealer_Id`, `d`.`Ifsc_Code`, `d`.`Remarks`, `d`.`Updated_At`
FROM `Dealer_Bank_Details` AS `d`
WHERE `d`.`Dealer_Id` = @__p_0
2023-10-07 19:43:45.022 +05:30  INF  Executed DbCommand (1ms) [Parameters=[@__p_0='?' (DbType = Int64)], CommandType='"Text"', CommandTimeout='30']
SELECT `d`.`Id`, `d`.`Dealer_Id`, `d`.`Material_Cost`, `d`.`Material_Date`, `d`.`Material_Name`
FROM `Dealer_Material` AS `d`
WHERE `d`.`Dealer_Id` = @__p_0
2023-10-07 19:43:45.024 +05:30  INF  Executed DbCommand (1ms) [Parameters=[@__p_0='?' (DbType = Int64)], CommandType='"Text"', CommandTimeout='30']
SELECT `d`.`Id`, `d`.`Bank_Account_Number`, `d`.`Bank_Name`, `d`.`Dealer_Id`, `d`.`Ifsc_Code`, `d`.`Remarks`, `d`.`Updated_At`
FROM `Dealer_Bank_Details` AS `d`
WHERE `d`.`Dealer_Id` = @__p_0
2023-10-07 19:43:45.025 +05:30  INF  Executed DbCommand (0ms) [Parameters=[@__p_0='?' (DbType = Int64)], CommandType='"Text"', CommandTimeout='30']
SELECT `d`.`Id`, `d`.`Dealer_Id`, `d`.`Material_Cost`, `d`.`Material_Date`, `d`.`Material_Name`
FROM `Dealer_Material` AS `d`
WHERE `d`.`Dealer_Id` = @__p_0
2023-10-07 19:43:45.026 +05:30  INF  Executing ObjectResult, writing value of type 'System.Collections.Generic.List`1[[DCRM.Common.Dto.DealerDto, DCRM.Common, Version=1.0.0.0, Culture=neutral, PublicKeyToken=null]]'.
2023-10-07 19:43:45.026 +05:30  INF  Executed action DCRM.Api.Controllers.DealerController.GetAllAsync (DCRM.Api) in 10.079ms
2023-10-07 19:43:45.026 +05:30  INF  Executed endpoint 'DCRM.Api.Controllers.DealerController.GetAllAsync (DCRM.Api)'
2023-10-07 19:43:45.026 +05:30  INF  Request finished HTTP/2 GET https://localhost:7069/api/Dealer/GetAll application/json - - 200 - application/json;+charset=utf-8 14.5168ms
2023-10-07 19:43:47.839 +05:30  INF  Request starting HTTP/2 OPTIONS https://localhost:7069/api/dealer/Get/30 - -
2023-10-07 19:43:47.839 +05:30  INF  CORS policy execution successful.
2023-10-07 19:43:47.839 +05:30  INF  Request finished HTTP/2 OPTIONS https://localhost:7069/api/dealer/Get/30 - - - 204 - - 0.3031ms
2023-10-07 19:43:47.840 +05:30  INF  Request starting HTTP/2 GET https://localhost:7069/api/dealer/Get/30 application/json -
2023-10-07 19:43:47.840 +05:30  INF  CORS policy execution successful.
2023-10-07 19:43:47.843 +05:30  INF  Executed DbCommand (1ms) [Parameters=[@__id_0='?' (DbType = Int32)], CommandType='"Text"', CommandTimeout='30']
SELECT `u`.`Id`, `u`.`About_Me`, `u`.`Account_Type`, `u`.`Address`, `u`.`Available_Days`, `u`.`Bn_Name`, `u`.`City`, `u`.`Country`, `u`.`Created_At`, `u`.`Currency`, `u`.`Degree`, `u`.`Email`, `u`.`Email_Verified`, `u`.`Enable_Appointment`, `u`.`Enable_Rating`, `u`.`Exp_Years`, `u`.`Facebook`, `u`.`Google_Analytics`, `u`.`Image`, `u`.`Instagram`, `u`.`Linkedin`, `u`.`Name`, `u`.`Parent_Id`, `u`.`Password`, `u`.`Paypal_Email`, `u`.`Paypal_Mode`, `u`.`Paypal_Payment`, `u`.`Paystack_Payment`, `u`.`Paystack_Public_Key`, `u`.`Paystack_Secret_Key`, `u`.`Phone`, `u`.`Publish_Key`, `u`.`Qr_Code`, `u`.`Razorpay_Key_Id`, `u`.`Razorpay_Key_Secret`, `u`.`Razorpay_Payment`, `u`.`Role`, `u`.`Secret_Key`, `u`.`Skype`, `u`.`Slug`, `u`.`Specialist`, `u`.`Status`, `u`.`Stripe_Payment`, `u`.`Thumb`, `u`.`Trial_Expire`, `u`.`Twitter`, `u`.`User_Name`, `u`.`User_Type`, `u`.`Verify_Code`, `u`.`Whatsapp`
FROM `Users` AS `u`
WHERE `u`.`Id` = @__id_0
LIMIT 1
2023-10-07 19:43:47.844 +05:30  INF  Executing endpoint 'DCRM.Api.Controllers.DealerController.GetAsync (DCRM.Api)'
2023-10-07 19:43:47.844 +05:30  INF  Route matched with {action = "Get", controller = "Dealer"}. Executing controller action with signature System.Threading.Tasks.Task`1[DCRM.Common.Dto.DealerDto] GetAsync(Int32) on controller DCRM.Api.Controllers.DealerController (DCRM.Api).
2023-10-07 19:43:47.845 +05:30  INF  Executed DbCommand (1ms) [Parameters=[@__id_0='?' (DbType = Int32), @__userId_1='?' (DbType = Int64)], CommandType='"Text"', CommandTimeout='30']
SELECT `d`.`Id`, `d`.`Address_O`, `d`.`Address_R`, `d`.`City_O`, `d`.`City_R`, `d`.`Company_Name`, `d`.`Country_O`, `d`.`Country_R`, `d`.`Created_At`, `d`.`Email1`, `d`.`Email2`, `d`.`Gst_Number`, `d`.`Image`, `d`.`Is_Deleted`, `d`.`Own_Name_1`, `d`.`Own_Name_2`, `d`.`Pan_Number`, `d`.`Phone1`, `d`.`Phone2`, `d`.`Staff_Email1`, `d`.`Staff_Email2`, `d`.`Staff_Email3`, `d`.`Staff_Email4`, `d`.`Staff_Name1`, `d`.`Staff_Name2`, `d`.`Staff_Name3`, `d`.`Staff_Name4`, `d`.`Staff_Phone1`, `d`.`Staff_Phone2`, `d`.`Staff_Phone3`, `d`.`Staff_Phone4`, `d`.`Updated_At`, `d`.`User_Id`, `d`.`Zip_O`, `d`.`Zip_R`
FROM `Dealers` AS `d`
WHERE ((`d`.`Id` = @__id_0) AND (`d`.`Is_Deleted` = 0)) AND (`d`.`User_Id` = @__userId_1)
LIMIT 1
2023-10-07 19:43:47.847 +05:30  INF  Executed DbCommand (1ms) [Parameters=[@__p_0='?' (DbType = Int64)], CommandType='"Text"', CommandTimeout='30']
SELECT `d`.`Id`, `d`.`Bank_Account_Number`, `d`.`Bank_Name`, `d`.`Dealer_Id`, `d`.`Ifsc_Code`, `d`.`Remarks`, `d`.`Updated_At`
FROM `Dealer_Bank_Details` AS `d`
WHERE `d`.`Dealer_Id` = @__p_0
2023-10-07 19:43:47.848 +05:30  INF  Executed DbCommand (0ms) [Parameters=[@__p_0='?' (DbType = Int64)], CommandType='"Text"', CommandTimeout='30']
SELECT `d`.`Id`, `d`.`Dealer_Id`, `d`.`Material_Cost`, `d`.`Material_Date`, `d`.`Material_Name`
FROM `Dealer_Material` AS `d`
WHERE `d`.`Dealer_Id` = @__p_0
2023-10-07 19:43:47.848 +05:30  INF  Executing ObjectResult, writing value of type 'DCRM.Common.Dto.DealerDto'.
2023-10-07 19:43:47.848 +05:30  INF  Executed action DCRM.Api.Controllers.DealerController.GetAsync (DCRM.Api) in 4.4007ms
2023-10-07 19:43:47.848 +05:30  INF  Executed endpoint 'DCRM.Api.Controllers.DealerController.GetAsync (DCRM.Api)'
2023-10-07 19:43:47.848 +05:30  INF  Request finished HTTP/2 GET https://localhost:7069/api/dealer/Get/30 application/json - - 200 - application/json;+charset=utf-8 7.8708ms
2023-10-07 19:44:25.373 +05:30  INF  Request starting HTTP/2 OPTIONS https://localhost:7069/api/Dealer/GetAll - -
2023-10-07 19:44:25.373 +05:30  INF  CORS policy execution successful.
2023-10-07 19:44:25.373 +05:30  INF  Request finished HTTP/2 OPTIONS https://localhost:7069/api/Dealer/GetAll - - - 204 - - 0.4046ms
2023-10-07 19:44:25.374 +05:30  INF  Request starting HTTP/2 GET https://localhost:7069/api/Dealer/GetAll application/json -
2023-10-07 19:44:25.374 +05:30  INF  CORS policy execution successful.
2023-10-07 19:44:25.377 +05:30  INF  Executed DbCommand (1ms) [Parameters=[@__id_0='?' (DbType = Int32)], CommandType='"Text"', CommandTimeout='30']
SELECT `u`.`Id`, `u`.`About_Me`, `u`.`Account_Type`, `u`.`Address`, `u`.`Available_Days`, `u`.`Bn_Name`, `u`.`City`, `u`.`Country`, `u`.`Created_At`, `u`.`Currency`, `u`.`Degree`, `u`.`Email`, `u`.`Email_Verified`, `u`.`Enable_Appointment`, `u`.`Enable_Rating`, `u`.`Exp_Years`, `u`.`Facebook`, `u`.`Google_Analytics`, `u`.`Image`, `u`.`Instagram`, `u`.`Linkedin`, `u`.`Name`, `u`.`Parent_Id`, `u`.`Password`, `u`.`Paypal_Email`, `u`.`Paypal_Mode`, `u`.`Paypal_Payment`, `u`.`Paystack_Payment`, `u`.`Paystack_Public_Key`, `u`.`Paystack_Secret_Key`, `u`.`Phone`, `u`.`Publish_Key`, `u`.`Qr_Code`, `u`.`Razorpay_Key_Id`, `u`.`Razorpay_Key_Secret`, `u`.`Razorpay_Payment`, `u`.`Role`, `u`.`Secret_Key`, `u`.`Skype`, `u`.`Slug`, `u`.`Specialist`, `u`.`Status`, `u`.`Stripe_Payment`, `u`.`Thumb`, `u`.`Trial_Expire`, `u`.`Twitter`, `u`.`User_Name`, `u`.`User_Type`, `u`.`Verify_Code`, `u`.`Whatsapp`
FROM `Users` AS `u`
WHERE `u`.`Id` = @__id_0
LIMIT 1
2023-10-07 19:44:25.378 +05:30  INF  Executing endpoint 'DCRM.Api.Controllers.DealerController.GetAllAsync (DCRM.Api)'
2023-10-07 19:44:25.378 +05:30  INF  Route matched with {action = "GetAll", controller = "Dealer"}. Executing controller action with signature System.Threading.Tasks.Task`1[System.Collections.Generic.IEnumerable`1[DCRM.Common.Dto.DealerDto]] GetAllAsync() on controller DCRM.Api.Controllers.DealerController (DCRM.Api).
2023-10-07 19:44:25.380 +05:30  INF  Executed DbCommand (1ms) [Parameters=[@__userId_0='?' (DbType = Int64)], CommandType='"Text"', CommandTimeout='30']
SELECT `d`.`Id`, `d`.`Address_O`, `d`.`Address_R`, `d`.`City_O`, `d`.`City_R`, `d`.`Company_Name`, `d`.`Country_O`, `d`.`Country_R`, `d`.`Created_At`, `d`.`Email1`, `d`.`Email2`, `d`.`Gst_Number`, `d`.`Image`, `d`.`Is_Deleted`, `d`.`Own_Name_1`, `d`.`Own_Name_2`, `d`.`Pan_Number`, `d`.`Phone1`, `d`.`Phone2`, `d`.`Staff_Email1`, `d`.`Staff_Email2`, `d`.`Staff_Email3`, `d`.`Staff_Email4`, `d`.`Staff_Name1`, `d`.`Staff_Name2`, `d`.`Staff_Name3`, `d`.`Staff_Name4`, `d`.`Staff_Phone1`, `d`.`Staff_Phone2`, `d`.`Staff_Phone3`, `d`.`Staff_Phone4`, `d`.`Updated_At`, `d`.`User_Id`, `d`.`Zip_O`, `d`.`Zip_R`
FROM `Dealers` AS `d`
WHERE (`d`.`Is_Deleted` = 0) AND (`d`.`User_Id` = @__userId_0)
2023-10-07 19:44:25.383 +05:30  INF  Executed DbCommand (1ms) [Parameters=[@__p_0='?' (DbType = Int64)], CommandType='"Text"', CommandTimeout='30']
SELECT `d`.`Id`, `d`.`Bank_Account_Number`, `d`.`Bank_Name`, `d`.`Dealer_Id`, `d`.`Ifsc_Code`, `d`.`Remarks`, `d`.`Updated_At`
FROM `Dealer_Bank_Details` AS `d`
WHERE `d`.`Dealer_Id` = @__p_0
2023-10-07 19:44:25.385 +05:30  INF  Executed DbCommand (1ms) [Parameters=[@__p_0='?' (DbType = Int64)], CommandType='"Text"', CommandTimeout='30']
SELECT `d`.`Id`, `d`.`Dealer_Id`, `d`.`Material_Cost`, `d`.`Material_Date`, `d`.`Material_Name`
FROM `Dealer_Material` AS `d`
WHERE `d`.`Dealer_Id` = @__p_0
2023-10-07 19:44:25.386 +05:30  INF  Executed DbCommand (1ms) [Parameters=[@__p_0='?' (DbType = Int64)], CommandType='"Text"', CommandTimeout='30']
SELECT `d`.`Id`, `d`.`Bank_Account_Number`, `d`.`Bank_Name`, `d`.`Dealer_Id`, `d`.`Ifsc_Code`, `d`.`Remarks`, `d`.`Updated_At`
FROM `Dealer_Bank_Details` AS `d`
WHERE `d`.`Dealer_Id` = @__p_0
2023-10-07 19:44:25.388 +05:30  INF  Executed DbCommand (1ms) [Parameters=[@__p_0='?' (DbType = Int64)], CommandType='"Text"', CommandTimeout='30']
SELECT `d`.`Id`, `d`.`Dealer_Id`, `d`.`Material_Cost`, `d`.`Material_Date`, `d`.`Material_Name`
FROM `Dealer_Material` AS `d`
WHERE `d`.`Dealer_Id` = @__p_0
2023-10-07 19:44:25.389 +05:30  INF  Executing ObjectResult, writing value of type 'System.Collections.Generic.List`1[[DCRM.Common.Dto.DealerDto, DCRM.Common, Version=1.0.0.0, Culture=neutral, PublicKeyToken=null]]'.
2023-10-07 19:44:25.389 +05:30  INF  Executed action DCRM.Api.Controllers.DealerController.GetAllAsync (DCRM.Api) in 11.0639ms
2023-10-07 19:44:25.389 +05:30  INF  Executed endpoint 'DCRM.Api.Controllers.DealerController.GetAllAsync (DCRM.Api)'
2023-10-07 19:44:25.389 +05:30  INF  Request finished HTTP/2 GET https://localhost:7069/api/Dealer/GetAll application/json - - 200 - application/json;+charset=utf-8 14.8556ms
2023-10-07 19:49:31.431 +05:30  INF  Request starting HTTP/2 OPTIONS https://localhost:7069/api/Dealer/GetAll - -
2023-10-07 19:49:31.431 +05:30  INF  CORS policy execution successful.
2023-10-07 19:49:31.432 +05:30  INF  Request finished HTTP/2 OPTIONS https://localhost:7069/api/Dealer/GetAll - - - 204 - - 0.2932ms
2023-10-07 19:49:31.433 +05:30  INF  Request starting HTTP/2 GET https://localhost:7069/api/Dealer/GetAll application/json -
2023-10-07 19:49:31.433 +05:30  INF  CORS policy execution successful.
2023-10-07 19:49:31.456 +05:30  INF  Executed DbCommand (1ms) [Parameters=[@__id_0='?' (DbType = Int32)], CommandType='"Text"', CommandTimeout='30']
SELECT `u`.`Id`, `u`.`About_Me`, `u`.`Account_Type`, `u`.`Address`, `u`.`Available_Days`, `u`.`Bn_Name`, `u`.`City`, `u`.`Country`, `u`.`Created_At`, `u`.`Currency`, `u`.`Degree`, `u`.`Email`, `u`.`Email_Verified`, `u`.`Enable_Appointment`, `u`.`Enable_Rating`, `u`.`Exp_Years`, `u`.`Facebook`, `u`.`Google_Analytics`, `u`.`Image`, `u`.`Instagram`, `u`.`Linkedin`, `u`.`Name`, `u`.`Parent_Id`, `u`.`Password`, `u`.`Paypal_Email`, `u`.`Paypal_Mode`, `u`.`Paypal_Payment`, `u`.`Paystack_Payment`, `u`.`Paystack_Public_Key`, `u`.`Paystack_Secret_Key`, `u`.`Phone`, `u`.`Publish_Key`, `u`.`Qr_Code`, `u`.`Razorpay_Key_Id`, `u`.`Razorpay_Key_Secret`, `u`.`Razorpay_Payment`, `u`.`Role`, `u`.`Secret_Key`, `u`.`Skype`, `u`.`Slug`, `u`.`Specialist`, `u`.`Status`, `u`.`Stripe_Payment`, `u`.`Thumb`, `u`.`Trial_Expire`, `u`.`Twitter`, `u`.`User_Name`, `u`.`User_Type`, `u`.`Verify_Code`, `u`.`Whatsapp`
FROM `Users` AS `u`
WHERE `u`.`Id` = @__id_0
LIMIT 1
2023-10-07 19:49:31.456 +05:30  INF  Executing endpoint 'DCRM.Api.Controllers.DealerController.GetAllAsync (DCRM.Api)'
2023-10-07 19:49:31.456 +05:30  INF  Route matched with {action = "GetAll", controller = "Dealer"}. Executing controller action with signature System.Threading.Tasks.Task`1[System.Collections.Generic.IEnumerable`1[DCRM.Common.Dto.DealerDto]] GetAllAsync() on controller DCRM.Api.Controllers.DealerController (DCRM.Api).
2023-10-07 19:49:31.457 +05:30  INF  Executed DbCommand (1ms) [Parameters=[@__userId_0='?' (DbType = Int64)], CommandType='"Text"', CommandTimeout='30']
SELECT `d`.`Id`, `d`.`Address_O`, `d`.`Address_R`, `d`.`City_O`, `d`.`City_R`, `d`.`Company_Name`, `d`.`Country_O`, `d`.`Country_R`, `d`.`Created_At`, `d`.`Email1`, `d`.`Email2`, `d`.`Gst_Number`, `d`.`Image`, `d`.`Is_Deleted`, `d`.`Own_Name_1`, `d`.`Own_Name_2`, `d`.`Pan_Number`, `d`.`Phone1`, `d`.`Phone2`, `d`.`Staff_Email1`, `d`.`Staff_Email2`, `d`.`Staff_Email3`, `d`.`Staff_Email4`, `d`.`Staff_Name1`, `d`.`Staff_Name2`, `d`.`Staff_Name3`, `d`.`Staff_Name4`, `d`.`Staff_Phone1`, `d`.`Staff_Phone2`, `d`.`Staff_Phone3`, `d`.`Staff_Phone4`, `d`.`Updated_At`, `d`.`User_Id`, `d`.`Zip_O`, `d`.`Zip_R`
FROM `Dealers` AS `d`
WHERE (`d`.`Is_Deleted` = 0) AND (`d`.`User_Id` = @__userId_0)
2023-10-07 19:49:31.459 +05:30  INF  Executed DbCommand (1ms) [Parameters=[@__p_0='?' (DbType = Int64)], CommandType='"Text"', CommandTimeout='30']
SELECT `d`.`Id`, `d`.`Bank_Account_Number`, `d`.`Bank_Name`, `d`.`Dealer_Id`, `d`.`Ifsc_Code`, `d`.`Remarks`, `d`.`Updated_At`
FROM `Dealer_Bank_Details` AS `d`
WHERE `d`.`Dealer_Id` = @__p_0
2023-10-07 19:49:31.460 +05:30  INF  Executed DbCommand (0ms) [Parameters=[@__p_0='?' (DbType = Int64)], CommandType='"Text"', CommandTimeout='30']
SELECT `d`.`Id`, `d`.`Dealer_Id`, `d`.`Material_Cost`, `d`.`Material_Date`, `d`.`Material_Name`
FROM `Dealer_Material` AS `d`
WHERE `d`.`Dealer_Id` = @__p_0
2023-10-07 19:49:31.461 +05:30  INF  Executed DbCommand (0ms) [Parameters=[@__p_0='?' (DbType = Int64)], CommandType='"Text"', CommandTimeout='30']
SELECT `d`.`Id`, `d`.`Bank_Account_Number`, `d`.`Bank_Name`, `d`.`Dealer_Id`, `d`.`Ifsc_Code`, `d`.`Remarks`, `d`.`Updated_At`
FROM `Dealer_Bank_Details` AS `d`
WHERE `d`.`Dealer_Id` = @__p_0
2023-10-07 19:49:31.462 +05:30  INF  Executed DbCommand (0ms) [Parameters=[@__p_0='?' (DbType = Int64)], CommandType='"Text"', CommandTimeout='30']
SELECT `d`.`Id`, `d`.`Dealer_Id`, `d`.`Material_Cost`, `d`.`Material_Date`, `d`.`Material_Name`
FROM `Dealer_Material` AS `d`
WHERE `d`.`Dealer_Id` = @__p_0
2023-10-07 19:49:31.462 +05:30  INF  Executing ObjectResult, writing value of type 'System.Collections.Generic.List`1[[DCRM.Common.Dto.DealerDto, DCRM.Common, Version=1.0.0.0, Culture=neutral, PublicKeyToken=null]]'.
2023-10-07 19:49:31.463 +05:30  INF  Executed action DCRM.Api.Controllers.DealerController.GetAllAsync (DCRM.Api) in 6.6909ms
2023-10-07 19:49:31.463 +05:30  INF  Executed endpoint 'DCRM.Api.Controllers.DealerController.GetAllAsync (DCRM.Api)'
2023-10-07 19:49:31.463 +05:30  INF  Request finished HTTP/2 GET https://localhost:7069/api/Dealer/GetAll application/json - - 200 - application/json;+charset=utf-8 30.0129ms
