2024-08-03 00:03:33.176 +05:30  INF  Request starting HTTP/2 OPTIONS https://localhost:7069/api/Appointment/Get/387 - -

2024-08-03 00:03:33.193 +05:30  INF  CORS policy execution successful.

2024-08-03 00:03:33.194 +05:30  INF  Request finished HTTP/2 OPTIONS https://localhost:7069/api/Appointment/Get/387 - - - 204 - - 17.5876ms

2024-08-03 00:03:33.200 +05:30  INF  Request starting HTTP/2 GET https://localhost:7069/api/Appointment/Get/387 application/json -

2024-08-03 00:03:33.200 +05:30  INF  CORS policy execution successful.

2024-08-03 00:03:36.187 +05:30  INF  Executed DbCommand (219ms) [Parameters=[@__id_0='?' (DbType = Int64)], CommandType='"Text"', CommandTimeout='30']
SELECT `u`.`Id`, `u`.`About_Me`, `u`.`Account_Type`, `u`.`Address`, `u`.`Available_Days`, `u`.`Bn_Name`, `u`.`City`, `u`.`Country`, `u`.`Created_At`, `u`.`Currency`, `u`.`Degree`, `u`.`Email`, `u`.`Email_Verified`, `u`.`Enable_Appointment`, `u`.`Enable_Rating`, `u`.`Exp_Years`, `u`.`Facebook`, `u`.`Google_Analytics`, `u`.`Image`, `u`.`Instagram`, `u`.`Linkedin`, `u`.`Name`, `u`.`Parent_Id`, `u`.`Password`, `u`.`Paypal_Email`, `u`.`Paypal_Mode`, `u`.`Paypal_Payment`, `u`.`Paystack_Payment`, `u`.`Paystack_Public_Key`, `u`.`Paystack_Secret_Key`, `u`.`Phone`, `u`.`Publish_Key`, `u`.`Qr_Code`, `u`.`Razorpay_Key_Id`, `u`.`Razorpay_Key_Secret`, `u`.`Razorpay_Payment`, `u`.`Role`, `u`.`Secret_Key`, `u`.`Skype`, `u`.`Slug`, `u`.`Specialist`, `u`.`Status`, `u`.`Stripe_Payment`, `u`.`Thumb`, `u`.`Trial_Expire`, `u`.`Twitter`, `u`.`User_Name`, `u`.`User_Type`, `u`.`Verify_Code`, `u`.`Whatsapp`
FROM `Users` AS `u`
WHERE `u`.`Id` = @__id_0
LIMIT 1

2024-08-03 00:03:36.188 +05:30  INF  Executing endpoint 'DCRM.Api.Controllers.AppointmentController.Get (DCRM.Api)'

2024-08-03 00:03:36.189 +05:30  INF  Route matched with {action = "Get", controller = "Appointment"}. Executing controller action with signature DCRM.Common.Entity.Appointment Get(Int32) on controller DCRM.Api.Controllers.AppointmentController (DCRM.Api).

2024-08-03 00:03:36.820 +05:30  INF  Executed DbCommand (207ms) [Parameters=[@__id_0='?' (DbType = Int64)], CommandType='"Text"', CommandTimeout='30']
SELECT `a`.`Id`, `a`.`Appointment_Status`, `a`.`Cause`, `a`.`Chair`, `a`.`Chamber_Id`, `a`.`Created_At`, `a`.`Date`, `a`.`Doctor_Id`, `a`.`Doctor_Name`, `a`.`End_Time`, `a`.`Extra_Notes`, `a`.`Files`, `a`.`Is_Delete`, `a`.`Is_Start`, `a`.`Meeting_Notes`, `a`.`Number_Of_Slot`, `a`.`Patient_Id`, `a`.`Prescription_Id`, `a`.`Serial_Id`, `a`.`Slot_Time`, `a`.`Start_Time`, `a`.`Status`, `a`.`Type`, `a`.`User_Id`, `a`.`Workdone_Id`
FROM `Appointments` AS `a`
WHERE (`a`.`Id` = @__id_0) AND (`a`.`Is_Delete` = 0)
LIMIT 1

2024-08-03 00:03:36.821 +05:30  INF  Executing ObjectResult, writing value of type 'DCRM.Common.Entity.Appointment'.

2024-08-03 00:03:36.821 +05:30  INF  Executed action DCRM.Api.Controllers.AppointmentController.Get (DCRM.Api) in 632.4105ms

2024-08-03 00:03:36.821 +05:30  INF  Executed endpoint 'DCRM.Api.Controllers.AppointmentController.Get (DCRM.Api)'

2024-08-03 00:03:36.822 +05:30  INF  Request finished HTTP/2 GET https://localhost:7069/api/Appointment/Get/387 application/json - - 200 - application/json;+charset=utf-8 3621.6351ms

2024-08-03 00:03:40.713 +05:30  INF  Request starting HTTP/2 OPTIONS https://localhost:7069/api/Patient/Get/387 - -

2024-08-03 00:03:40.714 +05:30  INF  CORS policy execution successful.

2024-08-03 00:03:40.714 +05:30  INF  Request finished HTTP/2 OPTIONS https://localhost:7069/api/Patient/Get/387 - - - 204 - - 0.3365ms

2024-08-03 00:03:40.714 +05:30  INF  Request starting HTTP/2 OPTIONS https://localhost:7069/api/Doctor/Get/Names - -

2024-08-03 00:03:40.714 +05:30  INF  CORS policy execution successful.

2024-08-03 00:03:40.714 +05:30  INF  Request finished HTTP/2 OPTIONS https://localhost:7069/api/Doctor/Get/Names - - - 204 - - 0.2378ms

2024-08-03 00:03:40.717 +05:30  INF  Request starting HTTP/2 OPTIONS https://localhost:7069/api/Patient/Get/Names - -

2024-08-03 00:03:40.718 +05:30  INF  CORS policy execution successful.

2024-08-03 00:03:40.718 +05:30  INF  Request finished HTTP/2 OPTIONS https://localhost:7069/api/Patient/Get/Names - - - 204 - - 0.5881ms

2024-08-03 00:03:40.719 +05:30  INF  Request starting HTTP/2 GET https://localhost:7069/api/Patient/Get/387 application/json -

2024-08-03 00:03:40.719 +05:30  INF  CORS policy execution successful.

2024-08-03 00:03:40.727 +05:30  INF  Request starting HTTP/2 OPTIONS https://localhost:7069/api/Patient/Get/10 - -

2024-08-03 00:03:40.727 +05:30  INF  CORS policy execution successful.

2024-08-03 00:03:40.730 +05:30  INF  Request finished HTTP/2 OPTIONS https://localhost:7069/api/Patient/Get/10 - - - 204 - - 3.3923ms

2024-08-03 00:03:40.731 +05:30  INF  Request starting HTTP/2 OPTIONS https://localhost:7069/api/Chair/GetAll - -

2024-08-03 00:03:40.733 +05:30  INF  CORS policy execution successful.

2024-08-03 00:03:40.733 +05:30  INF  Request starting HTTP/2 GET https://localhost:7069/api/Patient/Get/Names application/json -

2024-08-03 00:03:40.733 +05:30  INF  Request starting HTTP/2 GET https://localhost:7069/api/Doctor/Get/Names application/json -

2024-08-03 00:03:40.734 +05:30  INF  Request finished HTTP/2 OPTIONS https://localhost:7069/api/Chair/GetAll - - - 204 - - 2.8990ms

2024-08-03 00:03:40.734 +05:30  INF  CORS policy execution successful.

2024-08-03 00:03:40.734 +05:30  INF  CORS policy execution successful.

2024-08-03 00:03:40.734 +05:30  INF  Request starting HTTP/2 GET https://localhost:7069/api/Patient/Get/10 application/json -

2024-08-03 00:03:40.735 +05:30  INF  CORS policy execution successful.

2024-08-03 00:03:40.737 +05:30  INF  Request starting HTTP/2 GET https://localhost:7069/api/Chair/GetAll application/json -

2024-08-03 00:03:40.740 +05:30  INF  CORS policy execution successful.

2024-08-03 00:03:41.365 +05:30  INF  Executed DbCommand (215ms) [Parameters=[@__id_0='?' (DbType = Int64)], CommandType='"Text"', CommandTimeout='30']
SELECT `u`.`Id`, `u`.`About_Me`, `u`.`Account_Type`, `u`.`Address`, `u`.`Available_Days`, `u`.`Bn_Name`, `u`.`City`, `u`.`Country`, `u`.`Created_At`, `u`.`Currency`, `u`.`Degree`, `u`.`Email`, `u`.`Email_Verified`, `u`.`Enable_Appointment`, `u`.`Enable_Rating`, `u`.`Exp_Years`, `u`.`Facebook`, `u`.`Google_Analytics`, `u`.`Image`, `u`.`Instagram`, `u`.`Linkedin`, `u`.`Name`, `u`.`Parent_Id`, `u`.`Password`, `u`.`Paypal_Email`, `u`.`Paypal_Mode`, `u`.`Paypal_Payment`, `u`.`Paystack_Payment`, `u`.`Paystack_Public_Key`, `u`.`Paystack_Secret_Key`, `u`.`Phone`, `u`.`Publish_Key`, `u`.`Qr_Code`, `u`.`Razorpay_Key_Id`, `u`.`Razorpay_Key_Secret`, `u`.`Razorpay_Payment`, `u`.`Role`, `u`.`Secret_Key`, `u`.`Skype`, `u`.`Slug`, `u`.`Specialist`, `u`.`Status`, `u`.`Stripe_Payment`, `u`.`Thumb`, `u`.`Trial_Expire`, `u`.`Twitter`, `u`.`User_Name`, `u`.`User_Type`, `u`.`Verify_Code`, `u`.`Whatsapp`
FROM `Users` AS `u`
WHERE `u`.`Id` = @__id_0
LIMIT 1

2024-08-03 00:03:41.365 +05:30  INF  Executing endpoint 'DCRM.Api.Controllers.PatientController.Get (DCRM.Api)'

2024-08-03 00:03:41.365 +05:30  INF  Route matched with {action = "Get", controller = "Patient"}. Executing controller action with signature DCRM.Common.Dto.PatientseDto Get(Int64) on controller DCRM.Api.Controllers.PatientController (DCRM.Api).

2024-08-03 00:03:41.981 +05:30  INF  Executed DbCommand (207ms) [Parameters=[@__id_0='?' (DbType = Int64)], CommandType='"Text"', CommandTimeout='30']
SELECT `p`.`Id`, `p`.`Age`, `p`.`Chamber_Id`, `p`.`Created_At`, `p`.`Email`, `p`.`Guardian`, `p`.`Is_Delete`, `p`.`Mobile`, `p`.`Mr_Number`, `p`.`Name`, `p`.`Password`, `p`.`Permanent_Address`, `p`.`Present_Address`, `p`.`Role`, `p`.`Sex`, `p`.`Slug`, `p`.`Thumb`, `p`.`Title`, `p`.`UserName`, `p`.`User_Id`, `p`.`Verify_Code`, `p`.`Weight`
FROM `Patientses` AS `p`
WHERE (`p`.`Is_Delete` = 0) AND (`p`.`Id` = @__id_0)
LIMIT 1

2024-08-03 00:03:42.811 +05:30  INF  Executed DbCommand (416ms) [Parameters=[], CommandType='"Text"', CommandTimeout='30']
SELECT `p`.`Id`, `p`.`Amount_Type`, `p`.`Balance`, `p`.`Created_At`, `p`.`Credit_Amount`, `p`.`Debit_Amount`, `p`.`Description`, `p`.`Doctor_Id`, `p`.`Patient_Id`, `p`.`Payment_Mode`, `p`.`Updated_At`, `p`.`Workdone_Id`, `p`.`isPrinted`
FROM `Payment_History` AS `p`

2024-08-03 00:03:43.646 +05:30  INF  Executed DbCommand (207ms) [Parameters=[@__p_0='?' (DbType = Int64)], CommandType='"Text"', CommandTimeout='30']
SELECT `p`.`Id`, `p`.`Amount`, `p`.`Balance_Amount`, `p`.`Balance_Spent`, `p`.`Created_At`, `p`.`Name`, `p`.`Patients_Id`, `p`.`Type`, `p`.`Updated_At`
FROM `Patients_Insurance_Loan` AS `p`
WHERE `p`.`Patients_Id` = @__p_0

2024-08-03 00:03:43.691 +05:30  INF  Executed DbCommand (209ms) [Parameters=[@__id_0='?' (DbType = Int64)], CommandType='"Text"', CommandTimeout='30']
SELECT `u`.`Id`, `u`.`About_Me`, `u`.`Account_Type`, `u`.`Address`, `u`.`Available_Days`, `u`.`Bn_Name`, `u`.`City`, `u`.`Country`, `u`.`Created_At`, `u`.`Currency`, `u`.`Degree`, `u`.`Email`, `u`.`Email_Verified`, `u`.`Enable_Appointment`, `u`.`Enable_Rating`, `u`.`Exp_Years`, `u`.`Facebook`, `u`.`Google_Analytics`, `u`.`Image`, `u`.`Instagram`, `u`.`Linkedin`, `u`.`Name`, `u`.`Parent_Id`, `u`.`Password`, `u`.`Paypal_Email`, `u`.`Paypal_Mode`, `u`.`Paypal_Payment`, `u`.`Paystack_Payment`, `u`.`Paystack_Public_Key`, `u`.`Paystack_Secret_Key`, `u`.`Phone`, `u`.`Publish_Key`, `u`.`Qr_Code`, `u`.`Razorpay_Key_Id`, `u`.`Razorpay_Key_Secret`, `u`.`Razorpay_Payment`, `u`.`Role`, `u`.`Secret_Key`, `u`.`Skype`, `u`.`Slug`, `u`.`Specialist`, `u`.`Status`, `u`.`Stripe_Payment`, `u`.`Thumb`, `u`.`Trial_Expire`, `u`.`Twitter`, `u`.`User_Name`, `u`.`User_Type`, `u`.`Verify_Code`, `u`.`Whatsapp`
FROM `Users` AS `u`
WHERE `u`.`Id` = @__id_0
LIMIT 1

2024-08-03 00:03:43.691 +05:30  INF  Executed DbCommand (209ms) [Parameters=[@__id_0='?' (DbType = Int64)], CommandType='"Text"', CommandTimeout='30']
SELECT `u`.`Id`, `u`.`About_Me`, `u`.`Account_Type`, `u`.`Address`, `u`.`Available_Days`, `u`.`Bn_Name`, `u`.`City`, `u`.`Country`, `u`.`Created_At`, `u`.`Currency`, `u`.`Degree`, `u`.`Email`, `u`.`Email_Verified`, `u`.`Enable_Appointment`, `u`.`Enable_Rating`, `u`.`Exp_Years`, `u`.`Facebook`, `u`.`Google_Analytics`, `u`.`Image`, `u`.`Instagram`, `u`.`Linkedin`, `u`.`Name`, `u`.`Parent_Id`, `u`.`Password`, `u`.`Paypal_Email`, `u`.`Paypal_Mode`, `u`.`Paypal_Payment`, `u`.`Paystack_Payment`, `u`.`Paystack_Public_Key`, `u`.`Paystack_Secret_Key`, `u`.`Phone`, `u`.`Publish_Key`, `u`.`Qr_Code`, `u`.`Razorpay_Key_Id`, `u`.`Razorpay_Key_Secret`, `u`.`Razorpay_Payment`, `u`.`Role`, `u`.`Secret_Key`, `u`.`Skype`, `u`.`Slug`, `u`.`Specialist`, `u`.`Status`, `u`.`Stripe_Payment`, `u`.`Thumb`, `u`.`Trial_Expire`, `u`.`Twitter`, `u`.`User_Name`, `u`.`User_Type`, `u`.`Verify_Code`, `u`.`Whatsapp`
FROM `Users` AS `u`
WHERE `u`.`Id` = @__id_0
LIMIT 1

2024-08-03 00:03:43.691 +05:30  INF  Executing endpoint 'DCRM.Api.Controllers.DoctorController.DoctorNameList (DCRM.Api)'

2024-08-03 00:03:43.691 +05:30  INF  Executing endpoint 'DCRM.Api.Controllers.PatientController.PatientDetailList (DCRM.Api)'

2024-08-03 00:03:43.692 +05:30  INF  Route matched with {action = "PatientDetailList", controller = "Patient"}. Executing controller action with signature System.Collections.Generic.List`1[DCRM.Common.Dto.DropdownDataDto] PatientDetailList() on controller DCRM.Api.Controllers.PatientController (DCRM.Api).

2024-08-03 00:03:43.692 +05:30  INF  Route matched with {action = "DoctorNameList", controller = "Doctor"}. Executing controller action with signature System.Collections.Generic.List`1[DCRM.Common.Dto.DropdownDataDto] DoctorNameList() on controller DCRM.Api.Controllers.DoctorController (DCRM.Api).

2024-08-03 00:03:43.736 +05:30  INF  Executed DbCommand (209ms) [Parameters=[@__id_0='?' (DbType = Int64)], CommandType='"Text"', CommandTimeout='30']
SELECT `u`.`Id`, `u`.`About_Me`, `u`.`Account_Type`, `u`.`Address`, `u`.`Available_Days`, `u`.`Bn_Name`, `u`.`City`, `u`.`Country`, `u`.`Created_At`, `u`.`Currency`, `u`.`Degree`, `u`.`Email`, `u`.`Email_Verified`, `u`.`Enable_Appointment`, `u`.`Enable_Rating`, `u`.`Exp_Years`, `u`.`Facebook`, `u`.`Google_Analytics`, `u`.`Image`, `u`.`Instagram`, `u`.`Linkedin`, `u`.`Name`, `u`.`Parent_Id`, `u`.`Password`, `u`.`Paypal_Email`, `u`.`Paypal_Mode`, `u`.`Paypal_Payment`, `u`.`Paystack_Payment`, `u`.`Paystack_Public_Key`, `u`.`Paystack_Secret_Key`, `u`.`Phone`, `u`.`Publish_Key`, `u`.`Qr_Code`, `u`.`Razorpay_Key_Id`, `u`.`Razorpay_Key_Secret`, `u`.`Razorpay_Payment`, `u`.`Role`, `u`.`Secret_Key`, `u`.`Skype`, `u`.`Slug`, `u`.`Specialist`, `u`.`Status`, `u`.`Stripe_Payment`, `u`.`Thumb`, `u`.`Trial_Expire`, `u`.`Twitter`, `u`.`User_Name`, `u`.`User_Type`, `u`.`Verify_Code`, `u`.`Whatsapp`
FROM `Users` AS `u`
WHERE `u`.`Id` = @__id_0
LIMIT 1

2024-08-03 00:03:43.736 +05:30  INF  Executing endpoint 'DCRM.Api.Controllers.ChairController.GetAll (DCRM.Api)'

2024-08-03 00:03:43.736 +05:30  INF  Route matched with {action = "GetAll", controller = "Chair"}. Executing controller action with signature System.Collections.Generic.List`1[DCRM.Common.Dto.ChairDto] GetAll() on controller DCRM.Api.Controllers.ChairController (DCRM.Api).

2024-08-03 00:03:43.737 +05:30  INF  Executed DbCommand (210ms) [Parameters=[@__id_0='?' (DbType = Int64)], CommandType='"Text"', CommandTimeout='30']
SELECT `u`.`Id`, `u`.`About_Me`, `u`.`Account_Type`, `u`.`Address`, `u`.`Available_Days`, `u`.`Bn_Name`, `u`.`City`, `u`.`Country`, `u`.`Created_At`, `u`.`Currency`, `u`.`Degree`, `u`.`Email`, `u`.`Email_Verified`, `u`.`Enable_Appointment`, `u`.`Enable_Rating`, `u`.`Exp_Years`, `u`.`Facebook`, `u`.`Google_Analytics`, `u`.`Image`, `u`.`Instagram`, `u`.`Linkedin`, `u`.`Name`, `u`.`Parent_Id`, `u`.`Password`, `u`.`Paypal_Email`, `u`.`Paypal_Mode`, `u`.`Paypal_Payment`, `u`.`Paystack_Payment`, `u`.`Paystack_Public_Key`, `u`.`Paystack_Secret_Key`, `u`.`Phone`, `u`.`Publish_Key`, `u`.`Qr_Code`, `u`.`Razorpay_Key_Id`, `u`.`Razorpay_Key_Secret`, `u`.`Razorpay_Payment`, `u`.`Role`, `u`.`Secret_Key`, `u`.`Skype`, `u`.`Slug`, `u`.`Specialist`, `u`.`Status`, `u`.`Stripe_Payment`, `u`.`Thumb`, `u`.`Trial_Expire`, `u`.`Twitter`, `u`.`User_Name`, `u`.`User_Type`, `u`.`Verify_Code`, `u`.`Whatsapp`
FROM `Users` AS `u`
WHERE `u`.`Id` = @__id_0
LIMIT 1

2024-08-03 00:03:43.738 +05:30  INF  Executing endpoint 'DCRM.Api.Controllers.PatientController.Get (DCRM.Api)'

2024-08-03 00:03:43.738 +05:30  INF  Route matched with {action = "Get", controller = "Patient"}. Executing controller action with signature DCRM.Common.Dto.PatientseDto Get(Int64) on controller DCRM.Api.Controllers.PatientController (DCRM.Api).

2024-08-03 00:03:44.270 +05:30  INF  Executed DbCommand (208ms) [Parameters=[@__p_0='?' (DbType = Int64)], CommandType='"Text"', CommandTimeout='30']
SELECT `p`.`Id`, `p`.`Created_At`, `p`.`Patient_Id`, `p`.`Report`, `p`.`Report_Date`, `p`.`Report_File`, `p`.`Status`, `p`.`Test_Name`, `p`.`Test_Price`, `p`.`Updated_At`
FROM `Patient_Tests` AS `p`
WHERE `p`.`Patient_Id` = @__p_0

2024-08-03 00:03:44.314 +05:30  INF  Executed DbCommand (210ms) [Parameters=[@__userId_0='?' (DbType = Int64)], CommandType='"Text"', CommandTimeout='30']
SELECT `d`.`Id`, `d`.`Age`, `d`.`Blood_Group`, `d`.`Created_At`, `d`.`Dob`, `d`.`Email`, `d`.`Email2`, `d`.`Gender`, `d`.`Gst_Number`, `d`.`Is_Delete`, `d`.`Marital_Status`, `d`.`Name`, `d`.`Pan_Number`, `d`.`Password`, `d`.`Phone1`, `d`.`Phone2`, `d`.`Phone3`, `d`.`Phone4`, `d`.`Qualification`, `d`.`Role`, `d`.`Speciality`, `d`.`Thumb`, `d`.`Updated_At`, `d`.`User_Id`
FROM `Doctors` AS `d`
WHERE (`d`.`User_Id` = @__userId_0) AND (`d`.`Is_Delete` = 0)

2024-08-03 00:03:44.317 +05:30  INF  Executed DbCommand (213ms) [Parameters=[@__userId_0='?' (DbType = Int64)], CommandType='"Text"', CommandTimeout='30']
SELECT `p`.`Id`, `p`.`Age`, `p`.`Chamber_Id`, `p`.`Created_At`, `p`.`Email`, `p`.`Guardian`, `p`.`Is_Delete`, `p`.`Mobile`, `p`.`Mr_Number`, `p`.`Name`, `p`.`Password`, `p`.`Permanent_Address`, `p`.`Present_Address`, `p`.`Role`, `p`.`Sex`, `p`.`Slug`, `p`.`Thumb`, `p`.`Title`, `p`.`UserName`, `p`.`User_Id`, `p`.`Verify_Code`, `p`.`Weight`
FROM `Patientses` AS `p`
WHERE (`p`.`User_Id` = @__userId_0) AND (`p`.`Is_Delete` = 0)

2024-08-03 00:03:44.358 +05:30  INF  Executed DbCommand (209ms) [Parameters=[], CommandType='"Text"', CommandTimeout='30']
SELECT `c`.`Id`, `c`.`Address`, `c`.`Appoinment_Limit`, `c`.`Created_At`, `c`.`Doctor_Id`, `c`.`Is_Primary`, `c`.`Name`, `c`.`Status`, `c`.`Uid`, `c`.`User_Id`
FROM `Chairs` AS `c`

2024-08-03 00:03:44.360 +05:30  INF  Executed DbCommand (209ms) [Parameters=[@__id_0='?' (DbType = Int64)], CommandType='"Text"', CommandTimeout='30']
SELECT `p`.`Id`, `p`.`Age`, `p`.`Chamber_Id`, `p`.`Created_At`, `p`.`Email`, `p`.`Guardian`, `p`.`Is_Delete`, `p`.`Mobile`, `p`.`Mr_Number`, `p`.`Name`, `p`.`Password`, `p`.`Permanent_Address`, `p`.`Present_Address`, `p`.`Role`, `p`.`Sex`, `p`.`Slug`, `p`.`Thumb`, `p`.`Title`, `p`.`UserName`, `p`.`User_Id`, `p`.`Verify_Code`, `p`.`Weight`
FROM `Patientses` AS `p`
WHERE (`p`.`Is_Delete` = 0) AND (`p`.`Id` = @__id_0)
LIMIT 1

2024-08-03 00:03:44.896 +05:30  INF  Executed DbCommand (209ms) [Parameters=[@__p_0='?' (DbType = Int64)], CommandType='"Text"', CommandTimeout='30']
SELECT `p`.`Id`, `p`.`Address_O`, `p`.`Address_Other`, `p`.`Address_R`, `p`.`City_O`, `p`.`City_Other`, `p`.`City_R`, `p`.`Country_O`, `p`.`Country_Other`, `p`.`Country_R`, `p`.`Created_At`, `p`.`Doctor_Name`, `p`.`Email`, `p`.`Email2`, `p`.`Medical_History_Allergies`, `p`.`Patient_Id`, `p`.`Phone`, `p`.`Phone1`, `p`.`Phone2`, `p`.`Phone3`, `p`.`Phone4`, `p`.`Physician`, `p`.`Reffered_By`, `p`.`Relationship_Type`, `p`.`Special_Notes`, `p`.`Updated_At`, `p`.`Zip_O`, `p`.`Zip_Other`, `p`.`Zip_R`
FROM `Patients_Contact` AS `p`
WHERE `p`.`Patient_Id` = @__p_0

2024-08-03 00:03:44.981 +05:30  INF  Executed DbCommand (207ms) [Parameters=[@__Id_0='?' (DbType = Int64)], CommandType='"Text"', CommandTimeout='30']
SELECT `d`.`Id`, `d`.`Age`, `d`.`Blood_Group`, `d`.`Created_At`, `d`.`Dob`, `d`.`Email`, `d`.`Email2`, `d`.`Gender`, `d`.`Gst_Number`, `d`.`Is_Delete`, `d`.`Marital_Status`, `d`.`Name`, `d`.`Pan_Number`, `d`.`Password`, `d`.`Phone1`, `d`.`Phone2`, `d`.`Phone3`, `d`.`Phone4`, `d`.`Qualification`, `d`.`Role`, `d`.`Speciality`, `d`.`Thumb`, `d`.`Updated_At`, `d`.`User_Id`
FROM `Doctors` AS `d`
WHERE `d`.`Id` = @__Id_0
LIMIT 2

2024-08-03 00:03:44.984 +05:30  INF  Executed DbCommand (210ms) [Parameters=[], CommandType='"Text"', CommandTimeout='30']
SELECT `p`.`Id`, `p`.`Amount_Type`, `p`.`Balance`, `p`.`Created_At`, `p`.`Credit_Amount`, `p`.`Debit_Amount`, `p`.`Description`, `p`.`Doctor_Id`, `p`.`Patient_Id`, `p`.`Payment_Mode`, `p`.`Updated_At`, `p`.`Workdone_Id`, `p`.`isPrinted`
FROM `Payment_History` AS `p`

2024-08-03 00:03:45.153 +05:30  INF  Executing ObjectResult, writing value of type 'System.Collections.Generic.List`1[[DCRM.Common.Dto.DropdownDataDto, DCRM.Common, Version=1.0.0.0, Culture=neutral, PublicKeyToken=null]]'.

2024-08-03 00:03:45.154 +05:30  INF  Executed action DCRM.Api.Controllers.PatientController.PatientDetailList (DCRM.Api) in 1461.9537ms

2024-08-03 00:03:45.154 +05:30  INF  Executed endpoint 'DCRM.Api.Controllers.PatientController.PatientDetailList (DCRM.Api)'

2024-08-03 00:03:45.154 +05:30  INF  Request finished HTTP/2 GET https://localhost:7069/api/Patient/Get/Names application/json - - 200 - application/json;+charset=utf-8 4420.2727ms

2024-08-03 00:03:45.364 +05:30  INF  Executing ObjectResult, writing value of type 'System.Collections.Generic.List`1[[DCRM.Common.Dto.DropdownDataDto, DCRM.Common, Version=1.0.0.0, Culture=neutral, PublicKeyToken=null]]'.

2024-08-03 00:03:45.364 +05:30  INF  Executed action DCRM.Api.Controllers.DoctorController.DoctorNameList (DCRM.Api) in 1672.2873ms

2024-08-03 00:03:45.364 +05:30  INF  Executed endpoint 'DCRM.Api.Controllers.DoctorController.DoctorNameList (DCRM.Api)'

2024-08-03 00:03:45.364 +05:30  INF  Request finished HTTP/2 GET https://localhost:7069/api/Doctor/Get/Names application/json - - 200 - application/json;+charset=utf-8 4630.5667ms

2024-08-03 00:03:45.519 +05:30  INF  Executed DbCommand (207ms) [Parameters=[@__p_0='?' (DbType = Int64)], CommandType='"Text"', CommandTimeout='30']
SELECT `p`.`Id`, `p`.`Created_At`, `p`.`Patient_Id`, `p`.`Report`, `p`.`Report_File`, `p`.`Scan_Name`, `p`.`Status`, `p`.`Type`, `p`.`Updated_At`
FROM `Patient_Scans` AS `p`
WHERE `p`.`Patient_Id` = @__p_0

2024-08-03 00:03:45.519 +05:30  INF  Executing ObjectResult, writing value of type 'DCRM.Common.Dto.PatientseDto'.

2024-08-03 00:03:45.519 +05:30  INF  Executed action DCRM.Api.Controllers.PatientController.Get (DCRM.Api) in 4154.0483ms

2024-08-03 00:03:45.519 +05:30  INF  Executed endpoint 'DCRM.Api.Controllers.PatientController.Get (DCRM.Api)'

2024-08-03 00:03:45.519 +05:30  INF  Request finished HTTP/2 GET https://localhost:7069/api/Patient/Get/387 application/json - - 200 - application/json;+charset=utf-8 4800.4348ms

2024-08-03 00:03:45.604 +05:30  INF  Executed DbCommand (208ms) [Parameters=[@__Id_0='?' (DbType = Int64)], CommandType='"Text"', CommandTimeout='30']
SELECT `d`.`Id`, `d`.`Age`, `d`.`Blood_Group`, `d`.`Created_At`, `d`.`Dob`, `d`.`Email`, `d`.`Email2`, `d`.`Gender`, `d`.`Gst_Number`, `d`.`Is_Delete`, `d`.`Marital_Status`, `d`.`Name`, `d`.`Pan_Number`, `d`.`Password`, `d`.`Phone1`, `d`.`Phone2`, `d`.`Phone3`, `d`.`Phone4`, `d`.`Qualification`, `d`.`Role`, `d`.`Speciality`, `d`.`Thumb`, `d`.`Updated_At`, `d`.`User_Id`
FROM `Doctors` AS `d`
WHERE `d`.`Id` = @__Id_0
LIMIT 2

2024-08-03 00:03:45.817 +05:30  INF  Executed DbCommand (206ms) [Parameters=[@__p_0='?' (DbType = Int64)], CommandType='"Text"', CommandTimeout='30']
SELECT `p`.`Id`, `p`.`Amount`, `p`.`Balance_Amount`, `p`.`Balance_Spent`, `p`.`Created_At`, `p`.`Name`, `p`.`Patients_Id`, `p`.`Type`, `p`.`Updated_At`
FROM `Patients_Insurance_Loan` AS `p`
WHERE `p`.`Patients_Id` = @__p_0

2024-08-03 00:03:46.228 +05:30  INF  Executed DbCommand (207ms) [Parameters=[@__Id_0='?' (DbType = Int64)], CommandType='"Text"', CommandTimeout='30']
SELECT `d`.`Id`, `d`.`Age`, `d`.`Blood_Group`, `d`.`Created_At`, `d`.`Dob`, `d`.`Email`, `d`.`Email2`, `d`.`Gender`, `d`.`Gst_Number`, `d`.`Is_Delete`, `d`.`Marital_Status`, `d`.`Name`, `d`.`Pan_Number`, `d`.`Password`, `d`.`Phone1`, `d`.`Phone2`, `d`.`Phone3`, `d`.`Phone4`, `d`.`Qualification`, `d`.`Role`, `d`.`Speciality`, `d`.`Thumb`, `d`.`Updated_At`, `d`.`User_Id`
FROM `Doctors` AS `d`
WHERE `d`.`Id` = @__Id_0
LIMIT 2

2024-08-03 00:03:46.437 +05:30  INF  Executed DbCommand (209ms) [Parameters=[@__p_0='?' (DbType = Int64)], CommandType='"Text"', CommandTimeout='30']
SELECT `p`.`Id`, `p`.`Created_At`, `p`.`Patient_Id`, `p`.`Report`, `p`.`Report_Date`, `p`.`Report_File`, `p`.`Status`, `p`.`Test_Name`, `p`.`Test_Price`, `p`.`Updated_At`
FROM `Patient_Tests` AS `p`
WHERE `p`.`Patient_Id` = @__p_0

2024-08-03 00:03:46.848 +05:30  INF  Executed DbCommand (208ms) [Parameters=[@__Id_0='?' (DbType = Int64)], CommandType='"Text"', CommandTimeout='30']
SELECT `d`.`Id`, `d`.`Age`, `d`.`Blood_Group`, `d`.`Created_At`, `d`.`Dob`, `d`.`Email`, `d`.`Email2`, `d`.`Gender`, `d`.`Gst_Number`, `d`.`Is_Delete`, `d`.`Marital_Status`, `d`.`Name`, `d`.`Pan_Number`, `d`.`Password`, `d`.`Phone1`, `d`.`Phone2`, `d`.`Phone3`, `d`.`Phone4`, `d`.`Qualification`, `d`.`Role`, `d`.`Speciality`, `d`.`Thumb`, `d`.`Updated_At`, `d`.`User_Id`
FROM `Doctors` AS `d`
WHERE `d`.`Id` = @__Id_0
LIMIT 2

2024-08-03 00:03:47.057 +05:30  INF  Executed DbCommand (209ms) [Parameters=[@__p_0='?' (DbType = Int64)], CommandType='"Text"', CommandTimeout='30']
SELECT `p`.`Id`, `p`.`Address_O`, `p`.`Address_Other`, `p`.`Address_R`, `p`.`City_O`, `p`.`City_Other`, `p`.`City_R`, `p`.`Country_O`, `p`.`Country_Other`, `p`.`Country_R`, `p`.`Created_At`, `p`.`Doctor_Name`, `p`.`Email`, `p`.`Email2`, `p`.`Medical_History_Allergies`, `p`.`Patient_Id`, `p`.`Phone`, `p`.`Phone1`, `p`.`Phone2`, `p`.`Phone3`, `p`.`Phone4`, `p`.`Physician`, `p`.`Reffered_By`, `p`.`Relationship_Type`, `p`.`Special_Notes`, `p`.`Updated_At`, `p`.`Zip_O`, `p`.`Zip_Other`, `p`.`Zip_R`
FROM `Patients_Contact` AS `p`
WHERE `p`.`Patient_Id` = @__p_0

2024-08-03 00:03:47.474 +05:30  INF  Executed DbCommand (208ms) [Parameters=[@__Id_0='?' (DbType = Int64)], CommandType='"Text"', CommandTimeout='30']
SELECT `d`.`Id`, `d`.`Age`, `d`.`Blood_Group`, `d`.`Created_At`, `d`.`Dob`, `d`.`Email`, `d`.`Email2`, `d`.`Gender`, `d`.`Gst_Number`, `d`.`Is_Delete`, `d`.`Marital_Status`, `d`.`Name`, `d`.`Pan_Number`, `d`.`Password`, `d`.`Phone1`, `d`.`Phone2`, `d`.`Phone3`, `d`.`Phone4`, `d`.`Qualification`, `d`.`Role`, `d`.`Speciality`, `d`.`Thumb`, `d`.`Updated_At`, `d`.`User_Id`
FROM `Doctors` AS `d`
WHERE `d`.`Id` = @__Id_0
LIMIT 2

2024-08-03 00:03:47.682 +05:30  INF  Executed DbCommand (209ms) [Parameters=[@__p_0='?' (DbType = Int64)], CommandType='"Text"', CommandTimeout='30']
SELECT `p`.`Id`, `p`.`Created_At`, `p`.`Patient_Id`, `p`.`Report`, `p`.`Report_File`, `p`.`Scan_Name`, `p`.`Status`, `p`.`Type`, `p`.`Updated_At`
FROM `Patient_Scans` AS `p`
WHERE `p`.`Patient_Id` = @__p_0

2024-08-03 00:03:47.682 +05:30  INF  Executing ObjectResult, writing value of type 'DCRM.Common.Dto.PatientseDto'.

2024-08-03 00:03:47.683 +05:30  INF  Executed action DCRM.Api.Controllers.PatientController.Get (DCRM.Api) in 3944.9153ms

2024-08-03 00:03:47.683 +05:30  INF  Executed endpoint 'DCRM.Api.Controllers.PatientController.Get (DCRM.Api)'

2024-08-03 00:03:47.683 +05:30  INF  Request finished HTTP/2 GET https://localhost:7069/api/Patient/Get/10 application/json - - 200 - application/json;+charset=utf-8 6948.6841ms

2024-08-03 00:03:48.102 +05:30  INF  Executed DbCommand (215ms) [Parameters=[@__Id_0='?' (DbType = Int64)], CommandType='"Text"', CommandTimeout='30']
SELECT `d`.`Id`, `d`.`Age`, `d`.`Blood_Group`, `d`.`Created_At`, `d`.`Dob`, `d`.`Email`, `d`.`Email2`, `d`.`Gender`, `d`.`Gst_Number`, `d`.`Is_Delete`, `d`.`Marital_Status`, `d`.`Name`, `d`.`Pan_Number`, `d`.`Password`, `d`.`Phone1`, `d`.`Phone2`, `d`.`Phone3`, `d`.`Phone4`, `d`.`Qualification`, `d`.`Role`, `d`.`Speciality`, `d`.`Thumb`, `d`.`Updated_At`, `d`.`User_Id`
FROM `Doctors` AS `d`
WHERE `d`.`Id` = @__Id_0
LIMIT 2

2024-08-03 00:03:48.723 +05:30  INF  Executed DbCommand (208ms) [Parameters=[@__Id_0='?' (DbType = Int64)], CommandType='"Text"', CommandTimeout='30']
SELECT `d`.`Id`, `d`.`Age`, `d`.`Blood_Group`, `d`.`Created_At`, `d`.`Dob`, `d`.`Email`, `d`.`Email2`, `d`.`Gender`, `d`.`Gst_Number`, `d`.`Is_Delete`, `d`.`Marital_Status`, `d`.`Name`, `d`.`Pan_Number`, `d`.`Password`, `d`.`Phone1`, `d`.`Phone2`, `d`.`Phone3`, `d`.`Phone4`, `d`.`Qualification`, `d`.`Role`, `d`.`Speciality`, `d`.`Thumb`, `d`.`Updated_At`, `d`.`User_Id`
FROM `Doctors` AS `d`
WHERE `d`.`Id` = @__Id_0
LIMIT 2

2024-08-03 00:03:49.344 +05:30  INF  Executed DbCommand (207ms) [Parameters=[@__Id_0='?' (DbType = Int64)], CommandType='"Text"', CommandTimeout='30']
SELECT `d`.`Id`, `d`.`Age`, `d`.`Blood_Group`, `d`.`Created_At`, `d`.`Dob`, `d`.`Email`, `d`.`Email2`, `d`.`Gender`, `d`.`Gst_Number`, `d`.`Is_Delete`, `d`.`Marital_Status`, `d`.`Name`, `d`.`Pan_Number`, `d`.`Password`, `d`.`Phone1`, `d`.`Phone2`, `d`.`Phone3`, `d`.`Phone4`, `d`.`Qualification`, `d`.`Role`, `d`.`Speciality`, `d`.`Thumb`, `d`.`Updated_At`, `d`.`User_Id`
FROM `Doctors` AS `d`
WHERE `d`.`Id` = @__Id_0
LIMIT 2

2024-08-03 00:03:49.966 +05:30  INF  Executed DbCommand (208ms) [Parameters=[@__Id_0='?' (DbType = Int64)], CommandType='"Text"', CommandTimeout='30']
SELECT `d`.`Id`, `d`.`Age`, `d`.`Blood_Group`, `d`.`Created_At`, `d`.`Dob`, `d`.`Email`, `d`.`Email2`, `d`.`Gender`, `d`.`Gst_Number`, `d`.`Is_Delete`, `d`.`Marital_Status`, `d`.`Name`, `d`.`Pan_Number`, `d`.`Password`, `d`.`Phone1`, `d`.`Phone2`, `d`.`Phone3`, `d`.`Phone4`, `d`.`Qualification`, `d`.`Role`, `d`.`Speciality`, `d`.`Thumb`, `d`.`Updated_At`, `d`.`User_Id`
FROM `Doctors` AS `d`
WHERE `d`.`Id` = @__Id_0
LIMIT 2

2024-08-03 00:03:50.587 +05:30  INF  Executed DbCommand (208ms) [Parameters=[@__Id_0='?' (DbType = Int64)], CommandType='"Text"', CommandTimeout='30']
SELECT `d`.`Id`, `d`.`Age`, `d`.`Blood_Group`, `d`.`Created_At`, `d`.`Dob`, `d`.`Email`, `d`.`Email2`, `d`.`Gender`, `d`.`Gst_Number`, `d`.`Is_Delete`, `d`.`Marital_Status`, `d`.`Name`, `d`.`Pan_Number`, `d`.`Password`, `d`.`Phone1`, `d`.`Phone2`, `d`.`Phone3`, `d`.`Phone4`, `d`.`Qualification`, `d`.`Role`, `d`.`Speciality`, `d`.`Thumb`, `d`.`Updated_At`, `d`.`User_Id`
FROM `Doctors` AS `d`
WHERE `d`.`Id` = @__Id_0
LIMIT 2

2024-08-03 00:03:51.208 +05:30  INF  Executed DbCommand (208ms) [Parameters=[@__Id_0='?' (DbType = Int64)], CommandType='"Text"', CommandTimeout='30']
SELECT `d`.`Id`, `d`.`Age`, `d`.`Blood_Group`, `d`.`Created_At`, `d`.`Dob`, `d`.`Email`, `d`.`Email2`, `d`.`Gender`, `d`.`Gst_Number`, `d`.`Is_Delete`, `d`.`Marital_Status`, `d`.`Name`, `d`.`Pan_Number`, `d`.`Password`, `d`.`Phone1`, `d`.`Phone2`, `d`.`Phone3`, `d`.`Phone4`, `d`.`Qualification`, `d`.`Role`, `d`.`Speciality`, `d`.`Thumb`, `d`.`Updated_At`, `d`.`User_Id`
FROM `Doctors` AS `d`
WHERE `d`.`Id` = @__Id_0
LIMIT 2

2024-08-03 00:03:51.871 +05:30  INF  Executed DbCommand (205ms) [Parameters=[@__Id_0='?' (DbType = Int64)], CommandType='"Text"', CommandTimeout='30']
SELECT `d`.`Id`, `d`.`Age`, `d`.`Blood_Group`, `d`.`Created_At`, `d`.`Dob`, `d`.`Email`, `d`.`Email2`, `d`.`Gender`, `d`.`Gst_Number`, `d`.`Is_Delete`, `d`.`Marital_Status`, `d`.`Name`, `d`.`Pan_Number`, `d`.`Password`, `d`.`Phone1`, `d`.`Phone2`, `d`.`Phone3`, `d`.`Phone4`, `d`.`Qualification`, `d`.`Role`, `d`.`Speciality`, `d`.`Thumb`, `d`.`Updated_At`, `d`.`User_Id`
FROM `Doctors` AS `d`
WHERE `d`.`Id` = @__Id_0
LIMIT 2

2024-08-03 00:03:52.491 +05:30  INF  Executed DbCommand (206ms) [Parameters=[@__Id_0='?' (DbType = Int64)], CommandType='"Text"', CommandTimeout='30']
SELECT `d`.`Id`, `d`.`Age`, `d`.`Blood_Group`, `d`.`Created_At`, `d`.`Dob`, `d`.`Email`, `d`.`Email2`, `d`.`Gender`, `d`.`Gst_Number`, `d`.`Is_Delete`, `d`.`Marital_Status`, `d`.`Name`, `d`.`Pan_Number`, `d`.`Password`, `d`.`Phone1`, `d`.`Phone2`, `d`.`Phone3`, `d`.`Phone4`, `d`.`Qualification`, `d`.`Role`, `d`.`Speciality`, `d`.`Thumb`, `d`.`Updated_At`, `d`.`User_Id`
FROM `Doctors` AS `d`
WHERE `d`.`Id` = @__Id_0
LIMIT 2

2024-08-03 00:03:53.114 +05:30  INF  Executed DbCommand (208ms) [Parameters=[@__Id_0='?' (DbType = Int64)], CommandType='"Text"', CommandTimeout='30']
SELECT `d`.`Id`, `d`.`Age`, `d`.`Blood_Group`, `d`.`Created_At`, `d`.`Dob`, `d`.`Email`, `d`.`Email2`, `d`.`Gender`, `d`.`Gst_Number`, `d`.`Is_Delete`, `d`.`Marital_Status`, `d`.`Name`, `d`.`Pan_Number`, `d`.`Password`, `d`.`Phone1`, `d`.`Phone2`, `d`.`Phone3`, `d`.`Phone4`, `d`.`Qualification`, `d`.`Role`, `d`.`Speciality`, `d`.`Thumb`, `d`.`Updated_At`, `d`.`User_Id`
FROM `Doctors` AS `d`
WHERE `d`.`Id` = @__Id_0
LIMIT 2

2024-08-03 00:03:53.734 +05:30  INF  Executed DbCommand (207ms) [Parameters=[@__Id_0='?' (DbType = Int64)], CommandType='"Text"', CommandTimeout='30']
SELECT `d`.`Id`, `d`.`Age`, `d`.`Blood_Group`, `d`.`Created_At`, `d`.`Dob`, `d`.`Email`, `d`.`Email2`, `d`.`Gender`, `d`.`Gst_Number`, `d`.`Is_Delete`, `d`.`Marital_Status`, `d`.`Name`, `d`.`Pan_Number`, `d`.`Password`, `d`.`Phone1`, `d`.`Phone2`, `d`.`Phone3`, `d`.`Phone4`, `d`.`Qualification`, `d`.`Role`, `d`.`Speciality`, `d`.`Thumb`, `d`.`Updated_At`, `d`.`User_Id`
FROM `Doctors` AS `d`
WHERE `d`.`Id` = @__Id_0
LIMIT 2

2024-08-03 00:03:54.353 +05:30  INF  Executed DbCommand (208ms) [Parameters=[@__Id_0='?' (DbType = Int64)], CommandType='"Text"', CommandTimeout='30']
SELECT `d`.`Id`, `d`.`Age`, `d`.`Blood_Group`, `d`.`Created_At`, `d`.`Dob`, `d`.`Email`, `d`.`Email2`, `d`.`Gender`, `d`.`Gst_Number`, `d`.`Is_Delete`, `d`.`Marital_Status`, `d`.`Name`, `d`.`Pan_Number`, `d`.`Password`, `d`.`Phone1`, `d`.`Phone2`, `d`.`Phone3`, `d`.`Phone4`, `d`.`Qualification`, `d`.`Role`, `d`.`Speciality`, `d`.`Thumb`, `d`.`Updated_At`, `d`.`User_Id`
FROM `Doctors` AS `d`
WHERE `d`.`Id` = @__Id_0
LIMIT 2

2024-08-03 00:03:54.972 +05:30  INF  Executed DbCommand (206ms) [Parameters=[@__Id_0='?' (DbType = Int64)], CommandType='"Text"', CommandTimeout='30']
SELECT `d`.`Id`, `d`.`Age`, `d`.`Blood_Group`, `d`.`Created_At`, `d`.`Dob`, `d`.`Email`, `d`.`Email2`, `d`.`Gender`, `d`.`Gst_Number`, `d`.`Is_Delete`, `d`.`Marital_Status`, `d`.`Name`, `d`.`Pan_Number`, `d`.`Password`, `d`.`Phone1`, `d`.`Phone2`, `d`.`Phone3`, `d`.`Phone4`, `d`.`Qualification`, `d`.`Role`, `d`.`Speciality`, `d`.`Thumb`, `d`.`Updated_At`, `d`.`User_Id`
FROM `Doctors` AS `d`
WHERE `d`.`Id` = @__Id_0
LIMIT 2

2024-08-03 00:03:55.595 +05:30  INF  Executed DbCommand (206ms) [Parameters=[@__Id_0='?' (DbType = Int64)], CommandType='"Text"', CommandTimeout='30']
SELECT `d`.`Id`, `d`.`Age`, `d`.`Blood_Group`, `d`.`Created_At`, `d`.`Dob`, `d`.`Email`, `d`.`Email2`, `d`.`Gender`, `d`.`Gst_Number`, `d`.`Is_Delete`, `d`.`Marital_Status`, `d`.`Name`, `d`.`Pan_Number`, `d`.`Password`, `d`.`Phone1`, `d`.`Phone2`, `d`.`Phone3`, `d`.`Phone4`, `d`.`Qualification`, `d`.`Role`, `d`.`Speciality`, `d`.`Thumb`, `d`.`Updated_At`, `d`.`User_Id`
FROM `Doctors` AS `d`
WHERE `d`.`Id` = @__Id_0
LIMIT 2

2024-08-03 00:03:56.215 +05:30  INF  Executed DbCommand (210ms) [Parameters=[@__Id_0='?' (DbType = Int64)], CommandType='"Text"', CommandTimeout='30']
SELECT `d`.`Id`, `d`.`Age`, `d`.`Blood_Group`, `d`.`Created_At`, `d`.`Dob`, `d`.`Email`, `d`.`Email2`, `d`.`Gender`, `d`.`Gst_Number`, `d`.`Is_Delete`, `d`.`Marital_Status`, `d`.`Name`, `d`.`Pan_Number`, `d`.`Password`, `d`.`Phone1`, `d`.`Phone2`, `d`.`Phone3`, `d`.`Phone4`, `d`.`Qualification`, `d`.`Role`, `d`.`Speciality`, `d`.`Thumb`, `d`.`Updated_At`, `d`.`User_Id`
FROM `Doctors` AS `d`
WHERE `d`.`Id` = @__Id_0
LIMIT 2

2024-08-03 00:03:56.215 +05:30  INF  Executing ObjectResult, writing value of type 'System.Collections.Generic.List`1[[DCRM.Common.Dto.ChairDto, DCRM.Common, Version=1.0.0.0, Culture=neutral, PublicKeyToken=null]]'.

2024-08-03 00:03:56.216 +05:30  INF  Executed action DCRM.Api.Controllers.ChairController.GetAll (DCRM.Api) in 12479.4639ms

2024-08-03 00:03:56.216 +05:30  INF  Executed endpoint 'DCRM.Api.Controllers.ChairController.GetAll (DCRM.Api)'

2024-08-03 00:03:56.216 +05:30  INF  Request finished HTTP/2 GET https://localhost:7069/api/Chair/GetAll application/json - - 200 - application/json;+charset=utf-8 15479.2817ms

2024-08-03 00:04:11.321 +05:30  INF  Request starting HTTP/2 OPTIONS https://localhost:7069/api/Appointment/Get/387 - -

2024-08-03 00:04:11.321 +05:30  INF  CORS policy execution successful.

2024-08-03 00:04:11.321 +05:30  INF  Request finished HTTP/2 OPTIONS https://localhost:7069/api/Appointment/Get/387 - - - 204 - - 0.5230ms

2024-08-03 00:04:11.329 +05:30  INF  Request starting HTTP/2 GET https://localhost:7069/api/Appointment/Get/387 application/json -

2024-08-03 00:04:11.329 +05:30  INF  CORS policy execution successful.

2024-08-03 00:04:11.958 +05:30  INF  Executed DbCommand (213ms) [Parameters=[@__id_0='?' (DbType = Int64)], CommandType='"Text"', CommandTimeout='30']
SELECT `u`.`Id`, `u`.`About_Me`, `u`.`Account_Type`, `u`.`Address`, `u`.`Available_Days`, `u`.`Bn_Name`, `u`.`City`, `u`.`Country`, `u`.`Created_At`, `u`.`Currency`, `u`.`Degree`, `u`.`Email`, `u`.`Email_Verified`, `u`.`Enable_Appointment`, `u`.`Enable_Rating`, `u`.`Exp_Years`, `u`.`Facebook`, `u`.`Google_Analytics`, `u`.`Image`, `u`.`Instagram`, `u`.`Linkedin`, `u`.`Name`, `u`.`Parent_Id`, `u`.`Password`, `u`.`Paypal_Email`, `u`.`Paypal_Mode`, `u`.`Paypal_Payment`, `u`.`Paystack_Payment`, `u`.`Paystack_Public_Key`, `u`.`Paystack_Secret_Key`, `u`.`Phone`, `u`.`Publish_Key`, `u`.`Qr_Code`, `u`.`Razorpay_Key_Id`, `u`.`Razorpay_Key_Secret`, `u`.`Razorpay_Payment`, `u`.`Role`, `u`.`Secret_Key`, `u`.`Skype`, `u`.`Slug`, `u`.`Specialist`, `u`.`Status`, `u`.`Stripe_Payment`, `u`.`Thumb`, `u`.`Trial_Expire`, `u`.`Twitter`, `u`.`User_Name`, `u`.`User_Type`, `u`.`Verify_Code`, `u`.`Whatsapp`
FROM `Users` AS `u`
WHERE `u`.`Id` = @__id_0
LIMIT 1

2024-08-03 00:04:11.958 +05:30  INF  Executing endpoint 'DCRM.Api.Controllers.AppointmentController.Get (DCRM.Api)'

2024-08-03 00:04:11.958 +05:30  INF  Route matched with {action = "Get", controller = "Appointment"}. Executing controller action with signature DCRM.Common.Entity.Appointment Get(Int32) on controller DCRM.Api.Controllers.AppointmentController (DCRM.Api).

2024-08-03 00:04:12.582 +05:30  INF  Executed DbCommand (209ms) [Parameters=[@__id_0='?' (DbType = Int64)], CommandType='"Text"', CommandTimeout='30']
SELECT `a`.`Id`, `a`.`Appointment_Status`, `a`.`Cause`, `a`.`Chair`, `a`.`Chamber_Id`, `a`.`Created_At`, `a`.`Date`, `a`.`Doctor_Id`, `a`.`Doctor_Name`, `a`.`End_Time`, `a`.`Extra_Notes`, `a`.`Files`, `a`.`Is_Delete`, `a`.`Is_Start`, `a`.`Meeting_Notes`, `a`.`Number_Of_Slot`, `a`.`Patient_Id`, `a`.`Prescription_Id`, `a`.`Serial_Id`, `a`.`Slot_Time`, `a`.`Start_Time`, `a`.`Status`, `a`.`Type`, `a`.`User_Id`, `a`.`Workdone_Id`
FROM `Appointments` AS `a`
WHERE (`a`.`Id` = @__id_0) AND (`a`.`Is_Delete` = 0)
LIMIT 1

2024-08-03 00:04:12.583 +05:30  INF  Executing ObjectResult, writing value of type 'DCRM.Common.Entity.Appointment'.

2024-08-03 00:04:12.583 +05:30  INF  Executed action DCRM.Api.Controllers.AppointmentController.Get (DCRM.Api) in 624.9503ms

2024-08-03 00:04:12.583 +05:30  INF  Executed endpoint 'DCRM.Api.Controllers.AppointmentController.Get (DCRM.Api)'

2024-08-03 00:04:12.583 +05:30  INF  Request finished HTTP/2 GET https://localhost:7069/api/Appointment/Get/387 application/json - - 200 - application/json;+charset=utf-8 1254.2643ms

2024-08-03 00:04:15.243 +05:30  INF  Request starting HTTP/2 OPTIONS https://localhost:7069/api/Patient/Get/387 - -

2024-08-03 00:04:15.243 +05:30  INF  CORS policy execution successful.

2024-08-03 00:04:15.244 +05:30  INF  Request starting HTTP/2 OPTIONS https://localhost:7069/api/Doctor/Get/Names - -

2024-08-03 00:04:15.244 +05:30  INF  Request finished HTTP/2 OPTIONS https://localhost:7069/api/Patient/Get/387 - - - 204 - - 1.0687ms

2024-08-03 00:04:15.244 +05:30  INF  CORS policy execution successful.

2024-08-03 00:04:15.244 +05:30  INF  Request finished HTTP/2 OPTIONS https://localhost:7069/api/Doctor/Get/Names - - - 204 - - 0.2076ms

2024-08-03 00:04:15.257 +05:30  INF  Request starting HTTP/2 OPTIONS https://localhost:7069/api/Patient/Get/Names - -

2024-08-03 00:04:15.257 +05:30  INF  CORS policy execution successful.

2024-08-03 00:04:15.257 +05:30  INF  Request starting HTTP/2 GET https://localhost:7069/api/Patient/Get/387 application/json -

2024-08-03 00:04:15.257 +05:30  INF  Request finished HTTP/2 OPTIONS https://localhost:7069/api/Patient/Get/Names - - - 204 - - 5.7066ms

2024-08-03 00:04:15.257 +05:30  INF  CORS policy execution successful.

2024-08-03 00:04:15.263 +05:30  INF  Request starting HTTP/2 OPTIONS https://localhost:7069/api/Patient/Get/10 - -

2024-08-03 00:04:15.263 +05:30  INF  Request starting HTTP/2 GET https://localhost:7069/api/Doctor/Get/Names application/json -

2024-08-03 00:04:15.263 +05:30  INF  CORS policy execution successful.

2024-08-03 00:04:15.263 +05:30  INF  CORS policy execution successful.

2024-08-03 00:04:15.264 +05:30  INF  Request finished HTTP/2 OPTIONS https://localhost:7069/api/Patient/Get/10 - - - 204 - - 1.1869ms

2024-08-03 00:04:15.266 +05:30  INF  Request starting HTTP/2 GET https://localhost:7069/api/Patient/Get/Names application/json -

2024-08-03 00:04:15.266 +05:30  INF  CORS policy execution successful.

2024-08-03 00:04:15.267 +05:30  INF  Request starting HTTP/2 OPTIONS https://localhost:7069/api/Chair/GetAll - -

2024-08-03 00:04:15.267 +05:30  INF  Request starting HTTP/2 GET https://localhost:7069/api/Patient/Get/10 application/json -

2024-08-03 00:04:15.267 +05:30  INF  CORS policy execution successful.

2024-08-03 00:04:15.267 +05:30  INF  CORS policy execution successful.

2024-08-03 00:04:15.267 +05:30  INF  Request finished HTTP/2 OPTIONS https://localhost:7069/api/Chair/GetAll - - - 204 - - 0.3231ms

2024-08-03 00:04:15.272 +05:30  INF  Request starting HTTP/2 GET https://localhost:7069/api/Chair/GetAll application/json -

2024-08-03 00:04:15.272 +05:30  INF  CORS policy execution successful.

2024-08-03 00:04:15.891 +05:30  INF  Executed DbCommand (208ms) [Parameters=[@__id_0='?' (DbType = Int64)], CommandType='"Text"', CommandTimeout='30']
SELECT `u`.`Id`, `u`.`About_Me`, `u`.`Account_Type`, `u`.`Address`, `u`.`Available_Days`, `u`.`Bn_Name`, `u`.`City`, `u`.`Country`, `u`.`Created_At`, `u`.`Currency`, `u`.`Degree`, `u`.`Email`, `u`.`Email_Verified`, `u`.`Enable_Appointment`, `u`.`Enable_Rating`, `u`.`Exp_Years`, `u`.`Facebook`, `u`.`Google_Analytics`, `u`.`Image`, `u`.`Instagram`, `u`.`Linkedin`, `u`.`Name`, `u`.`Parent_Id`, `u`.`Password`, `u`.`Paypal_Email`, `u`.`Paypal_Mode`, `u`.`Paypal_Payment`, `u`.`Paystack_Payment`, `u`.`Paystack_Public_Key`, `u`.`Paystack_Secret_Key`, `u`.`Phone`, `u`.`Publish_Key`, `u`.`Qr_Code`, `u`.`Razorpay_Key_Id`, `u`.`Razorpay_Key_Secret`, `u`.`Razorpay_Payment`, `u`.`Role`, `u`.`Secret_Key`, `u`.`Skype`, `u`.`Slug`, `u`.`Specialist`, `u`.`Status`, `u`.`Stripe_Payment`, `u`.`Thumb`, `u`.`Trial_Expire`, `u`.`Twitter`, `u`.`User_Name`, `u`.`User_Type`, `u`.`Verify_Code`, `u`.`Whatsapp`
FROM `Users` AS `u`
WHERE `u`.`Id` = @__id_0
LIMIT 1

2024-08-03 00:04:15.891 +05:30  INF  Executing endpoint 'DCRM.Api.Controllers.PatientController.Get (DCRM.Api)'

2024-08-03 00:04:15.891 +05:30  INF  Route matched with {action = "Get", controller = "Patient"}. Executing controller action with signature DCRM.Common.Dto.PatientseDto Get(Int64) on controller DCRM.Api.Controllers.PatientController (DCRM.Api).

2024-08-03 00:04:15.892 +05:30  INF  Executed DbCommand (210ms) [Parameters=[@__id_0='?' (DbType = Int64)], CommandType='"Text"', CommandTimeout='30']
SELECT `u`.`Id`, `u`.`About_Me`, `u`.`Account_Type`, `u`.`Address`, `u`.`Available_Days`, `u`.`Bn_Name`, `u`.`City`, `u`.`Country`, `u`.`Created_At`, `u`.`Currency`, `u`.`Degree`, `u`.`Email`, `u`.`Email_Verified`, `u`.`Enable_Appointment`, `u`.`Enable_Rating`, `u`.`Exp_Years`, `u`.`Facebook`, `u`.`Google_Analytics`, `u`.`Image`, `u`.`Instagram`, `u`.`Linkedin`, `u`.`Name`, `u`.`Parent_Id`, `u`.`Password`, `u`.`Paypal_Email`, `u`.`Paypal_Mode`, `u`.`Paypal_Payment`, `u`.`Paystack_Payment`, `u`.`Paystack_Public_Key`, `u`.`Paystack_Secret_Key`, `u`.`Phone`, `u`.`Publish_Key`, `u`.`Qr_Code`, `u`.`Razorpay_Key_Id`, `u`.`Razorpay_Key_Secret`, `u`.`Razorpay_Payment`, `u`.`Role`, `u`.`Secret_Key`, `u`.`Skype`, `u`.`Slug`, `u`.`Specialist`, `u`.`Status`, `u`.`Stripe_Payment`, `u`.`Thumb`, `u`.`Trial_Expire`, `u`.`Twitter`, `u`.`User_Name`, `u`.`User_Type`, `u`.`Verify_Code`, `u`.`Whatsapp`
FROM `Users` AS `u`
WHERE `u`.`Id` = @__id_0
LIMIT 1

2024-08-03 00:04:15.892 +05:30  INF  Executing endpoint 'DCRM.Api.Controllers.PatientController.PatientDetailList (DCRM.Api)'

2024-08-03 00:04:15.892 +05:30  INF  Route matched with {action = "PatientDetailList", controller = "Patient"}. Executing controller action with signature System.Collections.Generic.List`1[DCRM.Common.Dto.DropdownDataDto] PatientDetailList() on controller DCRM.Api.Controllers.PatientController (DCRM.Api).

2024-08-03 00:04:15.893 +05:30  INF  Executed DbCommand (210ms) [Parameters=[@__id_0='?' (DbType = Int64)], CommandType='"Text"', CommandTimeout='30']
SELECT `u`.`Id`, `u`.`About_Me`, `u`.`Account_Type`, `u`.`Address`, `u`.`Available_Days`, `u`.`Bn_Name`, `u`.`City`, `u`.`Country`, `u`.`Created_At`, `u`.`Currency`, `u`.`Degree`, `u`.`Email`, `u`.`Email_Verified`, `u`.`Enable_Appointment`, `u`.`Enable_Rating`, `u`.`Exp_Years`, `u`.`Facebook`, `u`.`Google_Analytics`, `u`.`Image`, `u`.`Instagram`, `u`.`Linkedin`, `u`.`Name`, `u`.`Parent_Id`, `u`.`Password`, `u`.`Paypal_Email`, `u`.`Paypal_Mode`, `u`.`Paypal_Payment`, `u`.`Paystack_Payment`, `u`.`Paystack_Public_Key`, `u`.`Paystack_Secret_Key`, `u`.`Phone`, `u`.`Publish_Key`, `u`.`Qr_Code`, `u`.`Razorpay_Key_Id`, `u`.`Razorpay_Key_Secret`, `u`.`Razorpay_Payment`, `u`.`Role`, `u`.`Secret_Key`, `u`.`Skype`, `u`.`Slug`, `u`.`Specialist`, `u`.`Status`, `u`.`Stripe_Payment`, `u`.`Thumb`, `u`.`Trial_Expire`, `u`.`Twitter`, `u`.`User_Name`, `u`.`User_Type`, `u`.`Verify_Code`, `u`.`Whatsapp`
FROM `Users` AS `u`
WHERE `u`.`Id` = @__id_0
LIMIT 1

2024-08-03 00:04:15.893 +05:30  INF  Executing endpoint 'DCRM.Api.Controllers.PatientController.Get (DCRM.Api)'

2024-08-03 00:04:15.893 +05:30  INF  Route matched with {action = "Get", controller = "Patient"}. Executing controller action with signature DCRM.Common.Dto.PatientseDto Get(Int64) on controller DCRM.Api.Controllers.PatientController (DCRM.Api).

2024-08-03 00:04:15.894 +05:30  INF  Executed DbCommand (210ms) [Parameters=[@__id_0='?' (DbType = Int64)], CommandType='"Text"', CommandTimeout='30']
SELECT `u`.`Id`, `u`.`About_Me`, `u`.`Account_Type`, `u`.`Address`, `u`.`Available_Days`, `u`.`Bn_Name`, `u`.`City`, `u`.`Country`, `u`.`Created_At`, `u`.`Currency`, `u`.`Degree`, `u`.`Email`, `u`.`Email_Verified`, `u`.`Enable_Appointment`, `u`.`Enable_Rating`, `u`.`Exp_Years`, `u`.`Facebook`, `u`.`Google_Analytics`, `u`.`Image`, `u`.`Instagram`, `u`.`Linkedin`, `u`.`Name`, `u`.`Parent_Id`, `u`.`Password`, `u`.`Paypal_Email`, `u`.`Paypal_Mode`, `u`.`Paypal_Payment`, `u`.`Paystack_Payment`, `u`.`Paystack_Public_Key`, `u`.`Paystack_Secret_Key`, `u`.`Phone`, `u`.`Publish_Key`, `u`.`Qr_Code`, `u`.`Razorpay_Key_Id`, `u`.`Razorpay_Key_Secret`, `u`.`Razorpay_Payment`, `u`.`Role`, `u`.`Secret_Key`, `u`.`Skype`, `u`.`Slug`, `u`.`Specialist`, `u`.`Status`, `u`.`Stripe_Payment`, `u`.`Thumb`, `u`.`Trial_Expire`, `u`.`Twitter`, `u`.`User_Name`, `u`.`User_Type`, `u`.`Verify_Code`, `u`.`Whatsapp`
FROM `Users` AS `u`
WHERE `u`.`Id` = @__id_0
LIMIT 1

2024-08-03 00:04:15.894 +05:30  INF  Executed DbCommand (211ms) [Parameters=[@__id_0='?' (DbType = Int64)], CommandType='"Text"', CommandTimeout='30']
SELECT `u`.`Id`, `u`.`About_Me`, `u`.`Account_Type`, `u`.`Address`, `u`.`Available_Days`, `u`.`Bn_Name`, `u`.`City`, `u`.`Country`, `u`.`Created_At`, `u`.`Currency`, `u`.`Degree`, `u`.`Email`, `u`.`Email_Verified`, `u`.`Enable_Appointment`, `u`.`Enable_Rating`, `u`.`Exp_Years`, `u`.`Facebook`, `u`.`Google_Analytics`, `u`.`Image`, `u`.`Instagram`, `u`.`Linkedin`, `u`.`Name`, `u`.`Parent_Id`, `u`.`Password`, `u`.`Paypal_Email`, `u`.`Paypal_Mode`, `u`.`Paypal_Payment`, `u`.`Paystack_Payment`, `u`.`Paystack_Public_Key`, `u`.`Paystack_Secret_Key`, `u`.`Phone`, `u`.`Publish_Key`, `u`.`Qr_Code`, `u`.`Razorpay_Key_Id`, `u`.`Razorpay_Key_Secret`, `u`.`Razorpay_Payment`, `u`.`Role`, `u`.`Secret_Key`, `u`.`Skype`, `u`.`Slug`, `u`.`Specialist`, `u`.`Status`, `u`.`Stripe_Payment`, `u`.`Thumb`, `u`.`Trial_Expire`, `u`.`Twitter`, `u`.`User_Name`, `u`.`User_Type`, `u`.`Verify_Code`, `u`.`Whatsapp`
FROM `Users` AS `u`
WHERE `u`.`Id` = @__id_0
LIMIT 1

2024-08-03 00:04:15.894 +05:30  INF  Executing endpoint 'DCRM.Api.Controllers.ChairController.GetAll (DCRM.Api)'

2024-08-03 00:04:15.894 +05:30  INF  Executing endpoint 'DCRM.Api.Controllers.DoctorController.DoctorNameList (DCRM.Api)'

2024-08-03 00:04:15.894 +05:30  INF  Route matched with {action = "GetAll", controller = "Chair"}. Executing controller action with signature System.Collections.Generic.List`1[DCRM.Common.Dto.ChairDto] GetAll() on controller DCRM.Api.Controllers.ChairController (DCRM.Api).

2024-08-03 00:04:15.894 +05:30  INF  Route matched with {action = "DoctorNameList", controller = "Doctor"}. Executing controller action with signature System.Collections.Generic.List`1[DCRM.Common.Dto.DropdownDataDto] DoctorNameList() on controller DCRM.Api.Controllers.DoctorController (DCRM.Api).

2024-08-03 00:04:16.512 +05:30  INF  Executed DbCommand (208ms) [Parameters=[@__id_0='?' (DbType = Int64)], CommandType='"Text"', CommandTimeout='30']
SELECT `p`.`Id`, `p`.`Age`, `p`.`Chamber_Id`, `p`.`Created_At`, `p`.`Email`, `p`.`Guardian`, `p`.`Is_Delete`, `p`.`Mobile`, `p`.`Mr_Number`, `p`.`Name`, `p`.`Password`, `p`.`Permanent_Address`, `p`.`Present_Address`, `p`.`Role`, `p`.`Sex`, `p`.`Slug`, `p`.`Thumb`, `p`.`Title`, `p`.`UserName`, `p`.`User_Id`, `p`.`Verify_Code`, `p`.`Weight`
FROM `Patientses` AS `p`
WHERE (`p`.`Is_Delete` = 0) AND (`p`.`Id` = @__id_0)
LIMIT 1

2024-08-03 00:04:16.513 +05:30  INF  Executed DbCommand (208ms) [Parameters=[@__id_0='?' (DbType = Int64)], CommandType='"Text"', CommandTimeout='30']
SELECT `p`.`Id`, `p`.`Age`, `p`.`Chamber_Id`, `p`.`Created_At`, `p`.`Email`, `p`.`Guardian`, `p`.`Is_Delete`, `p`.`Mobile`, `p`.`Mr_Number`, `p`.`Name`, `p`.`Password`, `p`.`Permanent_Address`, `p`.`Present_Address`, `p`.`Role`, `p`.`Sex`, `p`.`Slug`, `p`.`Thumb`, `p`.`Title`, `p`.`UserName`, `p`.`User_Id`, `p`.`Verify_Code`, `p`.`Weight`
FROM `Patientses` AS `p`
WHERE (`p`.`Is_Delete` = 0) AND (`p`.`Id` = @__id_0)
LIMIT 1

2024-08-03 00:04:16.515 +05:30  INF  Executed DbCommand (209ms) [Parameters=[], CommandType='"Text"', CommandTimeout='30']
SELECT `c`.`Id`, `c`.`Address`, `c`.`Appoinment_Limit`, `c`.`Created_At`, `c`.`Doctor_Id`, `c`.`Is_Primary`, `c`.`Name`, `c`.`Status`, `c`.`Uid`, `c`.`User_Id`
FROM `Chairs` AS `c`

2024-08-03 00:04:16.719 +05:30  INF  Executed DbCommand (414ms) [Parameters=[@__userId_0='?' (DbType = Int64)], CommandType='"Text"', CommandTimeout='30']
SELECT `d`.`Id`, `d`.`Age`, `d`.`Blood_Group`, `d`.`Created_At`, `d`.`Dob`, `d`.`Email`, `d`.`Email2`, `d`.`Gender`, `d`.`Gst_Number`, `d`.`Is_Delete`, `d`.`Marital_Status`, `d`.`Name`, `d`.`Pan_Number`, `d`.`Password`, `d`.`Phone1`, `d`.`Phone2`, `d`.`Phone3`, `d`.`Phone4`, `d`.`Qualification`, `d`.`Role`, `d`.`Speciality`, `d`.`Thumb`, `d`.`Updated_At`, `d`.`User_Id`
FROM `Doctors` AS `d`
WHERE (`d`.`User_Id` = @__userId_0) AND (`d`.`Is_Delete` = 0)

2024-08-03 00:04:16.721 +05:30  INF  Executed DbCommand (416ms) [Parameters=[@__userId_0='?' (DbType = Int64)], CommandType='"Text"', CommandTimeout='30']
SELECT `p`.`Id`, `p`.`Age`, `p`.`Chamber_Id`, `p`.`Created_At`, `p`.`Email`, `p`.`Guardian`, `p`.`Is_Delete`, `p`.`Mobile`, `p`.`Mr_Number`, `p`.`Name`, `p`.`Password`, `p`.`Permanent_Address`, `p`.`Present_Address`, `p`.`Role`, `p`.`Sex`, `p`.`Slug`, `p`.`Thumb`, `p`.`Title`, `p`.`UserName`, `p`.`User_Id`, `p`.`Verify_Code`, `p`.`Weight`
FROM `Patientses` AS `p`
WHERE (`p`.`User_Id` = @__userId_0) AND (`p`.`Is_Delete` = 0)

2024-08-03 00:04:17.148 +05:30  INF  Executed DbCommand (215ms) [Parameters=[@__Id_0='?' (DbType = Int64)], CommandType='"Text"', CommandTimeout='30']
SELECT `d`.`Id`, `d`.`Age`, `d`.`Blood_Group`, `d`.`Created_At`, `d`.`Dob`, `d`.`Email`, `d`.`Email2`, `d`.`Gender`, `d`.`Gst_Number`, `d`.`Is_Delete`, `d`.`Marital_Status`, `d`.`Name`, `d`.`Pan_Number`, `d`.`Password`, `d`.`Phone1`, `d`.`Phone2`, `d`.`Phone3`, `d`.`Phone4`, `d`.`Qualification`, `d`.`Role`, `d`.`Speciality`, `d`.`Thumb`, `d`.`Updated_At`, `d`.`User_Id`
FROM `Doctors` AS `d`
WHERE `d`.`Id` = @__Id_0
LIMIT 2

2024-08-03 00:04:17.352 +05:30  INF  Executed DbCommand (427ms) [Parameters=[], CommandType='"Text"', CommandTimeout='30']
SELECT `p`.`Id`, `p`.`Amount_Type`, `p`.`Balance`, `p`.`Created_At`, `p`.`Credit_Amount`, `p`.`Debit_Amount`, `p`.`Description`, `p`.`Doctor_Id`, `p`.`Patient_Id`, `p`.`Payment_Mode`, `p`.`Updated_At`, `p`.`Workdone_Id`, `p`.`isPrinted`
FROM `Payment_History` AS `p`

2024-08-03 00:04:17.359 +05:30  INF  Executed DbCommand (427ms) [Parameters=[], CommandType='"Text"', CommandTimeout='30']
SELECT `p`.`Id`, `p`.`Amount_Type`, `p`.`Balance`, `p`.`Created_At`, `p`.`Credit_Amount`, `p`.`Debit_Amount`, `p`.`Description`, `p`.`Doctor_Id`, `p`.`Patient_Id`, `p`.`Payment_Mode`, `p`.`Updated_At`, `p`.`Workdone_Id`, `p`.`isPrinted`
FROM `Payment_History` AS `p`

2024-08-03 00:04:17.579 +05:30  INF  Executing ObjectResult, writing value of type 'System.Collections.Generic.List`1[[DCRM.Common.Dto.DropdownDataDto, DCRM.Common, Version=1.0.0.0, Culture=neutral, PublicKeyToken=null]]'.

2024-08-03 00:04:17.579 +05:30  INF  Executed action DCRM.Api.Controllers.PatientController.PatientDetailList (DCRM.Api) in 1686.4221ms

2024-08-03 00:04:17.579 +05:30  INF  Executed endpoint 'DCRM.Api.Controllers.PatientController.PatientDetailList (DCRM.Api)'

2024-08-03 00:04:17.579 +05:30  INF  Request finished HTTP/2 GET https://localhost:7069/api/Patient/Get/Names application/json - - 200 - application/json;+charset=utf-8 2313.4359ms

2024-08-03 00:04:17.581 +05:30  INF  Executing ObjectResult, writing value of type 'System.Collections.Generic.List`1[[DCRM.Common.Dto.DropdownDataDto, DCRM.Common, Version=1.0.0.0, Culture=neutral, PublicKeyToken=null]]'.

2024-08-03 00:04:17.581 +05:30  INF  Executed action DCRM.Api.Controllers.DoctorController.DoctorNameList (DCRM.Api) in 1687.4233ms

2024-08-03 00:04:17.581 +05:30  INF  Executed endpoint 'DCRM.Api.Controllers.DoctorController.DoctorNameList (DCRM.Api)'

2024-08-03 00:04:17.581 +05:30  INF  Request finished HTTP/2 GET https://localhost:7069/api/Doctor/Get/Names application/json - - 200 - application/json;+charset=utf-8 2318.2013ms

2024-08-03 00:04:17.788 +05:30  INF  Executed DbCommand (208ms) [Parameters=[@__Id_0='?' (DbType = Int64)], CommandType='"Text"', CommandTimeout='30']
SELECT `d`.`Id`, `d`.`Age`, `d`.`Blood_Group`, `d`.`Created_At`, `d`.`Dob`, `d`.`Email`, `d`.`Email2`, `d`.`Gender`, `d`.`Gst_Number`, `d`.`Is_Delete`, `d`.`Marital_Status`, `d`.`Name`, `d`.`Pan_Number`, `d`.`Password`, `d`.`Phone1`, `d`.`Phone2`, `d`.`Phone3`, `d`.`Phone4`, `d`.`Qualification`, `d`.`Role`, `d`.`Speciality`, `d`.`Thumb`, `d`.`Updated_At`, `d`.`User_Id`
FROM `Doctors` AS `d`
WHERE `d`.`Id` = @__Id_0
LIMIT 2

2024-08-03 00:04:18.211 +05:30  INF  Executed DbCommand (209ms) [Parameters=[@__p_0='?' (DbType = Int64)], CommandType='"Text"', CommandTimeout='30']
SELECT `p`.`Id`, `p`.`Amount`, `p`.`Balance_Amount`, `p`.`Balance_Spent`, `p`.`Created_At`, `p`.`Name`, `p`.`Patients_Id`, `p`.`Type`, `p`.`Updated_At`
FROM `Patients_Insurance_Loan` AS `p`
WHERE `p`.`Patients_Id` = @__p_0

2024-08-03 00:04:18.211 +05:30  INF  Executed DbCommand (209ms) [Parameters=[@__p_0='?' (DbType = Int64)], CommandType='"Text"', CommandTimeout='30']
SELECT `p`.`Id`, `p`.`Amount`, `p`.`Balance_Amount`, `p`.`Balance_Spent`, `p`.`Created_At`, `p`.`Name`, `p`.`Patients_Id`, `p`.`Type`, `p`.`Updated_At`
FROM `Patients_Insurance_Loan` AS `p`
WHERE `p`.`Patients_Id` = @__p_0

2024-08-03 00:04:18.421 +05:30  INF  Executed DbCommand (209ms) [Parameters=[@__Id_0='?' (DbType = Int64)], CommandType='"Text"', CommandTimeout='30']
SELECT `d`.`Id`, `d`.`Age`, `d`.`Blood_Group`, `d`.`Created_At`, `d`.`Dob`, `d`.`Email`, `d`.`Email2`, `d`.`Gender`, `d`.`Gst_Number`, `d`.`Is_Delete`, `d`.`Marital_Status`, `d`.`Name`, `d`.`Pan_Number`, `d`.`Password`, `d`.`Phone1`, `d`.`Phone2`, `d`.`Phone3`, `d`.`Phone4`, `d`.`Qualification`, `d`.`Role`, `d`.`Speciality`, `d`.`Thumb`, `d`.`Updated_At`, `d`.`User_Id`
FROM `Doctors` AS `d`
WHERE `d`.`Id` = @__Id_0
LIMIT 2

2024-08-03 00:04:18.833 +05:30  INF  Executed DbCommand (207ms) [Parameters=[@__p_0='?' (DbType = Int64)], CommandType='"Text"', CommandTimeout='30']
SELECT `p`.`Id`, `p`.`Created_At`, `p`.`Patient_Id`, `p`.`Report`, `p`.`Report_Date`, `p`.`Report_File`, `p`.`Status`, `p`.`Test_Name`, `p`.`Test_Price`, `p`.`Updated_At`
FROM `Patient_Tests` AS `p`
WHERE `p`.`Patient_Id` = @__p_0

2024-08-03 00:04:18.833 +05:30  INF  Executed DbCommand (207ms) [Parameters=[@__p_0='?' (DbType = Int64)], CommandType='"Text"', CommandTimeout='30']
SELECT `p`.`Id`, `p`.`Created_At`, `p`.`Patient_Id`, `p`.`Report`, `p`.`Report_Date`, `p`.`Report_File`, `p`.`Status`, `p`.`Test_Name`, `p`.`Test_Price`, `p`.`Updated_At`
FROM `Patient_Tests` AS `p`
WHERE `p`.`Patient_Id` = @__p_0

2024-08-03 00:04:19.042 +05:30  INF  Executed DbCommand (209ms) [Parameters=[@__Id_0='?' (DbType = Int64)], CommandType='"Text"', CommandTimeout='30']
SELECT `d`.`Id`, `d`.`Age`, `d`.`Blood_Group`, `d`.`Created_At`, `d`.`Dob`, `d`.`Email`, `d`.`Email2`, `d`.`Gender`, `d`.`Gst_Number`, `d`.`Is_Delete`, `d`.`Marital_Status`, `d`.`Name`, `d`.`Pan_Number`, `d`.`Password`, `d`.`Phone1`, `d`.`Phone2`, `d`.`Phone3`, `d`.`Phone4`, `d`.`Qualification`, `d`.`Role`, `d`.`Speciality`, `d`.`Thumb`, `d`.`Updated_At`, `d`.`User_Id`
FROM `Doctors` AS `d`
WHERE `d`.`Id` = @__Id_0
LIMIT 2

2024-08-03 00:04:19.457 +05:30  INF  Executed DbCommand (209ms) [Parameters=[@__p_0='?' (DbType = Int64)], CommandType='"Text"', CommandTimeout='30']
SELECT `p`.`Id`, `p`.`Address_O`, `p`.`Address_Other`, `p`.`Address_R`, `p`.`City_O`, `p`.`City_Other`, `p`.`City_R`, `p`.`Country_O`, `p`.`Country_Other`, `p`.`Country_R`, `p`.`Created_At`, `p`.`Doctor_Name`, `p`.`Email`, `p`.`Email2`, `p`.`Medical_History_Allergies`, `p`.`Patient_Id`, `p`.`Phone`, `p`.`Phone1`, `p`.`Phone2`, `p`.`Phone3`, `p`.`Phone4`, `p`.`Physician`, `p`.`Reffered_By`, `p`.`Relationship_Type`, `p`.`Special_Notes`, `p`.`Updated_At`, `p`.`Zip_O`, `p`.`Zip_Other`, `p`.`Zip_R`
FROM `Patients_Contact` AS `p`
WHERE `p`.`Patient_Id` = @__p_0

2024-08-03 00:04:19.458 +05:30  INF  Executed DbCommand (211ms) [Parameters=[@__p_0='?' (DbType = Int64)], CommandType='"Text"', CommandTimeout='30']
SELECT `p`.`Id`, `p`.`Address_O`, `p`.`Address_Other`, `p`.`Address_R`, `p`.`City_O`, `p`.`City_Other`, `p`.`City_R`, `p`.`Country_O`, `p`.`Country_Other`, `p`.`Country_R`, `p`.`Created_At`, `p`.`Doctor_Name`, `p`.`Email`, `p`.`Email2`, `p`.`Medical_History_Allergies`, `p`.`Patient_Id`, `p`.`Phone`, `p`.`Phone1`, `p`.`Phone2`, `p`.`Phone3`, `p`.`Phone4`, `p`.`Physician`, `p`.`Reffered_By`, `p`.`Relationship_Type`, `p`.`Special_Notes`, `p`.`Updated_At`, `p`.`Zip_O`, `p`.`Zip_Other`, `p`.`Zip_R`
FROM `Patients_Contact` AS `p`
WHERE `p`.`Patient_Id` = @__p_0

2024-08-03 00:04:19.665 +05:30  INF  Executed DbCommand (208ms) [Parameters=[@__Id_0='?' (DbType = Int64)], CommandType='"Text"', CommandTimeout='30']
SELECT `d`.`Id`, `d`.`Age`, `d`.`Blood_Group`, `d`.`Created_At`, `d`.`Dob`, `d`.`Email`, `d`.`Email2`, `d`.`Gender`, `d`.`Gst_Number`, `d`.`Is_Delete`, `d`.`Marital_Status`, `d`.`Name`, `d`.`Pan_Number`, `d`.`Password`, `d`.`Phone1`, `d`.`Phone2`, `d`.`Phone3`, `d`.`Phone4`, `d`.`Qualification`, `d`.`Role`, `d`.`Speciality`, `d`.`Thumb`, `d`.`Updated_At`, `d`.`User_Id`
FROM `Doctors` AS `d`
WHERE `d`.`Id` = @__Id_0
LIMIT 2

2024-08-03 00:04:20.074 +05:30  INF  Executed DbCommand (204ms) [Parameters=[@__p_0='?' (DbType = Int64)], CommandType='"Text"', CommandTimeout='30']
SELECT `p`.`Id`, `p`.`Created_At`, `p`.`Patient_Id`, `p`.`Report`, `p`.`Report_File`, `p`.`Scan_Name`, `p`.`Status`, `p`.`Type`, `p`.`Updated_At`
FROM `Patient_Scans` AS `p`
WHERE `p`.`Patient_Id` = @__p_0

2024-08-03 00:04:20.075 +05:30  INF  Executing ObjectResult, writing value of type 'DCRM.Common.Dto.PatientseDto'.

2024-08-03 00:04:20.075 +05:30  INF  Executed action DCRM.Api.Controllers.PatientController.Get (DCRM.Api) in 4181.9158ms

2024-08-03 00:04:20.075 +05:30  INF  Executed endpoint 'DCRM.Api.Controllers.PatientController.Get (DCRM.Api)'

2024-08-03 00:04:20.075 +05:30  INF  Request finished HTTP/2 GET https://localhost:7069/api/Patient/Get/387 application/json - - 200 - application/json;+charset=utf-8 4817.8326ms

2024-08-03 00:04:20.078 +05:30  INF  Executed DbCommand (205ms) [Parameters=[@__p_0='?' (DbType = Int64)], CommandType='"Text"', CommandTimeout='30']
SELECT `p`.`Id`, `p`.`Created_At`, `p`.`Patient_Id`, `p`.`Report`, `p`.`Report_File`, `p`.`Scan_Name`, `p`.`Status`, `p`.`Type`, `p`.`Updated_At`
FROM `Patient_Scans` AS `p`
WHERE `p`.`Patient_Id` = @__p_0

2024-08-03 00:04:20.079 +05:30  INF  Executing ObjectResult, writing value of type 'DCRM.Common.Dto.PatientseDto'.

2024-08-03 00:04:20.079 +05:30  INF  Executed action DCRM.Api.Controllers.PatientController.Get (DCRM.Api) in 4187.4266ms

2024-08-03 00:04:20.079 +05:30  INF  Executed endpoint 'DCRM.Api.Controllers.PatientController.Get (DCRM.Api)'

2024-08-03 00:04:20.079 +05:30  INF  Request finished HTTP/2 GET https://localhost:7069/api/Patient/Get/10 application/json - - 200 - application/json;+charset=utf-8 4812.5606ms

2024-08-03 00:04:20.285 +05:30  INF  Executed DbCommand (209ms) [Parameters=[@__Id_0='?' (DbType = Int64)], CommandType='"Text"', CommandTimeout='30']
SELECT `d`.`Id`, `d`.`Age`, `d`.`Blood_Group`, `d`.`Created_At`, `d`.`Dob`, `d`.`Email`, `d`.`Email2`, `d`.`Gender`, `d`.`Gst_Number`, `d`.`Is_Delete`, `d`.`Marital_Status`, `d`.`Name`, `d`.`Pan_Number`, `d`.`Password`, `d`.`Phone1`, `d`.`Phone2`, `d`.`Phone3`, `d`.`Phone4`, `d`.`Qualification`, `d`.`Role`, `d`.`Speciality`, `d`.`Thumb`, `d`.`Updated_At`, `d`.`User_Id`
FROM `Doctors` AS `d`
WHERE `d`.`Id` = @__Id_0
LIMIT 2

2024-08-03 00:04:20.911 +05:30  INF  Executed DbCommand (210ms) [Parameters=[@__Id_0='?' (DbType = Int64)], CommandType='"Text"', CommandTimeout='30']
SELECT `d`.`Id`, `d`.`Age`, `d`.`Blood_Group`, `d`.`Created_At`, `d`.`Dob`, `d`.`Email`, `d`.`Email2`, `d`.`Gender`, `d`.`Gst_Number`, `d`.`Is_Delete`, `d`.`Marital_Status`, `d`.`Name`, `d`.`Pan_Number`, `d`.`Password`, `d`.`Phone1`, `d`.`Phone2`, `d`.`Phone3`, `d`.`Phone4`, `d`.`Qualification`, `d`.`Role`, `d`.`Speciality`, `d`.`Thumb`, `d`.`Updated_At`, `d`.`User_Id`
FROM `Doctors` AS `d`
WHERE `d`.`Id` = @__Id_0
LIMIT 2

2024-08-03 00:04:21.536 +05:30  INF  Executed DbCommand (208ms) [Parameters=[@__Id_0='?' (DbType = Int64)], CommandType='"Text"', CommandTimeout='30']
SELECT `d`.`Id`, `d`.`Age`, `d`.`Blood_Group`, `d`.`Created_At`, `d`.`Dob`, `d`.`Email`, `d`.`Email2`, `d`.`Gender`, `d`.`Gst_Number`, `d`.`Is_Delete`, `d`.`Marital_Status`, `d`.`Name`, `d`.`Pan_Number`, `d`.`Password`, `d`.`Phone1`, `d`.`Phone2`, `d`.`Phone3`, `d`.`Phone4`, `d`.`Qualification`, `d`.`Role`, `d`.`Speciality`, `d`.`Thumb`, `d`.`Updated_At`, `d`.`User_Id`
FROM `Doctors` AS `d`
WHERE `d`.`Id` = @__Id_0
LIMIT 2

2024-08-03 00:04:22.387 +05:30  INF  Executed DbCommand (418ms) [Parameters=[@__Id_0='?' (DbType = Int64)], CommandType='"Text"', CommandTimeout='30']
SELECT `d`.`Id`, `d`.`Age`, `d`.`Blood_Group`, `d`.`Created_At`, `d`.`Dob`, `d`.`Email`, `d`.`Email2`, `d`.`Gender`, `d`.`Gst_Number`, `d`.`Is_Delete`, `d`.`Marital_Status`, `d`.`Name`, `d`.`Pan_Number`, `d`.`Password`, `d`.`Phone1`, `d`.`Phone2`, `d`.`Phone3`, `d`.`Phone4`, `d`.`Qualification`, `d`.`Role`, `d`.`Speciality`, `d`.`Thumb`, `d`.`Updated_At`, `d`.`User_Id`
FROM `Doctors` AS `d`
WHERE `d`.`Id` = @__Id_0
LIMIT 2

2024-08-03 00:04:23.023 +05:30  INF  Executed DbCommand (206ms) [Parameters=[@__Id_0='?' (DbType = Int64)], CommandType='"Text"', CommandTimeout='30']
SELECT `d`.`Id`, `d`.`Age`, `d`.`Blood_Group`, `d`.`Created_At`, `d`.`Dob`, `d`.`Email`, `d`.`Email2`, `d`.`Gender`, `d`.`Gst_Number`, `d`.`Is_Delete`, `d`.`Marital_Status`, `d`.`Name`, `d`.`Pan_Number`, `d`.`Password`, `d`.`Phone1`, `d`.`Phone2`, `d`.`Phone3`, `d`.`Phone4`, `d`.`Qualification`, `d`.`Role`, `d`.`Speciality`, `d`.`Thumb`, `d`.`Updated_At`, `d`.`User_Id`
FROM `Doctors` AS `d`
WHERE `d`.`Id` = @__Id_0
LIMIT 2

2024-08-03 00:04:23.646 +05:30  INF  Executed DbCommand (210ms) [Parameters=[@__Id_0='?' (DbType = Int64)], CommandType='"Text"', CommandTimeout='30']
SELECT `d`.`Id`, `d`.`Age`, `d`.`Blood_Group`, `d`.`Created_At`, `d`.`Dob`, `d`.`Email`, `d`.`Email2`, `d`.`Gender`, `d`.`Gst_Number`, `d`.`Is_Delete`, `d`.`Marital_Status`, `d`.`Name`, `d`.`Pan_Number`, `d`.`Password`, `d`.`Phone1`, `d`.`Phone2`, `d`.`Phone3`, `d`.`Phone4`, `d`.`Qualification`, `d`.`Role`, `d`.`Speciality`, `d`.`Thumb`, `d`.`Updated_At`, `d`.`User_Id`
FROM `Doctors` AS `d`
WHERE `d`.`Id` = @__Id_0
LIMIT 2

2024-08-03 00:04:24.264 +05:30  INF  Executed DbCommand (206ms) [Parameters=[@__Id_0='?' (DbType = Int64)], CommandType='"Text"', CommandTimeout='30']
SELECT `d`.`Id`, `d`.`Age`, `d`.`Blood_Group`, `d`.`Created_At`, `d`.`Dob`, `d`.`Email`, `d`.`Email2`, `d`.`Gender`, `d`.`Gst_Number`, `d`.`Is_Delete`, `d`.`Marital_Status`, `d`.`Name`, `d`.`Pan_Number`, `d`.`Password`, `d`.`Phone1`, `d`.`Phone2`, `d`.`Phone3`, `d`.`Phone4`, `d`.`Qualification`, `d`.`Role`, `d`.`Speciality`, `d`.`Thumb`, `d`.`Updated_At`, `d`.`User_Id`
FROM `Doctors` AS `d`
WHERE `d`.`Id` = @__Id_0
LIMIT 2

2024-08-03 00:04:24.895 +05:30  INF  Executed DbCommand (221ms) [Parameters=[@__Id_0='?' (DbType = Int64)], CommandType='"Text"', CommandTimeout='30']
SELECT `d`.`Id`, `d`.`Age`, `d`.`Blood_Group`, `d`.`Created_At`, `d`.`Dob`, `d`.`Email`, `d`.`Email2`, `d`.`Gender`, `d`.`Gst_Number`, `d`.`Is_Delete`, `d`.`Marital_Status`, `d`.`Name`, `d`.`Pan_Number`, `d`.`Password`, `d`.`Phone1`, `d`.`Phone2`, `d`.`Phone3`, `d`.`Phone4`, `d`.`Qualification`, `d`.`Role`, `d`.`Speciality`, `d`.`Thumb`, `d`.`Updated_At`, `d`.`User_Id`
FROM `Doctors` AS `d`
WHERE `d`.`Id` = @__Id_0
LIMIT 2

2024-08-03 00:04:25.515 +05:30  INF  Executed DbCommand (207ms) [Parameters=[@__Id_0='?' (DbType = Int64)], CommandType='"Text"', CommandTimeout='30']
SELECT `d`.`Id`, `d`.`Age`, `d`.`Blood_Group`, `d`.`Created_At`, `d`.`Dob`, `d`.`Email`, `d`.`Email2`, `d`.`Gender`, `d`.`Gst_Number`, `d`.`Is_Delete`, `d`.`Marital_Status`, `d`.`Name`, `d`.`Pan_Number`, `d`.`Password`, `d`.`Phone1`, `d`.`Phone2`, `d`.`Phone3`, `d`.`Phone4`, `d`.`Qualification`, `d`.`Role`, `d`.`Speciality`, `d`.`Thumb`, `d`.`Updated_At`, `d`.`User_Id`
FROM `Doctors` AS `d`
WHERE `d`.`Id` = @__Id_0
LIMIT 2

2024-08-03 00:04:26.140 +05:30  INF  Executed DbCommand (208ms) [Parameters=[@__Id_0='?' (DbType = Int64)], CommandType='"Text"', CommandTimeout='30']
SELECT `d`.`Id`, `d`.`Age`, `d`.`Blood_Group`, `d`.`Created_At`, `d`.`Dob`, `d`.`Email`, `d`.`Email2`, `d`.`Gender`, `d`.`Gst_Number`, `d`.`Is_Delete`, `d`.`Marital_Status`, `d`.`Name`, `d`.`Pan_Number`, `d`.`Password`, `d`.`Phone1`, `d`.`Phone2`, `d`.`Phone3`, `d`.`Phone4`, `d`.`Qualification`, `d`.`Role`, `d`.`Speciality`, `d`.`Thumb`, `d`.`Updated_At`, `d`.`User_Id`
FROM `Doctors` AS `d`
WHERE `d`.`Id` = @__Id_0
LIMIT 2

2024-08-03 00:04:26.766 +05:30  INF  Executed DbCommand (209ms) [Parameters=[@__Id_0='?' (DbType = Int64)], CommandType='"Text"', CommandTimeout='30']
SELECT `d`.`Id`, `d`.`Age`, `d`.`Blood_Group`, `d`.`Created_At`, `d`.`Dob`, `d`.`Email`, `d`.`Email2`, `d`.`Gender`, `d`.`Gst_Number`, `d`.`Is_Delete`, `d`.`Marital_Status`, `d`.`Name`, `d`.`Pan_Number`, `d`.`Password`, `d`.`Phone1`, `d`.`Phone2`, `d`.`Phone3`, `d`.`Phone4`, `d`.`Qualification`, `d`.`Role`, `d`.`Speciality`, `d`.`Thumb`, `d`.`Updated_At`, `d`.`User_Id`
FROM `Doctors` AS `d`
WHERE `d`.`Id` = @__Id_0
LIMIT 2

2024-08-03 00:04:27.389 +05:30  INF  Executed DbCommand (208ms) [Parameters=[@__Id_0='?' (DbType = Int64)], CommandType='"Text"', CommandTimeout='30']
SELECT `d`.`Id`, `d`.`Age`, `d`.`Blood_Group`, `d`.`Created_At`, `d`.`Dob`, `d`.`Email`, `d`.`Email2`, `d`.`Gender`, `d`.`Gst_Number`, `d`.`Is_Delete`, `d`.`Marital_Status`, `d`.`Name`, `d`.`Pan_Number`, `d`.`Password`, `d`.`Phone1`, `d`.`Phone2`, `d`.`Phone3`, `d`.`Phone4`, `d`.`Qualification`, `d`.`Role`, `d`.`Speciality`, `d`.`Thumb`, `d`.`Updated_At`, `d`.`User_Id`
FROM `Doctors` AS `d`
WHERE `d`.`Id` = @__Id_0
LIMIT 2

2024-08-03 00:04:28.011 +05:30  INF  Executed DbCommand (208ms) [Parameters=[@__Id_0='?' (DbType = Int64)], CommandType='"Text"', CommandTimeout='30']
SELECT `d`.`Id`, `d`.`Age`, `d`.`Blood_Group`, `d`.`Created_At`, `d`.`Dob`, `d`.`Email`, `d`.`Email2`, `d`.`Gender`, `d`.`Gst_Number`, `d`.`Is_Delete`, `d`.`Marital_Status`, `d`.`Name`, `d`.`Pan_Number`, `d`.`Password`, `d`.`Phone1`, `d`.`Phone2`, `d`.`Phone3`, `d`.`Phone4`, `d`.`Qualification`, `d`.`Role`, `d`.`Speciality`, `d`.`Thumb`, `d`.`Updated_At`, `d`.`User_Id`
FROM `Doctors` AS `d`
WHERE `d`.`Id` = @__Id_0
LIMIT 2

2024-08-03 00:04:28.649 +05:30  INF  Executed DbCommand (212ms) [Parameters=[@__Id_0='?' (DbType = Int64)], CommandType='"Text"', CommandTimeout='30']
SELECT `d`.`Id`, `d`.`Age`, `d`.`Blood_Group`, `d`.`Created_At`, `d`.`Dob`, `d`.`Email`, `d`.`Email2`, `d`.`Gender`, `d`.`Gst_Number`, `d`.`Is_Delete`, `d`.`Marital_Status`, `d`.`Name`, `d`.`Pan_Number`, `d`.`Password`, `d`.`Phone1`, `d`.`Phone2`, `d`.`Phone3`, `d`.`Phone4`, `d`.`Qualification`, `d`.`Role`, `d`.`Speciality`, `d`.`Thumb`, `d`.`Updated_At`, `d`.`User_Id`
FROM `Doctors` AS `d`
WHERE `d`.`Id` = @__Id_0
LIMIT 2

2024-08-03 00:04:28.650 +05:30  INF  Executing ObjectResult, writing value of type 'System.Collections.Generic.List`1[[DCRM.Common.Dto.ChairDto, DCRM.Common, Version=1.0.0.0, Culture=neutral, PublicKeyToken=null]]'.

2024-08-03 00:04:28.650 +05:30  INF  Executed action DCRM.Api.Controllers.ChairController.GetAll (DCRM.Api) in 12755.9168ms

2024-08-03 00:04:28.650 +05:30  INF  Executed endpoint 'DCRM.Api.Controllers.ChairController.GetAll (DCRM.Api)'

2024-08-03 00:04:28.650 +05:30  INF  Request finished HTTP/2 GET https://localhost:7069/api/Chair/GetAll application/json - - 200 - application/json;+charset=utf-8 13378.7195ms

2024-08-03 00:04:47.534 +05:30  INF  Request starting HTTP/2 OPTIONS https://localhost:7069/api/Appointment/Get/387 - -

2024-08-03 00:04:47.535 +05:30  INF  CORS policy execution successful.

2024-08-03 00:04:47.535 +05:30  INF  Request finished HTTP/2 OPTIONS https://localhost:7069/api/Appointment/Get/387 - - - 204 - - 0.5899ms

2024-08-03 00:04:47.542 +05:30  INF  Request starting HTTP/2 GET https://localhost:7069/api/Appointment/Get/387 application/json -

2024-08-03 00:04:47.543 +05:30  INF  CORS policy execution successful.

2024-08-03 00:04:48.181 +05:30  INF  Executed DbCommand (211ms) [Parameters=[@__id_0='?' (DbType = Int64)], CommandType='"Text"', CommandTimeout='30']
SELECT `u`.`Id`, `u`.`About_Me`, `u`.`Account_Type`, `u`.`Address`, `u`.`Available_Days`, `u`.`Bn_Name`, `u`.`City`, `u`.`Country`, `u`.`Created_At`, `u`.`Currency`, `u`.`Degree`, `u`.`Email`, `u`.`Email_Verified`, `u`.`Enable_Appointment`, `u`.`Enable_Rating`, `u`.`Exp_Years`, `u`.`Facebook`, `u`.`Google_Analytics`, `u`.`Image`, `u`.`Instagram`, `u`.`Linkedin`, `u`.`Name`, `u`.`Parent_Id`, `u`.`Password`, `u`.`Paypal_Email`, `u`.`Paypal_Mode`, `u`.`Paypal_Payment`, `u`.`Paystack_Payment`, `u`.`Paystack_Public_Key`, `u`.`Paystack_Secret_Key`, `u`.`Phone`, `u`.`Publish_Key`, `u`.`Qr_Code`, `u`.`Razorpay_Key_Id`, `u`.`Razorpay_Key_Secret`, `u`.`Razorpay_Payment`, `u`.`Role`, `u`.`Secret_Key`, `u`.`Skype`, `u`.`Slug`, `u`.`Specialist`, `u`.`Status`, `u`.`Stripe_Payment`, `u`.`Thumb`, `u`.`Trial_Expire`, `u`.`Twitter`, `u`.`User_Name`, `u`.`User_Type`, `u`.`Verify_Code`, `u`.`Whatsapp`
FROM `Users` AS `u`
WHERE `u`.`Id` = @__id_0
LIMIT 1

2024-08-03 00:04:48.181 +05:30  INF  Executing endpoint 'DCRM.Api.Controllers.AppointmentController.Get (DCRM.Api)'

2024-08-03 00:04:48.181 +05:30  INF  Route matched with {action = "Get", controller = "Appointment"}. Executing controller action with signature DCRM.Common.Entity.Appointment Get(Int32) on controller DCRM.Api.Controllers.AppointmentController (DCRM.Api).

2024-08-03 00:04:48.808 +05:30  INF  Executed DbCommand (210ms) [Parameters=[@__id_0='?' (DbType = Int64)], CommandType='"Text"', CommandTimeout='30']
SELECT `a`.`Id`, `a`.`Appointment_Status`, `a`.`Cause`, `a`.`Chair`, `a`.`Chamber_Id`, `a`.`Created_At`, `a`.`Date`, `a`.`Doctor_Id`, `a`.`Doctor_Name`, `a`.`End_Time`, `a`.`Extra_Notes`, `a`.`Files`, `a`.`Is_Delete`, `a`.`Is_Start`, `a`.`Meeting_Notes`, `a`.`Number_Of_Slot`, `a`.`Patient_Id`, `a`.`Prescription_Id`, `a`.`Serial_Id`, `a`.`Slot_Time`, `a`.`Start_Time`, `a`.`Status`, `a`.`Type`, `a`.`User_Id`, `a`.`Workdone_Id`
FROM `Appointments` AS `a`
WHERE (`a`.`Id` = @__id_0) AND (`a`.`Is_Delete` = 0)
LIMIT 1

2024-08-03 00:04:48.808 +05:30  INF  Executing ObjectResult, writing value of type 'DCRM.Common.Entity.Appointment'.

2024-08-03 00:04:48.808 +05:30  INF  Executed action DCRM.Api.Controllers.AppointmentController.Get (DCRM.Api) in 626.7894ms

2024-08-03 00:04:48.808 +05:30  INF  Executed endpoint 'DCRM.Api.Controllers.AppointmentController.Get (DCRM.Api)'

2024-08-03 00:04:48.808 +05:30  INF  Request finished HTTP/2 GET https://localhost:7069/api/Appointment/Get/387 application/json - - 200 - application/json;+charset=utf-8 1265.9293ms

2024-08-03 00:05:27.568 +05:30  INF  Request starting HTTP/2 OPTIONS https://localhost:7069/api/Doctor/Get/Names - -

2024-08-03 00:05:27.573 +05:30  INF  CORS policy execution successful.

2024-08-03 00:05:27.573 +05:30  INF  Request finished HTTP/2 OPTIONS https://localhost:7069/api/Doctor/Get/Names - - - 204 - - 4.6704ms

2024-08-03 00:05:27.573 +05:30  INF  Request starting HTTP/2 OPTIONS https://localhost:7069/api/Patient/Get/Names - -

2024-08-03 00:05:27.575 +05:30  INF  CORS policy execution successful.

2024-08-03 00:05:27.576 +05:30  INF  Request starting HTTP/2 OPTIONS https://localhost:7069/api/Patient/Get/387 - -

2024-08-03 00:05:27.576 +05:30  INF  Request starting HTTP/2 OPTIONS https://localhost:7069/api/Patient/Get/10 - -

2024-08-03 00:05:27.576 +05:30  INF  CORS policy execution successful.

2024-08-03 00:05:27.576 +05:30  INF  Request finished HTTP/2 OPTIONS https://localhost:7069/api/Patient/Get/Names - - - 204 - - 3.0787ms

2024-08-03 00:05:27.576 +05:30  INF  CORS policy execution successful.

2024-08-03 00:05:27.576 +05:30  INF  Request finished HTTP/2 OPTIONS https://localhost:7069/api/Patient/Get/387 - - - 204 - - 0.2085ms

2024-08-03 00:05:27.577 +05:30  INF  Request finished HTTP/2 OPTIONS https://localhost:7069/api/Patient/Get/10 - - - 204 - - 0.2756ms

2024-08-03 00:05:27.582 +05:30  INF  Request starting HTTP/2 OPTIONS https://localhost:7069/api/Chair/GetAll - -

2024-08-03 00:05:27.583 +05:30  INF  CORS policy execution successful.

2024-08-03 00:05:27.585 +05:30  INF  Request finished HTTP/2 OPTIONS https://localhost:7069/api/Chair/GetAll - - - 204 - - 2.6364ms

2024-08-03 00:05:27.585 +05:30  INF  Request starting HTTP/2 GET https://localhost:7069/api/Doctor/Get/Names application/json -

2024-08-03 00:05:27.585 +05:30  INF  CORS policy execution successful.

2024-08-03 00:05:27.590 +05:30  INF  Request starting HTTP/2 GET https://localhost:7069/api/Patient/Get/387 application/json -

2024-08-03 00:05:27.590 +05:30  INF  Request starting HTTP/2 GET https://localhost:7069/api/Patient/Get/10 application/json -

2024-08-03 00:05:27.590 +05:30  INF  Request starting HTTP/2 GET https://localhost:7069/api/Patient/Get/Names application/json -

2024-08-03 00:05:27.590 +05:30  INF  Request starting HTTP/2 GET https://localhost:7069/api/Chair/GetAll application/json -

2024-08-03 00:05:27.590 +05:30  INF  CORS policy execution successful.

2024-08-03 00:05:27.590 +05:30  INF  CORS policy execution successful.

2024-08-03 00:05:27.590 +05:30  INF  CORS policy execution successful.

2024-08-03 00:05:27.591 +05:30  INF  CORS policy execution successful.

2024-08-03 00:05:28.221 +05:30  INF  Executed DbCommand (217ms) [Parameters=[@__id_0='?' (DbType = Int64)], CommandType='"Text"', CommandTimeout='30']
SELECT `u`.`Id`, `u`.`About_Me`, `u`.`Account_Type`, `u`.`Address`, `u`.`Available_Days`, `u`.`Bn_Name`, `u`.`City`, `u`.`Country`, `u`.`Created_At`, `u`.`Currency`, `u`.`Degree`, `u`.`Email`, `u`.`Email_Verified`, `u`.`Enable_Appointment`, `u`.`Enable_Rating`, `u`.`Exp_Years`, `u`.`Facebook`, `u`.`Google_Analytics`, `u`.`Image`, `u`.`Instagram`, `u`.`Linkedin`, `u`.`Name`, `u`.`Parent_Id`, `u`.`Password`, `u`.`Paypal_Email`, `u`.`Paypal_Mode`, `u`.`Paypal_Payment`, `u`.`Paystack_Payment`, `u`.`Paystack_Public_Key`, `u`.`Paystack_Secret_Key`, `u`.`Phone`, `u`.`Publish_Key`, `u`.`Qr_Code`, `u`.`Razorpay_Key_Id`, `u`.`Razorpay_Key_Secret`, `u`.`Razorpay_Payment`, `u`.`Role`, `u`.`Secret_Key`, `u`.`Skype`, `u`.`Slug`, `u`.`Specialist`, `u`.`Status`, `u`.`Stripe_Payment`, `u`.`Thumb`, `u`.`Trial_Expire`, `u`.`Twitter`, `u`.`User_Name`, `u`.`User_Type`, `u`.`Verify_Code`, `u`.`Whatsapp`
FROM `Users` AS `u`
WHERE `u`.`Id` = @__id_0
LIMIT 1

2024-08-03 00:05:28.221 +05:30  INF  Executing endpoint 'DCRM.Api.Controllers.PatientController.Get (DCRM.Api)'

2024-08-03 00:05:28.221 +05:30  INF  Route matched with {action = "Get", controller = "Patient"}. Executing controller action with signature DCRM.Common.Dto.PatientseDto Get(Int64) on controller DCRM.Api.Controllers.PatientController (DCRM.Api).

2024-08-03 00:05:28.221 +05:30  INF  Executed DbCommand (217ms) [Parameters=[@__id_0='?' (DbType = Int64)], CommandType='"Text"', CommandTimeout='30']
SELECT `u`.`Id`, `u`.`About_Me`, `u`.`Account_Type`, `u`.`Address`, `u`.`Available_Days`, `u`.`Bn_Name`, `u`.`City`, `u`.`Country`, `u`.`Created_At`, `u`.`Currency`, `u`.`Degree`, `u`.`Email`, `u`.`Email_Verified`, `u`.`Enable_Appointment`, `u`.`Enable_Rating`, `u`.`Exp_Years`, `u`.`Facebook`, `u`.`Google_Analytics`, `u`.`Image`, `u`.`Instagram`, `u`.`Linkedin`, `u`.`Name`, `u`.`Parent_Id`, `u`.`Password`, `u`.`Paypal_Email`, `u`.`Paypal_Mode`, `u`.`Paypal_Payment`, `u`.`Paystack_Payment`, `u`.`Paystack_Public_Key`, `u`.`Paystack_Secret_Key`, `u`.`Phone`, `u`.`Publish_Key`, `u`.`Qr_Code`, `u`.`Razorpay_Key_Id`, `u`.`Razorpay_Key_Secret`, `u`.`Razorpay_Payment`, `u`.`Role`, `u`.`Secret_Key`, `u`.`Skype`, `u`.`Slug`, `u`.`Specialist`, `u`.`Status`, `u`.`Stripe_Payment`, `u`.`Thumb`, `u`.`Trial_Expire`, `u`.`Twitter`, `u`.`User_Name`, `u`.`User_Type`, `u`.`Verify_Code`, `u`.`Whatsapp`
FROM `Users` AS `u`
WHERE `u`.`Id` = @__id_0
LIMIT 1

2024-08-03 00:05:28.221 +05:30  INF  Executed DbCommand (217ms) [Parameters=[@__id_0='?' (DbType = Int64)], CommandType='"Text"', CommandTimeout='30']
SELECT `u`.`Id`, `u`.`About_Me`, `u`.`Account_Type`, `u`.`Address`, `u`.`Available_Days`, `u`.`Bn_Name`, `u`.`City`, `u`.`Country`, `u`.`Created_At`, `u`.`Currency`, `u`.`Degree`, `u`.`Email`, `u`.`Email_Verified`, `u`.`Enable_Appointment`, `u`.`Enable_Rating`, `u`.`Exp_Years`, `u`.`Facebook`, `u`.`Google_Analytics`, `u`.`Image`, `u`.`Instagram`, `u`.`Linkedin`, `u`.`Name`, `u`.`Parent_Id`, `u`.`Password`, `u`.`Paypal_Email`, `u`.`Paypal_Mode`, `u`.`Paypal_Payment`, `u`.`Paystack_Payment`, `u`.`Paystack_Public_Key`, `u`.`Paystack_Secret_Key`, `u`.`Phone`, `u`.`Publish_Key`, `u`.`Qr_Code`, `u`.`Razorpay_Key_Id`, `u`.`Razorpay_Key_Secret`, `u`.`Razorpay_Payment`, `u`.`Role`, `u`.`Secret_Key`, `u`.`Skype`, `u`.`Slug`, `u`.`Specialist`, `u`.`Status`, `u`.`Stripe_Payment`, `u`.`Thumb`, `u`.`Trial_Expire`, `u`.`Twitter`, `u`.`User_Name`, `u`.`User_Type`, `u`.`Verify_Code`, `u`.`Whatsapp`
FROM `Users` AS `u`
WHERE `u`.`Id` = @__id_0
LIMIT 1

2024-08-03 00:05:28.222 +05:30  INF  Executed DbCommand (217ms) [Parameters=[@__id_0='?' (DbType = Int64)], CommandType='"Text"', CommandTimeout='30']
SELECT `u`.`Id`, `u`.`About_Me`, `u`.`Account_Type`, `u`.`Address`, `u`.`Available_Days`, `u`.`Bn_Name`, `u`.`City`, `u`.`Country`, `u`.`Created_At`, `u`.`Currency`, `u`.`Degree`, `u`.`Email`, `u`.`Email_Verified`, `u`.`Enable_Appointment`, `u`.`Enable_Rating`, `u`.`Exp_Years`, `u`.`Facebook`, `u`.`Google_Analytics`, `u`.`Image`, `u`.`Instagram`, `u`.`Linkedin`, `u`.`Name`, `u`.`Parent_Id`, `u`.`Password`, `u`.`Paypal_Email`, `u`.`Paypal_Mode`, `u`.`Paypal_Payment`, `u`.`Paystack_Payment`, `u`.`Paystack_Public_Key`, `u`.`Paystack_Secret_Key`, `u`.`Phone`, `u`.`Publish_Key`, `u`.`Qr_Code`, `u`.`Razorpay_Key_Id`, `u`.`Razorpay_Key_Secret`, `u`.`Razorpay_Payment`, `u`.`Role`, `u`.`Secret_Key`, `u`.`Skype`, `u`.`Slug`, `u`.`Specialist`, `u`.`Status`, `u`.`Stripe_Payment`, `u`.`Thumb`, `u`.`Trial_Expire`, `u`.`Twitter`, `u`.`User_Name`, `u`.`User_Type`, `u`.`Verify_Code`, `u`.`Whatsapp`
FROM `Users` AS `u`
WHERE `u`.`Id` = @__id_0
LIMIT 1

2024-08-03 00:05:28.222 +05:30  INF  Executing endpoint 'DCRM.Api.Controllers.PatientController.PatientDetailList (DCRM.Api)'

2024-08-03 00:05:28.222 +05:30  INF  Executing endpoint 'DCRM.Api.Controllers.PatientController.Get (DCRM.Api)'

2024-08-03 00:05:28.222 +05:30  INF  Route matched with {action = "PatientDetailList", controller = "Patient"}. Executing controller action with signature System.Collections.Generic.List`1[DCRM.Common.Dto.DropdownDataDto] PatientDetailList() on controller DCRM.Api.Controllers.PatientController (DCRM.Api).

2024-08-03 00:05:28.222 +05:30  INF  Executing endpoint 'DCRM.Api.Controllers.DoctorController.DoctorNameList (DCRM.Api)'

2024-08-03 00:05:28.222 +05:30  INF  Route matched with {action = "DoctorNameList", controller = "Doctor"}. Executing controller action with signature System.Collections.Generic.List`1[DCRM.Common.Dto.DropdownDataDto] DoctorNameList() on controller DCRM.Api.Controllers.DoctorController (DCRM.Api).

2024-08-03 00:05:28.222 +05:30  INF  Route matched with {action = "Get", controller = "Patient"}. Executing controller action with signature DCRM.Common.Dto.PatientseDto Get(Int64) on controller DCRM.Api.Controllers.PatientController (DCRM.Api).

2024-08-03 00:05:28.222 +05:30  INF  Executed DbCommand (219ms) [Parameters=[@__id_0='?' (DbType = Int64)], CommandType='"Text"', CommandTimeout='30']
SELECT `u`.`Id`, `u`.`About_Me`, `u`.`Account_Type`, `u`.`Address`, `u`.`Available_Days`, `u`.`Bn_Name`, `u`.`City`, `u`.`Country`, `u`.`Created_At`, `u`.`Currency`, `u`.`Degree`, `u`.`Email`, `u`.`Email_Verified`, `u`.`Enable_Appointment`, `u`.`Enable_Rating`, `u`.`Exp_Years`, `u`.`Facebook`, `u`.`Google_Analytics`, `u`.`Image`, `u`.`Instagram`, `u`.`Linkedin`, `u`.`Name`, `u`.`Parent_Id`, `u`.`Password`, `u`.`Paypal_Email`, `u`.`Paypal_Mode`, `u`.`Paypal_Payment`, `u`.`Paystack_Payment`, `u`.`Paystack_Public_Key`, `u`.`Paystack_Secret_Key`, `u`.`Phone`, `u`.`Publish_Key`, `u`.`Qr_Code`, `u`.`Razorpay_Key_Id`, `u`.`Razorpay_Key_Secret`, `u`.`Razorpay_Payment`, `u`.`Role`, `u`.`Secret_Key`, `u`.`Skype`, `u`.`Slug`, `u`.`Specialist`, `u`.`Status`, `u`.`Stripe_Payment`, `u`.`Thumb`, `u`.`Trial_Expire`, `u`.`Twitter`, `u`.`User_Name`, `u`.`User_Type`, `u`.`Verify_Code`, `u`.`Whatsapp`
FROM `Users` AS `u`
WHERE `u`.`Id` = @__id_0
LIMIT 1

2024-08-03 00:05:28.222 +05:30  INF  Executing endpoint 'DCRM.Api.Controllers.ChairController.GetAll (DCRM.Api)'

2024-08-03 00:05:28.222 +05:30  INF  Route matched with {action = "GetAll", controller = "Chair"}. Executing controller action with signature System.Collections.Generic.List`1[DCRM.Common.Dto.ChairDto] GetAll() on controller DCRM.Api.Controllers.ChairController (DCRM.Api).

2024-08-03 00:05:28.848 +05:30  INF  Executed DbCommand (208ms) [Parameters=[@__id_0='?' (DbType = Int64)], CommandType='"Text"', CommandTimeout='30']
SELECT `p`.`Id`, `p`.`Age`, `p`.`Chamber_Id`, `p`.`Created_At`, `p`.`Email`, `p`.`Guardian`, `p`.`Is_Delete`, `p`.`Mobile`, `p`.`Mr_Number`, `p`.`Name`, `p`.`Password`, `p`.`Permanent_Address`, `p`.`Present_Address`, `p`.`Role`, `p`.`Sex`, `p`.`Slug`, `p`.`Thumb`, `p`.`Title`, `p`.`UserName`, `p`.`User_Id`, `p`.`Verify_Code`, `p`.`Weight`
FROM `Patientses` AS `p`
WHERE (`p`.`Is_Delete` = 0) AND (`p`.`Id` = @__id_0)
LIMIT 1

2024-08-03 00:05:28.848 +05:30  INF  Executed DbCommand (208ms) [Parameters=[@__id_0='?' (DbType = Int64)], CommandType='"Text"', CommandTimeout='30']
SELECT `p`.`Id`, `p`.`Age`, `p`.`Chamber_Id`, `p`.`Created_At`, `p`.`Email`, `p`.`Guardian`, `p`.`Is_Delete`, `p`.`Mobile`, `p`.`Mr_Number`, `p`.`Name`, `p`.`Password`, `p`.`Permanent_Address`, `p`.`Present_Address`, `p`.`Role`, `p`.`Sex`, `p`.`Slug`, `p`.`Thumb`, `p`.`Title`, `p`.`UserName`, `p`.`User_Id`, `p`.`Verify_Code`, `p`.`Weight`
FROM `Patientses` AS `p`
WHERE (`p`.`Is_Delete` = 0) AND (`p`.`Id` = @__id_0)
LIMIT 1

2024-08-03 00:05:28.852 +05:30  INF  Executed DbCommand (212ms) [Parameters=[], CommandType='"Text"', CommandTimeout='30']
SELECT `c`.`Id`, `c`.`Address`, `c`.`Appoinment_Limit`, `c`.`Created_At`, `c`.`Doctor_Id`, `c`.`Is_Primary`, `c`.`Name`, `c`.`Status`, `c`.`Uid`, `c`.`User_Id`
FROM `Chairs` AS `c`

2024-08-03 00:05:29.055 +05:30  INF  Executed DbCommand (415ms) [Parameters=[@__userId_0='?' (DbType = Int64)], CommandType='"Text"', CommandTimeout='30']
SELECT `p`.`Id`, `p`.`Age`, `p`.`Chamber_Id`, `p`.`Created_At`, `p`.`Email`, `p`.`Guardian`, `p`.`Is_Delete`, `p`.`Mobile`, `p`.`Mr_Number`, `p`.`Name`, `p`.`Password`, `p`.`Permanent_Address`, `p`.`Present_Address`, `p`.`Role`, `p`.`Sex`, `p`.`Slug`, `p`.`Thumb`, `p`.`Title`, `p`.`UserName`, `p`.`User_Id`, `p`.`Verify_Code`, `p`.`Weight`
FROM `Patientses` AS `p`
WHERE (`p`.`User_Id` = @__userId_0) AND (`p`.`Is_Delete` = 0)

2024-08-03 00:05:29.061 +05:30  INF  Executed DbCommand (420ms) [Parameters=[@__userId_0='?' (DbType = Int64)], CommandType='"Text"', CommandTimeout='30']
SELECT `d`.`Id`, `d`.`Age`, `d`.`Blood_Group`, `d`.`Created_At`, `d`.`Dob`, `d`.`Email`, `d`.`Email2`, `d`.`Gender`, `d`.`Gst_Number`, `d`.`Is_Delete`, `d`.`Marital_Status`, `d`.`Name`, `d`.`Pan_Number`, `d`.`Password`, `d`.`Phone1`, `d`.`Phone2`, `d`.`Phone3`, `d`.`Phone4`, `d`.`Qualification`, `d`.`Role`, `d`.`Speciality`, `d`.`Thumb`, `d`.`Updated_At`, `d`.`User_Id`
FROM `Doctors` AS `d`
WHERE (`d`.`User_Id` = @__userId_0) AND (`d`.`Is_Delete` = 0)

2024-08-03 00:05:29.482 +05:30  INF  Executed DbCommand (210ms) [Parameters=[@__Id_0='?' (DbType = Int64)], CommandType='"Text"', CommandTimeout='30']
SELECT `d`.`Id`, `d`.`Age`, `d`.`Blood_Group`, `d`.`Created_At`, `d`.`Dob`, `d`.`Email`, `d`.`Email2`, `d`.`Gender`, `d`.`Gst_Number`, `d`.`Is_Delete`, `d`.`Marital_Status`, `d`.`Name`, `d`.`Pan_Number`, `d`.`Password`, `d`.`Phone1`, `d`.`Phone2`, `d`.`Phone3`, `d`.`Phone4`, `d`.`Qualification`, `d`.`Role`, `d`.`Speciality`, `d`.`Thumb`, `d`.`Updated_At`, `d`.`User_Id`
FROM `Doctors` AS `d`
WHERE `d`.`Id` = @__Id_0
LIMIT 2

2024-08-03 00:05:29.684 +05:30  INF  Executed DbCommand (419ms) [Parameters=[], CommandType='"Text"', CommandTimeout='30']
SELECT `p`.`Id`, `p`.`Amount_Type`, `p`.`Balance`, `p`.`Created_At`, `p`.`Credit_Amount`, `p`.`Debit_Amount`, `p`.`Description`, `p`.`Doctor_Id`, `p`.`Patient_Id`, `p`.`Payment_Mode`, `p`.`Updated_At`, `p`.`Workdone_Id`, `p`.`isPrinted`
FROM `Payment_History` AS `p`

2024-08-03 00:05:29.692 +05:30  INF  Executed DbCommand (428ms) [Parameters=[], CommandType='"Text"', CommandTimeout='30']
SELECT `p`.`Id`, `p`.`Amount_Type`, `p`.`Balance`, `p`.`Created_At`, `p`.`Credit_Amount`, `p`.`Debit_Amount`, `p`.`Description`, `p`.`Doctor_Id`, `p`.`Patient_Id`, `p`.`Payment_Mode`, `p`.`Updated_At`, `p`.`Workdone_Id`, `p`.`isPrinted`
FROM `Payment_History` AS `p`

2024-08-03 00:05:29.892 +05:30  INF  Executing ObjectResult, writing value of type 'System.Collections.Generic.List`1[[DCRM.Common.Dto.DropdownDataDto, DCRM.Common, Version=1.0.0.0, Culture=neutral, PublicKeyToken=null]]'.

2024-08-03 00:05:29.892 +05:30  INF  Executed action DCRM.Api.Controllers.PatientController.PatientDetailList (DCRM.Api) in 1670.8027ms

2024-08-03 00:05:29.892 +05:30  INF  Executed endpoint 'DCRM.Api.Controllers.PatientController.PatientDetailList (DCRM.Api)'

2024-08-03 00:05:29.893 +05:30  INF  Request finished HTTP/2 GET https://localhost:7069/api/Patient/Get/Names application/json - - 200 - application/json;+charset=utf-8 2302.7825ms

2024-08-03 00:05:29.905 +05:30  INF  Executing ObjectResult, writing value of type 'System.Collections.Generic.List`1[[DCRM.Common.Dto.DropdownDataDto, DCRM.Common, Version=1.0.0.0, Culture=neutral, PublicKeyToken=null]]'.

2024-08-03 00:05:29.906 +05:30  INF  Executed action DCRM.Api.Controllers.DoctorController.DoctorNameList (DCRM.Api) in 1683.9707ms

2024-08-03 00:05:29.906 +05:30  INF  Executed endpoint 'DCRM.Api.Controllers.DoctorController.DoctorNameList (DCRM.Api)'

2024-08-03 00:05:29.906 +05:30  INF  Request finished HTTP/2 GET https://localhost:7069/api/Doctor/Get/Names application/json - - 200 - application/json;+charset=utf-8 2320.8792ms

2024-08-03 00:05:30.112 +05:30  INF  Executed DbCommand (206ms) [Parameters=[@__Id_0='?' (DbType = Int64)], CommandType='"Text"', CommandTimeout='30']
SELECT `d`.`Id`, `d`.`Age`, `d`.`Blood_Group`, `d`.`Created_At`, `d`.`Dob`, `d`.`Email`, `d`.`Email2`, `d`.`Gender`, `d`.`Gst_Number`, `d`.`Is_Delete`, `d`.`Marital_Status`, `d`.`Name`, `d`.`Pan_Number`, `d`.`Password`, `d`.`Phone1`, `d`.`Phone2`, `d`.`Phone3`, `d`.`Phone4`, `d`.`Qualification`, `d`.`Role`, `d`.`Speciality`, `d`.`Thumb`, `d`.`Updated_At`, `d`.`User_Id`
FROM `Doctors` AS `d`
WHERE `d`.`Id` = @__Id_0
LIMIT 2

2024-08-03 00:05:30.516 +05:30  INF  Executed DbCommand (208ms) [Parameters=[@__p_0='?' (DbType = Int64)], CommandType='"Text"', CommandTimeout='30']
SELECT `p`.`Id`, `p`.`Amount`, `p`.`Balance_Amount`, `p`.`Balance_Spent`, `p`.`Created_At`, `p`.`Name`, `p`.`Patients_Id`, `p`.`Type`, `p`.`Updated_At`
FROM `Patients_Insurance_Loan` AS `p`
WHERE `p`.`Patients_Id` = @__p_0

2024-08-03 00:05:30.527 +05:30  INF  Executed DbCommand (211ms) [Parameters=[@__p_0='?' (DbType = Int64)], CommandType='"Text"', CommandTimeout='30']
SELECT `p`.`Id`, `p`.`Amount`, `p`.`Balance_Amount`, `p`.`Balance_Spent`, `p`.`Created_At`, `p`.`Name`, `p`.`Patients_Id`, `p`.`Type`, `p`.`Updated_At`
FROM `Patients_Insurance_Loan` AS `p`
WHERE `p`.`Patients_Id` = @__p_0

2024-08-03 00:05:30.732 +05:30  INF  Executed DbCommand (207ms) [Parameters=[@__Id_0='?' (DbType = Int64)], CommandType='"Text"', CommandTimeout='30']
SELECT `d`.`Id`, `d`.`Age`, `d`.`Blood_Group`, `d`.`Created_At`, `d`.`Dob`, `d`.`Email`, `d`.`Email2`, `d`.`Gender`, `d`.`Gst_Number`, `d`.`Is_Delete`, `d`.`Marital_Status`, `d`.`Name`, `d`.`Pan_Number`, `d`.`Password`, `d`.`Phone1`, `d`.`Phone2`, `d`.`Phone3`, `d`.`Phone4`, `d`.`Qualification`, `d`.`Role`, `d`.`Speciality`, `d`.`Thumb`, `d`.`Updated_At`, `d`.`User_Id`
FROM `Doctors` AS `d`
WHERE `d`.`Id` = @__Id_0
LIMIT 2

2024-08-03 00:05:31.134 +05:30  INF  Executed DbCommand (206ms) [Parameters=[@__p_0='?' (DbType = Int64)], CommandType='"Text"', CommandTimeout='30']
SELECT `p`.`Id`, `p`.`Created_At`, `p`.`Patient_Id`, `p`.`Report`, `p`.`Report_Date`, `p`.`Report_File`, `p`.`Status`, `p`.`Test_Name`, `p`.`Test_Price`, `p`.`Updated_At`
FROM `Patient_Tests` AS `p`
WHERE `p`.`Patient_Id` = @__p_0

2024-08-03 00:05:31.142 +05:30  INF  Executed DbCommand (205ms) [Parameters=[@__p_0='?' (DbType = Int64)], CommandType='"Text"', CommandTimeout='30']
SELECT `p`.`Id`, `p`.`Created_At`, `p`.`Patient_Id`, `p`.`Report`, `p`.`Report_Date`, `p`.`Report_File`, `p`.`Status`, `p`.`Test_Name`, `p`.`Test_Price`, `p`.`Updated_At`
FROM `Patient_Tests` AS `p`
WHERE `p`.`Patient_Id` = @__p_0

2024-08-03 00:05:31.347 +05:30  INF  Executed DbCommand (205ms) [Parameters=[@__Id_0='?' (DbType = Int64)], CommandType='"Text"', CommandTimeout='30']
SELECT `d`.`Id`, `d`.`Age`, `d`.`Blood_Group`, `d`.`Created_At`, `d`.`Dob`, `d`.`Email`, `d`.`Email2`, `d`.`Gender`, `d`.`Gst_Number`, `d`.`Is_Delete`, `d`.`Marital_Status`, `d`.`Name`, `d`.`Pan_Number`, `d`.`Password`, `d`.`Phone1`, `d`.`Phone2`, `d`.`Phone3`, `d`.`Phone4`, `d`.`Qualification`, `d`.`Role`, `d`.`Speciality`, `d`.`Thumb`, `d`.`Updated_At`, `d`.`User_Id`
FROM `Doctors` AS `d`
WHERE `d`.`Id` = @__Id_0
LIMIT 2

2024-08-03 00:05:31.757 +05:30  INF  Executed DbCommand (210ms) [Parameters=[@__p_0='?' (DbType = Int64)], CommandType='"Text"', CommandTimeout='30']
SELECT `p`.`Id`, `p`.`Address_O`, `p`.`Address_Other`, `p`.`Address_R`, `p`.`City_O`, `p`.`City_Other`, `p`.`City_R`, `p`.`Country_O`, `p`.`Country_Other`, `p`.`Country_R`, `p`.`Created_At`, `p`.`Doctor_Name`, `p`.`Email`, `p`.`Email2`, `p`.`Medical_History_Allergies`, `p`.`Patient_Id`, `p`.`Phone`, `p`.`Phone1`, `p`.`Phone2`, `p`.`Phone3`, `p`.`Phone4`, `p`.`Physician`, `p`.`Reffered_By`, `p`.`Relationship_Type`, `p`.`Special_Notes`, `p`.`Updated_At`, `p`.`Zip_O`, `p`.`Zip_Other`, `p`.`Zip_R`
FROM `Patients_Contact` AS `p`
WHERE `p`.`Patient_Id` = @__p_0

2024-08-03 00:05:31.762 +05:30  INF  Executed DbCommand (210ms) [Parameters=[@__p_0='?' (DbType = Int64)], CommandType='"Text"', CommandTimeout='30']
SELECT `p`.`Id`, `p`.`Address_O`, `p`.`Address_Other`, `p`.`Address_R`, `p`.`City_O`, `p`.`City_Other`, `p`.`City_R`, `p`.`Country_O`, `p`.`Country_Other`, `p`.`Country_R`, `p`.`Created_At`, `p`.`Doctor_Name`, `p`.`Email`, `p`.`Email2`, `p`.`Medical_History_Allergies`, `p`.`Patient_Id`, `p`.`Phone`, `p`.`Phone1`, `p`.`Phone2`, `p`.`Phone3`, `p`.`Phone4`, `p`.`Physician`, `p`.`Reffered_By`, `p`.`Relationship_Type`, `p`.`Special_Notes`, `p`.`Updated_At`, `p`.`Zip_O`, `p`.`Zip_Other`, `p`.`Zip_R`
FROM `Patients_Contact` AS `p`
WHERE `p`.`Patient_Id` = @__p_0

2024-08-03 00:05:31.969 +05:30  INF  Executed DbCommand (210ms) [Parameters=[@__Id_0='?' (DbType = Int64)], CommandType='"Text"', CommandTimeout='30']
SELECT `d`.`Id`, `d`.`Age`, `d`.`Blood_Group`, `d`.`Created_At`, `d`.`Dob`, `d`.`Email`, `d`.`Email2`, `d`.`Gender`, `d`.`Gst_Number`, `d`.`Is_Delete`, `d`.`Marital_Status`, `d`.`Name`, `d`.`Pan_Number`, `d`.`Password`, `d`.`Phone1`, `d`.`Phone2`, `d`.`Phone3`, `d`.`Phone4`, `d`.`Qualification`, `d`.`Role`, `d`.`Speciality`, `d`.`Thumb`, `d`.`Updated_At`, `d`.`User_Id`
FROM `Doctors` AS `d`
WHERE `d`.`Id` = @__Id_0
LIMIT 2

2024-08-03 00:05:32.389 +05:30  INF  Executed DbCommand (208ms) [Parameters=[@__p_0='?' (DbType = Int64)], CommandType='"Text"', CommandTimeout='30']
SELECT `p`.`Id`, `p`.`Created_At`, `p`.`Patient_Id`, `p`.`Report`, `p`.`Report_File`, `p`.`Scan_Name`, `p`.`Status`, `p`.`Type`, `p`.`Updated_At`
FROM `Patient_Scans` AS `p`
WHERE `p`.`Patient_Id` = @__p_0

2024-08-03 00:05:32.389 +05:30  INF  Executed DbCommand (208ms) [Parameters=[@__p_0='?' (DbType = Int64)], CommandType='"Text"', CommandTimeout='30']
SELECT `p`.`Id`, `p`.`Created_At`, `p`.`Patient_Id`, `p`.`Report`, `p`.`Report_File`, `p`.`Scan_Name`, `p`.`Status`, `p`.`Type`, `p`.`Updated_At`
FROM `Patient_Scans` AS `p`
WHERE `p`.`Patient_Id` = @__p_0

2024-08-03 00:05:32.389 +05:30  INF  Executing ObjectResult, writing value of type 'DCRM.Common.Dto.PatientseDto'.

2024-08-03 00:05:32.389 +05:30  INF  Executing ObjectResult, writing value of type 'DCRM.Common.Dto.PatientseDto'.

2024-08-03 00:05:32.389 +05:30  INF  Executed action DCRM.Api.Controllers.PatientController.Get (DCRM.Api) in 4168.0845ms

2024-08-03 00:05:32.389 +05:30  INF  Executed endpoint 'DCRM.Api.Controllers.PatientController.Get (DCRM.Api)'

2024-08-03 00:05:32.389 +05:30  INF  Executed action DCRM.Api.Controllers.PatientController.Get (DCRM.Api) in 4167.7535ms

2024-08-03 00:05:32.389 +05:30  INF  Executed endpoint 'DCRM.Api.Controllers.PatientController.Get (DCRM.Api)'

2024-08-03 00:05:32.390 +05:30  INF  Request finished HTTP/2 GET https://localhost:7069/api/Patient/Get/387 application/json - - 200 - application/json;+charset=utf-8 4799.7108ms

2024-08-03 00:05:32.390 +05:30  INF  Request finished HTTP/2 GET https://localhost:7069/api/Patient/Get/10 application/json - - 200 - application/json;+charset=utf-8 4799.7523ms

2024-08-03 00:05:32.594 +05:30  INF  Executed DbCommand (206ms) [Parameters=[@__Id_0='?' (DbType = Int64)], CommandType='"Text"', CommandTimeout='30']
SELECT `d`.`Id`, `d`.`Age`, `d`.`Blood_Group`, `d`.`Created_At`, `d`.`Dob`, `d`.`Email`, `d`.`Email2`, `d`.`Gender`, `d`.`Gst_Number`, `d`.`Is_Delete`, `d`.`Marital_Status`, `d`.`Name`, `d`.`Pan_Number`, `d`.`Password`, `d`.`Phone1`, `d`.`Phone2`, `d`.`Phone3`, `d`.`Phone4`, `d`.`Qualification`, `d`.`Role`, `d`.`Speciality`, `d`.`Thumb`, `d`.`Updated_At`, `d`.`User_Id`
FROM `Doctors` AS `d`
WHERE `d`.`Id` = @__Id_0
LIMIT 2

2024-08-03 00:05:33.216 +05:30  INF  Executed DbCommand (208ms) [Parameters=[@__Id_0='?' (DbType = Int64)], CommandType='"Text"', CommandTimeout='30']
SELECT `d`.`Id`, `d`.`Age`, `d`.`Blood_Group`, `d`.`Created_At`, `d`.`Dob`, `d`.`Email`, `d`.`Email2`, `d`.`Gender`, `d`.`Gst_Number`, `d`.`Is_Delete`, `d`.`Marital_Status`, `d`.`Name`, `d`.`Pan_Number`, `d`.`Password`, `d`.`Phone1`, `d`.`Phone2`, `d`.`Phone3`, `d`.`Phone4`, `d`.`Qualification`, `d`.`Role`, `d`.`Speciality`, `d`.`Thumb`, `d`.`Updated_At`, `d`.`User_Id`
FROM `Doctors` AS `d`
WHERE `d`.`Id` = @__Id_0
LIMIT 2

2024-08-03 00:05:33.837 +05:30  INF  Executed DbCommand (209ms) [Parameters=[@__Id_0='?' (DbType = Int64)], CommandType='"Text"', CommandTimeout='30']
SELECT `d`.`Id`, `d`.`Age`, `d`.`Blood_Group`, `d`.`Created_At`, `d`.`Dob`, `d`.`Email`, `d`.`Email2`, `d`.`Gender`, `d`.`Gst_Number`, `d`.`Is_Delete`, `d`.`Marital_Status`, `d`.`Name`, `d`.`Pan_Number`, `d`.`Password`, `d`.`Phone1`, `d`.`Phone2`, `d`.`Phone3`, `d`.`Phone4`, `d`.`Qualification`, `d`.`Role`, `d`.`Speciality`, `d`.`Thumb`, `d`.`Updated_At`, `d`.`User_Id`
FROM `Doctors` AS `d`
WHERE `d`.`Id` = @__Id_0
LIMIT 2

2024-08-03 00:05:34.669 +05:30  INF  Executed DbCommand (416ms) [Parameters=[@__Id_0='?' (DbType = Int64)], CommandType='"Text"', CommandTimeout='30']
SELECT `d`.`Id`, `d`.`Age`, `d`.`Blood_Group`, `d`.`Created_At`, `d`.`Dob`, `d`.`Email`, `d`.`Email2`, `d`.`Gender`, `d`.`Gst_Number`, `d`.`Is_Delete`, `d`.`Marital_Status`, `d`.`Name`, `d`.`Pan_Number`, `d`.`Password`, `d`.`Phone1`, `d`.`Phone2`, `d`.`Phone3`, `d`.`Phone4`, `d`.`Qualification`, `d`.`Role`, `d`.`Speciality`, `d`.`Thumb`, `d`.`Updated_At`, `d`.`User_Id`
FROM `Doctors` AS `d`
WHERE `d`.`Id` = @__Id_0
LIMIT 2

2024-08-03 00:05:35.289 +05:30  INF  Executed DbCommand (207ms) [Parameters=[@__Id_0='?' (DbType = Int64)], CommandType='"Text"', CommandTimeout='30']
SELECT `d`.`Id`, `d`.`Age`, `d`.`Blood_Group`, `d`.`Created_At`, `d`.`Dob`, `d`.`Email`, `d`.`Email2`, `d`.`Gender`, `d`.`Gst_Number`, `d`.`Is_Delete`, `d`.`Marital_Status`, `d`.`Name`, `d`.`Pan_Number`, `d`.`Password`, `d`.`Phone1`, `d`.`Phone2`, `d`.`Phone3`, `d`.`Phone4`, `d`.`Qualification`, `d`.`Role`, `d`.`Speciality`, `d`.`Thumb`, `d`.`Updated_At`, `d`.`User_Id`
FROM `Doctors` AS `d`
WHERE `d`.`Id` = @__Id_0
LIMIT 2

2024-08-03 00:05:35.910 +05:30  INF  Executed DbCommand (208ms) [Parameters=[@__Id_0='?' (DbType = Int64)], CommandType='"Text"', CommandTimeout='30']
SELECT `d`.`Id`, `d`.`Age`, `d`.`Blood_Group`, `d`.`Created_At`, `d`.`Dob`, `d`.`Email`, `d`.`Email2`, `d`.`Gender`, `d`.`Gst_Number`, `d`.`Is_Delete`, `d`.`Marital_Status`, `d`.`Name`, `d`.`Pan_Number`, `d`.`Password`, `d`.`Phone1`, `d`.`Phone2`, `d`.`Phone3`, `d`.`Phone4`, `d`.`Qualification`, `d`.`Role`, `d`.`Speciality`, `d`.`Thumb`, `d`.`Updated_At`, `d`.`User_Id`
FROM `Doctors` AS `d`
WHERE `d`.`Id` = @__Id_0
LIMIT 2

2024-08-03 00:05:36.531 +05:30  INF  Executed DbCommand (208ms) [Parameters=[@__Id_0='?' (DbType = Int64)], CommandType='"Text"', CommandTimeout='30']
SELECT `d`.`Id`, `d`.`Age`, `d`.`Blood_Group`, `d`.`Created_At`, `d`.`Dob`, `d`.`Email`, `d`.`Email2`, `d`.`Gender`, `d`.`Gst_Number`, `d`.`Is_Delete`, `d`.`Marital_Status`, `d`.`Name`, `d`.`Pan_Number`, `d`.`Password`, `d`.`Phone1`, `d`.`Phone2`, `d`.`Phone3`, `d`.`Phone4`, `d`.`Qualification`, `d`.`Role`, `d`.`Speciality`, `d`.`Thumb`, `d`.`Updated_At`, `d`.`User_Id`
FROM `Doctors` AS `d`
WHERE `d`.`Id` = @__Id_0
LIMIT 2

2024-08-03 00:05:37.158 +05:30  INF  Executed DbCommand (214ms) [Parameters=[@__Id_0='?' (DbType = Int64)], CommandType='"Text"', CommandTimeout='30']
SELECT `d`.`Id`, `d`.`Age`, `d`.`Blood_Group`, `d`.`Created_At`, `d`.`Dob`, `d`.`Email`, `d`.`Email2`, `d`.`Gender`, `d`.`Gst_Number`, `d`.`Is_Delete`, `d`.`Marital_Status`, `d`.`Name`, `d`.`Pan_Number`, `d`.`Password`, `d`.`Phone1`, `d`.`Phone2`, `d`.`Phone3`, `d`.`Phone4`, `d`.`Qualification`, `d`.`Role`, `d`.`Speciality`, `d`.`Thumb`, `d`.`Updated_At`, `d`.`User_Id`
FROM `Doctors` AS `d`
WHERE `d`.`Id` = @__Id_0
LIMIT 2

2024-08-03 00:05:37.780 +05:30  INF  Executed DbCommand (208ms) [Parameters=[@__Id_0='?' (DbType = Int64)], CommandType='"Text"', CommandTimeout='30']
SELECT `d`.`Id`, `d`.`Age`, `d`.`Blood_Group`, `d`.`Created_At`, `d`.`Dob`, `d`.`Email`, `d`.`Email2`, `d`.`Gender`, `d`.`Gst_Number`, `d`.`Is_Delete`, `d`.`Marital_Status`, `d`.`Name`, `d`.`Pan_Number`, `d`.`Password`, `d`.`Phone1`, `d`.`Phone2`, `d`.`Phone3`, `d`.`Phone4`, `d`.`Qualification`, `d`.`Role`, `d`.`Speciality`, `d`.`Thumb`, `d`.`Updated_At`, `d`.`User_Id`
FROM `Doctors` AS `d`
WHERE `d`.`Id` = @__Id_0
LIMIT 2

2024-08-03 00:05:38.407 +05:30  INF  Executed DbCommand (214ms) [Parameters=[@__Id_0='?' (DbType = Int64)], CommandType='"Text"', CommandTimeout='30']
SELECT `d`.`Id`, `d`.`Age`, `d`.`Blood_Group`, `d`.`Created_At`, `d`.`Dob`, `d`.`Email`, `d`.`Email2`, `d`.`Gender`, `d`.`Gst_Number`, `d`.`Is_Delete`, `d`.`Marital_Status`, `d`.`Name`, `d`.`Pan_Number`, `d`.`Password`, `d`.`Phone1`, `d`.`Phone2`, `d`.`Phone3`, `d`.`Phone4`, `d`.`Qualification`, `d`.`Role`, `d`.`Speciality`, `d`.`Thumb`, `d`.`Updated_At`, `d`.`User_Id`
FROM `Doctors` AS `d`
WHERE `d`.`Id` = @__Id_0
LIMIT 2

2024-08-03 00:05:39.032 +05:30  INF  Executed DbCommand (209ms) [Parameters=[@__Id_0='?' (DbType = Int64)], CommandType='"Text"', CommandTimeout='30']
SELECT `d`.`Id`, `d`.`Age`, `d`.`Blood_Group`, `d`.`Created_At`, `d`.`Dob`, `d`.`Email`, `d`.`Email2`, `d`.`Gender`, `d`.`Gst_Number`, `d`.`Is_Delete`, `d`.`Marital_Status`, `d`.`Name`, `d`.`Pan_Number`, `d`.`Password`, `d`.`Phone1`, `d`.`Phone2`, `d`.`Phone3`, `d`.`Phone4`, `d`.`Qualification`, `d`.`Role`, `d`.`Speciality`, `d`.`Thumb`, `d`.`Updated_At`, `d`.`User_Id`
FROM `Doctors` AS `d`
WHERE `d`.`Id` = @__Id_0
LIMIT 2

2024-08-03 00:05:39.657 +05:30  INF  Executed DbCommand (208ms) [Parameters=[@__Id_0='?' (DbType = Int64)], CommandType='"Text"', CommandTimeout='30']
SELECT `d`.`Id`, `d`.`Age`, `d`.`Blood_Group`, `d`.`Created_At`, `d`.`Dob`, `d`.`Email`, `d`.`Email2`, `d`.`Gender`, `d`.`Gst_Number`, `d`.`Is_Delete`, `d`.`Marital_Status`, `d`.`Name`, `d`.`Pan_Number`, `d`.`Password`, `d`.`Phone1`, `d`.`Phone2`, `d`.`Phone3`, `d`.`Phone4`, `d`.`Qualification`, `d`.`Role`, `d`.`Speciality`, `d`.`Thumb`, `d`.`Updated_At`, `d`.`User_Id`
FROM `Doctors` AS `d`
WHERE `d`.`Id` = @__Id_0
LIMIT 2

2024-08-03 00:05:40.278 +05:30  INF  Executed DbCommand (208ms) [Parameters=[@__Id_0='?' (DbType = Int64)], CommandType='"Text"', CommandTimeout='30']
SELECT `d`.`Id`, `d`.`Age`, `d`.`Blood_Group`, `d`.`Created_At`, `d`.`Dob`, `d`.`Email`, `d`.`Email2`, `d`.`Gender`, `d`.`Gst_Number`, `d`.`Is_Delete`, `d`.`Marital_Status`, `d`.`Name`, `d`.`Pan_Number`, `d`.`Password`, `d`.`Phone1`, `d`.`Phone2`, `d`.`Phone3`, `d`.`Phone4`, `d`.`Qualification`, `d`.`Role`, `d`.`Speciality`, `d`.`Thumb`, `d`.`Updated_At`, `d`.`User_Id`
FROM `Doctors` AS `d`
WHERE `d`.`Id` = @__Id_0
LIMIT 2

2024-08-03 00:05:40.901 +05:30  INF  Executed DbCommand (208ms) [Parameters=[@__Id_0='?' (DbType = Int64)], CommandType='"Text"', CommandTimeout='30']
SELECT `d`.`Id`, `d`.`Age`, `d`.`Blood_Group`, `d`.`Created_At`, `d`.`Dob`, `d`.`Email`, `d`.`Email2`, `d`.`Gender`, `d`.`Gst_Number`, `d`.`Is_Delete`, `d`.`Marital_Status`, `d`.`Name`, `d`.`Pan_Number`, `d`.`Password`, `d`.`Phone1`, `d`.`Phone2`, `d`.`Phone3`, `d`.`Phone4`, `d`.`Qualification`, `d`.`Role`, `d`.`Speciality`, `d`.`Thumb`, `d`.`Updated_At`, `d`.`User_Id`
FROM `Doctors` AS `d`
WHERE `d`.`Id` = @__Id_0
LIMIT 2

2024-08-03 00:05:40.901 +05:30  INF  Executing ObjectResult, writing value of type 'System.Collections.Generic.List`1[[DCRM.Common.Dto.ChairDto, DCRM.Common, Version=1.0.0.0, Culture=neutral, PublicKeyToken=null]]'.

2024-08-03 00:05:40.901 +05:30  INF  Executed action DCRM.Api.Controllers.ChairController.GetAll (DCRM.Api) in 12678.8371ms

2024-08-03 00:05:40.901 +05:30  INF  Executed endpoint 'DCRM.Api.Controllers.ChairController.GetAll (DCRM.Api)'

2024-08-03 00:05:40.901 +05:30  INF  Request finished HTTP/2 GET https://localhost:7069/api/Chair/GetAll application/json - - 200 - application/json;+charset=utf-8 13311.3799ms

2024-08-03 00:07:52.404 +05:30  INF  Request starting HTTP/2 OPTIONS https://localhost:7069/api/Appointment/Get/387 - -

2024-08-03 00:07:52.404 +05:30  INF  CORS policy execution successful.

2024-08-03 00:07:52.407 +05:30  INF  Request finished HTTP/2 OPTIONS https://localhost:7069/api/Appointment/Get/387 - - - 204 - - 2.8328ms

2024-08-03 00:07:52.422 +05:30  INF  Request starting HTTP/2 GET https://localhost:7069/api/Appointment/Get/387 application/json -

2024-08-03 00:07:52.422 +05:30  INF  CORS policy execution successful.

2024-08-03 00:07:53.082 +05:30  INF  Executed DbCommand (211ms) [Parameters=[@__id_0='?' (DbType = Int64)], CommandType='"Text"', CommandTimeout='30']
SELECT `u`.`Id`, `u`.`About_Me`, `u`.`Account_Type`, `u`.`Address`, `u`.`Available_Days`, `u`.`Bn_Name`, `u`.`City`, `u`.`Country`, `u`.`Created_At`, `u`.`Currency`, `u`.`Degree`, `u`.`Email`, `u`.`Email_Verified`, `u`.`Enable_Appointment`, `u`.`Enable_Rating`, `u`.`Exp_Years`, `u`.`Facebook`, `u`.`Google_Analytics`, `u`.`Image`, `u`.`Instagram`, `u`.`Linkedin`, `u`.`Name`, `u`.`Parent_Id`, `u`.`Password`, `u`.`Paypal_Email`, `u`.`Paypal_Mode`, `u`.`Paypal_Payment`, `u`.`Paystack_Payment`, `u`.`Paystack_Public_Key`, `u`.`Paystack_Secret_Key`, `u`.`Phone`, `u`.`Publish_Key`, `u`.`Qr_Code`, `u`.`Razorpay_Key_Id`, `u`.`Razorpay_Key_Secret`, `u`.`Razorpay_Payment`, `u`.`Role`, `u`.`Secret_Key`, `u`.`Skype`, `u`.`Slug`, `u`.`Specialist`, `u`.`Status`, `u`.`Stripe_Payment`, `u`.`Thumb`, `u`.`Trial_Expire`, `u`.`Twitter`, `u`.`User_Name`, `u`.`User_Type`, `u`.`Verify_Code`, `u`.`Whatsapp`
FROM `Users` AS `u`
WHERE `u`.`Id` = @__id_0
LIMIT 1

2024-08-03 00:07:53.083 +05:30  INF  Executing endpoint 'DCRM.Api.Controllers.AppointmentController.Get (DCRM.Api)'

2024-08-03 00:07:53.083 +05:30  INF  Route matched with {action = "Get", controller = "Appointment"}. Executing controller action with signature DCRM.Common.Entity.Appointment Get(Int32) on controller DCRM.Api.Controllers.AppointmentController (DCRM.Api).

2024-08-03 00:07:53.743 +05:30  INF  Executed DbCommand (213ms) [Parameters=[@__id_0='?' (DbType = Int64)], CommandType='"Text"', CommandTimeout='30']
SELECT `a`.`Id`, `a`.`Appointment_Status`, `a`.`Cause`, `a`.`Chair`, `a`.`Chamber_Id`, `a`.`Created_At`, `a`.`Date`, `a`.`Doctor_Id`, `a`.`Doctor_Name`, `a`.`End_Time`, `a`.`Extra_Notes`, `a`.`Files`, `a`.`Is_Delete`, `a`.`Is_Start`, `a`.`Meeting_Notes`, `a`.`Number_Of_Slot`, `a`.`Patient_Id`, `a`.`Prescription_Id`, `a`.`Serial_Id`, `a`.`Slot_Time`, `a`.`Start_Time`, `a`.`Status`, `a`.`Type`, `a`.`User_Id`, `a`.`Workdone_Id`
FROM `Appointments` AS `a`
WHERE (`a`.`Id` = @__id_0) AND (`a`.`Is_Delete` = 0)
LIMIT 1

2024-08-03 00:07:53.743 +05:30  INF  Executing ObjectResult, writing value of type 'DCRM.Common.Entity.Appointment'.

2024-08-03 00:07:53.744 +05:30  INF  Executed action DCRM.Api.Controllers.AppointmentController.Get (DCRM.Api) in 660.8436ms

2024-08-03 00:07:53.744 +05:30  INF  Executed endpoint 'DCRM.Api.Controllers.AppointmentController.Get (DCRM.Api)'

2024-08-03 00:07:53.744 +05:30  INF  Request finished HTTP/2 GET https://localhost:7069/api/Appointment/Get/387 application/json - - 200 - application/json;+charset=utf-8 1321.6023ms

2024-08-03 00:07:56.170 +05:30  INF  Request starting HTTP/2 OPTIONS https://localhost:7069/api/Doctor/Get/Names - -

2024-08-03 00:07:56.170 +05:30  INF  CORS policy execution successful.

2024-08-03 00:07:56.170 +05:30  INF  Request finished HTTP/2 OPTIONS https://localhost:7069/api/Doctor/Get/Names - - - 204 - - 0.3666ms

2024-08-03 00:07:56.170 +05:30  INF  Request starting HTTP/2 OPTIONS https://localhost:7069/api/Patient/Get/Names - -

2024-08-03 00:07:56.170 +05:30  INF  CORS policy execution successful.

2024-08-03 00:07:56.171 +05:30  INF  Request finished HTTP/2 OPTIONS https://localhost:7069/api/Patient/Get/Names - - - 204 - - 0.2453ms

2024-08-03 00:07:56.174 +05:30  INF  Request starting HTTP/2 OPTIONS https://localhost:7069/api/Patient/Get/10 - -

2024-08-03 00:07:56.175 +05:30  INF  CORS policy execution successful.

2024-08-03 00:07:56.175 +05:30  INF  Request starting HTTP/2 GET https://localhost:7069/api/Doctor/Get/Names application/json -

2024-08-03 00:07:56.175 +05:30  INF  CORS policy execution successful.

2024-08-03 00:07:56.179 +05:30  INF  Request finished HTTP/2 OPTIONS https://localhost:7069/api/Patient/Get/10 - - - 204 - - 1.3155ms

2024-08-03 00:07:56.180 +05:30  INF  Request starting HTTP/2 GET https://localhost:7069/api/Patient/Get/Names application/json -

2024-08-03 00:07:56.180 +05:30  INF  CORS policy execution successful.

2024-08-03 00:07:56.185 +05:30  INF  Request starting HTTP/2 OPTIONS https://localhost:7069/api/Chair/GetAll - -

2024-08-03 00:07:56.185 +05:30  INF  Request starting HTTP/2 GET https://localhost:7069/api/Patient/Get/10 application/json -

2024-08-03 00:07:56.185 +05:30  INF  CORS policy execution successful.

2024-08-03 00:07:56.185 +05:30  INF  CORS policy execution successful.

2024-08-03 00:07:56.186 +05:30  INF  Request finished HTTP/2 OPTIONS https://localhost:7069/api/Chair/GetAll - - - 204 - - 0.5969ms

2024-08-03 00:07:56.189 +05:30  INF  Request starting HTTP/2 GET https://localhost:7069/api/Chair/GetAll application/json -

2024-08-03 00:07:56.189 +05:30  INF  CORS policy execution successful.

2024-08-03 00:07:56.806 +05:30  INF  Executed DbCommand (209ms) [Parameters=[@__id_0='?' (DbType = Int64)], CommandType='"Text"', CommandTimeout='30']
SELECT `u`.`Id`, `u`.`About_Me`, `u`.`Account_Type`, `u`.`Address`, `u`.`Available_Days`, `u`.`Bn_Name`, `u`.`City`, `u`.`Country`, `u`.`Created_At`, `u`.`Currency`, `u`.`Degree`, `u`.`Email`, `u`.`Email_Verified`, `u`.`Enable_Appointment`, `u`.`Enable_Rating`, `u`.`Exp_Years`, `u`.`Facebook`, `u`.`Google_Analytics`, `u`.`Image`, `u`.`Instagram`, `u`.`Linkedin`, `u`.`Name`, `u`.`Parent_Id`, `u`.`Password`, `u`.`Paypal_Email`, `u`.`Paypal_Mode`, `u`.`Paypal_Payment`, `u`.`Paystack_Payment`, `u`.`Paystack_Public_Key`, `u`.`Paystack_Secret_Key`, `u`.`Phone`, `u`.`Publish_Key`, `u`.`Qr_Code`, `u`.`Razorpay_Key_Id`, `u`.`Razorpay_Key_Secret`, `u`.`Razorpay_Payment`, `u`.`Role`, `u`.`Secret_Key`, `u`.`Skype`, `u`.`Slug`, `u`.`Specialist`, `u`.`Status`, `u`.`Stripe_Payment`, `u`.`Thumb`, `u`.`Trial_Expire`, `u`.`Twitter`, `u`.`User_Name`, `u`.`User_Type`, `u`.`Verify_Code`, `u`.`Whatsapp`
FROM `Users` AS `u`
WHERE `u`.`Id` = @__id_0
LIMIT 1

2024-08-03 00:07:56.806 +05:30  INF  Executed DbCommand (209ms) [Parameters=[@__id_0='?' (DbType = Int64)], CommandType='"Text"', CommandTimeout='30']
SELECT `u`.`Id`, `u`.`About_Me`, `u`.`Account_Type`, `u`.`Address`, `u`.`Available_Days`, `u`.`Bn_Name`, `u`.`City`, `u`.`Country`, `u`.`Created_At`, `u`.`Currency`, `u`.`Degree`, `u`.`Email`, `u`.`Email_Verified`, `u`.`Enable_Appointment`, `u`.`Enable_Rating`, `u`.`Exp_Years`, `u`.`Facebook`, `u`.`Google_Analytics`, `u`.`Image`, `u`.`Instagram`, `u`.`Linkedin`, `u`.`Name`, `u`.`Parent_Id`, `u`.`Password`, `u`.`Paypal_Email`, `u`.`Paypal_Mode`, `u`.`Paypal_Payment`, `u`.`Paystack_Payment`, `u`.`Paystack_Public_Key`, `u`.`Paystack_Secret_Key`, `u`.`Phone`, `u`.`Publish_Key`, `u`.`Qr_Code`, `u`.`Razorpay_Key_Id`, `u`.`Razorpay_Key_Secret`, `u`.`Razorpay_Payment`, `u`.`Role`, `u`.`Secret_Key`, `u`.`Skype`, `u`.`Slug`, `u`.`Specialist`, `u`.`Status`, `u`.`Stripe_Payment`, `u`.`Thumb`, `u`.`Trial_Expire`, `u`.`Twitter`, `u`.`User_Name`, `u`.`User_Type`, `u`.`Verify_Code`, `u`.`Whatsapp`
FROM `Users` AS `u`
WHERE `u`.`Id` = @__id_0
LIMIT 1

2024-08-03 00:07:56.806 +05:30  INF  Executing endpoint 'DCRM.Api.Controllers.PatientController.PatientDetailList (DCRM.Api)'

2024-08-03 00:07:56.806 +05:30  INF  Executing endpoint 'DCRM.Api.Controllers.DoctorController.DoctorNameList (DCRM.Api)'

2024-08-03 00:07:56.806 +05:30  INF  Route matched with {action = "PatientDetailList", controller = "Patient"}. Executing controller action with signature System.Collections.Generic.List`1[DCRM.Common.Dto.DropdownDataDto] PatientDetailList() on controller DCRM.Api.Controllers.PatientController (DCRM.Api).

2024-08-03 00:07:56.806 +05:30  INF  Route matched with {action = "DoctorNameList", controller = "Doctor"}. Executing controller action with signature System.Collections.Generic.List`1[DCRM.Common.Dto.DropdownDataDto] DoctorNameList() on controller DCRM.Api.Controllers.DoctorController (DCRM.Api).

2024-08-03 00:07:56.807 +05:30  INF  Executed DbCommand (210ms) [Parameters=[@__id_0='?' (DbType = Int64)], CommandType='"Text"', CommandTimeout='30']
SELECT `u`.`Id`, `u`.`About_Me`, `u`.`Account_Type`, `u`.`Address`, `u`.`Available_Days`, `u`.`Bn_Name`, `u`.`City`, `u`.`Country`, `u`.`Created_At`, `u`.`Currency`, `u`.`Degree`, `u`.`Email`, `u`.`Email_Verified`, `u`.`Enable_Appointment`, `u`.`Enable_Rating`, `u`.`Exp_Years`, `u`.`Facebook`, `u`.`Google_Analytics`, `u`.`Image`, `u`.`Instagram`, `u`.`Linkedin`, `u`.`Name`, `u`.`Parent_Id`, `u`.`Password`, `u`.`Paypal_Email`, `u`.`Paypal_Mode`, `u`.`Paypal_Payment`, `u`.`Paystack_Payment`, `u`.`Paystack_Public_Key`, `u`.`Paystack_Secret_Key`, `u`.`Phone`, `u`.`Publish_Key`, `u`.`Qr_Code`, `u`.`Razorpay_Key_Id`, `u`.`Razorpay_Key_Secret`, `u`.`Razorpay_Payment`, `u`.`Role`, `u`.`Secret_Key`, `u`.`Skype`, `u`.`Slug`, `u`.`Specialist`, `u`.`Status`, `u`.`Stripe_Payment`, `u`.`Thumb`, `u`.`Trial_Expire`, `u`.`Twitter`, `u`.`User_Name`, `u`.`User_Type`, `u`.`Verify_Code`, `u`.`Whatsapp`
FROM `Users` AS `u`
WHERE `u`.`Id` = @__id_0
LIMIT 1

2024-08-03 00:07:56.807 +05:30  INF  Executing endpoint 'DCRM.Api.Controllers.PatientController.Get (DCRM.Api)'

2024-08-03 00:07:56.807 +05:30  INF  Route matched with {action = "Get", controller = "Patient"}. Executing controller action with signature DCRM.Common.Dto.PatientseDto Get(Int64) on controller DCRM.Api.Controllers.PatientController (DCRM.Api).

2024-08-03 00:07:56.808 +05:30  INF  Executed DbCommand (206ms) [Parameters=[@__id_0='?' (DbType = Int64)], CommandType='"Text"', CommandTimeout='30']
SELECT `u`.`Id`, `u`.`About_Me`, `u`.`Account_Type`, `u`.`Address`, `u`.`Available_Days`, `u`.`Bn_Name`, `u`.`City`, `u`.`Country`, `u`.`Created_At`, `u`.`Currency`, `u`.`Degree`, `u`.`Email`, `u`.`Email_Verified`, `u`.`Enable_Appointment`, `u`.`Enable_Rating`, `u`.`Exp_Years`, `u`.`Facebook`, `u`.`Google_Analytics`, `u`.`Image`, `u`.`Instagram`, `u`.`Linkedin`, `u`.`Name`, `u`.`Parent_Id`, `u`.`Password`, `u`.`Paypal_Email`, `u`.`Paypal_Mode`, `u`.`Paypal_Payment`, `u`.`Paystack_Payment`, `u`.`Paystack_Public_Key`, `u`.`Paystack_Secret_Key`, `u`.`Phone`, `u`.`Publish_Key`, `u`.`Qr_Code`, `u`.`Razorpay_Key_Id`, `u`.`Razorpay_Key_Secret`, `u`.`Razorpay_Payment`, `u`.`Role`, `u`.`Secret_Key`, `u`.`Skype`, `u`.`Slug`, `u`.`Specialist`, `u`.`Status`, `u`.`Stripe_Payment`, `u`.`Thumb`, `u`.`Trial_Expire`, `u`.`Twitter`, `u`.`User_Name`, `u`.`User_Type`, `u`.`Verify_Code`, `u`.`Whatsapp`
FROM `Users` AS `u`
WHERE `u`.`Id` = @__id_0
LIMIT 1

2024-08-03 00:07:56.808 +05:30  INF  Executing endpoint 'DCRM.Api.Controllers.ChairController.GetAll (DCRM.Api)'

2024-08-03 00:07:56.808 +05:30  INF  Route matched with {action = "GetAll", controller = "Chair"}. Executing controller action with signature System.Collections.Generic.List`1[DCRM.Common.Dto.ChairDto] GetAll() on controller DCRM.Api.Controllers.ChairController (DCRM.Api).

2024-08-03 00:07:57.425 +05:30  INF  Executed DbCommand (207ms) [Parameters=[], CommandType='"Text"', CommandTimeout='30']
SELECT `c`.`Id`, `c`.`Address`, `c`.`Appoinment_Limit`, `c`.`Created_At`, `c`.`Doctor_Id`, `c`.`Is_Primary`, `c`.`Name`, `c`.`Status`, `c`.`Uid`, `c`.`User_Id`
FROM `Chairs` AS `c`

2024-08-03 00:07:57.427 +05:30  INF  Executed DbCommand (209ms) [Parameters=[@__id_0='?' (DbType = Int64)], CommandType='"Text"', CommandTimeout='30']
SELECT `p`.`Id`, `p`.`Age`, `p`.`Chamber_Id`, `p`.`Created_At`, `p`.`Email`, `p`.`Guardian`, `p`.`Is_Delete`, `p`.`Mobile`, `p`.`Mr_Number`, `p`.`Name`, `p`.`Password`, `p`.`Permanent_Address`, `p`.`Present_Address`, `p`.`Role`, `p`.`Sex`, `p`.`Slug`, `p`.`Thumb`, `p`.`Title`, `p`.`UserName`, `p`.`User_Id`, `p`.`Verify_Code`, `p`.`Weight`
FROM `Patientses` AS `p`
WHERE (`p`.`Is_Delete` = 0) AND (`p`.`Id` = @__id_0)
LIMIT 1

2024-08-03 00:07:57.633 +05:30  INF  Executed DbCommand (415ms) [Parameters=[@__userId_0='?' (DbType = Int64)], CommandType='"Text"', CommandTimeout='30']
SELECT `d`.`Id`, `d`.`Age`, `d`.`Blood_Group`, `d`.`Created_At`, `d`.`Dob`, `d`.`Email`, `d`.`Email2`, `d`.`Gender`, `d`.`Gst_Number`, `d`.`Is_Delete`, `d`.`Marital_Status`, `d`.`Name`, `d`.`Pan_Number`, `d`.`Password`, `d`.`Phone1`, `d`.`Phone2`, `d`.`Phone3`, `d`.`Phone4`, `d`.`Qualification`, `d`.`Role`, `d`.`Speciality`, `d`.`Thumb`, `d`.`Updated_At`, `d`.`User_Id`
FROM `Doctors` AS `d`
WHERE (`d`.`User_Id` = @__userId_0) AND (`d`.`Is_Delete` = 0)

2024-08-03 00:07:57.635 +05:30  INF  Executed DbCommand (417ms) [Parameters=[@__userId_0='?' (DbType = Int64)], CommandType='"Text"', CommandTimeout='30']
SELECT `p`.`Id`, `p`.`Age`, `p`.`Chamber_Id`, `p`.`Created_At`, `p`.`Email`, `p`.`Guardian`, `p`.`Is_Delete`, `p`.`Mobile`, `p`.`Mr_Number`, `p`.`Name`, `p`.`Password`, `p`.`Permanent_Address`, `p`.`Present_Address`, `p`.`Role`, `p`.`Sex`, `p`.`Slug`, `p`.`Thumb`, `p`.`Title`, `p`.`UserName`, `p`.`User_Id`, `p`.`Verify_Code`, `p`.`Weight`
FROM `Patientses` AS `p`
WHERE (`p`.`User_Id` = @__userId_0) AND (`p`.`Is_Delete` = 0)

2024-08-03 00:07:58.058 +05:30  INF  Executed DbCommand (214ms) [Parameters=[@__Id_0='?' (DbType = Int64)], CommandType='"Text"', CommandTimeout='30']
SELECT `d`.`Id`, `d`.`Age`, `d`.`Blood_Group`, `d`.`Created_At`, `d`.`Dob`, `d`.`Email`, `d`.`Email2`, `d`.`Gender`, `d`.`Gst_Number`, `d`.`Is_Delete`, `d`.`Marital_Status`, `d`.`Name`, `d`.`Pan_Number`, `d`.`Password`, `d`.`Phone1`, `d`.`Phone2`, `d`.`Phone3`, `d`.`Phone4`, `d`.`Qualification`, `d`.`Role`, `d`.`Speciality`, `d`.`Thumb`, `d`.`Updated_At`, `d`.`User_Id`
FROM `Doctors` AS `d`
WHERE `d`.`Id` = @__Id_0
LIMIT 2

2024-08-03 00:07:58.270 +05:30  INF  Executed DbCommand (425ms) [Parameters=[], CommandType='"Text"', CommandTimeout='30']
SELECT `p`.`Id`, `p`.`Amount_Type`, `p`.`Balance`, `p`.`Created_At`, `p`.`Credit_Amount`, `p`.`Debit_Amount`, `p`.`Description`, `p`.`Doctor_Id`, `p`.`Patient_Id`, `p`.`Payment_Mode`, `p`.`Updated_At`, `p`.`Workdone_Id`, `p`.`isPrinted`
FROM `Payment_History` AS `p`

2024-08-03 00:07:58.476 +05:30  INF  Executing ObjectResult, writing value of type 'System.Collections.Generic.List`1[[DCRM.Common.Dto.DropdownDataDto, DCRM.Common, Version=1.0.0.0, Culture=neutral, PublicKeyToken=null]]'.

2024-08-03 00:07:58.476 +05:30  INF  Executed action DCRM.Api.Controllers.DoctorController.DoctorNameList (DCRM.Api) in 1669.6481ms

2024-08-03 00:07:58.476 +05:30  INF  Executed endpoint 'DCRM.Api.Controllers.DoctorController.DoctorNameList (DCRM.Api)'

2024-08-03 00:07:58.476 +05:30  INF  Request finished HTTP/2 GET https://localhost:7069/api/Doctor/Get/Names application/json - - 200 - application/json;+charset=utf-8 2301.2945ms

2024-08-03 00:07:58.687 +05:30  INF  Executing ObjectResult, writing value of type 'System.Collections.Generic.List`1[[DCRM.Common.Dto.DropdownDataDto, DCRM.Common, Version=1.0.0.0, Culture=neutral, PublicKeyToken=null]]'.

2024-08-03 00:07:58.688 +05:30  INF  Executed action DCRM.Api.Controllers.PatientController.PatientDetailList (DCRM.Api) in 1881.5354ms

2024-08-03 00:07:58.688 +05:30  INF  Executed endpoint 'DCRM.Api.Controllers.PatientController.PatientDetailList (DCRM.Api)'

2024-08-03 00:07:58.688 +05:30  INF  Request finished HTTP/2 GET https://localhost:7069/api/Patient/Get/Names application/json - - 200 - application/json;+charset=utf-8 2507.5740ms

2024-08-03 00:07:58.688 +05:30  INF  Executed DbCommand (207ms) [Parameters=[@__Id_0='?' (DbType = Int64)], CommandType='"Text"', CommandTimeout='30']
SELECT `d`.`Id`, `d`.`Age`, `d`.`Blood_Group`, `d`.`Created_At`, `d`.`Dob`, `d`.`Email`, `d`.`Email2`, `d`.`Gender`, `d`.`Gst_Number`, `d`.`Is_Delete`, `d`.`Marital_Status`, `d`.`Name`, `d`.`Pan_Number`, `d`.`Password`, `d`.`Phone1`, `d`.`Phone2`, `d`.`Phone3`, `d`.`Phone4`, `d`.`Qualification`, `d`.`Role`, `d`.`Speciality`, `d`.`Thumb`, `d`.`Updated_At`, `d`.`User_Id`
FROM `Doctors` AS `d`
WHERE `d`.`Id` = @__Id_0
LIMIT 2

2024-08-03 00:07:59.099 +05:30  INF  Executed DbCommand (208ms) [Parameters=[@__p_0='?' (DbType = Int64)], CommandType='"Text"', CommandTimeout='30']
SELECT `p`.`Id`, `p`.`Amount`, `p`.`Balance_Amount`, `p`.`Balance_Spent`, `p`.`Created_At`, `p`.`Name`, `p`.`Patients_Id`, `p`.`Type`, `p`.`Updated_At`
FROM `Patients_Insurance_Loan` AS `p`
WHERE `p`.`Patients_Id` = @__p_0

2024-08-03 00:07:59.309 +05:30  INF  Executed DbCommand (207ms) [Parameters=[@__Id_0='?' (DbType = Int64)], CommandType='"Text"', CommandTimeout='30']
SELECT `d`.`Id`, `d`.`Age`, `d`.`Blood_Group`, `d`.`Created_At`, `d`.`Dob`, `d`.`Email`, `d`.`Email2`, `d`.`Gender`, `d`.`Gst_Number`, `d`.`Is_Delete`, `d`.`Marital_Status`, `d`.`Name`, `d`.`Pan_Number`, `d`.`Password`, `d`.`Phone1`, `d`.`Phone2`, `d`.`Phone3`, `d`.`Phone4`, `d`.`Qualification`, `d`.`Role`, `d`.`Speciality`, `d`.`Thumb`, `d`.`Updated_At`, `d`.`User_Id`
FROM `Doctors` AS `d`
WHERE `d`.`Id` = @__Id_0
LIMIT 2

2024-08-03 00:07:59.722 +05:30  INF  Executed DbCommand (208ms) [Parameters=[@__p_0='?' (DbType = Int64)], CommandType='"Text"', CommandTimeout='30']
SELECT `p`.`Id`, `p`.`Created_At`, `p`.`Patient_Id`, `p`.`Report`, `p`.`Report_Date`, `p`.`Report_File`, `p`.`Status`, `p`.`Test_Name`, `p`.`Test_Price`, `p`.`Updated_At`
FROM `Patient_Tests` AS `p`
WHERE `p`.`Patient_Id` = @__p_0

2024-08-03 00:07:59.930 +05:30  INF  Executed DbCommand (209ms) [Parameters=[@__Id_0='?' (DbType = Int64)], CommandType='"Text"', CommandTimeout='30']
SELECT `d`.`Id`, `d`.`Age`, `d`.`Blood_Group`, `d`.`Created_At`, `d`.`Dob`, `d`.`Email`, `d`.`Email2`, `d`.`Gender`, `d`.`Gst_Number`, `d`.`Is_Delete`, `d`.`Marital_Status`, `d`.`Name`, `d`.`Pan_Number`, `d`.`Password`, `d`.`Phone1`, `d`.`Phone2`, `d`.`Phone3`, `d`.`Phone4`, `d`.`Qualification`, `d`.`Role`, `d`.`Speciality`, `d`.`Thumb`, `d`.`Updated_At`, `d`.`User_Id`
FROM `Doctors` AS `d`
WHERE `d`.`Id` = @__Id_0
LIMIT 2

2024-08-03 00:08:00.344 +05:30  INF  Executed DbCommand (208ms) [Parameters=[@__p_0='?' (DbType = Int64)], CommandType='"Text"', CommandTimeout='30']
SELECT `p`.`Id`, `p`.`Address_O`, `p`.`Address_Other`, `p`.`Address_R`, `p`.`City_O`, `p`.`City_Other`, `p`.`City_R`, `p`.`Country_O`, `p`.`Country_Other`, `p`.`Country_R`, `p`.`Created_At`, `p`.`Doctor_Name`, `p`.`Email`, `p`.`Email2`, `p`.`Medical_History_Allergies`, `p`.`Patient_Id`, `p`.`Phone`, `p`.`Phone1`, `p`.`Phone2`, `p`.`Phone3`, `p`.`Phone4`, `p`.`Physician`, `p`.`Reffered_By`, `p`.`Relationship_Type`, `p`.`Special_Notes`, `p`.`Updated_At`, `p`.`Zip_O`, `p`.`Zip_Other`, `p`.`Zip_R`
FROM `Patients_Contact` AS `p`
WHERE `p`.`Patient_Id` = @__p_0

2024-08-03 00:08:00.550 +05:30  INF  Executed DbCommand (208ms) [Parameters=[@__Id_0='?' (DbType = Int64)], CommandType='"Text"', CommandTimeout='30']
SELECT `d`.`Id`, `d`.`Age`, `d`.`Blood_Group`, `d`.`Created_At`, `d`.`Dob`, `d`.`Email`, `d`.`Email2`, `d`.`Gender`, `d`.`Gst_Number`, `d`.`Is_Delete`, `d`.`Marital_Status`, `d`.`Name`, `d`.`Pan_Number`, `d`.`Password`, `d`.`Phone1`, `d`.`Phone2`, `d`.`Phone3`, `d`.`Phone4`, `d`.`Qualification`, `d`.`Role`, `d`.`Speciality`, `d`.`Thumb`, `d`.`Updated_At`, `d`.`User_Id`
FROM `Doctors` AS `d`
WHERE `d`.`Id` = @__Id_0
LIMIT 2

2024-08-03 00:08:00.966 +05:30  INF  Executed DbCommand (208ms) [Parameters=[@__p_0='?' (DbType = Int64)], CommandType='"Text"', CommandTimeout='30']
SELECT `p`.`Id`, `p`.`Created_At`, `p`.`Patient_Id`, `p`.`Report`, `p`.`Report_File`, `p`.`Scan_Name`, `p`.`Status`, `p`.`Type`, `p`.`Updated_At`
FROM `Patient_Scans` AS `p`
WHERE `p`.`Patient_Id` = @__p_0

2024-08-03 00:08:00.966 +05:30  INF  Executing ObjectResult, writing value of type 'DCRM.Common.Dto.PatientseDto'.

2024-08-03 00:08:00.967 +05:30  INF  Executed action DCRM.Api.Controllers.PatientController.Get (DCRM.Api) in 4159.6519ms

2024-08-03 00:08:00.967 +05:30  INF  Executed endpoint 'DCRM.Api.Controllers.PatientController.Get (DCRM.Api)'

2024-08-03 00:08:00.967 +05:30  INF  Request finished HTTP/2 GET https://localhost:7069/api/Patient/Get/10 application/json - - 200 - application/json;+charset=utf-8 4781.4147ms

2024-08-03 00:08:01.174 +05:30  INF  Executed DbCommand (209ms) [Parameters=[@__Id_0='?' (DbType = Int64)], CommandType='"Text"', CommandTimeout='30']
SELECT `d`.`Id`, `d`.`Age`, `d`.`Blood_Group`, `d`.`Created_At`, `d`.`Dob`, `d`.`Email`, `d`.`Email2`, `d`.`Gender`, `d`.`Gst_Number`, `d`.`Is_Delete`, `d`.`Marital_Status`, `d`.`Name`, `d`.`Pan_Number`, `d`.`Password`, `d`.`Phone1`, `d`.`Phone2`, `d`.`Phone3`, `d`.`Phone4`, `d`.`Qualification`, `d`.`Role`, `d`.`Speciality`, `d`.`Thumb`, `d`.`Updated_At`, `d`.`User_Id`
FROM `Doctors` AS `d`
WHERE `d`.`Id` = @__Id_0
LIMIT 2

2024-08-03 00:08:01.796 +05:30  INF  Executed DbCommand (208ms) [Parameters=[@__Id_0='?' (DbType = Int64)], CommandType='"Text"', CommandTimeout='30']
SELECT `d`.`Id`, `d`.`Age`, `d`.`Blood_Group`, `d`.`Created_At`, `d`.`Dob`, `d`.`Email`, `d`.`Email2`, `d`.`Gender`, `d`.`Gst_Number`, `d`.`Is_Delete`, `d`.`Marital_Status`, `d`.`Name`, `d`.`Pan_Number`, `d`.`Password`, `d`.`Phone1`, `d`.`Phone2`, `d`.`Phone3`, `d`.`Phone4`, `d`.`Qualification`, `d`.`Role`, `d`.`Speciality`, `d`.`Thumb`, `d`.`Updated_At`, `d`.`User_Id`
FROM `Doctors` AS `d`
WHERE `d`.`Id` = @__Id_0
LIMIT 2

2024-08-03 00:08:02.418 +05:30  INF  Executed DbCommand (209ms) [Parameters=[@__Id_0='?' (DbType = Int64)], CommandType='"Text"', CommandTimeout='30']
SELECT `d`.`Id`, `d`.`Age`, `d`.`Blood_Group`, `d`.`Created_At`, `d`.`Dob`, `d`.`Email`, `d`.`Email2`, `d`.`Gender`, `d`.`Gst_Number`, `d`.`Is_Delete`, `d`.`Marital_Status`, `d`.`Name`, `d`.`Pan_Number`, `d`.`Password`, `d`.`Phone1`, `d`.`Phone2`, `d`.`Phone3`, `d`.`Phone4`, `d`.`Qualification`, `d`.`Role`, `d`.`Speciality`, `d`.`Thumb`, `d`.`Updated_At`, `d`.`User_Id`
FROM `Doctors` AS `d`
WHERE `d`.`Id` = @__Id_0
LIMIT 2

2024-08-03 00:08:03.248 +05:30  INF  Executed DbCommand (416ms) [Parameters=[@__Id_0='?' (DbType = Int64)], CommandType='"Text"', CommandTimeout='30']
SELECT `d`.`Id`, `d`.`Age`, `d`.`Blood_Group`, `d`.`Created_At`, `d`.`Dob`, `d`.`Email`, `d`.`Email2`, `d`.`Gender`, `d`.`Gst_Number`, `d`.`Is_Delete`, `d`.`Marital_Status`, `d`.`Name`, `d`.`Pan_Number`, `d`.`Password`, `d`.`Phone1`, `d`.`Phone2`, `d`.`Phone3`, `d`.`Phone4`, `d`.`Qualification`, `d`.`Role`, `d`.`Speciality`, `d`.`Thumb`, `d`.`Updated_At`, `d`.`User_Id`
FROM `Doctors` AS `d`
WHERE `d`.`Id` = @__Id_0
LIMIT 2

2024-08-03 00:08:03.870 +05:30  INF  Executed DbCommand (208ms) [Parameters=[@__Id_0='?' (DbType = Int64)], CommandType='"Text"', CommandTimeout='30']
SELECT `d`.`Id`, `d`.`Age`, `d`.`Blood_Group`, `d`.`Created_At`, `d`.`Dob`, `d`.`Email`, `d`.`Email2`, `d`.`Gender`, `d`.`Gst_Number`, `d`.`Is_Delete`, `d`.`Marital_Status`, `d`.`Name`, `d`.`Pan_Number`, `d`.`Password`, `d`.`Phone1`, `d`.`Phone2`, `d`.`Phone3`, `d`.`Phone4`, `d`.`Qualification`, `d`.`Role`, `d`.`Speciality`, `d`.`Thumb`, `d`.`Updated_At`, `d`.`User_Id`
FROM `Doctors` AS `d`
WHERE `d`.`Id` = @__Id_0
LIMIT 2

2024-08-03 00:08:04.489 +05:30  INF  Executed DbCommand (207ms) [Parameters=[@__Id_0='?' (DbType = Int64)], CommandType='"Text"', CommandTimeout='30']
SELECT `d`.`Id`, `d`.`Age`, `d`.`Blood_Group`, `d`.`Created_At`, `d`.`Dob`, `d`.`Email`, `d`.`Email2`, `d`.`Gender`, `d`.`Gst_Number`, `d`.`Is_Delete`, `d`.`Marital_Status`, `d`.`Name`, `d`.`Pan_Number`, `d`.`Password`, `d`.`Phone1`, `d`.`Phone2`, `d`.`Phone3`, `d`.`Phone4`, `d`.`Qualification`, `d`.`Role`, `d`.`Speciality`, `d`.`Thumb`, `d`.`Updated_At`, `d`.`User_Id`
FROM `Doctors` AS `d`
WHERE `d`.`Id` = @__Id_0
LIMIT 2

2024-08-03 00:08:05.111 +05:30  INF  Executed DbCommand (208ms) [Parameters=[@__Id_0='?' (DbType = Int64)], CommandType='"Text"', CommandTimeout='30']
SELECT `d`.`Id`, `d`.`Age`, `d`.`Blood_Group`, `d`.`Created_At`, `d`.`Dob`, `d`.`Email`, `d`.`Email2`, `d`.`Gender`, `d`.`Gst_Number`, `d`.`Is_Delete`, `d`.`Marital_Status`, `d`.`Name`, `d`.`Pan_Number`, `d`.`Password`, `d`.`Phone1`, `d`.`Phone2`, `d`.`Phone3`, `d`.`Phone4`, `d`.`Qualification`, `d`.`Role`, `d`.`Speciality`, `d`.`Thumb`, `d`.`Updated_At`, `d`.`User_Id`
FROM `Doctors` AS `d`
WHERE `d`.`Id` = @__Id_0
LIMIT 2

2024-08-03 00:08:05.732 +05:30  INF  Executed DbCommand (208ms) [Parameters=[@__Id_0='?' (DbType = Int64)], CommandType='"Text"', CommandTimeout='30']
SELECT `d`.`Id`, `d`.`Age`, `d`.`Blood_Group`, `d`.`Created_At`, `d`.`Dob`, `d`.`Email`, `d`.`Email2`, `d`.`Gender`, `d`.`Gst_Number`, `d`.`Is_Delete`, `d`.`Marital_Status`, `d`.`Name`, `d`.`Pan_Number`, `d`.`Password`, `d`.`Phone1`, `d`.`Phone2`, `d`.`Phone3`, `d`.`Phone4`, `d`.`Qualification`, `d`.`Role`, `d`.`Speciality`, `d`.`Thumb`, `d`.`Updated_At`, `d`.`User_Id`
FROM `Doctors` AS `d`
WHERE `d`.`Id` = @__Id_0
LIMIT 2

2024-08-03 00:08:06.356 +05:30  INF  Executed DbCommand (209ms) [Parameters=[@__Id_0='?' (DbType = Int64)], CommandType='"Text"', CommandTimeout='30']
SELECT `d`.`Id`, `d`.`Age`, `d`.`Blood_Group`, `d`.`Created_At`, `d`.`Dob`, `d`.`Email`, `d`.`Email2`, `d`.`Gender`, `d`.`Gst_Number`, `d`.`Is_Delete`, `d`.`Marital_Status`, `d`.`Name`, `d`.`Pan_Number`, `d`.`Password`, `d`.`Phone1`, `d`.`Phone2`, `d`.`Phone3`, `d`.`Phone4`, `d`.`Qualification`, `d`.`Role`, `d`.`Speciality`, `d`.`Thumb`, `d`.`Updated_At`, `d`.`User_Id`
FROM `Doctors` AS `d`
WHERE `d`.`Id` = @__Id_0
LIMIT 2

2024-08-03 00:08:06.976 +05:30  INF  Executed DbCommand (207ms) [Parameters=[@__Id_0='?' (DbType = Int64)], CommandType='"Text"', CommandTimeout='30']
SELECT `d`.`Id`, `d`.`Age`, `d`.`Blood_Group`, `d`.`Created_At`, `d`.`Dob`, `d`.`Email`, `d`.`Email2`, `d`.`Gender`, `d`.`Gst_Number`, `d`.`Is_Delete`, `d`.`Marital_Status`, `d`.`Name`, `d`.`Pan_Number`, `d`.`Password`, `d`.`Phone1`, `d`.`Phone2`, `d`.`Phone3`, `d`.`Phone4`, `d`.`Qualification`, `d`.`Role`, `d`.`Speciality`, `d`.`Thumb`, `d`.`Updated_At`, `d`.`User_Id`
FROM `Doctors` AS `d`
WHERE `d`.`Id` = @__Id_0
LIMIT 2

2024-08-03 00:08:07.598 +05:30  INF  Executed DbCommand (208ms) [Parameters=[@__Id_0='?' (DbType = Int64)], CommandType='"Text"', CommandTimeout='30']
SELECT `d`.`Id`, `d`.`Age`, `d`.`Blood_Group`, `d`.`Created_At`, `d`.`Dob`, `d`.`Email`, `d`.`Email2`, `d`.`Gender`, `d`.`Gst_Number`, `d`.`Is_Delete`, `d`.`Marital_Status`, `d`.`Name`, `d`.`Pan_Number`, `d`.`Password`, `d`.`Phone1`, `d`.`Phone2`, `d`.`Phone3`, `d`.`Phone4`, `d`.`Qualification`, `d`.`Role`, `d`.`Speciality`, `d`.`Thumb`, `d`.`Updated_At`, `d`.`User_Id`
FROM `Doctors` AS `d`
WHERE `d`.`Id` = @__Id_0
LIMIT 2

2024-08-03 00:08:08.220 +05:30  INF  Executed DbCommand (208ms) [Parameters=[@__Id_0='?' (DbType = Int64)], CommandType='"Text"', CommandTimeout='30']
SELECT `d`.`Id`, `d`.`Age`, `d`.`Blood_Group`, `d`.`Created_At`, `d`.`Dob`, `d`.`Email`, `d`.`Email2`, `d`.`Gender`, `d`.`Gst_Number`, `d`.`Is_Delete`, `d`.`Marital_Status`, `d`.`Name`, `d`.`Pan_Number`, `d`.`Password`, `d`.`Phone1`, `d`.`Phone2`, `d`.`Phone3`, `d`.`Phone4`, `d`.`Qualification`, `d`.`Role`, `d`.`Speciality`, `d`.`Thumb`, `d`.`Updated_At`, `d`.`User_Id`
FROM `Doctors` AS `d`
WHERE `d`.`Id` = @__Id_0
LIMIT 2

2024-08-03 00:08:08.842 +05:30  INF  Executed DbCommand (208ms) [Parameters=[@__Id_0='?' (DbType = Int64)], CommandType='"Text"', CommandTimeout='30']
SELECT `d`.`Id`, `d`.`Age`, `d`.`Blood_Group`, `d`.`Created_At`, `d`.`Dob`, `d`.`Email`, `d`.`Email2`, `d`.`Gender`, `d`.`Gst_Number`, `d`.`Is_Delete`, `d`.`Marital_Status`, `d`.`Name`, `d`.`Pan_Number`, `d`.`Password`, `d`.`Phone1`, `d`.`Phone2`, `d`.`Phone3`, `d`.`Phone4`, `d`.`Qualification`, `d`.`Role`, `d`.`Speciality`, `d`.`Thumb`, `d`.`Updated_At`, `d`.`User_Id`
FROM `Doctors` AS `d`
WHERE `d`.`Id` = @__Id_0
LIMIT 2

2024-08-03 00:08:09.465 +05:30  INF  Executed DbCommand (210ms) [Parameters=[@__Id_0='?' (DbType = Int64)], CommandType='"Text"', CommandTimeout='30']
SELECT `d`.`Id`, `d`.`Age`, `d`.`Blood_Group`, `d`.`Created_At`, `d`.`Dob`, `d`.`Email`, `d`.`Email2`, `d`.`Gender`, `d`.`Gst_Number`, `d`.`Is_Delete`, `d`.`Marital_Status`, `d`.`Name`, `d`.`Pan_Number`, `d`.`Password`, `d`.`Phone1`, `d`.`Phone2`, `d`.`Phone3`, `d`.`Phone4`, `d`.`Qualification`, `d`.`Role`, `d`.`Speciality`, `d`.`Thumb`, `d`.`Updated_At`, `d`.`User_Id`
FROM `Doctors` AS `d`
WHERE `d`.`Id` = @__Id_0
LIMIT 2

2024-08-03 00:08:09.465 +05:30  INF  Executing ObjectResult, writing value of type 'System.Collections.Generic.List`1[[DCRM.Common.Dto.ChairDto, DCRM.Common, Version=1.0.0.0, Culture=neutral, PublicKeyToken=null]]'.

2024-08-03 00:08:09.466 +05:30  INF  Executed action DCRM.Api.Controllers.ChairController.GetAll (DCRM.Api) in 12657.2088ms

2024-08-03 00:08:09.466 +05:30  INF  Executed endpoint 'DCRM.Api.Controllers.ChairController.GetAll (DCRM.Api)'

2024-08-03 00:08:09.466 +05:30  INF  Request finished HTTP/2 GET https://localhost:7069/api/Chair/GetAll application/json - - 200 - application/json;+charset=utf-8 13277.1295ms

2024-08-03 00:10:21.438 +05:30  INF  Request starting HTTP/2 OPTIONS https://localhost:7069/api/Appointment/Get/387 - -

2024-08-03 00:10:21.438 +05:30  INF  CORS policy execution successful.

2024-08-03 00:10:21.440 +05:30  INF  Request finished HTTP/2 OPTIONS https://localhost:7069/api/Appointment/Get/387 - - - 204 - - 2.7353ms

2024-08-03 00:10:21.451 +05:30  INF  Request starting HTTP/2 GET https://localhost:7069/api/Appointment/Get/387 application/json -

2024-08-03 00:10:21.451 +05:30  INF  CORS policy execution successful.

2024-08-03 00:10:22.082 +05:30  INF  Executed DbCommand (209ms) [Parameters=[@__id_0='?' (DbType = Int64)], CommandType='"Text"', CommandTimeout='30']
SELECT `u`.`Id`, `u`.`About_Me`, `u`.`Account_Type`, `u`.`Address`, `u`.`Available_Days`, `u`.`Bn_Name`, `u`.`City`, `u`.`Country`, `u`.`Created_At`, `u`.`Currency`, `u`.`Degree`, `u`.`Email`, `u`.`Email_Verified`, `u`.`Enable_Appointment`, `u`.`Enable_Rating`, `u`.`Exp_Years`, `u`.`Facebook`, `u`.`Google_Analytics`, `u`.`Image`, `u`.`Instagram`, `u`.`Linkedin`, `u`.`Name`, `u`.`Parent_Id`, `u`.`Password`, `u`.`Paypal_Email`, `u`.`Paypal_Mode`, `u`.`Paypal_Payment`, `u`.`Paystack_Payment`, `u`.`Paystack_Public_Key`, `u`.`Paystack_Secret_Key`, `u`.`Phone`, `u`.`Publish_Key`, `u`.`Qr_Code`, `u`.`Razorpay_Key_Id`, `u`.`Razorpay_Key_Secret`, `u`.`Razorpay_Payment`, `u`.`Role`, `u`.`Secret_Key`, `u`.`Skype`, `u`.`Slug`, `u`.`Specialist`, `u`.`Status`, `u`.`Stripe_Payment`, `u`.`Thumb`, `u`.`Trial_Expire`, `u`.`Twitter`, `u`.`User_Name`, `u`.`User_Type`, `u`.`Verify_Code`, `u`.`Whatsapp`
FROM `Users` AS `u`
WHERE `u`.`Id` = @__id_0
LIMIT 1

2024-08-03 00:10:22.082 +05:30  INF  Executing endpoint 'DCRM.Api.Controllers.AppointmentController.Get (DCRM.Api)'

2024-08-03 00:10:22.082 +05:30  INF  Route matched with {action = "Get", controller = "Appointment"}. Executing controller action with signature DCRM.Common.Entity.Appointment Get(Int32) on controller DCRM.Api.Controllers.AppointmentController (DCRM.Api).

2024-08-03 00:10:22.705 +05:30  INF  Executed DbCommand (210ms) [Parameters=[@__id_0='?' (DbType = Int64)], CommandType='"Text"', CommandTimeout='30']
SELECT `a`.`Id`, `a`.`Appointment_Status`, `a`.`Cause`, `a`.`Chair`, `a`.`Chamber_Id`, `a`.`Created_At`, `a`.`Date`, `a`.`Doctor_Id`, `a`.`Doctor_Name`, `a`.`End_Time`, `a`.`Extra_Notes`, `a`.`Files`, `a`.`Is_Delete`, `a`.`Is_Start`, `a`.`Meeting_Notes`, `a`.`Number_Of_Slot`, `a`.`Patient_Id`, `a`.`Prescription_Id`, `a`.`Serial_Id`, `a`.`Slot_Time`, `a`.`Start_Time`, `a`.`Status`, `a`.`Type`, `a`.`User_Id`, `a`.`Workdone_Id`
FROM `Appointments` AS `a`
WHERE (`a`.`Id` = @__id_0) AND (`a`.`Is_Delete` = 0)
LIMIT 1

2024-08-03 00:10:22.705 +05:30  INF  Executing ObjectResult, writing value of type 'DCRM.Common.Entity.Appointment'.

2024-08-03 00:10:22.706 +05:30  INF  Executed action DCRM.Api.Controllers.AppointmentController.Get (DCRM.Api) in 623.2446ms

2024-08-03 00:10:22.706 +05:30  INF  Executed endpoint 'DCRM.Api.Controllers.AppointmentController.Get (DCRM.Api)'

2024-08-03 00:10:22.706 +05:30  INF  Request finished HTTP/2 GET https://localhost:7069/api/Appointment/Get/387 application/json - - 200 - application/json;+charset=utf-8 1255.0296ms

2024-08-03 00:12:38.483 +05:30  INF  Request starting HTTP/2 OPTIONS https://localhost:7069/api/Patient/Get/387 - -

2024-08-03 00:12:38.483 +05:30  INF  CORS policy execution successful.

2024-08-03 00:12:38.498 +05:30  INF  Request starting HTTP/2 OPTIONS https://localhost:7069/api/Doctor/Get/Names - -

2024-08-03 00:12:38.498 +05:30  INF  CORS policy execution successful.

2024-08-03 00:12:38.504 +05:30  INF  Request finished HTTP/2 OPTIONS https://localhost:7069/api/Doctor/Get/Names - - - 204 - - 6.4776ms

2024-08-03 00:12:38.504 +05:30  INF  Request finished HTTP/2 OPTIONS https://localhost:7069/api/Patient/Get/387 - - - 204 - - 21.9593ms

2024-08-03 00:12:38.515 +05:30  INF  Request starting HTTP/2 OPTIONS https://localhost:7069/api/Patient/Get/Names - -

2024-08-03 00:12:38.516 +05:30  INF  Request starting HTTP/2 OPTIONS https://localhost:7069/api/Chair/GetAll - -

2024-08-03 00:12:38.516 +05:30  INF  Request starting HTTP/2 OPTIONS https://localhost:7069/api/Patient/Get/10 - -

2024-08-03 00:12:38.516 +05:30  INF  CORS policy execution successful.

2024-08-03 00:12:38.516 +05:30  INF  CORS policy execution successful.

2024-08-03 00:12:38.516 +05:30  INF  CORS policy execution successful.

2024-08-03 00:12:38.516 +05:30  INF  Request finished HTTP/2 OPTIONS https://localhost:7069/api/Chair/GetAll - - - 204 - - 0.2136ms

2024-08-03 00:12:38.516 +05:30  INF  Request finished HTTP/2 OPTIONS https://localhost:7069/api/Patient/Get/10 - - - 204 - - 0.2460ms

2024-08-03 00:12:38.516 +05:30  INF  Request finished HTTP/2 OPTIONS https://localhost:7069/api/Patient/Get/Names - - - 204 - - 0.4627ms

2024-08-03 00:12:38.529 +05:30  INF  Request starting HTTP/2 GET https://localhost:7069/api/Patient/Get/387 application/json -

2024-08-03 00:12:38.529 +05:30  INF  Request starting HTTP/2 GET https://localhost:7069/api/Patient/Get/Names application/json -

2024-08-03 00:12:38.529 +05:30  INF  Request starting HTTP/2 GET https://localhost:7069/api/Chair/GetAll application/json -

2024-08-03 00:12:38.529 +05:30  INF  Request starting HTTP/2 GET https://localhost:7069/api/Doctor/Get/Names application/json -

2024-08-03 00:12:38.530 +05:30  INF  Request starting HTTP/2 GET https://localhost:7069/api/Patient/Get/10 application/json -

2024-08-03 00:12:38.530 +05:30  INF  CORS policy execution successful.

2024-08-03 00:12:38.530 +05:30  INF  CORS policy execution successful.

2024-08-03 00:12:38.530 +05:30  INF  CORS policy execution successful.

2024-08-03 00:12:38.530 +05:30  INF  CORS policy execution successful.

2024-08-03 00:12:38.530 +05:30  INF  CORS policy execution successful.

2024-08-03 00:12:39.151 +05:30  INF  Executed DbCommand (208ms) [Parameters=[@__id_0='?' (DbType = Int64)], CommandType='"Text"', CommandTimeout='30']
SELECT `u`.`Id`, `u`.`About_Me`, `u`.`Account_Type`, `u`.`Address`, `u`.`Available_Days`, `u`.`Bn_Name`, `u`.`City`, `u`.`Country`, `u`.`Created_At`, `u`.`Currency`, `u`.`Degree`, `u`.`Email`, `u`.`Email_Verified`, `u`.`Enable_Appointment`, `u`.`Enable_Rating`, `u`.`Exp_Years`, `u`.`Facebook`, `u`.`Google_Analytics`, `u`.`Image`, `u`.`Instagram`, `u`.`Linkedin`, `u`.`Name`, `u`.`Parent_Id`, `u`.`Password`, `u`.`Paypal_Email`, `u`.`Paypal_Mode`, `u`.`Paypal_Payment`, `u`.`Paystack_Payment`, `u`.`Paystack_Public_Key`, `u`.`Paystack_Secret_Key`, `u`.`Phone`, `u`.`Publish_Key`, `u`.`Qr_Code`, `u`.`Razorpay_Key_Id`, `u`.`Razorpay_Key_Secret`, `u`.`Razorpay_Payment`, `u`.`Role`, `u`.`Secret_Key`, `u`.`Skype`, `u`.`Slug`, `u`.`Specialist`, `u`.`Status`, `u`.`Stripe_Payment`, `u`.`Thumb`, `u`.`Trial_Expire`, `u`.`Twitter`, `u`.`User_Name`, `u`.`User_Type`, `u`.`Verify_Code`, `u`.`Whatsapp`
FROM `Users` AS `u`
WHERE `u`.`Id` = @__id_0
LIMIT 1

2024-08-03 00:12:39.151 +05:30  INF  Executing endpoint 'DCRM.Api.Controllers.PatientController.Get (DCRM.Api)'

2024-08-03 00:12:39.151 +05:30  INF  Route matched with {action = "Get", controller = "Patient"}. Executing controller action with signature DCRM.Common.Dto.PatientseDto Get(Int64) on controller DCRM.Api.Controllers.PatientController (DCRM.Api).

2024-08-03 00:12:39.773 +05:30  INF  Executed DbCommand (210ms) [Parameters=[@__id_0='?' (DbType = Int64)], CommandType='"Text"', CommandTimeout='30']
SELECT `p`.`Id`, `p`.`Age`, `p`.`Chamber_Id`, `p`.`Created_At`, `p`.`Email`, `p`.`Guardian`, `p`.`Is_Delete`, `p`.`Mobile`, `p`.`Mr_Number`, `p`.`Name`, `p`.`Password`, `p`.`Permanent_Address`, `p`.`Present_Address`, `p`.`Role`, `p`.`Sex`, `p`.`Slug`, `p`.`Thumb`, `p`.`Title`, `p`.`UserName`, `p`.`User_Id`, `p`.`Verify_Code`, `p`.`Weight`
FROM `Patientses` AS `p`
WHERE (`p`.`Is_Delete` = 0) AND (`p`.`Id` = @__id_0)
LIMIT 1

2024-08-03 00:12:40.603 +05:30  INF  Executed DbCommand (415ms) [Parameters=[], CommandType='"Text"', CommandTimeout='30']
SELECT `p`.`Id`, `p`.`Amount_Type`, `p`.`Balance`, `p`.`Created_At`, `p`.`Credit_Amount`, `p`.`Debit_Amount`, `p`.`Description`, `p`.`Doctor_Id`, `p`.`Patient_Id`, `p`.`Payment_Mode`, `p`.`Updated_At`, `p`.`Workdone_Id`, `p`.`isPrinted`
FROM `Payment_History` AS `p`

2024-08-03 00:12:41.436 +05:30  INF  Executed DbCommand (208ms) [Parameters=[@__p_0='?' (DbType = Int64)], CommandType='"Text"', CommandTimeout='30']
SELECT `p`.`Id`, `p`.`Amount`, `p`.`Balance_Amount`, `p`.`Balance_Spent`, `p`.`Created_At`, `p`.`Name`, `p`.`Patients_Id`, `p`.`Type`, `p`.`Updated_At`
FROM `Patients_Insurance_Loan` AS `p`
WHERE `p`.`Patients_Id` = @__p_0

2024-08-03 00:12:41.504 +05:30  INF  Executed DbCommand (209ms) [Parameters=[@__id_0='?' (DbType = Int64)], CommandType='"Text"', CommandTimeout='30']
SELECT `u`.`Id`, `u`.`About_Me`, `u`.`Account_Type`, `u`.`Address`, `u`.`Available_Days`, `u`.`Bn_Name`, `u`.`City`, `u`.`Country`, `u`.`Created_At`, `u`.`Currency`, `u`.`Degree`, `u`.`Email`, `u`.`Email_Verified`, `u`.`Enable_Appointment`, `u`.`Enable_Rating`, `u`.`Exp_Years`, `u`.`Facebook`, `u`.`Google_Analytics`, `u`.`Image`, `u`.`Instagram`, `u`.`Linkedin`, `u`.`Name`, `u`.`Parent_Id`, `u`.`Password`, `u`.`Paypal_Email`, `u`.`Paypal_Mode`, `u`.`Paypal_Payment`, `u`.`Paystack_Payment`, `u`.`Paystack_Public_Key`, `u`.`Paystack_Secret_Key`, `u`.`Phone`, `u`.`Publish_Key`, `u`.`Qr_Code`, `u`.`Razorpay_Key_Id`, `u`.`Razorpay_Key_Secret`, `u`.`Razorpay_Payment`, `u`.`Role`, `u`.`Secret_Key`, `u`.`Skype`, `u`.`Slug`, `u`.`Specialist`, `u`.`Status`, `u`.`Stripe_Payment`, `u`.`Thumb`, `u`.`Trial_Expire`, `u`.`Twitter`, `u`.`User_Name`, `u`.`User_Type`, `u`.`Verify_Code`, `u`.`Whatsapp`
FROM `Users` AS `u`
WHERE `u`.`Id` = @__id_0
LIMIT 1

2024-08-03 00:12:41.505 +05:30  INF  Executing endpoint 'DCRM.Api.Controllers.ChairController.GetAll (DCRM.Api)'

2024-08-03 00:12:41.505 +05:30  INF  Route matched with {action = "GetAll", controller = "Chair"}. Executing controller action with signature System.Collections.Generic.List`1[DCRM.Common.Dto.ChairDto] GetAll() on controller DCRM.Api.Controllers.ChairController (DCRM.Api).

2024-08-03 00:12:41.505 +05:30  INF  Executed DbCommand (210ms) [Parameters=[@__id_0='?' (DbType = Int64)], CommandType='"Text"', CommandTimeout='30']
SELECT `u`.`Id`, `u`.`About_Me`, `u`.`Account_Type`, `u`.`Address`, `u`.`Available_Days`, `u`.`Bn_Name`, `u`.`City`, `u`.`Country`, `u`.`Created_At`, `u`.`Currency`, `u`.`Degree`, `u`.`Email`, `u`.`Email_Verified`, `u`.`Enable_Appointment`, `u`.`Enable_Rating`, `u`.`Exp_Years`, `u`.`Facebook`, `u`.`Google_Analytics`, `u`.`Image`, `u`.`Instagram`, `u`.`Linkedin`, `u`.`Name`, `u`.`Parent_Id`, `u`.`Password`, `u`.`Paypal_Email`, `u`.`Paypal_Mode`, `u`.`Paypal_Payment`, `u`.`Paystack_Payment`, `u`.`Paystack_Public_Key`, `u`.`Paystack_Secret_Key`, `u`.`Phone`, `u`.`Publish_Key`, `u`.`Qr_Code`, `u`.`Razorpay_Key_Id`, `u`.`Razorpay_Key_Secret`, `u`.`Razorpay_Payment`, `u`.`Role`, `u`.`Secret_Key`, `u`.`Skype`, `u`.`Slug`, `u`.`Specialist`, `u`.`Status`, `u`.`Stripe_Payment`, `u`.`Thumb`, `u`.`Trial_Expire`, `u`.`Twitter`, `u`.`User_Name`, `u`.`User_Type`, `u`.`Verify_Code`, `u`.`Whatsapp`
FROM `Users` AS `u`
WHERE `u`.`Id` = @__id_0
LIMIT 1

2024-08-03 00:12:41.506 +05:30  INF  Executed DbCommand (211ms) [Parameters=[@__id_0='?' (DbType = Int64)], CommandType='"Text"', CommandTimeout='30']
SELECT `u`.`Id`, `u`.`About_Me`, `u`.`Account_Type`, `u`.`Address`, `u`.`Available_Days`, `u`.`Bn_Name`, `u`.`City`, `u`.`Country`, `u`.`Created_At`, `u`.`Currency`, `u`.`Degree`, `u`.`Email`, `u`.`Email_Verified`, `u`.`Enable_Appointment`, `u`.`Enable_Rating`, `u`.`Exp_Years`, `u`.`Facebook`, `u`.`Google_Analytics`, `u`.`Image`, `u`.`Instagram`, `u`.`Linkedin`, `u`.`Name`, `u`.`Parent_Id`, `u`.`Password`, `u`.`Paypal_Email`, `u`.`Paypal_Mode`, `u`.`Paypal_Payment`, `u`.`Paystack_Payment`, `u`.`Paystack_Public_Key`, `u`.`Paystack_Secret_Key`, `u`.`Phone`, `u`.`Publish_Key`, `u`.`Qr_Code`, `u`.`Razorpay_Key_Id`, `u`.`Razorpay_Key_Secret`, `u`.`Razorpay_Payment`, `u`.`Role`, `u`.`Secret_Key`, `u`.`Skype`, `u`.`Slug`, `u`.`Specialist`, `u`.`Status`, `u`.`Stripe_Payment`, `u`.`Thumb`, `u`.`Trial_Expire`, `u`.`Twitter`, `u`.`User_Name`, `u`.`User_Type`, `u`.`Verify_Code`, `u`.`Whatsapp`
FROM `Users` AS `u`
WHERE `u`.`Id` = @__id_0
LIMIT 1

2024-08-03 00:12:41.506 +05:30  INF  Executing endpoint 'DCRM.Api.Controllers.PatientController.PatientDetailList (DCRM.Api)'

2024-08-03 00:12:41.506 +05:30  INF  Executing endpoint 'DCRM.Api.Controllers.PatientController.Get (DCRM.Api)'

2024-08-03 00:12:41.506 +05:30  INF  Route matched with {action = "PatientDetailList", controller = "Patient"}. Executing controller action with signature System.Collections.Generic.List`1[DCRM.Common.Dto.DropdownDataDto] PatientDetailList() on controller DCRM.Api.Controllers.PatientController (DCRM.Api).

2024-08-03 00:12:41.506 +05:30  INF  Route matched with {action = "Get", controller = "Patient"}. Executing controller action with signature DCRM.Common.Dto.PatientseDto Get(Int64) on controller DCRM.Api.Controllers.PatientController (DCRM.Api).

2024-08-03 00:12:41.506 +05:30  INF  Executed DbCommand (211ms) [Parameters=[@__id_0='?' (DbType = Int64)], CommandType='"Text"', CommandTimeout='30']
SELECT `u`.`Id`, `u`.`About_Me`, `u`.`Account_Type`, `u`.`Address`, `u`.`Available_Days`, `u`.`Bn_Name`, `u`.`City`, `u`.`Country`, `u`.`Created_At`, `u`.`Currency`, `u`.`Degree`, `u`.`Email`, `u`.`Email_Verified`, `u`.`Enable_Appointment`, `u`.`Enable_Rating`, `u`.`Exp_Years`, `u`.`Facebook`, `u`.`Google_Analytics`, `u`.`Image`, `u`.`Instagram`, `u`.`Linkedin`, `u`.`Name`, `u`.`Parent_Id`, `u`.`Password`, `u`.`Paypal_Email`, `u`.`Paypal_Mode`, `u`.`Paypal_Payment`, `u`.`Paystack_Payment`, `u`.`Paystack_Public_Key`, `u`.`Paystack_Secret_Key`, `u`.`Phone`, `u`.`Publish_Key`, `u`.`Qr_Code`, `u`.`Razorpay_Key_Id`, `u`.`Razorpay_Key_Secret`, `u`.`Razorpay_Payment`, `u`.`Role`, `u`.`Secret_Key`, `u`.`Skype`, `u`.`Slug`, `u`.`Specialist`, `u`.`Status`, `u`.`Stripe_Payment`, `u`.`Thumb`, `u`.`Trial_Expire`, `u`.`Twitter`, `u`.`User_Name`, `u`.`User_Type`, `u`.`Verify_Code`, `u`.`Whatsapp`
FROM `Users` AS `u`
WHERE `u`.`Id` = @__id_0
LIMIT 1

2024-08-03 00:12:41.506 +05:30  INF  Executing endpoint 'DCRM.Api.Controllers.DoctorController.DoctorNameList (DCRM.Api)'

2024-08-03 00:12:41.506 +05:30  INF  Route matched with {action = "DoctorNameList", controller = "Doctor"}. Executing controller action with signature System.Collections.Generic.List`1[DCRM.Common.Dto.DropdownDataDto] DoctorNameList() on controller DCRM.Api.Controllers.DoctorController (DCRM.Api).

2024-08-03 00:12:42.056 +05:30  INF  Executed DbCommand (207ms) [Parameters=[@__p_0='?' (DbType = Int64)], CommandType='"Text"', CommandTimeout='30']
SELECT `p`.`Id`, `p`.`Created_At`, `p`.`Patient_Id`, `p`.`Report`, `p`.`Report_Date`, `p`.`Report_File`, `p`.`Status`, `p`.`Test_Name`, `p`.`Test_Price`, `p`.`Updated_At`
FROM `Patient_Tests` AS `p`
WHERE `p`.`Patient_Id` = @__p_0

2024-08-03 00:12:42.123 +05:30  INF  Executed DbCommand (208ms) [Parameters=[], CommandType='"Text"', CommandTimeout='30']
SELECT `c`.`Id`, `c`.`Address`, `c`.`Appoinment_Limit`, `c`.`Created_At`, `c`.`Doctor_Id`, `c`.`Is_Primary`, `c`.`Name`, `c`.`Status`, `c`.`Uid`, `c`.`User_Id`
FROM `Chairs` AS `c`

2024-08-03 00:12:42.124 +05:30  INF  Executed DbCommand (207ms) [Parameters=[@__id_0='?' (DbType = Int64)], CommandType='"Text"', CommandTimeout='30']
SELECT `p`.`Id`, `p`.`Age`, `p`.`Chamber_Id`, `p`.`Created_At`, `p`.`Email`, `p`.`Guardian`, `p`.`Is_Delete`, `p`.`Mobile`, `p`.`Mr_Number`, `p`.`Name`, `p`.`Password`, `p`.`Permanent_Address`, `p`.`Present_Address`, `p`.`Role`, `p`.`Sex`, `p`.`Slug`, `p`.`Thumb`, `p`.`Title`, `p`.`UserName`, `p`.`User_Id`, `p`.`Verify_Code`, `p`.`Weight`
FROM `Patientses` AS `p`
WHERE (`p`.`Is_Delete` = 0) AND (`p`.`Id` = @__id_0)
LIMIT 1

2024-08-03 00:12:42.127 +05:30  INF  Executed DbCommand (212ms) [Parameters=[@__userId_0='?' (DbType = Int64)], CommandType='"Text"', CommandTimeout='30']
SELECT `p`.`Id`, `p`.`Age`, `p`.`Chamber_Id`, `p`.`Created_At`, `p`.`Email`, `p`.`Guardian`, `p`.`Is_Delete`, `p`.`Mobile`, `p`.`Mr_Number`, `p`.`Name`, `p`.`Password`, `p`.`Permanent_Address`, `p`.`Present_Address`, `p`.`Role`, `p`.`Sex`, `p`.`Slug`, `p`.`Thumb`, `p`.`Title`, `p`.`UserName`, `p`.`User_Id`, `p`.`Verify_Code`, `p`.`Weight`
FROM `Patientses` AS `p`
WHERE (`p`.`User_Id` = @__userId_0) AND (`p`.`Is_Delete` = 0)

2024-08-03 00:12:42.129 +05:30  INF  Executed DbCommand (212ms) [Parameters=[@__userId_0='?' (DbType = Int64)], CommandType='"Text"', CommandTimeout='30']
SELECT `d`.`Id`, `d`.`Age`, `d`.`Blood_Group`, `d`.`Created_At`, `d`.`Dob`, `d`.`Email`, `d`.`Email2`, `d`.`Gender`, `d`.`Gst_Number`, `d`.`Is_Delete`, `d`.`Marital_Status`, `d`.`Name`, `d`.`Pan_Number`, `d`.`Password`, `d`.`Phone1`, `d`.`Phone2`, `d`.`Phone3`, `d`.`Phone4`, `d`.`Qualification`, `d`.`Role`, `d`.`Speciality`, `d`.`Thumb`, `d`.`Updated_At`, `d`.`User_Id`
FROM `Doctors` AS `d`
WHERE (`d`.`User_Id` = @__userId_0) AND (`d`.`Is_Delete` = 0)

2024-08-03 00:12:42.685 +05:30  INF  Executed DbCommand (213ms) [Parameters=[@__p_0='?' (DbType = Int64)], CommandType='"Text"', CommandTimeout='30']
SELECT `p`.`Id`, `p`.`Address_O`, `p`.`Address_Other`, `p`.`Address_R`, `p`.`City_O`, `p`.`City_Other`, `p`.`City_R`, `p`.`Country_O`, `p`.`Country_Other`, `p`.`Country_R`, `p`.`Created_At`, `p`.`Doctor_Name`, `p`.`Email`, `p`.`Email2`, `p`.`Medical_History_Allergies`, `p`.`Patient_Id`, `p`.`Phone`, `p`.`Phone1`, `p`.`Phone2`, `p`.`Phone3`, `p`.`Phone4`, `p`.`Physician`, `p`.`Reffered_By`, `p`.`Relationship_Type`, `p`.`Special_Notes`, `p`.`Updated_At`, `p`.`Zip_O`, `p`.`Zip_Other`, `p`.`Zip_R`
FROM `Patients_Contact` AS `p`
WHERE `p`.`Patient_Id` = @__p_0

2024-08-03 00:12:42.752 +05:30  INF  Executed DbCommand (216ms) [Parameters=[], CommandType='"Text"', CommandTimeout='30']
SELECT `p`.`Id`, `p`.`Amount_Type`, `p`.`Balance`, `p`.`Created_At`, `p`.`Credit_Amount`, `p`.`Debit_Amount`, `p`.`Description`, `p`.`Doctor_Id`, `p`.`Patient_Id`, `p`.`Payment_Mode`, `p`.`Updated_At`, `p`.`Workdone_Id`, `p`.`isPrinted`
FROM `Payment_History` AS `p`

2024-08-03 00:12:42.753 +05:30  INF  Executed DbCommand (214ms) [Parameters=[@__Id_0='?' (DbType = Int64)], CommandType='"Text"', CommandTimeout='30']
SELECT `d`.`Id`, `d`.`Age`, `d`.`Blood_Group`, `d`.`Created_At`, `d`.`Dob`, `d`.`Email`, `d`.`Email2`, `d`.`Gender`, `d`.`Gst_Number`, `d`.`Is_Delete`, `d`.`Marital_Status`, `d`.`Name`, `d`.`Pan_Number`, `d`.`Password`, `d`.`Phone1`, `d`.`Phone2`, `d`.`Phone3`, `d`.`Phone4`, `d`.`Qualification`, `d`.`Role`, `d`.`Speciality`, `d`.`Thumb`, `d`.`Updated_At`, `d`.`User_Id`
FROM `Doctors` AS `d`
WHERE `d`.`Id` = @__Id_0
LIMIT 2

2024-08-03 00:12:42.970 +05:30  INF  Executing ObjectResult, writing value of type 'System.Collections.Generic.List`1[[DCRM.Common.Dto.DropdownDataDto, DCRM.Common, Version=1.0.0.0, Culture=neutral, PublicKeyToken=null]]'.

2024-08-03 00:12:42.970 +05:30  INF  Executed action DCRM.Api.Controllers.PatientController.PatientDetailList (DCRM.Api) in 1464.2283ms

2024-08-03 00:12:42.970 +05:30  INF  Executed endpoint 'DCRM.Api.Controllers.PatientController.PatientDetailList (DCRM.Api)'

2024-08-03 00:12:42.970 +05:30  INF  Request finished HTTP/2 GET https://localhost:7069/api/Patient/Get/Names application/json - - 200 - application/json;+charset=utf-8 4441.1137ms

2024-08-03 00:12:42.979 +05:30  INF  Executing ObjectResult, writing value of type 'System.Collections.Generic.List`1[[DCRM.Common.Dto.DropdownDataDto, DCRM.Common, Version=1.0.0.0, Culture=neutral, PublicKeyToken=null]]'.

2024-08-03 00:12:42.979 +05:30  INF  Executed action DCRM.Api.Controllers.DoctorController.DoctorNameList (DCRM.Api) in 1472.5068ms

2024-08-03 00:12:42.979 +05:30  INF  Executed endpoint 'DCRM.Api.Controllers.DoctorController.DoctorNameList (DCRM.Api)'

2024-08-03 00:12:42.979 +05:30  INF  Request finished HTTP/2 GET https://localhost:7069/api/Doctor/Get/Names application/json - - 200 - application/json;+charset=utf-8 4449.9564ms

2024-08-03 00:12:43.305 +05:30  INF  Executed DbCommand (207ms) [Parameters=[@__p_0='?' (DbType = Int64)], CommandType='"Text"', CommandTimeout='30']
SELECT `p`.`Id`, `p`.`Created_At`, `p`.`Patient_Id`, `p`.`Report`, `p`.`Report_File`, `p`.`Scan_Name`, `p`.`Status`, `p`.`Type`, `p`.`Updated_At`
FROM `Patient_Scans` AS `p`
WHERE `p`.`Patient_Id` = @__p_0

2024-08-03 00:12:43.305 +05:30  INF  Executing ObjectResult, writing value of type 'DCRM.Common.Dto.PatientseDto'.

2024-08-03 00:12:43.305 +05:30  INF  Executed action DCRM.Api.Controllers.PatientController.Get (DCRM.Api) in 4154.0397ms

2024-08-03 00:12:43.305 +05:30  INF  Executed endpoint 'DCRM.Api.Controllers.PatientController.Get (DCRM.Api)'

2024-08-03 00:12:43.305 +05:30  INF  Request finished HTTP/2 GET https://localhost:7069/api/Patient/Get/10 application/json - - 200 - application/json;+charset=utf-8 4775.8637ms

2024-08-03 00:12:43.381 +05:30  INF  Executed DbCommand (208ms) [Parameters=[@__Id_0='?' (DbType = Int64)], CommandType='"Text"', CommandTimeout='30']
SELECT `d`.`Id`, `d`.`Age`, `d`.`Blood_Group`, `d`.`Created_At`, `d`.`Dob`, `d`.`Email`, `d`.`Email2`, `d`.`Gender`, `d`.`Gst_Number`, `d`.`Is_Delete`, `d`.`Marital_Status`, `d`.`Name`, `d`.`Pan_Number`, `d`.`Password`, `d`.`Phone1`, `d`.`Phone2`, `d`.`Phone3`, `d`.`Phone4`, `d`.`Qualification`, `d`.`Role`, `d`.`Speciality`, `d`.`Thumb`, `d`.`Updated_At`, `d`.`User_Id`
FROM `Doctors` AS `d`
WHERE `d`.`Id` = @__Id_0
LIMIT 2

2024-08-03 00:12:43.594 +05:30  INF  Executed DbCommand (214ms) [Parameters=[@__p_0='?' (DbType = Int64)], CommandType='"Text"', CommandTimeout='30']
SELECT `p`.`Id`, `p`.`Amount`, `p`.`Balance_Amount`, `p`.`Balance_Spent`, `p`.`Created_At`, `p`.`Name`, `p`.`Patients_Id`, `p`.`Type`, `p`.`Updated_At`
FROM `Patients_Insurance_Loan` AS `p`
WHERE `p`.`Patients_Id` = @__p_0

2024-08-03 00:12:44.019 +05:30  INF  Executed DbCommand (208ms) [Parameters=[@__Id_0='?' (DbType = Int64)], CommandType='"Text"', CommandTimeout='30']
SELECT `d`.`Id`, `d`.`Age`, `d`.`Blood_Group`, `d`.`Created_At`, `d`.`Dob`, `d`.`Email`, `d`.`Email2`, `d`.`Gender`, `d`.`Gst_Number`, `d`.`Is_Delete`, `d`.`Marital_Status`, `d`.`Name`, `d`.`Pan_Number`, `d`.`Password`, `d`.`Phone1`, `d`.`Phone2`, `d`.`Phone3`, `d`.`Phone4`, `d`.`Qualification`, `d`.`Role`, `d`.`Speciality`, `d`.`Thumb`, `d`.`Updated_At`, `d`.`User_Id`
FROM `Doctors` AS `d`
WHERE `d`.`Id` = @__Id_0
LIMIT 2

2024-08-03 00:12:44.226 +05:30  INF  Executed DbCommand (208ms) [Parameters=[@__p_0='?' (DbType = Int64)], CommandType='"Text"', CommandTimeout='30']
SELECT `p`.`Id`, `p`.`Created_At`, `p`.`Patient_Id`, `p`.`Report`, `p`.`Report_Date`, `p`.`Report_File`, `p`.`Status`, `p`.`Test_Name`, `p`.`Test_Price`, `p`.`Updated_At`
FROM `Patient_Tests` AS `p`
WHERE `p`.`Patient_Id` = @__p_0

2024-08-03 00:12:44.644 +05:30  INF  Executed DbCommand (210ms) [Parameters=[@__Id_0='?' (DbType = Int64)], CommandType='"Text"', CommandTimeout='30']
SELECT `d`.`Id`, `d`.`Age`, `d`.`Blood_Group`, `d`.`Created_At`, `d`.`Dob`, `d`.`Email`, `d`.`Email2`, `d`.`Gender`, `d`.`Gst_Number`, `d`.`Is_Delete`, `d`.`Marital_Status`, `d`.`Name`, `d`.`Pan_Number`, `d`.`Password`, `d`.`Phone1`, `d`.`Phone2`, `d`.`Phone3`, `d`.`Phone4`, `d`.`Qualification`, `d`.`Role`, `d`.`Speciality`, `d`.`Thumb`, `d`.`Updated_At`, `d`.`User_Id`
FROM `Doctors` AS `d`
WHERE `d`.`Id` = @__Id_0
LIMIT 2

2024-08-03 00:12:44.856 +05:30  INF  Executed DbCommand (207ms) [Parameters=[@__p_0='?' (DbType = Int64)], CommandType='"Text"', CommandTimeout='30']
SELECT `p`.`Id`, `p`.`Address_O`, `p`.`Address_Other`, `p`.`Address_R`, `p`.`City_O`, `p`.`City_Other`, `p`.`City_R`, `p`.`Country_O`, `p`.`Country_Other`, `p`.`Country_R`, `p`.`Created_At`, `p`.`Doctor_Name`, `p`.`Email`, `p`.`Email2`, `p`.`Medical_History_Allergies`, `p`.`Patient_Id`, `p`.`Phone`, `p`.`Phone1`, `p`.`Phone2`, `p`.`Phone3`, `p`.`Phone4`, `p`.`Physician`, `p`.`Reffered_By`, `p`.`Relationship_Type`, `p`.`Special_Notes`, `p`.`Updated_At`, `p`.`Zip_O`, `p`.`Zip_Other`, `p`.`Zip_R`
FROM `Patients_Contact` AS `p`
WHERE `p`.`Patient_Id` = @__p_0

2024-08-03 00:12:45.266 +05:30  INF  Executed DbCommand (209ms) [Parameters=[@__Id_0='?' (DbType = Int64)], CommandType='"Text"', CommandTimeout='30']
SELECT `d`.`Id`, `d`.`Age`, `d`.`Blood_Group`, `d`.`Created_At`, `d`.`Dob`, `d`.`Email`, `d`.`Email2`, `d`.`Gender`, `d`.`Gst_Number`, `d`.`Is_Delete`, `d`.`Marital_Status`, `d`.`Name`, `d`.`Pan_Number`, `d`.`Password`, `d`.`Phone1`, `d`.`Phone2`, `d`.`Phone3`, `d`.`Phone4`, `d`.`Qualification`, `d`.`Role`, `d`.`Speciality`, `d`.`Thumb`, `d`.`Updated_At`, `d`.`User_Id`
FROM `Doctors` AS `d`
WHERE `d`.`Id` = @__Id_0
LIMIT 2

2024-08-03 00:12:45.473 +05:30  INF  Executed DbCommand (208ms) [Parameters=[@__p_0='?' (DbType = Int64)], CommandType='"Text"', CommandTimeout='30']
SELECT `p`.`Id`, `p`.`Created_At`, `p`.`Patient_Id`, `p`.`Report`, `p`.`Report_File`, `p`.`Scan_Name`, `p`.`Status`, `p`.`Type`, `p`.`Updated_At`
FROM `Patient_Scans` AS `p`
WHERE `p`.`Patient_Id` = @__p_0

2024-08-03 00:12:45.473 +05:30  INF  Executing ObjectResult, writing value of type 'DCRM.Common.Dto.PatientseDto'.

2024-08-03 00:12:45.473 +05:30  INF  Executed action DCRM.Api.Controllers.PatientController.Get (DCRM.Api) in 3967.1575ms

2024-08-03 00:12:45.473 +05:30  INF  Executed endpoint 'DCRM.Api.Controllers.PatientController.Get (DCRM.Api)'

2024-08-03 00:12:45.473 +05:30  INF  Request finished HTTP/2 GET https://localhost:7069/api/Patient/Get/387 application/json - - 200 - application/json;+charset=utf-8 6944.2117ms

2024-08-03 00:12:45.890 +05:30  INF  Executed DbCommand (209ms) [Parameters=[@__Id_0='?' (DbType = Int64)], CommandType='"Text"', CommandTimeout='30']
SELECT `d`.`Id`, `d`.`Age`, `d`.`Blood_Group`, `d`.`Created_At`, `d`.`Dob`, `d`.`Email`, `d`.`Email2`, `d`.`Gender`, `d`.`Gst_Number`, `d`.`Is_Delete`, `d`.`Marital_Status`, `d`.`Name`, `d`.`Pan_Number`, `d`.`Password`, `d`.`Phone1`, `d`.`Phone2`, `d`.`Phone3`, `d`.`Phone4`, `d`.`Qualification`, `d`.`Role`, `d`.`Speciality`, `d`.`Thumb`, `d`.`Updated_At`, `d`.`User_Id`
FROM `Doctors` AS `d`
WHERE `d`.`Id` = @__Id_0
LIMIT 2

2024-08-03 00:12:46.516 +05:30  INF  Executed DbCommand (212ms) [Parameters=[@__Id_0='?' (DbType = Int64)], CommandType='"Text"', CommandTimeout='30']
SELECT `d`.`Id`, `d`.`Age`, `d`.`Blood_Group`, `d`.`Created_At`, `d`.`Dob`, `d`.`Email`, `d`.`Email2`, `d`.`Gender`, `d`.`Gst_Number`, `d`.`Is_Delete`, `d`.`Marital_Status`, `d`.`Name`, `d`.`Pan_Number`, `d`.`Password`, `d`.`Phone1`, `d`.`Phone2`, `d`.`Phone3`, `d`.`Phone4`, `d`.`Qualification`, `d`.`Role`, `d`.`Speciality`, `d`.`Thumb`, `d`.`Updated_At`, `d`.`User_Id`
FROM `Doctors` AS `d`
WHERE `d`.`Id` = @__Id_0
LIMIT 2

2024-08-03 00:12:47.142 +05:30  INF  Executed DbCommand (210ms) [Parameters=[@__Id_0='?' (DbType = Int64)], CommandType='"Text"', CommandTimeout='30']
SELECT `d`.`Id`, `d`.`Age`, `d`.`Blood_Group`, `d`.`Created_At`, `d`.`Dob`, `d`.`Email`, `d`.`Email2`, `d`.`Gender`, `d`.`Gst_Number`, `d`.`Is_Delete`, `d`.`Marital_Status`, `d`.`Name`, `d`.`Pan_Number`, `d`.`Password`, `d`.`Phone1`, `d`.`Phone2`, `d`.`Phone3`, `d`.`Phone4`, `d`.`Qualification`, `d`.`Role`, `d`.`Speciality`, `d`.`Thumb`, `d`.`Updated_At`, `d`.`User_Id`
FROM `Doctors` AS `d`
WHERE `d`.`Id` = @__Id_0
LIMIT 2

2024-08-03 00:12:47.771 +05:30  INF  Executed DbCommand (214ms) [Parameters=[@__Id_0='?' (DbType = Int64)], CommandType='"Text"', CommandTimeout='30']
SELECT `d`.`Id`, `d`.`Age`, `d`.`Blood_Group`, `d`.`Created_At`, `d`.`Dob`, `d`.`Email`, `d`.`Email2`, `d`.`Gender`, `d`.`Gst_Number`, `d`.`Is_Delete`, `d`.`Marital_Status`, `d`.`Name`, `d`.`Pan_Number`, `d`.`Password`, `d`.`Phone1`, `d`.`Phone2`, `d`.`Phone3`, `d`.`Phone4`, `d`.`Qualification`, `d`.`Role`, `d`.`Speciality`, `d`.`Thumb`, `d`.`Updated_At`, `d`.`User_Id`
FROM `Doctors` AS `d`
WHERE `d`.`Id` = @__Id_0
LIMIT 2

2024-08-03 00:12:48.393 +05:30  INF  Executed DbCommand (209ms) [Parameters=[@__Id_0='?' (DbType = Int64)], CommandType='"Text"', CommandTimeout='30']
SELECT `d`.`Id`, `d`.`Age`, `d`.`Blood_Group`, `d`.`Created_At`, `d`.`Dob`, `d`.`Email`, `d`.`Email2`, `d`.`Gender`, `d`.`Gst_Number`, `d`.`Is_Delete`, `d`.`Marital_Status`, `d`.`Name`, `d`.`Pan_Number`, `d`.`Password`, `d`.`Phone1`, `d`.`Phone2`, `d`.`Phone3`, `d`.`Phone4`, `d`.`Qualification`, `d`.`Role`, `d`.`Speciality`, `d`.`Thumb`, `d`.`Updated_At`, `d`.`User_Id`
FROM `Doctors` AS `d`
WHERE `d`.`Id` = @__Id_0
LIMIT 2

2024-08-03 00:12:49.024 +05:30  INF  Executed DbCommand (209ms) [Parameters=[@__Id_0='?' (DbType = Int64)], CommandType='"Text"', CommandTimeout='30']
SELECT `d`.`Id`, `d`.`Age`, `d`.`Blood_Group`, `d`.`Created_At`, `d`.`Dob`, `d`.`Email`, `d`.`Email2`, `d`.`Gender`, `d`.`Gst_Number`, `d`.`Is_Delete`, `d`.`Marital_Status`, `d`.`Name`, `d`.`Pan_Number`, `d`.`Password`, `d`.`Phone1`, `d`.`Phone2`, `d`.`Phone3`, `d`.`Phone4`, `d`.`Qualification`, `d`.`Role`, `d`.`Speciality`, `d`.`Thumb`, `d`.`Updated_At`, `d`.`User_Id`
FROM `Doctors` AS `d`
WHERE `d`.`Id` = @__Id_0
LIMIT 2

2024-08-03 00:12:49.646 +05:30  INF  Executed DbCommand (209ms) [Parameters=[@__Id_0='?' (DbType = Int64)], CommandType='"Text"', CommandTimeout='30']
SELECT `d`.`Id`, `d`.`Age`, `d`.`Blood_Group`, `d`.`Created_At`, `d`.`Dob`, `d`.`Email`, `d`.`Email2`, `d`.`Gender`, `d`.`Gst_Number`, `d`.`Is_Delete`, `d`.`Marital_Status`, `d`.`Name`, `d`.`Pan_Number`, `d`.`Password`, `d`.`Phone1`, `d`.`Phone2`, `d`.`Phone3`, `d`.`Phone4`, `d`.`Qualification`, `d`.`Role`, `d`.`Speciality`, `d`.`Thumb`, `d`.`Updated_At`, `d`.`User_Id`
FROM `Doctors` AS `d`
WHERE `d`.`Id` = @__Id_0
LIMIT 2

2024-08-03 00:12:50.272 +05:30  INF  Executed DbCommand (212ms) [Parameters=[@__Id_0='?' (DbType = Int64)], CommandType='"Text"', CommandTimeout='30']
SELECT `d`.`Id`, `d`.`Age`, `d`.`Blood_Group`, `d`.`Created_At`, `d`.`Dob`, `d`.`Email`, `d`.`Email2`, `d`.`Gender`, `d`.`Gst_Number`, `d`.`Is_Delete`, `d`.`Marital_Status`, `d`.`Name`, `d`.`Pan_Number`, `d`.`Password`, `d`.`Phone1`, `d`.`Phone2`, `d`.`Phone3`, `d`.`Phone4`, `d`.`Qualification`, `d`.`Role`, `d`.`Speciality`, `d`.`Thumb`, `d`.`Updated_At`, `d`.`User_Id`
FROM `Doctors` AS `d`
WHERE `d`.`Id` = @__Id_0
LIMIT 2

2024-08-03 00:12:50.893 +05:30  INF  Executed DbCommand (208ms) [Parameters=[@__Id_0='?' (DbType = Int64)], CommandType='"Text"', CommandTimeout='30']
SELECT `d`.`Id`, `d`.`Age`, `d`.`Blood_Group`, `d`.`Created_At`, `d`.`Dob`, `d`.`Email`, `d`.`Email2`, `d`.`Gender`, `d`.`Gst_Number`, `d`.`Is_Delete`, `d`.`Marital_Status`, `d`.`Name`, `d`.`Pan_Number`, `d`.`Password`, `d`.`Phone1`, `d`.`Phone2`, `d`.`Phone3`, `d`.`Phone4`, `d`.`Qualification`, `d`.`Role`, `d`.`Speciality`, `d`.`Thumb`, `d`.`Updated_At`, `d`.`User_Id`
FROM `Doctors` AS `d`
WHERE `d`.`Id` = @__Id_0
LIMIT 2

2024-08-03 00:12:51.516 +05:30  INF  Executed DbCommand (209ms) [Parameters=[@__Id_0='?' (DbType = Int64)], CommandType='"Text"', CommandTimeout='30']
SELECT `d`.`Id`, `d`.`Age`, `d`.`Blood_Group`, `d`.`Created_At`, `d`.`Dob`, `d`.`Email`, `d`.`Email2`, `d`.`Gender`, `d`.`Gst_Number`, `d`.`Is_Delete`, `d`.`Marital_Status`, `d`.`Name`, `d`.`Pan_Number`, `d`.`Password`, `d`.`Phone1`, `d`.`Phone2`, `d`.`Phone3`, `d`.`Phone4`, `d`.`Qualification`, `d`.`Role`, `d`.`Speciality`, `d`.`Thumb`, `d`.`Updated_At`, `d`.`User_Id`
FROM `Doctors` AS `d`
WHERE `d`.`Id` = @__Id_0
LIMIT 2

2024-08-03 00:12:52.142 +05:30  INF  Executed DbCommand (209ms) [Parameters=[@__Id_0='?' (DbType = Int64)], CommandType='"Text"', CommandTimeout='30']
SELECT `d`.`Id`, `d`.`Age`, `d`.`Blood_Group`, `d`.`Created_At`, `d`.`Dob`, `d`.`Email`, `d`.`Email2`, `d`.`Gender`, `d`.`Gst_Number`, `d`.`Is_Delete`, `d`.`Marital_Status`, `d`.`Name`, `d`.`Pan_Number`, `d`.`Password`, `d`.`Phone1`, `d`.`Phone2`, `d`.`Phone3`, `d`.`Phone4`, `d`.`Qualification`, `d`.`Role`, `d`.`Speciality`, `d`.`Thumb`, `d`.`Updated_At`, `d`.`User_Id`
FROM `Doctors` AS `d`
WHERE `d`.`Id` = @__Id_0
LIMIT 2

2024-08-03 00:12:52.773 +05:30  INF  Executed DbCommand (211ms) [Parameters=[@__Id_0='?' (DbType = Int64)], CommandType='"Text"', CommandTimeout='30']
SELECT `d`.`Id`, `d`.`Age`, `d`.`Blood_Group`, `d`.`Created_At`, `d`.`Dob`, `d`.`Email`, `d`.`Email2`, `d`.`Gender`, `d`.`Gst_Number`, `d`.`Is_Delete`, `d`.`Marital_Status`, `d`.`Name`, `d`.`Pan_Number`, `d`.`Password`, `d`.`Phone1`, `d`.`Phone2`, `d`.`Phone3`, `d`.`Phone4`, `d`.`Qualification`, `d`.`Role`, `d`.`Speciality`, `d`.`Thumb`, `d`.`Updated_At`, `d`.`User_Id`
FROM `Doctors` AS `d`
WHERE `d`.`Id` = @__Id_0
LIMIT 2

2024-08-03 00:12:53.401 +05:30  INF  Executed DbCommand (211ms) [Parameters=[@__Id_0='?' (DbType = Int64)], CommandType='"Text"', CommandTimeout='30']
SELECT `d`.`Id`, `d`.`Age`, `d`.`Blood_Group`, `d`.`Created_At`, `d`.`Dob`, `d`.`Email`, `d`.`Email2`, `d`.`Gender`, `d`.`Gst_Number`, `d`.`Is_Delete`, `d`.`Marital_Status`, `d`.`Name`, `d`.`Pan_Number`, `d`.`Password`, `d`.`Phone1`, `d`.`Phone2`, `d`.`Phone3`, `d`.`Phone4`, `d`.`Qualification`, `d`.`Role`, `d`.`Speciality`, `d`.`Thumb`, `d`.`Updated_At`, `d`.`User_Id`
FROM `Doctors` AS `d`
WHERE `d`.`Id` = @__Id_0
LIMIT 2

2024-08-03 00:12:54.019 +05:30  INF  Executed DbCommand (207ms) [Parameters=[@__Id_0='?' (DbType = Int64)], CommandType='"Text"', CommandTimeout='30']
SELECT `d`.`Id`, `d`.`Age`, `d`.`Blood_Group`, `d`.`Created_At`, `d`.`Dob`, `d`.`Email`, `d`.`Email2`, `d`.`Gender`, `d`.`Gst_Number`, `d`.`Is_Delete`, `d`.`Marital_Status`, `d`.`Name`, `d`.`Pan_Number`, `d`.`Password`, `d`.`Phone1`, `d`.`Phone2`, `d`.`Phone3`, `d`.`Phone4`, `d`.`Qualification`, `d`.`Role`, `d`.`Speciality`, `d`.`Thumb`, `d`.`Updated_At`, `d`.`User_Id`
FROM `Doctors` AS `d`
WHERE `d`.`Id` = @__Id_0
LIMIT 2

2024-08-03 00:12:54.019 +05:30  INF  Executing ObjectResult, writing value of type 'System.Collections.Generic.List`1[[DCRM.Common.Dto.ChairDto, DCRM.Common, Version=1.0.0.0, Culture=neutral, PublicKeyToken=null]]'.

2024-08-03 00:12:54.019 +05:30  INF  Executed action DCRM.Api.Controllers.ChairController.GetAll (DCRM.Api) in 12514.1437ms

2024-08-03 00:12:54.019 +05:30  INF  Executed endpoint 'DCRM.Api.Controllers.ChairController.GetAll (DCRM.Api)'

2024-08-03 00:12:54.019 +05:30  INF  Request finished HTTP/2 GET https://localhost:7069/api/Chair/GetAll application/json - - 200 - application/json;+charset=utf-8 15490.1802ms

2024-08-03 00:13:00.335 +05:30  INF  Request starting HTTP/2 OPTIONS https://localhost:7069/api/Appointment/Get/387 - -

2024-08-03 00:13:00.336 +05:30  INF  CORS policy execution successful.

2024-08-03 00:13:00.336 +05:30  INF  Request finished HTTP/2 OPTIONS https://localhost:7069/api/Appointment/Get/387 - - - 204 - - 0.4851ms

2024-08-03 00:13:00.344 +05:30  INF  Request starting HTTP/2 GET https://localhost:7069/api/Appointment/Get/387 application/json -

2024-08-03 00:13:00.344 +05:30  INF  CORS policy execution successful.

2024-08-03 00:13:00.972 +05:30  INF  Executed DbCommand (208ms) [Parameters=[@__id_0='?' (DbType = Int64)], CommandType='"Text"', CommandTimeout='30']
SELECT `u`.`Id`, `u`.`About_Me`, `u`.`Account_Type`, `u`.`Address`, `u`.`Available_Days`, `u`.`Bn_Name`, `u`.`City`, `u`.`Country`, `u`.`Created_At`, `u`.`Currency`, `u`.`Degree`, `u`.`Email`, `u`.`Email_Verified`, `u`.`Enable_Appointment`, `u`.`Enable_Rating`, `u`.`Exp_Years`, `u`.`Facebook`, `u`.`Google_Analytics`, `u`.`Image`, `u`.`Instagram`, `u`.`Linkedin`, `u`.`Name`, `u`.`Parent_Id`, `u`.`Password`, `u`.`Paypal_Email`, `u`.`Paypal_Mode`, `u`.`Paypal_Payment`, `u`.`Paystack_Payment`, `u`.`Paystack_Public_Key`, `u`.`Paystack_Secret_Key`, `u`.`Phone`, `u`.`Publish_Key`, `u`.`Qr_Code`, `u`.`Razorpay_Key_Id`, `u`.`Razorpay_Key_Secret`, `u`.`Razorpay_Payment`, `u`.`Role`, `u`.`Secret_Key`, `u`.`Skype`, `u`.`Slug`, `u`.`Specialist`, `u`.`Status`, `u`.`Stripe_Payment`, `u`.`Thumb`, `u`.`Trial_Expire`, `u`.`Twitter`, `u`.`User_Name`, `u`.`User_Type`, `u`.`Verify_Code`, `u`.`Whatsapp`
FROM `Users` AS `u`
WHERE `u`.`Id` = @__id_0
LIMIT 1

2024-08-03 00:13:00.973 +05:30  INF  Executing endpoint 'DCRM.Api.Controllers.AppointmentController.Get (DCRM.Api)'

2024-08-03 00:13:00.973 +05:30  INF  Route matched with {action = "Get", controller = "Appointment"}. Executing controller action with signature DCRM.Common.Entity.Appointment Get(Int32) on controller DCRM.Api.Controllers.AppointmentController (DCRM.Api).

2024-08-03 00:13:01.593 +05:30  INF  Executed DbCommand (208ms) [Parameters=[@__id_0='?' (DbType = Int64)], CommandType='"Text"', CommandTimeout='30']
SELECT `a`.`Id`, `a`.`Appointment_Status`, `a`.`Cause`, `a`.`Chair`, `a`.`Chamber_Id`, `a`.`Created_At`, `a`.`Date`, `a`.`Doctor_Id`, `a`.`Doctor_Name`, `a`.`End_Time`, `a`.`Extra_Notes`, `a`.`Files`, `a`.`Is_Delete`, `a`.`Is_Start`, `a`.`Meeting_Notes`, `a`.`Number_Of_Slot`, `a`.`Patient_Id`, `a`.`Prescription_Id`, `a`.`Serial_Id`, `a`.`Slot_Time`, `a`.`Start_Time`, `a`.`Status`, `a`.`Type`, `a`.`User_Id`, `a`.`Workdone_Id`
FROM `Appointments` AS `a`
WHERE (`a`.`Id` = @__id_0) AND (`a`.`Is_Delete` = 0)
LIMIT 1

2024-08-03 00:13:01.594 +05:30  INF  Executing ObjectResult, writing value of type 'DCRM.Common.Entity.Appointment'.

2024-08-03 00:13:01.594 +05:30  INF  Executed action DCRM.Api.Controllers.AppointmentController.Get (DCRM.Api) in 620.8764ms

2024-08-03 00:13:01.594 +05:30  INF  Executed endpoint 'DCRM.Api.Controllers.AppointmentController.Get (DCRM.Api)'

2024-08-03 00:13:01.594 +05:30  INF  Request finished HTTP/2 GET https://localhost:7069/api/Appointment/Get/387 application/json - - 200 - application/json;+charset=utf-8 1250.4825ms

2024-08-03 00:13:07.083 +05:30  INF  Request starting HTTP/2 OPTIONS https://localhost:7069/api/Patient/Get/387 - -

2024-08-03 00:13:07.083 +05:30  INF  CORS policy execution successful.

2024-08-03 00:13:07.084 +05:30  INF  Request finished HTTP/2 OPTIONS https://localhost:7069/api/Patient/Get/387 - - - 204 - - 0.3082ms

2024-08-03 00:13:07.084 +05:30  INF  Request starting HTTP/2 OPTIONS https://localhost:7069/api/Doctor/Get/Names - -

2024-08-03 00:13:07.084 +05:30  INF  CORS policy execution successful.

2024-08-03 00:13:07.084 +05:30  INF  Request finished HTTP/2 OPTIONS https://localhost:7069/api/Doctor/Get/Names - - - 204 - - 0.2900ms

2024-08-03 00:13:07.085 +05:30  INF  Request starting HTTP/2 OPTIONS https://localhost:7069/api/Patient/Get/Names - -

2024-08-03 00:13:07.085 +05:30  INF  CORS policy execution successful.

2024-08-03 00:13:07.086 +05:30  INF  Request finished HTTP/2 OPTIONS https://localhost:7069/api/Patient/Get/Names - - - 204 - - 0.3371ms

2024-08-03 00:13:07.087 +05:30  INF  Request starting HTTP/2 GET https://localhost:7069/api/Patient/Get/387 application/json -

2024-08-03 00:13:07.087 +05:30  INF  CORS policy execution successful.

2024-08-03 00:13:07.090 +05:30  INF  Request starting HTTP/2 OPTIONS https://localhost:7069/api/Patient/Get/10 - -

2024-08-03 00:13:07.090 +05:30  INF  CORS policy execution successful.

2024-08-03 00:13:07.091 +05:30  INF  Request finished HTTP/2 OPTIONS https://localhost:7069/api/Patient/Get/10 - - - 204 - - 0.4568ms

2024-08-03 00:13:07.091 +05:30  INF  Request starting HTTP/2 GET https://localhost:7069/api/Patient/Get/Names application/json -

2024-08-03 00:13:07.091 +05:30  INF  Request starting HTTP/2 GET https://localhost:7069/api/Doctor/Get/Names application/json -

2024-08-03 00:13:07.091 +05:30  INF  CORS policy execution successful.

2024-08-03 00:13:07.091 +05:30  INF  CORS policy execution successful.

2024-08-03 00:13:07.093 +05:30  INF  Request starting HTTP/2 OPTIONS https://localhost:7069/api/Chair/GetAll - -

2024-08-03 00:13:07.093 +05:30  INF  CORS policy execution successful.

2024-08-03 00:13:07.093 +05:30  INF  Request finished HTTP/2 OPTIONS https://localhost:7069/api/Chair/GetAll - - - 204 - - 0.4099ms

2024-08-03 00:13:07.094 +05:30  INF  Request starting HTTP/2 GET https://localhost:7069/api/Patient/Get/10 application/json -

2024-08-03 00:13:07.094 +05:30  INF  CORS policy execution successful.

2024-08-03 00:13:07.096 +05:30  INF  Request starting HTTP/2 GET https://localhost:7069/api/Chair/GetAll application/json -

2024-08-03 00:13:07.096 +05:30  INF  CORS policy execution successful.

2024-08-03 00:13:07.717 +05:30  INF  Executed DbCommand (210ms) [Parameters=[@__id_0='?' (DbType = Int64)], CommandType='"Text"', CommandTimeout='30']
SELECT `u`.`Id`, `u`.`About_Me`, `u`.`Account_Type`, `u`.`Address`, `u`.`Available_Days`, `u`.`Bn_Name`, `u`.`City`, `u`.`Country`, `u`.`Created_At`, `u`.`Currency`, `u`.`Degree`, `u`.`Email`, `u`.`Email_Verified`, `u`.`Enable_Appointment`, `u`.`Enable_Rating`, `u`.`Exp_Years`, `u`.`Facebook`, `u`.`Google_Analytics`, `u`.`Image`, `u`.`Instagram`, `u`.`Linkedin`, `u`.`Name`, `u`.`Parent_Id`, `u`.`Password`, `u`.`Paypal_Email`, `u`.`Paypal_Mode`, `u`.`Paypal_Payment`, `u`.`Paystack_Payment`, `u`.`Paystack_Public_Key`, `u`.`Paystack_Secret_Key`, `u`.`Phone`, `u`.`Publish_Key`, `u`.`Qr_Code`, `u`.`Razorpay_Key_Id`, `u`.`Razorpay_Key_Secret`, `u`.`Razorpay_Payment`, `u`.`Role`, `u`.`Secret_Key`, `u`.`Skype`, `u`.`Slug`, `u`.`Specialist`, `u`.`Status`, `u`.`Stripe_Payment`, `u`.`Thumb`, `u`.`Trial_Expire`, `u`.`Twitter`, `u`.`User_Name`, `u`.`User_Type`, `u`.`Verify_Code`, `u`.`Whatsapp`
FROM `Users` AS `u`
WHERE `u`.`Id` = @__id_0
LIMIT 1

2024-08-03 00:13:07.717 +05:30  INF  Executed DbCommand (211ms) [Parameters=[@__id_0='?' (DbType = Int64)], CommandType='"Text"', CommandTimeout='30']
SELECT `u`.`Id`, `u`.`About_Me`, `u`.`Account_Type`, `u`.`Address`, `u`.`Available_Days`, `u`.`Bn_Name`, `u`.`City`, `u`.`Country`, `u`.`Created_At`, `u`.`Currency`, `u`.`Degree`, `u`.`Email`, `u`.`Email_Verified`, `u`.`Enable_Appointment`, `u`.`Enable_Rating`, `u`.`Exp_Years`, `u`.`Facebook`, `u`.`Google_Analytics`, `u`.`Image`, `u`.`Instagram`, `u`.`Linkedin`, `u`.`Name`, `u`.`Parent_Id`, `u`.`Password`, `u`.`Paypal_Email`, `u`.`Paypal_Mode`, `u`.`Paypal_Payment`, `u`.`Paystack_Payment`, `u`.`Paystack_Public_Key`, `u`.`Paystack_Secret_Key`, `u`.`Phone`, `u`.`Publish_Key`, `u`.`Qr_Code`, `u`.`Razorpay_Key_Id`, `u`.`Razorpay_Key_Secret`, `u`.`Razorpay_Payment`, `u`.`Role`, `u`.`Secret_Key`, `u`.`Skype`, `u`.`Slug`, `u`.`Specialist`, `u`.`Status`, `u`.`Stripe_Payment`, `u`.`Thumb`, `u`.`Trial_Expire`, `u`.`Twitter`, `u`.`User_Name`, `u`.`User_Type`, `u`.`Verify_Code`, `u`.`Whatsapp`
FROM `Users` AS `u`
WHERE `u`.`Id` = @__id_0
LIMIT 1

2024-08-03 00:13:07.717 +05:30  INF  Executing endpoint 'DCRM.Api.Controllers.DoctorController.DoctorNameList (DCRM.Api)'

2024-08-03 00:13:07.717 +05:30  INF  Executed DbCommand (211ms) [Parameters=[@__id_0='?' (DbType = Int64)], CommandType='"Text"', CommandTimeout='30']
SELECT `u`.`Id`, `u`.`About_Me`, `u`.`Account_Type`, `u`.`Address`, `u`.`Available_Days`, `u`.`Bn_Name`, `u`.`City`, `u`.`Country`, `u`.`Created_At`, `u`.`Currency`, `u`.`Degree`, `u`.`Email`, `u`.`Email_Verified`, `u`.`Enable_Appointment`, `u`.`Enable_Rating`, `u`.`Exp_Years`, `u`.`Facebook`, `u`.`Google_Analytics`, `u`.`Image`, `u`.`Instagram`, `u`.`Linkedin`, `u`.`Name`, `u`.`Parent_Id`, `u`.`Password`, `u`.`Paypal_Email`, `u`.`Paypal_Mode`, `u`.`Paypal_Payment`, `u`.`Paystack_Payment`, `u`.`Paystack_Public_Key`, `u`.`Paystack_Secret_Key`, `u`.`Phone`, `u`.`Publish_Key`, `u`.`Qr_Code`, `u`.`Razorpay_Key_Id`, `u`.`Razorpay_Key_Secret`, `u`.`Razorpay_Payment`, `u`.`Role`, `u`.`Secret_Key`, `u`.`Skype`, `u`.`Slug`, `u`.`Specialist`, `u`.`Status`, `u`.`Stripe_Payment`, `u`.`Thumb`, `u`.`Trial_Expire`, `u`.`Twitter`, `u`.`User_Name`, `u`.`User_Type`, `u`.`Verify_Code`, `u`.`Whatsapp`
FROM `Users` AS `u`
WHERE `u`.`Id` = @__id_0
LIMIT 1

2024-08-03 00:13:07.717 +05:30  INF  Executing endpoint 'DCRM.Api.Controllers.ChairController.GetAll (DCRM.Api)'

2024-08-03 00:13:07.717 +05:30  INF  Route matched with {action = "DoctorNameList", controller = "Doctor"}. Executing controller action with signature System.Collections.Generic.List`1[DCRM.Common.Dto.DropdownDataDto] DoctorNameList() on controller DCRM.Api.Controllers.DoctorController (DCRM.Api).

2024-08-03 00:13:07.717 +05:30  INF  Route matched with {action = "GetAll", controller = "Chair"}. Executing controller action with signature System.Collections.Generic.List`1[DCRM.Common.Dto.ChairDto] GetAll() on controller DCRM.Api.Controllers.ChairController (DCRM.Api).

2024-08-03 00:13:07.718 +05:30  INF  Executing endpoint 'DCRM.Api.Controllers.PatientController.PatientDetailList (DCRM.Api)'

2024-08-03 00:13:07.718 +05:30  INF  Route matched with {action = "PatientDetailList", controller = "Patient"}. Executing controller action with signature System.Collections.Generic.List`1[DCRM.Common.Dto.DropdownDataDto] PatientDetailList() on controller DCRM.Api.Controllers.PatientController (DCRM.Api).

2024-08-03 00:13:07.718 +05:30  INF  Executed DbCommand (211ms) [Parameters=[@__id_0='?' (DbType = Int64)], CommandType='"Text"', CommandTimeout='30']
SELECT `u`.`Id`, `u`.`About_Me`, `u`.`Account_Type`, `u`.`Address`, `u`.`Available_Days`, `u`.`Bn_Name`, `u`.`City`, `u`.`Country`, `u`.`Created_At`, `u`.`Currency`, `u`.`Degree`, `u`.`Email`, `u`.`Email_Verified`, `u`.`Enable_Appointment`, `u`.`Enable_Rating`, `u`.`Exp_Years`, `u`.`Facebook`, `u`.`Google_Analytics`, `u`.`Image`, `u`.`Instagram`, `u`.`Linkedin`, `u`.`Name`, `u`.`Parent_Id`, `u`.`Password`, `u`.`Paypal_Email`, `u`.`Paypal_Mode`, `u`.`Paypal_Payment`, `u`.`Paystack_Payment`, `u`.`Paystack_Public_Key`, `u`.`Paystack_Secret_Key`, `u`.`Phone`, `u`.`Publish_Key`, `u`.`Qr_Code`, `u`.`Razorpay_Key_Id`, `u`.`Razorpay_Key_Secret`, `u`.`Razorpay_Payment`, `u`.`Role`, `u`.`Secret_Key`, `u`.`Skype`, `u`.`Slug`, `u`.`Specialist`, `u`.`Status`, `u`.`Stripe_Payment`, `u`.`Thumb`, `u`.`Trial_Expire`, `u`.`Twitter`, `u`.`User_Name`, `u`.`User_Type`, `u`.`Verify_Code`, `u`.`Whatsapp`
FROM `Users` AS `u`
WHERE `u`.`Id` = @__id_0
LIMIT 1

2024-08-03 00:13:07.718 +05:30  INF  Executed DbCommand (211ms) [Parameters=[@__id_0='?' (DbType = Int64)], CommandType='"Text"', CommandTimeout='30']
SELECT `u`.`Id`, `u`.`About_Me`, `u`.`Account_Type`, `u`.`Address`, `u`.`Available_Days`, `u`.`Bn_Name`, `u`.`City`, `u`.`Country`, `u`.`Created_At`, `u`.`Currency`, `u`.`Degree`, `u`.`Email`, `u`.`Email_Verified`, `u`.`Enable_Appointment`, `u`.`Enable_Rating`, `u`.`Exp_Years`, `u`.`Facebook`, `u`.`Google_Analytics`, `u`.`Image`, `u`.`Instagram`, `u`.`Linkedin`, `u`.`Name`, `u`.`Parent_Id`, `u`.`Password`, `u`.`Paypal_Email`, `u`.`Paypal_Mode`, `u`.`Paypal_Payment`, `u`.`Paystack_Payment`, `u`.`Paystack_Public_Key`, `u`.`Paystack_Secret_Key`, `u`.`Phone`, `u`.`Publish_Key`, `u`.`Qr_Code`, `u`.`Razorpay_Key_Id`, `u`.`Razorpay_Key_Secret`, `u`.`Razorpay_Payment`, `u`.`Role`, `u`.`Secret_Key`, `u`.`Skype`, `u`.`Slug`, `u`.`Specialist`, `u`.`Status`, `u`.`Stripe_Payment`, `u`.`Thumb`, `u`.`Trial_Expire`, `u`.`Twitter`, `u`.`User_Name`, `u`.`User_Type`, `u`.`Verify_Code`, `u`.`Whatsapp`
FROM `Users` AS `u`
WHERE `u`.`Id` = @__id_0
LIMIT 1

2024-08-03 00:13:07.718 +05:30  INF  Executing endpoint 'DCRM.Api.Controllers.PatientController.Get (DCRM.Api)'

2024-08-03 00:13:07.718 +05:30  INF  Route matched with {action = "Get", controller = "Patient"}. Executing controller action with signature DCRM.Common.Dto.PatientseDto Get(Int64) on controller DCRM.Api.Controllers.PatientController (DCRM.Api).

2024-08-03 00:13:07.718 +05:30  INF  Executing endpoint 'DCRM.Api.Controllers.PatientController.Get (DCRM.Api)'

2024-08-03 00:13:07.718 +05:30  INF  Route matched with {action = "Get", controller = "Patient"}. Executing controller action with signature DCRM.Common.Dto.PatientseDto Get(Int64) on controller DCRM.Api.Controllers.PatientController (DCRM.Api).

2024-08-03 00:13:08.340 +05:30  INF  Executed DbCommand (211ms) [Parameters=[@__id_0='?' (DbType = Int64)], CommandType='"Text"', CommandTimeout='30']
SELECT `p`.`Id`, `p`.`Age`, `p`.`Chamber_Id`, `p`.`Created_At`, `p`.`Email`, `p`.`Guardian`, `p`.`Is_Delete`, `p`.`Mobile`, `p`.`Mr_Number`, `p`.`Name`, `p`.`Password`, `p`.`Permanent_Address`, `p`.`Present_Address`, `p`.`Role`, `p`.`Sex`, `p`.`Slug`, `p`.`Thumb`, `p`.`Title`, `p`.`UserName`, `p`.`User_Id`, `p`.`Verify_Code`, `p`.`Weight`
FROM `Patientses` AS `p`
WHERE (`p`.`Is_Delete` = 0) AND (`p`.`Id` = @__id_0)
LIMIT 1

2024-08-03 00:13:08.342 +05:30  INF  Executed DbCommand (213ms) [Parameters=[], CommandType='"Text"', CommandTimeout='30']
SELECT `c`.`Id`, `c`.`Address`, `c`.`Appoinment_Limit`, `c`.`Created_At`, `c`.`Doctor_Id`, `c`.`Is_Primary`, `c`.`Name`, `c`.`Status`, `c`.`Uid`, `c`.`User_Id`
FROM `Chairs` AS `c`

2024-08-03 00:13:08.342 +05:30  INF  Executed DbCommand (212ms) [Parameters=[@__id_0='?' (DbType = Int64)], CommandType='"Text"', CommandTimeout='30']
SELECT `p`.`Id`, `p`.`Age`, `p`.`Chamber_Id`, `p`.`Created_At`, `p`.`Email`, `p`.`Guardian`, `p`.`Is_Delete`, `p`.`Mobile`, `p`.`Mr_Number`, `p`.`Name`, `p`.`Password`, `p`.`Permanent_Address`, `p`.`Present_Address`, `p`.`Role`, `p`.`Sex`, `p`.`Slug`, `p`.`Thumb`, `p`.`Title`, `p`.`UserName`, `p`.`User_Id`, `p`.`Verify_Code`, `p`.`Weight`
FROM `Patientses` AS `p`
WHERE (`p`.`Is_Delete` = 0) AND (`p`.`Id` = @__id_0)
LIMIT 1

2024-08-03 00:13:08.544 +05:30  INF  Executed DbCommand (414ms) [Parameters=[@__userId_0='?' (DbType = Int64)], CommandType='"Text"', CommandTimeout='30']
SELECT `d`.`Id`, `d`.`Age`, `d`.`Blood_Group`, `d`.`Created_At`, `d`.`Dob`, `d`.`Email`, `d`.`Email2`, `d`.`Gender`, `d`.`Gst_Number`, `d`.`Is_Delete`, `d`.`Marital_Status`, `d`.`Name`, `d`.`Pan_Number`, `d`.`Password`, `d`.`Phone1`, `d`.`Phone2`, `d`.`Phone3`, `d`.`Phone4`, `d`.`Qualification`, `d`.`Role`, `d`.`Speciality`, `d`.`Thumb`, `d`.`Updated_At`, `d`.`User_Id`
FROM `Doctors` AS `d`
WHERE (`d`.`User_Id` = @__userId_0) AND (`d`.`Is_Delete` = 0)

2024-08-03 00:13:08.547 +05:30  INF  Executed DbCommand (417ms) [Parameters=[@__userId_0='?' (DbType = Int64)], CommandType='"Text"', CommandTimeout='30']
SELECT `p`.`Id`, `p`.`Age`, `p`.`Chamber_Id`, `p`.`Created_At`, `p`.`Email`, `p`.`Guardian`, `p`.`Is_Delete`, `p`.`Mobile`, `p`.`Mr_Number`, `p`.`Name`, `p`.`Password`, `p`.`Permanent_Address`, `p`.`Present_Address`, `p`.`Role`, `p`.`Sex`, `p`.`Slug`, `p`.`Thumb`, `p`.`Title`, `p`.`UserName`, `p`.`User_Id`, `p`.`Verify_Code`, `p`.`Weight`
FROM `Patientses` AS `p`
WHERE (`p`.`User_Id` = @__userId_0) AND (`p`.`Is_Delete` = 0)

2024-08-03 00:13:08.975 +05:30  INF  Executed DbCommand (218ms) [Parameters=[@__Id_0='?' (DbType = Int64)], CommandType='"Text"', CommandTimeout='30']
SELECT `d`.`Id`, `d`.`Age`, `d`.`Blood_Group`, `d`.`Created_At`, `d`.`Dob`, `d`.`Email`, `d`.`Email2`, `d`.`Gender`, `d`.`Gst_Number`, `d`.`Is_Delete`, `d`.`Marital_Status`, `d`.`Name`, `d`.`Pan_Number`, `d`.`Password`, `d`.`Phone1`, `d`.`Phone2`, `d`.`Phone3`, `d`.`Phone4`, `d`.`Qualification`, `d`.`Role`, `d`.`Speciality`, `d`.`Thumb`, `d`.`Updated_At`, `d`.`User_Id`
FROM `Doctors` AS `d`
WHERE `d`.`Id` = @__Id_0
LIMIT 2

2024-08-03 00:13:09.177 +05:30  INF  Executed DbCommand (425ms) [Parameters=[], CommandType='"Text"', CommandTimeout='30']
SELECT `p`.`Id`, `p`.`Amount_Type`, `p`.`Balance`, `p`.`Created_At`, `p`.`Credit_Amount`, `p`.`Debit_Amount`, `p`.`Description`, `p`.`Doctor_Id`, `p`.`Patient_Id`, `p`.`Payment_Mode`, `p`.`Updated_At`, `p`.`Workdone_Id`, `p`.`isPrinted`
FROM `Payment_History` AS `p`

2024-08-03 00:13:09.206 +05:30  INF  Executed DbCommand (447ms) [Parameters=[], CommandType='"Text"', CommandTimeout='30']
SELECT `p`.`Id`, `p`.`Amount_Type`, `p`.`Balance`, `p`.`Created_At`, `p`.`Credit_Amount`, `p`.`Debit_Amount`, `p`.`Description`, `p`.`Doctor_Id`, `p`.`Patient_Id`, `p`.`Payment_Mode`, `p`.`Updated_At`, `p`.`Workdone_Id`, `p`.`isPrinted`
FROM `Payment_History` AS `p`

2024-08-03 00:13:09.404 +05:30  INF  Executing ObjectResult, writing value of type 'System.Collections.Generic.List`1[[DCRM.Common.Dto.DropdownDataDto, DCRM.Common, Version=1.0.0.0, Culture=neutral, PublicKeyToken=null]]'.

2024-08-03 00:13:09.404 +05:30  INF  Executing ObjectResult, writing value of type 'System.Collections.Generic.List`1[[DCRM.Common.Dto.DropdownDataDto, DCRM.Common, Version=1.0.0.0, Culture=neutral, PublicKeyToken=null]]'.

2024-08-03 00:13:09.404 +05:30  INF  Executed action DCRM.Api.Controllers.DoctorController.DoctorNameList (DCRM.Api) in 1687.0229ms

2024-08-03 00:13:09.404 +05:30  INF  Executed endpoint 'DCRM.Api.Controllers.DoctorController.DoctorNameList (DCRM.Api)'

2024-08-03 00:13:09.405 +05:30  INF  Executed action DCRM.Api.Controllers.PatientController.PatientDetailList (DCRM.Api) in 1686.889ms

2024-08-03 00:13:09.405 +05:30  INF  Request finished HTTP/2 GET https://localhost:7069/api/Doctor/Get/Names application/json - - 200 - application/json;+charset=utf-8 2313.5642ms

2024-08-03 00:13:09.405 +05:30  INF  Executed endpoint 'DCRM.Api.Controllers.PatientController.PatientDetailList (DCRM.Api)'

2024-08-03 00:13:09.405 +05:30  INF  Request finished HTTP/2 GET https://localhost:7069/api/Patient/Get/Names application/json - - 200 - application/json;+charset=utf-8 2313.8854ms

2024-08-03 00:13:09.616 +05:30  INF  Executed DbCommand (207ms) [Parameters=[@__Id_0='?' (DbType = Int64)], CommandType='"Text"', CommandTimeout='30']
SELECT `d`.`Id`, `d`.`Age`, `d`.`Blood_Group`, `d`.`Created_At`, `d`.`Dob`, `d`.`Email`, `d`.`Email2`, `d`.`Gender`, `d`.`Gst_Number`, `d`.`Is_Delete`, `d`.`Marital_Status`, `d`.`Name`, `d`.`Pan_Number`, `d`.`Password`, `d`.`Phone1`, `d`.`Phone2`, `d`.`Phone3`, `d`.`Phone4`, `d`.`Qualification`, `d`.`Role`, `d`.`Speciality`, `d`.`Thumb`, `d`.`Updated_At`, `d`.`User_Id`
FROM `Doctors` AS `d`
WHERE `d`.`Id` = @__Id_0
LIMIT 2

2024-08-03 00:13:10.028 +05:30  INF  Executed DbCommand (207ms) [Parameters=[@__p_0='?' (DbType = Int64)], CommandType='"Text"', CommandTimeout='30']
SELECT `p`.`Id`, `p`.`Amount`, `p`.`Balance_Amount`, `p`.`Balance_Spent`, `p`.`Created_At`, `p`.`Name`, `p`.`Patients_Id`, `p`.`Type`, `p`.`Updated_At`
FROM `Patients_Insurance_Loan` AS `p`
WHERE `p`.`Patients_Id` = @__p_0

2024-08-03 00:13:10.039 +05:30  INF  Executed DbCommand (213ms) [Parameters=[@__p_0='?' (DbType = Int64)], CommandType='"Text"', CommandTimeout='30']
SELECT `p`.`Id`, `p`.`Amount`, `p`.`Balance_Amount`, `p`.`Balance_Spent`, `p`.`Created_At`, `p`.`Name`, `p`.`Patients_Id`, `p`.`Type`, `p`.`Updated_At`
FROM `Patients_Insurance_Loan` AS `p`
WHERE `p`.`Patients_Id` = @__p_0

2024-08-03 00:13:10.237 +05:30  INF  Executed DbCommand (209ms) [Parameters=[@__Id_0='?' (DbType = Int64)], CommandType='"Text"', CommandTimeout='30']
SELECT `d`.`Id`, `d`.`Age`, `d`.`Blood_Group`, `d`.`Created_At`, `d`.`Dob`, `d`.`Email`, `d`.`Email2`, `d`.`Gender`, `d`.`Gst_Number`, `d`.`Is_Delete`, `d`.`Marital_Status`, `d`.`Name`, `d`.`Pan_Number`, `d`.`Password`, `d`.`Phone1`, `d`.`Phone2`, `d`.`Phone3`, `d`.`Phone4`, `d`.`Qualification`, `d`.`Role`, `d`.`Speciality`, `d`.`Thumb`, `d`.`Updated_At`, `d`.`User_Id`
FROM `Doctors` AS `d`
WHERE `d`.`Id` = @__Id_0
LIMIT 2

2024-08-03 00:13:10.650 +05:30  INF  Executed DbCommand (207ms) [Parameters=[@__p_0='?' (DbType = Int64)], CommandType='"Text"', CommandTimeout='30']
SELECT `p`.`Id`, `p`.`Created_At`, `p`.`Patient_Id`, `p`.`Report`, `p`.`Report_Date`, `p`.`Report_File`, `p`.`Status`, `p`.`Test_Name`, `p`.`Test_Price`, `p`.`Updated_At`
FROM `Patient_Tests` AS `p`
WHERE `p`.`Patient_Id` = @__p_0

2024-08-03 00:13:10.656 +05:30  INF  Executed DbCommand (206ms) [Parameters=[@__p_0='?' (DbType = Int64)], CommandType='"Text"', CommandTimeout='30']
SELECT `p`.`Id`, `p`.`Created_At`, `p`.`Patient_Id`, `p`.`Report`, `p`.`Report_Date`, `p`.`Report_File`, `p`.`Status`, `p`.`Test_Name`, `p`.`Test_Price`, `p`.`Updated_At`
FROM `Patient_Tests` AS `p`
WHERE `p`.`Patient_Id` = @__p_0

2024-08-03 00:13:10.859 +05:30  INF  Executed DbCommand (209ms) [Parameters=[@__Id_0='?' (DbType = Int64)], CommandType='"Text"', CommandTimeout='30']
SELECT `d`.`Id`, `d`.`Age`, `d`.`Blood_Group`, `d`.`Created_At`, `d`.`Dob`, `d`.`Email`, `d`.`Email2`, `d`.`Gender`, `d`.`Gst_Number`, `d`.`Is_Delete`, `d`.`Marital_Status`, `d`.`Name`, `d`.`Pan_Number`, `d`.`Password`, `d`.`Phone1`, `d`.`Phone2`, `d`.`Phone3`, `d`.`Phone4`, `d`.`Qualification`, `d`.`Role`, `d`.`Speciality`, `d`.`Thumb`, `d`.`Updated_At`, `d`.`User_Id`
FROM `Doctors` AS `d`
WHERE `d`.`Id` = @__Id_0
LIMIT 2

2024-08-03 00:13:11.273 +05:30  INF  Executed DbCommand (208ms) [Parameters=[@__p_0='?' (DbType = Int64)], CommandType='"Text"', CommandTimeout='30']
SELECT `p`.`Id`, `p`.`Address_O`, `p`.`Address_Other`, `p`.`Address_R`, `p`.`City_O`, `p`.`City_Other`, `p`.`City_R`, `p`.`Country_O`, `p`.`Country_Other`, `p`.`Country_R`, `p`.`Created_At`, `p`.`Doctor_Name`, `p`.`Email`, `p`.`Email2`, `p`.`Medical_History_Allergies`, `p`.`Patient_Id`, `p`.`Phone`, `p`.`Phone1`, `p`.`Phone2`, `p`.`Phone3`, `p`.`Phone4`, `p`.`Physician`, `p`.`Reffered_By`, `p`.`Relationship_Type`, `p`.`Special_Notes`, `p`.`Updated_At`, `p`.`Zip_O`, `p`.`Zip_Other`, `p`.`Zip_R`
FROM `Patients_Contact` AS `p`
WHERE `p`.`Patient_Id` = @__p_0

2024-08-03 00:13:11.274 +05:30  INF  Executed DbCommand (209ms) [Parameters=[@__p_0='?' (DbType = Int64)], CommandType='"Text"', CommandTimeout='30']
SELECT `p`.`Id`, `p`.`Address_O`, `p`.`Address_Other`, `p`.`Address_R`, `p`.`City_O`, `p`.`City_Other`, `p`.`City_R`, `p`.`Country_O`, `p`.`Country_Other`, `p`.`Country_R`, `p`.`Created_At`, `p`.`Doctor_Name`, `p`.`Email`, `p`.`Email2`, `p`.`Medical_History_Allergies`, `p`.`Patient_Id`, `p`.`Phone`, `p`.`Phone1`, `p`.`Phone2`, `p`.`Phone3`, `p`.`Phone4`, `p`.`Physician`, `p`.`Reffered_By`, `p`.`Relationship_Type`, `p`.`Special_Notes`, `p`.`Updated_At`, `p`.`Zip_O`, `p`.`Zip_Other`, `p`.`Zip_R`
FROM `Patients_Contact` AS `p`
WHERE `p`.`Patient_Id` = @__p_0

2024-08-03 00:13:11.480 +05:30  INF  Executed DbCommand (208ms) [Parameters=[@__Id_0='?' (DbType = Int64)], CommandType='"Text"', CommandTimeout='30']
SELECT `d`.`Id`, `d`.`Age`, `d`.`Blood_Group`, `d`.`Created_At`, `d`.`Dob`, `d`.`Email`, `d`.`Email2`, `d`.`Gender`, `d`.`Gst_Number`, `d`.`Is_Delete`, `d`.`Marital_Status`, `d`.`Name`, `d`.`Pan_Number`, `d`.`Password`, `d`.`Phone1`, `d`.`Phone2`, `d`.`Phone3`, `d`.`Phone4`, `d`.`Qualification`, `d`.`Role`, `d`.`Speciality`, `d`.`Thumb`, `d`.`Updated_At`, `d`.`User_Id`
FROM `Doctors` AS `d`
WHERE `d`.`Id` = @__Id_0
LIMIT 2

2024-08-03 00:13:11.893 +05:30  INF  Executed DbCommand (207ms) [Parameters=[@__p_0='?' (DbType = Int64)], CommandType='"Text"', CommandTimeout='30']
SELECT `p`.`Id`, `p`.`Created_At`, `p`.`Patient_Id`, `p`.`Report`, `p`.`Report_File`, `p`.`Scan_Name`, `p`.`Status`, `p`.`Type`, `p`.`Updated_At`
FROM `Patient_Scans` AS `p`
WHERE `p`.`Patient_Id` = @__p_0

2024-08-03 00:13:11.894 +05:30  INF  Executing ObjectResult, writing value of type 'DCRM.Common.Dto.PatientseDto'.

2024-08-03 00:13:11.894 +05:30  INF  Executed DbCommand (207ms) [Parameters=[@__p_0='?' (DbType = Int64)], CommandType='"Text"', CommandTimeout='30']
SELECT `p`.`Id`, `p`.`Created_At`, `p`.`Patient_Id`, `p`.`Report`, `p`.`Report_File`, `p`.`Scan_Name`, `p`.`Status`, `p`.`Type`, `p`.`Updated_At`
FROM `Patient_Scans` AS `p`
WHERE `p`.`Patient_Id` = @__p_0

2024-08-03 00:13:11.894 +05:30  INF  Executing ObjectResult, writing value of type 'DCRM.Common.Dto.PatientseDto'.

2024-08-03 00:13:11.894 +05:30  INF  Executed action DCRM.Api.Controllers.PatientController.Get (DCRM.Api) in 4175.5642ms

2024-08-03 00:13:11.894 +05:30  INF  Executed endpoint 'DCRM.Api.Controllers.PatientController.Get (DCRM.Api)'

2024-08-03 00:13:11.894 +05:30  INF  Request finished HTTP/2 GET https://localhost:7069/api/Patient/Get/387 application/json - - 200 - application/json;+charset=utf-8 4807.0618ms

2024-08-03 00:13:11.894 +05:30  INF  Executed action DCRM.Api.Controllers.PatientController.Get (DCRM.Api) in 4175.9669ms

2024-08-03 00:13:11.894 +05:30  INF  Executed endpoint 'DCRM.Api.Controllers.PatientController.Get (DCRM.Api)'

2024-08-03 00:13:11.894 +05:30  INF  Request finished HTTP/2 GET https://localhost:7069/api/Patient/Get/10 application/json - - 200 - application/json;+charset=utf-8 4800.3315ms

2024-08-03 00:13:12.100 +05:30  INF  Executed DbCommand (208ms) [Parameters=[@__Id_0='?' (DbType = Int64)], CommandType='"Text"', CommandTimeout='30']
SELECT `d`.`Id`, `d`.`Age`, `d`.`Blood_Group`, `d`.`Created_At`, `d`.`Dob`, `d`.`Email`, `d`.`Email2`, `d`.`Gender`, `d`.`Gst_Number`, `d`.`Is_Delete`, `d`.`Marital_Status`, `d`.`Name`, `d`.`Pan_Number`, `d`.`Password`, `d`.`Phone1`, `d`.`Phone2`, `d`.`Phone3`, `d`.`Phone4`, `d`.`Qualification`, `d`.`Role`, `d`.`Speciality`, `d`.`Thumb`, `d`.`Updated_At`, `d`.`User_Id`
FROM `Doctors` AS `d`
WHERE `d`.`Id` = @__Id_0
LIMIT 2

2024-08-03 00:13:12.724 +05:30  INF  Executed DbCommand (208ms) [Parameters=[@__Id_0='?' (DbType = Int64)], CommandType='"Text"', CommandTimeout='30']
SELECT `d`.`Id`, `d`.`Age`, `d`.`Blood_Group`, `d`.`Created_At`, `d`.`Dob`, `d`.`Email`, `d`.`Email2`, `d`.`Gender`, `d`.`Gst_Number`, `d`.`Is_Delete`, `d`.`Marital_Status`, `d`.`Name`, `d`.`Pan_Number`, `d`.`Password`, `d`.`Phone1`, `d`.`Phone2`, `d`.`Phone3`, `d`.`Phone4`, `d`.`Qualification`, `d`.`Role`, `d`.`Speciality`, `d`.`Thumb`, `d`.`Updated_At`, `d`.`User_Id`
FROM `Doctors` AS `d`
WHERE `d`.`Id` = @__Id_0
LIMIT 2

2024-08-03 00:13:13.359 +05:30  INF  Executed DbCommand (209ms) [Parameters=[@__Id_0='?' (DbType = Int64)], CommandType='"Text"', CommandTimeout='30']
SELECT `d`.`Id`, `d`.`Age`, `d`.`Blood_Group`, `d`.`Created_At`, `d`.`Dob`, `d`.`Email`, `d`.`Email2`, `d`.`Gender`, `d`.`Gst_Number`, `d`.`Is_Delete`, `d`.`Marital_Status`, `d`.`Name`, `d`.`Pan_Number`, `d`.`Password`, `d`.`Phone1`, `d`.`Phone2`, `d`.`Phone3`, `d`.`Phone4`, `d`.`Qualification`, `d`.`Role`, `d`.`Speciality`, `d`.`Thumb`, `d`.`Updated_At`, `d`.`User_Id`
FROM `Doctors` AS `d`
WHERE `d`.`Id` = @__Id_0
LIMIT 2

2024-08-03 00:13:14.192 +05:30  INF  Executed DbCommand (416ms) [Parameters=[@__Id_0='?' (DbType = Int64)], CommandType='"Text"', CommandTimeout='30']
SELECT `d`.`Id`, `d`.`Age`, `d`.`Blood_Group`, `d`.`Created_At`, `d`.`Dob`, `d`.`Email`, `d`.`Email2`, `d`.`Gender`, `d`.`Gst_Number`, `d`.`Is_Delete`, `d`.`Marital_Status`, `d`.`Name`, `d`.`Pan_Number`, `d`.`Password`, `d`.`Phone1`, `d`.`Phone2`, `d`.`Phone3`, `d`.`Phone4`, `d`.`Qualification`, `d`.`Role`, `d`.`Speciality`, `d`.`Thumb`, `d`.`Updated_At`, `d`.`User_Id`
FROM `Doctors` AS `d`
WHERE `d`.`Id` = @__Id_0
LIMIT 2

2024-08-03 00:13:14.815 +05:30  INF  Executed DbCommand (209ms) [Parameters=[@__Id_0='?' (DbType = Int64)], CommandType='"Text"', CommandTimeout='30']
SELECT `d`.`Id`, `d`.`Age`, `d`.`Blood_Group`, `d`.`Created_At`, `d`.`Dob`, `d`.`Email`, `d`.`Email2`, `d`.`Gender`, `d`.`Gst_Number`, `d`.`Is_Delete`, `d`.`Marital_Status`, `d`.`Name`, `d`.`Pan_Number`, `d`.`Password`, `d`.`Phone1`, `d`.`Phone2`, `d`.`Phone3`, `d`.`Phone4`, `d`.`Qualification`, `d`.`Role`, `d`.`Speciality`, `d`.`Thumb`, `d`.`Updated_At`, `d`.`User_Id`
FROM `Doctors` AS `d`
WHERE `d`.`Id` = @__Id_0
LIMIT 2

2024-08-03 00:13:15.439 +05:30  INF  Executed DbCommand (209ms) [Parameters=[@__Id_0='?' (DbType = Int64)], CommandType='"Text"', CommandTimeout='30']
SELECT `d`.`Id`, `d`.`Age`, `d`.`Blood_Group`, `d`.`Created_At`, `d`.`Dob`, `d`.`Email`, `d`.`Email2`, `d`.`Gender`, `d`.`Gst_Number`, `d`.`Is_Delete`, `d`.`Marital_Status`, `d`.`Name`, `d`.`Pan_Number`, `d`.`Password`, `d`.`Phone1`, `d`.`Phone2`, `d`.`Phone3`, `d`.`Phone4`, `d`.`Qualification`, `d`.`Role`, `d`.`Speciality`, `d`.`Thumb`, `d`.`Updated_At`, `d`.`User_Id`
FROM `Doctors` AS `d`
WHERE `d`.`Id` = @__Id_0
LIMIT 2

2024-08-03 00:13:16.069 +05:30  INF  Executed DbCommand (209ms) [Parameters=[@__Id_0='?' (DbType = Int64)], CommandType='"Text"', CommandTimeout='30']
SELECT `d`.`Id`, `d`.`Age`, `d`.`Blood_Group`, `d`.`Created_At`, `d`.`Dob`, `d`.`Email`, `d`.`Email2`, `d`.`Gender`, `d`.`Gst_Number`, `d`.`Is_Delete`, `d`.`Marital_Status`, `d`.`Name`, `d`.`Pan_Number`, `d`.`Password`, `d`.`Phone1`, `d`.`Phone2`, `d`.`Phone3`, `d`.`Phone4`, `d`.`Qualification`, `d`.`Role`, `d`.`Speciality`, `d`.`Thumb`, `d`.`Updated_At`, `d`.`User_Id`
FROM `Doctors` AS `d`
WHERE `d`.`Id` = @__Id_0
LIMIT 2

2024-08-03 00:13:16.691 +05:30  INF  Executed DbCommand (208ms) [Parameters=[@__Id_0='?' (DbType = Int64)], CommandType='"Text"', CommandTimeout='30']
SELECT `d`.`Id`, `d`.`Age`, `d`.`Blood_Group`, `d`.`Created_At`, `d`.`Dob`, `d`.`Email`, `d`.`Email2`, `d`.`Gender`, `d`.`Gst_Number`, `d`.`Is_Delete`, `d`.`Marital_Status`, `d`.`Name`, `d`.`Pan_Number`, `d`.`Password`, `d`.`Phone1`, `d`.`Phone2`, `d`.`Phone3`, `d`.`Phone4`, `d`.`Qualification`, `d`.`Role`, `d`.`Speciality`, `d`.`Thumb`, `d`.`Updated_At`, `d`.`User_Id`
FROM `Doctors` AS `d`
WHERE `d`.`Id` = @__Id_0
LIMIT 2

2024-08-03 00:13:17.318 +05:30  INF  Executed DbCommand (208ms) [Parameters=[@__Id_0='?' (DbType = Int64)], CommandType='"Text"', CommandTimeout='30']
SELECT `d`.`Id`, `d`.`Age`, `d`.`Blood_Group`, `d`.`Created_At`, `d`.`Dob`, `d`.`Email`, `d`.`Email2`, `d`.`Gender`, `d`.`Gst_Number`, `d`.`Is_Delete`, `d`.`Marital_Status`, `d`.`Name`, `d`.`Pan_Number`, `d`.`Password`, `d`.`Phone1`, `d`.`Phone2`, `d`.`Phone3`, `d`.`Phone4`, `d`.`Qualification`, `d`.`Role`, `d`.`Speciality`, `d`.`Thumb`, `d`.`Updated_At`, `d`.`User_Id`
FROM `Doctors` AS `d`
WHERE `d`.`Id` = @__Id_0
LIMIT 2

2024-08-03 00:13:17.935 +05:30  INF  Executed DbCommand (207ms) [Parameters=[@__Id_0='?' (DbType = Int64)], CommandType='"Text"', CommandTimeout='30']
SELECT `d`.`Id`, `d`.`Age`, `d`.`Blood_Group`, `d`.`Created_At`, `d`.`Dob`, `d`.`Email`, `d`.`Email2`, `d`.`Gender`, `d`.`Gst_Number`, `d`.`Is_Delete`, `d`.`Marital_Status`, `d`.`Name`, `d`.`Pan_Number`, `d`.`Password`, `d`.`Phone1`, `d`.`Phone2`, `d`.`Phone3`, `d`.`Phone4`, `d`.`Qualification`, `d`.`Role`, `d`.`Speciality`, `d`.`Thumb`, `d`.`Updated_At`, `d`.`User_Id`
FROM `Doctors` AS `d`
WHERE `d`.`Id` = @__Id_0
LIMIT 2

2024-08-03 00:13:18.558 +05:30  INF  Executed DbCommand (209ms) [Parameters=[@__Id_0='?' (DbType = Int64)], CommandType='"Text"', CommandTimeout='30']
SELECT `d`.`Id`, `d`.`Age`, `d`.`Blood_Group`, `d`.`Created_At`, `d`.`Dob`, `d`.`Email`, `d`.`Email2`, `d`.`Gender`, `d`.`Gst_Number`, `d`.`Is_Delete`, `d`.`Marital_Status`, `d`.`Name`, `d`.`Pan_Number`, `d`.`Password`, `d`.`Phone1`, `d`.`Phone2`, `d`.`Phone3`, `d`.`Phone4`, `d`.`Qualification`, `d`.`Role`, `d`.`Speciality`, `d`.`Thumb`, `d`.`Updated_At`, `d`.`User_Id`
FROM `Doctors` AS `d`
WHERE `d`.`Id` = @__Id_0
LIMIT 2

2024-08-03 00:13:19.180 +05:30  INF  Executed DbCommand (208ms) [Parameters=[@__Id_0='?' (DbType = Int64)], CommandType='"Text"', CommandTimeout='30']
SELECT `d`.`Id`, `d`.`Age`, `d`.`Blood_Group`, `d`.`Created_At`, `d`.`Dob`, `d`.`Email`, `d`.`Email2`, `d`.`Gender`, `d`.`Gst_Number`, `d`.`Is_Delete`, `d`.`Marital_Status`, `d`.`Name`, `d`.`Pan_Number`, `d`.`Password`, `d`.`Phone1`, `d`.`Phone2`, `d`.`Phone3`, `d`.`Phone4`, `d`.`Qualification`, `d`.`Role`, `d`.`Speciality`, `d`.`Thumb`, `d`.`Updated_At`, `d`.`User_Id`
FROM `Doctors` AS `d`
WHERE `d`.`Id` = @__Id_0
LIMIT 2

2024-08-03 00:13:19.801 +05:30  INF  Executed DbCommand (209ms) [Parameters=[@__Id_0='?' (DbType = Int64)], CommandType='"Text"', CommandTimeout='30']
SELECT `d`.`Id`, `d`.`Age`, `d`.`Blood_Group`, `d`.`Created_At`, `d`.`Dob`, `d`.`Email`, `d`.`Email2`, `d`.`Gender`, `d`.`Gst_Number`, `d`.`Is_Delete`, `d`.`Marital_Status`, `d`.`Name`, `d`.`Pan_Number`, `d`.`Password`, `d`.`Phone1`, `d`.`Phone2`, `d`.`Phone3`, `d`.`Phone4`, `d`.`Qualification`, `d`.`Role`, `d`.`Speciality`, `d`.`Thumb`, `d`.`Updated_At`, `d`.`User_Id`
FROM `Doctors` AS `d`
WHERE `d`.`Id` = @__Id_0
LIMIT 2

2024-08-03 00:13:20.432 +05:30  INF  Executed DbCommand (214ms) [Parameters=[@__Id_0='?' (DbType = Int64)], CommandType='"Text"', CommandTimeout='30']
SELECT `d`.`Id`, `d`.`Age`, `d`.`Blood_Group`, `d`.`Created_At`, `d`.`Dob`, `d`.`Email`, `d`.`Email2`, `d`.`Gender`, `d`.`Gst_Number`, `d`.`Is_Delete`, `d`.`Marital_Status`, `d`.`Name`, `d`.`Pan_Number`, `d`.`Password`, `d`.`Phone1`, `d`.`Phone2`, `d`.`Phone3`, `d`.`Phone4`, `d`.`Qualification`, `d`.`Role`, `d`.`Speciality`, `d`.`Thumb`, `d`.`Updated_At`, `d`.`User_Id`
FROM `Doctors` AS `d`
WHERE `d`.`Id` = @__Id_0
LIMIT 2

2024-08-03 00:13:20.432 +05:30  INF  Executing ObjectResult, writing value of type 'System.Collections.Generic.List`1[[DCRM.Common.Dto.ChairDto, DCRM.Common, Version=1.0.0.0, Culture=neutral, PublicKeyToken=null]]'.

2024-08-03 00:13:20.433 +05:30  INF  Executed action DCRM.Api.Controllers.ChairController.GetAll (DCRM.Api) in 12715.2326ms

2024-08-03 00:13:20.433 +05:30  INF  Executed endpoint 'DCRM.Api.Controllers.ChairController.GetAll (DCRM.Api)'

2024-08-03 00:13:20.433 +05:30  INF  Request finished HTTP/2 GET https://localhost:7069/api/Chair/GetAll application/json - - 200 - application/json;+charset=utf-8 13336.9327ms

2024-08-03 00:16:11.117 +05:30  INF  Request starting HTTP/2 OPTIONS https://localhost:7069/api/Appointment/Get/387 - -

2024-08-03 00:16:11.119 +05:30  INF  CORS policy execution successful.

2024-08-03 00:16:11.122 +05:30  INF  Request finished HTTP/2 OPTIONS https://localhost:7069/api/Appointment/Get/387 - - - 204 - - 3.5168ms

2024-08-03 00:16:11.138 +05:30  INF  Request starting HTTP/2 GET https://localhost:7069/api/Appointment/Get/387 application/json -

2024-08-03 00:16:11.166 +05:30  INF  CORS policy execution successful.

2024-08-03 00:16:11.789 +05:30  INF  Executed DbCommand (208ms) [Parameters=[@__id_0='?' (DbType = Int64)], CommandType='"Text"', CommandTimeout='30']
SELECT `u`.`Id`, `u`.`About_Me`, `u`.`Account_Type`, `u`.`Address`, `u`.`Available_Days`, `u`.`Bn_Name`, `u`.`City`, `u`.`Country`, `u`.`Created_At`, `u`.`Currency`, `u`.`Degree`, `u`.`Email`, `u`.`Email_Verified`, `u`.`Enable_Appointment`, `u`.`Enable_Rating`, `u`.`Exp_Years`, `u`.`Facebook`, `u`.`Google_Analytics`, `u`.`Image`, `u`.`Instagram`, `u`.`Linkedin`, `u`.`Name`, `u`.`Parent_Id`, `u`.`Password`, `u`.`Paypal_Email`, `u`.`Paypal_Mode`, `u`.`Paypal_Payment`, `u`.`Paystack_Payment`, `u`.`Paystack_Public_Key`, `u`.`Paystack_Secret_Key`, `u`.`Phone`, `u`.`Publish_Key`, `u`.`Qr_Code`, `u`.`Razorpay_Key_Id`, `u`.`Razorpay_Key_Secret`, `u`.`Razorpay_Payment`, `u`.`Role`, `u`.`Secret_Key`, `u`.`Skype`, `u`.`Slug`, `u`.`Specialist`, `u`.`Status`, `u`.`Stripe_Payment`, `u`.`Thumb`, `u`.`Trial_Expire`, `u`.`Twitter`, `u`.`User_Name`, `u`.`User_Type`, `u`.`Verify_Code`, `u`.`Whatsapp`
FROM `Users` AS `u`
WHERE `u`.`Id` = @__id_0
LIMIT 1

2024-08-03 00:16:11.789 +05:30  INF  Executing endpoint 'DCRM.Api.Controllers.AppointmentController.Get (DCRM.Api)'

2024-08-03 00:16:11.789 +05:30  INF  Route matched with {action = "Get", controller = "Appointment"}. Executing controller action with signature DCRM.Common.Entity.Appointment Get(Int32) on controller DCRM.Api.Controllers.AppointmentController (DCRM.Api).

2024-08-03 00:16:12.421 +05:30  INF  Executed DbCommand (208ms) [Parameters=[@__id_0='?' (DbType = Int64)], CommandType='"Text"', CommandTimeout='30']
SELECT `a`.`Id`, `a`.`Appointment_Status`, `a`.`Cause`, `a`.`Chair`, `a`.`Chamber_Id`, `a`.`Created_At`, `a`.`Date`, `a`.`Doctor_Id`, `a`.`Doctor_Name`, `a`.`End_Time`, `a`.`Extra_Notes`, `a`.`Files`, `a`.`Is_Delete`, `a`.`Is_Start`, `a`.`Meeting_Notes`, `a`.`Number_Of_Slot`, `a`.`Patient_Id`, `a`.`Prescription_Id`, `a`.`Serial_Id`, `a`.`Slot_Time`, `a`.`Start_Time`, `a`.`Status`, `a`.`Type`, `a`.`User_Id`, `a`.`Workdone_Id`
FROM `Appointments` AS `a`
WHERE (`a`.`Id` = @__id_0) AND (`a`.`Is_Delete` = 0)
LIMIT 1

2024-08-03 00:16:12.421 +05:30  INF  Executing ObjectResult, writing value of type 'DCRM.Common.Entity.Appointment'.

2024-08-03 00:16:12.421 +05:30  INF  Executed action DCRM.Api.Controllers.AppointmentController.Get (DCRM.Api) in 632.0816ms

2024-08-03 00:16:12.421 +05:30  INF  Executed endpoint 'DCRM.Api.Controllers.AppointmentController.Get (DCRM.Api)'

2024-08-03 00:16:12.421 +05:30  INF  Request finished HTTP/2 GET https://localhost:7069/api/Appointment/Get/387 application/json - - 200 - application/json;+charset=utf-8 1283.4773ms

2024-08-03 00:16:18.174 +05:30  INF  Request starting HTTP/2 OPTIONS https://localhost:7069/api/Patient/Get/10 - -

2024-08-03 00:16:18.174 +05:30  INF  CORS policy execution successful.

2024-08-03 00:16:18.175 +05:30  INF  Request finished HTTP/2 OPTIONS https://localhost:7069/api/Patient/Get/10 - - - 204 - - 0.3626ms

2024-08-03 00:16:18.179 +05:30  INF  Request starting HTTP/2 GET https://localhost:7069/api/Patient/Get/10 application/json -

2024-08-03 00:16:18.179 +05:30  INF  Request starting HTTP/2 OPTIONS https://localhost:7069/api/Doctor/Get/Names - -

2024-08-03 00:16:18.180 +05:30  INF  CORS policy execution successful.

2024-08-03 00:16:18.180 +05:30  INF  CORS policy execution successful.

2024-08-03 00:16:18.180 +05:30  INF  Request finished HTTP/2 OPTIONS https://localhost:7069/api/Doctor/Get/Names - - - 204 - - 0.5866ms

2024-08-03 00:16:18.188 +05:30  INF  Request starting HTTP/2 OPTIONS https://localhost:7069/api/Patient/Get/Names - -

2024-08-03 00:16:18.188 +05:30  INF  CORS policy execution successful.

2024-08-03 00:16:18.191 +05:30  INF  Request finished HTTP/2 OPTIONS https://localhost:7069/api/Patient/Get/Names - - - 204 - - 3.8036ms

2024-08-03 00:16:18.195 +05:30  INF  Request starting HTTP/2 OPTIONS https://localhost:7069/api/Chair/GetAll - -

2024-08-03 00:16:18.195 +05:30  INF  Request starting HTTP/2 GET https://localhost:7069/api/Patient/Get/Names application/json -

2024-08-03 00:16:18.196 +05:30  INF  Request starting HTTP/2 GET https://localhost:7069/api/Doctor/Get/Names application/json -

2024-08-03 00:16:18.196 +05:30  INF  CORS policy execution successful.

2024-08-03 00:16:18.196 +05:30  INF  CORS policy execution successful.

2024-08-03 00:16:18.196 +05:30  INF  CORS policy execution successful.

2024-08-03 00:16:18.196 +05:30  INF  Request finished HTTP/2 OPTIONS https://localhost:7069/api/Chair/GetAll - - - 204 - - 1.4199ms

2024-08-03 00:16:18.201 +05:30  INF  Request starting HTTP/2 GET https://localhost:7069/api/Chair/GetAll application/json -

2024-08-03 00:16:18.201 +05:30  INF  CORS policy execution successful.

2024-08-03 00:16:18.809 +05:30  INF  Executed DbCommand (209ms) [Parameters=[@__id_0='?' (DbType = Int64)], CommandType='"Text"', CommandTimeout='30']
SELECT `u`.`Id`, `u`.`About_Me`, `u`.`Account_Type`, `u`.`Address`, `u`.`Available_Days`, `u`.`Bn_Name`, `u`.`City`, `u`.`Country`, `u`.`Created_At`, `u`.`Currency`, `u`.`Degree`, `u`.`Email`, `u`.`Email_Verified`, `u`.`Enable_Appointment`, `u`.`Enable_Rating`, `u`.`Exp_Years`, `u`.`Facebook`, `u`.`Google_Analytics`, `u`.`Image`, `u`.`Instagram`, `u`.`Linkedin`, `u`.`Name`, `u`.`Parent_Id`, `u`.`Password`, `u`.`Paypal_Email`, `u`.`Paypal_Mode`, `u`.`Paypal_Payment`, `u`.`Paystack_Payment`, `u`.`Paystack_Public_Key`, `u`.`Paystack_Secret_Key`, `u`.`Phone`, `u`.`Publish_Key`, `u`.`Qr_Code`, `u`.`Razorpay_Key_Id`, `u`.`Razorpay_Key_Secret`, `u`.`Razorpay_Payment`, `u`.`Role`, `u`.`Secret_Key`, `u`.`Skype`, `u`.`Slug`, `u`.`Specialist`, `u`.`Status`, `u`.`Stripe_Payment`, `u`.`Thumb`, `u`.`Trial_Expire`, `u`.`Twitter`, `u`.`User_Name`, `u`.`User_Type`, `u`.`Verify_Code`, `u`.`Whatsapp`
FROM `Users` AS `u`
WHERE `u`.`Id` = @__id_0
LIMIT 1

2024-08-03 00:16:18.809 +05:30  INF  Executing endpoint 'DCRM.Api.Controllers.PatientController.Get (DCRM.Api)'

2024-08-03 00:16:18.809 +05:30  INF  Route matched with {action = "Get", controller = "Patient"}. Executing controller action with signature DCRM.Common.Dto.PatientseDto Get(Int64) on controller DCRM.Api.Controllers.PatientController (DCRM.Api).

2024-08-03 00:16:18.829 +05:30  INF  Executed DbCommand (210ms) [Parameters=[@__id_0='?' (DbType = Int64)], CommandType='"Text"', CommandTimeout='30']
SELECT `u`.`Id`, `u`.`About_Me`, `u`.`Account_Type`, `u`.`Address`, `u`.`Available_Days`, `u`.`Bn_Name`, `u`.`City`, `u`.`Country`, `u`.`Created_At`, `u`.`Currency`, `u`.`Degree`, `u`.`Email`, `u`.`Email_Verified`, `u`.`Enable_Appointment`, `u`.`Enable_Rating`, `u`.`Exp_Years`, `u`.`Facebook`, `u`.`Google_Analytics`, `u`.`Image`, `u`.`Instagram`, `u`.`Linkedin`, `u`.`Name`, `u`.`Parent_Id`, `u`.`Password`, `u`.`Paypal_Email`, `u`.`Paypal_Mode`, `u`.`Paypal_Payment`, `u`.`Paystack_Payment`, `u`.`Paystack_Public_Key`, `u`.`Paystack_Secret_Key`, `u`.`Phone`, `u`.`Publish_Key`, `u`.`Qr_Code`, `u`.`Razorpay_Key_Id`, `u`.`Razorpay_Key_Secret`, `u`.`Razorpay_Payment`, `u`.`Role`, `u`.`Secret_Key`, `u`.`Skype`, `u`.`Slug`, `u`.`Specialist`, `u`.`Status`, `u`.`Stripe_Payment`, `u`.`Thumb`, `u`.`Trial_Expire`, `u`.`Twitter`, `u`.`User_Name`, `u`.`User_Type`, `u`.`Verify_Code`, `u`.`Whatsapp`
FROM `Users` AS `u`
WHERE `u`.`Id` = @__id_0
LIMIT 1

2024-08-03 00:16:18.829 +05:30  INF  Executing endpoint 'DCRM.Api.Controllers.DoctorController.DoctorNameList (DCRM.Api)'

2024-08-03 00:16:18.830 +05:30  INF  Executed DbCommand (211ms) [Parameters=[@__id_0='?' (DbType = Int64)], CommandType='"Text"', CommandTimeout='30']
SELECT `u`.`Id`, `u`.`About_Me`, `u`.`Account_Type`, `u`.`Address`, `u`.`Available_Days`, `u`.`Bn_Name`, `u`.`City`, `u`.`Country`, `u`.`Created_At`, `u`.`Currency`, `u`.`Degree`, `u`.`Email`, `u`.`Email_Verified`, `u`.`Enable_Appointment`, `u`.`Enable_Rating`, `u`.`Exp_Years`, `u`.`Facebook`, `u`.`Google_Analytics`, `u`.`Image`, `u`.`Instagram`, `u`.`Linkedin`, `u`.`Name`, `u`.`Parent_Id`, `u`.`Password`, `u`.`Paypal_Email`, `u`.`Paypal_Mode`, `u`.`Paypal_Payment`, `u`.`Paystack_Payment`, `u`.`Paystack_Public_Key`, `u`.`Paystack_Secret_Key`, `u`.`Phone`, `u`.`Publish_Key`, `u`.`Qr_Code`, `u`.`Razorpay_Key_Id`, `u`.`Razorpay_Key_Secret`, `u`.`Razorpay_Payment`, `u`.`Role`, `u`.`Secret_Key`, `u`.`Skype`, `u`.`Slug`, `u`.`Specialist`, `u`.`Status`, `u`.`Stripe_Payment`, `u`.`Thumb`, `u`.`Trial_Expire`, `u`.`Twitter`, `u`.`User_Name`, `u`.`User_Type`, `u`.`Verify_Code`, `u`.`Whatsapp`
FROM `Users` AS `u`
WHERE `u`.`Id` = @__id_0
LIMIT 1

2024-08-03 00:16:18.830 +05:30  INF  Route matched with {action = "DoctorNameList", controller = "Doctor"}. Executing controller action with signature System.Collections.Generic.List`1[DCRM.Common.Dto.DropdownDataDto] DoctorNameList() on controller DCRM.Api.Controllers.DoctorController (DCRM.Api).

2024-08-03 00:16:18.830 +05:30  INF  Executed DbCommand (211ms) [Parameters=[@__id_0='?' (DbType = Int64)], CommandType='"Text"', CommandTimeout='30']
SELECT `u`.`Id`, `u`.`About_Me`, `u`.`Account_Type`, `u`.`Address`, `u`.`Available_Days`, `u`.`Bn_Name`, `u`.`City`, `u`.`Country`, `u`.`Created_At`, `u`.`Currency`, `u`.`Degree`, `u`.`Email`, `u`.`Email_Verified`, `u`.`Enable_Appointment`, `u`.`Enable_Rating`, `u`.`Exp_Years`, `u`.`Facebook`, `u`.`Google_Analytics`, `u`.`Image`, `u`.`Instagram`, `u`.`Linkedin`, `u`.`Name`, `u`.`Parent_Id`, `u`.`Password`, `u`.`Paypal_Email`, `u`.`Paypal_Mode`, `u`.`Paypal_Payment`, `u`.`Paystack_Payment`, `u`.`Paystack_Public_Key`, `u`.`Paystack_Secret_Key`, `u`.`Phone`, `u`.`Publish_Key`, `u`.`Qr_Code`, `u`.`Razorpay_Key_Id`, `u`.`Razorpay_Key_Secret`, `u`.`Razorpay_Payment`, `u`.`Role`, `u`.`Secret_Key`, `u`.`Skype`, `u`.`Slug`, `u`.`Specialist`, `u`.`Status`, `u`.`Stripe_Payment`, `u`.`Thumb`, `u`.`Trial_Expire`, `u`.`Twitter`, `u`.`User_Name`, `u`.`User_Type`, `u`.`Verify_Code`, `u`.`Whatsapp`
FROM `Users` AS `u`
WHERE `u`.`Id` = @__id_0
LIMIT 1

2024-08-03 00:16:18.830 +05:30  INF  Executing endpoint 'DCRM.Api.Controllers.PatientController.PatientDetailList (DCRM.Api)'

2024-08-03 00:16:18.830 +05:30  INF  Route matched with {action = "PatientDetailList", controller = "Patient"}. Executing controller action with signature System.Collections.Generic.List`1[DCRM.Common.Dto.DropdownDataDto] PatientDetailList() on controller DCRM.Api.Controllers.PatientController (DCRM.Api).

2024-08-03 00:16:18.830 +05:30  INF  Executing endpoint 'DCRM.Api.Controllers.ChairController.GetAll (DCRM.Api)'

2024-08-03 00:16:18.830 +05:30  INF  Route matched with {action = "GetAll", controller = "Chair"}. Executing controller action with signature System.Collections.Generic.List`1[DCRM.Common.Dto.ChairDto] GetAll() on controller DCRM.Api.Controllers.ChairController (DCRM.Api).

2024-08-03 00:16:19.429 +05:30  INF  Executed DbCommand (207ms) [Parameters=[@__id_0='?' (DbType = Int64)], CommandType='"Text"', CommandTimeout='30']
SELECT `p`.`Id`, `p`.`Age`, `p`.`Chamber_Id`, `p`.`Created_At`, `p`.`Email`, `p`.`Guardian`, `p`.`Is_Delete`, `p`.`Mobile`, `p`.`Mr_Number`, `p`.`Name`, `p`.`Password`, `p`.`Permanent_Address`, `p`.`Present_Address`, `p`.`Role`, `p`.`Sex`, `p`.`Slug`, `p`.`Thumb`, `p`.`Title`, `p`.`UserName`, `p`.`User_Id`, `p`.`Verify_Code`, `p`.`Weight`
FROM `Patientses` AS `p`
WHERE (`p`.`Is_Delete` = 0) AND (`p`.`Id` = @__id_0)
LIMIT 1

2024-08-03 00:16:19.452 +05:30  INF  Executed DbCommand (211ms) [Parameters=[], CommandType='"Text"', CommandTimeout='30']
SELECT `c`.`Id`, `c`.`Address`, `c`.`Appoinment_Limit`, `c`.`Created_At`, `c`.`Doctor_Id`, `c`.`Is_Primary`, `c`.`Name`, `c`.`Status`, `c`.`Uid`, `c`.`User_Id`
FROM `Chairs` AS `c`

2024-08-03 00:16:19.662 +05:30  INF  Executed DbCommand (420ms) [Parameters=[@__userId_0='?' (DbType = Int64)], CommandType='"Text"', CommandTimeout='30']
SELECT `p`.`Id`, `p`.`Age`, `p`.`Chamber_Id`, `p`.`Created_At`, `p`.`Email`, `p`.`Guardian`, `p`.`Is_Delete`, `p`.`Mobile`, `p`.`Mr_Number`, `p`.`Name`, `p`.`Password`, `p`.`Permanent_Address`, `p`.`Present_Address`, `p`.`Role`, `p`.`Sex`, `p`.`Slug`, `p`.`Thumb`, `p`.`Title`, `p`.`UserName`, `p`.`User_Id`, `p`.`Verify_Code`, `p`.`Weight`
FROM `Patientses` AS `p`
WHERE (`p`.`User_Id` = @__userId_0) AND (`p`.`Is_Delete` = 0)

2024-08-03 00:16:19.663 +05:30  INF  Executed DbCommand (421ms) [Parameters=[@__userId_0='?' (DbType = Int64)], CommandType='"Text"', CommandTimeout='30']
SELECT `d`.`Id`, `d`.`Age`, `d`.`Blood_Group`, `d`.`Created_At`, `d`.`Dob`, `d`.`Email`, `d`.`Email2`, `d`.`Gender`, `d`.`Gst_Number`, `d`.`Is_Delete`, `d`.`Marital_Status`, `d`.`Name`, `d`.`Pan_Number`, `d`.`Password`, `d`.`Phone1`, `d`.`Phone2`, `d`.`Phone3`, `d`.`Phone4`, `d`.`Qualification`, `d`.`Role`, `d`.`Speciality`, `d`.`Thumb`, `d`.`Updated_At`, `d`.`User_Id`
FROM `Doctors` AS `d`
WHERE (`d`.`User_Id` = @__userId_0) AND (`d`.`Is_Delete` = 0)

2024-08-03 00:16:20.080 +05:30  INF  Executed DbCommand (209ms) [Parameters=[@__Id_0='?' (DbType = Int64)], CommandType='"Text"', CommandTimeout='30']
SELECT `d`.`Id`, `d`.`Age`, `d`.`Blood_Group`, `d`.`Created_At`, `d`.`Dob`, `d`.`Email`, `d`.`Email2`, `d`.`Gender`, `d`.`Gst_Number`, `d`.`Is_Delete`, `d`.`Marital_Status`, `d`.`Name`, `d`.`Pan_Number`, `d`.`Password`, `d`.`Phone1`, `d`.`Phone2`, `d`.`Phone3`, `d`.`Phone4`, `d`.`Qualification`, `d`.`Role`, `d`.`Speciality`, `d`.`Thumb`, `d`.`Updated_At`, `d`.`User_Id`
FROM `Doctors` AS `d`
WHERE `d`.`Id` = @__Id_0
LIMIT 2

2024-08-03 00:16:20.256 +05:30  INF  Executed DbCommand (414ms) [Parameters=[], CommandType='"Text"', CommandTimeout='30']
SELECT `p`.`Id`, `p`.`Amount_Type`, `p`.`Balance`, `p`.`Created_At`, `p`.`Credit_Amount`, `p`.`Debit_Amount`, `p`.`Description`, `p`.`Doctor_Id`, `p`.`Patient_Id`, `p`.`Payment_Mode`, `p`.`Updated_At`, `p`.`Workdone_Id`, `p`.`isPrinted`
FROM `Payment_History` AS `p`

2024-08-03 00:16:20.703 +05:30  INF  Executed DbCommand (209ms) [Parameters=[@__Id_0='?' (DbType = Int64)], CommandType='"Text"', CommandTimeout='30']
SELECT `d`.`Id`, `d`.`Age`, `d`.`Blood_Group`, `d`.`Created_At`, `d`.`Dob`, `d`.`Email`, `d`.`Email2`, `d`.`Gender`, `d`.`Gst_Number`, `d`.`Is_Delete`, `d`.`Marital_Status`, `d`.`Name`, `d`.`Pan_Number`, `d`.`Password`, `d`.`Phone1`, `d`.`Phone2`, `d`.`Phone3`, `d`.`Phone4`, `d`.`Qualification`, `d`.`Role`, `d`.`Speciality`, `d`.`Thumb`, `d`.`Updated_At`, `d`.`User_Id`
FROM `Doctors` AS `d`
WHERE `d`.`Id` = @__Id_0
LIMIT 2

2024-08-03 00:16:20.704 +05:30  INF  Executing ObjectResult, writing value of type 'System.Collections.Generic.List`1[[DCRM.Common.Dto.DropdownDataDto, DCRM.Common, Version=1.0.0.0, Culture=neutral, PublicKeyToken=null]]'.

2024-08-03 00:16:20.704 +05:30  INF  Executed action DCRM.Api.Controllers.PatientController.PatientDetailList (DCRM.Api) in 1874.3145ms

2024-08-03 00:16:20.704 +05:30  INF  Executed endpoint 'DCRM.Api.Controllers.PatientController.PatientDetailList (DCRM.Api)'

2024-08-03 00:16:20.705 +05:30  INF  Request finished HTTP/2 GET https://localhost:7069/api/Patient/Get/Names application/json - - 200 - application/json;+charset=utf-8 2509.2591ms

2024-08-03 00:16:20.714 +05:30  INF  Executing ObjectResult, writing value of type 'System.Collections.Generic.List`1[[DCRM.Common.Dto.DropdownDataDto, DCRM.Common, Version=1.0.0.0, Culture=neutral, PublicKeyToken=null]]'.

2024-08-03 00:16:20.714 +05:30  INF  Executed action DCRM.Api.Controllers.DoctorController.DoctorNameList (DCRM.Api) in 1884.1807ms

2024-08-03 00:16:20.714 +05:30  INF  Executed endpoint 'DCRM.Api.Controllers.DoctorController.DoctorNameList (DCRM.Api)'

2024-08-03 00:16:20.714 +05:30  INF  Request finished HTTP/2 GET https://localhost:7069/api/Doctor/Get/Names application/json - - 200 - application/json;+charset=utf-8 2518.5227ms

2024-08-03 00:16:21.094 +05:30  INF  Executed DbCommand (209ms) [Parameters=[@__p_0='?' (DbType = Int64)], CommandType='"Text"', CommandTimeout='30']
SELECT `p`.`Id`, `p`.`Amount`, `p`.`Balance_Amount`, `p`.`Balance_Spent`, `p`.`Created_At`, `p`.`Name`, `p`.`Patients_Id`, `p`.`Type`, `p`.`Updated_At`
FROM `Patients_Insurance_Loan` AS `p`
WHERE `p`.`Patients_Id` = @__p_0

2024-08-03 00:16:21.326 +05:30  INF  Executed DbCommand (208ms) [Parameters=[@__Id_0='?' (DbType = Int64)], CommandType='"Text"', CommandTimeout='30']
SELECT `d`.`Id`, `d`.`Age`, `d`.`Blood_Group`, `d`.`Created_At`, `d`.`Dob`, `d`.`Email`, `d`.`Email2`, `d`.`Gender`, `d`.`Gst_Number`, `d`.`Is_Delete`, `d`.`Marital_Status`, `d`.`Name`, `d`.`Pan_Number`, `d`.`Password`, `d`.`Phone1`, `d`.`Phone2`, `d`.`Phone3`, `d`.`Phone4`, `d`.`Qualification`, `d`.`Role`, `d`.`Speciality`, `d`.`Thumb`, `d`.`Updated_At`, `d`.`User_Id`
FROM `Doctors` AS `d`
WHERE `d`.`Id` = @__Id_0
LIMIT 2

2024-08-03 00:16:21.710 +05:30  INF  Executed DbCommand (206ms) [Parameters=[@__p_0='?' (DbType = Int64)], CommandType='"Text"', CommandTimeout='30']
SELECT `p`.`Id`, `p`.`Created_At`, `p`.`Patient_Id`, `p`.`Report`, `p`.`Report_Date`, `p`.`Report_File`, `p`.`Status`, `p`.`Test_Name`, `p`.`Test_Price`, `p`.`Updated_At`
FROM `Patient_Tests` AS `p`
WHERE `p`.`Patient_Id` = @__p_0

2024-08-03 00:16:21.945 +05:30  INF  Executed DbCommand (208ms) [Parameters=[@__Id_0='?' (DbType = Int64)], CommandType='"Text"', CommandTimeout='30']
SELECT `d`.`Id`, `d`.`Age`, `d`.`Blood_Group`, `d`.`Created_At`, `d`.`Dob`, `d`.`Email`, `d`.`Email2`, `d`.`Gender`, `d`.`Gst_Number`, `d`.`Is_Delete`, `d`.`Marital_Status`, `d`.`Name`, `d`.`Pan_Number`, `d`.`Password`, `d`.`Phone1`, `d`.`Phone2`, `d`.`Phone3`, `d`.`Phone4`, `d`.`Qualification`, `d`.`Role`, `d`.`Speciality`, `d`.`Thumb`, `d`.`Updated_At`, `d`.`User_Id`
FROM `Doctors` AS `d`
WHERE `d`.`Id` = @__Id_0
LIMIT 2

2024-08-03 00:16:22.331 +05:30  INF  Executed DbCommand (208ms) [Parameters=[@__p_0='?' (DbType = Int64)], CommandType='"Text"', CommandTimeout='30']
SELECT `p`.`Id`, `p`.`Address_O`, `p`.`Address_Other`, `p`.`Address_R`, `p`.`City_O`, `p`.`City_Other`, `p`.`City_R`, `p`.`Country_O`, `p`.`Country_Other`, `p`.`Country_R`, `p`.`Created_At`, `p`.`Doctor_Name`, `p`.`Email`, `p`.`Email2`, `p`.`Medical_History_Allergies`, `p`.`Patient_Id`, `p`.`Phone`, `p`.`Phone1`, `p`.`Phone2`, `p`.`Phone3`, `p`.`Phone4`, `p`.`Physician`, `p`.`Reffered_By`, `p`.`Relationship_Type`, `p`.`Special_Notes`, `p`.`Updated_At`, `p`.`Zip_O`, `p`.`Zip_Other`, `p`.`Zip_R`
FROM `Patients_Contact` AS `p`
WHERE `p`.`Patient_Id` = @__p_0

2024-08-03 00:16:22.566 +05:30  INF  Executed DbCommand (208ms) [Parameters=[@__Id_0='?' (DbType = Int64)], CommandType='"Text"', CommandTimeout='30']
SELECT `d`.`Id`, `d`.`Age`, `d`.`Blood_Group`, `d`.`Created_At`, `d`.`Dob`, `d`.`Email`, `d`.`Email2`, `d`.`Gender`, `d`.`Gst_Number`, `d`.`Is_Delete`, `d`.`Marital_Status`, `d`.`Name`, `d`.`Pan_Number`, `d`.`Password`, `d`.`Phone1`, `d`.`Phone2`, `d`.`Phone3`, `d`.`Phone4`, `d`.`Qualification`, `d`.`Role`, `d`.`Speciality`, `d`.`Thumb`, `d`.`Updated_At`, `d`.`User_Id`
FROM `Doctors` AS `d`
WHERE `d`.`Id` = @__Id_0
LIMIT 2

2024-08-03 00:16:22.954 +05:30  INF  Executed DbCommand (209ms) [Parameters=[@__p_0='?' (DbType = Int64)], CommandType='"Text"', CommandTimeout='30']
SELECT `p`.`Id`, `p`.`Created_At`, `p`.`Patient_Id`, `p`.`Report`, `p`.`Report_File`, `p`.`Scan_Name`, `p`.`Status`, `p`.`Type`, `p`.`Updated_At`
FROM `Patient_Scans` AS `p`
WHERE `p`.`Patient_Id` = @__p_0

2024-08-03 00:16:22.954 +05:30  INF  Executing ObjectResult, writing value of type 'DCRM.Common.Dto.PatientseDto'.

2024-08-03 00:16:22.954 +05:30  INF  Executed action DCRM.Api.Controllers.PatientController.Get (DCRM.Api) in 4144.8ms

2024-08-03 00:16:22.954 +05:30  INF  Executed endpoint 'DCRM.Api.Controllers.PatientController.Get (DCRM.Api)'

2024-08-03 00:16:22.954 +05:30  INF  Request finished HTTP/2 GET https://localhost:7069/api/Patient/Get/10 application/json - - 200 - application/json;+charset=utf-8 4775.0424ms

2024-08-03 00:16:22.956 +05:30  INF  Request starting HTTP/2 GET https://localhost:7069/api/Patient/Get/10 application/json -

2024-08-03 00:16:22.956 +05:30  INF  CORS policy execution successful.

2024-08-03 00:16:23.187 +05:30  INF  Executed DbCommand (207ms) [Parameters=[@__Id_0='?' (DbType = Int64)], CommandType='"Text"', CommandTimeout='30']
SELECT `d`.`Id`, `d`.`Age`, `d`.`Blood_Group`, `d`.`Created_At`, `d`.`Dob`, `d`.`Email`, `d`.`Email2`, `d`.`Gender`, `d`.`Gst_Number`, `d`.`Is_Delete`, `d`.`Marital_Status`, `d`.`Name`, `d`.`Pan_Number`, `d`.`Password`, `d`.`Phone1`, `d`.`Phone2`, `d`.`Phone3`, `d`.`Phone4`, `d`.`Qualification`, `d`.`Role`, `d`.`Speciality`, `d`.`Thumb`, `d`.`Updated_At`, `d`.`User_Id`
FROM `Doctors` AS `d`
WHERE `d`.`Id` = @__Id_0
LIMIT 2

2024-08-03 00:16:23.587 +05:30  INF  Executed DbCommand (216ms) [Parameters=[@__id_0='?' (DbType = Int64)], CommandType='"Text"', CommandTimeout='30']
SELECT `u`.`Id`, `u`.`About_Me`, `u`.`Account_Type`, `u`.`Address`, `u`.`Available_Days`, `u`.`Bn_Name`, `u`.`City`, `u`.`Country`, `u`.`Created_At`, `u`.`Currency`, `u`.`Degree`, `u`.`Email`, `u`.`Email_Verified`, `u`.`Enable_Appointment`, `u`.`Enable_Rating`, `u`.`Exp_Years`, `u`.`Facebook`, `u`.`Google_Analytics`, `u`.`Image`, `u`.`Instagram`, `u`.`Linkedin`, `u`.`Name`, `u`.`Parent_Id`, `u`.`Password`, `u`.`Paypal_Email`, `u`.`Paypal_Mode`, `u`.`Paypal_Payment`, `u`.`Paystack_Payment`, `u`.`Paystack_Public_Key`, `u`.`Paystack_Secret_Key`, `u`.`Phone`, `u`.`Publish_Key`, `u`.`Qr_Code`, `u`.`Razorpay_Key_Id`, `u`.`Razorpay_Key_Secret`, `u`.`Razorpay_Payment`, `u`.`Role`, `u`.`Secret_Key`, `u`.`Skype`, `u`.`Slug`, `u`.`Specialist`, `u`.`Status`, `u`.`Stripe_Payment`, `u`.`Thumb`, `u`.`Trial_Expire`, `u`.`Twitter`, `u`.`User_Name`, `u`.`User_Type`, `u`.`Verify_Code`, `u`.`Whatsapp`
FROM `Users` AS `u`
WHERE `u`.`Id` = @__id_0
LIMIT 1

2024-08-03 00:16:23.587 +05:30  INF  Executing endpoint 'DCRM.Api.Controllers.PatientController.Get (DCRM.Api)'

2024-08-03 00:16:23.587 +05:30  INF  Route matched with {action = "Get", controller = "Patient"}. Executing controller action with signature DCRM.Common.Dto.PatientseDto Get(Int64) on controller DCRM.Api.Controllers.PatientController (DCRM.Api).

2024-08-03 00:16:23.813 +05:30  INF  Executed DbCommand (209ms) [Parameters=[@__Id_0='?' (DbType = Int64)], CommandType='"Text"', CommandTimeout='30']
SELECT `d`.`Id`, `d`.`Age`, `d`.`Blood_Group`, `d`.`Created_At`, `d`.`Dob`, `d`.`Email`, `d`.`Email2`, `d`.`Gender`, `d`.`Gst_Number`, `d`.`Is_Delete`, `d`.`Marital_Status`, `d`.`Name`, `d`.`Pan_Number`, `d`.`Password`, `d`.`Phone1`, `d`.`Phone2`, `d`.`Phone3`, `d`.`Phone4`, `d`.`Qualification`, `d`.`Role`, `d`.`Speciality`, `d`.`Thumb`, `d`.`Updated_At`, `d`.`User_Id`
FROM `Doctors` AS `d`
WHERE `d`.`Id` = @__Id_0
LIMIT 2

2024-08-03 00:16:24.207 +05:30  INF  Executed DbCommand (209ms) [Parameters=[@__id_0='?' (DbType = Int64)], CommandType='"Text"', CommandTimeout='30']
SELECT `p`.`Id`, `p`.`Age`, `p`.`Chamber_Id`, `p`.`Created_At`, `p`.`Email`, `p`.`Guardian`, `p`.`Is_Delete`, `p`.`Mobile`, `p`.`Mr_Number`, `p`.`Name`, `p`.`Password`, `p`.`Permanent_Address`, `p`.`Present_Address`, `p`.`Role`, `p`.`Sex`, `p`.`Slug`, `p`.`Thumb`, `p`.`Title`, `p`.`UserName`, `p`.`User_Id`, `p`.`Verify_Code`, `p`.`Weight`
FROM `Patientses` AS `p`
WHERE (`p`.`Is_Delete` = 0) AND (`p`.`Id` = @__id_0)
LIMIT 1

2024-08-03 00:16:24.431 +05:30  INF  Executed DbCommand (207ms) [Parameters=[@__Id_0='?' (DbType = Int64)], CommandType='"Text"', CommandTimeout='30']
SELECT `d`.`Id`, `d`.`Age`, `d`.`Blood_Group`, `d`.`Created_At`, `d`.`Dob`, `d`.`Email`, `d`.`Email2`, `d`.`Gender`, `d`.`Gst_Number`, `d`.`Is_Delete`, `d`.`Marital_Status`, `d`.`Name`, `d`.`Pan_Number`, `d`.`Password`, `d`.`Phone1`, `d`.`Phone2`, `d`.`Phone3`, `d`.`Phone4`, `d`.`Qualification`, `d`.`Role`, `d`.`Speciality`, `d`.`Thumb`, `d`.`Updated_At`, `d`.`User_Id`
FROM `Doctors` AS `d`
WHERE `d`.`Id` = @__Id_0
LIMIT 2

2024-08-03 00:16:24.828 +05:30  INF  Executed DbCommand (208ms) [Parameters=[], CommandType='"Text"', CommandTimeout='30']
SELECT `p`.`Id`, `p`.`Amount_Type`, `p`.`Balance`, `p`.`Created_At`, `p`.`Credit_Amount`, `p`.`Debit_Amount`, `p`.`Description`, `p`.`Doctor_Id`, `p`.`Patient_Id`, `p`.`Payment_Mode`, `p`.`Updated_At`, `p`.`Workdone_Id`, `p`.`isPrinted`
FROM `Payment_History` AS `p`

2024-08-03 00:16:25.256 +05:30  INF  Executed DbCommand (411ms) [Parameters=[@__Id_0='?' (DbType = Int64)], CommandType='"Text"', CommandTimeout='30']
SELECT `d`.`Id`, `d`.`Age`, `d`.`Blood_Group`, `d`.`Created_At`, `d`.`Dob`, `d`.`Email`, `d`.`Email2`, `d`.`Gender`, `d`.`Gst_Number`, `d`.`Is_Delete`, `d`.`Marital_Status`, `d`.`Name`, `d`.`Pan_Number`, `d`.`Password`, `d`.`Phone1`, `d`.`Phone2`, `d`.`Phone3`, `d`.`Phone4`, `d`.`Qualification`, `d`.`Role`, `d`.`Speciality`, `d`.`Thumb`, `d`.`Updated_At`, `d`.`User_Id`
FROM `Doctors` AS `d`
WHERE `d`.`Id` = @__Id_0
LIMIT 2

2024-08-03 00:16:25.460 +05:30  INF  Executed DbCommand (209ms) [Parameters=[@__p_0='?' (DbType = Int64)], CommandType='"Text"', CommandTimeout='30']
SELECT `p`.`Id`, `p`.`Amount`, `p`.`Balance_Amount`, `p`.`Balance_Spent`, `p`.`Created_At`, `p`.`Name`, `p`.`Patients_Id`, `p`.`Type`, `p`.`Updated_At`
FROM `Patients_Insurance_Loan` AS `p`
WHERE `p`.`Patients_Id` = @__p_0

2024-08-03 00:16:25.874 +05:30  INF  Executed DbCommand (207ms) [Parameters=[@__Id_0='?' (DbType = Int64)], CommandType='"Text"', CommandTimeout='30']
SELECT `d`.`Id`, `d`.`Age`, `d`.`Blood_Group`, `d`.`Created_At`, `d`.`Dob`, `d`.`Email`, `d`.`Email2`, `d`.`Gender`, `d`.`Gst_Number`, `d`.`Is_Delete`, `d`.`Marital_Status`, `d`.`Name`, `d`.`Pan_Number`, `d`.`Password`, `d`.`Phone1`, `d`.`Phone2`, `d`.`Phone3`, `d`.`Phone4`, `d`.`Qualification`, `d`.`Role`, `d`.`Speciality`, `d`.`Thumb`, `d`.`Updated_At`, `d`.`User_Id`
FROM `Doctors` AS `d`
WHERE `d`.`Id` = @__Id_0
LIMIT 2

2024-08-03 00:16:26.081 +05:30  INF  Executed DbCommand (208ms) [Parameters=[@__p_0='?' (DbType = Int64)], CommandType='"Text"', CommandTimeout='30']
SELECT `p`.`Id`, `p`.`Created_At`, `p`.`Patient_Id`, `p`.`Report`, `p`.`Report_Date`, `p`.`Report_File`, `p`.`Status`, `p`.`Test_Name`, `p`.`Test_Price`, `p`.`Updated_At`
FROM `Patient_Tests` AS `p`
WHERE `p`.`Patient_Id` = @__p_0

2024-08-03 00:16:26.495 +05:30  INF  Executed DbCommand (208ms) [Parameters=[@__Id_0='?' (DbType = Int64)], CommandType='"Text"', CommandTimeout='30']
SELECT `d`.`Id`, `d`.`Age`, `d`.`Blood_Group`, `d`.`Created_At`, `d`.`Dob`, `d`.`Email`, `d`.`Email2`, `d`.`Gender`, `d`.`Gst_Number`, `d`.`Is_Delete`, `d`.`Marital_Status`, `d`.`Name`, `d`.`Pan_Number`, `d`.`Password`, `d`.`Phone1`, `d`.`Phone2`, `d`.`Phone3`, `d`.`Phone4`, `d`.`Qualification`, `d`.`Role`, `d`.`Speciality`, `d`.`Thumb`, `d`.`Updated_At`, `d`.`User_Id`
FROM `Doctors` AS `d`
WHERE `d`.`Id` = @__Id_0
LIMIT 2

2024-08-03 00:16:26.703 +05:30  INF  Executed DbCommand (209ms) [Parameters=[@__p_0='?' (DbType = Int64)], CommandType='"Text"', CommandTimeout='30']
SELECT `p`.`Id`, `p`.`Address_O`, `p`.`Address_Other`, `p`.`Address_R`, `p`.`City_O`, `p`.`City_Other`, `p`.`City_R`, `p`.`Country_O`, `p`.`Country_Other`, `p`.`Country_R`, `p`.`Created_At`, `p`.`Doctor_Name`, `p`.`Email`, `p`.`Email2`, `p`.`Medical_History_Allergies`, `p`.`Patient_Id`, `p`.`Phone`, `p`.`Phone1`, `p`.`Phone2`, `p`.`Phone3`, `p`.`Phone4`, `p`.`Physician`, `p`.`Reffered_By`, `p`.`Relationship_Type`, `p`.`Special_Notes`, `p`.`Updated_At`, `p`.`Zip_O`, `p`.`Zip_Other`, `p`.`Zip_R`
FROM `Patients_Contact` AS `p`
WHERE `p`.`Patient_Id` = @__p_0

2024-08-03 00:16:27.119 +05:30  INF  Executed DbCommand (208ms) [Parameters=[@__Id_0='?' (DbType = Int64)], CommandType='"Text"', CommandTimeout='30']
SELECT `d`.`Id`, `d`.`Age`, `d`.`Blood_Group`, `d`.`Created_At`, `d`.`Dob`, `d`.`Email`, `d`.`Email2`, `d`.`Gender`, `d`.`Gst_Number`, `d`.`Is_Delete`, `d`.`Marital_Status`, `d`.`Name`, `d`.`Pan_Number`, `d`.`Password`, `d`.`Phone1`, `d`.`Phone2`, `d`.`Phone3`, `d`.`Phone4`, `d`.`Qualification`, `d`.`Role`, `d`.`Speciality`, `d`.`Thumb`, `d`.`Updated_At`, `d`.`User_Id`
FROM `Doctors` AS `d`
WHERE `d`.`Id` = @__Id_0
LIMIT 2

2024-08-03 00:16:27.324 +05:30  INF  Executed DbCommand (207ms) [Parameters=[@__p_0='?' (DbType = Int64)], CommandType='"Text"', CommandTimeout='30']
SELECT `p`.`Id`, `p`.`Created_At`, `p`.`Patient_Id`, `p`.`Report`, `p`.`Report_File`, `p`.`Scan_Name`, `p`.`Status`, `p`.`Type`, `p`.`Updated_At`
FROM `Patient_Scans` AS `p`
WHERE `p`.`Patient_Id` = @__p_0

2024-08-03 00:16:27.325 +05:30  INF  Executing ObjectResult, writing value of type 'DCRM.Common.Dto.PatientseDto'.

2024-08-03 00:16:27.325 +05:30  INF  Executed action DCRM.Api.Controllers.PatientController.Get (DCRM.Api) in 3737.85ms

2024-08-03 00:16:27.325 +05:30  INF  Executed endpoint 'DCRM.Api.Controllers.PatientController.Get (DCRM.Api)'

2024-08-03 00:16:27.325 +05:30  INF  Request finished HTTP/2 GET https://localhost:7069/api/Patient/Get/10 application/json - - 200 - application/json;+charset=utf-8 4369.3821ms

2024-08-03 00:16:27.738 +05:30  INF  Executed DbCommand (207ms) [Parameters=[@__Id_0='?' (DbType = Int64)], CommandType='"Text"', CommandTimeout='30']
SELECT `d`.`Id`, `d`.`Age`, `d`.`Blood_Group`, `d`.`Created_At`, `d`.`Dob`, `d`.`Email`, `d`.`Email2`, `d`.`Gender`, `d`.`Gst_Number`, `d`.`Is_Delete`, `d`.`Marital_Status`, `d`.`Name`, `d`.`Pan_Number`, `d`.`Password`, `d`.`Phone1`, `d`.`Phone2`, `d`.`Phone3`, `d`.`Phone4`, `d`.`Qualification`, `d`.`Role`, `d`.`Speciality`, `d`.`Thumb`, `d`.`Updated_At`, `d`.`User_Id`
FROM `Doctors` AS `d`
WHERE `d`.`Id` = @__Id_0
LIMIT 2

2024-08-03 00:16:28.359 +05:30  INF  Executed DbCommand (208ms) [Parameters=[@__Id_0='?' (DbType = Int64)], CommandType='"Text"', CommandTimeout='30']
SELECT `d`.`Id`, `d`.`Age`, `d`.`Blood_Group`, `d`.`Created_At`, `d`.`Dob`, `d`.`Email`, `d`.`Email2`, `d`.`Gender`, `d`.`Gst_Number`, `d`.`Is_Delete`, `d`.`Marital_Status`, `d`.`Name`, `d`.`Pan_Number`, `d`.`Password`, `d`.`Phone1`, `d`.`Phone2`, `d`.`Phone3`, `d`.`Phone4`, `d`.`Qualification`, `d`.`Role`, `d`.`Speciality`, `d`.`Thumb`, `d`.`Updated_At`, `d`.`User_Id`
FROM `Doctors` AS `d`
WHERE `d`.`Id` = @__Id_0
LIMIT 2

2024-08-03 00:16:28.981 +05:30  INF  Executed DbCommand (208ms) [Parameters=[@__Id_0='?' (DbType = Int64)], CommandType='"Text"', CommandTimeout='30']
SELECT `d`.`Id`, `d`.`Age`, `d`.`Blood_Group`, `d`.`Created_At`, `d`.`Dob`, `d`.`Email`, `d`.`Email2`, `d`.`Gender`, `d`.`Gst_Number`, `d`.`Is_Delete`, `d`.`Marital_Status`, `d`.`Name`, `d`.`Pan_Number`, `d`.`Password`, `d`.`Phone1`, `d`.`Phone2`, `d`.`Phone3`, `d`.`Phone4`, `d`.`Qualification`, `d`.`Role`, `d`.`Speciality`, `d`.`Thumb`, `d`.`Updated_At`, `d`.`User_Id`
FROM `Doctors` AS `d`
WHERE `d`.`Id` = @__Id_0
LIMIT 2

2024-08-03 00:16:29.600 +05:30  INF  Executed DbCommand (207ms) [Parameters=[@__Id_0='?' (DbType = Int64)], CommandType='"Text"', CommandTimeout='30']
SELECT `d`.`Id`, `d`.`Age`, `d`.`Blood_Group`, `d`.`Created_At`, `d`.`Dob`, `d`.`Email`, `d`.`Email2`, `d`.`Gender`, `d`.`Gst_Number`, `d`.`Is_Delete`, `d`.`Marital_Status`, `d`.`Name`, `d`.`Pan_Number`, `d`.`Password`, `d`.`Phone1`, `d`.`Phone2`, `d`.`Phone3`, `d`.`Phone4`, `d`.`Qualification`, `d`.`Role`, `d`.`Speciality`, `d`.`Thumb`, `d`.`Updated_At`, `d`.`User_Id`
FROM `Doctors` AS `d`
WHERE `d`.`Id` = @__Id_0
LIMIT 2

2024-08-03 00:16:30.222 +05:30  INF  Executed DbCommand (208ms) [Parameters=[@__Id_0='?' (DbType = Int64)], CommandType='"Text"', CommandTimeout='30']
SELECT `d`.`Id`, `d`.`Age`, `d`.`Blood_Group`, `d`.`Created_At`, `d`.`Dob`, `d`.`Email`, `d`.`Email2`, `d`.`Gender`, `d`.`Gst_Number`, `d`.`Is_Delete`, `d`.`Marital_Status`, `d`.`Name`, `d`.`Pan_Number`, `d`.`Password`, `d`.`Phone1`, `d`.`Phone2`, `d`.`Phone3`, `d`.`Phone4`, `d`.`Qualification`, `d`.`Role`, `d`.`Speciality`, `d`.`Thumb`, `d`.`Updated_At`, `d`.`User_Id`
FROM `Doctors` AS `d`
WHERE `d`.`Id` = @__Id_0
LIMIT 2

2024-08-03 00:16:30.859 +05:30  INF  Executed DbCommand (207ms) [Parameters=[@__Id_0='?' (DbType = Int64)], CommandType='"Text"', CommandTimeout='30']
SELECT `d`.`Id`, `d`.`Age`, `d`.`Blood_Group`, `d`.`Created_At`, `d`.`Dob`, `d`.`Email`, `d`.`Email2`, `d`.`Gender`, `d`.`Gst_Number`, `d`.`Is_Delete`, `d`.`Marital_Status`, `d`.`Name`, `d`.`Pan_Number`, `d`.`Password`, `d`.`Phone1`, `d`.`Phone2`, `d`.`Phone3`, `d`.`Phone4`, `d`.`Qualification`, `d`.`Role`, `d`.`Speciality`, `d`.`Thumb`, `d`.`Updated_At`, `d`.`User_Id`
FROM `Doctors` AS `d`
WHERE `d`.`Id` = @__Id_0
LIMIT 2

2024-08-03 00:16:31.480 +05:30  INF  Executed DbCommand (207ms) [Parameters=[@__Id_0='?' (DbType = Int64)], CommandType='"Text"', CommandTimeout='30']
SELECT `d`.`Id`, `d`.`Age`, `d`.`Blood_Group`, `d`.`Created_At`, `d`.`Dob`, `d`.`Email`, `d`.`Email2`, `d`.`Gender`, `d`.`Gst_Number`, `d`.`Is_Delete`, `d`.`Marital_Status`, `d`.`Name`, `d`.`Pan_Number`, `d`.`Password`, `d`.`Phone1`, `d`.`Phone2`, `d`.`Phone3`, `d`.`Phone4`, `d`.`Qualification`, `d`.`Role`, `d`.`Speciality`, `d`.`Thumb`, `d`.`Updated_At`, `d`.`User_Id`
FROM `Doctors` AS `d`
WHERE `d`.`Id` = @__Id_0
LIMIT 2

2024-08-03 00:16:31.481 +05:30  INF  Executing ObjectResult, writing value of type 'System.Collections.Generic.List`1[[DCRM.Common.Dto.ChairDto, DCRM.Common, Version=1.0.0.0, Culture=neutral, PublicKeyToken=null]]'.

2024-08-03 00:16:31.481 +05:30  INF  Executed action DCRM.Api.Controllers.ChairController.GetAll (DCRM.Api) in 12650.5593ms

2024-08-03 00:16:31.481 +05:30  INF  Executed endpoint 'DCRM.Api.Controllers.ChairController.GetAll (DCRM.Api)'

2024-08-03 00:16:31.481 +05:30  INF  Request finished HTTP/2 GET https://localhost:7069/api/Chair/GetAll application/json - - 200 - application/json;+charset=utf-8 13280.4015ms

2024-08-03 00:16:50.111 +05:30  INF  Request starting HTTP/2 OPTIONS https://localhost:7069/api/Appointment/Get/387 - -

2024-08-03 00:16:50.111 +05:30  INF  CORS policy execution successful.

2024-08-03 00:16:50.112 +05:30  INF  Request finished HTTP/2 OPTIONS https://localhost:7069/api/Appointment/Get/387 - - - 204 - - 0.2127ms

2024-08-03 00:16:50.118 +05:30  INF  Request starting HTTP/2 GET https://localhost:7069/api/Appointment/Get/387 application/json -

2024-08-03 00:16:50.118 +05:30  INF  CORS policy execution successful.

2024-08-03 00:16:50.744 +05:30  INF  Executed DbCommand (208ms) [Parameters=[@__id_0='?' (DbType = Int64)], CommandType='"Text"', CommandTimeout='30']
SELECT `u`.`Id`, `u`.`About_Me`, `u`.`Account_Type`, `u`.`Address`, `u`.`Available_Days`, `u`.`Bn_Name`, `u`.`City`, `u`.`Country`, `u`.`Created_At`, `u`.`Currency`, `u`.`Degree`, `u`.`Email`, `u`.`Email_Verified`, `u`.`Enable_Appointment`, `u`.`Enable_Rating`, `u`.`Exp_Years`, `u`.`Facebook`, `u`.`Google_Analytics`, `u`.`Image`, `u`.`Instagram`, `u`.`Linkedin`, `u`.`Name`, `u`.`Parent_Id`, `u`.`Password`, `u`.`Paypal_Email`, `u`.`Paypal_Mode`, `u`.`Paypal_Payment`, `u`.`Paystack_Payment`, `u`.`Paystack_Public_Key`, `u`.`Paystack_Secret_Key`, `u`.`Phone`, `u`.`Publish_Key`, `u`.`Qr_Code`, `u`.`Razorpay_Key_Id`, `u`.`Razorpay_Key_Secret`, `u`.`Razorpay_Payment`, `u`.`Role`, `u`.`Secret_Key`, `u`.`Skype`, `u`.`Slug`, `u`.`Specialist`, `u`.`Status`, `u`.`Stripe_Payment`, `u`.`Thumb`, `u`.`Trial_Expire`, `u`.`Twitter`, `u`.`User_Name`, `u`.`User_Type`, `u`.`Verify_Code`, `u`.`Whatsapp`
FROM `Users` AS `u`
WHERE `u`.`Id` = @__id_0
LIMIT 1

2024-08-03 00:16:50.744 +05:30  INF  Executing endpoint 'DCRM.Api.Controllers.AppointmentController.Get (DCRM.Api)'

2024-08-03 00:16:50.744 +05:30  INF  Route matched with {action = "Get", controller = "Appointment"}. Executing controller action with signature DCRM.Common.Entity.Appointment Get(Int32) on controller DCRM.Api.Controllers.AppointmentController (DCRM.Api).

2024-08-03 00:16:51.365 +05:30  INF  Executed DbCommand (208ms) [Parameters=[@__id_0='?' (DbType = Int64)], CommandType='"Text"', CommandTimeout='30']
SELECT `a`.`Id`, `a`.`Appointment_Status`, `a`.`Cause`, `a`.`Chair`, `a`.`Chamber_Id`, `a`.`Created_At`, `a`.`Date`, `a`.`Doctor_Id`, `a`.`Doctor_Name`, `a`.`End_Time`, `a`.`Extra_Notes`, `a`.`Files`, `a`.`Is_Delete`, `a`.`Is_Start`, `a`.`Meeting_Notes`, `a`.`Number_Of_Slot`, `a`.`Patient_Id`, `a`.`Prescription_Id`, `a`.`Serial_Id`, `a`.`Slot_Time`, `a`.`Start_Time`, `a`.`Status`, `a`.`Type`, `a`.`User_Id`, `a`.`Workdone_Id`
FROM `Appointments` AS `a`
WHERE (`a`.`Id` = @__id_0) AND (`a`.`Is_Delete` = 0)
LIMIT 1

2024-08-03 00:16:51.366 +05:30  INF  Executing ObjectResult, writing value of type 'DCRM.Common.Entity.Appointment'.

2024-08-03 00:16:51.366 +05:30  INF  Executed action DCRM.Api.Controllers.AppointmentController.Get (DCRM.Api) in 621.8613ms

2024-08-03 00:16:51.366 +05:30  INF  Executed endpoint 'DCRM.Api.Controllers.AppointmentController.Get (DCRM.Api)'

2024-08-03 00:16:51.366 +05:30  INF  Request finished HTTP/2 GET https://localhost:7069/api/Appointment/Get/387 application/json - - 200 - application/json;+charset=utf-8 1248.2023ms

2024-08-03 00:16:51.396 +05:30  INF  Request starting HTTP/2 OPTIONS https://localhost:7069/api/Patient/Get/10 - -

2024-08-03 00:16:51.396 +05:30  INF  CORS policy execution successful.

2024-08-03 00:16:51.396 +05:30  INF  Request finished HTTP/2 OPTIONS https://localhost:7069/api/Patient/Get/10 - - - 204 - - 0.3152ms

2024-08-03 00:16:51.397 +05:30  INF  Request starting HTTP/2 OPTIONS https://localhost:7069/api/Doctor/Get/Names - -

2024-08-03 00:16:51.398 +05:30  INF  CORS policy execution successful.

2024-08-03 00:16:51.401 +05:30  INF  Request finished HTTP/2 OPTIONS https://localhost:7069/api/Doctor/Get/Names - - - 204 - - 4.4717ms

2024-08-03 00:16:51.402 +05:30  INF  Request starting HTTP/2 OPTIONS https://localhost:7069/api/Patient/Get/Names - -

2024-08-03 00:16:51.402 +05:30  INF  Request starting HTTP/2 OPTIONS https://localhost:7069/api/Patient/Get/10 - -

2024-08-03 00:16:51.403 +05:30  INF  CORS policy execution successful.

2024-08-03 00:16:51.403 +05:30  INF  CORS policy execution successful.

2024-08-03 00:16:51.403 +05:30  INF  Request finished HTTP/2 OPTIONS https://localhost:7069/api/Patient/Get/10 - - - 204 - - 0.2817ms

2024-08-03 00:16:51.403 +05:30  INF  Request finished HTTP/2 OPTIONS https://localhost:7069/api/Patient/Get/Names - - - 204 - - 0.3237ms

2024-08-03 00:16:51.405 +05:30  INF  Request starting HTTP/2 GET https://localhost:7069/api/Patient/Get/10 application/json -

2024-08-03 00:16:51.405 +05:30  INF  Request starting HTTP/2 OPTIONS https://localhost:7069/api/Chair/GetAll - -

2024-08-03 00:16:51.405 +05:30  INF  Request starting HTTP/2 GET https://localhost:7069/api/Doctor/Get/Names application/json -

2024-08-03 00:16:51.405 +05:30  INF  CORS policy execution successful.

2024-08-03 00:16:51.405 +05:30  INF  CORS policy execution successful.

2024-08-03 00:16:51.405 +05:30  INF  CORS policy execution successful.

2024-08-03 00:16:51.405 +05:30  INF  Request finished HTTP/2 OPTIONS https://localhost:7069/api/Chair/GetAll - - - 204 - - 0.6411ms

2024-08-03 00:16:51.408 +05:30  INF  Request starting HTTP/2 GET https://localhost:7069/api/Chair/GetAll application/json -

2024-08-03 00:16:51.409 +05:30  INF  CORS policy execution successful.

2024-08-03 00:16:51.409 +05:30  INF  Request starting HTTP/2 GET https://localhost:7069/api/Patient/Get/Names application/json -

2024-08-03 00:16:51.409 +05:30  INF  CORS policy execution successful.

2024-08-03 00:16:52.028 +05:30  INF  Executed DbCommand (208ms) [Parameters=[@__id_0='?' (DbType = Int64)], CommandType='"Text"', CommandTimeout='30']
SELECT `u`.`Id`, `u`.`About_Me`, `u`.`Account_Type`, `u`.`Address`, `u`.`Available_Days`, `u`.`Bn_Name`, `u`.`City`, `u`.`Country`, `u`.`Created_At`, `u`.`Currency`, `u`.`Degree`, `u`.`Email`, `u`.`Email_Verified`, `u`.`Enable_Appointment`, `u`.`Enable_Rating`, `u`.`Exp_Years`, `u`.`Facebook`, `u`.`Google_Analytics`, `u`.`Image`, `u`.`Instagram`, `u`.`Linkedin`, `u`.`Name`, `u`.`Parent_Id`, `u`.`Password`, `u`.`Paypal_Email`, `u`.`Paypal_Mode`, `u`.`Paypal_Payment`, `u`.`Paystack_Payment`, `u`.`Paystack_Public_Key`, `u`.`Paystack_Secret_Key`, `u`.`Phone`, `u`.`Publish_Key`, `u`.`Qr_Code`, `u`.`Razorpay_Key_Id`, `u`.`Razorpay_Key_Secret`, `u`.`Razorpay_Payment`, `u`.`Role`, `u`.`Secret_Key`, `u`.`Skype`, `u`.`Slug`, `u`.`Specialist`, `u`.`Status`, `u`.`Stripe_Payment`, `u`.`Thumb`, `u`.`Trial_Expire`, `u`.`Twitter`, `u`.`User_Name`, `u`.`User_Type`, `u`.`Verify_Code`, `u`.`Whatsapp`
FROM `Users` AS `u`
WHERE `u`.`Id` = @__id_0
LIMIT 1

2024-08-03 00:16:52.028 +05:30  INF  Executed DbCommand (208ms) [Parameters=[@__id_0='?' (DbType = Int64)], CommandType='"Text"', CommandTimeout='30']
SELECT `u`.`Id`, `u`.`About_Me`, `u`.`Account_Type`, `u`.`Address`, `u`.`Available_Days`, `u`.`Bn_Name`, `u`.`City`, `u`.`Country`, `u`.`Created_At`, `u`.`Currency`, `u`.`Degree`, `u`.`Email`, `u`.`Email_Verified`, `u`.`Enable_Appointment`, `u`.`Enable_Rating`, `u`.`Exp_Years`, `u`.`Facebook`, `u`.`Google_Analytics`, `u`.`Image`, `u`.`Instagram`, `u`.`Linkedin`, `u`.`Name`, `u`.`Parent_Id`, `u`.`Password`, `u`.`Paypal_Email`, `u`.`Paypal_Mode`, `u`.`Paypal_Payment`, `u`.`Paystack_Payment`, `u`.`Paystack_Public_Key`, `u`.`Paystack_Secret_Key`, `u`.`Phone`, `u`.`Publish_Key`, `u`.`Qr_Code`, `u`.`Razorpay_Key_Id`, `u`.`Razorpay_Key_Secret`, `u`.`Razorpay_Payment`, `u`.`Role`, `u`.`Secret_Key`, `u`.`Skype`, `u`.`Slug`, `u`.`Specialist`, `u`.`Status`, `u`.`Stripe_Payment`, `u`.`Thumb`, `u`.`Trial_Expire`, `u`.`Twitter`, `u`.`User_Name`, `u`.`User_Type`, `u`.`Verify_Code`, `u`.`Whatsapp`
FROM `Users` AS `u`
WHERE `u`.`Id` = @__id_0
LIMIT 1

2024-08-03 00:16:52.028 +05:30  INF  Executing endpoint 'DCRM.Api.Controllers.DoctorController.DoctorNameList (DCRM.Api)'

2024-08-03 00:16:52.028 +05:30  INF  Executing endpoint 'DCRM.Api.Controllers.PatientController.Get (DCRM.Api)'

2024-08-03 00:16:52.029 +05:30  INF  Route matched with {action = "DoctorNameList", controller = "Doctor"}. Executing controller action with signature System.Collections.Generic.List`1[DCRM.Common.Dto.DropdownDataDto] DoctorNameList() on controller DCRM.Api.Controllers.DoctorController (DCRM.Api).

2024-08-03 00:16:52.029 +05:30  INF  Route matched with {action = "Get", controller = "Patient"}. Executing controller action with signature DCRM.Common.Dto.PatientseDto Get(Int64) on controller DCRM.Api.Controllers.PatientController (DCRM.Api).

2024-08-03 00:16:52.034 +05:30  INF  Executed DbCommand (206ms) [Parameters=[@__id_0='?' (DbType = Int64)], CommandType='"Text"', CommandTimeout='30']
SELECT `u`.`Id`, `u`.`About_Me`, `u`.`Account_Type`, `u`.`Address`, `u`.`Available_Days`, `u`.`Bn_Name`, `u`.`City`, `u`.`Country`, `u`.`Created_At`, `u`.`Currency`, `u`.`Degree`, `u`.`Email`, `u`.`Email_Verified`, `u`.`Enable_Appointment`, `u`.`Enable_Rating`, `u`.`Exp_Years`, `u`.`Facebook`, `u`.`Google_Analytics`, `u`.`Image`, `u`.`Instagram`, `u`.`Linkedin`, `u`.`Name`, `u`.`Parent_Id`, `u`.`Password`, `u`.`Paypal_Email`, `u`.`Paypal_Mode`, `u`.`Paypal_Payment`, `u`.`Paystack_Payment`, `u`.`Paystack_Public_Key`, `u`.`Paystack_Secret_Key`, `u`.`Phone`, `u`.`Publish_Key`, `u`.`Qr_Code`, `u`.`Razorpay_Key_Id`, `u`.`Razorpay_Key_Secret`, `u`.`Razorpay_Payment`, `u`.`Role`, `u`.`Secret_Key`, `u`.`Skype`, `u`.`Slug`, `u`.`Specialist`, `u`.`Status`, `u`.`Stripe_Payment`, `u`.`Thumb`, `u`.`Trial_Expire`, `u`.`Twitter`, `u`.`User_Name`, `u`.`User_Type`, `u`.`Verify_Code`, `u`.`Whatsapp`
FROM `Users` AS `u`
WHERE `u`.`Id` = @__id_0
LIMIT 1

2024-08-03 00:16:52.034 +05:30  INF  Executing endpoint 'DCRM.Api.Controllers.ChairController.GetAll (DCRM.Api)'

2024-08-03 00:16:52.034 +05:30  INF  Route matched with {action = "GetAll", controller = "Chair"}. Executing controller action with signature System.Collections.Generic.List`1[DCRM.Common.Dto.ChairDto] GetAll() on controller DCRM.Api.Controllers.ChairController (DCRM.Api).

2024-08-03 00:16:52.035 +05:30  INF  Executed DbCommand (205ms) [Parameters=[@__id_0='?' (DbType = Int64)], CommandType='"Text"', CommandTimeout='30']
SELECT `u`.`Id`, `u`.`About_Me`, `u`.`Account_Type`, `u`.`Address`, `u`.`Available_Days`, `u`.`Bn_Name`, `u`.`City`, `u`.`Country`, `u`.`Created_At`, `u`.`Currency`, `u`.`Degree`, `u`.`Email`, `u`.`Email_Verified`, `u`.`Enable_Appointment`, `u`.`Enable_Rating`, `u`.`Exp_Years`, `u`.`Facebook`, `u`.`Google_Analytics`, `u`.`Image`, `u`.`Instagram`, `u`.`Linkedin`, `u`.`Name`, `u`.`Parent_Id`, `u`.`Password`, `u`.`Paypal_Email`, `u`.`Paypal_Mode`, `u`.`Paypal_Payment`, `u`.`Paystack_Payment`, `u`.`Paystack_Public_Key`, `u`.`Paystack_Secret_Key`, `u`.`Phone`, `u`.`Publish_Key`, `u`.`Qr_Code`, `u`.`Razorpay_Key_Id`, `u`.`Razorpay_Key_Secret`, `u`.`Razorpay_Payment`, `u`.`Role`, `u`.`Secret_Key`, `u`.`Skype`, `u`.`Slug`, `u`.`Specialist`, `u`.`Status`, `u`.`Stripe_Payment`, `u`.`Thumb`, `u`.`Trial_Expire`, `u`.`Twitter`, `u`.`User_Name`, `u`.`User_Type`, `u`.`Verify_Code`, `u`.`Whatsapp`
FROM `Users` AS `u`
WHERE `u`.`Id` = @__id_0
LIMIT 1

2024-08-03 00:16:52.036 +05:30  INF  Executing endpoint 'DCRM.Api.Controllers.PatientController.PatientDetailList (DCRM.Api)'

2024-08-03 00:16:52.036 +05:30  INF  Route matched with {action = "PatientDetailList", controller = "Patient"}. Executing controller action with signature System.Collections.Generic.List`1[DCRM.Common.Dto.DropdownDataDto] PatientDetailList() on controller DCRM.Api.Controllers.PatientController (DCRM.Api).

2024-08-03 00:16:52.648 +05:30  INF  Executed DbCommand (210ms) [Parameters=[@__id_0='?' (DbType = Int64)], CommandType='"Text"', CommandTimeout='30']
SELECT `p`.`Id`, `p`.`Age`, `p`.`Chamber_Id`, `p`.`Created_At`, `p`.`Email`, `p`.`Guardian`, `p`.`Is_Delete`, `p`.`Mobile`, `p`.`Mr_Number`, `p`.`Name`, `p`.`Password`, `p`.`Permanent_Address`, `p`.`Present_Address`, `p`.`Role`, `p`.`Sex`, `p`.`Slug`, `p`.`Thumb`, `p`.`Title`, `p`.`UserName`, `p`.`User_Id`, `p`.`Verify_Code`, `p`.`Weight`
FROM `Patientses` AS `p`
WHERE (`p`.`Is_Delete` = 0) AND (`p`.`Id` = @__id_0)
LIMIT 1

2024-08-03 00:16:52.652 +05:30  INF  Executed DbCommand (207ms) [Parameters=[], CommandType='"Text"', CommandTimeout='30']
SELECT `c`.`Id`, `c`.`Address`, `c`.`Appoinment_Limit`, `c`.`Created_At`, `c`.`Doctor_Id`, `c`.`Is_Primary`, `c`.`Name`, `c`.`Status`, `c`.`Uid`, `c`.`User_Id`
FROM `Chairs` AS `c`

2024-08-03 00:16:52.856 +05:30  INF  Executed DbCommand (416ms) [Parameters=[@__userId_0='?' (DbType = Int64)], CommandType='"Text"', CommandTimeout='30']
SELECT `d`.`Id`, `d`.`Age`, `d`.`Blood_Group`, `d`.`Created_At`, `d`.`Dob`, `d`.`Email`, `d`.`Email2`, `d`.`Gender`, `d`.`Gst_Number`, `d`.`Is_Delete`, `d`.`Marital_Status`, `d`.`Name`, `d`.`Pan_Number`, `d`.`Password`, `d`.`Phone1`, `d`.`Phone2`, `d`.`Phone3`, `d`.`Phone4`, `d`.`Qualification`, `d`.`Role`, `d`.`Speciality`, `d`.`Thumb`, `d`.`Updated_At`, `d`.`User_Id`
FROM `Doctors` AS `d`
WHERE (`d`.`User_Id` = @__userId_0) AND (`d`.`Is_Delete` = 0)

2024-08-03 00:16:52.861 +05:30  INF  Executed DbCommand (412ms) [Parameters=[@__userId_0='?' (DbType = Int64)], CommandType='"Text"', CommandTimeout='30']
SELECT `p`.`Id`, `p`.`Age`, `p`.`Chamber_Id`, `p`.`Created_At`, `p`.`Email`, `p`.`Guardian`, `p`.`Is_Delete`, `p`.`Mobile`, `p`.`Mr_Number`, `p`.`Name`, `p`.`Password`, `p`.`Permanent_Address`, `p`.`Present_Address`, `p`.`Role`, `p`.`Sex`, `p`.`Slug`, `p`.`Thumb`, `p`.`Title`, `p`.`UserName`, `p`.`User_Id`, `p`.`Verify_Code`, `p`.`Weight`
FROM `Patientses` AS `p`
WHERE (`p`.`User_Id` = @__userId_0) AND (`p`.`Is_Delete` = 0)

2024-08-03 00:16:53.282 +05:30  INF  Executed DbCommand (212ms) [Parameters=[@__Id_0='?' (DbType = Int64)], CommandType='"Text"', CommandTimeout='30']
SELECT `d`.`Id`, `d`.`Age`, `d`.`Blood_Group`, `d`.`Created_At`, `d`.`Dob`, `d`.`Email`, `d`.`Email2`, `d`.`Gender`, `d`.`Gst_Number`, `d`.`Is_Delete`, `d`.`Marital_Status`, `d`.`Name`, `d`.`Pan_Number`, `d`.`Password`, `d`.`Phone1`, `d`.`Phone2`, `d`.`Phone3`, `d`.`Phone4`, `d`.`Qualification`, `d`.`Role`, `d`.`Speciality`, `d`.`Thumb`, `d`.`Updated_At`, `d`.`User_Id`
FROM `Doctors` AS `d`
WHERE `d`.`Id` = @__Id_0
LIMIT 2

2024-08-03 00:16:53.481 +05:30  INF  Executed DbCommand (419ms) [Parameters=[], CommandType='"Text"', CommandTimeout='30']
SELECT `p`.`Id`, `p`.`Amount_Type`, `p`.`Balance`, `p`.`Created_At`, `p`.`Credit_Amount`, `p`.`Debit_Amount`, `p`.`Description`, `p`.`Doctor_Id`, `p`.`Patient_Id`, `p`.`Payment_Mode`, `p`.`Updated_At`, `p`.`Workdone_Id`, `p`.`isPrinted`
FROM `Payment_History` AS `p`

2024-08-03 00:16:53.706 +05:30  INF  Executing ObjectResult, writing value of type 'System.Collections.Generic.List`1[[DCRM.Common.Dto.DropdownDataDto, DCRM.Common, Version=1.0.0.0, Culture=neutral, PublicKeyToken=null]]'.

2024-08-03 00:16:53.706 +05:30  INF  Executed action DCRM.Api.Controllers.PatientController.PatientDetailList (DCRM.Api) in 1670.6294ms

2024-08-03 00:16:53.706 +05:30  INF  Executed endpoint 'DCRM.Api.Controllers.PatientController.PatientDetailList (DCRM.Api)'

2024-08-03 00:16:53.706 +05:30  INF  Request finished HTTP/2 GET https://localhost:7069/api/Patient/Get/Names application/json - - 200 - application/json;+charset=utf-8 2297.7570ms

2024-08-03 00:16:53.715 +05:30  INF  Executing ObjectResult, writing value of type 'System.Collections.Generic.List`1[[DCRM.Common.Dto.DropdownDataDto, DCRM.Common, Version=1.0.0.0, Culture=neutral, PublicKeyToken=null]]'.

2024-08-03 00:16:53.715 +05:30  INF  Executed action DCRM.Api.Controllers.DoctorController.DoctorNameList (DCRM.Api) in 1686.9201ms

2024-08-03 00:16:53.716 +05:30  INF  Executed endpoint 'DCRM.Api.Controllers.DoctorController.DoctorNameList (DCRM.Api)'

2024-08-03 00:16:53.716 +05:30  INF  Request finished HTTP/2 GET https://localhost:7069/api/Doctor/Get/Names application/json - - 200 - application/json;+charset=utf-8 2310.7631ms

2024-08-03 00:16:53.909 +05:30  INF  Executed DbCommand (207ms) [Parameters=[@__Id_0='?' (DbType = Int64)], CommandType='"Text"', CommandTimeout='30']
SELECT `d`.`Id`, `d`.`Age`, `d`.`Blood_Group`, `d`.`Created_At`, `d`.`Dob`, `d`.`Email`, `d`.`Email2`, `d`.`Gender`, `d`.`Gst_Number`, `d`.`Is_Delete`, `d`.`Marital_Status`, `d`.`Name`, `d`.`Pan_Number`, `d`.`Password`, `d`.`Phone1`, `d`.`Phone2`, `d`.`Phone3`, `d`.`Phone4`, `d`.`Qualification`, `d`.`Role`, `d`.`Speciality`, `d`.`Thumb`, `d`.`Updated_At`, `d`.`User_Id`
FROM `Doctors` AS `d`
WHERE `d`.`Id` = @__Id_0
LIMIT 2

2024-08-03 00:16:54.314 +05:30  INF  Executed DbCommand (207ms) [Parameters=[@__p_0='?' (DbType = Int64)], CommandType='"Text"', CommandTimeout='30']
SELECT `p`.`Id`, `p`.`Amount`, `p`.`Balance_Amount`, `p`.`Balance_Spent`, `p`.`Created_At`, `p`.`Name`, `p`.`Patients_Id`, `p`.`Type`, `p`.`Updated_At`
FROM `Patients_Insurance_Loan` AS `p`
WHERE `p`.`Patients_Id` = @__p_0

2024-08-03 00:16:54.524 +05:30  INF  Executed DbCommand (206ms) [Parameters=[@__Id_0='?' (DbType = Int64)], CommandType='"Text"', CommandTimeout='30']
SELECT `d`.`Id`, `d`.`Age`, `d`.`Blood_Group`, `d`.`Created_At`, `d`.`Dob`, `d`.`Email`, `d`.`Email2`, `d`.`Gender`, `d`.`Gst_Number`, `d`.`Is_Delete`, `d`.`Marital_Status`, `d`.`Name`, `d`.`Pan_Number`, `d`.`Password`, `d`.`Phone1`, `d`.`Phone2`, `d`.`Phone3`, `d`.`Phone4`, `d`.`Qualification`, `d`.`Role`, `d`.`Speciality`, `d`.`Thumb`, `d`.`Updated_At`, `d`.`User_Id`
FROM `Doctors` AS `d`
WHERE `d`.`Id` = @__Id_0
LIMIT 2

2024-08-03 00:16:54.936 +05:30  INF  Executed DbCommand (208ms) [Parameters=[@__p_0='?' (DbType = Int64)], CommandType='"Text"', CommandTimeout='30']
SELECT `p`.`Id`, `p`.`Created_At`, `p`.`Patient_Id`, `p`.`Report`, `p`.`Report_Date`, `p`.`Report_File`, `p`.`Status`, `p`.`Test_Name`, `p`.`Test_Price`, `p`.`Updated_At`
FROM `Patient_Tests` AS `p`
WHERE `p`.`Patient_Id` = @__p_0

2024-08-03 00:16:55.143 +05:30  INF  Executed DbCommand (208ms) [Parameters=[@__Id_0='?' (DbType = Int64)], CommandType='"Text"', CommandTimeout='30']
SELECT `d`.`Id`, `d`.`Age`, `d`.`Blood_Group`, `d`.`Created_At`, `d`.`Dob`, `d`.`Email`, `d`.`Email2`, `d`.`Gender`, `d`.`Gst_Number`, `d`.`Is_Delete`, `d`.`Marital_Status`, `d`.`Name`, `d`.`Pan_Number`, `d`.`Password`, `d`.`Phone1`, `d`.`Phone2`, `d`.`Phone3`, `d`.`Phone4`, `d`.`Qualification`, `d`.`Role`, `d`.`Speciality`, `d`.`Thumb`, `d`.`Updated_At`, `d`.`User_Id`
FROM `Doctors` AS `d`
WHERE `d`.`Id` = @__Id_0
LIMIT 2

2024-08-03 00:16:55.558 +05:30  INF  Executed DbCommand (210ms) [Parameters=[@__p_0='?' (DbType = Int64)], CommandType='"Text"', CommandTimeout='30']
SELECT `p`.`Id`, `p`.`Address_O`, `p`.`Address_Other`, `p`.`Address_R`, `p`.`City_O`, `p`.`City_Other`, `p`.`City_R`, `p`.`Country_O`, `p`.`Country_Other`, `p`.`Country_R`, `p`.`Created_At`, `p`.`Doctor_Name`, `p`.`Email`, `p`.`Email2`, `p`.`Medical_History_Allergies`, `p`.`Patient_Id`, `p`.`Phone`, `p`.`Phone1`, `p`.`Phone2`, `p`.`Phone3`, `p`.`Phone4`, `p`.`Physician`, `p`.`Reffered_By`, `p`.`Relationship_Type`, `p`.`Special_Notes`, `p`.`Updated_At`, `p`.`Zip_O`, `p`.`Zip_Other`, `p`.`Zip_R`
FROM `Patients_Contact` AS `p`
WHERE `p`.`Patient_Id` = @__p_0

2024-08-03 00:16:55.767 +05:30  INF  Executed DbCommand (211ms) [Parameters=[@__Id_0='?' (DbType = Int64)], CommandType='"Text"', CommandTimeout='30']
SELECT `d`.`Id`, `d`.`Age`, `d`.`Blood_Group`, `d`.`Created_At`, `d`.`Dob`, `d`.`Email`, `d`.`Email2`, `d`.`Gender`, `d`.`Gst_Number`, `d`.`Is_Delete`, `d`.`Marital_Status`, `d`.`Name`, `d`.`Pan_Number`, `d`.`Password`, `d`.`Phone1`, `d`.`Phone2`, `d`.`Phone3`, `d`.`Phone4`, `d`.`Qualification`, `d`.`Role`, `d`.`Speciality`, `d`.`Thumb`, `d`.`Updated_At`, `d`.`User_Id`
FROM `Doctors` AS `d`
WHERE `d`.`Id` = @__Id_0
LIMIT 2

2024-08-03 00:16:56.180 +05:30  INF  Executed DbCommand (206ms) [Parameters=[@__p_0='?' (DbType = Int64)], CommandType='"Text"', CommandTimeout='30']
SELECT `p`.`Id`, `p`.`Created_At`, `p`.`Patient_Id`, `p`.`Report`, `p`.`Report_File`, `p`.`Scan_Name`, `p`.`Status`, `p`.`Type`, `p`.`Updated_At`
FROM `Patient_Scans` AS `p`
WHERE `p`.`Patient_Id` = @__p_0

2024-08-03 00:16:56.180 +05:30  INF  Executing ObjectResult, writing value of type 'DCRM.Common.Dto.PatientseDto'.

2024-08-03 00:16:56.180 +05:30  INF  Executed action DCRM.Api.Controllers.PatientController.Get (DCRM.Api) in 4151.4011ms

2024-08-03 00:16:56.180 +05:30  INF  Executed endpoint 'DCRM.Api.Controllers.PatientController.Get (DCRM.Api)'

2024-08-03 00:16:56.180 +05:30  INF  Request finished HTTP/2 GET https://localhost:7069/api/Patient/Get/10 application/json - - 200 - application/json;+charset=utf-8 4775.6951ms

2024-08-03 00:16:56.182 +05:30  INF  Request starting HTTP/2 GET https://localhost:7069/api/Patient/Get/10 application/json -

2024-08-03 00:16:56.182 +05:30  INF  CORS policy execution successful.

2024-08-03 00:16:56.387 +05:30  INF  Executed DbCommand (207ms) [Parameters=[@__Id_0='?' (DbType = Int64)], CommandType='"Text"', CommandTimeout='30']
SELECT `d`.`Id`, `d`.`Age`, `d`.`Blood_Group`, `d`.`Created_At`, `d`.`Dob`, `d`.`Email`, `d`.`Email2`, `d`.`Gender`, `d`.`Gst_Number`, `d`.`Is_Delete`, `d`.`Marital_Status`, `d`.`Name`, `d`.`Pan_Number`, `d`.`Password`, `d`.`Phone1`, `d`.`Phone2`, `d`.`Phone3`, `d`.`Phone4`, `d`.`Qualification`, `d`.`Role`, `d`.`Speciality`, `d`.`Thumb`, `d`.`Updated_At`, `d`.`User_Id`
FROM `Doctors` AS `d`
WHERE `d`.`Id` = @__Id_0
LIMIT 2

2024-08-03 00:16:56.802 +05:30  INF  Executed DbCommand (209ms) [Parameters=[@__id_0='?' (DbType = Int64)], CommandType='"Text"', CommandTimeout='30']
SELECT `u`.`Id`, `u`.`About_Me`, `u`.`Account_Type`, `u`.`Address`, `u`.`Available_Days`, `u`.`Bn_Name`, `u`.`City`, `u`.`Country`, `u`.`Created_At`, `u`.`Currency`, `u`.`Degree`, `u`.`Email`, `u`.`Email_Verified`, `u`.`Enable_Appointment`, `u`.`Enable_Rating`, `u`.`Exp_Years`, `u`.`Facebook`, `u`.`Google_Analytics`, `u`.`Image`, `u`.`Instagram`, `u`.`Linkedin`, `u`.`Name`, `u`.`Parent_Id`, `u`.`Password`, `u`.`Paypal_Email`, `u`.`Paypal_Mode`, `u`.`Paypal_Payment`, `u`.`Paystack_Payment`, `u`.`Paystack_Public_Key`, `u`.`Paystack_Secret_Key`, `u`.`Phone`, `u`.`Publish_Key`, `u`.`Qr_Code`, `u`.`Razorpay_Key_Id`, `u`.`Razorpay_Key_Secret`, `u`.`Razorpay_Payment`, `u`.`Role`, `u`.`Secret_Key`, `u`.`Skype`, `u`.`Slug`, `u`.`Specialist`, `u`.`Status`, `u`.`Stripe_Payment`, `u`.`Thumb`, `u`.`Trial_Expire`, `u`.`Twitter`, `u`.`User_Name`, `u`.`User_Type`, `u`.`Verify_Code`, `u`.`Whatsapp`
FROM `Users` AS `u`
WHERE `u`.`Id` = @__id_0
LIMIT 1

2024-08-03 00:16:56.802 +05:30  INF  Executing endpoint 'DCRM.Api.Controllers.PatientController.Get (DCRM.Api)'

2024-08-03 00:16:56.802 +05:30  INF  Route matched with {action = "Get", controller = "Patient"}. Executing controller action with signature DCRM.Common.Dto.PatientseDto Get(Int64) on controller DCRM.Api.Controllers.PatientController (DCRM.Api).

2024-08-03 00:16:57.009 +05:30  INF  Executed DbCommand (207ms) [Parameters=[@__Id_0='?' (DbType = Int64)], CommandType='"Text"', CommandTimeout='30']
SELECT `d`.`Id`, `d`.`Age`, `d`.`Blood_Group`, `d`.`Created_At`, `d`.`Dob`, `d`.`Email`, `d`.`Email2`, `d`.`Gender`, `d`.`Gst_Number`, `d`.`Is_Delete`, `d`.`Marital_Status`, `d`.`Name`, `d`.`Pan_Number`, `d`.`Password`, `d`.`Phone1`, `d`.`Phone2`, `d`.`Phone3`, `d`.`Phone4`, `d`.`Qualification`, `d`.`Role`, `d`.`Speciality`, `d`.`Thumb`, `d`.`Updated_At`, `d`.`User_Id`
FROM `Doctors` AS `d`
WHERE `d`.`Id` = @__Id_0
LIMIT 2

2024-08-03 00:16:57.423 +05:30  INF  Executed DbCommand (208ms) [Parameters=[@__id_0='?' (DbType = Int64)], CommandType='"Text"', CommandTimeout='30']
SELECT `p`.`Id`, `p`.`Age`, `p`.`Chamber_Id`, `p`.`Created_At`, `p`.`Email`, `p`.`Guardian`, `p`.`Is_Delete`, `p`.`Mobile`, `p`.`Mr_Number`, `p`.`Name`, `p`.`Password`, `p`.`Permanent_Address`, `p`.`Present_Address`, `p`.`Role`, `p`.`Sex`, `p`.`Slug`, `p`.`Thumb`, `p`.`Title`, `p`.`UserName`, `p`.`User_Id`, `p`.`Verify_Code`, `p`.`Weight`
FROM `Patientses` AS `p`
WHERE (`p`.`Is_Delete` = 0) AND (`p`.`Id` = @__id_0)
LIMIT 1

2024-08-03 00:16:57.628 +05:30  INF  Executed DbCommand (205ms) [Parameters=[@__Id_0='?' (DbType = Int64)], CommandType='"Text"', CommandTimeout='30']
SELECT `d`.`Id`, `d`.`Age`, `d`.`Blood_Group`, `d`.`Created_At`, `d`.`Dob`, `d`.`Email`, `d`.`Email2`, `d`.`Gender`, `d`.`Gst_Number`, `d`.`Is_Delete`, `d`.`Marital_Status`, `d`.`Name`, `d`.`Pan_Number`, `d`.`Password`, `d`.`Phone1`, `d`.`Phone2`, `d`.`Phone3`, `d`.`Phone4`, `d`.`Qualification`, `d`.`Role`, `d`.`Speciality`, `d`.`Thumb`, `d`.`Updated_At`, `d`.`User_Id`
FROM `Doctors` AS `d`
WHERE `d`.`Id` = @__Id_0
LIMIT 2

2024-08-03 00:16:58.043 +05:30  INF  Executed DbCommand (211ms) [Parameters=[], CommandType='"Text"', CommandTimeout='30']
SELECT `p`.`Id`, `p`.`Amount_Type`, `p`.`Balance`, `p`.`Created_At`, `p`.`Credit_Amount`, `p`.`Debit_Amount`, `p`.`Description`, `p`.`Doctor_Id`, `p`.`Patient_Id`, `p`.`Payment_Mode`, `p`.`Updated_At`, `p`.`Workdone_Id`, `p`.`isPrinted`
FROM `Payment_History` AS `p`

2024-08-03 00:16:58.459 +05:30  INF  Executed DbCommand (414ms) [Parameters=[@__Id_0='?' (DbType = Int64)], CommandType='"Text"', CommandTimeout='30']
SELECT `d`.`Id`, `d`.`Age`, `d`.`Blood_Group`, `d`.`Created_At`, `d`.`Dob`, `d`.`Email`, `d`.`Email2`, `d`.`Gender`, `d`.`Gst_Number`, `d`.`Is_Delete`, `d`.`Marital_Status`, `d`.`Name`, `d`.`Pan_Number`, `d`.`Password`, `d`.`Phone1`, `d`.`Phone2`, `d`.`Phone3`, `d`.`Phone4`, `d`.`Qualification`, `d`.`Role`, `d`.`Speciality`, `d`.`Thumb`, `d`.`Updated_At`, `d`.`User_Id`
FROM `Doctors` AS `d`
WHERE `d`.`Id` = @__Id_0
LIMIT 2

2024-08-03 00:16:58.668 +05:30  INF  Executed DbCommand (206ms) [Parameters=[@__p_0='?' (DbType = Int64)], CommandType='"Text"', CommandTimeout='30']
SELECT `p`.`Id`, `p`.`Amount`, `p`.`Balance_Amount`, `p`.`Balance_Spent`, `p`.`Created_At`, `p`.`Name`, `p`.`Patients_Id`, `p`.`Type`, `p`.`Updated_At`
FROM `Patients_Insurance_Loan` AS `p`
WHERE `p`.`Patients_Id` = @__p_0

2024-08-03 00:16:59.084 +05:30  INF  Executed DbCommand (210ms) [Parameters=[@__Id_0='?' (DbType = Int64)], CommandType='"Text"', CommandTimeout='30']
SELECT `d`.`Id`, `d`.`Age`, `d`.`Blood_Group`, `d`.`Created_At`, `d`.`Dob`, `d`.`Email`, `d`.`Email2`, `d`.`Gender`, `d`.`Gst_Number`, `d`.`Is_Delete`, `d`.`Marital_Status`, `d`.`Name`, `d`.`Pan_Number`, `d`.`Password`, `d`.`Phone1`, `d`.`Phone2`, `d`.`Phone3`, `d`.`Phone4`, `d`.`Qualification`, `d`.`Role`, `d`.`Speciality`, `d`.`Thumb`, `d`.`Updated_At`, `d`.`User_Id`
FROM `Doctors` AS `d`
WHERE `d`.`Id` = @__Id_0
LIMIT 2

2024-08-03 00:16:59.298 +05:30  INF  Executed DbCommand (215ms) [Parameters=[@__p_0='?' (DbType = Int64)], CommandType='"Text"', CommandTimeout='30']
SELECT `p`.`Id`, `p`.`Created_At`, `p`.`Patient_Id`, `p`.`Report`, `p`.`Report_Date`, `p`.`Report_File`, `p`.`Status`, `p`.`Test_Name`, `p`.`Test_Price`, `p`.`Updated_At`
FROM `Patient_Tests` AS `p`
WHERE `p`.`Patient_Id` = @__p_0

2024-08-03 00:16:59.716 +05:30  INF  Executed DbCommand (208ms) [Parameters=[@__Id_0='?' (DbType = Int64)], CommandType='"Text"', CommandTimeout='30']
SELECT `d`.`Id`, `d`.`Age`, `d`.`Blood_Group`, `d`.`Created_At`, `d`.`Dob`, `d`.`Email`, `d`.`Email2`, `d`.`Gender`, `d`.`Gst_Number`, `d`.`Is_Delete`, `d`.`Marital_Status`, `d`.`Name`, `d`.`Pan_Number`, `d`.`Password`, `d`.`Phone1`, `d`.`Phone2`, `d`.`Phone3`, `d`.`Phone4`, `d`.`Qualification`, `d`.`Role`, `d`.`Speciality`, `d`.`Thumb`, `d`.`Updated_At`, `d`.`User_Id`
FROM `Doctors` AS `d`
WHERE `d`.`Id` = @__Id_0
LIMIT 2

2024-08-03 00:16:59.922 +05:30  INF  Executed DbCommand (207ms) [Parameters=[@__p_0='?' (DbType = Int64)], CommandType='"Text"', CommandTimeout='30']
SELECT `p`.`Id`, `p`.`Address_O`, `p`.`Address_Other`, `p`.`Address_R`, `p`.`City_O`, `p`.`City_Other`, `p`.`City_R`, `p`.`Country_O`, `p`.`Country_Other`, `p`.`Country_R`, `p`.`Created_At`, `p`.`Doctor_Name`, `p`.`Email`, `p`.`Email2`, `p`.`Medical_History_Allergies`, `p`.`Patient_Id`, `p`.`Phone`, `p`.`Phone1`, `p`.`Phone2`, `p`.`Phone3`, `p`.`Phone4`, `p`.`Physician`, `p`.`Reffered_By`, `p`.`Relationship_Type`, `p`.`Special_Notes`, `p`.`Updated_At`, `p`.`Zip_O`, `p`.`Zip_Other`, `p`.`Zip_R`
FROM `Patients_Contact` AS `p`
WHERE `p`.`Patient_Id` = @__p_0

2024-08-03 00:17:00.336 +05:30  INF  Executed DbCommand (207ms) [Parameters=[@__Id_0='?' (DbType = Int64)], CommandType='"Text"', CommandTimeout='30']
SELECT `d`.`Id`, `d`.`Age`, `d`.`Blood_Group`, `d`.`Created_At`, `d`.`Dob`, `d`.`Email`, `d`.`Email2`, `d`.`Gender`, `d`.`Gst_Number`, `d`.`Is_Delete`, `d`.`Marital_Status`, `d`.`Name`, `d`.`Pan_Number`, `d`.`Password`, `d`.`Phone1`, `d`.`Phone2`, `d`.`Phone3`, `d`.`Phone4`, `d`.`Qualification`, `d`.`Role`, `d`.`Speciality`, `d`.`Thumb`, `d`.`Updated_At`, `d`.`User_Id`
FROM `Doctors` AS `d`
WHERE `d`.`Id` = @__Id_0
LIMIT 2

2024-08-03 00:17:00.543 +05:30  INF  Executed DbCommand (208ms) [Parameters=[@__p_0='?' (DbType = Int64)], CommandType='"Text"', CommandTimeout='30']
SELECT `p`.`Id`, `p`.`Created_At`, `p`.`Patient_Id`, `p`.`Report`, `p`.`Report_File`, `p`.`Scan_Name`, `p`.`Status`, `p`.`Type`, `p`.`Updated_At`
FROM `Patient_Scans` AS `p`
WHERE `p`.`Patient_Id` = @__p_0

2024-08-03 00:17:00.543 +05:30  INF  Executing ObjectResult, writing value of type 'DCRM.Common.Dto.PatientseDto'.

2024-08-03 00:17:00.543 +05:30  INF  Executed action DCRM.Api.Controllers.PatientController.Get (DCRM.Api) in 3740.8222ms

2024-08-03 00:17:00.543 +05:30  INF  Executed endpoint 'DCRM.Api.Controllers.PatientController.Get (DCRM.Api)'

2024-08-03 00:17:00.543 +05:30  INF  Request finished HTTP/2 GET https://localhost:7069/api/Patient/Get/10 application/json - - 200 - application/json;+charset=utf-8 4361.9828ms

2024-08-03 00:17:00.965 +05:30  INF  Executed DbCommand (216ms) [Parameters=[@__Id_0='?' (DbType = Int64)], CommandType='"Text"', CommandTimeout='30']
SELECT `d`.`Id`, `d`.`Age`, `d`.`Blood_Group`, `d`.`Created_At`, `d`.`Dob`, `d`.`Email`, `d`.`Email2`, `d`.`Gender`, `d`.`Gst_Number`, `d`.`Is_Delete`, `d`.`Marital_Status`, `d`.`Name`, `d`.`Pan_Number`, `d`.`Password`, `d`.`Phone1`, `d`.`Phone2`, `d`.`Phone3`, `d`.`Phone4`, `d`.`Qualification`, `d`.`Role`, `d`.`Speciality`, `d`.`Thumb`, `d`.`Updated_At`, `d`.`User_Id`
FROM `Doctors` AS `d`
WHERE `d`.`Id` = @__Id_0
LIMIT 2

2024-08-03 00:17:01.585 +05:30  INF  Executed DbCommand (208ms) [Parameters=[@__Id_0='?' (DbType = Int64)], CommandType='"Text"', CommandTimeout='30']
SELECT `d`.`Id`, `d`.`Age`, `d`.`Blood_Group`, `d`.`Created_At`, `d`.`Dob`, `d`.`Email`, `d`.`Email2`, `d`.`Gender`, `d`.`Gst_Number`, `d`.`Is_Delete`, `d`.`Marital_Status`, `d`.`Name`, `d`.`Pan_Number`, `d`.`Password`, `d`.`Phone1`, `d`.`Phone2`, `d`.`Phone3`, `d`.`Phone4`, `d`.`Qualification`, `d`.`Role`, `d`.`Speciality`, `d`.`Thumb`, `d`.`Updated_At`, `d`.`User_Id`
FROM `Doctors` AS `d`
WHERE `d`.`Id` = @__Id_0
LIMIT 2

2024-08-03 00:17:02.207 +05:30  INF  Executed DbCommand (209ms) [Parameters=[@__Id_0='?' (DbType = Int64)], CommandType='"Text"', CommandTimeout='30']
SELECT `d`.`Id`, `d`.`Age`, `d`.`Blood_Group`, `d`.`Created_At`, `d`.`Dob`, `d`.`Email`, `d`.`Email2`, `d`.`Gender`, `d`.`Gst_Number`, `d`.`Is_Delete`, `d`.`Marital_Status`, `d`.`Name`, `d`.`Pan_Number`, `d`.`Password`, `d`.`Phone1`, `d`.`Phone2`, `d`.`Phone3`, `d`.`Phone4`, `d`.`Qualification`, `d`.`Role`, `d`.`Speciality`, `d`.`Thumb`, `d`.`Updated_At`, `d`.`User_Id`
FROM `Doctors` AS `d`
WHERE `d`.`Id` = @__Id_0
LIMIT 2

2024-08-03 00:17:02.831 +05:30  INF  Executed DbCommand (209ms) [Parameters=[@__Id_0='?' (DbType = Int64)], CommandType='"Text"', CommandTimeout='30']
SELECT `d`.`Id`, `d`.`Age`, `d`.`Blood_Group`, `d`.`Created_At`, `d`.`Dob`, `d`.`Email`, `d`.`Email2`, `d`.`Gender`, `d`.`Gst_Number`, `d`.`Is_Delete`, `d`.`Marital_Status`, `d`.`Name`, `d`.`Pan_Number`, `d`.`Password`, `d`.`Phone1`, `d`.`Phone2`, `d`.`Phone3`, `d`.`Phone4`, `d`.`Qualification`, `d`.`Role`, `d`.`Speciality`, `d`.`Thumb`, `d`.`Updated_At`, `d`.`User_Id`
FROM `Doctors` AS `d`
WHERE `d`.`Id` = @__Id_0
LIMIT 2

2024-08-03 00:17:03.453 +05:30  INF  Executed DbCommand (207ms) [Parameters=[@__Id_0='?' (DbType = Int64)], CommandType='"Text"', CommandTimeout='30']
SELECT `d`.`Id`, `d`.`Age`, `d`.`Blood_Group`, `d`.`Created_At`, `d`.`Dob`, `d`.`Email`, `d`.`Email2`, `d`.`Gender`, `d`.`Gst_Number`, `d`.`Is_Delete`, `d`.`Marital_Status`, `d`.`Name`, `d`.`Pan_Number`, `d`.`Password`, `d`.`Phone1`, `d`.`Phone2`, `d`.`Phone3`, `d`.`Phone4`, `d`.`Qualification`, `d`.`Role`, `d`.`Speciality`, `d`.`Thumb`, `d`.`Updated_At`, `d`.`User_Id`
FROM `Doctors` AS `d`
WHERE `d`.`Id` = @__Id_0
LIMIT 2

2024-08-03 00:17:04.075 +05:30  INF  Executed DbCommand (208ms) [Parameters=[@__Id_0='?' (DbType = Int64)], CommandType='"Text"', CommandTimeout='30']
SELECT `d`.`Id`, `d`.`Age`, `d`.`Blood_Group`, `d`.`Created_At`, `d`.`Dob`, `d`.`Email`, `d`.`Email2`, `d`.`Gender`, `d`.`Gst_Number`, `d`.`Is_Delete`, `d`.`Marital_Status`, `d`.`Name`, `d`.`Pan_Number`, `d`.`Password`, `d`.`Phone1`, `d`.`Phone2`, `d`.`Phone3`, `d`.`Phone4`, `d`.`Qualification`, `d`.`Role`, `d`.`Speciality`, `d`.`Thumb`, `d`.`Updated_At`, `d`.`User_Id`
FROM `Doctors` AS `d`
WHERE `d`.`Id` = @__Id_0
LIMIT 2

2024-08-03 00:17:04.713 +05:30  INF  Executed DbCommand (215ms) [Parameters=[@__Id_0='?' (DbType = Int64)], CommandType='"Text"', CommandTimeout='30']
SELECT `d`.`Id`, `d`.`Age`, `d`.`Blood_Group`, `d`.`Created_At`, `d`.`Dob`, `d`.`Email`, `d`.`Email2`, `d`.`Gender`, `d`.`Gst_Number`, `d`.`Is_Delete`, `d`.`Marital_Status`, `d`.`Name`, `d`.`Pan_Number`, `d`.`Password`, `d`.`Phone1`, `d`.`Phone2`, `d`.`Phone3`, `d`.`Phone4`, `d`.`Qualification`, `d`.`Role`, `d`.`Speciality`, `d`.`Thumb`, `d`.`Updated_At`, `d`.`User_Id`
FROM `Doctors` AS `d`
WHERE `d`.`Id` = @__Id_0
LIMIT 2

2024-08-03 00:17:04.714 +05:30  INF  Executing ObjectResult, writing value of type 'System.Collections.Generic.List`1[[DCRM.Common.Dto.ChairDto, DCRM.Common, Version=1.0.0.0, Culture=neutral, PublicKeyToken=null]]'.

2024-08-03 00:17:04.714 +05:30  INF  Executed action DCRM.Api.Controllers.ChairController.GetAll (DCRM.Api) in 12679.8322ms

2024-08-03 00:17:04.714 +05:30  INF  Executed endpoint 'DCRM.Api.Controllers.ChairController.GetAll (DCRM.Api)'

2024-08-03 00:17:04.714 +05:30  INF  Request finished HTTP/2 GET https://localhost:7069/api/Chair/GetAll application/json - - 200 - application/json;+charset=utf-8 13305.7170ms

2024-08-03 00:18:46.452 +05:30  INF  Request starting HTTP/2 OPTIONS https://localhost:7069/api/Appointment/Get/387 - -

2024-08-03 00:18:46.453 +05:30  INF  CORS policy execution successful.

2024-08-03 00:18:46.453 +05:30  INF  Request finished HTTP/2 OPTIONS https://localhost:7069/api/Appointment/Get/387 - - - 204 - - 1.7701ms

2024-08-03 00:18:46.506 +05:30  INF  Request starting HTTP/2 GET https://localhost:7069/api/Appointment/Get/387 application/json -

2024-08-03 00:18:46.506 +05:30  INF  CORS policy execution successful.

2024-08-03 00:18:47.142 +05:30  INF  Executed DbCommand (209ms) [Parameters=[@__id_0='?' (DbType = Int64)], CommandType='"Text"', CommandTimeout='30']
SELECT `u`.`Id`, `u`.`About_Me`, `u`.`Account_Type`, `u`.`Address`, `u`.`Available_Days`, `u`.`Bn_Name`, `u`.`City`, `u`.`Country`, `u`.`Created_At`, `u`.`Currency`, `u`.`Degree`, `u`.`Email`, `u`.`Email_Verified`, `u`.`Enable_Appointment`, `u`.`Enable_Rating`, `u`.`Exp_Years`, `u`.`Facebook`, `u`.`Google_Analytics`, `u`.`Image`, `u`.`Instagram`, `u`.`Linkedin`, `u`.`Name`, `u`.`Parent_Id`, `u`.`Password`, `u`.`Paypal_Email`, `u`.`Paypal_Mode`, `u`.`Paypal_Payment`, `u`.`Paystack_Payment`, `u`.`Paystack_Public_Key`, `u`.`Paystack_Secret_Key`, `u`.`Phone`, `u`.`Publish_Key`, `u`.`Qr_Code`, `u`.`Razorpay_Key_Id`, `u`.`Razorpay_Key_Secret`, `u`.`Razorpay_Payment`, `u`.`Role`, `u`.`Secret_Key`, `u`.`Skype`, `u`.`Slug`, `u`.`Specialist`, `u`.`Status`, `u`.`Stripe_Payment`, `u`.`Thumb`, `u`.`Trial_Expire`, `u`.`Twitter`, `u`.`User_Name`, `u`.`User_Type`, `u`.`Verify_Code`, `u`.`Whatsapp`
FROM `Users` AS `u`
WHERE `u`.`Id` = @__id_0
LIMIT 1

2024-08-03 00:18:47.142 +05:30  INF  Executing endpoint 'DCRM.Api.Controllers.AppointmentController.Get (DCRM.Api)'

2024-08-03 00:18:47.142 +05:30  INF  Route matched with {action = "Get", controller = "Appointment"}. Executing controller action with signature DCRM.Common.Entity.Appointment Get(Int32) on controller DCRM.Api.Controllers.AppointmentController (DCRM.Api).

2024-08-03 00:18:47.764 +05:30  INF  Executed DbCommand (210ms) [Parameters=[@__id_0='?' (DbType = Int64)], CommandType='"Text"', CommandTimeout='30']
SELECT `a`.`Id`, `a`.`Appointment_Status`, `a`.`Cause`, `a`.`Chair`, `a`.`Chamber_Id`, `a`.`Created_At`, `a`.`Date`, `a`.`Doctor_Id`, `a`.`Doctor_Name`, `a`.`End_Time`, `a`.`Extra_Notes`, `a`.`Files`, `a`.`Is_Delete`, `a`.`Is_Start`, `a`.`Meeting_Notes`, `a`.`Number_Of_Slot`, `a`.`Patient_Id`, `a`.`Prescription_Id`, `a`.`Serial_Id`, `a`.`Slot_Time`, `a`.`Start_Time`, `a`.`Status`, `a`.`Type`, `a`.`User_Id`, `a`.`Workdone_Id`
FROM `Appointments` AS `a`
WHERE (`a`.`Id` = @__id_0) AND (`a`.`Is_Delete` = 0)
LIMIT 1

2024-08-03 00:18:47.765 +05:30  INF  Executing ObjectResult, writing value of type 'DCRM.Common.Entity.Appointment'.

2024-08-03 00:18:47.766 +05:30  INF  Executed action DCRM.Api.Controllers.AppointmentController.Get (DCRM.Api) in 624.1388ms

2024-08-03 00:18:47.767 +05:30  INF  Executed endpoint 'DCRM.Api.Controllers.AppointmentController.Get (DCRM.Api)'

2024-08-03 00:18:47.767 +05:30  INF  Request finished HTTP/2 GET https://localhost:7069/api/Appointment/Get/387 application/json - - 200 - application/json;+charset=utf-8 1261.5056ms

2024-08-03 00:18:50.524 +05:30  INF  Request starting HTTP/2 OPTIONS https://localhost:7069/api/Patient/Get/10 - -

2024-08-03 00:18:50.524 +05:30  INF  CORS policy execution successful.

2024-08-03 00:18:50.524 +05:30  INF  Request starting HTTP/2 OPTIONS https://localhost:7069/api/Doctor/Get/Names - -

2024-08-03 00:18:50.524 +05:30  INF  CORS policy execution successful.

2024-08-03 00:18:50.524 +05:30  INF  Request finished HTTP/2 OPTIONS https://localhost:7069/api/Doctor/Get/Names - - - 204 - - 0.2492ms

2024-08-03 00:18:50.524 +05:30  INF  Request finished HTTP/2 OPTIONS https://localhost:7069/api/Patient/Get/10 - - - 204 - - 0.7354ms

2024-08-03 00:18:50.525 +05:30  INF  Request starting HTTP/2 OPTIONS https://localhost:7069/api/Patient/Get/Names - -

2024-08-03 00:18:50.526 +05:30  INF  CORS policy execution successful.

2024-08-03 00:18:50.526 +05:30  INF  Request finished HTTP/2 OPTIONS https://localhost:7069/api/Patient/Get/Names - - - 204 - - 0.5396ms

2024-08-03 00:18:50.528 +05:30  INF  Request starting HTTP/2 OPTIONS https://localhost:7069/api/Patient/Get/10 - -

2024-08-03 00:18:50.528 +05:30  INF  CORS policy execution successful.

2024-08-03 00:18:50.531 +05:30  INF  Request finished HTTP/2 OPTIONS https://localhost:7069/api/Patient/Get/10 - - - 204 - - 2.9739ms

2024-08-03 00:18:50.531 +05:30  INF  Request starting HTTP/2 OPTIONS https://localhost:7069/api/Chair/GetAll - -

2024-08-03 00:18:50.535 +05:30  INF  CORS policy execution successful.

2024-08-03 00:18:50.536 +05:30  INF  Request starting HTTP/2 GET https://localhost:7069/api/Patient/Get/10 application/json -

2024-08-03 00:18:50.536 +05:30  INF  CORS policy execution successful.

2024-08-03 00:18:50.541 +05:30  INF  Request finished HTTP/2 OPTIONS https://localhost:7069/api/Chair/GetAll - - - 204 - - 10.8827ms

2024-08-03 00:18:50.541 +05:30  INF  Request starting HTTP/2 GET https://localhost:7069/api/Doctor/Get/Names application/json -

2024-08-03 00:18:50.541 +05:30  INF  CORS policy execution successful.

2024-08-03 00:18:50.543 +05:30  INF  Request starting HTTP/2 GET https://localhost:7069/api/Patient/Get/Names application/json -

2024-08-03 00:18:50.544 +05:30  INF  Request starting HTTP/2 GET https://localhost:7069/api/Chair/GetAll application/json -

2024-08-03 00:18:50.544 +05:30  INF  CORS policy execution successful.

2024-08-03 00:18:50.544 +05:30  INF  CORS policy execution successful.

2024-08-03 00:18:51.167 +05:30  INF  Executed DbCommand (209ms) [Parameters=[@__id_0='?' (DbType = Int64)], CommandType='"Text"', CommandTimeout='30']
SELECT `u`.`Id`, `u`.`About_Me`, `u`.`Account_Type`, `u`.`Address`, `u`.`Available_Days`, `u`.`Bn_Name`, `u`.`City`, `u`.`Country`, `u`.`Created_At`, `u`.`Currency`, `u`.`Degree`, `u`.`Email`, `u`.`Email_Verified`, `u`.`Enable_Appointment`, `u`.`Enable_Rating`, `u`.`Exp_Years`, `u`.`Facebook`, `u`.`Google_Analytics`, `u`.`Image`, `u`.`Instagram`, `u`.`Linkedin`, `u`.`Name`, `u`.`Parent_Id`, `u`.`Password`, `u`.`Paypal_Email`, `u`.`Paypal_Mode`, `u`.`Paypal_Payment`, `u`.`Paystack_Payment`, `u`.`Paystack_Public_Key`, `u`.`Paystack_Secret_Key`, `u`.`Phone`, `u`.`Publish_Key`, `u`.`Qr_Code`, `u`.`Razorpay_Key_Id`, `u`.`Razorpay_Key_Secret`, `u`.`Razorpay_Payment`, `u`.`Role`, `u`.`Secret_Key`, `u`.`Skype`, `u`.`Slug`, `u`.`Specialist`, `u`.`Status`, `u`.`Stripe_Payment`, `u`.`Thumb`, `u`.`Trial_Expire`, `u`.`Twitter`, `u`.`User_Name`, `u`.`User_Type`, `u`.`Verify_Code`, `u`.`Whatsapp`
FROM `Users` AS `u`
WHERE `u`.`Id` = @__id_0
LIMIT 1

2024-08-03 00:18:51.167 +05:30  INF  Executing endpoint 'DCRM.Api.Controllers.PatientController.Get (DCRM.Api)'

2024-08-03 00:18:51.167 +05:30  INF  Route matched with {action = "Get", controller = "Patient"}. Executing controller action with signature DCRM.Common.Dto.PatientseDto Get(Int64) on controller DCRM.Api.Controllers.PatientController (DCRM.Api).

2024-08-03 00:18:51.168 +05:30  INF  Executed DbCommand (211ms) [Parameters=[@__id_0='?' (DbType = Int64)], CommandType='"Text"', CommandTimeout='30']
SELECT `u`.`Id`, `u`.`About_Me`, `u`.`Account_Type`, `u`.`Address`, `u`.`Available_Days`, `u`.`Bn_Name`, `u`.`City`, `u`.`Country`, `u`.`Created_At`, `u`.`Currency`, `u`.`Degree`, `u`.`Email`, `u`.`Email_Verified`, `u`.`Enable_Appointment`, `u`.`Enable_Rating`, `u`.`Exp_Years`, `u`.`Facebook`, `u`.`Google_Analytics`, `u`.`Image`, `u`.`Instagram`, `u`.`Linkedin`, `u`.`Name`, `u`.`Parent_Id`, `u`.`Password`, `u`.`Paypal_Email`, `u`.`Paypal_Mode`, `u`.`Paypal_Payment`, `u`.`Paystack_Payment`, `u`.`Paystack_Public_Key`, `u`.`Paystack_Secret_Key`, `u`.`Phone`, `u`.`Publish_Key`, `u`.`Qr_Code`, `u`.`Razorpay_Key_Id`, `u`.`Razorpay_Key_Secret`, `u`.`Razorpay_Payment`, `u`.`Role`, `u`.`Secret_Key`, `u`.`Skype`, `u`.`Slug`, `u`.`Specialist`, `u`.`Status`, `u`.`Stripe_Payment`, `u`.`Thumb`, `u`.`Trial_Expire`, `u`.`Twitter`, `u`.`User_Name`, `u`.`User_Type`, `u`.`Verify_Code`, `u`.`Whatsapp`
FROM `Users` AS `u`
WHERE `u`.`Id` = @__id_0
LIMIT 1

2024-08-03 00:18:51.168 +05:30  INF  Executing endpoint 'DCRM.Api.Controllers.PatientController.PatientDetailList (DCRM.Api)'

2024-08-03 00:18:51.168 +05:30  INF  Route matched with {action = "PatientDetailList", controller = "Patient"}. Executing controller action with signature System.Collections.Generic.List`1[DCRM.Common.Dto.DropdownDataDto] PatientDetailList() on controller DCRM.Api.Controllers.PatientController (DCRM.Api).

2024-08-03 00:18:51.169 +05:30  INF  Executed DbCommand (211ms) [Parameters=[@__id_0='?' (DbType = Int64)], CommandType='"Text"', CommandTimeout='30']
SELECT `u`.`Id`, `u`.`About_Me`, `u`.`Account_Type`, `u`.`Address`, `u`.`Available_Days`, `u`.`Bn_Name`, `u`.`City`, `u`.`Country`, `u`.`Created_At`, `u`.`Currency`, `u`.`Degree`, `u`.`Email`, `u`.`Email_Verified`, `u`.`Enable_Appointment`, `u`.`Enable_Rating`, `u`.`Exp_Years`, `u`.`Facebook`, `u`.`Google_Analytics`, `u`.`Image`, `u`.`Instagram`, `u`.`Linkedin`, `u`.`Name`, `u`.`Parent_Id`, `u`.`Password`, `u`.`Paypal_Email`, `u`.`Paypal_Mode`, `u`.`Paypal_Payment`, `u`.`Paystack_Payment`, `u`.`Paystack_Public_Key`, `u`.`Paystack_Secret_Key`, `u`.`Phone`, `u`.`Publish_Key`, `u`.`Qr_Code`, `u`.`Razorpay_Key_Id`, `u`.`Razorpay_Key_Secret`, `u`.`Razorpay_Payment`, `u`.`Role`, `u`.`Secret_Key`, `u`.`Skype`, `u`.`Slug`, `u`.`Specialist`, `u`.`Status`, `u`.`Stripe_Payment`, `u`.`Thumb`, `u`.`Trial_Expire`, `u`.`Twitter`, `u`.`User_Name`, `u`.`User_Type`, `u`.`Verify_Code`, `u`.`Whatsapp`
FROM `Users` AS `u`
WHERE `u`.`Id` = @__id_0
LIMIT 1

2024-08-03 00:18:51.169 +05:30  INF  Executed DbCommand (211ms) [Parameters=[@__id_0='?' (DbType = Int64)], CommandType='"Text"', CommandTimeout='30']
SELECT `u`.`Id`, `u`.`About_Me`, `u`.`Account_Type`, `u`.`Address`, `u`.`Available_Days`, `u`.`Bn_Name`, `u`.`City`, `u`.`Country`, `u`.`Created_At`, `u`.`Currency`, `u`.`Degree`, `u`.`Email`, `u`.`Email_Verified`, `u`.`Enable_Appointment`, `u`.`Enable_Rating`, `u`.`Exp_Years`, `u`.`Facebook`, `u`.`Google_Analytics`, `u`.`Image`, `u`.`Instagram`, `u`.`Linkedin`, `u`.`Name`, `u`.`Parent_Id`, `u`.`Password`, `u`.`Paypal_Email`, `u`.`Paypal_Mode`, `u`.`Paypal_Payment`, `u`.`Paystack_Payment`, `u`.`Paystack_Public_Key`, `u`.`Paystack_Secret_Key`, `u`.`Phone`, `u`.`Publish_Key`, `u`.`Qr_Code`, `u`.`Razorpay_Key_Id`, `u`.`Razorpay_Key_Secret`, `u`.`Razorpay_Payment`, `u`.`Role`, `u`.`Secret_Key`, `u`.`Skype`, `u`.`Slug`, `u`.`Specialist`, `u`.`Status`, `u`.`Stripe_Payment`, `u`.`Thumb`, `u`.`Trial_Expire`, `u`.`Twitter`, `u`.`User_Name`, `u`.`User_Type`, `u`.`Verify_Code`, `u`.`Whatsapp`
FROM `Users` AS `u`
WHERE `u`.`Id` = @__id_0
LIMIT 1

2024-08-03 00:18:51.169 +05:30  INF  Executing endpoint 'DCRM.Api.Controllers.ChairController.GetAll (DCRM.Api)'

2024-08-03 00:18:51.169 +05:30  INF  Route matched with {action = "GetAll", controller = "Chair"}. Executing controller action with signature System.Collections.Generic.List`1[DCRM.Common.Dto.ChairDto] GetAll() on controller DCRM.Api.Controllers.ChairController (DCRM.Api).

2024-08-03 00:18:51.169 +05:30  INF  Executing endpoint 'DCRM.Api.Controllers.DoctorController.DoctorNameList (DCRM.Api)'

2024-08-03 00:18:51.169 +05:30  INF  Route matched with {action = "DoctorNameList", controller = "Doctor"}. Executing controller action with signature System.Collections.Generic.List`1[DCRM.Common.Dto.DropdownDataDto] DoctorNameList() on controller DCRM.Api.Controllers.DoctorController (DCRM.Api).

2024-08-03 00:18:51.788 +05:30  INF  Executed DbCommand (208ms) [Parameters=[@__id_0='?' (DbType = Int64)], CommandType='"Text"', CommandTimeout='30']
SELECT `p`.`Id`, `p`.`Age`, `p`.`Chamber_Id`, `p`.`Created_At`, `p`.`Email`, `p`.`Guardian`, `p`.`Is_Delete`, `p`.`Mobile`, `p`.`Mr_Number`, `p`.`Name`, `p`.`Password`, `p`.`Permanent_Address`, `p`.`Present_Address`, `p`.`Role`, `p`.`Sex`, `p`.`Slug`, `p`.`Thumb`, `p`.`Title`, `p`.`UserName`, `p`.`User_Id`, `p`.`Verify_Code`, `p`.`Weight`
FROM `Patientses` AS `p`
WHERE (`p`.`Is_Delete` = 0) AND (`p`.`Id` = @__id_0)
LIMIT 1

2024-08-03 00:18:51.791 +05:30  INF  Executed DbCommand (212ms) [Parameters=[], CommandType='"Text"', CommandTimeout='30']
SELECT `c`.`Id`, `c`.`Address`, `c`.`Appoinment_Limit`, `c`.`Created_At`, `c`.`Doctor_Id`, `c`.`Is_Primary`, `c`.`Name`, `c`.`Status`, `c`.`Uid`, `c`.`User_Id`
FROM `Chairs` AS `c`

2024-08-03 00:18:51.998 +05:30  INF  Executed DbCommand (419ms) [Parameters=[@__userId_0='?' (DbType = Int64)], CommandType='"Text"', CommandTimeout='30']
SELECT `p`.`Id`, `p`.`Age`, `p`.`Chamber_Id`, `p`.`Created_At`, `p`.`Email`, `p`.`Guardian`, `p`.`Is_Delete`, `p`.`Mobile`, `p`.`Mr_Number`, `p`.`Name`, `p`.`Password`, `p`.`Permanent_Address`, `p`.`Present_Address`, `p`.`Role`, `p`.`Sex`, `p`.`Slug`, `p`.`Thumb`, `p`.`Title`, `p`.`UserName`, `p`.`User_Id`, `p`.`Verify_Code`, `p`.`Weight`
FROM `Patientses` AS `p`
WHERE (`p`.`User_Id` = @__userId_0) AND (`p`.`Is_Delete` = 0)

2024-08-03 00:18:51.998 +05:30  INF  Executed DbCommand (419ms) [Parameters=[@__userId_0='?' (DbType = Int64)], CommandType='"Text"', CommandTimeout='30']
SELECT `d`.`Id`, `d`.`Age`, `d`.`Blood_Group`, `d`.`Created_At`, `d`.`Dob`, `d`.`Email`, `d`.`Email2`, `d`.`Gender`, `d`.`Gst_Number`, `d`.`Is_Delete`, `d`.`Marital_Status`, `d`.`Name`, `d`.`Pan_Number`, `d`.`Password`, `d`.`Phone1`, `d`.`Phone2`, `d`.`Phone3`, `d`.`Phone4`, `d`.`Qualification`, `d`.`Role`, `d`.`Speciality`, `d`.`Thumb`, `d`.`Updated_At`, `d`.`User_Id`
FROM `Doctors` AS `d`
WHERE (`d`.`User_Id` = @__userId_0) AND (`d`.`Is_Delete` = 0)

2024-08-03 00:18:52.427 +05:30  INF  Executed DbCommand (215ms) [Parameters=[@__Id_0='?' (DbType = Int64)], CommandType='"Text"', CommandTimeout='30']
SELECT `d`.`Id`, `d`.`Age`, `d`.`Blood_Group`, `d`.`Created_At`, `d`.`Dob`, `d`.`Email`, `d`.`Email2`, `d`.`Gender`, `d`.`Gst_Number`, `d`.`Is_Delete`, `d`.`Marital_Status`, `d`.`Name`, `d`.`Pan_Number`, `d`.`Password`, `d`.`Phone1`, `d`.`Phone2`, `d`.`Phone3`, `d`.`Phone4`, `d`.`Qualification`, `d`.`Role`, `d`.`Speciality`, `d`.`Thumb`, `d`.`Updated_At`, `d`.`User_Id`
FROM `Doctors` AS `d`
WHERE `d`.`Id` = @__Id_0
LIMIT 2

2024-08-03 00:18:52.650 +05:30  INF  Executed DbCommand (434ms) [Parameters=[], CommandType='"Text"', CommandTimeout='30']
SELECT `p`.`Id`, `p`.`Amount_Type`, `p`.`Balance`, `p`.`Created_At`, `p`.`Credit_Amount`, `p`.`Debit_Amount`, `p`.`Description`, `p`.`Doctor_Id`, `p`.`Patient_Id`, `p`.`Payment_Mode`, `p`.`Updated_At`, `p`.`Workdone_Id`, `p`.`isPrinted`
FROM `Payment_History` AS `p`

2024-08-03 00:18:52.850 +05:30  INF  Executing ObjectResult, writing value of type 'System.Collections.Generic.List`1[[DCRM.Common.Dto.DropdownDataDto, DCRM.Common, Version=1.0.0.0, Culture=neutral, PublicKeyToken=null]]'.

2024-08-03 00:18:52.850 +05:30  INF  Executed action DCRM.Api.Controllers.PatientController.PatientDetailList (DCRM.Api) in 1682.098ms

2024-08-03 00:18:52.850 +05:30  INF  Executed endpoint 'DCRM.Api.Controllers.PatientController.PatientDetailList (DCRM.Api)'

2024-08-03 00:18:52.851 +05:30  INF  Request finished HTTP/2 GET https://localhost:7069/api/Patient/Get/Names application/json - - 200 - application/json;+charset=utf-8 2307.3723ms

2024-08-03 00:18:52.858 +05:30  INF  Executing ObjectResult, writing value of type 'System.Collections.Generic.List`1[[DCRM.Common.Dto.DropdownDataDto, DCRM.Common, Version=1.0.0.0, Culture=neutral, PublicKeyToken=null]]'.

2024-08-03 00:18:52.858 +05:30  INF  Executed action DCRM.Api.Controllers.DoctorController.DoctorNameList (DCRM.Api) in 1688.9009ms

2024-08-03 00:18:52.858 +05:30  INF  Executed endpoint 'DCRM.Api.Controllers.DoctorController.DoctorNameList (DCRM.Api)'

2024-08-03 00:18:52.858 +05:30  INF  Request finished HTTP/2 GET https://localhost:7069/api/Doctor/Get/Names application/json - - 200 - application/json;+charset=utf-8 2317.0708ms

2024-08-03 00:18:53.055 +05:30  INF  Executed DbCommand (205ms) [Parameters=[@__Id_0='?' (DbType = Int64)], CommandType='"Text"', CommandTimeout='30']
SELECT `d`.`Id`, `d`.`Age`, `d`.`Blood_Group`, `d`.`Created_At`, `d`.`Dob`, `d`.`Email`, `d`.`Email2`, `d`.`Gender`, `d`.`Gst_Number`, `d`.`Is_Delete`, `d`.`Marital_Status`, `d`.`Name`, `d`.`Pan_Number`, `d`.`Password`, `d`.`Phone1`, `d`.`Phone2`, `d`.`Phone3`, `d`.`Phone4`, `d`.`Qualification`, `d`.`Role`, `d`.`Speciality`, `d`.`Thumb`, `d`.`Updated_At`, `d`.`User_Id`
FROM `Doctors` AS `d`
WHERE `d`.`Id` = @__Id_0
LIMIT 2

2024-08-03 00:18:53.483 +05:30  INF  Executed DbCommand (209ms) [Parameters=[@__p_0='?' (DbType = Int64)], CommandType='"Text"', CommandTimeout='30']
SELECT `p`.`Id`, `p`.`Amount`, `p`.`Balance_Amount`, `p`.`Balance_Spent`, `p`.`Created_At`, `p`.`Name`, `p`.`Patients_Id`, `p`.`Type`, `p`.`Updated_At`
FROM `Patients_Insurance_Loan` AS `p`
WHERE `p`.`Patients_Id` = @__p_0

2024-08-03 00:18:53.674 +05:30  INF  Executed DbCommand (207ms) [Parameters=[@__Id_0='?' (DbType = Int64)], CommandType='"Text"', CommandTimeout='30']
SELECT `d`.`Id`, `d`.`Age`, `d`.`Blood_Group`, `d`.`Created_At`, `d`.`Dob`, `d`.`Email`, `d`.`Email2`, `d`.`Gender`, `d`.`Gst_Number`, `d`.`Is_Delete`, `d`.`Marital_Status`, `d`.`Name`, `d`.`Pan_Number`, `d`.`Password`, `d`.`Phone1`, `d`.`Phone2`, `d`.`Phone3`, `d`.`Phone4`, `d`.`Qualification`, `d`.`Role`, `d`.`Speciality`, `d`.`Thumb`, `d`.`Updated_At`, `d`.`User_Id`
FROM `Doctors` AS `d`
WHERE `d`.`Id` = @__Id_0
LIMIT 2

2024-08-03 00:18:54.101 +05:30  INF  Executed DbCommand (205ms) [Parameters=[@__p_0='?' (DbType = Int64)], CommandType='"Text"', CommandTimeout='30']
SELECT `p`.`Id`, `p`.`Created_At`, `p`.`Patient_Id`, `p`.`Report`, `p`.`Report_Date`, `p`.`Report_File`, `p`.`Status`, `p`.`Test_Name`, `p`.`Test_Price`, `p`.`Updated_At`
FROM `Patient_Tests` AS `p`
WHERE `p`.`Patient_Id` = @__p_0

2024-08-03 00:18:54.295 +05:30  INF  Executed DbCommand (208ms) [Parameters=[@__Id_0='?' (DbType = Int64)], CommandType='"Text"', CommandTimeout='30']
SELECT `d`.`Id`, `d`.`Age`, `d`.`Blood_Group`, `d`.`Created_At`, `d`.`Dob`, `d`.`Email`, `d`.`Email2`, `d`.`Gender`, `d`.`Gst_Number`, `d`.`Is_Delete`, `d`.`Marital_Status`, `d`.`Name`, `d`.`Pan_Number`, `d`.`Password`, `d`.`Phone1`, `d`.`Phone2`, `d`.`Phone3`, `d`.`Phone4`, `d`.`Qualification`, `d`.`Role`, `d`.`Speciality`, `d`.`Thumb`, `d`.`Updated_At`, `d`.`User_Id`
FROM `Doctors` AS `d`
WHERE `d`.`Id` = @__Id_0
LIMIT 2

2024-08-03 00:18:54.724 +05:30  INF  Executed DbCommand (208ms) [Parameters=[@__p_0='?' (DbType = Int64)], CommandType='"Text"', CommandTimeout='30']
SELECT `p`.`Id`, `p`.`Address_O`, `p`.`Address_Other`, `p`.`Address_R`, `p`.`City_O`, `p`.`City_Other`, `p`.`City_R`, `p`.`Country_O`, `p`.`Country_Other`, `p`.`Country_R`, `p`.`Created_At`, `p`.`Doctor_Name`, `p`.`Email`, `p`.`Email2`, `p`.`Medical_History_Allergies`, `p`.`Patient_Id`, `p`.`Phone`, `p`.`Phone1`, `p`.`Phone2`, `p`.`Phone3`, `p`.`Phone4`, `p`.`Physician`, `p`.`Reffered_By`, `p`.`Relationship_Type`, `p`.`Special_Notes`, `p`.`Updated_At`, `p`.`Zip_O`, `p`.`Zip_Other`, `p`.`Zip_R`
FROM `Patients_Contact` AS `p`
WHERE `p`.`Patient_Id` = @__p_0

2024-08-03 00:18:54.914 +05:30  INF  Executed DbCommand (207ms) [Parameters=[@__Id_0='?' (DbType = Int64)], CommandType='"Text"', CommandTimeout='30']
SELECT `d`.`Id`, `d`.`Age`, `d`.`Blood_Group`, `d`.`Created_At`, `d`.`Dob`, `d`.`Email`, `d`.`Email2`, `d`.`Gender`, `d`.`Gst_Number`, `d`.`Is_Delete`, `d`.`Marital_Status`, `d`.`Name`, `d`.`Pan_Number`, `d`.`Password`, `d`.`Phone1`, `d`.`Phone2`, `d`.`Phone3`, `d`.`Phone4`, `d`.`Qualification`, `d`.`Role`, `d`.`Speciality`, `d`.`Thumb`, `d`.`Updated_At`, `d`.`User_Id`
FROM `Doctors` AS `d`
WHERE `d`.`Id` = @__Id_0
LIMIT 2

2024-08-03 00:18:55.344 +05:30  INF  Executed DbCommand (208ms) [Parameters=[@__p_0='?' (DbType = Int64)], CommandType='"Text"', CommandTimeout='30']
SELECT `p`.`Id`, `p`.`Created_At`, `p`.`Patient_Id`, `p`.`Report`, `p`.`Report_File`, `p`.`Scan_Name`, `p`.`Status`, `p`.`Type`, `p`.`Updated_At`
FROM `Patient_Scans` AS `p`
WHERE `p`.`Patient_Id` = @__p_0

2024-08-03 00:18:55.344 +05:30  INF  Executing ObjectResult, writing value of type 'DCRM.Common.Dto.PatientseDto'.

2024-08-03 00:18:55.344 +05:30  INF  Executed action DCRM.Api.Controllers.PatientController.Get (DCRM.Api) in 4177.4145ms

2024-08-03 00:18:55.344 +05:30  INF  Executed endpoint 'DCRM.Api.Controllers.PatientController.Get (DCRM.Api)'

2024-08-03 00:18:55.345 +05:30  INF  Request finished HTTP/2 GET https://localhost:7069/api/Patient/Get/10 application/json - - 200 - application/json;+charset=utf-8 4809.0649ms

2024-08-03 00:18:55.348 +05:30  INF  Request starting HTTP/2 GET https://localhost:7069/api/Patient/Get/10 application/json -

2024-08-03 00:18:55.348 +05:30  INF  CORS policy execution successful.

2024-08-03 00:18:55.535 +05:30  INF  Executed DbCommand (208ms) [Parameters=[@__Id_0='?' (DbType = Int64)], CommandType='"Text"', CommandTimeout='30']
SELECT `d`.`Id`, `d`.`Age`, `d`.`Blood_Group`, `d`.`Created_At`, `d`.`Dob`, `d`.`Email`, `d`.`Email2`, `d`.`Gender`, `d`.`Gst_Number`, `d`.`Is_Delete`, `d`.`Marital_Status`, `d`.`Name`, `d`.`Pan_Number`, `d`.`Password`, `d`.`Phone1`, `d`.`Phone2`, `d`.`Phone3`, `d`.`Phone4`, `d`.`Qualification`, `d`.`Role`, `d`.`Speciality`, `d`.`Thumb`, `d`.`Updated_At`, `d`.`User_Id`
FROM `Doctors` AS `d`
WHERE `d`.`Id` = @__Id_0
LIMIT 2

2024-08-03 00:18:55.970 +05:30  INF  Executed DbCommand (208ms) [Parameters=[@__id_0='?' (DbType = Int64)], CommandType='"Text"', CommandTimeout='30']
SELECT `u`.`Id`, `u`.`About_Me`, `u`.`Account_Type`, `u`.`Address`, `u`.`Available_Days`, `u`.`Bn_Name`, `u`.`City`, `u`.`Country`, `u`.`Created_At`, `u`.`Currency`, `u`.`Degree`, `u`.`Email`, `u`.`Email_Verified`, `u`.`Enable_Appointment`, `u`.`Enable_Rating`, `u`.`Exp_Years`, `u`.`Facebook`, `u`.`Google_Analytics`, `u`.`Image`, `u`.`Instagram`, `u`.`Linkedin`, `u`.`Name`, `u`.`Parent_Id`, `u`.`Password`, `u`.`Paypal_Email`, `u`.`Paypal_Mode`, `u`.`Paypal_Payment`, `u`.`Paystack_Payment`, `u`.`Paystack_Public_Key`, `u`.`Paystack_Secret_Key`, `u`.`Phone`, `u`.`Publish_Key`, `u`.`Qr_Code`, `u`.`Razorpay_Key_Id`, `u`.`Razorpay_Key_Secret`, `u`.`Razorpay_Payment`, `u`.`Role`, `u`.`Secret_Key`, `u`.`Skype`, `u`.`Slug`, `u`.`Specialist`, `u`.`Status`, `u`.`Stripe_Payment`, `u`.`Thumb`, `u`.`Trial_Expire`, `u`.`Twitter`, `u`.`User_Name`, `u`.`User_Type`, `u`.`Verify_Code`, `u`.`Whatsapp`
FROM `Users` AS `u`
WHERE `u`.`Id` = @__id_0
LIMIT 1

2024-08-03 00:18:55.971 +05:30  INF  Executing endpoint 'DCRM.Api.Controllers.PatientController.Get (DCRM.Api)'

2024-08-03 00:18:55.971 +05:30  INF  Route matched with {action = "Get", controller = "Patient"}. Executing controller action with signature DCRM.Common.Dto.PatientseDto Get(Int64) on controller DCRM.Api.Controllers.PatientController (DCRM.Api).

2024-08-03 00:18:56.154 +05:30  INF  Executed DbCommand (208ms) [Parameters=[@__Id_0='?' (DbType = Int64)], CommandType='"Text"', CommandTimeout='30']
SELECT `d`.`Id`, `d`.`Age`, `d`.`Blood_Group`, `d`.`Created_At`, `d`.`Dob`, `d`.`Email`, `d`.`Email2`, `d`.`Gender`, `d`.`Gst_Number`, `d`.`Is_Delete`, `d`.`Marital_Status`, `d`.`Name`, `d`.`Pan_Number`, `d`.`Password`, `d`.`Phone1`, `d`.`Phone2`, `d`.`Phone3`, `d`.`Phone4`, `d`.`Qualification`, `d`.`Role`, `d`.`Speciality`, `d`.`Thumb`, `d`.`Updated_At`, `d`.`User_Id`
FROM `Doctors` AS `d`
WHERE `d`.`Id` = @__Id_0
LIMIT 2

2024-08-03 00:18:56.591 +05:30  INF  Executed DbCommand (208ms) [Parameters=[@__id_0='?' (DbType = Int64)], CommandType='"Text"', CommandTimeout='30']
SELECT `p`.`Id`, `p`.`Age`, `p`.`Chamber_Id`, `p`.`Created_At`, `p`.`Email`, `p`.`Guardian`, `p`.`Is_Delete`, `p`.`Mobile`, `p`.`Mr_Number`, `p`.`Name`, `p`.`Password`, `p`.`Permanent_Address`, `p`.`Present_Address`, `p`.`Role`, `p`.`Sex`, `p`.`Slug`, `p`.`Thumb`, `p`.`Title`, `p`.`UserName`, `p`.`User_Id`, `p`.`Verify_Code`, `p`.`Weight`
FROM `Patientses` AS `p`
WHERE (`p`.`Is_Delete` = 0) AND (`p`.`Id` = @__id_0)
LIMIT 1

2024-08-03 00:18:56.775 +05:30  INF  Executed DbCommand (207ms) [Parameters=[@__Id_0='?' (DbType = Int64)], CommandType='"Text"', CommandTimeout='30']
SELECT `d`.`Id`, `d`.`Age`, `d`.`Blood_Group`, `d`.`Created_At`, `d`.`Dob`, `d`.`Email`, `d`.`Email2`, `d`.`Gender`, `d`.`Gst_Number`, `d`.`Is_Delete`, `d`.`Marital_Status`, `d`.`Name`, `d`.`Pan_Number`, `d`.`Password`, `d`.`Phone1`, `d`.`Phone2`, `d`.`Phone3`, `d`.`Phone4`, `d`.`Qualification`, `d`.`Role`, `d`.`Speciality`, `d`.`Thumb`, `d`.`Updated_At`, `d`.`User_Id`
FROM `Doctors` AS `d`
WHERE `d`.`Id` = @__Id_0
LIMIT 2

2024-08-03 00:18:57.212 +05:30  INF  Executed DbCommand (209ms) [Parameters=[], CommandType='"Text"', CommandTimeout='30']
SELECT `p`.`Id`, `p`.`Amount_Type`, `p`.`Balance`, `p`.`Created_At`, `p`.`Credit_Amount`, `p`.`Debit_Amount`, `p`.`Description`, `p`.`Doctor_Id`, `p`.`Patient_Id`, `p`.`Payment_Mode`, `p`.`Updated_At`, `p`.`Workdone_Id`, `p`.`isPrinted`
FROM `Payment_History` AS `p`

2024-08-03 00:18:57.614 +05:30  INF  Executed DbCommand (421ms) [Parameters=[@__Id_0='?' (DbType = Int64)], CommandType='"Text"', CommandTimeout='30']
SELECT `d`.`Id`, `d`.`Age`, `d`.`Blood_Group`, `d`.`Created_At`, `d`.`Dob`, `d`.`Email`, `d`.`Email2`, `d`.`Gender`, `d`.`Gst_Number`, `d`.`Is_Delete`, `d`.`Marital_Status`, `d`.`Name`, `d`.`Pan_Number`, `d`.`Password`, `d`.`Phone1`, `d`.`Phone2`, `d`.`Phone3`, `d`.`Phone4`, `d`.`Qualification`, `d`.`Role`, `d`.`Speciality`, `d`.`Thumb`, `d`.`Updated_At`, `d`.`User_Id`
FROM `Doctors` AS `d`
WHERE `d`.`Id` = @__Id_0
LIMIT 2

2024-08-03 00:18:57.838 +05:30  INF  Executed DbCommand (207ms) [Parameters=[@__p_0='?' (DbType = Int64)], CommandType='"Text"', CommandTimeout='30']
SELECT `p`.`Id`, `p`.`Amount`, `p`.`Balance_Amount`, `p`.`Balance_Spent`, `p`.`Created_At`, `p`.`Name`, `p`.`Patients_Id`, `p`.`Type`, `p`.`Updated_At`
FROM `Patients_Insurance_Loan` AS `p`
WHERE `p`.`Patients_Id` = @__p_0

2024-08-03 00:18:58.234 +05:30  INF  Executed DbCommand (207ms) [Parameters=[@__Id_0='?' (DbType = Int64)], CommandType='"Text"', CommandTimeout='30']
SELECT `d`.`Id`, `d`.`Age`, `d`.`Blood_Group`, `d`.`Created_At`, `d`.`Dob`, `d`.`Email`, `d`.`Email2`, `d`.`Gender`, `d`.`Gst_Number`, `d`.`Is_Delete`, `d`.`Marital_Status`, `d`.`Name`, `d`.`Pan_Number`, `d`.`Password`, `d`.`Phone1`, `d`.`Phone2`, `d`.`Phone3`, `d`.`Phone4`, `d`.`Qualification`, `d`.`Role`, `d`.`Speciality`, `d`.`Thumb`, `d`.`Updated_At`, `d`.`User_Id`
FROM `Doctors` AS `d`
WHERE `d`.`Id` = @__Id_0
LIMIT 2

2024-08-03 00:18:58.459 +05:30  INF  Executed DbCommand (208ms) [Parameters=[@__p_0='?' (DbType = Int64)], CommandType='"Text"', CommandTimeout='30']
SELECT `p`.`Id`, `p`.`Created_At`, `p`.`Patient_Id`, `p`.`Report`, `p`.`Report_Date`, `p`.`Report_File`, `p`.`Status`, `p`.`Test_Name`, `p`.`Test_Price`, `p`.`Updated_At`
FROM `Patient_Tests` AS `p`
WHERE `p`.`Patient_Id` = @__p_0

2024-08-03 00:18:58.856 +05:30  INF  Executed DbCommand (208ms) [Parameters=[@__Id_0='?' (DbType = Int64)], CommandType='"Text"', CommandTimeout='30']
SELECT `d`.`Id`, `d`.`Age`, `d`.`Blood_Group`, `d`.`Created_At`, `d`.`Dob`, `d`.`Email`, `d`.`Email2`, `d`.`Gender`, `d`.`Gst_Number`, `d`.`Is_Delete`, `d`.`Marital_Status`, `d`.`Name`, `d`.`Pan_Number`, `d`.`Password`, `d`.`Phone1`, `d`.`Phone2`, `d`.`Phone3`, `d`.`Phone4`, `d`.`Qualification`, `d`.`Role`, `d`.`Speciality`, `d`.`Thumb`, `d`.`Updated_At`, `d`.`User_Id`
FROM `Doctors` AS `d`
WHERE `d`.`Id` = @__Id_0
LIMIT 2

2024-08-03 00:18:59.083 +05:30  INF  Executed DbCommand (208ms) [Parameters=[@__p_0='?' (DbType = Int64)], CommandType='"Text"', CommandTimeout='30']
SELECT `p`.`Id`, `p`.`Address_O`, `p`.`Address_Other`, `p`.`Address_R`, `p`.`City_O`, `p`.`City_Other`, `p`.`City_R`, `p`.`Country_O`, `p`.`Country_Other`, `p`.`Country_R`, `p`.`Created_At`, `p`.`Doctor_Name`, `p`.`Email`, `p`.`Email2`, `p`.`Medical_History_Allergies`, `p`.`Patient_Id`, `p`.`Phone`, `p`.`Phone1`, `p`.`Phone2`, `p`.`Phone3`, `p`.`Phone4`, `p`.`Physician`, `p`.`Reffered_By`, `p`.`Relationship_Type`, `p`.`Special_Notes`, `p`.`Updated_At`, `p`.`Zip_O`, `p`.`Zip_Other`, `p`.`Zip_R`
FROM `Patients_Contact` AS `p`
WHERE `p`.`Patient_Id` = @__p_0

2024-08-03 00:18:59.479 +05:30  INF  Executed DbCommand (209ms) [Parameters=[@__Id_0='?' (DbType = Int64)], CommandType='"Text"', CommandTimeout='30']
SELECT `d`.`Id`, `d`.`Age`, `d`.`Blood_Group`, `d`.`Created_At`, `d`.`Dob`, `d`.`Email`, `d`.`Email2`, `d`.`Gender`, `d`.`Gst_Number`, `d`.`Is_Delete`, `d`.`Marital_Status`, `d`.`Name`, `d`.`Pan_Number`, `d`.`Password`, `d`.`Phone1`, `d`.`Phone2`, `d`.`Phone3`, `d`.`Phone4`, `d`.`Qualification`, `d`.`Role`, `d`.`Speciality`, `d`.`Thumb`, `d`.`Updated_At`, `d`.`User_Id`
FROM `Doctors` AS `d`
WHERE `d`.`Id` = @__Id_0
LIMIT 2

2024-08-03 00:18:59.702 +05:30  INF  Executed DbCommand (207ms) [Parameters=[@__p_0='?' (DbType = Int64)], CommandType='"Text"', CommandTimeout='30']
SELECT `p`.`Id`, `p`.`Created_At`, `p`.`Patient_Id`, `p`.`Report`, `p`.`Report_File`, `p`.`Scan_Name`, `p`.`Status`, `p`.`Type`, `p`.`Updated_At`
FROM `Patient_Scans` AS `p`
WHERE `p`.`Patient_Id` = @__p_0

2024-08-03 00:18:59.703 +05:30  INF  Executing ObjectResult, writing value of type 'DCRM.Common.Dto.PatientseDto'.

2024-08-03 00:18:59.703 +05:30  INF  Executed action DCRM.Api.Controllers.PatientController.Get (DCRM.Api) in 3732.1121ms

2024-08-03 00:18:59.703 +05:30  INF  Executed endpoint 'DCRM.Api.Controllers.PatientController.Get (DCRM.Api)'

2024-08-03 00:18:59.703 +05:30  INF  Request finished HTTP/2 GET https://localhost:7069/api/Patient/Get/10 application/json - - 200 - application/json;+charset=utf-8 4355.5216ms

2024-08-03 00:19:00.097 +05:30  INF  Executed DbCommand (207ms) [Parameters=[@__Id_0='?' (DbType = Int64)], CommandType='"Text"', CommandTimeout='30']
SELECT `d`.`Id`, `d`.`Age`, `d`.`Blood_Group`, `d`.`Created_At`, `d`.`Dob`, `d`.`Email`, `d`.`Email2`, `d`.`Gender`, `d`.`Gst_Number`, `d`.`Is_Delete`, `d`.`Marital_Status`, `d`.`Name`, `d`.`Pan_Number`, `d`.`Password`, `d`.`Phone1`, `d`.`Phone2`, `d`.`Phone3`, `d`.`Phone4`, `d`.`Qualification`, `d`.`Role`, `d`.`Speciality`, `d`.`Thumb`, `d`.`Updated_At`, `d`.`User_Id`
FROM `Doctors` AS `d`
WHERE `d`.`Id` = @__Id_0
LIMIT 2

2024-08-03 00:19:00.714 +05:30  INF  Executed DbCommand (207ms) [Parameters=[@__Id_0='?' (DbType = Int64)], CommandType='"Text"', CommandTimeout='30']
SELECT `d`.`Id`, `d`.`Age`, `d`.`Blood_Group`, `d`.`Created_At`, `d`.`Dob`, `d`.`Email`, `d`.`Email2`, `d`.`Gender`, `d`.`Gst_Number`, `d`.`Is_Delete`, `d`.`Marital_Status`, `d`.`Name`, `d`.`Pan_Number`, `d`.`Password`, `d`.`Phone1`, `d`.`Phone2`, `d`.`Phone3`, `d`.`Phone4`, `d`.`Qualification`, `d`.`Role`, `d`.`Speciality`, `d`.`Thumb`, `d`.`Updated_At`, `d`.`User_Id`
FROM `Doctors` AS `d`
WHERE `d`.`Id` = @__Id_0
LIMIT 2

2024-08-03 00:19:01.333 +05:30  INF  Executed DbCommand (207ms) [Parameters=[@__Id_0='?' (DbType = Int64)], CommandType='"Text"', CommandTimeout='30']
SELECT `d`.`Id`, `d`.`Age`, `d`.`Blood_Group`, `d`.`Created_At`, `d`.`Dob`, `d`.`Email`, `d`.`Email2`, `d`.`Gender`, `d`.`Gst_Number`, `d`.`Is_Delete`, `d`.`Marital_Status`, `d`.`Name`, `d`.`Pan_Number`, `d`.`Password`, `d`.`Phone1`, `d`.`Phone2`, `d`.`Phone3`, `d`.`Phone4`, `d`.`Qualification`, `d`.`Role`, `d`.`Speciality`, `d`.`Thumb`, `d`.`Updated_At`, `d`.`User_Id`
FROM `Doctors` AS `d`
WHERE `d`.`Id` = @__Id_0
LIMIT 2

2024-08-03 00:19:01.953 +05:30  INF  Executed DbCommand (207ms) [Parameters=[@__Id_0='?' (DbType = Int64)], CommandType='"Text"', CommandTimeout='30']
SELECT `d`.`Id`, `d`.`Age`, `d`.`Blood_Group`, `d`.`Created_At`, `d`.`Dob`, `d`.`Email`, `d`.`Email2`, `d`.`Gender`, `d`.`Gst_Number`, `d`.`Is_Delete`, `d`.`Marital_Status`, `d`.`Name`, `d`.`Pan_Number`, `d`.`Password`, `d`.`Phone1`, `d`.`Phone2`, `d`.`Phone3`, `d`.`Phone4`, `d`.`Qualification`, `d`.`Role`, `d`.`Speciality`, `d`.`Thumb`, `d`.`Updated_At`, `d`.`User_Id`
FROM `Doctors` AS `d`
WHERE `d`.`Id` = @__Id_0
LIMIT 2

2024-08-03 00:19:02.574 +05:30  INF  Executed DbCommand (207ms) [Parameters=[@__Id_0='?' (DbType = Int64)], CommandType='"Text"', CommandTimeout='30']
SELECT `d`.`Id`, `d`.`Age`, `d`.`Blood_Group`, `d`.`Created_At`, `d`.`Dob`, `d`.`Email`, `d`.`Email2`, `d`.`Gender`, `d`.`Gst_Number`, `d`.`Is_Delete`, `d`.`Marital_Status`, `d`.`Name`, `d`.`Pan_Number`, `d`.`Password`, `d`.`Phone1`, `d`.`Phone2`, `d`.`Phone3`, `d`.`Phone4`, `d`.`Qualification`, `d`.`Role`, `d`.`Speciality`, `d`.`Thumb`, `d`.`Updated_At`, `d`.`User_Id`
FROM `Doctors` AS `d`
WHERE `d`.`Id` = @__Id_0
LIMIT 2

2024-08-03 00:19:03.196 +05:30  INF  Executed DbCommand (208ms) [Parameters=[@__Id_0='?' (DbType = Int64)], CommandType='"Text"', CommandTimeout='30']
SELECT `d`.`Id`, `d`.`Age`, `d`.`Blood_Group`, `d`.`Created_At`, `d`.`Dob`, `d`.`Email`, `d`.`Email2`, `d`.`Gender`, `d`.`Gst_Number`, `d`.`Is_Delete`, `d`.`Marital_Status`, `d`.`Name`, `d`.`Pan_Number`, `d`.`Password`, `d`.`Phone1`, `d`.`Phone2`, `d`.`Phone3`, `d`.`Phone4`, `d`.`Qualification`, `d`.`Role`, `d`.`Speciality`, `d`.`Thumb`, `d`.`Updated_At`, `d`.`User_Id`
FROM `Doctors` AS `d`
WHERE `d`.`Id` = @__Id_0
LIMIT 2

2024-08-03 00:19:03.816 +05:30  INF  Executed DbCommand (206ms) [Parameters=[@__Id_0='?' (DbType = Int64)], CommandType='"Text"', CommandTimeout='30']
SELECT `d`.`Id`, `d`.`Age`, `d`.`Blood_Group`, `d`.`Created_At`, `d`.`Dob`, `d`.`Email`, `d`.`Email2`, `d`.`Gender`, `d`.`Gst_Number`, `d`.`Is_Delete`, `d`.`Marital_Status`, `d`.`Name`, `d`.`Pan_Number`, `d`.`Password`, `d`.`Phone1`, `d`.`Phone2`, `d`.`Phone3`, `d`.`Phone4`, `d`.`Qualification`, `d`.`Role`, `d`.`Speciality`, `d`.`Thumb`, `d`.`Updated_At`, `d`.`User_Id`
FROM `Doctors` AS `d`
WHERE `d`.`Id` = @__Id_0
LIMIT 2

2024-08-03 00:19:03.817 +05:30  INF  Executing ObjectResult, writing value of type 'System.Collections.Generic.List`1[[DCRM.Common.Dto.ChairDto, DCRM.Common, Version=1.0.0.0, Culture=neutral, PublicKeyToken=null]]'.

2024-08-03 00:19:03.817 +05:30  INF  Executed action DCRM.Api.Controllers.ChairController.GetAll (DCRM.Api) in 12648.0027ms

2024-08-03 00:19:03.817 +05:30  INF  Executed endpoint 'DCRM.Api.Controllers.ChairController.GetAll (DCRM.Api)'

2024-08-03 00:19:03.817 +05:30  INF  Request finished HTTP/2 GET https://localhost:7069/api/Chair/GetAll application/json - - 200 - application/json;+charset=utf-8 13273.6501ms

