2024-04-11 17:55:52.692 +05:30  INF  User profile is available. Using 'C:\Users\pramo\AppData\Local\ASP.NET\DataProtection-Keys' as key repository and Windows DPAPI to encrypt keys at rest.

2024-04-11 17:55:53.144 +05:30  INF  Now listening on: https://localhost:7069

2024-04-11 17:55:53.145 +05:30  INF  Now listening on: http://localhost:5069

2024-04-11 17:55:53.288 +05:30  INF  Application started. Press Ctrl+C to shut down.

2024-04-11 17:55:53.289 +05:30  INF  Hosting environment: Development

2024-04-11 17:55:53.289 +05:30  INF  Content root path: C:\Projects\EZProjects\virmani_dotnet\DCRM.Api\

2024-04-11 17:55:58.514 +05:30  INF  Request starting HTTP/2 GET https://localhost:7069/swagger - -

2024-04-11 17:55:58.826 +05:30  INF  Request finished HTTP/2 GET https://localhost:7069/swagger - - - 301 0 - 314.8186ms

2024-04-11 17:55:58.829 +05:30  INF  Request starting HTTP/2 GET https://localhost:7069/swagger/index.html - -

2024-04-11 17:55:58.941 +05:30  INF  Request finished HTTP/2 GET https://localhost:7069/swagger/index.html - - - 200 - text/html;charset=utf-8 111.5984ms

2024-04-11 17:55:58.962 +05:30  INF  Request starting HTTP/2 GET https://localhost:7069/_framework/aspnetcore-browser-refresh.js - -

2024-04-11 17:55:58.962 +05:30  INF  Request starting HTTP/2 GET https://localhost:7069/swagger/swagger-ui-standalone-preset.js - -

2024-04-11 17:55:58.962 +05:30  INF  Request starting HTTP/2 GET https://localhost:7069/swagger/swagger-ui.css - -

2024-04-11 17:55:58.962 +05:30  INF  Request starting HTTP/2 GET https://localhost:7069/swagger/swagger-ui-bundle.js - -

2024-04-11 17:55:58.967 +05:30  INF  Request finished HTTP/2 GET https://localhost:7069/_framework/aspnetcore-browser-refresh.js - - - 200 11974 application/javascript;+charset=utf-8 5.1564ms

2024-04-11 17:55:58.993 +05:30  INF  Request starting HTTP/2 GET https://localhost:7069/_vs/browserLink - -

2024-04-11 17:55:59.043 +05:30  INF  Sending file. Request path: '/swagger-ui-standalone-preset.js'. Physical path: 'N/A'

2024-04-11 17:55:59.043 +05:30  INF  Sending file. Request path: '/swagger-ui.css'. Physical path: 'N/A'

2024-04-11 17:55:59.043 +05:30  INF  Sending file. Request path: '/swagger-ui-bundle.js'. Physical path: 'N/A'

2024-04-11 17:55:59.049 +05:30  INF  Request finished HTTP/2 GET https://localhost:7069/swagger/swagger-ui-bundle.js - - - 200 1092889 application/javascript 87.3841ms

2024-04-11 17:55:59.049 +05:30  INF  Request finished HTTP/2 GET https://localhost:7069/swagger/swagger-ui-standalone-preset.js - - - 200 337162 application/javascript 87.6343ms

2024-04-11 17:55:59.049 +05:30  INF  Request finished HTTP/2 GET https://localhost:7069/swagger/swagger-ui.css - - - 200 143632 text/css 87.3493ms

2024-04-11 17:55:59.108 +05:30  INF  Request finished HTTP/2 GET https://localhost:7069/_vs/browserLink - - - 200 - text/javascript;+charset=UTF-8 115.1500ms

2024-04-11 17:55:59.212 +05:30  INF  Request starting HTTP/2 GET https://localhost:7069/swagger/v1/swagger.json - -

2024-04-11 17:55:59.245 +05:30  INF  Request starting HTTP/2 GET https://localhost:7069/swagger/favicon-32x32.png - -

2024-04-11 17:55:59.246 +05:30  INF  Sending file. Request path: '/favicon-32x32.png'. Physical path: 'N/A'

2024-04-11 17:55:59.246 +05:30  INF  Request finished HTTP/2 GET https://localhost:7069/swagger/favicon-32x32.png - - - 200 628 image/png 0.9144ms

2024-04-11 17:55:59.503 +05:30  INF  Request finished HTTP/2 GET https://localhost:7069/swagger/v1/swagger.json - - - 200 - application/json;charset=utf-8 291.1368ms

2024-04-11 17:57:34.558 +05:30  INF  Request starting HTTP/2 OPTIONS https://localhost:7069/api/Authenticate/user - -

2024-04-11 17:57:34.569 +05:30  INF  CORS policy execution successful.

2024-04-11 17:57:34.572 +05:30  INF  Request finished HTTP/2 OPTIONS https://localhost:7069/api/Authenticate/user - - - 204 - - 14.4439ms

2024-04-11 17:57:34.577 +05:30  INF  Request starting HTTP/2 POST https://localhost:7069/api/Authenticate/user application/json 53

2024-04-11 17:57:34.578 +05:30  INF  CORS policy execution successful.

2024-04-11 17:57:36.954 +05:30  INF  Executing endpoint 'DCRM.Api.Controllers.AuthenticateController.Post (DCRM.Api)'

2024-04-11 17:57:37.016 +05:30  INF  Route matched with {action = "Post", controller = "Authenticate"}. Executing controller action with signature Microsoft.AspNetCore.Mvc.IActionResult Post(System.String, DCRM.Common.AuthenticateRequest) on controller DCRM.Api.Controllers.AuthenticateController (DCRM.Api).

2024-04-11 17:57:42.020 +05:30  INF  Executed DbCommand (257ms) [Parameters=[@__authenticateRequest_Email_0='?' (Size = 4000), @__authenticateRequest_Password_1='?' (Size = 4000)], CommandType='"Text"', CommandTimeout='30']
SELECT `u`.`Id`, `u`.`About_Me`, `u`.`Account_Type`, `u`.`Address`, `u`.`Available_Days`, `u`.`Bn_Name`, `u`.`City`, `u`.`Country`, `u`.`Created_At`, `u`.`Currency`, `u`.`Degree`, `u`.`Email`, `u`.`Email_Verified`, `u`.`Enable_Appointment`, `u`.`Enable_Rating`, `u`.`Exp_Years`, `u`.`Facebook`, `u`.`Google_Analytics`, `u`.`Image`, `u`.`Instagram`, `u`.`Linkedin`, `u`.`Name`, `u`.`Parent_Id`, `u`.`Password`, `u`.`Paypal_Email`, `u`.`Paypal_Mode`, `u`.`Paypal_Payment`, `u`.`Paystack_Payment`, `u`.`Paystack_Public_Key`, `u`.`Paystack_Secret_Key`, `u`.`Phone`, `u`.`Publish_Key`, `u`.`Qr_Code`, `u`.`Razorpay_Key_Id`, `u`.`Razorpay_Key_Secret`, `u`.`Razorpay_Payment`, `u`.`Role`, `u`.`Secret_Key`, `u`.`Skype`, `u`.`Slug`, `u`.`Specialist`, `u`.`Status`, `u`.`Stripe_Payment`, `u`.`Thumb`, `u`.`Trial_Expire`, `u`.`Twitter`, `u`.`User_Name`, `u`.`User_Type`, `u`.`Verify_Code`, `u`.`Whatsapp`
FROM `Users` AS `u`
WHERE ((`u`.`Status` = 1) AND (`u`.`Email` = @__authenticateRequest_Email_0)) AND (`u`.`Password` = @__authenticateRequest_Password_1)
LIMIT 2

2024-04-11 17:57:49.876 +05:30  INF  Executed action DCRM.Api.Controllers.AuthenticateController.Post (DCRM.Api) in 12853.928ms

2024-04-11 17:57:49.879 +05:30  INF  Executed endpoint 'DCRM.Api.Controllers.AuthenticateController.Post (DCRM.Api)'

2024-04-11 17:57:49.944 +05:30  INF  Request finished HTTP/2 POST https://localhost:7069/api/Authenticate/user application/json 53 - 400 - application/json 15367.0949ms

2024-04-11 17:58:45.079 +05:30  INF  Request starting HTTP/2 OPTIONS https://localhost:7069/api/Authenticate/user - -

2024-04-11 17:58:45.083 +05:30  INF  CORS policy execution successful.

2024-04-11 17:58:45.083 +05:30  INF  Request finished HTTP/2 OPTIONS https://localhost:7069/api/Authenticate/user - - - 204 - - 3.6173ms

2024-04-11 17:58:45.084 +05:30  INF  Request starting HTTP/2 POST https://localhost:7069/api/Authenticate/user application/json 50

2024-04-11 17:58:45.084 +05:30  INF  CORS policy execution successful.

2024-04-11 17:58:45.129 +05:30  INF  Executing endpoint 'DCRM.Api.Controllers.AuthenticateController.Post (DCRM.Api)'

2024-04-11 17:58:45.130 +05:30  INF  Route matched with {action = "Post", controller = "Authenticate"}. Executing controller action with signature Microsoft.AspNetCore.Mvc.IActionResult Post(System.String, DCRM.Common.AuthenticateRequest) on controller DCRM.Api.Controllers.AuthenticateController (DCRM.Api).

2024-04-11 17:58:45.846 +05:30  INF  Executed DbCommand (230ms) [Parameters=[@__authenticateRequest_Email_0='?' (Size = 4000), @__authenticateRequest_Password_1='?' (Size = 4000)], CommandType='"Text"', CommandTimeout='30']
SELECT `u`.`Id`, `u`.`About_Me`, `u`.`Account_Type`, `u`.`Address`, `u`.`Available_Days`, `u`.`Bn_Name`, `u`.`City`, `u`.`Country`, `u`.`Created_At`, `u`.`Currency`, `u`.`Degree`, `u`.`Email`, `u`.`Email_Verified`, `u`.`Enable_Appointment`, `u`.`Enable_Rating`, `u`.`Exp_Years`, `u`.`Facebook`, `u`.`Google_Analytics`, `u`.`Image`, `u`.`Instagram`, `u`.`Linkedin`, `u`.`Name`, `u`.`Parent_Id`, `u`.`Password`, `u`.`Paypal_Email`, `u`.`Paypal_Mode`, `u`.`Paypal_Payment`, `u`.`Paystack_Payment`, `u`.`Paystack_Public_Key`, `u`.`Paystack_Secret_Key`, `u`.`Phone`, `u`.`Publish_Key`, `u`.`Qr_Code`, `u`.`Razorpay_Key_Id`, `u`.`Razorpay_Key_Secret`, `u`.`Razorpay_Payment`, `u`.`Role`, `u`.`Secret_Key`, `u`.`Skype`, `u`.`Slug`, `u`.`Specialist`, `u`.`Status`, `u`.`Stripe_Payment`, `u`.`Thumb`, `u`.`Trial_Expire`, `u`.`Twitter`, `u`.`User_Name`, `u`.`User_Type`, `u`.`Verify_Code`, `u`.`Whatsapp`
FROM `Users` AS `u`
WHERE ((`u`.`Status` = 1) AND (`u`.`Email` = @__authenticateRequest_Email_0)) AND (`u`.`Password` = @__authenticateRequest_Password_1)
LIMIT 2

2024-04-11 17:58:46.304 +05:30  INF  Executing OkObjectResult, writing value of type 'DCRM.Common.AuthenticateResponse'.

2024-04-11 17:58:46.314 +05:30  INF  Executed action DCRM.Api.Controllers.AuthenticateController.Post (DCRM.Api) in 1183.8478ms

2024-04-11 17:58:46.314 +05:30  INF  Executed endpoint 'DCRM.Api.Controllers.AuthenticateController.Post (DCRM.Api)'

2024-04-11 17:58:46.314 +05:30  INF  Request finished HTTP/2 POST https://localhost:7069/api/Authenticate/user application/json 50 - 200 - application/json;+charset=utf-8 1229.7143ms

2024-04-11 17:58:46.666 +05:30  INF  Request starting HTTP/2 OPTIONS https://localhost:7069/api/Dashboard/Get - -

2024-04-11 17:58:46.666 +05:30  INF  CORS policy execution successful.

2024-04-11 17:58:46.667 +05:30  INF  Request finished HTTP/2 OPTIONS https://localhost:7069/api/Dashboard/Get - - - 204 - - 0.3640ms

2024-04-11 17:58:46.670 +05:30  INF  Request starting HTTP/2 GET https://localhost:7069/api/Dashboard/Get application/json -

2024-04-11 17:58:46.670 +05:30  INF  CORS policy execution successful.

2024-04-11 17:58:47.495 +05:30  INF  Executed DbCommand (232ms) [Parameters=[@__id_0='?' (DbType = Int64)], CommandType='"Text"', CommandTimeout='30']
SELECT `u`.`Id`, `u`.`About_Me`, `u`.`Account_Type`, `u`.`Address`, `u`.`Available_Days`, `u`.`Bn_Name`, `u`.`City`, `u`.`Country`, `u`.`Created_At`, `u`.`Currency`, `u`.`Degree`, `u`.`Email`, `u`.`Email_Verified`, `u`.`Enable_Appointment`, `u`.`Enable_Rating`, `u`.`Exp_Years`, `u`.`Facebook`, `u`.`Google_Analytics`, `u`.`Image`, `u`.`Instagram`, `u`.`Linkedin`, `u`.`Name`, `u`.`Parent_Id`, `u`.`Password`, `u`.`Paypal_Email`, `u`.`Paypal_Mode`, `u`.`Paypal_Payment`, `u`.`Paystack_Payment`, `u`.`Paystack_Public_Key`, `u`.`Paystack_Secret_Key`, `u`.`Phone`, `u`.`Publish_Key`, `u`.`Qr_Code`, `u`.`Razorpay_Key_Id`, `u`.`Razorpay_Key_Secret`, `u`.`Razorpay_Payment`, `u`.`Role`, `u`.`Secret_Key`, `u`.`Skype`, `u`.`Slug`, `u`.`Specialist`, `u`.`Status`, `u`.`Stripe_Payment`, `u`.`Thumb`, `u`.`Trial_Expire`, `u`.`Twitter`, `u`.`User_Name`, `u`.`User_Type`, `u`.`Verify_Code`, `u`.`Whatsapp`
FROM `Users` AS `u`
WHERE `u`.`Id` = @__id_0
LIMIT 1

2024-04-11 17:58:47.496 +05:30  INF  Executing endpoint 'DCRM.Api.Controllers.DashboardController.Get (DCRM.Api)'

2024-04-11 17:58:47.498 +05:30  INF  Route matched with {action = "Get", controller = "Dashboard"}. Executing controller action with signature DCRM.Common.Dto.DashboardDto Get() on controller DCRM.Api.Controllers.DashboardController (DCRM.Api).

2024-04-11 17:58:48.301 +05:30  INF  Executed DbCommand (232ms) [Parameters=[@__p_0='?' (DbType = Int64)], CommandType='"Text"', CommandTimeout='30']
SELECT COUNT(*)
FROM `Patientses` AS `p`
WHERE (`p`.`User_Id` = @__p_0) AND (`p`.`Is_Delete` = 0)

2024-04-11 17:58:48.999 +05:30  INF  Executed DbCommand (233ms) [Parameters=[@__userId_0='?' (DbType = Int32)], CommandType='"Text"', CommandTimeout='30']
SELECT COUNT(*)
FROM `Staffs` AS `s`
WHERE (`s`.`User_Id` = @__userId_0) AND (`s`.`Is_Deleted` = 0)

2024-04-11 17:58:49.691 +05:30  INF  Executed DbCommand (231ms) [Parameters=[@__userId_0='?' (DbType = Int32)], CommandType='"Text"', CommandTimeout='30']
SELECT COUNT(*)
FROM `Appointments` AS `a`
WHERE (`a`.`User_Id` = @__userId_0) AND (`a`.`Is_Delete` = 0)

2024-04-11 17:58:50.396 +05:30  INF  Executed DbCommand (232ms) [Parameters=[@__userId_0='?' (DbType = Int32)], CommandType='"Text"', CommandTimeout='30']
SELECT COUNT(*)
FROM `Appointments` AS `a`
WHERE ((`a`.`User_Id` = @__userId_0) AND (`a`.`Is_Delete` = 0)) AND (`a`.`Date` = CURDATE())

2024-04-11 17:58:50.397 +05:30  INF  Executing ObjectResult, writing value of type 'DCRM.Common.Dto.DashboardDto'.

2024-04-11 17:58:50.401 +05:30  INF  Executed action DCRM.Api.Controllers.DashboardController.Get (DCRM.Api) in 2902.7848ms

2024-04-11 17:58:50.401 +05:30  INF  Executed endpoint 'DCRM.Api.Controllers.DashboardController.Get (DCRM.Api)'

2024-04-11 17:58:50.401 +05:30  INF  Request finished HTTP/2 GET https://localhost:7069/api/Dashboard/Get application/json - - 200 - application/json;+charset=utf-8 3731.1378ms

2024-04-11 17:58:56.959 +05:30  INF  Request starting HTTP/2 OPTIONS https://localhost:7069/api/Drug/GateAll - -

2024-04-11 17:58:56.959 +05:30  INF  CORS policy execution successful.

2024-04-11 17:58:56.959 +05:30  INF  Request finished HTTP/2 OPTIONS https://localhost:7069/api/Drug/GateAll - - - 204 - - 0.5388ms

2024-04-11 17:58:56.962 +05:30  INF  Request starting HTTP/2 GET https://localhost:7069/api/Drug/GateAll application/json -

2024-04-11 17:58:56.963 +05:30  INF  CORS policy execution successful.

2024-04-11 17:58:57.649 +05:30  INF  Executed DbCommand (229ms) [Parameters=[@__id_0='?' (DbType = Int64)], CommandType='"Text"', CommandTimeout='30']
SELECT `u`.`Id`, `u`.`About_Me`, `u`.`Account_Type`, `u`.`Address`, `u`.`Available_Days`, `u`.`Bn_Name`, `u`.`City`, `u`.`Country`, `u`.`Created_At`, `u`.`Currency`, `u`.`Degree`, `u`.`Email`, `u`.`Email_Verified`, `u`.`Enable_Appointment`, `u`.`Enable_Rating`, `u`.`Exp_Years`, `u`.`Facebook`, `u`.`Google_Analytics`, `u`.`Image`, `u`.`Instagram`, `u`.`Linkedin`, `u`.`Name`, `u`.`Parent_Id`, `u`.`Password`, `u`.`Paypal_Email`, `u`.`Paypal_Mode`, `u`.`Paypal_Payment`, `u`.`Paystack_Payment`, `u`.`Paystack_Public_Key`, `u`.`Paystack_Secret_Key`, `u`.`Phone`, `u`.`Publish_Key`, `u`.`Qr_Code`, `u`.`Razorpay_Key_Id`, `u`.`Razorpay_Key_Secret`, `u`.`Razorpay_Payment`, `u`.`Role`, `u`.`Secret_Key`, `u`.`Skype`, `u`.`Slug`, `u`.`Specialist`, `u`.`Status`, `u`.`Stripe_Payment`, `u`.`Thumb`, `u`.`Trial_Expire`, `u`.`Twitter`, `u`.`User_Name`, `u`.`User_Type`, `u`.`Verify_Code`, `u`.`Whatsapp`
FROM `Users` AS `u`
WHERE `u`.`Id` = @__id_0
LIMIT 1

2024-04-11 17:58:57.649 +05:30  INF  Executing endpoint 'DCRM.Api.Controllers.DrugController.GetAll (DCRM.Api)'

2024-04-11 17:58:57.652 +05:30  INF  Route matched with {action = "GetAll", controller = "Drug"}. Executing controller action with signature System.Collections.Generic.IEnumerable`1[DCRM.Common.Entity.Drug] GetAll() on controller DCRM.Api.Controllers.DrugController (DCRM.Api).

2024-04-11 17:58:57.653 +05:30  INF  Executing ObjectResult, writing value of type 'Microsoft.EntityFrameworkCore.Query.Internal.EntityQueryable`1[[DCRM.Common.Entity.Drug, DCRM.Common, Version=1.0.0.0, Culture=neutral, PublicKeyToken=null]]'.

2024-04-11 17:58:59.164 +05:30  INF  Executed DbCommand (953ms) [Parameters=[@__p_0='?' (DbType = Int64)], CommandType='"Text"', CommandTimeout='30']
SELECT `d`.`Id`, `d`.`Bactrology`, `d`.`Basic_Salt`, `d`.`Created_At`, `d`.`Description`, `d`.`Details`, `d`.`Dosage`, `d`.`Dose_No`, `d`.`Form`, `d`.`Is_Delete`, `d`.`Medicine_Brand_Id`, `d`.`Medicine_Category_Id`, `d`.`Medicine_Company`, `d`.`Medicine_Composition`, `d`.`Medicine_Group`, `d`.`Medicine_Image`, `d`.`Medicine_Name`, `d`.`Medicine_Type`, `d`.`Min_Level`, `d`.`Note`, `d`.`Reorder_Level`, `d`.`Safety_Alerts`, `d`.`Status`, `d`.`Supplier`, `d`.`Unit`, `d`.`Unit_Packing`, `d`.`Updated_At`, `d`.`User_Id`, `d`.`Vat`, `d`.`Vat_Ac`
FROM `Drugs` AS `d`
WHERE (`d`.`User_Id` = @__p_0) AND (`d`.`Is_Delete` = 0)
ORDER BY `d`.`Id` DESC

2024-04-11 17:58:59.420 +05:30  INF  Executed action DCRM.Api.Controllers.DrugController.GetAll (DCRM.Api) in 1768.1333ms

2024-04-11 17:58:59.421 +05:30  INF  Executed endpoint 'DCRM.Api.Controllers.DrugController.GetAll (DCRM.Api)'

2024-04-11 17:58:59.423 +05:30  INF  Request finished HTTP/2 GET https://localhost:7069/api/Drug/GateAll application/json - - 200 - application/json;+charset=utf-8 2461.5005ms

2024-04-11 17:59:07.017 +05:30  INF  Request starting HTTP/2 OPTIONS https://localhost:7069/api/Drug/Get/0 - -

2024-04-11 17:59:07.017 +05:30  INF  Request starting HTTP/2 GET https://localhost:7069/api/Drug/GetMedicineCategoris - -

2024-04-11 17:59:07.018 +05:30  INF  Request starting HTTP/2 GET https://localhost:7069/api/Drug/GetMedicineBrands - -

2024-04-11 17:59:07.018 +05:30  INF  CORS policy execution successful.

2024-04-11 17:59:07.018 +05:30  INF  CORS policy execution successful.

2024-04-11 17:59:07.018 +05:30  INF  CORS policy execution successful.

2024-04-11 17:59:07.018 +05:30  INF  Request finished HTTP/2 OPTIONS https://localhost:7069/api/Drug/Get/0 - - - 204 - - 0.8055ms

2024-04-11 17:59:07.019 +05:30  INF  Executing endpoint 'DCRM.Api.Controllers.DrugController.GetMedicineBrands (DCRM.Api)'

2024-04-11 17:59:07.019 +05:30  INF  Executing endpoint 'DCRM.Api.Controllers.DrugController.GetMedicineCategoris (DCRM.Api)'

2024-04-11 17:59:07.020 +05:30  INF  Request starting HTTP/2 GET https://localhost:7069/api/Drug/Get/0 application/json -

2024-04-11 17:59:07.020 +05:30  INF  Route matched with {action = "GetMedicineBrands", controller = "Drug"}. Executing controller action with signature System.Collections.Generic.List`1[DCRM.Common.Entity.MedicineBrand] GetMedicineBrands() on controller DCRM.Api.Controllers.DrugController (DCRM.Api).

2024-04-11 17:59:07.020 +05:30  INF  Route matched with {action = "GetMedicineCategoris", controller = "Drug"}. Executing controller action with signature System.Collections.Generic.List`1[DCRM.Common.Entity.MedicineCategory] GetMedicineCategoris() on controller DCRM.Api.Controllers.DrugController (DCRM.Api).

2024-04-11 17:59:07.021 +05:30  INF  CORS policy execution successful.

2024-04-11 17:59:07.711 +05:30  INF  Executed DbCommand (231ms) [Parameters=[@__id_0='?' (DbType = Int64)], CommandType='"Text"', CommandTimeout='30']
SELECT `u`.`Id`, `u`.`About_Me`, `u`.`Account_Type`, `u`.`Address`, `u`.`Available_Days`, `u`.`Bn_Name`, `u`.`City`, `u`.`Country`, `u`.`Created_At`, `u`.`Currency`, `u`.`Degree`, `u`.`Email`, `u`.`Email_Verified`, `u`.`Enable_Appointment`, `u`.`Enable_Rating`, `u`.`Exp_Years`, `u`.`Facebook`, `u`.`Google_Analytics`, `u`.`Image`, `u`.`Instagram`, `u`.`Linkedin`, `u`.`Name`, `u`.`Parent_Id`, `u`.`Password`, `u`.`Paypal_Email`, `u`.`Paypal_Mode`, `u`.`Paypal_Payment`, `u`.`Paystack_Payment`, `u`.`Paystack_Public_Key`, `u`.`Paystack_Secret_Key`, `u`.`Phone`, `u`.`Publish_Key`, `u`.`Qr_Code`, `u`.`Razorpay_Key_Id`, `u`.`Razorpay_Key_Secret`, `u`.`Razorpay_Payment`, `u`.`Role`, `u`.`Secret_Key`, `u`.`Skype`, `u`.`Slug`, `u`.`Specialist`, `u`.`Status`, `u`.`Stripe_Payment`, `u`.`Thumb`, `u`.`Trial_Expire`, `u`.`Twitter`, `u`.`User_Name`, `u`.`User_Type`, `u`.`Verify_Code`, `u`.`Whatsapp`
FROM `Users` AS `u`
WHERE `u`.`Id` = @__id_0
LIMIT 1

2024-04-11 17:59:07.711 +05:30  INF  Executing endpoint 'DCRM.Api.Controllers.DrugController.Get (DCRM.Api)'

2024-04-11 17:59:07.713 +05:30  INF  Route matched with {action = "Get", controller = "Drug"}. Executing controller action with signature DCRM.Common.Entity.Drug Get(Int32) on controller DCRM.Api.Controllers.DrugController (DCRM.Api).

2024-04-11 17:59:08.407 +05:30  INF  Executed DbCommand (229ms) [Parameters=[@__id_0='?' (DbType = Int32)], CommandType='"Text"', CommandTimeout='30']
SELECT `d`.`Id`, `d`.`Bactrology`, `d`.`Basic_Salt`, `d`.`Created_At`, `d`.`Description`, `d`.`Details`, `d`.`Dosage`, `d`.`Dose_No`, `d`.`Form`, `d`.`Is_Delete`, `d`.`Medicine_Brand_Id`, `d`.`Medicine_Category_Id`, `d`.`Medicine_Company`, `d`.`Medicine_Composition`, `d`.`Medicine_Group`, `d`.`Medicine_Image`, `d`.`Medicine_Name`, `d`.`Medicine_Type`, `d`.`Min_Level`, `d`.`Note`, `d`.`Reorder_Level`, `d`.`Safety_Alerts`, `d`.`Status`, `d`.`Supplier`, `d`.`Unit`, `d`.`Unit_Packing`, `d`.`Updated_At`, `d`.`User_Id`, `d`.`Vat`, `d`.`Vat_Ac`
FROM `Drugs` AS `d`
WHERE `d`.`Id` = @__id_0
LIMIT 1

2024-04-11 17:59:08.407 +05:30  INF  Executing ObjectResult, writing value of type 'null'.

2024-04-11 17:59:08.407 +05:30  INF  Executed action DCRM.Api.Controllers.DrugController.Get (DCRM.Api) in 694.198ms

2024-04-11 17:59:08.407 +05:30  INF  Executed endpoint 'DCRM.Api.Controllers.DrugController.Get (DCRM.Api)'

2024-04-11 17:59:08.407 +05:30  INF  Request finished HTTP/2 GET https://localhost:7069/api/Drug/Get/0 application/json - - 204 0 - 1387.1100ms

2024-04-11 17:59:10.305 +05:30  INF  Executed DbCommand (227ms) [Parameters=[], CommandType='"Text"', CommandTimeout='30']
SELECT `m`.`Id`, `m`.`Medicine_Category`
FROM `Medicine_Category` AS `m`

2024-04-11 17:59:10.307 +05:30  INF  Executed DbCommand (230ms) [Parameters=[], CommandType='"Text"', CommandTimeout='30']
SELECT `m`.`Id`, `m`.`Basic_Salt`, `m`.`Company_Name`, `m`.`Medicine_Brand`
FROM `Medicine_Brand` AS `m`

2024-04-11 17:59:10.309 +05:30  INF  Executing ObjectResult, writing value of type 'System.Collections.Generic.List`1[[DCRM.Common.Entity.MedicineCategory, DCRM.Common, Version=1.0.0.0, Culture=neutral, PublicKeyToken=null]]'.

2024-04-11 17:59:10.312 +05:30  INF  Executed action DCRM.Api.Controllers.DrugController.GetMedicineCategoris (DCRM.Api) in 3291.2461ms

2024-04-11 17:59:10.312 +05:30  INF  Executed endpoint 'DCRM.Api.Controllers.DrugController.GetMedicineCategoris (DCRM.Api)'

2024-04-11 17:59:10.312 +05:30  INF  Request finished HTTP/2 GET https://localhost:7069/api/Drug/GetMedicineCategoris - - - 200 - application/json;+charset=utf-8 3294.6006ms

2024-04-11 17:59:10.319 +05:30  INF  Executing ObjectResult, writing value of type 'System.Collections.Generic.List`1[[DCRM.Common.Entity.MedicineBrand, DCRM.Common, Version=1.0.0.0, Culture=neutral, PublicKeyToken=null]]'.

2024-04-11 17:59:10.322 +05:30  INF  Executed action DCRM.Api.Controllers.DrugController.GetMedicineBrands (DCRM.Api) in 3301.1373ms

2024-04-11 17:59:10.322 +05:30  INF  Executed endpoint 'DCRM.Api.Controllers.DrugController.GetMedicineBrands (DCRM.Api)'

2024-04-11 17:59:10.322 +05:30  INF  Request finished HTTP/2 GET https://localhost:7069/api/Drug/GetMedicineBrands - - - 200 - application/json;+charset=utf-8 3304.1998ms

2024-04-11 17:59:51.098 +05:30  INF  Request starting HTTP/2 OPTIONS https://localhost:7069/api/Drug/GateAll - -

2024-04-11 17:59:51.098 +05:30  INF  CORS policy execution successful.

2024-04-11 17:59:51.099 +05:30  INF  Request finished HTTP/2 OPTIONS https://localhost:7069/api/Drug/GateAll - - - 204 - - 0.8237ms

2024-04-11 17:59:51.104 +05:30  INF  Request starting HTTP/2 GET https://localhost:7069/api/Drug/GateAll application/json -

2024-04-11 17:59:51.104 +05:30  INF  CORS policy execution successful.

2024-04-11 17:59:51.792 +05:30  INF  Executed DbCommand (232ms) [Parameters=[@__id_0='?' (DbType = Int64)], CommandType='"Text"', CommandTimeout='30']
SELECT `u`.`Id`, `u`.`About_Me`, `u`.`Account_Type`, `u`.`Address`, `u`.`Available_Days`, `u`.`Bn_Name`, `u`.`City`, `u`.`Country`, `u`.`Created_At`, `u`.`Currency`, `u`.`Degree`, `u`.`Email`, `u`.`Email_Verified`, `u`.`Enable_Appointment`, `u`.`Enable_Rating`, `u`.`Exp_Years`, `u`.`Facebook`, `u`.`Google_Analytics`, `u`.`Image`, `u`.`Instagram`, `u`.`Linkedin`, `u`.`Name`, `u`.`Parent_Id`, `u`.`Password`, `u`.`Paypal_Email`, `u`.`Paypal_Mode`, `u`.`Paypal_Payment`, `u`.`Paystack_Payment`, `u`.`Paystack_Public_Key`, `u`.`Paystack_Secret_Key`, `u`.`Phone`, `u`.`Publish_Key`, `u`.`Qr_Code`, `u`.`Razorpay_Key_Id`, `u`.`Razorpay_Key_Secret`, `u`.`Razorpay_Payment`, `u`.`Role`, `u`.`Secret_Key`, `u`.`Skype`, `u`.`Slug`, `u`.`Specialist`, `u`.`Status`, `u`.`Stripe_Payment`, `u`.`Thumb`, `u`.`Trial_Expire`, `u`.`Twitter`, `u`.`User_Name`, `u`.`User_Type`, `u`.`Verify_Code`, `u`.`Whatsapp`
FROM `Users` AS `u`
WHERE `u`.`Id` = @__id_0
LIMIT 1

2024-04-11 17:59:51.793 +05:30  INF  Executing endpoint 'DCRM.Api.Controllers.DrugController.GetAll (DCRM.Api)'

2024-04-11 17:59:51.793 +05:30  INF  Route matched with {action = "GetAll", controller = "Drug"}. Executing controller action with signature System.Collections.Generic.IEnumerable`1[DCRM.Common.Entity.Drug] GetAll() on controller DCRM.Api.Controllers.DrugController (DCRM.Api).

2024-04-11 17:59:51.794 +05:30  INF  Executing ObjectResult, writing value of type 'Microsoft.EntityFrameworkCore.Query.Internal.EntityQueryable`1[[DCRM.Common.Entity.Drug, DCRM.Common, Version=1.0.0.0, Culture=neutral, PublicKeyToken=null]]'.

2024-04-11 17:59:53.169 +05:30  INF  Executed DbCommand (920ms) [Parameters=[@__p_0='?' (DbType = Int64)], CommandType='"Text"', CommandTimeout='30']
SELECT `d`.`Id`, `d`.`Bactrology`, `d`.`Basic_Salt`, `d`.`Created_At`, `d`.`Description`, `d`.`Details`, `d`.`Dosage`, `d`.`Dose_No`, `d`.`Form`, `d`.`Is_Delete`, `d`.`Medicine_Brand_Id`, `d`.`Medicine_Category_Id`, `d`.`Medicine_Company`, `d`.`Medicine_Composition`, `d`.`Medicine_Group`, `d`.`Medicine_Image`, `d`.`Medicine_Name`, `d`.`Medicine_Type`, `d`.`Min_Level`, `d`.`Note`, `d`.`Reorder_Level`, `d`.`Safety_Alerts`, `d`.`Status`, `d`.`Supplier`, `d`.`Unit`, `d`.`Unit_Packing`, `d`.`Updated_At`, `d`.`User_Id`, `d`.`Vat`, `d`.`Vat_Ac`
FROM `Drugs` AS `d`
WHERE (`d`.`User_Id` = @__p_0) AND (`d`.`Is_Delete` = 0)
ORDER BY `d`.`Id` DESC

2024-04-11 17:59:53.407 +05:30  INF  Executed action DCRM.Api.Controllers.DrugController.GetAll (DCRM.Api) in 1613.965ms

2024-04-11 17:59:53.407 +05:30  INF  Executed endpoint 'DCRM.Api.Controllers.DrugController.GetAll (DCRM.Api)'

2024-04-11 17:59:53.407 +05:30  INF  Request finished HTTP/2 GET https://localhost:7069/api/Drug/GateAll application/json - - 200 - application/json;+charset=utf-8 2303.9711ms

2024-04-11 18:00:11.986 +05:30  INF  Request starting HTTP/2 OPTIONS https://localhost:7069/api/Drug/GateAll - -

2024-04-11 18:00:11.987 +05:30  INF  CORS policy execution successful.

2024-04-11 18:00:11.987 +05:30  INF  Request finished HTTP/2 OPTIONS https://localhost:7069/api/Drug/GateAll - - - 204 - - 0.6455ms

2024-04-11 18:00:11.992 +05:30  INF  Request starting HTTP/2 GET https://localhost:7069/api/Drug/GateAll application/json -

2024-04-11 18:00:11.993 +05:30  INF  CORS policy execution successful.

2024-04-11 18:00:12.680 +05:30  INF  Executed DbCommand (231ms) [Parameters=[@__id_0='?' (DbType = Int64)], CommandType='"Text"', CommandTimeout='30']
SELECT `u`.`Id`, `u`.`About_Me`, `u`.`Account_Type`, `u`.`Address`, `u`.`Available_Days`, `u`.`Bn_Name`, `u`.`City`, `u`.`Country`, `u`.`Created_At`, `u`.`Currency`, `u`.`Degree`, `u`.`Email`, `u`.`Email_Verified`, `u`.`Enable_Appointment`, `u`.`Enable_Rating`, `u`.`Exp_Years`, `u`.`Facebook`, `u`.`Google_Analytics`, `u`.`Image`, `u`.`Instagram`, `u`.`Linkedin`, `u`.`Name`, `u`.`Parent_Id`, `u`.`Password`, `u`.`Paypal_Email`, `u`.`Paypal_Mode`, `u`.`Paypal_Payment`, `u`.`Paystack_Payment`, `u`.`Paystack_Public_Key`, `u`.`Paystack_Secret_Key`, `u`.`Phone`, `u`.`Publish_Key`, `u`.`Qr_Code`, `u`.`Razorpay_Key_Id`, `u`.`Razorpay_Key_Secret`, `u`.`Razorpay_Payment`, `u`.`Role`, `u`.`Secret_Key`, `u`.`Skype`, `u`.`Slug`, `u`.`Specialist`, `u`.`Status`, `u`.`Stripe_Payment`, `u`.`Thumb`, `u`.`Trial_Expire`, `u`.`Twitter`, `u`.`User_Name`, `u`.`User_Type`, `u`.`Verify_Code`, `u`.`Whatsapp`
FROM `Users` AS `u`
WHERE `u`.`Id` = @__id_0
LIMIT 1

2024-04-11 18:00:12.680 +05:30  INF  Executing endpoint 'DCRM.Api.Controllers.DrugController.GetAll (DCRM.Api)'

2024-04-11 18:00:12.680 +05:30  INF  Route matched with {action = "GetAll", controller = "Drug"}. Executing controller action with signature System.Collections.Generic.IEnumerable`1[DCRM.Common.Entity.Drug] GetAll() on controller DCRM.Api.Controllers.DrugController (DCRM.Api).

2024-04-11 18:00:12.681 +05:30  INF  Executing ObjectResult, writing value of type 'Microsoft.EntityFrameworkCore.Query.Internal.EntityQueryable`1[[DCRM.Common.Entity.Drug, DCRM.Common, Version=1.0.0.0, Culture=neutral, PublicKeyToken=null]]'.

2024-04-11 18:00:14.062 +05:30  INF  Executed DbCommand (922ms) [Parameters=[@__p_0='?' (DbType = Int64)], CommandType='"Text"', CommandTimeout='30']
SELECT `d`.`Id`, `d`.`Bactrology`, `d`.`Basic_Salt`, `d`.`Created_At`, `d`.`Description`, `d`.`Details`, `d`.`Dosage`, `d`.`Dose_No`, `d`.`Form`, `d`.`Is_Delete`, `d`.`Medicine_Brand_Id`, `d`.`Medicine_Category_Id`, `d`.`Medicine_Company`, `d`.`Medicine_Composition`, `d`.`Medicine_Group`, `d`.`Medicine_Image`, `d`.`Medicine_Name`, `d`.`Medicine_Type`, `d`.`Min_Level`, `d`.`Note`, `d`.`Reorder_Level`, `d`.`Safety_Alerts`, `d`.`Status`, `d`.`Supplier`, `d`.`Unit`, `d`.`Unit_Packing`, `d`.`Updated_At`, `d`.`User_Id`, `d`.`Vat`, `d`.`Vat_Ac`
FROM `Drugs` AS `d`
WHERE (`d`.`User_Id` = @__p_0) AND (`d`.`Is_Delete` = 0)
ORDER BY `d`.`Id` DESC

2024-04-11 18:00:14.292 +05:30  INF  Executed action DCRM.Api.Controllers.DrugController.GetAll (DCRM.Api) in 1612.0455ms

2024-04-11 18:00:14.293 +05:30  INF  Executed endpoint 'DCRM.Api.Controllers.DrugController.GetAll (DCRM.Api)'

2024-04-11 18:00:14.293 +05:30  INF  Request finished HTTP/2 GET https://localhost:7069/api/Drug/GateAll application/json - - 200 - application/json;+charset=utf-8 2300.5668ms

2024-04-11 18:00:54.780 +05:30  INF  Request starting HTTP/2 OPTIONS https://localhost:7069/api/Drug/Get/0 - -

2024-04-11 18:00:54.781 +05:30  INF  CORS policy execution successful.

2024-04-11 18:00:54.786 +05:30  INF  Request finished HTTP/2 OPTIONS https://localhost:7069/api/Drug/Get/0 - - - 204 - - 1.7745ms

2024-04-11 18:00:54.786 +05:30  INF  Request starting HTTP/2 GET https://localhost:7069/api/Drug/GetMedicineCategoris - -

2024-04-11 18:00:54.786 +05:30  INF  CORS policy execution successful.

2024-04-11 18:00:54.793 +05:30  INF  Request starting HTTP/2 GET https://localhost:7069/api/Drug/Get/0 application/json -

2024-04-11 18:00:54.793 +05:30  INF  Request starting HTTP/2 GET https://localhost:7069/api/Drug/GetMedicineBrands - -

2024-04-11 18:00:54.793 +05:30  INF  Executing endpoint 'DCRM.Api.Controllers.DrugController.GetMedicineCategoris (DCRM.Api)'

2024-04-11 18:00:54.793 +05:30  INF  CORS policy execution successful.

2024-04-11 18:00:54.793 +05:30  INF  CORS policy execution successful.

2024-04-11 18:00:54.793 +05:30  INF  Route matched with {action = "GetMedicineCategoris", controller = "Drug"}. Executing controller action with signature System.Collections.Generic.List`1[DCRM.Common.Entity.MedicineCategory] GetMedicineCategoris() on controller DCRM.Api.Controllers.DrugController (DCRM.Api).

2024-04-11 18:00:54.793 +05:30  INF  Executing endpoint 'DCRM.Api.Controllers.DrugController.GetMedicineBrands (DCRM.Api)'

2024-04-11 18:00:54.794 +05:30  INF  Route matched with {action = "GetMedicineBrands", controller = "Drug"}. Executing controller action with signature System.Collections.Generic.List`1[DCRM.Common.Entity.MedicineBrand] GetMedicineBrands() on controller DCRM.Api.Controllers.DrugController (DCRM.Api).

2024-04-11 18:00:55.476 +05:30  INF  Executed DbCommand (227ms) [Parameters=[], CommandType='"Text"', CommandTimeout='30']
SELECT `m`.`Id`, `m`.`Medicine_Category`
FROM `Medicine_Category` AS `m`

2024-04-11 18:00:55.476 +05:30  INF  Executing ObjectResult, writing value of type 'System.Collections.Generic.List`1[[DCRM.Common.Entity.MedicineCategory, DCRM.Common, Version=1.0.0.0, Culture=neutral, PublicKeyToken=null]]'.

2024-04-11 18:00:55.477 +05:30  INF  Executed action DCRM.Api.Controllers.DrugController.GetMedicineCategoris (DCRM.Api) in 683.6144ms

2024-04-11 18:00:55.477 +05:30  INF  Executed endpoint 'DCRM.Api.Controllers.DrugController.GetMedicineCategoris (DCRM.Api)'

2024-04-11 18:00:55.477 +05:30  INF  Request finished HTTP/2 GET https://localhost:7069/api/Drug/GetMedicineCategoris - - - 200 - application/json;+charset=utf-8 690.5474ms

2024-04-11 18:00:55.479 +05:30  INF  Executed DbCommand (230ms) [Parameters=[@__id_0='?' (DbType = Int64)], CommandType='"Text"', CommandTimeout='30']
SELECT `u`.`Id`, `u`.`About_Me`, `u`.`Account_Type`, `u`.`Address`, `u`.`Available_Days`, `u`.`Bn_Name`, `u`.`City`, `u`.`Country`, `u`.`Created_At`, `u`.`Currency`, `u`.`Degree`, `u`.`Email`, `u`.`Email_Verified`, `u`.`Enable_Appointment`, `u`.`Enable_Rating`, `u`.`Exp_Years`, `u`.`Facebook`, `u`.`Google_Analytics`, `u`.`Image`, `u`.`Instagram`, `u`.`Linkedin`, `u`.`Name`, `u`.`Parent_Id`, `u`.`Password`, `u`.`Paypal_Email`, `u`.`Paypal_Mode`, `u`.`Paypal_Payment`, `u`.`Paystack_Payment`, `u`.`Paystack_Public_Key`, `u`.`Paystack_Secret_Key`, `u`.`Phone`, `u`.`Publish_Key`, `u`.`Qr_Code`, `u`.`Razorpay_Key_Id`, `u`.`Razorpay_Key_Secret`, `u`.`Razorpay_Payment`, `u`.`Role`, `u`.`Secret_Key`, `u`.`Skype`, `u`.`Slug`, `u`.`Specialist`, `u`.`Status`, `u`.`Stripe_Payment`, `u`.`Thumb`, `u`.`Trial_Expire`, `u`.`Twitter`, `u`.`User_Name`, `u`.`User_Type`, `u`.`Verify_Code`, `u`.`Whatsapp`
FROM `Users` AS `u`
WHERE `u`.`Id` = @__id_0
LIMIT 1

2024-04-11 18:00:55.480 +05:30  INF  Executing endpoint 'DCRM.Api.Controllers.DrugController.Get (DCRM.Api)'

2024-04-11 18:00:55.480 +05:30  INF  Route matched with {action = "Get", controller = "Drug"}. Executing controller action with signature DCRM.Common.Entity.Drug Get(Int32) on controller DCRM.Api.Controllers.DrugController (DCRM.Api).

2024-04-11 18:00:55.703 +05:30  INF  Executed DbCommand (455ms) [Parameters=[], CommandType='"Text"', CommandTimeout='30']
SELECT `m`.`Id`, `m`.`Basic_Salt`, `m`.`Company_Name`, `m`.`Medicine_Brand`
FROM `Medicine_Brand` AS `m`

2024-04-11 18:00:55.707 +05:30  INF  Executing ObjectResult, writing value of type 'System.Collections.Generic.List`1[[DCRM.Common.Entity.MedicineBrand, DCRM.Common, Version=1.0.0.0, Culture=neutral, PublicKeyToken=null]]'.

2024-04-11 18:00:55.708 +05:30  INF  Executed action DCRM.Api.Controllers.DrugController.GetMedicineBrands (DCRM.Api) in 914.7765ms

2024-04-11 18:00:55.708 +05:30  INF  Executed endpoint 'DCRM.Api.Controllers.DrugController.GetMedicineBrands (DCRM.Api)'

2024-04-11 18:00:55.709 +05:30  INF  Request finished HTTP/2 GET https://localhost:7069/api/Drug/GetMedicineBrands - - - 200 - application/json;+charset=utf-8 915.9801ms

2024-04-11 18:00:56.161 +05:30  INF  Executed DbCommand (230ms) [Parameters=[@__id_0='?' (DbType = Int32)], CommandType='"Text"', CommandTimeout='30']
SELECT `d`.`Id`, `d`.`Bactrology`, `d`.`Basic_Salt`, `d`.`Created_At`, `d`.`Description`, `d`.`Details`, `d`.`Dosage`, `d`.`Dose_No`, `d`.`Form`, `d`.`Is_Delete`, `d`.`Medicine_Brand_Id`, `d`.`Medicine_Category_Id`, `d`.`Medicine_Company`, `d`.`Medicine_Composition`, `d`.`Medicine_Group`, `d`.`Medicine_Image`, `d`.`Medicine_Name`, `d`.`Medicine_Type`, `d`.`Min_Level`, `d`.`Note`, `d`.`Reorder_Level`, `d`.`Safety_Alerts`, `d`.`Status`, `d`.`Supplier`, `d`.`Unit`, `d`.`Unit_Packing`, `d`.`Updated_At`, `d`.`User_Id`, `d`.`Vat`, `d`.`Vat_Ac`
FROM `Drugs` AS `d`
WHERE `d`.`Id` = @__id_0
LIMIT 1

2024-04-11 18:00:56.161 +05:30  INF  Executing ObjectResult, writing value of type 'null'.

2024-04-11 18:00:56.161 +05:30  INF  Executed action DCRM.Api.Controllers.DrugController.Get (DCRM.Api) in 681.7108ms

2024-04-11 18:00:56.161 +05:30  INF  Executed endpoint 'DCRM.Api.Controllers.DrugController.Get (DCRM.Api)'

2024-04-11 18:00:56.162 +05:30  INF  Request finished HTTP/2 GET https://localhost:7069/api/Drug/Get/0 application/json - - 204 0 - 1368.9640ms

2024-04-11 18:51:11.764 +05:30  INF  User profile is available. Using 'C:\Users\pramo\AppData\Local\ASP.NET\DataProtection-Keys' as key repository and Windows DPAPI to encrypt keys at rest.

2024-04-11 18:51:12.011 +05:30  INF  Now listening on: https://localhost:7069

2024-04-11 18:51:12.011 +05:30  INF  Now listening on: http://localhost:5069

2024-04-11 18:51:12.139 +05:30  INF  Application started. Press Ctrl+C to shut down.

2024-04-11 18:51:12.140 +05:30  INF  Hosting environment: Development

2024-04-11 18:51:12.140 +05:30  INF  Content root path: C:\Projects\EZProjects\virmani_dotnet\DCRM.Api\

2024-04-11 18:51:12.693 +05:30  INF  Request starting HTTP/2 GET https://localhost:7069/swagger - -

2024-04-11 18:51:12.899 +05:30  INF  Request finished HTTP/2 GET https://localhost:7069/swagger - - - 301 0 - 211.2311ms

2024-04-11 18:51:12.911 +05:30  INF  Request starting HTTP/2 GET https://localhost:7069/swagger/index.html - -

2024-04-11 18:51:13.095 +05:30  INF  Request finished HTTP/2 GET https://localhost:7069/swagger/index.html - - - 200 - text/html;charset=utf-8 184.1700ms

2024-04-11 18:51:13.130 +05:30  INF  Request starting HTTP/2 GET https://localhost:7069/swagger/swagger-ui-bundle.js - -

2024-04-11 18:51:13.131 +05:30  INF  Request starting HTTP/2 GET https://localhost:7069/swagger/swagger-ui.css - -

2024-04-11 18:51:13.139 +05:30  INF  Request starting HTTP/2 GET https://localhost:7069/_framework/aspnetcore-browser-refresh.js - -

2024-04-11 18:51:13.140 +05:30  INF  Request starting HTTP/2 GET https://localhost:7069/swagger/swagger-ui-standalone-preset.js - -

2024-04-11 18:51:13.147 +05:30  INF  Request finished HTTP/2 GET https://localhost:7069/_framework/aspnetcore-browser-refresh.js - - - 200 11974 application/javascript;+charset=utf-8 8.2936ms

2024-04-11 18:51:13.191 +05:30  INF  Request starting HTTP/2 GET https://localhost:7069/_vs/browserLink - -

2024-04-11 18:51:13.237 +05:30  INF  Sending file. Request path: '/swagger-ui-standalone-preset.js'. Physical path: 'N/A'

2024-04-11 18:51:13.237 +05:30  INF  Sending file. Request path: '/swagger-ui.css'. Physical path: 'N/A'

2024-04-11 18:51:13.237 +05:30  INF  Sending file. Request path: '/swagger-ui-bundle.js'. Physical path: 'N/A'

2024-04-11 18:51:13.239 +05:30  INF  Request finished HTTP/2 GET https://localhost:7069/swagger/swagger-ui.css - - - 200 143632 text/css 108.3427ms

2024-04-11 18:51:13.239 +05:30  INF  Request finished HTTP/2 GET https://localhost:7069/swagger/swagger-ui-standalone-preset.js - - - 200 337162 application/javascript 100.0216ms

2024-04-11 18:51:13.239 +05:30  INF  Request finished HTTP/2 GET https://localhost:7069/swagger/swagger-ui-bundle.js - - - 200 1092889 application/javascript 109.6710ms

2024-04-11 18:51:13.288 +05:30  INF  Request finished HTTP/2 GET https://localhost:7069/_vs/browserLink - - - 200 - text/javascript;+charset=UTF-8 97.1335ms

2024-04-11 18:51:13.454 +05:30  INF  Request starting HTTP/2 GET https://localhost:7069/swagger/v1/swagger.json - -

2024-04-11 18:51:13.665 +05:30  INF  Request finished HTTP/2 GET https://localhost:7069/swagger/v1/swagger.json - - - 200 - application/json;charset=utf-8 210.9447ms

2024-04-11 19:01:19.704 +05:30  INF  Request starting HTTP/2 GET https://localhost:7069/api/Drug/master/getall - -

2024-04-11 19:01:21.039 +05:30  INF  Executing endpoint 'DCRM.Api.Controllers.DrugController.GetAllMaster (DCRM.Api)'

2024-04-11 19:01:21.063 +05:30  INF  Route matched with {action = "GetAllMaster", controller = "Drug"}. Executing controller action with signature System.Collections.Generic.List`1[DCRM.Common.Dto.MasterDataDto] GetAllMaster() on controller DCRM.Api.Controllers.DrugController (DCRM.Api).

2024-04-11 19:01:25.317 +05:30  INF  Executed DbCommand (234ms) [Parameters=[], CommandType='"Text"', CommandTimeout='30']
SELECT `m`.`Id`, `m`.`Basic_Salt`, `m`.`Company_Name`, `m`.`Created_At`, `m`.`Name`, `m`.`ParentId`, `m`.`TypeId`, `m`.`Updated_At`
FROM `Master_Data` AS `m`

2024-04-11 19:01:26.033 +05:30  INF  Executed DbCommand (228ms) [Parameters=[], CommandType='"Text"', CommandTimeout='30']
SELECT `m`.`Id`, `m`.`Name`
FROM `Master_Type` AS `m`

2024-04-11 19:01:26.106 +05:30  INF  Executing ObjectResult, writing value of type 'System.Collections.Generic.List`1[[DCRM.Common.Dto.MasterDataDto, DCRM.Common, Version=1.0.0.0, Culture=neutral, PublicKeyToken=null]]'.

2024-04-11 19:01:26.122 +05:30  INF  Executed action DCRM.Api.Controllers.DrugController.GetAllMaster (DCRM.Api) in 5052.4124ms

2024-04-11 19:01:26.122 +05:30  INF  Executed endpoint 'DCRM.Api.Controllers.DrugController.GetAllMaster (DCRM.Api)'

2024-04-11 19:01:26.138 +05:30  INF  Request finished HTTP/2 GET https://localhost:7069/api/Drug/master/getall - - - 200 - application/json;+charset=utf-8 6433.6443ms

2024-04-11 19:02:47.859 +05:30  INF  Request starting HTTP/2 POST https://localhost:7069/api/Drug/master/create application/json 231

2024-04-11 19:02:47.898 +05:30  INF  CORS policy execution successful.

2024-04-11 19:02:47.959 +05:30  INF  Executing endpoint 'DCRM.Api.Controllers.DrugController.CreateMaster (DCRM.Api)'

2024-04-11 19:02:47.992 +05:30  INF  Route matched with {action = "CreateMaster", controller = "Drug"}. Executing controller action with signature Microsoft.AspNetCore.Mvc.IActionResult CreateMaster(DCRM.Common.Entities.MasterData) on controller DCRM.Api.Controllers.DrugController (DCRM.Api).

2024-04-11 19:02:49.533 +05:30  INF  Executed DbCommand (260ms) [Parameters=[@p0='?' (Size = 4000), @p1='?' (Size = 4000), @p2='?' (DbType = DateTime), @p3='?' (Size = 4000), @p4='?' (DbType = Int32), @p5='?' (DbType = Int32), @p6='?' (DbType = DateTime)], CommandType='"Text"', CommandTimeout='30']
INSERT INTO `Master_Data` (`Basic_Salt`, `Company_Name`, `Created_At`, `Name`, `ParentId`, `TypeId`, `Updated_At`)
VALUES (@p0, @p1, @p2, @p3, @p4, @p5, @p6);
SELECT `Id`
FROM `Master_Data`
WHERE ROW_COUNT() = 1 AND `Id` = LAST_INSERT_ID();

2024-04-11 19:02:49.820 +05:30  INF  Executing StatusCodeResult, setting HTTP status code 200

2024-04-11 19:02:49.820 +05:30  INF  Executed action DCRM.Api.Controllers.DrugController.CreateMaster (DCRM.Api) in 1827.5454ms

2024-04-11 19:02:49.820 +05:30  INF  Executed endpoint 'DCRM.Api.Controllers.DrugController.CreateMaster (DCRM.Api)'

2024-04-11 19:02:49.820 +05:30  INF  Request finished HTTP/2 POST https://localhost:7069/api/Drug/master/create application/json 231 - 200 0 - 1961.6527ms

2024-04-11 19:03:18.864 +05:30  INF  Request starting HTTP/2 GET https://localhost:7069/api/Drug/master/getall - -

2024-04-11 19:03:18.893 +05:30  INF  Executing endpoint 'DCRM.Api.Controllers.DrugController.GetAllMaster (DCRM.Api)'

2024-04-11 19:03:18.894 +05:30  INF  Route matched with {action = "GetAllMaster", controller = "Drug"}. Executing controller action with signature System.Collections.Generic.List`1[DCRM.Common.Dto.MasterDataDto] GetAllMaster() on controller DCRM.Api.Controllers.DrugController (DCRM.Api).

2024-04-11 19:03:22.342 +05:30  INF  Executed DbCommand (229ms) [Parameters=[], CommandType='"Text"', CommandTimeout='30']
SELECT `m`.`Id`, `m`.`Basic_Salt`, `m`.`Company_Name`, `m`.`Created_At`, `m`.`Name`, `m`.`ParentId`, `m`.`TypeId`, `m`.`Updated_At`
FROM `Master_Data` AS `m`

2024-04-11 19:03:23.036 +05:30  INF  Executed DbCommand (228ms) [Parameters=[], CommandType='"Text"', CommandTimeout='30']
SELECT `m`.`Id`, `m`.`Name`
FROM `Master_Type` AS `m`

2024-04-11 19:03:23.038 +05:30  INF  Executing ObjectResult, writing value of type 'System.Collections.Generic.List`1[[DCRM.Common.Dto.MasterDataDto, DCRM.Common, Version=1.0.0.0, Culture=neutral, PublicKeyToken=null]]'.

2024-04-11 19:03:23.046 +05:30  INF  Executed action DCRM.Api.Controllers.DrugController.GetAllMaster (DCRM.Api) in 4152.6614ms

2024-04-11 19:03:23.047 +05:30  INF  Executed endpoint 'DCRM.Api.Controllers.DrugController.GetAllMaster (DCRM.Api)'

2024-04-11 19:03:23.047 +05:30  INF  Request finished HTTP/2 GET https://localhost:7069/api/Drug/master/getall - - - 200 - application/json;+charset=utf-8 4182.8312ms

2024-04-11 19:03:48.475 +05:30  INF  Request starting HTTP/2 POST https://localhost:7069/api/Drug/master/create application/json 233

2024-04-11 19:03:48.476 +05:30  INF  CORS policy execution successful.

2024-04-11 19:03:48.496 +05:30  INF  Executing endpoint 'DCRM.Api.Controllers.DrugController.CreateMaster (DCRM.Api)'

2024-04-11 19:03:48.496 +05:30  INF  Route matched with {action = "CreateMaster", controller = "Drug"}. Executing controller action with signature Microsoft.AspNetCore.Mvc.IActionResult CreateMaster(DCRM.Common.Entities.MasterData) on controller DCRM.Api.Controllers.DrugController (DCRM.Api).

2024-04-11 19:03:53.589 +05:30  INF  Executing StatusCodeResult, setting HTTP status code 200

2024-04-11 19:03:53.589 +05:30  INF  Executed action DCRM.Api.Controllers.DrugController.CreateMaster (DCRM.Api) in 5092.8684ms

2024-04-11 19:03:53.589 +05:30  INF  Executed endpoint 'DCRM.Api.Controllers.DrugController.CreateMaster (DCRM.Api)'

2024-04-11 19:03:53.589 +05:30  INF  Request finished HTTP/2 POST https://localhost:7069/api/Drug/master/create application/json 233 - 200 0 - 5113.9920ms

2024-04-11 19:04:19.668 +05:30  INF  Request starting HTTP/2 POST https://localhost:7069/api/Drug/master/Update application/json 233

2024-04-11 19:04:19.669 +05:30  INF  CORS policy execution successful.

2024-04-11 19:04:19.669 +05:30  INF  Executing endpoint 'DCRM.Api.Controllers.DrugController.UpdateMaster (DCRM.Api)'

2024-04-11 19:04:19.688 +05:30  INF  Route matched with {action = "UpdateMaster", controller = "Drug"}. Executing controller action with signature Microsoft.AspNetCore.Mvc.IActionResult UpdateMaster(DCRM.Common.Entities.MasterData) on controller DCRM.Api.Controllers.DrugController (DCRM.Api).

2024-04-11 19:04:34.982 +05:30  INF  Executed DbCommand (235ms) [Parameters=[@p7='?' (DbType = Int32), @p0='?' (Size = 4000), @p1='?' (Size = 4000), @p2='?' (DbType = DateTime), @p3='?' (Size = 4000), @p4='?' (DbType = Int32), @p5='?' (DbType = Int32), @p6='?' (DbType = DateTime)], CommandType='"Text"', CommandTimeout='30']
UPDATE `Master_Data` SET `Basic_Salt` = @p0, `Company_Name` = @p1, `Created_At` = @p2, `Name` = @p3, `ParentId` = @p4, `TypeId` = @p5, `Updated_At` = @p6
WHERE `Id` = @p7;

2024-04-11 19:04:34.983 +05:30  INF  Executing OkObjectResult, writing value of type 'DCRM.Common.Entities.MasterData'.

2024-04-11 19:04:34.986 +05:30  INF  Executed action DCRM.Api.Controllers.DrugController.UpdateMaster (DCRM.Api) in 15297.7277ms

2024-04-11 19:04:34.986 +05:30  INF  Executed endpoint 'DCRM.Api.Controllers.DrugController.UpdateMaster (DCRM.Api)'

2024-04-11 19:04:34.986 +05:30  INF  Request finished HTTP/2 POST https://localhost:7069/api/Drug/master/Update application/json 233 - 200 - application/json;+charset=utf-8 15318.1034ms

2024-04-11 19:04:44.099 +05:30  INF  Request starting HTTP/2 GET https://localhost:7069/api/Drug/master/getall - -

2024-04-11 19:04:44.100 +05:30  INF  Executing endpoint 'DCRM.Api.Controllers.DrugController.GetAllMaster (DCRM.Api)'

2024-04-11 19:04:44.100 +05:30  INF  Route matched with {action = "GetAllMaster", controller = "Drug"}. Executing controller action with signature System.Collections.Generic.List`1[DCRM.Common.Dto.MasterDataDto] GetAllMaster() on controller DCRM.Api.Controllers.DrugController (DCRM.Api).

2024-04-11 19:04:46.127 +05:30  INF  Executed DbCommand (228ms) [Parameters=[], CommandType='"Text"', CommandTimeout='30']
SELECT `m`.`Id`, `m`.`Basic_Salt`, `m`.`Company_Name`, `m`.`Created_At`, `m`.`Name`, `m`.`ParentId`, `m`.`TypeId`, `m`.`Updated_At`
FROM `Master_Data` AS `m`

2024-04-11 19:04:46.809 +05:30  INF  Executed DbCommand (228ms) [Parameters=[], CommandType='"Text"', CommandTimeout='30']
SELECT `m`.`Id`, `m`.`Name`
FROM `Master_Type` AS `m`

2024-04-11 19:04:46.810 +05:30  INF  Executing ObjectResult, writing value of type 'System.Collections.Generic.List`1[[DCRM.Common.Dto.MasterDataDto, DCRM.Common, Version=1.0.0.0, Culture=neutral, PublicKeyToken=null]]'.

2024-04-11 19:04:46.810 +05:30  INF  Executed action DCRM.Api.Controllers.DrugController.GetAllMaster (DCRM.Api) in 2709.8796ms

2024-04-11 19:04:46.810 +05:30  INF  Executed endpoint 'DCRM.Api.Controllers.DrugController.GetAllMaster (DCRM.Api)'

2024-04-11 19:04:46.810 +05:30  INF  Request finished HTTP/2 GET https://localhost:7069/api/Drug/master/getall - - - 200 - application/json;+charset=utf-8 2710.4986ms

2024-04-11 19:04:57.107 +05:30  INF  Request starting HTTP/2 POST https://localhost:7069/api/Drug/master/Update application/json 231

2024-04-11 19:04:57.107 +05:30  INF  CORS policy execution successful.

2024-04-11 19:04:57.108 +05:30  INF  Executing endpoint 'DCRM.Api.Controllers.DrugController.UpdateMaster (DCRM.Api)'

2024-04-11 19:04:57.108 +05:30  INF  Route matched with {action = "UpdateMaster", controller = "Drug"}. Executing controller action with signature Microsoft.AspNetCore.Mvc.IActionResult UpdateMaster(DCRM.Common.Entities.MasterData) on controller DCRM.Api.Controllers.DrugController (DCRM.Api).

2024-04-11 19:05:00.170 +05:30  INF  Executed DbCommand (235ms) [Parameters=[@p7='?' (DbType = Int32), @p0='?' (Size = 4000), @p1='?' (Size = 4000), @p2='?' (DbType = DateTime), @p3='?' (Size = 4000), @p4='?' (DbType = Int32), @p5='?' (DbType = Int32), @p6='?' (DbType = DateTime)], CommandType='"Text"', CommandTimeout='30']
UPDATE `Master_Data` SET `Basic_Salt` = @p0, `Company_Name` = @p1, `Created_At` = @p2, `Name` = @p3, `ParentId` = @p4, `TypeId` = @p5, `Updated_At` = @p6
WHERE `Id` = @p7;

2024-04-11 19:05:00.170 +05:30  INF  Executing OkObjectResult, writing value of type 'DCRM.Common.Entities.MasterData'.

2024-04-11 19:05:00.170 +05:30  INF  Executed action DCRM.Api.Controllers.DrugController.UpdateMaster (DCRM.Api) in 3062.2562ms

2024-04-11 19:05:00.170 +05:30  INF  Executed endpoint 'DCRM.Api.Controllers.DrugController.UpdateMaster (DCRM.Api)'

2024-04-11 19:05:00.170 +05:30  INF  Request finished HTTP/2 POST https://localhost:7069/api/Drug/master/Update application/json 231 - 200 - application/json;+charset=utf-8 3062.9940ms

2024-04-11 19:05:05.892 +05:30  INF  Request starting HTTP/2 GET https://localhost:7069/api/Drug/master/getall - -

2024-04-11 19:05:05.892 +05:30  INF  Executing endpoint 'DCRM.Api.Controllers.DrugController.GetAllMaster (DCRM.Api)'

2024-04-11 19:05:05.892 +05:30  INF  Route matched with {action = "GetAllMaster", controller = "Drug"}. Executing controller action with signature System.Collections.Generic.List`1[DCRM.Common.Dto.MasterDataDto] GetAllMaster() on controller DCRM.Api.Controllers.DrugController (DCRM.Api).

2024-04-11 19:05:07.800 +05:30  INF  Executed DbCommand (227ms) [Parameters=[], CommandType='"Text"', CommandTimeout='30']
SELECT `m`.`Id`, `m`.`Basic_Salt`, `m`.`Company_Name`, `m`.`Created_At`, `m`.`Name`, `m`.`ParentId`, `m`.`TypeId`, `m`.`Updated_At`
FROM `Master_Data` AS `m`

2024-04-11 19:05:08.482 +05:30  INF  Executed DbCommand (229ms) [Parameters=[], CommandType='"Text"', CommandTimeout='30']
SELECT `m`.`Id`, `m`.`Name`
FROM `Master_Type` AS `m`

2024-04-11 19:05:08.483 +05:30  INF  Executing ObjectResult, writing value of type 'System.Collections.Generic.List`1[[DCRM.Common.Dto.MasterDataDto, DCRM.Common, Version=1.0.0.0, Culture=neutral, PublicKeyToken=null]]'.

2024-04-11 19:05:08.483 +05:30  INF  Executed action DCRM.Api.Controllers.DrugController.GetAllMaster (DCRM.Api) in 2590.3816ms

2024-04-11 19:05:08.483 +05:30  INF  Executed endpoint 'DCRM.Api.Controllers.DrugController.GetAllMaster (DCRM.Api)'

2024-04-11 19:05:08.483 +05:30  INF  Request finished HTTP/2 GET https://localhost:7069/api/Drug/master/getall - - - 200 - application/json;+charset=utf-8 2591.2724ms

2024-04-11 19:20:57.195 +05:30  INF  User profile is available. Using 'C:\Users\pramo\AppData\Local\ASP.NET\DataProtection-Keys' as key repository and Windows DPAPI to encrypt keys at rest.

2024-04-11 19:20:57.440 +05:30  INF  Now listening on: https://localhost:7069

2024-04-11 19:20:57.441 +05:30  INF  Now listening on: http://localhost:5069

2024-04-11 19:20:57.586 +05:30  INF  Application started. Press Ctrl+C to shut down.

2024-04-11 19:20:57.587 +05:30  INF  Hosting environment: Development

2024-04-11 19:20:57.587 +05:30  INF  Content root path: C:\Projects\EZProjects\virmani_dotnet\DCRM.Api\

2024-04-11 19:20:58.170 +05:30  INF  Request starting HTTP/2 GET https://localhost:7069/swagger - -

2024-04-11 19:20:58.364 +05:30  INF  Request finished HTTP/2 GET https://localhost:7069/swagger - - - 301 0 - 196.7313ms

2024-04-11 19:20:58.372 +05:30  INF  Request starting HTTP/2 GET https://localhost:7069/swagger/index.html - -

2024-04-11 19:20:58.456 +05:30  INF  Request finished HTTP/2 GET https://localhost:7069/swagger/index.html - - - 200 - text/html;charset=utf-8 83.8615ms

2024-04-11 19:20:58.468 +05:30  INF  Request starting HTTP/2 GET https://localhost:7069/_framework/aspnetcore-browser-refresh.js - -

2024-04-11 19:20:58.468 +05:30  INF  Request starting HTTP/2 GET https://localhost:7069/swagger/swagger-ui-standalone-preset.js - -

2024-04-11 19:20:58.469 +05:30  INF  Request starting HTTP/2 GET https://localhost:7069/swagger/swagger-ui.css - -

2024-04-11 19:20:58.469 +05:30  INF  Request starting HTTP/2 GET https://localhost:7069/swagger/swagger-ui-bundle.js - -

2024-04-11 19:20:58.472 +05:30  INF  Request finished HTTP/2 GET https://localhost:7069/_framework/aspnetcore-browser-refresh.js - - - 200 11974 application/javascript;+charset=utf-8 4.0830ms

2024-04-11 19:20:58.503 +05:30  INF  Request starting HTTP/2 GET https://localhost:7069/_vs/browserLink - -

2024-04-11 19:20:58.517 +05:30  INF  Sending file. Request path: '/swagger-ui-bundle.js'. Physical path: 'N/A'

2024-04-11 19:20:58.517 +05:30  INF  Sending file. Request path: '/swagger-ui-standalone-preset.js'. Physical path: 'N/A'

2024-04-11 19:20:58.517 +05:30  INF  Sending file. Request path: '/swagger-ui.css'. Physical path: 'N/A'

2024-04-11 19:20:58.520 +05:30  INF  Request finished HTTP/2 GET https://localhost:7069/swagger/swagger-ui-bundle.js - - - 200 1092889 application/javascript 51.0148ms

2024-04-11 19:20:58.520 +05:30  INF  Request finished HTTP/2 GET https://localhost:7069/swagger/swagger-ui.css - - - 200 143632 text/css 51.0981ms

2024-04-11 19:20:58.520 +05:30  INF  Request finished HTTP/2 GET https://localhost:7069/swagger/swagger-ui-standalone-preset.js - - - 200 337162 application/javascript 51.7843ms

2024-04-11 19:20:58.590 +05:30  INF  Request finished HTTP/2 GET https://localhost:7069/_vs/browserLink - - - 200 - text/javascript;+charset=UTF-8 87.8161ms

2024-04-11 19:20:58.684 +05:30  INF  Request starting HTTP/2 GET https://localhost:7069/swagger/v1/swagger.json - -

2024-04-11 19:20:58.898 +05:30  INF  Request finished HTTP/2 GET https://localhost:7069/swagger/v1/swagger.json - - - 200 - application/json;charset=utf-8 213.5953ms

2024-04-11 19:22:05.620 +05:30  INF  Request starting HTTP/2 OPTIONS https://localhost:7069/api/Drug/GateAll - -

2024-04-11 19:22:05.627 +05:30  INF  CORS policy execution successful.

2024-04-11 19:22:05.629 +05:30  INF  Request finished HTTP/2 OPTIONS https://localhost:7069/api/Drug/GateAll - - - 204 - - 9.3837ms

2024-04-11 19:22:05.631 +05:30  INF  Request starting HTTP/2 GET https://localhost:7069/api/Drug/GateAll application/json -

2024-04-11 19:22:05.631 +05:30  INF  CORS policy execution successful.

2024-04-11 19:22:11.714 +05:30  INF  Executed DbCommand (254ms) [Parameters=[@__id_0='?' (DbType = Int64)], CommandType='"Text"', CommandTimeout='30']
SELECT `u`.`Id`, `u`.`About_Me`, `u`.`Account_Type`, `u`.`Address`, `u`.`Available_Days`, `u`.`Bn_Name`, `u`.`City`, `u`.`Country`, `u`.`Created_At`, `u`.`Currency`, `u`.`Degree`, `u`.`Email`, `u`.`Email_Verified`, `u`.`Enable_Appointment`, `u`.`Enable_Rating`, `u`.`Exp_Years`, `u`.`Facebook`, `u`.`Google_Analytics`, `u`.`Image`, `u`.`Instagram`, `u`.`Linkedin`, `u`.`Name`, `u`.`Parent_Id`, `u`.`Password`, `u`.`Paypal_Email`, `u`.`Paypal_Mode`, `u`.`Paypal_Payment`, `u`.`Paystack_Payment`, `u`.`Paystack_Public_Key`, `u`.`Paystack_Secret_Key`, `u`.`Phone`, `u`.`Publish_Key`, `u`.`Qr_Code`, `u`.`Razorpay_Key_Id`, `u`.`Razorpay_Key_Secret`, `u`.`Razorpay_Payment`, `u`.`Role`, `u`.`Secret_Key`, `u`.`Skype`, `u`.`Slug`, `u`.`Specialist`, `u`.`Status`, `u`.`Stripe_Payment`, `u`.`Thumb`, `u`.`Trial_Expire`, `u`.`Twitter`, `u`.`User_Name`, `u`.`User_Type`, `u`.`Verify_Code`, `u`.`Whatsapp`
FROM `Users` AS `u`
WHERE `u`.`Id` = @__id_0
LIMIT 1

2024-04-11 19:22:11.947 +05:30  INF  Executing endpoint 'DCRM.Api.Controllers.DrugController.GetAll (DCRM.Api)'

2024-04-11 19:22:11.973 +05:30  INF  Route matched with {action = "GetAll", controller = "Drug"}. Executing controller action with signature System.Collections.Generic.IEnumerable`1[DCRM.Common.Entity.Drug] GetAll() on controller DCRM.Api.Controllers.DrugController (DCRM.Api).

2024-04-11 19:22:11.994 +05:30  INF  Executing ObjectResult, writing value of type 'Microsoft.EntityFrameworkCore.Query.Internal.EntityQueryable`1[[DCRM.Common.Entity.Drug, DCRM.Common, Version=1.0.0.0, Culture=neutral, PublicKeyToken=null]]'.

2024-04-11 19:22:13.529 +05:30  INF  Executed DbCommand (945ms) [Parameters=[@__p_0='?' (DbType = Int64)], CommandType='"Text"', CommandTimeout='30']
SELECT `d`.`Id`, `d`.`Bactrology`, `d`.`Basic_Salt`, `d`.`Created_At`, `d`.`Description`, `d`.`Details`, `d`.`Dosage`, `d`.`Dose_No`, `d`.`Form`, `d`.`Is_Delete`, `d`.`Medicine_Brand_Id`, `d`.`Medicine_Category_Id`, `d`.`Medicine_Company`, `d`.`Medicine_Composition`, `d`.`Medicine_Group`, `d`.`Medicine_Image`, `d`.`Medicine_Name`, `d`.`Medicine_Type`, `d`.`Min_Level`, `d`.`Note`, `d`.`Reorder_Level`, `d`.`Safety_Alerts`, `d`.`Status`, `d`.`Supplier`, `d`.`Unit`, `d`.`Unit_Packing`, `d`.`Updated_At`, `d`.`User_Id`, `d`.`Vat`, `d`.`Vat_Ac`
FROM `Drugs` AS `d`
WHERE (`d`.`User_Id` = @__p_0) AND (`d`.`Is_Delete` = 0)
ORDER BY `d`.`Id` DESC

2024-04-11 19:22:13.803 +05:30  INF  Executed action DCRM.Api.Controllers.DrugController.GetAll (DCRM.Api) in 1817.238ms

2024-04-11 19:22:13.806 +05:30  INF  Executed endpoint 'DCRM.Api.Controllers.DrugController.GetAll (DCRM.Api)'

2024-04-11 19:22:13.827 +05:30  INF  Request finished HTTP/2 GET https://localhost:7069/api/Drug/GateAll application/json - - 200 - application/json;+charset=utf-8 8196.5838ms

2024-04-11 19:22:18.315 +05:30  INF  Request starting HTTP/2 OPTIONS https://localhost:7069/api/Settings/GetAll/ProsthesisType - -

2024-04-11 19:22:18.318 +05:30  INF  CORS policy execution successful.

2024-04-11 19:22:18.318 +05:30  INF  Request finished HTTP/2 OPTIONS https://localhost:7069/api/Settings/GetAll/ProsthesisType - - - 204 - - 3.8150ms

2024-04-11 19:22:18.321 +05:30  INF  Request starting HTTP/2 GET https://localhost:7069/api/Settings/GetAll/ProsthesisType application/json -

2024-04-11 19:22:18.323 +05:30  INF  CORS policy execution successful.

2024-04-11 19:22:19.070 +05:30  INF  Executed DbCommand (232ms) [Parameters=[@__id_0='?' (DbType = Int64)], CommandType='"Text"', CommandTimeout='30']
SELECT `u`.`Id`, `u`.`About_Me`, `u`.`Account_Type`, `u`.`Address`, `u`.`Available_Days`, `u`.`Bn_Name`, `u`.`City`, `u`.`Country`, `u`.`Created_At`, `u`.`Currency`, `u`.`Degree`, `u`.`Email`, `u`.`Email_Verified`, `u`.`Enable_Appointment`, `u`.`Enable_Rating`, `u`.`Exp_Years`, `u`.`Facebook`, `u`.`Google_Analytics`, `u`.`Image`, `u`.`Instagram`, `u`.`Linkedin`, `u`.`Name`, `u`.`Parent_Id`, `u`.`Password`, `u`.`Paypal_Email`, `u`.`Paypal_Mode`, `u`.`Paypal_Payment`, `u`.`Paystack_Payment`, `u`.`Paystack_Public_Key`, `u`.`Paystack_Secret_Key`, `u`.`Phone`, `u`.`Publish_Key`, `u`.`Qr_Code`, `u`.`Razorpay_Key_Id`, `u`.`Razorpay_Key_Secret`, `u`.`Razorpay_Payment`, `u`.`Role`, `u`.`Secret_Key`, `u`.`Skype`, `u`.`Slug`, `u`.`Specialist`, `u`.`Status`, `u`.`Stripe_Payment`, `u`.`Thumb`, `u`.`Trial_Expire`, `u`.`Twitter`, `u`.`User_Name`, `u`.`User_Type`, `u`.`Verify_Code`, `u`.`Whatsapp`
FROM `Users` AS `u`
WHERE `u`.`Id` = @__id_0
LIMIT 1

2024-04-11 19:22:19.071 +05:30  INF  Executing endpoint 'DCRM.Api.Controllers.SettingsController.GetAllProsthesisType (DCRM.Api)'

2024-04-11 19:22:19.073 +05:30  INF  Route matched with {action = "GetAllProsthesisType", controller = "Settings"}. Executing controller action with signature System.Collections.Generic.List`1[DCRM.Common.Entities.Prosthesis_Type] GetAllProsthesisType() on controller DCRM.Api.Controllers.SettingsController (DCRM.Api).

2024-04-11 19:22:19.785 +05:30  INF  Executed DbCommand (231ms) [Parameters=[], CommandType='"Text"', CommandTimeout='30']
SELECT `p`.`Id`, `p`.`Name`
FROM `Prosthesis_Type` AS `p`

2024-04-11 19:22:19.787 +05:30  INF  Executing ObjectResult, writing value of type 'System.Collections.Generic.List`1[[DCRM.Common.Entities.Prosthesis_Type, DCRM.Common, Version=1.0.0.0, Culture=neutral, PublicKeyToken=null]]'.

2024-04-11 19:22:19.792 +05:30  INF  Executed action DCRM.Api.Controllers.SettingsController.GetAllProsthesisType (DCRM.Api) in 718.0487ms

2024-04-11 19:22:19.792 +05:30  INF  Executed endpoint 'DCRM.Api.Controllers.SettingsController.GetAllProsthesisType (DCRM.Api)'

2024-04-11 19:22:19.792 +05:30  INF  Request finished HTTP/2 GET https://localhost:7069/api/Settings/GetAll/ProsthesisType application/json - - 200 - application/json;+charset=utf-8 1471.4163ms

2024-04-11 19:22:38.542 +05:30  INF  Request starting HTTP/2 OPTIONS https://localhost:7069/api/Settings/GetAll/ProsthesisType - -

2024-04-11 19:22:38.542 +05:30  INF  CORS policy execution successful.

2024-04-11 19:22:38.543 +05:30  INF  Request finished HTTP/2 OPTIONS https://localhost:7069/api/Settings/GetAll/ProsthesisType - - - 204 - - 0.5674ms

2024-04-11 19:22:38.548 +05:30  INF  Request starting HTTP/2 GET https://localhost:7069/api/Settings/GetAll/ProsthesisType application/json -

2024-04-11 19:22:38.548 +05:30  INF  CORS policy execution successful.

2024-04-11 19:22:39.263 +05:30  INF  Executed DbCommand (232ms) [Parameters=[@__id_0='?' (DbType = Int64)], CommandType='"Text"', CommandTimeout='30']
SELECT `u`.`Id`, `u`.`About_Me`, `u`.`Account_Type`, `u`.`Address`, `u`.`Available_Days`, `u`.`Bn_Name`, `u`.`City`, `u`.`Country`, `u`.`Created_At`, `u`.`Currency`, `u`.`Degree`, `u`.`Email`, `u`.`Email_Verified`, `u`.`Enable_Appointment`, `u`.`Enable_Rating`, `u`.`Exp_Years`, `u`.`Facebook`, `u`.`Google_Analytics`, `u`.`Image`, `u`.`Instagram`, `u`.`Linkedin`, `u`.`Name`, `u`.`Parent_Id`, `u`.`Password`, `u`.`Paypal_Email`, `u`.`Paypal_Mode`, `u`.`Paypal_Payment`, `u`.`Paystack_Payment`, `u`.`Paystack_Public_Key`, `u`.`Paystack_Secret_Key`, `u`.`Phone`, `u`.`Publish_Key`, `u`.`Qr_Code`, `u`.`Razorpay_Key_Id`, `u`.`Razorpay_Key_Secret`, `u`.`Razorpay_Payment`, `u`.`Role`, `u`.`Secret_Key`, `u`.`Skype`, `u`.`Slug`, `u`.`Specialist`, `u`.`Status`, `u`.`Stripe_Payment`, `u`.`Thumb`, `u`.`Trial_Expire`, `u`.`Twitter`, `u`.`User_Name`, `u`.`User_Type`, `u`.`Verify_Code`, `u`.`Whatsapp`
FROM `Users` AS `u`
WHERE `u`.`Id` = @__id_0
LIMIT 1

2024-04-11 19:22:39.263 +05:30  INF  Executing endpoint 'DCRM.Api.Controllers.SettingsController.GetAllProsthesisType (DCRM.Api)'

2024-04-11 19:22:39.263 +05:30  INF  Route matched with {action = "GetAllProsthesisType", controller = "Settings"}. Executing controller action with signature System.Collections.Generic.List`1[DCRM.Common.Entities.Prosthesis_Type] GetAllProsthesisType() on controller DCRM.Api.Controllers.SettingsController (DCRM.Api).

2024-04-11 19:22:39.949 +05:30  INF  Executed DbCommand (230ms) [Parameters=[], CommandType='"Text"', CommandTimeout='30']
SELECT `p`.`Id`, `p`.`Name`
FROM `Prosthesis_Type` AS `p`

2024-04-11 19:22:39.950 +05:30  INF  Executing ObjectResult, writing value of type 'System.Collections.Generic.List`1[[DCRM.Common.Entities.Prosthesis_Type, DCRM.Common, Version=1.0.0.0, Culture=neutral, PublicKeyToken=null]]'.

2024-04-11 19:22:39.962 +05:30  INF  Executed action DCRM.Api.Controllers.SettingsController.GetAllProsthesisType (DCRM.Api) in 699.1351ms

2024-04-11 19:22:39.962 +05:30  INF  Executed endpoint 'DCRM.Api.Controllers.SettingsController.GetAllProsthesisType (DCRM.Api)'

2024-04-11 19:22:39.962 +05:30  INF  Request finished HTTP/2 GET https://localhost:7069/api/Settings/GetAll/ProsthesisType application/json - - 0 - application/json;+charset=utf-8 1414.6293ms

2024-04-11 19:22:43.952 +05:30  INF  Request starting HTTP/2 OPTIONS https://localhost:7069/api/Settings/GetAll/ProsthesisType - -

2024-04-11 19:22:43.952 +05:30  INF  CORS policy execution successful.

2024-04-11 19:22:43.953 +05:30  INF  Request finished HTTP/2 OPTIONS https://localhost:7069/api/Settings/GetAll/ProsthesisType - - - 204 - - 0.2338ms

2024-04-11 19:22:43.955 +05:30  INF  Request starting HTTP/2 GET https://localhost:7069/api/Settings/GetAll/ProsthesisType application/json -

2024-04-11 19:22:43.955 +05:30  INF  CORS policy execution successful.

2024-04-11 19:22:44.645 +05:30  INF  Executed DbCommand (230ms) [Parameters=[@__id_0='?' (DbType = Int64)], CommandType='"Text"', CommandTimeout='30']
SELECT `u`.`Id`, `u`.`About_Me`, `u`.`Account_Type`, `u`.`Address`, `u`.`Available_Days`, `u`.`Bn_Name`, `u`.`City`, `u`.`Country`, `u`.`Created_At`, `u`.`Currency`, `u`.`Degree`, `u`.`Email`, `u`.`Email_Verified`, `u`.`Enable_Appointment`, `u`.`Enable_Rating`, `u`.`Exp_Years`, `u`.`Facebook`, `u`.`Google_Analytics`, `u`.`Image`, `u`.`Instagram`, `u`.`Linkedin`, `u`.`Name`, `u`.`Parent_Id`, `u`.`Password`, `u`.`Paypal_Email`, `u`.`Paypal_Mode`, `u`.`Paypal_Payment`, `u`.`Paystack_Payment`, `u`.`Paystack_Public_Key`, `u`.`Paystack_Secret_Key`, `u`.`Phone`, `u`.`Publish_Key`, `u`.`Qr_Code`, `u`.`Razorpay_Key_Id`, `u`.`Razorpay_Key_Secret`, `u`.`Razorpay_Payment`, `u`.`Role`, `u`.`Secret_Key`, `u`.`Skype`, `u`.`Slug`, `u`.`Specialist`, `u`.`Status`, `u`.`Stripe_Payment`, `u`.`Thumb`, `u`.`Trial_Expire`, `u`.`Twitter`, `u`.`User_Name`, `u`.`User_Type`, `u`.`Verify_Code`, `u`.`Whatsapp`
FROM `Users` AS `u`
WHERE `u`.`Id` = @__id_0
LIMIT 1

2024-04-11 19:22:44.645 +05:30  INF  Executing endpoint 'DCRM.Api.Controllers.SettingsController.GetAllProsthesisType (DCRM.Api)'

2024-04-11 19:22:44.645 +05:30  INF  Route matched with {action = "GetAllProsthesisType", controller = "Settings"}. Executing controller action with signature System.Collections.Generic.List`1[DCRM.Common.Entities.Prosthesis_Type] GetAllProsthesisType() on controller DCRM.Api.Controllers.SettingsController (DCRM.Api).

2024-04-11 19:22:45.332 +05:30  INF  Executed DbCommand (229ms) [Parameters=[], CommandType='"Text"', CommandTimeout='30']
SELECT `p`.`Id`, `p`.`Name`
FROM `Prosthesis_Type` AS `p`

2024-04-11 19:22:45.333 +05:30  INF  Executing ObjectResult, writing value of type 'System.Collections.Generic.List`1[[DCRM.Common.Entities.Prosthesis_Type, DCRM.Common, Version=1.0.0.0, Culture=neutral, PublicKeyToken=null]]'.

2024-04-11 19:22:45.333 +05:30  INF  Executed action DCRM.Api.Controllers.SettingsController.GetAllProsthesisType (DCRM.Api) in 687.7881ms

2024-04-11 19:22:45.333 +05:30  INF  Executed endpoint 'DCRM.Api.Controllers.SettingsController.GetAllProsthesisType (DCRM.Api)'

2024-04-11 19:22:45.333 +05:30  INF  Request finished HTTP/2 GET https://localhost:7069/api/Settings/GetAll/ProsthesisType application/json - - 200 - application/json;+charset=utf-8 1378.6006ms

2024-04-11 19:22:47.231 +05:30  INF  Request starting HTTP/2 OPTIONS https://localhost:7069/api/Settings/Get/ProsthesisType/14 - -

2024-04-11 19:22:47.231 +05:30  INF  CORS policy execution successful.

2024-04-11 19:22:47.231 +05:30  INF  Request finished HTTP/2 OPTIONS https://localhost:7069/api/Settings/Get/ProsthesisType/14 - - - 204 - - 0.5184ms

2024-04-11 19:22:47.234 +05:30  INF  Request starting HTTP/2 GET https://localhost:7069/api/Settings/Get/ProsthesisType/14 application/json -

2024-04-11 19:22:47.235 +05:30  INF  CORS policy execution successful.

2024-04-11 19:22:47.927 +05:30  INF  Executed DbCommand (233ms) [Parameters=[@__id_0='?' (DbType = Int64)], CommandType='"Text"', CommandTimeout='30']
SELECT `u`.`Id`, `u`.`About_Me`, `u`.`Account_Type`, `u`.`Address`, `u`.`Available_Days`, `u`.`Bn_Name`, `u`.`City`, `u`.`Country`, `u`.`Created_At`, `u`.`Currency`, `u`.`Degree`, `u`.`Email`, `u`.`Email_Verified`, `u`.`Enable_Appointment`, `u`.`Enable_Rating`, `u`.`Exp_Years`, `u`.`Facebook`, `u`.`Google_Analytics`, `u`.`Image`, `u`.`Instagram`, `u`.`Linkedin`, `u`.`Name`, `u`.`Parent_Id`, `u`.`Password`, `u`.`Paypal_Email`, `u`.`Paypal_Mode`, `u`.`Paypal_Payment`, `u`.`Paystack_Payment`, `u`.`Paystack_Public_Key`, `u`.`Paystack_Secret_Key`, `u`.`Phone`, `u`.`Publish_Key`, `u`.`Qr_Code`, `u`.`Razorpay_Key_Id`, `u`.`Razorpay_Key_Secret`, `u`.`Razorpay_Payment`, `u`.`Role`, `u`.`Secret_Key`, `u`.`Skype`, `u`.`Slug`, `u`.`Specialist`, `u`.`Status`, `u`.`Stripe_Payment`, `u`.`Thumb`, `u`.`Trial_Expire`, `u`.`Twitter`, `u`.`User_Name`, `u`.`User_Type`, `u`.`Verify_Code`, `u`.`Whatsapp`
FROM `Users` AS `u`
WHERE `u`.`Id` = @__id_0
LIMIT 1

2024-04-11 19:22:47.927 +05:30  INF  Executing endpoint 'DCRM.Api.Controllers.SettingsController.GetProsthesisType (DCRM.Api)'

2024-04-11 19:22:47.941 +05:30  INF  Route matched with {action = "GetProsthesisType", controller = "Settings"}. Executing controller action with signature DCRM.Common.Entities.Prosthesis_Type GetProsthesisType(Int32) on controller DCRM.Api.Controllers.SettingsController (DCRM.Api).

2024-04-11 19:22:48.657 +05:30  INF  Executed DbCommand (231ms) [Parameters=[@__Id_0='?' (DbType = Int64)], CommandType='"Text"', CommandTimeout='30']
SELECT `p`.`Id`, `p`.`Name`
FROM `Prosthesis_Type` AS `p`
WHERE `p`.`Id` = @__Id_0
LIMIT 2

2024-04-11 19:22:48.657 +05:30  INF  Executing ObjectResult, writing value of type 'DCRM.Common.Entities.Prosthesis_Type'.

2024-04-11 19:22:48.657 +05:30  INF  Executed action DCRM.Api.Controllers.SettingsController.GetProsthesisType (DCRM.Api) in 716.5536ms

2024-04-11 19:22:48.658 +05:30  INF  Executed endpoint 'DCRM.Api.Controllers.SettingsController.GetProsthesisType (DCRM.Api)'

2024-04-11 19:22:48.658 +05:30  INF  Request finished HTTP/2 GET https://localhost:7069/api/Settings/Get/ProsthesisType/14 application/json - - 200 - application/json;+charset=utf-8 1424.0395ms

2024-04-11 19:22:49.491 +05:30  INF  Request starting HTTP/2 OPTIONS https://localhost:7069/api/Settings/GetAll/ProsthesisType - -

2024-04-11 19:22:49.491 +05:30  INF  CORS policy execution successful.

2024-04-11 19:22:49.491 +05:30  INF  Request finished HTTP/2 OPTIONS https://localhost:7069/api/Settings/GetAll/ProsthesisType - - - 204 - - 0.3069ms

2024-04-11 19:22:49.493 +05:30  INF  Request starting HTTP/2 GET https://localhost:7069/api/Settings/GetAll/ProsthesisType application/json -

2024-04-11 19:22:49.493 +05:30  INF  CORS policy execution successful.

2024-04-11 19:22:50.186 +05:30  INF  Executed DbCommand (232ms) [Parameters=[@__id_0='?' (DbType = Int64)], CommandType='"Text"', CommandTimeout='30']
SELECT `u`.`Id`, `u`.`About_Me`, `u`.`Account_Type`, `u`.`Address`, `u`.`Available_Days`, `u`.`Bn_Name`, `u`.`City`, `u`.`Country`, `u`.`Created_At`, `u`.`Currency`, `u`.`Degree`, `u`.`Email`, `u`.`Email_Verified`, `u`.`Enable_Appointment`, `u`.`Enable_Rating`, `u`.`Exp_Years`, `u`.`Facebook`, `u`.`Google_Analytics`, `u`.`Image`, `u`.`Instagram`, `u`.`Linkedin`, `u`.`Name`, `u`.`Parent_Id`, `u`.`Password`, `u`.`Paypal_Email`, `u`.`Paypal_Mode`, `u`.`Paypal_Payment`, `u`.`Paystack_Payment`, `u`.`Paystack_Public_Key`, `u`.`Paystack_Secret_Key`, `u`.`Phone`, `u`.`Publish_Key`, `u`.`Qr_Code`, `u`.`Razorpay_Key_Id`, `u`.`Razorpay_Key_Secret`, `u`.`Razorpay_Payment`, `u`.`Role`, `u`.`Secret_Key`, `u`.`Skype`, `u`.`Slug`, `u`.`Specialist`, `u`.`Status`, `u`.`Stripe_Payment`, `u`.`Thumb`, `u`.`Trial_Expire`, `u`.`Twitter`, `u`.`User_Name`, `u`.`User_Type`, `u`.`Verify_Code`, `u`.`Whatsapp`
FROM `Users` AS `u`
WHERE `u`.`Id` = @__id_0
LIMIT 1

2024-04-11 19:22:50.186 +05:30  INF  Executing endpoint 'DCRM.Api.Controllers.SettingsController.GetAllProsthesisType (DCRM.Api)'

2024-04-11 19:22:50.186 +05:30  INF  Route matched with {action = "GetAllProsthesisType", controller = "Settings"}. Executing controller action with signature System.Collections.Generic.List`1[DCRM.Common.Entities.Prosthesis_Type] GetAllProsthesisType() on controller DCRM.Api.Controllers.SettingsController (DCRM.Api).

2024-04-11 19:22:50.876 +05:30  INF  Executed DbCommand (231ms) [Parameters=[], CommandType='"Text"', CommandTimeout='30']
SELECT `p`.`Id`, `p`.`Name`
FROM `Prosthesis_Type` AS `p`

2024-04-11 19:22:50.876 +05:30  INF  Executing ObjectResult, writing value of type 'System.Collections.Generic.List`1[[DCRM.Common.Entities.Prosthesis_Type, DCRM.Common, Version=1.0.0.0, Culture=neutral, PublicKeyToken=null]]'.

2024-04-11 19:22:50.876 +05:30  INF  Executed action DCRM.Api.Controllers.SettingsController.GetAllProsthesisType (DCRM.Api) in 690.4136ms

2024-04-11 19:22:50.876 +05:30  INF  Executed endpoint 'DCRM.Api.Controllers.SettingsController.GetAllProsthesisType (DCRM.Api)'

2024-04-11 19:22:50.876 +05:30  INF  Request finished HTTP/2 GET https://localhost:7069/api/Settings/GetAll/ProsthesisType application/json - - 200 - application/json;+charset=utf-8 1383.6021ms

2024-04-11 19:27:08.818 +05:30  INF  User profile is available. Using 'C:\Users\pramo\AppData\Local\ASP.NET\DataProtection-Keys' as key repository and Windows DPAPI to encrypt keys at rest.

2024-04-11 19:27:09.059 +05:30  INF  Now listening on: https://localhost:7069

2024-04-11 19:27:09.059 +05:30  INF  Now listening on: http://localhost:5069

2024-04-11 19:27:09.195 +05:30  INF  Application started. Press Ctrl+C to shut down.

2024-04-11 19:27:09.196 +05:30  INF  Hosting environment: Development

2024-04-11 19:27:09.196 +05:30  INF  Content root path: C:\Projects\EZProjects\virmani_dotnet\DCRM.Api\

2024-04-11 19:27:09.622 +05:30  INF  Request starting HTTP/2 GET https://localhost:7069/swagger - -

2024-04-11 19:27:09.811 +05:30  INF  Request finished HTTP/2 GET https://localhost:7069/swagger - - - 301 0 - 198.1210ms

2024-04-11 19:27:09.821 +05:30  INF  Request starting HTTP/2 GET https://localhost:7069/swagger/index.html - -

2024-04-11 19:27:09.917 +05:30  INF  Request finished HTTP/2 GET https://localhost:7069/swagger/index.html - - - 200 - text/html;charset=utf-8 96.1120ms

2024-04-11 19:27:09.927 +05:30  INF  Request starting HTTP/2 GET https://localhost:7069/swagger/swagger-ui-standalone-preset.js - -

2024-04-11 19:27:09.927 +05:30  INF  Request starting HTTP/2 GET https://localhost:7069/swagger/swagger-ui.css - -

2024-04-11 19:27:09.927 +05:30  INF  Request starting HTTP/2 GET https://localhost:7069/swagger/swagger-ui-bundle.js - -

2024-04-11 19:27:09.927 +05:30  INF  Request starting HTTP/2 GET https://localhost:7069/_framework/aspnetcore-browser-refresh.js - -

2024-04-11 19:27:09.936 +05:30  INF  Request finished HTTP/2 GET https://localhost:7069/_framework/aspnetcore-browser-refresh.js - - - 200 11974 application/javascript;+charset=utf-8 8.8831ms

2024-04-11 19:27:09.972 +05:30  INF  Request starting HTTP/2 GET https://localhost:7069/_vs/browserLink - -

2024-04-11 19:27:09.999 +05:30  INF  Sending file. Request path: '/swagger-ui-standalone-preset.js'. Physical path: 'N/A'

2024-04-11 19:27:09.999 +05:30  INF  Sending file. Request path: '/swagger-ui.css'. Physical path: 'N/A'

2024-04-11 19:27:09.999 +05:30  INF  Sending file. Request path: '/swagger-ui-bundle.js'. Physical path: 'N/A'

2024-04-11 19:27:10.004 +05:30  INF  Request finished HTTP/2 GET https://localhost:7069/swagger/swagger-ui.css - - - 200 143632 text/css 76.6932ms

2024-04-11 19:27:10.004 +05:30  INF  Request finished HTTP/2 GET https://localhost:7069/swagger/swagger-ui-standalone-preset.js - - - 200 337162 application/javascript 76.9289ms

2024-04-11 19:27:10.004 +05:30  INF  Request finished HTTP/2 GET https://localhost:7069/swagger/swagger-ui-bundle.js - - - 200 1092889 application/javascript 76.6970ms

2024-04-11 19:27:10.046 +05:30  INF  Request finished HTTP/2 GET https://localhost:7069/_vs/browserLink - - - 200 - text/javascript;+charset=UTF-8 74.7372ms

2024-04-11 19:27:10.235 +05:30  INF  Request starting HTTP/2 GET https://localhost:7069/swagger/v1/swagger.json - -

2024-04-11 19:27:10.429 +05:30  INF  Request finished HTTP/2 GET https://localhost:7069/swagger/v1/swagger.json - - - 200 - application/json;charset=utf-8 193.8866ms

2024-04-11 19:27:57.605 +05:30  INF  Request starting HTTP/2 GET https://localhost:7069/api/Drug/master/type/getall - -

2024-04-11 19:27:59.031 +05:30  INF  Executing endpoint 'DCRM.Api.Controllers.DrugController.GetAllMasterType (DCRM.Api)'

2024-04-11 19:27:59.053 +05:30  INF  Route matched with {action = "GetAllMasterType", controller = "Drug"}. Executing controller action with signature System.Collections.Generic.List`1[DCRM.Common.Entities.MasterType] GetAllMasterType() on controller DCRM.Api.Controllers.DrugController (DCRM.Api).

2024-04-11 19:28:03.897 +05:30  INF  Executed DbCommand (281ms) [Parameters=[], CommandType='"Text"', CommandTimeout='30']
SELECT `m`.`Id`, `m`.`Name`
FROM `Master_Type` AS `m`

2024-04-11 19:28:03.982 +05:30  INF  Executing ObjectResult, writing value of type 'System.Collections.Generic.List`1[[DCRM.Common.Entities.MasterType, DCRM.Common, Version=1.0.0.0, Culture=neutral, PublicKeyToken=null]]'.

2024-04-11 19:28:03.999 +05:30  INF  Executed action DCRM.Api.Controllers.DrugController.GetAllMasterType (DCRM.Api) in 4935.2035ms

2024-04-11 19:28:04.002 +05:30  INF  Executed endpoint 'DCRM.Api.Controllers.DrugController.GetAllMasterType (DCRM.Api)'

2024-04-11 19:28:04.033 +05:30  INF  Request finished HTTP/2 GET https://localhost:7069/api/Drug/master/type/getall - - - 200 - application/json;+charset=utf-8 6428.2648ms

2024-04-11 19:30:16.657 +05:30  INF  Request starting HTTP/2 OPTIONS https://localhost:7069/api/Drug/GateAll - -

2024-04-11 19:30:16.666 +05:30  INF  CORS policy execution successful.

2024-04-11 19:30:16.668 +05:30  INF  Request finished HTTP/2 OPTIONS https://localhost:7069/api/Drug/GateAll - - - 204 - - 10.8195ms

2024-04-11 19:30:16.670 +05:30  INF  Request starting HTTP/2 GET https://localhost:7069/api/Drug/GateAll application/json -

2024-04-11 19:30:16.671 +05:30  INF  CORS policy execution successful.

2024-04-11 19:30:18.015 +05:30  INF  Executed DbCommand (244ms) [Parameters=[@__id_0='?' (DbType = Int64)], CommandType='"Text"', CommandTimeout='30']
SELECT `u`.`Id`, `u`.`About_Me`, `u`.`Account_Type`, `u`.`Address`, `u`.`Available_Days`, `u`.`Bn_Name`, `u`.`City`, `u`.`Country`, `u`.`Created_At`, `u`.`Currency`, `u`.`Degree`, `u`.`Email`, `u`.`Email_Verified`, `u`.`Enable_Appointment`, `u`.`Enable_Rating`, `u`.`Exp_Years`, `u`.`Facebook`, `u`.`Google_Analytics`, `u`.`Image`, `u`.`Instagram`, `u`.`Linkedin`, `u`.`Name`, `u`.`Parent_Id`, `u`.`Password`, `u`.`Paypal_Email`, `u`.`Paypal_Mode`, `u`.`Paypal_Payment`, `u`.`Paystack_Payment`, `u`.`Paystack_Public_Key`, `u`.`Paystack_Secret_Key`, `u`.`Phone`, `u`.`Publish_Key`, `u`.`Qr_Code`, `u`.`Razorpay_Key_Id`, `u`.`Razorpay_Key_Secret`, `u`.`Razorpay_Payment`, `u`.`Role`, `u`.`Secret_Key`, `u`.`Skype`, `u`.`Slug`, `u`.`Specialist`, `u`.`Status`, `u`.`Stripe_Payment`, `u`.`Thumb`, `u`.`Trial_Expire`, `u`.`Twitter`, `u`.`User_Name`, `u`.`User_Type`, `u`.`Verify_Code`, `u`.`Whatsapp`
FROM `Users` AS `u`
WHERE `u`.`Id` = @__id_0
LIMIT 1

2024-04-11 19:30:18.163 +05:30  INF  Executing endpoint 'DCRM.Api.Controllers.DrugController.GetAll (DCRM.Api)'

2024-04-11 19:30:18.165 +05:30  INF  Route matched with {action = "GetAll", controller = "Drug"}. Executing controller action with signature System.Collections.Generic.IEnumerable`1[DCRM.Common.Entity.Drug] GetAll() on controller DCRM.Api.Controllers.DrugController (DCRM.Api).

2024-04-11 19:30:18.170 +05:30  INF  Executing ObjectResult, writing value of type 'Microsoft.EntityFrameworkCore.Query.Internal.EntityQueryable`1[[DCRM.Common.Entity.Drug, DCRM.Common, Version=1.0.0.0, Culture=neutral, PublicKeyToken=null]]'.

2024-04-11 19:30:19.671 +05:30  INF  Executed DbCommand (938ms) [Parameters=[@__p_0='?' (DbType = Int64)], CommandType='"Text"', CommandTimeout='30']
SELECT `d`.`Id`, `d`.`Bactrology`, `d`.`Basic_Salt`, `d`.`Created_At`, `d`.`Description`, `d`.`Details`, `d`.`Dosage`, `d`.`Dose_No`, `d`.`Form`, `d`.`Is_Delete`, `d`.`Medicine_Brand_Id`, `d`.`Medicine_Category_Id`, `d`.`Medicine_Company`, `d`.`Medicine_Composition`, `d`.`Medicine_Group`, `d`.`Medicine_Image`, `d`.`Medicine_Name`, `d`.`Medicine_Type`, `d`.`Min_Level`, `d`.`Note`, `d`.`Reorder_Level`, `d`.`Safety_Alerts`, `d`.`Status`, `d`.`Supplier`, `d`.`Unit`, `d`.`Unit_Packing`, `d`.`Updated_At`, `d`.`User_Id`, `d`.`Vat`, `d`.`Vat_Ac`
FROM `Drugs` AS `d`
WHERE (`d`.`User_Id` = @__p_0) AND (`d`.`Is_Delete` = 0)
ORDER BY `d`.`Id` DESC

2024-04-11 19:30:19.929 +05:30  INF  Executed action DCRM.Api.Controllers.DrugController.GetAll (DCRM.Api) in 1763.764ms

2024-04-11 19:30:19.930 +05:30  INF  Executed endpoint 'DCRM.Api.Controllers.DrugController.GetAll (DCRM.Api)'

2024-04-11 19:30:19.931 +05:30  INF  Request finished HTTP/2 GET https://localhost:7069/api/Drug/GateAll application/json - - 200 - application/json;+charset=utf-8 3260.2571ms

2024-04-11 20:00:38.613 +05:30  INF  Request starting HTTP/2 GET https://localhost:7069/api/Drug/master/getall - -

2024-04-11 20:00:38.644 +05:30  INF  Executing endpoint 'DCRM.Api.Controllers.DrugController.GetAllMaster (DCRM.Api)'

2024-04-11 20:00:38.646 +05:30  INF  Route matched with {action = "GetAllMaster", controller = "Drug"}. Executing controller action with signature System.Collections.Generic.List`1[DCRM.Common.Dto.MasterDataDto] GetAllMaster() on controller DCRM.Api.Controllers.DrugController (DCRM.Api).

2024-04-11 20:00:51.520 +05:30  INF  Executed DbCommand (233ms) [Parameters=[], CommandType='"Text"', CommandTimeout='30']
SELECT `m`.`Id`, `m`.`Basic_Salt`, `m`.`Company_Name`, `m`.`Created_At`, `m`.`Name`, `m`.`ParentId`, `m`.`TypeId`, `m`.`Updated_At`
FROM `Master_Data` AS `m`

2024-04-11 20:00:52.231 +05:30  INF  Executed DbCommand (229ms) [Parameters=[], CommandType='"Text"', CommandTimeout='30']
SELECT `m`.`Id`, `m`.`Name`
FROM `Master_Type` AS `m`

2024-04-11 20:00:52.233 +05:30  INF  Executing ObjectResult, writing value of type 'System.Collections.Generic.List`1[[DCRM.Common.Dto.MasterDataDto, DCRM.Common, Version=1.0.0.0, Culture=neutral, PublicKeyToken=null]]'.

2024-04-11 20:00:52.240 +05:30  INF  Executed action DCRM.Api.Controllers.DrugController.GetAllMaster (DCRM.Api) in 13594.3585ms

2024-04-11 20:00:52.240 +05:30  INF  Executed endpoint 'DCRM.Api.Controllers.DrugController.GetAllMaster (DCRM.Api)'

2024-04-11 20:00:52.241 +05:30  INF  Request finished HTTP/2 GET https://localhost:7069/api/Drug/master/getall - - - 200 - application/json;+charset=utf-8 13627.3670ms

2024-04-11 20:04:43.938 +05:30  INF  User profile is available. Using 'C:\Users\pramo\AppData\Local\ASP.NET\DataProtection-Keys' as key repository and Windows DPAPI to encrypt keys at rest.

2024-04-11 20:04:44.193 +05:30  INF  Now listening on: https://localhost:7069

2024-04-11 20:04:44.193 +05:30  INF  Now listening on: http://localhost:5069

2024-04-11 20:04:44.546 +05:30  INF  Application started. Press Ctrl+C to shut down.

2024-04-11 20:04:44.547 +05:30  INF  Hosting environment: Development

2024-04-11 20:04:44.547 +05:30  INF  Content root path: C:\Projects\EZProjects\virmani_dotnet\DCRM.Api\

2024-04-11 20:04:44.606 +05:30  INF  Request starting HTTP/2 GET https://localhost:7069/swagger - -

2024-04-11 20:04:44.802 +05:30  INF  Request finished HTTP/2 GET https://localhost:7069/swagger - - - 301 0 - 200.8752ms

2024-04-11 20:04:44.812 +05:30  INF  Request starting HTTP/2 GET https://localhost:7069/swagger/index.html - -

2024-04-11 20:04:44.908 +05:30  INF  Request finished HTTP/2 GET https://localhost:7069/swagger/index.html - - - 200 - text/html;charset=utf-8 95.6864ms

2024-04-11 20:04:44.918 +05:30  INF  Request starting HTTP/2 GET https://localhost:7069/swagger/swagger-ui-standalone-preset.js - -

2024-04-11 20:04:44.918 +05:30  INF  Request starting HTTP/2 GET https://localhost:7069/_framework/aspnetcore-browser-refresh.js - -

2024-04-11 20:04:44.918 +05:30  INF  Request starting HTTP/2 GET https://localhost:7069/swagger/swagger-ui-bundle.js - -

2024-04-11 20:04:44.918 +05:30  INF  Request starting HTTP/2 GET https://localhost:7069/swagger/swagger-ui.css - -

2024-04-11 20:04:44.925 +05:30  INF  Request finished HTTP/2 GET https://localhost:7069/_framework/aspnetcore-browser-refresh.js - - - 200 11974 application/javascript;+charset=utf-8 6.9276ms

2024-04-11 20:04:44.946 +05:30  INF  Sending file. Request path: '/swagger-ui.css'. Physical path: 'N/A'

2024-04-11 20:04:44.946 +05:30  INF  Sending file. Request path: '/swagger-ui-standalone-preset.js'. Physical path: 'N/A'

2024-04-11 20:04:44.967 +05:30  INF  Request finished HTTP/2 GET https://localhost:7069/swagger/swagger-ui-standalone-preset.js - - - 200 337162 application/javascript 49.5664ms

2024-04-11 20:04:44.967 +05:30  INF  Request finished HTTP/2 GET https://localhost:7069/swagger/swagger-ui.css - - - 200 143632 text/css 49.5556ms

2024-04-11 20:04:44.969 +05:30  INF  Sending file. Request path: '/swagger-ui-bundle.js'. Physical path: 'N/A'

2024-04-11 20:04:44.975 +05:30  INF  Request finished HTTP/2 GET https://localhost:7069/swagger/swagger-ui-bundle.js - - - 200 1092889 application/javascript 57.5786ms

2024-04-11 20:04:44.979 +05:30  INF  Request starting HTTP/2 GET https://localhost:7069/_vs/browserLink - -

2024-04-11 20:04:45.062 +05:30  INF  Request finished HTTP/2 GET https://localhost:7069/_vs/browserLink - - - 200 - text/javascript;+charset=UTF-8 82.9923ms

2024-04-11 20:04:45.189 +05:30  INF  Request starting HTTP/2 GET https://localhost:7069/swagger/v1/swagger.json - -

2024-04-11 20:04:45.491 +05:30  INF  Request finished HTTP/2 GET https://localhost:7069/swagger/v1/swagger.json - - - 200 - application/json;charset=utf-8 301.4974ms

2024-04-11 20:15:51.465 +05:30  INF  Request starting HTTP/2 OPTIONS https://localhost:7069/api/Authenticate/user - -

2024-04-11 20:15:51.473 +05:30  INF  CORS policy execution successful.

2024-04-11 20:15:51.475 +05:30  INF  Request finished HTTP/2 OPTIONS https://localhost:7069/api/Authenticate/user - - - 204 - - 9.5458ms

2024-04-11 20:15:51.477 +05:30  INF  Request starting HTTP/2 POST https://localhost:7069/api/Authenticate/user application/json 50

2024-04-11 20:15:51.478 +05:30  INF  CORS policy execution successful.

2024-04-11 20:15:52.954 +05:30  INF  Executing endpoint 'DCRM.Api.Controllers.AuthenticateController.Post (DCRM.Api)'

2024-04-11 20:15:53.000 +05:30  INF  Route matched with {action = "Post", controller = "Authenticate"}. Executing controller action with signature Microsoft.AspNetCore.Mvc.IActionResult Post(System.String, DCRM.Common.AuthenticateRequest) on controller DCRM.Api.Controllers.AuthenticateController (DCRM.Api).

2024-04-11 20:15:57.685 +05:30  INF  Executed DbCommand (262ms) [Parameters=[@__authenticateRequest_Email_0='?' (Size = 4000), @__authenticateRequest_Password_1='?' (Size = 4000)], CommandType='"Text"', CommandTimeout='30']
SELECT `u`.`Id`, `u`.`About_Me`, `u`.`Account_Type`, `u`.`Address`, `u`.`Available_Days`, `u`.`Bn_Name`, `u`.`City`, `u`.`Country`, `u`.`Created_At`, `u`.`Currency`, `u`.`Degree`, `u`.`Email`, `u`.`Email_Verified`, `u`.`Enable_Appointment`, `u`.`Enable_Rating`, `u`.`Exp_Years`, `u`.`Facebook`, `u`.`Google_Analytics`, `u`.`Image`, `u`.`Instagram`, `u`.`Linkedin`, `u`.`Name`, `u`.`Parent_Id`, `u`.`Password`, `u`.`Paypal_Email`, `u`.`Paypal_Mode`, `u`.`Paypal_Payment`, `u`.`Paystack_Payment`, `u`.`Paystack_Public_Key`, `u`.`Paystack_Secret_Key`, `u`.`Phone`, `u`.`Publish_Key`, `u`.`Qr_Code`, `u`.`Razorpay_Key_Id`, `u`.`Razorpay_Key_Secret`, `u`.`Razorpay_Payment`, `u`.`Role`, `u`.`Secret_Key`, `u`.`Skype`, `u`.`Slug`, `u`.`Specialist`, `u`.`Status`, `u`.`Stripe_Payment`, `u`.`Thumb`, `u`.`Trial_Expire`, `u`.`Twitter`, `u`.`User_Name`, `u`.`User_Type`, `u`.`Verify_Code`, `u`.`Whatsapp`
FROM `Users` AS `u`
WHERE ((`u`.`Status` = 1) AND (`u`.`Email` = @__authenticateRequest_Email_0)) AND (`u`.`Password` = @__authenticateRequest_Password_1)
LIMIT 2

2024-04-11 20:15:58.126 +05:30  INF  Executing OkObjectResult, writing value of type 'DCRM.Common.AuthenticateResponse'.

2024-04-11 20:15:58.137 +05:30  INF  Executed action DCRM.Api.Controllers.AuthenticateController.Post (DCRM.Api) in 5130.019ms

2024-04-11 20:15:58.138 +05:30  INF  Executed endpoint 'DCRM.Api.Controllers.AuthenticateController.Post (DCRM.Api)'

2024-04-11 20:15:58.155 +05:30  INF  Request finished HTTP/2 POST https://localhost:7069/api/Authenticate/user application/json 50 - 200 - application/json;+charset=utf-8 6678.1386ms

2024-04-11 20:15:58.478 +05:30  INF  Request starting HTTP/2 OPTIONS https://localhost:7069/api/Dashboard/Get - -

2024-04-11 20:15:58.481 +05:30  INF  CORS policy execution successful.

2024-04-11 20:15:58.482 +05:30  INF  Request finished HTTP/2 OPTIONS https://localhost:7069/api/Dashboard/Get - - - 204 - - 3.4130ms

2024-04-11 20:15:58.484 +05:30  INF  Request starting HTTP/2 GET https://localhost:7069/api/Dashboard/Get application/json -

2024-04-11 20:15:58.484 +05:30  INF  CORS policy execution successful.

2024-04-11 20:15:59.356 +05:30  INF  Executed DbCommand (233ms) [Parameters=[@__id_0='?' (DbType = Int64)], CommandType='"Text"', CommandTimeout='30']
SELECT `u`.`Id`, `u`.`About_Me`, `u`.`Account_Type`, `u`.`Address`, `u`.`Available_Days`, `u`.`Bn_Name`, `u`.`City`, `u`.`Country`, `u`.`Created_At`, `u`.`Currency`, `u`.`Degree`, `u`.`Email`, `u`.`Email_Verified`, `u`.`Enable_Appointment`, `u`.`Enable_Rating`, `u`.`Exp_Years`, `u`.`Facebook`, `u`.`Google_Analytics`, `u`.`Image`, `u`.`Instagram`, `u`.`Linkedin`, `u`.`Name`, `u`.`Parent_Id`, `u`.`Password`, `u`.`Paypal_Email`, `u`.`Paypal_Mode`, `u`.`Paypal_Payment`, `u`.`Paystack_Payment`, `u`.`Paystack_Public_Key`, `u`.`Paystack_Secret_Key`, `u`.`Phone`, `u`.`Publish_Key`, `u`.`Qr_Code`, `u`.`Razorpay_Key_Id`, `u`.`Razorpay_Key_Secret`, `u`.`Razorpay_Payment`, `u`.`Role`, `u`.`Secret_Key`, `u`.`Skype`, `u`.`Slug`, `u`.`Specialist`, `u`.`Status`, `u`.`Stripe_Payment`, `u`.`Thumb`, `u`.`Trial_Expire`, `u`.`Twitter`, `u`.`User_Name`, `u`.`User_Type`, `u`.`Verify_Code`, `u`.`Whatsapp`
FROM `Users` AS `u`
WHERE `u`.`Id` = @__id_0
LIMIT 1

2024-04-11 20:15:59.356 +05:30  INF  Executing endpoint 'DCRM.Api.Controllers.DashboardController.Get (DCRM.Api)'

2024-04-11 20:15:59.358 +05:30  INF  Route matched with {action = "Get", controller = "Dashboard"}. Executing controller action with signature DCRM.Common.Dto.DashboardDto Get() on controller DCRM.Api.Controllers.DashboardController (DCRM.Api).

2024-04-11 20:16:00.129 +05:30  INF  Executed DbCommand (230ms) [Parameters=[@__p_0='?' (DbType = Int64)], CommandType='"Text"', CommandTimeout='30']
SELECT COUNT(*)
FROM `Patientses` AS `p`
WHERE (`p`.`User_Id` = @__p_0) AND (`p`.`Is_Delete` = 0)

2024-04-11 20:16:00.831 +05:30  INF  Executed DbCommand (235ms) [Parameters=[@__userId_0='?' (DbType = Int32)], CommandType='"Text"', CommandTimeout='30']
SELECT COUNT(*)
FROM `Staffs` AS `s`
WHERE (`s`.`User_Id` = @__userId_0) AND (`s`.`Is_Deleted` = 0)

2024-04-11 20:16:01.525 +05:30  INF  Executed DbCommand (229ms) [Parameters=[@__userId_0='?' (DbType = Int32)], CommandType='"Text"', CommandTimeout='30']
SELECT COUNT(*)
FROM `Appointments` AS `a`
WHERE (`a`.`User_Id` = @__userId_0) AND (`a`.`Is_Delete` = 0)

2024-04-11 20:16:02.241 +05:30  INF  Executed DbCommand (230ms) [Parameters=[@__userId_0='?' (DbType = Int32)], CommandType='"Text"', CommandTimeout='30']
SELECT COUNT(*)
FROM `Appointments` AS `a`
WHERE ((`a`.`User_Id` = @__userId_0) AND (`a`.`Is_Delete` = 0)) AND (`a`.`Date` = CURDATE())

2024-04-11 20:16:02.242 +05:30  INF  Executing ObjectResult, writing value of type 'DCRM.Common.Dto.DashboardDto'.

2024-04-11 20:16:02.244 +05:30  INF  Executed action DCRM.Api.Controllers.DashboardController.Get (DCRM.Api) in 2885.7355ms

2024-04-11 20:16:02.244 +05:30  INF  Executed endpoint 'DCRM.Api.Controllers.DashboardController.Get (DCRM.Api)'

2024-04-11 20:16:02.244 +05:30  INF  Request finished HTTP/2 GET https://localhost:7069/api/Dashboard/Get application/json - - 200 - application/json;+charset=utf-8 3760.4058ms

2024-04-11 20:17:43.121 +05:30  INF  Request starting HTTP/2 OPTIONS https://localhost:7069/api/Dashboard/Get - -

2024-04-11 20:17:43.121 +05:30  INF  CORS policy execution successful.

2024-04-11 20:17:43.129 +05:30  INF  Request finished HTTP/2 OPTIONS https://localhost:7069/api/Dashboard/Get - - - 204 - - 8.7486ms

2024-04-11 20:17:43.146 +05:30  INF  Request starting HTTP/2 GET https://localhost:7069/api/Dashboard/Get application/json -

2024-04-11 20:17:43.146 +05:30  INF  CORS policy execution successful.

2024-04-11 20:17:43.882 +05:30  INF  Executed DbCommand (231ms) [Parameters=[@__id_0='?' (DbType = Int64)], CommandType='"Text"', CommandTimeout='30']
SELECT `u`.`Id`, `u`.`About_Me`, `u`.`Account_Type`, `u`.`Address`, `u`.`Available_Days`, `u`.`Bn_Name`, `u`.`City`, `u`.`Country`, `u`.`Created_At`, `u`.`Currency`, `u`.`Degree`, `u`.`Email`, `u`.`Email_Verified`, `u`.`Enable_Appointment`, `u`.`Enable_Rating`, `u`.`Exp_Years`, `u`.`Facebook`, `u`.`Google_Analytics`, `u`.`Image`, `u`.`Instagram`, `u`.`Linkedin`, `u`.`Name`, `u`.`Parent_Id`, `u`.`Password`, `u`.`Paypal_Email`, `u`.`Paypal_Mode`, `u`.`Paypal_Payment`, `u`.`Paystack_Payment`, `u`.`Paystack_Public_Key`, `u`.`Paystack_Secret_Key`, `u`.`Phone`, `u`.`Publish_Key`, `u`.`Qr_Code`, `u`.`Razorpay_Key_Id`, `u`.`Razorpay_Key_Secret`, `u`.`Razorpay_Payment`, `u`.`Role`, `u`.`Secret_Key`, `u`.`Skype`, `u`.`Slug`, `u`.`Specialist`, `u`.`Status`, `u`.`Stripe_Payment`, `u`.`Thumb`, `u`.`Trial_Expire`, `u`.`Twitter`, `u`.`User_Name`, `u`.`User_Type`, `u`.`Verify_Code`, `u`.`Whatsapp`
FROM `Users` AS `u`
WHERE `u`.`Id` = @__id_0
LIMIT 1

2024-04-11 20:17:43.883 +05:30  INF  Executing endpoint 'DCRM.Api.Controllers.DashboardController.Get (DCRM.Api)'

2024-04-11 20:17:43.883 +05:30  INF  Route matched with {action = "Get", controller = "Dashboard"}. Executing controller action with signature DCRM.Common.Dto.DashboardDto Get() on controller DCRM.Api.Controllers.DashboardController (DCRM.Api).

2024-04-11 20:17:44.579 +05:30  INF  Executed DbCommand (232ms) [Parameters=[@__p_0='?' (DbType = Int64)], CommandType='"Text"', CommandTimeout='30']
SELECT COUNT(*)
FROM `Patientses` AS `p`
WHERE (`p`.`User_Id` = @__p_0) AND (`p`.`Is_Delete` = 0)

2024-04-11 20:17:45.271 +05:30  INF  Executed DbCommand (230ms) [Parameters=[@__userId_0='?' (DbType = Int32)], CommandType='"Text"', CommandTimeout='30']
SELECT COUNT(*)
FROM `Staffs` AS `s`
WHERE (`s`.`User_Id` = @__userId_0) AND (`s`.`Is_Deleted` = 0)

2024-04-11 20:17:45.966 +05:30  INF  Executed DbCommand (236ms) [Parameters=[@__userId_0='?' (DbType = Int32)], CommandType='"Text"', CommandTimeout='30']
SELECT COUNT(*)
FROM `Appointments` AS `a`
WHERE (`a`.`User_Id` = @__userId_0) AND (`a`.`Is_Delete` = 0)

2024-04-11 20:17:46.660 +05:30  INF  Executed DbCommand (232ms) [Parameters=[@__userId_0='?' (DbType = Int32)], CommandType='"Text"', CommandTimeout='30']
SELECT COUNT(*)
FROM `Appointments` AS `a`
WHERE ((`a`.`User_Id` = @__userId_0) AND (`a`.`Is_Delete` = 0)) AND (`a`.`Date` = CURDATE())

2024-04-11 20:17:46.661 +05:30  INF  Executing ObjectResult, writing value of type 'DCRM.Common.Dto.DashboardDto'.

2024-04-11 20:17:46.661 +05:30  INF  Executed action DCRM.Api.Controllers.DashboardController.Get (DCRM.Api) in 2778.1168ms

2024-04-11 20:17:46.661 +05:30  INF  Executed endpoint 'DCRM.Api.Controllers.DashboardController.Get (DCRM.Api)'

2024-04-11 20:17:46.661 +05:30  INF  Request finished HTTP/2 GET https://localhost:7069/api/Dashboard/Get application/json - - 200 - application/json;+charset=utf-8 3515.7432ms

2024-04-11 20:19:48.266 +05:30  INF  Request starting HTTP/2 OPTIONS https://localhost:7069/api/Dashboard/Get - -

2024-04-11 20:19:48.267 +05:30  INF  CORS policy execution successful.

2024-04-11 20:19:48.267 +05:30  INF  Request finished HTTP/2 OPTIONS https://localhost:7069/api/Dashboard/Get - - - 204 - - 1.0963ms

2024-04-11 20:19:48.269 +05:30  INF  Request starting HTTP/2 GET https://localhost:7069/api/Dashboard/Get application/json -

2024-04-11 20:19:48.269 +05:30  INF  CORS policy execution successful.

2024-04-11 20:19:48.957 +05:30  INF  Executed DbCommand (228ms) [Parameters=[@__id_0='?' (DbType = Int64)], CommandType='"Text"', CommandTimeout='30']
SELECT `u`.`Id`, `u`.`About_Me`, `u`.`Account_Type`, `u`.`Address`, `u`.`Available_Days`, `u`.`Bn_Name`, `u`.`City`, `u`.`Country`, `u`.`Created_At`, `u`.`Currency`, `u`.`Degree`, `u`.`Email`, `u`.`Email_Verified`, `u`.`Enable_Appointment`, `u`.`Enable_Rating`, `u`.`Exp_Years`, `u`.`Facebook`, `u`.`Google_Analytics`, `u`.`Image`, `u`.`Instagram`, `u`.`Linkedin`, `u`.`Name`, `u`.`Parent_Id`, `u`.`Password`, `u`.`Paypal_Email`, `u`.`Paypal_Mode`, `u`.`Paypal_Payment`, `u`.`Paystack_Payment`, `u`.`Paystack_Public_Key`, `u`.`Paystack_Secret_Key`, `u`.`Phone`, `u`.`Publish_Key`, `u`.`Qr_Code`, `u`.`Razorpay_Key_Id`, `u`.`Razorpay_Key_Secret`, `u`.`Razorpay_Payment`, `u`.`Role`, `u`.`Secret_Key`, `u`.`Skype`, `u`.`Slug`, `u`.`Specialist`, `u`.`Status`, `u`.`Stripe_Payment`, `u`.`Thumb`, `u`.`Trial_Expire`, `u`.`Twitter`, `u`.`User_Name`, `u`.`User_Type`, `u`.`Verify_Code`, `u`.`Whatsapp`
FROM `Users` AS `u`
WHERE `u`.`Id` = @__id_0
LIMIT 1

2024-04-11 20:19:48.957 +05:30  INF  Executing endpoint 'DCRM.Api.Controllers.DashboardController.Get (DCRM.Api)'

2024-04-11 20:19:48.958 +05:30  INF  Route matched with {action = "Get", controller = "Dashboard"}. Executing controller action with signature DCRM.Common.Dto.DashboardDto Get() on controller DCRM.Api.Controllers.DashboardController (DCRM.Api).

2024-04-11 20:19:49.646 +05:30  INF  Executed DbCommand (229ms) [Parameters=[@__p_0='?' (DbType = Int64)], CommandType='"Text"', CommandTimeout='30']
SELECT COUNT(*)
FROM `Patientses` AS `p`
WHERE (`p`.`User_Id` = @__p_0) AND (`p`.`Is_Delete` = 0)

2024-04-11 20:19:50.334 +05:30  INF  Executed DbCommand (229ms) [Parameters=[@__userId_0='?' (DbType = Int32)], CommandType='"Text"', CommandTimeout='30']
SELECT COUNT(*)
FROM `Staffs` AS `s`
WHERE (`s`.`User_Id` = @__userId_0) AND (`s`.`Is_Deleted` = 0)

2024-04-11 20:19:51.022 +05:30  INF  Executed DbCommand (229ms) [Parameters=[@__userId_0='?' (DbType = Int32)], CommandType='"Text"', CommandTimeout='30']
SELECT COUNT(*)
FROM `Appointments` AS `a`
WHERE (`a`.`User_Id` = @__userId_0) AND (`a`.`Is_Delete` = 0)

2024-04-11 20:19:51.712 +05:30  INF  Executed DbCommand (231ms) [Parameters=[@__userId_0='?' (DbType = Int32)], CommandType='"Text"', CommandTimeout='30']
SELECT COUNT(*)
FROM `Appointments` AS `a`
WHERE ((`a`.`User_Id` = @__userId_0) AND (`a`.`Is_Delete` = 0)) AND (`a`.`Date` = CURDATE())

2024-04-11 20:19:51.713 +05:30  INF  Executing ObjectResult, writing value of type 'DCRM.Common.Dto.DashboardDto'.

2024-04-11 20:19:51.713 +05:30  INF  Executed action DCRM.Api.Controllers.DashboardController.Get (DCRM.Api) in 2755.1673ms

2024-04-11 20:19:51.713 +05:30  INF  Executed endpoint 'DCRM.Api.Controllers.DashboardController.Get (DCRM.Api)'

2024-04-11 20:19:51.713 +05:30  INF  Request finished HTTP/2 GET https://localhost:7069/api/Dashboard/Get application/json - - 200 - application/json;+charset=utf-8 3443.6254ms

2024-04-11 20:19:56.733 +05:30  INF  Request starting HTTP/2 OPTIONS https://localhost:7069/api/Drug/master/getall - -

2024-04-11 20:19:56.734 +05:30  INF  CORS policy execution successful.

2024-04-11 20:19:56.734 +05:30  INF  Request finished HTTP/2 OPTIONS https://localhost:7069/api/Drug/master/getall - - - 204 - - 0.8502ms

2024-04-11 20:19:56.736 +05:30  INF  Request starting HTTP/2 GET https://localhost:7069/api/Drug/master/getall application/json -

2024-04-11 20:19:56.739 +05:30  INF  CORS policy execution successful.

2024-04-11 20:19:57.431 +05:30  INF  Executed DbCommand (231ms) [Parameters=[@__id_0='?' (DbType = Int64)], CommandType='"Text"', CommandTimeout='30']
SELECT `u`.`Id`, `u`.`About_Me`, `u`.`Account_Type`, `u`.`Address`, `u`.`Available_Days`, `u`.`Bn_Name`, `u`.`City`, `u`.`Country`, `u`.`Created_At`, `u`.`Currency`, `u`.`Degree`, `u`.`Email`, `u`.`Email_Verified`, `u`.`Enable_Appointment`, `u`.`Enable_Rating`, `u`.`Exp_Years`, `u`.`Facebook`, `u`.`Google_Analytics`, `u`.`Image`, `u`.`Instagram`, `u`.`Linkedin`, `u`.`Name`, `u`.`Parent_Id`, `u`.`Password`, `u`.`Paypal_Email`, `u`.`Paypal_Mode`, `u`.`Paypal_Payment`, `u`.`Paystack_Payment`, `u`.`Paystack_Public_Key`, `u`.`Paystack_Secret_Key`, `u`.`Phone`, `u`.`Publish_Key`, `u`.`Qr_Code`, `u`.`Razorpay_Key_Id`, `u`.`Razorpay_Key_Secret`, `u`.`Razorpay_Payment`, `u`.`Role`, `u`.`Secret_Key`, `u`.`Skype`, `u`.`Slug`, `u`.`Specialist`, `u`.`Status`, `u`.`Stripe_Payment`, `u`.`Thumb`, `u`.`Trial_Expire`, `u`.`Twitter`, `u`.`User_Name`, `u`.`User_Type`, `u`.`Verify_Code`, `u`.`Whatsapp`
FROM `Users` AS `u`
WHERE `u`.`Id` = @__id_0
LIMIT 1

2024-04-11 20:19:57.431 +05:30  INF  Executing endpoint 'DCRM.Api.Controllers.DrugController.GetAllMaster (DCRM.Api)'

2024-04-11 20:19:57.433 +05:30  INF  Route matched with {action = "GetAllMaster", controller = "Drug"}. Executing controller action with signature System.Collections.Generic.List`1[DCRM.Common.Dto.MasterDataDto] GetAllMaster() on controller DCRM.Api.Controllers.DrugController (DCRM.Api).

2024-04-11 20:19:58.127 +05:30  INF  Executed DbCommand (230ms) [Parameters=[], CommandType='"Text"', CommandTimeout='30']
SELECT `m`.`Id`, `m`.`Basic_Salt`, `m`.`Company_Name`, `m`.`Created_At`, `m`.`Name`, `m`.`ParentId`, `m`.`TypeId`, `m`.`Updated_At`
FROM `Master_Data` AS `m`

2024-04-11 20:19:58.838 +05:30  INF  Executed DbCommand (230ms) [Parameters=[], CommandType='"Text"', CommandTimeout='30']
SELECT `m`.`Id`, `m`.`Name`
FROM `Master_Type` AS `m`

2024-04-11 20:19:58.849 +05:30  INF  Executing ObjectResult, writing value of type 'System.Collections.Generic.List`1[[DCRM.Common.Dto.MasterDataDto, DCRM.Common, Version=1.0.0.0, Culture=neutral, PublicKeyToken=null]]'.

2024-04-11 20:19:58.873 +05:30  INF  Executed action DCRM.Api.Controllers.DrugController.GetAllMaster (DCRM.Api) in 1440.4986ms

2024-04-11 20:19:58.873 +05:30  INF  Executed endpoint 'DCRM.Api.Controllers.DrugController.GetAllMaster (DCRM.Api)'

2024-04-11 20:19:58.874 +05:30  INF  Request finished HTTP/2 GET https://localhost:7069/api/Drug/master/getall application/json - - 200 - application/json;+charset=utf-8 2137.7105ms

2024-04-11 20:20:27.130 +05:30  INF  Request starting HTTP/2 OPTIONS https://localhost:7069/api/Drug/master/getall - -

2024-04-11 20:20:27.132 +05:30  INF  CORS policy execution successful.

2024-04-11 20:20:27.132 +05:30  INF  Request finished HTTP/2 OPTIONS https://localhost:7069/api/Drug/master/getall - - - 204 - - 1.9997ms

2024-04-11 20:20:27.135 +05:30  INF  Request starting HTTP/2 GET https://localhost:7069/api/Drug/master/getall application/json -

2024-04-11 20:20:27.137 +05:30  INF  CORS policy execution successful.

2024-04-11 20:20:27.829 +05:30  INF  Executed DbCommand (230ms) [Parameters=[@__id_0='?' (DbType = Int64)], CommandType='"Text"', CommandTimeout='30']
SELECT `u`.`Id`, `u`.`About_Me`, `u`.`Account_Type`, `u`.`Address`, `u`.`Available_Days`, `u`.`Bn_Name`, `u`.`City`, `u`.`Country`, `u`.`Created_At`, `u`.`Currency`, `u`.`Degree`, `u`.`Email`, `u`.`Email_Verified`, `u`.`Enable_Appointment`, `u`.`Enable_Rating`, `u`.`Exp_Years`, `u`.`Facebook`, `u`.`Google_Analytics`, `u`.`Image`, `u`.`Instagram`, `u`.`Linkedin`, `u`.`Name`, `u`.`Parent_Id`, `u`.`Password`, `u`.`Paypal_Email`, `u`.`Paypal_Mode`, `u`.`Paypal_Payment`, `u`.`Paystack_Payment`, `u`.`Paystack_Public_Key`, `u`.`Paystack_Secret_Key`, `u`.`Phone`, `u`.`Publish_Key`, `u`.`Qr_Code`, `u`.`Razorpay_Key_Id`, `u`.`Razorpay_Key_Secret`, `u`.`Razorpay_Payment`, `u`.`Role`, `u`.`Secret_Key`, `u`.`Skype`, `u`.`Slug`, `u`.`Specialist`, `u`.`Status`, `u`.`Stripe_Payment`, `u`.`Thumb`, `u`.`Trial_Expire`, `u`.`Twitter`, `u`.`User_Name`, `u`.`User_Type`, `u`.`Verify_Code`, `u`.`Whatsapp`
FROM `Users` AS `u`
WHERE `u`.`Id` = @__id_0
LIMIT 1

2024-04-11 20:20:27.830 +05:30  INF  Executing endpoint 'DCRM.Api.Controllers.DrugController.GetAllMaster (DCRM.Api)'

2024-04-11 20:20:27.830 +05:30  INF  Route matched with {action = "GetAllMaster", controller = "Drug"}. Executing controller action with signature System.Collections.Generic.List`1[DCRM.Common.Dto.MasterDataDto] GetAllMaster() on controller DCRM.Api.Controllers.DrugController (DCRM.Api).

2024-04-11 20:20:28.518 +05:30  INF  Executed DbCommand (229ms) [Parameters=[], CommandType='"Text"', CommandTimeout='30']
SELECT `m`.`Id`, `m`.`Basic_Salt`, `m`.`Company_Name`, `m`.`Created_At`, `m`.`Name`, `m`.`ParentId`, `m`.`TypeId`, `m`.`Updated_At`
FROM `Master_Data` AS `m`

2024-04-11 20:20:29.208 +05:30  INF  Executed DbCommand (229ms) [Parameters=[], CommandType='"Text"', CommandTimeout='30']
SELECT `m`.`Id`, `m`.`Name`
FROM `Master_Type` AS `m`

2024-04-11 20:20:29.208 +05:30  INF  Executing ObjectResult, writing value of type 'System.Collections.Generic.List`1[[DCRM.Common.Dto.MasterDataDto, DCRM.Common, Version=1.0.0.0, Culture=neutral, PublicKeyToken=null]]'.

2024-04-11 20:20:29.208 +05:30  INF  Executed action DCRM.Api.Controllers.DrugController.GetAllMaster (DCRM.Api) in 1378.0768ms

2024-04-11 20:20:29.208 +05:30  INF  Executed endpoint 'DCRM.Api.Controllers.DrugController.GetAllMaster (DCRM.Api)'

2024-04-11 20:20:29.208 +05:30  INF  Request finished HTTP/2 GET https://localhost:7069/api/Drug/master/getall application/json - - 200 - application/json;+charset=utf-8 2073.0273ms

2024-04-11 20:21:12.395 +05:30  INF  Request starting HTTP/2 OPTIONS https://localhost:7069/api/Drug/master/get/1 - -

2024-04-11 20:21:12.395 +05:30  INF  CORS policy execution successful.

2024-04-11 20:21:12.401 +05:30  INF  Request finished HTTP/2 OPTIONS https://localhost:7069/api/Drug/master/get/1 - - - 204 - - 6.2820ms

2024-04-11 20:21:12.415 +05:30  INF  Request starting HTTP/2 GET https://localhost:7069/api/Drug/master/get/1 application/json -

2024-04-11 20:21:12.415 +05:30  INF  CORS policy execution successful.

2024-04-11 20:21:13.106 +05:30  INF  Executed DbCommand (230ms) [Parameters=[@__id_0='?' (DbType = Int64)], CommandType='"Text"', CommandTimeout='30']
SELECT `u`.`Id`, `u`.`About_Me`, `u`.`Account_Type`, `u`.`Address`, `u`.`Available_Days`, `u`.`Bn_Name`, `u`.`City`, `u`.`Country`, `u`.`Created_At`, `u`.`Currency`, `u`.`Degree`, `u`.`Email`, `u`.`Email_Verified`, `u`.`Enable_Appointment`, `u`.`Enable_Rating`, `u`.`Exp_Years`, `u`.`Facebook`, `u`.`Google_Analytics`, `u`.`Image`, `u`.`Instagram`, `u`.`Linkedin`, `u`.`Name`, `u`.`Parent_Id`, `u`.`Password`, `u`.`Paypal_Email`, `u`.`Paypal_Mode`, `u`.`Paypal_Payment`, `u`.`Paystack_Payment`, `u`.`Paystack_Public_Key`, `u`.`Paystack_Secret_Key`, `u`.`Phone`, `u`.`Publish_Key`, `u`.`Qr_Code`, `u`.`Razorpay_Key_Id`, `u`.`Razorpay_Key_Secret`, `u`.`Razorpay_Payment`, `u`.`Role`, `u`.`Secret_Key`, `u`.`Skype`, `u`.`Slug`, `u`.`Specialist`, `u`.`Status`, `u`.`Stripe_Payment`, `u`.`Thumb`, `u`.`Trial_Expire`, `u`.`Twitter`, `u`.`User_Name`, `u`.`User_Type`, `u`.`Verify_Code`, `u`.`Whatsapp`
FROM `Users` AS `u`
WHERE `u`.`Id` = @__id_0
LIMIT 1

2024-04-11 20:21:13.106 +05:30  INF  Executing endpoint 'DCRM.Api.Controllers.DrugController.GetMaster (DCRM.Api)'

2024-04-11 20:21:13.107 +05:30  INF  Route matched with {action = "GetMaster", controller = "Drug"}. Executing controller action with signature DCRM.Common.Dto.MasterDataDto GetMaster(Int32) on controller DCRM.Api.Controllers.DrugController (DCRM.Api).

2024-04-11 20:21:13.797 +05:30  INF  Executed DbCommand (230ms) [Parameters=[], CommandType='"Text"', CommandTimeout='30']
SELECT `m`.`Id`, `m`.`Basic_Salt`, `m`.`Company_Name`, `m`.`Created_At`, `m`.`Name`, `m`.`ParentId`, `m`.`TypeId`, `m`.`Updated_At`
FROM `Master_Data` AS `m`

2024-04-11 20:21:14.487 +05:30  INF  Executed DbCommand (230ms) [Parameters=[], CommandType='"Text"', CommandTimeout='30']
SELECT `m`.`Id`, `m`.`Name`
FROM `Master_Type` AS `m`

2024-04-11 20:21:14.488 +05:30  INF  Executing ObjectResult, writing value of type 'DCRM.Common.Dto.MasterDataDto'.

2024-04-11 20:21:14.488 +05:30  INF  Executed action DCRM.Api.Controllers.DrugController.GetMaster (DCRM.Api) in 1380.3948ms

2024-04-11 20:21:14.488 +05:30  INF  Executed endpoint 'DCRM.Api.Controllers.DrugController.GetMaster (DCRM.Api)'

2024-04-11 20:21:14.488 +05:30  INF  Request finished HTTP/2 GET https://localhost:7069/api/Drug/master/get/1 application/json - - 200 - application/json;+charset=utf-8 2073.0497ms

2024-04-11 20:21:34.795 +05:30  INF  Request starting HTTP/2 OPTIONS https://localhost:7069/api/Drug/master/getall - -

2024-04-11 20:21:34.795 +05:30  INF  CORS policy execution successful.

2024-04-11 20:21:34.797 +05:30  INF  Request finished HTTP/2 OPTIONS https://localhost:7069/api/Drug/master/getall - - - 204 - - 2.0584ms

2024-04-11 20:21:34.804 +05:30  INF  Request starting HTTP/2 GET https://localhost:7069/api/Drug/master/getall application/json -

2024-04-11 20:21:34.805 +05:30  INF  CORS policy execution successful.

2024-04-11 20:21:35.501 +05:30  INF  Executed DbCommand (232ms) [Parameters=[@__id_0='?' (DbType = Int64)], CommandType='"Text"', CommandTimeout='30']
SELECT `u`.`Id`, `u`.`About_Me`, `u`.`Account_Type`, `u`.`Address`, `u`.`Available_Days`, `u`.`Bn_Name`, `u`.`City`, `u`.`Country`, `u`.`Created_At`, `u`.`Currency`, `u`.`Degree`, `u`.`Email`, `u`.`Email_Verified`, `u`.`Enable_Appointment`, `u`.`Enable_Rating`, `u`.`Exp_Years`, `u`.`Facebook`, `u`.`Google_Analytics`, `u`.`Image`, `u`.`Instagram`, `u`.`Linkedin`, `u`.`Name`, `u`.`Parent_Id`, `u`.`Password`, `u`.`Paypal_Email`, `u`.`Paypal_Mode`, `u`.`Paypal_Payment`, `u`.`Paystack_Payment`, `u`.`Paystack_Public_Key`, `u`.`Paystack_Secret_Key`, `u`.`Phone`, `u`.`Publish_Key`, `u`.`Qr_Code`, `u`.`Razorpay_Key_Id`, `u`.`Razorpay_Key_Secret`, `u`.`Razorpay_Payment`, `u`.`Role`, `u`.`Secret_Key`, `u`.`Skype`, `u`.`Slug`, `u`.`Specialist`, `u`.`Status`, `u`.`Stripe_Payment`, `u`.`Thumb`, `u`.`Trial_Expire`, `u`.`Twitter`, `u`.`User_Name`, `u`.`User_Type`, `u`.`Verify_Code`, `u`.`Whatsapp`
FROM `Users` AS `u`
WHERE `u`.`Id` = @__id_0
LIMIT 1

2024-04-11 20:21:35.501 +05:30  INF  Executing endpoint 'DCRM.Api.Controllers.DrugController.GetAllMaster (DCRM.Api)'

2024-04-11 20:21:35.501 +05:30  INF  Route matched with {action = "GetAllMaster", controller = "Drug"}. Executing controller action with signature System.Collections.Generic.List`1[DCRM.Common.Dto.MasterDataDto] GetAllMaster() on controller DCRM.Api.Controllers.DrugController (DCRM.Api).

2024-04-11 20:21:36.188 +05:30  INF  Executed DbCommand (230ms) [Parameters=[], CommandType='"Text"', CommandTimeout='30']
SELECT `m`.`Id`, `m`.`Basic_Salt`, `m`.`Company_Name`, `m`.`Created_At`, `m`.`Name`, `m`.`ParentId`, `m`.`TypeId`, `m`.`Updated_At`
FROM `Master_Data` AS `m`

2024-04-11 20:21:36.877 +05:30  INF  Executed DbCommand (230ms) [Parameters=[], CommandType='"Text"', CommandTimeout='30']
SELECT `m`.`Id`, `m`.`Name`
FROM `Master_Type` AS `m`

2024-04-11 20:21:36.878 +05:30  INF  Executing ObjectResult, writing value of type 'System.Collections.Generic.List`1[[DCRM.Common.Dto.MasterDataDto, DCRM.Common, Version=1.0.0.0, Culture=neutral, PublicKeyToken=null]]'.

2024-04-11 20:21:36.878 +05:30  INF  Executed action DCRM.Api.Controllers.DrugController.GetAllMaster (DCRM.Api) in 1377.0146ms

2024-04-11 20:21:36.878 +05:30  INF  Executed endpoint 'DCRM.Api.Controllers.DrugController.GetAllMaster (DCRM.Api)'

2024-04-11 20:21:36.878 +05:30  INF  Request finished HTTP/2 GET https://localhost:7069/api/Drug/master/getall application/json - - 200 - application/json;+charset=utf-8 2073.9310ms

2024-04-11 20:22:33.534 +05:30  INF  Request starting HTTP/2 OPTIONS https://localhost:7069/api/Drug/master/getall - -

2024-04-11 20:22:33.534 +05:30  INF  CORS policy execution successful.

2024-04-11 20:22:33.541 +05:30  INF  Request finished HTTP/2 OPTIONS https://localhost:7069/api/Drug/master/getall - - - 204 - - 7.5548ms

2024-04-11 20:22:33.551 +05:30  INF  Request starting HTTP/2 GET https://localhost:7069/api/Drug/master/getall application/json -

2024-04-11 20:22:33.553 +05:30  INF  CORS policy execution successful.

2024-04-11 20:22:33.986 +05:30  INF  Request starting HTTP/2 OPTIONS https://localhost:7069/api/Dashboard/Get - -

2024-04-11 20:22:33.986 +05:30  INF  CORS policy execution successful.

2024-04-11 20:22:33.986 +05:30  INF  Request finished HTTP/2 OPTIONS https://localhost:7069/api/Dashboard/Get - - - 204 - - 0.2682ms

2024-04-11 20:22:33.989 +05:30  INF  Request starting HTTP/2 GET https://localhost:7069/api/Dashboard/Get application/json -

2024-04-11 20:22:33.989 +05:30  INF  CORS policy execution successful.

2024-04-11 20:22:34.249 +05:30  INF  Executed DbCommand (234ms) [Parameters=[@__id_0='?' (DbType = Int64)], CommandType='"Text"', CommandTimeout='30']
SELECT `u`.`Id`, `u`.`About_Me`, `u`.`Account_Type`, `u`.`Address`, `u`.`Available_Days`, `u`.`Bn_Name`, `u`.`City`, `u`.`Country`, `u`.`Created_At`, `u`.`Currency`, `u`.`Degree`, `u`.`Email`, `u`.`Email_Verified`, `u`.`Enable_Appointment`, `u`.`Enable_Rating`, `u`.`Exp_Years`, `u`.`Facebook`, `u`.`Google_Analytics`, `u`.`Image`, `u`.`Instagram`, `u`.`Linkedin`, `u`.`Name`, `u`.`Parent_Id`, `u`.`Password`, `u`.`Paypal_Email`, `u`.`Paypal_Mode`, `u`.`Paypal_Payment`, `u`.`Paystack_Payment`, `u`.`Paystack_Public_Key`, `u`.`Paystack_Secret_Key`, `u`.`Phone`, `u`.`Publish_Key`, `u`.`Qr_Code`, `u`.`Razorpay_Key_Id`, `u`.`Razorpay_Key_Secret`, `u`.`Razorpay_Payment`, `u`.`Role`, `u`.`Secret_Key`, `u`.`Skype`, `u`.`Slug`, `u`.`Specialist`, `u`.`Status`, `u`.`Stripe_Payment`, `u`.`Thumb`, `u`.`Trial_Expire`, `u`.`Twitter`, `u`.`User_Name`, `u`.`User_Type`, `u`.`Verify_Code`, `u`.`Whatsapp`
FROM `Users` AS `u`
WHERE `u`.`Id` = @__id_0
LIMIT 1

2024-04-11 20:22:34.249 +05:30  INF  Executing endpoint 'DCRM.Api.Controllers.DrugController.GetAllMaster (DCRM.Api)'

2024-04-11 20:22:34.250 +05:30  INF  Route matched with {action = "GetAllMaster", controller = "Drug"}. Executing controller action with signature System.Collections.Generic.List`1[DCRM.Common.Dto.MasterDataDto] GetAllMaster() on controller DCRM.Api.Controllers.DrugController (DCRM.Api).

2024-04-11 20:22:34.938 +05:30  INF  Executed DbCommand (230ms) [Parameters=[], CommandType='"Text"', CommandTimeout='30']
SELECT `m`.`Id`, `m`.`Basic_Salt`, `m`.`Company_Name`, `m`.`Created_At`, `m`.`Name`, `m`.`ParentId`, `m`.`TypeId`, `m`.`Updated_At`
FROM `Master_Data` AS `m`

2024-04-11 20:22:35.625 +05:30  INF  Executed DbCommand (229ms) [Parameters=[], CommandType='"Text"', CommandTimeout='30']
SELECT `m`.`Id`, `m`.`Name`
FROM `Master_Type` AS `m`

2024-04-11 20:22:35.626 +05:30  INF  Executing ObjectResult, writing value of type 'System.Collections.Generic.List`1[[DCRM.Common.Dto.MasterDataDto, DCRM.Common, Version=1.0.0.0, Culture=neutral, PublicKeyToken=null]]'.

2024-04-11 20:22:35.626 +05:30  INF  Executed action DCRM.Api.Controllers.DrugController.GetAllMaster (DCRM.Api) in 1376.5815ms

2024-04-11 20:22:35.626 +05:30  INF  Executed endpoint 'DCRM.Api.Controllers.DrugController.GetAllMaster (DCRM.Api)'

2024-04-11 20:22:35.626 +05:30  INF  Request finished HTTP/2 GET https://localhost:7069/api/Drug/master/getall application/json - - 200 - application/json;+charset=utf-8 2075.2161ms

2024-04-11 20:22:37.330 +05:30  INF  Executed DbCommand (235ms) [Parameters=[@__id_0='?' (DbType = Int64)], CommandType='"Text"', CommandTimeout='30']
SELECT `u`.`Id`, `u`.`About_Me`, `u`.`Account_Type`, `u`.`Address`, `u`.`Available_Days`, `u`.`Bn_Name`, `u`.`City`, `u`.`Country`, `u`.`Created_At`, `u`.`Currency`, `u`.`Degree`, `u`.`Email`, `u`.`Email_Verified`, `u`.`Enable_Appointment`, `u`.`Enable_Rating`, `u`.`Exp_Years`, `u`.`Facebook`, `u`.`Google_Analytics`, `u`.`Image`, `u`.`Instagram`, `u`.`Linkedin`, `u`.`Name`, `u`.`Parent_Id`, `u`.`Password`, `u`.`Paypal_Email`, `u`.`Paypal_Mode`, `u`.`Paypal_Payment`, `u`.`Paystack_Payment`, `u`.`Paystack_Public_Key`, `u`.`Paystack_Secret_Key`, `u`.`Phone`, `u`.`Publish_Key`, `u`.`Qr_Code`, `u`.`Razorpay_Key_Id`, `u`.`Razorpay_Key_Secret`, `u`.`Razorpay_Payment`, `u`.`Role`, `u`.`Secret_Key`, `u`.`Skype`, `u`.`Slug`, `u`.`Specialist`, `u`.`Status`, `u`.`Stripe_Payment`, `u`.`Thumb`, `u`.`Trial_Expire`, `u`.`Twitter`, `u`.`User_Name`, `u`.`User_Type`, `u`.`Verify_Code`, `u`.`Whatsapp`
FROM `Users` AS `u`
WHERE `u`.`Id` = @__id_0
LIMIT 1

2024-04-11 20:22:37.331 +05:30  INF  Executing endpoint 'DCRM.Api.Controllers.DashboardController.Get (DCRM.Api)'

2024-04-11 20:22:37.331 +05:30  INF  Route matched with {action = "Get", controller = "Dashboard"}. Executing controller action with signature DCRM.Common.Dto.DashboardDto Get() on controller DCRM.Api.Controllers.DashboardController (DCRM.Api).

2024-04-11 20:22:38.031 +05:30  INF  Executed DbCommand (234ms) [Parameters=[@__p_0='?' (DbType = Int64)], CommandType='"Text"', CommandTimeout='30']
SELECT COUNT(*)
FROM `Patientses` AS `p`
WHERE (`p`.`User_Id` = @__p_0) AND (`p`.`Is_Delete` = 0)

2024-04-11 20:22:38.732 +05:30  INF  Executed DbCommand (234ms) [Parameters=[@__userId_0='?' (DbType = Int32)], CommandType='"Text"', CommandTimeout='30']
SELECT COUNT(*)
FROM `Staffs` AS `s`
WHERE (`s`.`User_Id` = @__userId_0) AND (`s`.`Is_Deleted` = 0)

2024-04-11 20:22:39.433 +05:30  INF  Executed DbCommand (234ms) [Parameters=[@__userId_0='?' (DbType = Int32)], CommandType='"Text"', CommandTimeout='30']
SELECT COUNT(*)
FROM `Appointments` AS `a`
WHERE (`a`.`User_Id` = @__userId_0) AND (`a`.`Is_Delete` = 0)

2024-04-11 20:22:40.130 +05:30  INF  Executed DbCommand (233ms) [Parameters=[@__userId_0='?' (DbType = Int32)], CommandType='"Text"', CommandTimeout='30']
SELECT COUNT(*)
FROM `Appointments` AS `a`
WHERE ((`a`.`User_Id` = @__userId_0) AND (`a`.`Is_Delete` = 0)) AND (`a`.`Date` = CURDATE())

2024-04-11 20:22:40.131 +05:30  INF  Executing ObjectResult, writing value of type 'DCRM.Common.Dto.DashboardDto'.

2024-04-11 20:22:40.131 +05:30  INF  Executed action DCRM.Api.Controllers.DashboardController.Get (DCRM.Api) in 2799.9699ms

2024-04-11 20:22:40.131 +05:30  INF  Executed endpoint 'DCRM.Api.Controllers.DashboardController.Get (DCRM.Api)'

2024-04-11 20:22:40.131 +05:30  INF  Request finished HTTP/2 GET https://localhost:7069/api/Dashboard/Get application/json - - 200 - application/json;+charset=utf-8 6141.8310ms

2024-04-11 20:22:49.194 +05:30  INF  Request starting HTTP/2 OPTIONS https://localhost:7069/api/Dashboard/Get - -

2024-04-11 20:22:49.194 +05:30  INF  CORS policy execution successful.

2024-04-11 20:22:49.194 +05:30  INF  Request finished HTTP/2 OPTIONS https://localhost:7069/api/Dashboard/Get - - - 204 - - 0.4711ms

2024-04-11 20:22:49.197 +05:30  INF  Request starting HTTP/2 GET https://localhost:7069/api/Dashboard/Get application/json -

2024-04-11 20:22:49.197 +05:30  INF  CORS policy execution successful.

2024-04-11 20:22:49.206 +05:30  INF  Request starting HTTP/2 OPTIONS https://localhost:7069/api/Drug/master/getall - -

2024-04-11 20:22:49.206 +05:30  INF  CORS policy execution successful.

2024-04-11 20:22:49.208 +05:30  INF  Request finished HTTP/2 OPTIONS https://localhost:7069/api/Drug/master/getall - - - 204 - - 1.4705ms

2024-04-11 20:22:49.211 +05:30  INF  Request starting HTTP/2 GET https://localhost:7069/api/Drug/master/getall application/json -

2024-04-11 20:22:49.211 +05:30  INF  CORS policy execution successful.

2024-04-11 20:22:49.895 +05:30  INF  Executed DbCommand (232ms) [Parameters=[@__id_0='?' (DbType = Int64)], CommandType='"Text"', CommandTimeout='30']
SELECT `u`.`Id`, `u`.`About_Me`, `u`.`Account_Type`, `u`.`Address`, `u`.`Available_Days`, `u`.`Bn_Name`, `u`.`City`, `u`.`Country`, `u`.`Created_At`, `u`.`Currency`, `u`.`Degree`, `u`.`Email`, `u`.`Email_Verified`, `u`.`Enable_Appointment`, `u`.`Enable_Rating`, `u`.`Exp_Years`, `u`.`Facebook`, `u`.`Google_Analytics`, `u`.`Image`, `u`.`Instagram`, `u`.`Linkedin`, `u`.`Name`, `u`.`Parent_Id`, `u`.`Password`, `u`.`Paypal_Email`, `u`.`Paypal_Mode`, `u`.`Paypal_Payment`, `u`.`Paystack_Payment`, `u`.`Paystack_Public_Key`, `u`.`Paystack_Secret_Key`, `u`.`Phone`, `u`.`Publish_Key`, `u`.`Qr_Code`, `u`.`Razorpay_Key_Id`, `u`.`Razorpay_Key_Secret`, `u`.`Razorpay_Payment`, `u`.`Role`, `u`.`Secret_Key`, `u`.`Skype`, `u`.`Slug`, `u`.`Specialist`, `u`.`Status`, `u`.`Stripe_Payment`, `u`.`Thumb`, `u`.`Trial_Expire`, `u`.`Twitter`, `u`.`User_Name`, `u`.`User_Type`, `u`.`Verify_Code`, `u`.`Whatsapp`
FROM `Users` AS `u`
WHERE `u`.`Id` = @__id_0
LIMIT 1

2024-04-11 20:22:49.896 +05:30  INF  Executing endpoint 'DCRM.Api.Controllers.DashboardController.Get (DCRM.Api)'

2024-04-11 20:22:49.896 +05:30  INF  Route matched with {action = "Get", controller = "Dashboard"}. Executing controller action with signature DCRM.Common.Dto.DashboardDto Get() on controller DCRM.Api.Controllers.DashboardController (DCRM.Api).

2024-04-11 20:22:49.898 +05:30  INF  Executed DbCommand (230ms) [Parameters=[@__id_0='?' (DbType = Int64)], CommandType='"Text"', CommandTimeout='30']
SELECT `u`.`Id`, `u`.`About_Me`, `u`.`Account_Type`, `u`.`Address`, `u`.`Available_Days`, `u`.`Bn_Name`, `u`.`City`, `u`.`Country`, `u`.`Created_At`, `u`.`Currency`, `u`.`Degree`, `u`.`Email`, `u`.`Email_Verified`, `u`.`Enable_Appointment`, `u`.`Enable_Rating`, `u`.`Exp_Years`, `u`.`Facebook`, `u`.`Google_Analytics`, `u`.`Image`, `u`.`Instagram`, `u`.`Linkedin`, `u`.`Name`, `u`.`Parent_Id`, `u`.`Password`, `u`.`Paypal_Email`, `u`.`Paypal_Mode`, `u`.`Paypal_Payment`, `u`.`Paystack_Payment`, `u`.`Paystack_Public_Key`, `u`.`Paystack_Secret_Key`, `u`.`Phone`, `u`.`Publish_Key`, `u`.`Qr_Code`, `u`.`Razorpay_Key_Id`, `u`.`Razorpay_Key_Secret`, `u`.`Razorpay_Payment`, `u`.`Role`, `u`.`Secret_Key`, `u`.`Skype`, `u`.`Slug`, `u`.`Specialist`, `u`.`Status`, `u`.`Stripe_Payment`, `u`.`Thumb`, `u`.`Trial_Expire`, `u`.`Twitter`, `u`.`User_Name`, `u`.`User_Type`, `u`.`Verify_Code`, `u`.`Whatsapp`
FROM `Users` AS `u`
WHERE `u`.`Id` = @__id_0
LIMIT 1

2024-04-11 20:22:49.898 +05:30  INF  Executing endpoint 'DCRM.Api.Controllers.DrugController.GetAllMaster (DCRM.Api)'

2024-04-11 20:22:49.898 +05:30  INF  Route matched with {action = "GetAllMaster", controller = "Drug"}. Executing controller action with signature System.Collections.Generic.List`1[DCRM.Common.Dto.MasterDataDto] GetAllMaster() on controller DCRM.Api.Controllers.DrugController (DCRM.Api).

2024-04-11 20:22:50.582 +05:30  INF  Executed DbCommand (230ms) [Parameters=[], CommandType='"Text"', CommandTimeout='30']
SELECT `m`.`Id`, `m`.`Basic_Salt`, `m`.`Company_Name`, `m`.`Created_At`, `m`.`Name`, `m`.`ParentId`, `m`.`TypeId`, `m`.`Updated_At`
FROM `Master_Data` AS `m`

2024-04-11 20:22:50.591 +05:30  INF  Executed DbCommand (233ms) [Parameters=[@__p_0='?' (DbType = Int64)], CommandType='"Text"', CommandTimeout='30']
SELECT COUNT(*)
FROM `Patientses` AS `p`
WHERE (`p`.`User_Id` = @__p_0) AND (`p`.`Is_Delete` = 0)

2024-04-11 20:22:51.269 +05:30  INF  Executed DbCommand (229ms) [Parameters=[], CommandType='"Text"', CommandTimeout='30']
SELECT `m`.`Id`, `m`.`Name`
FROM `Master_Type` AS `m`

2024-04-11 20:22:51.270 +05:30  INF  Executing ObjectResult, writing value of type 'System.Collections.Generic.List`1[[DCRM.Common.Dto.MasterDataDto, DCRM.Common, Version=1.0.0.0, Culture=neutral, PublicKeyToken=null]]'.

2024-04-11 20:22:51.270 +05:30  INF  Executed action DCRM.Api.Controllers.DrugController.GetAllMaster (DCRM.Api) in 1371.9038ms

2024-04-11 20:22:51.270 +05:30  INF  Executed endpoint 'DCRM.Api.Controllers.DrugController.GetAllMaster (DCRM.Api)'

2024-04-11 20:22:51.270 +05:30  INF  Request finished HTTP/2 GET https://localhost:7069/api/Drug/master/getall application/json - - 200 - application/json;+charset=utf-8 2059.3108ms

2024-04-11 20:22:51.287 +05:30  INF  Executed DbCommand (233ms) [Parameters=[@__userId_0='?' (DbType = Int32)], CommandType='"Text"', CommandTimeout='30']
SELECT COUNT(*)
FROM `Staffs` AS `s`
WHERE (`s`.`User_Id` = @__userId_0) AND (`s`.`Is_Deleted` = 0)

2024-04-11 20:22:51.988 +05:30  INF  Executed DbCommand (234ms) [Parameters=[@__userId_0='?' (DbType = Int32)], CommandType='"Text"', CommandTimeout='30']
SELECT COUNT(*)
FROM `Appointments` AS `a`
WHERE (`a`.`User_Id` = @__userId_0) AND (`a`.`Is_Delete` = 0)

2024-04-11 20:22:52.687 +05:30  INF  Executed DbCommand (234ms) [Parameters=[@__userId_0='?' (DbType = Int32)], CommandType='"Text"', CommandTimeout='30']
SELECT COUNT(*)
FROM `Appointments` AS `a`
WHERE ((`a`.`User_Id` = @__userId_0) AND (`a`.`Is_Delete` = 0)) AND (`a`.`Date` = CURDATE())

2024-04-11 20:22:52.687 +05:30  INF  Executing ObjectResult, writing value of type 'DCRM.Common.Dto.DashboardDto'.

2024-04-11 20:22:52.687 +05:30  INF  Executed action DCRM.Api.Controllers.DashboardController.Get (DCRM.Api) in 2791.3773ms

2024-04-11 20:22:52.687 +05:30  INF  Executed endpoint 'DCRM.Api.Controllers.DashboardController.Get (DCRM.Api)'

2024-04-11 20:22:52.688 +05:30  INF  Request finished HTTP/2 GET https://localhost:7069/api/Dashboard/Get application/json - - 200 - application/json;+charset=utf-8 3490.9146ms

2024-04-11 20:23:09.728 +05:30  INF  Request starting HTTP/2 OPTIONS https://localhost:7069/api/Dashboard/Get - -

2024-04-11 20:23:09.728 +05:30  INF  CORS policy execution successful.

2024-04-11 20:23:09.728 +05:30  INF  Request finished HTTP/2 OPTIONS https://localhost:7069/api/Dashboard/Get - - - 204 - - 0.4998ms

2024-04-11 20:23:09.737 +05:30  INF  Request starting HTTP/2 GET https://localhost:7069/api/Dashboard/Get application/json -

2024-04-11 20:23:09.738 +05:30  INF  CORS policy execution successful.

2024-04-11 20:23:09.866 +05:30  INF  Request starting HTTP/2 OPTIONS https://localhost:7069/api/Drug/master/getall - -

2024-04-11 20:23:09.866 +05:30  INF  CORS policy execution successful.

2024-04-11 20:23:09.866 +05:30  INF  Request finished HTTP/2 OPTIONS https://localhost:7069/api/Drug/master/getall - - - 204 - - 0.3129ms

2024-04-11 20:23:09.868 +05:30  INF  Request starting HTTP/2 GET https://localhost:7069/api/Drug/master/getall application/json -

2024-04-11 20:23:09.869 +05:30  INF  CORS policy execution successful.

2024-04-11 20:23:10.440 +05:30  INF  Executed DbCommand (234ms) [Parameters=[@__id_0='?' (DbType = Int64)], CommandType='"Text"', CommandTimeout='30']
SELECT `u`.`Id`, `u`.`About_Me`, `u`.`Account_Type`, `u`.`Address`, `u`.`Available_Days`, `u`.`Bn_Name`, `u`.`City`, `u`.`Country`, `u`.`Created_At`, `u`.`Currency`, `u`.`Degree`, `u`.`Email`, `u`.`Email_Verified`, `u`.`Enable_Appointment`, `u`.`Enable_Rating`, `u`.`Exp_Years`, `u`.`Facebook`, `u`.`Google_Analytics`, `u`.`Image`, `u`.`Instagram`, `u`.`Linkedin`, `u`.`Name`, `u`.`Parent_Id`, `u`.`Password`, `u`.`Paypal_Email`, `u`.`Paypal_Mode`, `u`.`Paypal_Payment`, `u`.`Paystack_Payment`, `u`.`Paystack_Public_Key`, `u`.`Paystack_Secret_Key`, `u`.`Phone`, `u`.`Publish_Key`, `u`.`Qr_Code`, `u`.`Razorpay_Key_Id`, `u`.`Razorpay_Key_Secret`, `u`.`Razorpay_Payment`, `u`.`Role`, `u`.`Secret_Key`, `u`.`Skype`, `u`.`Slug`, `u`.`Specialist`, `u`.`Status`, `u`.`Stripe_Payment`, `u`.`Thumb`, `u`.`Trial_Expire`, `u`.`Twitter`, `u`.`User_Name`, `u`.`User_Type`, `u`.`Verify_Code`, `u`.`Whatsapp`
FROM `Users` AS `u`
WHERE `u`.`Id` = @__id_0
LIMIT 1

2024-04-11 20:23:10.440 +05:30  INF  Executing endpoint 'DCRM.Api.Controllers.DashboardController.Get (DCRM.Api)'

2024-04-11 20:23:10.440 +05:30  INF  Route matched with {action = "Get", controller = "Dashboard"}. Executing controller action with signature DCRM.Common.Dto.DashboardDto Get() on controller DCRM.Api.Controllers.DashboardController (DCRM.Api).

2024-04-11 20:23:10.560 +05:30  INF  Executed DbCommand (232ms) [Parameters=[@__id_0='?' (DbType = Int64)], CommandType='"Text"', CommandTimeout='30']
SELECT `u`.`Id`, `u`.`About_Me`, `u`.`Account_Type`, `u`.`Address`, `u`.`Available_Days`, `u`.`Bn_Name`, `u`.`City`, `u`.`Country`, `u`.`Created_At`, `u`.`Currency`, `u`.`Degree`, `u`.`Email`, `u`.`Email_Verified`, `u`.`Enable_Appointment`, `u`.`Enable_Rating`, `u`.`Exp_Years`, `u`.`Facebook`, `u`.`Google_Analytics`, `u`.`Image`, `u`.`Instagram`, `u`.`Linkedin`, `u`.`Name`, `u`.`Parent_Id`, `u`.`Password`, `u`.`Paypal_Email`, `u`.`Paypal_Mode`, `u`.`Paypal_Payment`, `u`.`Paystack_Payment`, `u`.`Paystack_Public_Key`, `u`.`Paystack_Secret_Key`, `u`.`Phone`, `u`.`Publish_Key`, `u`.`Qr_Code`, `u`.`Razorpay_Key_Id`, `u`.`Razorpay_Key_Secret`, `u`.`Razorpay_Payment`, `u`.`Role`, `u`.`Secret_Key`, `u`.`Skype`, `u`.`Slug`, `u`.`Specialist`, `u`.`Status`, `u`.`Stripe_Payment`, `u`.`Thumb`, `u`.`Trial_Expire`, `u`.`Twitter`, `u`.`User_Name`, `u`.`User_Type`, `u`.`Verify_Code`, `u`.`Whatsapp`
FROM `Users` AS `u`
WHERE `u`.`Id` = @__id_0
LIMIT 1

2024-04-11 20:23:10.561 +05:30  INF  Executing endpoint 'DCRM.Api.Controllers.DrugController.GetAllMaster (DCRM.Api)'

2024-04-11 20:23:10.562 +05:30  INF  Route matched with {action = "GetAllMaster", controller = "Drug"}. Executing controller action with signature System.Collections.Generic.List`1[DCRM.Common.Dto.MasterDataDto] GetAllMaster() on controller DCRM.Api.Controllers.DrugController (DCRM.Api).

2024-04-11 20:23:11.143 +05:30  INF  Executed DbCommand (235ms) [Parameters=[@__p_0='?' (DbType = Int64)], CommandType='"Text"', CommandTimeout='30']
SELECT COUNT(*)
FROM `Patientses` AS `p`
WHERE (`p`.`User_Id` = @__p_0) AND (`p`.`Is_Delete` = 0)

2024-04-11 20:23:11.249 +05:30  INF  Executed DbCommand (230ms) [Parameters=[], CommandType='"Text"', CommandTimeout='30']
SELECT `m`.`Id`, `m`.`Basic_Salt`, `m`.`Company_Name`, `m`.`Created_At`, `m`.`Name`, `m`.`ParentId`, `m`.`TypeId`, `m`.`Updated_At`
FROM `Master_Data` AS `m`

2024-04-11 20:23:11.844 +05:30  INF  Executed DbCommand (234ms) [Parameters=[@__userId_0='?' (DbType = Int32)], CommandType='"Text"', CommandTimeout='30']
SELECT COUNT(*)
FROM `Staffs` AS `s`
WHERE (`s`.`User_Id` = @__userId_0) AND (`s`.`Is_Deleted` = 0)

2024-04-11 20:23:11.940 +05:30  INF  Executed DbCommand (232ms) [Parameters=[], CommandType='"Text"', CommandTimeout='30']
SELECT `m`.`Id`, `m`.`Name`
FROM `Master_Type` AS `m`

2024-04-11 20:23:11.940 +05:30  INF  Executing ObjectResult, writing value of type 'System.Collections.Generic.List`1[[DCRM.Common.Dto.MasterDataDto, DCRM.Common, Version=1.0.0.0, Culture=neutral, PublicKeyToken=null]]'.

2024-04-11 20:23:11.941 +05:30  INF  Executed action DCRM.Api.Controllers.DrugController.GetAllMaster (DCRM.Api) in 1379.26ms

2024-04-11 20:23:11.941 +05:30  INF  Executed endpoint 'DCRM.Api.Controllers.DrugController.GetAllMaster (DCRM.Api)'

2024-04-11 20:23:11.941 +05:30  INF  Request finished HTTP/2 GET https://localhost:7069/api/Drug/master/getall application/json - - 200 - application/json;+charset=utf-8 2073.0206ms

2024-04-11 20:23:12.544 +05:30  INF  Executed DbCommand (233ms) [Parameters=[@__userId_0='?' (DbType = Int32)], CommandType='"Text"', CommandTimeout='30']
SELECT COUNT(*)
FROM `Appointments` AS `a`
WHERE (`a`.`User_Id` = @__userId_0) AND (`a`.`Is_Delete` = 0)

2024-04-11 20:23:13.245 +05:30  INF  Executed DbCommand (234ms) [Parameters=[@__userId_0='?' (DbType = Int32)], CommandType='"Text"', CommandTimeout='30']
SELECT COUNT(*)
FROM `Appointments` AS `a`
WHERE ((`a`.`User_Id` = @__userId_0) AND (`a`.`Is_Delete` = 0)) AND (`a`.`Date` = CURDATE())

2024-04-11 20:23:13.245 +05:30  INF  Executing ObjectResult, writing value of type 'DCRM.Common.Dto.DashboardDto'.

2024-04-11 20:23:13.246 +05:30  INF  Executed action DCRM.Api.Controllers.DashboardController.Get (DCRM.Api) in 2805.6138ms

2024-04-11 20:23:13.246 +05:30  INF  Executed endpoint 'DCRM.Api.Controllers.DashboardController.Get (DCRM.Api)'

2024-04-11 20:23:13.246 +05:30  INF  Request finished HTTP/2 GET https://localhost:7069/api/Dashboard/Get application/json - - 200 - application/json;+charset=utf-8 3508.7979ms

2024-04-11 20:23:26.996 +05:30  INF  Request starting HTTP/2 OPTIONS https://localhost:7069/api/Dashboard/Get - -

2024-04-11 20:23:26.996 +05:30  INF  CORS policy execution successful.

2024-04-11 20:23:26.996 +05:30  INF  Request finished HTTP/2 OPTIONS https://localhost:7069/api/Dashboard/Get - - - 204 - - 0.5259ms

2024-04-11 20:23:26.999 +05:30  INF  Request starting HTTP/2 GET https://localhost:7069/api/Dashboard/Get application/json -

2024-04-11 20:23:26.999 +05:30  INF  CORS policy execution successful.

2024-04-11 20:23:27.133 +05:30  INF  Request starting HTTP/2 OPTIONS https://localhost:7069/api/Drug/master/getall - -

2024-04-11 20:23:27.133 +05:30  INF  CORS policy execution successful.

2024-04-11 20:23:27.134 +05:30  INF  Request finished HTTP/2 OPTIONS https://localhost:7069/api/Drug/master/getall - - - 204 - - 0.2368ms

2024-04-11 20:23:27.136 +05:30  INF  Request starting HTTP/2 GET https://localhost:7069/api/Drug/master/getall application/json -

2024-04-11 20:23:27.137 +05:30  INF  CORS policy execution successful.

2024-04-11 20:23:27.699 +05:30  INF  Executed DbCommand (235ms) [Parameters=[@__id_0='?' (DbType = Int64)], CommandType='"Text"', CommandTimeout='30']
SELECT `u`.`Id`, `u`.`About_Me`, `u`.`Account_Type`, `u`.`Address`, `u`.`Available_Days`, `u`.`Bn_Name`, `u`.`City`, `u`.`Country`, `u`.`Created_At`, `u`.`Currency`, `u`.`Degree`, `u`.`Email`, `u`.`Email_Verified`, `u`.`Enable_Appointment`, `u`.`Enable_Rating`, `u`.`Exp_Years`, `u`.`Facebook`, `u`.`Google_Analytics`, `u`.`Image`, `u`.`Instagram`, `u`.`Linkedin`, `u`.`Name`, `u`.`Parent_Id`, `u`.`Password`, `u`.`Paypal_Email`, `u`.`Paypal_Mode`, `u`.`Paypal_Payment`, `u`.`Paystack_Payment`, `u`.`Paystack_Public_Key`, `u`.`Paystack_Secret_Key`, `u`.`Phone`, `u`.`Publish_Key`, `u`.`Qr_Code`, `u`.`Razorpay_Key_Id`, `u`.`Razorpay_Key_Secret`, `u`.`Razorpay_Payment`, `u`.`Role`, `u`.`Secret_Key`, `u`.`Skype`, `u`.`Slug`, `u`.`Specialist`, `u`.`Status`, `u`.`Stripe_Payment`, `u`.`Thumb`, `u`.`Trial_Expire`, `u`.`Twitter`, `u`.`User_Name`, `u`.`User_Type`, `u`.`Verify_Code`, `u`.`Whatsapp`
FROM `Users` AS `u`
WHERE `u`.`Id` = @__id_0
LIMIT 1

2024-04-11 20:23:27.699 +05:30  INF  Executing endpoint 'DCRM.Api.Controllers.DashboardController.Get (DCRM.Api)'

2024-04-11 20:23:27.700 +05:30  INF  Route matched with {action = "Get", controller = "Dashboard"}. Executing controller action with signature DCRM.Common.Dto.DashboardDto Get() on controller DCRM.Api.Controllers.DashboardController (DCRM.Api).

2024-04-11 20:23:27.825 +05:30  INF  Executed DbCommand (231ms) [Parameters=[@__id_0='?' (DbType = Int64)], CommandType='"Text"', CommandTimeout='30']
SELECT `u`.`Id`, `u`.`About_Me`, `u`.`Account_Type`, `u`.`Address`, `u`.`Available_Days`, `u`.`Bn_Name`, `u`.`City`, `u`.`Country`, `u`.`Created_At`, `u`.`Currency`, `u`.`Degree`, `u`.`Email`, `u`.`Email_Verified`, `u`.`Enable_Appointment`, `u`.`Enable_Rating`, `u`.`Exp_Years`, `u`.`Facebook`, `u`.`Google_Analytics`, `u`.`Image`, `u`.`Instagram`, `u`.`Linkedin`, `u`.`Name`, `u`.`Parent_Id`, `u`.`Password`, `u`.`Paypal_Email`, `u`.`Paypal_Mode`, `u`.`Paypal_Payment`, `u`.`Paystack_Payment`, `u`.`Paystack_Public_Key`, `u`.`Paystack_Secret_Key`, `u`.`Phone`, `u`.`Publish_Key`, `u`.`Qr_Code`, `u`.`Razorpay_Key_Id`, `u`.`Razorpay_Key_Secret`, `u`.`Razorpay_Payment`, `u`.`Role`, `u`.`Secret_Key`, `u`.`Skype`, `u`.`Slug`, `u`.`Specialist`, `u`.`Status`, `u`.`Stripe_Payment`, `u`.`Thumb`, `u`.`Trial_Expire`, `u`.`Twitter`, `u`.`User_Name`, `u`.`User_Type`, `u`.`Verify_Code`, `u`.`Whatsapp`
FROM `Users` AS `u`
WHERE `u`.`Id` = @__id_0
LIMIT 1

2024-04-11 20:23:27.826 +05:30  INF  Executing endpoint 'DCRM.Api.Controllers.DrugController.GetAllMaster (DCRM.Api)'

2024-04-11 20:23:27.826 +05:30  INF  Route matched with {action = "GetAllMaster", controller = "Drug"}. Executing controller action with signature System.Collections.Generic.List`1[DCRM.Common.Dto.MasterDataDto] GetAllMaster() on controller DCRM.Api.Controllers.DrugController (DCRM.Api).

2024-04-11 20:23:28.398 +05:30  INF  Executed DbCommand (233ms) [Parameters=[@__p_0='?' (DbType = Int64)], CommandType='"Text"', CommandTimeout='30']
SELECT COUNT(*)
FROM `Patientses` AS `p`
WHERE (`p`.`User_Id` = @__p_0) AND (`p`.`Is_Delete` = 0)

2024-04-11 20:23:28.513 +05:30  INF  Executed DbCommand (230ms) [Parameters=[], CommandType='"Text"', CommandTimeout='30']
SELECT `m`.`Id`, `m`.`Basic_Salt`, `m`.`Company_Name`, `m`.`Created_At`, `m`.`Name`, `m`.`ParentId`, `m`.`TypeId`, `m`.`Updated_At`
FROM `Master_Data` AS `m`

2024-04-11 20:23:29.096 +05:30  INF  Executed DbCommand (234ms) [Parameters=[@__userId_0='?' (DbType = Int32)], CommandType='"Text"', CommandTimeout='30']
SELECT COUNT(*)
FROM `Staffs` AS `s`
WHERE (`s`.`User_Id` = @__userId_0) AND (`s`.`Is_Deleted` = 0)

2024-04-11 20:23:29.202 +05:30  INF  Executed DbCommand (230ms) [Parameters=[], CommandType='"Text"', CommandTimeout='30']
SELECT `m`.`Id`, `m`.`Name`
FROM `Master_Type` AS `m`

2024-04-11 20:23:29.202 +05:30  INF  Executing ObjectResult, writing value of type 'System.Collections.Generic.List`1[[DCRM.Common.Dto.MasterDataDto, DCRM.Common, Version=1.0.0.0, Culture=neutral, PublicKeyToken=null]]'.

2024-04-11 20:23:29.203 +05:30  INF  Executed action DCRM.Api.Controllers.DrugController.GetAllMaster (DCRM.Api) in 1376.5236ms

2024-04-11 20:23:29.203 +05:30  INF  Executed endpoint 'DCRM.Api.Controllers.DrugController.GetAllMaster (DCRM.Api)'

2024-04-11 20:23:29.203 +05:30  INF  Request finished HTTP/2 GET https://localhost:7069/api/Drug/master/getall application/json - - 200 - application/json;+charset=utf-8 2066.5054ms

2024-04-11 20:23:29.797 +05:30  INF  Executed DbCommand (235ms) [Parameters=[@__userId_0='?' (DbType = Int32)], CommandType='"Text"', CommandTimeout='30']
SELECT COUNT(*)
FROM `Appointments` AS `a`
WHERE (`a`.`User_Id` = @__userId_0) AND (`a`.`Is_Delete` = 0)

2024-04-11 20:23:30.498 +05:30  INF  Executed DbCommand (234ms) [Parameters=[@__userId_0='?' (DbType = Int32)], CommandType='"Text"', CommandTimeout='30']
SELECT COUNT(*)
FROM `Appointments` AS `a`
WHERE ((`a`.`User_Id` = @__userId_0) AND (`a`.`Is_Delete` = 0)) AND (`a`.`Date` = CURDATE())

2024-04-11 20:23:30.498 +05:30  INF  Executing ObjectResult, writing value of type 'DCRM.Common.Dto.DashboardDto'.

2024-04-11 20:23:30.498 +05:30  INF  Executed action DCRM.Api.Controllers.DashboardController.Get (DCRM.Api) in 2798.6286ms

2024-04-11 20:23:30.498 +05:30  INF  Executed endpoint 'DCRM.Api.Controllers.DashboardController.Get (DCRM.Api)'

2024-04-11 20:23:30.498 +05:30  INF  Request finished HTTP/2 GET https://localhost:7069/api/Dashboard/Get application/json - - 200 - application/json;+charset=utf-8 3499.7485ms

2024-04-11 20:23:34.433 +05:30  INF  Request starting HTTP/2 OPTIONS https://localhost:7069/api/Drug/master/getall - -

2024-04-11 20:23:34.434 +05:30  INF  CORS policy execution successful.

2024-04-11 20:23:34.434 +05:30  INF  Request finished HTTP/2 OPTIONS https://localhost:7069/api/Drug/master/getall - - - 204 - - 0.3308ms

2024-04-11 20:23:34.436 +05:30  INF  Request starting HTTP/2 GET https://localhost:7069/api/Drug/master/getall application/json -

2024-04-11 20:23:34.436 +05:30  INF  CORS policy execution successful.

2024-04-11 20:23:35.149 +05:30  INF  Executed DbCommand (245ms) [Parameters=[@__id_0='?' (DbType = Int64)], CommandType='"Text"', CommandTimeout='30']
SELECT `u`.`Id`, `u`.`About_Me`, `u`.`Account_Type`, `u`.`Address`, `u`.`Available_Days`, `u`.`Bn_Name`, `u`.`City`, `u`.`Country`, `u`.`Created_At`, `u`.`Currency`, `u`.`Degree`, `u`.`Email`, `u`.`Email_Verified`, `u`.`Enable_Appointment`, `u`.`Enable_Rating`, `u`.`Exp_Years`, `u`.`Facebook`, `u`.`Google_Analytics`, `u`.`Image`, `u`.`Instagram`, `u`.`Linkedin`, `u`.`Name`, `u`.`Parent_Id`, `u`.`Password`, `u`.`Paypal_Email`, `u`.`Paypal_Mode`, `u`.`Paypal_Payment`, `u`.`Paystack_Payment`, `u`.`Paystack_Public_Key`, `u`.`Paystack_Secret_Key`, `u`.`Phone`, `u`.`Publish_Key`, `u`.`Qr_Code`, `u`.`Razorpay_Key_Id`, `u`.`Razorpay_Key_Secret`, `u`.`Razorpay_Payment`, `u`.`Role`, `u`.`Secret_Key`, `u`.`Skype`, `u`.`Slug`, `u`.`Specialist`, `u`.`Status`, `u`.`Stripe_Payment`, `u`.`Thumb`, `u`.`Trial_Expire`, `u`.`Twitter`, `u`.`User_Name`, `u`.`User_Type`, `u`.`Verify_Code`, `u`.`Whatsapp`
FROM `Users` AS `u`
WHERE `u`.`Id` = @__id_0
LIMIT 1

2024-04-11 20:23:35.150 +05:30  INF  Executing endpoint 'DCRM.Api.Controllers.DrugController.GetAllMaster (DCRM.Api)'

2024-04-11 20:23:35.150 +05:30  INF  Route matched with {action = "GetAllMaster", controller = "Drug"}. Executing controller action with signature System.Collections.Generic.List`1[DCRM.Common.Dto.MasterDataDto] GetAllMaster() on controller DCRM.Api.Controllers.DrugController (DCRM.Api).

2024-04-11 20:23:35.848 +05:30  INF  Executed DbCommand (233ms) [Parameters=[], CommandType='"Text"', CommandTimeout='30']
SELECT `m`.`Id`, `m`.`Basic_Salt`, `m`.`Company_Name`, `m`.`Created_At`, `m`.`Name`, `m`.`ParentId`, `m`.`TypeId`, `m`.`Updated_At`
FROM `Master_Data` AS `m`

2024-04-11 20:23:36.546 +05:30  INF  Executed DbCommand (234ms) [Parameters=[], CommandType='"Text"', CommandTimeout='30']
SELECT `m`.`Id`, `m`.`Name`
FROM `Master_Type` AS `m`

2024-04-11 20:23:36.547 +05:30  INF  Executing ObjectResult, writing value of type 'System.Collections.Generic.List`1[[DCRM.Common.Dto.MasterDataDto, DCRM.Common, Version=1.0.0.0, Culture=neutral, PublicKeyToken=null]]'.

2024-04-11 20:23:36.547 +05:30  INF  Executed action DCRM.Api.Controllers.DrugController.GetAllMaster (DCRM.Api) in 1396.6214ms

2024-04-11 20:23:36.547 +05:30  INF  Executed endpoint 'DCRM.Api.Controllers.DrugController.GetAllMaster (DCRM.Api)'

2024-04-11 20:23:36.547 +05:30  INF  Request finished HTTP/2 GET https://localhost:7069/api/Drug/master/getall application/json - - 200 - application/json;+charset=utf-8 2110.5735ms

2024-04-11 20:23:41.488 +05:30  INF  Request starting HTTP/2 OPTIONS https://localhost:7069/api/Drug/master/getall - -

2024-04-11 20:23:41.488 +05:30  INF  CORS policy execution successful.

2024-04-11 20:23:41.489 +05:30  INF  Request finished HTTP/2 OPTIONS https://localhost:7069/api/Drug/master/getall - - - 204 - - 0.5774ms

2024-04-11 20:23:41.492 +05:30  INF  Request starting HTTP/2 GET https://localhost:7069/api/Drug/master/getall application/json -

2024-04-11 20:23:41.492 +05:30  INF  CORS policy execution successful.

2024-04-11 20:23:42.195 +05:30  INF  Executed DbCommand (236ms) [Parameters=[@__id_0='?' (DbType = Int64)], CommandType='"Text"', CommandTimeout='30']
SELECT `u`.`Id`, `u`.`About_Me`, `u`.`Account_Type`, `u`.`Address`, `u`.`Available_Days`, `u`.`Bn_Name`, `u`.`City`, `u`.`Country`, `u`.`Created_At`, `u`.`Currency`, `u`.`Degree`, `u`.`Email`, `u`.`Email_Verified`, `u`.`Enable_Appointment`, `u`.`Enable_Rating`, `u`.`Exp_Years`, `u`.`Facebook`, `u`.`Google_Analytics`, `u`.`Image`, `u`.`Instagram`, `u`.`Linkedin`, `u`.`Name`, `u`.`Parent_Id`, `u`.`Password`, `u`.`Paypal_Email`, `u`.`Paypal_Mode`, `u`.`Paypal_Payment`, `u`.`Paystack_Payment`, `u`.`Paystack_Public_Key`, `u`.`Paystack_Secret_Key`, `u`.`Phone`, `u`.`Publish_Key`, `u`.`Qr_Code`, `u`.`Razorpay_Key_Id`, `u`.`Razorpay_Key_Secret`, `u`.`Razorpay_Payment`, `u`.`Role`, `u`.`Secret_Key`, `u`.`Skype`, `u`.`Slug`, `u`.`Specialist`, `u`.`Status`, `u`.`Stripe_Payment`, `u`.`Thumb`, `u`.`Trial_Expire`, `u`.`Twitter`, `u`.`User_Name`, `u`.`User_Type`, `u`.`Verify_Code`, `u`.`Whatsapp`
FROM `Users` AS `u`
WHERE `u`.`Id` = @__id_0
LIMIT 1

2024-04-11 20:23:42.195 +05:30  INF  Executing endpoint 'DCRM.Api.Controllers.DrugController.GetAllMaster (DCRM.Api)'

2024-04-11 20:23:42.195 +05:30  INF  Route matched with {action = "GetAllMaster", controller = "Drug"}. Executing controller action with signature System.Collections.Generic.List`1[DCRM.Common.Dto.MasterDataDto] GetAllMaster() on controller DCRM.Api.Controllers.DrugController (DCRM.Api).

2024-04-11 20:23:42.897 +05:30  INF  Executed DbCommand (234ms) [Parameters=[], CommandType='"Text"', CommandTimeout='30']
SELECT `m`.`Id`, `m`.`Basic_Salt`, `m`.`Company_Name`, `m`.`Created_At`, `m`.`Name`, `m`.`ParentId`, `m`.`TypeId`, `m`.`Updated_At`
FROM `Master_Data` AS `m`

2024-04-11 20:23:43.597 +05:30  INF  Executed DbCommand (233ms) [Parameters=[], CommandType='"Text"', CommandTimeout='30']
SELECT `m`.`Id`, `m`.`Name`
FROM `Master_Type` AS `m`

2024-04-11 20:23:43.598 +05:30  INF  Executing ObjectResult, writing value of type 'System.Collections.Generic.List`1[[DCRM.Common.Dto.MasterDataDto, DCRM.Common, Version=1.0.0.0, Culture=neutral, PublicKeyToken=null]]'.

2024-04-11 20:23:43.598 +05:30  INF  Executed action DCRM.Api.Controllers.DrugController.GetAllMaster (DCRM.Api) in 1402.979ms

2024-04-11 20:23:43.598 +05:30  INF  Executed endpoint 'DCRM.Api.Controllers.DrugController.GetAllMaster (DCRM.Api)'

2024-04-11 20:23:43.598 +05:30  INF  Request finished HTTP/2 GET https://localhost:7069/api/Drug/master/getall application/json - - 200 - application/json;+charset=utf-8 2106.0354ms

2024-04-11 20:23:46.402 +05:30  INF  Request starting HTTP/2 OPTIONS https://localhost:7069/api/Drug/master/get/1 - -

2024-04-11 20:23:46.402 +05:30  INF  CORS policy execution successful.

2024-04-11 20:23:46.402 +05:30  INF  Request finished HTTP/2 OPTIONS https://localhost:7069/api/Drug/master/get/1 - - - 204 - - 0.4010ms

2024-04-11 20:23:46.407 +05:30  INF  Request starting HTTP/2 GET https://localhost:7069/api/Drug/master/get/1 application/json -

2024-04-11 20:23:46.408 +05:30  INF  CORS policy execution successful.

2024-04-11 20:23:47.111 +05:30  INF  Executed DbCommand (235ms) [Parameters=[@__id_0='?' (DbType = Int64)], CommandType='"Text"', CommandTimeout='30']
SELECT `u`.`Id`, `u`.`About_Me`, `u`.`Account_Type`, `u`.`Address`, `u`.`Available_Days`, `u`.`Bn_Name`, `u`.`City`, `u`.`Country`, `u`.`Created_At`, `u`.`Currency`, `u`.`Degree`, `u`.`Email`, `u`.`Email_Verified`, `u`.`Enable_Appointment`, `u`.`Enable_Rating`, `u`.`Exp_Years`, `u`.`Facebook`, `u`.`Google_Analytics`, `u`.`Image`, `u`.`Instagram`, `u`.`Linkedin`, `u`.`Name`, `u`.`Parent_Id`, `u`.`Password`, `u`.`Paypal_Email`, `u`.`Paypal_Mode`, `u`.`Paypal_Payment`, `u`.`Paystack_Payment`, `u`.`Paystack_Public_Key`, `u`.`Paystack_Secret_Key`, `u`.`Phone`, `u`.`Publish_Key`, `u`.`Qr_Code`, `u`.`Razorpay_Key_Id`, `u`.`Razorpay_Key_Secret`, `u`.`Razorpay_Payment`, `u`.`Role`, `u`.`Secret_Key`, `u`.`Skype`, `u`.`Slug`, `u`.`Specialist`, `u`.`Status`, `u`.`Stripe_Payment`, `u`.`Thumb`, `u`.`Trial_Expire`, `u`.`Twitter`, `u`.`User_Name`, `u`.`User_Type`, `u`.`Verify_Code`, `u`.`Whatsapp`
FROM `Users` AS `u`
WHERE `u`.`Id` = @__id_0
LIMIT 1

2024-04-11 20:23:47.111 +05:30  INF  Executing endpoint 'DCRM.Api.Controllers.DrugController.GetMaster (DCRM.Api)'

2024-04-11 20:23:47.111 +05:30  INF  Route matched with {action = "GetMaster", controller = "Drug"}. Executing controller action with signature DCRM.Common.Dto.MasterDataDto GetMaster(Int32) on controller DCRM.Api.Controllers.DrugController (DCRM.Api).

2024-04-11 20:23:47.814 +05:30  INF  Executed DbCommand (235ms) [Parameters=[], CommandType='"Text"', CommandTimeout='30']
SELECT `m`.`Id`, `m`.`Basic_Salt`, `m`.`Company_Name`, `m`.`Created_At`, `m`.`Name`, `m`.`ParentId`, `m`.`TypeId`, `m`.`Updated_At`
FROM `Master_Data` AS `m`

2024-04-11 20:23:48.516 +05:30  INF  Executed DbCommand (234ms) [Parameters=[], CommandType='"Text"', CommandTimeout='30']
SELECT `m`.`Id`, `m`.`Name`
FROM `Master_Type` AS `m`

2024-04-11 20:23:48.516 +05:30  INF  Executing ObjectResult, writing value of type 'DCRM.Common.Dto.MasterDataDto'.

2024-04-11 20:23:48.516 +05:30  INF  Executed action DCRM.Api.Controllers.DrugController.GetMaster (DCRM.Api) in 1405.2515ms

2024-04-11 20:23:48.516 +05:30  INF  Executed endpoint 'DCRM.Api.Controllers.DrugController.GetMaster (DCRM.Api)'

2024-04-11 20:23:48.516 +05:30  INF  Request finished HTTP/2 GET https://localhost:7069/api/Drug/master/get/1 application/json - - 200 - application/json;+charset=utf-8 2108.8641ms

2024-04-11 20:23:51.889 +05:30  INF  Request starting HTTP/2 OPTIONS https://localhost:7069/api/Drug/master/getall - -

2024-04-11 20:23:51.889 +05:30  INF  CORS policy execution successful.

2024-04-11 20:23:51.889 +05:30  INF  Request finished HTTP/2 OPTIONS https://localhost:7069/api/Drug/master/getall - - - 204 - - 0.4663ms

2024-04-11 20:23:51.891 +05:30  INF  Request starting HTTP/2 GET https://localhost:7069/api/Drug/master/getall application/json -

2024-04-11 20:23:51.892 +05:30  INF  CORS policy execution successful.

2024-04-11 20:23:52.593 +05:30  INF  Executed DbCommand (234ms) [Parameters=[@__id_0='?' (DbType = Int64)], CommandType='"Text"', CommandTimeout='30']
SELECT `u`.`Id`, `u`.`About_Me`, `u`.`Account_Type`, `u`.`Address`, `u`.`Available_Days`, `u`.`Bn_Name`, `u`.`City`, `u`.`Country`, `u`.`Created_At`, `u`.`Currency`, `u`.`Degree`, `u`.`Email`, `u`.`Email_Verified`, `u`.`Enable_Appointment`, `u`.`Enable_Rating`, `u`.`Exp_Years`, `u`.`Facebook`, `u`.`Google_Analytics`, `u`.`Image`, `u`.`Instagram`, `u`.`Linkedin`, `u`.`Name`, `u`.`Parent_Id`, `u`.`Password`, `u`.`Paypal_Email`, `u`.`Paypal_Mode`, `u`.`Paypal_Payment`, `u`.`Paystack_Payment`, `u`.`Paystack_Public_Key`, `u`.`Paystack_Secret_Key`, `u`.`Phone`, `u`.`Publish_Key`, `u`.`Qr_Code`, `u`.`Razorpay_Key_Id`, `u`.`Razorpay_Key_Secret`, `u`.`Razorpay_Payment`, `u`.`Role`, `u`.`Secret_Key`, `u`.`Skype`, `u`.`Slug`, `u`.`Specialist`, `u`.`Status`, `u`.`Stripe_Payment`, `u`.`Thumb`, `u`.`Trial_Expire`, `u`.`Twitter`, `u`.`User_Name`, `u`.`User_Type`, `u`.`Verify_Code`, `u`.`Whatsapp`
FROM `Users` AS `u`
WHERE `u`.`Id` = @__id_0
LIMIT 1

2024-04-11 20:23:52.594 +05:30  INF  Executing endpoint 'DCRM.Api.Controllers.DrugController.GetAllMaster (DCRM.Api)'

2024-04-11 20:23:52.594 +05:30  INF  Route matched with {action = "GetAllMaster", controller = "Drug"}. Executing controller action with signature System.Collections.Generic.List`1[DCRM.Common.Dto.MasterDataDto] GetAllMaster() on controller DCRM.Api.Controllers.DrugController (DCRM.Api).

2024-04-11 20:23:53.289 +05:30  INF  Executed DbCommand (231ms) [Parameters=[], CommandType='"Text"', CommandTimeout='30']
SELECT `m`.`Id`, `m`.`Basic_Salt`, `m`.`Company_Name`, `m`.`Created_At`, `m`.`Name`, `m`.`ParentId`, `m`.`TypeId`, `m`.`Updated_At`
FROM `Master_Data` AS `m`

2024-04-11 20:23:53.987 +05:30  INF  Executed DbCommand (234ms) [Parameters=[], CommandType='"Text"', CommandTimeout='30']
SELECT `m`.`Id`, `m`.`Name`
FROM `Master_Type` AS `m`

2024-04-11 20:23:53.988 +05:30  INF  Executing ObjectResult, writing value of type 'System.Collections.Generic.List`1[[DCRM.Common.Dto.MasterDataDto, DCRM.Common, Version=1.0.0.0, Culture=neutral, PublicKeyToken=null]]'.

2024-04-11 20:23:53.988 +05:30  INF  Executed action DCRM.Api.Controllers.DrugController.GetAllMaster (DCRM.Api) in 1394.2954ms

2024-04-11 20:23:53.988 +05:30  INF  Executed endpoint 'DCRM.Api.Controllers.DrugController.GetAllMaster (DCRM.Api)'

2024-04-11 20:23:53.988 +05:30  INF  Request finished HTTP/2 GET https://localhost:7069/api/Drug/master/getall application/json - - 200 - application/json;+charset=utf-8 2096.8134ms

2024-04-11 20:24:50.001 +05:30  INF  Request starting HTTP/2 OPTIONS https://localhost:7069/api/Dashboard/Get - -

2024-04-11 20:24:50.006 +05:30  INF  CORS policy execution successful.

2024-04-11 20:24:50.008 +05:30  INF  Request finished HTTP/2 OPTIONS https://localhost:7069/api/Dashboard/Get - - - 204 - - 7.0170ms

2024-04-11 20:24:50.022 +05:30  INF  Request starting HTTP/2 GET https://localhost:7069/api/Dashboard/Get application/json -

2024-04-11 20:24:50.025 +05:30  INF  CORS policy execution successful.

2024-04-11 20:24:50.344 +05:30  INF  Request starting HTTP/2 OPTIONS https://localhost:7069/api/Drug/master/getall - -

2024-04-11 20:24:50.344 +05:30  INF  CORS policy execution successful.

2024-04-11 20:24:50.345 +05:30  INF  Request finished HTTP/2 OPTIONS https://localhost:7069/api/Drug/master/getall - - - 204 - - 0.3873ms

2024-04-11 20:24:50.347 +05:30  INF  Request starting HTTP/2 GET https://localhost:7069/api/Drug/master/getall application/json -

2024-04-11 20:24:50.347 +05:30  INF  CORS policy execution successful.

2024-04-11 20:24:50.730 +05:30  INF  Executed DbCommand (237ms) [Parameters=[@__id_0='?' (DbType = Int64)], CommandType='"Text"', CommandTimeout='30']
SELECT `u`.`Id`, `u`.`About_Me`, `u`.`Account_Type`, `u`.`Address`, `u`.`Available_Days`, `u`.`Bn_Name`, `u`.`City`, `u`.`Country`, `u`.`Created_At`, `u`.`Currency`, `u`.`Degree`, `u`.`Email`, `u`.`Email_Verified`, `u`.`Enable_Appointment`, `u`.`Enable_Rating`, `u`.`Exp_Years`, `u`.`Facebook`, `u`.`Google_Analytics`, `u`.`Image`, `u`.`Instagram`, `u`.`Linkedin`, `u`.`Name`, `u`.`Parent_Id`, `u`.`Password`, `u`.`Paypal_Email`, `u`.`Paypal_Mode`, `u`.`Paypal_Payment`, `u`.`Paystack_Payment`, `u`.`Paystack_Public_Key`, `u`.`Paystack_Secret_Key`, `u`.`Phone`, `u`.`Publish_Key`, `u`.`Qr_Code`, `u`.`Razorpay_Key_Id`, `u`.`Razorpay_Key_Secret`, `u`.`Razorpay_Payment`, `u`.`Role`, `u`.`Secret_Key`, `u`.`Skype`, `u`.`Slug`, `u`.`Specialist`, `u`.`Status`, `u`.`Stripe_Payment`, `u`.`Thumb`, `u`.`Trial_Expire`, `u`.`Twitter`, `u`.`User_Name`, `u`.`User_Type`, `u`.`Verify_Code`, `u`.`Whatsapp`
FROM `Users` AS `u`
WHERE `u`.`Id` = @__id_0
LIMIT 1

2024-04-11 20:24:50.730 +05:30  INF  Executing endpoint 'DCRM.Api.Controllers.DashboardController.Get (DCRM.Api)'

2024-04-11 20:24:50.730 +05:30  INF  Route matched with {action = "Get", controller = "Dashboard"}. Executing controller action with signature DCRM.Common.Dto.DashboardDto Get() on controller DCRM.Api.Controllers.DashboardController (DCRM.Api).

2024-04-11 20:24:51.062 +05:30  INF  Executed DbCommand (244ms) [Parameters=[@__id_0='?' (DbType = Int64)], CommandType='"Text"', CommandTimeout='30']
SELECT `u`.`Id`, `u`.`About_Me`, `u`.`Account_Type`, `u`.`Address`, `u`.`Available_Days`, `u`.`Bn_Name`, `u`.`City`, `u`.`Country`, `u`.`Created_At`, `u`.`Currency`, `u`.`Degree`, `u`.`Email`, `u`.`Email_Verified`, `u`.`Enable_Appointment`, `u`.`Enable_Rating`, `u`.`Exp_Years`, `u`.`Facebook`, `u`.`Google_Analytics`, `u`.`Image`, `u`.`Instagram`, `u`.`Linkedin`, `u`.`Name`, `u`.`Parent_Id`, `u`.`Password`, `u`.`Paypal_Email`, `u`.`Paypal_Mode`, `u`.`Paypal_Payment`, `u`.`Paystack_Payment`, `u`.`Paystack_Public_Key`, `u`.`Paystack_Secret_Key`, `u`.`Phone`, `u`.`Publish_Key`, `u`.`Qr_Code`, `u`.`Razorpay_Key_Id`, `u`.`Razorpay_Key_Secret`, `u`.`Razorpay_Payment`, `u`.`Role`, `u`.`Secret_Key`, `u`.`Skype`, `u`.`Slug`, `u`.`Specialist`, `u`.`Status`, `u`.`Stripe_Payment`, `u`.`Thumb`, `u`.`Trial_Expire`, `u`.`Twitter`, `u`.`User_Name`, `u`.`User_Type`, `u`.`Verify_Code`, `u`.`Whatsapp`
FROM `Users` AS `u`
WHERE `u`.`Id` = @__id_0
LIMIT 1

2024-04-11 20:24:51.063 +05:30  INF  Executing endpoint 'DCRM.Api.Controllers.DrugController.GetAllMaster (DCRM.Api)'

2024-04-11 20:24:51.063 +05:30  INF  Route matched with {action = "GetAllMaster", controller = "Drug"}. Executing controller action with signature System.Collections.Generic.List`1[DCRM.Common.Dto.MasterDataDto] GetAllMaster() on controller DCRM.Api.Controllers.DrugController (DCRM.Api).

2024-04-11 20:24:51.432 +05:30  INF  Executed DbCommand (234ms) [Parameters=[@__p_0='?' (DbType = Int64)], CommandType='"Text"', CommandTimeout='30']
SELECT COUNT(*)
FROM `Patientses` AS `p`
WHERE (`p`.`User_Id` = @__p_0) AND (`p`.`Is_Delete` = 0)

2024-04-11 20:24:51.748 +05:30  INF  Executed DbCommand (230ms) [Parameters=[], CommandType='"Text"', CommandTimeout='30']
SELECT `m`.`Id`, `m`.`Basic_Salt`, `m`.`Company_Name`, `m`.`Created_At`, `m`.`Name`, `m`.`ParentId`, `m`.`TypeId`, `m`.`Updated_At`
FROM `Master_Data` AS `m`

2024-04-11 20:24:52.133 +05:30  INF  Executed DbCommand (234ms) [Parameters=[@__userId_0='?' (DbType = Int32)], CommandType='"Text"', CommandTimeout='30']
SELECT COUNT(*)
FROM `Staffs` AS `s`
WHERE (`s`.`User_Id` = @__userId_0) AND (`s`.`Is_Deleted` = 0)

2024-04-11 20:24:52.439 +05:30  INF  Executed DbCommand (231ms) [Parameters=[], CommandType='"Text"', CommandTimeout='30']
SELECT `m`.`Id`, `m`.`Name`
FROM `Master_Type` AS `m`

2024-04-11 20:24:52.439 +05:30  INF  Executing ObjectResult, writing value of type 'System.Collections.Generic.List`1[[DCRM.Common.Dto.MasterDataDto, DCRM.Common, Version=1.0.0.0, Culture=neutral, PublicKeyToken=null]]'.

2024-04-11 20:24:52.439 +05:30  INF  Executed action DCRM.Api.Controllers.DrugController.GetAllMaster (DCRM.Api) in 1376.1901ms

2024-04-11 20:24:52.439 +05:30  INF  Executed endpoint 'DCRM.Api.Controllers.DrugController.GetAllMaster (DCRM.Api)'

2024-04-11 20:24:52.439 +05:30  INF  Request finished HTTP/2 GET https://localhost:7069/api/Drug/master/getall application/json - - 200 - application/json;+charset=utf-8 2092.6577ms

2024-04-11 20:24:52.441 +05:30  INF  Request starting HTTP/2 GET https://localhost:7069/api/Drug/master/getall application/json -

2024-04-11 20:24:52.441 +05:30  INF  CORS policy execution successful.

2024-04-11 20:24:52.832 +05:30  INF  Executed DbCommand (233ms) [Parameters=[@__userId_0='?' (DbType = Int32)], CommandType='"Text"', CommandTimeout='30']
SELECT COUNT(*)
FROM `Appointments` AS `a`
WHERE (`a`.`User_Id` = @__userId_0) AND (`a`.`Is_Delete` = 0)

2024-04-11 20:24:53.133 +05:30  INF  Executed DbCommand (231ms) [Parameters=[@__id_0='?' (DbType = Int64)], CommandType='"Text"', CommandTimeout='30']
SELECT `u`.`Id`, `u`.`About_Me`, `u`.`Account_Type`, `u`.`Address`, `u`.`Available_Days`, `u`.`Bn_Name`, `u`.`City`, `u`.`Country`, `u`.`Created_At`, `u`.`Currency`, `u`.`Degree`, `u`.`Email`, `u`.`Email_Verified`, `u`.`Enable_Appointment`, `u`.`Enable_Rating`, `u`.`Exp_Years`, `u`.`Facebook`, `u`.`Google_Analytics`, `u`.`Image`, `u`.`Instagram`, `u`.`Linkedin`, `u`.`Name`, `u`.`Parent_Id`, `u`.`Password`, `u`.`Paypal_Email`, `u`.`Paypal_Mode`, `u`.`Paypal_Payment`, `u`.`Paystack_Payment`, `u`.`Paystack_Public_Key`, `u`.`Paystack_Secret_Key`, `u`.`Phone`, `u`.`Publish_Key`, `u`.`Qr_Code`, `u`.`Razorpay_Key_Id`, `u`.`Razorpay_Key_Secret`, `u`.`Razorpay_Payment`, `u`.`Role`, `u`.`Secret_Key`, `u`.`Skype`, `u`.`Slug`, `u`.`Specialist`, `u`.`Status`, `u`.`Stripe_Payment`, `u`.`Thumb`, `u`.`Trial_Expire`, `u`.`Twitter`, `u`.`User_Name`, `u`.`User_Type`, `u`.`Verify_Code`, `u`.`Whatsapp`
FROM `Users` AS `u`
WHERE `u`.`Id` = @__id_0
LIMIT 1

2024-04-11 20:24:53.133 +05:30  INF  Executing endpoint 'DCRM.Api.Controllers.DrugController.GetAllMaster (DCRM.Api)'

2024-04-11 20:24:53.133 +05:30  INF  Route matched with {action = "GetAllMaster", controller = "Drug"}. Executing controller action with signature System.Collections.Generic.List`1[DCRM.Common.Dto.MasterDataDto] GetAllMaster() on controller DCRM.Api.Controllers.DrugController (DCRM.Api).

2024-04-11 20:24:53.533 +05:30  INF  Executed DbCommand (234ms) [Parameters=[@__userId_0='?' (DbType = Int32)], CommandType='"Text"', CommandTimeout='30']
SELECT COUNT(*)
FROM `Appointments` AS `a`
WHERE ((`a`.`User_Id` = @__userId_0) AND (`a`.`Is_Delete` = 0)) AND (`a`.`Date` = CURDATE())

2024-04-11 20:24:53.533 +05:30  INF  Executing ObjectResult, writing value of type 'DCRM.Common.Dto.DashboardDto'.

2024-04-11 20:24:53.533 +05:30  INF  Executed action DCRM.Api.Controllers.DashboardController.Get (DCRM.Api) in 2803.29ms

2024-04-11 20:24:53.534 +05:30  INF  Executed endpoint 'DCRM.Api.Controllers.DashboardController.Get (DCRM.Api)'

2024-04-11 20:24:53.534 +05:30  INF  Request finished HTTP/2 GET https://localhost:7069/api/Dashboard/Get application/json - - 200 - application/json;+charset=utf-8 3511.6010ms

2024-04-11 20:24:53.817 +05:30  INF  Executed DbCommand (228ms) [Parameters=[], CommandType='"Text"', CommandTimeout='30']
SELECT `m`.`Id`, `m`.`Basic_Salt`, `m`.`Company_Name`, `m`.`Created_At`, `m`.`Name`, `m`.`ParentId`, `m`.`TypeId`, `m`.`Updated_At`
FROM `Master_Data` AS `m`

2024-04-11 20:24:54.504 +05:30  INF  Executed DbCommand (228ms) [Parameters=[], CommandType='"Text"', CommandTimeout='30']
SELECT `m`.`Id`, `m`.`Name`
FROM `Master_Type` AS `m`

2024-04-11 20:24:54.504 +05:30  INF  Executing ObjectResult, writing value of type 'System.Collections.Generic.List`1[[DCRM.Common.Dto.MasterDataDto, DCRM.Common, Version=1.0.0.0, Culture=neutral, PublicKeyToken=null]]'.

2024-04-11 20:24:54.505 +05:30  INF  Executed action DCRM.Api.Controllers.DrugController.GetAllMaster (DCRM.Api) in 1371.2388ms

2024-04-11 20:24:54.505 +05:30  INF  Executed endpoint 'DCRM.Api.Controllers.DrugController.GetAllMaster (DCRM.Api)'

2024-04-11 20:24:54.505 +05:30  INF  Request finished HTTP/2 GET https://localhost:7069/api/Drug/master/getall application/json - - 200 - application/json;+charset=utf-8 2063.8630ms

2024-04-11 20:25:06.218 +05:30  INF  Request starting HTTP/2 OPTIONS https://localhost:7069/api/Drug/master/getall - -

2024-04-11 20:25:06.218 +05:30  INF  CORS policy execution successful.

2024-04-11 20:25:06.218 +05:30  INF  Request finished HTTP/2 OPTIONS https://localhost:7069/api/Drug/master/getall - - - 204 - - 0.4441ms

2024-04-11 20:25:06.222 +05:30  INF  Request starting HTTP/2 GET https://localhost:7069/api/Drug/master/getall application/json -

2024-04-11 20:25:06.222 +05:30  INF  CORS policy execution successful.

2024-04-11 20:25:06.911 +05:30  INF  Executed DbCommand (230ms) [Parameters=[@__id_0='?' (DbType = Int64)], CommandType='"Text"', CommandTimeout='30']
SELECT `u`.`Id`, `u`.`About_Me`, `u`.`Account_Type`, `u`.`Address`, `u`.`Available_Days`, `u`.`Bn_Name`, `u`.`City`, `u`.`Country`, `u`.`Created_At`, `u`.`Currency`, `u`.`Degree`, `u`.`Email`, `u`.`Email_Verified`, `u`.`Enable_Appointment`, `u`.`Enable_Rating`, `u`.`Exp_Years`, `u`.`Facebook`, `u`.`Google_Analytics`, `u`.`Image`, `u`.`Instagram`, `u`.`Linkedin`, `u`.`Name`, `u`.`Parent_Id`, `u`.`Password`, `u`.`Paypal_Email`, `u`.`Paypal_Mode`, `u`.`Paypal_Payment`, `u`.`Paystack_Payment`, `u`.`Paystack_Public_Key`, `u`.`Paystack_Secret_Key`, `u`.`Phone`, `u`.`Publish_Key`, `u`.`Qr_Code`, `u`.`Razorpay_Key_Id`, `u`.`Razorpay_Key_Secret`, `u`.`Razorpay_Payment`, `u`.`Role`, `u`.`Secret_Key`, `u`.`Skype`, `u`.`Slug`, `u`.`Specialist`, `u`.`Status`, `u`.`Stripe_Payment`, `u`.`Thumb`, `u`.`Trial_Expire`, `u`.`Twitter`, `u`.`User_Name`, `u`.`User_Type`, `u`.`Verify_Code`, `u`.`Whatsapp`
FROM `Users` AS `u`
WHERE `u`.`Id` = @__id_0
LIMIT 1

2024-04-11 20:25:06.911 +05:30  INF  Executing endpoint 'DCRM.Api.Controllers.DrugController.GetAllMaster (DCRM.Api)'

2024-04-11 20:25:06.911 +05:30  INF  Route matched with {action = "GetAllMaster", controller = "Drug"}. Executing controller action with signature System.Collections.Generic.List`1[DCRM.Common.Dto.MasterDataDto] GetAllMaster() on controller DCRM.Api.Controllers.DrugController (DCRM.Api).

2024-04-11 20:25:07.598 +05:30  INF  Executed DbCommand (230ms) [Parameters=[], CommandType='"Text"', CommandTimeout='30']
SELECT `m`.`Id`, `m`.`Basic_Salt`, `m`.`Company_Name`, `m`.`Created_At`, `m`.`Name`, `m`.`ParentId`, `m`.`TypeId`, `m`.`Updated_At`
FROM `Master_Data` AS `m`

2024-04-11 20:25:08.285 +05:30  INF  Executed DbCommand (229ms) [Parameters=[], CommandType='"Text"', CommandTimeout='30']
SELECT `m`.`Id`, `m`.`Name`
FROM `Master_Type` AS `m`

2024-04-11 20:25:08.286 +05:30  INF  Executing ObjectResult, writing value of type 'System.Collections.Generic.List`1[[DCRM.Common.Dto.MasterDataDto, DCRM.Common, Version=1.0.0.0, Culture=neutral, PublicKeyToken=null]]'.

2024-04-11 20:25:08.287 +05:30  INF  Executed action DCRM.Api.Controllers.DrugController.GetAllMaster (DCRM.Api) in 1375.5622ms

2024-04-11 20:25:08.287 +05:30  INF  Executed endpoint 'DCRM.Api.Controllers.DrugController.GetAllMaster (DCRM.Api)'

2024-04-11 20:25:08.287 +05:30  INF  Request finished HTTP/2 GET https://localhost:7069/api/Drug/master/getall application/json - - 200 - application/json;+charset=utf-8 2064.9750ms

2024-04-11 20:25:28.320 +05:30  INF  Request starting HTTP/2 OPTIONS https://localhost:7069/api/Dashboard/Get - -

2024-04-11 20:25:28.320 +05:30  INF  CORS policy execution successful.

2024-04-11 20:25:28.323 +05:30  INF  Request finished HTTP/2 OPTIONS https://localhost:7069/api/Dashboard/Get - - - 204 - - 3.3577ms

2024-04-11 20:25:28.337 +05:30  INF  Request starting HTTP/2 GET https://localhost:7069/api/Dashboard/Get application/json -

2024-04-11 20:25:28.339 +05:30  INF  CORS policy execution successful.

2024-04-11 20:25:28.355 +05:30  INF  Request starting HTTP/2 OPTIONS https://localhost:7069/api/Drug/master/getall - -

2024-04-11 20:25:28.356 +05:30  INF  CORS policy execution successful.

2024-04-11 20:25:28.356 +05:30  INF  Request finished HTTP/2 OPTIONS https://localhost:7069/api/Drug/master/getall - - - 204 - - 1.1073ms

2024-04-11 20:25:28.360 +05:30  INF  Request starting HTTP/2 GET https://localhost:7069/api/Drug/master/getall application/json -

2024-04-11 20:25:28.360 +05:30  INF  CORS policy execution successful.

2024-04-11 20:25:29.026 +05:30  INF  Executed DbCommand (230ms) [Parameters=[@__id_0='?' (DbType = Int64)], CommandType='"Text"', CommandTimeout='30']
SELECT `u`.`Id`, `u`.`About_Me`, `u`.`Account_Type`, `u`.`Address`, `u`.`Available_Days`, `u`.`Bn_Name`, `u`.`City`, `u`.`Country`, `u`.`Created_At`, `u`.`Currency`, `u`.`Degree`, `u`.`Email`, `u`.`Email_Verified`, `u`.`Enable_Appointment`, `u`.`Enable_Rating`, `u`.`Exp_Years`, `u`.`Facebook`, `u`.`Google_Analytics`, `u`.`Image`, `u`.`Instagram`, `u`.`Linkedin`, `u`.`Name`, `u`.`Parent_Id`, `u`.`Password`, `u`.`Paypal_Email`, `u`.`Paypal_Mode`, `u`.`Paypal_Payment`, `u`.`Paystack_Payment`, `u`.`Paystack_Public_Key`, `u`.`Paystack_Secret_Key`, `u`.`Phone`, `u`.`Publish_Key`, `u`.`Qr_Code`, `u`.`Razorpay_Key_Id`, `u`.`Razorpay_Key_Secret`, `u`.`Razorpay_Payment`, `u`.`Role`, `u`.`Secret_Key`, `u`.`Skype`, `u`.`Slug`, `u`.`Specialist`, `u`.`Status`, `u`.`Stripe_Payment`, `u`.`Thumb`, `u`.`Trial_Expire`, `u`.`Twitter`, `u`.`User_Name`, `u`.`User_Type`, `u`.`Verify_Code`, `u`.`Whatsapp`
FROM `Users` AS `u`
WHERE `u`.`Id` = @__id_0
LIMIT 1

2024-04-11 20:25:29.026 +05:30  INF  Executing endpoint 'DCRM.Api.Controllers.DashboardController.Get (DCRM.Api)'

2024-04-11 20:25:29.027 +05:30  INF  Route matched with {action = "Get", controller = "Dashboard"}. Executing controller action with signature DCRM.Common.Dto.DashboardDto Get() on controller DCRM.Api.Controllers.DashboardController (DCRM.Api).

2024-04-11 20:25:29.071 +05:30  INF  Executed DbCommand (236ms) [Parameters=[@__id_0='?' (DbType = Int64)], CommandType='"Text"', CommandTimeout='30']
SELECT `u`.`Id`, `u`.`About_Me`, `u`.`Account_Type`, `u`.`Address`, `u`.`Available_Days`, `u`.`Bn_Name`, `u`.`City`, `u`.`Country`, `u`.`Created_At`, `u`.`Currency`, `u`.`Degree`, `u`.`Email`, `u`.`Email_Verified`, `u`.`Enable_Appointment`, `u`.`Enable_Rating`, `u`.`Exp_Years`, `u`.`Facebook`, `u`.`Google_Analytics`, `u`.`Image`, `u`.`Instagram`, `u`.`Linkedin`, `u`.`Name`, `u`.`Parent_Id`, `u`.`Password`, `u`.`Paypal_Email`, `u`.`Paypal_Mode`, `u`.`Paypal_Payment`, `u`.`Paystack_Payment`, `u`.`Paystack_Public_Key`, `u`.`Paystack_Secret_Key`, `u`.`Phone`, `u`.`Publish_Key`, `u`.`Qr_Code`, `u`.`Razorpay_Key_Id`, `u`.`Razorpay_Key_Secret`, `u`.`Razorpay_Payment`, `u`.`Role`, `u`.`Secret_Key`, `u`.`Skype`, `u`.`Slug`, `u`.`Specialist`, `u`.`Status`, `u`.`Stripe_Payment`, `u`.`Thumb`, `u`.`Trial_Expire`, `u`.`Twitter`, `u`.`User_Name`, `u`.`User_Type`, `u`.`Verify_Code`, `u`.`Whatsapp`
FROM `Users` AS `u`
WHERE `u`.`Id` = @__id_0
LIMIT 1

2024-04-11 20:25:29.071 +05:30  INF  Executing endpoint 'DCRM.Api.Controllers.DrugController.GetAllMaster (DCRM.Api)'

2024-04-11 20:25:29.072 +05:30  INF  Route matched with {action = "GetAllMaster", controller = "Drug"}. Executing controller action with signature System.Collections.Generic.List`1[DCRM.Common.Dto.MasterDataDto] GetAllMaster() on controller DCRM.Api.Controllers.DrugController (DCRM.Api).

2024-04-11 20:25:29.715 +05:30  INF  Executed DbCommand (232ms) [Parameters=[@__p_0='?' (DbType = Int64)], CommandType='"Text"', CommandTimeout='30']
SELECT COUNT(*)
FROM `Patientses` AS `p`
WHERE (`p`.`User_Id` = @__p_0) AND (`p`.`Is_Delete` = 0)

2024-04-11 20:25:29.766 +05:30  INF  Executed DbCommand (233ms) [Parameters=[], CommandType='"Text"', CommandTimeout='30']
SELECT `m`.`Id`, `m`.`Basic_Salt`, `m`.`Company_Name`, `m`.`Created_At`, `m`.`Name`, `m`.`ParentId`, `m`.`TypeId`, `m`.`Updated_At`
FROM `Master_Data` AS `m`

2024-04-11 20:25:30.406 +05:30  INF  Executed DbCommand (229ms) [Parameters=[@__userId_0='?' (DbType = Int32)], CommandType='"Text"', CommandTimeout='30']
SELECT COUNT(*)
FROM `Staffs` AS `s`
WHERE (`s`.`User_Id` = @__userId_0) AND (`s`.`Is_Deleted` = 0)

2024-04-11 20:25:30.470 +05:30  INF  Executed DbCommand (236ms) [Parameters=[], CommandType='"Text"', CommandTimeout='30']
SELECT `m`.`Id`, `m`.`Name`
FROM `Master_Type` AS `m`

2024-04-11 20:25:30.471 +05:30  INF  Executing ObjectResult, writing value of type 'System.Collections.Generic.List`1[[DCRM.Common.Dto.MasterDataDto, DCRM.Common, Version=1.0.0.0, Culture=neutral, PublicKeyToken=null]]'.

2024-04-11 20:25:30.471 +05:30  INF  Executed action DCRM.Api.Controllers.DrugController.GetAllMaster (DCRM.Api) in 1399.5482ms

2024-04-11 20:25:30.471 +05:30  INF  Executed endpoint 'DCRM.Api.Controllers.DrugController.GetAllMaster (DCRM.Api)'

2024-04-11 20:25:30.471 +05:30  INF  Request finished HTTP/2 GET https://localhost:7069/api/Drug/master/getall application/json - - 200 - application/json;+charset=utf-8 2111.5214ms

2024-04-11 20:25:31.097 +05:30  INF  Executed DbCommand (230ms) [Parameters=[@__userId_0='?' (DbType = Int32)], CommandType='"Text"', CommandTimeout='30']
SELECT COUNT(*)
FROM `Appointments` AS `a`
WHERE (`a`.`User_Id` = @__userId_0) AND (`a`.`Is_Delete` = 0)

2024-04-11 20:25:31.363 +05:30  INF  Request starting HTTP/2 GET https://localhost:7069/api/Drug/master/getall application/json -

2024-04-11 20:25:31.363 +05:30  INF  CORS policy execution successful.

2024-04-11 20:25:31.792 +05:30  INF  Executed DbCommand (231ms) [Parameters=[@__userId_0='?' (DbType = Int32)], CommandType='"Text"', CommandTimeout='30']
SELECT COUNT(*)
FROM `Appointments` AS `a`
WHERE ((`a`.`User_Id` = @__userId_0) AND (`a`.`Is_Delete` = 0)) AND (`a`.`Date` = CURDATE())

2024-04-11 20:25:31.792 +05:30  INF  Executing ObjectResult, writing value of type 'DCRM.Common.Dto.DashboardDto'.

2024-04-11 20:25:31.792 +05:30  INF  Executed action DCRM.Api.Controllers.DashboardController.Get (DCRM.Api) in 2765.761ms

2024-04-11 20:25:31.792 +05:30  INF  Executed endpoint 'DCRM.Api.Controllers.DashboardController.Get (DCRM.Api)'

2024-04-11 20:25:31.792 +05:30  INF  Request finished HTTP/2 GET https://localhost:7069/api/Dashboard/Get application/json - - 200 - application/json;+charset=utf-8 3455.4186ms

2024-04-11 20:25:32.068 +05:30  INF  Executed DbCommand (235ms) [Parameters=[@__id_0='?' (DbType = Int64)], CommandType='"Text"', CommandTimeout='30']
SELECT `u`.`Id`, `u`.`About_Me`, `u`.`Account_Type`, `u`.`Address`, `u`.`Available_Days`, `u`.`Bn_Name`, `u`.`City`, `u`.`Country`, `u`.`Created_At`, `u`.`Currency`, `u`.`Degree`, `u`.`Email`, `u`.`Email_Verified`, `u`.`Enable_Appointment`, `u`.`Enable_Rating`, `u`.`Exp_Years`, `u`.`Facebook`, `u`.`Google_Analytics`, `u`.`Image`, `u`.`Instagram`, `u`.`Linkedin`, `u`.`Name`, `u`.`Parent_Id`, `u`.`Password`, `u`.`Paypal_Email`, `u`.`Paypal_Mode`, `u`.`Paypal_Payment`, `u`.`Paystack_Payment`, `u`.`Paystack_Public_Key`, `u`.`Paystack_Secret_Key`, `u`.`Phone`, `u`.`Publish_Key`, `u`.`Qr_Code`, `u`.`Razorpay_Key_Id`, `u`.`Razorpay_Key_Secret`, `u`.`Razorpay_Payment`, `u`.`Role`, `u`.`Secret_Key`, `u`.`Skype`, `u`.`Slug`, `u`.`Specialist`, `u`.`Status`, `u`.`Stripe_Payment`, `u`.`Thumb`, `u`.`Trial_Expire`, `u`.`Twitter`, `u`.`User_Name`, `u`.`User_Type`, `u`.`Verify_Code`, `u`.`Whatsapp`
FROM `Users` AS `u`
WHERE `u`.`Id` = @__id_0
LIMIT 1

2024-04-11 20:25:32.068 +05:30  INF  Executing endpoint 'DCRM.Api.Controllers.DrugController.GetAllMaster (DCRM.Api)'

2024-04-11 20:25:32.068 +05:30  INF  Route matched with {action = "GetAllMaster", controller = "Drug"}. Executing controller action with signature System.Collections.Generic.List`1[DCRM.Common.Dto.MasterDataDto] GetAllMaster() on controller DCRM.Api.Controllers.DrugController (DCRM.Api).

2024-04-11 20:25:32.771 +05:30  INF  Executed DbCommand (235ms) [Parameters=[], CommandType='"Text"', CommandTimeout='30']
SELECT `m`.`Id`, `m`.`Basic_Salt`, `m`.`Company_Name`, `m`.`Created_At`, `m`.`Name`, `m`.`ParentId`, `m`.`TypeId`, `m`.`Updated_At`
FROM `Master_Data` AS `m`

2024-04-11 20:25:33.470 +05:30  INF  Executed DbCommand (233ms) [Parameters=[], CommandType='"Text"', CommandTimeout='30']
SELECT `m`.`Id`, `m`.`Name`
FROM `Master_Type` AS `m`

2024-04-11 20:25:33.470 +05:30  INF  Executing ObjectResult, writing value of type 'System.Collections.Generic.List`1[[DCRM.Common.Dto.MasterDataDto, DCRM.Common, Version=1.0.0.0, Culture=neutral, PublicKeyToken=null]]'.

2024-04-11 20:25:33.470 +05:30  INF  Executed action DCRM.Api.Controllers.DrugController.GetAllMaster (DCRM.Api) in 1402.1684ms

2024-04-11 20:25:33.470 +05:30  INF  Executed endpoint 'DCRM.Api.Controllers.DrugController.GetAllMaster (DCRM.Api)'

2024-04-11 20:25:33.470 +05:30  INF  Request finished HTTP/2 GET https://localhost:7069/api/Drug/master/getall application/json - - 200 - application/json;+charset=utf-8 2107.5335ms

2024-04-11 20:39:10.520 +05:30  INF  Request starting HTTP/2 OPTIONS https://localhost:7069/api/Dashboard/Get - -

2024-04-11 20:39:10.520 +05:30  INF  CORS policy execution successful.

2024-04-11 20:39:10.523 +05:30  INF  Request finished HTTP/2 OPTIONS https://localhost:7069/api/Dashboard/Get - - - 204 - - 2.8611ms

2024-04-11 20:39:10.534 +05:30  INF  Request starting HTTP/2 GET https://localhost:7069/api/Dashboard/Get application/json -

2024-04-11 20:39:10.534 +05:30  INF  CORS policy execution successful.

2024-04-11 20:39:13.795 +05:30  INF  Executed DbCommand (229ms) [Parameters=[@__id_0='?' (DbType = Int64)], CommandType='"Text"', CommandTimeout='30']
SELECT `u`.`Id`, `u`.`About_Me`, `u`.`Account_Type`, `u`.`Address`, `u`.`Available_Days`, `u`.`Bn_Name`, `u`.`City`, `u`.`Country`, `u`.`Created_At`, `u`.`Currency`, `u`.`Degree`, `u`.`Email`, `u`.`Email_Verified`, `u`.`Enable_Appointment`, `u`.`Enable_Rating`, `u`.`Exp_Years`, `u`.`Facebook`, `u`.`Google_Analytics`, `u`.`Image`, `u`.`Instagram`, `u`.`Linkedin`, `u`.`Name`, `u`.`Parent_Id`, `u`.`Password`, `u`.`Paypal_Email`, `u`.`Paypal_Mode`, `u`.`Paypal_Payment`, `u`.`Paystack_Payment`, `u`.`Paystack_Public_Key`, `u`.`Paystack_Secret_Key`, `u`.`Phone`, `u`.`Publish_Key`, `u`.`Qr_Code`, `u`.`Razorpay_Key_Id`, `u`.`Razorpay_Key_Secret`, `u`.`Razorpay_Payment`, `u`.`Role`, `u`.`Secret_Key`, `u`.`Skype`, `u`.`Slug`, `u`.`Specialist`, `u`.`Status`, `u`.`Stripe_Payment`, `u`.`Thumb`, `u`.`Trial_Expire`, `u`.`Twitter`, `u`.`User_Name`, `u`.`User_Type`, `u`.`Verify_Code`, `u`.`Whatsapp`
FROM `Users` AS `u`
WHERE `u`.`Id` = @__id_0
LIMIT 1

2024-04-11 20:39:13.796 +05:30  INF  Executing endpoint 'DCRM.Api.Controllers.DashboardController.Get (DCRM.Api)'

2024-04-11 20:39:13.796 +05:30  INF  Route matched with {action = "Get", controller = "Dashboard"}. Executing controller action with signature DCRM.Common.Dto.DashboardDto Get() on controller DCRM.Api.Controllers.DashboardController (DCRM.Api).

2024-04-11 20:39:14.484 +05:30  INF  Executed DbCommand (230ms) [Parameters=[@__p_0='?' (DbType = Int64)], CommandType='"Text"', CommandTimeout='30']
SELECT COUNT(*)
FROM `Patientses` AS `p`
WHERE (`p`.`User_Id` = @__p_0) AND (`p`.`Is_Delete` = 0)

2024-04-11 20:39:15.174 +05:30  INF  Executed DbCommand (228ms) [Parameters=[@__userId_0='?' (DbType = Int32)], CommandType='"Text"', CommandTimeout='30']
SELECT COUNT(*)
FROM `Staffs` AS `s`
WHERE (`s`.`User_Id` = @__userId_0) AND (`s`.`Is_Deleted` = 0)

2024-04-11 20:39:15.861 +05:30  INF  Executed DbCommand (230ms) [Parameters=[@__userId_0='?' (DbType = Int32)], CommandType='"Text"', CommandTimeout='30']
SELECT COUNT(*)
FROM `Appointments` AS `a`
WHERE (`a`.`User_Id` = @__userId_0) AND (`a`.`Is_Delete` = 0)

2024-04-11 20:39:16.548 +05:30  INF  Executed DbCommand (229ms) [Parameters=[@__userId_0='?' (DbType = Int32)], CommandType='"Text"', CommandTimeout='30']
SELECT COUNT(*)
FROM `Appointments` AS `a`
WHERE ((`a`.`User_Id` = @__userId_0) AND (`a`.`Is_Delete` = 0)) AND (`a`.`Date` = CURDATE())

2024-04-11 20:39:16.549 +05:30  INF  Executing ObjectResult, writing value of type 'DCRM.Common.Dto.DashboardDto'.

2024-04-11 20:39:16.549 +05:30  INF  Executed action DCRM.Api.Controllers.DashboardController.Get (DCRM.Api) in 2752.7886ms

2024-04-11 20:39:16.549 +05:30  INF  Executed endpoint 'DCRM.Api.Controllers.DashboardController.Get (DCRM.Api)'

2024-04-11 20:39:16.549 +05:30  INF  Request finished HTTP/2 GET https://localhost:7069/api/Dashboard/Get application/json - - 200 - application/json;+charset=utf-8 6018.0998ms

2024-04-11 20:39:19.978 +05:30  INF  Request starting HTTP/2 OPTIONS https://localhost:7069/api/Drug/master/getall - -

2024-04-11 20:39:19.978 +05:30  INF  CORS policy execution successful.

2024-04-11 20:39:19.978 +05:30  INF  Request finished HTTP/2 OPTIONS https://localhost:7069/api/Drug/master/getall - - - 204 - - 0.2138ms

2024-04-11 20:39:19.982 +05:30  INF  Request starting HTTP/2 GET https://localhost:7069/api/Drug/master/getall application/json -

2024-04-11 20:39:19.982 +05:30  INF  CORS policy execution successful.

2024-04-11 20:39:20.667 +05:30  INF  Executed DbCommand (230ms) [Parameters=[@__id_0='?' (DbType = Int64)], CommandType='"Text"', CommandTimeout='30']
SELECT `u`.`Id`, `u`.`About_Me`, `u`.`Account_Type`, `u`.`Address`, `u`.`Available_Days`, `u`.`Bn_Name`, `u`.`City`, `u`.`Country`, `u`.`Created_At`, `u`.`Currency`, `u`.`Degree`, `u`.`Email`, `u`.`Email_Verified`, `u`.`Enable_Appointment`, `u`.`Enable_Rating`, `u`.`Exp_Years`, `u`.`Facebook`, `u`.`Google_Analytics`, `u`.`Image`, `u`.`Instagram`, `u`.`Linkedin`, `u`.`Name`, `u`.`Parent_Id`, `u`.`Password`, `u`.`Paypal_Email`, `u`.`Paypal_Mode`, `u`.`Paypal_Payment`, `u`.`Paystack_Payment`, `u`.`Paystack_Public_Key`, `u`.`Paystack_Secret_Key`, `u`.`Phone`, `u`.`Publish_Key`, `u`.`Qr_Code`, `u`.`Razorpay_Key_Id`, `u`.`Razorpay_Key_Secret`, `u`.`Razorpay_Payment`, `u`.`Role`, `u`.`Secret_Key`, `u`.`Skype`, `u`.`Slug`, `u`.`Specialist`, `u`.`Status`, `u`.`Stripe_Payment`, `u`.`Thumb`, `u`.`Trial_Expire`, `u`.`Twitter`, `u`.`User_Name`, `u`.`User_Type`, `u`.`Verify_Code`, `u`.`Whatsapp`
FROM `Users` AS `u`
WHERE `u`.`Id` = @__id_0
LIMIT 1

2024-04-11 20:39:20.668 +05:30  INF  Executing endpoint 'DCRM.Api.Controllers.DrugController.GetAllMaster (DCRM.Api)'

2024-04-11 20:39:20.668 +05:30  INF  Route matched with {action = "GetAllMaster", controller = "Drug"}. Executing controller action with signature System.Collections.Generic.List`1[DCRM.Common.Dto.MasterDataDto] GetAllMaster() on controller DCRM.Api.Controllers.DrugController (DCRM.Api).

2024-04-11 20:39:21.351 +05:30  INF  Executed DbCommand (228ms) [Parameters=[], CommandType='"Text"', CommandTimeout='30']
SELECT `m`.`Id`, `m`.`Basic_Salt`, `m`.`Company_Name`, `m`.`Created_At`, `m`.`Name`, `m`.`ParentId`, `m`.`TypeId`, `m`.`Updated_At`
FROM `Master_Data` AS `m`

2024-04-11 20:39:22.037 +05:30  INF  Executed DbCommand (229ms) [Parameters=[], CommandType='"Text"', CommandTimeout='30']
SELECT `m`.`Id`, `m`.`Name`
FROM `Master_Type` AS `m`

2024-04-11 20:39:22.037 +05:30  INF  Executing ObjectResult, writing value of type 'System.Collections.Generic.List`1[[DCRM.Common.Dto.MasterDataDto, DCRM.Common, Version=1.0.0.0, Culture=neutral, PublicKeyToken=null]]'.

2024-04-11 20:39:22.038 +05:30  INF  Executed action DCRM.Api.Controllers.DrugController.GetAllMaster (DCRM.Api) in 1369.8202ms

2024-04-11 20:39:22.038 +05:30  INF  Executed endpoint 'DCRM.Api.Controllers.DrugController.GetAllMaster (DCRM.Api)'

2024-04-11 20:39:22.038 +05:30  INF  Request finished HTTP/2 GET https://localhost:7069/api/Drug/master/getall application/json - - 200 - application/json;+charset=utf-8 2056.2476ms

2024-04-11 20:39:25.568 +05:30  INF  Request starting HTTP/2 OPTIONS https://localhost:7069/api/Drug/master/get/1 - -

2024-04-11 20:39:25.568 +05:30  INF  Request starting HTTP/2 OPTIONS https://localhost:7069/api/Drug/master/type/getall - -

2024-04-11 20:39:25.568 +05:30  INF  CORS policy execution successful.

2024-04-11 20:39:25.568 +05:30  INF  CORS policy execution successful.

2024-04-11 20:39:25.568 +05:30  INF  Request finished HTTP/2 OPTIONS https://localhost:7069/api/Drug/master/get/1 - - - 204 - - 0.6725ms

2024-04-11 20:39:25.568 +05:30  INF  Request finished HTTP/2 OPTIONS https://localhost:7069/api/Drug/master/type/getall - - - 204 - - 0.2874ms

2024-04-11 20:39:25.571 +05:30  INF  Request starting HTTP/2 GET https://localhost:7069/api/Drug/master/get/1 application/json -

2024-04-11 20:39:25.571 +05:30  INF  Request starting HTTP/2 GET https://localhost:7069/api/Drug/master/type/getall application/json -

2024-04-11 20:39:25.571 +05:30  INF  CORS policy execution successful.

2024-04-11 20:39:25.571 +05:30  INF  CORS policy execution successful.

2024-04-11 20:39:26.256 +05:30  INF  Executed DbCommand (230ms) [Parameters=[@__id_0='?' (DbType = Int64)], CommandType='"Text"', CommandTimeout='30']
SELECT `u`.`Id`, `u`.`About_Me`, `u`.`Account_Type`, `u`.`Address`, `u`.`Available_Days`, `u`.`Bn_Name`, `u`.`City`, `u`.`Country`, `u`.`Created_At`, `u`.`Currency`, `u`.`Degree`, `u`.`Email`, `u`.`Email_Verified`, `u`.`Enable_Appointment`, `u`.`Enable_Rating`, `u`.`Exp_Years`, `u`.`Facebook`, `u`.`Google_Analytics`, `u`.`Image`, `u`.`Instagram`, `u`.`Linkedin`, `u`.`Name`, `u`.`Parent_Id`, `u`.`Password`, `u`.`Paypal_Email`, `u`.`Paypal_Mode`, `u`.`Paypal_Payment`, `u`.`Paystack_Payment`, `u`.`Paystack_Public_Key`, `u`.`Paystack_Secret_Key`, `u`.`Phone`, `u`.`Publish_Key`, `u`.`Qr_Code`, `u`.`Razorpay_Key_Id`, `u`.`Razorpay_Key_Secret`, `u`.`Razorpay_Payment`, `u`.`Role`, `u`.`Secret_Key`, `u`.`Skype`, `u`.`Slug`, `u`.`Specialist`, `u`.`Status`, `u`.`Stripe_Payment`, `u`.`Thumb`, `u`.`Trial_Expire`, `u`.`Twitter`, `u`.`User_Name`, `u`.`User_Type`, `u`.`Verify_Code`, `u`.`Whatsapp`
FROM `Users` AS `u`
WHERE `u`.`Id` = @__id_0
LIMIT 1

2024-04-11 20:39:26.257 +05:30  INF  Executing endpoint 'DCRM.Api.Controllers.DrugController.GetMaster (DCRM.Api)'

2024-04-11 20:39:26.257 +05:30  INF  Route matched with {action = "GetMaster", controller = "Drug"}. Executing controller action with signature DCRM.Common.Dto.MasterDataDto GetMaster(Int32) on controller DCRM.Api.Controllers.DrugController (DCRM.Api).

2024-04-11 20:39:26.940 +05:30  INF  Executed DbCommand (229ms) [Parameters=[], CommandType='"Text"', CommandTimeout='30']
SELECT `m`.`Id`, `m`.`Basic_Salt`, `m`.`Company_Name`, `m`.`Created_At`, `m`.`Name`, `m`.`ParentId`, `m`.`TypeId`, `m`.`Updated_At`
FROM `Master_Data` AS `m`

2024-04-11 20:39:27.626 +05:30  INF  Executed DbCommand (228ms) [Parameters=[], CommandType='"Text"', CommandTimeout='30']
SELECT `m`.`Id`, `m`.`Name`
FROM `Master_Type` AS `m`

2024-04-11 20:39:27.626 +05:30  INF  Executing ObjectResult, writing value of type 'DCRM.Common.Dto.MasterDataDto'.

2024-04-11 20:39:27.627 +05:30  INF  Executed action DCRM.Api.Controllers.DrugController.GetMaster (DCRM.Api) in 1370.0188ms

2024-04-11 20:39:27.627 +05:30  INF  Executed endpoint 'DCRM.Api.Controllers.DrugController.GetMaster (DCRM.Api)'

2024-04-11 20:39:27.627 +05:30  INF  Request finished HTTP/2 GET https://localhost:7069/api/Drug/master/get/1 application/json - - 200 - application/json;+charset=utf-8 2056.0745ms

2024-04-11 20:39:28.863 +05:30  INF  Executed DbCommand (235ms) [Parameters=[@__id_0='?' (DbType = Int64)], CommandType='"Text"', CommandTimeout='30']
SELECT `u`.`Id`, `u`.`About_Me`, `u`.`Account_Type`, `u`.`Address`, `u`.`Available_Days`, `u`.`Bn_Name`, `u`.`City`, `u`.`Country`, `u`.`Created_At`, `u`.`Currency`, `u`.`Degree`, `u`.`Email`, `u`.`Email_Verified`, `u`.`Enable_Appointment`, `u`.`Enable_Rating`, `u`.`Exp_Years`, `u`.`Facebook`, `u`.`Google_Analytics`, `u`.`Image`, `u`.`Instagram`, `u`.`Linkedin`, `u`.`Name`, `u`.`Parent_Id`, `u`.`Password`, `u`.`Paypal_Email`, `u`.`Paypal_Mode`, `u`.`Paypal_Payment`, `u`.`Paystack_Payment`, `u`.`Paystack_Public_Key`, `u`.`Paystack_Secret_Key`, `u`.`Phone`, `u`.`Publish_Key`, `u`.`Qr_Code`, `u`.`Razorpay_Key_Id`, `u`.`Razorpay_Key_Secret`, `u`.`Razorpay_Payment`, `u`.`Role`, `u`.`Secret_Key`, `u`.`Skype`, `u`.`Slug`, `u`.`Specialist`, `u`.`Status`, `u`.`Stripe_Payment`, `u`.`Thumb`, `u`.`Trial_Expire`, `u`.`Twitter`, `u`.`User_Name`, `u`.`User_Type`, `u`.`Verify_Code`, `u`.`Whatsapp`
FROM `Users` AS `u`
WHERE `u`.`Id` = @__id_0
LIMIT 1

2024-04-11 20:39:28.863 +05:30  INF  Executing endpoint 'DCRM.Api.Controllers.DrugController.GetAllMasterType (DCRM.Api)'

2024-04-11 20:39:28.864 +05:30  INF  Route matched with {action = "GetAllMasterType", controller = "Drug"}. Executing controller action with signature System.Collections.Generic.List`1[DCRM.Common.Entities.MasterType] GetAllMasterType() on controller DCRM.Api.Controllers.DrugController (DCRM.Api).

2024-04-11 20:39:29.558 +05:30  INF  Executed DbCommand (232ms) [Parameters=[], CommandType='"Text"', CommandTimeout='30']
SELECT `m`.`Id`, `m`.`Name`
FROM `Master_Type` AS `m`

2024-04-11 20:39:29.558 +05:30  INF  Executing ObjectResult, writing value of type 'System.Collections.Generic.List`1[[DCRM.Common.Entities.MasterType, DCRM.Common, Version=1.0.0.0, Culture=neutral, PublicKeyToken=null]]'.

2024-04-11 20:39:29.560 +05:30  INF  Executed action DCRM.Api.Controllers.DrugController.GetAllMasterType (DCRM.Api) in 695.6634ms

2024-04-11 20:39:29.560 +05:30  INF  Executed endpoint 'DCRM.Api.Controllers.DrugController.GetAllMasterType (DCRM.Api)'

2024-04-11 20:39:29.560 +05:30  INF  Request finished HTTP/2 GET https://localhost:7069/api/Drug/master/type/getall application/json - - 200 - application/json;+charset=utf-8 3989.3613ms

2024-04-11 20:40:33.742 +05:30  INF  Request starting HTTP/2 OPTIONS https://localhost:7069/api/Dashboard/Get - -

2024-04-11 20:40:33.743 +05:30  INF  CORS policy execution successful.

2024-04-11 20:40:33.749 +05:30  INF  Request finished HTTP/2 OPTIONS https://localhost:7069/api/Dashboard/Get - - - 204 - - 10.2462ms

2024-04-11 20:40:33.767 +05:30  INF  Request starting HTTP/2 GET https://localhost:7069/api/Dashboard/Get application/json -

2024-04-11 20:40:33.767 +05:30  INF  CORS policy execution successful.

2024-04-11 20:40:34.461 +05:30  INF  Executed DbCommand (232ms) [Parameters=[@__id_0='?' (DbType = Int64)], CommandType='"Text"', CommandTimeout='30']
SELECT `u`.`Id`, `u`.`About_Me`, `u`.`Account_Type`, `u`.`Address`, `u`.`Available_Days`, `u`.`Bn_Name`, `u`.`City`, `u`.`Country`, `u`.`Created_At`, `u`.`Currency`, `u`.`Degree`, `u`.`Email`, `u`.`Email_Verified`, `u`.`Enable_Appointment`, `u`.`Enable_Rating`, `u`.`Exp_Years`, `u`.`Facebook`, `u`.`Google_Analytics`, `u`.`Image`, `u`.`Instagram`, `u`.`Linkedin`, `u`.`Name`, `u`.`Parent_Id`, `u`.`Password`, `u`.`Paypal_Email`, `u`.`Paypal_Mode`, `u`.`Paypal_Payment`, `u`.`Paystack_Payment`, `u`.`Paystack_Public_Key`, `u`.`Paystack_Secret_Key`, `u`.`Phone`, `u`.`Publish_Key`, `u`.`Qr_Code`, `u`.`Razorpay_Key_Id`, `u`.`Razorpay_Key_Secret`, `u`.`Razorpay_Payment`, `u`.`Role`, `u`.`Secret_Key`, `u`.`Skype`, `u`.`Slug`, `u`.`Specialist`, `u`.`Status`, `u`.`Stripe_Payment`, `u`.`Thumb`, `u`.`Trial_Expire`, `u`.`Twitter`, `u`.`User_Name`, `u`.`User_Type`, `u`.`Verify_Code`, `u`.`Whatsapp`
FROM `Users` AS `u`
WHERE `u`.`Id` = @__id_0
LIMIT 1

2024-04-11 20:40:34.464 +05:30  INF  Request starting HTTP/2 OPTIONS https://localhost:7069/api/Drug/master/type/getall - -

2024-04-11 20:40:34.464 +05:30  INF  Executing endpoint 'DCRM.Api.Controllers.DashboardController.Get (DCRM.Api)'

2024-04-11 20:40:34.464 +05:30  INF  Request starting HTTP/2 OPTIONS https://localhost:7069/api/Drug/master/get/1 - -

2024-04-11 20:40:34.464 +05:30  INF  Route matched with {action = "Get", controller = "Dashboard"}. Executing controller action with signature DCRM.Common.Dto.DashboardDto Get() on controller DCRM.Api.Controllers.DashboardController (DCRM.Api).

2024-04-11 20:40:34.464 +05:30  INF  CORS policy execution successful.

2024-04-11 20:40:34.464 +05:30  INF  Request finished HTTP/2 OPTIONS https://localhost:7069/api/Drug/master/get/1 - - - 204 - - 0.2761ms

2024-04-11 20:40:34.465 +05:30  INF  CORS policy execution successful.

2024-04-11 20:40:34.465 +05:30  INF  Request finished HTTP/2 OPTIONS https://localhost:7069/api/Drug/master/type/getall - - - 204 - - 1.1840ms

2024-04-11 20:40:34.469 +05:30  INF  Request starting HTTP/2 GET https://localhost:7069/api/Drug/master/get/1 application/json -

2024-04-11 20:40:34.469 +05:30  INF  Request starting HTTP/2 GET https://localhost:7069/api/Drug/master/type/getall application/json -

2024-04-11 20:40:34.469 +05:30  INF  CORS policy execution successful.

2024-04-11 20:40:34.469 +05:30  INF  CORS policy execution successful.

2024-04-11 20:40:35.153 +05:30  INF  Executed DbCommand (230ms) [Parameters=[@__p_0='?' (DbType = Int64)], CommandType='"Text"', CommandTimeout='30']
SELECT COUNT(*)
FROM `Patientses` AS `p`
WHERE (`p`.`User_Id` = @__p_0) AND (`p`.`Is_Delete` = 0)

2024-04-11 20:40:35.158 +05:30  INF  Executed DbCommand (228ms) [Parameters=[@__id_0='?' (DbType = Int64)], CommandType='"Text"', CommandTimeout='30']
SELECT `u`.`Id`, `u`.`About_Me`, `u`.`Account_Type`, `u`.`Address`, `u`.`Available_Days`, `u`.`Bn_Name`, `u`.`City`, `u`.`Country`, `u`.`Created_At`, `u`.`Currency`, `u`.`Degree`, `u`.`Email`, `u`.`Email_Verified`, `u`.`Enable_Appointment`, `u`.`Enable_Rating`, `u`.`Exp_Years`, `u`.`Facebook`, `u`.`Google_Analytics`, `u`.`Image`, `u`.`Instagram`, `u`.`Linkedin`, `u`.`Name`, `u`.`Parent_Id`, `u`.`Password`, `u`.`Paypal_Email`, `u`.`Paypal_Mode`, `u`.`Paypal_Payment`, `u`.`Paystack_Payment`, `u`.`Paystack_Public_Key`, `u`.`Paystack_Secret_Key`, `u`.`Phone`, `u`.`Publish_Key`, `u`.`Qr_Code`, `u`.`Razorpay_Key_Id`, `u`.`Razorpay_Key_Secret`, `u`.`Razorpay_Payment`, `u`.`Role`, `u`.`Secret_Key`, `u`.`Skype`, `u`.`Slug`, `u`.`Specialist`, `u`.`Status`, `u`.`Stripe_Payment`, `u`.`Thumb`, `u`.`Trial_Expire`, `u`.`Twitter`, `u`.`User_Name`, `u`.`User_Type`, `u`.`Verify_Code`, `u`.`Whatsapp`
FROM `Users` AS `u`
WHERE `u`.`Id` = @__id_0
LIMIT 1

2024-04-11 20:40:35.159 +05:30  INF  Executing endpoint 'DCRM.Api.Controllers.DrugController.GetMaster (DCRM.Api)'

2024-04-11 20:40:35.159 +05:30  INF  Route matched with {action = "GetMaster", controller = "Drug"}. Executing controller action with signature DCRM.Common.Dto.MasterDataDto GetMaster(Int32) on controller DCRM.Api.Controllers.DrugController (DCRM.Api).

2024-04-11 20:40:35.840 +05:30  INF  Executed DbCommand (228ms) [Parameters=[], CommandType='"Text"', CommandTimeout='30']
SELECT `m`.`Id`, `m`.`Basic_Salt`, `m`.`Company_Name`, `m`.`Created_At`, `m`.`Name`, `m`.`ParentId`, `m`.`TypeId`, `m`.`Updated_At`
FROM `Master_Data` AS `m`

2024-04-11 20:40:35.843 +05:30  INF  Executed DbCommand (228ms) [Parameters=[@__userId_0='?' (DbType = Int32)], CommandType='"Text"', CommandTimeout='30']
SELECT COUNT(*)
FROM `Staffs` AS `s`
WHERE (`s`.`User_Id` = @__userId_0) AND (`s`.`Is_Deleted` = 0)

2024-04-11 20:40:36.526 +05:30  INF  Executed DbCommand (229ms) [Parameters=[], CommandType='"Text"', CommandTimeout='30']
SELECT `m`.`Id`, `m`.`Name`
FROM `Master_Type` AS `m`

2024-04-11 20:40:36.526 +05:30  INF  Executing ObjectResult, writing value of type 'DCRM.Common.Dto.MasterDataDto'.

2024-04-11 20:40:36.526 +05:30  INF  Executed action DCRM.Api.Controllers.DrugController.GetMaster (DCRM.Api) in 1367.5612ms

2024-04-11 20:40:36.526 +05:30  INF  Executed endpoint 'DCRM.Api.Controllers.DrugController.GetMaster (DCRM.Api)'

2024-04-11 20:40:36.526 +05:30  INF  Request finished HTTP/2 GET https://localhost:7069/api/Drug/master/get/1 application/json - - 200 - application/json;+charset=utf-8 2057.7265ms

2024-04-11 20:40:36.527 +05:30  INF  Executed DbCommand (229ms) [Parameters=[@__userId_0='?' (DbType = Int32)], CommandType='"Text"', CommandTimeout='30']
SELECT COUNT(*)
FROM `Appointments` AS `a`
WHERE (`a`.`User_Id` = @__userId_0) AND (`a`.`Is_Delete` = 0)

2024-04-11 20:40:37.220 +05:30  INF  Executed DbCommand (231ms) [Parameters=[@__userId_0='?' (DbType = Int32)], CommandType='"Text"', CommandTimeout='30']
SELECT COUNT(*)
FROM `Appointments` AS `a`
WHERE ((`a`.`User_Id` = @__userId_0) AND (`a`.`Is_Delete` = 0)) AND (`a`.`Date` = CURDATE())

2024-04-11 20:40:37.220 +05:30  INF  Executing ObjectResult, writing value of type 'DCRM.Common.Dto.DashboardDto'.

2024-04-11 20:40:37.220 +05:30  INF  Executed action DCRM.Api.Controllers.DashboardController.Get (DCRM.Api) in 2755.8573ms

2024-04-11 20:40:37.220 +05:30  INF  Executed endpoint 'DCRM.Api.Controllers.DashboardController.Get (DCRM.Api)'

2024-04-11 20:40:37.220 +05:30  INF  Request finished HTTP/2 GET https://localhost:7069/api/Dashboard/Get application/json - - 200 - application/json;+charset=utf-8 3452.9250ms

2024-04-11 20:40:37.777 +05:30  INF  Executed DbCommand (229ms) [Parameters=[@__id_0='?' (DbType = Int64)], CommandType='"Text"', CommandTimeout='30']
SELECT `u`.`Id`, `u`.`About_Me`, `u`.`Account_Type`, `u`.`Address`, `u`.`Available_Days`, `u`.`Bn_Name`, `u`.`City`, `u`.`Country`, `u`.`Created_At`, `u`.`Currency`, `u`.`Degree`, `u`.`Email`, `u`.`Email_Verified`, `u`.`Enable_Appointment`, `u`.`Enable_Rating`, `u`.`Exp_Years`, `u`.`Facebook`, `u`.`Google_Analytics`, `u`.`Image`, `u`.`Instagram`, `u`.`Linkedin`, `u`.`Name`, `u`.`Parent_Id`, `u`.`Password`, `u`.`Paypal_Email`, `u`.`Paypal_Mode`, `u`.`Paypal_Payment`, `u`.`Paystack_Payment`, `u`.`Paystack_Public_Key`, `u`.`Paystack_Secret_Key`, `u`.`Phone`, `u`.`Publish_Key`, `u`.`Qr_Code`, `u`.`Razorpay_Key_Id`, `u`.`Razorpay_Key_Secret`, `u`.`Razorpay_Payment`, `u`.`Role`, `u`.`Secret_Key`, `u`.`Skype`, `u`.`Slug`, `u`.`Specialist`, `u`.`Status`, `u`.`Stripe_Payment`, `u`.`Thumb`, `u`.`Trial_Expire`, `u`.`Twitter`, `u`.`User_Name`, `u`.`User_Type`, `u`.`Verify_Code`, `u`.`Whatsapp`
FROM `Users` AS `u`
WHERE `u`.`Id` = @__id_0
LIMIT 1

2024-04-11 20:40:37.777 +05:30  INF  Executing endpoint 'DCRM.Api.Controllers.DrugController.GetAllMasterType (DCRM.Api)'

2024-04-11 20:40:37.777 +05:30  INF  Route matched with {action = "GetAllMasterType", controller = "Drug"}. Executing controller action with signature System.Collections.Generic.List`1[DCRM.Common.Entities.MasterType] GetAllMasterType() on controller DCRM.Api.Controllers.DrugController (DCRM.Api).

2024-04-11 20:40:38.465 +05:30  INF  Executed DbCommand (228ms) [Parameters=[], CommandType='"Text"', CommandTimeout='30']
SELECT `m`.`Id`, `m`.`Name`
FROM `Master_Type` AS `m`

2024-04-11 20:40:38.466 +05:30  INF  Executing ObjectResult, writing value of type 'System.Collections.Generic.List`1[[DCRM.Common.Entities.MasterType, DCRM.Common, Version=1.0.0.0, Culture=neutral, PublicKeyToken=null]]'.

2024-04-11 20:40:38.466 +05:30  INF  Executed action DCRM.Api.Controllers.DrugController.GetAllMasterType (DCRM.Api) in 688.7204ms

2024-04-11 20:40:38.466 +05:30  INF  Executed endpoint 'DCRM.Api.Controllers.DrugController.GetAllMasterType (DCRM.Api)'

2024-04-11 20:40:38.466 +05:30  INF  Request finished HTTP/2 GET https://localhost:7069/api/Drug/master/type/getall application/json - - 200 - application/json;+charset=utf-8 3997.4644ms

2024-04-11 20:40:50.585 +05:30  INF  Request starting HTTP/2 OPTIONS https://localhost:7069/api/Drug/master/get/1 - -

2024-04-11 20:40:50.585 +05:30  INF  Request starting HTTP/2 OPTIONS https://localhost:7069/api/Drug/master/type/getall - -

2024-04-11 20:40:50.585 +05:30  INF  CORS policy execution successful.

2024-04-11 20:40:50.585 +05:30  INF  CORS policy execution successful.

2024-04-11 20:40:50.585 +05:30  INF  Request finished HTTP/2 OPTIONS https://localhost:7069/api/Drug/master/get/1 - - - 204 - - 0.5943ms

2024-04-11 20:40:50.585 +05:30  INF  Request finished HTTP/2 OPTIONS https://localhost:7069/api/Drug/master/type/getall - - - 204 - - 0.4110ms

2024-04-11 20:40:50.588 +05:30  INF  Request starting HTTP/2 GET https://localhost:7069/api/Drug/master/type/getall application/json -

2024-04-11 20:40:50.588 +05:30  INF  Request starting HTTP/2 GET https://localhost:7069/api/Drug/master/get/1 application/json -

2024-04-11 20:40:50.588 +05:30  INF  CORS policy execution successful.

2024-04-11 20:40:50.588 +05:30  INF  CORS policy execution successful.

2024-04-11 20:40:51.274 +05:30  INF  Executed DbCommand (230ms) [Parameters=[@__id_0='?' (DbType = Int64)], CommandType='"Text"', CommandTimeout='30']
SELECT `u`.`Id`, `u`.`About_Me`, `u`.`Account_Type`, `u`.`Address`, `u`.`Available_Days`, `u`.`Bn_Name`, `u`.`City`, `u`.`Country`, `u`.`Created_At`, `u`.`Currency`, `u`.`Degree`, `u`.`Email`, `u`.`Email_Verified`, `u`.`Enable_Appointment`, `u`.`Enable_Rating`, `u`.`Exp_Years`, `u`.`Facebook`, `u`.`Google_Analytics`, `u`.`Image`, `u`.`Instagram`, `u`.`Linkedin`, `u`.`Name`, `u`.`Parent_Id`, `u`.`Password`, `u`.`Paypal_Email`, `u`.`Paypal_Mode`, `u`.`Paypal_Payment`, `u`.`Paystack_Payment`, `u`.`Paystack_Public_Key`, `u`.`Paystack_Secret_Key`, `u`.`Phone`, `u`.`Publish_Key`, `u`.`Qr_Code`, `u`.`Razorpay_Key_Id`, `u`.`Razorpay_Key_Secret`, `u`.`Razorpay_Payment`, `u`.`Role`, `u`.`Secret_Key`, `u`.`Skype`, `u`.`Slug`, `u`.`Specialist`, `u`.`Status`, `u`.`Stripe_Payment`, `u`.`Thumb`, `u`.`Trial_Expire`, `u`.`Twitter`, `u`.`User_Name`, `u`.`User_Type`, `u`.`Verify_Code`, `u`.`Whatsapp`
FROM `Users` AS `u`
WHERE `u`.`Id` = @__id_0
LIMIT 1

2024-04-11 20:40:51.275 +05:30  INF  Executing endpoint 'DCRM.Api.Controllers.DrugController.GetAllMasterType (DCRM.Api)'

2024-04-11 20:40:51.275 +05:30  INF  Route matched with {action = "GetAllMasterType", controller = "Drug"}. Executing controller action with signature System.Collections.Generic.List`1[DCRM.Common.Entities.MasterType] GetAllMasterType() on controller DCRM.Api.Controllers.DrugController (DCRM.Api).

2024-04-11 20:40:51.277 +05:30  INF  Executed DbCommand (229ms) [Parameters=[@__id_0='?' (DbType = Int64)], CommandType='"Text"', CommandTimeout='30']
SELECT `u`.`Id`, `u`.`About_Me`, `u`.`Account_Type`, `u`.`Address`, `u`.`Available_Days`, `u`.`Bn_Name`, `u`.`City`, `u`.`Country`, `u`.`Created_At`, `u`.`Currency`, `u`.`Degree`, `u`.`Email`, `u`.`Email_Verified`, `u`.`Enable_Appointment`, `u`.`Enable_Rating`, `u`.`Exp_Years`, `u`.`Facebook`, `u`.`Google_Analytics`, `u`.`Image`, `u`.`Instagram`, `u`.`Linkedin`, `u`.`Name`, `u`.`Parent_Id`, `u`.`Password`, `u`.`Paypal_Email`, `u`.`Paypal_Mode`, `u`.`Paypal_Payment`, `u`.`Paystack_Payment`, `u`.`Paystack_Public_Key`, `u`.`Paystack_Secret_Key`, `u`.`Phone`, `u`.`Publish_Key`, `u`.`Qr_Code`, `u`.`Razorpay_Key_Id`, `u`.`Razorpay_Key_Secret`, `u`.`Razorpay_Payment`, `u`.`Role`, `u`.`Secret_Key`, `u`.`Skype`, `u`.`Slug`, `u`.`Specialist`, `u`.`Status`, `u`.`Stripe_Payment`, `u`.`Thumb`, `u`.`Trial_Expire`, `u`.`Twitter`, `u`.`User_Name`, `u`.`User_Type`, `u`.`Verify_Code`, `u`.`Whatsapp`
FROM `Users` AS `u`
WHERE `u`.`Id` = @__id_0
LIMIT 1

2024-04-11 20:40:51.277 +05:30  INF  Executing endpoint 'DCRM.Api.Controllers.DrugController.GetMaster (DCRM.Api)'

2024-04-11 20:40:51.277 +05:30  INF  Route matched with {action = "GetMaster", controller = "Drug"}. Executing controller action with signature DCRM.Common.Dto.MasterDataDto GetMaster(Int32) on controller DCRM.Api.Controllers.DrugController (DCRM.Api).

2024-04-11 20:40:51.958 +05:30  INF  Executed DbCommand (228ms) [Parameters=[], CommandType='"Text"', CommandTimeout='30']
SELECT `m`.`Id`, `m`.`Name`
FROM `Master_Type` AS `m`

2024-04-11 20:40:51.958 +05:30  INF  Executing ObjectResult, writing value of type 'System.Collections.Generic.List`1[[DCRM.Common.Entities.MasterType, DCRM.Common, Version=1.0.0.0, Culture=neutral, PublicKeyToken=null]]'.

2024-04-11 20:40:51.958 +05:30  INF  Executed action DCRM.Api.Controllers.DrugController.GetAllMasterType (DCRM.Api) in 683.452ms

2024-04-11 20:40:51.958 +05:30  INF  Executed endpoint 'DCRM.Api.Controllers.DrugController.GetAllMasterType (DCRM.Api)'

2024-04-11 20:40:51.958 +05:30  INF  Request finished HTTP/2 GET https://localhost:7069/api/Drug/master/type/getall application/json - - 200 - application/json;+charset=utf-8 1370.2733ms

2024-04-11 20:40:51.963 +05:30  INF  Executed DbCommand (228ms) [Parameters=[], CommandType='"Text"', CommandTimeout='30']
SELECT `m`.`Id`, `m`.`Basic_Salt`, `m`.`Company_Name`, `m`.`Created_At`, `m`.`Name`, `m`.`ParentId`, `m`.`TypeId`, `m`.`Updated_At`
FROM `Master_Data` AS `m`

2024-04-11 20:40:52.652 +05:30  INF  Executed DbCommand (231ms) [Parameters=[], CommandType='"Text"', CommandTimeout='30']
SELECT `m`.`Id`, `m`.`Name`
FROM `Master_Type` AS `m`

2024-04-11 20:40:52.652 +05:30  INF  Executing ObjectResult, writing value of type 'DCRM.Common.Dto.MasterDataDto'.

2024-04-11 20:40:52.653 +05:30  INF  Executed action DCRM.Api.Controllers.DrugController.GetMaster (DCRM.Api) in 1375.5265ms

2024-04-11 20:40:52.653 +05:30  INF  Executed endpoint 'DCRM.Api.Controllers.DrugController.GetMaster (DCRM.Api)'

2024-04-11 20:40:52.653 +05:30  INF  Request finished HTTP/2 GET https://localhost:7069/api/Drug/master/get/1 application/json - - 200 - application/json;+charset=utf-8 2064.7491ms

2024-04-11 20:42:38.993 +05:30  INF  Request starting HTTP/2 OPTIONS https://localhost:7069/api/Dashboard/Get - -

2024-04-11 20:42:38.994 +05:30  INF  CORS policy execution successful.

2024-04-11 20:42:38.997 +05:30  INF  Request finished HTTP/2 OPTIONS https://localhost:7069/api/Dashboard/Get - - - 204 - - 2.7656ms

2024-04-11 20:42:39.001 +05:30  INF  Request starting HTTP/2 GET https://localhost:7069/api/Dashboard/Get application/json -

2024-04-11 20:42:39.006 +05:30  INF  CORS policy execution successful.

2024-04-11 20:42:39.594 +05:30  INF  Request starting HTTP/2 OPTIONS https://localhost:7069/api/Drug/master/get/1 - -

2024-04-11 20:42:39.595 +05:30  INF  CORS policy execution successful.

2024-04-11 20:42:39.595 +05:30  INF  Request finished HTTP/2 OPTIONS https://localhost:7069/api/Drug/master/get/1 - - - 204 - - 0.5442ms

2024-04-11 20:42:39.598 +05:30  INF  Request starting HTTP/2 OPTIONS https://localhost:7069/api/Drug/master/type/getall - -

2024-04-11 20:42:39.598 +05:30  INF  CORS policy execution successful.

2024-04-11 20:42:39.598 +05:30  INF  Request finished HTTP/2 OPTIONS https://localhost:7069/api/Drug/master/type/getall - - - 204 - - 0.9463ms

2024-04-11 20:42:39.599 +05:30  INF  Request starting HTTP/2 GET https://localhost:7069/api/Drug/master/get/1 application/json -

2024-04-11 20:42:39.600 +05:30  INF  CORS policy execution successful.

2024-04-11 20:42:39.609 +05:30  INF  Request starting HTTP/2 GET https://localhost:7069/api/Drug/master/type/getall application/json -

2024-04-11 20:42:39.609 +05:30  INF  CORS policy execution successful.

2024-04-11 20:42:39.700 +05:30  INF  Executed DbCommand (232ms) [Parameters=[@__id_0='?' (DbType = Int64)], CommandType='"Text"', CommandTimeout='30']
SELECT `u`.`Id`, `u`.`About_Me`, `u`.`Account_Type`, `u`.`Address`, `u`.`Available_Days`, `u`.`Bn_Name`, `u`.`City`, `u`.`Country`, `u`.`Created_At`, `u`.`Currency`, `u`.`Degree`, `u`.`Email`, `u`.`Email_Verified`, `u`.`Enable_Appointment`, `u`.`Enable_Rating`, `u`.`Exp_Years`, `u`.`Facebook`, `u`.`Google_Analytics`, `u`.`Image`, `u`.`Instagram`, `u`.`Linkedin`, `u`.`Name`, `u`.`Parent_Id`, `u`.`Password`, `u`.`Paypal_Email`, `u`.`Paypal_Mode`, `u`.`Paypal_Payment`, `u`.`Paystack_Payment`, `u`.`Paystack_Public_Key`, `u`.`Paystack_Secret_Key`, `u`.`Phone`, `u`.`Publish_Key`, `u`.`Qr_Code`, `u`.`Razorpay_Key_Id`, `u`.`Razorpay_Key_Secret`, `u`.`Razorpay_Payment`, `u`.`Role`, `u`.`Secret_Key`, `u`.`Skype`, `u`.`Slug`, `u`.`Specialist`, `u`.`Status`, `u`.`Stripe_Payment`, `u`.`Thumb`, `u`.`Trial_Expire`, `u`.`Twitter`, `u`.`User_Name`, `u`.`User_Type`, `u`.`Verify_Code`, `u`.`Whatsapp`
FROM `Users` AS `u`
WHERE `u`.`Id` = @__id_0
LIMIT 1

2024-04-11 20:42:39.700 +05:30  INF  Executing endpoint 'DCRM.Api.Controllers.DashboardController.Get (DCRM.Api)'

2024-04-11 20:42:39.701 +05:30  INF  Route matched with {action = "Get", controller = "Dashboard"}. Executing controller action with signature DCRM.Common.Dto.DashboardDto Get() on controller DCRM.Api.Controllers.DashboardController (DCRM.Api).

2024-04-11 20:42:40.291 +05:30  INF  Executed DbCommand (228ms) [Parameters=[@__id_0='?' (DbType = Int64)], CommandType='"Text"', CommandTimeout='30']
SELECT `u`.`Id`, `u`.`About_Me`, `u`.`Account_Type`, `u`.`Address`, `u`.`Available_Days`, `u`.`Bn_Name`, `u`.`City`, `u`.`Country`, `u`.`Created_At`, `u`.`Currency`, `u`.`Degree`, `u`.`Email`, `u`.`Email_Verified`, `u`.`Enable_Appointment`, `u`.`Enable_Rating`, `u`.`Exp_Years`, `u`.`Facebook`, `u`.`Google_Analytics`, `u`.`Image`, `u`.`Instagram`, `u`.`Linkedin`, `u`.`Name`, `u`.`Parent_Id`, `u`.`Password`, `u`.`Paypal_Email`, `u`.`Paypal_Mode`, `u`.`Paypal_Payment`, `u`.`Paystack_Payment`, `u`.`Paystack_Public_Key`, `u`.`Paystack_Secret_Key`, `u`.`Phone`, `u`.`Publish_Key`, `u`.`Qr_Code`, `u`.`Razorpay_Key_Id`, `u`.`Razorpay_Key_Secret`, `u`.`Razorpay_Payment`, `u`.`Role`, `u`.`Secret_Key`, `u`.`Skype`, `u`.`Slug`, `u`.`Specialist`, `u`.`Status`, `u`.`Stripe_Payment`, `u`.`Thumb`, `u`.`Trial_Expire`, `u`.`Twitter`, `u`.`User_Name`, `u`.`User_Type`, `u`.`Verify_Code`, `u`.`Whatsapp`
FROM `Users` AS `u`
WHERE `u`.`Id` = @__id_0
LIMIT 1

2024-04-11 20:42:40.291 +05:30  INF  Executed DbCommand (229ms) [Parameters=[@__id_0='?' (DbType = Int64)], CommandType='"Text"', CommandTimeout='30']
SELECT `u`.`Id`, `u`.`About_Me`, `u`.`Account_Type`, `u`.`Address`, `u`.`Available_Days`, `u`.`Bn_Name`, `u`.`City`, `u`.`Country`, `u`.`Created_At`, `u`.`Currency`, `u`.`Degree`, `u`.`Email`, `u`.`Email_Verified`, `u`.`Enable_Appointment`, `u`.`Enable_Rating`, `u`.`Exp_Years`, `u`.`Facebook`, `u`.`Google_Analytics`, `u`.`Image`, `u`.`Instagram`, `u`.`Linkedin`, `u`.`Name`, `u`.`Parent_Id`, `u`.`Password`, `u`.`Paypal_Email`, `u`.`Paypal_Mode`, `u`.`Paypal_Payment`, `u`.`Paystack_Payment`, `u`.`Paystack_Public_Key`, `u`.`Paystack_Secret_Key`, `u`.`Phone`, `u`.`Publish_Key`, `u`.`Qr_Code`, `u`.`Razorpay_Key_Id`, `u`.`Razorpay_Key_Secret`, `u`.`Razorpay_Payment`, `u`.`Role`, `u`.`Secret_Key`, `u`.`Skype`, `u`.`Slug`, `u`.`Specialist`, `u`.`Status`, `u`.`Stripe_Payment`, `u`.`Thumb`, `u`.`Trial_Expire`, `u`.`Twitter`, `u`.`User_Name`, `u`.`User_Type`, `u`.`Verify_Code`, `u`.`Whatsapp`
FROM `Users` AS `u`
WHERE `u`.`Id` = @__id_0
LIMIT 1

2024-04-11 20:42:40.291 +05:30  INF  Executing endpoint 'DCRM.Api.Controllers.DrugController.GetMaster (DCRM.Api)'

2024-04-11 20:42:40.291 +05:30  INF  Executing endpoint 'DCRM.Api.Controllers.DrugController.GetAllMasterType (DCRM.Api)'

2024-04-11 20:42:40.292 +05:30  INF  Route matched with {action = "GetMaster", controller = "Drug"}. Executing controller action with signature DCRM.Common.Dto.MasterDataDto GetMaster(Int32) on controller DCRM.Api.Controllers.DrugController (DCRM.Api).

2024-04-11 20:42:40.292 +05:30  INF  Route matched with {action = "GetAllMasterType", controller = "Drug"}. Executing controller action with signature System.Collections.Generic.List`1[DCRM.Common.Entities.MasterType] GetAllMasterType() on controller DCRM.Api.Controllers.DrugController (DCRM.Api).

2024-04-11 20:42:40.389 +05:30  INF  Executed DbCommand (229ms) [Parameters=[@__p_0='?' (DbType = Int64)], CommandType='"Text"', CommandTimeout='30']
SELECT COUNT(*)
FROM `Patientses` AS `p`
WHERE (`p`.`User_Id` = @__p_0) AND (`p`.`Is_Delete` = 0)

2024-04-11 20:42:40.974 +05:30  INF  Executed DbCommand (229ms) [Parameters=[], CommandType='"Text"', CommandTimeout='30']
SELECT `m`.`Id`, `m`.`Name`
FROM `Master_Type` AS `m`

2024-04-11 20:42:40.974 +05:30  INF  Executing ObjectResult, writing value of type 'System.Collections.Generic.List`1[[DCRM.Common.Entities.MasterType, DCRM.Common, Version=1.0.0.0, Culture=neutral, PublicKeyToken=null]]'.

2024-04-11 20:42:40.974 +05:30  INF  Executed DbCommand (229ms) [Parameters=[], CommandType='"Text"', CommandTimeout='30']
SELECT `m`.`Id`, `m`.`Basic_Salt`, `m`.`Company_Name`, `m`.`Created_At`, `m`.`Name`, `m`.`ParentId`, `m`.`TypeId`, `m`.`Updated_At`
FROM `Master_Data` AS `m`

2024-04-11 20:42:40.975 +05:30  INF  Executed action DCRM.Api.Controllers.DrugController.GetAllMasterType (DCRM.Api) in 682.9356ms

2024-04-11 20:42:40.975 +05:30  INF  Executed endpoint 'DCRM.Api.Controllers.DrugController.GetAllMasterType (DCRM.Api)'

2024-04-11 20:42:40.975 +05:30  INF  Request finished HTTP/2 GET https://localhost:7069/api/Drug/master/type/getall application/json - - 200 - application/json;+charset=utf-8 1365.8516ms

2024-04-11 20:42:41.078 +05:30  INF  Executed DbCommand (229ms) [Parameters=[@__userId_0='?' (DbType = Int32)], CommandType='"Text"', CommandTimeout='30']
SELECT COUNT(*)
FROM `Staffs` AS `s`
WHERE (`s`.`User_Id` = @__userId_0) AND (`s`.`Is_Deleted` = 0)

2024-04-11 20:42:41.668 +05:30  INF  Executed DbCommand (229ms) [Parameters=[], CommandType='"Text"', CommandTimeout='30']
SELECT `m`.`Id`, `m`.`Name`
FROM `Master_Type` AS `m`

2024-04-11 20:42:41.669 +05:30  INF  Executing ObjectResult, writing value of type 'DCRM.Common.Dto.MasterDataDto'.

2024-04-11 20:42:41.669 +05:30  INF  Executed action DCRM.Api.Controllers.DrugController.GetMaster (DCRM.Api) in 1377.2326ms

2024-04-11 20:42:41.669 +05:30  INF  Executed endpoint 'DCRM.Api.Controllers.DrugController.GetMaster (DCRM.Api)'

2024-04-11 20:42:41.669 +05:30  INF  Request finished HTTP/2 GET https://localhost:7069/api/Drug/master/get/1 application/json - - 200 - application/json;+charset=utf-8 2070.3517ms

2024-04-11 20:42:41.769 +05:30  INF  Executed DbCommand (231ms) [Parameters=[@__userId_0='?' (DbType = Int32)], CommandType='"Text"', CommandTimeout='30']
SELECT COUNT(*)
FROM `Appointments` AS `a`
WHERE (`a`.`User_Id` = @__userId_0) AND (`a`.`Is_Delete` = 0)

2024-04-11 20:42:42.461 +05:30  INF  Executed DbCommand (231ms) [Parameters=[@__userId_0='?' (DbType = Int32)], CommandType='"Text"', CommandTimeout='30']
SELECT COUNT(*)
FROM `Appointments` AS `a`
WHERE ((`a`.`User_Id` = @__userId_0) AND (`a`.`Is_Delete` = 0)) AND (`a`.`Date` = CURDATE())

2024-04-11 20:42:42.461 +05:30  INF  Executing ObjectResult, writing value of type 'DCRM.Common.Dto.DashboardDto'.

2024-04-11 20:42:42.461 +05:30  INF  Executed action DCRM.Api.Controllers.DashboardController.Get (DCRM.Api) in 2760.4649ms

2024-04-11 20:42:42.461 +05:30  INF  Executed endpoint 'DCRM.Api.Controllers.DashboardController.Get (DCRM.Api)'

2024-04-11 20:42:42.461 +05:30  INF  Request finished HTTP/2 GET https://localhost:7069/api/Dashboard/Get application/json - - 200 - application/json;+charset=utf-8 3460.4105ms

2024-04-11 20:43:37.306 +05:30  INF  Request starting HTTP/2 OPTIONS https://localhost:7069/api/Dashboard/Get - -

2024-04-11 20:43:37.308 +05:30  INF  CORS policy execution successful.

2024-04-11 20:43:37.308 +05:30  INF  Request finished HTTP/2 OPTIONS https://localhost:7069/api/Dashboard/Get - - - 204 - - 2.2751ms

2024-04-11 20:43:37.315 +05:30  INF  Request starting HTTP/2 GET https://localhost:7069/api/Dashboard/Get application/json -

2024-04-11 20:43:37.316 +05:30  INF  CORS policy execution successful.

2024-04-11 20:43:38.013 +05:30  INF  Executed DbCommand (233ms) [Parameters=[@__id_0='?' (DbType = Int64)], CommandType='"Text"', CommandTimeout='30']
SELECT `u`.`Id`, `u`.`About_Me`, `u`.`Account_Type`, `u`.`Address`, `u`.`Available_Days`, `u`.`Bn_Name`, `u`.`City`, `u`.`Country`, `u`.`Created_At`, `u`.`Currency`, `u`.`Degree`, `u`.`Email`, `u`.`Email_Verified`, `u`.`Enable_Appointment`, `u`.`Enable_Rating`, `u`.`Exp_Years`, `u`.`Facebook`, `u`.`Google_Analytics`, `u`.`Image`, `u`.`Instagram`, `u`.`Linkedin`, `u`.`Name`, `u`.`Parent_Id`, `u`.`Password`, `u`.`Paypal_Email`, `u`.`Paypal_Mode`, `u`.`Paypal_Payment`, `u`.`Paystack_Payment`, `u`.`Paystack_Public_Key`, `u`.`Paystack_Secret_Key`, `u`.`Phone`, `u`.`Publish_Key`, `u`.`Qr_Code`, `u`.`Razorpay_Key_Id`, `u`.`Razorpay_Key_Secret`, `u`.`Razorpay_Payment`, `u`.`Role`, `u`.`Secret_Key`, `u`.`Skype`, `u`.`Slug`, `u`.`Specialist`, `u`.`Status`, `u`.`Stripe_Payment`, `u`.`Thumb`, `u`.`Trial_Expire`, `u`.`Twitter`, `u`.`User_Name`, `u`.`User_Type`, `u`.`Verify_Code`, `u`.`Whatsapp`
FROM `Users` AS `u`
WHERE `u`.`Id` = @__id_0
LIMIT 1

2024-04-11 20:43:38.013 +05:30  INF  Executing endpoint 'DCRM.Api.Controllers.DashboardController.Get (DCRM.Api)'

2024-04-11 20:43:38.013 +05:30  INF  Route matched with {action = "Get", controller = "Dashboard"}. Executing controller action with signature DCRM.Common.Dto.DashboardDto Get() on controller DCRM.Api.Controllers.DashboardController (DCRM.Api).

2024-04-11 20:43:38.364 +05:30  INF  Request starting HTTP/2 OPTIONS https://localhost:7069/api/Drug/master/type/getall - -

2024-04-11 20:43:38.365 +05:30  INF  Request starting HTTP/2 OPTIONS https://localhost:7069/api/Drug/master/get/1 - -

2024-04-11 20:43:38.365 +05:30  INF  CORS policy execution successful.

2024-04-11 20:43:38.365 +05:30  INF  CORS policy execution successful.

2024-04-11 20:43:38.365 +05:30  INF  Request finished HTTP/2 OPTIONS https://localhost:7069/api/Drug/master/type/getall - - - 204 - - 0.9798ms

2024-04-11 20:43:38.365 +05:30  INF  Request finished HTTP/2 OPTIONS https://localhost:7069/api/Drug/master/get/1 - - - 204 - - 0.6417ms

2024-04-11 20:43:38.370 +05:30  INF  Request starting HTTP/2 GET https://localhost:7069/api/Drug/master/type/getall application/json -

2024-04-11 20:43:38.370 +05:30  INF  Request starting HTTP/2 GET https://localhost:7069/api/Drug/master/get/1 application/json -

2024-04-11 20:43:38.370 +05:30  INF  CORS policy execution successful.

2024-04-11 20:43:38.372 +05:30  INF  CORS policy execution successful.

2024-04-11 20:43:38.706 +05:30  INF  Executed DbCommand (233ms) [Parameters=[@__p_0='?' (DbType = Int64)], CommandType='"Text"', CommandTimeout='30']
SELECT COUNT(*)
FROM `Patientses` AS `p`
WHERE (`p`.`User_Id` = @__p_0) AND (`p`.`Is_Delete` = 0)

2024-04-11 20:43:39.083 +05:30  INF  Executed DbCommand (246ms) [Parameters=[@__id_0='?' (DbType = Int64)], CommandType='"Text"', CommandTimeout='30']
SELECT `u`.`Id`, `u`.`About_Me`, `u`.`Account_Type`, `u`.`Address`, `u`.`Available_Days`, `u`.`Bn_Name`, `u`.`City`, `u`.`Country`, `u`.`Created_At`, `u`.`Currency`, `u`.`Degree`, `u`.`Email`, `u`.`Email_Verified`, `u`.`Enable_Appointment`, `u`.`Enable_Rating`, `u`.`Exp_Years`, `u`.`Facebook`, `u`.`Google_Analytics`, `u`.`Image`, `u`.`Instagram`, `u`.`Linkedin`, `u`.`Name`, `u`.`Parent_Id`, `u`.`Password`, `u`.`Paypal_Email`, `u`.`Paypal_Mode`, `u`.`Paypal_Payment`, `u`.`Paystack_Payment`, `u`.`Paystack_Public_Key`, `u`.`Paystack_Secret_Key`, `u`.`Phone`, `u`.`Publish_Key`, `u`.`Qr_Code`, `u`.`Razorpay_Key_Id`, `u`.`Razorpay_Key_Secret`, `u`.`Razorpay_Payment`, `u`.`Role`, `u`.`Secret_Key`, `u`.`Skype`, `u`.`Slug`, `u`.`Specialist`, `u`.`Status`, `u`.`Stripe_Payment`, `u`.`Thumb`, `u`.`Trial_Expire`, `u`.`Twitter`, `u`.`User_Name`, `u`.`User_Type`, `u`.`Verify_Code`, `u`.`Whatsapp`
FROM `Users` AS `u`
WHERE `u`.`Id` = @__id_0
LIMIT 1

2024-04-11 20:43:39.083 +05:30  INF  Executed DbCommand (245ms) [Parameters=[@__id_0='?' (DbType = Int64)], CommandType='"Text"', CommandTimeout='30']
SELECT `u`.`Id`, `u`.`About_Me`, `u`.`Account_Type`, `u`.`Address`, `u`.`Available_Days`, `u`.`Bn_Name`, `u`.`City`, `u`.`Country`, `u`.`Created_At`, `u`.`Currency`, `u`.`Degree`, `u`.`Email`, `u`.`Email_Verified`, `u`.`Enable_Appointment`, `u`.`Enable_Rating`, `u`.`Exp_Years`, `u`.`Facebook`, `u`.`Google_Analytics`, `u`.`Image`, `u`.`Instagram`, `u`.`Linkedin`, `u`.`Name`, `u`.`Parent_Id`, `u`.`Password`, `u`.`Paypal_Email`, `u`.`Paypal_Mode`, `u`.`Paypal_Payment`, `u`.`Paystack_Payment`, `u`.`Paystack_Public_Key`, `u`.`Paystack_Secret_Key`, `u`.`Phone`, `u`.`Publish_Key`, `u`.`Qr_Code`, `u`.`Razorpay_Key_Id`, `u`.`Razorpay_Key_Secret`, `u`.`Razorpay_Payment`, `u`.`Role`, `u`.`Secret_Key`, `u`.`Skype`, `u`.`Slug`, `u`.`Specialist`, `u`.`Status`, `u`.`Stripe_Payment`, `u`.`Thumb`, `u`.`Trial_Expire`, `u`.`Twitter`, `u`.`User_Name`, `u`.`User_Type`, `u`.`Verify_Code`, `u`.`Whatsapp`
FROM `Users` AS `u`
WHERE `u`.`Id` = @__id_0
LIMIT 1

2024-04-11 20:43:39.083 +05:30  INF  Executing endpoint 'DCRM.Api.Controllers.DrugController.GetMaster (DCRM.Api)'

2024-04-11 20:43:39.083 +05:30  INF  Executing endpoint 'DCRM.Api.Controllers.DrugController.GetAllMasterType (DCRM.Api)'

2024-04-11 20:43:39.084 +05:30  INF  Route matched with {action = "GetMaster", controller = "Drug"}. Executing controller action with signature DCRM.Common.Dto.MasterDataDto GetMaster(Int32) on controller DCRM.Api.Controllers.DrugController (DCRM.Api).

2024-04-11 20:43:39.084 +05:30  INF  Route matched with {action = "GetAllMasterType", controller = "Drug"}. Executing controller action with signature System.Collections.Generic.List`1[DCRM.Common.Entities.MasterType] GetAllMasterType() on controller DCRM.Api.Controllers.DrugController (DCRM.Api).

2024-04-11 20:43:39.398 +05:30  INF  Executed DbCommand (231ms) [Parameters=[@__userId_0='?' (DbType = Int32)], CommandType='"Text"', CommandTimeout='30']
SELECT COUNT(*)
FROM `Staffs` AS `s`
WHERE (`s`.`User_Id` = @__userId_0) AND (`s`.`Is_Deleted` = 0)

2024-04-11 20:43:39.768 +05:30  INF  Executed DbCommand (228ms) [Parameters=[], CommandType='"Text"', CommandTimeout='30']
SELECT `m`.`Id`, `m`.`Basic_Salt`, `m`.`Company_Name`, `m`.`Created_At`, `m`.`Name`, `m`.`ParentId`, `m`.`TypeId`, `m`.`Updated_At`
FROM `Master_Data` AS `m`

2024-04-11 20:43:39.770 +05:30  INF  Executed DbCommand (229ms) [Parameters=[], CommandType='"Text"', CommandTimeout='30']
SELECT `m`.`Id`, `m`.`Name`
FROM `Master_Type` AS `m`

2024-04-11 20:43:39.770 +05:30  INF  Executing ObjectResult, writing value of type 'System.Collections.Generic.List`1[[DCRM.Common.Entities.MasterType, DCRM.Common, Version=1.0.0.0, Culture=neutral, PublicKeyToken=null]]'.

2024-04-11 20:43:39.770 +05:30  INF  Executed action DCRM.Api.Controllers.DrugController.GetAllMasterType (DCRM.Api) in 686.3824ms

2024-04-11 20:43:39.770 +05:30  INF  Executed endpoint 'DCRM.Api.Controllers.DrugController.GetAllMasterType (DCRM.Api)'

2024-04-11 20:43:39.770 +05:30  INF  Request finished HTTP/2 GET https://localhost:7069/api/Drug/master/type/getall application/json - - 200 - application/json;+charset=utf-8 1400.5161ms

2024-04-11 20:43:40.092 +05:30  INF  Executed DbCommand (232ms) [Parameters=[@__userId_0='?' (DbType = Int32)], CommandType='"Text"', CommandTimeout='30']
SELECT COUNT(*)
FROM `Appointments` AS `a`
WHERE (`a`.`User_Id` = @__userId_0) AND (`a`.`Is_Delete` = 0)

2024-04-11 20:43:40.454 +05:30  INF  Executed DbCommand (228ms) [Parameters=[], CommandType='"Text"', CommandTimeout='30']
SELECT `m`.`Id`, `m`.`Name`
FROM `Master_Type` AS `m`

2024-04-11 20:43:40.454 +05:30  INF  Executing ObjectResult, writing value of type 'DCRM.Common.Dto.MasterDataDto'.

2024-04-11 20:43:40.454 +05:30  INF  Executed action DCRM.Api.Controllers.DrugController.GetMaster (DCRM.Api) in 1370.8857ms

2024-04-11 20:43:40.455 +05:30  INF  Executed endpoint 'DCRM.Api.Controllers.DrugController.GetMaster (DCRM.Api)'

2024-04-11 20:43:40.455 +05:30  INF  Request finished HTTP/2 GET https://localhost:7069/api/Drug/master/get/1 application/json - - 200 - application/json;+charset=utf-8 2084.7104ms

2024-04-11 20:43:40.786 +05:30  INF  Executed DbCommand (231ms) [Parameters=[@__userId_0='?' (DbType = Int32)], CommandType='"Text"', CommandTimeout='30']
SELECT COUNT(*)
FROM `Appointments` AS `a`
WHERE ((`a`.`User_Id` = @__userId_0) AND (`a`.`Is_Delete` = 0)) AND (`a`.`Date` = CURDATE())

2024-04-11 20:43:40.786 +05:30  INF  Executing ObjectResult, writing value of type 'DCRM.Common.Dto.DashboardDto'.

2024-04-11 20:43:40.786 +05:30  INF  Executed action DCRM.Api.Controllers.DashboardController.Get (DCRM.Api) in 2772.5822ms

2024-04-11 20:43:40.786 +05:30  INF  Executed endpoint 'DCRM.Api.Controllers.DashboardController.Get (DCRM.Api)'

2024-04-11 20:43:40.786 +05:30  INF  Request finished HTTP/2 GET https://localhost:7069/api/Dashboard/Get application/json - - 200 - application/json;+charset=utf-8 3470.8133ms

2024-04-11 20:43:49.592 +05:30  INF  Request starting HTTP/2 OPTIONS https://localhost:7069/api/Dashboard/Get - -

2024-04-11 20:43:49.592 +05:30  INF  CORS policy execution successful.

2024-04-11 20:43:49.593 +05:30  INF  Request finished HTTP/2 OPTIONS https://localhost:7069/api/Dashboard/Get - - - 204 - - 1.0392ms

2024-04-11 20:43:49.596 +05:30  INF  Request starting HTTP/2 GET https://localhost:7069/api/Dashboard/Get application/json -

2024-04-11 20:43:49.596 +05:30  INF  CORS policy execution successful.

2024-04-11 20:43:50.294 +05:30  INF  Executed DbCommand (234ms) [Parameters=[@__id_0='?' (DbType = Int64)], CommandType='"Text"', CommandTimeout='30']
SELECT `u`.`Id`, `u`.`About_Me`, `u`.`Account_Type`, `u`.`Address`, `u`.`Available_Days`, `u`.`Bn_Name`, `u`.`City`, `u`.`Country`, `u`.`Created_At`, `u`.`Currency`, `u`.`Degree`, `u`.`Email`, `u`.`Email_Verified`, `u`.`Enable_Appointment`, `u`.`Enable_Rating`, `u`.`Exp_Years`, `u`.`Facebook`, `u`.`Google_Analytics`, `u`.`Image`, `u`.`Instagram`, `u`.`Linkedin`, `u`.`Name`, `u`.`Parent_Id`, `u`.`Password`, `u`.`Paypal_Email`, `u`.`Paypal_Mode`, `u`.`Paypal_Payment`, `u`.`Paystack_Payment`, `u`.`Paystack_Public_Key`, `u`.`Paystack_Secret_Key`, `u`.`Phone`, `u`.`Publish_Key`, `u`.`Qr_Code`, `u`.`Razorpay_Key_Id`, `u`.`Razorpay_Key_Secret`, `u`.`Razorpay_Payment`, `u`.`Role`, `u`.`Secret_Key`, `u`.`Skype`, `u`.`Slug`, `u`.`Specialist`, `u`.`Status`, `u`.`Stripe_Payment`, `u`.`Thumb`, `u`.`Trial_Expire`, `u`.`Twitter`, `u`.`User_Name`, `u`.`User_Type`, `u`.`Verify_Code`, `u`.`Whatsapp`
FROM `Users` AS `u`
WHERE `u`.`Id` = @__id_0
LIMIT 1

2024-04-11 20:43:50.294 +05:30  INF  Executing endpoint 'DCRM.Api.Controllers.DashboardController.Get (DCRM.Api)'

2024-04-11 20:43:50.294 +05:30  INF  Route matched with {action = "Get", controller = "Dashboard"}. Executing controller action with signature DCRM.Common.Dto.DashboardDto Get() on controller DCRM.Api.Controllers.DashboardController (DCRM.Api).

2024-04-11 20:43:50.719 +05:30  INF  Request starting HTTP/2 OPTIONS https://localhost:7069/api/Drug/master/type/getall - -

2024-04-11 20:43:50.719 +05:30  INF  CORS policy execution successful.

2024-04-11 20:43:50.719 +05:30  INF  Request finished HTTP/2 OPTIONS https://localhost:7069/api/Drug/master/type/getall - - - 204 - - 0.3286ms

2024-04-11 20:43:50.720 +05:30  INF  Request starting HTTP/2 OPTIONS https://localhost:7069/api/Drug/master/get/1 - -

2024-04-11 20:43:50.720 +05:30  INF  CORS policy execution successful.

2024-04-11 20:43:50.720 +05:30  INF  Request finished HTTP/2 OPTIONS https://localhost:7069/api/Drug/master/get/1 - - - 204 - - 0.5975ms

2024-04-11 20:43:50.723 +05:30  INF  Request starting HTTP/2 GET https://localhost:7069/api/Drug/master/type/getall application/json -

2024-04-11 20:43:50.723 +05:30  INF  CORS policy execution successful.

2024-04-11 20:43:50.724 +05:30  INF  Request starting HTTP/2 GET https://localhost:7069/api/Drug/master/get/1 application/json -

2024-04-11 20:43:50.724 +05:30  INF  CORS policy execution successful.

2024-04-11 20:43:50.984 +05:30  INF  Executed DbCommand (229ms) [Parameters=[@__p_0='?' (DbType = Int64)], CommandType='"Text"', CommandTimeout='30']
SELECT COUNT(*)
FROM `Patientses` AS `p`
WHERE (`p`.`User_Id` = @__p_0) AND (`p`.`Is_Delete` = 0)

2024-04-11 20:43:51.412 +05:30  INF  Executed DbCommand (230ms) [Parameters=[@__id_0='?' (DbType = Int64)], CommandType='"Text"', CommandTimeout='30']
SELECT `u`.`Id`, `u`.`About_Me`, `u`.`Account_Type`, `u`.`Address`, `u`.`Available_Days`, `u`.`Bn_Name`, `u`.`City`, `u`.`Country`, `u`.`Created_At`, `u`.`Currency`, `u`.`Degree`, `u`.`Email`, `u`.`Email_Verified`, `u`.`Enable_Appointment`, `u`.`Enable_Rating`, `u`.`Exp_Years`, `u`.`Facebook`, `u`.`Google_Analytics`, `u`.`Image`, `u`.`Instagram`, `u`.`Linkedin`, `u`.`Name`, `u`.`Parent_Id`, `u`.`Password`, `u`.`Paypal_Email`, `u`.`Paypal_Mode`, `u`.`Paypal_Payment`, `u`.`Paystack_Payment`, `u`.`Paystack_Public_Key`, `u`.`Paystack_Secret_Key`, `u`.`Phone`, `u`.`Publish_Key`, `u`.`Qr_Code`, `u`.`Razorpay_Key_Id`, `u`.`Razorpay_Key_Secret`, `u`.`Razorpay_Payment`, `u`.`Role`, `u`.`Secret_Key`, `u`.`Skype`, `u`.`Slug`, `u`.`Specialist`, `u`.`Status`, `u`.`Stripe_Payment`, `u`.`Thumb`, `u`.`Trial_Expire`, `u`.`Twitter`, `u`.`User_Name`, `u`.`User_Type`, `u`.`Verify_Code`, `u`.`Whatsapp`
FROM `Users` AS `u`
WHERE `u`.`Id` = @__id_0
LIMIT 1

2024-04-11 20:43:51.412 +05:30  INF  Executing endpoint 'DCRM.Api.Controllers.DrugController.GetMaster (DCRM.Api)'

2024-04-11 20:43:51.412 +05:30  INF  Route matched with {action = "GetMaster", controller = "Drug"}. Executing controller action with signature DCRM.Common.Dto.MasterDataDto GetMaster(Int32) on controller DCRM.Api.Controllers.DrugController (DCRM.Api).

2024-04-11 20:43:51.412 +05:30  INF  Executed DbCommand (230ms) [Parameters=[@__id_0='?' (DbType = Int64)], CommandType='"Text"', CommandTimeout='30']
SELECT `u`.`Id`, `u`.`About_Me`, `u`.`Account_Type`, `u`.`Address`, `u`.`Available_Days`, `u`.`Bn_Name`, `u`.`City`, `u`.`Country`, `u`.`Created_At`, `u`.`Currency`, `u`.`Degree`, `u`.`Email`, `u`.`Email_Verified`, `u`.`Enable_Appointment`, `u`.`Enable_Rating`, `u`.`Exp_Years`, `u`.`Facebook`, `u`.`Google_Analytics`, `u`.`Image`, `u`.`Instagram`, `u`.`Linkedin`, `u`.`Name`, `u`.`Parent_Id`, `u`.`Password`, `u`.`Paypal_Email`, `u`.`Paypal_Mode`, `u`.`Paypal_Payment`, `u`.`Paystack_Payment`, `u`.`Paystack_Public_Key`, `u`.`Paystack_Secret_Key`, `u`.`Phone`, `u`.`Publish_Key`, `u`.`Qr_Code`, `u`.`Razorpay_Key_Id`, `u`.`Razorpay_Key_Secret`, `u`.`Razorpay_Payment`, `u`.`Role`, `u`.`Secret_Key`, `u`.`Skype`, `u`.`Slug`, `u`.`Specialist`, `u`.`Status`, `u`.`Stripe_Payment`, `u`.`Thumb`, `u`.`Trial_Expire`, `u`.`Twitter`, `u`.`User_Name`, `u`.`User_Type`, `u`.`Verify_Code`, `u`.`Whatsapp`
FROM `Users` AS `u`
WHERE `u`.`Id` = @__id_0
LIMIT 1

2024-04-11 20:43:51.412 +05:30  INF  Executing endpoint 'DCRM.Api.Controllers.DrugController.GetAllMasterType (DCRM.Api)'

2024-04-11 20:43:51.413 +05:30  INF  Route matched with {action = "GetAllMasterType", controller = "Drug"}. Executing controller action with signature System.Collections.Generic.List`1[DCRM.Common.Entities.MasterType] GetAllMasterType() on controller DCRM.Api.Controllers.DrugController (DCRM.Api).

2024-04-11 20:43:51.675 +05:30  INF  Executed DbCommand (230ms) [Parameters=[@__userId_0='?' (DbType = Int32)], CommandType='"Text"', CommandTimeout='30']
SELECT COUNT(*)
FROM `Staffs` AS `s`
WHERE (`s`.`User_Id` = @__userId_0) AND (`s`.`Is_Deleted` = 0)

2024-04-11 20:43:52.093 +05:30  INF  Executed DbCommand (227ms) [Parameters=[], CommandType='"Text"', CommandTimeout='30']
SELECT `m`.`Id`, `m`.`Name`
FROM `Master_Type` AS `m`

2024-04-11 20:43:52.093 +05:30  INF  Executed DbCommand (227ms) [Parameters=[], CommandType='"Text"', CommandTimeout='30']
SELECT `m`.`Id`, `m`.`Basic_Salt`, `m`.`Company_Name`, `m`.`Created_At`, `m`.`Name`, `m`.`ParentId`, `m`.`TypeId`, `m`.`Updated_At`
FROM `Master_Data` AS `m`

2024-04-11 20:43:52.094 +05:30  INF  Executing ObjectResult, writing value of type 'System.Collections.Generic.List`1[[DCRM.Common.Entities.MasterType, DCRM.Common, Version=1.0.0.0, Culture=neutral, PublicKeyToken=null]]'.

2024-04-11 20:43:52.094 +05:30  INF  Executed action DCRM.Api.Controllers.DrugController.GetAllMasterType (DCRM.Api) in 681.0844ms

2024-04-11 20:43:52.094 +05:30  INF  Executed endpoint 'DCRM.Api.Controllers.DrugController.GetAllMasterType (DCRM.Api)'

2024-04-11 20:43:52.094 +05:30  INF  Request finished HTTP/2 GET https://localhost:7069/api/Drug/master/type/getall application/json - - 200 - application/json;+charset=utf-8 1370.8985ms

2024-04-11 20:43:52.778 +05:30  INF  Executed DbCommand (228ms) [Parameters=[], CommandType='"Text"', CommandTimeout='30']
SELECT `m`.`Id`, `m`.`Name`
FROM `Master_Type` AS `m`

2024-04-11 20:43:52.778 +05:30  INF  Executing ObjectResult, writing value of type 'DCRM.Common.Dto.MasterDataDto'.

2024-04-11 20:43:52.778 +05:30  INF  Executed action DCRM.Api.Controllers.DrugController.GetMaster (DCRM.Api) in 1366.3174ms

2024-04-11 20:43:52.778 +05:30  INF  Executed endpoint 'DCRM.Api.Controllers.DrugController.GetMaster (DCRM.Api)'

2024-04-11 20:43:52.778 +05:30  INF  Request finished HTTP/2 GET https://localhost:7069/api/Drug/master/get/1 application/json - - 200 - application/json;+charset=utf-8 2054.2535ms

2024-04-11 20:43:52.828 +05:30  INF  Executed DbCommand (231ms) [Parameters=[@__userId_0='?' (DbType = Int32)], CommandType='"Text"', CommandTimeout='30']
SELECT COUNT(*)
FROM `Appointments` AS `a`
WHERE (`a`.`User_Id` = @__userId_0) AND (`a`.`Is_Delete` = 0)

2024-04-11 20:43:53.521 +05:30  INF  Executed DbCommand (233ms) [Parameters=[@__userId_0='?' (DbType = Int32)], CommandType='"Text"', CommandTimeout='30']
SELECT COUNT(*)
FROM `Appointments` AS `a`
WHERE ((`a`.`User_Id` = @__userId_0) AND (`a`.`Is_Delete` = 0)) AND (`a`.`Date` = CURDATE())

2024-04-11 20:43:53.521 +05:30  INF  Executing ObjectResult, writing value of type 'DCRM.Common.Dto.DashboardDto'.

2024-04-11 20:43:53.522 +05:30  INF  Executed action DCRM.Api.Controllers.DashboardController.Get (DCRM.Api) in 3227.3775ms

2024-04-11 20:43:53.522 +05:30  INF  Executed endpoint 'DCRM.Api.Controllers.DashboardController.Get (DCRM.Api)'

2024-04-11 20:43:53.522 +05:30  INF  Request finished HTTP/2 GET https://localhost:7069/api/Dashboard/Get application/json - - 200 - application/json;+charset=utf-8 3926.0444ms

2024-04-11 20:44:59.005 +05:30  INF  Request starting HTTP/2 OPTIONS https://localhost:7069/api/Dashboard/Get - -

2024-04-11 20:44:59.006 +05:30  INF  CORS policy execution successful.

2024-04-11 20:44:59.012 +05:30  INF  Request finished HTTP/2 OPTIONS https://localhost:7069/api/Dashboard/Get - - - 204 - - 5.5992ms

2024-04-11 20:44:59.020 +05:30  INF  Request starting HTTP/2 GET https://localhost:7069/api/Dashboard/Get application/json -

2024-04-11 20:44:59.022 +05:30  INF  CORS policy execution successful.

2024-04-11 20:44:59.704 +05:30  INF  Executed DbCommand (228ms) [Parameters=[@__id_0='?' (DbType = Int64)], CommandType='"Text"', CommandTimeout='30']
SELECT `u`.`Id`, `u`.`About_Me`, `u`.`Account_Type`, `u`.`Address`, `u`.`Available_Days`, `u`.`Bn_Name`, `u`.`City`, `u`.`Country`, `u`.`Created_At`, `u`.`Currency`, `u`.`Degree`, `u`.`Email`, `u`.`Email_Verified`, `u`.`Enable_Appointment`, `u`.`Enable_Rating`, `u`.`Exp_Years`, `u`.`Facebook`, `u`.`Google_Analytics`, `u`.`Image`, `u`.`Instagram`, `u`.`Linkedin`, `u`.`Name`, `u`.`Parent_Id`, `u`.`Password`, `u`.`Paypal_Email`, `u`.`Paypal_Mode`, `u`.`Paypal_Payment`, `u`.`Paystack_Payment`, `u`.`Paystack_Public_Key`, `u`.`Paystack_Secret_Key`, `u`.`Phone`, `u`.`Publish_Key`, `u`.`Qr_Code`, `u`.`Razorpay_Key_Id`, `u`.`Razorpay_Key_Secret`, `u`.`Razorpay_Payment`, `u`.`Role`, `u`.`Secret_Key`, `u`.`Skype`, `u`.`Slug`, `u`.`Specialist`, `u`.`Status`, `u`.`Stripe_Payment`, `u`.`Thumb`, `u`.`Trial_Expire`, `u`.`Twitter`, `u`.`User_Name`, `u`.`User_Type`, `u`.`Verify_Code`, `u`.`Whatsapp`
FROM `Users` AS `u`
WHERE `u`.`Id` = @__id_0
LIMIT 1

2024-04-11 20:44:59.705 +05:30  INF  Executing endpoint 'DCRM.Api.Controllers.DashboardController.Get (DCRM.Api)'

2024-04-11 20:44:59.705 +05:30  INF  Route matched with {action = "Get", controller = "Dashboard"}. Executing controller action with signature DCRM.Common.Dto.DashboardDto Get() on controller DCRM.Api.Controllers.DashboardController (DCRM.Api).

2024-04-11 20:45:00.195 +05:30  INF  Request starting HTTP/2 OPTIONS https://localhost:7069/api/Drug/master/type/getall - -

2024-04-11 20:45:00.196 +05:30  INF  CORS policy execution successful.

2024-04-11 20:45:00.196 +05:30  INF  Request finished HTTP/2 OPTIONS https://localhost:7069/api/Drug/master/type/getall - - - 204 - - 0.4187ms

2024-04-11 20:45:00.199 +05:30  INF  Request starting HTTP/2 OPTIONS https://localhost:7069/api/Drug/master/get/1 - -

2024-04-11 20:45:00.200 +05:30  INF  CORS policy execution successful.

2024-04-11 20:45:00.200 +05:30  INF  Request finished HTTP/2 OPTIONS https://localhost:7069/api/Drug/master/get/1 - - - 204 - - 0.6352ms

2024-04-11 20:45:00.201 +05:30  INF  Request starting HTTP/2 GET https://localhost:7069/api/Drug/master/type/getall application/json -

2024-04-11 20:45:00.201 +05:30  INF  CORS policy execution successful.

2024-04-11 20:45:00.204 +05:30  INF  Request starting HTTP/2 GET https://localhost:7069/api/Drug/master/get/1 application/json -

2024-04-11 20:45:00.204 +05:30  INF  CORS policy execution successful.

2024-04-11 20:45:00.384 +05:30  INF  Executed DbCommand (227ms) [Parameters=[@__p_0='?' (DbType = Int64)], CommandType='"Text"', CommandTimeout='30']
SELECT COUNT(*)
FROM `Patientses` AS `p`
WHERE (`p`.`User_Id` = @__p_0) AND (`p`.`Is_Delete` = 0)

2024-04-11 20:45:00.888 +05:30  INF  Executed DbCommand (230ms) [Parameters=[@__id_0='?' (DbType = Int64)], CommandType='"Text"', CommandTimeout='30']
SELECT `u`.`Id`, `u`.`About_Me`, `u`.`Account_Type`, `u`.`Address`, `u`.`Available_Days`, `u`.`Bn_Name`, `u`.`City`, `u`.`Country`, `u`.`Created_At`, `u`.`Currency`, `u`.`Degree`, `u`.`Email`, `u`.`Email_Verified`, `u`.`Enable_Appointment`, `u`.`Enable_Rating`, `u`.`Exp_Years`, `u`.`Facebook`, `u`.`Google_Analytics`, `u`.`Image`, `u`.`Instagram`, `u`.`Linkedin`, `u`.`Name`, `u`.`Parent_Id`, `u`.`Password`, `u`.`Paypal_Email`, `u`.`Paypal_Mode`, `u`.`Paypal_Payment`, `u`.`Paystack_Payment`, `u`.`Paystack_Public_Key`, `u`.`Paystack_Secret_Key`, `u`.`Phone`, `u`.`Publish_Key`, `u`.`Qr_Code`, `u`.`Razorpay_Key_Id`, `u`.`Razorpay_Key_Secret`, `u`.`Razorpay_Payment`, `u`.`Role`, `u`.`Secret_Key`, `u`.`Skype`, `u`.`Slug`, `u`.`Specialist`, `u`.`Status`, `u`.`Stripe_Payment`, `u`.`Thumb`, `u`.`Trial_Expire`, `u`.`Twitter`, `u`.`User_Name`, `u`.`User_Type`, `u`.`Verify_Code`, `u`.`Whatsapp`
FROM `Users` AS `u`
WHERE `u`.`Id` = @__id_0
LIMIT 1

2024-04-11 20:45:00.888 +05:30  INF  Executing endpoint 'DCRM.Api.Controllers.DrugController.GetAllMasterType (DCRM.Api)'

2024-04-11 20:45:00.888 +05:30  INF  Route matched with {action = "GetAllMasterType", controller = "Drug"}. Executing controller action with signature System.Collections.Generic.List`1[DCRM.Common.Entities.MasterType] GetAllMasterType() on controller DCRM.Api.Controllers.DrugController (DCRM.Api).

2024-04-11 20:45:00.909 +05:30  INF  Executed DbCommand (238ms) [Parameters=[@__id_0='?' (DbType = Int64)], CommandType='"Text"', CommandTimeout='30']
SELECT `u`.`Id`, `u`.`About_Me`, `u`.`Account_Type`, `u`.`Address`, `u`.`Available_Days`, `u`.`Bn_Name`, `u`.`City`, `u`.`Country`, `u`.`Created_At`, `u`.`Currency`, `u`.`Degree`, `u`.`Email`, `u`.`Email_Verified`, `u`.`Enable_Appointment`, `u`.`Enable_Rating`, `u`.`Exp_Years`, `u`.`Facebook`, `u`.`Google_Analytics`, `u`.`Image`, `u`.`Instagram`, `u`.`Linkedin`, `u`.`Name`, `u`.`Parent_Id`, `u`.`Password`, `u`.`Paypal_Email`, `u`.`Paypal_Mode`, `u`.`Paypal_Payment`, `u`.`Paystack_Payment`, `u`.`Paystack_Public_Key`, `u`.`Paystack_Secret_Key`, `u`.`Phone`, `u`.`Publish_Key`, `u`.`Qr_Code`, `u`.`Razorpay_Key_Id`, `u`.`Razorpay_Key_Secret`, `u`.`Razorpay_Payment`, `u`.`Role`, `u`.`Secret_Key`, `u`.`Skype`, `u`.`Slug`, `u`.`Specialist`, `u`.`Status`, `u`.`Stripe_Payment`, `u`.`Thumb`, `u`.`Trial_Expire`, `u`.`Twitter`, `u`.`User_Name`, `u`.`User_Type`, `u`.`Verify_Code`, `u`.`Whatsapp`
FROM `Users` AS `u`
WHERE `u`.`Id` = @__id_0
LIMIT 1

2024-04-11 20:45:00.910 +05:30  INF  Executing endpoint 'DCRM.Api.Controllers.DrugController.GetMaster (DCRM.Api)'

2024-04-11 20:45:00.910 +05:30  INF  Route matched with {action = "GetMaster", controller = "Drug"}. Executing controller action with signature DCRM.Common.Dto.MasterDataDto GetMaster(Int32) on controller DCRM.Api.Controllers.DrugController (DCRM.Api).

2024-04-11 20:45:01.064 +05:30  INF  Executed DbCommand (226ms) [Parameters=[@__userId_0='?' (DbType = Int32)], CommandType='"Text"', CommandTimeout='30']
SELECT COUNT(*)
FROM `Staffs` AS `s`
WHERE (`s`.`User_Id` = @__userId_0) AND (`s`.`Is_Deleted` = 0)

2024-04-11 20:45:01.572 +05:30  INF  Executed DbCommand (228ms) [Parameters=[], CommandType='"Text"', CommandTimeout='30']
SELECT `m`.`Id`, `m`.`Name`
FROM `Master_Type` AS `m`

2024-04-11 20:45:01.572 +05:30  INF  Executing ObjectResult, writing value of type 'System.Collections.Generic.List`1[[DCRM.Common.Entities.MasterType, DCRM.Common, Version=1.0.0.0, Culture=neutral, PublicKeyToken=null]]'.

2024-04-11 20:45:01.572 +05:30  INF  Executed action DCRM.Api.Controllers.DrugController.GetAllMasterType (DCRM.Api) in 684.1517ms

2024-04-11 20:45:01.572 +05:30  INF  Executed endpoint 'DCRM.Api.Controllers.DrugController.GetAllMasterType (DCRM.Api)'

2024-04-11 20:45:01.573 +05:30  INF  Request finished HTTP/2 GET https://localhost:7069/api/Drug/master/type/getall application/json - - 200 - application/json;+charset=utf-8 1371.7427ms

2024-04-11 20:45:01.614 +05:30  INF  Executed DbCommand (235ms) [Parameters=[], CommandType='"Text"', CommandTimeout='30']
SELECT `m`.`Id`, `m`.`Basic_Salt`, `m`.`Company_Name`, `m`.`Created_At`, `m`.`Name`, `m`.`ParentId`, `m`.`TypeId`, `m`.`Updated_At`
FROM `Master_Data` AS `m`

2024-04-11 20:45:01.744 +05:30  INF  Executed DbCommand (228ms) [Parameters=[@__userId_0='?' (DbType = Int32)], CommandType='"Text"', CommandTimeout='30']
SELECT COUNT(*)
FROM `Appointments` AS `a`
WHERE (`a`.`User_Id` = @__userId_0) AND (`a`.`Is_Delete` = 0)

2024-04-11 20:45:02.321 +05:30  INF  Executed DbCommand (235ms) [Parameters=[], CommandType='"Text"', CommandTimeout='30']
SELECT `m`.`Id`, `m`.`Name`
FROM `Master_Type` AS `m`

2024-04-11 20:45:02.321 +05:30  INF  Executing ObjectResult, writing value of type 'DCRM.Common.Dto.MasterDataDto'.

2024-04-11 20:45:02.321 +05:30  INF  Executed action DCRM.Api.Controllers.DrugController.GetMaster (DCRM.Api) in 1411.3014ms

2024-04-11 20:45:02.321 +05:30  INF  Executed endpoint 'DCRM.Api.Controllers.DrugController.GetMaster (DCRM.Api)'

2024-04-11 20:45:02.321 +05:30  INF  Request finished HTTP/2 GET https://localhost:7069/api/Drug/master/get/1 application/json - - 200 - application/json;+charset=utf-8 2117.0998ms

2024-04-11 20:45:02.426 +05:30  INF  Executed DbCommand (228ms) [Parameters=[@__userId_0='?' (DbType = Int32)], CommandType='"Text"', CommandTimeout='30']
SELECT COUNT(*)
FROM `Appointments` AS `a`
WHERE ((`a`.`User_Id` = @__userId_0) AND (`a`.`Is_Delete` = 0)) AND (`a`.`Date` = CURDATE())

2024-04-11 20:45:02.426 +05:30  INF  Executing ObjectResult, writing value of type 'DCRM.Common.Dto.DashboardDto'.

2024-04-11 20:45:02.426 +05:30  INF  Executed action DCRM.Api.Controllers.DashboardController.Get (DCRM.Api) in 2721.545ms

2024-04-11 20:45:02.426 +05:30  INF  Executed endpoint 'DCRM.Api.Controllers.DashboardController.Get (DCRM.Api)'

2024-04-11 20:45:02.426 +05:30  INF  Request finished HTTP/2 GET https://localhost:7069/api/Dashboard/Get application/json - - 200 - application/json;+charset=utf-8 3406.9861ms

2024-04-11 20:45:28.321 +05:30  INF  Request starting HTTP/2 OPTIONS https://localhost:7069/api/Dashboard/Get - -

2024-04-11 20:45:28.323 +05:30  INF  CORS policy execution successful.

2024-04-11 20:45:28.323 +05:30  INF  Request finished HTTP/2 OPTIONS https://localhost:7069/api/Dashboard/Get - - - 204 - - 2.0592ms

2024-04-11 20:45:28.329 +05:30  INF  Request starting HTTP/2 GET https://localhost:7069/api/Dashboard/Get application/json -

2024-04-11 20:45:28.330 +05:30  INF  CORS policy execution successful.

2024-04-11 20:45:29.016 +05:30  INF  Executed DbCommand (229ms) [Parameters=[@__id_0='?' (DbType = Int64)], CommandType='"Text"', CommandTimeout='30']
SELECT `u`.`Id`, `u`.`About_Me`, `u`.`Account_Type`, `u`.`Address`, `u`.`Available_Days`, `u`.`Bn_Name`, `u`.`City`, `u`.`Country`, `u`.`Created_At`, `u`.`Currency`, `u`.`Degree`, `u`.`Email`, `u`.`Email_Verified`, `u`.`Enable_Appointment`, `u`.`Enable_Rating`, `u`.`Exp_Years`, `u`.`Facebook`, `u`.`Google_Analytics`, `u`.`Image`, `u`.`Instagram`, `u`.`Linkedin`, `u`.`Name`, `u`.`Parent_Id`, `u`.`Password`, `u`.`Paypal_Email`, `u`.`Paypal_Mode`, `u`.`Paypal_Payment`, `u`.`Paystack_Payment`, `u`.`Paystack_Public_Key`, `u`.`Paystack_Secret_Key`, `u`.`Phone`, `u`.`Publish_Key`, `u`.`Qr_Code`, `u`.`Razorpay_Key_Id`, `u`.`Razorpay_Key_Secret`, `u`.`Razorpay_Payment`, `u`.`Role`, `u`.`Secret_Key`, `u`.`Skype`, `u`.`Slug`, `u`.`Specialist`, `u`.`Status`, `u`.`Stripe_Payment`, `u`.`Thumb`, `u`.`Trial_Expire`, `u`.`Twitter`, `u`.`User_Name`, `u`.`User_Type`, `u`.`Verify_Code`, `u`.`Whatsapp`
FROM `Users` AS `u`
WHERE `u`.`Id` = @__id_0
LIMIT 1

2024-04-11 20:45:29.016 +05:30  INF  Executing endpoint 'DCRM.Api.Controllers.DashboardController.Get (DCRM.Api)'

2024-04-11 20:45:29.016 +05:30  INF  Route matched with {action = "Get", controller = "Dashboard"}. Executing controller action with signature DCRM.Common.Dto.DashboardDto Get() on controller DCRM.Api.Controllers.DashboardController (DCRM.Api).

2024-04-11 20:45:29.378 +05:30  INF  Request starting HTTP/2 OPTIONS https://localhost:7069/api/Drug/master/type/getall - -

2024-04-11 20:45:29.378 +05:30  INF  CORS policy execution successful.

2024-04-11 20:45:29.379 +05:30  INF  Request finished HTTP/2 OPTIONS https://localhost:7069/api/Drug/master/type/getall - - - 204 - - 0.6733ms

2024-04-11 20:45:29.383 +05:30  INF  Request starting HTTP/2 OPTIONS https://localhost:7069/api/Drug/master/get/1 - -

2024-04-11 20:45:29.384 +05:30  INF  CORS policy execution successful.

2024-04-11 20:45:29.386 +05:30  INF  Request finished HTTP/2 OPTIONS https://localhost:7069/api/Drug/master/get/1 - - - 204 - - 3.4333ms

2024-04-11 20:45:29.414 +05:30  INF  Request starting HTTP/2 GET https://localhost:7069/api/Drug/master/type/getall application/json -

2024-04-11 20:45:29.414 +05:30  INF  CORS policy execution successful.

2024-04-11 20:45:29.419 +05:30  INF  Request starting HTTP/2 GET https://localhost:7069/api/Drug/master/get/1 application/json -

2024-04-11 20:45:29.419 +05:30  INF  CORS policy execution successful.

2024-04-11 20:45:29.693 +05:30  INF  Executed DbCommand (227ms) [Parameters=[@__p_0='?' (DbType = Int64)], CommandType='"Text"', CommandTimeout='30']
SELECT COUNT(*)
FROM `Patientses` AS `p`
WHERE (`p`.`User_Id` = @__p_0) AND (`p`.`Is_Delete` = 0)

2024-04-11 20:45:30.106 +05:30  INF  Executed DbCommand (230ms) [Parameters=[@__id_0='?' (DbType = Int64)], CommandType='"Text"', CommandTimeout='30']
SELECT `u`.`Id`, `u`.`About_Me`, `u`.`Account_Type`, `u`.`Address`, `u`.`Available_Days`, `u`.`Bn_Name`, `u`.`City`, `u`.`Country`, `u`.`Created_At`, `u`.`Currency`, `u`.`Degree`, `u`.`Email`, `u`.`Email_Verified`, `u`.`Enable_Appointment`, `u`.`Enable_Rating`, `u`.`Exp_Years`, `u`.`Facebook`, `u`.`Google_Analytics`, `u`.`Image`, `u`.`Instagram`, `u`.`Linkedin`, `u`.`Name`, `u`.`Parent_Id`, `u`.`Password`, `u`.`Paypal_Email`, `u`.`Paypal_Mode`, `u`.`Paypal_Payment`, `u`.`Paystack_Payment`, `u`.`Paystack_Public_Key`, `u`.`Paystack_Secret_Key`, `u`.`Phone`, `u`.`Publish_Key`, `u`.`Qr_Code`, `u`.`Razorpay_Key_Id`, `u`.`Razorpay_Key_Secret`, `u`.`Razorpay_Payment`, `u`.`Role`, `u`.`Secret_Key`, `u`.`Skype`, `u`.`Slug`, `u`.`Specialist`, `u`.`Status`, `u`.`Stripe_Payment`, `u`.`Thumb`, `u`.`Trial_Expire`, `u`.`Twitter`, `u`.`User_Name`, `u`.`User_Type`, `u`.`Verify_Code`, `u`.`Whatsapp`
FROM `Users` AS `u`
WHERE `u`.`Id` = @__id_0
LIMIT 1

2024-04-11 20:45:30.107 +05:30  INF  Executing endpoint 'DCRM.Api.Controllers.DrugController.GetMaster (DCRM.Api)'

2024-04-11 20:45:30.107 +05:30  INF  Route matched with {action = "GetMaster", controller = "Drug"}. Executing controller action with signature DCRM.Common.Dto.MasterDataDto GetMaster(Int32) on controller DCRM.Api.Controllers.DrugController (DCRM.Api).

2024-04-11 20:45:30.126 +05:30  INF  Executed DbCommand (237ms) [Parameters=[@__id_0='?' (DbType = Int64)], CommandType='"Text"', CommandTimeout='30']
SELECT `u`.`Id`, `u`.`About_Me`, `u`.`Account_Type`, `u`.`Address`, `u`.`Available_Days`, `u`.`Bn_Name`, `u`.`City`, `u`.`Country`, `u`.`Created_At`, `u`.`Currency`, `u`.`Degree`, `u`.`Email`, `u`.`Email_Verified`, `u`.`Enable_Appointment`, `u`.`Enable_Rating`, `u`.`Exp_Years`, `u`.`Facebook`, `u`.`Google_Analytics`, `u`.`Image`, `u`.`Instagram`, `u`.`Linkedin`, `u`.`Name`, `u`.`Parent_Id`, `u`.`Password`, `u`.`Paypal_Email`, `u`.`Paypal_Mode`, `u`.`Paypal_Payment`, `u`.`Paystack_Payment`, `u`.`Paystack_Public_Key`, `u`.`Paystack_Secret_Key`, `u`.`Phone`, `u`.`Publish_Key`, `u`.`Qr_Code`, `u`.`Razorpay_Key_Id`, `u`.`Razorpay_Key_Secret`, `u`.`Razorpay_Payment`, `u`.`Role`, `u`.`Secret_Key`, `u`.`Skype`, `u`.`Slug`, `u`.`Specialist`, `u`.`Status`, `u`.`Stripe_Payment`, `u`.`Thumb`, `u`.`Trial_Expire`, `u`.`Twitter`, `u`.`User_Name`, `u`.`User_Type`, `u`.`Verify_Code`, `u`.`Whatsapp`
FROM `Users` AS `u`
WHERE `u`.`Id` = @__id_0
LIMIT 1

2024-04-11 20:45:30.126 +05:30  INF  Executing endpoint 'DCRM.Api.Controllers.DrugController.GetAllMasterType (DCRM.Api)'

2024-04-11 20:45:30.127 +05:30  INF  Route matched with {action = "GetAllMasterType", controller = "Drug"}. Executing controller action with signature System.Collections.Generic.List`1[DCRM.Common.Entities.MasterType] GetAllMasterType() on controller DCRM.Api.Controllers.DrugController (DCRM.Api).

2024-04-11 20:45:30.375 +05:30  INF  Executed DbCommand (227ms) [Parameters=[@__userId_0='?' (DbType = Int32)], CommandType='"Text"', CommandTimeout='30']
SELECT COUNT(*)
FROM `Staffs` AS `s`
WHERE (`s`.`User_Id` = @__userId_0) AND (`s`.`Is_Deleted` = 0)

2024-04-11 20:45:30.791 +05:30  INF  Executed DbCommand (229ms) [Parameters=[], CommandType='"Text"', CommandTimeout='30']
SELECT `m`.`Id`, `m`.`Basic_Salt`, `m`.`Company_Name`, `m`.`Created_At`, `m`.`Name`, `m`.`ParentId`, `m`.`TypeId`, `m`.`Updated_At`
FROM `Master_Data` AS `m`

2024-04-11 20:45:30.832 +05:30  INF  Executed DbCommand (236ms) [Parameters=[], CommandType='"Text"', CommandTimeout='30']
SELECT `m`.`Id`, `m`.`Name`
FROM `Master_Type` AS `m`

2024-04-11 20:45:30.832 +05:30  INF  Executing ObjectResult, writing value of type 'System.Collections.Generic.List`1[[DCRM.Common.Entities.MasterType, DCRM.Common, Version=1.0.0.0, Culture=neutral, PublicKeyToken=null]]'.

2024-04-11 20:45:30.832 +05:30  INF  Executed action DCRM.Api.Controllers.DrugController.GetAllMasterType (DCRM.Api) in 705.6843ms

2024-04-11 20:45:30.832 +05:30  INF  Executed endpoint 'DCRM.Api.Controllers.DrugController.GetAllMasterType (DCRM.Api)'

2024-04-11 20:45:30.832 +05:30  INF  Request finished HTTP/2 GET https://localhost:7069/api/Drug/master/type/getall application/json - - 200 - application/json;+charset=utf-8 1418.3646ms

2024-04-11 20:45:31.054 +05:30  INF  Executed DbCommand (227ms) [Parameters=[@__userId_0='?' (DbType = Int32)], CommandType='"Text"', CommandTimeout='30']
SELECT COUNT(*)
FROM `Appointments` AS `a`
WHERE (`a`.`User_Id` = @__userId_0) AND (`a`.`Is_Delete` = 0)

2024-04-11 20:45:31.475 +05:30  INF  Executed DbCommand (228ms) [Parameters=[], CommandType='"Text"', CommandTimeout='30']
SELECT `m`.`Id`, `m`.`Name`
FROM `Master_Type` AS `m`

2024-04-11 20:45:31.476 +05:30  INF  Executing ObjectResult, writing value of type 'DCRM.Common.Dto.MasterDataDto'.

2024-04-11 20:45:31.476 +05:30  INF  Executed action DCRM.Api.Controllers.DrugController.GetMaster (DCRM.Api) in 1369.3239ms

2024-04-11 20:45:31.476 +05:30  INF  Executed endpoint 'DCRM.Api.Controllers.DrugController.GetMaster (DCRM.Api)'

2024-04-11 20:45:31.476 +05:30  INF  Request finished HTTP/2 GET https://localhost:7069/api/Drug/master/get/1 application/json - - 200 - application/json;+charset=utf-8 2057.4854ms

2024-04-11 20:45:31.733 +05:30  INF  Executed DbCommand (227ms) [Parameters=[@__userId_0='?' (DbType = Int32)], CommandType='"Text"', CommandTimeout='30']
SELECT COUNT(*)
FROM `Appointments` AS `a`
WHERE ((`a`.`User_Id` = @__userId_0) AND (`a`.`Is_Delete` = 0)) AND (`a`.`Date` = CURDATE())

2024-04-11 20:45:31.733 +05:30  INF  Executing ObjectResult, writing value of type 'DCRM.Common.Dto.DashboardDto'.

2024-04-11 20:45:31.733 +05:30  INF  Executed action DCRM.Api.Controllers.DashboardController.Get (DCRM.Api) in 2717.1393ms

2024-04-11 20:45:31.733 +05:30  INF  Executed endpoint 'DCRM.Api.Controllers.DashboardController.Get (DCRM.Api)'

2024-04-11 20:45:31.734 +05:30  INF  Request finished HTTP/2 GET https://localhost:7069/api/Dashboard/Get application/json - - 200 - application/json;+charset=utf-8 3404.3342ms

2024-04-11 20:45:44.195 +05:30  INF  Request starting HTTP/2 OPTIONS https://localhost:7069/api/Dashboard/Get - -

2024-04-11 20:45:44.195 +05:30  INF  CORS policy execution successful.

2024-04-11 20:45:44.195 +05:30  INF  Request finished HTTP/2 OPTIONS https://localhost:7069/api/Dashboard/Get - - - 204 - - 0.3555ms

2024-04-11 20:45:44.198 +05:30  INF  Request starting HTTP/2 GET https://localhost:7069/api/Dashboard/Get application/json -

2024-04-11 20:45:44.198 +05:30  INF  CORS policy execution successful.

2024-04-11 20:45:44.884 +05:30  INF  Executed DbCommand (228ms) [Parameters=[@__id_0='?' (DbType = Int64)], CommandType='"Text"', CommandTimeout='30']
SELECT `u`.`Id`, `u`.`About_Me`, `u`.`Account_Type`, `u`.`Address`, `u`.`Available_Days`, `u`.`Bn_Name`, `u`.`City`, `u`.`Country`, `u`.`Created_At`, `u`.`Currency`, `u`.`Degree`, `u`.`Email`, `u`.`Email_Verified`, `u`.`Enable_Appointment`, `u`.`Enable_Rating`, `u`.`Exp_Years`, `u`.`Facebook`, `u`.`Google_Analytics`, `u`.`Image`, `u`.`Instagram`, `u`.`Linkedin`, `u`.`Name`, `u`.`Parent_Id`, `u`.`Password`, `u`.`Paypal_Email`, `u`.`Paypal_Mode`, `u`.`Paypal_Payment`, `u`.`Paystack_Payment`, `u`.`Paystack_Public_Key`, `u`.`Paystack_Secret_Key`, `u`.`Phone`, `u`.`Publish_Key`, `u`.`Qr_Code`, `u`.`Razorpay_Key_Id`, `u`.`Razorpay_Key_Secret`, `u`.`Razorpay_Payment`, `u`.`Role`, `u`.`Secret_Key`, `u`.`Skype`, `u`.`Slug`, `u`.`Specialist`, `u`.`Status`, `u`.`Stripe_Payment`, `u`.`Thumb`, `u`.`Trial_Expire`, `u`.`Twitter`, `u`.`User_Name`, `u`.`User_Type`, `u`.`Verify_Code`, `u`.`Whatsapp`
FROM `Users` AS `u`
WHERE `u`.`Id` = @__id_0
LIMIT 1

2024-04-11 20:45:44.884 +05:30  INF  Executing endpoint 'DCRM.Api.Controllers.DashboardController.Get (DCRM.Api)'

2024-04-11 20:45:44.884 +05:30  INF  Route matched with {action = "Get", controller = "Dashboard"}. Executing controller action with signature DCRM.Common.Dto.DashboardDto Get() on controller DCRM.Api.Controllers.DashboardController (DCRM.Api).

2024-04-11 20:45:45.224 +05:30  INF  Request starting HTTP/2 OPTIONS https://localhost:7069/api/Drug/master/type/getall - -

2024-04-11 20:45:45.224 +05:30  INF  CORS policy execution successful.

2024-04-11 20:45:45.224 +05:30  INF  Request finished HTTP/2 OPTIONS https://localhost:7069/api/Drug/master/type/getall - - - 204 - - 0.5111ms

2024-04-11 20:45:45.227 +05:30  INF  Request starting HTTP/2 GET https://localhost:7069/api/Drug/master/type/getall application/json -

2024-04-11 20:45:45.227 +05:30  INF  CORS policy execution successful.

2024-04-11 20:45:45.233 +05:30  INF  Request starting HTTP/2 OPTIONS https://localhost:7069/api/Drug/master/get/1 - -

2024-04-11 20:45:45.233 +05:30  INF  CORS policy execution successful.

2024-04-11 20:45:45.233 +05:30  INF  Request finished HTTP/2 OPTIONS https://localhost:7069/api/Drug/master/get/1 - - - 204 - - 0.4814ms

2024-04-11 20:45:45.244 +05:30  INF  Request starting HTTP/2 GET https://localhost:7069/api/Drug/master/get/1 application/json -

2024-04-11 20:45:45.245 +05:30  INF  CORS policy execution successful.

2024-04-11 20:45:45.572 +05:30  INF  Executed DbCommand (227ms) [Parameters=[@__p_0='?' (DbType = Int64)], CommandType='"Text"', CommandTimeout='30']
SELECT COUNT(*)
FROM `Patientses` AS `p`
WHERE (`p`.`User_Id` = @__p_0) AND (`p`.`Is_Delete` = 0)

2024-04-11 20:45:45.927 +05:30  INF  Executed DbCommand (230ms) [Parameters=[@__id_0='?' (DbType = Int64)], CommandType='"Text"', CommandTimeout='30']
SELECT `u`.`Id`, `u`.`About_Me`, `u`.`Account_Type`, `u`.`Address`, `u`.`Available_Days`, `u`.`Bn_Name`, `u`.`City`, `u`.`Country`, `u`.`Created_At`, `u`.`Currency`, `u`.`Degree`, `u`.`Email`, `u`.`Email_Verified`, `u`.`Enable_Appointment`, `u`.`Enable_Rating`, `u`.`Exp_Years`, `u`.`Facebook`, `u`.`Google_Analytics`, `u`.`Image`, `u`.`Instagram`, `u`.`Linkedin`, `u`.`Name`, `u`.`Parent_Id`, `u`.`Password`, `u`.`Paypal_Email`, `u`.`Paypal_Mode`, `u`.`Paypal_Payment`, `u`.`Paystack_Payment`, `u`.`Paystack_Public_Key`, `u`.`Paystack_Secret_Key`, `u`.`Phone`, `u`.`Publish_Key`, `u`.`Qr_Code`, `u`.`Razorpay_Key_Id`, `u`.`Razorpay_Key_Secret`, `u`.`Razorpay_Payment`, `u`.`Role`, `u`.`Secret_Key`, `u`.`Skype`, `u`.`Slug`, `u`.`Specialist`, `u`.`Status`, `u`.`Stripe_Payment`, `u`.`Thumb`, `u`.`Trial_Expire`, `u`.`Twitter`, `u`.`User_Name`, `u`.`User_Type`, `u`.`Verify_Code`, `u`.`Whatsapp`
FROM `Users` AS `u`
WHERE `u`.`Id` = @__id_0
LIMIT 1

2024-04-11 20:45:45.927 +05:30  INF  Executing endpoint 'DCRM.Api.Controllers.DrugController.GetAllMasterType (DCRM.Api)'

2024-04-11 20:45:45.927 +05:30  INF  Route matched with {action = "GetAllMasterType", controller = "Drug"}. Executing controller action with signature System.Collections.Generic.List`1[DCRM.Common.Entities.MasterType] GetAllMasterType() on controller DCRM.Api.Controllers.DrugController (DCRM.Api).

2024-04-11 20:45:45.949 +05:30  INF  Executed DbCommand (237ms) [Parameters=[@__id_0='?' (DbType = Int64)], CommandType='"Text"', CommandTimeout='30']
SELECT `u`.`Id`, `u`.`About_Me`, `u`.`Account_Type`, `u`.`Address`, `u`.`Available_Days`, `u`.`Bn_Name`, `u`.`City`, `u`.`Country`, `u`.`Created_At`, `u`.`Currency`, `u`.`Degree`, `u`.`Email`, `u`.`Email_Verified`, `u`.`Enable_Appointment`, `u`.`Enable_Rating`, `u`.`Exp_Years`, `u`.`Facebook`, `u`.`Google_Analytics`, `u`.`Image`, `u`.`Instagram`, `u`.`Linkedin`, `u`.`Name`, `u`.`Parent_Id`, `u`.`Password`, `u`.`Paypal_Email`, `u`.`Paypal_Mode`, `u`.`Paypal_Payment`, `u`.`Paystack_Payment`, `u`.`Paystack_Public_Key`, `u`.`Paystack_Secret_Key`, `u`.`Phone`, `u`.`Publish_Key`, `u`.`Qr_Code`, `u`.`Razorpay_Key_Id`, `u`.`Razorpay_Key_Secret`, `u`.`Razorpay_Payment`, `u`.`Role`, `u`.`Secret_Key`, `u`.`Skype`, `u`.`Slug`, `u`.`Specialist`, `u`.`Status`, `u`.`Stripe_Payment`, `u`.`Thumb`, `u`.`Trial_Expire`, `u`.`Twitter`, `u`.`User_Name`, `u`.`User_Type`, `u`.`Verify_Code`, `u`.`Whatsapp`
FROM `Users` AS `u`
WHERE `u`.`Id` = @__id_0
LIMIT 1

2024-04-11 20:45:45.949 +05:30  INF  Executing endpoint 'DCRM.Api.Controllers.DrugController.GetMaster (DCRM.Api)'

2024-04-11 20:45:45.949 +05:30  INF  Route matched with {action = "GetMaster", controller = "Drug"}. Executing controller action with signature DCRM.Common.Dto.MasterDataDto GetMaster(Int32) on controller DCRM.Api.Controllers.DrugController (DCRM.Api).

2024-04-11 20:45:46.255 +05:30  INF  Executed DbCommand (227ms) [Parameters=[@__userId_0='?' (DbType = Int32)], CommandType='"Text"', CommandTimeout='30']
SELECT COUNT(*)
FROM `Staffs` AS `s`
WHERE (`s`.`User_Id` = @__userId_0) AND (`s`.`Is_Deleted` = 0)

2024-04-11 20:45:46.611 +05:30  INF  Executed DbCommand (229ms) [Parameters=[], CommandType='"Text"', CommandTimeout='30']
SELECT `m`.`Id`, `m`.`Name`
FROM `Master_Type` AS `m`

2024-04-11 20:45:46.611 +05:30  INF  Executing ObjectResult, writing value of type 'System.Collections.Generic.List`1[[DCRM.Common.Entities.MasterType, DCRM.Common, Version=1.0.0.0, Culture=neutral, PublicKeyToken=null]]'.

2024-04-11 20:45:46.611 +05:30  INF  Executed action DCRM.Api.Controllers.DrugController.GetAllMasterType (DCRM.Api) in 683.8962ms

2024-04-11 20:45:46.611 +05:30  INF  Executed endpoint 'DCRM.Api.Controllers.DrugController.GetAllMasterType (DCRM.Api)'

2024-04-11 20:45:46.611 +05:30  INF  Request finished HTTP/2 GET https://localhost:7069/api/Drug/master/type/getall application/json - - 200 - application/json;+charset=utf-8 1384.5315ms

2024-04-11 20:45:46.655 +05:30  INF  Executed DbCommand (237ms) [Parameters=[], CommandType='"Text"', CommandTimeout='30']
SELECT `m`.`Id`, `m`.`Basic_Salt`, `m`.`Company_Name`, `m`.`Created_At`, `m`.`Name`, `m`.`ParentId`, `m`.`TypeId`, `m`.`Updated_At`
FROM `Master_Data` AS `m`

2024-04-11 20:45:46.937 +05:30  INF  Executed DbCommand (227ms) [Parameters=[@__userId_0='?' (DbType = Int32)], CommandType='"Text"', CommandTimeout='30']
SELECT COUNT(*)
FROM `Appointments` AS `a`
WHERE (`a`.`User_Id` = @__userId_0) AND (`a`.`Is_Delete` = 0)

2024-04-11 20:45:47.363 +05:30  INF  Executed DbCommand (236ms) [Parameters=[], CommandType='"Text"', CommandTimeout='30']
SELECT `m`.`Id`, `m`.`Name`
FROM `Master_Type` AS `m`

2024-04-11 20:45:47.363 +05:30  INF  Executing ObjectResult, writing value of type 'DCRM.Common.Dto.MasterDataDto'.

2024-04-11 20:45:47.363 +05:30  INF  Executed action DCRM.Api.Controllers.DrugController.GetMaster (DCRM.Api) in 1414.0569ms

2024-04-11 20:45:47.363 +05:30  INF  Executed endpoint 'DCRM.Api.Controllers.DrugController.GetMaster (DCRM.Api)'

2024-04-11 20:45:47.363 +05:30  INF  Request finished HTTP/2 GET https://localhost:7069/api/Drug/master/get/1 application/json - - 200 - application/json;+charset=utf-8 2119.1605ms

2024-04-11 20:45:47.617 +05:30  INF  Executed DbCommand (227ms) [Parameters=[@__userId_0='?' (DbType = Int32)], CommandType='"Text"', CommandTimeout='30']
SELECT COUNT(*)
FROM `Appointments` AS `a`
WHERE ((`a`.`User_Id` = @__userId_0) AND (`a`.`Is_Delete` = 0)) AND (`a`.`Date` = CURDATE())

2024-04-11 20:45:47.617 +05:30  INF  Executing ObjectResult, writing value of type 'DCRM.Common.Dto.DashboardDto'.

2024-04-11 20:45:47.618 +05:30  INF  Executed action DCRM.Api.Controllers.DashboardController.Get (DCRM.Api) in 2733.2492ms

2024-04-11 20:45:47.618 +05:30  INF  Executed endpoint 'DCRM.Api.Controllers.DashboardController.Get (DCRM.Api)'

2024-04-11 20:45:47.618 +05:30  INF  Request finished HTTP/2 GET https://localhost:7069/api/Dashboard/Get application/json - - 200 - application/json;+charset=utf-8 3420.2589ms

2024-04-11 20:46:25.050 +05:30  INF  Request starting HTTP/2 OPTIONS https://localhost:7069/api/Drug/master/getall - -

2024-04-11 20:46:25.050 +05:30  INF  CORS policy execution successful.

2024-04-11 20:46:25.051 +05:30  INF  Request finished HTTP/2 OPTIONS https://localhost:7069/api/Drug/master/getall - - - 204 - - 1.2432ms

2024-04-11 20:46:25.056 +05:30  INF  Request starting HTTP/2 GET https://localhost:7069/api/Drug/master/getall application/json -

2024-04-11 20:46:25.057 +05:30  INF  CORS policy execution successful.

2024-04-11 20:46:25.743 +05:30  INF  Executed DbCommand (230ms) [Parameters=[@__id_0='?' (DbType = Int64)], CommandType='"Text"', CommandTimeout='30']
SELECT `u`.`Id`, `u`.`About_Me`, `u`.`Account_Type`, `u`.`Address`, `u`.`Available_Days`, `u`.`Bn_Name`, `u`.`City`, `u`.`Country`, `u`.`Created_At`, `u`.`Currency`, `u`.`Degree`, `u`.`Email`, `u`.`Email_Verified`, `u`.`Enable_Appointment`, `u`.`Enable_Rating`, `u`.`Exp_Years`, `u`.`Facebook`, `u`.`Google_Analytics`, `u`.`Image`, `u`.`Instagram`, `u`.`Linkedin`, `u`.`Name`, `u`.`Parent_Id`, `u`.`Password`, `u`.`Paypal_Email`, `u`.`Paypal_Mode`, `u`.`Paypal_Payment`, `u`.`Paystack_Payment`, `u`.`Paystack_Public_Key`, `u`.`Paystack_Secret_Key`, `u`.`Phone`, `u`.`Publish_Key`, `u`.`Qr_Code`, `u`.`Razorpay_Key_Id`, `u`.`Razorpay_Key_Secret`, `u`.`Razorpay_Payment`, `u`.`Role`, `u`.`Secret_Key`, `u`.`Skype`, `u`.`Slug`, `u`.`Specialist`, `u`.`Status`, `u`.`Stripe_Payment`, `u`.`Thumb`, `u`.`Trial_Expire`, `u`.`Twitter`, `u`.`User_Name`, `u`.`User_Type`, `u`.`Verify_Code`, `u`.`Whatsapp`
FROM `Users` AS `u`
WHERE `u`.`Id` = @__id_0
LIMIT 1

2024-04-11 20:46:25.744 +05:30  INF  Executing endpoint 'DCRM.Api.Controllers.DrugController.GetAllMaster (DCRM.Api)'

2024-04-11 20:46:25.744 +05:30  INF  Route matched with {action = "GetAllMaster", controller = "Drug"}. Executing controller action with signature System.Collections.Generic.List`1[DCRM.Common.Dto.MasterDataDto] GetAllMaster() on controller DCRM.Api.Controllers.DrugController (DCRM.Api).

2024-04-11 20:46:26.425 +05:30  INF  Executed DbCommand (226ms) [Parameters=[], CommandType='"Text"', CommandTimeout='30']
SELECT `m`.`Id`, `m`.`Basic_Salt`, `m`.`Company_Name`, `m`.`Created_At`, `m`.`Name`, `m`.`ParentId`, `m`.`TypeId`, `m`.`Updated_At`
FROM `Master_Data` AS `m`

2024-04-11 20:46:27.119 +05:30  INF  Executed DbCommand (229ms) [Parameters=[], CommandType='"Text"', CommandTimeout='30']
SELECT `m`.`Id`, `m`.`Name`
FROM `Master_Type` AS `m`

2024-04-11 20:46:27.119 +05:30  INF  Executing ObjectResult, writing value of type 'System.Collections.Generic.List`1[[DCRM.Common.Dto.MasterDataDto, DCRM.Common, Version=1.0.0.0, Culture=neutral, PublicKeyToken=null]]'.

2024-04-11 20:46:27.120 +05:30  INF  Executed action DCRM.Api.Controllers.DrugController.GetAllMaster (DCRM.Api) in 1375.0965ms

2024-04-11 20:46:27.120 +05:30  INF  Executed endpoint 'DCRM.Api.Controllers.DrugController.GetAllMaster (DCRM.Api)'

2024-04-11 20:46:27.120 +05:30  INF  Request finished HTTP/2 GET https://localhost:7069/api/Drug/master/getall application/json - - 200 - application/json;+charset=utf-8 2064.0462ms

2024-04-11 20:50:35.865 +05:30  INF  Request starting HTTP/2 OPTIONS https://localhost:7069/api/Drug/master/type/getall - -

2024-04-11 20:50:35.869 +05:30  INF  CORS policy execution successful.

2024-04-11 20:50:35.872 +05:30  INF  Request finished HTTP/2 OPTIONS https://localhost:7069/api/Drug/master/type/getall - - - 204 - - 7.5666ms

2024-04-11 20:50:35.887 +05:30  INF  Request starting HTTP/2 OPTIONS https://localhost:7069/api/Drug/master/get/1 - -

2024-04-11 20:50:35.887 +05:30  INF  CORS policy execution successful.

2024-04-11 20:50:35.887 +05:30  INF  Request finished HTTP/2 OPTIONS https://localhost:7069/api/Drug/master/get/1 - - - 204 - - 0.3986ms

2024-04-11 20:50:35.899 +05:30  INF  Request starting HTTP/2 GET https://localhost:7069/api/Drug/master/type/getall application/json -

2024-04-11 20:50:35.899 +05:30  INF  Request starting HTTP/2 GET https://localhost:7069/api/Drug/master/get/1 application/json -

2024-04-11 20:50:35.899 +05:30  INF  CORS policy execution successful.

2024-04-11 20:50:35.899 +05:30  INF  CORS policy execution successful.

2024-04-11 20:50:37.272 +05:30  INF  Executed DbCommand (915ms) [Parameters=[@__id_0='?' (DbType = Int64)], CommandType='"Text"', CommandTimeout='30']
SELECT `u`.`Id`, `u`.`About_Me`, `u`.`Account_Type`, `u`.`Address`, `u`.`Available_Days`, `u`.`Bn_Name`, `u`.`City`, `u`.`Country`, `u`.`Created_At`, `u`.`Currency`, `u`.`Degree`, `u`.`Email`, `u`.`Email_Verified`, `u`.`Enable_Appointment`, `u`.`Enable_Rating`, `u`.`Exp_Years`, `u`.`Facebook`, `u`.`Google_Analytics`, `u`.`Image`, `u`.`Instagram`, `u`.`Linkedin`, `u`.`Name`, `u`.`Parent_Id`, `u`.`Password`, `u`.`Paypal_Email`, `u`.`Paypal_Mode`, `u`.`Paypal_Payment`, `u`.`Paystack_Payment`, `u`.`Paystack_Public_Key`, `u`.`Paystack_Secret_Key`, `u`.`Phone`, `u`.`Publish_Key`, `u`.`Qr_Code`, `u`.`Razorpay_Key_Id`, `u`.`Razorpay_Key_Secret`, `u`.`Razorpay_Payment`, `u`.`Role`, `u`.`Secret_Key`, `u`.`Skype`, `u`.`Slug`, `u`.`Specialist`, `u`.`Status`, `u`.`Stripe_Payment`, `u`.`Thumb`, `u`.`Trial_Expire`, `u`.`Twitter`, `u`.`User_Name`, `u`.`User_Type`, `u`.`Verify_Code`, `u`.`Whatsapp`
FROM `Users` AS `u`
WHERE `u`.`Id` = @__id_0
LIMIT 1

2024-04-11 20:50:37.272 +05:30  INF  Executing endpoint 'DCRM.Api.Controllers.DrugController.GetAllMasterType (DCRM.Api)'

2024-04-11 20:50:37.273 +05:30  INF  Route matched with {action = "GetAllMasterType", controller = "Drug"}. Executing controller action with signature System.Collections.Generic.List`1[DCRM.Common.Entities.MasterType] GetAllMasterType() on controller DCRM.Api.Controllers.DrugController (DCRM.Api).

2024-04-11 20:50:37.958 +05:30  INF  Executed DbCommand (229ms) [Parameters=[], CommandType='"Text"', CommandTimeout='30']
SELECT `m`.`Id`, `m`.`Name`
FROM `Master_Type` AS `m`

2024-04-11 20:50:37.958 +05:30  INF  Executing ObjectResult, writing value of type 'System.Collections.Generic.List`1[[DCRM.Common.Entities.MasterType, DCRM.Common, Version=1.0.0.0, Culture=neutral, PublicKeyToken=null]]'.

2024-04-11 20:50:37.958 +05:30  INF  Executed action DCRM.Api.Controllers.DrugController.GetAllMasterType (DCRM.Api) in 685.6788ms

2024-04-11 20:50:37.958 +05:30  INF  Executed endpoint 'DCRM.Api.Controllers.DrugController.GetAllMasterType (DCRM.Api)'

2024-04-11 20:50:37.958 +05:30  INF  Request finished HTTP/2 GET https://localhost:7069/api/Drug/master/type/getall application/json - - 200 - application/json;+charset=utf-8 2059.4988ms

2024-04-11 20:50:39.207 +05:30  INF  Executed DbCommand (234ms) [Parameters=[@__id_0='?' (DbType = Int64)], CommandType='"Text"', CommandTimeout='30']
SELECT `u`.`Id`, `u`.`About_Me`, `u`.`Account_Type`, `u`.`Address`, `u`.`Available_Days`, `u`.`Bn_Name`, `u`.`City`, `u`.`Country`, `u`.`Created_At`, `u`.`Currency`, `u`.`Degree`, `u`.`Email`, `u`.`Email_Verified`, `u`.`Enable_Appointment`, `u`.`Enable_Rating`, `u`.`Exp_Years`, `u`.`Facebook`, `u`.`Google_Analytics`, `u`.`Image`, `u`.`Instagram`, `u`.`Linkedin`, `u`.`Name`, `u`.`Parent_Id`, `u`.`Password`, `u`.`Paypal_Email`, `u`.`Paypal_Mode`, `u`.`Paypal_Payment`, `u`.`Paystack_Payment`, `u`.`Paystack_Public_Key`, `u`.`Paystack_Secret_Key`, `u`.`Phone`, `u`.`Publish_Key`, `u`.`Qr_Code`, `u`.`Razorpay_Key_Id`, `u`.`Razorpay_Key_Secret`, `u`.`Razorpay_Payment`, `u`.`Role`, `u`.`Secret_Key`, `u`.`Skype`, `u`.`Slug`, `u`.`Specialist`, `u`.`Status`, `u`.`Stripe_Payment`, `u`.`Thumb`, `u`.`Trial_Expire`, `u`.`Twitter`, `u`.`User_Name`, `u`.`User_Type`, `u`.`Verify_Code`, `u`.`Whatsapp`
FROM `Users` AS `u`
WHERE `u`.`Id` = @__id_0
LIMIT 1

2024-04-11 20:50:39.207 +05:30  INF  Executing endpoint 'DCRM.Api.Controllers.DrugController.GetMaster (DCRM.Api)'

2024-04-11 20:50:39.207 +05:30  INF  Route matched with {action = "GetMaster", controller = "Drug"}. Executing controller action with signature DCRM.Common.Dto.MasterDataDto GetMaster(Int32) on controller DCRM.Api.Controllers.DrugController (DCRM.Api).

2024-04-11 20:50:39.903 +05:30  INF  Executed DbCommand (233ms) [Parameters=[], CommandType='"Text"', CommandTimeout='30']
SELECT `m`.`Id`, `m`.`Basic_Salt`, `m`.`Company_Name`, `m`.`Created_At`, `m`.`Name`, `m`.`ParentId`, `m`.`TypeId`, `m`.`Updated_At`
FROM `Master_Data` AS `m`

2024-04-11 20:50:40.603 +05:30  INF  Executed DbCommand (234ms) [Parameters=[], CommandType='"Text"', CommandTimeout='30']
SELECT `m`.`Id`, `m`.`Name`
FROM `Master_Type` AS `m`

2024-04-11 20:50:40.603 +05:30  INF  Executing ObjectResult, writing value of type 'DCRM.Common.Dto.MasterDataDto'.

2024-04-11 20:50:40.603 +05:30  INF  Executed action DCRM.Api.Controllers.DrugController.GetMaster (DCRM.Api) in 1395.9814ms

2024-04-11 20:50:40.603 +05:30  INF  Executed endpoint 'DCRM.Api.Controllers.DrugController.GetMaster (DCRM.Api)'

2024-04-11 20:50:40.603 +05:30  INF  Request finished HTTP/2 GET https://localhost:7069/api/Drug/master/get/1 application/json - - 200 - application/json;+charset=utf-8 4704.4875ms

2024-04-11 20:50:49.164 +05:30  INF  Request starting HTTP/2 OPTIONS https://localhost:7069/api/Drug/master/getall - -

2024-04-11 20:50:49.164 +05:30  INF  CORS policy execution successful.

2024-04-11 20:50:49.164 +05:30  INF  Request finished HTTP/2 OPTIONS https://localhost:7069/api/Drug/master/getall - - - 204 - - 0.3418ms

2024-04-11 20:50:49.166 +05:30  INF  Request starting HTTP/2 GET https://localhost:7069/api/Drug/master/getall application/json -

2024-04-11 20:50:49.166 +05:30  INF  CORS policy execution successful.

2024-04-11 20:50:49.873 +05:30  INF  Executed DbCommand (243ms) [Parameters=[@__id_0='?' (DbType = Int64)], CommandType='"Text"', CommandTimeout='30']
SELECT `u`.`Id`, `u`.`About_Me`, `u`.`Account_Type`, `u`.`Address`, `u`.`Available_Days`, `u`.`Bn_Name`, `u`.`City`, `u`.`Country`, `u`.`Created_At`, `u`.`Currency`, `u`.`Degree`, `u`.`Email`, `u`.`Email_Verified`, `u`.`Enable_Appointment`, `u`.`Enable_Rating`, `u`.`Exp_Years`, `u`.`Facebook`, `u`.`Google_Analytics`, `u`.`Image`, `u`.`Instagram`, `u`.`Linkedin`, `u`.`Name`, `u`.`Parent_Id`, `u`.`Password`, `u`.`Paypal_Email`, `u`.`Paypal_Mode`, `u`.`Paypal_Payment`, `u`.`Paystack_Payment`, `u`.`Paystack_Public_Key`, `u`.`Paystack_Secret_Key`, `u`.`Phone`, `u`.`Publish_Key`, `u`.`Qr_Code`, `u`.`Razorpay_Key_Id`, `u`.`Razorpay_Key_Secret`, `u`.`Razorpay_Payment`, `u`.`Role`, `u`.`Secret_Key`, `u`.`Skype`, `u`.`Slug`, `u`.`Specialist`, `u`.`Status`, `u`.`Stripe_Payment`, `u`.`Thumb`, `u`.`Trial_Expire`, `u`.`Twitter`, `u`.`User_Name`, `u`.`User_Type`, `u`.`Verify_Code`, `u`.`Whatsapp`
FROM `Users` AS `u`
WHERE `u`.`Id` = @__id_0
LIMIT 1

2024-04-11 20:50:49.873 +05:30  INF  Executing endpoint 'DCRM.Api.Controllers.DrugController.GetAllMaster (DCRM.Api)'

2024-04-11 20:50:49.873 +05:30  INF  Route matched with {action = "GetAllMaster", controller = "Drug"}. Executing controller action with signature System.Collections.Generic.List`1[DCRM.Common.Dto.MasterDataDto] GetAllMaster() on controller DCRM.Api.Controllers.DrugController (DCRM.Api).

2024-04-11 20:50:50.571 +05:30  INF  Executed DbCommand (233ms) [Parameters=[], CommandType='"Text"', CommandTimeout='30']
SELECT `m`.`Id`, `m`.`Basic_Salt`, `m`.`Company_Name`, `m`.`Created_At`, `m`.`Name`, `m`.`ParentId`, `m`.`TypeId`, `m`.`Updated_At`
FROM `Master_Data` AS `m`

2024-04-11 20:50:51.267 +05:30  INF  Executed DbCommand (232ms) [Parameters=[], CommandType='"Text"', CommandTimeout='30']
SELECT `m`.`Id`, `m`.`Name`
FROM `Master_Type` AS `m`

2024-04-11 20:50:51.267 +05:30  INF  Executing ObjectResult, writing value of type 'System.Collections.Generic.List`1[[DCRM.Common.Dto.MasterDataDto, DCRM.Common, Version=1.0.0.0, Culture=neutral, PublicKeyToken=null]]'.

2024-04-11 20:50:51.280 +05:30  INF  Executed action DCRM.Api.Controllers.DrugController.GetAllMaster (DCRM.Api) in 1406.663ms

2024-04-11 20:50:51.280 +05:30  INF  Executed endpoint 'DCRM.Api.Controllers.DrugController.GetAllMaster (DCRM.Api)'

2024-04-11 20:50:51.280 +05:30  INF  Request finished HTTP/2 GET https://localhost:7069/api/Drug/master/getall application/json - - 0 - application/json;+charset=utf-8 2114.6016ms

2024-04-11 20:50:52.385 +05:30  INF  Request starting HTTP/2 GET https://localhost:7069/api/Drug/master/getall application/json -

2024-04-11 20:50:52.385 +05:30  INF  CORS policy execution successful.

2024-04-11 20:50:53.086 +05:30  INF  Executed DbCommand (234ms) [Parameters=[@__id_0='?' (DbType = Int64)], CommandType='"Text"', CommandTimeout='30']
SELECT `u`.`Id`, `u`.`About_Me`, `u`.`Account_Type`, `u`.`Address`, `u`.`Available_Days`, `u`.`Bn_Name`, `u`.`City`, `u`.`Country`, `u`.`Created_At`, `u`.`Currency`, `u`.`Degree`, `u`.`Email`, `u`.`Email_Verified`, `u`.`Enable_Appointment`, `u`.`Enable_Rating`, `u`.`Exp_Years`, `u`.`Facebook`, `u`.`Google_Analytics`, `u`.`Image`, `u`.`Instagram`, `u`.`Linkedin`, `u`.`Name`, `u`.`Parent_Id`, `u`.`Password`, `u`.`Paypal_Email`, `u`.`Paypal_Mode`, `u`.`Paypal_Payment`, `u`.`Paystack_Payment`, `u`.`Paystack_Public_Key`, `u`.`Paystack_Secret_Key`, `u`.`Phone`, `u`.`Publish_Key`, `u`.`Qr_Code`, `u`.`Razorpay_Key_Id`, `u`.`Razorpay_Key_Secret`, `u`.`Razorpay_Payment`, `u`.`Role`, `u`.`Secret_Key`, `u`.`Skype`, `u`.`Slug`, `u`.`Specialist`, `u`.`Status`, `u`.`Stripe_Payment`, `u`.`Thumb`, `u`.`Trial_Expire`, `u`.`Twitter`, `u`.`User_Name`, `u`.`User_Type`, `u`.`Verify_Code`, `u`.`Whatsapp`
FROM `Users` AS `u`
WHERE `u`.`Id` = @__id_0
LIMIT 1

2024-04-11 20:50:53.086 +05:30  INF  Executing endpoint 'DCRM.Api.Controllers.DrugController.GetAllMaster (DCRM.Api)'

2024-04-11 20:50:53.086 +05:30  INF  Route matched with {action = "GetAllMaster", controller = "Drug"}. Executing controller action with signature System.Collections.Generic.List`1[DCRM.Common.Dto.MasterDataDto] GetAllMaster() on controller DCRM.Api.Controllers.DrugController (DCRM.Api).

2024-04-11 20:50:53.780 +05:30  INF  Executed DbCommand (232ms) [Parameters=[], CommandType='"Text"', CommandTimeout='30']
SELECT `m`.`Id`, `m`.`Basic_Salt`, `m`.`Company_Name`, `m`.`Created_At`, `m`.`Name`, `m`.`ParentId`, `m`.`TypeId`, `m`.`Updated_At`
FROM `Master_Data` AS `m`

2024-04-11 20:50:54.477 +05:30  INF  Executed DbCommand (232ms) [Parameters=[], CommandType='"Text"', CommandTimeout='30']
SELECT `m`.`Id`, `m`.`Name`
FROM `Master_Type` AS `m`

2024-04-11 20:50:54.477 +05:30  INF  Executing ObjectResult, writing value of type 'System.Collections.Generic.List`1[[DCRM.Common.Dto.MasterDataDto, DCRM.Common, Version=1.0.0.0, Culture=neutral, PublicKeyToken=null]]'.

2024-04-11 20:50:54.477 +05:30  INF  Executed action DCRM.Api.Controllers.DrugController.GetAllMaster (DCRM.Api) in 1391.3493ms

2024-04-11 20:50:54.477 +05:30  INF  Executed endpoint 'DCRM.Api.Controllers.DrugController.GetAllMaster (DCRM.Api)'

2024-04-11 20:50:54.478 +05:30  INF  Request finished HTTP/2 GET https://localhost:7069/api/Drug/master/getall application/json - - 200 - application/json;+charset=utf-8 2093.0273ms

2024-04-11 20:51:09.771 +05:30  INF  Request starting HTTP/2 OPTIONS https://localhost:7069/api/Drug/master/type/getall - -

2024-04-11 20:51:09.771 +05:30  INF  CORS policy execution successful.

2024-04-11 20:51:09.771 +05:30  INF  Request finished HTTP/2 OPTIONS https://localhost:7069/api/Drug/master/type/getall - - - 204 - - 0.2291ms

2024-04-11 20:51:09.775 +05:30  INF  Request starting HTTP/2 GET https://localhost:7069/api/Drug/master/type/getall application/json -

2024-04-11 20:51:09.775 +05:30  INF  CORS policy execution successful.

2024-04-11 20:51:10.472 +05:30  INF  Executed DbCommand (233ms) [Parameters=[@__id_0='?' (DbType = Int64)], CommandType='"Text"', CommandTimeout='30']
SELECT `u`.`Id`, `u`.`About_Me`, `u`.`Account_Type`, `u`.`Address`, `u`.`Available_Days`, `u`.`Bn_Name`, `u`.`City`, `u`.`Country`, `u`.`Created_At`, `u`.`Currency`, `u`.`Degree`, `u`.`Email`, `u`.`Email_Verified`, `u`.`Enable_Appointment`, `u`.`Enable_Rating`, `u`.`Exp_Years`, `u`.`Facebook`, `u`.`Google_Analytics`, `u`.`Image`, `u`.`Instagram`, `u`.`Linkedin`, `u`.`Name`, `u`.`Parent_Id`, `u`.`Password`, `u`.`Paypal_Email`, `u`.`Paypal_Mode`, `u`.`Paypal_Payment`, `u`.`Paystack_Payment`, `u`.`Paystack_Public_Key`, `u`.`Paystack_Secret_Key`, `u`.`Phone`, `u`.`Publish_Key`, `u`.`Qr_Code`, `u`.`Razorpay_Key_Id`, `u`.`Razorpay_Key_Secret`, `u`.`Razorpay_Payment`, `u`.`Role`, `u`.`Secret_Key`, `u`.`Skype`, `u`.`Slug`, `u`.`Specialist`, `u`.`Status`, `u`.`Stripe_Payment`, `u`.`Thumb`, `u`.`Trial_Expire`, `u`.`Twitter`, `u`.`User_Name`, `u`.`User_Type`, `u`.`Verify_Code`, `u`.`Whatsapp`
FROM `Users` AS `u`
WHERE `u`.`Id` = @__id_0
LIMIT 1

2024-04-11 20:51:10.473 +05:30  INF  Executing endpoint 'DCRM.Api.Controllers.DrugController.GetAllMasterType (DCRM.Api)'

2024-04-11 20:51:10.473 +05:30  INF  Route matched with {action = "GetAllMasterType", controller = "Drug"}. Executing controller action with signature System.Collections.Generic.List`1[DCRM.Common.Entities.MasterType] GetAllMasterType() on controller DCRM.Api.Controllers.DrugController (DCRM.Api).

2024-04-11 20:51:11.167 +05:30  INF  Executed DbCommand (233ms) [Parameters=[], CommandType='"Text"', CommandTimeout='30']
SELECT `m`.`Id`, `m`.`Name`
FROM `Master_Type` AS `m`

2024-04-11 20:51:11.168 +05:30  INF  Executing ObjectResult, writing value of type 'System.Collections.Generic.List`1[[DCRM.Common.Entities.MasterType, DCRM.Common, Version=1.0.0.0, Culture=neutral, PublicKeyToken=null]]'.

2024-04-11 20:51:11.168 +05:30  INF  Executed action DCRM.Api.Controllers.DrugController.GetAllMasterType (DCRM.Api) in 695.0724ms

2024-04-11 20:51:11.168 +05:30  INF  Executed endpoint 'DCRM.Api.Controllers.DrugController.GetAllMasterType (DCRM.Api)'

2024-04-11 20:51:11.168 +05:30  INF  Request finished HTTP/2 GET https://localhost:7069/api/Drug/master/type/getall application/json - - 200 - application/json;+charset=utf-8 1392.8701ms

2024-04-11 20:52:05.041 +05:30  INF  Request starting HTTP/2 OPTIONS https://localhost:7069/api/Drug/master/create - -

2024-04-11 20:52:05.041 +05:30  INF  CORS policy execution successful.

2024-04-11 20:52:05.044 +05:30  INF  Request finished HTTP/2 OPTIONS https://localhost:7069/api/Drug/master/create - - - 204 - - 2.9175ms

2024-04-11 20:52:05.051 +05:30  INF  Request starting HTTP/2 POST https://localhost:7069/api/Drug/master/create application/json 106

2024-04-11 20:52:05.051 +05:30  INF  CORS policy execution successful.

2024-04-11 20:52:05.754 +05:30  INF  Executed DbCommand (234ms) [Parameters=[@__id_0='?' (DbType = Int64)], CommandType='"Text"', CommandTimeout='30']
SELECT `u`.`Id`, `u`.`About_Me`, `u`.`Account_Type`, `u`.`Address`, `u`.`Available_Days`, `u`.`Bn_Name`, `u`.`City`, `u`.`Country`, `u`.`Created_At`, `u`.`Currency`, `u`.`Degree`, `u`.`Email`, `u`.`Email_Verified`, `u`.`Enable_Appointment`, `u`.`Enable_Rating`, `u`.`Exp_Years`, `u`.`Facebook`, `u`.`Google_Analytics`, `u`.`Image`, `u`.`Instagram`, `u`.`Linkedin`, `u`.`Name`, `u`.`Parent_Id`, `u`.`Password`, `u`.`Paypal_Email`, `u`.`Paypal_Mode`, `u`.`Paypal_Payment`, `u`.`Paystack_Payment`, `u`.`Paystack_Public_Key`, `u`.`Paystack_Secret_Key`, `u`.`Phone`, `u`.`Publish_Key`, `u`.`Qr_Code`, `u`.`Razorpay_Key_Id`, `u`.`Razorpay_Key_Secret`, `u`.`Razorpay_Payment`, `u`.`Role`, `u`.`Secret_Key`, `u`.`Skype`, `u`.`Slug`, `u`.`Specialist`, `u`.`Status`, `u`.`Stripe_Payment`, `u`.`Thumb`, `u`.`Trial_Expire`, `u`.`Twitter`, `u`.`User_Name`, `u`.`User_Type`, `u`.`Verify_Code`, `u`.`Whatsapp`
FROM `Users` AS `u`
WHERE `u`.`Id` = @__id_0
LIMIT 1

2024-04-11 20:52:05.754 +05:30  INF  Executing endpoint 'DCRM.Api.Controllers.DrugController.CreateMaster (DCRM.Api)'

2024-04-11 20:52:05.756 +05:30  INF  Route matched with {action = "CreateMaster", controller = "Drug"}. Executing controller action with signature Microsoft.AspNetCore.Mvc.IActionResult CreateMaster(DCRM.Common.Entities.MasterData) on controller DCRM.Api.Controllers.DrugController (DCRM.Api).

2024-04-11 20:53:04.160 +05:30  INF  Executed DbCommand (243ms) [Parameters=[@p0='?' (Size = 4000), @p1='?' (Size = 4000), @p2='?' (DbType = DateTime), @p3='?' (Size = 4000), @p4='?' (DbType = Int32), @p5='?' (DbType = Int32), @p6='?' (DbType = DateTime)], CommandType='"Text"', CommandTimeout='30']
INSERT INTO `Master_Data` (`Basic_Salt`, `Company_Name`, `Created_At`, `Name`, `ParentId`, `TypeId`, `Updated_At`)
VALUES (@p0, @p1, @p2, @p3, @p4, @p5, @p6);
SELECT `Id`
FROM `Master_Data`
WHERE ROW_COUNT() = 1 AND `Id` = LAST_INSERT_ID();

2024-04-11 20:53:04.469 +05:30  INF  Executing StatusCodeResult, setting HTTP status code 200

2024-04-11 20:53:04.469 +05:30  INF  Executed action DCRM.Api.Controllers.DrugController.CreateMaster (DCRM.Api) in 58712.8794ms

2024-04-11 20:53:04.469 +05:30  INF  Executed endpoint 'DCRM.Api.Controllers.DrugController.CreateMaster (DCRM.Api)'

2024-04-11 20:53:04.469 +05:30  INF  Request finished HTTP/2 POST https://localhost:7069/api/Drug/master/create application/json 106 - 200 0 - 59418.1492ms

2024-04-11 20:53:07.099 +05:30  INF  Request starting HTTP/2 OPTIONS https://localhost:7069/api/Drug/master/getall - -

2024-04-11 20:53:07.100 +05:30  INF  CORS policy execution successful.

2024-04-11 20:53:07.100 +05:30  INF  Request finished HTTP/2 OPTIONS https://localhost:7069/api/Drug/master/getall - - - 204 - - 0.6323ms

2024-04-11 20:53:07.110 +05:30  INF  Request starting HTTP/2 GET https://localhost:7069/api/Drug/master/getall application/json -

2024-04-11 20:53:07.111 +05:30  INF  CORS policy execution successful.

2024-04-11 20:53:07.813 +05:30  INF  Executed DbCommand (234ms) [Parameters=[@__id_0='?' (DbType = Int64)], CommandType='"Text"', CommandTimeout='30']
SELECT `u`.`Id`, `u`.`About_Me`, `u`.`Account_Type`, `u`.`Address`, `u`.`Available_Days`, `u`.`Bn_Name`, `u`.`City`, `u`.`Country`, `u`.`Created_At`, `u`.`Currency`, `u`.`Degree`, `u`.`Email`, `u`.`Email_Verified`, `u`.`Enable_Appointment`, `u`.`Enable_Rating`, `u`.`Exp_Years`, `u`.`Facebook`, `u`.`Google_Analytics`, `u`.`Image`, `u`.`Instagram`, `u`.`Linkedin`, `u`.`Name`, `u`.`Parent_Id`, `u`.`Password`, `u`.`Paypal_Email`, `u`.`Paypal_Mode`, `u`.`Paypal_Payment`, `u`.`Paystack_Payment`, `u`.`Paystack_Public_Key`, `u`.`Paystack_Secret_Key`, `u`.`Phone`, `u`.`Publish_Key`, `u`.`Qr_Code`, `u`.`Razorpay_Key_Id`, `u`.`Razorpay_Key_Secret`, `u`.`Razorpay_Payment`, `u`.`Role`, `u`.`Secret_Key`, `u`.`Skype`, `u`.`Slug`, `u`.`Specialist`, `u`.`Status`, `u`.`Stripe_Payment`, `u`.`Thumb`, `u`.`Trial_Expire`, `u`.`Twitter`, `u`.`User_Name`, `u`.`User_Type`, `u`.`Verify_Code`, `u`.`Whatsapp`
FROM `Users` AS `u`
WHERE `u`.`Id` = @__id_0
LIMIT 1

2024-04-11 20:53:07.813 +05:30  INF  Executing endpoint 'DCRM.Api.Controllers.DrugController.GetAllMaster (DCRM.Api)'

2024-04-11 20:53:07.813 +05:30  INF  Route matched with {action = "GetAllMaster", controller = "Drug"}. Executing controller action with signature System.Collections.Generic.List`1[DCRM.Common.Dto.MasterDataDto] GetAllMaster() on controller DCRM.Api.Controllers.DrugController (DCRM.Api).

2024-04-11 20:53:08.507 +05:30  INF  Executed DbCommand (233ms) [Parameters=[], CommandType='"Text"', CommandTimeout='30']
SELECT `m`.`Id`, `m`.`Basic_Salt`, `m`.`Company_Name`, `m`.`Created_At`, `m`.`Name`, `m`.`ParentId`, `m`.`TypeId`, `m`.`Updated_At`
FROM `Master_Data` AS `m`

2024-04-11 20:53:09.207 +05:30  INF  Executed DbCommand (233ms) [Parameters=[], CommandType='"Text"', CommandTimeout='30']
SELECT `m`.`Id`, `m`.`Name`
FROM `Master_Type` AS `m`

2024-04-11 20:53:09.208 +05:30  INF  Executing ObjectResult, writing value of type 'System.Collections.Generic.List`1[[DCRM.Common.Dto.MasterDataDto, DCRM.Common, Version=1.0.0.0, Culture=neutral, PublicKeyToken=null]]'.

2024-04-11 20:53:09.208 +05:30  INF  Executed action DCRM.Api.Controllers.DrugController.GetAllMaster (DCRM.Api) in 1394.7797ms

2024-04-11 20:53:09.208 +05:30  INF  Executed endpoint 'DCRM.Api.Controllers.DrugController.GetAllMaster (DCRM.Api)'

2024-04-11 20:53:09.208 +05:30  INF  Request finished HTTP/2 GET https://localhost:7069/api/Drug/master/getall application/json - - 200 - application/json;+charset=utf-8 2097.6850ms

2024-04-11 20:53:33.840 +05:30  INF  Request starting HTTP/2 OPTIONS https://localhost:7069/api/Drug/master/type/getall - -

2024-04-11 20:53:33.840 +05:30  INF  CORS policy execution successful.

2024-04-11 20:53:33.862 +05:30  INF  Request finished HTTP/2 OPTIONS https://localhost:7069/api/Drug/master/type/getall - - - 204 - - 21.8581ms

2024-04-11 20:53:33.864 +05:30  INF  Request starting HTTP/2 OPTIONS https://localhost:7069/api/Drug/master/get/2 - -

2024-04-11 20:53:33.864 +05:30  INF  CORS policy execution successful.

2024-04-11 20:53:33.864 +05:30  INF  Request finished HTTP/2 OPTIONS https://localhost:7069/api/Drug/master/get/2 - - - 204 - - 0.3366ms

2024-04-11 20:53:33.864 +05:30  INF  Request starting HTTP/2 GET https://localhost:7069/api/Drug/master/type/getall application/json -

2024-04-11 20:53:33.864 +05:30  INF  CORS policy execution successful.

2024-04-11 20:53:33.866 +05:30  INF  Request starting HTTP/2 GET https://localhost:7069/api/Drug/master/get/2 application/json -

2024-04-11 20:53:33.866 +05:30  INF  CORS policy execution successful.

2024-04-11 20:53:34.552 +05:30  INF  Executed DbCommand (230ms) [Parameters=[@__id_0='?' (DbType = Int64)], CommandType='"Text"', CommandTimeout='30']
SELECT `u`.`Id`, `u`.`About_Me`, `u`.`Account_Type`, `u`.`Address`, `u`.`Available_Days`, `u`.`Bn_Name`, `u`.`City`, `u`.`Country`, `u`.`Created_At`, `u`.`Currency`, `u`.`Degree`, `u`.`Email`, `u`.`Email_Verified`, `u`.`Enable_Appointment`, `u`.`Enable_Rating`, `u`.`Exp_Years`, `u`.`Facebook`, `u`.`Google_Analytics`, `u`.`Image`, `u`.`Instagram`, `u`.`Linkedin`, `u`.`Name`, `u`.`Parent_Id`, `u`.`Password`, `u`.`Paypal_Email`, `u`.`Paypal_Mode`, `u`.`Paypal_Payment`, `u`.`Paystack_Payment`, `u`.`Paystack_Public_Key`, `u`.`Paystack_Secret_Key`, `u`.`Phone`, `u`.`Publish_Key`, `u`.`Qr_Code`, `u`.`Razorpay_Key_Id`, `u`.`Razorpay_Key_Secret`, `u`.`Razorpay_Payment`, `u`.`Role`, `u`.`Secret_Key`, `u`.`Skype`, `u`.`Slug`, `u`.`Specialist`, `u`.`Status`, `u`.`Stripe_Payment`, `u`.`Thumb`, `u`.`Trial_Expire`, `u`.`Twitter`, `u`.`User_Name`, `u`.`User_Type`, `u`.`Verify_Code`, `u`.`Whatsapp`
FROM `Users` AS `u`
WHERE `u`.`Id` = @__id_0
LIMIT 1

2024-04-11 20:53:34.552 +05:30  INF  Executing endpoint 'DCRM.Api.Controllers.DrugController.GetMaster (DCRM.Api)'

2024-04-11 20:53:34.553 +05:30  INF  Route matched with {action = "GetMaster", controller = "Drug"}. Executing controller action with signature DCRM.Common.Dto.MasterDataDto GetMaster(Int32) on controller DCRM.Api.Controllers.DrugController (DCRM.Api).

2024-04-11 20:53:34.850 +05:30  INF  Executed DbCommand (524ms) [Parameters=[@__id_0='?' (DbType = Int64)], CommandType='"Text"', CommandTimeout='30']
SELECT `u`.`Id`, `u`.`About_Me`, `u`.`Account_Type`, `u`.`Address`, `u`.`Available_Days`, `u`.`Bn_Name`, `u`.`City`, `u`.`Country`, `u`.`Created_At`, `u`.`Currency`, `u`.`Degree`, `u`.`Email`, `u`.`Email_Verified`, `u`.`Enable_Appointment`, `u`.`Enable_Rating`, `u`.`Exp_Years`, `u`.`Facebook`, `u`.`Google_Analytics`, `u`.`Image`, `u`.`Instagram`, `u`.`Linkedin`, `u`.`Name`, `u`.`Parent_Id`, `u`.`Password`, `u`.`Paypal_Email`, `u`.`Paypal_Mode`, `u`.`Paypal_Payment`, `u`.`Paystack_Payment`, `u`.`Paystack_Public_Key`, `u`.`Paystack_Secret_Key`, `u`.`Phone`, `u`.`Publish_Key`, `u`.`Qr_Code`, `u`.`Razorpay_Key_Id`, `u`.`Razorpay_Key_Secret`, `u`.`Razorpay_Payment`, `u`.`Role`, `u`.`Secret_Key`, `u`.`Skype`, `u`.`Slug`, `u`.`Specialist`, `u`.`Status`, `u`.`Stripe_Payment`, `u`.`Thumb`, `u`.`Trial_Expire`, `u`.`Twitter`, `u`.`User_Name`, `u`.`User_Type`, `u`.`Verify_Code`, `u`.`Whatsapp`
FROM `Users` AS `u`
WHERE `u`.`Id` = @__id_0
LIMIT 1

2024-04-11 20:53:34.851 +05:30  INF  Executing endpoint 'DCRM.Api.Controllers.DrugController.GetAllMasterType (DCRM.Api)'

2024-04-11 20:53:34.851 +05:30  INF  Route matched with {action = "GetAllMasterType", controller = "Drug"}. Executing controller action with signature System.Collections.Generic.List`1[DCRM.Common.Entities.MasterType] GetAllMasterType() on controller DCRM.Api.Controllers.DrugController (DCRM.Api).

2024-04-11 20:53:35.238 +05:30  INF  Executed DbCommand (229ms) [Parameters=[], CommandType='"Text"', CommandTimeout='30']
SELECT `m`.`Id`, `m`.`Basic_Salt`, `m`.`Company_Name`, `m`.`Created_At`, `m`.`Name`, `m`.`ParentId`, `m`.`TypeId`, `m`.`Updated_At`
FROM `Master_Data` AS `m`

2024-04-11 20:53:35.546 +05:30  INF  Executed DbCommand (233ms) [Parameters=[], CommandType='"Text"', CommandTimeout='30']
SELECT `m`.`Id`, `m`.`Name`
FROM `Master_Type` AS `m`

2024-04-11 20:53:35.546 +05:30  INF  Executing ObjectResult, writing value of type 'System.Collections.Generic.List`1[[DCRM.Common.Entities.MasterType, DCRM.Common, Version=1.0.0.0, Culture=neutral, PublicKeyToken=null]]'.

2024-04-11 20:53:35.546 +05:30  INF  Executed action DCRM.Api.Controllers.DrugController.GetAllMasterType (DCRM.Api) in 695.7427ms

2024-04-11 20:53:35.547 +05:30  INF  Executed endpoint 'DCRM.Api.Controllers.DrugController.GetAllMasterType (DCRM.Api)'

2024-04-11 20:53:35.547 +05:30  INF  Request finished HTTP/2 GET https://localhost:7069/api/Drug/master/type/getall application/json - - 200 - application/json;+charset=utf-8 1682.6408ms

2024-04-11 20:53:35.923 +05:30  INF  Executed DbCommand (229ms) [Parameters=[], CommandType='"Text"', CommandTimeout='30']
SELECT `m`.`Id`, `m`.`Name`
FROM `Master_Type` AS `m`

2024-04-11 20:53:35.924 +05:30  INF  Executing ObjectResult, writing value of type 'DCRM.Common.Dto.MasterDataDto'.

2024-04-11 20:53:35.924 +05:30  INF  Executed action DCRM.Api.Controllers.DrugController.GetMaster (DCRM.Api) in 1371.5524ms

2024-04-11 20:53:35.924 +05:30  INF  Executed endpoint 'DCRM.Api.Controllers.DrugController.GetMaster (DCRM.Api)'

2024-04-11 20:53:35.924 +05:30  INF  Request finished HTTP/2 GET https://localhost:7069/api/Drug/master/get/2 application/json - - 200 - application/json;+charset=utf-8 2058.6363ms

2024-04-11 20:54:05.736 +05:30  INF  Request starting HTTP/2 OPTIONS https://localhost:7069/api/Drug/master/update - -

2024-04-11 20:54:05.737 +05:30  INF  CORS policy execution successful.

2024-04-11 20:54:05.737 +05:30  INF  Request finished HTTP/2 OPTIONS https://localhost:7069/api/Drug/master/update - - - 204 - - 1.3217ms

2024-04-11 20:54:05.745 +05:30  INF  Request starting HTTP/2 POST https://localhost:7069/api/Drug/master/update application/json 72

2024-04-11 20:54:05.745 +05:30  INF  CORS policy execution successful.

2024-04-11 20:54:06.435 +05:30  INF  Executed DbCommand (229ms) [Parameters=[@__id_0='?' (DbType = Int64)], CommandType='"Text"', CommandTimeout='30']
SELECT `u`.`Id`, `u`.`About_Me`, `u`.`Account_Type`, `u`.`Address`, `u`.`Available_Days`, `u`.`Bn_Name`, `u`.`City`, `u`.`Country`, `u`.`Created_At`, `u`.`Currency`, `u`.`Degree`, `u`.`Email`, `u`.`Email_Verified`, `u`.`Enable_Appointment`, `u`.`Enable_Rating`, `u`.`Exp_Years`, `u`.`Facebook`, `u`.`Google_Analytics`, `u`.`Image`, `u`.`Instagram`, `u`.`Linkedin`, `u`.`Name`, `u`.`Parent_Id`, `u`.`Password`, `u`.`Paypal_Email`, `u`.`Paypal_Mode`, `u`.`Paypal_Payment`, `u`.`Paystack_Payment`, `u`.`Paystack_Public_Key`, `u`.`Paystack_Secret_Key`, `u`.`Phone`, `u`.`Publish_Key`, `u`.`Qr_Code`, `u`.`Razorpay_Key_Id`, `u`.`Razorpay_Key_Secret`, `u`.`Razorpay_Payment`, `u`.`Role`, `u`.`Secret_Key`, `u`.`Skype`, `u`.`Slug`, `u`.`Specialist`, `u`.`Status`, `u`.`Stripe_Payment`, `u`.`Thumb`, `u`.`Trial_Expire`, `u`.`Twitter`, `u`.`User_Name`, `u`.`User_Type`, `u`.`Verify_Code`, `u`.`Whatsapp`
FROM `Users` AS `u`
WHERE `u`.`Id` = @__id_0
LIMIT 1

2024-04-11 20:54:06.435 +05:30  INF  Executing endpoint 'DCRM.Api.Controllers.DrugController.UpdateMaster (DCRM.Api)'

2024-04-11 20:54:06.437 +05:30  INF  Route matched with {action = "UpdateMaster", controller = "Drug"}. Executing controller action with signature Microsoft.AspNetCore.Mvc.IActionResult UpdateMaster(DCRM.Common.Entities.MasterData) on controller DCRM.Api.Controllers.DrugController (DCRM.Api).

2024-04-11 20:54:28.360 +05:30  INF  Executed DbCommand (239ms) [Parameters=[@p7='?' (DbType = Int32), @p0='?' (Size = 4000), @p1='?' (Size = 4000), @p2='?' (DbType = DateTime), @p3='?' (Size = 4000), @p4='?' (DbType = Int32), @p5='?' (DbType = Int32), @p6='?' (DbType = DateTime)], CommandType='"Text"', CommandTimeout='30']
UPDATE `Master_Data` SET `Basic_Salt` = @p0, `Company_Name` = @p1, `Created_At` = @p2, `Name` = @p3, `ParentId` = @p4, `TypeId` = @p5, `Updated_At` = @p6
WHERE `Id` = @p7;

2024-04-11 20:54:28.361 +05:30  INF  Executing OkObjectResult, writing value of type 'DCRM.Common.Entities.MasterData'.

2024-04-11 20:54:28.364 +05:30  INF  Executed action DCRM.Api.Controllers.DrugController.UpdateMaster (DCRM.Api) in 21927.5022ms

2024-04-11 20:54:28.365 +05:30  INF  Executed endpoint 'DCRM.Api.Controllers.DrugController.UpdateMaster (DCRM.Api)'

2024-04-11 20:54:28.365 +05:30  INF  Request finished HTTP/2 POST https://localhost:7069/api/Drug/master/update application/json 72 - 200 - application/json;+charset=utf-8 22619.6527ms

2024-04-11 20:54:33.346 +05:30  INF  Request starting HTTP/2 OPTIONS https://localhost:7069/api/Drug/master/getall - -

2024-04-11 20:54:33.346 +05:30  INF  CORS policy execution successful.

2024-04-11 20:54:33.346 +05:30  INF  Request finished HTTP/2 OPTIONS https://localhost:7069/api/Drug/master/getall - - - 204 - - 0.3381ms

2024-04-11 20:54:33.349 +05:30  INF  Request starting HTTP/2 GET https://localhost:7069/api/Drug/master/getall application/json -

2024-04-11 20:54:33.349 +05:30  INF  CORS policy execution successful.

2024-04-11 20:54:34.046 +05:30  INF  Executed DbCommand (230ms) [Parameters=[@__id_0='?' (DbType = Int64)], CommandType='"Text"', CommandTimeout='30']
SELECT `u`.`Id`, `u`.`About_Me`, `u`.`Account_Type`, `u`.`Address`, `u`.`Available_Days`, `u`.`Bn_Name`, `u`.`City`, `u`.`Country`, `u`.`Created_At`, `u`.`Currency`, `u`.`Degree`, `u`.`Email`, `u`.`Email_Verified`, `u`.`Enable_Appointment`, `u`.`Enable_Rating`, `u`.`Exp_Years`, `u`.`Facebook`, `u`.`Google_Analytics`, `u`.`Image`, `u`.`Instagram`, `u`.`Linkedin`, `u`.`Name`, `u`.`Parent_Id`, `u`.`Password`, `u`.`Paypal_Email`, `u`.`Paypal_Mode`, `u`.`Paypal_Payment`, `u`.`Paystack_Payment`, `u`.`Paystack_Public_Key`, `u`.`Paystack_Secret_Key`, `u`.`Phone`, `u`.`Publish_Key`, `u`.`Qr_Code`, `u`.`Razorpay_Key_Id`, `u`.`Razorpay_Key_Secret`, `u`.`Razorpay_Payment`, `u`.`Role`, `u`.`Secret_Key`, `u`.`Skype`, `u`.`Slug`, `u`.`Specialist`, `u`.`Status`, `u`.`Stripe_Payment`, `u`.`Thumb`, `u`.`Trial_Expire`, `u`.`Twitter`, `u`.`User_Name`, `u`.`User_Type`, `u`.`Verify_Code`, `u`.`Whatsapp`
FROM `Users` AS `u`
WHERE `u`.`Id` = @__id_0
LIMIT 1

2024-04-11 20:54:34.046 +05:30  INF  Executing endpoint 'DCRM.Api.Controllers.DrugController.GetAllMaster (DCRM.Api)'

2024-04-11 20:54:34.046 +05:30  INF  Route matched with {action = "GetAllMaster", controller = "Drug"}. Executing controller action with signature System.Collections.Generic.List`1[DCRM.Common.Dto.MasterDataDto] GetAllMaster() on controller DCRM.Api.Controllers.DrugController (DCRM.Api).

2024-04-11 20:54:34.730 +05:30  INF  Executed DbCommand (228ms) [Parameters=[], CommandType='"Text"', CommandTimeout='30']
SELECT `m`.`Id`, `m`.`Basic_Salt`, `m`.`Company_Name`, `m`.`Created_At`, `m`.`Name`, `m`.`ParentId`, `m`.`TypeId`, `m`.`Updated_At`
FROM `Master_Data` AS `m`

2024-04-11 20:54:35.416 +05:30  INF  Executed DbCommand (229ms) [Parameters=[], CommandType='"Text"', CommandTimeout='30']
SELECT `m`.`Id`, `m`.`Name`
FROM `Master_Type` AS `m`

2024-04-11 20:54:35.416 +05:30  INF  Executing ObjectResult, writing value of type 'System.Collections.Generic.List`1[[DCRM.Common.Dto.MasterDataDto, DCRM.Common, Version=1.0.0.0, Culture=neutral, PublicKeyToken=null]]'.

2024-04-11 20:54:35.416 +05:30  INF  Executed action DCRM.Api.Controllers.DrugController.GetAllMaster (DCRM.Api) in 1370.2676ms

2024-04-11 20:54:35.416 +05:30  INF  Executed endpoint 'DCRM.Api.Controllers.DrugController.GetAllMaster (DCRM.Api)'

2024-04-11 20:54:35.416 +05:30  INF  Request finished HTTP/2 GET https://localhost:7069/api/Drug/master/getall application/json - - 200 - application/json;+charset=utf-8 2067.0340ms

2024-04-11 20:54:39.758 +05:30  INF  Request starting HTTP/2 OPTIONS https://localhost:7069/api/Drug/master/type/getall - -

2024-04-11 20:54:39.758 +05:30  INF  CORS policy execution successful.

2024-04-11 20:54:39.758 +05:30  INF  Request finished HTTP/2 OPTIONS https://localhost:7069/api/Drug/master/type/getall - - - 204 - - 0.6054ms

2024-04-11 20:54:39.759 +05:30  INF  Request starting HTTP/2 OPTIONS https://localhost:7069/api/Drug/master/get/2 - -

2024-04-11 20:54:39.760 +05:30  INF  CORS policy execution successful.

2024-04-11 20:54:39.760 +05:30  INF  Request finished HTTP/2 OPTIONS https://localhost:7069/api/Drug/master/get/2 - - - 204 - - 0.5013ms

2024-04-11 20:54:39.761 +05:30  INF  Request starting HTTP/2 GET https://localhost:7069/api/Drug/master/type/getall application/json -

2024-04-11 20:54:39.761 +05:30  INF  CORS policy execution successful.

2024-04-11 20:54:39.762 +05:30  INF  Request starting HTTP/2 GET https://localhost:7069/api/Drug/master/get/2 application/json -

2024-04-11 20:54:39.762 +05:30  INF  CORS policy execution successful.

2024-04-11 20:54:40.451 +05:30  INF  Executed DbCommand (230ms) [Parameters=[@__id_0='?' (DbType = Int64)], CommandType='"Text"', CommandTimeout='30']
SELECT `u`.`Id`, `u`.`About_Me`, `u`.`Account_Type`, `u`.`Address`, `u`.`Available_Days`, `u`.`Bn_Name`, `u`.`City`, `u`.`Country`, `u`.`Created_At`, `u`.`Currency`, `u`.`Degree`, `u`.`Email`, `u`.`Email_Verified`, `u`.`Enable_Appointment`, `u`.`Enable_Rating`, `u`.`Exp_Years`, `u`.`Facebook`, `u`.`Google_Analytics`, `u`.`Image`, `u`.`Instagram`, `u`.`Linkedin`, `u`.`Name`, `u`.`Parent_Id`, `u`.`Password`, `u`.`Paypal_Email`, `u`.`Paypal_Mode`, `u`.`Paypal_Payment`, `u`.`Paystack_Payment`, `u`.`Paystack_Public_Key`, `u`.`Paystack_Secret_Key`, `u`.`Phone`, `u`.`Publish_Key`, `u`.`Qr_Code`, `u`.`Razorpay_Key_Id`, `u`.`Razorpay_Key_Secret`, `u`.`Razorpay_Payment`, `u`.`Role`, `u`.`Secret_Key`, `u`.`Skype`, `u`.`Slug`, `u`.`Specialist`, `u`.`Status`, `u`.`Stripe_Payment`, `u`.`Thumb`, `u`.`Trial_Expire`, `u`.`Twitter`, `u`.`User_Name`, `u`.`User_Type`, `u`.`Verify_Code`, `u`.`Whatsapp`
FROM `Users` AS `u`
WHERE `u`.`Id` = @__id_0
LIMIT 1

2024-04-11 20:54:40.451 +05:30  INF  Executing endpoint 'DCRM.Api.Controllers.DrugController.GetAllMasterType (DCRM.Api)'

2024-04-11 20:54:40.451 +05:30  INF  Route matched with {action = "GetAllMasterType", controller = "Drug"}. Executing controller action with signature System.Collections.Generic.List`1[DCRM.Common.Entities.MasterType] GetAllMasterType() on controller DCRM.Api.Controllers.DrugController (DCRM.Api).

2024-04-11 20:54:40.455 +05:30  INF  Executed DbCommand (231ms) [Parameters=[@__id_0='?' (DbType = Int64)], CommandType='"Text"', CommandTimeout='30']
SELECT `u`.`Id`, `u`.`About_Me`, `u`.`Account_Type`, `u`.`Address`, `u`.`Available_Days`, `u`.`Bn_Name`, `u`.`City`, `u`.`Country`, `u`.`Created_At`, `u`.`Currency`, `u`.`Degree`, `u`.`Email`, `u`.`Email_Verified`, `u`.`Enable_Appointment`, `u`.`Enable_Rating`, `u`.`Exp_Years`, `u`.`Facebook`, `u`.`Google_Analytics`, `u`.`Image`, `u`.`Instagram`, `u`.`Linkedin`, `u`.`Name`, `u`.`Parent_Id`, `u`.`Password`, `u`.`Paypal_Email`, `u`.`Paypal_Mode`, `u`.`Paypal_Payment`, `u`.`Paystack_Payment`, `u`.`Paystack_Public_Key`, `u`.`Paystack_Secret_Key`, `u`.`Phone`, `u`.`Publish_Key`, `u`.`Qr_Code`, `u`.`Razorpay_Key_Id`, `u`.`Razorpay_Key_Secret`, `u`.`Razorpay_Payment`, `u`.`Role`, `u`.`Secret_Key`, `u`.`Skype`, `u`.`Slug`, `u`.`Specialist`, `u`.`Status`, `u`.`Stripe_Payment`, `u`.`Thumb`, `u`.`Trial_Expire`, `u`.`Twitter`, `u`.`User_Name`, `u`.`User_Type`, `u`.`Verify_Code`, `u`.`Whatsapp`
FROM `Users` AS `u`
WHERE `u`.`Id` = @__id_0
LIMIT 1

2024-04-11 20:54:40.455 +05:30  INF  Executing endpoint 'DCRM.Api.Controllers.DrugController.GetMaster (DCRM.Api)'

2024-04-11 20:54:40.456 +05:30  INF  Route matched with {action = "GetMaster", controller = "Drug"}. Executing controller action with signature DCRM.Common.Dto.MasterDataDto GetMaster(Int32) on controller DCRM.Api.Controllers.DrugController (DCRM.Api).

2024-04-11 20:54:41.136 +05:30  INF  Executed DbCommand (230ms) [Parameters=[], CommandType='"Text"', CommandTimeout='30']
SELECT `m`.`Id`, `m`.`Name`
FROM `Master_Type` AS `m`

2024-04-11 20:54:41.136 +05:30  INF  Executing ObjectResult, writing value of type 'System.Collections.Generic.List`1[[DCRM.Common.Entities.MasterType, DCRM.Common, Version=1.0.0.0, Culture=neutral, PublicKeyToken=null]]'.

2024-04-11 20:54:41.136 +05:30  INF  Executed action DCRM.Api.Controllers.DrugController.GetAllMasterType (DCRM.Api) in 685.6632ms

2024-04-11 20:54:41.136 +05:30  INF  Executed endpoint 'DCRM.Api.Controllers.DrugController.GetAllMasterType (DCRM.Api)'

2024-04-11 20:54:41.137 +05:30  INF  Request finished HTTP/2 GET https://localhost:7069/api/Drug/master/type/getall application/json - - 200 - application/json;+charset=utf-8 1375.5571ms

2024-04-11 20:54:41.147 +05:30  INF  Executed DbCommand (233ms) [Parameters=[], CommandType='"Text"', CommandTimeout='30']
SELECT `m`.`Id`, `m`.`Basic_Salt`, `m`.`Company_Name`, `m`.`Created_At`, `m`.`Name`, `m`.`ParentId`, `m`.`TypeId`, `m`.`Updated_At`
FROM `Master_Data` AS `m`

2024-04-11 20:54:41.846 +05:30  INF  Executed DbCommand (234ms) [Parameters=[], CommandType='"Text"', CommandTimeout='30']
SELECT `m`.`Id`, `m`.`Name`
FROM `Master_Type` AS `m`

2024-04-11 20:54:41.846 +05:30  INF  Executing ObjectResult, writing value of type 'DCRM.Common.Dto.MasterDataDto'.

2024-04-11 20:54:41.846 +05:30  INF  Executed action DCRM.Api.Controllers.DrugController.GetMaster (DCRM.Api) in 1390.869ms

2024-04-11 20:54:41.847 +05:30  INF  Executed endpoint 'DCRM.Api.Controllers.DrugController.GetMaster (DCRM.Api)'

2024-04-11 20:54:41.847 +05:30  INF  Request finished HTTP/2 GET https://localhost:7069/api/Drug/master/get/2 application/json - - 200 - application/json;+charset=utf-8 2084.4388ms

2024-04-11 20:54:50.362 +05:30  INF  Request starting HTTP/2 OPTIONS https://localhost:7069/api/Drug/master/update - -

2024-04-11 20:54:50.362 +05:30  INF  CORS policy execution successful.

2024-04-11 20:54:50.363 +05:30  INF  Request finished HTTP/2 OPTIONS https://localhost:7069/api/Drug/master/update - - - 204 - - 0.3453ms

2024-04-11 20:54:50.365 +05:30  INF  Request starting HTTP/2 POST https://localhost:7069/api/Drug/master/update application/json 70

2024-04-11 20:54:50.365 +05:30  INF  CORS policy execution successful.

2024-04-11 20:54:51.064 +05:30  INF  Executed DbCommand (234ms) [Parameters=[@__id_0='?' (DbType = Int64)], CommandType='"Text"', CommandTimeout='30']
SELECT `u`.`Id`, `u`.`About_Me`, `u`.`Account_Type`, `u`.`Address`, `u`.`Available_Days`, `u`.`Bn_Name`, `u`.`City`, `u`.`Country`, `u`.`Created_At`, `u`.`Currency`, `u`.`Degree`, `u`.`Email`, `u`.`Email_Verified`, `u`.`Enable_Appointment`, `u`.`Enable_Rating`, `u`.`Exp_Years`, `u`.`Facebook`, `u`.`Google_Analytics`, `u`.`Image`, `u`.`Instagram`, `u`.`Linkedin`, `u`.`Name`, `u`.`Parent_Id`, `u`.`Password`, `u`.`Paypal_Email`, `u`.`Paypal_Mode`, `u`.`Paypal_Payment`, `u`.`Paystack_Payment`, `u`.`Paystack_Public_Key`, `u`.`Paystack_Secret_Key`, `u`.`Phone`, `u`.`Publish_Key`, `u`.`Qr_Code`, `u`.`Razorpay_Key_Id`, `u`.`Razorpay_Key_Secret`, `u`.`Razorpay_Payment`, `u`.`Role`, `u`.`Secret_Key`, `u`.`Skype`, `u`.`Slug`, `u`.`Specialist`, `u`.`Status`, `u`.`Stripe_Payment`, `u`.`Thumb`, `u`.`Trial_Expire`, `u`.`Twitter`, `u`.`User_Name`, `u`.`User_Type`, `u`.`Verify_Code`, `u`.`Whatsapp`
FROM `Users` AS `u`
WHERE `u`.`Id` = @__id_0
LIMIT 1

2024-04-11 20:54:51.064 +05:30  INF  Executing endpoint 'DCRM.Api.Controllers.DrugController.UpdateMaster (DCRM.Api)'

2024-04-11 20:54:51.065 +05:30  INF  Route matched with {action = "UpdateMaster", controller = "Drug"}. Executing controller action with signature Microsoft.AspNetCore.Mvc.IActionResult UpdateMaster(DCRM.Common.Entities.MasterData) on controller DCRM.Api.Controllers.DrugController (DCRM.Api).

2024-04-11 20:54:54.716 +05:30  INF  Executed DbCommand (238ms) [Parameters=[@p7='?' (DbType = Int32), @p0='?' (Size = 4000), @p1='?' (Size = 4000), @p2='?' (DbType = DateTime), @p3='?' (Size = 4000), @p4='?' (DbType = Int32), @p5='?' (DbType = Int32), @p6='?' (DbType = DateTime)], CommandType='"Text"', CommandTimeout='30']
UPDATE `Master_Data` SET `Basic_Salt` = @p0, `Company_Name` = @p1, `Created_At` = @p2, `Name` = @p3, `ParentId` = @p4, `TypeId` = @p5, `Updated_At` = @p6
WHERE `Id` = @p7;

2024-04-11 20:54:54.717 +05:30  INF  Executing OkObjectResult, writing value of type 'DCRM.Common.Entities.MasterData'.

2024-04-11 20:54:54.717 +05:30  INF  Executed action DCRM.Api.Controllers.DrugController.UpdateMaster (DCRM.Api) in 3652.3634ms

2024-04-11 20:54:54.717 +05:30  INF  Executed endpoint 'DCRM.Api.Controllers.DrugController.UpdateMaster (DCRM.Api)'

2024-04-11 20:54:54.717 +05:30  INF  Request finished HTTP/2 POST https://localhost:7069/api/Drug/master/update application/json 70 - 200 - application/json;+charset=utf-8 4352.4346ms

2024-04-11 20:55:05.962 +05:30  INF  Request starting HTTP/2 OPTIONS https://localhost:7069/api/Drug/master/getall - -

2024-04-11 20:55:05.962 +05:30  INF  CORS policy execution successful.

2024-04-11 20:55:05.962 +05:30  INF  Request finished HTTP/2 OPTIONS https://localhost:7069/api/Drug/master/getall - - - 204 - - 0.2799ms

2024-04-11 20:55:05.971 +05:30  INF  Request starting HTTP/2 GET https://localhost:7069/api/Drug/master/getall application/json -

2024-04-11 20:55:05.971 +05:30  INF  CORS policy execution successful.

2024-04-11 20:55:06.673 +05:30  INF  Executed DbCommand (234ms) [Parameters=[@__id_0='?' (DbType = Int64)], CommandType='"Text"', CommandTimeout='30']
SELECT `u`.`Id`, `u`.`About_Me`, `u`.`Account_Type`, `u`.`Address`, `u`.`Available_Days`, `u`.`Bn_Name`, `u`.`City`, `u`.`Country`, `u`.`Created_At`, `u`.`Currency`, `u`.`Degree`, `u`.`Email`, `u`.`Email_Verified`, `u`.`Enable_Appointment`, `u`.`Enable_Rating`, `u`.`Exp_Years`, `u`.`Facebook`, `u`.`Google_Analytics`, `u`.`Image`, `u`.`Instagram`, `u`.`Linkedin`, `u`.`Name`, `u`.`Parent_Id`, `u`.`Password`, `u`.`Paypal_Email`, `u`.`Paypal_Mode`, `u`.`Paypal_Payment`, `u`.`Paystack_Payment`, `u`.`Paystack_Public_Key`, `u`.`Paystack_Secret_Key`, `u`.`Phone`, `u`.`Publish_Key`, `u`.`Qr_Code`, `u`.`Razorpay_Key_Id`, `u`.`Razorpay_Key_Secret`, `u`.`Razorpay_Payment`, `u`.`Role`, `u`.`Secret_Key`, `u`.`Skype`, `u`.`Slug`, `u`.`Specialist`, `u`.`Status`, `u`.`Stripe_Payment`, `u`.`Thumb`, `u`.`Trial_Expire`, `u`.`Twitter`, `u`.`User_Name`, `u`.`User_Type`, `u`.`Verify_Code`, `u`.`Whatsapp`
FROM `Users` AS `u`
WHERE `u`.`Id` = @__id_0
LIMIT 1

2024-04-11 20:55:06.673 +05:30  INF  Executing endpoint 'DCRM.Api.Controllers.DrugController.GetAllMaster (DCRM.Api)'

2024-04-11 20:55:06.673 +05:30  INF  Route matched with {action = "GetAllMaster", controller = "Drug"}. Executing controller action with signature System.Collections.Generic.List`1[DCRM.Common.Dto.MasterDataDto] GetAllMaster() on controller DCRM.Api.Controllers.DrugController (DCRM.Api).

2024-04-11 20:55:07.379 +05:30  INF  Executed DbCommand (234ms) [Parameters=[], CommandType='"Text"', CommandTimeout='30']
SELECT `m`.`Id`, `m`.`Basic_Salt`, `m`.`Company_Name`, `m`.`Created_At`, `m`.`Name`, `m`.`ParentId`, `m`.`TypeId`, `m`.`Updated_At`
FROM `Master_Data` AS `m`

2024-04-11 20:55:08.080 +05:30  INF  Executed DbCommand (233ms) [Parameters=[], CommandType='"Text"', CommandTimeout='30']
SELECT `m`.`Id`, `m`.`Name`
FROM `Master_Type` AS `m`

2024-04-11 20:55:08.080 +05:30  INF  Executing ObjectResult, writing value of type 'System.Collections.Generic.List`1[[DCRM.Common.Dto.MasterDataDto, DCRM.Common, Version=1.0.0.0, Culture=neutral, PublicKeyToken=null]]'.

2024-04-11 20:55:08.080 +05:30  INF  Executed action DCRM.Api.Controllers.DrugController.GetAllMaster (DCRM.Api) in 1406.7235ms

2024-04-11 20:55:08.080 +05:30  INF  Executed endpoint 'DCRM.Api.Controllers.DrugController.GetAllMaster (DCRM.Api)'

2024-04-11 20:55:08.080 +05:30  INF  Request finished HTTP/2 GET https://localhost:7069/api/Drug/master/getall application/json - - 200 - application/json;+charset=utf-8 2109.4746ms

2024-04-11 20:56:36.427 +05:30  INF  Request starting HTTP/2 OPTIONS https://localhost:7069/api/Drug/GateAll - -

2024-04-11 20:56:36.427 +05:30  INF  CORS policy execution successful.

2024-04-11 20:56:36.434 +05:30  INF  Request finished HTTP/2 OPTIONS https://localhost:7069/api/Drug/GateAll - - - 204 - - 6.9858ms

2024-04-11 20:56:36.443 +05:30  INF  Request starting HTTP/2 GET https://localhost:7069/api/Drug/GateAll application/json -

2024-04-11 20:56:36.444 +05:30  INF  CORS policy execution successful.

2024-04-11 20:56:37.147 +05:30  INF  Executed DbCommand (234ms) [Parameters=[@__id_0='?' (DbType = Int64)], CommandType='"Text"', CommandTimeout='30']
SELECT `u`.`Id`, `u`.`About_Me`, `u`.`Account_Type`, `u`.`Address`, `u`.`Available_Days`, `u`.`Bn_Name`, `u`.`City`, `u`.`Country`, `u`.`Created_At`, `u`.`Currency`, `u`.`Degree`, `u`.`Email`, `u`.`Email_Verified`, `u`.`Enable_Appointment`, `u`.`Enable_Rating`, `u`.`Exp_Years`, `u`.`Facebook`, `u`.`Google_Analytics`, `u`.`Image`, `u`.`Instagram`, `u`.`Linkedin`, `u`.`Name`, `u`.`Parent_Id`, `u`.`Password`, `u`.`Paypal_Email`, `u`.`Paypal_Mode`, `u`.`Paypal_Payment`, `u`.`Paystack_Payment`, `u`.`Paystack_Public_Key`, `u`.`Paystack_Secret_Key`, `u`.`Phone`, `u`.`Publish_Key`, `u`.`Qr_Code`, `u`.`Razorpay_Key_Id`, `u`.`Razorpay_Key_Secret`, `u`.`Razorpay_Payment`, `u`.`Role`, `u`.`Secret_Key`, `u`.`Skype`, `u`.`Slug`, `u`.`Specialist`, `u`.`Status`, `u`.`Stripe_Payment`, `u`.`Thumb`, `u`.`Trial_Expire`, `u`.`Twitter`, `u`.`User_Name`, `u`.`User_Type`, `u`.`Verify_Code`, `u`.`Whatsapp`
FROM `Users` AS `u`
WHERE `u`.`Id` = @__id_0
LIMIT 1

2024-04-11 20:56:37.148 +05:30  INF  Executing endpoint 'DCRM.Api.Controllers.DrugController.GetAll (DCRM.Api)'

2024-04-11 20:56:37.148 +05:30  INF  Route matched with {action = "GetAll", controller = "Drug"}. Executing controller action with signature System.Collections.Generic.IEnumerable`1[DCRM.Common.Entity.Drug] GetAll() on controller DCRM.Api.Controllers.DrugController (DCRM.Api).

2024-04-11 20:56:37.151 +05:30  INF  Executing ObjectResult, writing value of type 'Microsoft.EntityFrameworkCore.Query.Internal.EntityQueryable`1[[DCRM.Common.Entity.Drug, DCRM.Common, Version=1.0.0.0, Culture=neutral, PublicKeyToken=null]]'.

2024-04-11 20:56:41.461 +05:30  INF  Executed DbCommand (3,760ms) [Parameters=[@__p_0='?' (DbType = Int64)], CommandType='"Text"', CommandTimeout='30']
SELECT `d`.`Id`, `d`.`Bactrology`, `d`.`Basic_Salt`, `d`.`Created_At`, `d`.`Description`, `d`.`Details`, `d`.`Dosage`, `d`.`Dose_No`, `d`.`Form`, `d`.`Is_Delete`, `d`.`Medicine_Brand_Id`, `d`.`Medicine_Category_Id`, `d`.`Medicine_Company`, `d`.`Medicine_Composition`, `d`.`Medicine_Group`, `d`.`Medicine_Image`, `d`.`Medicine_Name`, `d`.`Medicine_Type`, `d`.`Min_Level`, `d`.`Note`, `d`.`Reorder_Level`, `d`.`Safety_Alerts`, `d`.`Status`, `d`.`Supplier`, `d`.`Unit`, `d`.`Unit_Packing`, `d`.`Updated_At`, `d`.`User_Id`, `d`.`Vat`, `d`.`Vat_Ac`
FROM `Drugs` AS `d`
WHERE (`d`.`User_Id` = @__p_0) AND (`d`.`Is_Delete` = 0)
ORDER BY `d`.`Id` DESC

2024-04-11 20:56:42.854 +05:30  INF  Executed action DCRM.Api.Controllers.DrugController.GetAll (DCRM.Api) in 5705.1691ms

2024-04-11 20:56:42.854 +05:30  INF  Executed endpoint 'DCRM.Api.Controllers.DrugController.GetAll (DCRM.Api)'

2024-04-11 20:56:42.856 +05:30  INF  Request finished HTTP/2 GET https://localhost:7069/api/Drug/GateAll application/json - - 200 - application/json;+charset=utf-8 6413.0466ms

2024-04-11 20:56:46.245 +05:30  INF  Request starting HTTP/2 OPTIONS https://localhost:7069/api/Drug/Get/0 - -

2024-04-11 20:56:46.246 +05:30  INF  Request starting HTTP/2 GET https://localhost:7069/api/Drug/GetMedicineBrands - -

2024-04-11 20:56:46.246 +05:30  INF  Request starting HTTP/2 GET https://localhost:7069/api/Drug/GetMedicineCategoris - -

2024-04-11 20:56:46.246 +05:30  INF  CORS policy execution successful.

2024-04-11 20:56:46.246 +05:30  INF  CORS policy execution successful.

2024-04-11 20:56:46.246 +05:30  INF  CORS policy execution successful.

2024-04-11 20:56:46.246 +05:30  INF  Request finished HTTP/2 OPTIONS https://localhost:7069/api/Drug/Get/0 - - - 204 - - 0.9279ms

2024-04-11 20:56:46.247 +05:30  INF  Executing endpoint 'DCRM.Api.Controllers.DrugController.GetMedicineBrands (DCRM.Api)'

2024-04-11 20:56:46.247 +05:30  INF  Executing endpoint 'DCRM.Api.Controllers.DrugController.GetMedicineCategoris (DCRM.Api)'

2024-04-11 20:56:46.248 +05:30  INF  Route matched with {action = "GetMedicineBrands", controller = "Drug"}. Executing controller action with signature System.Collections.Generic.List`1[DCRM.Common.Entity.MedicineBrand] GetMedicineBrands() on controller DCRM.Api.Controllers.DrugController (DCRM.Api).

2024-04-11 20:56:46.248 +05:30  INF  Route matched with {action = "GetMedicineCategoris", controller = "Drug"}. Executing controller action with signature System.Collections.Generic.List`1[DCRM.Common.Entity.MedicineCategory] GetMedicineCategoris() on controller DCRM.Api.Controllers.DrugController (DCRM.Api).

2024-04-11 20:56:46.249 +05:30  INF  Request starting HTTP/2 GET https://localhost:7069/api/Drug/Get/0 application/json -

2024-04-11 20:56:46.249 +05:30  INF  CORS policy execution successful.

2024-04-11 20:56:46.940 +05:30  INF  Executed DbCommand (230ms) [Parameters=[], CommandType='"Text"', CommandTimeout='30']
SELECT `m`.`Id`, `m`.`Basic_Salt`, `m`.`Company_Name`, `m`.`Created_At`, `m`.`Name`, `m`.`ParentId`, `m`.`TypeId`, `m`.`Updated_At`
FROM `Master_Data` AS `m`
WHERE `m`.`TypeId` = 2

2024-04-11 20:56:46.944 +05:30  INF  Executed DbCommand (232ms) [Parameters=[@__id_0='?' (DbType = Int64)], CommandType='"Text"', CommandTimeout='30']
SELECT `u`.`Id`, `u`.`About_Me`, `u`.`Account_Type`, `u`.`Address`, `u`.`Available_Days`, `u`.`Bn_Name`, `u`.`City`, `u`.`Country`, `u`.`Created_At`, `u`.`Currency`, `u`.`Degree`, `u`.`Email`, `u`.`Email_Verified`, `u`.`Enable_Appointment`, `u`.`Enable_Rating`, `u`.`Exp_Years`, `u`.`Facebook`, `u`.`Google_Analytics`, `u`.`Image`, `u`.`Instagram`, `u`.`Linkedin`, `u`.`Name`, `u`.`Parent_Id`, `u`.`Password`, `u`.`Paypal_Email`, `u`.`Paypal_Mode`, `u`.`Paypal_Payment`, `u`.`Paystack_Payment`, `u`.`Paystack_Public_Key`, `u`.`Paystack_Secret_Key`, `u`.`Phone`, `u`.`Publish_Key`, `u`.`Qr_Code`, `u`.`Razorpay_Key_Id`, `u`.`Razorpay_Key_Secret`, `u`.`Razorpay_Payment`, `u`.`Role`, `u`.`Secret_Key`, `u`.`Skype`, `u`.`Slug`, `u`.`Specialist`, `u`.`Status`, `u`.`Stripe_Payment`, `u`.`Thumb`, `u`.`Trial_Expire`, `u`.`Twitter`, `u`.`User_Name`, `u`.`User_Type`, `u`.`Verify_Code`, `u`.`Whatsapp`
FROM `Users` AS `u`
WHERE `u`.`Id` = @__id_0
LIMIT 1

2024-04-11 20:56:46.945 +05:30  INF  Executing endpoint 'DCRM.Api.Controllers.DrugController.Get (DCRM.Api)'

2024-04-11 20:56:46.946 +05:30  INF  Route matched with {action = "Get", controller = "Drug"}. Executing controller action with signature DCRM.Common.Entity.Drug Get(Int32) on controller DCRM.Api.Controllers.DrugController (DCRM.Api).

2024-04-11 20:56:47.630 +05:30  INF  Executed DbCommand (230ms) [Parameters=[], CommandType='"Text"', CommandTimeout='30']
SELECT `m`.`Id`, `m`.`Name`
FROM `Master_Type` AS `m`

2024-04-11 20:56:47.631 +05:30  INF  Executing ObjectResult, writing value of type 'System.Collections.Generic.List`1[[DCRM.Common.Entity.MedicineCategory, DCRM.Common, Version=1.0.0.0, Culture=neutral, PublicKeyToken=null]]'.

2024-04-11 20:56:47.633 +05:30  INF  Executed action DCRM.Api.Controllers.DrugController.GetMedicineCategoris (DCRM.Api) in 1384.7232ms

2024-04-11 20:56:47.633 +05:30  INF  Executed endpoint 'DCRM.Api.Controllers.DrugController.GetMedicineCategoris (DCRM.Api)'

2024-04-11 20:56:47.633 +05:30  INF  Request finished HTTP/2 GET https://localhost:7069/api/Drug/GetMedicineCategoris - - - 200 - application/json;+charset=utf-8 1387.1264ms

2024-04-11 20:56:47.653 +05:30  INF  Executed DbCommand (233ms) [Parameters=[@__id_0='?' (DbType = Int32)], CommandType='"Text"', CommandTimeout='30']
SELECT `d`.`Id`, `d`.`Bactrology`, `d`.`Basic_Salt`, `d`.`Created_At`, `d`.`Description`, `d`.`Details`, `d`.`Dosage`, `d`.`Dose_No`, `d`.`Form`, `d`.`Is_Delete`, `d`.`Medicine_Brand_Id`, `d`.`Medicine_Category_Id`, `d`.`Medicine_Company`, `d`.`Medicine_Composition`, `d`.`Medicine_Group`, `d`.`Medicine_Image`, `d`.`Medicine_Name`, `d`.`Medicine_Type`, `d`.`Min_Level`, `d`.`Note`, `d`.`Reorder_Level`, `d`.`Safety_Alerts`, `d`.`Status`, `d`.`Supplier`, `d`.`Unit`, `d`.`Unit_Packing`, `d`.`Updated_At`, `d`.`User_Id`, `d`.`Vat`, `d`.`Vat_Ac`
FROM `Drugs` AS `d`
WHERE `d`.`Id` = @__id_0
LIMIT 1

2024-04-11 20:56:47.653 +05:30  INF  Executing ObjectResult, writing value of type 'null'.

2024-04-11 20:56:47.653 +05:30  INF  Executed action DCRM.Api.Controllers.DrugController.Get (DCRM.Api) in 706.9065ms

2024-04-11 20:56:47.653 +05:30  INF  Executed endpoint 'DCRM.Api.Controllers.DrugController.Get (DCRM.Api)'

2024-04-11 20:56:47.654 +05:30  INF  Request finished HTTP/2 GET https://localhost:7069/api/Drug/Get/0 application/json - - 204 0 - 1404.8953ms

2024-04-11 20:56:49.508 +05:30  INF  Executed DbCommand (231ms) [Parameters=[], CommandType='"Text"', CommandTimeout='30']
SELECT `m`.`Id`, `m`.`Basic_Salt`, `m`.`Company_Name`, `m`.`Created_At`, `m`.`Name`, `m`.`ParentId`, `m`.`TypeId`, `m`.`Updated_At`
FROM `Master_Data` AS `m`
WHERE `m`.`TypeId` = 1

2024-04-11 20:56:50.202 +05:30  INF  Executed DbCommand (236ms) [Parameters=[], CommandType='"Text"', CommandTimeout='30']
SELECT `m`.`Id`, `m`.`Name`
FROM `Master_Type` AS `m`

2024-04-11 20:56:50.203 +05:30  INF  Executing ObjectResult, writing value of type 'System.Collections.Generic.List`1[[DCRM.Common.Entity.MedicineBrand, DCRM.Common, Version=1.0.0.0, Culture=neutral, PublicKeyToken=null]]'.

2024-04-11 20:56:50.206 +05:30  INF  Executed action DCRM.Api.Controllers.DrugController.GetMedicineBrands (DCRM.Api) in 3957.8054ms

2024-04-11 20:56:50.206 +05:30  INF  Executed endpoint 'DCRM.Api.Controllers.DrugController.GetMedicineBrands (DCRM.Api)'

2024-04-11 20:56:50.206 +05:30  INF  Request finished HTTP/2 GET https://localhost:7069/api/Drug/GetMedicineBrands - - - 200 - application/json;+charset=utf-8 3959.9310ms

