2023-09-17 00:18:40.091 +05:30  INF  Request starting HTTP/2 OPTIONS https://localhost:7069/api/User/Create - -
2023-09-17 00:18:40.315 +05:30  INF  CORS policy execution successful.
2023-09-17 00:18:40.324 +05:30  INF  Request finished HTTP/2 OPTIONS https://localhost:7069/api/User/Create - - - 204 - - 244.2157ms
2023-09-17 00:18:40.332 +05:30  INF  Request starting HTTP/2 POST https://localhost:7069/api/User/Create application/json 115
2023-09-17 00:18:40.346 +05:30  INF  CORS policy execution successful.
2023-09-17 00:18:42.292 +05:30  INF  Executing endpoint 'DCRM.Api.Controllers.UserController.Create (DCRM.Api)'
2023-09-17 00:18:42.435 +05:30  INF  Route matched with {action = "Create", controller = "User"}. Executing controller action with signature System.Threading.Tasks.Task`1[Microsoft.AspNetCore.Mvc.IActionResult] Create(DCRM.Common.RequestModel.UserRequest) on controller DCRM.Api.Controllers.UserController (DCRM.Api).
2023-09-17 00:18:57.154 +05:30  INF  Executing OkObjectResult, writing value of type 'System.String'.
2023-09-17 00:18:57.166 +05:30  INF  Executed action DCRM.Api.Controllers.UserController.Create (DCRM.Api) in 14724.7174ms
2023-09-17 00:18:57.175 +05:30  INF  Executed endpoint 'DCRM.Api.Controllers.UserController.Create (DCRM.Api)'
2023-09-17 00:18:57.192 +05:30  INF  Request finished HTTP/2 POST https://localhost:7069/api/User/Create application/json 115 - 200 - text/plain;+charset=utf-8 16859.9232ms
2023-09-17 00:25:26.435 +05:30  INF  Request starting HTTP/2 OPTIONS https://localhost:7069/api/User/Create - -
2023-09-17 00:25:26.507 +05:30  INF  CORS policy execution successful.
2023-09-17 00:25:26.511 +05:30  INF  Request finished HTTP/2 OPTIONS https://localhost:7069/api/User/Create - - - 204 - - 82.1077ms
2023-09-17 00:25:26.515 +05:30  INF  Request starting HTTP/2 POST https://localhost:7069/api/User/Create application/json 132
2023-09-17 00:25:26.517 +05:30  INF  CORS policy execution successful.
2023-09-17 00:25:26.685 +05:30  INF  Executing endpoint 'DCRM.Api.Controllers.UserController.Create (DCRM.Api)'
2023-09-17 00:25:26.688 +05:30  INF  Route matched with {action = "Create", controller = "User"}. Executing controller action with signature System.Threading.Tasks.Task`1[Microsoft.AspNetCore.Mvc.IActionResult] Create(DCRM.Common.RequestModel.UserRequest) on controller DCRM.Api.Controllers.UserController (DCRM.Api).
2023-09-17 00:25:56.993 +05:30  INF  Executed DbCommand (31ms) [Parameters=[@__user_Email_0='?' (Size = 4000)], CommandType='"Text"', CommandTimeout='30']
SELECT `u`.`Id`, `u`.`About_Me`, `u`.`Account_Type`, `u`.`Address`, `u`.`Available_Days`, `u`.`Bn_Name`, `u`.`City`, `u`.`Country`, `u`.`Created_At`, `u`.`Currency`, `u`.`Degree`, `u`.`Email`, `u`.`Email_Verified`, `u`.`Enable_Appointment`, `u`.`Enable_Rating`, `u`.`Exp_Years`, `u`.`Facebook`, `u`.`Google_Analytics`, `u`.`Image`, `u`.`Instagram`, `u`.`Linkedin`, `u`.`Name`, `u`.`Parent_Id`, `u`.`Password`, `u`.`Paypal_Email`, `u`.`Paypal_Mode`, `u`.`Paypal_Payment`, `u`.`Paystack_Payment`, `u`.`Paystack_Public_Key`, `u`.`Paystack_Secret_Key`, `u`.`Phone`, `u`.`Publish_Key`, `u`.`Qr_Code`, `u`.`Razorpay_Key_Id`, `u`.`Razorpay_Key_Secret`, `u`.`Razorpay_Payment`, `u`.`Role`, `u`.`Secret_Key`, `u`.`Skype`, `u`.`Slug`, `u`.`Specialist`, `u`.`Status`, `u`.`Stripe_Payment`, `u`.`Thumb`, `u`.`Trial_Expire`, `u`.`Twitter`, `u`.`User_Name`, `u`.`User_Type`, `u`.`Verify_Code`, `u`.`Whatsapp`
FROM `Users` AS `u`
WHERE `u`.`Email` = @__user_Email_0
LIMIT 1
2023-09-17 00:26:01.947 +05:30  INF  Executed action DCRM.Api.Controllers.UserController.Create (DCRM.Api) in 35258.891ms
2023-09-17 00:26:01.952 +05:30  INF  Executed endpoint 'DCRM.Api.Controllers.UserController.Create (DCRM.Api)'
2023-09-17 00:26:21.190 +05:30  INF  Request finished HTTP/2 POST https://localhost:7069/api/User/Create application/json 132 - 500 - application/json 54675.4490ms
2023-09-17 00:27:10.223 +05:30  INF  Request starting HTTP/2 OPTIONS https://localhost:7069/api/User/Create - -
2023-09-17 00:27:10.226 +05:30  INF  CORS policy execution successful.
2023-09-17 00:27:10.227 +05:30  INF  Request finished HTTP/2 OPTIONS https://localhost:7069/api/User/Create - - - 204 - - 4.2650ms
2023-09-17 00:27:10.230 +05:30  INF  Request starting HTTP/2 POST https://localhost:7069/api/User/Create application/json 115
2023-09-17 00:27:10.233 +05:30  INF  CORS policy execution successful.
2023-09-17 00:27:10.254 +05:30  INF  Executing endpoint 'DCRM.Api.Controllers.UserController.Create (DCRM.Api)'
2023-09-17 00:27:10.259 +05:30  INF  Route matched with {action = "Create", controller = "User"}. Executing controller action with signature System.Threading.Tasks.Task`1[Microsoft.AspNetCore.Mvc.IActionResult] Create(DCRM.Common.RequestModel.UserRequest) on controller DCRM.Api.Controllers.UserController (DCRM.Api).
2023-09-17 00:27:15.899 +05:30  INF  Executed DbCommand (2ms) [Parameters=[@__user_Email_0='?' (Size = 4000)], CommandType='"Text"', CommandTimeout='30']
SELECT `u`.`Id`, `u`.`About_Me`, `u`.`Account_Type`, `u`.`Address`, `u`.`Available_Days`, `u`.`Bn_Name`, `u`.`City`, `u`.`Country`, `u`.`Created_At`, `u`.`Currency`, `u`.`Degree`, `u`.`Email`, `u`.`Email_Verified`, `u`.`Enable_Appointment`, `u`.`Enable_Rating`, `u`.`Exp_Years`, `u`.`Facebook`, `u`.`Google_Analytics`, `u`.`Image`, `u`.`Instagram`, `u`.`Linkedin`, `u`.`Name`, `u`.`Parent_Id`, `u`.`Password`, `u`.`Paypal_Email`, `u`.`Paypal_Mode`, `u`.`Paypal_Payment`, `u`.`Paystack_Payment`, `u`.`Paystack_Public_Key`, `u`.`Paystack_Secret_Key`, `u`.`Phone`, `u`.`Publish_Key`, `u`.`Qr_Code`, `u`.`Razorpay_Key_Id`, `u`.`Razorpay_Key_Secret`, `u`.`Razorpay_Payment`, `u`.`Role`, `u`.`Secret_Key`, `u`.`Skype`, `u`.`Slug`, `u`.`Specialist`, `u`.`Status`, `u`.`Stripe_Payment`, `u`.`Thumb`, `u`.`Trial_Expire`, `u`.`Twitter`, `u`.`User_Name`, `u`.`User_Type`, `u`.`Verify_Code`, `u`.`Whatsapp`
FROM `Users` AS `u`
WHERE `u`.`Email` = @__user_Email_0
LIMIT 1
2023-09-17 00:27:16.999 +05:30  INF  Executed action DCRM.Api.Controllers.UserController.Create (DCRM.Api) in 6740.1542ms
2023-09-17 00:27:17.002 +05:30  INF  Executed endpoint 'DCRM.Api.Controllers.UserController.Create (DCRM.Api)'
2023-09-17 00:27:18.831 +05:30  INF  Request finished HTTP/2 POST https://localhost:7069/api/User/Create application/json 115 - 500 - application/json 8600.9571ms
2023-09-17 00:28:21.698 +05:30  INF  Request starting HTTP/2 OPTIONS https://localhost:7069/api/User/Create - -
2023-09-17 00:28:21.698 +05:30  INF  CORS policy execution successful.
2023-09-17 00:28:21.699 +05:30  INF  Request finished HTTP/2 OPTIONS https://localhost:7069/api/User/Create - - - 204 - - 1.2201ms
2023-09-17 00:28:21.701 +05:30  INF  Request starting HTTP/2 POST https://localhost:7069/api/User/Create application/json 119
2023-09-17 00:28:21.701 +05:30  INF  CORS policy execution successful.
2023-09-17 00:28:21.702 +05:30  INF  Executing endpoint 'DCRM.Api.Controllers.UserController.Create (DCRM.Api)'
2023-09-17 00:28:21.703 +05:30  INF  Route matched with {action = "Create", controller = "User"}. Executing controller action with signature System.Threading.Tasks.Task`1[Microsoft.AspNetCore.Mvc.IActionResult] Create(DCRM.Common.RequestModel.UserRequest) on controller DCRM.Api.Controllers.UserController (DCRM.Api).
2023-09-17 00:28:24.546 +05:30  INF  Executed DbCommand (1ms) [Parameters=[@__user_Email_0='?' (Size = 4000)], CommandType='"Text"', CommandTimeout='30']
SELECT `u`.`Id`, `u`.`About_Me`, `u`.`Account_Type`, `u`.`Address`, `u`.`Available_Days`, `u`.`Bn_Name`, `u`.`City`, `u`.`Country`, `u`.`Created_At`, `u`.`Currency`, `u`.`Degree`, `u`.`Email`, `u`.`Email_Verified`, `u`.`Enable_Appointment`, `u`.`Enable_Rating`, `u`.`Exp_Years`, `u`.`Facebook`, `u`.`Google_Analytics`, `u`.`Image`, `u`.`Instagram`, `u`.`Linkedin`, `u`.`Name`, `u`.`Parent_Id`, `u`.`Password`, `u`.`Paypal_Email`, `u`.`Paypal_Mode`, `u`.`Paypal_Payment`, `u`.`Paystack_Payment`, `u`.`Paystack_Public_Key`, `u`.`Paystack_Secret_Key`, `u`.`Phone`, `u`.`Publish_Key`, `u`.`Qr_Code`, `u`.`Razorpay_Key_Id`, `u`.`Razorpay_Key_Secret`, `u`.`Razorpay_Payment`, `u`.`Role`, `u`.`Secret_Key`, `u`.`Skype`, `u`.`Slug`, `u`.`Specialist`, `u`.`Status`, `u`.`Stripe_Payment`, `u`.`Thumb`, `u`.`Trial_Expire`, `u`.`Twitter`, `u`.`User_Name`, `u`.`User_Type`, `u`.`Verify_Code`, `u`.`Whatsapp`
FROM `Users` AS `u`
WHERE `u`.`Email` = @__user_Email_0
LIMIT 1
2023-09-17 00:28:24.695 +05:30  INF  Executed action DCRM.Api.Controllers.UserController.Create (DCRM.Api) in 2992.4002ms
2023-09-17 00:28:24.696 +05:30  INF  Executed endpoint 'DCRM.Api.Controllers.UserController.Create (DCRM.Api)'
2023-09-17 00:28:24.753 +05:30  INF  Request finished HTTP/2 POST https://localhost:7069/api/User/Create application/json 119 - 500 - application/json 3052.8413ms
2023-09-17 00:29:25.930 +05:30  INF  Request starting HTTP/2 OPTIONS https://localhost:7069/api/User/Create - -
2023-09-17 00:29:25.930 +05:30  INF  CORS policy execution successful.
2023-09-17 00:29:25.930 +05:30  INF  Request finished HTTP/2 OPTIONS https://localhost:7069/api/User/Create - - - 204 - - 0.3009ms
2023-09-17 00:29:25.931 +05:30  INF  Request starting HTTP/2 POST https://localhost:7069/api/User/Create application/json 116
2023-09-17 00:29:25.931 +05:30  INF  CORS policy execution successful.
2023-09-17 00:29:25.933 +05:30  INF  Executing endpoint 'DCRM.Api.Controllers.UserController.Create (DCRM.Api)'
2023-09-17 00:29:25.933 +05:30  INF  Route matched with {action = "Create", controller = "User"}. Executing controller action with signature System.Threading.Tasks.Task`1[Microsoft.AspNetCore.Mvc.IActionResult] Create(DCRM.Common.RequestModel.UserRequest) on controller DCRM.Api.Controllers.UserController (DCRM.Api).
2023-09-17 00:29:31.032 +05:30  INF  Executed DbCommand (2ms) [Parameters=[@__user_Email_0='?' (Size = 4000)], CommandType='"Text"', CommandTimeout='30']
SELECT `u`.`Id`, `u`.`About_Me`, `u`.`Account_Type`, `u`.`Address`, `u`.`Available_Days`, `u`.`Bn_Name`, `u`.`City`, `u`.`Country`, `u`.`Created_At`, `u`.`Currency`, `u`.`Degree`, `u`.`Email`, `u`.`Email_Verified`, `u`.`Enable_Appointment`, `u`.`Enable_Rating`, `u`.`Exp_Years`, `u`.`Facebook`, `u`.`Google_Analytics`, `u`.`Image`, `u`.`Instagram`, `u`.`Linkedin`, `u`.`Name`, `u`.`Parent_Id`, `u`.`Password`, `u`.`Paypal_Email`, `u`.`Paypal_Mode`, `u`.`Paypal_Payment`, `u`.`Paystack_Payment`, `u`.`Paystack_Public_Key`, `u`.`Paystack_Secret_Key`, `u`.`Phone`, `u`.`Publish_Key`, `u`.`Qr_Code`, `u`.`Razorpay_Key_Id`, `u`.`Razorpay_Key_Secret`, `u`.`Razorpay_Payment`, `u`.`Role`, `u`.`Secret_Key`, `u`.`Skype`, `u`.`Slug`, `u`.`Specialist`, `u`.`Status`, `u`.`Stripe_Payment`, `u`.`Thumb`, `u`.`Trial_Expire`, `u`.`Twitter`, `u`.`User_Name`, `u`.`User_Type`, `u`.`Verify_Code`, `u`.`Whatsapp`
FROM `Users` AS `u`
WHERE `u`.`Email` = @__user_Email_0
LIMIT 1
2023-09-17 00:29:31.163 +05:30  INF  Executed action DCRM.Api.Controllers.UserController.Create (DCRM.Api) in 5230.8579ms
2023-09-17 00:29:31.164 +05:30  INF  Executed endpoint 'DCRM.Api.Controllers.UserController.Create (DCRM.Api)'
2023-09-17 00:29:31.212 +05:30  INF  Request finished HTTP/2 POST https://localhost:7069/api/User/Create application/json 116 - 500 - application/json 5281.4186ms
2023-09-17 00:29:55.089 +05:30  INF  Request starting HTTP/2 OPTIONS https://localhost:7069/api/User/Create - -
2023-09-17 00:29:55.089 +05:30  INF  CORS policy execution successful.
2023-09-17 00:29:55.089 +05:30  INF  Request finished HTTP/2 OPTIONS https://localhost:7069/api/User/Create - - - 204 - - 0.3981ms
2023-09-17 00:29:55.090 +05:30  INF  Request starting HTTP/2 POST https://localhost:7069/api/User/Create application/json 120
2023-09-17 00:29:55.090 +05:30  INF  CORS policy execution successful.
2023-09-17 00:29:55.091 +05:30  INF  Executing endpoint 'DCRM.Api.Controllers.UserController.Create (DCRM.Api)'
2023-09-17 00:29:55.091 +05:30  INF  Route matched with {action = "Create", controller = "User"}. Executing controller action with signature System.Threading.Tasks.Task`1[Microsoft.AspNetCore.Mvc.IActionResult] Create(DCRM.Common.RequestModel.UserRequest) on controller DCRM.Api.Controllers.UserController (DCRM.Api).
2023-09-17 00:29:55.095 +05:30  INF  Executed DbCommand (3ms) [Parameters=[@__user_Email_0='?' (Size = 4000)], CommandType='"Text"', CommandTimeout='30']
SELECT `u`.`Id`, `u`.`About_Me`, `u`.`Account_Type`, `u`.`Address`, `u`.`Available_Days`, `u`.`Bn_Name`, `u`.`City`, `u`.`Country`, `u`.`Created_At`, `u`.`Currency`, `u`.`Degree`, `u`.`Email`, `u`.`Email_Verified`, `u`.`Enable_Appointment`, `u`.`Enable_Rating`, `u`.`Exp_Years`, `u`.`Facebook`, `u`.`Google_Analytics`, `u`.`Image`, `u`.`Instagram`, `u`.`Linkedin`, `u`.`Name`, `u`.`Parent_Id`, `u`.`Password`, `u`.`Paypal_Email`, `u`.`Paypal_Mode`, `u`.`Paypal_Payment`, `u`.`Paystack_Payment`, `u`.`Paystack_Public_Key`, `u`.`Paystack_Secret_Key`, `u`.`Phone`, `u`.`Publish_Key`, `u`.`Qr_Code`, `u`.`Razorpay_Key_Id`, `u`.`Razorpay_Key_Secret`, `u`.`Razorpay_Payment`, `u`.`Role`, `u`.`Secret_Key`, `u`.`Skype`, `u`.`Slug`, `u`.`Specialist`, `u`.`Status`, `u`.`Stripe_Payment`, `u`.`Thumb`, `u`.`Trial_Expire`, `u`.`Twitter`, `u`.`User_Name`, `u`.`User_Type`, `u`.`Verify_Code`, `u`.`Whatsapp`
FROM `Users` AS `u`
WHERE `u`.`Email` = @__user_Email_0
LIMIT 1
2023-09-17 00:29:55.637 +05:30  INF  Executed DbCommand (91ms) [Parameters=[@p0='?' (Size = 4000), @p1='?' (Size = 4000), @p2='?' (Size = 4000), @p3='?' (Size = 4000), @p4='?' (Size = 4000), @p5='?' (Size = 4000), @p6='?' (DbType = Int32), @p7='?' (DbType = DateTime), @p8='?' (Size = 4000), @p9='?' (Size = 4000), @p10='?' (Size = 4000), @p11='?' (DbType = Int32), @p12='?' (DbType = Int32), @p13='?' (DbType = Int32), @p14='?' (DbType = Int32), @p15='?' (Size = 4000), @p16='?' (Size = 4000), @p17='?' (Size = 4000), @p18='?' (Size = 4000), @p19='?' (Size = 4000), @p20='?' (Size = 4000), @p21='?' (DbType = Int32), @p22='?' (Size = 4000), @p23='?' (Size = 4000), @p24='?' (Size = 4000), @p25='?' (DbType = Int32), @p26='?' (Size = 4000), @p27='?' (Size = 4000), @p28='?' (Size = 4000), @p29='?' (Size = 4000), @p30='?' (Size = 4000), @p31='?' (Size = 4000), @p32='?' (Size = 4000), @p33='?' (Size = 4000), @p34='?' (Size = 4000), @p35='?' (Size = 4000), @p36='?' (Size = 4000), @p37='?' (Size = 4000), @p38='?' (Size = 4000), @p39='?' (Size = 4000), @p40='?' (DbType = Int32), @p41='?' (DbType = Int32), @p42='?' (Size = 4000), @p43='?' (DbType = DateTime), @p44='?' (Size = 4000), @p45='?' (Size = 4000), @p46='?' (Size = 4000), @p47='?' (Size = 4000), @p48='?' (Size = 4000)], CommandType='"Text"', CommandTimeout='30']
INSERT INTO `Users` (`About_Me`, `Account_Type`, `Address`, `Available_Days`, `Bn_Name`, `City`, `Country`, `Created_At`, `Currency`, `Degree`, `Email`, `Email_Verified`, `Enable_Appointment`, `Enable_Rating`, `Exp_Years`, `Facebook`, `Google_Analytics`, `Image`, `Instagram`, `Linkedin`, `Name`, `Parent_Id`, `Password`, `Paypal_Email`, `Paypal_Mode`, `Paypal_Payment`, `Paystack_Payment`, `Paystack_Public_Key`, `Paystack_Secret_Key`, `Phone`, `Publish_Key`, `Qr_Code`, `Razorpay_Key_Id`, `Razorpay_Key_Secret`, `Razorpay_Payment`, `Role`, `Secret_Key`, `Skype`, `Slug`, `Specialist`, `Status`, `Stripe_Payment`, `Thumb`, `Trial_Expire`, `Twitter`, `User_Name`, `User_Type`, `Verify_Code`, `Whatsapp`)
VALUES (@p0, @p1, @p2, @p3, @p4, @p5, @p6, @p7, @p8, @p9, @p10, @p11, @p12, @p13, @p14, @p15, @p16, @p17, @p18, @p19, @p20, @p21, @p22, @p23, @p24, @p25, @p26, @p27, @p28, @p29, @p30, @p31, @p32, @p33, @p34, @p35, @p36, @p37, @p38, @p39, @p40, @p41, @p42, @p43, @p44, @p45, @p46, @p47, @p48);
SELECT `Id`
FROM `Users`
WHERE ROW_COUNT() = 1 AND `Id` = LAST_INSERT_ID();
2023-09-17 00:29:56.008 +05:30  INF  Executing OkObjectResult, writing value of type 'System.String'.
2023-09-17 00:29:56.013 +05:30  INF  Executed action DCRM.Api.Controllers.UserController.Create (DCRM.Api) in 922.2912ms
2023-09-17 00:29:56.013 +05:30  INF  Executed endpoint 'DCRM.Api.Controllers.UserController.Create (DCRM.Api)'
2023-09-17 00:29:56.014 +05:30  INF  Request finished HTTP/2 POST https://localhost:7069/api/User/Create application/json 120 - 200 - text/plain;+charset=utf-8 923.2216ms
2023-09-17 00:30:37.082 +05:30  INF  Request starting HTTP/2 OPTIONS https://localhost:7069/api/User/Create - -
2023-09-17 00:30:37.082 +05:30  INF  CORS policy execution successful.
2023-09-17 00:30:37.082 +05:30  INF  Request finished HTTP/2 OPTIONS https://localhost:7069/api/User/Create - - - 204 - - 0.5225ms
2023-09-17 00:30:37.083 +05:30  INF  Request starting HTTP/2 POST https://localhost:7069/api/User/Create application/json 123
2023-09-17 00:30:37.083 +05:30  INF  CORS policy execution successful.
2023-09-17 00:30:37.084 +05:30  INF  Executing endpoint 'DCRM.Api.Controllers.UserController.Create (DCRM.Api)'
2023-09-17 00:30:37.084 +05:30  INF  Route matched with {action = "Create", controller = "User"}. Executing controller action with signature System.Threading.Tasks.Task`1[Microsoft.AspNetCore.Mvc.IActionResult] Create(DCRM.Common.RequestModel.UserRequest) on controller DCRM.Api.Controllers.UserController (DCRM.Api).
2023-09-17 00:30:41.512 +05:30  INF  Executed DbCommand (1ms) [Parameters=[@__user_Email_0='?' (Size = 4000)], CommandType='"Text"', CommandTimeout='30']
SELECT `u`.`Id`, `u`.`About_Me`, `u`.`Account_Type`, `u`.`Address`, `u`.`Available_Days`, `u`.`Bn_Name`, `u`.`City`, `u`.`Country`, `u`.`Created_At`, `u`.`Currency`, `u`.`Degree`, `u`.`Email`, `u`.`Email_Verified`, `u`.`Enable_Appointment`, `u`.`Enable_Rating`, `u`.`Exp_Years`, `u`.`Facebook`, `u`.`Google_Analytics`, `u`.`Image`, `u`.`Instagram`, `u`.`Linkedin`, `u`.`Name`, `u`.`Parent_Id`, `u`.`Password`, `u`.`Paypal_Email`, `u`.`Paypal_Mode`, `u`.`Paypal_Payment`, `u`.`Paystack_Payment`, `u`.`Paystack_Public_Key`, `u`.`Paystack_Secret_Key`, `u`.`Phone`, `u`.`Publish_Key`, `u`.`Qr_Code`, `u`.`Razorpay_Key_Id`, `u`.`Razorpay_Key_Secret`, `u`.`Razorpay_Payment`, `u`.`Role`, `u`.`Secret_Key`, `u`.`Skype`, `u`.`Slug`, `u`.`Specialist`, `u`.`Status`, `u`.`Stripe_Payment`, `u`.`Thumb`, `u`.`Trial_Expire`, `u`.`Twitter`, `u`.`User_Name`, `u`.`User_Type`, `u`.`Verify_Code`, `u`.`Whatsapp`
FROM `Users` AS `u`
WHERE `u`.`Email` = @__user_Email_0
LIMIT 1
2023-09-17 00:30:41.521 +05:30  INF  Executed DbCommand (7ms) [Parameters=[@p0='?' (Size = 4000), @p1='?' (Size = 4000), @p2='?' (Size = 4000), @p3='?' (Size = 4000), @p4='?' (Size = 4000), @p5='?' (Size = 4000), @p6='?' (DbType = Int32), @p7='?' (DbType = DateTime), @p8='?' (Size = 4000), @p9='?' (Size = 4000), @p10='?' (Size = 4000), @p11='?' (DbType = Int32), @p12='?' (DbType = Int32), @p13='?' (DbType = Int32), @p14='?' (DbType = Int32), @p15='?' (Size = 4000), @p16='?' (Size = 4000), @p17='?' (Size = 4000), @p18='?' (Size = 4000), @p19='?' (Size = 4000), @p20='?' (Size = 4000), @p21='?' (DbType = Int32), @p22='?' (Size = 4000), @p23='?' (Size = 4000), @p24='?' (Size = 4000), @p25='?' (DbType = Int32), @p26='?' (Size = 4000), @p27='?' (Size = 4000), @p28='?' (Size = 4000), @p29='?' (Size = 4000), @p30='?' (Size = 4000), @p31='?' (Size = 4000), @p32='?' (Size = 4000), @p33='?' (Size = 4000), @p34='?' (Size = 4000), @p35='?' (Size = 4000), @p36='?' (Size = 4000), @p37='?' (Size = 4000), @p38='?' (Size = 4000), @p39='?' (Size = 4000), @p40='?' (DbType = Int32), @p41='?' (DbType = Int32), @p42='?' (Size = 4000), @p43='?' (DbType = DateTime), @p44='?' (Size = 4000), @p45='?' (Size = 4000), @p46='?' (Size = 4000), @p47='?' (Size = 4000), @p48='?' (Size = 4000)], CommandType='"Text"', CommandTimeout='30']
INSERT INTO `Users` (`About_Me`, `Account_Type`, `Address`, `Available_Days`, `Bn_Name`, `City`, `Country`, `Created_At`, `Currency`, `Degree`, `Email`, `Email_Verified`, `Enable_Appointment`, `Enable_Rating`, `Exp_Years`, `Facebook`, `Google_Analytics`, `Image`, `Instagram`, `Linkedin`, `Name`, `Parent_Id`, `Password`, `Paypal_Email`, `Paypal_Mode`, `Paypal_Payment`, `Paystack_Payment`, `Paystack_Public_Key`, `Paystack_Secret_Key`, `Phone`, `Publish_Key`, `Qr_Code`, `Razorpay_Key_Id`, `Razorpay_Key_Secret`, `Razorpay_Payment`, `Role`, `Secret_Key`, `Skype`, `Slug`, `Specialist`, `Status`, `Stripe_Payment`, `Thumb`, `Trial_Expire`, `Twitter`, `User_Name`, `User_Type`, `Verify_Code`, `Whatsapp`)
VALUES (@p0, @p1, @p2, @p3, @p4, @p5, @p6, @p7, @p8, @p9, @p10, @p11, @p12, @p13, @p14, @p15, @p16, @p17, @p18, @p19, @p20, @p21, @p22, @p23, @p24, @p25, @p26, @p27, @p28, @p29, @p30, @p31, @p32, @p33, @p34, @p35, @p36, @p37, @p38, @p39, @p40, @p41, @p42, @p43, @p44, @p45, @p46, @p47, @p48);
SELECT `Id`
FROM `Users`
WHERE ROW_COUNT() = 1 AND `Id` = LAST_INSERT_ID();
2023-09-17 00:36:40.309 +05:30  INF  Executing OkObjectResult, writing value of type 'System.String'.
2023-09-17 00:36:40.356 +05:30  INF  Executed action DCRM.Api.Controllers.UserController.Create (DCRM.Api) in 363271.5948ms
2023-09-17 00:36:40.356 +05:30  INF  Executed endpoint 'DCRM.Api.Controllers.UserController.Create (DCRM.Api)'
2023-09-17 00:36:40.358 +05:30  INF  Request finished HTTP/2 POST https://localhost:7069/api/User/Create application/json 123 - 200 - text/plain;+charset=utf-8 363273.4108ms
2023-09-17 00:36:40.370 +05:30  INF  Request starting HTTP/2 OPTIONS https://localhost:7069/api/User/Create - -
2023-09-17 00:36:40.373 +05:30  INF  CORS policy execution successful.
2023-09-17 00:36:40.374 +05:30  INF  Request finished HTTP/2 OPTIONS https://localhost:7069/api/User/Create - - - 204 - - 4.3501ms
2023-09-17 00:36:40.375 +05:30  INF  Request starting HTTP/2 POST https://localhost:7069/api/User/Create application/json 119
2023-09-17 00:36:40.378 +05:30  INF  CORS policy execution successful.
2023-09-17 00:36:40.387 +05:30  INF  Executing endpoint 'DCRM.Api.Controllers.UserController.Create (DCRM.Api)'
2023-09-17 00:36:40.393 +05:30  INF  Route matched with {action = "Create", controller = "User"}. Executing controller action with signature System.Threading.Tasks.Task`1[Microsoft.AspNetCore.Mvc.IActionResult] Create(DCRM.Common.RequestModel.UserRequest) on controller DCRM.Api.Controllers.UserController (DCRM.Api).
2023-09-17 00:36:43.123 +05:30  INF  Executed DbCommand (4ms) [Parameters=[@__user_Email_0='?' (Size = 4000)], CommandType='"Text"', CommandTimeout='30']
SELECT `u`.`Id`, `u`.`About_Me`, `u`.`Account_Type`, `u`.`Address`, `u`.`Available_Days`, `u`.`Bn_Name`, `u`.`City`, `u`.`Country`, `u`.`Created_At`, `u`.`Currency`, `u`.`Degree`, `u`.`Email`, `u`.`Email_Verified`, `u`.`Enable_Appointment`, `u`.`Enable_Rating`, `u`.`Exp_Years`, `u`.`Facebook`, `u`.`Google_Analytics`, `u`.`Image`, `u`.`Instagram`, `u`.`Linkedin`, `u`.`Name`, `u`.`Parent_Id`, `u`.`Password`, `u`.`Paypal_Email`, `u`.`Paypal_Mode`, `u`.`Paypal_Payment`, `u`.`Paystack_Payment`, `u`.`Paystack_Public_Key`, `u`.`Paystack_Secret_Key`, `u`.`Phone`, `u`.`Publish_Key`, `u`.`Qr_Code`, `u`.`Razorpay_Key_Id`, `u`.`Razorpay_Key_Secret`, `u`.`Razorpay_Payment`, `u`.`Role`, `u`.`Secret_Key`, `u`.`Skype`, `u`.`Slug`, `u`.`Specialist`, `u`.`Status`, `u`.`Stripe_Payment`, `u`.`Thumb`, `u`.`Trial_Expire`, `u`.`Twitter`, `u`.`User_Name`, `u`.`User_Type`, `u`.`Verify_Code`, `u`.`Whatsapp`
FROM `Users` AS `u`
WHERE `u`.`Email` = @__user_Email_0
LIMIT 1
2023-09-17 00:36:43.131 +05:30  INF  Executed DbCommand (6ms) [Parameters=[@p0='?' (Size = 4000), @p1='?' (Size = 4000), @p2='?' (Size = 4000), @p3='?' (Size = 4000), @p4='?' (Size = 4000), @p5='?' (Size = 4000), @p6='?' (DbType = Int32), @p7='?' (DbType = DateTime), @p8='?' (Size = 4000), @p9='?' (Size = 4000), @p10='?' (Size = 4000), @p11='?' (DbType = Int32), @p12='?' (DbType = Int32), @p13='?' (DbType = Int32), @p14='?' (DbType = Int32), @p15='?' (Size = 4000), @p16='?' (Size = 4000), @p17='?' (Size = 4000), @p18='?' (Size = 4000), @p19='?' (Size = 4000), @p20='?' (Size = 4000), @p21='?' (DbType = Int32), @p22='?' (Size = 4000), @p23='?' (Size = 4000), @p24='?' (Size = 4000), @p25='?' (DbType = Int32), @p26='?' (Size = 4000), @p27='?' (Size = 4000), @p28='?' (Size = 4000), @p29='?' (Size = 4000), @p30='?' (Size = 4000), @p31='?' (Size = 4000), @p32='?' (Size = 4000), @p33='?' (Size = 4000), @p34='?' (Size = 4000), @p35='?' (Size = 4000), @p36='?' (Size = 4000), @p37='?' (Size = 4000), @p38='?' (Size = 4000), @p39='?' (Size = 4000), @p40='?' (DbType = Int32), @p41='?' (DbType = Int32), @p42='?' (Size = 4000), @p43='?' (DbType = DateTime), @p44='?' (Size = 4000), @p45='?' (Size = 4000), @p46='?' (Size = 4000), @p47='?' (Size = 4000), @p48='?' (Size = 4000)], CommandType='"Text"', CommandTimeout='30']
INSERT INTO `Users` (`About_Me`, `Account_Type`, `Address`, `Available_Days`, `Bn_Name`, `City`, `Country`, `Created_At`, `Currency`, `Degree`, `Email`, `Email_Verified`, `Enable_Appointment`, `Enable_Rating`, `Exp_Years`, `Facebook`, `Google_Analytics`, `Image`, `Instagram`, `Linkedin`, `Name`, `Parent_Id`, `Password`, `Paypal_Email`, `Paypal_Mode`, `Paypal_Payment`, `Paystack_Payment`, `Paystack_Public_Key`, `Paystack_Secret_Key`, `Phone`, `Publish_Key`, `Qr_Code`, `Razorpay_Key_Id`, `Razorpay_Key_Secret`, `Razorpay_Payment`, `Role`, `Secret_Key`, `Skype`, `Slug`, `Specialist`, `Status`, `Stripe_Payment`, `Thumb`, `Trial_Expire`, `Twitter`, `User_Name`, `User_Type`, `Verify_Code`, `Whatsapp`)
VALUES (@p0, @p1, @p2, @p3, @p4, @p5, @p6, @p7, @p8, @p9, @p10, @p11, @p12, @p13, @p14, @p15, @p16, @p17, @p18, @p19, @p20, @p21, @p22, @p23, @p24, @p25, @p26, @p27, @p28, @p29, @p30, @p31, @p32, @p33, @p34, @p35, @p36, @p37, @p38, @p39, @p40, @p41, @p42, @p43, @p44, @p45, @p46, @p47, @p48);
SELECT `Id`
FROM `Users`
WHERE ROW_COUNT() = 1 AND `Id` = LAST_INSERT_ID();
2023-09-17 00:36:43.137 +05:30  INF  Executing OkObjectResult, writing value of type 'System.String'.
2023-09-17 00:36:43.137 +05:30  INF  Executed action DCRM.Api.Controllers.UserController.Create (DCRM.Api) in 2744.4567ms
2023-09-17 00:36:43.137 +05:30  INF  Executed endpoint 'DCRM.Api.Controllers.UserController.Create (DCRM.Api)'
2023-09-17 00:36:43.137 +05:30  INF  Request finished HTTP/2 POST https://localhost:7069/api/User/Create application/json 119 - 200 - text/plain;+charset=utf-8 2762.3134ms
2023-09-17 00:36:56.587 +05:30  INF  Request starting HTTP/2 OPTIONS https://localhost:7069/api/User/Create - -
2023-09-17 00:36:56.587 +05:30  INF  CORS policy execution successful.
2023-09-17 00:36:56.588 +05:30  INF  Request finished HTTP/2 OPTIONS https://localhost:7069/api/User/Create - - - 204 - - 1.2767ms
2023-09-17 00:36:56.590 +05:30  INF  Request starting HTTP/2 POST https://localhost:7069/api/User/Create application/json 119
2023-09-17 00:36:56.590 +05:30  INF  CORS policy execution successful.
2023-09-17 00:36:56.591 +05:30  INF  Executing endpoint 'DCRM.Api.Controllers.UserController.Create (DCRM.Api)'
2023-09-17 00:36:56.591 +05:30  INF  Route matched with {action = "Create", controller = "User"}. Executing controller action with signature System.Threading.Tasks.Task`1[Microsoft.AspNetCore.Mvc.IActionResult] Create(DCRM.Common.RequestModel.UserRequest) on controller DCRM.Api.Controllers.UserController (DCRM.Api).
2023-09-17 00:36:56.593 +05:30  INF  Executed DbCommand (1ms) [Parameters=[@__user_Email_0='?' (Size = 4000)], CommandType='"Text"', CommandTimeout='30']
SELECT `u`.`Id`, `u`.`About_Me`, `u`.`Account_Type`, `u`.`Address`, `u`.`Available_Days`, `u`.`Bn_Name`, `u`.`City`, `u`.`Country`, `u`.`Created_At`, `u`.`Currency`, `u`.`Degree`, `u`.`Email`, `u`.`Email_Verified`, `u`.`Enable_Appointment`, `u`.`Enable_Rating`, `u`.`Exp_Years`, `u`.`Facebook`, `u`.`Google_Analytics`, `u`.`Image`, `u`.`Instagram`, `u`.`Linkedin`, `u`.`Name`, `u`.`Parent_Id`, `u`.`Password`, `u`.`Paypal_Email`, `u`.`Paypal_Mode`, `u`.`Paypal_Payment`, `u`.`Paystack_Payment`, `u`.`Paystack_Public_Key`, `u`.`Paystack_Secret_Key`, `u`.`Phone`, `u`.`Publish_Key`, `u`.`Qr_Code`, `u`.`Razorpay_Key_Id`, `u`.`Razorpay_Key_Secret`, `u`.`Razorpay_Payment`, `u`.`Role`, `u`.`Secret_Key`, `u`.`Skype`, `u`.`Slug`, `u`.`Specialist`, `u`.`Status`, `u`.`Stripe_Payment`, `u`.`Thumb`, `u`.`Trial_Expire`, `u`.`Twitter`, `u`.`User_Name`, `u`.`User_Type`, `u`.`Verify_Code`, `u`.`Whatsapp`
FROM `Users` AS `u`
WHERE `u`.`Email` = @__user_Email_0
LIMIT 1
2023-09-17 00:36:56.763 +05:30  INF  Executed action DCRM.Api.Controllers.UserController.Create (DCRM.Api) in 171.7316ms
2023-09-17 00:36:56.763 +05:30  INF  Executed endpoint 'DCRM.Api.Controllers.UserController.Create (DCRM.Api)'
2023-09-17 00:36:56.822 +05:30  INF  Request finished HTTP/2 POST https://localhost:7069/api/User/Create application/json 119 - 500 - application/json 232.0219ms
2023-09-17 00:37:09.918 +05:30  INF  Request starting HTTP/2 OPTIONS https://localhost:7069/api/User/Create - -
2023-09-17 00:37:09.919 +05:30  INF  CORS policy execution successful.
2023-09-17 00:37:09.919 +05:30  INF  Request finished HTTP/2 OPTIONS https://localhost:7069/api/User/Create - - - 204 - - 1.1648ms
2023-09-17 00:37:09.922 +05:30  INF  Request starting HTTP/2 POST https://localhost:7069/api/User/Create application/json 122
2023-09-17 00:37:09.922 +05:30  INF  CORS policy execution successful.
2023-09-17 00:37:09.923 +05:30  INF  Executing endpoint 'DCRM.Api.Controllers.UserController.Create (DCRM.Api)'
2023-09-17 00:37:09.924 +05:30  INF  Route matched with {action = "Create", controller = "User"}. Executing controller action with signature System.Threading.Tasks.Task`1[Microsoft.AspNetCore.Mvc.IActionResult] Create(DCRM.Common.RequestModel.UserRequest) on controller DCRM.Api.Controllers.UserController (DCRM.Api).
2023-09-17 00:37:09.928 +05:30  INF  Executed DbCommand (3ms) [Parameters=[@__user_Email_0='?' (Size = 4000)], CommandType='"Text"', CommandTimeout='30']
SELECT `u`.`Id`, `u`.`About_Me`, `u`.`Account_Type`, `u`.`Address`, `u`.`Available_Days`, `u`.`Bn_Name`, `u`.`City`, `u`.`Country`, `u`.`Created_At`, `u`.`Currency`, `u`.`Degree`, `u`.`Email`, `u`.`Email_Verified`, `u`.`Enable_Appointment`, `u`.`Enable_Rating`, `u`.`Exp_Years`, `u`.`Facebook`, `u`.`Google_Analytics`, `u`.`Image`, `u`.`Instagram`, `u`.`Linkedin`, `u`.`Name`, `u`.`Parent_Id`, `u`.`Password`, `u`.`Paypal_Email`, `u`.`Paypal_Mode`, `u`.`Paypal_Payment`, `u`.`Paystack_Payment`, `u`.`Paystack_Public_Key`, `u`.`Paystack_Secret_Key`, `u`.`Phone`, `u`.`Publish_Key`, `u`.`Qr_Code`, `u`.`Razorpay_Key_Id`, `u`.`Razorpay_Key_Secret`, `u`.`Razorpay_Payment`, `u`.`Role`, `u`.`Secret_Key`, `u`.`Skype`, `u`.`Slug`, `u`.`Specialist`, `u`.`Status`, `u`.`Stripe_Payment`, `u`.`Thumb`, `u`.`Trial_Expire`, `u`.`Twitter`, `u`.`User_Name`, `u`.`User_Type`, `u`.`Verify_Code`, `u`.`Whatsapp`
FROM `Users` AS `u`
WHERE `u`.`Email` = @__user_Email_0
LIMIT 1
2023-09-17 00:37:09.933 +05:30  INF  Executed DbCommand (2ms) [Parameters=[@p0='?' (Size = 4000), @p1='?' (Size = 4000), @p2='?' (Size = 4000), @p3='?' (Size = 4000), @p4='?' (Size = 4000), @p5='?' (Size = 4000), @p6='?' (DbType = Int32), @p7='?' (DbType = DateTime), @p8='?' (Size = 4000), @p9='?' (Size = 4000), @p10='?' (Size = 4000), @p11='?' (DbType = Int32), @p12='?' (DbType = Int32), @p13='?' (DbType = Int32), @p14='?' (DbType = Int32), @p15='?' (Size = 4000), @p16='?' (Size = 4000), @p17='?' (Size = 4000), @p18='?' (Size = 4000), @p19='?' (Size = 4000), @p20='?' (Size = 4000), @p21='?' (DbType = Int32), @p22='?' (Size = 4000), @p23='?' (Size = 4000), @p24='?' (Size = 4000), @p25='?' (DbType = Int32), @p26='?' (Size = 4000), @p27='?' (Size = 4000), @p28='?' (Size = 4000), @p29='?' (Size = 4000), @p30='?' (Size = 4000), @p31='?' (Size = 4000), @p32='?' (Size = 4000), @p33='?' (Size = 4000), @p34='?' (Size = 4000), @p35='?' (Size = 4000), @p36='?' (Size = 4000), @p37='?' (Size = 4000), @p38='?' (Size = 4000), @p39='?' (Size = 4000), @p40='?' (DbType = Int32), @p41='?' (DbType = Int32), @p42='?' (Size = 4000), @p43='?' (DbType = DateTime), @p44='?' (Size = 4000), @p45='?' (Size = 4000), @p46='?' (Size = 4000), @p47='?' (Size = 4000), @p48='?' (Size = 4000)], CommandType='"Text"', CommandTimeout='30']
INSERT INTO `Users` (`About_Me`, `Account_Type`, `Address`, `Available_Days`, `Bn_Name`, `City`, `Country`, `Created_At`, `Currency`, `Degree`, `Email`, `Email_Verified`, `Enable_Appointment`, `Enable_Rating`, `Exp_Years`, `Facebook`, `Google_Analytics`, `Image`, `Instagram`, `Linkedin`, `Name`, `Parent_Id`, `Password`, `Paypal_Email`, `Paypal_Mode`, `Paypal_Payment`, `Paystack_Payment`, `Paystack_Public_Key`, `Paystack_Secret_Key`, `Phone`, `Publish_Key`, `Qr_Code`, `Razorpay_Key_Id`, `Razorpay_Key_Secret`, `Razorpay_Payment`, `Role`, `Secret_Key`, `Skype`, `Slug`, `Specialist`, `Status`, `Stripe_Payment`, `Thumb`, `Trial_Expire`, `Twitter`, `User_Name`, `User_Type`, `Verify_Code`, `Whatsapp`)
VALUES (@p0, @p1, @p2, @p3, @p4, @p5, @p6, @p7, @p8, @p9, @p10, @p11, @p12, @p13, @p14, @p15, @p16, @p17, @p18, @p19, @p20, @p21, @p22, @p23, @p24, @p25, @p26, @p27, @p28, @p29, @p30, @p31, @p32, @p33, @p34, @p35, @p36, @p37, @p38, @p39, @p40, @p41, @p42, @p43, @p44, @p45, @p46, @p47, @p48);
SELECT `Id`
FROM `Users`
WHERE ROW_COUNT() = 1 AND `Id` = LAST_INSERT_ID();
2023-09-17 00:37:09.936 +05:30  INF  Executing OkObjectResult, writing value of type 'System.String'.
2023-09-17 00:37:09.936 +05:30  INF  Executed action DCRM.Api.Controllers.UserController.Create (DCRM.Api) in 12.2672ms
2023-09-17 00:37:09.936 +05:30  INF  Executed endpoint 'DCRM.Api.Controllers.UserController.Create (DCRM.Api)'
2023-09-17 00:37:09.937 +05:30  INF  Request finished HTTP/2 POST https://localhost:7069/api/User/Create application/json 122 - 200 - text/plain;+charset=utf-8 14.1249ms
2023-09-17 00:38:49.549 +05:30  INF  Request starting HTTP/2 OPTIONS https://localhost:7069/api/User/Create - -
2023-09-17 00:38:49.549 +05:30  INF  CORS policy execution successful.
2023-09-17 00:38:49.549 +05:30  INF  Request finished HTTP/2 OPTIONS https://localhost:7069/api/User/Create - - - 204 - - 0.4033ms
2023-09-17 00:38:49.551 +05:30  INF  Request starting HTTP/2 POST https://localhost:7069/api/User/Create application/json 121
2023-09-17 00:38:49.551 +05:30  INF  CORS policy execution successful.
2023-09-17 00:38:49.555 +05:30  INF  Executing endpoint 'DCRM.Api.Controllers.UserController.Create (DCRM.Api)'
2023-09-17 00:38:49.555 +05:30  INF  Route matched with {action = "Create", controller = "User"}. Executing controller action with signature System.Threading.Tasks.Task`1[Microsoft.AspNetCore.Mvc.IActionResult] Create(DCRM.Common.RequestModel.UserRequest) on controller DCRM.Api.Controllers.UserController (DCRM.Api).
2023-09-17 00:38:49.559 +05:30  INF  Executed DbCommand (2ms) [Parameters=[@__user_Email_0='?' (Size = 4000)], CommandType='"Text"', CommandTimeout='30']
SELECT `u`.`Id`, `u`.`About_Me`, `u`.`Account_Type`, `u`.`Address`, `u`.`Available_Days`, `u`.`Bn_Name`, `u`.`City`, `u`.`Country`, `u`.`Created_At`, `u`.`Currency`, `u`.`Degree`, `u`.`Email`, `u`.`Email_Verified`, `u`.`Enable_Appointment`, `u`.`Enable_Rating`, `u`.`Exp_Years`, `u`.`Facebook`, `u`.`Google_Analytics`, `u`.`Image`, `u`.`Instagram`, `u`.`Linkedin`, `u`.`Name`, `u`.`Parent_Id`, `u`.`Password`, `u`.`Paypal_Email`, `u`.`Paypal_Mode`, `u`.`Paypal_Payment`, `u`.`Paystack_Payment`, `u`.`Paystack_Public_Key`, `u`.`Paystack_Secret_Key`, `u`.`Phone`, `u`.`Publish_Key`, `u`.`Qr_Code`, `u`.`Razorpay_Key_Id`, `u`.`Razorpay_Key_Secret`, `u`.`Razorpay_Payment`, `u`.`Role`, `u`.`Secret_Key`, `u`.`Skype`, `u`.`Slug`, `u`.`Specialist`, `u`.`Status`, `u`.`Stripe_Payment`, `u`.`Thumb`, `u`.`Trial_Expire`, `u`.`Twitter`, `u`.`User_Name`, `u`.`User_Type`, `u`.`Verify_Code`, `u`.`Whatsapp`
FROM `Users` AS `u`
WHERE `u`.`Email` = @__user_Email_0
LIMIT 1
2023-09-17 00:38:49.564 +05:30  INF  Executed DbCommand (3ms) [Parameters=[@p0='?' (Size = 4000), @p1='?' (Size = 4000), @p2='?' (Size = 4000), @p3='?' (Size = 4000), @p4='?' (Size = 4000), @p5='?' (Size = 4000), @p6='?' (DbType = Int32), @p7='?' (DbType = DateTime), @p8='?' (Size = 4000), @p9='?' (Size = 4000), @p10='?' (Size = 4000), @p11='?' (DbType = Int32), @p12='?' (DbType = Int32), @p13='?' (DbType = Int32), @p14='?' (DbType = Int32), @p15='?' (Size = 4000), @p16='?' (Size = 4000), @p17='?' (Size = 4000), @p18='?' (Size = 4000), @p19='?' (Size = 4000), @p20='?' (Size = 4000), @p21='?' (DbType = Int32), @p22='?' (Size = 4000), @p23='?' (Size = 4000), @p24='?' (Size = 4000), @p25='?' (DbType = Int32), @p26='?' (Size = 4000), @p27='?' (Size = 4000), @p28='?' (Size = 4000), @p29='?' (Size = 4000), @p30='?' (Size = 4000), @p31='?' (Size = 4000), @p32='?' (Size = 4000), @p33='?' (Size = 4000), @p34='?' (Size = 4000), @p35='?' (Size = 4000), @p36='?' (Size = 4000), @p37='?' (Size = 4000), @p38='?' (Size = 4000), @p39='?' (Size = 4000), @p40='?' (DbType = Int32), @p41='?' (DbType = Int32), @p42='?' (Size = 4000), @p43='?' (DbType = DateTime), @p44='?' (Size = 4000), @p45='?' (Size = 4000), @p46='?' (Size = 4000), @p47='?' (Size = 4000), @p48='?' (Size = 4000)], CommandType='"Text"', CommandTimeout='30']
INSERT INTO `Users` (`About_Me`, `Account_Type`, `Address`, `Available_Days`, `Bn_Name`, `City`, `Country`, `Created_At`, `Currency`, `Degree`, `Email`, `Email_Verified`, `Enable_Appointment`, `Enable_Rating`, `Exp_Years`, `Facebook`, `Google_Analytics`, `Image`, `Instagram`, `Linkedin`, `Name`, `Parent_Id`, `Password`, `Paypal_Email`, `Paypal_Mode`, `Paypal_Payment`, `Paystack_Payment`, `Paystack_Public_Key`, `Paystack_Secret_Key`, `Phone`, `Publish_Key`, `Qr_Code`, `Razorpay_Key_Id`, `Razorpay_Key_Secret`, `Razorpay_Payment`, `Role`, `Secret_Key`, `Skype`, `Slug`, `Specialist`, `Status`, `Stripe_Payment`, `Thumb`, `Trial_Expire`, `Twitter`, `User_Name`, `User_Type`, `Verify_Code`, `Whatsapp`)
VALUES (@p0, @p1, @p2, @p3, @p4, @p5, @p6, @p7, @p8, @p9, @p10, @p11, @p12, @p13, @p14, @p15, @p16, @p17, @p18, @p19, @p20, @p21, @p22, @p23, @p24, @p25, @p26, @p27, @p28, @p29, @p30, @p31, @p32, @p33, @p34, @p35, @p36, @p37, @p38, @p39, @p40, @p41, @p42, @p43, @p44, @p45, @p46, @p47, @p48);
SELECT `Id`
FROM `Users`
WHERE ROW_COUNT() = 1 AND `Id` = LAST_INSERT_ID();
2023-09-17 00:38:49.567 +05:30  INF  Executing OkObjectResult, writing value of type 'System.String'.
2023-09-17 00:38:49.567 +05:30  INF  Executed action DCRM.Api.Controllers.UserController.Create (DCRM.Api) in 12.5863ms
2023-09-17 00:38:49.567 +05:30  INF  Executed endpoint 'DCRM.Api.Controllers.UserController.Create (DCRM.Api)'
2023-09-17 00:38:49.567 +05:30  INF  Request finished HTTP/2 POST https://localhost:7069/api/User/Create application/json 121 - 200 - text/plain;+charset=utf-8 16.7324ms
2023-09-17 00:39:00.548 +05:30  INF  Request starting HTTP/2 OPTIONS https://localhost:7069/api/User/Create - -
2023-09-17 00:39:00.548 +05:30  INF  CORS policy execution successful.
2023-09-17 00:39:00.548 +05:30  INF  Request finished HTTP/2 OPTIONS https://localhost:7069/api/User/Create - - - 204 - - 0.4808ms
2023-09-17 00:39:00.550 +05:30  INF  Request starting HTTP/2 POST https://localhost:7069/api/User/Create application/json 121
2023-09-17 00:39:00.550 +05:30  INF  CORS policy execution successful.
2023-09-17 00:39:00.551 +05:30  INF  Executing endpoint 'DCRM.Api.Controllers.UserController.Create (DCRM.Api)'
2023-09-17 00:39:00.551 +05:30  INF  Route matched with {action = "Create", controller = "User"}. Executing controller action with signature System.Threading.Tasks.Task`1[Microsoft.AspNetCore.Mvc.IActionResult] Create(DCRM.Common.RequestModel.UserRequest) on controller DCRM.Api.Controllers.UserController (DCRM.Api).
2023-09-17 00:39:00.552 +05:30  INF  Executed DbCommand (1ms) [Parameters=[@__user_Email_0='?' (Size = 4000)], CommandType='"Text"', CommandTimeout='30']
SELECT `u`.`Id`, `u`.`About_Me`, `u`.`Account_Type`, `u`.`Address`, `u`.`Available_Days`, `u`.`Bn_Name`, `u`.`City`, `u`.`Country`, `u`.`Created_At`, `u`.`Currency`, `u`.`Degree`, `u`.`Email`, `u`.`Email_Verified`, `u`.`Enable_Appointment`, `u`.`Enable_Rating`, `u`.`Exp_Years`, `u`.`Facebook`, `u`.`Google_Analytics`, `u`.`Image`, `u`.`Instagram`, `u`.`Linkedin`, `u`.`Name`, `u`.`Parent_Id`, `u`.`Password`, `u`.`Paypal_Email`, `u`.`Paypal_Mode`, `u`.`Paypal_Payment`, `u`.`Paystack_Payment`, `u`.`Paystack_Public_Key`, `u`.`Paystack_Secret_Key`, `u`.`Phone`, `u`.`Publish_Key`, `u`.`Qr_Code`, `u`.`Razorpay_Key_Id`, `u`.`Razorpay_Key_Secret`, `u`.`Razorpay_Payment`, `u`.`Role`, `u`.`Secret_Key`, `u`.`Skype`, `u`.`Slug`, `u`.`Specialist`, `u`.`Status`, `u`.`Stripe_Payment`, `u`.`Thumb`, `u`.`Trial_Expire`, `u`.`Twitter`, `u`.`User_Name`, `u`.`User_Type`, `u`.`Verify_Code`, `u`.`Whatsapp`
FROM `Users` AS `u`
WHERE `u`.`Email` = @__user_Email_0
LIMIT 1
2023-09-17 00:39:00.700 +05:30  INF  Executed action DCRM.Api.Controllers.UserController.Create (DCRM.Api) in 148.8555ms
2023-09-17 00:39:00.700 +05:30  INF  Executed endpoint 'DCRM.Api.Controllers.UserController.Create (DCRM.Api)'
2023-09-17 00:39:00.750 +05:30  INF  Request finished HTTP/2 POST https://localhost:7069/api/User/Create application/json 121 - 500 - application/json 200.4472ms
2023-09-17 00:39:10.929 +05:30  INF  Request starting HTTP/2 OPTIONS https://localhost:7069/api/User/Create - -
2023-09-17 00:39:10.930 +05:30  INF  CORS policy execution successful.
2023-09-17 00:39:10.930 +05:30  INF  Request finished HTTP/2 OPTIONS https://localhost:7069/api/User/Create - - - 204 - - 0.3944ms
2023-09-17 00:39:10.931 +05:30  INF  Request starting HTTP/2 POST https://localhost:7069/api/User/Create application/json 123
2023-09-17 00:39:10.931 +05:30  INF  CORS policy execution successful.
2023-09-17 00:39:10.931 +05:30  INF  Executing endpoint 'DCRM.Api.Controllers.UserController.Create (DCRM.Api)'
2023-09-17 00:39:10.931 +05:30  INF  Route matched with {action = "Create", controller = "User"}. Executing controller action with signature System.Threading.Tasks.Task`1[Microsoft.AspNetCore.Mvc.IActionResult] Create(DCRM.Common.RequestModel.UserRequest) on controller DCRM.Api.Controllers.UserController (DCRM.Api).
2023-09-17 00:39:10.935 +05:30  INF  Executed DbCommand (1ms) [Parameters=[@__user_Email_0='?' (Size = 4000)], CommandType='"Text"', CommandTimeout='30']
SELECT `u`.`Id`, `u`.`About_Me`, `u`.`Account_Type`, `u`.`Address`, `u`.`Available_Days`, `u`.`Bn_Name`, `u`.`City`, `u`.`Country`, `u`.`Created_At`, `u`.`Currency`, `u`.`Degree`, `u`.`Email`, `u`.`Email_Verified`, `u`.`Enable_Appointment`, `u`.`Enable_Rating`, `u`.`Exp_Years`, `u`.`Facebook`, `u`.`Google_Analytics`, `u`.`Image`, `u`.`Instagram`, `u`.`Linkedin`, `u`.`Name`, `u`.`Parent_Id`, `u`.`Password`, `u`.`Paypal_Email`, `u`.`Paypal_Mode`, `u`.`Paypal_Payment`, `u`.`Paystack_Payment`, `u`.`Paystack_Public_Key`, `u`.`Paystack_Secret_Key`, `u`.`Phone`, `u`.`Publish_Key`, `u`.`Qr_Code`, `u`.`Razorpay_Key_Id`, `u`.`Razorpay_Key_Secret`, `u`.`Razorpay_Payment`, `u`.`Role`, `u`.`Secret_Key`, `u`.`Skype`, `u`.`Slug`, `u`.`Specialist`, `u`.`Status`, `u`.`Stripe_Payment`, `u`.`Thumb`, `u`.`Trial_Expire`, `u`.`Twitter`, `u`.`User_Name`, `u`.`User_Type`, `u`.`Verify_Code`, `u`.`Whatsapp`
FROM `Users` AS `u`
WHERE `u`.`Email` = @__user_Email_0
LIMIT 1
2023-09-17 00:39:10.941 +05:30  INF  Executed DbCommand (4ms) [Parameters=[@p0='?' (Size = 4000), @p1='?' (Size = 4000), @p2='?' (Size = 4000), @p3='?' (Size = 4000), @p4='?' (Size = 4000), @p5='?' (Size = 4000), @p6='?' (DbType = Int32), @p7='?' (DbType = DateTime), @p8='?' (Size = 4000), @p9='?' (Size = 4000), @p10='?' (Size = 4000), @p11='?' (DbType = Int32), @p12='?' (DbType = Int32), @p13='?' (DbType = Int32), @p14='?' (DbType = Int32), @p15='?' (Size = 4000), @p16='?' (Size = 4000), @p17='?' (Size = 4000), @p18='?' (Size = 4000), @p19='?' (Size = 4000), @p20='?' (Size = 4000), @p21='?' (DbType = Int32), @p22='?' (Size = 4000), @p23='?' (Size = 4000), @p24='?' (Size = 4000), @p25='?' (DbType = Int32), @p26='?' (Size = 4000), @p27='?' (Size = 4000), @p28='?' (Size = 4000), @p29='?' (Size = 4000), @p30='?' (Size = 4000), @p31='?' (Size = 4000), @p32='?' (Size = 4000), @p33='?' (Size = 4000), @p34='?' (Size = 4000), @p35='?' (Size = 4000), @p36='?' (Size = 4000), @p37='?' (Size = 4000), @p38='?' (Size = 4000), @p39='?' (Size = 4000), @p40='?' (DbType = Int32), @p41='?' (DbType = Int32), @p42='?' (Size = 4000), @p43='?' (DbType = DateTime), @p44='?' (Size = 4000), @p45='?' (Size = 4000), @p46='?' (Size = 4000), @p47='?' (Size = 4000), @p48='?' (Size = 4000)], CommandType='"Text"', CommandTimeout='30']
INSERT INTO `Users` (`About_Me`, `Account_Type`, `Address`, `Available_Days`, `Bn_Name`, `City`, `Country`, `Created_At`, `Currency`, `Degree`, `Email`, `Email_Verified`, `Enable_Appointment`, `Enable_Rating`, `Exp_Years`, `Facebook`, `Google_Analytics`, `Image`, `Instagram`, `Linkedin`, `Name`, `Parent_Id`, `Password`, `Paypal_Email`, `Paypal_Mode`, `Paypal_Payment`, `Paystack_Payment`, `Paystack_Public_Key`, `Paystack_Secret_Key`, `Phone`, `Publish_Key`, `Qr_Code`, `Razorpay_Key_Id`, `Razorpay_Key_Secret`, `Razorpay_Payment`, `Role`, `Secret_Key`, `Skype`, `Slug`, `Specialist`, `Status`, `Stripe_Payment`, `Thumb`, `Trial_Expire`, `Twitter`, `User_Name`, `User_Type`, `Verify_Code`, `Whatsapp`)
VALUES (@p0, @p1, @p2, @p3, @p4, @p5, @p6, @p7, @p8, @p9, @p10, @p11, @p12, @p13, @p14, @p15, @p16, @p17, @p18, @p19, @p20, @p21, @p22, @p23, @p24, @p25, @p26, @p27, @p28, @p29, @p30, @p31, @p32, @p33, @p34, @p35, @p36, @p37, @p38, @p39, @p40, @p41, @p42, @p43, @p44, @p45, @p46, @p47, @p48);
SELECT `Id`
FROM `Users`
WHERE ROW_COUNT() = 1 AND `Id` = LAST_INSERT_ID();
2023-09-17 00:39:10.945 +05:30  INF  Executing OkObjectResult, writing value of type 'System.String'.
2023-09-17 00:39:10.945 +05:30  INF  Executed action DCRM.Api.Controllers.UserController.Create (DCRM.Api) in 13.5673ms
2023-09-17 00:39:10.945 +05:30  INF  Executed endpoint 'DCRM.Api.Controllers.UserController.Create (DCRM.Api)'
2023-09-17 00:39:10.945 +05:30  INF  Request finished HTTP/2 POST https://localhost:7069/api/User/Create application/json 123 - 200 - text/plain;+charset=utf-8 14.5158ms
2023-09-17 00:40:06.012 +05:30  INF  Request starting HTTP/2 OPTIONS https://localhost:7069/api/Authenticate/user - -
2023-09-17 00:40:06.013 +05:30  INF  CORS policy execution successful.
2023-09-17 00:40:06.013 +05:30  INF  Request finished HTTP/2 OPTIONS https://localhost:7069/api/Authenticate/user - - - 204 - - 1.5105ms
2023-09-17 00:40:06.015 +05:30  INF  Request starting HTTP/2 POST https://localhost:7069/api/Authenticate/user application/json 53
2023-09-17 00:40:06.028 +05:30  INF  CORS policy execution successful.
2023-09-17 00:40:06.029 +05:30  INF  Executing endpoint 'DCRM.Api.Controllers.AuthenticateController.Post (DCRM.Api)'
2023-09-17 00:40:06.194 +05:30  INF  Route matched with {action = "Post", controller = "Authenticate"}. Executing controller action with signature Microsoft.AspNetCore.Mvc.IActionResult Post(System.String, DCRM.Common.AuthenticateRequest) on controller DCRM.Api.Controllers.AuthenticateController (DCRM.Api).
2023-09-17 00:40:06.442 +05:30  INF  Executed DbCommand (1ms) [Parameters=[@__authenticateRequest_Email_0='?' (Size = 4000), @__authenticateRequest_Password_1='?' (Size = 4000)], CommandType='"Text"', CommandTimeout='30']
SELECT `u`.`Id`, `u`.`About_Me`, `u`.`Account_Type`, `u`.`Address`, `u`.`Available_Days`, `u`.`Bn_Name`, `u`.`City`, `u`.`Country`, `u`.`Created_At`, `u`.`Currency`, `u`.`Degree`, `u`.`Email`, `u`.`Email_Verified`, `u`.`Enable_Appointment`, `u`.`Enable_Rating`, `u`.`Exp_Years`, `u`.`Facebook`, `u`.`Google_Analytics`, `u`.`Image`, `u`.`Instagram`, `u`.`Linkedin`, `u`.`Name`, `u`.`Parent_Id`, `u`.`Password`, `u`.`Paypal_Email`, `u`.`Paypal_Mode`, `u`.`Paypal_Payment`, `u`.`Paystack_Payment`, `u`.`Paystack_Public_Key`, `u`.`Paystack_Secret_Key`, `u`.`Phone`, `u`.`Publish_Key`, `u`.`Qr_Code`, `u`.`Razorpay_Key_Id`, `u`.`Razorpay_Key_Secret`, `u`.`Razorpay_Payment`, `u`.`Role`, `u`.`Secret_Key`, `u`.`Skype`, `u`.`Slug`, `u`.`Specialist`, `u`.`Status`, `u`.`Stripe_Payment`, `u`.`Thumb`, `u`.`Trial_Expire`, `u`.`Twitter`, `u`.`User_Name`, `u`.`User_Type`, `u`.`Verify_Code`, `u`.`Whatsapp`
FROM `Users` AS `u`
WHERE ((`u`.`Status` = 1) AND (`u`.`Email` = @__authenticateRequest_Email_0)) AND (`u`.`Password` = @__authenticateRequest_Password_1)
LIMIT 2
2023-09-17 00:40:12.293 +05:30  INF  Executed action DCRM.Api.Controllers.AuthenticateController.Post (DCRM.Api) in 6099.2868ms
2023-09-17 00:40:12.294 +05:30  INF  Executed endpoint 'DCRM.Api.Controllers.AuthenticateController.Post (DCRM.Api)'
2023-09-17 00:40:12.349 +05:30  INF  Request finished HTTP/2 POST https://localhost:7069/api/Authenticate/user application/json 53 - 400 - application/json 6333.8626ms
2023-09-17 00:40:17.954 +05:30  INF  Request starting HTTP/2 OPTIONS https://localhost:7069/api/Authenticate/user - -
2023-09-17 00:40:17.954 +05:30  INF  CORS policy execution successful.
2023-09-17 00:40:17.954 +05:30  INF  Request finished HTTP/2 OPTIONS https://localhost:7069/api/Authenticate/user - - - 204 - - 0.3419ms
2023-09-17 00:40:17.957 +05:30  INF  Request starting HTTP/2 POST https://localhost:7069/api/Authenticate/user application/json 55
2023-09-17 00:40:17.957 +05:30  INF  CORS policy execution successful.
2023-09-17 00:40:17.958 +05:30  INF  Executing endpoint 'DCRM.Api.Controllers.AuthenticateController.Post (DCRM.Api)'
2023-09-17 00:40:17.958 +05:30  INF  Route matched with {action = "Post", controller = "Authenticate"}. Executing controller action with signature Microsoft.AspNetCore.Mvc.IActionResult Post(System.String, DCRM.Common.AuthenticateRequest) on controller DCRM.Api.Controllers.AuthenticateController (DCRM.Api).
2023-09-17 00:40:17.967 +05:30  INF  Executed DbCommand (3ms) [Parameters=[@__authenticateRequest_Email_0='?' (Size = 4000), @__authenticateRequest_Password_1='?' (Size = 4000)], CommandType='"Text"', CommandTimeout='30']
SELECT `u`.`Id`, `u`.`About_Me`, `u`.`Account_Type`, `u`.`Address`, `u`.`Available_Days`, `u`.`Bn_Name`, `u`.`City`, `u`.`Country`, `u`.`Created_At`, `u`.`Currency`, `u`.`Degree`, `u`.`Email`, `u`.`Email_Verified`, `u`.`Enable_Appointment`, `u`.`Enable_Rating`, `u`.`Exp_Years`, `u`.`Facebook`, `u`.`Google_Analytics`, `u`.`Image`, `u`.`Instagram`, `u`.`Linkedin`, `u`.`Name`, `u`.`Parent_Id`, `u`.`Password`, `u`.`Paypal_Email`, `u`.`Paypal_Mode`, `u`.`Paypal_Payment`, `u`.`Paystack_Payment`, `u`.`Paystack_Public_Key`, `u`.`Paystack_Secret_Key`, `u`.`Phone`, `u`.`Publish_Key`, `u`.`Qr_Code`, `u`.`Razorpay_Key_Id`, `u`.`Razorpay_Key_Secret`, `u`.`Razorpay_Payment`, `u`.`Role`, `u`.`Secret_Key`, `u`.`Skype`, `u`.`Slug`, `u`.`Specialist`, `u`.`Status`, `u`.`Stripe_Payment`, `u`.`Thumb`, `u`.`Trial_Expire`, `u`.`Twitter`, `u`.`User_Name`, `u`.`User_Type`, `u`.`Verify_Code`, `u`.`Whatsapp`
FROM `Users` AS `u`
WHERE ((`u`.`Status` = 1) AND (`u`.`Email` = @__authenticateRequest_Email_0)) AND (`u`.`Password` = @__authenticateRequest_Password_1)
LIMIT 2
2023-09-17 00:40:20.427 +05:30  INF  Executed action DCRM.Api.Controllers.AuthenticateController.Post (DCRM.Api) in 2469.5051ms
2023-09-17 00:40:20.428 +05:30  INF  Executed endpoint 'DCRM.Api.Controllers.AuthenticateController.Post (DCRM.Api)'
2023-09-17 00:40:20.477 +05:30  INF  Request finished HTTP/2 POST https://localhost:7069/api/Authenticate/user application/json 55 - 400 - application/json 2520.4659ms
2023-09-17 00:40:43.667 +05:30  INF  Request starting HTTP/2 OPTIONS https://localhost:7069/api/Authenticate/user - -
2023-09-17 00:40:43.667 +05:30  INF  CORS policy execution successful.
2023-09-17 00:40:43.667 +05:30  INF  Request finished HTTP/2 OPTIONS https://localhost:7069/api/Authenticate/user - - - 204 - - 0.9834ms
2023-09-17 00:40:43.682 +05:30  INF  Request starting HTTP/2 POST https://localhost:7069/api/Authenticate/user application/json 56
2023-09-17 00:40:43.682 +05:30  INF  CORS policy execution successful.
2023-09-17 00:40:43.685 +05:30  INF  Executing endpoint 'DCRM.Api.Controllers.AuthenticateController.Post (DCRM.Api)'
2023-09-17 00:40:43.685 +05:30  INF  Route matched with {action = "Post", controller = "Authenticate"}. Executing controller action with signature Microsoft.AspNetCore.Mvc.IActionResult Post(System.String, DCRM.Common.AuthenticateRequest) on controller DCRM.Api.Controllers.AuthenticateController (DCRM.Api).
2023-09-17 00:40:43.690 +05:30  INF  Executed DbCommand (1ms) [Parameters=[@__authenticateRequest_Email_0='?' (Size = 4000), @__authenticateRequest_Password_1='?' (Size = 4000)], CommandType='"Text"', CommandTimeout='30']
SELECT `u`.`Id`, `u`.`About_Me`, `u`.`Account_Type`, `u`.`Address`, `u`.`Available_Days`, `u`.`Bn_Name`, `u`.`City`, `u`.`Country`, `u`.`Created_At`, `u`.`Currency`, `u`.`Degree`, `u`.`Email`, `u`.`Email_Verified`, `u`.`Enable_Appointment`, `u`.`Enable_Rating`, `u`.`Exp_Years`, `u`.`Facebook`, `u`.`Google_Analytics`, `u`.`Image`, `u`.`Instagram`, `u`.`Linkedin`, `u`.`Name`, `u`.`Parent_Id`, `u`.`Password`, `u`.`Paypal_Email`, `u`.`Paypal_Mode`, `u`.`Paypal_Payment`, `u`.`Paystack_Payment`, `u`.`Paystack_Public_Key`, `u`.`Paystack_Secret_Key`, `u`.`Phone`, `u`.`Publish_Key`, `u`.`Qr_Code`, `u`.`Razorpay_Key_Id`, `u`.`Razorpay_Key_Secret`, `u`.`Razorpay_Payment`, `u`.`Role`, `u`.`Secret_Key`, `u`.`Skype`, `u`.`Slug`, `u`.`Specialist`, `u`.`Status`, `u`.`Stripe_Payment`, `u`.`Thumb`, `u`.`Trial_Expire`, `u`.`Twitter`, `u`.`User_Name`, `u`.`User_Type`, `u`.`Verify_Code`, `u`.`Whatsapp`
FROM `Users` AS `u`
WHERE ((`u`.`Status` = 1) AND (`u`.`Email` = @__authenticateRequest_Email_0)) AND (`u`.`Password` = @__authenticateRequest_Password_1)
LIMIT 2
2023-09-17 00:40:46.477 +05:30  INF  Executed action DCRM.Api.Controllers.AuthenticateController.Post (DCRM.Api) in 2791.8633ms
2023-09-17 00:40:46.478 +05:30  INF  Executed endpoint 'DCRM.Api.Controllers.AuthenticateController.Post (DCRM.Api)'
2023-09-17 00:40:46.528 +05:30  INF  Request finished HTTP/2 POST https://localhost:7069/api/Authenticate/user application/json 56 - 400 - application/json 2845.7906ms
2023-09-17 00:41:05.605 +05:30  INF  Request starting HTTP/2 OPTIONS https://localhost:7069/api/Authenticate/user - -
2023-09-17 00:41:05.605 +05:30  INF  CORS policy execution successful.
2023-09-17 00:41:05.606 +05:30  INF  Request finished HTTP/2 OPTIONS https://localhost:7069/api/Authenticate/user - - - 204 - - 0.4400ms
2023-09-17 00:41:05.607 +05:30  INF  Request starting HTTP/2 POST https://localhost:7069/api/Authenticate/user application/json 56
2023-09-17 00:41:05.607 +05:30  INF  CORS policy execution successful.
2023-09-17 00:41:05.608 +05:30  INF  Executing endpoint 'DCRM.Api.Controllers.AuthenticateController.Post (DCRM.Api)'
2023-09-17 00:41:05.608 +05:30  INF  Route matched with {action = "Post", controller = "Authenticate"}. Executing controller action with signature Microsoft.AspNetCore.Mvc.IActionResult Post(System.String, DCRM.Common.AuthenticateRequest) on controller DCRM.Api.Controllers.AuthenticateController (DCRM.Api).
2023-09-17 00:41:54.880 +05:30  INF  Executed DbCommand (25ms) [Parameters=[@__authenticateRequest_Email_0='?' (Size = 4000), @__authenticateRequest_Password_1='?' (Size = 4000)], CommandType='"Text"', CommandTimeout='30']
SELECT `u`.`Id`, `u`.`About_Me`, `u`.`Account_Type`, `u`.`Address`, `u`.`Available_Days`, `u`.`Bn_Name`, `u`.`City`, `u`.`Country`, `u`.`Created_At`, `u`.`Currency`, `u`.`Degree`, `u`.`Email`, `u`.`Email_Verified`, `u`.`Enable_Appointment`, `u`.`Enable_Rating`, `u`.`Exp_Years`, `u`.`Facebook`, `u`.`Google_Analytics`, `u`.`Image`, `u`.`Instagram`, `u`.`Linkedin`, `u`.`Name`, `u`.`Parent_Id`, `u`.`Password`, `u`.`Paypal_Email`, `u`.`Paypal_Mode`, `u`.`Paypal_Payment`, `u`.`Paystack_Payment`, `u`.`Paystack_Public_Key`, `u`.`Paystack_Secret_Key`, `u`.`Phone`, `u`.`Publish_Key`, `u`.`Qr_Code`, `u`.`Razorpay_Key_Id`, `u`.`Razorpay_Key_Secret`, `u`.`Razorpay_Payment`, `u`.`Role`, `u`.`Secret_Key`, `u`.`Skype`, `u`.`Slug`, `u`.`Specialist`, `u`.`Status`, `u`.`Stripe_Payment`, `u`.`Thumb`, `u`.`Trial_Expire`, `u`.`Twitter`, `u`.`User_Name`, `u`.`User_Type`, `u`.`Verify_Code`, `u`.`Whatsapp`
FROM `Users` AS `u`
WHERE ((`u`.`Status` = 1) AND (`u`.`Email` = @__authenticateRequest_Email_0)) AND (`u`.`Password` = @__authenticateRequest_Password_1)
LIMIT 2
2023-09-17 00:41:55.850 +05:30  INF  Executed action DCRM.Api.Controllers.AuthenticateController.Post (DCRM.Api) in 50242.0887ms
2023-09-17 00:41:55.851 +05:30  INF  Executed endpoint 'DCRM.Api.Controllers.AuthenticateController.Post (DCRM.Api)'
2023-09-17 00:41:55.902 +05:30  INF  Request finished HTTP/2 POST https://localhost:7069/api/Authenticate/user application/json 56 - 400 - application/json 50295.1688ms
2023-09-17 00:44:25.547 +05:30  INF  Request starting HTTP/2 OPTIONS https://localhost:7069/api/Authenticate/user - -
2023-09-17 00:44:25.548 +05:30  INF  CORS policy execution successful.
2023-09-17 00:44:25.555 +05:30  INF  Request finished HTTP/2 OPTIONS https://localhost:7069/api/Authenticate/user - - - 204 - - 7.9414ms
2023-09-17 00:44:25.567 +05:30  INF  Request starting HTTP/2 POST https://localhost:7069/api/Authenticate/user application/json 55
2023-09-17 00:44:25.569 +05:30  INF  CORS policy execution successful.
2023-09-17 00:44:25.569 +05:30  INF  Executing endpoint 'DCRM.Api.Controllers.AuthenticateController.Post (DCRM.Api)'
2023-09-17 00:44:25.569 +05:30  INF  Route matched with {action = "Post", controller = "Authenticate"}. Executing controller action with signature Microsoft.AspNetCore.Mvc.IActionResult Post(System.String, DCRM.Common.AuthenticateRequest) on controller DCRM.Api.Controllers.AuthenticateController (DCRM.Api).
2023-09-17 00:44:27.657 +05:30  INF  Executed DbCommand (1ms) [Parameters=[@__authenticateRequest_Email_0='?' (Size = 4000), @__authenticateRequest_Password_1='?' (Size = 4000)], CommandType='"Text"', CommandTimeout='30']
SELECT `u`.`Id`, `u`.`About_Me`, `u`.`Account_Type`, `u`.`Address`, `u`.`Available_Days`, `u`.`Bn_Name`, `u`.`City`, `u`.`Country`, `u`.`Created_At`, `u`.`Currency`, `u`.`Degree`, `u`.`Email`, `u`.`Email_Verified`, `u`.`Enable_Appointment`, `u`.`Enable_Rating`, `u`.`Exp_Years`, `u`.`Facebook`, `u`.`Google_Analytics`, `u`.`Image`, `u`.`Instagram`, `u`.`Linkedin`, `u`.`Name`, `u`.`Parent_Id`, `u`.`Password`, `u`.`Paypal_Email`, `u`.`Paypal_Mode`, `u`.`Paypal_Payment`, `u`.`Paystack_Payment`, `u`.`Paystack_Public_Key`, `u`.`Paystack_Secret_Key`, `u`.`Phone`, `u`.`Publish_Key`, `u`.`Qr_Code`, `u`.`Razorpay_Key_Id`, `u`.`Razorpay_Key_Secret`, `u`.`Razorpay_Payment`, `u`.`Role`, `u`.`Secret_Key`, `u`.`Skype`, `u`.`Slug`, `u`.`Specialist`, `u`.`Status`, `u`.`Stripe_Payment`, `u`.`Thumb`, `u`.`Trial_Expire`, `u`.`Twitter`, `u`.`User_Name`, `u`.`User_Type`, `u`.`Verify_Code`, `u`.`Whatsapp`
FROM `Users` AS `u`
WHERE ((`u`.`Status` = 1) AND (`u`.`Email` = @__authenticateRequest_Email_0)) AND (`u`.`Password` = @__authenticateRequest_Password_1)
LIMIT 2
2023-09-17 00:44:28.792 +05:30  INF  Executed action DCRM.Api.Controllers.AuthenticateController.Post (DCRM.Api) in 3222.4461ms
2023-09-17 00:44:28.792 +05:30  INF  Executed endpoint 'DCRM.Api.Controllers.AuthenticateController.Post (DCRM.Api)'
2023-09-17 00:44:28.846 +05:30  INF  Request finished HTTP/2 POST https://localhost:7069/api/Authenticate/user application/json 55 - 400 - application/json 3279.0644ms
2023-09-17 00:44:31.213 +05:30  INF  Request starting HTTP/2 OPTIONS https://localhost:7069/api/Authenticate/user - -
2023-09-17 00:44:31.213 +05:30  INF  CORS policy execution successful.
2023-09-17 00:44:31.213 +05:30  INF  Request finished HTTP/2 OPTIONS https://localhost:7069/api/Authenticate/user - - - 204 - - 0.5283ms
2023-09-17 00:44:31.215 +05:30  INF  Request starting HTTP/2 POST https://localhost:7069/api/Authenticate/user application/json 55
2023-09-17 00:44:31.215 +05:30  INF  CORS policy execution successful.
2023-09-17 00:44:31.216 +05:30  INF  Executing endpoint 'DCRM.Api.Controllers.AuthenticateController.Post (DCRM.Api)'
2023-09-17 00:44:31.216 +05:30  INF  Route matched with {action = "Post", controller = "Authenticate"}. Executing controller action with signature Microsoft.AspNetCore.Mvc.IActionResult Post(System.String, DCRM.Common.AuthenticateRequest) on controller DCRM.Api.Controllers.AuthenticateController (DCRM.Api).
2023-09-17 00:44:40.737 +05:30  INF  Executed DbCommand (2ms) [Parameters=[@__authenticateRequest_Email_0='?' (Size = 4000), @__authenticateRequest_Password_1='?' (Size = 4000)], CommandType='"Text"', CommandTimeout='30']
SELECT `u`.`Id`, `u`.`About_Me`, `u`.`Account_Type`, `u`.`Address`, `u`.`Available_Days`, `u`.`Bn_Name`, `u`.`City`, `u`.`Country`, `u`.`Created_At`, `u`.`Currency`, `u`.`Degree`, `u`.`Email`, `u`.`Email_Verified`, `u`.`Enable_Appointment`, `u`.`Enable_Rating`, `u`.`Exp_Years`, `u`.`Facebook`, `u`.`Google_Analytics`, `u`.`Image`, `u`.`Instagram`, `u`.`Linkedin`, `u`.`Name`, `u`.`Parent_Id`, `u`.`Password`, `u`.`Paypal_Email`, `u`.`Paypal_Mode`, `u`.`Paypal_Payment`, `u`.`Paystack_Payment`, `u`.`Paystack_Public_Key`, `u`.`Paystack_Secret_Key`, `u`.`Phone`, `u`.`Publish_Key`, `u`.`Qr_Code`, `u`.`Razorpay_Key_Id`, `u`.`Razorpay_Key_Secret`, `u`.`Razorpay_Payment`, `u`.`Role`, `u`.`Secret_Key`, `u`.`Skype`, `u`.`Slug`, `u`.`Specialist`, `u`.`Status`, `u`.`Stripe_Payment`, `u`.`Thumb`, `u`.`Trial_Expire`, `u`.`Twitter`, `u`.`User_Name`, `u`.`User_Type`, `u`.`Verify_Code`, `u`.`Whatsapp`
FROM `Users` AS `u`
WHERE ((`u`.`Status` = 1) AND (`u`.`Email` = @__authenticateRequest_Email_0)) AND (`u`.`Password` = @__authenticateRequest_Password_1)
LIMIT 2
2023-09-17 00:45:10.499 +05:30  INF  Executed action DCRM.Api.Controllers.AuthenticateController.Post (DCRM.Api) in 39282.8057ms
2023-09-17 00:45:10.499 +05:30  INF  Executed endpoint 'DCRM.Api.Controllers.AuthenticateController.Post (DCRM.Api)'
2023-09-17 00:45:10.551 +05:30  INF  Request finished HTTP/2 POST https://localhost:7069/api/Authenticate/user application/json 55 - 400 - application/json 39337.0870ms
2023-09-17 00:45:16.096 +05:30  INF  Request starting HTTP/2 OPTIONS https://localhost:7069/api/Authenticate/user - -
2023-09-17 00:45:16.096 +05:30  INF  CORS policy execution successful.
2023-09-17 00:45:16.096 +05:30  INF  Request finished HTTP/2 OPTIONS https://localhost:7069/api/Authenticate/user - - - 204 - - 0.4117ms
2023-09-17 00:45:16.098 +05:30  INF  Request starting HTTP/2 POST https://localhost:7069/api/Authenticate/user application/json 53
2023-09-17 00:45:16.098 +05:30  INF  CORS policy execution successful.
2023-09-17 00:45:16.098 +05:30  INF  Executing endpoint 'DCRM.Api.Controllers.AuthenticateController.Post (DCRM.Api)'
2023-09-17 00:45:16.098 +05:30  INF  Route matched with {action = "Post", controller = "Authenticate"}. Executing controller action with signature Microsoft.AspNetCore.Mvc.IActionResult Post(System.String, DCRM.Common.AuthenticateRequest) on controller DCRM.Api.Controllers.AuthenticateController (DCRM.Api).
2023-09-17 00:45:20.487 +05:30  INF  Executed DbCommand (1ms) [Parameters=[@__authenticateRequest_Email_0='?' (Size = 4000), @__authenticateRequest_Password_1='?' (Size = 4000)], CommandType='"Text"', CommandTimeout='30']
SELECT `u`.`Id`, `u`.`About_Me`, `u`.`Account_Type`, `u`.`Address`, `u`.`Available_Days`, `u`.`Bn_Name`, `u`.`City`, `u`.`Country`, `u`.`Created_At`, `u`.`Currency`, `u`.`Degree`, `u`.`Email`, `u`.`Email_Verified`, `u`.`Enable_Appointment`, `u`.`Enable_Rating`, `u`.`Exp_Years`, `u`.`Facebook`, `u`.`Google_Analytics`, `u`.`Image`, `u`.`Instagram`, `u`.`Linkedin`, `u`.`Name`, `u`.`Parent_Id`, `u`.`Password`, `u`.`Paypal_Email`, `u`.`Paypal_Mode`, `u`.`Paypal_Payment`, `u`.`Paystack_Payment`, `u`.`Paystack_Public_Key`, `u`.`Paystack_Secret_Key`, `u`.`Phone`, `u`.`Publish_Key`, `u`.`Qr_Code`, `u`.`Razorpay_Key_Id`, `u`.`Razorpay_Key_Secret`, `u`.`Razorpay_Payment`, `u`.`Role`, `u`.`Secret_Key`, `u`.`Skype`, `u`.`Slug`, `u`.`Specialist`, `u`.`Status`, `u`.`Stripe_Payment`, `u`.`Thumb`, `u`.`Trial_Expire`, `u`.`Twitter`, `u`.`User_Name`, `u`.`User_Type`, `u`.`Verify_Code`, `u`.`Whatsapp`
FROM `Users` AS `u`
WHERE ((`u`.`Status` = 1) AND (`u`.`Email` = @__authenticateRequest_Email_0)) AND (`u`.`Password` = @__authenticateRequest_Password_1)
LIMIT 2
2023-09-17 00:45:23.866 +05:30  INF  Executing OkObjectResult, writing value of type 'DCRM.Common.AuthenticateResponse'.
2023-09-17 00:45:23.912 +05:30  INF  Executed action DCRM.Api.Controllers.AuthenticateController.Post (DCRM.Api) in 7813.6729ms
2023-09-17 00:45:23.912 +05:30  INF  Executed endpoint 'DCRM.Api.Controllers.AuthenticateController.Post (DCRM.Api)'
2023-09-17 00:45:23.912 +05:30  INF  Request finished HTTP/2 POST https://localhost:7069/api/Authenticate/user application/json 53 - 200 - application/json;+charset=utf-8 7814.5688ms
2023-09-17 01:46:19.046 +05:30  INF  Request starting HTTP/2 OPTIONS https://localhost:7069/api/Authenticate/user - -
2023-09-17 01:46:19.086 +05:30  INF  CORS policy execution successful.
2023-09-17 01:46:19.092 +05:30  INF  Request finished HTTP/2 OPTIONS https://localhost:7069/api/Authenticate/user - - - 204 - - 55.7124ms
2023-09-17 01:46:19.095 +05:30  INF  Request starting HTTP/2 POST https://localhost:7069/api/Authenticate/user application/json 48
2023-09-17 01:46:19.104 +05:30  INF  CORS policy execution successful.
2023-09-17 01:46:19.195 +05:30  INF  Executing endpoint 'DCRM.Api.Controllers.AuthenticateController.Post (DCRM.Api)'
2023-09-17 01:46:19.222 +05:30  INF  Route matched with {action = "Post", controller = "Authenticate"}. Executing controller action with signature Microsoft.AspNetCore.Mvc.IActionResult Post(System.String, DCRM.Common.AuthenticateRequest) on controller DCRM.Api.Controllers.AuthenticateController (DCRM.Api).
2023-09-17 01:46:26.705 +05:30  INF  Executed DbCommand (73ms) [Parameters=[@__authenticateRequest_Email_0='?' (Size = 4000), @__authenticateRequest_Password_1='?' (Size = 4000)], CommandType='"Text"', CommandTimeout='30']
SELECT `u`.`Id`, `u`.`About_Me`, `u`.`Account_Type`, `u`.`Address`, `u`.`Available_Days`, `u`.`Bn_Name`, `u`.`City`, `u`.`Country`, `u`.`Created_At`, `u`.`Currency`, `u`.`Degree`, `u`.`Email`, `u`.`Email_Verified`, `u`.`Enable_Appointment`, `u`.`Enable_Rating`, `u`.`Exp_Years`, `u`.`Facebook`, `u`.`Google_Analytics`, `u`.`Image`, `u`.`Instagram`, `u`.`Linkedin`, `u`.`Name`, `u`.`Parent_Id`, `u`.`Password`, `u`.`Paypal_Email`, `u`.`Paypal_Mode`, `u`.`Paypal_Payment`, `u`.`Paystack_Payment`, `u`.`Paystack_Public_Key`, `u`.`Paystack_Secret_Key`, `u`.`Phone`, `u`.`Publish_Key`, `u`.`Qr_Code`, `u`.`Razorpay_Key_Id`, `u`.`Razorpay_Key_Secret`, `u`.`Razorpay_Payment`, `u`.`Role`, `u`.`Secret_Key`, `u`.`Skype`, `u`.`Slug`, `u`.`Specialist`, `u`.`Status`, `u`.`Stripe_Payment`, `u`.`Thumb`, `u`.`Trial_Expire`, `u`.`Twitter`, `u`.`User_Name`, `u`.`User_Type`, `u`.`Verify_Code`, `u`.`Whatsapp`
FROM `Users` AS `u`
WHERE ((`u`.`Status` = 1) AND (`u`.`Email` = @__authenticateRequest_Email_0)) AND (`u`.`Password` = @__authenticateRequest_Password_1)
LIMIT 2
2023-09-17 01:46:26.785 +05:30  INF  Executing OkObjectResult, writing value of type 'DCRM.Common.AuthenticateResponse'.
2023-09-17 01:46:26.809 +05:30  INF  Executed action DCRM.Api.Controllers.AuthenticateController.Post (DCRM.Api) in 7584.8648ms
2023-09-17 01:46:26.809 +05:30  INF  Executed endpoint 'DCRM.Api.Controllers.AuthenticateController.Post (DCRM.Api)'
2023-09-17 01:46:26.810 +05:30  INF  Request finished HTTP/2 POST https://localhost:7069/api/Authenticate/user application/json 48 - 200 - application/json;+charset=utf-8 7715.1836ms
2023-09-17 13:49:08.612 +05:30  INF  User profile is available. Using 'C:\Users\DELL\AppData\Local\ASP.NET\DataProtection-Keys' as key repository and Windows DPAPI to encrypt keys at rest.
2023-09-17 13:49:19.914 +05:30  INF  Now listening on: https://localhost:7069
2023-09-17 13:49:19.914 +05:30  INF  Now listening on: http://localhost:5069
2023-09-17 13:49:19.917 +05:30  INF  Application started. Press Ctrl+C to shut down.
2023-09-17 13:49:19.918 +05:30  INF  Hosting environment: Development
2023-09-17 13:49:19.918 +05:30  INF  Content root path: D:\Projects\GitHubProjects\virmani_dotnet\DCRM.Api\
2023-09-17 13:49:27.852 +05:30  INF  Request starting HTTP/2 GET https://localhost:7069/swagger - -
2023-09-17 13:49:28.779 +05:30  INF  Request starting HTTP/2 GET https://localhost:7069/swagger/index.html - -
2023-09-17 13:49:28.841 +05:30  INF  Request finished HTTP/2 GET https://localhost:7069/swagger - - - 301 0 - 934.3803ms
2023-09-17 13:49:31.548 +05:30  INF  Request starting HTTP/2 GET https://localhost:7069/swagger/swagger-ui-bundle.js - -
2023-09-17 13:49:31.548 +05:30  INF  Request starting HTTP/2 GET https://localhost:7069/_framework/aspnetcore-browser-refresh.js - -
2023-09-17 13:49:31.548 +05:30  INF  Request starting HTTP/2 GET https://localhost:7069/_vs/browserLink - -
2023-09-17 13:49:31.548 +05:30  INF  Request starting HTTP/2 GET https://localhost:7069/swagger/swagger-ui-standalone-preset.js - -
2023-09-17 13:49:31.549 +05:30  INF  Request starting HTTP/2 GET https://localhost:7069/swagger/swagger-ui.css - -
2023-09-17 13:49:31.553 +05:30  INF  Request finished HTTP/2 GET https://localhost:7069/swagger/index.html - - - 200 - text/html;charset=utf-8 2774.3336ms
2023-09-17 13:49:31.632 +05:30  INF  Request finished HTTP/2 GET https://localhost:7069/_framework/aspnetcore-browser-refresh.js - - - 200 12348 application/javascript;+charset=utf-8 84.2032ms
2023-09-17 13:49:31.793 +05:30  INF  Sending file. Request path: '/swagger-ui.css'. Physical path: 'N/A'
2023-09-17 13:49:31.793 +05:30  INF  Request finished HTTP/2 GET https://localhost:7069/swagger/swagger-ui.css - - - 200 143632 text/css 244.7659ms
2023-09-17 13:49:31.911 +05:30  INF  Sending file. Request path: '/swagger-ui-standalone-preset.js'. Physical path: 'N/A'
2023-09-17 13:49:31.911 +05:30  INF  Request finished HTTP/2 GET https://localhost:7069/swagger/swagger-ui-standalone-preset.js - - - 200 337162 application/javascript 363.1139ms
2023-09-17 13:49:31.915 +05:30  INF  Request finished HTTP/2 GET https://localhost:7069/_vs/browserLink - - - 200 - text/javascript;+charset=UTF-8 366.6644ms
2023-09-17 13:49:32.037 +05:30  INF  Sending file. Request path: '/swagger-ui-bundle.js'. Physical path: 'N/A'
2023-09-17 13:49:32.038 +05:30  INF  Request finished HTTP/2 GET https://localhost:7069/swagger/swagger-ui-bundle.js - - - 200 1092889 application/javascript 489.8434ms
2023-09-17 13:49:32.503 +05:30  INF  Request starting HTTP/2 GET https://localhost:7069/swagger/v1/swagger.json - -
2023-09-17 13:49:33.016 +05:30  INF  Request finished HTTP/2 GET https://localhost:7069/swagger/v1/swagger.json - - - 200 - application/json;charset=utf-8 513.4529ms
2023-09-17 14:19:45.730 +05:30  INF  Request starting HTTP/2 OPTIONS https://localhost:7069/api/Authenticate/user - -
2023-09-17 14:19:45.907 +05:30  INF  CORS policy execution successful.
2023-09-17 14:19:45.921 +05:30  INF  Request finished HTTP/2 OPTIONS https://localhost:7069/api/Authenticate/user - - - 204 - - 199.9226ms
2023-09-17 14:19:45.926 +05:30  INF  Request starting HTTP/2 POST https://localhost:7069/api/Authenticate/user application/json 48
2023-09-17 14:19:45.949 +05:30  INF  CORS policy execution successful.
2023-09-17 14:19:50.072 +05:30  INF  Executing endpoint 'DCRM.Api.Controllers.AuthenticateController.Post (DCRM.Api)'
2023-09-17 14:19:50.201 +05:30  INF  Route matched with {action = "Post", controller = "Authenticate"}. Executing controller action with signature Microsoft.AspNetCore.Mvc.IActionResult Post(System.String, DCRM.Common.AuthenticateRequest) on controller DCRM.Api.Controllers.AuthenticateController (DCRM.Api).
2023-09-17 14:19:52.476 +05:30  INF  Executed DbCommand (44ms) [Parameters=[@__authenticateRequest_Email_0='?' (Size = 4000), @__authenticateRequest_Password_1='?' (Size = 4000)], CommandType='"Text"', CommandTimeout='30']
SELECT `u`.`Id`, `u`.`About_Me`, `u`.`Account_Type`, `u`.`Address`, `u`.`Available_Days`, `u`.`Bn_Name`, `u`.`City`, `u`.`Country`, `u`.`Created_At`, `u`.`Currency`, `u`.`Degree`, `u`.`Email`, `u`.`Email_Verified`, `u`.`Enable_Appointment`, `u`.`Enable_Rating`, `u`.`Exp_Years`, `u`.`Facebook`, `u`.`Google_Analytics`, `u`.`Image`, `u`.`Instagram`, `u`.`Linkedin`, `u`.`Name`, `u`.`Parent_Id`, `u`.`Password`, `u`.`Paypal_Email`, `u`.`Paypal_Mode`, `u`.`Paypal_Payment`, `u`.`Paystack_Payment`, `u`.`Paystack_Public_Key`, `u`.`Paystack_Secret_Key`, `u`.`Phone`, `u`.`Publish_Key`, `u`.`Qr_Code`, `u`.`Razorpay_Key_Id`, `u`.`Razorpay_Key_Secret`, `u`.`Razorpay_Payment`, `u`.`Role`, `u`.`Secret_Key`, `u`.`Skype`, `u`.`Slug`, `u`.`Specialist`, `u`.`Status`, `u`.`Stripe_Payment`, `u`.`Thumb`, `u`.`Trial_Expire`, `u`.`Twitter`, `u`.`User_Name`, `u`.`User_Type`, `u`.`Verify_Code`, `u`.`Whatsapp`
FROM `Users` AS `u`
WHERE ((`u`.`Status` = 1) AND (`u`.`Email` = @__authenticateRequest_Email_0)) AND (`u`.`Password` = @__authenticateRequest_Password_1)
LIMIT 2
2023-09-17 14:19:53.332 +05:30  INF  Executing OkObjectResult, writing value of type 'DCRM.Common.AuthenticateResponse'.
2023-09-17 14:19:53.375 +05:30  INF  Executed action DCRM.Api.Controllers.AuthenticateController.Post (DCRM.Api) in 3164.8318ms
2023-09-17 14:19:53.381 +05:30  INF  Executed endpoint 'DCRM.Api.Controllers.AuthenticateController.Post (DCRM.Api)'
2023-09-17 14:19:53.402 +05:30  INF  Request finished HTTP/2 POST https://localhost:7069/api/Authenticate/user application/json 48 - 200 - application/json;+charset=utf-8 7475.7603ms
2023-09-17 14:50:50.999 +05:30  INF  Request starting HTTP/2 OPTIONS https://localhost:7069/api/Authenticate/user - -
2023-09-17 14:50:51.076 +05:30  INF  CORS policy execution successful.
2023-09-17 14:50:51.084 +05:30  INF  Request finished HTTP/2 OPTIONS https://localhost:7069/api/Authenticate/user - - - 204 - - 92.7228ms
2023-09-17 14:50:51.092 +05:30  INF  Request starting HTTP/2 POST https://localhost:7069/api/Authenticate/user application/json 48
2023-09-17 14:50:51.101 +05:30  INF  CORS policy execution successful.
2023-09-17 14:50:51.327 +05:30  INF  Executing endpoint 'DCRM.Api.Controllers.AuthenticateController.Post (DCRM.Api)'
2023-09-17 14:50:51.361 +05:30  INF  Route matched with {action = "Post", controller = "Authenticate"}. Executing controller action with signature Microsoft.AspNetCore.Mvc.IActionResult Post(System.String, DCRM.Common.AuthenticateRequest) on controller DCRM.Api.Controllers.AuthenticateController (DCRM.Api).
2023-09-17 14:50:52.180 +05:30  INF  Executed DbCommand (19ms) [Parameters=[@__authenticateRequest_Email_0='?' (Size = 4000), @__authenticateRequest_Password_1='?' (Size = 4000)], CommandType='"Text"', CommandTimeout='30']
SELECT `u`.`Id`, `u`.`About_Me`, `u`.`Account_Type`, `u`.`Address`, `u`.`Available_Days`, `u`.`Bn_Name`, `u`.`City`, `u`.`Country`, `u`.`Created_At`, `u`.`Currency`, `u`.`Degree`, `u`.`Email`, `u`.`Email_Verified`, `u`.`Enable_Appointment`, `u`.`Enable_Rating`, `u`.`Exp_Years`, `u`.`Facebook`, `u`.`Google_Analytics`, `u`.`Image`, `u`.`Instagram`, `u`.`Linkedin`, `u`.`Name`, `u`.`Parent_Id`, `u`.`Password`, `u`.`Paypal_Email`, `u`.`Paypal_Mode`, `u`.`Paypal_Payment`, `u`.`Paystack_Payment`, `u`.`Paystack_Public_Key`, `u`.`Paystack_Secret_Key`, `u`.`Phone`, `u`.`Publish_Key`, `u`.`Qr_Code`, `u`.`Razorpay_Key_Id`, `u`.`Razorpay_Key_Secret`, `u`.`Razorpay_Payment`, `u`.`Role`, `u`.`Secret_Key`, `u`.`Skype`, `u`.`Slug`, `u`.`Specialist`, `u`.`Status`, `u`.`Stripe_Payment`, `u`.`Thumb`, `u`.`Trial_Expire`, `u`.`Twitter`, `u`.`User_Name`, `u`.`User_Type`, `u`.`Verify_Code`, `u`.`Whatsapp`
FROM `Users` AS `u`
WHERE ((`u`.`Status` = 1) AND (`u`.`Email` = @__authenticateRequest_Email_0)) AND (`u`.`Password` = @__authenticateRequest_Password_1)
LIMIT 2
2023-09-17 14:50:52.223 +05:30  INF  Executing OkObjectResult, writing value of type 'DCRM.Common.AuthenticateResponse'.
2023-09-17 14:50:52.230 +05:30  INF  Executed action DCRM.Api.Controllers.AuthenticateController.Post (DCRM.Api) in 868.6955ms
2023-09-17 14:50:52.230 +05:30  INF  Executed endpoint 'DCRM.Api.Controllers.AuthenticateController.Post (DCRM.Api)'
2023-09-17 14:50:52.231 +05:30  INF  Request finished HTTP/2 POST https://localhost:7069/api/Authenticate/user application/json 48 - 200 - application/json;+charset=utf-8 1139.6092ms
2023-09-17 14:58:31.344 +05:30  INF  Request starting HTTP/2 GET https://localhost:7069/swagger/index.html - -
2023-09-17 14:58:31.752 +05:30  INF  Request finished HTTP/2 GET https://localhost:7069/swagger/index.html - - - 200 - text/html;charset=utf-8 408.0806ms
2023-09-17 14:58:31.755 +05:30  INF  Request starting HTTP/2 GET https://localhost:7069/swagger/swagger-ui.css - -
2023-09-17 14:58:31.756 +05:30  INF  Request starting HTTP/2 GET https://localhost:7069/swagger/swagger-ui-bundle.js - -
2023-09-17 14:58:31.758 +05:30  INF  Request starting HTTP/2 GET https://localhost:7069/swagger/swagger-ui-standalone-preset.js - -
2023-09-17 14:58:31.758 +05:30  INF  Request starting HTTP/2 GET https://localhost:7069/_framework/aspnetcore-browser-refresh.js - -
2023-09-17 14:58:31.758 +05:30  INF  Request starting HTTP/2 GET https://localhost:7069/_vs/browserLink - -
2023-09-17 14:58:31.794 +05:30  INF  Request finished HTTP/2 GET https://localhost:7069/_framework/aspnetcore-browser-refresh.js - - - 200 12348 application/javascript;+charset=utf-8 36.8141ms
2023-09-17 14:58:31.993 +05:30  INF  Sending file. Request path: '/swagger-ui.css'. Physical path: 'N/A'
2023-09-17 14:58:31.994 +05:30  INF  Request finished HTTP/2 GET https://localhost:7069/swagger/swagger-ui.css - - - 200 143632 text/css 238.5003ms
2023-09-17 14:58:32.040 +05:30  INF  Sending file. Request path: '/swagger-ui-standalone-preset.js'. Physical path: 'N/A'
2023-09-17 14:58:32.040 +05:30  INF  Request finished HTTP/2 GET https://localhost:7069/swagger/swagger-ui-standalone-preset.js - - - 200 337162 application/javascript 282.8117ms
2023-09-17 14:58:32.055 +05:30  INF  Request finished HTTP/2 GET https://localhost:7069/_vs/browserLink - - - 200 - text/javascript;+charset=UTF-8 297.0528ms
2023-09-17 14:58:32.127 +05:30  INF  Sending file. Request path: '/swagger-ui-bundle.js'. Physical path: 'N/A'
2023-09-17 14:58:32.127 +05:30  INF  Request finished HTTP/2 GET https://localhost:7069/swagger/swagger-ui-bundle.js - - - 200 1092889 application/javascript 371.1692ms
2023-09-17 14:58:32.328 +05:30  INF  Request starting HTTP/2 GET https://localhost:7069/swagger/v1/swagger.json - -
2023-09-17 14:58:33.474 +05:30  INF  Request finished HTTP/2 GET https://localhost:7069/swagger/v1/swagger.json - - - 200 - application/json;charset=utf-8 1146.8035ms
2023-09-17 17:44:36.491 +05:30  INF  Request starting HTTP/2 OPTIONS https://localhost:7069/api/Drug/Create - -
2023-09-17 17:44:36.567 +05:30  INF  CORS policy execution successful.
2023-09-17 17:44:36.573 +05:30  INF  Request finished HTTP/2 OPTIONS https://localhost:7069/api/Drug/Create - - - 204 - - 95.2367ms
2023-09-17 17:44:36.576 +05:30  INF  Request starting HTTP/2 POST https://localhost:7069/api/Drug/Create application/json 235
2023-09-17 17:44:36.601 +05:30  INF  CORS policy execution successful.
2023-09-17 17:44:36.745 +05:30  INF  Executing endpoint 'DCRM.Api.Controllers.DrugController.Create (DCRM.Api)'
2023-09-17 17:44:36.912 +05:30  INF  Route matched with {action = "Create", controller = "Drug"}. Executing controller action with signature System.Threading.Tasks.Task`1[Microsoft.AspNetCore.Mvc.IActionResult] Create(DCRM.Common.Entity.Drug) on controller DCRM.Api.Controllers.DrugController (DCRM.Api).
2023-09-17 17:44:37.019 +05:30  INF  Authorization failed for the request at filter 'DCRM.Common.Authorization.AuthorizeAttribute'.
2023-09-17 17:44:37.049 +05:30  INF  Executing JsonResult, writing value of type '<>f__AnonymousType0`1[[System.String, System.Private.CoreLib, Version=6.0.0.0, Culture=neutral, PublicKeyToken=7cec85d7bea7798e]]'.
2023-09-17 17:44:37.080 +05:30  INF  Executed action DCRM.Api.Controllers.DrugController.Create (DCRM.Api) in 165.179ms
2023-09-17 17:44:37.081 +05:30  INF  Executed endpoint 'DCRM.Api.Controllers.DrugController.Create (DCRM.Api)'
2023-09-17 17:44:37.082 +05:30  INF  Request finished HTTP/2 POST https://localhost:7069/api/Drug/Create application/json 235 - 401 - application/json;+charset=utf-8 506.2294ms
2023-09-17 18:10:40.874 +05:30  INF  Request starting HTTP/2 OPTIONS https://localhost:7069/api/Drug/Create - -
2023-09-17 18:10:40.911 +05:30  INF  CORS policy execution successful.
2023-09-17 18:10:40.914 +05:30  INF  Request finished HTTP/2 OPTIONS https://localhost:7069/api/Drug/Create - - - 204 - - 46.0733ms
2023-09-17 18:10:40.923 +05:30  INF  Request starting HTTP/2 POST https://localhost:7069/api/Drug/Create application/json 226
2023-09-17 18:10:40.924 +05:30  INF  CORS policy execution successful.
2023-09-17 18:10:41.002 +05:30  INF  Executing endpoint 'DCRM.Api.Controllers.DrugController.Create (DCRM.Api)'
2023-09-17 18:10:41.010 +05:30  INF  Route matched with {action = "Create", controller = "Drug"}. Executing controller action with signature System.Threading.Tasks.Task`1[Microsoft.AspNetCore.Mvc.IActionResult] Create(DCRM.Common.Entity.Drug) on controller DCRM.Api.Controllers.DrugController (DCRM.Api).
2023-09-17 18:10:41.016 +05:30  INF  Authorization failed for the request at filter 'DCRM.Common.Authorization.AuthorizeAttribute'.
2023-09-17 18:10:41.019 +05:30  INF  Executing JsonResult, writing value of type '<>f__AnonymousType0`1[[System.String, System.Private.CoreLib, Version=6.0.0.0, Culture=neutral, PublicKeyToken=7cec85d7bea7798e]]'.
2023-09-17 18:10:41.026 +05:30  INF  Executed action DCRM.Api.Controllers.DrugController.Create (DCRM.Api) in 15.7198ms
2023-09-17 18:10:41.028 +05:30  INF  Executed endpoint 'DCRM.Api.Controllers.DrugController.Create (DCRM.Api)'
2023-09-17 18:10:41.029 +05:30  INF  Request finished HTTP/2 POST https://localhost:7069/api/Drug/Create application/json 226 - 401 - application/json;+charset=utf-8 105.4887ms
2023-09-17 18:11:08.878 +05:30  INF  Request starting HTTP/2 OPTIONS https://localhost:7069/api/Drug/Create - -
2023-09-17 18:11:08.878 +05:30  INF  CORS policy execution successful.
2023-09-17 18:11:08.878 +05:30  INF  Request finished HTTP/2 OPTIONS https://localhost:7069/api/Drug/Create - - - 204 - - 0.8344ms
2023-09-17 18:11:08.889 +05:30  INF  Request starting HTTP/2 POST https://localhost:7069/api/Drug/Create application/json 227
2023-09-17 18:11:08.890 +05:30  INF  CORS policy execution successful.
2023-09-17 18:11:08.892 +05:30  INF  Executing endpoint 'DCRM.Api.Controllers.DrugController.Create (DCRM.Api)'
2023-09-17 18:11:08.892 +05:30  INF  Route matched with {action = "Create", controller = "Drug"}. Executing controller action with signature System.Threading.Tasks.Task`1[Microsoft.AspNetCore.Mvc.IActionResult] Create(DCRM.Common.Entity.Drug) on controller DCRM.Api.Controllers.DrugController (DCRM.Api).
2023-09-17 18:11:08.892 +05:30  INF  Authorization failed for the request at filter 'DCRM.Common.Authorization.AuthorizeAttribute'.
2023-09-17 18:11:08.892 +05:30  INF  Executing JsonResult, writing value of type '<>f__AnonymousType0`1[[System.String, System.Private.CoreLib, Version=6.0.0.0, Culture=neutral, PublicKeyToken=7cec85d7bea7798e]]'.
2023-09-17 18:11:08.892 +05:30  INF  Executed action DCRM.Api.Controllers.DrugController.Create (DCRM.Api) in 0.208ms
2023-09-17 18:11:08.892 +05:30  INF  Executed endpoint 'DCRM.Api.Controllers.DrugController.Create (DCRM.Api)'
2023-09-17 18:11:08.893 +05:30  INF  Request finished HTTP/2 POST https://localhost:7069/api/Drug/Create application/json 227 - 401 - application/json;+charset=utf-8 3.7842ms
2023-09-17 18:12:03.519 +05:30  INF  Request starting HTTP/2 OPTIONS https://localhost:7069/api/Drug/Create - -
2023-09-17 18:12:03.519 +05:30  INF  CORS policy execution successful.
2023-09-17 18:12:03.519 +05:30  INF  Request finished HTTP/2 OPTIONS https://localhost:7069/api/Drug/Create - - - 204 - - 0.4596ms
2023-09-17 18:12:03.529 +05:30  INF  Request starting HTTP/2 POST https://localhost:7069/api/Drug/Create application/json 222
2023-09-17 18:12:03.529 +05:30  INF  CORS policy execution successful.
2023-09-17 18:12:03.572 +05:30  INF  Executing endpoint 'DCRM.Api.Controllers.DrugController.Create (DCRM.Api)'
2023-09-17 18:12:03.573 +05:30  INF  Route matched with {action = "Create", controller = "Drug"}. Executing controller action with signature System.Threading.Tasks.Task`1[Microsoft.AspNetCore.Mvc.IActionResult] Create(DCRM.Common.Entity.Drug) on controller DCRM.Api.Controllers.DrugController (DCRM.Api).
2023-09-17 18:13:24.779 +05:30  INF  Authorization failed for the request at filter 'DCRM.Common.Authorization.AuthorizeAttribute'.
2023-09-17 18:13:24.779 +05:30  INF  Executing JsonResult, writing value of type '<>f__AnonymousType0`1[[System.String, System.Private.CoreLib, Version=6.0.0.0, Culture=neutral, PublicKeyToken=7cec85d7bea7798e]]'.
2023-09-17 18:13:24.780 +05:30  INF  Executed action DCRM.Api.Controllers.DrugController.Create (DCRM.Api) in 81207.6353ms
2023-09-17 18:13:24.780 +05:30  INF  Executed endpoint 'DCRM.Api.Controllers.DrugController.Create (DCRM.Api)'
2023-09-17 18:13:24.785 +05:30  INF  Request finished HTTP/2 POST https://localhost:7069/api/Drug/Create application/json 222 - 401 - application/json;+charset=utf-8 81251.9974ms
2023-09-17 18:14:06.483 +05:30  INF  Request starting HTTP/2 OPTIONS https://localhost:7069/api/Drug/Create - -
2023-09-17 18:14:06.483 +05:30  INF  CORS policy execution successful.
2023-09-17 18:14:06.483 +05:30  INF  Request finished HTTP/2 OPTIONS https://localhost:7069/api/Drug/Create - - - 204 - - 0.7775ms
2023-09-17 18:14:06.486 +05:30  INF  Request starting HTTP/2 POST https://localhost:7069/api/Drug/Create application/json 227
2023-09-17 18:14:06.486 +05:30  INF  CORS policy execution successful.
2023-09-17 18:14:06.491 +05:30  INF  Executing endpoint 'DCRM.Api.Controllers.DrugController.Create (DCRM.Api)'
2023-09-17 18:14:06.491 +05:30  INF  Route matched with {action = "Create", controller = "Drug"}. Executing controller action with signature System.Threading.Tasks.Task`1[Microsoft.AspNetCore.Mvc.IActionResult] Create(DCRM.Common.Entity.Drug) on controller DCRM.Api.Controllers.DrugController (DCRM.Api).
2023-09-17 18:14:24.198 +05:30  INF  Authorization failed for the request at filter 'DCRM.Common.Authorization.AuthorizeAttribute'.
2023-09-17 18:14:24.198 +05:30  INF  Executing JsonResult, writing value of type '<>f__AnonymousType0`1[[System.String, System.Private.CoreLib, Version=6.0.0.0, Culture=neutral, PublicKeyToken=7cec85d7bea7798e]]'.
2023-09-17 18:14:24.198 +05:30  INF  Executed action DCRM.Api.Controllers.DrugController.Create (DCRM.Api) in 17707.3363ms
2023-09-17 18:14:24.198 +05:30  INF  Executed endpoint 'DCRM.Api.Controllers.DrugController.Create (DCRM.Api)'
2023-09-17 18:14:24.200 +05:30  INF  Request finished HTTP/2 POST https://localhost:7069/api/Drug/Create application/json 227 - 401 - application/json;+charset=utf-8 17714.0072ms
2023-09-17 18:15:00.978 +05:30  INF  Request starting HTTP/2 GET https://localhost:7069/swagger/index.html - -
2023-09-17 18:15:01.114 +05:30  INF  Request finished HTTP/2 GET https://localhost:7069/swagger/index.html - - - 200 - text/html;charset=utf-8 135.9575ms
2023-09-17 18:15:01.119 +05:30  INF  Request starting HTTP/2 GET https://localhost:7069/swagger/swagger-ui.css - -
2023-09-17 18:15:01.120 +05:30  INF  Request starting HTTP/2 GET https://localhost:7069/swagger/swagger-ui-standalone-preset.js - -
2023-09-17 18:15:01.120 +05:30  INF  Request starting HTTP/2 GET https://localhost:7069/swagger/swagger-ui-bundle.js - -
2023-09-17 18:15:01.125 +05:30  INF  Request starting HTTP/2 GET https://localhost:7069/_framework/aspnetcore-browser-refresh.js - -
2023-09-17 18:15:01.191 +05:30  INF  Request finished HTTP/2 GET https://localhost:7069/_framework/aspnetcore-browser-refresh.js - - - 200 12348 application/javascript;+charset=utf-8 66.0902ms
2023-09-17 18:15:01.194 +05:30  INF  Request starting HTTP/2 GET https://localhost:7069/_vs/browserLink - -
2023-09-17 18:15:01.213 +05:30  INF  Sending file. Request path: '/swagger-ui.css'. Physical path: 'N/A'
2023-09-17 18:15:01.213 +05:30  INF  Request finished HTTP/2 GET https://localhost:7069/swagger/swagger-ui.css - - - 200 143632 text/css 94.3767ms
2023-09-17 18:15:01.219 +05:30  INF  Sending file. Request path: '/swagger-ui-standalone-preset.js'. Physical path: 'N/A'
2023-09-17 18:15:01.220 +05:30  INF  Request finished HTTP/2 GET https://localhost:7069/swagger/swagger-ui-standalone-preset.js - - - 200 337162 application/javascript 99.7313ms
2023-09-17 18:15:01.224 +05:30  INF  Request finished HTTP/2 GET https://localhost:7069/_vs/browserLink - - - 200 - text/javascript;+charset=UTF-8 30.2503ms
2023-09-17 18:15:01.245 +05:30  INF  Sending file. Request path: '/swagger-ui-bundle.js'. Physical path: 'N/A'
2023-09-17 18:15:01.245 +05:30  INF  Request finished HTTP/2 GET https://localhost:7069/swagger/swagger-ui-bundle.js - - - 200 1092889 application/javascript 125.2086ms
2023-09-17 18:15:01.421 +05:30  INF  Request starting HTTP/2 GET https://localhost:7069/swagger/v1/swagger.json - -
2023-09-17 18:15:01.571 +05:30  INF  Request finished HTTP/2 GET https://localhost:7069/swagger/v1/swagger.json - - - 200 - application/json;charset=utf-8 150.0305ms
2023-09-17 22:22:21.454 +05:30  INF  Request starting HTTP/2 GET https://localhost:7069/api/Drug/GateAll - -
2023-09-17 22:22:21.526 +05:30  INF  CORS policy execution successful.
2023-09-17 22:22:21.647 +05:30  INF  Executing endpoint 'DCRM.Api.Controllers.DrugController.GetAllAsync (DCRM.Api)'
2023-09-17 22:22:21.855 +05:30  INF  Route matched with {action = "GetAll", controller = "Drug"}. Executing controller action with signature System.Threading.Tasks.Task`1[System.Collections.Generic.IEnumerable`1[DCRM.Common.Entity.Drug]] GetAllAsync() on controller DCRM.Api.Controllers.DrugController (DCRM.Api).
2023-09-17 22:23:40.036 +05:30  INF  Authorization failed for the request at filter 'DCRM.Common.Authorization.AuthorizeAttribute'.
2023-09-17 22:23:40.095 +05:30  INF  Executing JsonResult, writing value of type '<>f__AnonymousType0`1[[System.String, System.Private.CoreLib, Version=6.0.0.0, Culture=neutral, PublicKeyToken=7cec85d7bea7798e]]'.
2023-09-17 22:23:40.113 +05:30  INF  Executed action DCRM.Api.Controllers.DrugController.GetAllAsync (DCRM.Api) in 78257.3625ms
2023-09-17 22:23:40.116 +05:30  INF  Executed endpoint 'DCRM.Api.Controllers.DrugController.GetAllAsync (DCRM.Api)'
2023-09-17 22:23:40.118 +05:30  INF  Request finished HTTP/2 GET https://localhost:7069/api/Drug/GateAll - - - 401 - application/json;+charset=utf-8 78676.4917ms
2023-09-17 22:25:32.979 +05:30  INF  User profile is available. Using 'C:\Users\DELL\AppData\Local\ASP.NET\DataProtection-Keys' as key repository and Windows DPAPI to encrypt keys at rest.
2023-09-17 22:25:33.706 +05:30  INF  Now listening on: https://localhost:7069
2023-09-17 22:25:33.706 +05:30  INF  Now listening on: http://localhost:5069
2023-09-17 22:25:33.710 +05:30  INF  Application started. Press Ctrl+C to shut down.
2023-09-17 22:25:33.710 +05:30  INF  Hosting environment: Development
2023-09-17 22:25:33.710 +05:30  INF  Content root path: D:\Projects\GitHubProjects\virmani_dotnet\DCRM.Api\
2023-09-17 22:25:35.310 +05:30  INF  Request starting HTTP/2 GET https://localhost:7069/swagger - -
2023-09-17 22:25:35.540 +05:30  INF  Request finished HTTP/2 GET https://localhost:7069/swagger - - - 301 0 - 233.7875ms
2023-09-17 22:25:35.542 +05:30  INF  Request starting HTTP/2 GET https://localhost:7069/swagger/index.html - -
2023-09-17 22:25:36.113 +05:30  INF  Request starting HTTP/2 GET https://localhost:7069/swagger/swagger-ui.css - -
2023-09-17 22:25:36.116 +05:30  INF  Request finished HTTP/2 GET https://localhost:7069/swagger/index.html - - - 200 - text/html;charset=utf-8 573.3183ms
2023-09-17 22:25:36.125 +05:30  INF  Request starting HTTP/2 GET https://localhost:7069/swagger/swagger-ui-bundle.js - -
2023-09-17 22:25:36.129 +05:30  INF  Request starting HTTP/2 GET https://localhost:7069/swagger/swagger-ui-standalone-preset.js - -
2023-09-17 22:25:36.133 +05:30  INF  Request starting HTTP/2 GET https://localhost:7069/_framework/aspnetcore-browser-refresh.js - -
2023-09-17 22:25:36.147 +05:30  INF  Request starting HTTP/2 GET https://localhost:7069/_vs/browserLink - -
2023-09-17 22:25:36.173 +05:30  INF  Request finished HTTP/2 GET https://localhost:7069/_framework/aspnetcore-browser-refresh.js - - - 200 12348 application/javascript;+charset=utf-8 39.9250ms
2023-09-17 22:25:36.329 +05:30  INF  Request finished HTTP/2 GET https://localhost:7069/_vs/browserLink - - - 200 - text/javascript;+charset=UTF-8 181.9381ms
2023-09-17 22:25:36.353 +05:30  INF  Sending file. Request path: '/swagger-ui-standalone-preset.js'. Physical path: 'N/A'
2023-09-17 22:25:36.353 +05:30  INF  Sending file. Request path: '/swagger-ui.css'. Physical path: 'N/A'
2023-09-17 22:25:36.353 +05:30  INF  Request finished HTTP/2 GET https://localhost:7069/swagger/swagger-ui.css - - - 200 143632 text/css 240.2723ms
2023-09-17 22:25:36.353 +05:30  INF  Request finished HTTP/2 GET https://localhost:7069/swagger/swagger-ui-standalone-preset.js - - - 200 337162 application/javascript 223.8852ms
2023-09-17 22:25:36.378 +05:30  INF  Sending file. Request path: '/swagger-ui-bundle.js'. Physical path: 'N/A'
2023-09-17 22:25:36.379 +05:30  INF  Request finished HTTP/2 GET https://localhost:7069/swagger/swagger-ui-bundle.js - - - 200 1092889 application/javascript 253.2679ms
2023-09-17 22:25:36.600 +05:30  INF  Request starting HTTP/2 GET https://localhost:7069/swagger/v1/swagger.json - -
2023-09-17 22:25:36.858 +05:30  INF  Request finished HTTP/2 GET https://localhost:7069/swagger/v1/swagger.json - - - 200 - application/json;charset=utf-8 257.5123ms
2023-09-17 22:26:48.954 +05:30  INF  Request starting HTTP/2 GET https://localhost:7069/api/Drug/GateAll - -
2023-09-17 22:26:48.961 +05:30  INF  CORS policy execution successful.
2023-09-17 22:26:52.267 +05:30  INF  Executing endpoint 'DCRM.Api.Controllers.DrugController.GetAllAsync (DCRM.Api)'
2023-09-17 22:26:52.320 +05:30  INF  Route matched with {action = "GetAll", controller = "Drug"}. Executing controller action with signature System.Threading.Tasks.Task`1[System.Collections.Generic.IEnumerable`1[DCRM.Common.Entity.Drug]] GetAllAsync() on controller DCRM.Api.Controllers.DrugController (DCRM.Api).
2023-09-17 22:26:57.096 +05:30  INF  Executing ObjectResult, writing value of type 'Microsoft.EntityFrameworkCore.Query.Internal.EntityQueryable`1[[DCRM.Common.Entity.Drug, DCRM.Common, Version=1.0.0.0, Culture=neutral, PublicKeyToken=null]]'.
2023-09-17 22:26:59.280 +05:30  INF  Executed DbCommand (207ms) [Parameters=[@__p_0='?' (DbType = Int64)], CommandType='"Text"', CommandTimeout='30']
SELECT `d`.`Id`, `d`.`Bactrology`, `d`.`Basic_Salt`, `d`.`Created_At`, `d`.`Description`, `d`.`Details`, `d`.`Dosage`, `d`.`Dose_No`, `d`.`Form`, `d`.`Is_Delete`, `d`.`Medicine_Brand_Id`, `d`.`Medicine_Category_Id`, `d`.`Medicine_Company`, `d`.`Medicine_Composition`, `d`.`Medicine_Group`, `d`.`Medicine_Image`, `d`.`Medicine_Name`, `d`.`Medicine_Type`, `d`.`Min_Level`, `d`.`Note`, `d`.`Reorder_Level`, `d`.`Safety_Alerts`, `d`.`Status`, `d`.`Supplier`, `d`.`Unit`, `d`.`Unit_Packing`, `d`.`Updated_At`, `d`.`User_Id`, `d`.`Vat`, `d`.`Vat_Ac`
FROM `Drugs` AS `d`
WHERE (`d`.`User_Id` = @__p_0) AND (`d`.`Is_Delete` = 0)
2023-09-17 22:26:59.497 +05:30  INF  Executed action DCRM.Api.Controllers.DrugController.GetAllAsync (DCRM.Api) in 7171.3867ms
2023-09-17 22:26:59.499 +05:30  INF  Executed endpoint 'DCRM.Api.Controllers.DrugController.GetAllAsync (DCRM.Api)'
2023-09-17 22:26:59.519 +05:30  INF  Request finished HTTP/2 GET https://localhost:7069/api/Drug/GateAll - - - 200 - application/json;+charset=utf-8 10565.0651ms
2023-09-17 22:27:34.545 +05:30  INF  Request starting HTTP/2 GET https://localhost:7069/api/Drug/GateAll - -
2023-09-17 22:27:34.552 +05:30  INF  CORS policy execution successful.
2023-09-17 22:27:34.594 +05:30  INF  Executing endpoint 'DCRM.Api.Controllers.DrugController.GetAllAsync (DCRM.Api)'
2023-09-17 22:27:34.594 +05:30  INF  Route matched with {action = "GetAll", controller = "Drug"}. Executing controller action with signature System.Threading.Tasks.Task`1[System.Collections.Generic.IEnumerable`1[DCRM.Common.Entity.Drug]] GetAllAsync() on controller DCRM.Api.Controllers.DrugController (DCRM.Api).
2023-09-17 22:27:37.742 +05:30  INF  Executing ObjectResult, writing value of type 'Microsoft.EntityFrameworkCore.Query.Internal.EntityQueryable`1[[DCRM.Common.Entity.Drug, DCRM.Common, Version=1.0.0.0, Culture=neutral, PublicKeyToken=null]]'.
2023-09-17 22:27:37.764 +05:30  INF  Executed DbCommand (2ms) [Parameters=[@__p_0='?' (DbType = Int64)], CommandType='"Text"', CommandTimeout='30']
SELECT `d`.`Id`, `d`.`Bactrology`, `d`.`Basic_Salt`, `d`.`Created_At`, `d`.`Description`, `d`.`Details`, `d`.`Dosage`, `d`.`Dose_No`, `d`.`Form`, `d`.`Is_Delete`, `d`.`Medicine_Brand_Id`, `d`.`Medicine_Category_Id`, `d`.`Medicine_Company`, `d`.`Medicine_Composition`, `d`.`Medicine_Group`, `d`.`Medicine_Image`, `d`.`Medicine_Name`, `d`.`Medicine_Type`, `d`.`Min_Level`, `d`.`Note`, `d`.`Reorder_Level`, `d`.`Safety_Alerts`, `d`.`Status`, `d`.`Supplier`, `d`.`Unit`, `d`.`Unit_Packing`, `d`.`Updated_At`, `d`.`User_Id`, `d`.`Vat`, `d`.`Vat_Ac`
FROM `Drugs` AS `d`
WHERE (`d`.`User_Id` = @__p_0) AND (`d`.`Is_Delete` = 0)
2023-09-17 22:27:37.775 +05:30  INF  Executed action DCRM.Api.Controllers.DrugController.GetAllAsync (DCRM.Api) in 3180.2481ms
2023-09-17 22:27:37.775 +05:30  INF  Executed endpoint 'DCRM.Api.Controllers.DrugController.GetAllAsync (DCRM.Api)'
2023-09-17 22:27:37.775 +05:30  INF  Request finished HTTP/2 GET https://localhost:7069/api/Drug/GateAll - - - 200 - application/json;+charset=utf-8 3230.2333ms
2023-09-17 22:30:44.856 +05:30  INF  Request starting HTTP/2 GET https://localhost:7069/api/Drug/GateAll - -
2023-09-17 22:30:44.858 +05:30  INF  CORS policy execution successful.
2023-09-17 22:30:44.901 +05:30  INF  Executing endpoint 'DCRM.Api.Controllers.DrugController.GetAllAsync (DCRM.Api)'
2023-09-17 22:30:44.901 +05:30  INF  Route matched with {action = "GetAll", controller = "Drug"}. Executing controller action with signature System.Threading.Tasks.Task`1[System.Collections.Generic.IEnumerable`1[DCRM.Common.Entity.Drug]] GetAllAsync() on controller DCRM.Api.Controllers.DrugController (DCRM.Api).
2023-09-17 22:30:44.903 +05:30  INF  Executing ObjectResult, writing value of type 'Microsoft.EntityFrameworkCore.Query.Internal.EntityQueryable`1[[DCRM.Common.Entity.Drug, DCRM.Common, Version=1.0.0.0, Culture=neutral, PublicKeyToken=null]]'.
2023-09-17 22:30:44.909 +05:30  INF  Executed DbCommand (2ms) [Parameters=[@__p_0='?' (DbType = Int64)], CommandType='"Text"', CommandTimeout='30']
SELECT `d`.`Id`, `d`.`Bactrology`, `d`.`Basic_Salt`, `d`.`Created_At`, `d`.`Description`, `d`.`Details`, `d`.`Dosage`, `d`.`Dose_No`, `d`.`Form`, `d`.`Is_Delete`, `d`.`Medicine_Brand_Id`, `d`.`Medicine_Category_Id`, `d`.`Medicine_Company`, `d`.`Medicine_Composition`, `d`.`Medicine_Group`, `d`.`Medicine_Image`, `d`.`Medicine_Name`, `d`.`Medicine_Type`, `d`.`Min_Level`, `d`.`Note`, `d`.`Reorder_Level`, `d`.`Safety_Alerts`, `d`.`Status`, `d`.`Supplier`, `d`.`Unit`, `d`.`Unit_Packing`, `d`.`Updated_At`, `d`.`User_Id`, `d`.`Vat`, `d`.`Vat_Ac`
FROM `Drugs` AS `d`
WHERE (`d`.`User_Id` = @__p_0) AND (`d`.`Is_Delete` = 0)
2023-09-17 22:30:44.920 +05:30  INF  Executed action DCRM.Api.Controllers.DrugController.GetAllAsync (DCRM.Api) in 19.0303ms
2023-09-17 22:30:44.921 +05:30  INF  Executed endpoint 'DCRM.Api.Controllers.DrugController.GetAllAsync (DCRM.Api)'
2023-09-17 22:30:44.921 +05:30  INF  Request finished HTTP/2 GET https://localhost:7069/api/Drug/GateAll - - - 200 - application/json;+charset=utf-8 64.9310ms
2023-09-17 22:33:13.141 +05:30  INF  Request starting HTTP/2 GET https://localhost:7069/api/Drug/GateAll - -
2023-09-17 22:33:13.142 +05:30  INF  CORS policy execution successful.
2023-09-17 22:33:13.144 +05:30  INF  Executing endpoint 'DCRM.Api.Controllers.DrugController.GetAllAsync (DCRM.Api)'
2023-09-17 22:33:13.144 +05:30  INF  Route matched with {action = "GetAll", controller = "Drug"}. Executing controller action with signature System.Threading.Tasks.Task`1[System.Collections.Generic.IEnumerable`1[DCRM.Common.Entity.Drug]] GetAllAsync() on controller DCRM.Api.Controllers.DrugController (DCRM.Api).
2023-09-17 22:33:13.144 +05:30  INF  Executing ObjectResult, writing value of type 'Microsoft.EntityFrameworkCore.Query.Internal.EntityQueryable`1[[DCRM.Common.Entity.Drug, DCRM.Common, Version=1.0.0.0, Culture=neutral, PublicKeyToken=null]]'.
2023-09-17 22:33:13.200 +05:30  INF  Executed DbCommand (44ms) [Parameters=[@__p_0='?' (DbType = Int64)], CommandType='"Text"', CommandTimeout='30']
SELECT `d`.`Id`, `d`.`Bactrology`, `d`.`Basic_Salt`, `d`.`Created_At`, `d`.`Description`, `d`.`Details`, `d`.`Dosage`, `d`.`Dose_No`, `d`.`Form`, `d`.`Is_Delete`, `d`.`Medicine_Brand_Id`, `d`.`Medicine_Category_Id`, `d`.`Medicine_Company`, `d`.`Medicine_Composition`, `d`.`Medicine_Group`, `d`.`Medicine_Image`, `d`.`Medicine_Name`, `d`.`Medicine_Type`, `d`.`Min_Level`, `d`.`Note`, `d`.`Reorder_Level`, `d`.`Safety_Alerts`, `d`.`Status`, `d`.`Supplier`, `d`.`Unit`, `d`.`Unit_Packing`, `d`.`Updated_At`, `d`.`User_Id`, `d`.`Vat`, `d`.`Vat_Ac`
FROM `Drugs` AS `d`
WHERE (`d`.`User_Id` = @__p_0) AND (`d`.`Is_Delete` = 0)
2023-09-17 22:33:13.233 +05:30  INF  Executed action DCRM.Api.Controllers.DrugController.GetAllAsync (DCRM.Api) in 89.0833ms
2023-09-17 22:33:13.233 +05:30  INF  Executed endpoint 'DCRM.Api.Controllers.DrugController.GetAllAsync (DCRM.Api)'
2023-09-17 22:33:13.234 +05:30  INF  Request finished HTTP/2 GET https://localhost:7069/api/Drug/GateAll - - - 200 - application/json;+charset=utf-8 93.9150ms
2023-09-17 22:33:17.246 +05:30  INF  Request starting HTTP/2 GET https://localhost:7069/api/Drug/GateAll - -
2023-09-17 22:33:17.246 +05:30  INF  CORS policy execution successful.
2023-09-17 22:33:17.247 +05:30  INF  Executing endpoint 'DCRM.Api.Controllers.DrugController.GetAllAsync (DCRM.Api)'
2023-09-17 22:33:17.247 +05:30  INF  Route matched with {action = "GetAll", controller = "Drug"}. Executing controller action with signature System.Threading.Tasks.Task`1[System.Collections.Generic.IEnumerable`1[DCRM.Common.Entity.Drug]] GetAllAsync() on controller DCRM.Api.Controllers.DrugController (DCRM.Api).
2023-09-17 22:33:17.248 +05:30  INF  Executing ObjectResult, writing value of type 'Microsoft.EntityFrameworkCore.Query.Internal.EntityQueryable`1[[DCRM.Common.Entity.Drug, DCRM.Common, Version=1.0.0.0, Culture=neutral, PublicKeyToken=null]]'.
2023-09-17 22:33:17.266 +05:30  INF  Executed DbCommand (4ms) [Parameters=[@__p_0='?' (DbType = Int64)], CommandType='"Text"', CommandTimeout='30']
SELECT `d`.`Id`, `d`.`Bactrology`, `d`.`Basic_Salt`, `d`.`Created_At`, `d`.`Description`, `d`.`Details`, `d`.`Dosage`, `d`.`Dose_No`, `d`.`Form`, `d`.`Is_Delete`, `d`.`Medicine_Brand_Id`, `d`.`Medicine_Category_Id`, `d`.`Medicine_Company`, `d`.`Medicine_Composition`, `d`.`Medicine_Group`, `d`.`Medicine_Image`, `d`.`Medicine_Name`, `d`.`Medicine_Type`, `d`.`Min_Level`, `d`.`Note`, `d`.`Reorder_Level`, `d`.`Safety_Alerts`, `d`.`Status`, `d`.`Supplier`, `d`.`Unit`, `d`.`Unit_Packing`, `d`.`Updated_At`, `d`.`User_Id`, `d`.`Vat`, `d`.`Vat_Ac`
FROM `Drugs` AS `d`
WHERE (`d`.`User_Id` = @__p_0) AND (`d`.`Is_Delete` = 0)
2023-09-17 22:33:17.282 +05:30  INF  Executed action DCRM.Api.Controllers.DrugController.GetAllAsync (DCRM.Api) in 34.5659ms
2023-09-17 22:33:17.282 +05:30  INF  Executed endpoint 'DCRM.Api.Controllers.DrugController.GetAllAsync (DCRM.Api)'
2023-09-17 22:33:17.282 +05:30  INF  Request finished HTTP/2 GET https://localhost:7069/api/Drug/GateAll - - - 200 - application/json;+charset=utf-8 36.7329ms
2023-09-17 22:34:07.325 +05:30  INF  Request starting HTTP/2 GET https://localhost:7069/api/Drug/GateAll - -
2023-09-17 22:34:07.325 +05:30  INF  CORS policy execution successful.
2023-09-17 22:34:07.326 +05:30  INF  Executing endpoint 'DCRM.Api.Controllers.DrugController.GetAllAsync (DCRM.Api)'
2023-09-17 22:34:07.326 +05:30  INF  Route matched with {action = "GetAll", controller = "Drug"}. Executing controller action with signature System.Threading.Tasks.Task`1[System.Collections.Generic.IEnumerable`1[DCRM.Common.Entity.Drug]] GetAllAsync() on controller DCRM.Api.Controllers.DrugController (DCRM.Api).
2023-09-17 22:34:07.327 +05:30  INF  Executing ObjectResult, writing value of type 'Microsoft.EntityFrameworkCore.Query.Internal.EntityQueryable`1[[DCRM.Common.Entity.Drug, DCRM.Common, Version=1.0.0.0, Culture=neutral, PublicKeyToken=null]]'.
2023-09-17 22:34:07.336 +05:30  INF  Executed DbCommand (1ms) [Parameters=[@__p_0='?' (DbType = Int64)], CommandType='"Text"', CommandTimeout='30']
SELECT `d`.`Id`, `d`.`Bactrology`, `d`.`Basic_Salt`, `d`.`Created_At`, `d`.`Description`, `d`.`Details`, `d`.`Dosage`, `d`.`Dose_No`, `d`.`Form`, `d`.`Is_Delete`, `d`.`Medicine_Brand_Id`, `d`.`Medicine_Category_Id`, `d`.`Medicine_Company`, `d`.`Medicine_Composition`, `d`.`Medicine_Group`, `d`.`Medicine_Image`, `d`.`Medicine_Name`, `d`.`Medicine_Type`, `d`.`Min_Level`, `d`.`Note`, `d`.`Reorder_Level`, `d`.`Safety_Alerts`, `d`.`Status`, `d`.`Supplier`, `d`.`Unit`, `d`.`Unit_Packing`, `d`.`Updated_At`, `d`.`User_Id`, `d`.`Vat`, `d`.`Vat_Ac`
FROM `Drugs` AS `d`
WHERE (`d`.`User_Id` = @__p_0) AND (`d`.`Is_Delete` = 0)
2023-09-17 22:34:07.347 +05:30  INF  Executed action DCRM.Api.Controllers.DrugController.GetAllAsync (DCRM.Api) in 20.8711ms
2023-09-17 22:34:07.347 +05:30  INF  Executed endpoint 'DCRM.Api.Controllers.DrugController.GetAllAsync (DCRM.Api)'
2023-09-17 22:34:07.348 +05:30  INF  Request finished HTTP/2 GET https://localhost:7069/api/Drug/GateAll - - - 200 - application/json;+charset=utf-8 22.5738ms
2023-09-17 22:39:09.449 +05:30  INF  Request starting HTTP/2 GET https://localhost:7069/api/Drug/GateAll - -
2023-09-17 22:39:09.451 +05:30  INF  CORS policy execution successful.
2023-09-17 22:39:09.453 +05:30  INF  Executing endpoint 'DCRM.Api.Controllers.DrugController.GetAllAsync (DCRM.Api)'
2023-09-17 22:39:09.453 +05:30  INF  Route matched with {action = "GetAll", controller = "Drug"}. Executing controller action with signature System.Threading.Tasks.Task`1[System.Collections.Generic.IEnumerable`1[DCRM.Common.Entity.Drug]] GetAllAsync() on controller DCRM.Api.Controllers.DrugController (DCRM.Api).
2023-09-17 22:39:09.453 +05:30  INF  Executing ObjectResult, writing value of type 'Microsoft.EntityFrameworkCore.Query.Internal.EntityQueryable`1[[DCRM.Common.Entity.Drug, DCRM.Common, Version=1.0.0.0, Culture=neutral, PublicKeyToken=null]]'.
2023-09-17 22:39:09.812 +05:30  INF  Executed DbCommand (14ms) [Parameters=[@__p_0='?' (DbType = Int64)], CommandType='"Text"', CommandTimeout='30']
SELECT `d`.`Id`, `d`.`Bactrology`, `d`.`Basic_Salt`, `d`.`Created_At`, `d`.`Description`, `d`.`Details`, `d`.`Dosage`, `d`.`Dose_No`, `d`.`Form`, `d`.`Is_Delete`, `d`.`Medicine_Brand_Id`, `d`.`Medicine_Category_Id`, `d`.`Medicine_Company`, `d`.`Medicine_Composition`, `d`.`Medicine_Group`, `d`.`Medicine_Image`, `d`.`Medicine_Name`, `d`.`Medicine_Type`, `d`.`Min_Level`, `d`.`Note`, `d`.`Reorder_Level`, `d`.`Safety_Alerts`, `d`.`Status`, `d`.`Supplier`, `d`.`Unit`, `d`.`Unit_Packing`, `d`.`Updated_At`, `d`.`User_Id`, `d`.`Vat`, `d`.`Vat_Ac`
FROM `Drugs` AS `d`
WHERE (`d`.`User_Id` = @__p_0) AND (`d`.`Is_Delete` = 0)
2023-09-17 22:39:09.829 +05:30  INF  Executed action DCRM.Api.Controllers.DrugController.GetAllAsync (DCRM.Api) in 376.5293ms
2023-09-17 22:39:09.829 +05:30  INF  Executed endpoint 'DCRM.Api.Controllers.DrugController.GetAllAsync (DCRM.Api)'
2023-09-17 22:39:09.829 +05:30  INF  Request finished HTTP/2 GET https://localhost:7069/api/Drug/GateAll - - - 200 - application/json;+charset=utf-8 381.2860ms
2023-09-17 22:41:04.070 +05:30  INF  Request starting HTTP/2 GET https://localhost:7069/api/Drug/GateAll - -
2023-09-17 22:41:04.073 +05:30  INF  CORS policy execution successful.
2023-09-17 22:41:04.090 +05:30  INF  Executing endpoint 'DCRM.Api.Controllers.DrugController.GetAllAsync (DCRM.Api)'
2023-09-17 22:41:04.090 +05:30  INF  Route matched with {action = "GetAll", controller = "Drug"}. Executing controller action with signature System.Threading.Tasks.Task`1[System.Collections.Generic.IEnumerable`1[DCRM.Common.Entity.Drug]] GetAllAsync() on controller DCRM.Api.Controllers.DrugController (DCRM.Api).
2023-09-17 22:41:04.091 +05:30  INF  Executing ObjectResult, writing value of type 'Microsoft.EntityFrameworkCore.Query.Internal.EntityQueryable`1[[DCRM.Common.Entity.Drug, DCRM.Common, Version=1.0.0.0, Culture=neutral, PublicKeyToken=null]]'.
2023-09-17 22:41:04.117 +05:30  INF  Executed DbCommand (7ms) [Parameters=[@__p_0='?' (DbType = Int64)], CommandType='"Text"', CommandTimeout='30']
SELECT `d`.`Id`, `d`.`Bactrology`, `d`.`Basic_Salt`, `d`.`Created_At`, `d`.`Description`, `d`.`Details`, `d`.`Dosage`, `d`.`Dose_No`, `d`.`Form`, `d`.`Is_Delete`, `d`.`Medicine_Brand_Id`, `d`.`Medicine_Category_Id`, `d`.`Medicine_Company`, `d`.`Medicine_Composition`, `d`.`Medicine_Group`, `d`.`Medicine_Image`, `d`.`Medicine_Name`, `d`.`Medicine_Type`, `d`.`Min_Level`, `d`.`Note`, `d`.`Reorder_Level`, `d`.`Safety_Alerts`, `d`.`Status`, `d`.`Supplier`, `d`.`Unit`, `d`.`Unit_Packing`, `d`.`Updated_At`, `d`.`User_Id`, `d`.`Vat`, `d`.`Vat_Ac`
FROM `Drugs` AS `d`
WHERE (`d`.`User_Id` = @__p_0) AND (`d`.`Is_Delete` = 0)
2023-09-17 22:41:04.136 +05:30  INF  Executed action DCRM.Api.Controllers.DrugController.GetAllAsync (DCRM.Api) in 45.1158ms
2023-09-17 22:41:04.136 +05:30  INF  Executed endpoint 'DCRM.Api.Controllers.DrugController.GetAllAsync (DCRM.Api)'
2023-09-17 22:41:04.136 +05:30  INF  Request finished HTTP/2 GET https://localhost:7069/api/Drug/GateAll - - - 200 - application/json;+charset=utf-8 73.7524ms
2023-09-17 22:42:18.467 +05:30  INF  Request starting HTTP/2 GET https://localhost:7069/api/Drug/GateAll - -
2023-09-17 22:42:18.476 +05:30  INF  CORS policy execution successful.
2023-09-17 22:42:18.508 +05:30  INF  Executing endpoint 'DCRM.Api.Controllers.DrugController.GetAllAsync (DCRM.Api)'
2023-09-17 22:42:18.508 +05:30  INF  Route matched with {action = "GetAll", controller = "Drug"}. Executing controller action with signature System.Threading.Tasks.Task`1[System.Collections.Generic.IEnumerable`1[DCRM.Common.Entity.Drug]] GetAllAsync() on controller DCRM.Api.Controllers.DrugController (DCRM.Api).
2023-09-17 22:42:18.515 +05:30  INF  Executing ObjectResult, writing value of type 'Microsoft.EntityFrameworkCore.Query.Internal.EntityQueryable`1[[DCRM.Common.Entity.Drug, DCRM.Common, Version=1.0.0.0, Culture=neutral, PublicKeyToken=null]]'.
2023-09-17 22:42:18.529 +05:30  INF  Executed DbCommand (1ms) [Parameters=[@__p_0='?' (DbType = Int64)], CommandType='"Text"', CommandTimeout='30']
SELECT `d`.`Id`, `d`.`Bactrology`, `d`.`Basic_Salt`, `d`.`Created_At`, `d`.`Description`, `d`.`Details`, `d`.`Dosage`, `d`.`Dose_No`, `d`.`Form`, `d`.`Is_Delete`, `d`.`Medicine_Brand_Id`, `d`.`Medicine_Category_Id`, `d`.`Medicine_Company`, `d`.`Medicine_Composition`, `d`.`Medicine_Group`, `d`.`Medicine_Image`, `d`.`Medicine_Name`, `d`.`Medicine_Type`, `d`.`Min_Level`, `d`.`Note`, `d`.`Reorder_Level`, `d`.`Safety_Alerts`, `d`.`Status`, `d`.`Supplier`, `d`.`Unit`, `d`.`Unit_Packing`, `d`.`Updated_At`, `d`.`User_Id`, `d`.`Vat`, `d`.`Vat_Ac`
FROM `Drugs` AS `d`
WHERE (`d`.`User_Id` = @__p_0) AND (`d`.`Is_Delete` = 0)
2023-09-17 22:42:18.570 +05:30  INF  Executed action DCRM.Api.Controllers.DrugController.GetAllAsync (DCRM.Api) in 61.3623ms
2023-09-17 22:42:18.570 +05:30  INF  Executed endpoint 'DCRM.Api.Controllers.DrugController.GetAllAsync (DCRM.Api)'
2023-09-17 22:42:18.570 +05:30  INF  Request finished HTTP/2 GET https://localhost:7069/api/Drug/GateAll - - - 200 - application/json;+charset=utf-8 102.5041ms
2023-09-17 22:42:23.844 +05:30  INF  Request starting HTTP/2 GET https://localhost:7069/api/Drug/GateAll - -
2023-09-17 22:42:23.844 +05:30  INF  CORS policy execution successful.
2023-09-17 22:42:23.844 +05:30  INF  Executing endpoint 'DCRM.Api.Controllers.DrugController.GetAllAsync (DCRM.Api)'
2023-09-17 22:42:23.844 +05:30  INF  Route matched with {action = "GetAll", controller = "Drug"}. Executing controller action with signature System.Threading.Tasks.Task`1[System.Collections.Generic.IEnumerable`1[DCRM.Common.Entity.Drug]] GetAllAsync() on controller DCRM.Api.Controllers.DrugController (DCRM.Api).
2023-09-17 22:42:23.844 +05:30  INF  Executing ObjectResult, writing value of type 'Microsoft.EntityFrameworkCore.Query.Internal.EntityQueryable`1[[DCRM.Common.Entity.Drug, DCRM.Common, Version=1.0.0.0, Culture=neutral, PublicKeyToken=null]]'.
2023-09-17 22:42:23.854 +05:30  INF  Executed DbCommand (5ms) [Parameters=[@__p_0='?' (DbType = Int64)], CommandType='"Text"', CommandTimeout='30']
SELECT `d`.`Id`, `d`.`Bactrology`, `d`.`Basic_Salt`, `d`.`Created_At`, `d`.`Description`, `d`.`Details`, `d`.`Dosage`, `d`.`Dose_No`, `d`.`Form`, `d`.`Is_Delete`, `d`.`Medicine_Brand_Id`, `d`.`Medicine_Category_Id`, `d`.`Medicine_Company`, `d`.`Medicine_Composition`, `d`.`Medicine_Group`, `d`.`Medicine_Image`, `d`.`Medicine_Name`, `d`.`Medicine_Type`, `d`.`Min_Level`, `d`.`Note`, `d`.`Reorder_Level`, `d`.`Safety_Alerts`, `d`.`Status`, `d`.`Supplier`, `d`.`Unit`, `d`.`Unit_Packing`, `d`.`Updated_At`, `d`.`User_Id`, `d`.`Vat`, `d`.`Vat_Ac`
FROM `Drugs` AS `d`
WHERE (`d`.`User_Id` = @__p_0) AND (`d`.`Is_Delete` = 0)
2023-09-17 22:42:23.910 +05:30  INF  Executed action DCRM.Api.Controllers.DrugController.GetAllAsync (DCRM.Api) in 65.6528ms
2023-09-17 22:42:23.910 +05:30  INF  Executed endpoint 'DCRM.Api.Controllers.DrugController.GetAllAsync (DCRM.Api)'
2023-09-17 22:42:23.910 +05:30  INF  Request finished HTTP/2 GET https://localhost:7069/api/Drug/GateAll - - - 200 - application/json;+charset=utf-8 66.6967ms
2023-09-17 22:44:38.925 +05:30  INF  Request starting HTTP/2 GET https://localhost:7069/api/Drug/GateAll - -
2023-09-17 22:44:38.926 +05:30  INF  CORS policy execution successful.
2023-09-17 22:44:38.927 +05:30  INF  Executing endpoint 'DCRM.Api.Controllers.DrugController.GetAllAsync (DCRM.Api)'
2023-09-17 22:44:38.927 +05:30  INF  Route matched with {action = "GetAll", controller = "Drug"}. Executing controller action with signature System.Threading.Tasks.Task`1[System.Collections.Generic.IEnumerable`1[DCRM.Common.Entity.Drug]] GetAllAsync() on controller DCRM.Api.Controllers.DrugController (DCRM.Api).
2023-09-17 22:44:38.927 +05:30  INF  Executing ObjectResult, writing value of type 'Microsoft.EntityFrameworkCore.Query.Internal.EntityQueryable`1[[DCRM.Common.Entity.Drug, DCRM.Common, Version=1.0.0.0, Culture=neutral, PublicKeyToken=null]]'.
2023-09-17 22:44:38.938 +05:30  INF  Executed DbCommand (4ms) [Parameters=[@__p_0='?' (DbType = Int64)], CommandType='"Text"', CommandTimeout='30']
SELECT `d`.`Id`, `d`.`Bactrology`, `d`.`Basic_Salt`, `d`.`Created_At`, `d`.`Description`, `d`.`Details`, `d`.`Dosage`, `d`.`Dose_No`, `d`.`Form`, `d`.`Is_Delete`, `d`.`Medicine_Brand_Id`, `d`.`Medicine_Category_Id`, `d`.`Medicine_Company`, `d`.`Medicine_Composition`, `d`.`Medicine_Group`, `d`.`Medicine_Image`, `d`.`Medicine_Name`, `d`.`Medicine_Type`, `d`.`Min_Level`, `d`.`Note`, `d`.`Reorder_Level`, `d`.`Safety_Alerts`, `d`.`Status`, `d`.`Supplier`, `d`.`Unit`, `d`.`Unit_Packing`, `d`.`Updated_At`, `d`.`User_Id`, `d`.`Vat`, `d`.`Vat_Ac`
FROM `Drugs` AS `d`
WHERE (`d`.`User_Id` = @__p_0) AND (`d`.`Is_Delete` = 0)
2023-09-17 22:44:38.951 +05:30  INF  Executed action DCRM.Api.Controllers.DrugController.GetAllAsync (DCRM.Api) in 24.1998ms
2023-09-17 22:44:38.951 +05:30  INF  Executed endpoint 'DCRM.Api.Controllers.DrugController.GetAllAsync (DCRM.Api)'
2023-09-17 22:44:38.951 +05:30  INF  Request finished HTTP/2 GET https://localhost:7069/api/Drug/GateAll - - - 200 - application/json;+charset=utf-8 26.3034ms
2023-09-17 22:45:21.877 +05:30  INF  Request starting HTTP/2 GET https://localhost:7069/api/Drug/GateAll - -
2023-09-17 22:45:21.920 +05:30  INF  CORS policy execution successful.
2023-09-17 22:45:21.922 +05:30  INF  Executing endpoint 'DCRM.Api.Controllers.DrugController.GetAllAsync (DCRM.Api)'
2023-09-17 22:45:21.923 +05:30  INF  Route matched with {action = "GetAll", controller = "Drug"}. Executing controller action with signature System.Threading.Tasks.Task`1[System.Collections.Generic.IEnumerable`1[DCRM.Common.Entity.Drug]] GetAllAsync() on controller DCRM.Api.Controllers.DrugController (DCRM.Api).
2023-09-17 22:45:21.923 +05:30  INF  Executing ObjectResult, writing value of type 'Microsoft.EntityFrameworkCore.Query.Internal.EntityQueryable`1[[DCRM.Common.Entity.Drug, DCRM.Common, Version=1.0.0.0, Culture=neutral, PublicKeyToken=null]]'.
2023-09-17 22:45:22.079 +05:30  INF  Executed DbCommand (99ms) [Parameters=[@__p_0='?' (DbType = Int64)], CommandType='"Text"', CommandTimeout='30']
SELECT `d`.`Id`, `d`.`Bactrology`, `d`.`Basic_Salt`, `d`.`Created_At`, `d`.`Description`, `d`.`Details`, `d`.`Dosage`, `d`.`Dose_No`, `d`.`Form`, `d`.`Is_Delete`, `d`.`Medicine_Brand_Id`, `d`.`Medicine_Category_Id`, `d`.`Medicine_Company`, `d`.`Medicine_Composition`, `d`.`Medicine_Group`, `d`.`Medicine_Image`, `d`.`Medicine_Name`, `d`.`Medicine_Type`, `d`.`Min_Level`, `d`.`Note`, `d`.`Reorder_Level`, `d`.`Safety_Alerts`, `d`.`Status`, `d`.`Supplier`, `d`.`Unit`, `d`.`Unit_Packing`, `d`.`Updated_At`, `d`.`User_Id`, `d`.`Vat`, `d`.`Vat_Ac`
FROM `Drugs` AS `d`
WHERE (`d`.`User_Id` = @__p_0) AND (`d`.`Is_Delete` = 0)
2023-09-17 22:45:22.119 +05:30  INF  Executed action DCRM.Api.Controllers.DrugController.GetAllAsync (DCRM.Api) in 196.537ms
2023-09-17 22:45:22.120 +05:30  INF  Executed endpoint 'DCRM.Api.Controllers.DrugController.GetAllAsync (DCRM.Api)'
2023-09-17 22:45:22.123 +05:30  INF  Request finished HTTP/2 GET https://localhost:7069/api/Drug/GateAll - - - 200 - application/json;+charset=utf-8 245.7221ms
2023-09-17 22:45:23.668 +05:30  INF  Request starting HTTP/2 GET https://localhost:7069/api/Drug/GateAll - -
2023-09-17 22:45:23.668 +05:30  INF  CORS policy execution successful.
2023-09-17 22:45:23.668 +05:30  INF  Executing endpoint 'DCRM.Api.Controllers.DrugController.GetAllAsync (DCRM.Api)'
2023-09-17 22:45:23.669 +05:30  INF  Route matched with {action = "GetAll", controller = "Drug"}. Executing controller action with signature System.Threading.Tasks.Task`1[System.Collections.Generic.IEnumerable`1[DCRM.Common.Entity.Drug]] GetAllAsync() on controller DCRM.Api.Controllers.DrugController (DCRM.Api).
2023-09-17 22:45:23.669 +05:30  INF  Executing ObjectResult, writing value of type 'Microsoft.EntityFrameworkCore.Query.Internal.EntityQueryable`1[[DCRM.Common.Entity.Drug, DCRM.Common, Version=1.0.0.0, Culture=neutral, PublicKeyToken=null]]'.
2023-09-17 22:45:23.682 +05:30  INF  Executed DbCommand (5ms) [Parameters=[@__p_0='?' (DbType = Int64)], CommandType='"Text"', CommandTimeout='30']
SELECT `d`.`Id`, `d`.`Bactrology`, `d`.`Basic_Salt`, `d`.`Created_At`, `d`.`Description`, `d`.`Details`, `d`.`Dosage`, `d`.`Dose_No`, `d`.`Form`, `d`.`Is_Delete`, `d`.`Medicine_Brand_Id`, `d`.`Medicine_Category_Id`, `d`.`Medicine_Company`, `d`.`Medicine_Composition`, `d`.`Medicine_Group`, `d`.`Medicine_Image`, `d`.`Medicine_Name`, `d`.`Medicine_Type`, `d`.`Min_Level`, `d`.`Note`, `d`.`Reorder_Level`, `d`.`Safety_Alerts`, `d`.`Status`, `d`.`Supplier`, `d`.`Unit`, `d`.`Unit_Packing`, `d`.`Updated_At`, `d`.`User_Id`, `d`.`Vat`, `d`.`Vat_Ac`
FROM `Drugs` AS `d`
WHERE (`d`.`User_Id` = @__p_0) AND (`d`.`Is_Delete` = 0)
2023-09-17 22:45:23.699 +05:30  INF  Executed action DCRM.Api.Controllers.DrugController.GetAllAsync (DCRM.Api) in 29.9161ms
2023-09-17 22:45:23.699 +05:30  INF  Executed endpoint 'DCRM.Api.Controllers.DrugController.GetAllAsync (DCRM.Api)'
2023-09-17 22:45:23.699 +05:30  INF  Request finished HTTP/2 GET https://localhost:7069/api/Drug/GateAll - - - 200 - application/json;+charset=utf-8 31.4814ms
2023-09-17 22:45:49.903 +05:30  INF  Request starting HTTP/2 GET https://localhost:7069/api/Drug/GateAll - -
2023-09-17 22:45:49.904 +05:30  INF  CORS policy execution successful.
2023-09-17 22:45:49.905 +05:30  INF  Executing endpoint 'DCRM.Api.Controllers.DrugController.GetAllAsync (DCRM.Api)'
2023-09-17 22:45:49.905 +05:30  INF  Route matched with {action = "GetAll", controller = "Drug"}. Executing controller action with signature System.Threading.Tasks.Task`1[System.Collections.Generic.IEnumerable`1[DCRM.Common.Entity.Drug]] GetAllAsync() on controller DCRM.Api.Controllers.DrugController (DCRM.Api).
2023-09-17 22:45:49.905 +05:30  INF  Executing ObjectResult, writing value of type 'Microsoft.EntityFrameworkCore.Query.Internal.EntityQueryable`1[[DCRM.Common.Entity.Drug, DCRM.Common, Version=1.0.0.0, Culture=neutral, PublicKeyToken=null]]'.
2023-09-17 22:45:49.919 +05:30  INF  Executed DbCommand (2ms) [Parameters=[@__p_0='?' (DbType = Int64)], CommandType='"Text"', CommandTimeout='30']
SELECT `d`.`Id`, `d`.`Bactrology`, `d`.`Basic_Salt`, `d`.`Created_At`, `d`.`Description`, `d`.`Details`, `d`.`Dosage`, `d`.`Dose_No`, `d`.`Form`, `d`.`Is_Delete`, `d`.`Medicine_Brand_Id`, `d`.`Medicine_Category_Id`, `d`.`Medicine_Company`, `d`.`Medicine_Composition`, `d`.`Medicine_Group`, `d`.`Medicine_Image`, `d`.`Medicine_Name`, `d`.`Medicine_Type`, `d`.`Min_Level`, `d`.`Note`, `d`.`Reorder_Level`, `d`.`Safety_Alerts`, `d`.`Status`, `d`.`Supplier`, `d`.`Unit`, `d`.`Unit_Packing`, `d`.`Updated_At`, `d`.`User_Id`, `d`.`Vat`, `d`.`Vat_Ac`
FROM `Drugs` AS `d`
WHERE (`d`.`User_Id` = @__p_0) AND (`d`.`Is_Delete` = 0)
2023-09-17 22:45:49.954 +05:30  INF  Executed action DCRM.Api.Controllers.DrugController.GetAllAsync (DCRM.Api) in 48.7902ms
2023-09-17 22:45:49.954 +05:30  INF  Executed endpoint 'DCRM.Api.Controllers.DrugController.GetAllAsync (DCRM.Api)'
2023-09-17 22:45:49.954 +05:30  INF  Request finished HTTP/2 GET https://localhost:7069/api/Drug/GateAll - - - 200 - application/json;+charset=utf-8 51.1944ms
2023-09-17 22:46:52.289 +05:30  INF  Request starting HTTP/2 GET https://localhost:7069/api/Drug/GateAll - -
2023-09-17 22:46:52.289 +05:30  INF  CORS policy execution successful.
2023-09-17 22:46:52.297 +05:30  INF  Executing endpoint 'DCRM.Api.Controllers.DrugController.GetAllAsync (DCRM.Api)'
2023-09-17 22:46:52.301 +05:30  INF  Route matched with {action = "GetAll", controller = "Drug"}. Executing controller action with signature System.Threading.Tasks.Task`1[System.Collections.Generic.IEnumerable`1[DCRM.Common.Entity.Drug]] GetAllAsync() on controller DCRM.Api.Controllers.DrugController (DCRM.Api).
2023-09-17 22:46:52.302 +05:30  INF  Executing ObjectResult, writing value of type 'Microsoft.EntityFrameworkCore.Query.Internal.EntityQueryable`1[[DCRM.Common.Entity.Drug, DCRM.Common, Version=1.0.0.0, Culture=neutral, PublicKeyToken=null]]'.
2023-09-17 22:46:52.352 +05:30  INF  Executed DbCommand (8ms) [Parameters=[@__p_0='?' (DbType = Int64)], CommandType='"Text"', CommandTimeout='30']
SELECT `d`.`Id`, `d`.`Bactrology`, `d`.`Basic_Salt`, `d`.`Created_At`, `d`.`Description`, `d`.`Details`, `d`.`Dosage`, `d`.`Dose_No`, `d`.`Form`, `d`.`Is_Delete`, `d`.`Medicine_Brand_Id`, `d`.`Medicine_Category_Id`, `d`.`Medicine_Company`, `d`.`Medicine_Composition`, `d`.`Medicine_Group`, `d`.`Medicine_Image`, `d`.`Medicine_Name`, `d`.`Medicine_Type`, `d`.`Min_Level`, `d`.`Note`, `d`.`Reorder_Level`, `d`.`Safety_Alerts`, `d`.`Status`, `d`.`Supplier`, `d`.`Unit`, `d`.`Unit_Packing`, `d`.`Updated_At`, `d`.`User_Id`, `d`.`Vat`, `d`.`Vat_Ac`
FROM `Drugs` AS `d`
WHERE (`d`.`User_Id` = @__p_0) AND (`d`.`Is_Delete` = 0)
2023-09-17 22:46:52.395 +05:30  INF  Executed action DCRM.Api.Controllers.DrugController.GetAllAsync (DCRM.Api) in 94.1344ms
2023-09-17 22:46:52.396 +05:30  INF  Executed endpoint 'DCRM.Api.Controllers.DrugController.GetAllAsync (DCRM.Api)'
2023-09-17 22:46:52.396 +05:30  INF  Request finished HTTP/2 GET https://localhost:7069/api/Drug/GateAll - - - 200 - application/json;+charset=utf-8 106.4295ms
2023-09-17 22:46:53.871 +05:30  INF  Request starting HTTP/2 GET https://localhost:7069/api/Drug/GateAll - -
2023-09-17 22:46:53.871 +05:30  INF  CORS policy execution successful.
2023-09-17 22:46:53.873 +05:30  INF  Executing endpoint 'DCRM.Api.Controllers.DrugController.GetAllAsync (DCRM.Api)'
2023-09-17 22:46:53.874 +05:30  INF  Route matched with {action = "GetAll", controller = "Drug"}. Executing controller action with signature System.Threading.Tasks.Task`1[System.Collections.Generic.IEnumerable`1[DCRM.Common.Entity.Drug]] GetAllAsync() on controller DCRM.Api.Controllers.DrugController (DCRM.Api).
2023-09-17 22:46:53.874 +05:30  INF  Executing ObjectResult, writing value of type 'Microsoft.EntityFrameworkCore.Query.Internal.EntityQueryable`1[[DCRM.Common.Entity.Drug, DCRM.Common, Version=1.0.0.0, Culture=neutral, PublicKeyToken=null]]'.
2023-09-17 22:46:53.889 +05:30  INF  Executed DbCommand (9ms) [Parameters=[@__p_0='?' (DbType = Int64)], CommandType='"Text"', CommandTimeout='30']
SELECT `d`.`Id`, `d`.`Bactrology`, `d`.`Basic_Salt`, `d`.`Created_At`, `d`.`Description`, `d`.`Details`, `d`.`Dosage`, `d`.`Dose_No`, `d`.`Form`, `d`.`Is_Delete`, `d`.`Medicine_Brand_Id`, `d`.`Medicine_Category_Id`, `d`.`Medicine_Company`, `d`.`Medicine_Composition`, `d`.`Medicine_Group`, `d`.`Medicine_Image`, `d`.`Medicine_Name`, `d`.`Medicine_Type`, `d`.`Min_Level`, `d`.`Note`, `d`.`Reorder_Level`, `d`.`Safety_Alerts`, `d`.`Status`, `d`.`Supplier`, `d`.`Unit`, `d`.`Unit_Packing`, `d`.`Updated_At`, `d`.`User_Id`, `d`.`Vat`, `d`.`Vat_Ac`
FROM `Drugs` AS `d`
WHERE (`d`.`User_Id` = @__p_0) AND (`d`.`Is_Delete` = 0)
2023-09-17 22:46:53.902 +05:30  INF  Executed action DCRM.Api.Controllers.DrugController.GetAllAsync (DCRM.Api) in 27.8975ms
2023-09-17 22:46:53.902 +05:30  INF  Executed endpoint 'DCRM.Api.Controllers.DrugController.GetAllAsync (DCRM.Api)'
2023-09-17 22:46:53.902 +05:30  INF  Request finished HTTP/2 GET https://localhost:7069/api/Drug/GateAll - - - 200 - application/json;+charset=utf-8 31.0422ms
2023-09-17 22:47:24.171 +05:30  INF  Request starting HTTP/2 GET https://localhost:7069/api/Drug/GateAll - -
2023-09-17 22:47:24.171 +05:30  INF  CORS policy execution successful.
2023-09-17 22:47:24.174 +05:30  INF  Executing endpoint 'DCRM.Api.Controllers.DrugController.GetAllAsync (DCRM.Api)'
2023-09-17 22:47:24.174 +05:30  INF  Route matched with {action = "GetAll", controller = "Drug"}. Executing controller action with signature System.Threading.Tasks.Task`1[System.Collections.Generic.IEnumerable`1[DCRM.Common.Entity.Drug]] GetAllAsync() on controller DCRM.Api.Controllers.DrugController (DCRM.Api).
2023-09-17 22:47:24.174 +05:30  INF  Executing ObjectResult, writing value of type 'Microsoft.EntityFrameworkCore.Query.Internal.EntityQueryable`1[[DCRM.Common.Entity.Drug, DCRM.Common, Version=1.0.0.0, Culture=neutral, PublicKeyToken=null]]'.
2023-09-17 22:47:24.195 +05:30  INF  Executed DbCommand (8ms) [Parameters=[@__p_0='?' (DbType = Int64)], CommandType='"Text"', CommandTimeout='30']
SELECT `d`.`Id`, `d`.`Bactrology`, `d`.`Basic_Salt`, `d`.`Created_At`, `d`.`Description`, `d`.`Details`, `d`.`Dosage`, `d`.`Dose_No`, `d`.`Form`, `d`.`Is_Delete`, `d`.`Medicine_Brand_Id`, `d`.`Medicine_Category_Id`, `d`.`Medicine_Company`, `d`.`Medicine_Composition`, `d`.`Medicine_Group`, `d`.`Medicine_Image`, `d`.`Medicine_Name`, `d`.`Medicine_Type`, `d`.`Min_Level`, `d`.`Note`, `d`.`Reorder_Level`, `d`.`Safety_Alerts`, `d`.`Status`, `d`.`Supplier`, `d`.`Unit`, `d`.`Unit_Packing`, `d`.`Updated_At`, `d`.`User_Id`, `d`.`Vat`, `d`.`Vat_Ac`
FROM `Drugs` AS `d`
WHERE (`d`.`User_Id` = @__p_0) AND (`d`.`Is_Delete` = 0)
2023-09-17 22:47:24.240 +05:30  INF  Executed action DCRM.Api.Controllers.DrugController.GetAllAsync (DCRM.Api) in 66.1453ms
2023-09-17 22:47:24.240 +05:30  INF  Executed endpoint 'DCRM.Api.Controllers.DrugController.GetAllAsync (DCRM.Api)'
2023-09-17 22:47:24.240 +05:30  INF  Request finished HTTP/2 GET https://localhost:7069/api/Drug/GateAll - - - 200 - application/json;+charset=utf-8 69.3880ms
2023-09-17 22:48:37.373 +05:30  INF  Request starting HTTP/2 GET https://localhost:7069/api/Drug/GateAll - -
2023-09-17 22:48:37.377 +05:30  INF  CORS policy execution successful.
2023-09-17 22:48:37.387 +05:30  INF  Executing endpoint 'DCRM.Api.Controllers.DrugController.GetAllAsync (DCRM.Api)'
2023-09-17 22:48:37.388 +05:30  INF  Route matched with {action = "GetAll", controller = "Drug"}. Executing controller action with signature System.Threading.Tasks.Task`1[System.Collections.Generic.IEnumerable`1[DCRM.Common.Entity.Drug]] GetAllAsync() on controller DCRM.Api.Controllers.DrugController (DCRM.Api).
2023-09-17 22:48:37.399 +05:30  INF  Executing ObjectResult, writing value of type 'Microsoft.EntityFrameworkCore.Query.Internal.EntityQueryable`1[[DCRM.Common.Entity.Drug, DCRM.Common, Version=1.0.0.0, Culture=neutral, PublicKeyToken=null]]'.
2023-09-17 22:48:37.406 +05:30  INF  Executed DbCommand (2ms) [Parameters=[@__p_0='?' (DbType = Int64)], CommandType='"Text"', CommandTimeout='30']
SELECT `d`.`Id`, `d`.`Bactrology`, `d`.`Basic_Salt`, `d`.`Created_At`, `d`.`Description`, `d`.`Details`, `d`.`Dosage`, `d`.`Dose_No`, `d`.`Form`, `d`.`Is_Delete`, `d`.`Medicine_Brand_Id`, `d`.`Medicine_Category_Id`, `d`.`Medicine_Company`, `d`.`Medicine_Composition`, `d`.`Medicine_Group`, `d`.`Medicine_Image`, `d`.`Medicine_Name`, `d`.`Medicine_Type`, `d`.`Min_Level`, `d`.`Note`, `d`.`Reorder_Level`, `d`.`Safety_Alerts`, `d`.`Status`, `d`.`Supplier`, `d`.`Unit`, `d`.`Unit_Packing`, `d`.`Updated_At`, `d`.`User_Id`, `d`.`Vat`, `d`.`Vat_Ac`
FROM `Drugs` AS `d`
WHERE (`d`.`User_Id` = @__p_0) AND (`d`.`Is_Delete` = 0)
2023-09-17 22:48:37.426 +05:30  INF  Executed action DCRM.Api.Controllers.DrugController.GetAllAsync (DCRM.Api) in 31.4981ms
2023-09-17 22:48:37.427 +05:30  INF  Executed endpoint 'DCRM.Api.Controllers.DrugController.GetAllAsync (DCRM.Api)'
2023-09-17 22:48:37.427 +05:30  INF  Request finished HTTP/2 GET https://localhost:7069/api/Drug/GateAll - - - 200 - application/json;+charset=utf-8 53.8384ms
2023-09-17 22:50:33.265 +05:30  INF  Request starting HTTP/2 GET https://localhost:7069/api/Drug/GateAll - -
2023-09-17 22:50:33.273 +05:30  INF  CORS policy execution successful.
2023-09-17 22:50:33.311 +05:30  INF  Executing endpoint 'DCRM.Api.Controllers.DrugController.GetAllAsync (DCRM.Api)'
2023-09-17 22:50:33.311 +05:30  INF  Route matched with {action = "GetAll", controller = "Drug"}. Executing controller action with signature System.Threading.Tasks.Task`1[System.Collections.Generic.IEnumerable`1[DCRM.Common.Entity.Drug]] GetAllAsync() on controller DCRM.Api.Controllers.DrugController (DCRM.Api).
2023-09-17 22:50:33.314 +05:30  INF  Executing ObjectResult, writing value of type 'Microsoft.EntityFrameworkCore.Query.Internal.EntityQueryable`1[[DCRM.Common.Entity.Drug, DCRM.Common, Version=1.0.0.0, Culture=neutral, PublicKeyToken=null]]'.
2023-09-17 22:50:33.323 +05:30  INF  Executed DbCommand (2ms) [Parameters=[@__p_0='?' (DbType = Int64)], CommandType='"Text"', CommandTimeout='30']
SELECT `d`.`Id`, `d`.`Bactrology`, `d`.`Basic_Salt`, `d`.`Created_At`, `d`.`Description`, `d`.`Details`, `d`.`Dosage`, `d`.`Dose_No`, `d`.`Form`, `d`.`Is_Delete`, `d`.`Medicine_Brand_Id`, `d`.`Medicine_Category_Id`, `d`.`Medicine_Company`, `d`.`Medicine_Composition`, `d`.`Medicine_Group`, `d`.`Medicine_Image`, `d`.`Medicine_Name`, `d`.`Medicine_Type`, `d`.`Min_Level`, `d`.`Note`, `d`.`Reorder_Level`, `d`.`Safety_Alerts`, `d`.`Status`, `d`.`Supplier`, `d`.`Unit`, `d`.`Unit_Packing`, `d`.`Updated_At`, `d`.`User_Id`, `d`.`Vat`, `d`.`Vat_Ac`
FROM `Drugs` AS `d`
WHERE (`d`.`User_Id` = @__p_0) AND (`d`.`Is_Delete` = 0)
2023-09-17 22:50:33.427 +05:30  INF  Executed action DCRM.Api.Controllers.DrugController.GetAllAsync (DCRM.Api) in 116.537ms
2023-09-17 22:50:33.428 +05:30  INF  Executed endpoint 'DCRM.Api.Controllers.DrugController.GetAllAsync (DCRM.Api)'
2023-09-17 22:50:33.428 +05:30  INF  Request finished HTTP/2 GET https://localhost:7069/api/Drug/GateAll - - - 200 - application/json;+charset=utf-8 163.0711ms
2023-09-17 22:50:36.006 +05:30  INF  Request starting HTTP/2 GET https://localhost:7069/api/Drug/GateAll - -
2023-09-17 22:50:36.006 +05:30  INF  CORS policy execution successful.
2023-09-17 22:50:36.007 +05:30  INF  Executing endpoint 'DCRM.Api.Controllers.DrugController.GetAllAsync (DCRM.Api)'
2023-09-17 22:50:36.007 +05:30  INF  Route matched with {action = "GetAll", controller = "Drug"}. Executing controller action with signature System.Threading.Tasks.Task`1[System.Collections.Generic.IEnumerable`1[DCRM.Common.Entity.Drug]] GetAllAsync() on controller DCRM.Api.Controllers.DrugController (DCRM.Api).
2023-09-17 22:50:36.008 +05:30  INF  Executing ObjectResult, writing value of type 'Microsoft.EntityFrameworkCore.Query.Internal.EntityQueryable`1[[DCRM.Common.Entity.Drug, DCRM.Common, Version=1.0.0.0, Culture=neutral, PublicKeyToken=null]]'.
2023-09-17 22:50:36.026 +05:30  INF  Executed DbCommand (4ms) [Parameters=[@__p_0='?' (DbType = Int64)], CommandType='"Text"', CommandTimeout='30']
SELECT `d`.`Id`, `d`.`Bactrology`, `d`.`Basic_Salt`, `d`.`Created_At`, `d`.`Description`, `d`.`Details`, `d`.`Dosage`, `d`.`Dose_No`, `d`.`Form`, `d`.`Is_Delete`, `d`.`Medicine_Brand_Id`, `d`.`Medicine_Category_Id`, `d`.`Medicine_Company`, `d`.`Medicine_Composition`, `d`.`Medicine_Group`, `d`.`Medicine_Image`, `d`.`Medicine_Name`, `d`.`Medicine_Type`, `d`.`Min_Level`, `d`.`Note`, `d`.`Reorder_Level`, `d`.`Safety_Alerts`, `d`.`Status`, `d`.`Supplier`, `d`.`Unit`, `d`.`Unit_Packing`, `d`.`Updated_At`, `d`.`User_Id`, `d`.`Vat`, `d`.`Vat_Ac`
FROM `Drugs` AS `d`
WHERE (`d`.`User_Id` = @__p_0) AND (`d`.`Is_Delete` = 0)
2023-09-17 22:50:36.039 +05:30  INF  Executed action DCRM.Api.Controllers.DrugController.GetAllAsync (DCRM.Api) in 31.0964ms
2023-09-17 22:50:36.039 +05:30  INF  Executed endpoint 'DCRM.Api.Controllers.DrugController.GetAllAsync (DCRM.Api)'
2023-09-17 22:50:36.039 +05:30  INF  Request finished HTTP/2 GET https://localhost:7069/api/Drug/GateAll - - - 200 - application/json;+charset=utf-8 32.7983ms
2023-09-17 22:51:21.989 +05:30  INF  Request starting HTTP/2 GET https://localhost:7069/api/Drug/GateAll - -
2023-09-17 22:51:21.992 +05:30  INF  CORS policy execution successful.
2023-09-17 22:51:21.993 +05:30  INF  Executing endpoint 'DCRM.Api.Controllers.DrugController.GetAllAsync (DCRM.Api)'
2023-09-17 22:51:21.994 +05:30  INF  Route matched with {action = "GetAll", controller = "Drug"}. Executing controller action with signature System.Threading.Tasks.Task`1[System.Collections.Generic.IEnumerable`1[DCRM.Common.Entity.Drug]] GetAllAsync() on controller DCRM.Api.Controllers.DrugController (DCRM.Api).
2023-09-17 22:51:21.994 +05:30  INF  Executing ObjectResult, writing value of type 'Microsoft.EntityFrameworkCore.Query.Internal.EntityQueryable`1[[DCRM.Common.Entity.Drug, DCRM.Common, Version=1.0.0.0, Culture=neutral, PublicKeyToken=null]]'.
2023-09-17 22:51:22.068 +05:30  INF  Executed DbCommand (7ms) [Parameters=[@__p_0='?' (DbType = Int64)], CommandType='"Text"', CommandTimeout='30']
SELECT `d`.`Id`, `d`.`Bactrology`, `d`.`Basic_Salt`, `d`.`Created_At`, `d`.`Description`, `d`.`Details`, `d`.`Dosage`, `d`.`Dose_No`, `d`.`Form`, `d`.`Is_Delete`, `d`.`Medicine_Brand_Id`, `d`.`Medicine_Category_Id`, `d`.`Medicine_Company`, `d`.`Medicine_Composition`, `d`.`Medicine_Group`, `d`.`Medicine_Image`, `d`.`Medicine_Name`, `d`.`Medicine_Type`, `d`.`Min_Level`, `d`.`Note`, `d`.`Reorder_Level`, `d`.`Safety_Alerts`, `d`.`Status`, `d`.`Supplier`, `d`.`Unit`, `d`.`Unit_Packing`, `d`.`Updated_At`, `d`.`User_Id`, `d`.`Vat`, `d`.`Vat_Ac`
FROM `Drugs` AS `d`
WHERE (`d`.`User_Id` = @__p_0) AND (`d`.`Is_Delete` = 0)
2023-09-17 22:51:22.110 +05:30  INF  Executed action DCRM.Api.Controllers.DrugController.GetAllAsync (DCRM.Api) in 116.2543ms
2023-09-17 22:51:22.110 +05:30  INF  Executed endpoint 'DCRM.Api.Controllers.DrugController.GetAllAsync (DCRM.Api)'
2023-09-17 22:51:22.110 +05:30  INF  Request finished HTTP/2 GET https://localhost:7069/api/Drug/GateAll - - - 200 - application/json;+charset=utf-8 120.9346ms
2023-09-17 22:51:24.957 +05:30  INF  Request starting HTTP/2 GET https://localhost:7069/api/Drug/GateAll - -
2023-09-17 22:51:24.958 +05:30  INF  CORS policy execution successful.
2023-09-17 22:51:24.958 +05:30  INF  Executing endpoint 'DCRM.Api.Controllers.DrugController.GetAllAsync (DCRM.Api)'
2023-09-17 22:51:24.959 +05:30  INF  Route matched with {action = "GetAll", controller = "Drug"}. Executing controller action with signature System.Threading.Tasks.Task`1[System.Collections.Generic.IEnumerable`1[DCRM.Common.Entity.Drug]] GetAllAsync() on controller DCRM.Api.Controllers.DrugController (DCRM.Api).
2023-09-17 22:51:24.959 +05:30  INF  Executing ObjectResult, writing value of type 'Microsoft.EntityFrameworkCore.Query.Internal.EntityQueryable`1[[DCRM.Common.Entity.Drug, DCRM.Common, Version=1.0.0.0, Culture=neutral, PublicKeyToken=null]]'.
2023-09-17 22:51:24.972 +05:30  INF  Executed DbCommand (5ms) [Parameters=[@__p_0='?' (DbType = Int64)], CommandType='"Text"', CommandTimeout='30']
SELECT `d`.`Id`, `d`.`Bactrology`, `d`.`Basic_Salt`, `d`.`Created_At`, `d`.`Description`, `d`.`Details`, `d`.`Dosage`, `d`.`Dose_No`, `d`.`Form`, `d`.`Is_Delete`, `d`.`Medicine_Brand_Id`, `d`.`Medicine_Category_Id`, `d`.`Medicine_Company`, `d`.`Medicine_Composition`, `d`.`Medicine_Group`, `d`.`Medicine_Image`, `d`.`Medicine_Name`, `d`.`Medicine_Type`, `d`.`Min_Level`, `d`.`Note`, `d`.`Reorder_Level`, `d`.`Safety_Alerts`, `d`.`Status`, `d`.`Supplier`, `d`.`Unit`, `d`.`Unit_Packing`, `d`.`Updated_At`, `d`.`User_Id`, `d`.`Vat`, `d`.`Vat_Ac`
FROM `Drugs` AS `d`
WHERE (`d`.`User_Id` = @__p_0) AND (`d`.`Is_Delete` = 0)
2023-09-17 22:51:25.006 +05:30  INF  Executed action DCRM.Api.Controllers.DrugController.GetAllAsync (DCRM.Api) in 47.7057ms
2023-09-17 22:51:25.006 +05:30  INF  Executed endpoint 'DCRM.Api.Controllers.DrugController.GetAllAsync (DCRM.Api)'
2023-09-17 22:51:25.007 +05:30  INF  Request finished HTTP/2 GET https://localhost:7069/api/Drug/GateAll - - - 200 - application/json;+charset=utf-8 49.1905ms
2023-09-17 22:51:51.726 +05:30  INF  Request starting HTTP/2 GET https://localhost:7069/api/Drug/GateAll - -
2023-09-17 22:51:51.727 +05:30  INF  CORS policy execution successful.
2023-09-17 22:51:51.734 +05:30  INF  Executing endpoint 'DCRM.Api.Controllers.DrugController.GetAllAsync (DCRM.Api)'
2023-09-17 22:51:51.735 +05:30  INF  Route matched with {action = "GetAll", controller = "Drug"}. Executing controller action with signature System.Threading.Tasks.Task`1[System.Collections.Generic.IEnumerable`1[DCRM.Common.Entity.Drug]] GetAllAsync() on controller DCRM.Api.Controllers.DrugController (DCRM.Api).
2023-09-17 22:51:51.735 +05:30  INF  Executing ObjectResult, writing value of type 'Microsoft.EntityFrameworkCore.Query.Internal.EntityQueryable`1[[DCRM.Common.Entity.Drug, DCRM.Common, Version=1.0.0.0, Culture=neutral, PublicKeyToken=null]]'.
2023-09-17 22:51:51.753 +05:30  INF  Executed DbCommand (2ms) [Parameters=[@__p_0='?' (DbType = Int64)], CommandType='"Text"', CommandTimeout='30']
SELECT `d`.`Id`, `d`.`Bactrology`, `d`.`Basic_Salt`, `d`.`Created_At`, `d`.`Description`, `d`.`Details`, `d`.`Dosage`, `d`.`Dose_No`, `d`.`Form`, `d`.`Is_Delete`, `d`.`Medicine_Brand_Id`, `d`.`Medicine_Category_Id`, `d`.`Medicine_Company`, `d`.`Medicine_Composition`, `d`.`Medicine_Group`, `d`.`Medicine_Image`, `d`.`Medicine_Name`, `d`.`Medicine_Type`, `d`.`Min_Level`, `d`.`Note`, `d`.`Reorder_Level`, `d`.`Safety_Alerts`, `d`.`Status`, `d`.`Supplier`, `d`.`Unit`, `d`.`Unit_Packing`, `d`.`Updated_At`, `d`.`User_Id`, `d`.`Vat`, `d`.`Vat_Ac`
FROM `Drugs` AS `d`
WHERE (`d`.`User_Id` = @__p_0) AND (`d`.`Is_Delete` = 0)
2023-09-17 22:51:51.765 +05:30  INF  Executed action DCRM.Api.Controllers.DrugController.GetAllAsync (DCRM.Api) in 30.6004ms
2023-09-17 22:51:51.765 +05:30  INF  Executed endpoint 'DCRM.Api.Controllers.DrugController.GetAllAsync (DCRM.Api)'
2023-09-17 22:51:51.765 +05:30  INF  Request finished HTTP/2 GET https://localhost:7069/api/Drug/GateAll - - - 200 - application/json;+charset=utf-8 39.3076ms
2023-09-17 22:53:01.005 +05:30  INF  Request starting HTTP/2 GET https://localhost:7069/api/Drug/GateAll - -
2023-09-17 22:53:01.006 +05:30  INF  CORS policy execution successful.
2023-09-17 22:53:01.019 +05:30  INF  Executing endpoint 'DCRM.Api.Controllers.DrugController.GetAllAsync (DCRM.Api)'
2023-09-17 22:53:01.024 +05:30  INF  Route matched with {action = "GetAll", controller = "Drug"}. Executing controller action with signature System.Threading.Tasks.Task`1[System.Collections.Generic.IEnumerable`1[DCRM.Common.Entity.Drug]] GetAllAsync() on controller DCRM.Api.Controllers.DrugController (DCRM.Api).
2023-09-17 22:53:01.024 +05:30  INF  Executing ObjectResult, writing value of type 'Microsoft.EntityFrameworkCore.Query.Internal.EntityQueryable`1[[DCRM.Common.Entity.Drug, DCRM.Common, Version=1.0.0.0, Culture=neutral, PublicKeyToken=null]]'.
2023-09-17 22:53:01.047 +05:30  INF  Executed DbCommand (1ms) [Parameters=[@__p_0='?' (DbType = Int64)], CommandType='"Text"', CommandTimeout='30']
SELECT `d`.`Id`, `d`.`Bactrology`, `d`.`Basic_Salt`, `d`.`Created_At`, `d`.`Description`, `d`.`Details`, `d`.`Dosage`, `d`.`Dose_No`, `d`.`Form`, `d`.`Is_Delete`, `d`.`Medicine_Brand_Id`, `d`.`Medicine_Category_Id`, `d`.`Medicine_Company`, `d`.`Medicine_Composition`, `d`.`Medicine_Group`, `d`.`Medicine_Image`, `d`.`Medicine_Name`, `d`.`Medicine_Type`, `d`.`Min_Level`, `d`.`Note`, `d`.`Reorder_Level`, `d`.`Safety_Alerts`, `d`.`Status`, `d`.`Supplier`, `d`.`Unit`, `d`.`Unit_Packing`, `d`.`Updated_At`, `d`.`User_Id`, `d`.`Vat`, `d`.`Vat_Ac`
FROM `Drugs` AS `d`
WHERE (`d`.`User_Id` = @__p_0) AND (`d`.`Is_Delete` = 0)
2023-09-17 22:53:01.056 +05:30  INF  Executed action DCRM.Api.Controllers.DrugController.GetAllAsync (DCRM.Api) in 32.5233ms
2023-09-17 22:53:01.056 +05:30  INF  Executed endpoint 'DCRM.Api.Controllers.DrugController.GetAllAsync (DCRM.Api)'
2023-09-17 22:53:01.057 +05:30  INF  Request finished HTTP/2 GET https://localhost:7069/api/Drug/GateAll - - - 200 - application/json;+charset=utf-8 51.1694ms
2023-09-17 22:53:55.322 +05:30  INF  Request starting HTTP/2 GET https://localhost:7069/api/Drug/GateAll - -
2023-09-17 22:53:55.326 +05:30  INF  CORS policy execution successful.
2023-09-17 22:53:55.328 +05:30  INF  Executing endpoint 'DCRM.Api.Controllers.DrugController.GetAllAsync (DCRM.Api)'
2023-09-17 22:53:55.336 +05:30  INF  Route matched with {action = "GetAll", controller = "Drug"}. Executing controller action with signature System.Threading.Tasks.Task`1[System.Collections.Generic.IEnumerable`1[DCRM.Common.Entity.Drug]] GetAllAsync() on controller DCRM.Api.Controllers.DrugController (DCRM.Api).
2023-09-17 22:53:55.340 +05:30  INF  Executing ObjectResult, writing value of type 'Microsoft.EntityFrameworkCore.Query.Internal.EntityQueryable`1[[DCRM.Common.Entity.Drug, DCRM.Common, Version=1.0.0.0, Culture=neutral, PublicKeyToken=null]]'.
2023-09-17 22:53:55.352 +05:30  INF  Executed DbCommand (6ms) [Parameters=[@__p_0='?' (DbType = Int64)], CommandType='"Text"', CommandTimeout='30']
SELECT `d`.`Id`, `d`.`Bactrology`, `d`.`Basic_Salt`, `d`.`Created_At`, `d`.`Description`, `d`.`Details`, `d`.`Dosage`, `d`.`Dose_No`, `d`.`Form`, `d`.`Is_Delete`, `d`.`Medicine_Brand_Id`, `d`.`Medicine_Category_Id`, `d`.`Medicine_Company`, `d`.`Medicine_Composition`, `d`.`Medicine_Group`, `d`.`Medicine_Image`, `d`.`Medicine_Name`, `d`.`Medicine_Type`, `d`.`Min_Level`, `d`.`Note`, `d`.`Reorder_Level`, `d`.`Safety_Alerts`, `d`.`Status`, `d`.`Supplier`, `d`.`Unit`, `d`.`Unit_Packing`, `d`.`Updated_At`, `d`.`User_Id`, `d`.`Vat`, `d`.`Vat_Ac`
FROM `Drugs` AS `d`
WHERE (`d`.`User_Id` = @__p_0) AND (`d`.`Is_Delete` = 0)
2023-09-17 22:53:55.362 +05:30  INF  Executed action DCRM.Api.Controllers.DrugController.GetAllAsync (DCRM.Api) in 24.8431ms
2023-09-17 22:53:55.362 +05:30  INF  Executed endpoint 'DCRM.Api.Controllers.DrugController.GetAllAsync (DCRM.Api)'
2023-09-17 22:53:55.363 +05:30  INF  Request finished HTTP/2 GET https://localhost:7069/api/Drug/GateAll - - - 200 - application/json;+charset=utf-8 41.1548ms
2023-09-17 22:54:51.760 +05:30  INF  Request starting HTTP/2 GET https://localhost:7069/api/Drug/GateAll - -
2023-09-17 22:54:51.761 +05:30  INF  CORS policy execution successful.
2023-09-17 22:54:51.761 +05:30  INF  Executing endpoint 'DCRM.Api.Controllers.DrugController.GetAllAsync (DCRM.Api)'
2023-09-17 22:54:51.761 +05:30  INF  Route matched with {action = "GetAll", controller = "Drug"}. Executing controller action with signature System.Threading.Tasks.Task`1[System.Collections.Generic.IEnumerable`1[DCRM.Common.Entity.Drug]] GetAllAsync() on controller DCRM.Api.Controllers.DrugController (DCRM.Api).
2023-09-17 22:54:51.762 +05:30  INF  Executing ObjectResult, writing value of type 'Microsoft.EntityFrameworkCore.Query.Internal.EntityQueryable`1[[DCRM.Common.Entity.Drug, DCRM.Common, Version=1.0.0.0, Culture=neutral, PublicKeyToken=null]]'.
2023-09-17 22:54:51.786 +05:30  INF  Executed DbCommand (6ms) [Parameters=[@__p_0='?' (DbType = Int64)], CommandType='"Text"', CommandTimeout='30']
SELECT `d`.`Id`, `d`.`Bactrology`, `d`.`Basic_Salt`, `d`.`Created_At`, `d`.`Description`, `d`.`Details`, `d`.`Dosage`, `d`.`Dose_No`, `d`.`Form`, `d`.`Is_Delete`, `d`.`Medicine_Brand_Id`, `d`.`Medicine_Category_Id`, `d`.`Medicine_Company`, `d`.`Medicine_Composition`, `d`.`Medicine_Group`, `d`.`Medicine_Image`, `d`.`Medicine_Name`, `d`.`Medicine_Type`, `d`.`Min_Level`, `d`.`Note`, `d`.`Reorder_Level`, `d`.`Safety_Alerts`, `d`.`Status`, `d`.`Supplier`, `d`.`Unit`, `d`.`Unit_Packing`, `d`.`Updated_At`, `d`.`User_Id`, `d`.`Vat`, `d`.`Vat_Ac`
FROM `Drugs` AS `d`
WHERE (`d`.`User_Id` = @__p_0) AND (`d`.`Is_Delete` = 0)
2023-09-17 22:54:51.802 +05:30  INF  Executed action DCRM.Api.Controllers.DrugController.GetAllAsync (DCRM.Api) in 41.006ms
2023-09-17 22:54:51.802 +05:30  INF  Executed endpoint 'DCRM.Api.Controllers.DrugController.GetAllAsync (DCRM.Api)'
2023-09-17 22:54:51.803 +05:30  INF  Request finished HTTP/2 GET https://localhost:7069/api/Drug/GateAll - - - 200 - application/json;+charset=utf-8 42.8272ms
2023-09-17 22:55:49.686 +05:30  INF  Request starting HTTP/2 GET https://localhost:7069/api/Drug/GateAll - -
2023-09-17 22:55:49.686 +05:30  INF  CORS policy execution successful.
2023-09-17 22:55:49.687 +05:30  INF  Executing endpoint 'DCRM.Api.Controllers.DrugController.GetAllAsync (DCRM.Api)'
2023-09-17 22:55:49.687 +05:30  INF  Route matched with {action = "GetAll", controller = "Drug"}. Executing controller action with signature System.Threading.Tasks.Task`1[System.Collections.Generic.IEnumerable`1[DCRM.Common.Entity.Drug]] GetAllAsync() on controller DCRM.Api.Controllers.DrugController (DCRM.Api).
2023-09-17 22:55:49.687 +05:30  INF  Executing ObjectResult, writing value of type 'Microsoft.EntityFrameworkCore.Query.Internal.EntityQueryable`1[[DCRM.Common.Entity.Drug, DCRM.Common, Version=1.0.0.0, Culture=neutral, PublicKeyToken=null]]'.
2023-09-17 22:55:49.694 +05:30  INF  Executed DbCommand (1ms) [Parameters=[@__p_0='?' (DbType = Int64)], CommandType='"Text"', CommandTimeout='30']
SELECT `d`.`Id`, `d`.`Bactrology`, `d`.`Basic_Salt`, `d`.`Created_At`, `d`.`Description`, `d`.`Details`, `d`.`Dosage`, `d`.`Dose_No`, `d`.`Form`, `d`.`Is_Delete`, `d`.`Medicine_Brand_Id`, `d`.`Medicine_Category_Id`, `d`.`Medicine_Company`, `d`.`Medicine_Composition`, `d`.`Medicine_Group`, `d`.`Medicine_Image`, `d`.`Medicine_Name`, `d`.`Medicine_Type`, `d`.`Min_Level`, `d`.`Note`, `d`.`Reorder_Level`, `d`.`Safety_Alerts`, `d`.`Status`, `d`.`Supplier`, `d`.`Unit`, `d`.`Unit_Packing`, `d`.`Updated_At`, `d`.`User_Id`, `d`.`Vat`, `d`.`Vat_Ac`
FROM `Drugs` AS `d`
WHERE (`d`.`User_Id` = @__p_0) AND (`d`.`Is_Delete` = 0)
2023-09-17 22:55:49.703 +05:30  INF  Executed action DCRM.Api.Controllers.DrugController.GetAllAsync (DCRM.Api) in 15.4896ms
2023-09-17 22:55:49.703 +05:30  INF  Executed endpoint 'DCRM.Api.Controllers.DrugController.GetAllAsync (DCRM.Api)'
2023-09-17 22:55:49.703 +05:30  INF  Request finished HTTP/2 GET https://localhost:7069/api/Drug/GateAll - - - 200 - application/json;+charset=utf-8 16.8406ms
2023-09-17 22:56:40.272 +05:30  INF  Request starting HTTP/2 GET https://localhost:7069/api/Drug/GateAll - -
2023-09-17 22:56:40.273 +05:30  INF  CORS policy execution successful.
2023-09-17 22:56:40.274 +05:30  INF  Executing endpoint 'DCRM.Api.Controllers.DrugController.GetAllAsync (DCRM.Api)'
2023-09-17 22:56:40.274 +05:30  INF  Route matched with {action = "GetAll", controller = "Drug"}. Executing controller action with signature System.Threading.Tasks.Task`1[System.Collections.Generic.IEnumerable`1[DCRM.Common.Entity.Drug]] GetAllAsync() on controller DCRM.Api.Controllers.DrugController (DCRM.Api).
2023-09-17 22:56:40.274 +05:30  INF  Executing ObjectResult, writing value of type 'Microsoft.EntityFrameworkCore.Query.Internal.EntityQueryable`1[[DCRM.Common.Entity.Drug, DCRM.Common, Version=1.0.0.0, Culture=neutral, PublicKeyToken=null]]'.
2023-09-17 22:56:40.281 +05:30  INF  Executed DbCommand (2ms) [Parameters=[@__p_0='?' (DbType = Int64)], CommandType='"Text"', CommandTimeout='30']
SELECT `d`.`Id`, `d`.`Bactrology`, `d`.`Basic_Salt`, `d`.`Created_At`, `d`.`Description`, `d`.`Details`, `d`.`Dosage`, `d`.`Dose_No`, `d`.`Form`, `d`.`Is_Delete`, `d`.`Medicine_Brand_Id`, `d`.`Medicine_Category_Id`, `d`.`Medicine_Company`, `d`.`Medicine_Composition`, `d`.`Medicine_Group`, `d`.`Medicine_Image`, `d`.`Medicine_Name`, `d`.`Medicine_Type`, `d`.`Min_Level`, `d`.`Note`, `d`.`Reorder_Level`, `d`.`Safety_Alerts`, `d`.`Status`, `d`.`Supplier`, `d`.`Unit`, `d`.`Unit_Packing`, `d`.`Updated_At`, `d`.`User_Id`, `d`.`Vat`, `d`.`Vat_Ac`
FROM `Drugs` AS `d`
WHERE (`d`.`User_Id` = @__p_0) AND (`d`.`Is_Delete` = 0)
2023-09-17 22:56:40.311 +05:30  INF  Executed action DCRM.Api.Controllers.DrugController.GetAllAsync (DCRM.Api) in 36.8987ms
2023-09-17 22:56:40.311 +05:30  INF  Executed endpoint 'DCRM.Api.Controllers.DrugController.GetAllAsync (DCRM.Api)'
2023-09-17 22:56:40.312 +05:30  INF  Request finished HTTP/2 GET https://localhost:7069/api/Drug/GateAll - - - 200 - application/json;+charset=utf-8 39.7816ms
2023-09-17 22:56:41.844 +05:30  INF  Request starting HTTP/2 GET https://localhost:7069/api/Drug/GateAll - -
2023-09-17 22:56:41.845 +05:30  INF  CORS policy execution successful.
2023-09-17 22:56:41.845 +05:30  INF  Executing endpoint 'DCRM.Api.Controllers.DrugController.GetAllAsync (DCRM.Api)'
2023-09-17 22:56:41.845 +05:30  INF  Route matched with {action = "GetAll", controller = "Drug"}. Executing controller action with signature System.Threading.Tasks.Task`1[System.Collections.Generic.IEnumerable`1[DCRM.Common.Entity.Drug]] GetAllAsync() on controller DCRM.Api.Controllers.DrugController (DCRM.Api).
2023-09-17 22:56:41.846 +05:30  INF  Executing ObjectResult, writing value of type 'Microsoft.EntityFrameworkCore.Query.Internal.EntityQueryable`1[[DCRM.Common.Entity.Drug, DCRM.Common, Version=1.0.0.0, Culture=neutral, PublicKeyToken=null]]'.
2023-09-17 22:56:41.855 +05:30  INF  Executed DbCommand (3ms) [Parameters=[@__p_0='?' (DbType = Int64)], CommandType='"Text"', CommandTimeout='30']
SELECT `d`.`Id`, `d`.`Bactrology`, `d`.`Basic_Salt`, `d`.`Created_At`, `d`.`Description`, `d`.`Details`, `d`.`Dosage`, `d`.`Dose_No`, `d`.`Form`, `d`.`Is_Delete`, `d`.`Medicine_Brand_Id`, `d`.`Medicine_Category_Id`, `d`.`Medicine_Company`, `d`.`Medicine_Composition`, `d`.`Medicine_Group`, `d`.`Medicine_Image`, `d`.`Medicine_Name`, `d`.`Medicine_Type`, `d`.`Min_Level`, `d`.`Note`, `d`.`Reorder_Level`, `d`.`Safety_Alerts`, `d`.`Status`, `d`.`Supplier`, `d`.`Unit`, `d`.`Unit_Packing`, `d`.`Updated_At`, `d`.`User_Id`, `d`.`Vat`, `d`.`Vat_Ac`
FROM `Drugs` AS `d`
WHERE (`d`.`User_Id` = @__p_0) AND (`d`.`Is_Delete` = 0)
2023-09-17 22:56:41.875 +05:30  INF  Executed action DCRM.Api.Controllers.DrugController.GetAllAsync (DCRM.Api) in 29.1023ms
2023-09-17 22:56:41.875 +05:30  INF  Executed endpoint 'DCRM.Api.Controllers.DrugController.GetAllAsync (DCRM.Api)'
2023-09-17 22:56:41.875 +05:30  INF  Request finished HTTP/2 GET https://localhost:7069/api/Drug/GateAll - - - 200 - application/json;+charset=utf-8 30.5121ms
2023-09-17 22:57:48.417 +05:30  INF  Request starting HTTP/2 GET https://localhost:7069/api/Drug/GateAll - -
2023-09-17 22:57:48.417 +05:30  INF  CORS policy execution successful.
2023-09-17 22:57:48.418 +05:30  INF  Executing endpoint 'DCRM.Api.Controllers.DrugController.GetAllAsync (DCRM.Api)'
2023-09-17 22:57:48.418 +05:30  INF  Route matched with {action = "GetAll", controller = "Drug"}. Executing controller action with signature System.Threading.Tasks.Task`1[System.Collections.Generic.IEnumerable`1[DCRM.Common.Entity.Drug]] GetAllAsync() on controller DCRM.Api.Controllers.DrugController (DCRM.Api).
2023-09-17 22:57:48.419 +05:30  INF  Executing ObjectResult, writing value of type 'Microsoft.EntityFrameworkCore.Query.Internal.EntityQueryable`1[[DCRM.Common.Entity.Drug, DCRM.Common, Version=1.0.0.0, Culture=neutral, PublicKeyToken=null]]'.
2023-09-17 22:57:48.424 +05:30  INF  Executed DbCommand (2ms) [Parameters=[@__p_0='?' (DbType = Int64)], CommandType='"Text"', CommandTimeout='30']
SELECT `d`.`Id`, `d`.`Bactrology`, `d`.`Basic_Salt`, `d`.`Created_At`, `d`.`Description`, `d`.`Details`, `d`.`Dosage`, `d`.`Dose_No`, `d`.`Form`, `d`.`Is_Delete`, `d`.`Medicine_Brand_Id`, `d`.`Medicine_Category_Id`, `d`.`Medicine_Company`, `d`.`Medicine_Composition`, `d`.`Medicine_Group`, `d`.`Medicine_Image`, `d`.`Medicine_Name`, `d`.`Medicine_Type`, `d`.`Min_Level`, `d`.`Note`, `d`.`Reorder_Level`, `d`.`Safety_Alerts`, `d`.`Status`, `d`.`Supplier`, `d`.`Unit`, `d`.`Unit_Packing`, `d`.`Updated_At`, `d`.`User_Id`, `d`.`Vat`, `d`.`Vat_Ac`
FROM `Drugs` AS `d`
WHERE (`d`.`User_Id` = @__p_0) AND (`d`.`Is_Delete` = 0)
2023-09-17 22:57:48.433 +05:30  INF  Executed action DCRM.Api.Controllers.DrugController.GetAllAsync (DCRM.Api) in 14.6951ms
2023-09-17 22:57:48.433 +05:30  INF  Executed endpoint 'DCRM.Api.Controllers.DrugController.GetAllAsync (DCRM.Api)'
2023-09-17 22:57:48.433 +05:30  INF  Request finished HTTP/2 GET https://localhost:7069/api/Drug/GateAll - - - 200 - application/json;+charset=utf-8 16.1044ms
2023-09-17 22:58:27.181 +05:30  INF  Request starting HTTP/2 GET https://localhost:7069/api/Drug/GateAll - -
2023-09-17 22:58:27.182 +05:30  INF  CORS policy execution successful.
2023-09-17 22:58:27.182 +05:30  INF  Executing endpoint 'DCRM.Api.Controllers.DrugController.GetAllAsync (DCRM.Api)'
2023-09-17 22:58:27.182 +05:30  INF  Route matched with {action = "GetAll", controller = "Drug"}. Executing controller action with signature System.Threading.Tasks.Task`1[System.Collections.Generic.IEnumerable`1[DCRM.Common.Entity.Drug]] GetAllAsync() on controller DCRM.Api.Controllers.DrugController (DCRM.Api).
2023-09-17 22:58:27.182 +05:30  INF  Executing ObjectResult, writing value of type 'Microsoft.EntityFrameworkCore.Query.Internal.EntityQueryable`1[[DCRM.Common.Entity.Drug, DCRM.Common, Version=1.0.0.0, Culture=neutral, PublicKeyToken=null]]'.
2023-09-17 22:58:27.218 +05:30  INF  Executed DbCommand (7ms) [Parameters=[@__p_0='?' (DbType = Int64)], CommandType='"Text"', CommandTimeout='30']
SELECT `d`.`Id`, `d`.`Bactrology`, `d`.`Basic_Salt`, `d`.`Created_At`, `d`.`Description`, `d`.`Details`, `d`.`Dosage`, `d`.`Dose_No`, `d`.`Form`, `d`.`Is_Delete`, `d`.`Medicine_Brand_Id`, `d`.`Medicine_Category_Id`, `d`.`Medicine_Company`, `d`.`Medicine_Composition`, `d`.`Medicine_Group`, `d`.`Medicine_Image`, `d`.`Medicine_Name`, `d`.`Medicine_Type`, `d`.`Min_Level`, `d`.`Note`, `d`.`Reorder_Level`, `d`.`Safety_Alerts`, `d`.`Status`, `d`.`Supplier`, `d`.`Unit`, `d`.`Unit_Packing`, `d`.`Updated_At`, `d`.`User_Id`, `d`.`Vat`, `d`.`Vat_Ac`
FROM `Drugs` AS `d`
WHERE (`d`.`User_Id` = @__p_0) AND (`d`.`Is_Delete` = 0)
2023-09-17 22:58:27.248 +05:30  INF  Executed action DCRM.Api.Controllers.DrugController.GetAllAsync (DCRM.Api) in 65.8256ms
2023-09-17 22:58:27.248 +05:30  INF  Executed endpoint 'DCRM.Api.Controllers.DrugController.GetAllAsync (DCRM.Api)'
2023-09-17 22:58:27.249 +05:30  INF  Request finished HTTP/2 GET https://localhost:7069/api/Drug/GateAll - - - 200 - application/json;+charset=utf-8 67.4385ms
2023-09-17 23:01:37.062 +05:30  INF  Request starting HTTP/2 GET https://localhost:7069/api/Drug/GateAll - -
2023-09-17 23:01:37.064 +05:30  INF  CORS policy execution successful.
2023-09-17 23:01:37.064 +05:30  INF  Executing endpoint 'DCRM.Api.Controllers.DrugController.GetAllAsync (DCRM.Api)'
2023-09-17 23:01:37.065 +05:30  INF  Route matched with {action = "GetAll", controller = "Drug"}. Executing controller action with signature System.Threading.Tasks.Task`1[System.Collections.Generic.IEnumerable`1[DCRM.Common.Entity.Drug]] GetAllAsync() on controller DCRM.Api.Controllers.DrugController (DCRM.Api).
2023-09-17 23:01:37.065 +05:30  INF  Executing ObjectResult, writing value of type 'Microsoft.EntityFrameworkCore.Query.Internal.EntityQueryable`1[[DCRM.Common.Entity.Drug, DCRM.Common, Version=1.0.0.0, Culture=neutral, PublicKeyToken=null]]'.
2023-09-17 23:01:37.071 +05:30  INF  Executed DbCommand (1ms) [Parameters=[@__p_0='?' (DbType = Int64)], CommandType='"Text"', CommandTimeout='30']
SELECT `d`.`Id`, `d`.`Bactrology`, `d`.`Basic_Salt`, `d`.`Created_At`, `d`.`Description`, `d`.`Details`, `d`.`Dosage`, `d`.`Dose_No`, `d`.`Form`, `d`.`Is_Delete`, `d`.`Medicine_Brand_Id`, `d`.`Medicine_Category_Id`, `d`.`Medicine_Company`, `d`.`Medicine_Composition`, `d`.`Medicine_Group`, `d`.`Medicine_Image`, `d`.`Medicine_Name`, `d`.`Medicine_Type`, `d`.`Min_Level`, `d`.`Note`, `d`.`Reorder_Level`, `d`.`Safety_Alerts`, `d`.`Status`, `d`.`Supplier`, `d`.`Unit`, `d`.`Unit_Packing`, `d`.`Updated_At`, `d`.`User_Id`, `d`.`Vat`, `d`.`Vat_Ac`
FROM `Drugs` AS `d`
WHERE (`d`.`User_Id` = @__p_0) AND (`d`.`Is_Delete` = 0)
2023-09-17 23:01:37.083 +05:30  INF  Executed action DCRM.Api.Controllers.DrugController.GetAllAsync (DCRM.Api) in 18.1777ms
2023-09-17 23:01:37.083 +05:30  INF  Executed endpoint 'DCRM.Api.Controllers.DrugController.GetAllAsync (DCRM.Api)'
2023-09-17 23:01:37.083 +05:30  INF  Request finished HTTP/2 GET https://localhost:7069/api/Drug/GateAll - - - 200 - application/json;+charset=utf-8 20.7071ms
2023-09-17 23:04:43.034 +05:30  INF  Request starting HTTP/2 GET https://localhost:7069/api/Drug/GateAll - -
2023-09-17 23:04:43.034 +05:30  INF  CORS policy execution successful.
2023-09-17 23:04:43.035 +05:30  INF  Executing endpoint 'DCRM.Api.Controllers.DrugController.GetAllAsync (DCRM.Api)'
2023-09-17 23:04:43.035 +05:30  INF  Route matched with {action = "GetAll", controller = "Drug"}. Executing controller action with signature System.Threading.Tasks.Task`1[System.Collections.Generic.IEnumerable`1[DCRM.Common.Entity.Drug]] GetAllAsync() on controller DCRM.Api.Controllers.DrugController (DCRM.Api).
2023-09-17 23:04:43.035 +05:30  INF  Executing ObjectResult, writing value of type 'Microsoft.EntityFrameworkCore.Query.Internal.EntityQueryable`1[[DCRM.Common.Entity.Drug, DCRM.Common, Version=1.0.0.0, Culture=neutral, PublicKeyToken=null]]'.
2023-09-17 23:04:43.041 +05:30  INF  Executed DbCommand (1ms) [Parameters=[@__p_0='?' (DbType = Int64)], CommandType='"Text"', CommandTimeout='30']
SELECT `d`.`Id`, `d`.`Bactrology`, `d`.`Basic_Salt`, `d`.`Created_At`, `d`.`Description`, `d`.`Details`, `d`.`Dosage`, `d`.`Dose_No`, `d`.`Form`, `d`.`Is_Delete`, `d`.`Medicine_Brand_Id`, `d`.`Medicine_Category_Id`, `d`.`Medicine_Company`, `d`.`Medicine_Composition`, `d`.`Medicine_Group`, `d`.`Medicine_Image`, `d`.`Medicine_Name`, `d`.`Medicine_Type`, `d`.`Min_Level`, `d`.`Note`, `d`.`Reorder_Level`, `d`.`Safety_Alerts`, `d`.`Status`, `d`.`Supplier`, `d`.`Unit`, `d`.`Unit_Packing`, `d`.`Updated_At`, `d`.`User_Id`, `d`.`Vat`, `d`.`Vat_Ac`
FROM `Drugs` AS `d`
WHERE (`d`.`User_Id` = @__p_0) AND (`d`.`Is_Delete` = 0)
2023-09-17 23:04:43.050 +05:30  INF  Executed action DCRM.Api.Controllers.DrugController.GetAllAsync (DCRM.Api) in 15.0051ms
2023-09-17 23:04:43.050 +05:30  INF  Executed endpoint 'DCRM.Api.Controllers.DrugController.GetAllAsync (DCRM.Api)'
2023-09-17 23:04:43.051 +05:30  INF  Request finished HTTP/2 GET https://localhost:7069/api/Drug/GateAll - - - 200 - application/json;+charset=utf-8 17.1103ms
2023-09-17 23:05:35.855 +05:30  INF  Request starting HTTP/2 GET https://localhost:7069/api/Drug/GateAll - -
2023-09-17 23:05:35.855 +05:30  INF  CORS policy execution successful.
2023-09-17 23:05:35.857 +05:30  INF  Executing endpoint 'DCRM.Api.Controllers.DrugController.GetAllAsync (DCRM.Api)'
2023-09-17 23:05:35.857 +05:30  INF  Route matched with {action = "GetAll", controller = "Drug"}. Executing controller action with signature System.Threading.Tasks.Task`1[System.Collections.Generic.IEnumerable`1[DCRM.Common.Entity.Drug]] GetAllAsync() on controller DCRM.Api.Controllers.DrugController (DCRM.Api).
2023-09-17 23:05:35.857 +05:30  INF  Executing ObjectResult, writing value of type 'Microsoft.EntityFrameworkCore.Query.Internal.EntityQueryable`1[[DCRM.Common.Entity.Drug, DCRM.Common, Version=1.0.0.0, Culture=neutral, PublicKeyToken=null]]'.
2023-09-17 23:05:35.869 +05:30  INF  Executed DbCommand (4ms) [Parameters=[@__p_0='?' (DbType = Int64)], CommandType='"Text"', CommandTimeout='30']
SELECT `d`.`Id`, `d`.`Bactrology`, `d`.`Basic_Salt`, `d`.`Created_At`, `d`.`Description`, `d`.`Details`, `d`.`Dosage`, `d`.`Dose_No`, `d`.`Form`, `d`.`Is_Delete`, `d`.`Medicine_Brand_Id`, `d`.`Medicine_Category_Id`, `d`.`Medicine_Company`, `d`.`Medicine_Composition`, `d`.`Medicine_Group`, `d`.`Medicine_Image`, `d`.`Medicine_Name`, `d`.`Medicine_Type`, `d`.`Min_Level`, `d`.`Note`, `d`.`Reorder_Level`, `d`.`Safety_Alerts`, `d`.`Status`, `d`.`Supplier`, `d`.`Unit`, `d`.`Unit_Packing`, `d`.`Updated_At`, `d`.`User_Id`, `d`.`Vat`, `d`.`Vat_Ac`
FROM `Drugs` AS `d`
WHERE (`d`.`User_Id` = @__p_0) AND (`d`.`Is_Delete` = 0)
2023-09-17 23:05:35.886 +05:30  INF  Executed action DCRM.Api.Controllers.DrugController.GetAllAsync (DCRM.Api) in 29.2387ms
2023-09-17 23:05:35.886 +05:30  INF  Executed endpoint 'DCRM.Api.Controllers.DrugController.GetAllAsync (DCRM.Api)'
2023-09-17 23:05:35.887 +05:30  INF  Request finished HTTP/2 GET https://localhost:7069/api/Drug/GateAll - - - 200 - application/json;+charset=utf-8 32.1657ms
2023-09-17 23:05:40.443 +05:30  INF  Request starting HTTP/2 GET https://localhost:7069/api/Drug/GateAll - -
2023-09-17 23:05:40.444 +05:30  INF  CORS policy execution successful.
2023-09-17 23:05:40.444 +05:30  INF  Executing endpoint 'DCRM.Api.Controllers.DrugController.GetAllAsync (DCRM.Api)'
2023-09-17 23:05:40.445 +05:30  INF  Route matched with {action = "GetAll", controller = "Drug"}. Executing controller action with signature System.Threading.Tasks.Task`1[System.Collections.Generic.IEnumerable`1[DCRM.Common.Entity.Drug]] GetAllAsync() on controller DCRM.Api.Controllers.DrugController (DCRM.Api).
2023-09-17 23:05:40.446 +05:30  INF  Executing ObjectResult, writing value of type 'Microsoft.EntityFrameworkCore.Query.Internal.EntityQueryable`1[[DCRM.Common.Entity.Drug, DCRM.Common, Version=1.0.0.0, Culture=neutral, PublicKeyToken=null]]'.
2023-09-17 23:05:40.454 +05:30  INF  Executed DbCommand (1ms) [Parameters=[@__p_0='?' (DbType = Int64)], CommandType='"Text"', CommandTimeout='30']
SELECT `d`.`Id`, `d`.`Bactrology`, `d`.`Basic_Salt`, `d`.`Created_At`, `d`.`Description`, `d`.`Details`, `d`.`Dosage`, `d`.`Dose_No`, `d`.`Form`, `d`.`Is_Delete`, `d`.`Medicine_Brand_Id`, `d`.`Medicine_Category_Id`, `d`.`Medicine_Company`, `d`.`Medicine_Composition`, `d`.`Medicine_Group`, `d`.`Medicine_Image`, `d`.`Medicine_Name`, `d`.`Medicine_Type`, `d`.`Min_Level`, `d`.`Note`, `d`.`Reorder_Level`, `d`.`Safety_Alerts`, `d`.`Status`, `d`.`Supplier`, `d`.`Unit`, `d`.`Unit_Packing`, `d`.`Updated_At`, `d`.`User_Id`, `d`.`Vat`, `d`.`Vat_Ac`
FROM `Drugs` AS `d`
WHERE (`d`.`User_Id` = @__p_0) AND (`d`.`Is_Delete` = 0)
2023-09-17 23:05:40.468 +05:30  INF  Executed action DCRM.Api.Controllers.DrugController.GetAllAsync (DCRM.Api) in 23.2634ms
2023-09-17 23:05:40.468 +05:30  INF  Executed endpoint 'DCRM.Api.Controllers.DrugController.GetAllAsync (DCRM.Api)'
2023-09-17 23:05:40.468 +05:30  INF  Request finished HTTP/2 GET https://localhost:7069/api/Drug/GateAll - - - 200 - application/json;+charset=utf-8 25.0066ms
2023-09-17 23:06:49.855 +05:30  INF  Request starting HTTP/2 GET https://localhost:7069/api/Drug/GateAll - -
2023-09-17 23:06:49.865 +05:30  INF  CORS policy execution successful.
2023-09-17 23:06:49.865 +05:30  INF  Executing endpoint 'DCRM.Api.Controllers.DrugController.GetAllAsync (DCRM.Api)'
2023-09-17 23:06:49.866 +05:30  INF  Route matched with {action = "GetAll", controller = "Drug"}. Executing controller action with signature System.Threading.Tasks.Task`1[System.Collections.Generic.IEnumerable`1[DCRM.Common.Entity.Drug]] GetAllAsync() on controller DCRM.Api.Controllers.DrugController (DCRM.Api).
2023-09-17 23:06:49.866 +05:30  INF  Executing ObjectResult, writing value of type 'Microsoft.EntityFrameworkCore.Query.Internal.EntityQueryable`1[[DCRM.Common.Entity.Drug, DCRM.Common, Version=1.0.0.0, Culture=neutral, PublicKeyToken=null]]'.
2023-09-17 23:06:49.882 +05:30  INF  Executed DbCommand (9ms) [Parameters=[@__p_0='?' (DbType = Int64)], CommandType='"Text"', CommandTimeout='30']
SELECT `d`.`Id`, `d`.`Bactrology`, `d`.`Basic_Salt`, `d`.`Created_At`, `d`.`Description`, `d`.`Details`, `d`.`Dosage`, `d`.`Dose_No`, `d`.`Form`, `d`.`Is_Delete`, `d`.`Medicine_Brand_Id`, `d`.`Medicine_Category_Id`, `d`.`Medicine_Company`, `d`.`Medicine_Composition`, `d`.`Medicine_Group`, `d`.`Medicine_Image`, `d`.`Medicine_Name`, `d`.`Medicine_Type`, `d`.`Min_Level`, `d`.`Note`, `d`.`Reorder_Level`, `d`.`Safety_Alerts`, `d`.`Status`, `d`.`Supplier`, `d`.`Unit`, `d`.`Unit_Packing`, `d`.`Updated_At`, `d`.`User_Id`, `d`.`Vat`, `d`.`Vat_Ac`
FROM `Drugs` AS `d`
WHERE (`d`.`User_Id` = @__p_0) AND (`d`.`Is_Delete` = 0)
2023-09-17 23:06:49.923 +05:30  INF  Executed action DCRM.Api.Controllers.DrugController.GetAllAsync (DCRM.Api) in 57.1049ms
2023-09-17 23:06:49.923 +05:30  INF  Executed endpoint 'DCRM.Api.Controllers.DrugController.GetAllAsync (DCRM.Api)'
2023-09-17 23:06:49.923 +05:30  INF  Request finished HTTP/2 GET https://localhost:7069/api/Drug/GateAll - - - 200 - application/json;+charset=utf-8 68.3015ms
2023-09-17 23:06:52.730 +05:30  INF  Request starting HTTP/2 GET https://localhost:7069/api/Drug/GateAll - -
2023-09-17 23:06:52.731 +05:30  INF  CORS policy execution successful.
2023-09-17 23:06:52.732 +05:30  INF  Executing endpoint 'DCRM.Api.Controllers.DrugController.GetAllAsync (DCRM.Api)'
2023-09-17 23:06:52.732 +05:30  INF  Route matched with {action = "GetAll", controller = "Drug"}. Executing controller action with signature System.Threading.Tasks.Task`1[System.Collections.Generic.IEnumerable`1[DCRM.Common.Entity.Drug]] GetAllAsync() on controller DCRM.Api.Controllers.DrugController (DCRM.Api).
2023-09-17 23:06:52.732 +05:30  INF  Executing ObjectResult, writing value of type 'Microsoft.EntityFrameworkCore.Query.Internal.EntityQueryable`1[[DCRM.Common.Entity.Drug, DCRM.Common, Version=1.0.0.0, Culture=neutral, PublicKeyToken=null]]'.
2023-09-17 23:06:52.742 +05:30  INF  Executed DbCommand (3ms) [Parameters=[@__p_0='?' (DbType = Int64)], CommandType='"Text"', CommandTimeout='30']
SELECT `d`.`Id`, `d`.`Bactrology`, `d`.`Basic_Salt`, `d`.`Created_At`, `d`.`Description`, `d`.`Details`, `d`.`Dosage`, `d`.`Dose_No`, `d`.`Form`, `d`.`Is_Delete`, `d`.`Medicine_Brand_Id`, `d`.`Medicine_Category_Id`, `d`.`Medicine_Company`, `d`.`Medicine_Composition`, `d`.`Medicine_Group`, `d`.`Medicine_Image`, `d`.`Medicine_Name`, `d`.`Medicine_Type`, `d`.`Min_Level`, `d`.`Note`, `d`.`Reorder_Level`, `d`.`Safety_Alerts`, `d`.`Status`, `d`.`Supplier`, `d`.`Unit`, `d`.`Unit_Packing`, `d`.`Updated_At`, `d`.`User_Id`, `d`.`Vat`, `d`.`Vat_Ac`
FROM `Drugs` AS `d`
WHERE (`d`.`User_Id` = @__p_0) AND (`d`.`Is_Delete` = 0)
2023-09-17 23:06:52.768 +05:30  INF  Executed action DCRM.Api.Controllers.DrugController.GetAllAsync (DCRM.Api) in 36.3399ms
2023-09-17 23:06:52.768 +05:30  INF  Executed endpoint 'DCRM.Api.Controllers.DrugController.GetAllAsync (DCRM.Api)'
2023-09-17 23:06:52.768 +05:30  INF  Request finished HTTP/2 GET https://localhost:7069/api/Drug/GateAll - - - 200 - application/json;+charset=utf-8 38.7465ms
2023-09-17 23:07:24.518 +05:30  INF  Request starting HTTP/2 GET https://localhost:7069/api/Drug/GateAll - -
2023-09-17 23:07:24.520 +05:30  INF  CORS policy execution successful.
2023-09-17 23:07:24.525 +05:30  INF  Executing endpoint 'DCRM.Api.Controllers.DrugController.GetAllAsync (DCRM.Api)'
2023-09-17 23:07:24.525 +05:30  INF  Route matched with {action = "GetAll", controller = "Drug"}. Executing controller action with signature System.Threading.Tasks.Task`1[System.Collections.Generic.IEnumerable`1[DCRM.Common.Entity.Drug]] GetAllAsync() on controller DCRM.Api.Controllers.DrugController (DCRM.Api).
2023-09-17 23:07:24.525 +05:30  INF  Executing ObjectResult, writing value of type 'Microsoft.EntityFrameworkCore.Query.Internal.EntityQueryable`1[[DCRM.Common.Entity.Drug, DCRM.Common, Version=1.0.0.0, Culture=neutral, PublicKeyToken=null]]'.
2023-09-17 23:07:24.543 +05:30  INF  Executed DbCommand (11ms) [Parameters=[@__p_0='?' (DbType = Int64)], CommandType='"Text"', CommandTimeout='30']
SELECT `d`.`Id`, `d`.`Bactrology`, `d`.`Basic_Salt`, `d`.`Created_At`, `d`.`Description`, `d`.`Details`, `d`.`Dosage`, `d`.`Dose_No`, `d`.`Form`, `d`.`Is_Delete`, `d`.`Medicine_Brand_Id`, `d`.`Medicine_Category_Id`, `d`.`Medicine_Company`, `d`.`Medicine_Composition`, `d`.`Medicine_Group`, `d`.`Medicine_Image`, `d`.`Medicine_Name`, `d`.`Medicine_Type`, `d`.`Min_Level`, `d`.`Note`, `d`.`Reorder_Level`, `d`.`Safety_Alerts`, `d`.`Status`, `d`.`Supplier`, `d`.`Unit`, `d`.`Unit_Packing`, `d`.`Updated_At`, `d`.`User_Id`, `d`.`Vat`, `d`.`Vat_Ac`
FROM `Drugs` AS `d`
WHERE (`d`.`User_Id` = @__p_0) AND (`d`.`Is_Delete` = 0)
2023-09-17 23:07:24.623 +05:30  INF  Executed action DCRM.Api.Controllers.DrugController.GetAllAsync (DCRM.Api) in 97.934ms
2023-09-17 23:07:24.623 +05:30  INF  Executed endpoint 'DCRM.Api.Controllers.DrugController.GetAllAsync (DCRM.Api)'
2023-09-17 23:07:24.623 +05:30  INF  Request finished HTTP/2 GET https://localhost:7069/api/Drug/GateAll - - - 200 - application/json;+charset=utf-8 105.3890ms
2023-09-17 23:07:26.532 +05:30  INF  Request starting HTTP/2 GET https://localhost:7069/api/Drug/GateAll - -
2023-09-17 23:07:26.532 +05:30  INF  CORS policy execution successful.
2023-09-17 23:07:26.533 +05:30  INF  Executing endpoint 'DCRM.Api.Controllers.DrugController.GetAllAsync (DCRM.Api)'
2023-09-17 23:07:26.533 +05:30  INF  Route matched with {action = "GetAll", controller = "Drug"}. Executing controller action with signature System.Threading.Tasks.Task`1[System.Collections.Generic.IEnumerable`1[DCRM.Common.Entity.Drug]] GetAllAsync() on controller DCRM.Api.Controllers.DrugController (DCRM.Api).
2023-09-17 23:07:26.533 +05:30  INF  Executing ObjectResult, writing value of type 'Microsoft.EntityFrameworkCore.Query.Internal.EntityQueryable`1[[DCRM.Common.Entity.Drug, DCRM.Common, Version=1.0.0.0, Culture=neutral, PublicKeyToken=null]]'.
2023-09-17 23:07:26.545 +05:30  INF  Executed DbCommand (4ms) [Parameters=[@__p_0='?' (DbType = Int64)], CommandType='"Text"', CommandTimeout='30']
SELECT `d`.`Id`, `d`.`Bactrology`, `d`.`Basic_Salt`, `d`.`Created_At`, `d`.`Description`, `d`.`Details`, `d`.`Dosage`, `d`.`Dose_No`, `d`.`Form`, `d`.`Is_Delete`, `d`.`Medicine_Brand_Id`, `d`.`Medicine_Category_Id`, `d`.`Medicine_Company`, `d`.`Medicine_Composition`, `d`.`Medicine_Group`, `d`.`Medicine_Image`, `d`.`Medicine_Name`, `d`.`Medicine_Type`, `d`.`Min_Level`, `d`.`Note`, `d`.`Reorder_Level`, `d`.`Safety_Alerts`, `d`.`Status`, `d`.`Supplier`, `d`.`Unit`, `d`.`Unit_Packing`, `d`.`Updated_At`, `d`.`User_Id`, `d`.`Vat`, `d`.`Vat_Ac`
FROM `Drugs` AS `d`
WHERE (`d`.`User_Id` = @__p_0) AND (`d`.`Is_Delete` = 0)
2023-09-17 23:07:26.562 +05:30  INF  Executed action DCRM.Api.Controllers.DrugController.GetAllAsync (DCRM.Api) in 28.8131ms
2023-09-17 23:07:26.562 +05:30  INF  Executed endpoint 'DCRM.Api.Controllers.DrugController.GetAllAsync (DCRM.Api)'
2023-09-17 23:07:26.562 +05:30  INF  Request finished HTTP/2 GET https://localhost:7069/api/Drug/GateAll - - - 200 - application/json;+charset=utf-8 30.3948ms
2023-09-17 23:07:54.783 +05:30  INF  Request starting HTTP/2 GET https://localhost:7069/api/Drug/GateAll - -
2023-09-17 23:07:54.783 +05:30  INF  CORS policy execution successful.
2023-09-17 23:07:54.784 +05:30  INF  Executing endpoint 'DCRM.Api.Controllers.DrugController.GetAllAsync (DCRM.Api)'
2023-09-17 23:07:54.784 +05:30  INF  Route matched with {action = "GetAll", controller = "Drug"}. Executing controller action with signature System.Threading.Tasks.Task`1[System.Collections.Generic.IEnumerable`1[DCRM.Common.Entity.Drug]] GetAllAsync() on controller DCRM.Api.Controllers.DrugController (DCRM.Api).
2023-09-17 23:07:54.784 +05:30  INF  Executing ObjectResult, writing value of type 'Microsoft.EntityFrameworkCore.Query.Internal.EntityQueryable`1[[DCRM.Common.Entity.Drug, DCRM.Common, Version=1.0.0.0, Culture=neutral, PublicKeyToken=null]]'.
2023-09-17 23:07:54.791 +05:30  INF  Executed DbCommand (1ms) [Parameters=[@__p_0='?' (DbType = Int64)], CommandType='"Text"', CommandTimeout='30']
SELECT `d`.`Id`, `d`.`Bactrology`, `d`.`Basic_Salt`, `d`.`Created_At`, `d`.`Description`, `d`.`Details`, `d`.`Dosage`, `d`.`Dose_No`, `d`.`Form`, `d`.`Is_Delete`, `d`.`Medicine_Brand_Id`, `d`.`Medicine_Category_Id`, `d`.`Medicine_Company`, `d`.`Medicine_Composition`, `d`.`Medicine_Group`, `d`.`Medicine_Image`, `d`.`Medicine_Name`, `d`.`Medicine_Type`, `d`.`Min_Level`, `d`.`Note`, `d`.`Reorder_Level`, `d`.`Safety_Alerts`, `d`.`Status`, `d`.`Supplier`, `d`.`Unit`, `d`.`Unit_Packing`, `d`.`Updated_At`, `d`.`User_Id`, `d`.`Vat`, `d`.`Vat_Ac`
FROM `Drugs` AS `d`
WHERE (`d`.`User_Id` = @__p_0) AND (`d`.`Is_Delete` = 0)
2023-09-17 23:07:54.803 +05:30  INF  Executed action DCRM.Api.Controllers.DrugController.GetAllAsync (DCRM.Api) in 19.53ms
2023-09-17 23:07:54.804 +05:30  INF  Executed endpoint 'DCRM.Api.Controllers.DrugController.GetAllAsync (DCRM.Api)'
2023-09-17 23:07:54.804 +05:30  INF  Request finished HTTP/2 GET https://localhost:7069/api/Drug/GateAll - - - 200 - application/json;+charset=utf-8 20.7570ms
2023-09-17 23:08:40.688 +05:30  INF  Request starting HTTP/2 GET https://localhost:7069/api/Drug/GateAll - -
2023-09-17 23:08:40.689 +05:30  INF  CORS policy execution successful.
2023-09-17 23:08:40.689 +05:30  INF  Executing endpoint 'DCRM.Api.Controllers.DrugController.GetAllAsync (DCRM.Api)'
2023-09-17 23:08:40.689 +05:30  INF  Route matched with {action = "GetAll", controller = "Drug"}. Executing controller action with signature System.Threading.Tasks.Task`1[System.Collections.Generic.IEnumerable`1[DCRM.Common.Entity.Drug]] GetAllAsync() on controller DCRM.Api.Controllers.DrugController (DCRM.Api).
2023-09-17 23:08:40.690 +05:30  INF  Executing ObjectResult, writing value of type 'Microsoft.EntityFrameworkCore.Query.Internal.EntityQueryable`1[[DCRM.Common.Entity.Drug, DCRM.Common, Version=1.0.0.0, Culture=neutral, PublicKeyToken=null]]'.
2023-09-17 23:08:40.698 +05:30  INF  Executed DbCommand (2ms) [Parameters=[@__p_0='?' (DbType = Int64)], CommandType='"Text"', CommandTimeout='30']
SELECT `d`.`Id`, `d`.`Bactrology`, `d`.`Basic_Salt`, `d`.`Created_At`, `d`.`Description`, `d`.`Details`, `d`.`Dosage`, `d`.`Dose_No`, `d`.`Form`, `d`.`Is_Delete`, `d`.`Medicine_Brand_Id`, `d`.`Medicine_Category_Id`, `d`.`Medicine_Company`, `d`.`Medicine_Composition`, `d`.`Medicine_Group`, `d`.`Medicine_Image`, `d`.`Medicine_Name`, `d`.`Medicine_Type`, `d`.`Min_Level`, `d`.`Note`, `d`.`Reorder_Level`, `d`.`Safety_Alerts`, `d`.`Status`, `d`.`Supplier`, `d`.`Unit`, `d`.`Unit_Packing`, `d`.`Updated_At`, `d`.`User_Id`, `d`.`Vat`, `d`.`Vat_Ac`
FROM `Drugs` AS `d`
WHERE (`d`.`User_Id` = @__p_0) AND (`d`.`Is_Delete` = 0)
2023-09-17 23:08:40.708 +05:30  INF  Executed action DCRM.Api.Controllers.DrugController.GetAllAsync (DCRM.Api) in 18.8433ms
2023-09-17 23:08:40.708 +05:30  INF  Executed endpoint 'DCRM.Api.Controllers.DrugController.GetAllAsync (DCRM.Api)'
2023-09-17 23:08:40.709 +05:30  INF  Request finished HTTP/2 GET https://localhost:7069/api/Drug/GateAll - - - 200 - application/json;+charset=utf-8 20.3207ms
2023-09-17 23:09:01.254 +05:30  INF  Request starting HTTP/2 GET https://localhost:7069/api/Drug/GateAll - -
2023-09-17 23:09:01.255 +05:30  INF  CORS policy execution successful.
2023-09-17 23:09:01.261 +05:30  INF  Executing endpoint 'DCRM.Api.Controllers.DrugController.GetAllAsync (DCRM.Api)'
2023-09-17 23:09:01.261 +05:30  INF  Route matched with {action = "GetAll", controller = "Drug"}. Executing controller action with signature System.Threading.Tasks.Task`1[System.Collections.Generic.IEnumerable`1[DCRM.Common.Entity.Drug]] GetAllAsync() on controller DCRM.Api.Controllers.DrugController (DCRM.Api).
2023-09-17 23:09:01.261 +05:30  INF  Executing ObjectResult, writing value of type 'Microsoft.EntityFrameworkCore.Query.Internal.EntityQueryable`1[[DCRM.Common.Entity.Drug, DCRM.Common, Version=1.0.0.0, Culture=neutral, PublicKeyToken=null]]'.
2023-09-17 23:09:01.283 +05:30  INF  Executed DbCommand (9ms) [Parameters=[@__p_0='?' (DbType = Int64)], CommandType='"Text"', CommandTimeout='30']
SELECT `d`.`Id`, `d`.`Bactrology`, `d`.`Basic_Salt`, `d`.`Created_At`, `d`.`Description`, `d`.`Details`, `d`.`Dosage`, `d`.`Dose_No`, `d`.`Form`, `d`.`Is_Delete`, `d`.`Medicine_Brand_Id`, `d`.`Medicine_Category_Id`, `d`.`Medicine_Company`, `d`.`Medicine_Composition`, `d`.`Medicine_Group`, `d`.`Medicine_Image`, `d`.`Medicine_Name`, `d`.`Medicine_Type`, `d`.`Min_Level`, `d`.`Note`, `d`.`Reorder_Level`, `d`.`Safety_Alerts`, `d`.`Status`, `d`.`Supplier`, `d`.`Unit`, `d`.`Unit_Packing`, `d`.`Updated_At`, `d`.`User_Id`, `d`.`Vat`, `d`.`Vat_Ac`
FROM `Drugs` AS `d`
WHERE (`d`.`User_Id` = @__p_0) AND (`d`.`Is_Delete` = 0)
2023-09-17 23:09:01.310 +05:30  INF  Executed action DCRM.Api.Controllers.DrugController.GetAllAsync (DCRM.Api) in 48.7177ms
2023-09-17 23:09:01.310 +05:30  INF  Executed endpoint 'DCRM.Api.Controllers.DrugController.GetAllAsync (DCRM.Api)'
2023-09-17 23:09:01.310 +05:30  INF  Request finished HTTP/2 GET https://localhost:7069/api/Drug/GateAll - - - 200 - application/json;+charset=utf-8 56.0694ms
2023-09-17 23:09:50.060 +05:30  INF  Request starting HTTP/2 GET https://localhost:7069/api/Drug/GateAll - -
2023-09-17 23:09:50.060 +05:30  INF  CORS policy execution successful.
2023-09-17 23:09:50.061 +05:30  INF  Executing endpoint 'DCRM.Api.Controllers.DrugController.GetAllAsync (DCRM.Api)'
2023-09-17 23:09:50.061 +05:30  INF  Route matched with {action = "GetAll", controller = "Drug"}. Executing controller action with signature System.Threading.Tasks.Task`1[System.Collections.Generic.IEnumerable`1[DCRM.Common.Entity.Drug]] GetAllAsync() on controller DCRM.Api.Controllers.DrugController (DCRM.Api).
2023-09-17 23:09:50.061 +05:30  INF  Executing ObjectResult, writing value of type 'Microsoft.EntityFrameworkCore.Query.Internal.EntityQueryable`1[[DCRM.Common.Entity.Drug, DCRM.Common, Version=1.0.0.0, Culture=neutral, PublicKeyToken=null]]'.
2023-09-17 23:09:50.070 +05:30  INF  Executed DbCommand (4ms) [Parameters=[@__p_0='?' (DbType = Int64)], CommandType='"Text"', CommandTimeout='30']
SELECT `d`.`Id`, `d`.`Bactrology`, `d`.`Basic_Salt`, `d`.`Created_At`, `d`.`Description`, `d`.`Details`, `d`.`Dosage`, `d`.`Dose_No`, `d`.`Form`, `d`.`Is_Delete`, `d`.`Medicine_Brand_Id`, `d`.`Medicine_Category_Id`, `d`.`Medicine_Company`, `d`.`Medicine_Composition`, `d`.`Medicine_Group`, `d`.`Medicine_Image`, `d`.`Medicine_Name`, `d`.`Medicine_Type`, `d`.`Min_Level`, `d`.`Note`, `d`.`Reorder_Level`, `d`.`Safety_Alerts`, `d`.`Status`, `d`.`Supplier`, `d`.`Unit`, `d`.`Unit_Packing`, `d`.`Updated_At`, `d`.`User_Id`, `d`.`Vat`, `d`.`Vat_Ac`
FROM `Drugs` AS `d`
WHERE (`d`.`User_Id` = @__p_0) AND (`d`.`Is_Delete` = 0)
2023-09-17 23:09:50.093 +05:30  INF  Executed action DCRM.Api.Controllers.DrugController.GetAllAsync (DCRM.Api) in 32.5411ms
2023-09-17 23:09:50.094 +05:30  INF  Executed endpoint 'DCRM.Api.Controllers.DrugController.GetAllAsync (DCRM.Api)'
2023-09-17 23:09:50.094 +05:30  INF  Request finished HTTP/2 GET https://localhost:7069/api/Drug/GateAll - - - 200 - application/json;+charset=utf-8 34.2703ms
2023-09-17 23:11:23.499 +05:30  INF  Request starting HTTP/2 GET https://localhost:7069/api/Drug/GateAll - -
2023-09-17 23:11:23.499 +05:30  INF  CORS policy execution successful.
2023-09-17 23:11:23.500 +05:30  INF  Executing endpoint 'DCRM.Api.Controllers.DrugController.GetAllAsync (DCRM.Api)'
2023-09-17 23:11:23.500 +05:30  INF  Route matched with {action = "GetAll", controller = "Drug"}. Executing controller action with signature System.Threading.Tasks.Task`1[System.Collections.Generic.IEnumerable`1[DCRM.Common.Entity.Drug]] GetAllAsync() on controller DCRM.Api.Controllers.DrugController (DCRM.Api).
2023-09-17 23:11:23.500 +05:30  INF  Executing ObjectResult, writing value of type 'Microsoft.EntityFrameworkCore.Query.Internal.EntityQueryable`1[[DCRM.Common.Entity.Drug, DCRM.Common, Version=1.0.0.0, Culture=neutral, PublicKeyToken=null]]'.
2023-09-17 23:11:23.505 +05:30  INF  Executed DbCommand (2ms) [Parameters=[@__p_0='?' (DbType = Int64)], CommandType='"Text"', CommandTimeout='30']
SELECT `d`.`Id`, `d`.`Bactrology`, `d`.`Basic_Salt`, `d`.`Created_At`, `d`.`Description`, `d`.`Details`, `d`.`Dosage`, `d`.`Dose_No`, `d`.`Form`, `d`.`Is_Delete`, `d`.`Medicine_Brand_Id`, `d`.`Medicine_Category_Id`, `d`.`Medicine_Company`, `d`.`Medicine_Composition`, `d`.`Medicine_Group`, `d`.`Medicine_Image`, `d`.`Medicine_Name`, `d`.`Medicine_Type`, `d`.`Min_Level`, `d`.`Note`, `d`.`Reorder_Level`, `d`.`Safety_Alerts`, `d`.`Status`, `d`.`Supplier`, `d`.`Unit`, `d`.`Unit_Packing`, `d`.`Updated_At`, `d`.`User_Id`, `d`.`Vat`, `d`.`Vat_Ac`
FROM `Drugs` AS `d`
WHERE (`d`.`User_Id` = @__p_0) AND (`d`.`Is_Delete` = 0)
2023-09-17 23:11:23.528 +05:30  INF  Executed action DCRM.Api.Controllers.DrugController.GetAllAsync (DCRM.Api) in 28.815ms
2023-09-17 23:11:23.528 +05:30  INF  Executed endpoint 'DCRM.Api.Controllers.DrugController.GetAllAsync (DCRM.Api)'
2023-09-17 23:11:23.529 +05:30  INF  Request finished HTTP/2 GET https://localhost:7069/api/Drug/GateAll - - - 200 - application/json;+charset=utf-8 32.5948ms
2023-09-17 23:11:43.045 +05:30  INF  Request starting HTTP/2 GET https://localhost:7069/api/Drug/GateAll - -
2023-09-17 23:11:43.046 +05:30  INF  CORS policy execution successful.
2023-09-17 23:11:43.049 +05:30  INF  Executing endpoint 'DCRM.Api.Controllers.DrugController.GetAllAsync (DCRM.Api)'
2023-09-17 23:11:43.050 +05:30  INF  Route matched with {action = "GetAll", controller = "Drug"}. Executing controller action with signature System.Threading.Tasks.Task`1[System.Collections.Generic.IEnumerable`1[DCRM.Common.Entity.Drug]] GetAllAsync() on controller DCRM.Api.Controllers.DrugController (DCRM.Api).
2023-09-17 23:11:43.050 +05:30  INF  Executing ObjectResult, writing value of type 'Microsoft.EntityFrameworkCore.Query.Internal.EntityQueryable`1[[DCRM.Common.Entity.Drug, DCRM.Common, Version=1.0.0.0, Culture=neutral, PublicKeyToken=null]]'.
2023-09-17 23:11:43.054 +05:30  INF  Executed DbCommand (2ms) [Parameters=[@__p_0='?' (DbType = Int64)], CommandType='"Text"', CommandTimeout='30']
SELECT `d`.`Id`, `d`.`Bactrology`, `d`.`Basic_Salt`, `d`.`Created_At`, `d`.`Description`, `d`.`Details`, `d`.`Dosage`, `d`.`Dose_No`, `d`.`Form`, `d`.`Is_Delete`, `d`.`Medicine_Brand_Id`, `d`.`Medicine_Category_Id`, `d`.`Medicine_Company`, `d`.`Medicine_Composition`, `d`.`Medicine_Group`, `d`.`Medicine_Image`, `d`.`Medicine_Name`, `d`.`Medicine_Type`, `d`.`Min_Level`, `d`.`Note`, `d`.`Reorder_Level`, `d`.`Safety_Alerts`, `d`.`Status`, `d`.`Supplier`, `d`.`Unit`, `d`.`Unit_Packing`, `d`.`Updated_At`, `d`.`User_Id`, `d`.`Vat`, `d`.`Vat_Ac`
FROM `Drugs` AS `d`
WHERE (`d`.`User_Id` = @__p_0) AND (`d`.`Is_Delete` = 0)
2023-09-17 23:11:43.064 +05:30  INF  Executed action DCRM.Api.Controllers.DrugController.GetAllAsync (DCRM.Api) in 14.4202ms
2023-09-17 23:11:43.064 +05:30  INF  Executed endpoint 'DCRM.Api.Controllers.DrugController.GetAllAsync (DCRM.Api)'
2023-09-17 23:11:43.064 +05:30  INF  Request finished HTTP/2 GET https://localhost:7069/api/Drug/GateAll - - - 200 - application/json;+charset=utf-8 19.3732ms
2023-09-17 23:12:53.670 +05:30  INF  Request starting HTTP/2 GET https://localhost:7069/api/Drug/GateAll - -
2023-09-17 23:12:53.672 +05:30  INF  CORS policy execution successful.
2023-09-17 23:12:53.673 +05:30  INF  Executing endpoint 'DCRM.Api.Controllers.DrugController.GetAllAsync (DCRM.Api)'
2023-09-17 23:12:53.673 +05:30  INF  Route matched with {action = "GetAll", controller = "Drug"}. Executing controller action with signature System.Threading.Tasks.Task`1[System.Collections.Generic.IEnumerable`1[DCRM.Common.Entity.Drug]] GetAllAsync() on controller DCRM.Api.Controllers.DrugController (DCRM.Api).
2023-09-17 23:12:53.674 +05:30  INF  Executing ObjectResult, writing value of type 'Microsoft.EntityFrameworkCore.Query.Internal.EntityQueryable`1[[DCRM.Common.Entity.Drug, DCRM.Common, Version=1.0.0.0, Culture=neutral, PublicKeyToken=null]]'.
2023-09-17 23:12:53.706 +05:30  INF  Executed DbCommand (13ms) [Parameters=[@__p_0='?' (DbType = Int64)], CommandType='"Text"', CommandTimeout='30']
SELECT `d`.`Id`, `d`.`Bactrology`, `d`.`Basic_Salt`, `d`.`Created_At`, `d`.`Description`, `d`.`Details`, `d`.`Dosage`, `d`.`Dose_No`, `d`.`Form`, `d`.`Is_Delete`, `d`.`Medicine_Brand_Id`, `d`.`Medicine_Category_Id`, `d`.`Medicine_Company`, `d`.`Medicine_Composition`, `d`.`Medicine_Group`, `d`.`Medicine_Image`, `d`.`Medicine_Name`, `d`.`Medicine_Type`, `d`.`Min_Level`, `d`.`Note`, `d`.`Reorder_Level`, `d`.`Safety_Alerts`, `d`.`Status`, `d`.`Supplier`, `d`.`Unit`, `d`.`Unit_Packing`, `d`.`Updated_At`, `d`.`User_Id`, `d`.`Vat`, `d`.`Vat_Ac`
FROM `Drugs` AS `d`
WHERE (`d`.`User_Id` = @__p_0) AND (`d`.`Is_Delete` = 0)
2023-09-17 23:12:53.725 +05:30  INF  Executed action DCRM.Api.Controllers.DrugController.GetAllAsync (DCRM.Api) in 51.7535ms
2023-09-17 23:12:53.726 +05:30  INF  Executed endpoint 'DCRM.Api.Controllers.DrugController.GetAllAsync (DCRM.Api)'
2023-09-17 23:12:53.726 +05:30  INF  Request finished HTTP/2 GET https://localhost:7069/api/Drug/GateAll - - - 200 - application/json;+charset=utf-8 55.5856ms
2023-09-17 23:12:55.669 +05:30  INF  Request starting HTTP/2 GET https://localhost:7069/api/Drug/GateAll - -
2023-09-17 23:12:55.669 +05:30  INF  CORS policy execution successful.
2023-09-17 23:12:55.670 +05:30  INF  Executing endpoint 'DCRM.Api.Controllers.DrugController.GetAllAsync (DCRM.Api)'
2023-09-17 23:12:55.670 +05:30  INF  Route matched with {action = "GetAll", controller = "Drug"}. Executing controller action with signature System.Threading.Tasks.Task`1[System.Collections.Generic.IEnumerable`1[DCRM.Common.Entity.Drug]] GetAllAsync() on controller DCRM.Api.Controllers.DrugController (DCRM.Api).
2023-09-17 23:12:55.671 +05:30  INF  Executing ObjectResult, writing value of type 'Microsoft.EntityFrameworkCore.Query.Internal.EntityQueryable`1[[DCRM.Common.Entity.Drug, DCRM.Common, Version=1.0.0.0, Culture=neutral, PublicKeyToken=null]]'.
2023-09-17 23:12:55.681 +05:30  INF  Executed DbCommand (2ms) [Parameters=[@__p_0='?' (DbType = Int64)], CommandType='"Text"', CommandTimeout='30']
SELECT `d`.`Id`, `d`.`Bactrology`, `d`.`Basic_Salt`, `d`.`Created_At`, `d`.`Description`, `d`.`Details`, `d`.`Dosage`, `d`.`Dose_No`, `d`.`Form`, `d`.`Is_Delete`, `d`.`Medicine_Brand_Id`, `d`.`Medicine_Category_Id`, `d`.`Medicine_Company`, `d`.`Medicine_Composition`, `d`.`Medicine_Group`, `d`.`Medicine_Image`, `d`.`Medicine_Name`, `d`.`Medicine_Type`, `d`.`Min_Level`, `d`.`Note`, `d`.`Reorder_Level`, `d`.`Safety_Alerts`, `d`.`Status`, `d`.`Supplier`, `d`.`Unit`, `d`.`Unit_Packing`, `d`.`Updated_At`, `d`.`User_Id`, `d`.`Vat`, `d`.`Vat_Ac`
FROM `Drugs` AS `d`
WHERE (`d`.`User_Id` = @__p_0) AND (`d`.`Is_Delete` = 0)
2023-09-17 23:12:55.711 +05:30  INF  Executed action DCRM.Api.Controllers.DrugController.GetAllAsync (DCRM.Api) in 41.0389ms
2023-09-17 23:12:55.711 +05:30  INF  Executed endpoint 'DCRM.Api.Controllers.DrugController.GetAllAsync (DCRM.Api)'
2023-09-17 23:12:55.712 +05:30  INF  Request finished HTTP/2 GET https://localhost:7069/api/Drug/GateAll - - - 200 - application/json;+charset=utf-8 43.0324ms
2023-09-17 23:13:38.723 +05:30  INF  Request starting HTTP/2 GET https://localhost:7069/api/Drug/GateAll - -
2023-09-17 23:13:38.723 +05:30  INF  CORS policy execution successful.
2023-09-17 23:13:38.727 +05:30  INF  Executing endpoint 'DCRM.Api.Controllers.DrugController.GetAllAsync (DCRM.Api)'
2023-09-17 23:13:38.727 +05:30  INF  Route matched with {action = "GetAll", controller = "Drug"}. Executing controller action with signature System.Threading.Tasks.Task`1[System.Collections.Generic.IEnumerable`1[DCRM.Common.Entity.Drug]] GetAllAsync() on controller DCRM.Api.Controllers.DrugController (DCRM.Api).
2023-09-17 23:13:38.727 +05:30  INF  Executing ObjectResult, writing value of type 'Microsoft.EntityFrameworkCore.Query.Internal.EntityQueryable`1[[DCRM.Common.Entity.Drug, DCRM.Common, Version=1.0.0.0, Culture=neutral, PublicKeyToken=null]]'.
2023-09-17 23:13:38.734 +05:30  INF  Executed DbCommand (2ms) [Parameters=[@__p_0='?' (DbType = Int64)], CommandType='"Text"', CommandTimeout='30']
SELECT `d`.`Id`, `d`.`Bactrology`, `d`.`Basic_Salt`, `d`.`Created_At`, `d`.`Description`, `d`.`Details`, `d`.`Dosage`, `d`.`Dose_No`, `d`.`Form`, `d`.`Is_Delete`, `d`.`Medicine_Brand_Id`, `d`.`Medicine_Category_Id`, `d`.`Medicine_Company`, `d`.`Medicine_Composition`, `d`.`Medicine_Group`, `d`.`Medicine_Image`, `d`.`Medicine_Name`, `d`.`Medicine_Type`, `d`.`Min_Level`, `d`.`Note`, `d`.`Reorder_Level`, `d`.`Safety_Alerts`, `d`.`Status`, `d`.`Supplier`, `d`.`Unit`, `d`.`Unit_Packing`, `d`.`Updated_At`, `d`.`User_Id`, `d`.`Vat`, `d`.`Vat_Ac`
FROM `Drugs` AS `d`
WHERE (`d`.`User_Id` = @__p_0) AND (`d`.`Is_Delete` = 0)
2023-09-17 23:13:38.746 +05:30  INF  Executed action DCRM.Api.Controllers.DrugController.GetAllAsync (DCRM.Api) in 19.1454ms
2023-09-17 23:13:38.746 +05:30  INF  Executed endpoint 'DCRM.Api.Controllers.DrugController.GetAllAsync (DCRM.Api)'
2023-09-17 23:13:38.746 +05:30  INF  Request finished HTTP/2 GET https://localhost:7069/api/Drug/GateAll - - - 200 - application/json;+charset=utf-8 24.0053ms
2023-09-17 23:15:00.441 +05:30  INF  Request starting HTTP/2 GET https://localhost:7069/api/Drug/GateAll - -
2023-09-17 23:15:00.442 +05:30  INF  CORS policy execution successful.
2023-09-17 23:15:00.444 +05:30  INF  Executing endpoint 'DCRM.Api.Controllers.DrugController.GetAllAsync (DCRM.Api)'
2023-09-17 23:15:00.444 +05:30  INF  Route matched with {action = "GetAll", controller = "Drug"}. Executing controller action with signature System.Threading.Tasks.Task`1[System.Collections.Generic.IEnumerable`1[DCRM.Common.Entity.Drug]] GetAllAsync() on controller DCRM.Api.Controllers.DrugController (DCRM.Api).
2023-09-17 23:15:00.444 +05:30  INF  Executing ObjectResult, writing value of type 'Microsoft.EntityFrameworkCore.Query.Internal.EntityQueryable`1[[DCRM.Common.Entity.Drug, DCRM.Common, Version=1.0.0.0, Culture=neutral, PublicKeyToken=null]]'.
2023-09-17 23:15:00.457 +05:30  INF  Executed DbCommand (1ms) [Parameters=[@__p_0='?' (DbType = Int64)], CommandType='"Text"', CommandTimeout='30']
SELECT `d`.`Id`, `d`.`Bactrology`, `d`.`Basic_Salt`, `d`.`Created_At`, `d`.`Description`, `d`.`Details`, `d`.`Dosage`, `d`.`Dose_No`, `d`.`Form`, `d`.`Is_Delete`, `d`.`Medicine_Brand_Id`, `d`.`Medicine_Category_Id`, `d`.`Medicine_Company`, `d`.`Medicine_Composition`, `d`.`Medicine_Group`, `d`.`Medicine_Image`, `d`.`Medicine_Name`, `d`.`Medicine_Type`, `d`.`Min_Level`, `d`.`Note`, `d`.`Reorder_Level`, `d`.`Safety_Alerts`, `d`.`Status`, `d`.`Supplier`, `d`.`Unit`, `d`.`Unit_Packing`, `d`.`Updated_At`, `d`.`User_Id`, `d`.`Vat`, `d`.`Vat_Ac`
FROM `Drugs` AS `d`
WHERE (`d`.`User_Id` = @__p_0) AND (`d`.`Is_Delete` = 0)
2023-09-17 23:15:00.471 +05:30  INF  Executed action DCRM.Api.Controllers.DrugController.GetAllAsync (DCRM.Api) in 27.0808ms
2023-09-17 23:15:00.471 +05:30  INF  Executed endpoint 'DCRM.Api.Controllers.DrugController.GetAllAsync (DCRM.Api)'
2023-09-17 23:15:00.471 +05:30  INF  Request finished HTTP/2 GET https://localhost:7069/api/Drug/GateAll - - - 200 - application/json;+charset=utf-8 30.7693ms
2023-09-17 23:15:35.704 +05:30  INF  Request starting HTTP/2 GET https://localhost:7069/api/Drug/GateAll - -
2023-09-17 23:15:35.704 +05:30  INF  CORS policy execution successful.
2023-09-17 23:15:35.707 +05:30  INF  Executing endpoint 'DCRM.Api.Controllers.DrugController.GetAllAsync (DCRM.Api)'
2023-09-17 23:15:35.711 +05:30  INF  Route matched with {action = "GetAll", controller = "Drug"}. Executing controller action with signature System.Threading.Tasks.Task`1[System.Collections.Generic.IEnumerable`1[DCRM.Common.Entity.Drug]] GetAllAsync() on controller DCRM.Api.Controllers.DrugController (DCRM.Api).
2023-09-17 23:15:35.713 +05:30  INF  Executing ObjectResult, writing value of type 'Microsoft.EntityFrameworkCore.Query.Internal.EntityQueryable`1[[DCRM.Common.Entity.Drug, DCRM.Common, Version=1.0.0.0, Culture=neutral, PublicKeyToken=null]]'.
2023-09-17 23:15:35.734 +05:30  INF  Executed DbCommand (4ms) [Parameters=[@__p_0='?' (DbType = Int64)], CommandType='"Text"', CommandTimeout='30']
SELECT `d`.`Id`, `d`.`Bactrology`, `d`.`Basic_Salt`, `d`.`Created_At`, `d`.`Description`, `d`.`Details`, `d`.`Dosage`, `d`.`Dose_No`, `d`.`Form`, `d`.`Is_Delete`, `d`.`Medicine_Brand_Id`, `d`.`Medicine_Category_Id`, `d`.`Medicine_Company`, `d`.`Medicine_Composition`, `d`.`Medicine_Group`, `d`.`Medicine_Image`, `d`.`Medicine_Name`, `d`.`Medicine_Type`, `d`.`Min_Level`, `d`.`Note`, `d`.`Reorder_Level`, `d`.`Safety_Alerts`, `d`.`Status`, `d`.`Supplier`, `d`.`Unit`, `d`.`Unit_Packing`, `d`.`Updated_At`, `d`.`User_Id`, `d`.`Vat`, `d`.`Vat_Ac`
FROM `Drugs` AS `d`
WHERE (`d`.`User_Id` = @__p_0) AND (`d`.`Is_Delete` = 0)
2023-09-17 23:15:35.757 +05:30  INF  Executed action DCRM.Api.Controllers.DrugController.GetAllAsync (DCRM.Api) in 44.0137ms
2023-09-17 23:15:35.757 +05:30  INF  Executed endpoint 'DCRM.Api.Controllers.DrugController.GetAllAsync (DCRM.Api)'
2023-09-17 23:15:35.757 +05:30  INF  Request finished HTTP/2 GET https://localhost:7069/api/Drug/GateAll - - - 200 - application/json;+charset=utf-8 53.2290ms
2023-09-17 23:15:51.907 +05:30  INF  Request starting HTTP/2 GET https://localhost:7069/api/Drug/GateAll - -
2023-09-17 23:15:51.908 +05:30  INF  CORS policy execution successful.
2023-09-17 23:15:51.909 +05:30  INF  Executing endpoint 'DCRM.Api.Controllers.DrugController.GetAllAsync (DCRM.Api)'
2023-09-17 23:15:51.909 +05:30  INF  Route matched with {action = "GetAll", controller = "Drug"}. Executing controller action with signature System.Threading.Tasks.Task`1[System.Collections.Generic.IEnumerable`1[DCRM.Common.Entity.Drug]] GetAllAsync() on controller DCRM.Api.Controllers.DrugController (DCRM.Api).
2023-09-17 23:15:51.910 +05:30  INF  Executing ObjectResult, writing value of type 'Microsoft.EntityFrameworkCore.Query.Internal.EntityQueryable`1[[DCRM.Common.Entity.Drug, DCRM.Common, Version=1.0.0.0, Culture=neutral, PublicKeyToken=null]]'.
2023-09-17 23:15:51.939 +05:30  INF  Executed DbCommand (9ms) [Parameters=[@__p_0='?' (DbType = Int64)], CommandType='"Text"', CommandTimeout='30']
SELECT `d`.`Id`, `d`.`Bactrology`, `d`.`Basic_Salt`, `d`.`Created_At`, `d`.`Description`, `d`.`Details`, `d`.`Dosage`, `d`.`Dose_No`, `d`.`Form`, `d`.`Is_Delete`, `d`.`Medicine_Brand_Id`, `d`.`Medicine_Category_Id`, `d`.`Medicine_Company`, `d`.`Medicine_Composition`, `d`.`Medicine_Group`, `d`.`Medicine_Image`, `d`.`Medicine_Name`, `d`.`Medicine_Type`, `d`.`Min_Level`, `d`.`Note`, `d`.`Reorder_Level`, `d`.`Safety_Alerts`, `d`.`Status`, `d`.`Supplier`, `d`.`Unit`, `d`.`Unit_Packing`, `d`.`Updated_At`, `d`.`User_Id`, `d`.`Vat`, `d`.`Vat_Ac`
FROM `Drugs` AS `d`
WHERE (`d`.`User_Id` = @__p_0) AND (`d`.`Is_Delete` = 0)
2023-09-17 23:15:51.956 +05:30  INF  Executed action DCRM.Api.Controllers.DrugController.GetAllAsync (DCRM.Api) in 46.5244ms
2023-09-17 23:15:51.956 +05:30  INF  Executed endpoint 'DCRM.Api.Controllers.DrugController.GetAllAsync (DCRM.Api)'
2023-09-17 23:15:51.956 +05:30  INF  Request finished HTTP/2 GET https://localhost:7069/api/Drug/GateAll - - - 200 - application/json;+charset=utf-8 48.4686ms
2023-09-17 23:16:07.637 +05:30  INF  Request starting HTTP/2 GET https://localhost:7069/api/Drug/GateAll - -
2023-09-17 23:16:07.637 +05:30  INF  CORS policy execution successful.
2023-09-17 23:16:07.639 +05:30  INF  Executing endpoint 'DCRM.Api.Controllers.DrugController.GetAllAsync (DCRM.Api)'
2023-09-17 23:16:07.639 +05:30  INF  Route matched with {action = "GetAll", controller = "Drug"}. Executing controller action with signature System.Threading.Tasks.Task`1[System.Collections.Generic.IEnumerable`1[DCRM.Common.Entity.Drug]] GetAllAsync() on controller DCRM.Api.Controllers.DrugController (DCRM.Api).
2023-09-17 23:16:07.639 +05:30  INF  Executing ObjectResult, writing value of type 'Microsoft.EntityFrameworkCore.Query.Internal.EntityQueryable`1[[DCRM.Common.Entity.Drug, DCRM.Common, Version=1.0.0.0, Culture=neutral, PublicKeyToken=null]]'.
2023-09-17 23:16:07.649 +05:30  INF  Executed DbCommand (2ms) [Parameters=[@__p_0='?' (DbType = Int64)], CommandType='"Text"', CommandTimeout='30']
SELECT `d`.`Id`, `d`.`Bactrology`, `d`.`Basic_Salt`, `d`.`Created_At`, `d`.`Description`, `d`.`Details`, `d`.`Dosage`, `d`.`Dose_No`, `d`.`Form`, `d`.`Is_Delete`, `d`.`Medicine_Brand_Id`, `d`.`Medicine_Category_Id`, `d`.`Medicine_Company`, `d`.`Medicine_Composition`, `d`.`Medicine_Group`, `d`.`Medicine_Image`, `d`.`Medicine_Name`, `d`.`Medicine_Type`, `d`.`Min_Level`, `d`.`Note`, `d`.`Reorder_Level`, `d`.`Safety_Alerts`, `d`.`Status`, `d`.`Supplier`, `d`.`Unit`, `d`.`Unit_Packing`, `d`.`Updated_At`, `d`.`User_Id`, `d`.`Vat`, `d`.`Vat_Ac`
FROM `Drugs` AS `d`
WHERE (`d`.`User_Id` = @__p_0) AND (`d`.`Is_Delete` = 0)
2023-09-17 23:16:07.663 +05:30  INF  Executed action DCRM.Api.Controllers.DrugController.GetAllAsync (DCRM.Api) in 24.366ms
2023-09-17 23:16:07.663 +05:30  INF  Executed endpoint 'DCRM.Api.Controllers.DrugController.GetAllAsync (DCRM.Api)'
2023-09-17 23:16:07.664 +05:30  INF  Request finished HTTP/2 GET https://localhost:7069/api/Drug/GateAll - - - 200 - application/json;+charset=utf-8 26.5697ms
2023-09-17 23:17:05.459 +05:30  INF  Request starting HTTP/2 GET https://localhost:7069/api/Drug/GateAll - -
2023-09-17 23:17:05.459 +05:30  INF  CORS policy execution successful.
2023-09-17 23:17:05.461 +05:30  INF  Executing endpoint 'DCRM.Api.Controllers.DrugController.GetAllAsync (DCRM.Api)'
2023-09-17 23:17:05.462 +05:30  INF  Route matched with {action = "GetAll", controller = "Drug"}. Executing controller action with signature System.Threading.Tasks.Task`1[System.Collections.Generic.IEnumerable`1[DCRM.Common.Entity.Drug]] GetAllAsync() on controller DCRM.Api.Controllers.DrugController (DCRM.Api).
2023-09-17 23:17:05.462 +05:30  INF  Executing ObjectResult, writing value of type 'Microsoft.EntityFrameworkCore.Query.Internal.EntityQueryable`1[[DCRM.Common.Entity.Drug, DCRM.Common, Version=1.0.0.0, Culture=neutral, PublicKeyToken=null]]'.
2023-09-17 23:17:05.467 +05:30  INF  Executed DbCommand (1ms) [Parameters=[@__p_0='?' (DbType = Int64)], CommandType='"Text"', CommandTimeout='30']
SELECT `d`.`Id`, `d`.`Bactrology`, `d`.`Basic_Salt`, `d`.`Created_At`, `d`.`Description`, `d`.`Details`, `d`.`Dosage`, `d`.`Dose_No`, `d`.`Form`, `d`.`Is_Delete`, `d`.`Medicine_Brand_Id`, `d`.`Medicine_Category_Id`, `d`.`Medicine_Company`, `d`.`Medicine_Composition`, `d`.`Medicine_Group`, `d`.`Medicine_Image`, `d`.`Medicine_Name`, `d`.`Medicine_Type`, `d`.`Min_Level`, `d`.`Note`, `d`.`Reorder_Level`, `d`.`Safety_Alerts`, `d`.`Status`, `d`.`Supplier`, `d`.`Unit`, `d`.`Unit_Packing`, `d`.`Updated_At`, `d`.`User_Id`, `d`.`Vat`, `d`.`Vat_Ac`
FROM `Drugs` AS `d`
WHERE (`d`.`User_Id` = @__p_0) AND (`d`.`Is_Delete` = 0)
2023-09-17 23:17:05.477 +05:30  INF  Executed action DCRM.Api.Controllers.DrugController.GetAllAsync (DCRM.Api) in 14.9911ms
2023-09-17 23:17:05.477 +05:30  INF  Executed endpoint 'DCRM.Api.Controllers.DrugController.GetAllAsync (DCRM.Api)'
2023-09-17 23:17:05.477 +05:30  INF  Request finished HTTP/2 GET https://localhost:7069/api/Drug/GateAll - - - 200 - application/json;+charset=utf-8 18.4276ms
2023-09-17 23:18:26.976 +05:30  INF  Request starting HTTP/2 GET https://localhost:7069/api/Drug/GateAll - -
2023-09-17 23:18:26.976 +05:30  INF  CORS policy execution successful.
2023-09-17 23:18:26.977 +05:30  INF  Executing endpoint 'DCRM.Api.Controllers.DrugController.GetAllAsync (DCRM.Api)'
2023-09-17 23:18:26.977 +05:30  INF  Route matched with {action = "GetAll", controller = "Drug"}. Executing controller action with signature System.Threading.Tasks.Task`1[System.Collections.Generic.IEnumerable`1[DCRM.Common.Entity.Drug]] GetAllAsync() on controller DCRM.Api.Controllers.DrugController (DCRM.Api).
2023-09-17 23:18:26.977 +05:30  INF  Executing ObjectResult, writing value of type 'Microsoft.EntityFrameworkCore.Query.Internal.EntityQueryable`1[[DCRM.Common.Entity.Drug, DCRM.Common, Version=1.0.0.0, Culture=neutral, PublicKeyToken=null]]'.
2023-09-17 23:18:26.982 +05:30  INF  Executed DbCommand (2ms) [Parameters=[@__p_0='?' (DbType = Int64)], CommandType='"Text"', CommandTimeout='30']
SELECT `d`.`Id`, `d`.`Bactrology`, `d`.`Basic_Salt`, `d`.`Created_At`, `d`.`Description`, `d`.`Details`, `d`.`Dosage`, `d`.`Dose_No`, `d`.`Form`, `d`.`Is_Delete`, `d`.`Medicine_Brand_Id`, `d`.`Medicine_Category_Id`, `d`.`Medicine_Company`, `d`.`Medicine_Composition`, `d`.`Medicine_Group`, `d`.`Medicine_Image`, `d`.`Medicine_Name`, `d`.`Medicine_Type`, `d`.`Min_Level`, `d`.`Note`, `d`.`Reorder_Level`, `d`.`Safety_Alerts`, `d`.`Status`, `d`.`Supplier`, `d`.`Unit`, `d`.`Unit_Packing`, `d`.`Updated_At`, `d`.`User_Id`, `d`.`Vat`, `d`.`Vat_Ac`
FROM `Drugs` AS `d`
WHERE (`d`.`User_Id` = @__p_0) AND (`d`.`Is_Delete` = 0)
2023-09-17 23:18:26.990 +05:30  INF  Executed action DCRM.Api.Controllers.DrugController.GetAllAsync (DCRM.Api) in 13.6909ms
2023-09-17 23:18:26.990 +05:30  INF  Executed endpoint 'DCRM.Api.Controllers.DrugController.GetAllAsync (DCRM.Api)'
2023-09-17 23:18:26.991 +05:30  INF  Request finished HTTP/2 GET https://localhost:7069/api/Drug/GateAll - - - 200 - application/json;+charset=utf-8 15.0629ms
2023-09-17 23:18:49.369 +05:30  INF  Request starting HTTP/2 GET https://localhost:7069/api/Drug/GateAll - -
2023-09-17 23:18:49.369 +05:30  INF  CORS policy execution successful.
2023-09-17 23:18:49.370 +05:30  INF  Executing endpoint 'DCRM.Api.Controllers.DrugController.GetAllAsync (DCRM.Api)'
2023-09-17 23:18:49.370 +05:30  INF  Route matched with {action = "GetAll", controller = "Drug"}. Executing controller action with signature System.Threading.Tasks.Task`1[System.Collections.Generic.IEnumerable`1[DCRM.Common.Entity.Drug]] GetAllAsync() on controller DCRM.Api.Controllers.DrugController (DCRM.Api).
2023-09-17 23:18:49.370 +05:30  INF  Executing ObjectResult, writing value of type 'Microsoft.EntityFrameworkCore.Query.Internal.EntityQueryable`1[[DCRM.Common.Entity.Drug, DCRM.Common, Version=1.0.0.0, Culture=neutral, PublicKeyToken=null]]'.
2023-09-17 23:18:49.380 +05:30  INF  Executed DbCommand (5ms) [Parameters=[@__p_0='?' (DbType = Int64)], CommandType='"Text"', CommandTimeout='30']
SELECT `d`.`Id`, `d`.`Bactrology`, `d`.`Basic_Salt`, `d`.`Created_At`, `d`.`Description`, `d`.`Details`, `d`.`Dosage`, `d`.`Dose_No`, `d`.`Form`, `d`.`Is_Delete`, `d`.`Medicine_Brand_Id`, `d`.`Medicine_Category_Id`, `d`.`Medicine_Company`, `d`.`Medicine_Composition`, `d`.`Medicine_Group`, `d`.`Medicine_Image`, `d`.`Medicine_Name`, `d`.`Medicine_Type`, `d`.`Min_Level`, `d`.`Note`, `d`.`Reorder_Level`, `d`.`Safety_Alerts`, `d`.`Status`, `d`.`Supplier`, `d`.`Unit`, `d`.`Unit_Packing`, `d`.`Updated_At`, `d`.`User_Id`, `d`.`Vat`, `d`.`Vat_Ac`
FROM `Drugs` AS `d`
WHERE (`d`.`User_Id` = @__p_0) AND (`d`.`Is_Delete` = 0)
2023-09-17 23:18:49.391 +05:30  INF  Executed action DCRM.Api.Controllers.DrugController.GetAllAsync (DCRM.Api) in 20.4723ms
2023-09-17 23:18:49.391 +05:30  INF  Executed endpoint 'DCRM.Api.Controllers.DrugController.GetAllAsync (DCRM.Api)'
2023-09-17 23:18:49.391 +05:30  INF  Request finished HTTP/2 GET https://localhost:7069/api/Drug/GateAll - - - 200 - application/json;+charset=utf-8 21.9757ms
2023-09-17 23:20:20.251 +05:30  INF  Request starting HTTP/2 GET https://localhost:7069/api/Drug/GateAll - -
2023-09-17 23:20:20.251 +05:30  INF  CORS policy execution successful.
2023-09-17 23:20:20.252 +05:30  INF  Executing endpoint 'DCRM.Api.Controllers.DrugController.GetAllAsync (DCRM.Api)'
2023-09-17 23:20:20.252 +05:30  INF  Route matched with {action = "GetAll", controller = "Drug"}. Executing controller action with signature System.Threading.Tasks.Task`1[System.Collections.Generic.IEnumerable`1[DCRM.Common.Entity.Drug]] GetAllAsync() on controller DCRM.Api.Controllers.DrugController (DCRM.Api).
2023-09-17 23:20:20.252 +05:30  INF  Executing ObjectResult, writing value of type 'Microsoft.EntityFrameworkCore.Query.Internal.EntityQueryable`1[[DCRM.Common.Entity.Drug, DCRM.Common, Version=1.0.0.0, Culture=neutral, PublicKeyToken=null]]'.
2023-09-17 23:20:20.259 +05:30  INF  Executed DbCommand (1ms) [Parameters=[@__p_0='?' (DbType = Int64)], CommandType='"Text"', CommandTimeout='30']
SELECT `d`.`Id`, `d`.`Bactrology`, `d`.`Basic_Salt`, `d`.`Created_At`, `d`.`Description`, `d`.`Details`, `d`.`Dosage`, `d`.`Dose_No`, `d`.`Form`, `d`.`Is_Delete`, `d`.`Medicine_Brand_Id`, `d`.`Medicine_Category_Id`, `d`.`Medicine_Company`, `d`.`Medicine_Composition`, `d`.`Medicine_Group`, `d`.`Medicine_Image`, `d`.`Medicine_Name`, `d`.`Medicine_Type`, `d`.`Min_Level`, `d`.`Note`, `d`.`Reorder_Level`, `d`.`Safety_Alerts`, `d`.`Status`, `d`.`Supplier`, `d`.`Unit`, `d`.`Unit_Packing`, `d`.`Updated_At`, `d`.`User_Id`, `d`.`Vat`, `d`.`Vat_Ac`
FROM `Drugs` AS `d`
WHERE (`d`.`User_Id` = @__p_0) AND (`d`.`Is_Delete` = 0)
2023-09-17 23:20:20.272 +05:30  INF  Executed action DCRM.Api.Controllers.DrugController.GetAllAsync (DCRM.Api) in 20.7118ms
2023-09-17 23:20:20.273 +05:30  INF  Executed endpoint 'DCRM.Api.Controllers.DrugController.GetAllAsync (DCRM.Api)'
2023-09-17 23:20:20.273 +05:30  INF  Request finished HTTP/2 GET https://localhost:7069/api/Drug/GateAll - - - 200 - application/json;+charset=utf-8 21.8075ms
2023-09-17 23:20:39.505 +05:30  INF  Request starting HTTP/2 GET https://localhost:7069/api/Drug/GateAll - -
2023-09-17 23:20:39.505 +05:30  INF  CORS policy execution successful.
2023-09-17 23:20:39.506 +05:30  INF  Executing endpoint 'DCRM.Api.Controllers.DrugController.GetAllAsync (DCRM.Api)'
2023-09-17 23:20:39.506 +05:30  INF  Route matched with {action = "GetAll", controller = "Drug"}. Executing controller action with signature System.Threading.Tasks.Task`1[System.Collections.Generic.IEnumerable`1[DCRM.Common.Entity.Drug]] GetAllAsync() on controller DCRM.Api.Controllers.DrugController (DCRM.Api).
2023-09-17 23:20:39.507 +05:30  INF  Executing ObjectResult, writing value of type 'Microsoft.EntityFrameworkCore.Query.Internal.EntityQueryable`1[[DCRM.Common.Entity.Drug, DCRM.Common, Version=1.0.0.0, Culture=neutral, PublicKeyToken=null]]'.
2023-09-17 23:20:39.515 +05:30  INF  Executed DbCommand (2ms) [Parameters=[@__p_0='?' (DbType = Int64)], CommandType='"Text"', CommandTimeout='30']
SELECT `d`.`Id`, `d`.`Bactrology`, `d`.`Basic_Salt`, `d`.`Created_At`, `d`.`Description`, `d`.`Details`, `d`.`Dosage`, `d`.`Dose_No`, `d`.`Form`, `d`.`Is_Delete`, `d`.`Medicine_Brand_Id`, `d`.`Medicine_Category_Id`, `d`.`Medicine_Company`, `d`.`Medicine_Composition`, `d`.`Medicine_Group`, `d`.`Medicine_Image`, `d`.`Medicine_Name`, `d`.`Medicine_Type`, `d`.`Min_Level`, `d`.`Note`, `d`.`Reorder_Level`, `d`.`Safety_Alerts`, `d`.`Status`, `d`.`Supplier`, `d`.`Unit`, `d`.`Unit_Packing`, `d`.`Updated_At`, `d`.`User_Id`, `d`.`Vat`, `d`.`Vat_Ac`
FROM `Drugs` AS `d`
WHERE (`d`.`User_Id` = @__p_0) AND (`d`.`Is_Delete` = 0)
2023-09-17 23:20:39.553 +05:30  INF  Executed action DCRM.Api.Controllers.DrugController.GetAllAsync (DCRM.Api) in 46.1446ms
2023-09-17 23:20:39.553 +05:30  INF  Executed endpoint 'DCRM.Api.Controllers.DrugController.GetAllAsync (DCRM.Api)'
2023-09-17 23:20:39.553 +05:30  INF  Request finished HTTP/2 GET https://localhost:7069/api/Drug/GateAll - - - 200 - application/json;+charset=utf-8 48.4379ms
2023-09-17 23:20:47.505 +05:30  INF  Request starting HTTP/2 GET https://localhost:7069/api/Drug/GateAll - -
2023-09-17 23:20:47.505 +05:30  INF  CORS policy execution successful.
2023-09-17 23:20:47.506 +05:30  INF  Executing endpoint 'DCRM.Api.Controllers.DrugController.GetAllAsync (DCRM.Api)'
2023-09-17 23:20:47.506 +05:30  INF  Route matched with {action = "GetAll", controller = "Drug"}. Executing controller action with signature System.Threading.Tasks.Task`1[System.Collections.Generic.IEnumerable`1[DCRM.Common.Entity.Drug]] GetAllAsync() on controller DCRM.Api.Controllers.DrugController (DCRM.Api).
2023-09-17 23:20:47.506 +05:30  INF  Executing ObjectResult, writing value of type 'Microsoft.EntityFrameworkCore.Query.Internal.EntityQueryable`1[[DCRM.Common.Entity.Drug, DCRM.Common, Version=1.0.0.0, Culture=neutral, PublicKeyToken=null]]'.
2023-09-17 23:20:47.531 +05:30  INF  Executed DbCommand (8ms) [Parameters=[@__p_0='?' (DbType = Int64)], CommandType='"Text"', CommandTimeout='30']
SELECT `d`.`Id`, `d`.`Bactrology`, `d`.`Basic_Salt`, `d`.`Created_At`, `d`.`Description`, `d`.`Details`, `d`.`Dosage`, `d`.`Dose_No`, `d`.`Form`, `d`.`Is_Delete`, `d`.`Medicine_Brand_Id`, `d`.`Medicine_Category_Id`, `d`.`Medicine_Company`, `d`.`Medicine_Composition`, `d`.`Medicine_Group`, `d`.`Medicine_Image`, `d`.`Medicine_Name`, `d`.`Medicine_Type`, `d`.`Min_Level`, `d`.`Note`, `d`.`Reorder_Level`, `d`.`Safety_Alerts`, `d`.`Status`, `d`.`Supplier`, `d`.`Unit`, `d`.`Unit_Packing`, `d`.`Updated_At`, `d`.`User_Id`, `d`.`Vat`, `d`.`Vat_Ac`
FROM `Drugs` AS `d`
WHERE (`d`.`User_Id` = @__p_0) AND (`d`.`Is_Delete` = 0)
2023-09-17 23:20:47.553 +05:30  INF  Executed action DCRM.Api.Controllers.DrugController.GetAllAsync (DCRM.Api) in 46.5992ms
2023-09-17 23:20:47.553 +05:30  INF  Executed endpoint 'DCRM.Api.Controllers.DrugController.GetAllAsync (DCRM.Api)'
2023-09-17 23:20:47.553 +05:30  INF  Request finished HTTP/2 GET https://localhost:7069/api/Drug/GateAll - - - 200 - application/json;+charset=utf-8 48.6652ms
2023-09-17 23:21:03.195 +05:30  INF  Request starting HTTP/2 GET https://localhost:7069/api/Drug/GateAll - -
2023-09-17 23:21:03.195 +05:30  INF  CORS policy execution successful.
2023-09-17 23:21:03.210 +05:30  INF  Executing endpoint 'DCRM.Api.Controllers.DrugController.GetAllAsync (DCRM.Api)'
2023-09-17 23:21:03.211 +05:30  INF  Route matched with {action = "GetAll", controller = "Drug"}. Executing controller action with signature System.Threading.Tasks.Task`1[System.Collections.Generic.IEnumerable`1[DCRM.Common.Entity.Drug]] GetAllAsync() on controller DCRM.Api.Controllers.DrugController (DCRM.Api).
2023-09-17 23:21:03.211 +05:30  INF  Executing ObjectResult, writing value of type 'Microsoft.EntityFrameworkCore.Query.Internal.EntityQueryable`1[[DCRM.Common.Entity.Drug, DCRM.Common, Version=1.0.0.0, Culture=neutral, PublicKeyToken=null]]'.
2023-09-17 23:21:03.221 +05:30  INF  Executed DbCommand (1ms) [Parameters=[@__p_0='?' (DbType = Int64)], CommandType='"Text"', CommandTimeout='30']
SELECT `d`.`Id`, `d`.`Bactrology`, `d`.`Basic_Salt`, `d`.`Created_At`, `d`.`Description`, `d`.`Details`, `d`.`Dosage`, `d`.`Dose_No`, `d`.`Form`, `d`.`Is_Delete`, `d`.`Medicine_Brand_Id`, `d`.`Medicine_Category_Id`, `d`.`Medicine_Company`, `d`.`Medicine_Composition`, `d`.`Medicine_Group`, `d`.`Medicine_Image`, `d`.`Medicine_Name`, `d`.`Medicine_Type`, `d`.`Min_Level`, `d`.`Note`, `d`.`Reorder_Level`, `d`.`Safety_Alerts`, `d`.`Status`, `d`.`Supplier`, `d`.`Unit`, `d`.`Unit_Packing`, `d`.`Updated_At`, `d`.`User_Id`, `d`.`Vat`, `d`.`Vat_Ac`
FROM `Drugs` AS `d`
WHERE (`d`.`User_Id` = @__p_0) AND (`d`.`Is_Delete` = 0)
2023-09-17 23:21:03.230 +05:30  INF  Executed action DCRM.Api.Controllers.DrugController.GetAllAsync (DCRM.Api) in 18.8637ms
2023-09-17 23:21:03.230 +05:30  INF  Executed endpoint 'DCRM.Api.Controllers.DrugController.GetAllAsync (DCRM.Api)'
2023-09-17 23:21:03.230 +05:30  INF  Request finished HTTP/2 GET https://localhost:7069/api/Drug/GateAll - - - 200 - application/json;+charset=utf-8 36.7434ms
2023-09-17 23:22:08.471 +05:30  INF  Request starting HTTP/2 GET https://localhost:7069/api/Drug/GateAll - -
2023-09-17 23:22:08.472 +05:30  INF  CORS policy execution successful.
2023-09-17 23:22:08.472 +05:30  INF  Executing endpoint 'DCRM.Api.Controllers.DrugController.GetAllAsync (DCRM.Api)'
2023-09-17 23:22:08.472 +05:30  INF  Route matched with {action = "GetAll", controller = "Drug"}. Executing controller action with signature System.Threading.Tasks.Task`1[System.Collections.Generic.IEnumerable`1[DCRM.Common.Entity.Drug]] GetAllAsync() on controller DCRM.Api.Controllers.DrugController (DCRM.Api).
2023-09-17 23:22:08.472 +05:30  INF  Executing ObjectResult, writing value of type 'Microsoft.EntityFrameworkCore.Query.Internal.EntityQueryable`1[[DCRM.Common.Entity.Drug, DCRM.Common, Version=1.0.0.0, Culture=neutral, PublicKeyToken=null]]'.
2023-09-17 23:22:08.480 +05:30  INF  Executed DbCommand (5ms) [Parameters=[@__p_0='?' (DbType = Int64)], CommandType='"Text"', CommandTimeout='30']
SELECT `d`.`Id`, `d`.`Bactrology`, `d`.`Basic_Salt`, `d`.`Created_At`, `d`.`Description`, `d`.`Details`, `d`.`Dosage`, `d`.`Dose_No`, `d`.`Form`, `d`.`Is_Delete`, `d`.`Medicine_Brand_Id`, `d`.`Medicine_Category_Id`, `d`.`Medicine_Company`, `d`.`Medicine_Composition`, `d`.`Medicine_Group`, `d`.`Medicine_Image`, `d`.`Medicine_Name`, `d`.`Medicine_Type`, `d`.`Min_Level`, `d`.`Note`, `d`.`Reorder_Level`, `d`.`Safety_Alerts`, `d`.`Status`, `d`.`Supplier`, `d`.`Unit`, `d`.`Unit_Packing`, `d`.`Updated_At`, `d`.`User_Id`, `d`.`Vat`, `d`.`Vat_Ac`
FROM `Drugs` AS `d`
WHERE (`d`.`User_Id` = @__p_0) AND (`d`.`Is_Delete` = 0)
2023-09-17 23:22:08.531 +05:30  INF  Executed action DCRM.Api.Controllers.DrugController.GetAllAsync (DCRM.Api) in 59.2765ms
2023-09-17 23:22:08.532 +05:30  INF  Executed endpoint 'DCRM.Api.Controllers.DrugController.GetAllAsync (DCRM.Api)'
2023-09-17 23:22:08.532 +05:30  INF  Request finished HTTP/2 GET https://localhost:7069/api/Drug/GateAll - - - 200 - application/json;+charset=utf-8 60.9023ms
2023-09-17 23:22:36.498 +05:30  INF  Request starting HTTP/2 GET https://localhost:7069/api/Drug/GateAll - -
2023-09-17 23:22:36.498 +05:30  INF  CORS policy execution successful.
2023-09-17 23:22:36.499 +05:30  INF  Executing endpoint 'DCRM.Api.Controllers.DrugController.GetAllAsync (DCRM.Api)'
2023-09-17 23:22:36.499 +05:30  INF  Route matched with {action = "GetAll", controller = "Drug"}. Executing controller action with signature System.Threading.Tasks.Task`1[System.Collections.Generic.IEnumerable`1[DCRM.Common.Entity.Drug]] GetAllAsync() on controller DCRM.Api.Controllers.DrugController (DCRM.Api).
2023-09-17 23:22:36.499 +05:30  INF  Executing ObjectResult, writing value of type 'Microsoft.EntityFrameworkCore.Query.Internal.EntityQueryable`1[[DCRM.Common.Entity.Drug, DCRM.Common, Version=1.0.0.0, Culture=neutral, PublicKeyToken=null]]'.
2023-09-17 23:22:36.507 +05:30  INF  Executed DbCommand (1ms) [Parameters=[@__p_0='?' (DbType = Int64)], CommandType='"Text"', CommandTimeout='30']
SELECT `d`.`Id`, `d`.`Bactrology`, `d`.`Basic_Salt`, `d`.`Created_At`, `d`.`Description`, `d`.`Details`, `d`.`Dosage`, `d`.`Dose_No`, `d`.`Form`, `d`.`Is_Delete`, `d`.`Medicine_Brand_Id`, `d`.`Medicine_Category_Id`, `d`.`Medicine_Company`, `d`.`Medicine_Composition`, `d`.`Medicine_Group`, `d`.`Medicine_Image`, `d`.`Medicine_Name`, `d`.`Medicine_Type`, `d`.`Min_Level`, `d`.`Note`, `d`.`Reorder_Level`, `d`.`Safety_Alerts`, `d`.`Status`, `d`.`Supplier`, `d`.`Unit`, `d`.`Unit_Packing`, `d`.`Updated_At`, `d`.`User_Id`, `d`.`Vat`, `d`.`Vat_Ac`
FROM `Drugs` AS `d`
WHERE (`d`.`User_Id` = @__p_0) AND (`d`.`Is_Delete` = 0)
2023-09-17 23:22:36.516 +05:30  INF  Executed action DCRM.Api.Controllers.DrugController.GetAllAsync (DCRM.Api) in 16.4327ms
2023-09-17 23:22:36.516 +05:30  INF  Executed endpoint 'DCRM.Api.Controllers.DrugController.GetAllAsync (DCRM.Api)'
2023-09-17 23:22:36.516 +05:30  INF  Request finished HTTP/2 GET https://localhost:7069/api/Drug/GateAll - - - 200 - application/json;+charset=utf-8 18.7561ms
2023-09-17 23:22:54.306 +05:30  INF  Request starting HTTP/2 GET https://localhost:7069/api/Drug/GateAll - -
2023-09-17 23:22:54.307 +05:30  INF  CORS policy execution successful.
2023-09-17 23:22:54.309 +05:30  INF  Executing endpoint 'DCRM.Api.Controllers.DrugController.GetAllAsync (DCRM.Api)'
2023-09-17 23:22:54.309 +05:30  INF  Route matched with {action = "GetAll", controller = "Drug"}. Executing controller action with signature System.Threading.Tasks.Task`1[System.Collections.Generic.IEnumerable`1[DCRM.Common.Entity.Drug]] GetAllAsync() on controller DCRM.Api.Controllers.DrugController (DCRM.Api).
2023-09-17 23:22:54.309 +05:30  INF  Executing ObjectResult, writing value of type 'Microsoft.EntityFrameworkCore.Query.Internal.EntityQueryable`1[[DCRM.Common.Entity.Drug, DCRM.Common, Version=1.0.0.0, Culture=neutral, PublicKeyToken=null]]'.
2023-09-17 23:22:54.326 +05:30  INF  Executed DbCommand (2ms) [Parameters=[@__p_0='?' (DbType = Int64)], CommandType='"Text"', CommandTimeout='30']
SELECT `d`.`Id`, `d`.`Bactrology`, `d`.`Basic_Salt`, `d`.`Created_At`, `d`.`Description`, `d`.`Details`, `d`.`Dosage`, `d`.`Dose_No`, `d`.`Form`, `d`.`Is_Delete`, `d`.`Medicine_Brand_Id`, `d`.`Medicine_Category_Id`, `d`.`Medicine_Company`, `d`.`Medicine_Composition`, `d`.`Medicine_Group`, `d`.`Medicine_Image`, `d`.`Medicine_Name`, `d`.`Medicine_Type`, `d`.`Min_Level`, `d`.`Note`, `d`.`Reorder_Level`, `d`.`Safety_Alerts`, `d`.`Status`, `d`.`Supplier`, `d`.`Unit`, `d`.`Unit_Packing`, `d`.`Updated_At`, `d`.`User_Id`, `d`.`Vat`, `d`.`Vat_Ac`
FROM `Drugs` AS `d`
WHERE (`d`.`User_Id` = @__p_0) AND (`d`.`Is_Delete` = 0)
2023-09-17 23:22:54.336 +05:30  INF  Executed action DCRM.Api.Controllers.DrugController.GetAllAsync (DCRM.Api) in 27.6025ms
2023-09-17 23:22:54.336 +05:30  INF  Executed endpoint 'DCRM.Api.Controllers.DrugController.GetAllAsync (DCRM.Api)'
2023-09-17 23:22:54.337 +05:30  INF  Request finished HTTP/2 GET https://localhost:7069/api/Drug/GateAll - - - 200 - application/json;+charset=utf-8 32.0856ms
2023-09-17 23:23:00.786 +05:30  INF  Request starting HTTP/2 GET https://localhost:7069/api/Drug/GateAll - -
2023-09-17 23:23:00.786 +05:30  INF  CORS policy execution successful.
2023-09-17 23:23:00.786 +05:30  INF  Executing endpoint 'DCRM.Api.Controllers.DrugController.GetAllAsync (DCRM.Api)'
2023-09-17 23:23:00.786 +05:30  INF  Route matched with {action = "GetAll", controller = "Drug"}. Executing controller action with signature System.Threading.Tasks.Task`1[System.Collections.Generic.IEnumerable`1[DCRM.Common.Entity.Drug]] GetAllAsync() on controller DCRM.Api.Controllers.DrugController (DCRM.Api).
2023-09-17 23:23:00.787 +05:30  INF  Executing ObjectResult, writing value of type 'Microsoft.EntityFrameworkCore.Query.Internal.EntityQueryable`1[[DCRM.Common.Entity.Drug, DCRM.Common, Version=1.0.0.0, Culture=neutral, PublicKeyToken=null]]'.
2023-09-17 23:23:00.792 +05:30  INF  Executed DbCommand (2ms) [Parameters=[@__p_0='?' (DbType = Int64)], CommandType='"Text"', CommandTimeout='30']
SELECT `d`.`Id`, `d`.`Bactrology`, `d`.`Basic_Salt`, `d`.`Created_At`, `d`.`Description`, `d`.`Details`, `d`.`Dosage`, `d`.`Dose_No`, `d`.`Form`, `d`.`Is_Delete`, `d`.`Medicine_Brand_Id`, `d`.`Medicine_Category_Id`, `d`.`Medicine_Company`, `d`.`Medicine_Composition`, `d`.`Medicine_Group`, `d`.`Medicine_Image`, `d`.`Medicine_Name`, `d`.`Medicine_Type`, `d`.`Min_Level`, `d`.`Note`, `d`.`Reorder_Level`, `d`.`Safety_Alerts`, `d`.`Status`, `d`.`Supplier`, `d`.`Unit`, `d`.`Unit_Packing`, `d`.`Updated_At`, `d`.`User_Id`, `d`.`Vat`, `d`.`Vat_Ac`
FROM `Drugs` AS `d`
WHERE (`d`.`User_Id` = @__p_0) AND (`d`.`Is_Delete` = 0)
2023-09-17 23:23:00.832 +05:30  INF  Executed action DCRM.Api.Controllers.DrugController.GetAllAsync (DCRM.Api) in 45.678ms
2023-09-17 23:23:00.832 +05:30  INF  Executed endpoint 'DCRM.Api.Controllers.DrugController.GetAllAsync (DCRM.Api)'
2023-09-17 23:23:00.833 +05:30  INF  Request finished HTTP/2 GET https://localhost:7069/api/Drug/GateAll - - - 200 - application/json;+charset=utf-8 46.7622ms
2023-09-17 23:23:23.210 +05:30  INF  Request starting HTTP/2 GET https://localhost:7069/api/Drug/GateAll - -
2023-09-17 23:23:23.210 +05:30  INF  CORS policy execution successful.
2023-09-17 23:23:23.211 +05:30  INF  Executing endpoint 'DCRM.Api.Controllers.DrugController.GetAllAsync (DCRM.Api)'
2023-09-17 23:23:23.211 +05:30  INF  Route matched with {action = "GetAll", controller = "Drug"}. Executing controller action with signature System.Threading.Tasks.Task`1[System.Collections.Generic.IEnumerable`1[DCRM.Common.Entity.Drug]] GetAllAsync() on controller DCRM.Api.Controllers.DrugController (DCRM.Api).
2023-09-17 23:23:23.211 +05:30  INF  Executing ObjectResult, writing value of type 'Microsoft.EntityFrameworkCore.Query.Internal.EntityQueryable`1[[DCRM.Common.Entity.Drug, DCRM.Common, Version=1.0.0.0, Culture=neutral, PublicKeyToken=null]]'.
2023-09-17 23:23:23.216 +05:30  INF  Executed DbCommand (2ms) [Parameters=[@__p_0='?' (DbType = Int64)], CommandType='"Text"', CommandTimeout='30']
SELECT `d`.`Id`, `d`.`Bactrology`, `d`.`Basic_Salt`, `d`.`Created_At`, `d`.`Description`, `d`.`Details`, `d`.`Dosage`, `d`.`Dose_No`, `d`.`Form`, `d`.`Is_Delete`, `d`.`Medicine_Brand_Id`, `d`.`Medicine_Category_Id`, `d`.`Medicine_Company`, `d`.`Medicine_Composition`, `d`.`Medicine_Group`, `d`.`Medicine_Image`, `d`.`Medicine_Name`, `d`.`Medicine_Type`, `d`.`Min_Level`, `d`.`Note`, `d`.`Reorder_Level`, `d`.`Safety_Alerts`, `d`.`Status`, `d`.`Supplier`, `d`.`Unit`, `d`.`Unit_Packing`, `d`.`Updated_At`, `d`.`User_Id`, `d`.`Vat`, `d`.`Vat_Ac`
FROM `Drugs` AS `d`
WHERE (`d`.`User_Id` = @__p_0) AND (`d`.`Is_Delete` = 0)
2023-09-17 23:23:23.225 +05:30  INF  Executed action DCRM.Api.Controllers.DrugController.GetAllAsync (DCRM.Api) in 14.1951ms
2023-09-17 23:23:23.225 +05:30  INF  Executed endpoint 'DCRM.Api.Controllers.DrugController.GetAllAsync (DCRM.Api)'
2023-09-17 23:23:23.225 +05:30  INF  Request finished HTTP/2 GET https://localhost:7069/api/Drug/GateAll - - - 200 - application/json;+charset=utf-8 15.3562ms
2023-09-17 23:23:41.214 +05:30  INF  Request starting HTTP/2 GET https://localhost:7069/api/Drug/GateAll - -
2023-09-17 23:23:41.214 +05:30  INF  CORS policy execution successful.
2023-09-17 23:23:41.214 +05:30  INF  Executing endpoint 'DCRM.Api.Controllers.DrugController.GetAllAsync (DCRM.Api)'
2023-09-17 23:23:41.214 +05:30  INF  Route matched with {action = "GetAll", controller = "Drug"}. Executing controller action with signature System.Threading.Tasks.Task`1[System.Collections.Generic.IEnumerable`1[DCRM.Common.Entity.Drug]] GetAllAsync() on controller DCRM.Api.Controllers.DrugController (DCRM.Api).
2023-09-17 23:23:41.215 +05:30  INF  Executing ObjectResult, writing value of type 'Microsoft.EntityFrameworkCore.Query.Internal.EntityQueryable`1[[DCRM.Common.Entity.Drug, DCRM.Common, Version=1.0.0.0, Culture=neutral, PublicKeyToken=null]]'.
2023-09-17 23:23:41.227 +05:30  INF  Executed DbCommand (4ms) [Parameters=[@__p_0='?' (DbType = Int64)], CommandType='"Text"', CommandTimeout='30']
SELECT `d`.`Id`, `d`.`Bactrology`, `d`.`Basic_Salt`, `d`.`Created_At`, `d`.`Description`, `d`.`Details`, `d`.`Dosage`, `d`.`Dose_No`, `d`.`Form`, `d`.`Is_Delete`, `d`.`Medicine_Brand_Id`, `d`.`Medicine_Category_Id`, `d`.`Medicine_Company`, `d`.`Medicine_Composition`, `d`.`Medicine_Group`, `d`.`Medicine_Image`, `d`.`Medicine_Name`, `d`.`Medicine_Type`, `d`.`Min_Level`, `d`.`Note`, `d`.`Reorder_Level`, `d`.`Safety_Alerts`, `d`.`Status`, `d`.`Supplier`, `d`.`Unit`, `d`.`Unit_Packing`, `d`.`Updated_At`, `d`.`User_Id`, `d`.`Vat`, `d`.`Vat_Ac`
FROM `Drugs` AS `d`
WHERE (`d`.`User_Id` = @__p_0) AND (`d`.`Is_Delete` = 0)
2023-09-17 23:23:41.258 +05:30  INF  Executed action DCRM.Api.Controllers.DrugController.GetAllAsync (DCRM.Api) in 43.5117ms
2023-09-17 23:23:41.258 +05:30  INF  Executed endpoint 'DCRM.Api.Controllers.DrugController.GetAllAsync (DCRM.Api)'
2023-09-17 23:23:41.258 +05:30  INF  Request finished HTTP/2 GET https://localhost:7069/api/Drug/GateAll - - - 200 - application/json;+charset=utf-8 44.8738ms
2023-09-17 23:23:46.978 +05:30  INF  Request starting HTTP/2 GET https://localhost:7069/api/Drug/GateAll - -
2023-09-17 23:23:46.978 +05:30  INF  CORS policy execution successful.
2023-09-17 23:23:46.979 +05:30  INF  Executing endpoint 'DCRM.Api.Controllers.DrugController.GetAllAsync (DCRM.Api)'
2023-09-17 23:23:46.979 +05:30  INF  Route matched with {action = "GetAll", controller = "Drug"}. Executing controller action with signature System.Threading.Tasks.Task`1[System.Collections.Generic.IEnumerable`1[DCRM.Common.Entity.Drug]] GetAllAsync() on controller DCRM.Api.Controllers.DrugController (DCRM.Api).
2023-09-17 23:23:46.980 +05:30  INF  Executing ObjectResult, writing value of type 'Microsoft.EntityFrameworkCore.Query.Internal.EntityQueryable`1[[DCRM.Common.Entity.Drug, DCRM.Common, Version=1.0.0.0, Culture=neutral, PublicKeyToken=null]]'.
2023-09-17 23:23:46.997 +05:30  INF  Executed DbCommand (11ms) [Parameters=[@__p_0='?' (DbType = Int64)], CommandType='"Text"', CommandTimeout='30']
SELECT `d`.`Id`, `d`.`Bactrology`, `d`.`Basic_Salt`, `d`.`Created_At`, `d`.`Description`, `d`.`Details`, `d`.`Dosage`, `d`.`Dose_No`, `d`.`Form`, `d`.`Is_Delete`, `d`.`Medicine_Brand_Id`, `d`.`Medicine_Category_Id`, `d`.`Medicine_Company`, `d`.`Medicine_Composition`, `d`.`Medicine_Group`, `d`.`Medicine_Image`, `d`.`Medicine_Name`, `d`.`Medicine_Type`, `d`.`Min_Level`, `d`.`Note`, `d`.`Reorder_Level`, `d`.`Safety_Alerts`, `d`.`Status`, `d`.`Supplier`, `d`.`Unit`, `d`.`Unit_Packing`, `d`.`Updated_At`, `d`.`User_Id`, `d`.`Vat`, `d`.`Vat_Ac`
FROM `Drugs` AS `d`
WHERE (`d`.`User_Id` = @__p_0) AND (`d`.`Is_Delete` = 0)
2023-09-17 23:23:47.026 +05:30  INF  Executed action DCRM.Api.Controllers.DrugController.GetAllAsync (DCRM.Api) in 46.7175ms
2023-09-17 23:23:47.026 +05:30  INF  Executed endpoint 'DCRM.Api.Controllers.DrugController.GetAllAsync (DCRM.Api)'
2023-09-17 23:23:47.026 +05:30  INF  Request finished HTTP/2 GET https://localhost:7069/api/Drug/GateAll - - - 200 - application/json;+charset=utf-8 48.8968ms
2023-09-17 23:27:32.000 +05:30  INF  Request starting HTTP/2 GET https://localhost:7069/api/Drug/GateAll - -
2023-09-17 23:27:32.001 +05:30  INF  CORS policy execution successful.
2023-09-17 23:27:32.003 +05:30  INF  Executing endpoint 'DCRM.Api.Controllers.DrugController.GetAllAsync (DCRM.Api)'
2023-09-17 23:27:32.003 +05:30  INF  Route matched with {action = "GetAll", controller = "Drug"}. Executing controller action with signature System.Threading.Tasks.Task`1[System.Collections.Generic.IEnumerable`1[DCRM.Common.Entity.Drug]] GetAllAsync() on controller DCRM.Api.Controllers.DrugController (DCRM.Api).
2023-09-17 23:27:32.003 +05:30  INF  Executing ObjectResult, writing value of type 'Microsoft.EntityFrameworkCore.Query.Internal.EntityQueryable`1[[DCRM.Common.Entity.Drug, DCRM.Common, Version=1.0.0.0, Culture=neutral, PublicKeyToken=null]]'.
2023-09-17 23:27:32.291 +05:30  INF  Executed DbCommand (7ms) [Parameters=[@__p_0='?' (DbType = Int64)], CommandType='"Text"', CommandTimeout='30']
SELECT `d`.`Id`, `d`.`Bactrology`, `d`.`Basic_Salt`, `d`.`Created_At`, `d`.`Description`, `d`.`Details`, `d`.`Dosage`, `d`.`Dose_No`, `d`.`Form`, `d`.`Is_Delete`, `d`.`Medicine_Brand_Id`, `d`.`Medicine_Category_Id`, `d`.`Medicine_Company`, `d`.`Medicine_Composition`, `d`.`Medicine_Group`, `d`.`Medicine_Image`, `d`.`Medicine_Name`, `d`.`Medicine_Type`, `d`.`Min_Level`, `d`.`Note`, `d`.`Reorder_Level`, `d`.`Safety_Alerts`, `d`.`Status`, `d`.`Supplier`, `d`.`Unit`, `d`.`Unit_Packing`, `d`.`Updated_At`, `d`.`User_Id`, `d`.`Vat`, `d`.`Vat_Ac`
FROM `Drugs` AS `d`
WHERE (`d`.`User_Id` = @__p_0) AND (`d`.`Is_Delete` = 0)
2023-09-17 23:27:32.299 +05:30  INF  Executed action DCRM.Api.Controllers.DrugController.GetAllAsync (DCRM.Api) in 296.1461ms
2023-09-17 23:27:32.300 +05:30  INF  Executed endpoint 'DCRM.Api.Controllers.DrugController.GetAllAsync (DCRM.Api)'
2023-09-17 23:27:32.300 +05:30  INF  Request finished HTTP/2 GET https://localhost:7069/api/Drug/GateAll - - - 200 - application/json;+charset=utf-8 300.0170ms
2023-09-17 23:28:20.190 +05:30  INF  Request starting HTTP/2 GET https://localhost:7069/api/Drug/GateAll - -
2023-09-17 23:28:20.190 +05:30  INF  CORS policy execution successful.
2023-09-17 23:28:20.190 +05:30  INF  Executing endpoint 'DCRM.Api.Controllers.DrugController.GetAllAsync (DCRM.Api)'
2023-09-17 23:28:20.190 +05:30  INF  Route matched with {action = "GetAll", controller = "Drug"}. Executing controller action with signature System.Threading.Tasks.Task`1[System.Collections.Generic.IEnumerable`1[DCRM.Common.Entity.Drug]] GetAllAsync() on controller DCRM.Api.Controllers.DrugController (DCRM.Api).
2023-09-17 23:28:20.191 +05:30  INF  Executing ObjectResult, writing value of type 'Microsoft.EntityFrameworkCore.Query.Internal.EntityQueryable`1[[DCRM.Common.Entity.Drug, DCRM.Common, Version=1.0.0.0, Culture=neutral, PublicKeyToken=null]]'.
2023-09-17 23:28:20.196 +05:30  INF  Executed DbCommand (2ms) [Parameters=[@__p_0='?' (DbType = Int64)], CommandType='"Text"', CommandTimeout='30']
SELECT `d`.`Id`, `d`.`Bactrology`, `d`.`Basic_Salt`, `d`.`Created_At`, `d`.`Description`, `d`.`Details`, `d`.`Dosage`, `d`.`Dose_No`, `d`.`Form`, `d`.`Is_Delete`, `d`.`Medicine_Brand_Id`, `d`.`Medicine_Category_Id`, `d`.`Medicine_Company`, `d`.`Medicine_Composition`, `d`.`Medicine_Group`, `d`.`Medicine_Image`, `d`.`Medicine_Name`, `d`.`Medicine_Type`, `d`.`Min_Level`, `d`.`Note`, `d`.`Reorder_Level`, `d`.`Safety_Alerts`, `d`.`Status`, `d`.`Supplier`, `d`.`Unit`, `d`.`Unit_Packing`, `d`.`Updated_At`, `d`.`User_Id`, `d`.`Vat`, `d`.`Vat_Ac`
FROM `Drugs` AS `d`
WHERE (`d`.`User_Id` = @__p_0) AND (`d`.`Is_Delete` = 0)
2023-09-17 23:28:20.248 +05:30  INF  Executed action DCRM.Api.Controllers.DrugController.GetAllAsync (DCRM.Api) in 57.0796ms
2023-09-17 23:28:20.248 +05:30  INF  Executed endpoint 'DCRM.Api.Controllers.DrugController.GetAllAsync (DCRM.Api)'
2023-09-17 23:28:20.248 +05:30  INF  Request finished HTTP/2 GET https://localhost:7069/api/Drug/GateAll - - - 200 - application/json;+charset=utf-8 58.8265ms
2023-09-17 23:28:47.266 +05:30  INF  Request starting HTTP/2 GET https://localhost:7069/api/Drug/GateAll - -
2023-09-17 23:28:47.267 +05:30  INF  CORS policy execution successful.
2023-09-17 23:28:47.267 +05:30  INF  Executing endpoint 'DCRM.Api.Controllers.DrugController.GetAllAsync (DCRM.Api)'
2023-09-17 23:28:47.267 +05:30  INF  Route matched with {action = "GetAll", controller = "Drug"}. Executing controller action with signature System.Threading.Tasks.Task`1[System.Collections.Generic.IEnumerable`1[DCRM.Common.Entity.Drug]] GetAllAsync() on controller DCRM.Api.Controllers.DrugController (DCRM.Api).
2023-09-17 23:28:47.268 +05:30  INF  Executing ObjectResult, writing value of type 'Microsoft.EntityFrameworkCore.Query.Internal.EntityQueryable`1[[DCRM.Common.Entity.Drug, DCRM.Common, Version=1.0.0.0, Culture=neutral, PublicKeyToken=null]]'.
2023-09-17 23:28:47.273 +05:30  INF  Executed DbCommand (2ms) [Parameters=[@__p_0='?' (DbType = Int64)], CommandType='"Text"', CommandTimeout='30']
SELECT `d`.`Id`, `d`.`Bactrology`, `d`.`Basic_Salt`, `d`.`Created_At`, `d`.`Description`, `d`.`Details`, `d`.`Dosage`, `d`.`Dose_No`, `d`.`Form`, `d`.`Is_Delete`, `d`.`Medicine_Brand_Id`, `d`.`Medicine_Category_Id`, `d`.`Medicine_Company`, `d`.`Medicine_Composition`, `d`.`Medicine_Group`, `d`.`Medicine_Image`, `d`.`Medicine_Name`, `d`.`Medicine_Type`, `d`.`Min_Level`, `d`.`Note`, `d`.`Reorder_Level`, `d`.`Safety_Alerts`, `d`.`Status`, `d`.`Supplier`, `d`.`Unit`, `d`.`Unit_Packing`, `d`.`Updated_At`, `d`.`User_Id`, `d`.`Vat`, `d`.`Vat_Ac`
FROM `Drugs` AS `d`
WHERE (`d`.`User_Id` = @__p_0) AND (`d`.`Is_Delete` = 0)
2023-09-17 23:28:47.285 +05:30  INF  Executed action DCRM.Api.Controllers.DrugController.GetAllAsync (DCRM.Api) in 17.1983ms
2023-09-17 23:28:47.285 +05:30  INF  Executed endpoint 'DCRM.Api.Controllers.DrugController.GetAllAsync (DCRM.Api)'
2023-09-17 23:28:47.285 +05:30  INF  Request finished HTTP/2 GET https://localhost:7069/api/Drug/GateAll - - - 200 - application/json;+charset=utf-8 18.8092ms
2023-09-17 23:28:54.553 +05:30  INF  Request starting HTTP/2 GET https://localhost:7069/api/Drug/GateAll - -
2023-09-17 23:28:54.553 +05:30  INF  CORS policy execution successful.
2023-09-17 23:28:54.554 +05:30  INF  Executing endpoint 'DCRM.Api.Controllers.DrugController.GetAllAsync (DCRM.Api)'
2023-09-17 23:28:54.554 +05:30  INF  Route matched with {action = "GetAll", controller = "Drug"}. Executing controller action with signature System.Threading.Tasks.Task`1[System.Collections.Generic.IEnumerable`1[DCRM.Common.Entity.Drug]] GetAllAsync() on controller DCRM.Api.Controllers.DrugController (DCRM.Api).
2023-09-17 23:28:54.554 +05:30  INF  Executing ObjectResult, writing value of type 'Microsoft.EntityFrameworkCore.Query.Internal.EntityQueryable`1[[DCRM.Common.Entity.Drug, DCRM.Common, Version=1.0.0.0, Culture=neutral, PublicKeyToken=null]]'.
2023-09-17 23:28:54.571 +05:30  INF  Executed DbCommand (11ms) [Parameters=[@__p_0='?' (DbType = Int64)], CommandType='"Text"', CommandTimeout='30']
SELECT `d`.`Id`, `d`.`Bactrology`, `d`.`Basic_Salt`, `d`.`Created_At`, `d`.`Description`, `d`.`Details`, `d`.`Dosage`, `d`.`Dose_No`, `d`.`Form`, `d`.`Is_Delete`, `d`.`Medicine_Brand_Id`, `d`.`Medicine_Category_Id`, `d`.`Medicine_Company`, `d`.`Medicine_Composition`, `d`.`Medicine_Group`, `d`.`Medicine_Image`, `d`.`Medicine_Name`, `d`.`Medicine_Type`, `d`.`Min_Level`, `d`.`Note`, `d`.`Reorder_Level`, `d`.`Safety_Alerts`, `d`.`Status`, `d`.`Supplier`, `d`.`Unit`, `d`.`Unit_Packing`, `d`.`Updated_At`, `d`.`User_Id`, `d`.`Vat`, `d`.`Vat_Ac`
FROM `Drugs` AS `d`
WHERE (`d`.`User_Id` = @__p_0) AND (`d`.`Is_Delete` = 0)
2023-09-17 23:28:54.599 +05:30  INF  Executed action DCRM.Api.Controllers.DrugController.GetAllAsync (DCRM.Api) in 45.564ms
2023-09-17 23:28:54.599 +05:30  INF  Executed endpoint 'DCRM.Api.Controllers.DrugController.GetAllAsync (DCRM.Api)'
2023-09-17 23:28:54.600 +05:30  INF  Request finished HTTP/2 GET https://localhost:7069/api/Drug/GateAll - - - 200 - application/json;+charset=utf-8 47.0782ms
2023-09-17 23:32:12.795 +05:30  INF  Request starting HTTP/2 GET https://localhost:7069/api/Drug/GateAll - -
2023-09-17 23:32:12.795 +05:30  INF  CORS policy execution successful.
2023-09-17 23:32:12.831 +05:30  INF  Executing endpoint 'DCRM.Api.Controllers.DrugController.GetAllAsync (DCRM.Api)'
2023-09-17 23:32:12.831 +05:30  INF  Route matched with {action = "GetAll", controller = "Drug"}. Executing controller action with signature System.Threading.Tasks.Task`1[System.Collections.Generic.IEnumerable`1[DCRM.Common.Entity.Drug]] GetAllAsync() on controller DCRM.Api.Controllers.DrugController (DCRM.Api).
2023-09-17 23:32:12.831 +05:30  INF  Executing ObjectResult, writing value of type 'Microsoft.EntityFrameworkCore.Query.Internal.EntityQueryable`1[[DCRM.Common.Entity.Drug, DCRM.Common, Version=1.0.0.0, Culture=neutral, PublicKeyToken=null]]'.
2023-09-17 23:32:12.839 +05:30  INF  Executed DbCommand (2ms) [Parameters=[@__p_0='?' (DbType = Int64)], CommandType='"Text"', CommandTimeout='30']
SELECT `d`.`Id`, `d`.`Bactrology`, `d`.`Basic_Salt`, `d`.`Created_At`, `d`.`Description`, `d`.`Details`, `d`.`Dosage`, `d`.`Dose_No`, `d`.`Form`, `d`.`Is_Delete`, `d`.`Medicine_Brand_Id`, `d`.`Medicine_Category_Id`, `d`.`Medicine_Company`, `d`.`Medicine_Composition`, `d`.`Medicine_Group`, `d`.`Medicine_Image`, `d`.`Medicine_Name`, `d`.`Medicine_Type`, `d`.`Min_Level`, `d`.`Note`, `d`.`Reorder_Level`, `d`.`Safety_Alerts`, `d`.`Status`, `d`.`Supplier`, `d`.`Unit`, `d`.`Unit_Packing`, `d`.`Updated_At`, `d`.`User_Id`, `d`.`Vat`, `d`.`Vat_Ac`
FROM `Drugs` AS `d`
WHERE (`d`.`User_Id` = @__p_0) AND (`d`.`Is_Delete` = 0)
2023-09-17 23:32:12.847 +05:30  INF  Executed action DCRM.Api.Controllers.DrugController.GetAllAsync (DCRM.Api) in 16.4206ms
2023-09-17 23:32:12.847 +05:30  INF  Executed endpoint 'DCRM.Api.Controllers.DrugController.GetAllAsync (DCRM.Api)'
2023-09-17 23:32:12.848 +05:30  INF  Request finished HTTP/2 GET https://localhost:7069/api/Drug/GateAll - - - 200 - application/json;+charset=utf-8 52.5146ms
2023-09-17 23:33:36.775 +05:30  INF  Request starting HTTP/2 GET https://localhost:7069/api/Drug/GateAll - -
2023-09-17 23:33:36.775 +05:30  INF  CORS policy execution successful.
2023-09-17 23:33:36.775 +05:30  INF  Executing endpoint 'DCRM.Api.Controllers.DrugController.GetAllAsync (DCRM.Api)'
2023-09-17 23:33:36.775 +05:30  INF  Route matched with {action = "GetAll", controller = "Drug"}. Executing controller action with signature System.Threading.Tasks.Task`1[System.Collections.Generic.IEnumerable`1[DCRM.Common.Entity.Drug]] GetAllAsync() on controller DCRM.Api.Controllers.DrugController (DCRM.Api).
2023-09-17 23:33:36.776 +05:30  INF  Executing ObjectResult, writing value of type 'Microsoft.EntityFrameworkCore.Query.Internal.EntityQueryable`1[[DCRM.Common.Entity.Drug, DCRM.Common, Version=1.0.0.0, Culture=neutral, PublicKeyToken=null]]'.
2023-09-17 23:33:36.780 +05:30  INF  Executed DbCommand (2ms) [Parameters=[@__p_0='?' (DbType = Int64)], CommandType='"Text"', CommandTimeout='30']
SELECT `d`.`Id`, `d`.`Bactrology`, `d`.`Basic_Salt`, `d`.`Created_At`, `d`.`Description`, `d`.`Details`, `d`.`Dosage`, `d`.`Dose_No`, `d`.`Form`, `d`.`Is_Delete`, `d`.`Medicine_Brand_Id`, `d`.`Medicine_Category_Id`, `d`.`Medicine_Company`, `d`.`Medicine_Composition`, `d`.`Medicine_Group`, `d`.`Medicine_Image`, `d`.`Medicine_Name`, `d`.`Medicine_Type`, `d`.`Min_Level`, `d`.`Note`, `d`.`Reorder_Level`, `d`.`Safety_Alerts`, `d`.`Status`, `d`.`Supplier`, `d`.`Unit`, `d`.`Unit_Packing`, `d`.`Updated_At`, `d`.`User_Id`, `d`.`Vat`, `d`.`Vat_Ac`
FROM `Drugs` AS `d`
WHERE (`d`.`User_Id` = @__p_0) AND (`d`.`Is_Delete` = 0)
2023-09-17 23:33:36.788 +05:30  INF  Executed action DCRM.Api.Controllers.DrugController.GetAllAsync (DCRM.Api) in 12.0661ms
2023-09-17 23:33:36.788 +05:30  INF  Executed endpoint 'DCRM.Api.Controllers.DrugController.GetAllAsync (DCRM.Api)'
2023-09-17 23:33:36.788 +05:30  INF  Request finished HTTP/2 GET https://localhost:7069/api/Drug/GateAll - - - 200 - application/json;+charset=utf-8 13.1793ms
2023-09-17 23:34:47.361 +05:30  INF  Request starting HTTP/2 GET https://localhost:7069/api/Drug/GateAll - -
2023-09-17 23:34:47.361 +05:30  INF  CORS policy execution successful.
2023-09-17 23:34:47.394 +05:30  INF  Executing endpoint 'DCRM.Api.Controllers.DrugController.GetAllAsync (DCRM.Api)'
2023-09-17 23:34:47.395 +05:30  INF  Route matched with {action = "GetAll", controller = "Drug"}. Executing controller action with signature System.Threading.Tasks.Task`1[System.Collections.Generic.IEnumerable`1[DCRM.Common.Entity.Drug]] GetAllAsync() on controller DCRM.Api.Controllers.DrugController (DCRM.Api).
2023-09-17 23:34:47.398 +05:30  INF  Executing ObjectResult, writing value of type 'Microsoft.EntityFrameworkCore.Query.Internal.EntityQueryable`1[[DCRM.Common.Entity.Drug, DCRM.Common, Version=1.0.0.0, Culture=neutral, PublicKeyToken=null]]'.
2023-09-17 23:34:47.419 +05:30  INF  Executed DbCommand (3ms) [Parameters=[@__p_0='?' (DbType = Int64)], CommandType='"Text"', CommandTimeout='30']
SELECT `d`.`Id`, `d`.`Bactrology`, `d`.`Basic_Salt`, `d`.`Created_At`, `d`.`Description`, `d`.`Details`, `d`.`Dosage`, `d`.`Dose_No`, `d`.`Form`, `d`.`Is_Delete`, `d`.`Medicine_Brand_Id`, `d`.`Medicine_Category_Id`, `d`.`Medicine_Company`, `d`.`Medicine_Composition`, `d`.`Medicine_Group`, `d`.`Medicine_Image`, `d`.`Medicine_Name`, `d`.`Medicine_Type`, `d`.`Min_Level`, `d`.`Note`, `d`.`Reorder_Level`, `d`.`Safety_Alerts`, `d`.`Status`, `d`.`Supplier`, `d`.`Unit`, `d`.`Unit_Packing`, `d`.`Updated_At`, `d`.`User_Id`, `d`.`Vat`, `d`.`Vat_Ac`
FROM `Drugs` AS `d`
WHERE (`d`.`User_Id` = @__p_0) AND (`d`.`Is_Delete` = 0)
2023-09-17 23:34:47.449 +05:30  INF  Executed action DCRM.Api.Controllers.DrugController.GetAllAsync (DCRM.Api) in 52.1323ms
2023-09-17 23:34:47.449 +05:30  INF  Executed endpoint 'DCRM.Api.Controllers.DrugController.GetAllAsync (DCRM.Api)'
2023-09-17 23:34:47.450 +05:30  INF  Request finished HTTP/2 GET https://localhost:7069/api/Drug/GateAll - - - 200 - application/json;+charset=utf-8 88.5609ms
2023-09-17 23:35:13.642 +05:30  INF  Request starting HTTP/2 GET https://localhost:7069/api/Drug/GateAll - -
2023-09-17 23:35:13.643 +05:30  INF  CORS policy execution successful.
2023-09-17 23:35:13.644 +05:30  INF  Executing endpoint 'DCRM.Api.Controllers.DrugController.GetAllAsync (DCRM.Api)'
2023-09-17 23:35:13.645 +05:30  INF  Route matched with {action = "GetAll", controller = "Drug"}. Executing controller action with signature System.Threading.Tasks.Task`1[System.Collections.Generic.IEnumerable`1[DCRM.Common.Entity.Drug]] GetAllAsync() on controller DCRM.Api.Controllers.DrugController (DCRM.Api).
2023-09-17 23:35:13.645 +05:30  INF  Executing ObjectResult, writing value of type 'Microsoft.EntityFrameworkCore.Query.Internal.EntityQueryable`1[[DCRM.Common.Entity.Drug, DCRM.Common, Version=1.0.0.0, Culture=neutral, PublicKeyToken=null]]'.
2023-09-17 23:35:13.662 +05:30  INF  Executed DbCommand (2ms) [Parameters=[@__p_0='?' (DbType = Int64)], CommandType='"Text"', CommandTimeout='30']
SELECT `d`.`Id`, `d`.`Bactrology`, `d`.`Basic_Salt`, `d`.`Created_At`, `d`.`Description`, `d`.`Details`, `d`.`Dosage`, `d`.`Dose_No`, `d`.`Form`, `d`.`Is_Delete`, `d`.`Medicine_Brand_Id`, `d`.`Medicine_Category_Id`, `d`.`Medicine_Company`, `d`.`Medicine_Composition`, `d`.`Medicine_Group`, `d`.`Medicine_Image`, `d`.`Medicine_Name`, `d`.`Medicine_Type`, `d`.`Min_Level`, `d`.`Note`, `d`.`Reorder_Level`, `d`.`Safety_Alerts`, `d`.`Status`, `d`.`Supplier`, `d`.`Unit`, `d`.`Unit_Packing`, `d`.`Updated_At`, `d`.`User_Id`, `d`.`Vat`, `d`.`Vat_Ac`
FROM `Drugs` AS `d`
WHERE (`d`.`User_Id` = @__p_0) AND (`d`.`Is_Delete` = 0)
2023-09-17 23:35:13.679 +05:30  INF  Executed action DCRM.Api.Controllers.DrugController.GetAllAsync (DCRM.Api) in 34.8994ms
2023-09-17 23:35:13.680 +05:30  INF  Executed endpoint 'DCRM.Api.Controllers.DrugController.GetAllAsync (DCRM.Api)'
2023-09-17 23:35:13.680 +05:30  INF  Request finished HTTP/2 GET https://localhost:7069/api/Drug/GateAll - - - 200 - application/json;+charset=utf-8 37.4563ms
2023-09-17 23:35:27.147 +05:30  INF  Request starting HTTP/2 GET https://localhost:7069/api/Drug/GateAll - -
2023-09-17 23:35:27.147 +05:30  INF  CORS policy execution successful.
2023-09-17 23:35:27.148 +05:30  INF  Executing endpoint 'DCRM.Api.Controllers.DrugController.GetAllAsync (DCRM.Api)'
2023-09-17 23:35:27.148 +05:30  INF  Route matched with {action = "GetAll", controller = "Drug"}. Executing controller action with signature System.Threading.Tasks.Task`1[System.Collections.Generic.IEnumerable`1[DCRM.Common.Entity.Drug]] GetAllAsync() on controller DCRM.Api.Controllers.DrugController (DCRM.Api).
2023-09-17 23:35:27.148 +05:30  INF  Executing ObjectResult, writing value of type 'Microsoft.EntityFrameworkCore.Query.Internal.EntityQueryable`1[[DCRM.Common.Entity.Drug, DCRM.Common, Version=1.0.0.0, Culture=neutral, PublicKeyToken=null]]'.
2023-09-17 23:35:27.159 +05:30  INF  Executed DbCommand (7ms) [Parameters=[@__p_0='?' (DbType = Int64)], CommandType='"Text"', CommandTimeout='30']
SELECT `d`.`Id`, `d`.`Bactrology`, `d`.`Basic_Salt`, `d`.`Created_At`, `d`.`Description`, `d`.`Details`, `d`.`Dosage`, `d`.`Dose_No`, `d`.`Form`, `d`.`Is_Delete`, `d`.`Medicine_Brand_Id`, `d`.`Medicine_Category_Id`, `d`.`Medicine_Company`, `d`.`Medicine_Composition`, `d`.`Medicine_Group`, `d`.`Medicine_Image`, `d`.`Medicine_Name`, `d`.`Medicine_Type`, `d`.`Min_Level`, `d`.`Note`, `d`.`Reorder_Level`, `d`.`Safety_Alerts`, `d`.`Status`, `d`.`Supplier`, `d`.`Unit`, `d`.`Unit_Packing`, `d`.`Updated_At`, `d`.`User_Id`, `d`.`Vat`, `d`.`Vat_Ac`
FROM `Drugs` AS `d`
WHERE (`d`.`User_Id` = @__p_0) AND (`d`.`Is_Delete` = 0)
2023-09-17 23:35:27.197 +05:30  INF  Executed action DCRM.Api.Controllers.DrugController.GetAllAsync (DCRM.Api) in 48.7667ms
2023-09-17 23:35:27.197 +05:30  INF  Executed endpoint 'DCRM.Api.Controllers.DrugController.GetAllAsync (DCRM.Api)'
2023-09-17 23:35:27.197 +05:30  INF  Request finished HTTP/2 GET https://localhost:7069/api/Drug/GateAll - - - 200 - application/json;+charset=utf-8 50.4440ms
2023-09-17 23:35:47.449 +05:30  INF  Request starting HTTP/2 GET https://localhost:7069/api/Drug/GateAll - -
2023-09-17 23:35:47.450 +05:30  INF  CORS policy execution successful.
2023-09-17 23:35:47.450 +05:30  INF  Executing endpoint 'DCRM.Api.Controllers.DrugController.GetAllAsync (DCRM.Api)'
2023-09-17 23:35:47.450 +05:30  INF  Route matched with {action = "GetAll", controller = "Drug"}. Executing controller action with signature System.Threading.Tasks.Task`1[System.Collections.Generic.IEnumerable`1[DCRM.Common.Entity.Drug]] GetAllAsync() on controller DCRM.Api.Controllers.DrugController (DCRM.Api).
2023-09-17 23:35:47.451 +05:30  INF  Executing ObjectResult, writing value of type 'Microsoft.EntityFrameworkCore.Query.Internal.EntityQueryable`1[[DCRM.Common.Entity.Drug, DCRM.Common, Version=1.0.0.0, Culture=neutral, PublicKeyToken=null]]'.
2023-09-17 23:35:47.455 +05:30  INF  Executed DbCommand (1ms) [Parameters=[@__p_0='?' (DbType = Int64)], CommandType='"Text"', CommandTimeout='30']
SELECT `d`.`Id`, `d`.`Bactrology`, `d`.`Basic_Salt`, `d`.`Created_At`, `d`.`Description`, `d`.`Details`, `d`.`Dosage`, `d`.`Dose_No`, `d`.`Form`, `d`.`Is_Delete`, `d`.`Medicine_Brand_Id`, `d`.`Medicine_Category_Id`, `d`.`Medicine_Company`, `d`.`Medicine_Composition`, `d`.`Medicine_Group`, `d`.`Medicine_Image`, `d`.`Medicine_Name`, `d`.`Medicine_Type`, `d`.`Min_Level`, `d`.`Note`, `d`.`Reorder_Level`, `d`.`Safety_Alerts`, `d`.`Status`, `d`.`Supplier`, `d`.`Unit`, `d`.`Unit_Packing`, `d`.`Updated_At`, `d`.`User_Id`, `d`.`Vat`, `d`.`Vat_Ac`
FROM `Drugs` AS `d`
WHERE (`d`.`User_Id` = @__p_0) AND (`d`.`Is_Delete` = 0)
2023-09-17 23:35:47.464 +05:30  INF  Executed action DCRM.Api.Controllers.DrugController.GetAllAsync (DCRM.Api) in 13.1503ms
2023-09-17 23:35:47.464 +05:30  INF  Executed endpoint 'DCRM.Api.Controllers.DrugController.GetAllAsync (DCRM.Api)'
2023-09-17 23:35:47.464 +05:30  INF  Request finished HTTP/2 GET https://localhost:7069/api/Drug/GateAll - - - 200 - application/json;+charset=utf-8 14.5640ms
2023-09-17 23:37:48.770 +05:30  INF  Request starting HTTP/2 GET https://localhost:7069/api/Drug/GateAll - -
2023-09-17 23:37:48.771 +05:30  INF  CORS policy execution successful.
2023-09-17 23:37:48.772 +05:30  INF  Executing endpoint 'DCRM.Api.Controllers.DrugController.GetAllAsync (DCRM.Api)'
2023-09-17 23:37:48.772 +05:30  INF  Route matched with {action = "GetAll", controller = "Drug"}. Executing controller action with signature System.Threading.Tasks.Task`1[System.Collections.Generic.IEnumerable`1[DCRM.Common.Entity.Drug]] GetAllAsync() on controller DCRM.Api.Controllers.DrugController (DCRM.Api).
2023-09-17 23:37:48.772 +05:30  INF  Executing ObjectResult, writing value of type 'Microsoft.EntityFrameworkCore.Query.Internal.EntityQueryable`1[[DCRM.Common.Entity.Drug, DCRM.Common, Version=1.0.0.0, Culture=neutral, PublicKeyToken=null]]'.
2023-09-17 23:37:48.793 +05:30  INF  Executed DbCommand (14ms) [Parameters=[@__p_0='?' (DbType = Int64)], CommandType='"Text"', CommandTimeout='30']
SELECT `d`.`Id`, `d`.`Bactrology`, `d`.`Basic_Salt`, `d`.`Created_At`, `d`.`Description`, `d`.`Details`, `d`.`Dosage`, `d`.`Dose_No`, `d`.`Form`, `d`.`Is_Delete`, `d`.`Medicine_Brand_Id`, `d`.`Medicine_Category_Id`, `d`.`Medicine_Company`, `d`.`Medicine_Composition`, `d`.`Medicine_Group`, `d`.`Medicine_Image`, `d`.`Medicine_Name`, `d`.`Medicine_Type`, `d`.`Min_Level`, `d`.`Note`, `d`.`Reorder_Level`, `d`.`Safety_Alerts`, `d`.`Status`, `d`.`Supplier`, `d`.`Unit`, `d`.`Unit_Packing`, `d`.`Updated_At`, `d`.`User_Id`, `d`.`Vat`, `d`.`Vat_Ac`
FROM `Drugs` AS `d`
WHERE (`d`.`User_Id` = @__p_0) AND (`d`.`Is_Delete` = 0)
2023-09-17 23:37:48.816 +05:30  INF  Executed action DCRM.Api.Controllers.DrugController.GetAllAsync (DCRM.Api) in 44.354ms
2023-09-17 23:37:48.816 +05:30  INF  Executed endpoint 'DCRM.Api.Controllers.DrugController.GetAllAsync (DCRM.Api)'
2023-09-17 23:37:48.816 +05:30  INF  Request finished HTTP/2 GET https://localhost:7069/api/Drug/GateAll - - - 200 - application/json;+charset=utf-8 46.1309ms
2023-09-17 23:38:24.299 +05:30  INF  Request starting HTTP/2 GET https://localhost:7069/api/Drug/GateAll - -
2023-09-17 23:38:24.299 +05:30  INF  CORS policy execution successful.
2023-09-17 23:38:24.300 +05:30  INF  Executing endpoint 'DCRM.Api.Controllers.DrugController.GetAllAsync (DCRM.Api)'
2023-09-17 23:38:24.300 +05:30  INF  Route matched with {action = "GetAll", controller = "Drug"}. Executing controller action with signature System.Threading.Tasks.Task`1[System.Collections.Generic.IEnumerable`1[DCRM.Common.Entity.Drug]] GetAllAsync() on controller DCRM.Api.Controllers.DrugController (DCRM.Api).
2023-09-17 23:38:24.300 +05:30  INF  Executing ObjectResult, writing value of type 'Microsoft.EntityFrameworkCore.Query.Internal.EntityQueryable`1[[DCRM.Common.Entity.Drug, DCRM.Common, Version=1.0.0.0, Culture=neutral, PublicKeyToken=null]]'.
2023-09-17 23:38:24.307 +05:30  INF  Executed DbCommand (3ms) [Parameters=[@__p_0='?' (DbType = Int64)], CommandType='"Text"', CommandTimeout='30']
SELECT `d`.`Id`, `d`.`Bactrology`, `d`.`Basic_Salt`, `d`.`Created_At`, `d`.`Description`, `d`.`Details`, `d`.`Dosage`, `d`.`Dose_No`, `d`.`Form`, `d`.`Is_Delete`, `d`.`Medicine_Brand_Id`, `d`.`Medicine_Category_Id`, `d`.`Medicine_Company`, `d`.`Medicine_Composition`, `d`.`Medicine_Group`, `d`.`Medicine_Image`, `d`.`Medicine_Name`, `d`.`Medicine_Type`, `d`.`Min_Level`, `d`.`Note`, `d`.`Reorder_Level`, `d`.`Safety_Alerts`, `d`.`Status`, `d`.`Supplier`, `d`.`Unit`, `d`.`Unit_Packing`, `d`.`Updated_At`, `d`.`User_Id`, `d`.`Vat`, `d`.`Vat_Ac`
FROM `Drugs` AS `d`
WHERE (`d`.`User_Id` = @__p_0) AND (`d`.`Is_Delete` = 0)
2023-09-17 23:38:24.315 +05:30  INF  Executed action DCRM.Api.Controllers.DrugController.GetAllAsync (DCRM.Api) in 14.979ms
2023-09-17 23:38:24.315 +05:30  INF  Executed endpoint 'DCRM.Api.Controllers.DrugController.GetAllAsync (DCRM.Api)'
2023-09-17 23:38:24.315 +05:30  INF  Request finished HTTP/2 GET https://localhost:7069/api/Drug/GateAll - - - 200 - application/json;+charset=utf-8 16.3335ms
2023-09-17 23:38:40.916 +05:30  INF  Request starting HTTP/2 GET https://localhost:7069/api/Drug/GateAll - -
2023-09-17 23:38:40.917 +05:30  INF  CORS policy execution successful.
2023-09-17 23:38:40.917 +05:30  INF  Executing endpoint 'DCRM.Api.Controllers.DrugController.GetAllAsync (DCRM.Api)'
2023-09-17 23:38:40.917 +05:30  INF  Route matched with {action = "GetAll", controller = "Drug"}. Executing controller action with signature System.Threading.Tasks.Task`1[System.Collections.Generic.IEnumerable`1[DCRM.Common.Entity.Drug]] GetAllAsync() on controller DCRM.Api.Controllers.DrugController (DCRM.Api).
2023-09-17 23:38:40.917 +05:30  INF  Executing ObjectResult, writing value of type 'Microsoft.EntityFrameworkCore.Query.Internal.EntityQueryable`1[[DCRM.Common.Entity.Drug, DCRM.Common, Version=1.0.0.0, Culture=neutral, PublicKeyToken=null]]'.
2023-09-17 23:38:40.930 +05:30  INF  Executed DbCommand (9ms) [Parameters=[@__p_0='?' (DbType = Int64)], CommandType='"Text"', CommandTimeout='30']
SELECT `d`.`Id`, `d`.`Bactrology`, `d`.`Basic_Salt`, `d`.`Created_At`, `d`.`Description`, `d`.`Details`, `d`.`Dosage`, `d`.`Dose_No`, `d`.`Form`, `d`.`Is_Delete`, `d`.`Medicine_Brand_Id`, `d`.`Medicine_Category_Id`, `d`.`Medicine_Company`, `d`.`Medicine_Composition`, `d`.`Medicine_Group`, `d`.`Medicine_Image`, `d`.`Medicine_Name`, `d`.`Medicine_Type`, `d`.`Min_Level`, `d`.`Note`, `d`.`Reorder_Level`, `d`.`Safety_Alerts`, `d`.`Status`, `d`.`Supplier`, `d`.`Unit`, `d`.`Unit_Packing`, `d`.`Updated_At`, `d`.`User_Id`, `d`.`Vat`, `d`.`Vat_Ac`
FROM `Drugs` AS `d`
WHERE (`d`.`User_Id` = @__p_0) AND (`d`.`Is_Delete` = 0)
2023-09-17 23:38:40.960 +05:30  INF  Executed action DCRM.Api.Controllers.DrugController.GetAllAsync (DCRM.Api) in 42.9338ms
2023-09-17 23:38:40.960 +05:30  INF  Executed endpoint 'DCRM.Api.Controllers.DrugController.GetAllAsync (DCRM.Api)'
2023-09-17 23:38:40.960 +05:30  INF  Request finished HTTP/2 GET https://localhost:7069/api/Drug/GateAll - - - 200 - application/json;+charset=utf-8 44.1119ms
2023-09-17 23:39:13.301 +05:30  INF  Request starting HTTP/2 GET https://localhost:7069/api/Drug/GateAll - -
2023-09-17 23:39:13.301 +05:30  INF  CORS policy execution successful.
2023-09-17 23:39:13.303 +05:30  INF  Executing endpoint 'DCRM.Api.Controllers.DrugController.GetAllAsync (DCRM.Api)'
2023-09-17 23:39:13.305 +05:30  INF  Route matched with {action = "GetAll", controller = "Drug"}. Executing controller action with signature System.Threading.Tasks.Task`1[System.Collections.Generic.IEnumerable`1[DCRM.Common.Entity.Drug]] GetAllAsync() on controller DCRM.Api.Controllers.DrugController (DCRM.Api).
2023-09-17 23:39:13.306 +05:30  INF  Executing ObjectResult, writing value of type 'Microsoft.EntityFrameworkCore.Query.Internal.EntityQueryable`1[[DCRM.Common.Entity.Drug, DCRM.Common, Version=1.0.0.0, Culture=neutral, PublicKeyToken=null]]'.
2023-09-17 23:39:13.317 +05:30  INF  Executed DbCommand (2ms) [Parameters=[@__p_0='?' (DbType = Int64)], CommandType='"Text"', CommandTimeout='30']
SELECT `d`.`Id`, `d`.`Bactrology`, `d`.`Basic_Salt`, `d`.`Created_At`, `d`.`Description`, `d`.`Details`, `d`.`Dosage`, `d`.`Dose_No`, `d`.`Form`, `d`.`Is_Delete`, `d`.`Medicine_Brand_Id`, `d`.`Medicine_Category_Id`, `d`.`Medicine_Company`, `d`.`Medicine_Composition`, `d`.`Medicine_Group`, `d`.`Medicine_Image`, `d`.`Medicine_Name`, `d`.`Medicine_Type`, `d`.`Min_Level`, `d`.`Note`, `d`.`Reorder_Level`, `d`.`Safety_Alerts`, `d`.`Status`, `d`.`Supplier`, `d`.`Unit`, `d`.`Unit_Packing`, `d`.`Updated_At`, `d`.`User_Id`, `d`.`Vat`, `d`.`Vat_Ac`
FROM `Drugs` AS `d`
WHERE (`d`.`User_Id` = @__p_0) AND (`d`.`Is_Delete` = 0)
2023-09-17 23:39:13.359 +05:30  INF  Executed action DCRM.Api.Controllers.DrugController.GetAllAsync (DCRM.Api) in 52.9481ms
2023-09-17 23:39:13.359 +05:30  INF  Executed endpoint 'DCRM.Api.Controllers.DrugController.GetAllAsync (DCRM.Api)'
2023-09-17 23:39:13.359 +05:30  INF  Request finished HTTP/2 GET https://localhost:7069/api/Drug/GateAll - - - 200 - application/json;+charset=utf-8 58.2976ms
2023-09-17 23:39:52.650 +05:30  INF  Request starting HTTP/2 GET https://localhost:7069/api/Drug/GateAll - -
2023-09-17 23:39:52.650 +05:30  INF  CORS policy execution successful.
2023-09-17 23:39:52.653 +05:30  INF  Executing endpoint 'DCRM.Api.Controllers.DrugController.GetAllAsync (DCRM.Api)'
2023-09-17 23:39:52.653 +05:30  INF  Route matched with {action = "GetAll", controller = "Drug"}. Executing controller action with signature System.Threading.Tasks.Task`1[System.Collections.Generic.IEnumerable`1[DCRM.Common.Entity.Drug]] GetAllAsync() on controller DCRM.Api.Controllers.DrugController (DCRM.Api).
2023-09-17 23:39:52.654 +05:30  INF  Executing ObjectResult, writing value of type 'Microsoft.EntityFrameworkCore.Query.Internal.EntityQueryable`1[[DCRM.Common.Entity.Drug, DCRM.Common, Version=1.0.0.0, Culture=neutral, PublicKeyToken=null]]'.
2023-09-17 23:39:52.670 +05:30  INF  Executed DbCommand (7ms) [Parameters=[@__p_0='?' (DbType = Int64)], CommandType='"Text"', CommandTimeout='30']
SELECT `d`.`Id`, `d`.`Bactrology`, `d`.`Basic_Salt`, `d`.`Created_At`, `d`.`Description`, `d`.`Details`, `d`.`Dosage`, `d`.`Dose_No`, `d`.`Form`, `d`.`Is_Delete`, `d`.`Medicine_Brand_Id`, `d`.`Medicine_Category_Id`, `d`.`Medicine_Company`, `d`.`Medicine_Composition`, `d`.`Medicine_Group`, `d`.`Medicine_Image`, `d`.`Medicine_Name`, `d`.`Medicine_Type`, `d`.`Min_Level`, `d`.`Note`, `d`.`Reorder_Level`, `d`.`Safety_Alerts`, `d`.`Status`, `d`.`Supplier`, `d`.`Unit`, `d`.`Unit_Packing`, `d`.`Updated_At`, `d`.`User_Id`, `d`.`Vat`, `d`.`Vat_Ac`
FROM `Drugs` AS `d`
WHERE (`d`.`User_Id` = @__p_0) AND (`d`.`Is_Delete` = 0)
2023-09-17 23:39:52.704 +05:30  INF  Executed action DCRM.Api.Controllers.DrugController.GetAllAsync (DCRM.Api) in 50.2431ms
2023-09-17 23:39:52.704 +05:30  INF  Executed endpoint 'DCRM.Api.Controllers.DrugController.GetAllAsync (DCRM.Api)'
2023-09-17 23:39:52.704 +05:30  INF  Request finished HTTP/2 GET https://localhost:7069/api/Drug/GateAll - - - 200 - application/json;+charset=utf-8 54.0861ms
2023-09-17 23:40:15.680 +05:30  INF  Request starting HTTP/2 GET https://localhost:7069/api/Drug/GateAll - -
2023-09-17 23:40:15.680 +05:30  INF  CORS policy execution successful.
2023-09-17 23:40:15.680 +05:30  INF  Executing endpoint 'DCRM.Api.Controllers.DrugController.GetAllAsync (DCRM.Api)'
2023-09-17 23:40:15.680 +05:30  INF  Route matched with {action = "GetAll", controller = "Drug"}. Executing controller action with signature System.Threading.Tasks.Task`1[System.Collections.Generic.IEnumerable`1[DCRM.Common.Entity.Drug]] GetAllAsync() on controller DCRM.Api.Controllers.DrugController (DCRM.Api).
2023-09-17 23:40:15.680 +05:30  INF  Executing ObjectResult, writing value of type 'Microsoft.EntityFrameworkCore.Query.Internal.EntityQueryable`1[[DCRM.Common.Entity.Drug, DCRM.Common, Version=1.0.0.0, Culture=neutral, PublicKeyToken=null]]'.
2023-09-17 23:40:15.685 +05:30  INF  Executed DbCommand (2ms) [Parameters=[@__p_0='?' (DbType = Int64)], CommandType='"Text"', CommandTimeout='30']
SELECT `d`.`Id`, `d`.`Bactrology`, `d`.`Basic_Salt`, `d`.`Created_At`, `d`.`Description`, `d`.`Details`, `d`.`Dosage`, `d`.`Dose_No`, `d`.`Form`, `d`.`Is_Delete`, `d`.`Medicine_Brand_Id`, `d`.`Medicine_Category_Id`, `d`.`Medicine_Company`, `d`.`Medicine_Composition`, `d`.`Medicine_Group`, `d`.`Medicine_Image`, `d`.`Medicine_Name`, `d`.`Medicine_Type`, `d`.`Min_Level`, `d`.`Note`, `d`.`Reorder_Level`, `d`.`Safety_Alerts`, `d`.`Status`, `d`.`Supplier`, `d`.`Unit`, `d`.`Unit_Packing`, `d`.`Updated_At`, `d`.`User_Id`, `d`.`Vat`, `d`.`Vat_Ac`
FROM `Drugs` AS `d`
WHERE (`d`.`User_Id` = @__p_0) AND (`d`.`Is_Delete` = 0)
2023-09-17 23:40:15.694 +05:30  INF  Executed action DCRM.Api.Controllers.DrugController.GetAllAsync (DCRM.Api) in 13.3637ms
2023-09-17 23:40:15.694 +05:30  INF  Executed endpoint 'DCRM.Api.Controllers.DrugController.GetAllAsync (DCRM.Api)'
2023-09-17 23:40:15.694 +05:30  INF  Request finished HTTP/2 GET https://localhost:7069/api/Drug/GateAll - - - 200 - application/json;+charset=utf-8 14.3490ms
2023-09-17 23:40:34.987 +05:30  INF  Request starting HTTP/2 GET https://localhost:7069/api/Drug/GateAll - -
2023-09-17 23:40:34.988 +05:30  INF  CORS policy execution successful.
2023-09-17 23:40:34.988 +05:30  INF  Executing endpoint 'DCRM.Api.Controllers.DrugController.GetAllAsync (DCRM.Api)'
2023-09-17 23:40:34.988 +05:30  INF  Route matched with {action = "GetAll", controller = "Drug"}. Executing controller action with signature System.Threading.Tasks.Task`1[System.Collections.Generic.IEnumerable`1[DCRM.Common.Entity.Drug]] GetAllAsync() on controller DCRM.Api.Controllers.DrugController (DCRM.Api).
2023-09-17 23:40:34.988 +05:30  INF  Executing ObjectResult, writing value of type 'Microsoft.EntityFrameworkCore.Query.Internal.EntityQueryable`1[[DCRM.Common.Entity.Drug, DCRM.Common, Version=1.0.0.0, Culture=neutral, PublicKeyToken=null]]'.
2023-09-17 23:40:34.994 +05:30  INF  Executed DbCommand (4ms) [Parameters=[@__p_0='?' (DbType = Int64)], CommandType='"Text"', CommandTimeout='30']
SELECT `d`.`Id`, `d`.`Bactrology`, `d`.`Basic_Salt`, `d`.`Created_At`, `d`.`Description`, `d`.`Details`, `d`.`Dosage`, `d`.`Dose_No`, `d`.`Form`, `d`.`Is_Delete`, `d`.`Medicine_Brand_Id`, `d`.`Medicine_Category_Id`, `d`.`Medicine_Company`, `d`.`Medicine_Composition`, `d`.`Medicine_Group`, `d`.`Medicine_Image`, `d`.`Medicine_Name`, `d`.`Medicine_Type`, `d`.`Min_Level`, `d`.`Note`, `d`.`Reorder_Level`, `d`.`Safety_Alerts`, `d`.`Status`, `d`.`Supplier`, `d`.`Unit`, `d`.`Unit_Packing`, `d`.`Updated_At`, `d`.`User_Id`, `d`.`Vat`, `d`.`Vat_Ac`
FROM `Drugs` AS `d`
WHERE (`d`.`User_Id` = @__p_0) AND (`d`.`Is_Delete` = 0)
2023-09-17 23:40:35.022 +05:30  INF  Executed action DCRM.Api.Controllers.DrugController.GetAllAsync (DCRM.Api) in 34.1857ms
2023-09-17 23:40:35.045 +05:30  INF  Executed endpoint 'DCRM.Api.Controllers.DrugController.GetAllAsync (DCRM.Api)'
2023-09-17 23:40:35.046 +05:30  INF  Request finished HTTP/2 GET https://localhost:7069/api/Drug/GateAll - - - 200 - application/json;+charset=utf-8 58.6304ms
2023-09-17 23:41:25.168 +05:30  INF  Request starting HTTP/2 GET https://localhost:7069/api/Drug/GateAll - -
2023-09-17 23:41:25.170 +05:30  INF  CORS policy execution successful.
2023-09-17 23:41:25.172 +05:30  INF  Executing endpoint 'DCRM.Api.Controllers.DrugController.GetAllAsync (DCRM.Api)'
2023-09-17 23:41:25.177 +05:30  INF  Route matched with {action = "GetAll", controller = "Drug"}. Executing controller action with signature System.Threading.Tasks.Task`1[System.Collections.Generic.IEnumerable`1[DCRM.Common.Entity.Drug]] GetAllAsync() on controller DCRM.Api.Controllers.DrugController (DCRM.Api).
2023-09-17 23:41:25.178 +05:30  INF  Executing ObjectResult, writing value of type 'Microsoft.EntityFrameworkCore.Query.Internal.EntityQueryable`1[[DCRM.Common.Entity.Drug, DCRM.Common, Version=1.0.0.0, Culture=neutral, PublicKeyToken=null]]'.
2023-09-17 23:41:25.190 +05:30  INF  Executed DbCommand (3ms) [Parameters=[@__p_0='?' (DbType = Int64)], CommandType='"Text"', CommandTimeout='30']
SELECT `d`.`Id`, `d`.`Bactrology`, `d`.`Basic_Salt`, `d`.`Created_At`, `d`.`Description`, `d`.`Details`, `d`.`Dosage`, `d`.`Dose_No`, `d`.`Form`, `d`.`Is_Delete`, `d`.`Medicine_Brand_Id`, `d`.`Medicine_Category_Id`, `d`.`Medicine_Company`, `d`.`Medicine_Composition`, `d`.`Medicine_Group`, `d`.`Medicine_Image`, `d`.`Medicine_Name`, `d`.`Medicine_Type`, `d`.`Min_Level`, `d`.`Note`, `d`.`Reorder_Level`, `d`.`Safety_Alerts`, `d`.`Status`, `d`.`Supplier`, `d`.`Unit`, `d`.`Unit_Packing`, `d`.`Updated_At`, `d`.`User_Id`, `d`.`Vat`, `d`.`Vat_Ac`
FROM `Drugs` AS `d`
WHERE (`d`.`User_Id` = @__p_0) AND (`d`.`Is_Delete` = 0)
2023-09-17 23:41:25.225 +05:30  INF  Executed action DCRM.Api.Controllers.DrugController.GetAllAsync (DCRM.Api) in 47.8314ms
2023-09-17 23:41:25.225 +05:30  INF  Executed endpoint 'DCRM.Api.Controllers.DrugController.GetAllAsync (DCRM.Api)'
2023-09-17 23:41:25.225 +05:30  INF  Request finished HTTP/2 GET https://localhost:7069/api/Drug/GateAll - - - 200 - application/json;+charset=utf-8 58.2456ms
2023-09-17 23:42:14.779 +05:30  INF  Request starting HTTP/2 GET https://localhost:7069/api/Drug/GateAll - -
2023-09-17 23:42:14.780 +05:30  INF  CORS policy execution successful.
2023-09-17 23:42:14.787 +05:30  INF  Executing endpoint 'DCRM.Api.Controllers.DrugController.GetAllAsync (DCRM.Api)'
2023-09-17 23:42:14.787 +05:30  INF  Route matched with {action = "GetAll", controller = "Drug"}. Executing controller action with signature System.Threading.Tasks.Task`1[System.Collections.Generic.IEnumerable`1[DCRM.Common.Entity.Drug]] GetAllAsync() on controller DCRM.Api.Controllers.DrugController (DCRM.Api).
2023-09-17 23:42:14.788 +05:30  INF  Executing ObjectResult, writing value of type 'Microsoft.EntityFrameworkCore.Query.Internal.EntityQueryable`1[[DCRM.Common.Entity.Drug, DCRM.Common, Version=1.0.0.0, Culture=neutral, PublicKeyToken=null]]'.
2023-09-17 23:42:14.806 +05:30  INF  Executed DbCommand (4ms) [Parameters=[@__p_0='?' (DbType = Int64)], CommandType='"Text"', CommandTimeout='30']
SELECT `d`.`Id`, `d`.`Bactrology`, `d`.`Basic_Salt`, `d`.`Created_At`, `d`.`Description`, `d`.`Details`, `d`.`Dosage`, `d`.`Dose_No`, `d`.`Form`, `d`.`Is_Delete`, `d`.`Medicine_Brand_Id`, `d`.`Medicine_Category_Id`, `d`.`Medicine_Company`, `d`.`Medicine_Composition`, `d`.`Medicine_Group`, `d`.`Medicine_Image`, `d`.`Medicine_Name`, `d`.`Medicine_Type`, `d`.`Min_Level`, `d`.`Note`, `d`.`Reorder_Level`, `d`.`Safety_Alerts`, `d`.`Status`, `d`.`Supplier`, `d`.`Unit`, `d`.`Unit_Packing`, `d`.`Updated_At`, `d`.`User_Id`, `d`.`Vat`, `d`.`Vat_Ac`
FROM `Drugs` AS `d`
WHERE (`d`.`User_Id` = @__p_0) AND (`d`.`Is_Delete` = 0)
2023-09-17 23:42:14.822 +05:30  INF  Executed action DCRM.Api.Controllers.DrugController.GetAllAsync (DCRM.Api) in 34.2907ms
2023-09-17 23:42:14.822 +05:30  INF  Executed endpoint 'DCRM.Api.Controllers.DrugController.GetAllAsync (DCRM.Api)'
2023-09-17 23:42:14.822 +05:30  INF  Request finished HTTP/2 GET https://localhost:7069/api/Drug/GateAll - - - 200 - application/json;+charset=utf-8 43.3504ms
2023-09-17 23:42:36.459 +05:30  INF  Request starting HTTP/2 GET https://localhost:7069/api/Drug/GateAll - -
2023-09-17 23:42:36.459 +05:30  INF  CORS policy execution successful.
2023-09-17 23:42:36.475 +05:30  INF  Executing endpoint 'DCRM.Api.Controllers.DrugController.GetAllAsync (DCRM.Api)'
2023-09-17 23:42:36.475 +05:30  INF  Route matched with {action = "GetAll", controller = "Drug"}. Executing controller action with signature System.Threading.Tasks.Task`1[System.Collections.Generic.IEnumerable`1[DCRM.Common.Entity.Drug]] GetAllAsync() on controller DCRM.Api.Controllers.DrugController (DCRM.Api).
2023-09-17 23:42:36.476 +05:30  INF  Executing ObjectResult, writing value of type 'Microsoft.EntityFrameworkCore.Query.Internal.EntityQueryable`1[[DCRM.Common.Entity.Drug, DCRM.Common, Version=1.0.0.0, Culture=neutral, PublicKeyToken=null]]'.
2023-09-17 23:42:36.484 +05:30  INF  Executed DbCommand (2ms) [Parameters=[@__p_0='?' (DbType = Int64)], CommandType='"Text"', CommandTimeout='30']
SELECT `d`.`Id`, `d`.`Bactrology`, `d`.`Basic_Salt`, `d`.`Created_At`, `d`.`Description`, `d`.`Details`, `d`.`Dosage`, `d`.`Dose_No`, `d`.`Form`, `d`.`Is_Delete`, `d`.`Medicine_Brand_Id`, `d`.`Medicine_Category_Id`, `d`.`Medicine_Company`, `d`.`Medicine_Composition`, `d`.`Medicine_Group`, `d`.`Medicine_Image`, `d`.`Medicine_Name`, `d`.`Medicine_Type`, `d`.`Min_Level`, `d`.`Note`, `d`.`Reorder_Level`, `d`.`Safety_Alerts`, `d`.`Status`, `d`.`Supplier`, `d`.`Unit`, `d`.`Unit_Packing`, `d`.`Updated_At`, `d`.`User_Id`, `d`.`Vat`, `d`.`Vat_Ac`
FROM `Drugs` AS `d`
WHERE (`d`.`User_Id` = @__p_0) AND (`d`.`Is_Delete` = 0)
2023-09-17 23:42:36.504 +05:30  INF  Executed action DCRM.Api.Controllers.DrugController.GetAllAsync (DCRM.Api) in 28.8073ms
2023-09-17 23:42:36.504 +05:30  INF  Executed endpoint 'DCRM.Api.Controllers.DrugController.GetAllAsync (DCRM.Api)'
2023-09-17 23:42:36.504 +05:30  INF  Request finished HTTP/2 GET https://localhost:7069/api/Drug/GateAll - - - 200 - application/json;+charset=utf-8 45.7477ms
2023-09-17 23:43:33.038 +05:30  INF  User profile is available. Using 'C:\Users\DELL\AppData\Local\ASP.NET\DataProtection-Keys' as key repository and Windows DPAPI to encrypt keys at rest.
2023-09-17 23:43:34.074 +05:30  INF  Now listening on: https://localhost:7069
2023-09-17 23:43:34.074 +05:30  INF  Now listening on: http://localhost:5069
2023-09-17 23:43:34.077 +05:30  INF  Application started. Press Ctrl+C to shut down.
2023-09-17 23:43:34.078 +05:30  INF  Hosting environment: Development
2023-09-17 23:43:34.078 +05:30  INF  Content root path: D:\Projects\GitHubProjects\virmani_dotnet\DCRM.Api\
2023-09-17 23:43:35.897 +05:30  INF  Request starting HTTP/2 GET https://localhost:7069/swagger - -
2023-09-17 23:43:36.100 +05:30  INF  Request finished HTTP/2 GET https://localhost:7069/swagger - - - 301 0 - 207.2262ms
2023-09-17 23:43:36.102 +05:30  INF  Request starting HTTP/2 GET https://localhost:7069/swagger/index.html - -
2023-09-17 23:43:36.777 +05:30  INF  Request starting HTTP/2 GET https://localhost:7069/swagger/swagger-ui-standalone-preset.js - -
2023-09-17 23:43:36.777 +05:30  INF  Request starting HTTP/2 GET https://localhost:7069/_framework/aspnetcore-browser-refresh.js - -
2023-09-17 23:43:36.777 +05:30  INF  Request starting HTTP/2 GET https://localhost:7069/swagger/swagger-ui-bundle.js - -
2023-09-17 23:43:36.778 +05:30  INF  Request starting HTTP/2 GET https://localhost:7069/swagger/swagger-ui.css - -
2023-09-17 23:43:36.787 +05:30  INF  Request starting HTTP/2 GET https://localhost:7069/_vs/browserLink - -
2023-09-17 23:43:36.800 +05:30  INF  Request finished HTTP/2 GET https://localhost:7069/_framework/aspnetcore-browser-refresh.js - - - 200 12348 application/javascript;+charset=utf-8 22.3273ms
2023-09-17 23:43:36.801 +05:30  INF  Request finished HTTP/2 GET https://localhost:7069/swagger/index.html - - - 200 - text/html;charset=utf-8 699.5320ms
2023-09-17 23:43:36.904 +05:30  INF  Sending file. Request path: '/swagger-ui.css'. Physical path: 'N/A'
2023-09-17 23:43:36.946 +05:30  INF  Request finished HTTP/2 GET https://localhost:7069/swagger/swagger-ui.css - - - 200 143632 text/css 167.4492ms
2023-09-17 23:43:36.956 +05:30  INF  Request finished HTTP/2 GET https://localhost:7069/_vs/browserLink - - - 200 - text/javascript;+charset=UTF-8 170.1887ms
2023-09-17 23:43:36.967 +05:30  INF  Sending file. Request path: '/swagger-ui-standalone-preset.js'. Physical path: 'N/A'
2023-09-17 23:43:36.968 +05:30  INF  Request finished HTTP/2 GET https://localhost:7069/swagger/swagger-ui-standalone-preset.js - - - 200 337162 application/javascript 190.8507ms
2023-09-17 23:43:37.057 +05:30  INF  Sending file. Request path: '/swagger-ui-bundle.js'. Physical path: 'N/A'
2023-09-17 23:43:37.057 +05:30  INF  Request finished HTTP/2 GET https://localhost:7069/swagger/swagger-ui-bundle.js - - - 200 1092889 application/javascript 280.5774ms
2023-09-17 23:43:37.646 +05:30  INF  Request starting HTTP/2 GET https://localhost:7069/swagger/v1/swagger.json - -
2023-09-17 23:43:38.187 +05:30  INF  Request finished HTTP/2 GET https://localhost:7069/swagger/v1/swagger.json - - - 200 - application/json;charset=utf-8 541.4123ms
2023-09-17 23:44:27.900 +05:30  INF  Request starting HTTP/2 GET https://localhost:7069/api/Drug/GateAll - -
2023-09-17 23:44:27.925 +05:30  INF  CORS policy execution successful.
2023-09-17 23:44:30.710 +05:30  INF  Executing endpoint 'DCRM.Api.Controllers.DrugController.GetAllAsync (DCRM.Api)'
2023-09-17 23:44:30.769 +05:30  INF  Route matched with {action = "GetAll", controller = "Drug"}. Executing controller action with signature System.Threading.Tasks.Task`1[System.Collections.Generic.IEnumerable`1[DCRM.Common.Entity.Drug]] GetAllAsync() on controller DCRM.Api.Controllers.DrugController (DCRM.Api).
2023-09-17 23:44:30.902 +05:30  INF  Executing ObjectResult, writing value of type 'Microsoft.EntityFrameworkCore.Query.Internal.EntityQueryable`1[[DCRM.Common.Entity.Drug, DCRM.Common, Version=1.0.0.0, Culture=neutral, PublicKeyToken=null]]'.
2023-09-17 23:44:32.778 +05:30  INF  Executed DbCommand (25ms) [Parameters=[@__p_0='?' (DbType = Int64)], CommandType='"Text"', CommandTimeout='30']
SELECT `d`.`Id`, `d`.`Bactrology`, `d`.`Basic_Salt`, `d`.`Created_At`, `d`.`Description`, `d`.`Details`, `d`.`Dosage`, `d`.`Dose_No`, `d`.`Form`, `d`.`Is_Delete`, `d`.`Medicine_Brand_Id`, `d`.`Medicine_Category_Id`, `d`.`Medicine_Company`, `d`.`Medicine_Composition`, `d`.`Medicine_Group`, `d`.`Medicine_Image`, `d`.`Medicine_Name`, `d`.`Medicine_Type`, `d`.`Min_Level`, `d`.`Note`, `d`.`Reorder_Level`, `d`.`Safety_Alerts`, `d`.`Status`, `d`.`Supplier`, `d`.`Unit`, `d`.`Unit_Packing`, `d`.`Updated_At`, `d`.`User_Id`, `d`.`Vat`, `d`.`Vat_Ac`
FROM `Drugs` AS `d`
WHERE (`d`.`User_Id` = @__p_0) AND (`d`.`Is_Delete` = 0)
2023-09-17 23:44:33.122 +05:30  INF  Executed action DCRM.Api.Controllers.DrugController.GetAllAsync (DCRM.Api) in 2335.1847ms
2023-09-17 23:44:33.126 +05:30  INF  Executed endpoint 'DCRM.Api.Controllers.DrugController.GetAllAsync (DCRM.Api)'
2023-09-17 23:44:33.184 +05:30  INF  Request finished HTTP/2 GET https://localhost:7069/api/Drug/GateAll - - - 200 - application/json;+charset=utf-8 5285.1244ms
2023-09-17 23:44:44.555 +05:30  INF  Request starting HTTP/2 GET https://localhost:7069/api/api/Drug/Get/1 - -
2023-09-17 23:44:44.557 +05:30  INF  CORS policy execution successful.
2023-09-17 23:44:44.604 +05:30  INF  Request finished HTTP/2 GET https://localhost:7069/api/api/Drug/Get/1 - - - 404 0 - 48.7701ms
2023-09-17 23:45:15.840 +05:30  INF  Request starting HTTP/2 GET https://localhost:7069/api/Drug/GateAll - -
2023-09-17 23:45:15.844 +05:30  INF  CORS policy execution successful.
2023-09-17 23:45:15.865 +05:30  INF  Executing endpoint 'DCRM.Api.Controllers.DrugController.GetAllAsync (DCRM.Api)'
2023-09-17 23:45:15.865 +05:30  INF  Route matched with {action = "GetAll", controller = "Drug"}. Executing controller action with signature System.Threading.Tasks.Task`1[System.Collections.Generic.IEnumerable`1[DCRM.Common.Entity.Drug]] GetAllAsync() on controller DCRM.Api.Controllers.DrugController (DCRM.Api).
2023-09-17 23:45:15.865 +05:30  INF  Executing ObjectResult, writing value of type 'Microsoft.EntityFrameworkCore.Query.Internal.EntityQueryable`1[[DCRM.Common.Entity.Drug, DCRM.Common, Version=1.0.0.0, Culture=neutral, PublicKeyToken=null]]'.
2023-09-17 23:45:15.915 +05:30  INF  Executed DbCommand (6ms) [Parameters=[@__p_0='?' (DbType = Int64)], CommandType='"Text"', CommandTimeout='30']
SELECT `d`.`Id`, `d`.`Bactrology`, `d`.`Basic_Salt`, `d`.`Created_At`, `d`.`Description`, `d`.`Details`, `d`.`Dosage`, `d`.`Dose_No`, `d`.`Form`, `d`.`Is_Delete`, `d`.`Medicine_Brand_Id`, `d`.`Medicine_Category_Id`, `d`.`Medicine_Company`, `d`.`Medicine_Composition`, `d`.`Medicine_Group`, `d`.`Medicine_Image`, `d`.`Medicine_Name`, `d`.`Medicine_Type`, `d`.`Min_Level`, `d`.`Note`, `d`.`Reorder_Level`, `d`.`Safety_Alerts`, `d`.`Status`, `d`.`Supplier`, `d`.`Unit`, `d`.`Unit_Packing`, `d`.`Updated_At`, `d`.`User_Id`, `d`.`Vat`, `d`.`Vat_Ac`
FROM `Drugs` AS `d`
WHERE (`d`.`User_Id` = @__p_0) AND (`d`.`Is_Delete` = 0)
2023-09-17 23:45:15.945 +05:30  INF  Executed action DCRM.Api.Controllers.DrugController.GetAllAsync (DCRM.Api) in 80.0285ms
2023-09-17 23:45:15.945 +05:30  INF  Executed endpoint 'DCRM.Api.Controllers.DrugController.GetAllAsync (DCRM.Api)'
2023-09-17 23:45:15.945 +05:30  INF  Request finished HTTP/2 GET https://localhost:7069/api/Drug/GateAll - - - 200 - application/json;+charset=utf-8 105.5524ms
2023-09-17 23:45:46.893 +05:30  INF  Request starting HTTP/2 GET https://localhost:7069/api/api/Drug/Get/1 - -
2023-09-17 23:45:46.893 +05:30  INF  CORS policy execution successful.
2023-09-17 23:45:46.896 +05:30  INF  Request finished HTTP/2 GET https://localhost:7069/api/api/Drug/Get/1 - - - 404 0 - 2.8672ms
2023-09-17 23:45:52.579 +05:30  INF  Request starting HTTP/2 GET https://localhost:7069/api/Drug/GateAll - -
2023-09-17 23:45:52.579 +05:30  INF  CORS policy execution successful.
2023-09-17 23:45:52.580 +05:30  INF  Executing endpoint 'DCRM.Api.Controllers.DrugController.GetAllAsync (DCRM.Api)'
2023-09-17 23:45:52.581 +05:30  INF  Route matched with {action = "GetAll", controller = "Drug"}. Executing controller action with signature System.Threading.Tasks.Task`1[System.Collections.Generic.IEnumerable`1[DCRM.Common.Entity.Drug]] GetAllAsync() on controller DCRM.Api.Controllers.DrugController (DCRM.Api).
2023-09-17 23:45:52.603 +05:30  INF  Executing ObjectResult, writing value of type 'Microsoft.EntityFrameworkCore.Query.Internal.EntityQueryable`1[[DCRM.Common.Entity.Drug, DCRM.Common, Version=1.0.0.0, Culture=neutral, PublicKeyToken=null]]'.
2023-09-17 23:45:52.619 +05:30  INF  Executed DbCommand (3ms) [Parameters=[@__p_0='?' (DbType = Int64)], CommandType='"Text"', CommandTimeout='30']
SELECT `d`.`Id`, `d`.`Bactrology`, `d`.`Basic_Salt`, `d`.`Created_At`, `d`.`Description`, `d`.`Details`, `d`.`Dosage`, `d`.`Dose_No`, `d`.`Form`, `d`.`Is_Delete`, `d`.`Medicine_Brand_Id`, `d`.`Medicine_Category_Id`, `d`.`Medicine_Company`, `d`.`Medicine_Composition`, `d`.`Medicine_Group`, `d`.`Medicine_Image`, `d`.`Medicine_Name`, `d`.`Medicine_Type`, `d`.`Min_Level`, `d`.`Note`, `d`.`Reorder_Level`, `d`.`Safety_Alerts`, `d`.`Status`, `d`.`Supplier`, `d`.`Unit`, `d`.`Unit_Packing`, `d`.`Updated_At`, `d`.`User_Id`, `d`.`Vat`, `d`.`Vat_Ac`
FROM `Drugs` AS `d`
WHERE (`d`.`User_Id` = @__p_0) AND (`d`.`Is_Delete` = 0)
2023-09-17 23:45:52.641 +05:30  INF  Executed action DCRM.Api.Controllers.DrugController.GetAllAsync (DCRM.Api) in 60.7704ms
2023-09-17 23:45:52.642 +05:30  INF  Executed endpoint 'DCRM.Api.Controllers.DrugController.GetAllAsync (DCRM.Api)'
2023-09-17 23:45:52.643 +05:30  INF  Request finished HTTP/2 GET https://localhost:7069/api/Drug/GateAll - - - 200 - application/json;+charset=utf-8 63.7448ms
2023-09-17 23:46:06.082 +05:30  INF  Request starting HTTP/2 GET https://localhost:7069/api/Drug/Get/10 - -
2023-09-17 23:46:06.083 +05:30  INF  CORS policy execution successful.
2023-09-17 23:46:06.083 +05:30  INF  Executing endpoint 'DCRM.Api.Controllers.DrugController.Get (DCRM.Api)'
2023-09-17 23:46:06.116 +05:30  INF  Route matched with {action = "Get", controller = "Drug"}. Executing controller action with signature System.Threading.Tasks.Task`1[DCRM.Common.Entity.Drug] Get(Int32) on controller DCRM.Api.Controllers.DrugController (DCRM.Api).
2023-09-17 23:46:17.179 +05:30  INF  Executed DbCommand (10ms) [Parameters=[@__id_0='?' (DbType = Int32)], CommandType='"Text"', CommandTimeout='30']
SELECT `d`.`Id`, `d`.`Bactrology`, `d`.`Basic_Salt`, `d`.`Created_At`, `d`.`Description`, `d`.`Details`, `d`.`Dosage`, `d`.`Dose_No`, `d`.`Form`, `d`.`Is_Delete`, `d`.`Medicine_Brand_Id`, `d`.`Medicine_Category_Id`, `d`.`Medicine_Company`, `d`.`Medicine_Composition`, `d`.`Medicine_Group`, `d`.`Medicine_Image`, `d`.`Medicine_Name`, `d`.`Medicine_Type`, `d`.`Min_Level`, `d`.`Note`, `d`.`Reorder_Level`, `d`.`Safety_Alerts`, `d`.`Status`, `d`.`Supplier`, `d`.`Unit`, `d`.`Unit_Packing`, `d`.`Updated_At`, `d`.`User_Id`, `d`.`Vat`, `d`.`Vat_Ac`
FROM `Drugs` AS `d`
WHERE `d`.`Id` = @__id_0
LIMIT 1
2023-09-17 23:46:17.203 +05:30  INF  Executing ObjectResult, writing value of type 'DCRM.Common.Entity.Drug'.
2023-09-17 23:46:17.204 +05:30  INF  Executed action DCRM.Api.Controllers.DrugController.Get (DCRM.Api) in 11087.8121ms
2023-09-17 23:46:17.204 +05:30  INF  Executed endpoint 'DCRM.Api.Controllers.DrugController.Get (DCRM.Api)'
2023-09-17 23:46:17.204 +05:30  INF  Request finished HTTP/2 GET https://localhost:7069/api/Drug/Get/10 - - - 200 - application/json;+charset=utf-8 11122.4492ms
