<<<<<<< HEAD
2023-10-09 10:16:25.649 +05:30  INF  User profile is available. Using 'C:\Users\DELL\AppData\Local\ASP.NET\DataProtection-Keys' as key repository and Windows DPAPI to encrypt keys at rest.

2023-10-09 10:16:26.191 +05:30  INF  Now listening on: https://localhost:7069

2023-10-09 10:16:26.191 +05:30  INF  Now listening on: http://localhost:5069

2023-10-09 10:16:26.195 +05:30  INF  Application started. Press Ctrl+C to shut down.

2023-10-09 10:16:26.196 +05:30  INF  Hosting environment: Development

2023-10-09 10:16:26.196 +05:30  INF  Content root path: D:\Projects\GitHubProjects\virmani_dotnet\DCRM.Api\

2023-10-09 10:16:27.625 +05:30  INF  Request starting HTTP/2 GET https://localhost:7069/swagger - -

2023-10-09 10:16:27.780 +05:30  INF  Request finished HTTP/2 GET https://localhost:7069/swagger - - - 301 0 - 161.0953ms

2023-10-09 10:16:27.781 +05:30  INF  Request starting HTTP/2 GET https://localhost:7069/swagger/index.html - -

2023-10-09 10:16:28.298 +05:30  INF  Request starting HTTP/2 GET https://localhost:7069/swagger/swagger-ui-bundle.js - -

2023-10-09 10:16:28.299 +05:30  INF  Request starting HTTP/2 GET https://localhost:7069/_vs/browserLink - -

2023-10-09 10:16:28.299 +05:30  INF  Request starting HTTP/2 GET https://localhost:7069/swagger/swagger-ui-standalone-preset.js - -

2023-10-09 10:16:28.298 +05:30  INF  Request starting HTTP/2 GET https://localhost:7069/_framework/aspnetcore-browser-refresh.js - -

2023-10-09 10:16:28.299 +05:30  INF  Request starting HTTP/2 GET https://localhost:7069/swagger/swagger-ui.css - -

2023-10-09 10:16:28.300 +05:30  INF  Request finished HTTP/2 GET https://localhost:7069/swagger/index.html - - - 200 - text/html;charset=utf-8 518.1475ms

2023-10-09 10:16:28.311 +05:30  INF  Request finished HTTP/2 GET https://localhost:7069/_framework/aspnetcore-browser-refresh.js - - - 200 12348 application/javascript;+charset=utf-8 12.3231ms

2023-10-09 10:16:28.346 +05:30  INF  Sending file. Request path: '/swagger-ui.css'. Physical path: 'N/A'

2023-10-09 10:16:28.348 +05:30  INF  Request finished HTTP/2 GET https://localhost:7069/swagger/swagger-ui.css - - - 200 143632 text/css 49.3704ms

2023-10-09 10:16:28.363 +05:30  INF  Sending file. Request path: '/swagger-ui-standalone-preset.js'. Physical path: 'N/A'

2023-10-09 10:16:28.363 +05:30  INF  Request finished HTTP/2 GET https://localhost:7069/swagger/swagger-ui-standalone-preset.js - - - 200 337162 application/javascript 64.5476ms

2023-10-09 10:16:28.377 +05:30  INF  Sending file. Request path: '/swagger-ui-bundle.js'. Physical path: 'N/A'

2023-10-09 10:16:28.377 +05:30  INF  Request finished HTTP/2 GET https://localhost:7069/swagger/swagger-ui-bundle.js - - - 200 1092889 application/javascript 79.1074ms

2023-10-09 10:16:28.407 +05:30  INF  Request finished HTTP/2 GET https://localhost:7069/_vs/browserLink - - - 200 - text/javascript;+charset=UTF-8 108.2642ms

2023-10-09 10:16:28.530 +05:30  INF  Request starting HTTP/2 GET https://localhost:7069/swagger/v1/swagger.json - -

2023-10-09 10:16:28.768 +05:30  INF  Request finished HTTP/2 GET https://localhost:7069/swagger/v1/swagger.json - - - 200 - application/json;charset=utf-8 237.8952ms

2023-10-09 10:16:50.488 +05:30  INF  Request starting HTTP/2 POST https://localhost:7069/api/Authenticate/user application/json 57

2023-10-09 10:16:50.496 +05:30  INF  CORS policy execution successful.

2023-10-09 10:16:52.707 +05:30  INF  Executing endpoint 'DCRM.Api.Controllers.AuthenticateController.Post (DCRM.Api)'

2023-10-09 10:16:52.745 +05:30  INF  Route matched with {action = "Post", controller = "Authenticate"}. Executing controller action with signature Microsoft.AspNetCore.Mvc.IActionResult Post(System.String, DCRM.Common.AuthenticateRequest) on controller DCRM.Api.Controllers.AuthenticateController (DCRM.Api).

2023-10-09 10:16:54.327 +05:30  INF  Executed DbCommand (32ms) [Parameters=[@__authenticateRequest_Email_0='?' (Size = 4000), @__authenticateRequest_Password_1='?' (Size = 4000)], CommandType='"Text"', CommandTimeout='30']
=======
2023-10-09 09:40:07.240 +05:30  INF  User profile is available. Using 'C:\Users\91812\AppData\Local\ASP.NET\DataProtection-Keys' as key repository and Windows DPAPI to encrypt keys at rest.
2023-10-09 09:40:07.413 +05:30  INF  Now listening on: https://localhost:7069
2023-10-09 09:40:07.414 +05:30  INF  Now listening on: http://localhost:5069
2023-10-09 09:40:07.417 +05:30  INF  Application started. Press Ctrl+C to shut down.
2023-10-09 09:40:07.418 +05:30  INF  Hosting environment: Development
2023-10-09 09:40:07.418 +05:30  INF  Content root path: D:\ez-technologies\virmani_dotnet\DCRM.Api\
2023-10-09 09:40:08.325 +05:30  INF  Request starting HTTP/2 GET https://localhost:7069/swagger/index.html - -
2023-10-09 09:40:08.744 +05:30  INF  Request finished HTTP/2 GET https://localhost:7069/swagger/index.html - - - 200 - text/html;charset=utf-8 423.4053ms
2023-10-09 09:40:08.763 +05:30  INF  Request starting HTTP/2 GET https://localhost:7069/swagger/swagger-ui.css - -
2023-10-09 09:40:08.774 +05:30  INF  Request starting HTTP/2 GET https://localhost:7069/_framework/aspnetcore-browser-refresh.js - -
2023-10-09 09:40:08.778 +05:30  INF  Request finished HTTP/2 GET https://localhost:7069/_framework/aspnetcore-browser-refresh.js - - - 200 12348 application/javascript;+charset=utf-8 3.8621ms
2023-10-09 09:40:08.783 +05:30  INF  Sending file. Request path: '/swagger-ui.css'. Physical path: 'N/A'
2023-10-09 09:40:08.783 +05:30  INF  Request finished HTTP/2 GET https://localhost:7069/swagger/swagger-ui.css - - - 0 143632 text/css 19.8367ms
2023-10-09 09:40:08.786 +05:30  INF  Request starting HTTP/2 GET https://localhost:7069/_vs/browserLink - -
2023-10-09 09:40:08.821 +05:30  INF  Request finished HTTP/2 GET https://localhost:7069/_vs/browserLink - - - 200 - text/javascript;+charset=UTF-8 34.8278ms
2023-10-09 09:40:08.892 +05:30  INF  Request starting HTTP/2 GET https://localhost:7069/swagger/favicon-32x32.png - -
2023-10-09 09:40:08.893 +05:30  INF  Sending file. Request path: '/favicon-32x32.png'. Physical path: 'N/A'
2023-10-09 09:40:08.893 +05:30  INF  Request finished HTTP/2 GET https://localhost:7069/swagger/favicon-32x32.png - - - 0 628 image/png 1.3351ms
2023-10-09 09:40:08.950 +05:30  INF  Request starting HTTP/2 GET https://localhost:7069/swagger/v1/swagger.json - -
2023-10-09 09:40:09.135 +05:30  INF  Request finished HTTP/2 GET https://localhost:7069/swagger/v1/swagger.json - - - 200 - application/json;charset=utf-8 185.0034ms
2023-10-09 09:41:36.316 +05:30  INF  Request starting HTTP/1.1 POST https://localhost:7069/api/Authenticate/user application/json 64
2023-10-09 09:41:37.485 +05:30  INF  Executing endpoint 'DCRM.Api.Controllers.AuthenticateController.Post (DCRM.Api)'
2023-10-09 09:41:37.523 +05:30  INF  Route matched with {action = "Post", controller = "Authenticate"}. Executing controller action with signature Microsoft.AspNetCore.Mvc.IActionResult Post(System.String, DCRM.Common.AuthenticateRequest) on controller DCRM.Api.Controllers.AuthenticateController (DCRM.Api).
2023-10-09 09:41:38.344 +05:30  INF  Executed DbCommand (12ms) [Parameters=[@__authenticateRequest_Email_0='?' (Size = 4000), @__authenticateRequest_Password_1='?' (Size = 4000)], CommandType='"Text"', CommandTimeout='30']
>>>>>>> 2b130d7e599e094edfc5957739c23a6cbc514958
SELECT `u`.`Id`, `u`.`About_Me`, `u`.`Account_Type`, `u`.`Address`, `u`.`Available_Days`, `u`.`Bn_Name`, `u`.`City`, `u`.`Country`, `u`.`Created_At`, `u`.`Currency`, `u`.`Degree`, `u`.`Email`, `u`.`Email_Verified`, `u`.`Enable_Appointment`, `u`.`Enable_Rating`, `u`.`Exp_Years`, `u`.`Facebook`, `u`.`Google_Analytics`, `u`.`Image`, `u`.`Instagram`, `u`.`Linkedin`, `u`.`Name`, `u`.`Parent_Id`, `u`.`Password`, `u`.`Paypal_Email`, `u`.`Paypal_Mode`, `u`.`Paypal_Payment`, `u`.`Paystack_Payment`, `u`.`Paystack_Public_Key`, `u`.`Paystack_Secret_Key`, `u`.`Phone`, `u`.`Publish_Key`, `u`.`Qr_Code`, `u`.`Razorpay_Key_Id`, `u`.`Razorpay_Key_Secret`, `u`.`Razorpay_Payment`, `u`.`Role`, `u`.`Secret_Key`, `u`.`Skype`, `u`.`Slug`, `u`.`Specialist`, `u`.`Status`, `u`.`Stripe_Payment`, `u`.`Thumb`, `u`.`Trial_Expire`, `u`.`Twitter`, `u`.`User_Name`, `u`.`User_Type`, `u`.`Verify_Code`, `u`.`Whatsapp`
FROM `Users` AS `u`
WHERE ((`u`.`Status` = 1) AND (`u`.`Email` = @__authenticateRequest_Email_0)) AND (`u`.`Password` = @__authenticateRequest_Password_1)
LIMIT 2
<<<<<<< HEAD

2023-10-09 10:16:54.886 +05:30  INF  Executing OkObjectResult, writing value of type 'DCRM.Common.AuthenticateResponse'.

2023-10-09 10:16:54.910 +05:30  INF  Executed action DCRM.Api.Controllers.AuthenticateController.Post (DCRM.Api) in 2158.611ms

2023-10-09 10:16:54.911 +05:30  INF  Executed endpoint 'DCRM.Api.Controllers.AuthenticateController.Post (DCRM.Api)'

2023-10-09 10:16:54.929 +05:30  INF  Request finished HTTP/2 POST https://localhost:7069/api/Authenticate/user application/json 57 - 200 - application/json;+charset=utf-8 4441.0158ms

2023-10-09 10:17:13.839 +05:30  INF  Request starting HTTP/2 GET https://localhost:7069/api/Dealer/Get/5 - -

2023-10-09 10:17:13.995 +05:30  INF  Executed DbCommand (5ms) [Parameters=[@__id_0='?' (DbType = Int64)], CommandType='"Text"', CommandTimeout='30']
=======
2023-10-09 09:41:38.673 +05:30  INF  Executing OkObjectResult, writing value of type 'DCRM.Common.AuthenticateResponse'.
2023-10-09 09:41:38.702 +05:30  INF  Executed action DCRM.Api.Controllers.AuthenticateController.Post (DCRM.Api) in 1171.9976ms
2023-10-09 09:41:38.703 +05:30  INF  Executed endpoint 'DCRM.Api.Controllers.AuthenticateController.Post (DCRM.Api)'
2023-10-09 09:41:38.711 +05:30  INF  Request finished HTTP/1.1 POST https://localhost:7069/api/Authenticate/user application/json 64 - 200 - application/json;+charset=utf-8 2395.2604ms
2023-10-09 09:42:11.016 +05:30  INF  Request starting HTTP/1.1 GET https://localhost:7069/api/Dealer/GetAll - -
2023-10-09 09:42:11.221 +05:30  INF  Executed DbCommand (9ms) [Parameters=[@__id_0='?' (DbType = Int32)], CommandType='"Text"', CommandTimeout='30']
>>>>>>> 2b130d7e599e094edfc5957739c23a6cbc514958
SELECT `u`.`Id`, `u`.`About_Me`, `u`.`Account_Type`, `u`.`Address`, `u`.`Available_Days`, `u`.`Bn_Name`, `u`.`City`, `u`.`Country`, `u`.`Created_At`, `u`.`Currency`, `u`.`Degree`, `u`.`Email`, `u`.`Email_Verified`, `u`.`Enable_Appointment`, `u`.`Enable_Rating`, `u`.`Exp_Years`, `u`.`Facebook`, `u`.`Google_Analytics`, `u`.`Image`, `u`.`Instagram`, `u`.`Linkedin`, `u`.`Name`, `u`.`Parent_Id`, `u`.`Password`, `u`.`Paypal_Email`, `u`.`Paypal_Mode`, `u`.`Paypal_Payment`, `u`.`Paystack_Payment`, `u`.`Paystack_Public_Key`, `u`.`Paystack_Secret_Key`, `u`.`Phone`, `u`.`Publish_Key`, `u`.`Qr_Code`, `u`.`Razorpay_Key_Id`, `u`.`Razorpay_Key_Secret`, `u`.`Razorpay_Payment`, `u`.`Role`, `u`.`Secret_Key`, `u`.`Skype`, `u`.`Slug`, `u`.`Specialist`, `u`.`Status`, `u`.`Stripe_Payment`, `u`.`Thumb`, `u`.`Trial_Expire`, `u`.`Twitter`, `u`.`User_Name`, `u`.`User_Type`, `u`.`Verify_Code`, `u`.`Whatsapp`
FROM `Users` AS `u`
WHERE `u`.`Id` = @__id_0
LIMIT 1
<<<<<<< HEAD

2023-10-09 10:17:13.995 +05:30  INF  Executing endpoint 'DCRM.Api.Controllers.DealerController.GetAsync (DCRM.Api)'

2023-10-09 10:17:14.001 +05:30  INF  Route matched with {action = "Get", controller = "Dealer"}. Executing controller action with signature System.Threading.Tasks.Task`1[DCRM.Common.Dto.DealerDto] GetAsync(Int32) on controller DCRM.Api.Controllers.DealerController (DCRM.Api).

2023-10-09 10:17:14.116 +05:30  INF  Executed DbCommand (49ms) [Parameters=[@__id_0='?' (DbType = Int32), @__userId_1='?' (DbType = Int64)], CommandType='"Text"', CommandTimeout='30']
SELECT `d`.`Id`, `d`.`Address_O`, `d`.`Address_R`, `d`.`City_O`, `d`.`City_R`, `d`.`Company_Name`, `d`.`Country_O`, `d`.`Country_R`, `d`.`Created_At`, `d`.`Email1`, `d`.`Email2`, `d`.`Gst_Number`, `d`.`Image`, `d`.`Is_Deleted`, `d`.`Own_Name_1`, `d`.`Own_Name_2`, `d`.`Pan_Number`, `d`.`Phone1`, `d`.`Phone2`, `d`.`Staff_Email1`, `d`.`Staff_Email2`, `d`.`Staff_Email3`, `d`.`Staff_Email4`, `d`.`Staff_Name1`, `d`.`Staff_Name2`, `d`.`Staff_Name3`, `d`.`Staff_Name4`, `d`.`Staff_Phone1`, `d`.`Staff_Phone2`, `d`.`Staff_Phone3`, `d`.`Staff_Phone4`, `d`.`Updated_At`, `d`.`User_Id`, `d`.`Zip_O`, `d`.`Zip_R`
FROM `Dealers` AS `d`
WHERE ((`d`.`Id` = @__id_0) AND (`d`.`Is_Deleted` = 0)) AND (`d`.`User_Id` = @__userId_1)
LIMIT 1

2023-10-09 10:17:14.367 +05:30  INF  Executed action DCRM.Api.Controllers.DealerController.GetAsync (DCRM.Api) in 366.3614ms

2023-10-09 10:17:14.369 +05:30  INF  Executed endpoint 'DCRM.Api.Controllers.DealerController.GetAsync (DCRM.Api)'

2023-10-09 10:17:14.606 +05:30  INF  Request finished HTTP/2 GET https://localhost:7069/api/Dealer/Get/5 - - - 404 - application/json 766.9135ms

2023-10-09 10:17:42.908 +05:30  INF  Request starting HTTP/2 GET https://localhost:7069/api/Dealer/Get/22 - -

2023-10-09 10:17:42.936 +05:30  INF  Executed DbCommand (1ms) [Parameters=[@__id_0='?' (DbType = Int64)], CommandType='"Text"', CommandTimeout='30']
SELECT `u`.`Id`, `u`.`About_Me`, `u`.`Account_Type`, `u`.`Address`, `u`.`Available_Days`, `u`.`Bn_Name`, `u`.`City`, `u`.`Country`, `u`.`Created_At`, `u`.`Currency`, `u`.`Degree`, `u`.`Email`, `u`.`Email_Verified`, `u`.`Enable_Appointment`, `u`.`Enable_Rating`, `u`.`Exp_Years`, `u`.`Facebook`, `u`.`Google_Analytics`, `u`.`Image`, `u`.`Instagram`, `u`.`Linkedin`, `u`.`Name`, `u`.`Parent_Id`, `u`.`Password`, `u`.`Paypal_Email`, `u`.`Paypal_Mode`, `u`.`Paypal_Payment`, `u`.`Paystack_Payment`, `u`.`Paystack_Public_Key`, `u`.`Paystack_Secret_Key`, `u`.`Phone`, `u`.`Publish_Key`, `u`.`Qr_Code`, `u`.`Razorpay_Key_Id`, `u`.`Razorpay_Key_Secret`, `u`.`Razorpay_Payment`, `u`.`Role`, `u`.`Secret_Key`, `u`.`Skype`, `u`.`Slug`, `u`.`Specialist`, `u`.`Status`, `u`.`Stripe_Payment`, `u`.`Thumb`, `u`.`Trial_Expire`, `u`.`Twitter`, `u`.`User_Name`, `u`.`User_Type`, `u`.`Verify_Code`, `u`.`Whatsapp`
FROM `Users` AS `u`
WHERE `u`.`Id` = @__id_0
LIMIT 1

2023-10-09 10:17:42.936 +05:30  INF  Executing endpoint 'DCRM.Api.Controllers.DealerController.GetAsync (DCRM.Api)'

2023-10-09 10:17:42.936 +05:30  INF  Route matched with {action = "Get", controller = "Dealer"}. Executing controller action with signature System.Threading.Tasks.Task`1[DCRM.Common.Dto.DealerDto] GetAsync(Int32) on controller DCRM.Api.Controllers.DealerController (DCRM.Api).

2023-10-09 10:17:42.948 +05:30  INF  Executed DbCommand (1ms) [Parameters=[@__id_0='?' (DbType = Int32), @__userId_1='?' (DbType = Int64)], CommandType='"Text"', CommandTimeout='30']
SELECT `d`.`Id`, `d`.`Address_O`, `d`.`Address_R`, `d`.`City_O`, `d`.`City_R`, `d`.`Company_Name`, `d`.`Country_O`, `d`.`Country_R`, `d`.`Created_At`, `d`.`Email1`, `d`.`Email2`, `d`.`Gst_Number`, `d`.`Image`, `d`.`Is_Deleted`, `d`.`Own_Name_1`, `d`.`Own_Name_2`, `d`.`Pan_Number`, `d`.`Phone1`, `d`.`Phone2`, `d`.`Staff_Email1`, `d`.`Staff_Email2`, `d`.`Staff_Email3`, `d`.`Staff_Email4`, `d`.`Staff_Name1`, `d`.`Staff_Name2`, `d`.`Staff_Name3`, `d`.`Staff_Name4`, `d`.`Staff_Phone1`, `d`.`Staff_Phone2`, `d`.`Staff_Phone3`, `d`.`Staff_Phone4`, `d`.`Updated_At`, `d`.`User_Id`, `d`.`Zip_O`, `d`.`Zip_R`
FROM `Dealers` AS `d`
WHERE ((`d`.`Id` = @__id_0) AND (`d`.`Is_Deleted` = 0)) AND (`d`.`User_Id` = @__userId_1)
LIMIT 1

2023-10-09 10:17:43.038 +05:30  INF  Executed DbCommand (5ms) [Parameters=[@__p_0='?' (DbType = Int64)], CommandType='"Text"', CommandTimeout='30']
SELECT `d`.`Id`, `d`.`Bank_Account_Number`, `d`.`Bank_Name`, `d`.`Dealer_Id`, `d`.`Ifsc_Code`, `d`.`Remarks`, `d`.`Updated_At`
FROM `Dealer_Bank_Details` AS `d`
WHERE `d`.`Dealer_Id` = @__p_0

2023-10-09 10:17:43.043 +05:30  INF  Executed DbCommand (2ms) [Parameters=[@__p_0='?' (DbType = Int64)], CommandType='"Text"', CommandTimeout='30']
SELECT `d`.`Id`, `d`.`Dealer_Id`, `d`.`Material_Cost`, `d`.`Material_Date`, `d`.`Material_Name`
FROM `Dealer_Material` AS `d`
WHERE `d`.`Dealer_Id` = @__p_0

2023-10-09 10:17:43.044 +05:30  INF  Executing ObjectResult, writing value of type 'DCRM.Common.Dto.DealerDto'.

2023-10-09 10:17:43.088 +05:30  INF  Executed action DCRM.Api.Controllers.DealerController.GetAsync (DCRM.Api) in 152.1188ms

2023-10-09 10:17:43.088 +05:30  INF  Executed endpoint 'DCRM.Api.Controllers.DealerController.GetAsync (DCRM.Api)'

2023-10-09 10:17:43.088 +05:30  INF  Request finished HTTP/2 GET https://localhost:7069/api/Dealer/Get/22 - - - 200 - application/json;+charset=utf-8 180.2490ms

2023-10-09 10:18:13.106 +05:30  INF  Request starting HTTP/2 GET https://localhost:7069/api/Dealer/Get/22 - -

2023-10-09 10:18:13.132 +05:30  INF  Executed DbCommand (1ms) [Parameters=[@__id_0='?' (DbType = Int64)], CommandType='"Text"', CommandTimeout='30']
SELECT `u`.`Id`, `u`.`About_Me`, `u`.`Account_Type`, `u`.`Address`, `u`.`Available_Days`, `u`.`Bn_Name`, `u`.`City`, `u`.`Country`, `u`.`Created_At`, `u`.`Currency`, `u`.`Degree`, `u`.`Email`, `u`.`Email_Verified`, `u`.`Enable_Appointment`, `u`.`Enable_Rating`, `u`.`Exp_Years`, `u`.`Facebook`, `u`.`Google_Analytics`, `u`.`Image`, `u`.`Instagram`, `u`.`Linkedin`, `u`.`Name`, `u`.`Parent_Id`, `u`.`Password`, `u`.`Paypal_Email`, `u`.`Paypal_Mode`, `u`.`Paypal_Payment`, `u`.`Paystack_Payment`, `u`.`Paystack_Public_Key`, `u`.`Paystack_Secret_Key`, `u`.`Phone`, `u`.`Publish_Key`, `u`.`Qr_Code`, `u`.`Razorpay_Key_Id`, `u`.`Razorpay_Key_Secret`, `u`.`Razorpay_Payment`, `u`.`Role`, `u`.`Secret_Key`, `u`.`Skype`, `u`.`Slug`, `u`.`Specialist`, `u`.`Status`, `u`.`Stripe_Payment`, `u`.`Thumb`, `u`.`Trial_Expire`, `u`.`Twitter`, `u`.`User_Name`, `u`.`User_Type`, `u`.`Verify_Code`, `u`.`Whatsapp`
FROM `Users` AS `u`
WHERE `u`.`Id` = @__id_0
LIMIT 1

2023-10-09 10:18:13.132 +05:30  INF  Executing endpoint 'DCRM.Api.Controllers.DealerController.GetAsync (DCRM.Api)'

2023-10-09 10:18:13.132 +05:30  INF  Route matched with {action = "Get", controller = "Dealer"}. Executing controller action with signature System.Threading.Tasks.Task`1[DCRM.Common.Dto.DealerDto] GetAsync(Int32) on controller DCRM.Api.Controllers.DealerController (DCRM.Api).

2023-10-09 10:18:20.750 +05:30  INF  Executed DbCommand (3ms) [Parameters=[@__id_0='?' (DbType = Int32), @__userId_1='?' (DbType = Int64)], CommandType='"Text"', CommandTimeout='30']
SELECT `d`.`Id`, `d`.`Address_O`, `d`.`Address_R`, `d`.`City_O`, `d`.`City_R`, `d`.`Company_Name`, `d`.`Country_O`, `d`.`Country_R`, `d`.`Created_At`, `d`.`Email1`, `d`.`Email2`, `d`.`Gst_Number`, `d`.`Image`, `d`.`Is_Deleted`, `d`.`Own_Name_1`, `d`.`Own_Name_2`, `d`.`Pan_Number`, `d`.`Phone1`, `d`.`Phone2`, `d`.`Staff_Email1`, `d`.`Staff_Email2`, `d`.`Staff_Email3`, `d`.`Staff_Email4`, `d`.`Staff_Name1`, `d`.`Staff_Name2`, `d`.`Staff_Name3`, `d`.`Staff_Name4`, `d`.`Staff_Phone1`, `d`.`Staff_Phone2`, `d`.`Staff_Phone3`, `d`.`Staff_Phone4`, `d`.`Updated_At`, `d`.`User_Id`, `d`.`Zip_O`, `d`.`Zip_R`
FROM `Dealers` AS `d`
WHERE ((`d`.`Id` = @__id_0) AND (`d`.`Is_Deleted` = 0)) AND (`d`.`User_Id` = @__userId_1)
LIMIT 1

2023-10-09 10:18:35.551 +05:30  INF  Executed DbCommand (0ms) [Parameters=[@__p_0='?' (DbType = Int64)], CommandType='"Text"', CommandTimeout='30']
SELECT `d`.`Id`, `d`.`Bank_Account_Number`, `d`.`Bank_Name`, `d`.`Dealer_Id`, `d`.`Ifsc_Code`, `d`.`Remarks`, `d`.`Updated_At`
FROM `Dealer_Bank_Details` AS `d`
WHERE `d`.`Dealer_Id` = @__p_0

2023-10-09 10:18:36.116 +05:30  INF  Executed DbCommand (0ms) [Parameters=[@__p_0='?' (DbType = Int64)], CommandType='"Text"', CommandTimeout='30']
SELECT `d`.`Id`, `d`.`Dealer_Id`, `d`.`Material_Cost`, `d`.`Material_Date`, `d`.`Material_Name`
FROM `Dealer_Material` AS `d`
WHERE `d`.`Dealer_Id` = @__p_0

2023-10-09 10:18:37.824 +05:30  INF  Executing ObjectResult, writing value of type 'DCRM.Common.Dto.DealerDto'.

2023-10-09 10:18:37.824 +05:30  INF  Executed action DCRM.Api.Controllers.DealerController.GetAsync (DCRM.Api) in 24692.3376ms

2023-10-09 10:18:37.824 +05:30  INF  Executed endpoint 'DCRM.Api.Controllers.DealerController.GetAsync (DCRM.Api)'

2023-10-09 10:18:37.824 +05:30  INF  Request finished HTTP/2 GET https://localhost:7069/api/Dealer/Get/22 - - - 200 - application/json;+charset=utf-8 24718.0788ms

2023-10-09 10:21:21.663 +05:30  INF  User profile is available. Using 'C:\Users\DELL\AppData\Local\ASP.NET\DataProtection-Keys' as key repository and Windows DPAPI to encrypt keys at rest.

2023-10-09 10:21:22.014 +05:30  INF  Now listening on: https://localhost:7069

2023-10-09 10:21:22.014 +05:30  INF  Now listening on: http://localhost:5069

2023-10-09 10:21:22.018 +05:30  INF  Application started. Press Ctrl+C to shut down.

2023-10-09 10:21:22.018 +05:30  INF  Hosting environment: Development

2023-10-09 10:21:22.018 +05:30  INF  Content root path: D:\Projects\GitHubProjects\virmani_dotnet\DCRM.Api\

2023-10-09 10:21:22.987 +05:30  INF  Request starting HTTP/2 GET https://localhost:7069/swagger - -

2023-10-09 10:21:23.124 +05:30  INF  Request finished HTTP/2 GET https://localhost:7069/swagger - - - 301 0 - 143.5089ms

2023-10-09 10:21:23.125 +05:30  INF  Request starting HTTP/2 GET https://localhost:7069/swagger/index.html - -

2023-10-09 10:21:23.557 +05:30  INF  Request finished HTTP/2 GET https://localhost:7069/swagger/index.html - - - 200 - text/html;charset=utf-8 431.3096ms

2023-10-09 10:21:23.563 +05:30  INF  Request starting HTTP/2 GET https://localhost:7069/swagger/swagger-ui-standalone-preset.js - -

2023-10-09 10:21:23.564 +05:30  INF  Request starting HTTP/2 GET https://localhost:7069/swagger/swagger-ui.css - -

2023-10-09 10:21:23.564 +05:30  INF  Request starting HTTP/2 GET https://localhost:7069/swagger/swagger-ui-bundle.js - -

2023-10-09 10:21:23.571 +05:30  INF  Request starting HTTP/2 GET https://localhost:7069/_framework/aspnetcore-browser-refresh.js - -

2023-10-09 10:21:23.576 +05:30  INF  Request starting HTTP/2 GET https://localhost:7069/_vs/browserLink - -

2023-10-09 10:21:23.587 +05:30  INF  Request finished HTTP/2 GET https://localhost:7069/_framework/aspnetcore-browser-refresh.js - - - 200 12348 application/javascript;+charset=utf-8 16.8422ms

2023-10-09 10:21:23.613 +05:30  INF  Request finished HTTP/2 GET https://localhost:7069/_vs/browserLink - - - 200 - text/javascript;+charset=UTF-8 36.8812ms

2023-10-09 10:21:23.614 +05:30  INF  Sending file. Request path: '/swagger-ui.css'. Physical path: 'N/A'

2023-10-09 10:21:23.614 +05:30  INF  Request finished HTTP/2 GET https://localhost:7069/swagger/swagger-ui.css - - - 200 143632 text/css 50.8641ms

2023-10-09 10:21:23.631 +05:30  INF  Sending file. Request path: '/swagger-ui-standalone-preset.js'. Physical path: 'N/A'

2023-10-09 10:21:23.633 +05:30  INF  Request finished HTTP/2 GET https://localhost:7069/swagger/swagger-ui-standalone-preset.js - - - 200 337162 application/javascript 70.0771ms

2023-10-09 10:21:23.644 +05:30  INF  Sending file. Request path: '/swagger-ui-bundle.js'. Physical path: 'N/A'

2023-10-09 10:21:23.644 +05:30  INF  Request finished HTTP/2 GET https://localhost:7069/swagger/swagger-ui-bundle.js - - - 200 1092889 application/javascript 80.5861ms

2023-10-09 10:21:23.793 +05:30  INF  Request starting HTTP/2 GET https://localhost:7069/swagger/v1/swagger.json - -

2023-10-09 10:21:23.990 +05:30  INF  Request finished HTTP/2 GET https://localhost:7069/swagger/v1/swagger.json - - - 200 - application/json;charset=utf-8 196.2155ms

2023-10-09 10:21:50.912 +05:30  INF  Request starting HTTP/2 POST https://localhost:7069/api/Authenticate/user application/json 57

2023-10-09 10:21:50.919 +05:30  INF  CORS policy execution successful.

2023-10-09 10:21:52.144 +05:30  INF  Executing endpoint 'DCRM.Api.Controllers.AuthenticateController.Post (DCRM.Api)'

2023-10-09 10:21:52.186 +05:30  INF  Route matched with {action = "Post", controller = "Authenticate"}. Executing controller action with signature Microsoft.AspNetCore.Mvc.IActionResult Post(System.String, DCRM.Common.AuthenticateRequest) on controller DCRM.Api.Controllers.AuthenticateController (DCRM.Api).

2023-10-09 10:21:53.898 +05:30  INF  Executed DbCommand (24ms) [Parameters=[@__authenticateRequest_Email_0='?' (Size = 4000), @__authenticateRequest_Password_1='?' (Size = 4000)], CommandType='"Text"', CommandTimeout='30']
SELECT `u`.`Id`, `u`.`About_Me`, `u`.`Account_Type`, `u`.`Address`, `u`.`Available_Days`, `u`.`Bn_Name`, `u`.`City`, `u`.`Country`, `u`.`Created_At`, `u`.`Currency`, `u`.`Degree`, `u`.`Email`, `u`.`Email_Verified`, `u`.`Enable_Appointment`, `u`.`Enable_Rating`, `u`.`Exp_Years`, `u`.`Facebook`, `u`.`Google_Analytics`, `u`.`Image`, `u`.`Instagram`, `u`.`Linkedin`, `u`.`Name`, `u`.`Parent_Id`, `u`.`Password`, `u`.`Paypal_Email`, `u`.`Paypal_Mode`, `u`.`Paypal_Payment`, `u`.`Paystack_Payment`, `u`.`Paystack_Public_Key`, `u`.`Paystack_Secret_Key`, `u`.`Phone`, `u`.`Publish_Key`, `u`.`Qr_Code`, `u`.`Razorpay_Key_Id`, `u`.`Razorpay_Key_Secret`, `u`.`Razorpay_Payment`, `u`.`Role`, `u`.`Secret_Key`, `u`.`Skype`, `u`.`Slug`, `u`.`Specialist`, `u`.`Status`, `u`.`Stripe_Payment`, `u`.`Thumb`, `u`.`Trial_Expire`, `u`.`Twitter`, `u`.`User_Name`, `u`.`User_Type`, `u`.`Verify_Code`, `u`.`Whatsapp`
FROM `Users` AS `u`
WHERE ((`u`.`Status` = 1) AND (`u`.`Email` = @__authenticateRequest_Email_0)) AND (`u`.`Password` = @__authenticateRequest_Password_1)
LIMIT 2

2023-10-09 10:21:54.284 +05:30  INF  Executing OkObjectResult, writing value of type 'DCRM.Common.AuthenticateResponse'.

2023-10-09 10:21:54.309 +05:30  INF  Executed action DCRM.Api.Controllers.AuthenticateController.Post (DCRM.Api) in 2115.956ms

2023-10-09 10:21:54.310 +05:30  INF  Executed endpoint 'DCRM.Api.Controllers.AuthenticateController.Post (DCRM.Api)'

2023-10-09 10:21:54.326 +05:30  INF  Request finished HTTP/2 POST https://localhost:7069/api/Authenticate/user application/json 57 - 200 - application/json;+charset=utf-8 3414.4630ms

2023-10-09 10:22:18.691 +05:30  INF  Request starting HTTP/2 GET https://localhost:7069/api/Dealer/Get/22 - -

2023-10-09 10:22:18.870 +05:30  INF  Executed DbCommand (3ms) [Parameters=[@__id_0='?' (DbType = Int64)], CommandType='"Text"', CommandTimeout='30']
SELECT `u`.`Id`, `u`.`About_Me`, `u`.`Account_Type`, `u`.`Address`, `u`.`Available_Days`, `u`.`Bn_Name`, `u`.`City`, `u`.`Country`, `u`.`Created_At`, `u`.`Currency`, `u`.`Degree`, `u`.`Email`, `u`.`Email_Verified`, `u`.`Enable_Appointment`, `u`.`Enable_Rating`, `u`.`Exp_Years`, `u`.`Facebook`, `u`.`Google_Analytics`, `u`.`Image`, `u`.`Instagram`, `u`.`Linkedin`, `u`.`Name`, `u`.`Parent_Id`, `u`.`Password`, `u`.`Paypal_Email`, `u`.`Paypal_Mode`, `u`.`Paypal_Payment`, `u`.`Paystack_Payment`, `u`.`Paystack_Public_Key`, `u`.`Paystack_Secret_Key`, `u`.`Phone`, `u`.`Publish_Key`, `u`.`Qr_Code`, `u`.`Razorpay_Key_Id`, `u`.`Razorpay_Key_Secret`, `u`.`Razorpay_Payment`, `u`.`Role`, `u`.`Secret_Key`, `u`.`Skype`, `u`.`Slug`, `u`.`Specialist`, `u`.`Status`, `u`.`Stripe_Payment`, `u`.`Thumb`, `u`.`Trial_Expire`, `u`.`Twitter`, `u`.`User_Name`, `u`.`User_Type`, `u`.`Verify_Code`, `u`.`Whatsapp`
FROM `Users` AS `u`
WHERE `u`.`Id` = @__id_0
LIMIT 1

2023-10-09 10:22:18.870 +05:30  INF  Executing endpoint 'DCRM.Api.Controllers.DealerController.GetAsync (DCRM.Api)'

2023-10-09 10:22:18.875 +05:30  INF  Route matched with {action = "Get", controller = "Dealer"}. Executing controller action with signature System.Threading.Tasks.Task`1[DCRM.Common.Dto.DealerDto] GetAsync(Int32) on controller DCRM.Api.Controllers.DealerController (DCRM.Api).

2023-10-09 10:22:27.047 +05:30  INF  Executed DbCommand (16ms) [Parameters=[@__id_0='?' (DbType = Int32), @__userId_1='?' (DbType = Int64)], CommandType='"Text"', CommandTimeout='30']
SELECT `d`.`Id`, `d`.`Address_O`, `d`.`Address_R`, `d`.`City_O`, `d`.`City_R`, `d`.`Company_Name`, `d`.`Country_O`, `d`.`Country_R`, `d`.`Created_At`, `d`.`Email1`, `d`.`Email2`, `d`.`Gst_Number`, `d`.`Image`, `d`.`Is_Deleted`, `d`.`Own_Name_1`, `d`.`Own_Name_2`, `d`.`Pan_Number`, `d`.`Phone1`, `d`.`Phone2`, `d`.`Staff_Email1`, `d`.`Staff_Email2`, `d`.`Staff_Email3`, `d`.`Staff_Email4`, `d`.`Staff_Name1`, `d`.`Staff_Name2`, `d`.`Staff_Name3`, `d`.`Staff_Name4`, `d`.`Staff_Phone1`, `d`.`Staff_Phone2`, `d`.`Staff_Phone3`, `d`.`Staff_Phone4`, `d`.`Updated_At`, `d`.`User_Id`, `d`.`Zip_O`, `d`.`Zip_R`
FROM `Dealers` AS `d`
WHERE ((`d`.`Id` = @__id_0) AND (`d`.`Is_Deleted` = 0)) AND (`d`.`User_Id` = @__userId_1)
LIMIT 1

2023-10-09 10:22:27.163 +05:30  INF  Executed DbCommand (1ms) [Parameters=[@__p_0='?' (DbType = Int64)], CommandType='"Text"', CommandTimeout='30']
SELECT `d`.`Id`, `d`.`Bank_Account_Number`, `d`.`Bank_Name`, `d`.`Dealer_Id`, `d`.`Ifsc_Code`, `d`.`Remarks`, `d`.`Updated_At`
FROM `Dealer_Bank_Details` AS `d`
WHERE `d`.`Dealer_Id` = @__p_0

2023-10-09 10:22:27.170 +05:30  INF  Executed DbCommand (2ms) [Parameters=[@__p_0='?' (DbType = Int64)], CommandType='"Text"', CommandTimeout='30']
SELECT `d`.`Id`, `d`.`Dealer_Id`, `d`.`Material_Cost`, `d`.`Material_Date`, `d`.`Material_Name`
FROM `Dealer_Material` AS `d`
WHERE `d`.`Dealer_Id` = @__p_0

2023-10-09 10:22:57.251 +05:30  INF  Executing ObjectResult, writing value of type 'DCRM.Common.Dto.DealerDto'.

2023-10-09 10:22:57.299 +05:30  INF  Executed action DCRM.Api.Controllers.DealerController.GetAsync (DCRM.Api) in 38423.274ms

2023-10-09 10:22:57.300 +05:30  INF  Executed endpoint 'DCRM.Api.Controllers.DealerController.GetAsync (DCRM.Api)'

2023-10-09 10:22:57.301 +05:30  INF  Request finished HTTP/2 GET https://localhost:7069/api/Dealer/Get/22 - - - 200 - application/json;+charset=utf-8 38610.2875ms

2023-10-09 10:25:50.054 +05:30  INF  User profile is available. Using 'C:\Users\DELL\AppData\Local\ASP.NET\DataProtection-Keys' as key repository and Windows DPAPI to encrypt keys at rest.

2023-10-09 10:25:50.321 +05:30  INF  Now listening on: https://localhost:7069

2023-10-09 10:25:50.321 +05:30  INF  Now listening on: http://localhost:5069

2023-10-09 10:25:50.324 +05:30  INF  Application started. Press Ctrl+C to shut down.

2023-10-09 10:25:50.325 +05:30  INF  Hosting environment: Development

2023-10-09 10:25:50.325 +05:30  INF  Content root path: D:\Projects\GitHubProjects\virmani_dotnet\DCRM.Api\

2023-10-09 10:25:51.017 +05:30  INF  Request starting HTTP/2 GET https://localhost:7069/swagger - -

2023-10-09 10:25:51.169 +05:30  INF  Request finished HTTP/2 GET https://localhost:7069/swagger - - - 301 0 - 157.4763ms

2023-10-09 10:25:51.173 +05:30  INF  Request starting HTTP/2 GET https://localhost:7069/swagger/index.html - -

2023-10-09 10:25:51.533 +05:30  INF  Request starting HTTP/2 GET https://localhost:7069/swagger/swagger-ui-bundle.js - -

2023-10-09 10:25:51.533 +05:30  INF  Request finished HTTP/2 GET https://localhost:7069/swagger/index.html - - - 200 - text/html;charset=utf-8 360.0126ms

2023-10-09 10:25:51.533 +05:30  INF  Request starting HTTP/2 GET https://localhost:7069/swagger/swagger-ui-standalone-preset.js - -

2023-10-09 10:25:51.539 +05:30  INF  Request starting HTTP/2 GET https://localhost:7069/swagger/swagger-ui.css - -

2023-10-09 10:25:51.540 +05:30  INF  Request starting HTTP/2 GET https://localhost:7069/_framework/aspnetcore-browser-refresh.js - -

2023-10-09 10:25:51.560 +05:30  INF  Request starting HTTP/2 GET https://localhost:7069/_vs/browserLink - -

2023-10-09 10:25:51.569 +05:30  INF  Request finished HTTP/2 GET https://localhost:7069/_framework/aspnetcore-browser-refresh.js - - - 200 12348 application/javascript;+charset=utf-8 28.5067ms

2023-10-09 10:25:51.590 +05:30  INF  Sending file. Request path: '/swagger-ui.css'. Physical path: 'N/A'

2023-10-09 10:25:51.590 +05:30  INF  Request finished HTTP/2 GET https://localhost:7069/swagger/swagger-ui.css - - - 200 143632 text/css 54.7318ms

2023-10-09 10:25:51.602 +05:30  INF  Sending file. Request path: '/swagger-ui-standalone-preset.js'. Physical path: 'N/A'

2023-10-09 10:25:51.603 +05:30  INF  Request finished HTTP/2 GET https://localhost:7069/swagger/swagger-ui-standalone-preset.js - - - 200 337162 application/javascript 69.6090ms

2023-10-09 10:25:51.609 +05:30  INF  Request finished HTTP/2 GET https://localhost:7069/_vs/browserLink - - - 200 - text/javascript;+charset=UTF-8 48.2095ms

2023-10-09 10:25:51.610 +05:30  INF  Sending file. Request path: '/swagger-ui-bundle.js'. Physical path: 'N/A'

2023-10-09 10:25:51.610 +05:30  INF  Request finished HTTP/2 GET https://localhost:7069/swagger/swagger-ui-bundle.js - - - 200 1092889 application/javascript 77.1239ms

2023-10-09 10:25:51.763 +05:30  INF  Request starting HTTP/2 GET https://localhost:7069/swagger/v1/swagger.json - -

2023-10-09 10:25:51.940 +05:30  INF  Request finished HTTP/2 GET https://localhost:7069/swagger/v1/swagger.json - - - 200 - application/json;charset=utf-8 176.2444ms

2023-10-09 10:26:09.956 +05:30  INF  Request starting HTTP/2 POST https://localhost:7069/api/Authenticate/user application/json 57

2023-10-09 10:26:09.965 +05:30  INF  CORS policy execution successful.

2023-10-09 10:26:19.107 +05:30  INF  Executing endpoint 'DCRM.Api.Controllers.AuthenticateController.Post (DCRM.Api)'

2023-10-09 10:26:19.138 +05:30  INF  Route matched with {action = "Post", controller = "Authenticate"}. Executing controller action with signature Microsoft.AspNetCore.Mvc.IActionResult Post(System.String, DCRM.Common.AuthenticateRequest) on controller DCRM.Api.Controllers.AuthenticateController (DCRM.Api).

2023-10-09 10:26:24.485 +05:30  INF  Executed DbCommand (17ms) [Parameters=[@__authenticateRequest_Email_0='?' (Size = 4000), @__authenticateRequest_Password_1='?' (Size = 4000)], CommandType='"Text"', CommandTimeout='30']
SELECT `u`.`Id`, `u`.`About_Me`, `u`.`Account_Type`, `u`.`Address`, `u`.`Available_Days`, `u`.`Bn_Name`, `u`.`City`, `u`.`Country`, `u`.`Created_At`, `u`.`Currency`, `u`.`Degree`, `u`.`Email`, `u`.`Email_Verified`, `u`.`Enable_Appointment`, `u`.`Enable_Rating`, `u`.`Exp_Years`, `u`.`Facebook`, `u`.`Google_Analytics`, `u`.`Image`, `u`.`Instagram`, `u`.`Linkedin`, `u`.`Name`, `u`.`Parent_Id`, `u`.`Password`, `u`.`Paypal_Email`, `u`.`Paypal_Mode`, `u`.`Paypal_Payment`, `u`.`Paystack_Payment`, `u`.`Paystack_Public_Key`, `u`.`Paystack_Secret_Key`, `u`.`Phone`, `u`.`Publish_Key`, `u`.`Qr_Code`, `u`.`Razorpay_Key_Id`, `u`.`Razorpay_Key_Secret`, `u`.`Razorpay_Payment`, `u`.`Role`, `u`.`Secret_Key`, `u`.`Skype`, `u`.`Slug`, `u`.`Specialist`, `u`.`Status`, `u`.`Stripe_Payment`, `u`.`Thumb`, `u`.`Trial_Expire`, `u`.`Twitter`, `u`.`User_Name`, `u`.`User_Type`, `u`.`Verify_Code`, `u`.`Whatsapp`
FROM `Users` AS `u`
WHERE ((`u`.`Status` = 1) AND (`u`.`Email` = @__authenticateRequest_Email_0)) AND (`u`.`Password` = @__authenticateRequest_Password_1)
LIMIT 2

2023-10-09 10:26:24.827 +05:30  INF  Executing OkObjectResult, writing value of type 'DCRM.Common.AuthenticateResponse'.

2023-10-09 10:26:24.850 +05:30  INF  Executed action DCRM.Api.Controllers.AuthenticateController.Post (DCRM.Api) in 5705.7317ms

2023-10-09 10:26:24.851 +05:30  INF  Executed endpoint 'DCRM.Api.Controllers.AuthenticateController.Post (DCRM.Api)'

2023-10-09 10:26:24.877 +05:30  INF  Request finished HTTP/2 POST https://localhost:7069/api/Authenticate/user application/json 57 - 200 - application/json;+charset=utf-8 14920.5375ms

2023-10-09 10:26:50.375 +05:30  INF  Request starting HTTP/2 GET https://localhost:7069/api/Dealer/Get/22 - -

2023-10-09 10:26:50.522 +05:30  INF  Executed DbCommand (3ms) [Parameters=[@__id_0='?' (DbType = Int64)], CommandType='"Text"', CommandTimeout='30']
SELECT `u`.`Id`, `u`.`About_Me`, `u`.`Account_Type`, `u`.`Address`, `u`.`Available_Days`, `u`.`Bn_Name`, `u`.`City`, `u`.`Country`, `u`.`Created_At`, `u`.`Currency`, `u`.`Degree`, `u`.`Email`, `u`.`Email_Verified`, `u`.`Enable_Appointment`, `u`.`Enable_Rating`, `u`.`Exp_Years`, `u`.`Facebook`, `u`.`Google_Analytics`, `u`.`Image`, `u`.`Instagram`, `u`.`Linkedin`, `u`.`Name`, `u`.`Parent_Id`, `u`.`Password`, `u`.`Paypal_Email`, `u`.`Paypal_Mode`, `u`.`Paypal_Payment`, `u`.`Paystack_Payment`, `u`.`Paystack_Public_Key`, `u`.`Paystack_Secret_Key`, `u`.`Phone`, `u`.`Publish_Key`, `u`.`Qr_Code`, `u`.`Razorpay_Key_Id`, `u`.`Razorpay_Key_Secret`, `u`.`Razorpay_Payment`, `u`.`Role`, `u`.`Secret_Key`, `u`.`Skype`, `u`.`Slug`, `u`.`Specialist`, `u`.`Status`, `u`.`Stripe_Payment`, `u`.`Thumb`, `u`.`Trial_Expire`, `u`.`Twitter`, `u`.`User_Name`, `u`.`User_Type`, `u`.`Verify_Code`, `u`.`Whatsapp`
FROM `Users` AS `u`
WHERE `u`.`Id` = @__id_0
LIMIT 1

2023-10-09 10:26:50.522 +05:30  INF  Executing endpoint 'DCRM.Api.Controllers.DealerController.GetAsync (DCRM.Api)'

2023-10-09 10:26:50.526 +05:30  INF  Route matched with {action = "Get", controller = "Dealer"}. Executing controller action with signature System.Threading.Tasks.Task`1[DCRM.Common.Dto.DealerDto] GetAsync(Int32) on controller DCRM.Api.Controllers.DealerController (DCRM.Api).

2023-10-09 10:26:53.969 +05:30  INF  Executed DbCommand (16ms) [Parameters=[@__id_0='?' (DbType = Int32), @__userId_1='?' (DbType = Int64)], CommandType='"Text"', CommandTimeout='30']
SELECT `d`.`Id`, `d`.`Address_O`, `d`.`Address_R`, `d`.`City_O`, `d`.`City_R`, `d`.`Company_Name`, `d`.`Country_O`, `d`.`Country_R`, `d`.`Created_At`, `d`.`Email1`, `d`.`Email2`, `d`.`Gst_Number`, `d`.`Image`, `d`.`Is_Deleted`, `d`.`Own_Name_1`, `d`.`Own_Name_2`, `d`.`Pan_Number`, `d`.`Phone1`, `d`.`Phone2`, `d`.`Staff_Email1`, `d`.`Staff_Email2`, `d`.`Staff_Email3`, `d`.`Staff_Email4`, `d`.`Staff_Name1`, `d`.`Staff_Name2`, `d`.`Staff_Name3`, `d`.`Staff_Name4`, `d`.`Staff_Phone1`, `d`.`Staff_Phone2`, `d`.`Staff_Phone3`, `d`.`Staff_Phone4`, `d`.`Updated_At`, `d`.`User_Id`, `d`.`Zip_O`, `d`.`Zip_R`
FROM `Dealers` AS `d`
WHERE ((`d`.`Id` = @__id_0) AND (`d`.`Is_Deleted` = 0)) AND (`d`.`User_Id` = @__userId_1)
LIMIT 1

2023-10-09 10:26:54.042 +05:30  ERR  An exception occurred while iterating over the results of a query for context type 'DCRM.Repository.Database.DCRMDBContext'.
System.Data.SqlTypes.SqlNullValueException: Data is Null. This method or property cannot be called on Null values.
   at MySql.Data.MySqlClient.MySqlDataReader.GetFieldValue(Int32 index, Boolean checkNull)
   at MySql.Data.MySqlClient.MySqlDataReader.GetString(Int32 i)
   at lambda_method311(Closure , QueryContext , DbDataReader , ResultContext , SingleQueryResultCoordinator )
   at Microsoft.EntityFrameworkCore.Query.Internal.SingleQueryingEnumerable`1.AsyncEnumerator.MoveNextAsync()System.Data.SqlTypes.SqlNullValueException: Data is Null. This method or property cannot be called on Null values.
   at MySql.Data.MySqlClient.MySqlDataReader.GetFieldValue(Int32 index, Boolean checkNull)
   at MySql.Data.MySqlClient.MySqlDataReader.GetString(Int32 i)
   at lambda_method311(Closure , QueryContext , DbDataReader , ResultContext , SingleQueryResultCoordinator )
   at Microsoft.EntityFrameworkCore.Query.Internal.SingleQueryingEnumerable`1.AsyncEnumerator.MoveNextAsync()


2023-10-09 10:26:54.220 +05:30  INF  Executed action DCRM.Api.Controllers.DealerController.GetAsync (DCRM.Api) in 3694.2016ms

2023-10-09 10:26:54.223 +05:30  INF  Executed endpoint 'DCRM.Api.Controllers.DealerController.GetAsync (DCRM.Api)'

2023-10-09 10:26:54.396 +05:30  INF  Request finished HTTP/2 GET https://localhost:7069/api/Dealer/Get/22 - - - 500 - application/json 4020.7222ms

2023-10-09 10:27:10.461 +05:30  INF  Request starting HTTP/2 GET https://localhost:7069/api/Dealer/Get/22 - -

2023-10-09 10:27:10.488 +05:30  INF  Executed DbCommand (1ms) [Parameters=[@__id_0='?' (DbType = Int64)], CommandType='"Text"', CommandTimeout='30']
SELECT `u`.`Id`, `u`.`About_Me`, `u`.`Account_Type`, `u`.`Address`, `u`.`Available_Days`, `u`.`Bn_Name`, `u`.`City`, `u`.`Country`, `u`.`Created_At`, `u`.`Currency`, `u`.`Degree`, `u`.`Email`, `u`.`Email_Verified`, `u`.`Enable_Appointment`, `u`.`Enable_Rating`, `u`.`Exp_Years`, `u`.`Facebook`, `u`.`Google_Analytics`, `u`.`Image`, `u`.`Instagram`, `u`.`Linkedin`, `u`.`Name`, `u`.`Parent_Id`, `u`.`Password`, `u`.`Paypal_Email`, `u`.`Paypal_Mode`, `u`.`Paypal_Payment`, `u`.`Paystack_Payment`, `u`.`Paystack_Public_Key`, `u`.`Paystack_Secret_Key`, `u`.`Phone`, `u`.`Publish_Key`, `u`.`Qr_Code`, `u`.`Razorpay_Key_Id`, `u`.`Razorpay_Key_Secret`, `u`.`Razorpay_Payment`, `u`.`Role`, `u`.`Secret_Key`, `u`.`Skype`, `u`.`Slug`, `u`.`Specialist`, `u`.`Status`, `u`.`Stripe_Payment`, `u`.`Thumb`, `u`.`Trial_Expire`, `u`.`Twitter`, `u`.`User_Name`, `u`.`User_Type`, `u`.`Verify_Code`, `u`.`Whatsapp`
FROM `Users` AS `u`
WHERE `u`.`Id` = @__id_0
LIMIT 1

2023-10-09 10:27:10.488 +05:30  INF  Executing endpoint 'DCRM.Api.Controllers.DealerController.GetAsync (DCRM.Api)'

2023-10-09 10:27:10.488 +05:30  INF  Route matched with {action = "Get", controller = "Dealer"}. Executing controller action with signature System.Threading.Tasks.Task`1[DCRM.Common.Dto.DealerDto] GetAsync(Int32) on controller DCRM.Api.Controllers.DealerController (DCRM.Api).

2023-10-09 10:27:11.944 +05:30  INF  Executed DbCommand (1ms) [Parameters=[@__id_0='?' (DbType = Int32), @__userId_1='?' (DbType = Int64)], CommandType='"Text"', CommandTimeout='30']
SELECT `d`.`Id`, `d`.`Address_O`, `d`.`Address_R`, `d`.`City_O`, `d`.`City_R`, `d`.`Company_Name`, `d`.`Country_O`, `d`.`Country_R`, `d`.`Created_At`, `d`.`Email1`, `d`.`Email2`, `d`.`Gst_Number`, `d`.`Image`, `d`.`Is_Deleted`, `d`.`Own_Name_1`, `d`.`Own_Name_2`, `d`.`Pan_Number`, `d`.`Phone1`, `d`.`Phone2`, `d`.`Staff_Email1`, `d`.`Staff_Email2`, `d`.`Staff_Email3`, `d`.`Staff_Email4`, `d`.`Staff_Name1`, `d`.`Staff_Name2`, `d`.`Staff_Name3`, `d`.`Staff_Name4`, `d`.`Staff_Phone1`, `d`.`Staff_Phone2`, `d`.`Staff_Phone3`, `d`.`Staff_Phone4`, `d`.`Updated_At`, `d`.`User_Id`, `d`.`Zip_O`, `d`.`Zip_R`
FROM `Dealers` AS `d`
WHERE ((`d`.`Id` = @__id_0) AND (`d`.`Is_Deleted` = 0)) AND (`d`.`User_Id` = @__userId_1)
LIMIT 1

2023-10-09 10:27:11.945 +05:30  ERR  An exception occurred while iterating over the results of a query for context type 'DCRM.Repository.Database.DCRMDBContext'.
System.Data.SqlTypes.SqlNullValueException: Data is Null. This method or property cannot be called on Null values.
   at MySql.Data.MySqlClient.MySqlDataReader.GetFieldValue(Int32 index, Boolean checkNull)
   at MySql.Data.MySqlClient.MySqlDataReader.GetString(Int32 i)
   at lambda_method311(Closure , QueryContext , DbDataReader , ResultContext , SingleQueryResultCoordinator )
   at Microsoft.EntityFrameworkCore.Query.Internal.SingleQueryingEnumerable`1.AsyncEnumerator.MoveNextAsync()System.Data.SqlTypes.SqlNullValueException: Data is Null. This method or property cannot be called on Null values.
   at MySql.Data.MySqlClient.MySqlDataReader.GetFieldValue(Int32 index, Boolean checkNull)
   at MySql.Data.MySqlClient.MySqlDataReader.GetString(Int32 i)
   at lambda_method311(Closure , QueryContext , DbDataReader , ResultContext , SingleQueryResultCoordinator )
   at Microsoft.EntityFrameworkCore.Query.Internal.SingleQueryingEnumerable`1.AsyncEnumerator.MoveNextAsync()


2023-10-09 10:27:12.112 +05:30  INF  Executed action DCRM.Api.Controllers.DealerController.GetAsync (DCRM.Api) in 1624.0051ms

2023-10-09 10:27:12.113 +05:30  INF  Executed endpoint 'DCRM.Api.Controllers.DealerController.GetAsync (DCRM.Api)'

2023-10-09 10:27:12.263 +05:30  INF  Request finished HTTP/2 GET https://localhost:7069/api/Dealer/Get/22 - - - 500 - application/json 1802.1550ms

2023-10-09 10:29:22.824 +05:30  INF  User profile is available. Using 'C:\Users\DELL\AppData\Local\ASP.NET\DataProtection-Keys' as key repository and Windows DPAPI to encrypt keys at rest.

2023-10-09 10:29:23.080 +05:30  INF  Now listening on: https://localhost:7069

2023-10-09 10:29:23.080 +05:30  INF  Now listening on: http://localhost:5069

2023-10-09 10:29:23.084 +05:30  INF  Application started. Press Ctrl+C to shut down.

2023-10-09 10:29:23.085 +05:30  INF  Hosting environment: Development

2023-10-09 10:29:23.085 +05:30  INF  Content root path: D:\Projects\GitHubProjects\virmani_dotnet\DCRM.Api\

2023-10-09 10:29:23.483 +05:30  INF  Request starting HTTP/2 GET https://localhost:7069/swagger - -

2023-10-09 10:29:23.608 +05:30  INF  Request finished HTTP/2 GET https://localhost:7069/swagger - - - 301 0 - 130.1530ms

2023-10-09 10:29:23.609 +05:30  INF  Request starting HTTP/2 GET https://localhost:7069/swagger/index.html - -

2023-10-09 10:29:23.997 +05:30  INF  Request finished HTTP/2 GET https://localhost:7069/swagger/index.html - - - 200 - text/html;charset=utf-8 387.4114ms

2023-10-09 10:29:24.003 +05:30  INF  Request starting HTTP/2 GET https://localhost:7069/swagger/swagger-ui-standalone-preset.js - -

2023-10-09 10:29:24.003 +05:30  INF  Request starting HTTP/2 GET https://localhost:7069/_framework/aspnetcore-browser-refresh.js - -

2023-10-09 10:29:24.004 +05:30  INF  Request starting HTTP/2 GET https://localhost:7069/_vs/browserLink - -

2023-10-09 10:29:24.004 +05:30  INF  Request starting HTTP/2 GET https://localhost:7069/swagger/swagger-ui.css - -

2023-10-09 10:29:24.004 +05:30  INF  Request starting HTTP/2 GET https://localhost:7069/swagger/swagger-ui-bundle.js - -

2023-10-09 10:29:24.011 +05:30  INF  Request finished HTTP/2 GET https://localhost:7069/_framework/aspnetcore-browser-refresh.js - - - 200 12348 application/javascript;+charset=utf-8 7.4825ms

2023-10-09 10:29:24.039 +05:30  INF  Sending file. Request path: '/swagger-ui.css'. Physical path: 'N/A'

2023-10-09 10:29:24.040 +05:30  INF  Request finished HTTP/2 GET https://localhost:7069/swagger/swagger-ui.css - - - 200 143632 text/css 35.5427ms

2023-10-09 10:29:24.039 +05:30  INF  Sending file. Request path: '/swagger-ui-standalone-preset.js'. Physical path: 'N/A'

2023-10-09 10:29:24.040 +05:30  INF  Request finished HTTP/2 GET https://localhost:7069/swagger/swagger-ui-standalone-preset.js - - - 200 337162 application/javascript 36.3036ms

2023-10-09 10:29:24.059 +05:30  INF  Request finished HTTP/2 GET https://localhost:7069/_vs/browserLink - - - 200 - text/javascript;+charset=UTF-8 54.8829ms

2023-10-09 10:29:24.063 +05:30  INF  Sending file. Request path: '/swagger-ui-bundle.js'. Physical path: 'N/A'

2023-10-09 10:29:24.064 +05:30  INF  Request finished HTTP/2 GET https://localhost:7069/swagger/swagger-ui-bundle.js - - - 200 1092889 application/javascript 59.4659ms

2023-10-09 10:29:24.219 +05:30  INF  Request starting HTTP/2 GET https://localhost:7069/swagger/v1/swagger.json - -

2023-10-09 10:29:24.385 +05:30  INF  Request finished HTTP/2 GET https://localhost:7069/swagger/v1/swagger.json - - - 200 - application/json;charset=utf-8 166.7303ms

2023-10-09 10:29:42.233 +05:30  INF  Request starting HTTP/2 POST https://localhost:7069/api/Authenticate/user application/json 57

2023-10-09 10:29:42.241 +05:30  INF  CORS policy execution successful.

2023-10-09 10:29:43.229 +05:30  INF  Executing endpoint 'DCRM.Api.Controllers.AuthenticateController.Post (DCRM.Api)'

2023-10-09 10:29:43.258 +05:30  INF  Route matched with {action = "Post", controller = "Authenticate"}. Executing controller action with signature Microsoft.AspNetCore.Mvc.IActionResult Post(System.String, DCRM.Common.AuthenticateRequest) on controller DCRM.Api.Controllers.AuthenticateController (DCRM.Api).

2023-10-09 10:29:44.308 +05:30  INF  Executed DbCommand (21ms) [Parameters=[@__authenticateRequest_Email_0='?' (Size = 4000), @__authenticateRequest_Password_1='?' (Size = 4000)], CommandType='"Text"', CommandTimeout='30']
SELECT `u`.`Id`, `u`.`About_Me`, `u`.`Account_Type`, `u`.`Address`, `u`.`Available_Days`, `u`.`Bn_Name`, `u`.`City`, `u`.`Country`, `u`.`Created_At`, `u`.`Currency`, `u`.`Degree`, `u`.`Email`, `u`.`Email_Verified`, `u`.`Enable_Appointment`, `u`.`Enable_Rating`, `u`.`Exp_Years`, `u`.`Facebook`, `u`.`Google_Analytics`, `u`.`Image`, `u`.`Instagram`, `u`.`Linkedin`, `u`.`Name`, `u`.`Parent_Id`, `u`.`Password`, `u`.`Paypal_Email`, `u`.`Paypal_Mode`, `u`.`Paypal_Payment`, `u`.`Paystack_Payment`, `u`.`Paystack_Public_Key`, `u`.`Paystack_Secret_Key`, `u`.`Phone`, `u`.`Publish_Key`, `u`.`Qr_Code`, `u`.`Razorpay_Key_Id`, `u`.`Razorpay_Key_Secret`, `u`.`Razorpay_Payment`, `u`.`Role`, `u`.`Secret_Key`, `u`.`Skype`, `u`.`Slug`, `u`.`Specialist`, `u`.`Status`, `u`.`Stripe_Payment`, `u`.`Thumb`, `u`.`Trial_Expire`, `u`.`Twitter`, `u`.`User_Name`, `u`.`User_Type`, `u`.`Verify_Code`, `u`.`Whatsapp`
FROM `Users` AS `u`
WHERE ((`u`.`Status` = 1) AND (`u`.`Email` = @__authenticateRequest_Email_0)) AND (`u`.`Password` = @__authenticateRequest_Password_1)
LIMIT 2

2023-10-09 10:29:44.642 +05:30  INF  Executing OkObjectResult, writing value of type 'DCRM.Common.AuthenticateResponse'.

2023-10-09 10:29:44.666 +05:30  INF  Executed action DCRM.Api.Controllers.AuthenticateController.Post (DCRM.Api) in 1401.3553ms

2023-10-09 10:29:44.667 +05:30  INF  Executed endpoint 'DCRM.Api.Controllers.AuthenticateController.Post (DCRM.Api)'

2023-10-09 10:29:44.684 +05:30  INF  Request finished HTTP/2 POST https://localhost:7069/api/Authenticate/user application/json 57 - 200 - application/json;+charset=utf-8 2451.6530ms

2023-10-09 10:30:03.505 +05:30  INF  Request starting HTTP/2 GET https://localhost:7069/api/Dealer/Get/22 - -

2023-10-09 10:30:03.655 +05:30  INF  Executed DbCommand (5ms) [Parameters=[@__id_0='?' (DbType = Int64)], CommandType='"Text"', CommandTimeout='30']
SELECT `u`.`Id`, `u`.`About_Me`, `u`.`Account_Type`, `u`.`Address`, `u`.`Available_Days`, `u`.`Bn_Name`, `u`.`City`, `u`.`Country`, `u`.`Created_At`, `u`.`Currency`, `u`.`Degree`, `u`.`Email`, `u`.`Email_Verified`, `u`.`Enable_Appointment`, `u`.`Enable_Rating`, `u`.`Exp_Years`, `u`.`Facebook`, `u`.`Google_Analytics`, `u`.`Image`, `u`.`Instagram`, `u`.`Linkedin`, `u`.`Name`, `u`.`Parent_Id`, `u`.`Password`, `u`.`Paypal_Email`, `u`.`Paypal_Mode`, `u`.`Paypal_Payment`, `u`.`Paystack_Payment`, `u`.`Paystack_Public_Key`, `u`.`Paystack_Secret_Key`, `u`.`Phone`, `u`.`Publish_Key`, `u`.`Qr_Code`, `u`.`Razorpay_Key_Id`, `u`.`Razorpay_Key_Secret`, `u`.`Razorpay_Payment`, `u`.`Role`, `u`.`Secret_Key`, `u`.`Skype`, `u`.`Slug`, `u`.`Specialist`, `u`.`Status`, `u`.`Stripe_Payment`, `u`.`Thumb`, `u`.`Trial_Expire`, `u`.`Twitter`, `u`.`User_Name`, `u`.`User_Type`, `u`.`Verify_Code`, `u`.`Whatsapp`
FROM `Users` AS `u`
WHERE `u`.`Id` = @__id_0
LIMIT 1

2023-10-09 10:30:03.656 +05:30  INF  Executing endpoint 'DCRM.Api.Controllers.DealerController.GetAsync (DCRM.Api)'

2023-10-09 10:30:03.660 +05:30  INF  Route matched with {action = "Get", controller = "Dealer"}. Executing controller action with signature System.Threading.Tasks.Task`1[DCRM.Common.Dto.DealerDto] GetAsync(Int32) on controller DCRM.Api.Controllers.DealerController (DCRM.Api).

2023-10-09 10:30:07.138 +05:30  INF  Executed DbCommand (16ms) [Parameters=[@__id_0='?' (DbType = Int32), @__userId_1='?' (DbType = Int64)], CommandType='"Text"', CommandTimeout='30']
SELECT `d`.`Id`, `d`.`Address_O`, `d`.`Address_R`, `d`.`City_O`, `d`.`City_R`, `d`.`Company_Name`, `d`.`Country_O`, `d`.`Country_R`, `d`.`Created_At`, `d`.`Email1`, `d`.`Email2`, `d`.`Gst_Number`, `d`.`Image`, `d`.`Is_Deleted`, `d`.`Own_Name_1`, `d`.`Own_Name_2`, `d`.`Pan_Number`, `d`.`Phone1`, `d`.`Phone2`, `d`.`Staff_Email1`, `d`.`Staff_Email2`, `d`.`Staff_Email3`, `d`.`Staff_Email4`, `d`.`Staff_Name1`, `d`.`Staff_Name2`, `d`.`Staff_Name3`, `d`.`Staff_Name4`, `d`.`Staff_Phone1`, `d`.`Staff_Phone2`, `d`.`Staff_Phone3`, `d`.`Staff_Phone4`, `d`.`Updated_At`, `d`.`User_Id`, `d`.`Zip_O`, `d`.`Zip_R`
FROM `Dealers` AS `d`
WHERE ((`d`.`Id` = @__id_0) AND (`d`.`Is_Deleted` = 0)) AND (`d`.`User_Id` = @__userId_1)
LIMIT 1

2023-10-09 10:30:07.243 +05:30  INF  Executed DbCommand (1ms) [Parameters=[@__p_0='?' (DbType = Int64)], CommandType='"Text"', CommandTimeout='30']
SELECT `d`.`Id`, `d`.`Bank_Account_Number`, `d`.`Bank_Name`, `d`.`Dealer_Id`, `d`.`Ifsc_Code`, `d`.`Remarks`, `d`.`Updated_At`
FROM `Dealer_Bank_Details` AS `d`
WHERE `d`.`Dealer_Id` = @__p_0

2023-10-09 10:30:07.250 +05:30  INF  Executed DbCommand (2ms) [Parameters=[@__p_0='?' (DbType = Int64)], CommandType='"Text"', CommandTimeout='30']
SELECT `d`.`Id`, `d`.`Dealer_Id`, `d`.`Material_Cost`, `d`.`Material_Date`, `d`.`Material_Name`
FROM `Dealer_Material` AS `d`
WHERE `d`.`Dealer_Id` = @__p_0

2023-10-09 10:30:17.410 +05:30  INF  Executing ObjectResult, writing value of type 'DCRM.Common.Dto.DealerDto'.

2023-10-09 10:30:17.446 +05:30  INF  Executed action DCRM.Api.Controllers.DealerController.GetAsync (DCRM.Api) in 13786.6101ms

2023-10-09 10:30:17.447 +05:30  INF  Executed endpoint 'DCRM.Api.Controllers.DealerController.GetAsync (DCRM.Api)'

2023-10-09 10:30:17.448 +05:30  INF  Request finished HTTP/2 GET https://localhost:7069/api/Dealer/Get/22 - - - 200 - application/json;+charset=utf-8 13943.1392ms

2023-10-09 10:30:57.474 +05:30  INF  Request starting HTTP/2 GET https://localhost:7069/swagger/index.html - -

2023-10-09 10:30:57.481 +05:30  INF  Request finished HTTP/2 GET https://localhost:7069/swagger/index.html - - - 200 - text/html;charset=utf-8 7.7199ms

2023-10-09 10:30:57.518 +05:30  INF  Request starting HTTP/2 GET https://localhost:7069/swagger/swagger-ui.css - -

2023-10-09 10:30:57.520 +05:30  INF  Request starting HTTP/2 GET https://localhost:7069/_vs/browserLink - -

2023-10-09 10:30:57.520 +05:30  INF  Request starting HTTP/2 GET https://localhost:7069/_framework/aspnetcore-browser-refresh.js - -

2023-10-09 10:30:57.520 +05:30  INF  Request finished HTTP/2 GET https://localhost:7069/_framework/aspnetcore-browser-refresh.js - - - 200 12348 application/javascript;+charset=utf-8 0.8025ms

2023-10-09 10:30:57.521 +05:30  INF  Sending file. Request path: '/swagger-ui.css'. Physical path: 'N/A'

2023-10-09 10:30:57.522 +05:30  INF  Request finished HTTP/2 GET https://localhost:7069/swagger/swagger-ui.css - - - 200 143632 text/css 4.0505ms

2023-10-09 10:30:57.525 +05:30  INF  Request finished HTTP/2 GET https://localhost:7069/_vs/browserLink - - - 200 - text/javascript;+charset=UTF-8 5.6460ms

2023-10-09 10:30:57.725 +05:30  INF  Request starting HTTP/2 GET https://localhost:7069/swagger/v1/swagger.json - -

2023-10-09 10:30:57.734 +05:30  INF  Request starting HTTP/2 GET https://localhost:7069/swagger/favicon-32x32.png - -

2023-10-09 10:30:57.734 +05:30  INF  Sending file. Request path: '/favicon-32x32.png'. Physical path: 'N/A'

2023-10-09 10:30:57.734 +05:30  INF  Request finished HTTP/2 GET https://localhost:7069/swagger/favicon-32x32.png - - - 200 628 image/png 0.7290ms

2023-10-09 10:30:57.770 +05:30  INF  Request finished HTTP/2 GET https://localhost:7069/swagger/v1/swagger.json - - - 200 - application/json;charset=utf-8 45.0318ms

2023-10-09 10:31:05.821 +05:30  INF  Request starting HTTP/2 GET https://localhost:7069/api/Dealer/Get/22 - -

2023-10-09 10:31:05.841 +05:30  INF  Executing endpoint 'DCRM.Api.Controllers.DealerController.GetAsync (DCRM.Api)'

2023-10-09 10:31:05.841 +05:30  INF  Route matched with {action = "Get", controller = "Dealer"}. Executing controller action with signature System.Threading.Tasks.Task`1[DCRM.Common.Dto.DealerDto] GetAsync(Int32) on controller DCRM.Api.Controllers.DealerController (DCRM.Api).

2023-10-09 10:31:05.842 +05:30  INF  Authorization failed for the request at filter 'DCRM.Common.Authorization.AuthorizeAttribute'.

2023-10-09 10:31:05.845 +05:30  INF  Executing JsonResult, writing value of type '<>f__AnonymousType0`1[[System.String, System.Private.CoreLib, Version=6.0.0.0, Culture=neutral, PublicKeyToken=7cec85d7bea7798e]]'.

2023-10-09 10:31:05.847 +05:30  INF  Executed action DCRM.Api.Controllers.DealerController.GetAsync (DCRM.Api) in 6.0722ms

2023-10-09 10:31:05.847 +05:30  INF  Executed endpoint 'DCRM.Api.Controllers.DealerController.GetAsync (DCRM.Api)'

2023-10-09 10:31:05.847 +05:30  INF  Request finished HTTP/2 GET https://localhost:7069/api/Dealer/Get/22 - - - 401 - application/json;+charset=utf-8 26.8803ms

2023-10-09 10:35:35.021 +05:30  INF  Request starting HTTP/2 GET https://localhost:7069/api/Dealer/Get/22 - -

2023-10-09 10:35:35.022 +05:30  INF  Executing endpoint 'DCRM.Api.Controllers.DealerController.GetAsync (DCRM.Api)'

2023-10-09 10:35:35.022 +05:30  INF  Route matched with {action = "Get", controller = "Dealer"}. Executing controller action with signature System.Threading.Tasks.Task`1[DCRM.Common.Dto.DealerDto] GetAsync(Int32) on controller DCRM.Api.Controllers.DealerController (DCRM.Api).

2023-10-09 10:35:35.022 +05:30  INF  Authorization failed for the request at filter 'DCRM.Common.Authorization.AuthorizeAttribute'.

2023-10-09 10:35:35.022 +05:30  INF  Executing JsonResult, writing value of type '<>f__AnonymousType0`1[[System.String, System.Private.CoreLib, Version=6.0.0.0, Culture=neutral, PublicKeyToken=7cec85d7bea7798e]]'.

2023-10-09 10:35:35.022 +05:30  INF  Executed action DCRM.Api.Controllers.DealerController.GetAsync (DCRM.Api) in 0.1921ms

2023-10-09 10:35:35.022 +05:30  INF  Executed endpoint 'DCRM.Api.Controllers.DealerController.GetAsync (DCRM.Api)'

2023-10-09 10:35:35.022 +05:30  INF  Request finished HTTP/2 GET https://localhost:7069/api/Dealer/Get/22 - - - 401 - application/json;+charset=utf-8 1.1181ms

2023-10-09 10:36:09.581 +05:30  INF  Request starting HTTP/2 POST https://localhost:7069/api/Authenticate/user application/json 57

2023-10-09 10:36:09.582 +05:30  INF  CORS policy execution successful.

2023-10-09 10:36:09.582 +05:30  INF  Executing endpoint 'DCRM.Api.Controllers.AuthenticateController.Post (DCRM.Api)'

2023-10-09 10:36:09.582 +05:30  INF  Route matched with {action = "Post", controller = "Authenticate"}. Executing controller action with signature Microsoft.AspNetCore.Mvc.IActionResult Post(System.String, DCRM.Common.AuthenticateRequest) on controller DCRM.Api.Controllers.AuthenticateController (DCRM.Api).

2023-10-09 10:36:09.628 +05:30  INF  Executed DbCommand (3ms) [Parameters=[@__authenticateRequest_Email_0='?' (Size = 4000), @__authenticateRequest_Password_1='?' (Size = 4000)], CommandType='"Text"', CommandTimeout='30']
SELECT `u`.`Id`, `u`.`About_Me`, `u`.`Account_Type`, `u`.`Address`, `u`.`Available_Days`, `u`.`Bn_Name`, `u`.`City`, `u`.`Country`, `u`.`Created_At`, `u`.`Currency`, `u`.`Degree`, `u`.`Email`, `u`.`Email_Verified`, `u`.`Enable_Appointment`, `u`.`Enable_Rating`, `u`.`Exp_Years`, `u`.`Facebook`, `u`.`Google_Analytics`, `u`.`Image`, `u`.`Instagram`, `u`.`Linkedin`, `u`.`Name`, `u`.`Parent_Id`, `u`.`Password`, `u`.`Paypal_Email`, `u`.`Paypal_Mode`, `u`.`Paypal_Payment`, `u`.`Paystack_Payment`, `u`.`Paystack_Public_Key`, `u`.`Paystack_Secret_Key`, `u`.`Phone`, `u`.`Publish_Key`, `u`.`Qr_Code`, `u`.`Razorpay_Key_Id`, `u`.`Razorpay_Key_Secret`, `u`.`Razorpay_Payment`, `u`.`Role`, `u`.`Secret_Key`, `u`.`Skype`, `u`.`Slug`, `u`.`Specialist`, `u`.`Status`, `u`.`Stripe_Payment`, `u`.`Thumb`, `u`.`Trial_Expire`, `u`.`Twitter`, `u`.`User_Name`, `u`.`User_Type`, `u`.`Verify_Code`, `u`.`Whatsapp`
FROM `Users` AS `u`
WHERE ((`u`.`Status` = 1) AND (`u`.`Email` = @__authenticateRequest_Email_0)) AND (`u`.`Password` = @__authenticateRequest_Password_1)
LIMIT 2

2023-10-09 10:36:09.629 +05:30  INF  Executing OkObjectResult, writing value of type 'DCRM.Common.AuthenticateResponse'.

2023-10-09 10:36:09.629 +05:30  INF  Executed action DCRM.Api.Controllers.AuthenticateController.Post (DCRM.Api) in 46.7861ms

2023-10-09 10:36:09.629 +05:30  INF  Executed endpoint 'DCRM.Api.Controllers.AuthenticateController.Post (DCRM.Api)'

2023-10-09 10:36:09.629 +05:30  INF  Request finished HTTP/2 POST https://localhost:7069/api/Authenticate/user application/json 57 - 200 - application/json;+charset=utf-8 48.2325ms

2023-10-09 10:36:24.996 +05:30  INF  Request starting HTTP/2 GET https://localhost:7069/api/Dealer/Get/22 - -

2023-10-09 10:36:25.002 +05:30  INF  Executed DbCommand (2ms) [Parameters=[@__id_0='?' (DbType = Int64)], CommandType='"Text"', CommandTimeout='30']
SELECT `u`.`Id`, `u`.`About_Me`, `u`.`Account_Type`, `u`.`Address`, `u`.`Available_Days`, `u`.`Bn_Name`, `u`.`City`, `u`.`Country`, `u`.`Created_At`, `u`.`Currency`, `u`.`Degree`, `u`.`Email`, `u`.`Email_Verified`, `u`.`Enable_Appointment`, `u`.`Enable_Rating`, `u`.`Exp_Years`, `u`.`Facebook`, `u`.`Google_Analytics`, `u`.`Image`, `u`.`Instagram`, `u`.`Linkedin`, `u`.`Name`, `u`.`Parent_Id`, `u`.`Password`, `u`.`Paypal_Email`, `u`.`Paypal_Mode`, `u`.`Paypal_Payment`, `u`.`Paystack_Payment`, `u`.`Paystack_Public_Key`, `u`.`Paystack_Secret_Key`, `u`.`Phone`, `u`.`Publish_Key`, `u`.`Qr_Code`, `u`.`Razorpay_Key_Id`, `u`.`Razorpay_Key_Secret`, `u`.`Razorpay_Payment`, `u`.`Role`, `u`.`Secret_Key`, `u`.`Skype`, `u`.`Slug`, `u`.`Specialist`, `u`.`Status`, `u`.`Stripe_Payment`, `u`.`Thumb`, `u`.`Trial_Expire`, `u`.`Twitter`, `u`.`User_Name`, `u`.`User_Type`, `u`.`Verify_Code`, `u`.`Whatsapp`
FROM `Users` AS `u`
WHERE `u`.`Id` = @__id_0
LIMIT 1

2023-10-09 10:36:25.003 +05:30  INF  Executing endpoint 'DCRM.Api.Controllers.DealerController.GetAsync (DCRM.Api)'

2023-10-09 10:36:25.003 +05:30  INF  Route matched with {action = "Get", controller = "Dealer"}. Executing controller action with signature System.Threading.Tasks.Task`1[DCRM.Common.Dto.DealerDto] GetAsync(Int32) on controller DCRM.Api.Controllers.DealerController (DCRM.Api).

2023-10-09 10:36:25.021 +05:30  INF  Executed DbCommand (5ms) [Parameters=[@__id_0='?' (DbType = Int32), @__userId_1='?' (DbType = Int64)], CommandType='"Text"', CommandTimeout='30']
SELECT `d`.`Id`, `d`.`Address_O`, `d`.`Address_R`, `d`.`City_O`, `d`.`City_R`, `d`.`Company_Name`, `d`.`Country_O`, `d`.`Country_R`, `d`.`Created_At`, `d`.`Email1`, `d`.`Email2`, `d`.`Gst_Number`, `d`.`Image`, `d`.`Is_Deleted`, `d`.`Own_Name_1`, `d`.`Own_Name_2`, `d`.`Pan_Number`, `d`.`Phone1`, `d`.`Phone2`, `d`.`Staff_Email1`, `d`.`Staff_Email2`, `d`.`Staff_Email3`, `d`.`Staff_Email4`, `d`.`Staff_Name1`, `d`.`Staff_Name2`, `d`.`Staff_Name3`, `d`.`Staff_Name4`, `d`.`Staff_Phone1`, `d`.`Staff_Phone2`, `d`.`Staff_Phone3`, `d`.`Staff_Phone4`, `d`.`Updated_At`, `d`.`User_Id`, `d`.`Zip_O`, `d`.`Zip_R`
FROM `Dealers` AS `d`
WHERE ((`d`.`Id` = @__id_0) AND (`d`.`Is_Deleted` = 0)) AND (`d`.`User_Id` = @__userId_1)
LIMIT 1

2023-10-09 10:36:25.023 +05:30  INF  Executed DbCommand (1ms) [Parameters=[@__p_0='?' (DbType = Int64)], CommandType='"Text"', CommandTimeout='30']
SELECT `d`.`Id`, `d`.`Bank_Account_Number`, `d`.`Bank_Name`, `d`.`Dealer_Id`, `d`.`Ifsc_Code`, `d`.`Remarks`, `d`.`Updated_At`
FROM `Dealer_Bank_Details` AS `d`
WHERE `d`.`Dealer_Id` = @__p_0

2023-10-09 10:36:25.025 +05:30  INF  Executed DbCommand (2ms) [Parameters=[@__p_0='?' (DbType = Int64)], CommandType='"Text"', CommandTimeout='30']
SELECT `d`.`Id`, `d`.`Dealer_Id`, `d`.`Material_Cost`, `d`.`Material_Date`, `d`.`Material_Name`
FROM `Dealer_Material` AS `d`
WHERE `d`.`Dealer_Id` = @__p_0

2023-10-09 10:36:25.026 +05:30  INF  Executing ObjectResult, writing value of type 'DCRM.Common.Dto.DealerDto'.

2023-10-09 10:36:25.026 +05:30  INF  Executed action DCRM.Api.Controllers.DealerController.GetAsync (DCRM.Api) in 23.0078ms

2023-10-09 10:36:25.026 +05:30  INF  Executed endpoint 'DCRM.Api.Controllers.DealerController.GetAsync (DCRM.Api)'

2023-10-09 10:36:25.026 +05:30  INF  Request finished HTTP/2 GET https://localhost:7069/api/Dealer/Get/22 - - - 200 - application/json;+charset=utf-8 29.8823ms

2023-10-09 10:37:27.665 +05:30  INF  Request starting HTTP/2 POST https://localhost:7069/api/Dealer/Update application/json 748

2023-10-09 10:37:27.666 +05:30  INF  CORS policy execution successful.

2023-10-09 10:37:27.667 +05:30  INF  Executed DbCommand (1ms) [Parameters=[@__id_0='?' (DbType = Int64)], CommandType='"Text"', CommandTimeout='30']
SELECT `u`.`Id`, `u`.`About_Me`, `u`.`Account_Type`, `u`.`Address`, `u`.`Available_Days`, `u`.`Bn_Name`, `u`.`City`, `u`.`Country`, `u`.`Created_At`, `u`.`Currency`, `u`.`Degree`, `u`.`Email`, `u`.`Email_Verified`, `u`.`Enable_Appointment`, `u`.`Enable_Rating`, `u`.`Exp_Years`, `u`.`Facebook`, `u`.`Google_Analytics`, `u`.`Image`, `u`.`Instagram`, `u`.`Linkedin`, `u`.`Name`, `u`.`Parent_Id`, `u`.`Password`, `u`.`Paypal_Email`, `u`.`Paypal_Mode`, `u`.`Paypal_Payment`, `u`.`Paystack_Payment`, `u`.`Paystack_Public_Key`, `u`.`Paystack_Secret_Key`, `u`.`Phone`, `u`.`Publish_Key`, `u`.`Qr_Code`, `u`.`Razorpay_Key_Id`, `u`.`Razorpay_Key_Secret`, `u`.`Razorpay_Payment`, `u`.`Role`, `u`.`Secret_Key`, `u`.`Skype`, `u`.`Slug`, `u`.`Specialist`, `u`.`Status`, `u`.`Stripe_Payment`, `u`.`Thumb`, `u`.`Trial_Expire`, `u`.`Twitter`, `u`.`User_Name`, `u`.`User_Type`, `u`.`Verify_Code`, `u`.`Whatsapp`
FROM `Users` AS `u`
WHERE `u`.`Id` = @__id_0
LIMIT 1

2023-10-09 10:37:27.668 +05:30  INF  Executing endpoint 'DCRM.Api.Controllers.DealerController.Update (DCRM.Api)'

2023-10-09 10:37:27.671 +05:30  INF  Route matched with {action = "Update", controller = "Dealer"}. Executing controller action with signature System.Threading.Tasks.Task`1[Microsoft.AspNetCore.Mvc.IActionResult] Update(DCRM.Common.Entity.DealerRequest) on controller DCRM.Api.Controllers.DealerController (DCRM.Api).

2023-10-09 10:37:27.724 +05:30  INF  Executed DbCommand (1ms) [Parameters=[@__request_Id_0='?' (DbType = Int32)], CommandType='"Text"', CommandTimeout='30']
SELECT `d`.`Id`, `d`.`Address_O`, `d`.`Address_R`, `d`.`City_O`, `d`.`City_R`, `d`.`Company_Name`, `d`.`Country_O`, `d`.`Country_R`, `d`.`Created_At`, `d`.`Email1`, `d`.`Email2`, `d`.`Gst_Number`, `d`.`Image`, `d`.`Is_Deleted`, `d`.`Own_Name_1`, `d`.`Own_Name_2`, `d`.`Pan_Number`, `d`.`Phone1`, `d`.`Phone2`, `d`.`Staff_Email1`, `d`.`Staff_Email2`, `d`.`Staff_Email3`, `d`.`Staff_Email4`, `d`.`Staff_Name1`, `d`.`Staff_Name2`, `d`.`Staff_Name3`, `d`.`Staff_Name4`, `d`.`Staff_Phone1`, `d`.`Staff_Phone2`, `d`.`Staff_Phone3`, `d`.`Staff_Phone4`, `d`.`Updated_At`, `d`.`User_Id`, `d`.`Zip_O`, `d`.`Zip_R`
FROM `Dealers` AS `d`
WHERE `d`.`Id` = @__request_Id_0
LIMIT 1

2023-10-09 10:37:27.925 +05:30  INF  Executed DbCommand (74ms) [Parameters=[@p34='?' (DbType = Int32), @p0='?' (Size = 4000), @p1='?' (Size = 4000), @p2='?' (Size = 4000), @p3='?' (Size = 4000), @p4='?' (Size = 4000), @p5='?' (Size = 4000), @p6='?' (Size = 4000), @p7='?' (DbType = DateTime), @p8='?' (Size = 4000), @p9='?' (Size = 4000), @p10='?' (Size = 4000), @p11='?' (Size = 4000), @p12='?' (DbType = SByte), @p13='?' (Size = 4000), @p14='?' (Size = 4000), @p15='?' (Size = 4000), @p16='?' (Size = 4000), @p17='?' (Size = 4000), @p18='?' (Size = 4000), @p19='?' (Size = 4000), @p20='?' (Size = 4000), @p21='?' (Size = 4000), @p22='?' (Size = 4000), @p23='?' (Size = 4000), @p24='?' (Size = 4000), @p25='?' (Size = 4000), @p26='?' (DbType = Int64), @p27='?' (DbType = Int64), @p28='?' (DbType = Int64), @p29='?' (DbType = Int64), @p30='?' (DbType = DateTime), @p31='?' (DbType = Int64), @p32='?' (Size = 4000), @p33='?' (Size = 4000)], CommandType='"Text"', CommandTimeout='30']
UPDATE `Dealers` SET `Address_O` = @p0, `Address_R` = @p1, `City_O` = @p2, `City_R` = @p3, `Company_Name` = @p4, `Country_O` = @p5, `Country_R` = @p6, `Created_At` = @p7, `Email1` = @p8, `Email2` = @p9, `Gst_Number` = @p10, `Image` = @p11, `Is_Deleted` = @p12, `Own_Name_1` = @p13, `Own_Name_2` = @p14, `Pan_Number` = @p15, `Phone1` = @p16, `Phone2` = @p17, `Staff_Email1` = @p18, `Staff_Email2` = @p19, `Staff_Email3` = @p20, `Staff_Email4` = @p21, `Staff_Name1` = @p22, `Staff_Name2` = @p23, `Staff_Name3` = @p24, `Staff_Name4` = @p25, `Staff_Phone1` = @p26, `Staff_Phone2` = @p27, `Staff_Phone3` = @p28, `Staff_Phone4` = @p29, `Updated_At` = @p30, `User_Id` = @p31, `Zip_O` = @p32, `Zip_R` = @p33
WHERE `Id` = @p34;

2023-10-09 10:37:27.940 +05:30  INF  Executed DbCommand (1ms) [Parameters=[@__id_0='?' (DbType = Int64)], CommandType='"Text"', CommandTimeout='30']
SELECT `d`.`Id`, `d`.`Address_O`, `d`.`Address_R`, `d`.`City_O`, `d`.`City_R`, `d`.`Company_Name`, `d`.`Country_O`, `d`.`Country_R`, `d`.`Created_At`, `d`.`Email1`, `d`.`Email2`, `d`.`Gst_Number`, `d`.`Image`, `d`.`Is_Deleted`, `d`.`Own_Name_1`, `d`.`Own_Name_2`, `d`.`Pan_Number`, `d`.`Phone1`, `d`.`Phone2`, `d`.`Staff_Email1`, `d`.`Staff_Email2`, `d`.`Staff_Email3`, `d`.`Staff_Email4`, `d`.`Staff_Name1`, `d`.`Staff_Name2`, `d`.`Staff_Name3`, `d`.`Staff_Name4`, `d`.`Staff_Phone1`, `d`.`Staff_Phone2`, `d`.`Staff_Phone3`, `d`.`Staff_Phone4`, `d`.`Updated_At`, `d`.`User_Id`, `d`.`Zip_O`, `d`.`Zip_R`
FROM `Dealers` AS `d`
WHERE `d`.`Id` = @__id_0
LIMIT 1

2023-10-09 10:37:27.945 +05:30  INF  Executed DbCommand (4ms) [Parameters=[@p34='?' (DbType = Int32), @p0='?' (Size = 4000), @p1='?' (Size = 4000), @p2='?' (Size = 4000), @p3='?' (Size = 4000), @p4='?' (Size = 4000), @p5='?' (Size = 4000), @p6='?' (Size = 4000), @p7='?' (DbType = DateTime), @p8='?' (Size = 4000), @p9='?' (Size = 4000), @p10='?' (Size = 4000), @p11='?' (Size = 4000), @p12='?' (DbType = SByte), @p13='?' (Size = 4000), @p14='?' (Size = 4000), @p15='?' (Size = 4000), @p16='?' (Size = 4000), @p17='?' (Size = 4000), @p18='?' (Size = 4000), @p19='?' (Size = 4000), @p20='?' (Size = 4000), @p21='?' (Size = 4000), @p22='?' (Size = 4000), @p23='?' (Size = 4000), @p24='?' (Size = 4000), @p25='?' (Size = 4000), @p26='?' (DbType = Int64), @p27='?' (DbType = Int64), @p28='?' (DbType = Int64), @p29='?' (DbType = Int64), @p30='?' (DbType = DateTime), @p31='?' (DbType = Int64), @p32='?' (Size = 4000), @p33='?' (Size = 4000)], CommandType='"Text"', CommandTimeout='30']
UPDATE `Dealers` SET `Address_O` = @p0, `Address_R` = @p1, `City_O` = @p2, `City_R` = @p3, `Company_Name` = @p4, `Country_O` = @p5, `Country_R` = @p6, `Created_At` = @p7, `Email1` = @p8, `Email2` = @p9, `Gst_Number` = @p10, `Image` = @p11, `Is_Deleted` = @p12, `Own_Name_1` = @p13, `Own_Name_2` = @p14, `Pan_Number` = @p15, `Phone1` = @p16, `Phone2` = @p17, `Staff_Email1` = @p18, `Staff_Email2` = @p19, `Staff_Email3` = @p20, `Staff_Email4` = @p21, `Staff_Name1` = @p22, `Staff_Name2` = @p23, `Staff_Name3` = @p24, `Staff_Name4` = @p25, `Staff_Phone1` = @p26, `Staff_Phone2` = @p27, `Staff_Phone3` = @p28, `Staff_Phone4` = @p29, `Updated_At` = @p30, `User_Id` = @p31, `Zip_O` = @p32, `Zip_R` = @p33
WHERE `Id` = @p34;

2023-10-09 10:37:27.950 +05:30  INF  Executing StatusCodeResult, setting HTTP status code 200

2023-10-09 10:37:27.950 +05:30  INF  Executed action DCRM.Api.Controllers.DealerController.Update (DCRM.Api) in 279.24ms

2023-10-09 10:37:27.950 +05:30  INF  Executed endpoint 'DCRM.Api.Controllers.DealerController.Update (DCRM.Api)'

2023-10-09 10:37:27.950 +05:30  INF  Request finished HTTP/2 POST https://localhost:7069/api/Dealer/Update application/json 748 - 200 0 - 285.0858ms

2023-10-09 10:37:59.297 +05:30  INF  Request starting HTTP/2 POST https://localhost:7069/api/Dealer/Update application/json 748

2023-10-09 10:37:59.297 +05:30  INF  CORS policy execution successful.

2023-10-09 10:37:59.299 +05:30  INF  Executed DbCommand (1ms) [Parameters=[@__id_0='?' (DbType = Int64)], CommandType='"Text"', CommandTimeout='30']
SELECT `u`.`Id`, `u`.`About_Me`, `u`.`Account_Type`, `u`.`Address`, `u`.`Available_Days`, `u`.`Bn_Name`, `u`.`City`, `u`.`Country`, `u`.`Created_At`, `u`.`Currency`, `u`.`Degree`, `u`.`Email`, `u`.`Email_Verified`, `u`.`Enable_Appointment`, `u`.`Enable_Rating`, `u`.`Exp_Years`, `u`.`Facebook`, `u`.`Google_Analytics`, `u`.`Image`, `u`.`Instagram`, `u`.`Linkedin`, `u`.`Name`, `u`.`Parent_Id`, `u`.`Password`, `u`.`Paypal_Email`, `u`.`Paypal_Mode`, `u`.`Paypal_Payment`, `u`.`Paystack_Payment`, `u`.`Paystack_Public_Key`, `u`.`Paystack_Secret_Key`, `u`.`Phone`, `u`.`Publish_Key`, `u`.`Qr_Code`, `u`.`Razorpay_Key_Id`, `u`.`Razorpay_Key_Secret`, `u`.`Razorpay_Payment`, `u`.`Role`, `u`.`Secret_Key`, `u`.`Skype`, `u`.`Slug`, `u`.`Specialist`, `u`.`Status`, `u`.`Stripe_Payment`, `u`.`Thumb`, `u`.`Trial_Expire`, `u`.`Twitter`, `u`.`User_Name`, `u`.`User_Type`, `u`.`Verify_Code`, `u`.`Whatsapp`
FROM `Users` AS `u`
WHERE `u`.`Id` = @__id_0
LIMIT 1

2023-10-09 10:37:59.299 +05:30  INF  Executing endpoint 'DCRM.Api.Controllers.DealerController.Update (DCRM.Api)'

2023-10-09 10:37:59.299 +05:30  INF  Route matched with {action = "Update", controller = "Dealer"}. Executing controller action with signature System.Threading.Tasks.Task`1[Microsoft.AspNetCore.Mvc.IActionResult] Update(DCRM.Common.Entity.DealerRequest) on controller DCRM.Api.Controllers.DealerController (DCRM.Api).

2023-10-09 10:38:06.170 +05:30  INF  Executed DbCommand (1ms) [Parameters=[@__request_Id_0='?' (DbType = Int32)], CommandType='"Text"', CommandTimeout='30']
SELECT `d`.`Id`, `d`.`Address_O`, `d`.`Address_R`, `d`.`City_O`, `d`.`City_R`, `d`.`Company_Name`, `d`.`Country_O`, `d`.`Country_R`, `d`.`Created_At`, `d`.`Email1`, `d`.`Email2`, `d`.`Gst_Number`, `d`.`Image`, `d`.`Is_Deleted`, `d`.`Own_Name_1`, `d`.`Own_Name_2`, `d`.`Pan_Number`, `d`.`Phone1`, `d`.`Phone2`, `d`.`Staff_Email1`, `d`.`Staff_Email2`, `d`.`Staff_Email3`, `d`.`Staff_Email4`, `d`.`Staff_Name1`, `d`.`Staff_Name2`, `d`.`Staff_Name3`, `d`.`Staff_Name4`, `d`.`Staff_Phone1`, `d`.`Staff_Phone2`, `d`.`Staff_Phone3`, `d`.`Staff_Phone4`, `d`.`Updated_At`, `d`.`User_Id`, `d`.`Zip_O`, `d`.`Zip_R`
FROM `Dealers` AS `d`
WHERE `d`.`Id` = @__request_Id_0
LIMIT 1

2023-10-09 10:38:30.131 +05:30  INF  Executed DbCommand (9ms) [Parameters=[@p34='?' (DbType = Int32), @p0='?' (Size = 4000), @p1='?' (Size = 4000), @p2='?' (Size = 4000), @p3='?' (Size = 4000), @p4='?' (Size = 4000), @p5='?' (Size = 4000), @p6='?' (Size = 4000), @p7='?' (DbType = DateTime), @p8='?' (Size = 4000), @p9='?' (Size = 4000), @p10='?' (Size = 4000), @p11='?' (Size = 4000), @p12='?' (DbType = SByte), @p13='?' (Size = 4000), @p14='?' (Size = 4000), @p15='?' (Size = 4000), @p16='?' (Size = 4000), @p17='?' (Size = 4000), @p18='?' (Size = 4000), @p19='?' (Size = 4000), @p20='?' (Size = 4000), @p21='?' (Size = 4000), @p22='?' (Size = 4000), @p23='?' (Size = 4000), @p24='?' (Size = 4000), @p25='?' (Size = 4000), @p26='?' (DbType = Int64), @p27='?' (DbType = Int64), @p28='?' (DbType = Int64), @p29='?' (DbType = Int64), @p30='?' (DbType = DateTime), @p31='?' (DbType = Int64), @p32='?' (Size = 4000), @p33='?' (Size = 4000)], CommandType='"Text"', CommandTimeout='30']
UPDATE `Dealers` SET `Address_O` = @p0, `Address_R` = @p1, `City_O` = @p2, `City_R` = @p3, `Company_Name` = @p4, `Country_O` = @p5, `Country_R` = @p6, `Created_At` = @p7, `Email1` = @p8, `Email2` = @p9, `Gst_Number` = @p10, `Image` = @p11, `Is_Deleted` = @p12, `Own_Name_1` = @p13, `Own_Name_2` = @p14, `Pan_Number` = @p15, `Phone1` = @p16, `Phone2` = @p17, `Staff_Email1` = @p18, `Staff_Email2` = @p19, `Staff_Email3` = @p20, `Staff_Email4` = @p21, `Staff_Name1` = @p22, `Staff_Name2` = @p23, `Staff_Name3` = @p24, `Staff_Name4` = @p25, `Staff_Phone1` = @p26, `Staff_Phone2` = @p27, `Staff_Phone3` = @p28, `Staff_Phone4` = @p29, `Updated_At` = @p30, `User_Id` = @p31, `Zip_O` = @p32, `Zip_R` = @p33
WHERE `Id` = @p34;

2023-10-09 10:38:39.477 +05:30  INF  Executed DbCommand (1ms) [Parameters=[@__id_0='?' (DbType = Int64)], CommandType='"Text"', CommandTimeout='30']
SELECT `d`.`Id`, `d`.`Address_O`, `d`.`Address_R`, `d`.`City_O`, `d`.`City_R`, `d`.`Company_Name`, `d`.`Country_O`, `d`.`Country_R`, `d`.`Created_At`, `d`.`Email1`, `d`.`Email2`, `d`.`Gst_Number`, `d`.`Image`, `d`.`Is_Deleted`, `d`.`Own_Name_1`, `d`.`Own_Name_2`, `d`.`Pan_Number`, `d`.`Phone1`, `d`.`Phone2`, `d`.`Staff_Email1`, `d`.`Staff_Email2`, `d`.`Staff_Email3`, `d`.`Staff_Email4`, `d`.`Staff_Name1`, `d`.`Staff_Name2`, `d`.`Staff_Name3`, `d`.`Staff_Name4`, `d`.`Staff_Phone1`, `d`.`Staff_Phone2`, `d`.`Staff_Phone3`, `d`.`Staff_Phone4`, `d`.`Updated_At`, `d`.`User_Id`, `d`.`Zip_O`, `d`.`Zip_R`
FROM `Dealers` AS `d`
WHERE `d`.`Id` = @__id_0
LIMIT 1

2023-10-09 10:38:39.486 +05:30  INF  Executed DbCommand (8ms) [Parameters=[@p34='?' (DbType = Int32), @p0='?' (Size = 4000), @p1='?' (Size = 4000), @p2='?' (Size = 4000), @p3='?' (Size = 4000), @p4='?' (Size = 4000), @p5='?' (Size = 4000), @p6='?' (Size = 4000), @p7='?' (DbType = DateTime), @p8='?' (Size = 4000), @p9='?' (Size = 4000), @p10='?' (Size = 4000), @p11='?' (Size = 4000), @p12='?' (DbType = SByte), @p13='?' (Size = 4000), @p14='?' (Size = 4000), @p15='?' (Size = 4000), @p16='?' (Size = 4000), @p17='?' (Size = 4000), @p18='?' (Size = 4000), @p19='?' (Size = 4000), @p20='?' (Size = 4000), @p21='?' (Size = 4000), @p22='?' (Size = 4000), @p23='?' (Size = 4000), @p24='?' (Size = 4000), @p25='?' (Size = 4000), @p26='?' (DbType = Int64), @p27='?' (DbType = Int64), @p28='?' (DbType = Int64), @p29='?' (DbType = Int64), @p30='?' (DbType = DateTime), @p31='?' (DbType = Int64), @p32='?' (Size = 4000), @p33='?' (Size = 4000)], CommandType='"Text"', CommandTimeout='30']
UPDATE `Dealers` SET `Address_O` = @p0, `Address_R` = @p1, `City_O` = @p2, `City_R` = @p3, `Company_Name` = @p4, `Country_O` = @p5, `Country_R` = @p6, `Created_At` = @p7, `Email1` = @p8, `Email2` = @p9, `Gst_Number` = @p10, `Image` = @p11, `Is_Deleted` = @p12, `Own_Name_1` = @p13, `Own_Name_2` = @p14, `Pan_Number` = @p15, `Phone1` = @p16, `Phone2` = @p17, `Staff_Email1` = @p18, `Staff_Email2` = @p19, `Staff_Email3` = @p20, `Staff_Email4` = @p21, `Staff_Name1` = @p22, `Staff_Name2` = @p23, `Staff_Name3` = @p24, `Staff_Name4` = @p25, `Staff_Phone1` = @p26, `Staff_Phone2` = @p27, `Staff_Phone3` = @p28, `Staff_Phone4` = @p29, `Updated_At` = @p30, `User_Id` = @p31, `Zip_O` = @p32, `Zip_R` = @p33
WHERE `Id` = @p34;

2023-10-09 10:38:39.486 +05:30  INF  Executing StatusCodeResult, setting HTTP status code 200

2023-10-09 10:38:39.486 +05:30  INF  Executed action DCRM.Api.Controllers.DealerController.Update (DCRM.Api) in 40187.4347ms

2023-10-09 10:38:39.486 +05:30  INF  Executed endpoint 'DCRM.Api.Controllers.DealerController.Update (DCRM.Api)'

2023-10-09 10:38:39.486 +05:30  INF  Request finished HTTP/2 POST https://localhost:7069/api/Dealer/Update application/json 748 - 200 0 - 40190.0179ms

2023-10-09 10:41:37.820 +05:30  INF  Request starting HTTP/2 POST https://localhost:7069/api/Dealer/Create application/json 424

2023-10-09 10:41:37.821 +05:30  INF  CORS policy execution successful.

2023-10-09 10:41:37.830 +05:30  INF  Executed DbCommand (1ms) [Parameters=[@__id_0='?' (DbType = Int64)], CommandType='"Text"', CommandTimeout='30']
SELECT `u`.`Id`, `u`.`About_Me`, `u`.`Account_Type`, `u`.`Address`, `u`.`Available_Days`, `u`.`Bn_Name`, `u`.`City`, `u`.`Country`, `u`.`Created_At`, `u`.`Currency`, `u`.`Degree`, `u`.`Email`, `u`.`Email_Verified`, `u`.`Enable_Appointment`, `u`.`Enable_Rating`, `u`.`Exp_Years`, `u`.`Facebook`, `u`.`Google_Analytics`, `u`.`Image`, `u`.`Instagram`, `u`.`Linkedin`, `u`.`Name`, `u`.`Parent_Id`, `u`.`Password`, `u`.`Paypal_Email`, `u`.`Paypal_Mode`, `u`.`Paypal_Payment`, `u`.`Paystack_Payment`, `u`.`Paystack_Public_Key`, `u`.`Paystack_Secret_Key`, `u`.`Phone`, `u`.`Publish_Key`, `u`.`Qr_Code`, `u`.`Razorpay_Key_Id`, `u`.`Razorpay_Key_Secret`, `u`.`Razorpay_Payment`, `u`.`Role`, `u`.`Secret_Key`, `u`.`Skype`, `u`.`Slug`, `u`.`Specialist`, `u`.`Status`, `u`.`Stripe_Payment`, `u`.`Thumb`, `u`.`Trial_Expire`, `u`.`Twitter`, `u`.`User_Name`, `u`.`User_Type`, `u`.`Verify_Code`, `u`.`Whatsapp`
FROM `Users` AS `u`
WHERE `u`.`Id` = @__id_0
LIMIT 1

2023-10-09 10:41:37.830 +05:30  INF  Executing endpoint 'DCRM.Api.Controllers.DealerController.Create (DCRM.Api)'

2023-10-09 10:41:37.831 +05:30  INF  Route matched with {action = "Create", controller = "Dealer"}. Executing controller action with signature Microsoft.AspNetCore.Mvc.IActionResult Create(DCRM.Common.Entity.DealerRequest) on controller DCRM.Api.Controllers.DealerController (DCRM.Api).

2023-10-09 10:41:37.842 +05:30  INF  Executing BadRequestObjectResult, writing value of type 'Microsoft.AspNetCore.Mvc.ValidationProblemDetails'.

2023-10-09 10:41:37.854 +05:30  INF  Executed action DCRM.Api.Controllers.DealerController.Create (DCRM.Api) in 22.7471ms

2023-10-09 10:41:37.854 +05:30  INF  Executed endpoint 'DCRM.Api.Controllers.DealerController.Create (DCRM.Api)'

2023-10-09 10:41:37.854 +05:30  INF  Request finished HTTP/2 POST https://localhost:7069/api/Dealer/Create application/json 424 - 400 - application/problem+json;+charset=utf-8 33.5895ms

2023-10-09 10:42:34.069 +05:30  INF  Request starting HTTP/2 POST https://localhost:7069/api/Dealer/Create application/json 486

2023-10-09 10:42:34.072 +05:30  INF  CORS policy execution successful.

2023-10-09 10:42:34.074 +05:30  INF  Executed DbCommand (1ms) [Parameters=[@__id_0='?' (DbType = Int64)], CommandType='"Text"', CommandTimeout='30']
SELECT `u`.`Id`, `u`.`About_Me`, `u`.`Account_Type`, `u`.`Address`, `u`.`Available_Days`, `u`.`Bn_Name`, `u`.`City`, `u`.`Country`, `u`.`Created_At`, `u`.`Currency`, `u`.`Degree`, `u`.`Email`, `u`.`Email_Verified`, `u`.`Enable_Appointment`, `u`.`Enable_Rating`, `u`.`Exp_Years`, `u`.`Facebook`, `u`.`Google_Analytics`, `u`.`Image`, `u`.`Instagram`, `u`.`Linkedin`, `u`.`Name`, `u`.`Parent_Id`, `u`.`Password`, `u`.`Paypal_Email`, `u`.`Paypal_Mode`, `u`.`Paypal_Payment`, `u`.`Paystack_Payment`, `u`.`Paystack_Public_Key`, `u`.`Paystack_Secret_Key`, `u`.`Phone`, `u`.`Publish_Key`, `u`.`Qr_Code`, `u`.`Razorpay_Key_Id`, `u`.`Razorpay_Key_Secret`, `u`.`Razorpay_Payment`, `u`.`Role`, `u`.`Secret_Key`, `u`.`Skype`, `u`.`Slug`, `u`.`Specialist`, `u`.`Status`, `u`.`Stripe_Payment`, `u`.`Thumb`, `u`.`Trial_Expire`, `u`.`Twitter`, `u`.`User_Name`, `u`.`User_Type`, `u`.`Verify_Code`, `u`.`Whatsapp`
FROM `Users` AS `u`
WHERE `u`.`Id` = @__id_0
LIMIT 1

2023-10-09 10:42:34.074 +05:30  INF  Executing endpoint 'DCRM.Api.Controllers.DealerController.Create (DCRM.Api)'

2023-10-09 10:42:34.074 +05:30  INF  Route matched with {action = "Create", controller = "Dealer"}. Executing controller action with signature Microsoft.AspNetCore.Mvc.IActionResult Create(DCRM.Common.Entity.DealerRequest) on controller DCRM.Api.Controllers.DealerController (DCRM.Api).

2023-10-09 10:42:34.077 +05:30  INF  Executing BadRequestObjectResult, writing value of type 'Microsoft.AspNetCore.Mvc.ValidationProblemDetails'.

2023-10-09 10:42:34.077 +05:30  INF  Executed action DCRM.Api.Controllers.DealerController.Create (DCRM.Api) in 2.4717ms

2023-10-09 10:42:34.077 +05:30  INF  Executed endpoint 'DCRM.Api.Controllers.DealerController.Create (DCRM.Api)'

2023-10-09 10:42:34.077 +05:30  INF  Request finished HTTP/2 POST https://localhost:7069/api/Dealer/Create application/json 486 - 400 - application/problem+json;+charset=utf-8 8.3850ms

2023-10-09 10:44:07.582 +05:30  INF  Request starting HTTP/2 POST https://localhost:7069/api/Dealer/Create application/json 538

2023-10-09 10:44:07.582 +05:30  INF  CORS policy execution successful.

2023-10-09 10:44:07.584 +05:30  INF  Executed DbCommand (1ms) [Parameters=[@__id_0='?' (DbType = Int64)], CommandType='"Text"', CommandTimeout='30']
SELECT `u`.`Id`, `u`.`About_Me`, `u`.`Account_Type`, `u`.`Address`, `u`.`Available_Days`, `u`.`Bn_Name`, `u`.`City`, `u`.`Country`, `u`.`Created_At`, `u`.`Currency`, `u`.`Degree`, `u`.`Email`, `u`.`Email_Verified`, `u`.`Enable_Appointment`, `u`.`Enable_Rating`, `u`.`Exp_Years`, `u`.`Facebook`, `u`.`Google_Analytics`, `u`.`Image`, `u`.`Instagram`, `u`.`Linkedin`, `u`.`Name`, `u`.`Parent_Id`, `u`.`Password`, `u`.`Paypal_Email`, `u`.`Paypal_Mode`, `u`.`Paypal_Payment`, `u`.`Paystack_Payment`, `u`.`Paystack_Public_Key`, `u`.`Paystack_Secret_Key`, `u`.`Phone`, `u`.`Publish_Key`, `u`.`Qr_Code`, `u`.`Razorpay_Key_Id`, `u`.`Razorpay_Key_Secret`, `u`.`Razorpay_Payment`, `u`.`Role`, `u`.`Secret_Key`, `u`.`Skype`, `u`.`Slug`, `u`.`Specialist`, `u`.`Status`, `u`.`Stripe_Payment`, `u`.`Thumb`, `u`.`Trial_Expire`, `u`.`Twitter`, `u`.`User_Name`, `u`.`User_Type`, `u`.`Verify_Code`, `u`.`Whatsapp`
FROM `Users` AS `u`
WHERE `u`.`Id` = @__id_0
LIMIT 1

2023-10-09 10:44:07.584 +05:30  INF  Executing endpoint 'DCRM.Api.Controllers.DealerController.Create (DCRM.Api)'

2023-10-09 10:44:07.584 +05:30  INF  Route matched with {action = "Create", controller = "Dealer"}. Executing controller action with signature Microsoft.AspNetCore.Mvc.IActionResult Create(DCRM.Common.Entity.DealerRequest) on controller DCRM.Api.Controllers.DealerController (DCRM.Api).

2023-10-09 10:44:07.585 +05:30  INF  Executing BadRequestObjectResult, writing value of type 'Microsoft.AspNetCore.Mvc.ValidationProblemDetails'.

2023-10-09 10:44:07.585 +05:30  INF  Executed action DCRM.Api.Controllers.DealerController.Create (DCRM.Api) in 0.8401ms

2023-10-09 10:44:07.585 +05:30  INF  Executed endpoint 'DCRM.Api.Controllers.DealerController.Create (DCRM.Api)'

2023-10-09 10:44:07.585 +05:30  INF  Request finished HTTP/2 POST https://localhost:7069/api/Dealer/Create application/json 538 - 400 - application/problem+json;+charset=utf-8 3.5085ms

2023-10-09 10:44:29.248 +05:30  INF  Request starting HTTP/2 POST https://localhost:7069/api/Dealer/Create application/json 571

2023-10-09 10:44:29.249 +05:30  INF  CORS policy execution successful.

2023-10-09 10:44:29.251 +05:30  INF  Executed DbCommand (1ms) [Parameters=[@__id_0='?' (DbType = Int64)], CommandType='"Text"', CommandTimeout='30']
SELECT `u`.`Id`, `u`.`About_Me`, `u`.`Account_Type`, `u`.`Address`, `u`.`Available_Days`, `u`.`Bn_Name`, `u`.`City`, `u`.`Country`, `u`.`Created_At`, `u`.`Currency`, `u`.`Degree`, `u`.`Email`, `u`.`Email_Verified`, `u`.`Enable_Appointment`, `u`.`Enable_Rating`, `u`.`Exp_Years`, `u`.`Facebook`, `u`.`Google_Analytics`, `u`.`Image`, `u`.`Instagram`, `u`.`Linkedin`, `u`.`Name`, `u`.`Parent_Id`, `u`.`Password`, `u`.`Paypal_Email`, `u`.`Paypal_Mode`, `u`.`Paypal_Payment`, `u`.`Paystack_Payment`, `u`.`Paystack_Public_Key`, `u`.`Paystack_Secret_Key`, `u`.`Phone`, `u`.`Publish_Key`, `u`.`Qr_Code`, `u`.`Razorpay_Key_Id`, `u`.`Razorpay_Key_Secret`, `u`.`Razorpay_Payment`, `u`.`Role`, `u`.`Secret_Key`, `u`.`Skype`, `u`.`Slug`, `u`.`Specialist`, `u`.`Status`, `u`.`Stripe_Payment`, `u`.`Thumb`, `u`.`Trial_Expire`, `u`.`Twitter`, `u`.`User_Name`, `u`.`User_Type`, `u`.`Verify_Code`, `u`.`Whatsapp`
FROM `Users` AS `u`
WHERE `u`.`Id` = @__id_0
LIMIT 1

2023-10-09 10:44:29.251 +05:30  INF  Executing endpoint 'DCRM.Api.Controllers.DealerController.Create (DCRM.Api)'

2023-10-09 10:44:29.251 +05:30  INF  Route matched with {action = "Create", controller = "Dealer"}. Executing controller action with signature Microsoft.AspNetCore.Mvc.IActionResult Create(DCRM.Common.Entity.DealerRequest) on controller DCRM.Api.Controllers.DealerController (DCRM.Api).

2023-10-09 10:44:36.602 +05:30  INF  Executed DbCommand (1ms) [Parameters=[@__request_Company_Name_0='?' (Size = 4000)], CommandType='"Text"', CommandTimeout='30']
SELECT `d`.`Id`, `d`.`Address_O`, `d`.`Address_R`, `d`.`City_O`, `d`.`City_R`, `d`.`Company_Name`, `d`.`Country_O`, `d`.`Country_R`, `d`.`Created_At`, `d`.`Email1`, `d`.`Email2`, `d`.`Gst_Number`, `d`.`Image`, `d`.`Is_Deleted`, `d`.`Own_Name_1`, `d`.`Own_Name_2`, `d`.`Pan_Number`, `d`.`Phone1`, `d`.`Phone2`, `d`.`Staff_Email1`, `d`.`Staff_Email2`, `d`.`Staff_Email3`, `d`.`Staff_Email4`, `d`.`Staff_Name1`, `d`.`Staff_Name2`, `d`.`Staff_Name3`, `d`.`Staff_Name4`, `d`.`Staff_Phone1`, `d`.`Staff_Phone2`, `d`.`Staff_Phone3`, `d`.`Staff_Phone4`, `d`.`Updated_At`, `d`.`User_Id`, `d`.`Zip_O`, `d`.`Zip_R`
FROM `Dealers` AS `d`
WHERE `d`.`Company_Name` = @__request_Company_Name_0
LIMIT 1

2023-10-09 10:44:50.450 +05:30  INF  Executed DbCommand (13ms) [Parameters=[@p0='?' (Size = 4000), @p1='?' (Size = 4000), @p2='?' (Size = 4000), @p3='?' (Size = 4000), @p4='?' (Size = 4000), @p5='?' (Size = 4000), @p6='?' (Size = 4000), @p7='?' (DbType = DateTime), @p8='?' (Size = 4000), @p9='?' (Size = 4000), @p10='?' (Size = 4000), @p11='?' (Size = 4000), @p12='?' (DbType = SByte), @p13='?' (Size = 4000), @p14='?' (Size = 4000), @p15='?' (Size = 4000), @p16='?' (Size = 4000), @p17='?' (Size = 4000), @p18='?' (Size = 4000), @p19='?' (Size = 4000), @p20='?' (Size = 4000), @p21='?' (Size = 4000), @p22='?' (Size = 4000), @p23='?' (Size = 4000), @p24='?' (Size = 4000), @p25='?' (Size = 4000), @p26='?' (DbType = Int64), @p27='?' (DbType = Int64), @p28='?' (DbType = Int64), @p29='?' (DbType = Int64), @p30='?' (DbType = DateTime), @p31='?' (DbType = Int64), @p32='?' (Size = 4000), @p33='?' (Size = 4000)], CommandType='"Text"', CommandTimeout='30']
INSERT INTO `Dealers` (`Address_O`, `Address_R`, `City_O`, `City_R`, `Company_Name`, `Country_O`, `Country_R`, `Created_At`, `Email1`, `Email2`, `Gst_Number`, `Image`, `Is_Deleted`, `Own_Name_1`, `Own_Name_2`, `Pan_Number`, `Phone1`, `Phone2`, `Staff_Email1`, `Staff_Email2`, `Staff_Email3`, `Staff_Email4`, `Staff_Name1`, `Staff_Name2`, `Staff_Name3`, `Staff_Name4`, `Staff_Phone1`, `Staff_Phone2`, `Staff_Phone3`, `Staff_Phone4`, `Updated_At`, `User_Id`, `Zip_O`, `Zip_R`)
VALUES (@p0, @p1, @p2, @p3, @p4, @p5, @p6, @p7, @p8, @p9, @p10, @p11, @p12, @p13, @p14, @p15, @p16, @p17, @p18, @p19, @p20, @p21, @p22, @p23, @p24, @p25, @p26, @p27, @p28, @p29, @p30, @p31, @p32, @p33);
SELECT `Id`
FROM `Dealers`
WHERE ROW_COUNT() = 1 AND `Id` = LAST_INSERT_ID();

2023-10-09 10:45:29.875 +05:30  INF  Executed DbCommand (2ms) [Parameters=[@__id_0='?' (DbType = Int64)], CommandType='"Text"', CommandTimeout='30']
SELECT `d`.`Id`, `d`.`Address_O`, `d`.`Address_R`, `d`.`City_O`, `d`.`City_R`, `d`.`Company_Name`, `d`.`Country_O`, `d`.`Country_R`, `d`.`Created_At`, `d`.`Email1`, `d`.`Email2`, `d`.`Gst_Number`, `d`.`Image`, `d`.`Is_Deleted`, `d`.`Own_Name_1`, `d`.`Own_Name_2`, `d`.`Pan_Number`, `d`.`Phone1`, `d`.`Phone2`, `d`.`Staff_Email1`, `d`.`Staff_Email2`, `d`.`Staff_Email3`, `d`.`Staff_Email4`, `d`.`Staff_Name1`, `d`.`Staff_Name2`, `d`.`Staff_Name3`, `d`.`Staff_Name4`, `d`.`Staff_Phone1`, `d`.`Staff_Phone2`, `d`.`Staff_Phone3`, `d`.`Staff_Phone4`, `d`.`Updated_At`, `d`.`User_Id`, `d`.`Zip_O`, `d`.`Zip_R`
FROM `Dealers` AS `d`
WHERE `d`.`Id` = @__id_0
LIMIT 1

2023-10-09 10:45:29.884 +05:30  INF  Executed DbCommand (8ms) [Parameters=[@p34='?' (DbType = Int32), @p0='?' (Size = 4000), @p1='?' (Size = 4000), @p2='?' (Size = 4000), @p3='?' (Size = 4000), @p4='?' (Size = 4000), @p5='?' (Size = 4000), @p6='?' (Size = 4000), @p7='?' (DbType = DateTime), @p8='?' (Size = 4000), @p9='?' (Size = 4000), @p10='?' (Size = 4000), @p11='?' (Size = 4000), @p12='?' (DbType = SByte), @p13='?' (Size = 4000), @p14='?' (Size = 4000), @p15='?' (Size = 4000), @p16='?' (Size = 4000), @p17='?' (Size = 4000), @p18='?' (Size = 4000), @p19='?' (Size = 4000), @p20='?' (Size = 4000), @p21='?' (Size = 4000), @p22='?' (Size = 4000), @p23='?' (Size = 4000), @p24='?' (Size = 4000), @p25='?' (Size = 4000), @p26='?' (DbType = Int64), @p27='?' (DbType = Int64), @p28='?' (DbType = Int64), @p29='?' (DbType = Int64), @p30='?' (DbType = DateTime), @p31='?' (DbType = Int64), @p32='?' (Size = 4000), @p33='?' (Size = 4000)], CommandType='"Text"', CommandTimeout='30']
UPDATE `Dealers` SET `Address_O` = @p0, `Address_R` = @p1, `City_O` = @p2, `City_R` = @p3, `Company_Name` = @p4, `Country_O` = @p5, `Country_R` = @p6, `Created_At` = @p7, `Email1` = @p8, `Email2` = @p9, `Gst_Number` = @p10, `Image` = @p11, `Is_Deleted` = @p12, `Own_Name_1` = @p13, `Own_Name_2` = @p14, `Pan_Number` = @p15, `Phone1` = @p16, `Phone2` = @p17, `Staff_Email1` = @p18, `Staff_Email2` = @p19, `Staff_Email3` = @p20, `Staff_Email4` = @p21, `Staff_Name1` = @p22, `Staff_Name2` = @p23, `Staff_Name3` = @p24, `Staff_Name4` = @p25, `Staff_Phone1` = @p26, `Staff_Phone2` = @p27, `Staff_Phone3` = @p28, `Staff_Phone4` = @p29, `Updated_At` = @p30, `User_Id` = @p31, `Zip_O` = @p32, `Zip_R` = @p33
WHERE `Id` = @p34;

2023-10-09 10:45:29.884 +05:30  INF  Executing StatusCodeResult, setting HTTP status code 200

2023-10-09 10:45:29.884 +05:30  INF  Executed action DCRM.Api.Controllers.DealerController.Create (DCRM.Api) in 60632.7022ms

2023-10-09 10:45:29.884 +05:30  INF  Executed endpoint 'DCRM.Api.Controllers.DealerController.Create (DCRM.Api)'

2023-10-09 10:45:29.884 +05:30  INF  Request finished HTTP/2 POST https://localhost:7069/api/Dealer/Create application/json 571 - 200 0 - 60635.5452ms

2023-10-09 11:04:14.543 +05:30  INF  User profile is available. Using 'C:\Users\DELL\AppData\Local\ASP.NET\DataProtection-Keys' as key repository and Windows DPAPI to encrypt keys at rest.

2023-10-09 11:04:14.984 +05:30  INF  Now listening on: https://localhost:7069

2023-10-09 11:04:14.984 +05:30  INF  Now listening on: http://localhost:5069

2023-10-09 11:04:14.988 +05:30  INF  Application started. Press Ctrl+C to shut down.

2023-10-09 11:04:14.988 +05:30  INF  Hosting environment: Development

2023-10-09 11:04:14.988 +05:30  INF  Content root path: D:\Projects\GitHubProjects\virmani_dotnet\DCRM.Api\

2023-10-09 11:04:16.160 +05:30  INF  Request starting HTTP/2 GET https://localhost:7069/swagger - -

2023-10-09 11:04:16.340 +05:30  INF  Request finished HTTP/2 GET https://localhost:7069/swagger - - - 301 0 - 184.6008ms

2023-10-09 11:04:16.341 +05:30  INF  Request starting HTTP/2 GET https://localhost:7069/swagger/index.html - -

2023-10-09 11:04:16.884 +05:30  INF  Request starting HTTP/2 GET https://localhost:7069/swagger/swagger-ui-bundle.js - -

2023-10-09 11:04:16.884 +05:30  INF  Request starting HTTP/2 GET https://localhost:7069/swagger/swagger-ui-standalone-preset.js - -

2023-10-09 11:04:16.884 +05:30  INF  Request starting HTTP/2 GET https://localhost:7069/_framework/aspnetcore-browser-refresh.js - -

2023-10-09 11:04:16.884 +05:30  INF  Request starting HTTP/2 GET https://localhost:7069/_vs/browserLink - -

2023-10-09 11:04:16.885 +05:30  INF  Request starting HTTP/2 GET https://localhost:7069/swagger/swagger-ui.css - -

2023-10-09 11:04:16.887 +05:30  INF  Request finished HTTP/2 GET https://localhost:7069/swagger/index.html - - - 200 - text/html;charset=utf-8 545.9190ms

2023-10-09 11:04:16.901 +05:30  INF  Request finished HTTP/2 GET https://localhost:7069/_framework/aspnetcore-browser-refresh.js - - - 200 12348 application/javascript;+charset=utf-8 16.7874ms

2023-10-09 11:04:16.996 +05:30  INF  Request finished HTTP/2 GET https://localhost:7069/_vs/browserLink - - - 200 - text/javascript;+charset=UTF-8 111.4546ms

2023-10-09 11:04:17.008 +05:30  INF  Sending file. Request path: '/swagger-ui.css'. Physical path: 'N/A'

2023-10-09 11:04:17.008 +05:30  INF  Request finished HTTP/2 GET https://localhost:7069/swagger/swagger-ui.css - - - 200 143632 text/css 123.2179ms

2023-10-09 11:04:17.012 +05:30  INF  Sending file. Request path: '/swagger-ui-standalone-preset.js'. Physical path: 'N/A'

2023-10-09 11:04:17.012 +05:30  INF  Request finished HTTP/2 GET https://localhost:7069/swagger/swagger-ui-standalone-preset.js - - - 200 337162 application/javascript 127.7264ms

2023-10-09 11:04:17.029 +05:30  INF  Sending file. Request path: '/swagger-ui-bundle.js'. Physical path: 'N/A'

2023-10-09 11:04:17.029 +05:30  INF  Request finished HTTP/2 GET https://localhost:7069/swagger/swagger-ui-bundle.js - - - 200 1092889 application/javascript 145.0408ms

2023-10-09 11:04:17.254 +05:30  INF  Request starting HTTP/2 GET https://localhost:7069/swagger/v1/swagger.json - -

2023-10-09 11:04:17.471 +05:30  INF  Request finished HTTP/2 GET https://localhost:7069/swagger/v1/swagger.json - - - 200 - application/json;charset=utf-8 217.7111ms

2023-10-09 11:08:10.624 +05:30  INF  Request starting HTTP/2 OPTIONS https://localhost:7069/api/Dashboard/Get - -

2023-10-09 11:08:13.173 +05:30  INF  CORS policy execution successful.

2023-10-09 11:08:13.184 +05:30  INF  Request finished HTTP/2 OPTIONS https://localhost:7069/api/Dashboard/Get - - - 204 - - 2567.2815ms

2023-10-09 11:08:13.188 +05:30  INF  Request starting HTTP/2 GET https://localhost:7069/api/Dashboard/Get application/json -

2023-10-09 11:08:13.202 +05:30  INF  CORS policy execution successful.

2023-10-09 11:08:15.967 +05:30  INF  Executing endpoint 'DCRM.Api.Controllers.DashboardController.Get (DCRM.Api)'

2023-10-09 11:08:16.041 +05:30  INF  Route matched with {action = "Get", controller = "Dashboard"}. Executing controller action with signature DCRM.Common.Dto.DashboardDto Get() on controller DCRM.Api.Controllers.DashboardController (DCRM.Api).

2023-10-09 11:08:16.053 +05:30  INF  Authorization failed for the request at filter 'DCRM.Common.Authorization.AuthorizeAttribute'.

2023-10-09 11:08:16.057 +05:30  INF  Executing JsonResult, writing value of type '<>f__AnonymousType0`1[[System.String, System.Private.CoreLib, Version=6.0.0.0, Culture=neutral, PublicKeyToken=7cec85d7bea7798e]]'.

2023-10-09 11:08:16.094 +05:30  INF  Executed action DCRM.Api.Controllers.DashboardController.Get (DCRM.Api) in 43.9579ms

2023-10-09 11:08:16.097 +05:30  INF  Executed endpoint 'DCRM.Api.Controllers.DashboardController.Get (DCRM.Api)'

2023-10-09 11:08:16.110 +05:30  INF  Request finished HTTP/2 GET https://localhost:7069/api/Dashboard/Get application/json - - 401 - application/json;+charset=utf-8 2921.9518ms

2023-10-09 11:08:30.560 +05:30  INF  Request starting HTTP/2 OPTIONS https://localhost:7069/api/Authenticate/user - -

2023-10-09 11:08:30.561 +05:30  INF  CORS policy execution successful.

2023-10-09 11:08:30.561 +05:30  INF  Request finished HTTP/2 OPTIONS https://localhost:7069/api/Authenticate/user - - - 204 - - 1.4050ms

2023-10-09 11:08:30.564 +05:30  INF  Request starting HTTP/2 POST https://localhost:7069/api/Authenticate/user application/json 48

2023-10-09 11:08:30.564 +05:30  INF  CORS policy execution successful.

2023-10-09 11:08:30.606 +05:30  INF  Executing endpoint 'DCRM.Api.Controllers.AuthenticateController.Post (DCRM.Api)'

2023-10-09 11:08:30.633 +05:30  INF  Route matched with {action = "Post", controller = "Authenticate"}. Executing controller action with signature Microsoft.AspNetCore.Mvc.IActionResult Post(System.String, DCRM.Common.AuthenticateRequest) on controller DCRM.Api.Controllers.AuthenticateController (DCRM.Api).

2023-10-09 11:08:32.174 +05:30  INF  Executed DbCommand (22ms) [Parameters=[@__authenticateRequest_Email_0='?' (Size = 4000), @__authenticateRequest_Password_1='?' (Size = 4000)], CommandType='"Text"', CommandTimeout='30']
SELECT `u`.`Id`, `u`.`About_Me`, `u`.`Account_Type`, `u`.`Address`, `u`.`Available_Days`, `u`.`Bn_Name`, `u`.`City`, `u`.`Country`, `u`.`Created_At`, `u`.`Currency`, `u`.`Degree`, `u`.`Email`, `u`.`Email_Verified`, `u`.`Enable_Appointment`, `u`.`Enable_Rating`, `u`.`Exp_Years`, `u`.`Facebook`, `u`.`Google_Analytics`, `u`.`Image`, `u`.`Instagram`, `u`.`Linkedin`, `u`.`Name`, `u`.`Parent_Id`, `u`.`Password`, `u`.`Paypal_Email`, `u`.`Paypal_Mode`, `u`.`Paypal_Payment`, `u`.`Paystack_Payment`, `u`.`Paystack_Public_Key`, `u`.`Paystack_Secret_Key`, `u`.`Phone`, `u`.`Publish_Key`, `u`.`Qr_Code`, `u`.`Razorpay_Key_Id`, `u`.`Razorpay_Key_Secret`, `u`.`Razorpay_Payment`, `u`.`Role`, `u`.`Secret_Key`, `u`.`Skype`, `u`.`Slug`, `u`.`Specialist`, `u`.`Status`, `u`.`Stripe_Payment`, `u`.`Thumb`, `u`.`Trial_Expire`, `u`.`Twitter`, `u`.`User_Name`, `u`.`User_Type`, `u`.`Verify_Code`, `u`.`Whatsapp`
FROM `Users` AS `u`
WHERE ((`u`.`Status` = 1) AND (`u`.`Email` = @__authenticateRequest_Email_0)) AND (`u`.`Password` = @__authenticateRequest_Password_1)
LIMIT 2

2023-10-09 11:08:32.381 +05:30  INF  Executing OkObjectResult, writing value of type 'DCRM.Common.AuthenticateResponse'.

2023-10-09 11:08:32.388 +05:30  INF  Executed action DCRM.Api.Controllers.AuthenticateController.Post (DCRM.Api) in 1754.8818ms

2023-10-09 11:08:32.388 +05:30  INF  Executed endpoint 'DCRM.Api.Controllers.AuthenticateController.Post (DCRM.Api)'

2023-10-09 11:08:32.395 +05:30  INF  Request starting HTTP/2 OPTIONS https://localhost:7069/api/Dashboard/Get - -

2023-10-09 11:08:32.395 +05:30  INF  CORS policy execution successful.

2023-10-09 11:08:32.395 +05:30  INF  Request finished HTTP/2 OPTIONS https://localhost:7069/api/Dashboard/Get - - - 204 - - 0.2090ms

2023-10-09 11:08:32.396 +05:30  INF  Request starting HTTP/2 GET https://localhost:7069/api/Dashboard/Get application/json -

2023-10-09 11:08:32.397 +05:30  INF  CORS policy execution successful.

2023-10-09 11:08:32.399 +05:30  INF  Request finished HTTP/2 POST https://localhost:7069/api/Authenticate/user application/json 48 - 200 - application/json;+charset=utf-8 1835.7778ms

2023-10-09 11:08:32.449 +05:30  INF  Executed DbCommand (4ms) [Parameters=[@__id_0='?' (DbType = Int64)], CommandType='"Text"', CommandTimeout='30']
SELECT `u`.`Id`, `u`.`About_Me`, `u`.`Account_Type`, `u`.`Address`, `u`.`Available_Days`, `u`.`Bn_Name`, `u`.`City`, `u`.`Country`, `u`.`Created_At`, `u`.`Currency`, `u`.`Degree`, `u`.`Email`, `u`.`Email_Verified`, `u`.`Enable_Appointment`, `u`.`Enable_Rating`, `u`.`Exp_Years`, `u`.`Facebook`, `u`.`Google_Analytics`, `u`.`Image`, `u`.`Instagram`, `u`.`Linkedin`, `u`.`Name`, `u`.`Parent_Id`, `u`.`Password`, `u`.`Paypal_Email`, `u`.`Paypal_Mode`, `u`.`Paypal_Payment`, `u`.`Paystack_Payment`, `u`.`Paystack_Public_Key`, `u`.`Paystack_Secret_Key`, `u`.`Phone`, `u`.`Publish_Key`, `u`.`Qr_Code`, `u`.`Razorpay_Key_Id`, `u`.`Razorpay_Key_Secret`, `u`.`Razorpay_Payment`, `u`.`Role`, `u`.`Secret_Key`, `u`.`Skype`, `u`.`Slug`, `u`.`Specialist`, `u`.`Status`, `u`.`Stripe_Payment`, `u`.`Thumb`, `u`.`Trial_Expire`, `u`.`Twitter`, `u`.`User_Name`, `u`.`User_Type`, `u`.`Verify_Code`, `u`.`Whatsapp`
FROM `Users` AS `u`
WHERE `u`.`Id` = @__id_0
LIMIT 1

2023-10-09 11:08:32.450 +05:30  INF  Executing endpoint 'DCRM.Api.Controllers.DashboardController.Get (DCRM.Api)'

2023-10-09 11:08:32.450 +05:30  INF  Route matched with {action = "Get", controller = "Dashboard"}. Executing controller action with signature DCRM.Common.Dto.DashboardDto Get() on controller DCRM.Api.Controllers.DashboardController (DCRM.Api).

2023-10-09 11:08:32.477 +05:30  INF  Executed DbCommand (19ms) [Parameters=[@__p_0='?' (DbType = Int64)], CommandType='"Text"', CommandTimeout='30']
SELECT `p`.`Id`, `p`.`Age`, `p`.`Chamber_Id`, `p`.`Created_At`, `p`.`Email`, `p`.`Guardian`, `p`.`Is_Delete`, `p`.`Mobile`, `p`.`Mr_Number`, `p`.`Name`, `p`.`Password`, `p`.`Permanent_Address`, `p`.`Present_Address`, `p`.`Role`, `p`.`Sex`, `p`.`Slug`, `p`.`Thumb`, `p`.`Title`, `p`.`UserName`, `p`.`User_Id`, `p`.`Verify_Code`, `p`.`Weight`
FROM `Patientses` AS `p`
WHERE (`p`.`User_Id` = @__p_0) AND (`p`.`Is_Delete` = 0)

2023-10-09 11:08:32.546 +05:30  INF  Executed DbCommand (19ms) [Parameters=[@__userId_0='?' (DbType = Int32)], CommandType='"Text"', CommandTimeout='30']
SELECT `s`.`Id`, `s`.`Blood_Group`, `s`.`Chamber_Id`, `s`.`Created_At`, `s`.`Current_Address`, `s`.`Date_Of_Joining`, `s`.`Department`, `s`.`Designation`, `s`.`Dob`, `s`.`Email`, `s`.`Father`, `s`.`Gender`, `s`.`Gst`, `s`.`Is_Deleted`, `s`.`Marital_Status`, `s`.`Mother`, `s`.`Name`, `s`.`Note`, `s`.`Pan`, `s`.`Password`, `s`.`Permanent_Address`, `s`.`Phone`, `s`.`Qualification`, `s`.`Role`, `s`.`Slug`, `s`.`Specialization`, `s`.`Status`, `s`.`Thumb`, `s`.`User_Id`, `s`.`User_Name`, `s`.`Work_Experience`
FROM `Staffs` AS `s`
WHERE (`s`.`User_Id` = @__userId_0) AND (`s`.`Is_Deleted` = 0)

2023-10-09 11:08:32.616 +05:30  INF  Executed DbCommand (13ms) [Parameters=[@__userId_0='?' (DbType = Int32)], CommandType='"Text"', CommandTimeout='30']
SELECT `a`.`Id`, `a`.`Appointment_Status`, `a`.`Cause`, `a`.`Chair`, `a`.`Chamber_Id`, `a`.`Created_At`, `a`.`Date`, `a`.`Doctor_Id`, `a`.`Doctor_Name`, `a`.`End_Time`, `a`.`Extra_Notes`, `a`.`Files`, `a`.`Is_Delete`, `a`.`Is_Start`, `a`.`Meeting_Notes`, `a`.`Number_Of_Slot`, `a`.`Patient_Id`, `a`.`Prescription_Id`, `a`.`Serial_Id`, `a`.`Slot_Time`, `a`.`Start_Time`, `a`.`Status`, `a`.`Type`, `a`.`User_Id`
FROM `Appointments` AS `a`
WHERE (`a`.`User_Id` = @__userId_0) AND (`a`.`Is_Delete` = 0)

2023-10-09 11:08:32.679 +05:30  INF  Executed DbCommand (5ms) [Parameters=[@__userId_0='?' (DbType = Int32)], CommandType='"Text"', CommandTimeout='30']
SELECT `a`.`Id`, `a`.`Appointment_Status`, `a`.`Cause`, `a`.`Chair`, `a`.`Chamber_Id`, `a`.`Created_At`, `a`.`Date`, `a`.`Doctor_Id`, `a`.`Doctor_Name`, `a`.`End_Time`, `a`.`Extra_Notes`, `a`.`Files`, `a`.`Is_Delete`, `a`.`Is_Start`, `a`.`Meeting_Notes`, `a`.`Number_Of_Slot`, `a`.`Patient_Id`, `a`.`Prescription_Id`, `a`.`Serial_Id`, `a`.`Slot_Time`, `a`.`Start_Time`, `a`.`Status`, `a`.`Type`, `a`.`User_Id`
FROM `Appointments` AS `a`
WHERE ((`a`.`User_Id` = @__userId_0) AND (`a`.`Is_Delete` = 0)) AND (`a`.`Date` = CURDATE())

2023-10-09 11:08:32.679 +05:30  INF  Executing ObjectResult, writing value of type 'DCRM.Common.Dto.DashboardDto'.

2023-10-09 11:08:32.680 +05:30  INF  Executed action DCRM.Api.Controllers.DashboardController.Get (DCRM.Api) in 230.5145ms

2023-10-09 11:08:32.680 +05:30  INF  Executed endpoint 'DCRM.Api.Controllers.DashboardController.Get (DCRM.Api)'

2023-10-09 11:08:32.680 +05:30  INF  Request finished HTTP/2 GET https://localhost:7069/api/Dashboard/Get application/json - - 200 - application/json;+charset=utf-8 284.0345ms

2023-10-09 11:08:49.188 +05:30  INF  Request starting HTTP/2 OPTIONS https://localhost:7069/api/Dashboard/Get - -

2023-10-09 11:08:49.188 +05:30  INF  CORS policy execution successful.

2023-10-09 11:08:49.188 +05:30  INF  Request finished HTTP/2 OPTIONS https://localhost:7069/api/Dashboard/Get - - - 204 - - 0.4240ms

2023-10-09 11:08:49.190 +05:30  INF  Request starting HTTP/2 GET https://localhost:7069/api/Dashboard/Get application/json -

2023-10-09 11:08:49.190 +05:30  INF  CORS policy execution successful.

2023-10-09 11:08:49.199 +05:30  INF  Executed DbCommand (1ms) [Parameters=[@__id_0='?' (DbType = Int64)], CommandType='"Text"', CommandTimeout='30']
SELECT `u`.`Id`, `u`.`About_Me`, `u`.`Account_Type`, `u`.`Address`, `u`.`Available_Days`, `u`.`Bn_Name`, `u`.`City`, `u`.`Country`, `u`.`Created_At`, `u`.`Currency`, `u`.`Degree`, `u`.`Email`, `u`.`Email_Verified`, `u`.`Enable_Appointment`, `u`.`Enable_Rating`, `u`.`Exp_Years`, `u`.`Facebook`, `u`.`Google_Analytics`, `u`.`Image`, `u`.`Instagram`, `u`.`Linkedin`, `u`.`Name`, `u`.`Parent_Id`, `u`.`Password`, `u`.`Paypal_Email`, `u`.`Paypal_Mode`, `u`.`Paypal_Payment`, `u`.`Paystack_Payment`, `u`.`Paystack_Public_Key`, `u`.`Paystack_Secret_Key`, `u`.`Phone`, `u`.`Publish_Key`, `u`.`Qr_Code`, `u`.`Razorpay_Key_Id`, `u`.`Razorpay_Key_Secret`, `u`.`Razorpay_Payment`, `u`.`Role`, `u`.`Secret_Key`, `u`.`Skype`, `u`.`Slug`, `u`.`Specialist`, `u`.`Status`, `u`.`Stripe_Payment`, `u`.`Thumb`, `u`.`Trial_Expire`, `u`.`Twitter`, `u`.`User_Name`, `u`.`User_Type`, `u`.`Verify_Code`, `u`.`Whatsapp`
FROM `Users` AS `u`
WHERE `u`.`Id` = @__id_0
LIMIT 1

2023-10-09 11:08:49.199 +05:30  INF  Executing endpoint 'DCRM.Api.Controllers.DashboardController.Get (DCRM.Api)'

2023-10-09 11:08:49.199 +05:30  INF  Route matched with {action = "Get", controller = "Dashboard"}. Executing controller action with signature DCRM.Common.Dto.DashboardDto Get() on controller DCRM.Api.Controllers.DashboardController (DCRM.Api).

2023-10-09 11:08:49.208 +05:30  INF  Executed DbCommand (7ms) [Parameters=[@__p_0='?' (DbType = Int64)], CommandType='"Text"', CommandTimeout='30']
SELECT `p`.`Id`, `p`.`Age`, `p`.`Chamber_Id`, `p`.`Created_At`, `p`.`Email`, `p`.`Guardian`, `p`.`Is_Delete`, `p`.`Mobile`, `p`.`Mr_Number`, `p`.`Name`, `p`.`Password`, `p`.`Permanent_Address`, `p`.`Present_Address`, `p`.`Role`, `p`.`Sex`, `p`.`Slug`, `p`.`Thumb`, `p`.`Title`, `p`.`UserName`, `p`.`User_Id`, `p`.`Verify_Code`, `p`.`Weight`
FROM `Patientses` AS `p`
WHERE (`p`.`User_Id` = @__p_0) AND (`p`.`Is_Delete` = 0)

2023-10-09 11:08:49.212 +05:30  INF  Executed DbCommand (1ms) [Parameters=[@__userId_0='?' (DbType = Int32)], CommandType='"Text"', CommandTimeout='30']
SELECT `s`.`Id`, `s`.`Blood_Group`, `s`.`Chamber_Id`, `s`.`Created_At`, `s`.`Current_Address`, `s`.`Date_Of_Joining`, `s`.`Department`, `s`.`Designation`, `s`.`Dob`, `s`.`Email`, `s`.`Father`, `s`.`Gender`, `s`.`Gst`, `s`.`Is_Deleted`, `s`.`Marital_Status`, `s`.`Mother`, `s`.`Name`, `s`.`Note`, `s`.`Pan`, `s`.`Password`, `s`.`Permanent_Address`, `s`.`Phone`, `s`.`Qualification`, `s`.`Role`, `s`.`Slug`, `s`.`Specialization`, `s`.`Status`, `s`.`Thumb`, `s`.`User_Id`, `s`.`User_Name`, `s`.`Work_Experience`
FROM `Staffs` AS `s`
WHERE (`s`.`User_Id` = @__userId_0) AND (`s`.`Is_Deleted` = 0)

2023-10-09 11:08:49.214 +05:30  INF  Executed DbCommand (2ms) [Parameters=[@__userId_0='?' (DbType = Int32)], CommandType='"Text"', CommandTimeout='30']
SELECT `a`.`Id`, `a`.`Appointment_Status`, `a`.`Cause`, `a`.`Chair`, `a`.`Chamber_Id`, `a`.`Created_At`, `a`.`Date`, `a`.`Doctor_Id`, `a`.`Doctor_Name`, `a`.`End_Time`, `a`.`Extra_Notes`, `a`.`Files`, `a`.`Is_Delete`, `a`.`Is_Start`, `a`.`Meeting_Notes`, `a`.`Number_Of_Slot`, `a`.`Patient_Id`, `a`.`Prescription_Id`, `a`.`Serial_Id`, `a`.`Slot_Time`, `a`.`Start_Time`, `a`.`Status`, `a`.`Type`, `a`.`User_Id`
FROM `Appointments` AS `a`
WHERE (`a`.`User_Id` = @__userId_0) AND (`a`.`Is_Delete` = 0)

2023-10-09 11:08:49.217 +05:30  INF  Executed DbCommand (1ms) [Parameters=[@__userId_0='?' (DbType = Int32)], CommandType='"Text"', CommandTimeout='30']
SELECT `a`.`Id`, `a`.`Appointment_Status`, `a`.`Cause`, `a`.`Chair`, `a`.`Chamber_Id`, `a`.`Created_At`, `a`.`Date`, `a`.`Doctor_Id`, `a`.`Doctor_Name`, `a`.`End_Time`, `a`.`Extra_Notes`, `a`.`Files`, `a`.`Is_Delete`, `a`.`Is_Start`, `a`.`Meeting_Notes`, `a`.`Number_Of_Slot`, `a`.`Patient_Id`, `a`.`Prescription_Id`, `a`.`Serial_Id`, `a`.`Slot_Time`, `a`.`Start_Time`, `a`.`Status`, `a`.`Type`, `a`.`User_Id`
FROM `Appointments` AS `a`
WHERE ((`a`.`User_Id` = @__userId_0) AND (`a`.`Is_Delete` = 0)) AND (`a`.`Date` = CURDATE())

2023-10-09 11:08:49.218 +05:30  INF  Executing ObjectResult, writing value of type 'DCRM.Common.Dto.DashboardDto'.

2023-10-09 11:08:49.218 +05:30  INF  Executed action DCRM.Api.Controllers.DashboardController.Get (DCRM.Api) in 18.5883ms

2023-10-09 11:08:49.218 +05:30  INF  Executed endpoint 'DCRM.Api.Controllers.DashboardController.Get (DCRM.Api)'

2023-10-09 11:08:49.218 +05:30  INF  Request finished HTTP/2 GET https://localhost:7069/api/Dashboard/Get application/json - - 200 - application/json;+charset=utf-8 28.2352ms

2023-10-09 11:08:55.102 +05:30  INF  Request starting HTTP/2 OPTIONS https://localhost:7069/api/Dealer/GetAll - -

2023-10-09 11:08:55.103 +05:30  INF  CORS policy execution successful.

2023-10-09 11:08:55.103 +05:30  INF  Request finished HTTP/2 OPTIONS https://localhost:7069/api/Dealer/GetAll - - - 204 - - 0.7905ms

2023-10-09 11:08:55.104 +05:30  INF  Request starting HTTP/2 GET https://localhost:7069/api/Dealer/GetAll application/json -

2023-10-09 11:08:55.105 +05:30  INF  CORS policy execution successful.

2023-10-09 11:08:55.107 +05:30  INF  Executed DbCommand (1ms) [Parameters=[@__id_0='?' (DbType = Int64)], CommandType='"Text"', CommandTimeout='30']
SELECT `u`.`Id`, `u`.`About_Me`, `u`.`Account_Type`, `u`.`Address`, `u`.`Available_Days`, `u`.`Bn_Name`, `u`.`City`, `u`.`Country`, `u`.`Created_At`, `u`.`Currency`, `u`.`Degree`, `u`.`Email`, `u`.`Email_Verified`, `u`.`Enable_Appointment`, `u`.`Enable_Rating`, `u`.`Exp_Years`, `u`.`Facebook`, `u`.`Google_Analytics`, `u`.`Image`, `u`.`Instagram`, `u`.`Linkedin`, `u`.`Name`, `u`.`Parent_Id`, `u`.`Password`, `u`.`Paypal_Email`, `u`.`Paypal_Mode`, `u`.`Paypal_Payment`, `u`.`Paystack_Payment`, `u`.`Paystack_Public_Key`, `u`.`Paystack_Secret_Key`, `u`.`Phone`, `u`.`Publish_Key`, `u`.`Qr_Code`, `u`.`Razorpay_Key_Id`, `u`.`Razorpay_Key_Secret`, `u`.`Razorpay_Payment`, `u`.`Role`, `u`.`Secret_Key`, `u`.`Skype`, `u`.`Slug`, `u`.`Specialist`, `u`.`Status`, `u`.`Stripe_Payment`, `u`.`Thumb`, `u`.`Trial_Expire`, `u`.`Twitter`, `u`.`User_Name`, `u`.`User_Type`, `u`.`Verify_Code`, `u`.`Whatsapp`
FROM `Users` AS `u`
WHERE `u`.`Id` = @__id_0
LIMIT 1

2023-10-09 11:08:55.107 +05:30  INF  Executing endpoint 'DCRM.Api.Controllers.DealerController.GetAllAsync (DCRM.Api)'

2023-10-09 11:08:55.113 +05:30  INF  Route matched with {action = "GetAll", controller = "Dealer"}. Executing controller action with signature System.Threading.Tasks.Task`1[System.Collections.Generic.IEnumerable`1[DCRM.Common.Dto.DealerDto]] GetAllAsync() on controller DCRM.Api.Controllers.DealerController (DCRM.Api).

2023-10-09 11:08:55.138 +05:30  INF  Executed DbCommand (13ms) [Parameters=[@__userId_0='?' (DbType = Int64)], CommandType='"Text"', CommandTimeout='30']
SELECT `d`.`Id`, `d`.`Address_O`, `d`.`Address_R`, `d`.`City_O`, `d`.`City_R`, `d`.`Company_Name`, `d`.`Country_O`, `d`.`Country_R`, `d`.`Created_At`, `d`.`Email1`, `d`.`Email2`, `d`.`Gst_Number`, `d`.`Image`, `d`.`Is_Deleted`, `d`.`Own_Name_1`, `d`.`Own_Name_2`, `d`.`Pan_Number`, `d`.`Phone1`, `d`.`Phone2`, `d`.`Staff_Email1`, `d`.`Staff_Email2`, `d`.`Staff_Email3`, `d`.`Staff_Email4`, `d`.`Staff_Name1`, `d`.`Staff_Name2`, `d`.`Staff_Name3`, `d`.`Staff_Name4`, `d`.`Staff_Phone1`, `d`.`Staff_Phone2`, `d`.`Staff_Phone3`, `d`.`Staff_Phone4`, `d`.`Updated_At`, `d`.`User_Id`, `d`.`Zip_O`, `d`.`Zip_R`
FROM `Dealers` AS `d`
WHERE (`d`.`Is_Deleted` = 0) AND (`d`.`User_Id` = @__userId_0)

2023-10-09 11:08:55.206 +05:30  INF  Executed DbCommand (6ms) [Parameters=[@__p_0='?' (DbType = Int64)], CommandType='"Text"', CommandTimeout='30']
SELECT `d`.`Id`, `d`.`Bank_Account_Number`, `d`.`Bank_Name`, `d`.`Dealer_Id`, `d`.`Ifsc_Code`, `d`.`Remarks`, `d`.`Updated_At`
FROM `Dealer_Bank_Details` AS `d`
WHERE `d`.`Dealer_Id` = @__p_0

2023-10-09 11:08:55.213 +05:30  INF  Executed DbCommand (3ms) [Parameters=[@__p_0='?' (DbType = Int64)], CommandType='"Text"', CommandTimeout='30']
SELECT `d`.`Id`, `d`.`Dealer_Id`, `d`.`Material_Cost`, `d`.`Material_Date`, `d`.`Material_Name`
FROM `Dealer_Material` AS `d`
WHERE `d`.`Dealer_Id` = @__p_0

2023-10-09 11:08:55.215 +05:30  INF  Executed DbCommand (0ms) [Parameters=[@__p_0='?' (DbType = Int64)], CommandType='"Text"', CommandTimeout='30']
SELECT `d`.`Id`, `d`.`Bank_Account_Number`, `d`.`Bank_Name`, `d`.`Dealer_Id`, `d`.`Ifsc_Code`, `d`.`Remarks`, `d`.`Updated_At`
FROM `Dealer_Bank_Details` AS `d`
WHERE `d`.`Dealer_Id` = @__p_0

2023-10-09 11:08:55.217 +05:30  INF  Executed DbCommand (0ms) [Parameters=[@__p_0='?' (DbType = Int64)], CommandType='"Text"', CommandTimeout='30']
SELECT `d`.`Id`, `d`.`Dealer_Id`, `d`.`Material_Cost`, `d`.`Material_Date`, `d`.`Material_Name`
FROM `Dealer_Material` AS `d`
WHERE `d`.`Dealer_Id` = @__p_0

2023-10-09 11:08:55.218 +05:30  INF  Executed DbCommand (1ms) [Parameters=[@__p_0='?' (DbType = Int64)], CommandType='"Text"', CommandTimeout='30']
SELECT `d`.`Id`, `d`.`Bank_Account_Number`, `d`.`Bank_Name`, `d`.`Dealer_Id`, `d`.`Ifsc_Code`, `d`.`Remarks`, `d`.`Updated_At`
FROM `Dealer_Bank_Details` AS `d`
WHERE `d`.`Dealer_Id` = @__p_0

2023-10-09 11:08:55.234 +05:30  INF  Executed DbCommand (0ms) [Parameters=[@__p_0='?' (DbType = Int64)], CommandType='"Text"', CommandTimeout='30']
SELECT `d`.`Id`, `d`.`Dealer_Id`, `d`.`Material_Cost`, `d`.`Material_Date`, `d`.`Material_Name`
FROM `Dealer_Material` AS `d`
WHERE `d`.`Dealer_Id` = @__p_0

2023-10-09 11:08:55.249 +05:30  INF  Executed DbCommand (0ms) [Parameters=[@__p_0='?' (DbType = Int64)], CommandType='"Text"', CommandTimeout='30']
SELECT `d`.`Id`, `d`.`Bank_Account_Number`, `d`.`Bank_Name`, `d`.`Dealer_Id`, `d`.`Ifsc_Code`, `d`.`Remarks`, `d`.`Updated_At`
FROM `Dealer_Bank_Details` AS `d`
WHERE `d`.`Dealer_Id` = @__p_0

2023-10-09 11:08:55.250 +05:30  INF  Executed DbCommand (0ms) [Parameters=[@__p_0='?' (DbType = Int64)], CommandType='"Text"', CommandTimeout='30']
SELECT `d`.`Id`, `d`.`Dealer_Id`, `d`.`Material_Cost`, `d`.`Material_Date`, `d`.`Material_Name`
FROM `Dealer_Material` AS `d`
WHERE `d`.`Dealer_Id` = @__p_0

2023-10-09 11:08:55.251 +05:30  INF  Executed DbCommand (0ms) [Parameters=[@__p_0='?' (DbType = Int64)], CommandType='"Text"', CommandTimeout='30']
SELECT `d`.`Id`, `d`.`Bank_Account_Number`, `d`.`Bank_Name`, `d`.`Dealer_Id`, `d`.`Ifsc_Code`, `d`.`Remarks`, `d`.`Updated_At`
FROM `Dealer_Bank_Details` AS `d`
WHERE `d`.`Dealer_Id` = @__p_0

2023-10-09 11:08:55.254 +05:30  INF  Executed DbCommand (1ms) [Parameters=[@__p_0='?' (DbType = Int64)], CommandType='"Text"', CommandTimeout='30']
SELECT `d`.`Id`, `d`.`Dealer_Id`, `d`.`Material_Cost`, `d`.`Material_Date`, `d`.`Material_Name`
FROM `Dealer_Material` AS `d`
WHERE `d`.`Dealer_Id` = @__p_0

2023-10-09 11:08:55.255 +05:30  INF  Executed DbCommand (0ms) [Parameters=[@__p_0='?' (DbType = Int64)], CommandType='"Text"', CommandTimeout='30']
SELECT `d`.`Id`, `d`.`Bank_Account_Number`, `d`.`Bank_Name`, `d`.`Dealer_Id`, `d`.`Ifsc_Code`, `d`.`Remarks`, `d`.`Updated_At`
FROM `Dealer_Bank_Details` AS `d`
WHERE `d`.`Dealer_Id` = @__p_0

2023-10-09 11:08:55.256 +05:30  INF  Executed DbCommand (0ms) [Parameters=[@__p_0='?' (DbType = Int64)], CommandType='"Text"', CommandTimeout='30']
SELECT `d`.`Id`, `d`.`Dealer_Id`, `d`.`Material_Cost`, `d`.`Material_Date`, `d`.`Material_Name`
FROM `Dealer_Material` AS `d`
WHERE `d`.`Dealer_Id` = @__p_0

2023-10-09 11:08:55.257 +05:30  INF  Executed DbCommand (0ms) [Parameters=[@__p_0='?' (DbType = Int64)], CommandType='"Text"', CommandTimeout='30']
SELECT `d`.`Id`, `d`.`Bank_Account_Number`, `d`.`Bank_Name`, `d`.`Dealer_Id`, `d`.`Ifsc_Code`, `d`.`Remarks`, `d`.`Updated_At`
FROM `Dealer_Bank_Details` AS `d`
WHERE `d`.`Dealer_Id` = @__p_0

2023-10-09 11:08:55.258 +05:30  INF  Executed DbCommand (0ms) [Parameters=[@__p_0='?' (DbType = Int64)], CommandType='"Text"', CommandTimeout='30']
SELECT `d`.`Id`, `d`.`Dealer_Id`, `d`.`Material_Cost`, `d`.`Material_Date`, `d`.`Material_Name`
FROM `Dealer_Material` AS `d`
WHERE `d`.`Dealer_Id` = @__p_0

2023-10-09 11:08:55.259 +05:30  INF  Executed DbCommand (0ms) [Parameters=[@__p_0='?' (DbType = Int64)], CommandType='"Text"', CommandTimeout='30']
SELECT `d`.`Id`, `d`.`Bank_Account_Number`, `d`.`Bank_Name`, `d`.`Dealer_Id`, `d`.`Ifsc_Code`, `d`.`Remarks`, `d`.`Updated_At`
FROM `Dealer_Bank_Details` AS `d`
WHERE `d`.`Dealer_Id` = @__p_0

2023-10-09 11:08:55.261 +05:30  INF  Executed DbCommand (0ms) [Parameters=[@__p_0='?' (DbType = Int64)], CommandType='"Text"', CommandTimeout='30']
SELECT `d`.`Id`, `d`.`Dealer_Id`, `d`.`Material_Cost`, `d`.`Material_Date`, `d`.`Material_Name`
FROM `Dealer_Material` AS `d`
WHERE `d`.`Dealer_Id` = @__p_0

2023-10-09 11:08:55.262 +05:30  INF  Executed DbCommand (0ms) [Parameters=[@__p_0='?' (DbType = Int64)], CommandType='"Text"', CommandTimeout='30']
SELECT `d`.`Id`, `d`.`Bank_Account_Number`, `d`.`Bank_Name`, `d`.`Dealer_Id`, `d`.`Ifsc_Code`, `d`.`Remarks`, `d`.`Updated_At`
FROM `Dealer_Bank_Details` AS `d`
WHERE `d`.`Dealer_Id` = @__p_0

2023-10-09 11:08:55.263 +05:30  INF  Executed DbCommand (0ms) [Parameters=[@__p_0='?' (DbType = Int64)], CommandType='"Text"', CommandTimeout='30']
SELECT `d`.`Id`, `d`.`Dealer_Id`, `d`.`Material_Cost`, `d`.`Material_Date`, `d`.`Material_Name`
FROM `Dealer_Material` AS `d`
WHERE `d`.`Dealer_Id` = @__p_0

2023-10-09 11:08:55.264 +05:30  INF  Executed DbCommand (0ms) [Parameters=[@__p_0='?' (DbType = Int64)], CommandType='"Text"', CommandTimeout='30']
SELECT `d`.`Id`, `d`.`Bank_Account_Number`, `d`.`Bank_Name`, `d`.`Dealer_Id`, `d`.`Ifsc_Code`, `d`.`Remarks`, `d`.`Updated_At`
FROM `Dealer_Bank_Details` AS `d`
WHERE `d`.`Dealer_Id` = @__p_0

2023-10-09 11:08:55.265 +05:30  INF  Executed DbCommand (0ms) [Parameters=[@__p_0='?' (DbType = Int64)], CommandType='"Text"', CommandTimeout='30']
SELECT `d`.`Id`, `d`.`Dealer_Id`, `d`.`Material_Cost`, `d`.`Material_Date`, `d`.`Material_Name`
FROM `Dealer_Material` AS `d`
WHERE `d`.`Dealer_Id` = @__p_0

2023-10-09 11:08:55.265 +05:30  INF  Executing ObjectResult, writing value of type 'System.Collections.Generic.List`1[[DCRM.Common.Dto.DealerDto, DCRM.Common, Version=1.0.0.0, Culture=neutral, PublicKeyToken=null]]'.

2023-10-09 11:08:55.318 +05:30  INF  Executed action DCRM.Api.Controllers.DealerController.GetAllAsync (DCRM.Api) in 204.6162ms

2023-10-09 11:08:55.318 +05:30  INF  Executed endpoint 'DCRM.Api.Controllers.DealerController.GetAllAsync (DCRM.Api)'

2023-10-09 11:08:55.318 +05:30  INF  Request finished HTTP/2 GET https://localhost:7069/api/Dealer/GetAll application/json - - 200 - application/json;+charset=utf-8 214.3308ms

2023-10-09 11:08:59.276 +05:30  INF  Request starting HTTP/2 GET https://localhost:7069/api/Drug/GetMedicineCategoris - -

2023-10-09 11:08:59.276 +05:30  INF  Request starting HTTP/2 GET https://localhost:7069/api/Drug/GetMedicineBrands - -

2023-10-09 11:08:59.276 +05:30  INF  CORS policy execution successful.

2023-10-09 11:08:59.276 +05:30  INF  CORS policy execution successful.

2023-10-09 11:08:59.277 +05:30  INF  Executing endpoint 'DCRM.Api.Controllers.DrugController.GetMedicineCategoris (DCRM.Api)'

2023-10-09 11:08:59.277 +05:30  INF  Executing endpoint 'DCRM.Api.Controllers.DrugController.GetMedicineBrands (DCRM.Api)'

2023-10-09 11:08:59.278 +05:30  INF  Route matched with {action = "GetMedicineCategoris", controller = "Drug"}. Executing controller action with signature System.Collections.Generic.List`1[DCRM.Common.Entity.MedicineCategory] GetMedicineCategoris() on controller DCRM.Api.Controllers.DrugController (DCRM.Api).

2023-10-09 11:08:59.278 +05:30  INF  Route matched with {action = "GetMedicineBrands", controller = "Drug"}. Executing controller action with signature System.Collections.Generic.List`1[DCRM.Common.Entity.MedicineBrand] GetMedicineBrands() on controller DCRM.Api.Controllers.DrugController (DCRM.Api).

2023-10-09 11:08:59.417 +05:30  INF  Executed DbCommand (134ms) [Parameters=[], CommandType='"Text"', CommandTimeout='30']
SELECT `m`.`Id`, `m`.`Medicine_Category`
FROM `Medicine_Category` AS `m`

2023-10-09 11:08:59.417 +05:30  INF  Executed DbCommand (84ms) [Parameters=[], CommandType='"Text"', CommandTimeout='30']
SELECT `m`.`Id`, `m`.`Basic_Salt`, `m`.`Company_Name`, `m`.`Medicine_Brand`
FROM `Medicine_Brand` AS `m`

2023-10-09 11:08:59.421 +05:30  INF  Executing ObjectResult, writing value of type 'System.Collections.Generic.List`1[[DCRM.Common.Entity.MedicineCategory, DCRM.Common, Version=1.0.0.0, Culture=neutral, PublicKeyToken=null]]'.

2023-10-09 11:08:59.422 +05:30  INF  Executed action DCRM.Api.Controllers.DrugController.GetMedicineCategoris (DCRM.Api) in 143.8107ms

2023-10-09 11:08:59.422 +05:30  INF  Executed endpoint 'DCRM.Api.Controllers.DrugController.GetMedicineCategoris (DCRM.Api)'

2023-10-09 11:08:59.422 +05:30  INF  Request finished HTTP/2 GET https://localhost:7069/api/Drug/GetMedicineCategoris - - - 200 - application/json;+charset=utf-8 146.5456ms

2023-10-09 11:08:59.425 +05:30  INF  Executing ObjectResult, writing value of type 'System.Collections.Generic.List`1[[DCRM.Common.Entity.MedicineBrand, DCRM.Common, Version=1.0.0.0, Culture=neutral, PublicKeyToken=null]]'.

2023-10-09 11:08:59.426 +05:30  INF  Executed action DCRM.Api.Controllers.DrugController.GetMedicineBrands (DCRM.Api) in 148.1723ms

2023-10-09 11:08:59.427 +05:30  INF  Executed endpoint 'DCRM.Api.Controllers.DrugController.GetMedicineBrands (DCRM.Api)'

2023-10-09 11:08:59.427 +05:30  INF  Request finished HTTP/2 GET https://localhost:7069/api/Drug/GetMedicineBrands - - - 200 - application/json;+charset=utf-8 150.5286ms

=======
2023-10-09 09:42:11.230 +05:30  INF  Executing endpoint 'DCRM.Api.Controllers.DealerController.GetAllAsync (DCRM.Api)'
2023-10-09 09:42:11.237 +05:30  INF  Route matched with {action = "GetAll", controller = "Dealer"}. Executing controller action with signature System.Threading.Tasks.Task`1[System.Collections.Generic.IEnumerable`1[DCRM.Common.Dto.DealerDto]] GetAllAsync() on controller DCRM.Api.Controllers.DealerController (DCRM.Api).
2023-10-09 09:42:11.257 +05:30  INF  Executed DbCommand (3ms) [Parameters=[@__userId_0='?' (DbType = Int64)], CommandType='"Text"', CommandTimeout='30']
SELECT `d`.`Id`, `d`.`Address_O`, `d`.`Address_R`, `d`.`City_O`, `d`.`City_R`, `d`.`Company_Name`, `d`.`Country_O`, `d`.`Country_R`, `d`.`Created_At`, `d`.`Email1`, `d`.`Email2`, `d`.`Gst_Number`, `d`.`Image`, `d`.`Is_Deleted`, `d`.`Own_Name_1`, `d`.`Own_Name_2`, `d`.`Pan_Number`, `d`.`Phone1`, `d`.`Phone2`, `d`.`Staff_Email1`, `d`.`Staff_Email2`, `d`.`Staff_Email3`, `d`.`Staff_Email4`, `d`.`Staff_Name1`, `d`.`Staff_Name2`, `d`.`Staff_Name3`, `d`.`Staff_Name4`, `d`.`Staff_Phone1`, `d`.`Staff_Phone2`, `d`.`Staff_Phone3`, `d`.`Staff_Phone4`, `d`.`Updated_At`, `d`.`User_Id`, `d`.`Zip_O`, `d`.`Zip_R`
FROM `Dealers` AS `d`
WHERE (`d`.`Is_Deleted` = 0) AND (`d`.`User_Id` = @__userId_0)
2023-10-09 09:42:11.348 +05:30  INF  Executed DbCommand (1ms) [Parameters=[@__p_0='?' (DbType = Int64)], CommandType='"Text"', CommandTimeout='30']
SELECT `d`.`Id`, `d`.`Bank_Account_Number`, `d`.`Bank_Name`, `d`.`Dealer_Id`, `d`.`Ifsc_Code`, `d`.`Remarks`, `d`.`Updated_At`
FROM `Dealer_Bank_Details` AS `d`
WHERE `d`.`Dealer_Id` = @__p_0
2023-10-09 09:42:11.372 +05:30  INF  Executed DbCommand (1ms) [Parameters=[@__p_0='?' (DbType = Int64)], CommandType='"Text"', CommandTimeout='30']
SELECT `d`.`Id`, `d`.`Dealer_Id`, `d`.`Material_Cost`, `d`.`Material_Date`, `d`.`Material_Name`
FROM `Dealer_Material` AS `d`
WHERE `d`.`Dealer_Id` = @__p_0
2023-10-09 09:42:11.396 +05:30  INF  Executed DbCommand (1ms) [Parameters=[@__p_0='?' (DbType = Int64)], CommandType='"Text"', CommandTimeout='30']
SELECT `d`.`Id`, `d`.`Bank_Account_Number`, `d`.`Bank_Name`, `d`.`Dealer_Id`, `d`.`Ifsc_Code`, `d`.`Remarks`, `d`.`Updated_At`
FROM `Dealer_Bank_Details` AS `d`
WHERE `d`.`Dealer_Id` = @__p_0
2023-10-09 09:42:11.398 +05:30  INF  Executed DbCommand (1ms) [Parameters=[@__p_0='?' (DbType = Int64)], CommandType='"Text"', CommandTimeout='30']
SELECT `d`.`Id`, `d`.`Dealer_Id`, `d`.`Material_Cost`, `d`.`Material_Date`, `d`.`Material_Name`
FROM `Dealer_Material` AS `d`
WHERE `d`.`Dealer_Id` = @__p_0
2023-10-09 09:42:11.399 +05:30  INF  Executing ObjectResult, writing value of type 'System.Collections.Generic.List`1[[DCRM.Common.Dto.DealerDto, DCRM.Common, Version=1.0.0.0, Culture=neutral, PublicKeyToken=null]]'.
2023-10-09 09:42:11.442 +05:30  INF  Executed action DCRM.Api.Controllers.DealerController.GetAllAsync (DCRM.Api) in 205.0241ms
2023-10-09 09:42:11.442 +05:30  INF  Executed endpoint 'DCRM.Api.Controllers.DealerController.GetAllAsync (DCRM.Api)'
2023-10-09 09:42:11.442 +05:30  INF  Request finished HTTP/1.1 GET https://localhost:7069/api/Dealer/GetAll - - - 200 - application/json;+charset=utf-8 426.7945ms
2023-10-09 09:43:20.711 +05:30  INF  Request starting HTTP/1.1 GET https://localhost:7069/api/Dealer/Get/30 - -
2023-10-09 09:43:20.750 +05:30  INF  Executed DbCommand (1ms) [Parameters=[@__id_0='?' (DbType = Int32)], CommandType='"Text"', CommandTimeout='30']
SELECT `u`.`Id`, `u`.`About_Me`, `u`.`Account_Type`, `u`.`Address`, `u`.`Available_Days`, `u`.`Bn_Name`, `u`.`City`, `u`.`Country`, `u`.`Created_At`, `u`.`Currency`, `u`.`Degree`, `u`.`Email`, `u`.`Email_Verified`, `u`.`Enable_Appointment`, `u`.`Enable_Rating`, `u`.`Exp_Years`, `u`.`Facebook`, `u`.`Google_Analytics`, `u`.`Image`, `u`.`Instagram`, `u`.`Linkedin`, `u`.`Name`, `u`.`Parent_Id`, `u`.`Password`, `u`.`Paypal_Email`, `u`.`Paypal_Mode`, `u`.`Paypal_Payment`, `u`.`Paystack_Payment`, `u`.`Paystack_Public_Key`, `u`.`Paystack_Secret_Key`, `u`.`Phone`, `u`.`Publish_Key`, `u`.`Qr_Code`, `u`.`Razorpay_Key_Id`, `u`.`Razorpay_Key_Secret`, `u`.`Razorpay_Payment`, `u`.`Role`, `u`.`Secret_Key`, `u`.`Skype`, `u`.`Slug`, `u`.`Specialist`, `u`.`Status`, `u`.`Stripe_Payment`, `u`.`Thumb`, `u`.`Trial_Expire`, `u`.`Twitter`, `u`.`User_Name`, `u`.`User_Type`, `u`.`Verify_Code`, `u`.`Whatsapp`
FROM `Users` AS `u`
WHERE `u`.`Id` = @__id_0
LIMIT 1
2023-10-09 09:43:20.750 +05:30  INF  Executing endpoint 'DCRM.Api.Controllers.DealerController.GetAsync (DCRM.Api)'
2023-10-09 09:43:20.755 +05:30  INF  Route matched with {action = "Get", controller = "Dealer"}. Executing controller action with signature System.Threading.Tasks.Task`1[DCRM.Common.Dto.DealerDto] GetAsync(Int32) on controller DCRM.Api.Controllers.DealerController (DCRM.Api).
2023-10-09 09:43:20.767 +05:30  INF  Executed DbCommand (1ms) [Parameters=[@__id_0='?' (DbType = Int32), @__userId_1='?' (DbType = Int64)], CommandType='"Text"', CommandTimeout='30']
SELECT `d`.`Id`, `d`.`Address_O`, `d`.`Address_R`, `d`.`City_O`, `d`.`City_R`, `d`.`Company_Name`, `d`.`Country_O`, `d`.`Country_R`, `d`.`Created_At`, `d`.`Email1`, `d`.`Email2`, `d`.`Gst_Number`, `d`.`Image`, `d`.`Is_Deleted`, `d`.`Own_Name_1`, `d`.`Own_Name_2`, `d`.`Pan_Number`, `d`.`Phone1`, `d`.`Phone2`, `d`.`Staff_Email1`, `d`.`Staff_Email2`, `d`.`Staff_Email3`, `d`.`Staff_Email4`, `d`.`Staff_Name1`, `d`.`Staff_Name2`, `d`.`Staff_Name3`, `d`.`Staff_Name4`, `d`.`Staff_Phone1`, `d`.`Staff_Phone2`, `d`.`Staff_Phone3`, `d`.`Staff_Phone4`, `d`.`Updated_At`, `d`.`User_Id`, `d`.`Zip_O`, `d`.`Zip_R`
FROM `Dealers` AS `d`
WHERE ((`d`.`Id` = @__id_0) AND (`d`.`Is_Deleted` = 0)) AND (`d`.`User_Id` = @__userId_1)
LIMIT 1
2023-10-09 09:43:20.770 +05:30  INF  Executed DbCommand (1ms) [Parameters=[@__p_0='?' (DbType = Int64)], CommandType='"Text"', CommandTimeout='30']
SELECT `d`.`Id`, `d`.`Bank_Account_Number`, `d`.`Bank_Name`, `d`.`Dealer_Id`, `d`.`Ifsc_Code`, `d`.`Remarks`, `d`.`Updated_At`
FROM `Dealer_Bank_Details` AS `d`
WHERE `d`.`Dealer_Id` = @__p_0
2023-10-09 09:43:20.772 +05:30  INF  Executed DbCommand (1ms) [Parameters=[@__p_0='?' (DbType = Int64)], CommandType='"Text"', CommandTimeout='30']
SELECT `d`.`Id`, `d`.`Dealer_Id`, `d`.`Material_Cost`, `d`.`Material_Date`, `d`.`Material_Name`
FROM `Dealer_Material` AS `d`
WHERE `d`.`Dealer_Id` = @__p_0
2023-10-09 09:43:20.774 +05:30  INF  Executing ObjectResult, writing value of type 'DCRM.Common.Dto.DealerDto'.
2023-10-09 09:43:20.775 +05:30  INF  Executed action DCRM.Api.Controllers.DealerController.GetAsync (DCRM.Api) in 19.9938ms
2023-10-09 09:43:20.776 +05:30  INF  Executed endpoint 'DCRM.Api.Controllers.DealerController.GetAsync (DCRM.Api)'
2023-10-09 09:43:20.777 +05:30  INF  Request finished HTTP/1.1 GET https://localhost:7069/api/Dealer/Get/30 - - - 200 - application/json;+charset=utf-8 65.8480ms
2023-10-09 09:46:16.438 +05:30  INF  Request starting HTTP/2 GET https://localhost:7069/api/Dealer/Get/30 - -
2023-10-09 09:46:16.442 +05:30  INF  Executed DbCommand (1ms) [Parameters=[@__id_0='?' (DbType = Int32)], CommandType='"Text"', CommandTimeout='30']
SELECT `u`.`Id`, `u`.`About_Me`, `u`.`Account_Type`, `u`.`Address`, `u`.`Available_Days`, `u`.`Bn_Name`, `u`.`City`, `u`.`Country`, `u`.`Created_At`, `u`.`Currency`, `u`.`Degree`, `u`.`Email`, `u`.`Email_Verified`, `u`.`Enable_Appointment`, `u`.`Enable_Rating`, `u`.`Exp_Years`, `u`.`Facebook`, `u`.`Google_Analytics`, `u`.`Image`, `u`.`Instagram`, `u`.`Linkedin`, `u`.`Name`, `u`.`Parent_Id`, `u`.`Password`, `u`.`Paypal_Email`, `u`.`Paypal_Mode`, `u`.`Paypal_Payment`, `u`.`Paystack_Payment`, `u`.`Paystack_Public_Key`, `u`.`Paystack_Secret_Key`, `u`.`Phone`, `u`.`Publish_Key`, `u`.`Qr_Code`, `u`.`Razorpay_Key_Id`, `u`.`Razorpay_Key_Secret`, `u`.`Razorpay_Payment`, `u`.`Role`, `u`.`Secret_Key`, `u`.`Skype`, `u`.`Slug`, `u`.`Specialist`, `u`.`Status`, `u`.`Stripe_Payment`, `u`.`Thumb`, `u`.`Trial_Expire`, `u`.`Twitter`, `u`.`User_Name`, `u`.`User_Type`, `u`.`Verify_Code`, `u`.`Whatsapp`
FROM `Users` AS `u`
WHERE `u`.`Id` = @__id_0
LIMIT 1
2023-10-09 09:46:16.442 +05:30  INF  Executing endpoint 'DCRM.Api.Controllers.DealerController.GetAsync (DCRM.Api)'
2023-10-09 09:46:16.443 +05:30  INF  Route matched with {action = "Get", controller = "Dealer"}. Executing controller action with signature System.Threading.Tasks.Task`1[DCRM.Common.Dto.DealerDto] GetAsync(Int32) on controller DCRM.Api.Controllers.DealerController (DCRM.Api).
2023-10-09 09:46:16.446 +05:30  INF  Executed DbCommand (1ms) [Parameters=[@__id_0='?' (DbType = Int32), @__userId_1='?' (DbType = Int64)], CommandType='"Text"', CommandTimeout='30']
SELECT `d`.`Id`, `d`.`Address_O`, `d`.`Address_R`, `d`.`City_O`, `d`.`City_R`, `d`.`Company_Name`, `d`.`Country_O`, `d`.`Country_R`, `d`.`Created_At`, `d`.`Email1`, `d`.`Email2`, `d`.`Gst_Number`, `d`.`Image`, `d`.`Is_Deleted`, `d`.`Own_Name_1`, `d`.`Own_Name_2`, `d`.`Pan_Number`, `d`.`Phone1`, `d`.`Phone2`, `d`.`Staff_Email1`, `d`.`Staff_Email2`, `d`.`Staff_Email3`, `d`.`Staff_Email4`, `d`.`Staff_Name1`, `d`.`Staff_Name2`, `d`.`Staff_Name3`, `d`.`Staff_Name4`, `d`.`Staff_Phone1`, `d`.`Staff_Phone2`, `d`.`Staff_Phone3`, `d`.`Staff_Phone4`, `d`.`Updated_At`, `d`.`User_Id`, `d`.`Zip_O`, `d`.`Zip_R`
FROM `Dealers` AS `d`
WHERE ((`d`.`Id` = @__id_0) AND (`d`.`Is_Deleted` = 0)) AND (`d`.`User_Id` = @__userId_1)
LIMIT 1
2023-10-09 09:46:16.448 +05:30  INF  Executed DbCommand (1ms) [Parameters=[@__p_0='?' (DbType = Int64)], CommandType='"Text"', CommandTimeout='30']
SELECT `d`.`Id`, `d`.`Bank_Account_Number`, `d`.`Bank_Name`, `d`.`Dealer_Id`, `d`.`Ifsc_Code`, `d`.`Remarks`, `d`.`Updated_At`
FROM `Dealer_Bank_Details` AS `d`
WHERE `d`.`Dealer_Id` = @__p_0
2023-10-09 09:46:16.450 +05:30  INF  Executed DbCommand (1ms) [Parameters=[@__p_0='?' (DbType = Int64)], CommandType='"Text"', CommandTimeout='30']
SELECT `d`.`Id`, `d`.`Dealer_Id`, `d`.`Material_Cost`, `d`.`Material_Date`, `d`.`Material_Name`
FROM `Dealer_Material` AS `d`
WHERE `d`.`Dealer_Id` = @__p_0
2023-10-09 09:46:16.451 +05:30  INF  Executing ObjectResult, writing value of type 'DCRM.Common.Dto.DealerDto'.
2023-10-09 09:46:16.452 +05:30  INF  Executed action DCRM.Api.Controllers.DealerController.GetAsync (DCRM.Api) in 9.0716ms
2023-10-09 09:46:16.452 +05:30  INF  Executed endpoint 'DCRM.Api.Controllers.DealerController.GetAsync (DCRM.Api)'
2023-10-09 09:46:16.452 +05:30  INF  Request finished HTTP/2 GET https://localhost:7069/api/Dealer/Get/30 - - - 200 - application/json;+charset=utf-8 14.4683ms
2023-10-09 09:47:31.612 +05:30  INF  Request starting HTTP/2 OPTIONS https://localhost:7069/api/Dashboard/Get - -
2023-10-09 09:47:31.616 +05:30  INF  CORS policy execution successful.
2023-10-09 09:47:31.619 +05:30  INF  Request finished HTTP/2 OPTIONS https://localhost:7069/api/Dashboard/Get - - - 204 - - 6.9447ms
2023-10-09 09:47:31.620 +05:30  INF  Request starting HTTP/2 GET https://localhost:7069/api/Dashboard/Get application/json -
2023-10-09 09:47:31.620 +05:30  INF  CORS policy execution successful.
2023-10-09 09:47:31.628 +05:30  INF  Executing endpoint 'DCRM.Api.Controllers.DashboardController.Get (DCRM.Api)'
2023-10-09 09:47:31.630 +05:30  INF  Route matched with {action = "Get", controller = "Dashboard"}. Executing controller action with signature DCRM.Common.Dto.DashboardDto Get() on controller DCRM.Api.Controllers.DashboardController (DCRM.Api).
2023-10-09 09:47:31.630 +05:30  INF  Authorization failed for the request at filter 'DCRM.Common.Authorization.AuthorizeAttribute'.
2023-10-09 09:47:31.632 +05:30  INF  Executing JsonResult, writing value of type '<>f__AnonymousType0`1[[System.String, System.Private.CoreLib, Version=6.0.0.0, Culture=neutral, PublicKeyToken=7cec85d7bea7798e]]'.
2023-10-09 09:47:31.633 +05:30  INF  Executed action DCRM.Api.Controllers.DashboardController.Get (DCRM.Api) in 3.5438ms
2023-10-09 09:47:31.633 +05:30  INF  Executed endpoint 'DCRM.Api.Controllers.DashboardController.Get (DCRM.Api)'
2023-10-09 09:47:31.633 +05:30  INF  Request finished HTTP/2 GET https://localhost:7069/api/Dashboard/Get application/json - - 401 - application/json;+charset=utf-8 13.6664ms
2023-10-09 09:47:36.991 +05:30  INF  Request starting HTTP/2 OPTIONS https://localhost:7069/api/Authenticate/user - -
2023-10-09 09:47:36.991 +05:30  INF  CORS policy execution successful.
2023-10-09 09:47:36.991 +05:30  INF  Request finished HTTP/2 OPTIONS https://localhost:7069/api/Authenticate/user - - - 204 - - 0.4038ms
2023-10-09 09:47:36.992 +05:30  INF  Request starting HTTP/2 POST https://localhost:7069/api/Authenticate/user application/json 48
2023-10-09 09:47:36.992 +05:30  INF  CORS policy execution successful.
2023-10-09 09:47:36.993 +05:30  INF  Executing endpoint 'DCRM.Api.Controllers.AuthenticateController.Post (DCRM.Api)'
2023-10-09 09:47:36.993 +05:30  INF  Route matched with {action = "Post", controller = "Authenticate"}. Executing controller action with signature Microsoft.AspNetCore.Mvc.IActionResult Post(System.String, DCRM.Common.AuthenticateRequest) on controller DCRM.Api.Controllers.AuthenticateController (DCRM.Api).
2023-10-09 09:47:36.996 +05:30  INF  Executed DbCommand (1ms) [Parameters=[@__authenticateRequest_Email_0='?' (Size = 4000), @__authenticateRequest_Password_1='?' (Size = 4000)], CommandType='"Text"', CommandTimeout='30']
SELECT `u`.`Id`, `u`.`About_Me`, `u`.`Account_Type`, `u`.`Address`, `u`.`Available_Days`, `u`.`Bn_Name`, `u`.`City`, `u`.`Country`, `u`.`Created_At`, `u`.`Currency`, `u`.`Degree`, `u`.`Email`, `u`.`Email_Verified`, `u`.`Enable_Appointment`, `u`.`Enable_Rating`, `u`.`Exp_Years`, `u`.`Facebook`, `u`.`Google_Analytics`, `u`.`Image`, `u`.`Instagram`, `u`.`Linkedin`, `u`.`Name`, `u`.`Parent_Id`, `u`.`Password`, `u`.`Paypal_Email`, `u`.`Paypal_Mode`, `u`.`Paypal_Payment`, `u`.`Paystack_Payment`, `u`.`Paystack_Public_Key`, `u`.`Paystack_Secret_Key`, `u`.`Phone`, `u`.`Publish_Key`, `u`.`Qr_Code`, `u`.`Razorpay_Key_Id`, `u`.`Razorpay_Key_Secret`, `u`.`Razorpay_Payment`, `u`.`Role`, `u`.`Secret_Key`, `u`.`Skype`, `u`.`Slug`, `u`.`Specialist`, `u`.`Status`, `u`.`Stripe_Payment`, `u`.`Thumb`, `u`.`Trial_Expire`, `u`.`Twitter`, `u`.`User_Name`, `u`.`User_Type`, `u`.`Verify_Code`, `u`.`Whatsapp`
FROM `Users` AS `u`
WHERE ((`u`.`Status` = 1) AND (`u`.`Email` = @__authenticateRequest_Email_0)) AND (`u`.`Password` = @__authenticateRequest_Password_1)
LIMIT 2
2023-10-09 09:47:36.997 +05:30  INF  Executing OkObjectResult, writing value of type 'DCRM.Common.AuthenticateResponse'.
2023-10-09 09:47:36.997 +05:30  INF  Executed action DCRM.Api.Controllers.AuthenticateController.Post (DCRM.Api) in 4.0962ms
2023-10-09 09:47:36.997 +05:30  INF  Executed endpoint 'DCRM.Api.Controllers.AuthenticateController.Post (DCRM.Api)'
2023-10-09 09:47:36.997 +05:30  INF  Request finished HTTP/2 POST https://localhost:7069/api/Authenticate/user application/json 48 - 200 - application/json;+charset=utf-8 5.1891ms
2023-10-09 09:47:37.008 +05:30  INF  Request starting HTTP/2 OPTIONS https://localhost:7069/api/Dashboard/Get - -
2023-10-09 09:47:37.008 +05:30  INF  CORS policy execution successful.
2023-10-09 09:47:37.008 +05:30  INF  Request finished HTTP/2 OPTIONS https://localhost:7069/api/Dashboard/Get - - - 204 - - 0.3775ms
2023-10-09 09:47:37.009 +05:30  INF  Request starting HTTP/2 GET https://localhost:7069/api/Dashboard/Get application/json -
2023-10-09 09:47:37.009 +05:30  INF  CORS policy execution successful.
2023-10-09 09:47:37.012 +05:30  INF  Executed DbCommand (1ms) [Parameters=[@__id_0='?' (DbType = Int32)], CommandType='"Text"', CommandTimeout='30']
SELECT `u`.`Id`, `u`.`About_Me`, `u`.`Account_Type`, `u`.`Address`, `u`.`Available_Days`, `u`.`Bn_Name`, `u`.`City`, `u`.`Country`, `u`.`Created_At`, `u`.`Currency`, `u`.`Degree`, `u`.`Email`, `u`.`Email_Verified`, `u`.`Enable_Appointment`, `u`.`Enable_Rating`, `u`.`Exp_Years`, `u`.`Facebook`, `u`.`Google_Analytics`, `u`.`Image`, `u`.`Instagram`, `u`.`Linkedin`, `u`.`Name`, `u`.`Parent_Id`, `u`.`Password`, `u`.`Paypal_Email`, `u`.`Paypal_Mode`, `u`.`Paypal_Payment`, `u`.`Paystack_Payment`, `u`.`Paystack_Public_Key`, `u`.`Paystack_Secret_Key`, `u`.`Phone`, `u`.`Publish_Key`, `u`.`Qr_Code`, `u`.`Razorpay_Key_Id`, `u`.`Razorpay_Key_Secret`, `u`.`Razorpay_Payment`, `u`.`Role`, `u`.`Secret_Key`, `u`.`Skype`, `u`.`Slug`, `u`.`Specialist`, `u`.`Status`, `u`.`Stripe_Payment`, `u`.`Thumb`, `u`.`Trial_Expire`, `u`.`Twitter`, `u`.`User_Name`, `u`.`User_Type`, `u`.`Verify_Code`, `u`.`Whatsapp`
FROM `Users` AS `u`
WHERE `u`.`Id` = @__id_0
LIMIT 1
2023-10-09 09:47:37.013 +05:30  INF  Executing endpoint 'DCRM.Api.Controllers.DashboardController.Get (DCRM.Api)'
2023-10-09 09:47:37.013 +05:30  INF  Route matched with {action = "Get", controller = "Dashboard"}. Executing controller action with signature DCRM.Common.Dto.DashboardDto Get() on controller DCRM.Api.Controllers.DashboardController (DCRM.Api).
2023-10-09 09:47:37.033 +05:30  INF  Executed DbCommand (3ms) [Parameters=[@__p_0='?' (DbType = Int64)], CommandType='"Text"', CommandTimeout='30']
SELECT `p`.`Id`, `p`.`Age`, `p`.`Chamber_Id`, `p`.`Created_At`, `p`.`Email`, `p`.`Guardian`, `p`.`Is_Delete`, `p`.`Mobile`, `p`.`Mr_Number`, `p`.`Name`, `p`.`Password`, `p`.`Permanent_Address`, `p`.`Present_Address`, `p`.`Role`, `p`.`Sex`, `p`.`Slug`, `p`.`Thumb`, `p`.`Title`, `p`.`UserName`, `p`.`User_Id`, `p`.`Verify_Code`, `p`.`Weight`
FROM `Patientses` AS `p`
WHERE (`p`.`User_Id` = @__p_0) AND (`p`.`Is_Delete` = 0)
2023-10-09 09:47:37.089 +05:30  INF  Executed DbCommand (2ms) [Parameters=[@__userId_0='?' (DbType = Int32)], CommandType='"Text"', CommandTimeout='30']
SELECT `s`.`Id`, `s`.`Blood_Group`, `s`.`Chamber_Id`, `s`.`Created_At`, `s`.`Current_Address`, `s`.`Date_Of_Joining`, `s`.`Department`, `s`.`Designation`, `s`.`Dob`, `s`.`Email`, `s`.`Father`, `s`.`Gender`, `s`.`Gst`, `s`.`Is_Deleted`, `s`.`Marital_Status`, `s`.`Mother`, `s`.`Name`, `s`.`Note`, `s`.`Pan`, `s`.`Password`, `s`.`Permanent_Address`, `s`.`Phone`, `s`.`Qualification`, `s`.`Role`, `s`.`Slug`, `s`.`Specialization`, `s`.`Status`, `s`.`Thumb`, `s`.`User_Id`, `s`.`User_Name`, `s`.`Work_Experience`
FROM `Staffs` AS `s`
WHERE (`s`.`User_Id` = @__userId_0) AND (`s`.`Is_Deleted` = 0)
2023-10-09 09:47:37.157 +05:30  INF  Executed DbCommand (2ms) [Parameters=[@__userId_0='?' (DbType = Int32)], CommandType='"Text"', CommandTimeout='30']
SELECT `a`.`Id`, `a`.`Appointment_Status`, `a`.`Cause`, `a`.`Chair`, `a`.`Chamber_Id`, `a`.`Created_At`, `a`.`Date`, `a`.`Doctor_Id`, `a`.`Doctor_Name`, `a`.`End_Time`, `a`.`Extra_Notes`, `a`.`Files`, `a`.`Is_Delete`, `a`.`Is_Start`, `a`.`Meeting_Notes`, `a`.`Number_Of_Slot`, `a`.`Patient_Id`, `a`.`Prescription_Id`, `a`.`Serial_Id`, `a`.`Slot_Time`, `a`.`Start_Time`, `a`.`Status`, `a`.`Type`, `a`.`User_Id`
FROM `Appointments` AS `a`
WHERE (`a`.`User_Id` = @__userId_0) AND (`a`.`Is_Delete` = 0)
2023-10-09 09:47:37.230 +05:30  INF  Executed DbCommand (2ms) [Parameters=[@__userId_0='?' (DbType = Int32)], CommandType='"Text"', CommandTimeout='30']
SELECT `a`.`Id`, `a`.`Appointment_Status`, `a`.`Cause`, `a`.`Chair`, `a`.`Chamber_Id`, `a`.`Created_At`, `a`.`Date`, `a`.`Doctor_Id`, `a`.`Doctor_Name`, `a`.`End_Time`, `a`.`Extra_Notes`, `a`.`Files`, `a`.`Is_Delete`, `a`.`Is_Start`, `a`.`Meeting_Notes`, `a`.`Number_Of_Slot`, `a`.`Patient_Id`, `a`.`Prescription_Id`, `a`.`Serial_Id`, `a`.`Slot_Time`, `a`.`Start_Time`, `a`.`Status`, `a`.`Type`, `a`.`User_Id`
FROM `Appointments` AS `a`
WHERE ((`a`.`User_Id` = @__userId_0) AND (`a`.`Is_Delete` = 0)) AND (`a`.`Date` = CURDATE())
2023-10-09 09:47:37.230 +05:30  INF  Executing ObjectResult, writing value of type 'DCRM.Common.Dto.DashboardDto'.
2023-10-09 09:47:37.231 +05:30  INF  Executed action DCRM.Api.Controllers.DashboardController.Get (DCRM.Api) in 218.4574ms
2023-10-09 09:47:37.231 +05:30  INF  Executed endpoint 'DCRM.Api.Controllers.DashboardController.Get (DCRM.Api)'
2023-10-09 09:47:37.233 +05:30  INF  Request finished HTTP/2 GET https://localhost:7069/api/Dashboard/Get application/json - - 200 - application/json;+charset=utf-8 223.4270ms
2023-10-09 09:47:39.472 +05:30  INF  Request starting HTTP/2 OPTIONS https://localhost:7069/api/Dealer/GetAll - -
2023-10-09 09:47:39.473 +05:30  INF  CORS policy execution successful.
2023-10-09 09:47:39.473 +05:30  INF  Request finished HTTP/2 OPTIONS https://localhost:7069/api/Dealer/GetAll - - - 204 - - 0.9723ms
2023-10-09 09:47:39.474 +05:30  INF  Request starting HTTP/2 GET https://localhost:7069/api/Dealer/GetAll application/json -
2023-10-09 09:47:39.475 +05:30  INF  CORS policy execution successful.
2023-10-09 09:47:39.481 +05:30  INF  Executed DbCommand (1ms) [Parameters=[@__id_0='?' (DbType = Int32)], CommandType='"Text"', CommandTimeout='30']
SELECT `u`.`Id`, `u`.`About_Me`, `u`.`Account_Type`, `u`.`Address`, `u`.`Available_Days`, `u`.`Bn_Name`, `u`.`City`, `u`.`Country`, `u`.`Created_At`, `u`.`Currency`, `u`.`Degree`, `u`.`Email`, `u`.`Email_Verified`, `u`.`Enable_Appointment`, `u`.`Enable_Rating`, `u`.`Exp_Years`, `u`.`Facebook`, `u`.`Google_Analytics`, `u`.`Image`, `u`.`Instagram`, `u`.`Linkedin`, `u`.`Name`, `u`.`Parent_Id`, `u`.`Password`, `u`.`Paypal_Email`, `u`.`Paypal_Mode`, `u`.`Paypal_Payment`, `u`.`Paystack_Payment`, `u`.`Paystack_Public_Key`, `u`.`Paystack_Secret_Key`, `u`.`Phone`, `u`.`Publish_Key`, `u`.`Qr_Code`, `u`.`Razorpay_Key_Id`, `u`.`Razorpay_Key_Secret`, `u`.`Razorpay_Payment`, `u`.`Role`, `u`.`Secret_Key`, `u`.`Skype`, `u`.`Slug`, `u`.`Specialist`, `u`.`Status`, `u`.`Stripe_Payment`, `u`.`Thumb`, `u`.`Trial_Expire`, `u`.`Twitter`, `u`.`User_Name`, `u`.`User_Type`, `u`.`Verify_Code`, `u`.`Whatsapp`
FROM `Users` AS `u`
WHERE `u`.`Id` = @__id_0
LIMIT 1
2023-10-09 09:47:39.482 +05:30  INF  Executing endpoint 'DCRM.Api.Controllers.DealerController.GetAllAsync (DCRM.Api)'
2023-10-09 09:47:39.482 +05:30  INF  Route matched with {action = "GetAll", controller = "Dealer"}. Executing controller action with signature System.Threading.Tasks.Task`1[System.Collections.Generic.IEnumerable`1[DCRM.Common.Dto.DealerDto]] GetAllAsync() on controller DCRM.Api.Controllers.DealerController (DCRM.Api).
2023-10-09 09:47:39.485 +05:30  INF  Executed DbCommand (1ms) [Parameters=[@__userId_0='?' (DbType = Int64)], CommandType='"Text"', CommandTimeout='30']
SELECT `d`.`Id`, `d`.`Address_O`, `d`.`Address_R`, `d`.`City_O`, `d`.`City_R`, `d`.`Company_Name`, `d`.`Country_O`, `d`.`Country_R`, `d`.`Created_At`, `d`.`Email1`, `d`.`Email2`, `d`.`Gst_Number`, `d`.`Image`, `d`.`Is_Deleted`, `d`.`Own_Name_1`, `d`.`Own_Name_2`, `d`.`Pan_Number`, `d`.`Phone1`, `d`.`Phone2`, `d`.`Staff_Email1`, `d`.`Staff_Email2`, `d`.`Staff_Email3`, `d`.`Staff_Email4`, `d`.`Staff_Name1`, `d`.`Staff_Name2`, `d`.`Staff_Name3`, `d`.`Staff_Name4`, `d`.`Staff_Phone1`, `d`.`Staff_Phone2`, `d`.`Staff_Phone3`, `d`.`Staff_Phone4`, `d`.`Updated_At`, `d`.`User_Id`, `d`.`Zip_O`, `d`.`Zip_R`
FROM `Dealers` AS `d`
WHERE (`d`.`Is_Deleted` = 0) AND (`d`.`User_Id` = @__userId_0)
2023-10-09 09:47:39.487 +05:30  INF  Executed DbCommand (1ms) [Parameters=[@__p_0='?' (DbType = Int64)], CommandType='"Text"', CommandTimeout='30']
SELECT `d`.`Id`, `d`.`Bank_Account_Number`, `d`.`Bank_Name`, `d`.`Dealer_Id`, `d`.`Ifsc_Code`, `d`.`Remarks`, `d`.`Updated_At`
FROM `Dealer_Bank_Details` AS `d`
WHERE `d`.`Dealer_Id` = @__p_0
2023-10-09 09:47:39.488 +05:30  INF  Executed DbCommand (1ms) [Parameters=[@__p_0='?' (DbType = Int64)], CommandType='"Text"', CommandTimeout='30']
SELECT `d`.`Id`, `d`.`Dealer_Id`, `d`.`Material_Cost`, `d`.`Material_Date`, `d`.`Material_Name`
FROM `Dealer_Material` AS `d`
WHERE `d`.`Dealer_Id` = @__p_0
2023-10-09 09:47:39.490 +05:30  INF  Executed DbCommand (1ms) [Parameters=[@__p_0='?' (DbType = Int64)], CommandType='"Text"', CommandTimeout='30']
SELECT `d`.`Id`, `d`.`Bank_Account_Number`, `d`.`Bank_Name`, `d`.`Dealer_Id`, `d`.`Ifsc_Code`, `d`.`Remarks`, `d`.`Updated_At`
FROM `Dealer_Bank_Details` AS `d`
WHERE `d`.`Dealer_Id` = @__p_0
2023-10-09 09:47:39.491 +05:30  INF  Executed DbCommand (0ms) [Parameters=[@__p_0='?' (DbType = Int64)], CommandType='"Text"', CommandTimeout='30']
SELECT `d`.`Id`, `d`.`Dealer_Id`, `d`.`Material_Cost`, `d`.`Material_Date`, `d`.`Material_Name`
FROM `Dealer_Material` AS `d`
WHERE `d`.`Dealer_Id` = @__p_0
2023-10-09 09:47:39.492 +05:30  INF  Executing ObjectResult, writing value of type 'System.Collections.Generic.List`1[[DCRM.Common.Dto.DealerDto, DCRM.Common, Version=1.0.0.0, Culture=neutral, PublicKeyToken=null]]'.
2023-10-09 09:47:39.492 +05:30  INF  Executed action DCRM.Api.Controllers.DealerController.GetAllAsync (DCRM.Api) in 10.2864ms
2023-10-09 09:47:39.492 +05:30  INF  Executed endpoint 'DCRM.Api.Controllers.DealerController.GetAllAsync (DCRM.Api)'
2023-10-09 09:47:39.493 +05:30  INF  Request finished HTTP/2 GET https://localhost:7069/api/Dealer/GetAll application/json - - 200 - application/json;+charset=utf-8 18.3304ms
2023-10-09 09:47:47.067 +05:30  INF  Request starting HTTP/2 OPTIONS https://localhost:7069/api/Dealer/Get/30 - -
2023-10-09 09:47:47.067 +05:30  INF  CORS policy execution successful.
2023-10-09 09:47:47.067 +05:30  INF  Request finished HTTP/2 OPTIONS https://localhost:7069/api/Dealer/Get/30 - - - 204 - - 0.2566ms
2023-10-09 09:47:47.070 +05:30  INF  Request starting HTTP/2 GET https://localhost:7069/api/Dealer/Get/30 application/json -
2023-10-09 09:47:47.070 +05:30  INF  CORS policy execution successful.
2023-10-09 09:47:47.072 +05:30  INF  Executed DbCommand (1ms) [Parameters=[@__id_0='?' (DbType = Int32)], CommandType='"Text"', CommandTimeout='30']
SELECT `u`.`Id`, `u`.`About_Me`, `u`.`Account_Type`, `u`.`Address`, `u`.`Available_Days`, `u`.`Bn_Name`, `u`.`City`, `u`.`Country`, `u`.`Created_At`, `u`.`Currency`, `u`.`Degree`, `u`.`Email`, `u`.`Email_Verified`, `u`.`Enable_Appointment`, `u`.`Enable_Rating`, `u`.`Exp_Years`, `u`.`Facebook`, `u`.`Google_Analytics`, `u`.`Image`, `u`.`Instagram`, `u`.`Linkedin`, `u`.`Name`, `u`.`Parent_Id`, `u`.`Password`, `u`.`Paypal_Email`, `u`.`Paypal_Mode`, `u`.`Paypal_Payment`, `u`.`Paystack_Payment`, `u`.`Paystack_Public_Key`, `u`.`Paystack_Secret_Key`, `u`.`Phone`, `u`.`Publish_Key`, `u`.`Qr_Code`, `u`.`Razorpay_Key_Id`, `u`.`Razorpay_Key_Secret`, `u`.`Razorpay_Payment`, `u`.`Role`, `u`.`Secret_Key`, `u`.`Skype`, `u`.`Slug`, `u`.`Specialist`, `u`.`Status`, `u`.`Stripe_Payment`, `u`.`Thumb`, `u`.`Trial_Expire`, `u`.`Twitter`, `u`.`User_Name`, `u`.`User_Type`, `u`.`Verify_Code`, `u`.`Whatsapp`
FROM `Users` AS `u`
WHERE `u`.`Id` = @__id_0
LIMIT 1
2023-10-09 09:47:47.072 +05:30  INF  Executing endpoint 'DCRM.Api.Controllers.DealerController.GetAsync (DCRM.Api)'
2023-10-09 09:47:47.072 +05:30  INF  Route matched with {action = "Get", controller = "Dealer"}. Executing controller action with signature System.Threading.Tasks.Task`1[DCRM.Common.Dto.DealerDto] GetAsync(Int32) on controller DCRM.Api.Controllers.DealerController (DCRM.Api).
2023-10-09 09:47:47.074 +05:30  INF  Executed DbCommand (1ms) [Parameters=[@__id_0='?' (DbType = Int32), @__userId_1='?' (DbType = Int64)], CommandType='"Text"', CommandTimeout='30']
SELECT `d`.`Id`, `d`.`Address_O`, `d`.`Address_R`, `d`.`City_O`, `d`.`City_R`, `d`.`Company_Name`, `d`.`Country_O`, `d`.`Country_R`, `d`.`Created_At`, `d`.`Email1`, `d`.`Email2`, `d`.`Gst_Number`, `d`.`Image`, `d`.`Is_Deleted`, `d`.`Own_Name_1`, `d`.`Own_Name_2`, `d`.`Pan_Number`, `d`.`Phone1`, `d`.`Phone2`, `d`.`Staff_Email1`, `d`.`Staff_Email2`, `d`.`Staff_Email3`, `d`.`Staff_Email4`, `d`.`Staff_Name1`, `d`.`Staff_Name2`, `d`.`Staff_Name3`, `d`.`Staff_Name4`, `d`.`Staff_Phone1`, `d`.`Staff_Phone2`, `d`.`Staff_Phone3`, `d`.`Staff_Phone4`, `d`.`Updated_At`, `d`.`User_Id`, `d`.`Zip_O`, `d`.`Zip_R`
FROM `Dealers` AS `d`
WHERE ((`d`.`Id` = @__id_0) AND (`d`.`Is_Deleted` = 0)) AND (`d`.`User_Id` = @__userId_1)
LIMIT 1
2023-10-09 09:47:47.075 +05:30  INF  Executed DbCommand (0ms) [Parameters=[@__p_0='?' (DbType = Int64)], CommandType='"Text"', CommandTimeout='30']
SELECT `d`.`Id`, `d`.`Bank_Account_Number`, `d`.`Bank_Name`, `d`.`Dealer_Id`, `d`.`Ifsc_Code`, `d`.`Remarks`, `d`.`Updated_At`
FROM `Dealer_Bank_Details` AS `d`
WHERE `d`.`Dealer_Id` = @__p_0
2023-10-09 09:47:47.076 +05:30  INF  Executed DbCommand (0ms) [Parameters=[@__p_0='?' (DbType = Int64)], CommandType='"Text"', CommandTimeout='30']
SELECT `d`.`Id`, `d`.`Dealer_Id`, `d`.`Material_Cost`, `d`.`Material_Date`, `d`.`Material_Name`
FROM `Dealer_Material` AS `d`
WHERE `d`.`Dealer_Id` = @__p_0
2023-10-09 09:47:47.077 +05:30  INF  Executing ObjectResult, writing value of type 'DCRM.Common.Dto.DealerDto'.
2023-10-09 09:47:47.077 +05:30  INF  Executed action DCRM.Api.Controllers.DealerController.GetAsync (DCRM.Api) in 4.4482ms
2023-10-09 09:47:47.077 +05:30  INF  Executed endpoint 'DCRM.Api.Controllers.DealerController.GetAsync (DCRM.Api)'
2023-10-09 09:47:47.077 +05:30  INF  Request finished HTTP/2 GET https://localhost:7069/api/Dealer/Get/30 application/json - - 200 - application/json;+charset=utf-8 7.3771ms
2023-10-09 09:50:58.908 +05:30  INF  Request starting HTTP/2 OPTIONS https://localhost:7069/api/Dealer/Update - -
2023-10-09 09:50:58.909 +05:30  INF  CORS policy execution successful.
2023-10-09 09:50:58.909 +05:30  INF  Request finished HTTP/2 OPTIONS https://localhost:7069/api/Dealer/Update - - - 204 - - 0.4504ms
2023-10-09 09:50:58.910 +05:30  INF  Request starting HTTP/2 POST https://localhost:7069/api/Dealer/Update application/json 1397
2023-10-09 09:50:58.910 +05:30  INF  CORS policy execution successful.
2023-10-09 09:50:59.106 +05:30  INF  Executed DbCommand (1ms) [Parameters=[@__id_0='?' (DbType = Int32)], CommandType='"Text"', CommandTimeout='30']
SELECT `u`.`Id`, `u`.`About_Me`, `u`.`Account_Type`, `u`.`Address`, `u`.`Available_Days`, `u`.`Bn_Name`, `u`.`City`, `u`.`Country`, `u`.`Created_At`, `u`.`Currency`, `u`.`Degree`, `u`.`Email`, `u`.`Email_Verified`, `u`.`Enable_Appointment`, `u`.`Enable_Rating`, `u`.`Exp_Years`, `u`.`Facebook`, `u`.`Google_Analytics`, `u`.`Image`, `u`.`Instagram`, `u`.`Linkedin`, `u`.`Name`, `u`.`Parent_Id`, `u`.`Password`, `u`.`Paypal_Email`, `u`.`Paypal_Mode`, `u`.`Paypal_Payment`, `u`.`Paystack_Payment`, `u`.`Paystack_Public_Key`, `u`.`Paystack_Secret_Key`, `u`.`Phone`, `u`.`Publish_Key`, `u`.`Qr_Code`, `u`.`Razorpay_Key_Id`, `u`.`Razorpay_Key_Secret`, `u`.`Razorpay_Payment`, `u`.`Role`, `u`.`Secret_Key`, `u`.`Skype`, `u`.`Slug`, `u`.`Specialist`, `u`.`Status`, `u`.`Stripe_Payment`, `u`.`Thumb`, `u`.`Trial_Expire`, `u`.`Twitter`, `u`.`User_Name`, `u`.`User_Type`, `u`.`Verify_Code`, `u`.`Whatsapp`
FROM `Users` AS `u`
WHERE `u`.`Id` = @__id_0
LIMIT 1
2023-10-09 09:50:59.107 +05:30  INF  Executing endpoint 'DCRM.Api.Controllers.DealerController.Update (DCRM.Api)'
2023-10-09 09:50:59.111 +05:30  INF  Route matched with {action = "Update", controller = "Dealer"}. Executing controller action with signature System.Threading.Tasks.Task`1[Microsoft.AspNetCore.Mvc.IActionResult] Update(DCRM.Common.Entity.DealerRequest) on controller DCRM.Api.Controllers.DealerController (DCRM.Api).
2023-10-09 09:50:59.167 +05:30  INF  Executed DbCommand (1ms) [Parameters=[@__request_Id_0='?' (DbType = Int32)], CommandType='"Text"', CommandTimeout='30']
SELECT `d`.`Id`, `d`.`Address_O`, `d`.`Address_R`, `d`.`City_O`, `d`.`City_R`, `d`.`Company_Name`, `d`.`Country_O`, `d`.`Country_R`, `d`.`Created_At`, `d`.`Email1`, `d`.`Email2`, `d`.`Gst_Number`, `d`.`Image`, `d`.`Is_Deleted`, `d`.`Own_Name_1`, `d`.`Own_Name_2`, `d`.`Pan_Number`, `d`.`Phone1`, `d`.`Phone2`, `d`.`Staff_Email1`, `d`.`Staff_Email2`, `d`.`Staff_Email3`, `d`.`Staff_Email4`, `d`.`Staff_Name1`, `d`.`Staff_Name2`, `d`.`Staff_Name3`, `d`.`Staff_Name4`, `d`.`Staff_Phone1`, `d`.`Staff_Phone2`, `d`.`Staff_Phone3`, `d`.`Staff_Phone4`, `d`.`Updated_At`, `d`.`User_Id`, `d`.`Zip_O`, `d`.`Zip_R`
FROM `Dealers` AS `d`
WHERE `d`.`Id` = @__request_Id_0
LIMIT 1
2023-10-09 09:50:59.304 +05:30  INF  Executed DbCommand (7ms) [Parameters=[@p34='?' (DbType = Int32), @p0='?' (Size = 4000), @p1='?' (Size = 4000), @p2='?' (Size = 4000), @p3='?' (Size = 4000), @p4='?' (Size = 4000), @p5='?' (Size = 4000), @p6='?' (Size = 4000), @p7='?' (DbType = DateTime), @p8='?' (Size = 4000), @p9='?' (Size = 4000), @p10='?' (Size = 4000), @p11='?' (Size = 4000), @p12='?' (DbType = SByte), @p13='?' (Size = 4000), @p14='?' (Size = 4000), @p15='?' (Size = 4000), @p16='?' (Size = 4000), @p17='?' (Size = 4000), @p18='?' (Size = 4000), @p19='?' (Size = 4000), @p20='?' (Size = 4000), @p21='?' (Size = 4000), @p22='?' (Size = 4000), @p23='?' (Size = 4000), @p24='?' (Size = 4000), @p25='?' (Size = 4000), @p26='?' (DbType = Int64), @p27='?' (DbType = Int64), @p28='?' (DbType = Int64), @p29='?' (DbType = Int64), @p30='?' (DbType = DateTime), @p31='?' (DbType = Int64), @p32='?' (Size = 4000), @p33='?' (Size = 4000)], CommandType='"Text"', CommandTimeout='30']
UPDATE `Dealers` SET `Address_O` = @p0, `Address_R` = @p1, `City_O` = @p2, `City_R` = @p3, `Company_Name` = @p4, `Country_O` = @p5, `Country_R` = @p6, `Created_At` = @p7, `Email1` = @p8, `Email2` = @p9, `Gst_Number` = @p10, `Image` = @p11, `Is_Deleted` = @p12, `Own_Name_1` = @p13, `Own_Name_2` = @p14, `Pan_Number` = @p15, `Phone1` = @p16, `Phone2` = @p17, `Staff_Email1` = @p18, `Staff_Email2` = @p19, `Staff_Email3` = @p20, `Staff_Email4` = @p21, `Staff_Name1` = @p22, `Staff_Name2` = @p23, `Staff_Name3` = @p24, `Staff_Name4` = @p25, `Staff_Phone1` = @p26, `Staff_Phone2` = @p27, `Staff_Phone3` = @p28, `Staff_Phone4` = @p29, `Updated_At` = @p30, `User_Id` = @p31, `Zip_O` = @p32, `Zip_R` = @p33
WHERE `Id` = @p34;
2023-10-09 09:50:59.318 +05:30  INF  Executed DbCommand (1ms) [Parameters=[@__item_Id_0='?' (DbType = Int64)], CommandType='"Text"', CommandTimeout='30']
SELECT `d`.`Id`, `d`.`Bank_Account_Number`, `d`.`Bank_Name`, `d`.`Dealer_Id`, `d`.`Ifsc_Code`, `d`.`Remarks`, `d`.`Updated_At`
FROM `Dealer_Bank_Details` AS `d`
WHERE `d`.`Id` = @__item_Id_0
LIMIT 1
2023-10-09 09:50:59.330 +05:30  INF  Executed DbCommand (2ms) [Parameters=[@p6='?' (DbType = Int64), @p0='?' (DbType = Int64), @p1='?' (Size = 4000), @p2='?' (DbType = Int64), @p3='?' (Size = 4000), @p4='?' (Size = 4000), @p5='?' (DbType = DateTime)], CommandType='"Text"', CommandTimeout='30']
UPDATE `Dealer_Bank_Details` SET `Bank_Account_Number` = @p0, `Bank_Name` = @p1, `Dealer_Id` = @p2, `Ifsc_Code` = @p3, `Remarks` = @p4, `Updated_At` = @p5
WHERE `Id` = @p6;
2023-10-09 09:50:59.332 +05:30  INF  Executed DbCommand (1ms) [Parameters=[@__item_Id_0='?' (DbType = Int64)], CommandType='"Text"', CommandTimeout='30']
SELECT `d`.`Id`, `d`.`Bank_Account_Number`, `d`.`Bank_Name`, `d`.`Dealer_Id`, `d`.`Ifsc_Code`, `d`.`Remarks`, `d`.`Updated_At`
FROM `Dealer_Bank_Details` AS `d`
WHERE `d`.`Id` = @__item_Id_0
LIMIT 1
2023-10-09 09:50:59.335 +05:30  INF  Executed DbCommand (2ms) [Parameters=[@p6='?' (DbType = Int64), @p0='?' (DbType = Int64), @p1='?' (Size = 4000), @p2='?' (DbType = Int64), @p3='?' (Size = 4000), @p4='?' (Size = 4000), @p5='?' (DbType = DateTime)], CommandType='"Text"', CommandTimeout='30']
UPDATE `Dealer_Bank_Details` SET `Bank_Account_Number` = @p0, `Bank_Name` = @p1, `Dealer_Id` = @p2, `Ifsc_Code` = @p3, `Remarks` = @p4, `Updated_At` = @p5
WHERE `Id` = @p6;
2023-10-09 09:50:59.340 +05:30  INF  Executed DbCommand (1ms) [Parameters=[@__item_Id_0='?' (DbType = Int32)], CommandType='"Text"', CommandTimeout='30']
SELECT `d`.`Id`, `d`.`Dealer_Id`, `d`.`Material_Cost`, `d`.`Material_Date`, `d`.`Material_Name`
FROM `Dealer_Material` AS `d`
WHERE `d`.`Id` = @__item_Id_0
LIMIT 1
2023-10-09 09:50:59.348 +05:30  INF  Executed DbCommand (3ms) [Parameters=[@p4='?' (DbType = Int32), @p0='?' (DbType = Int64), @p1='?' (DbType = Single), @p2='?' (DbType = DateTime), @p3='?' (Size = 4000)], CommandType='"Text"', CommandTimeout='30']
UPDATE `Dealer_Material` SET `Dealer_Id` = @p0, `Material_Cost` = @p1, `Material_Date` = @p2, `Material_Name` = @p3
WHERE `Id` = @p4;
2023-10-09 09:50:59.350 +05:30  INF  Executed DbCommand (0ms) [Parameters=[@__item_Id_0='?' (DbType = Int32)], CommandType='"Text"', CommandTimeout='30']
SELECT `d`.`Id`, `d`.`Dealer_Id`, `d`.`Material_Cost`, `d`.`Material_Date`, `d`.`Material_Name`
FROM `Dealer_Material` AS `d`
WHERE `d`.`Id` = @__item_Id_0
LIMIT 1
2023-10-09 09:50:59.353 +05:30  INF  Executed DbCommand (2ms) [Parameters=[@p4='?' (DbType = Int32), @p0='?' (DbType = Int64), @p1='?' (DbType = Single), @p2='?' (DbType = DateTime), @p3='?' (Size = 4000)], CommandType='"Text"', CommandTimeout='30']
UPDATE `Dealer_Material` SET `Dealer_Id` = @p0, `Material_Cost` = @p1, `Material_Date` = @p2, `Material_Name` = @p3
WHERE `Id` = @p4;
2023-10-09 09:50:59.353 +05:30  INF  Executing OkObjectResult, writing value of type 'System.String'.
2023-10-09 09:50:59.353 +05:30  INF  Executed action DCRM.Api.Controllers.DealerController.Update (DCRM.Api) in 242.3478ms
2023-10-09 09:50:59.354 +05:30  INF  Executed endpoint 'DCRM.Api.Controllers.DealerController.Update (DCRM.Api)'
2023-10-09 09:50:59.354 +05:30  INF  Request finished HTTP/2 POST https://localhost:7069/api/Dealer/Update application/json 1397 - 200 - text/plain;+charset=utf-8 443.6482ms
2023-10-09 09:50:59.370 +05:30  INF  Request starting HTTP/2 OPTIONS https://localhost:7069/api/Dealer/GetAll - -
2023-10-09 09:50:59.371 +05:30  INF  CORS policy execution successful.
2023-10-09 09:50:59.371 +05:30  INF  Request finished HTTP/2 OPTIONS https://localhost:7069/api/Dealer/GetAll - - - 204 - - 0.4202ms
2023-10-09 09:50:59.372 +05:30  INF  Request starting HTTP/2 GET https://localhost:7069/api/Dealer/GetAll application/json -
2023-10-09 09:50:59.372 +05:30  INF  CORS policy execution successful.
2023-10-09 09:50:59.376 +05:30  INF  Executed DbCommand (1ms) [Parameters=[@__id_0='?' (DbType = Int32)], CommandType='"Text"', CommandTimeout='30']
SELECT `u`.`Id`, `u`.`About_Me`, `u`.`Account_Type`, `u`.`Address`, `u`.`Available_Days`, `u`.`Bn_Name`, `u`.`City`, `u`.`Country`, `u`.`Created_At`, `u`.`Currency`, `u`.`Degree`, `u`.`Email`, `u`.`Email_Verified`, `u`.`Enable_Appointment`, `u`.`Enable_Rating`, `u`.`Exp_Years`, `u`.`Facebook`, `u`.`Google_Analytics`, `u`.`Image`, `u`.`Instagram`, `u`.`Linkedin`, `u`.`Name`, `u`.`Parent_Id`, `u`.`Password`, `u`.`Paypal_Email`, `u`.`Paypal_Mode`, `u`.`Paypal_Payment`, `u`.`Paystack_Payment`, `u`.`Paystack_Public_Key`, `u`.`Paystack_Secret_Key`, `u`.`Phone`, `u`.`Publish_Key`, `u`.`Qr_Code`, `u`.`Razorpay_Key_Id`, `u`.`Razorpay_Key_Secret`, `u`.`Razorpay_Payment`, `u`.`Role`, `u`.`Secret_Key`, `u`.`Skype`, `u`.`Slug`, `u`.`Specialist`, `u`.`Status`, `u`.`Stripe_Payment`, `u`.`Thumb`, `u`.`Trial_Expire`, `u`.`Twitter`, `u`.`User_Name`, `u`.`User_Type`, `u`.`Verify_Code`, `u`.`Whatsapp`
FROM `Users` AS `u`
WHERE `u`.`Id` = @__id_0
LIMIT 1
2023-10-09 09:50:59.376 +05:30  INF  Executing endpoint 'DCRM.Api.Controllers.DealerController.GetAllAsync (DCRM.Api)'
2023-10-09 09:50:59.377 +05:30  INF  Route matched with {action = "GetAll", controller = "Dealer"}. Executing controller action with signature System.Threading.Tasks.Task`1[System.Collections.Generic.IEnumerable`1[DCRM.Common.Dto.DealerDto]] GetAllAsync() on controller DCRM.Api.Controllers.DealerController (DCRM.Api).
2023-10-09 09:50:59.378 +05:30  INF  Executed DbCommand (1ms) [Parameters=[@__userId_0='?' (DbType = Int64)], CommandType='"Text"', CommandTimeout='30']
SELECT `d`.`Id`, `d`.`Address_O`, `d`.`Address_R`, `d`.`City_O`, `d`.`City_R`, `d`.`Company_Name`, `d`.`Country_O`, `d`.`Country_R`, `d`.`Created_At`, `d`.`Email1`, `d`.`Email2`, `d`.`Gst_Number`, `d`.`Image`, `d`.`Is_Deleted`, `d`.`Own_Name_1`, `d`.`Own_Name_2`, `d`.`Pan_Number`, `d`.`Phone1`, `d`.`Phone2`, `d`.`Staff_Email1`, `d`.`Staff_Email2`, `d`.`Staff_Email3`, `d`.`Staff_Email4`, `d`.`Staff_Name1`, `d`.`Staff_Name2`, `d`.`Staff_Name3`, `d`.`Staff_Name4`, `d`.`Staff_Phone1`, `d`.`Staff_Phone2`, `d`.`Staff_Phone3`, `d`.`Staff_Phone4`, `d`.`Updated_At`, `d`.`User_Id`, `d`.`Zip_O`, `d`.`Zip_R`
FROM `Dealers` AS `d`
WHERE (`d`.`Is_Deleted` = 0) AND (`d`.`User_Id` = @__userId_0)
2023-10-09 09:50:59.380 +05:30  INF  Executed DbCommand (1ms) [Parameters=[@__p_0='?' (DbType = Int64)], CommandType='"Text"', CommandTimeout='30']
SELECT `d`.`Id`, `d`.`Bank_Account_Number`, `d`.`Bank_Name`, `d`.`Dealer_Id`, `d`.`Ifsc_Code`, `d`.`Remarks`, `d`.`Updated_At`
FROM `Dealer_Bank_Details` AS `d`
WHERE `d`.`Dealer_Id` = @__p_0
2023-10-09 09:50:59.382 +05:30  INF  Executed DbCommand (0ms) [Parameters=[@__p_0='?' (DbType = Int64)], CommandType='"Text"', CommandTimeout='30']
SELECT `d`.`Id`, `d`.`Dealer_Id`, `d`.`Material_Cost`, `d`.`Material_Date`, `d`.`Material_Name`
FROM `Dealer_Material` AS `d`
WHERE `d`.`Dealer_Id` = @__p_0
2023-10-09 09:50:59.383 +05:30  INF  Executed DbCommand (1ms) [Parameters=[@__p_0='?' (DbType = Int64)], CommandType='"Text"', CommandTimeout='30']
SELECT `d`.`Id`, `d`.`Bank_Account_Number`, `d`.`Bank_Name`, `d`.`Dealer_Id`, `d`.`Ifsc_Code`, `d`.`Remarks`, `d`.`Updated_At`
FROM `Dealer_Bank_Details` AS `d`
WHERE `d`.`Dealer_Id` = @__p_0
2023-10-09 09:50:59.385 +05:30  INF  Executed DbCommand (0ms) [Parameters=[@__p_0='?' (DbType = Int64)], CommandType='"Text"', CommandTimeout='30']
SELECT `d`.`Id`, `d`.`Dealer_Id`, `d`.`Material_Cost`, `d`.`Material_Date`, `d`.`Material_Name`
FROM `Dealer_Material` AS `d`
WHERE `d`.`Dealer_Id` = @__p_0
2023-10-09 09:50:59.385 +05:30  INF  Executing ObjectResult, writing value of type 'System.Collections.Generic.List`1[[DCRM.Common.Dto.DealerDto, DCRM.Common, Version=1.0.0.0, Culture=neutral, PublicKeyToken=null]]'.
2023-10-09 09:50:59.386 +05:30  INF  Executed action DCRM.Api.Controllers.DealerController.GetAllAsync (DCRM.Api) in 9.4333ms
2023-10-09 09:50:59.386 +05:30  INF  Executed endpoint 'DCRM.Api.Controllers.DealerController.GetAllAsync (DCRM.Api)'
2023-10-09 09:50:59.386 +05:30  INF  Request finished HTTP/2 GET https://localhost:7069/api/Dealer/GetAll application/json - - 200 - application/json;+charset=utf-8 14.0776ms
2023-10-09 09:51:44.391 +05:30  INF  Request starting HTTP/1.1 GET https://localhost:7069/api/Dealer/Get/30 - -
2023-10-09 09:51:44.394 +05:30  INF  Executed DbCommand (1ms) [Parameters=[@__id_0='?' (DbType = Int32)], CommandType='"Text"', CommandTimeout='30']
SELECT `u`.`Id`, `u`.`About_Me`, `u`.`Account_Type`, `u`.`Address`, `u`.`Available_Days`, `u`.`Bn_Name`, `u`.`City`, `u`.`Country`, `u`.`Created_At`, `u`.`Currency`, `u`.`Degree`, `u`.`Email`, `u`.`Email_Verified`, `u`.`Enable_Appointment`, `u`.`Enable_Rating`, `u`.`Exp_Years`, `u`.`Facebook`, `u`.`Google_Analytics`, `u`.`Image`, `u`.`Instagram`, `u`.`Linkedin`, `u`.`Name`, `u`.`Parent_Id`, `u`.`Password`, `u`.`Paypal_Email`, `u`.`Paypal_Mode`, `u`.`Paypal_Payment`, `u`.`Paystack_Payment`, `u`.`Paystack_Public_Key`, `u`.`Paystack_Secret_Key`, `u`.`Phone`, `u`.`Publish_Key`, `u`.`Qr_Code`, `u`.`Razorpay_Key_Id`, `u`.`Razorpay_Key_Secret`, `u`.`Razorpay_Payment`, `u`.`Role`, `u`.`Secret_Key`, `u`.`Skype`, `u`.`Slug`, `u`.`Specialist`, `u`.`Status`, `u`.`Stripe_Payment`, `u`.`Thumb`, `u`.`Trial_Expire`, `u`.`Twitter`, `u`.`User_Name`, `u`.`User_Type`, `u`.`Verify_Code`, `u`.`Whatsapp`
FROM `Users` AS `u`
WHERE `u`.`Id` = @__id_0
LIMIT 1
2023-10-09 09:51:44.399 +05:30  INF  Executing endpoint 'DCRM.Api.Controllers.DealerController.GetAsync (DCRM.Api)'
2023-10-09 09:51:44.399 +05:30  INF  Route matched with {action = "Get", controller = "Dealer"}. Executing controller action with signature System.Threading.Tasks.Task`1[DCRM.Common.Dto.DealerDto] GetAsync(Int32) on controller DCRM.Api.Controllers.DealerController (DCRM.Api).
2023-10-09 09:51:44.402 +05:30  INF  Executed DbCommand (1ms) [Parameters=[@__id_0='?' (DbType = Int32), @__userId_1='?' (DbType = Int64)], CommandType='"Text"', CommandTimeout='30']
SELECT `d`.`Id`, `d`.`Address_O`, `d`.`Address_R`, `d`.`City_O`, `d`.`City_R`, `d`.`Company_Name`, `d`.`Country_O`, `d`.`Country_R`, `d`.`Created_At`, `d`.`Email1`, `d`.`Email2`, `d`.`Gst_Number`, `d`.`Image`, `d`.`Is_Deleted`, `d`.`Own_Name_1`, `d`.`Own_Name_2`, `d`.`Pan_Number`, `d`.`Phone1`, `d`.`Phone2`, `d`.`Staff_Email1`, `d`.`Staff_Email2`, `d`.`Staff_Email3`, `d`.`Staff_Email4`, `d`.`Staff_Name1`, `d`.`Staff_Name2`, `d`.`Staff_Name3`, `d`.`Staff_Name4`, `d`.`Staff_Phone1`, `d`.`Staff_Phone2`, `d`.`Staff_Phone3`, `d`.`Staff_Phone4`, `d`.`Updated_At`, `d`.`User_Id`, `d`.`Zip_O`, `d`.`Zip_R`
FROM `Dealers` AS `d`
WHERE ((`d`.`Id` = @__id_0) AND (`d`.`Is_Deleted` = 0)) AND (`d`.`User_Id` = @__userId_1)
LIMIT 1
2023-10-09 09:51:44.404 +05:30  INF  Executed DbCommand (1ms) [Parameters=[@__p_0='?' (DbType = Int64)], CommandType='"Text"', CommandTimeout='30']
SELECT `d`.`Id`, `d`.`Bank_Account_Number`, `d`.`Bank_Name`, `d`.`Dealer_Id`, `d`.`Ifsc_Code`, `d`.`Remarks`, `d`.`Updated_At`
FROM `Dealer_Bank_Details` AS `d`
WHERE `d`.`Dealer_Id` = @__p_0
2023-10-09 09:51:44.405 +05:30  INF  Executed DbCommand (0ms) [Parameters=[@__p_0='?' (DbType = Int64)], CommandType='"Text"', CommandTimeout='30']
SELECT `d`.`Id`, `d`.`Dealer_Id`, `d`.`Material_Cost`, `d`.`Material_Date`, `d`.`Material_Name`
FROM `Dealer_Material` AS `d`
WHERE `d`.`Dealer_Id` = @__p_0
2023-10-09 09:51:44.406 +05:30  INF  Executing ObjectResult, writing value of type 'DCRM.Common.Dto.DealerDto'.
2023-10-09 09:51:44.406 +05:30  INF  Executed action DCRM.Api.Controllers.DealerController.GetAsync (DCRM.Api) in 7.1874ms
2023-10-09 09:51:44.406 +05:30  INF  Executed endpoint 'DCRM.Api.Controllers.DealerController.GetAsync (DCRM.Api)'
2023-10-09 09:51:44.407 +05:30  INF  Request finished HTTP/1.1 GET https://localhost:7069/api/Dealer/Get/30 - - - 200 - application/json;+charset=utf-8 15.5106ms
2023-10-09 09:53:08.945 +05:30  INF  Request starting HTTP/2 OPTIONS https://localhost:7069/api/Dealer/Get/31 - -
2023-10-09 09:53:08.946 +05:30  INF  CORS policy execution successful.
2023-10-09 09:53:08.946 +05:30  INF  Request finished HTTP/2 OPTIONS https://localhost:7069/api/Dealer/Get/31 - - - 204 - - 0.3408ms
2023-10-09 09:53:08.947 +05:30  INF  Request starting HTTP/2 GET https://localhost:7069/api/Dealer/Get/31 application/json -
2023-10-09 09:53:08.947 +05:30  INF  CORS policy execution successful.
2023-10-09 09:53:08.950 +05:30  INF  Executed DbCommand (1ms) [Parameters=[@__id_0='?' (DbType = Int32)], CommandType='"Text"', CommandTimeout='30']
SELECT `u`.`Id`, `u`.`About_Me`, `u`.`Account_Type`, `u`.`Address`, `u`.`Available_Days`, `u`.`Bn_Name`, `u`.`City`, `u`.`Country`, `u`.`Created_At`, `u`.`Currency`, `u`.`Degree`, `u`.`Email`, `u`.`Email_Verified`, `u`.`Enable_Appointment`, `u`.`Enable_Rating`, `u`.`Exp_Years`, `u`.`Facebook`, `u`.`Google_Analytics`, `u`.`Image`, `u`.`Instagram`, `u`.`Linkedin`, `u`.`Name`, `u`.`Parent_Id`, `u`.`Password`, `u`.`Paypal_Email`, `u`.`Paypal_Mode`, `u`.`Paypal_Payment`, `u`.`Paystack_Payment`, `u`.`Paystack_Public_Key`, `u`.`Paystack_Secret_Key`, `u`.`Phone`, `u`.`Publish_Key`, `u`.`Qr_Code`, `u`.`Razorpay_Key_Id`, `u`.`Razorpay_Key_Secret`, `u`.`Razorpay_Payment`, `u`.`Role`, `u`.`Secret_Key`, `u`.`Skype`, `u`.`Slug`, `u`.`Specialist`, `u`.`Status`, `u`.`Stripe_Payment`, `u`.`Thumb`, `u`.`Trial_Expire`, `u`.`Twitter`, `u`.`User_Name`, `u`.`User_Type`, `u`.`Verify_Code`, `u`.`Whatsapp`
FROM `Users` AS `u`
WHERE `u`.`Id` = @__id_0
LIMIT 1
2023-10-09 09:53:08.950 +05:30  INF  Executing endpoint 'DCRM.Api.Controllers.DealerController.GetAsync (DCRM.Api)'
2023-10-09 09:53:08.950 +05:30  INF  Route matched with {action = "Get", controller = "Dealer"}. Executing controller action with signature System.Threading.Tasks.Task`1[DCRM.Common.Dto.DealerDto] GetAsync(Int32) on controller DCRM.Api.Controllers.DealerController (DCRM.Api).
2023-10-09 09:53:08.952 +05:30  INF  Executed DbCommand (1ms) [Parameters=[@__id_0='?' (DbType = Int32), @__userId_1='?' (DbType = Int64)], CommandType='"Text"', CommandTimeout='30']
SELECT `d`.`Id`, `d`.`Address_O`, `d`.`Address_R`, `d`.`City_O`, `d`.`City_R`, `d`.`Company_Name`, `d`.`Country_O`, `d`.`Country_R`, `d`.`Created_At`, `d`.`Email1`, `d`.`Email2`, `d`.`Gst_Number`, `d`.`Image`, `d`.`Is_Deleted`, `d`.`Own_Name_1`, `d`.`Own_Name_2`, `d`.`Pan_Number`, `d`.`Phone1`, `d`.`Phone2`, `d`.`Staff_Email1`, `d`.`Staff_Email2`, `d`.`Staff_Email3`, `d`.`Staff_Email4`, `d`.`Staff_Name1`, `d`.`Staff_Name2`, `d`.`Staff_Name3`, `d`.`Staff_Name4`, `d`.`Staff_Phone1`, `d`.`Staff_Phone2`, `d`.`Staff_Phone3`, `d`.`Staff_Phone4`, `d`.`Updated_At`, `d`.`User_Id`, `d`.`Zip_O`, `d`.`Zip_R`
FROM `Dealers` AS `d`
WHERE ((`d`.`Id` = @__id_0) AND (`d`.`Is_Deleted` = 0)) AND (`d`.`User_Id` = @__userId_1)
LIMIT 1
2023-10-09 09:53:08.953 +05:30  INF  Executed DbCommand (0ms) [Parameters=[@__p_0='?' (DbType = Int64)], CommandType='"Text"', CommandTimeout='30']
SELECT `d`.`Id`, `d`.`Bank_Account_Number`, `d`.`Bank_Name`, `d`.`Dealer_Id`, `d`.`Ifsc_Code`, `d`.`Remarks`, `d`.`Updated_At`
FROM `Dealer_Bank_Details` AS `d`
WHERE `d`.`Dealer_Id` = @__p_0
2023-10-09 09:53:08.954 +05:30  INF  Executed DbCommand (0ms) [Parameters=[@__p_0='?' (DbType = Int64)], CommandType='"Text"', CommandTimeout='30']
SELECT `d`.`Id`, `d`.`Dealer_Id`, `d`.`Material_Cost`, `d`.`Material_Date`, `d`.`Material_Name`
FROM `Dealer_Material` AS `d`
WHERE `d`.`Dealer_Id` = @__p_0
2023-10-09 09:53:08.954 +05:30  INF  Executing ObjectResult, writing value of type 'DCRM.Common.Dto.DealerDto'.
2023-10-09 09:53:08.954 +05:30  INF  Executed action DCRM.Api.Controllers.DealerController.GetAsync (DCRM.Api) in 4.4617ms
2023-10-09 09:53:08.955 +05:30  INF  Executed endpoint 'DCRM.Api.Controllers.DealerController.GetAsync (DCRM.Api)'
2023-10-09 09:53:08.955 +05:30  INF  Request finished HTTP/2 GET https://localhost:7069/api/Dealer/Get/31 application/json - - 200 - application/json;+charset=utf-8 7.9843ms
2023-10-09 09:54:01.217 +05:30  INF  Request starting HTTP/2 OPTIONS https://localhost:7069/api/Dealer/Update - -
2023-10-09 09:54:01.217 +05:30  INF  CORS policy execution successful.
2023-10-09 09:54:01.218 +05:30  INF  Request finished HTTP/2 OPTIONS https://localhost:7069/api/Dealer/Update - - - 204 - - 0.4121ms
2023-10-09 09:54:01.218 +05:30  INF  Request starting HTTP/2 POST https://localhost:7069/api/Dealer/Update application/json 5518
2023-10-09 09:54:01.219 +05:30  INF  CORS policy execution successful.
2023-10-09 09:54:01.221 +05:30  INF  Executed DbCommand (1ms) [Parameters=[@__id_0='?' (DbType = Int32)], CommandType='"Text"', CommandTimeout='30']
SELECT `u`.`Id`, `u`.`About_Me`, `u`.`Account_Type`, `u`.`Address`, `u`.`Available_Days`, `u`.`Bn_Name`, `u`.`City`, `u`.`Country`, `u`.`Created_At`, `u`.`Currency`, `u`.`Degree`, `u`.`Email`, `u`.`Email_Verified`, `u`.`Enable_Appointment`, `u`.`Enable_Rating`, `u`.`Exp_Years`, `u`.`Facebook`, `u`.`Google_Analytics`, `u`.`Image`, `u`.`Instagram`, `u`.`Linkedin`, `u`.`Name`, `u`.`Parent_Id`, `u`.`Password`, `u`.`Paypal_Email`, `u`.`Paypal_Mode`, `u`.`Paypal_Payment`, `u`.`Paystack_Payment`, `u`.`Paystack_Public_Key`, `u`.`Paystack_Secret_Key`, `u`.`Phone`, `u`.`Publish_Key`, `u`.`Qr_Code`, `u`.`Razorpay_Key_Id`, `u`.`Razorpay_Key_Secret`, `u`.`Razorpay_Payment`, `u`.`Role`, `u`.`Secret_Key`, `u`.`Skype`, `u`.`Slug`, `u`.`Specialist`, `u`.`Status`, `u`.`Stripe_Payment`, `u`.`Thumb`, `u`.`Trial_Expire`, `u`.`Twitter`, `u`.`User_Name`, `u`.`User_Type`, `u`.`Verify_Code`, `u`.`Whatsapp`
FROM `Users` AS `u`
WHERE `u`.`Id` = @__id_0
LIMIT 1
2023-10-09 09:54:01.222 +05:30  INF  Executing endpoint 'DCRM.Api.Controllers.DealerController.Update (DCRM.Api)'
2023-10-09 09:54:01.222 +05:30  INF  Route matched with {action = "Update", controller = "Dealer"}. Executing controller action with signature System.Threading.Tasks.Task`1[Microsoft.AspNetCore.Mvc.IActionResult] Update(DCRM.Common.Entity.DealerRequest) on controller DCRM.Api.Controllers.DealerController (DCRM.Api).
2023-10-09 09:54:01.226 +05:30  INF  Executed DbCommand (1ms) [Parameters=[@__request_Id_0='?' (DbType = Int32)], CommandType='"Text"', CommandTimeout='30']
SELECT `d`.`Id`, `d`.`Address_O`, `d`.`Address_R`, `d`.`City_O`, `d`.`City_R`, `d`.`Company_Name`, `d`.`Country_O`, `d`.`Country_R`, `d`.`Created_At`, `d`.`Email1`, `d`.`Email2`, `d`.`Gst_Number`, `d`.`Image`, `d`.`Is_Deleted`, `d`.`Own_Name_1`, `d`.`Own_Name_2`, `d`.`Pan_Number`, `d`.`Phone1`, `d`.`Phone2`, `d`.`Staff_Email1`, `d`.`Staff_Email2`, `d`.`Staff_Email3`, `d`.`Staff_Email4`, `d`.`Staff_Name1`, `d`.`Staff_Name2`, `d`.`Staff_Name3`, `d`.`Staff_Name4`, `d`.`Staff_Phone1`, `d`.`Staff_Phone2`, `d`.`Staff_Phone3`, `d`.`Staff_Phone4`, `d`.`Updated_At`, `d`.`User_Id`, `d`.`Zip_O`, `d`.`Zip_R`
FROM `Dealers` AS `d`
WHERE `d`.`Id` = @__request_Id_0
LIMIT 1
2023-10-09 09:54:01.230 +05:30  INF  Executed DbCommand (2ms) [Parameters=[@p34='?' (DbType = Int32), @p0='?' (Size = 4000), @p1='?' (Size = 4000), @p2='?' (Size = 4000), @p3='?' (Size = 4000), @p4='?' (Size = 4000), @p5='?' (Size = 4000), @p6='?' (Size = 4000), @p7='?' (DbType = DateTime), @p8='?' (Size = 4000), @p9='?' (Size = 4000), @p10='?' (Size = 4000), @p11='?' (Size = -1), @p12='?' (DbType = SByte), @p13='?' (Size = 4000), @p14='?' (Size = 4000), @p15='?' (Size = 4000), @p16='?' (Size = 4000), @p17='?' (Size = 4000), @p18='?' (Size = 4000), @p19='?' (Size = 4000), @p20='?' (Size = 4000), @p21='?' (Size = 4000), @p22='?' (Size = 4000), @p23='?' (Size = 4000), @p24='?' (Size = 4000), @p25='?' (Size = 4000), @p26='?' (DbType = Int64), @p27='?' (DbType = Int64), @p28='?' (DbType = Int64), @p29='?' (DbType = Int64), @p30='?' (DbType = DateTime), @p31='?' (DbType = Int64), @p32='?' (Size = 4000), @p33='?' (Size = 4000)], CommandType='"Text"', CommandTimeout='30']
UPDATE `Dealers` SET `Address_O` = @p0, `Address_R` = @p1, `City_O` = @p2, `City_R` = @p3, `Company_Name` = @p4, `Country_O` = @p5, `Country_R` = @p6, `Created_At` = @p7, `Email1` = @p8, `Email2` = @p9, `Gst_Number` = @p10, `Image` = @p11, `Is_Deleted` = @p12, `Own_Name_1` = @p13, `Own_Name_2` = @p14, `Pan_Number` = @p15, `Phone1` = @p16, `Phone2` = @p17, `Staff_Email1` = @p18, `Staff_Email2` = @p19, `Staff_Email3` = @p20, `Staff_Email4` = @p21, `Staff_Name1` = @p22, `Staff_Name2` = @p23, `Staff_Name3` = @p24, `Staff_Name4` = @p25, `Staff_Phone1` = @p26, `Staff_Phone2` = @p27, `Staff_Phone3` = @p28, `Staff_Phone4` = @p29, `Updated_At` = @p30, `User_Id` = @p31, `Zip_O` = @p32, `Zip_R` = @p33
WHERE `Id` = @p34;
2023-10-09 09:54:01.232 +05:30  INF  Executed DbCommand (1ms) [Parameters=[@__item_Id_0='?' (DbType = Int64)], CommandType='"Text"', CommandTimeout='30']
SELECT `d`.`Id`, `d`.`Bank_Account_Number`, `d`.`Bank_Name`, `d`.`Dealer_Id`, `d`.`Ifsc_Code`, `d`.`Remarks`, `d`.`Updated_At`
FROM `Dealer_Bank_Details` AS `d`
WHERE `d`.`Id` = @__item_Id_0
LIMIT 1
2023-10-09 09:54:01.234 +05:30  INF  Executed DbCommand (1ms) [Parameters=[@p6='?' (DbType = Int64), @p0='?' (DbType = Int64), @p1='?' (Size = 4000), @p2='?' (DbType = Int64), @p3='?' (Size = 4000), @p4='?' (Size = 4000), @p5='?' (DbType = DateTime)], CommandType='"Text"', CommandTimeout='30']
UPDATE `Dealer_Bank_Details` SET `Bank_Account_Number` = @p0, `Bank_Name` = @p1, `Dealer_Id` = @p2, `Ifsc_Code` = @p3, `Remarks` = @p4, `Updated_At` = @p5
WHERE `Id` = @p6;
2023-10-09 09:54:01.235 +05:30  INF  Executed DbCommand (0ms) [Parameters=[@__item_Id_0='?' (DbType = Int32)], CommandType='"Text"', CommandTimeout='30']
SELECT `d`.`Id`, `d`.`Dealer_Id`, `d`.`Material_Cost`, `d`.`Material_Date`, `d`.`Material_Name`
FROM `Dealer_Material` AS `d`
WHERE `d`.`Id` = @__item_Id_0
LIMIT 1
2023-10-09 09:54:01.239 +05:30  INF  Executed DbCommand (3ms) [Parameters=[@p4='?' (DbType = Int32), @p0='?' (DbType = Int64), @p1='?' (DbType = Single), @p2='?' (DbType = DateTime), @p3='?' (Size = 4000)], CommandType='"Text"', CommandTimeout='30']
UPDATE `Dealer_Material` SET `Dealer_Id` = @p0, `Material_Cost` = @p1, `Material_Date` = @p2, `Material_Name` = @p3
WHERE `Id` = @p4;
2023-10-09 09:54:01.239 +05:30  INF  Executing OkObjectResult, writing value of type 'System.String'.
2023-10-09 09:54:01.239 +05:30  INF  Executed action DCRM.Api.Controllers.DealerController.Update (DCRM.Api) in 17.4632ms
2023-10-09 09:54:01.239 +05:30  INF  Executed endpoint 'DCRM.Api.Controllers.DealerController.Update (DCRM.Api)'
2023-10-09 09:54:01.240 +05:30  INF  Request finished HTTP/2 POST https://localhost:7069/api/Dealer/Update application/json 5518 - 200 - text/plain;+charset=utf-8 21.0257ms
2023-10-09 09:54:01.250 +05:30  INF  Request starting HTTP/2 OPTIONS https://localhost:7069/api/Dealer/GetAll - -
2023-10-09 09:54:01.250 +05:30  INF  CORS policy execution successful.
2023-10-09 09:54:01.251 +05:30  INF  Request finished HTTP/2 OPTIONS https://localhost:7069/api/Dealer/GetAll - - - 204 - - 0.3553ms
2023-10-09 09:54:01.251 +05:30  INF  Request starting HTTP/2 GET https://localhost:7069/api/Dealer/GetAll application/json -
2023-10-09 09:54:01.251 +05:30  INF  CORS policy execution successful.
2023-10-09 09:54:01.254 +05:30  INF  Executed DbCommand (1ms) [Parameters=[@__id_0='?' (DbType = Int32)], CommandType='"Text"', CommandTimeout='30']
SELECT `u`.`Id`, `u`.`About_Me`, `u`.`Account_Type`, `u`.`Address`, `u`.`Available_Days`, `u`.`Bn_Name`, `u`.`City`, `u`.`Country`, `u`.`Created_At`, `u`.`Currency`, `u`.`Degree`, `u`.`Email`, `u`.`Email_Verified`, `u`.`Enable_Appointment`, `u`.`Enable_Rating`, `u`.`Exp_Years`, `u`.`Facebook`, `u`.`Google_Analytics`, `u`.`Image`, `u`.`Instagram`, `u`.`Linkedin`, `u`.`Name`, `u`.`Parent_Id`, `u`.`Password`, `u`.`Paypal_Email`, `u`.`Paypal_Mode`, `u`.`Paypal_Payment`, `u`.`Paystack_Payment`, `u`.`Paystack_Public_Key`, `u`.`Paystack_Secret_Key`, `u`.`Phone`, `u`.`Publish_Key`, `u`.`Qr_Code`, `u`.`Razorpay_Key_Id`, `u`.`Razorpay_Key_Secret`, `u`.`Razorpay_Payment`, `u`.`Role`, `u`.`Secret_Key`, `u`.`Skype`, `u`.`Slug`, `u`.`Specialist`, `u`.`Status`, `u`.`Stripe_Payment`, `u`.`Thumb`, `u`.`Trial_Expire`, `u`.`Twitter`, `u`.`User_Name`, `u`.`User_Type`, `u`.`Verify_Code`, `u`.`Whatsapp`
FROM `Users` AS `u`
WHERE `u`.`Id` = @__id_0
LIMIT 1
2023-10-09 09:54:01.255 +05:30  INF  Executing endpoint 'DCRM.Api.Controllers.DealerController.GetAllAsync (DCRM.Api)'
2023-10-09 09:54:01.255 +05:30  INF  Route matched with {action = "GetAll", controller = "Dealer"}. Executing controller action with signature System.Threading.Tasks.Task`1[System.Collections.Generic.IEnumerable`1[DCRM.Common.Dto.DealerDto]] GetAllAsync() on controller DCRM.Api.Controllers.DealerController (DCRM.Api).
2023-10-09 09:54:01.257 +05:30  INF  Executed DbCommand (1ms) [Parameters=[@__userId_0='?' (DbType = Int64)], CommandType='"Text"', CommandTimeout='30']
SELECT `d`.`Id`, `d`.`Address_O`, `d`.`Address_R`, `d`.`City_O`, `d`.`City_R`, `d`.`Company_Name`, `d`.`Country_O`, `d`.`Country_R`, `d`.`Created_At`, `d`.`Email1`, `d`.`Email2`, `d`.`Gst_Number`, `d`.`Image`, `d`.`Is_Deleted`, `d`.`Own_Name_1`, `d`.`Own_Name_2`, `d`.`Pan_Number`, `d`.`Phone1`, `d`.`Phone2`, `d`.`Staff_Email1`, `d`.`Staff_Email2`, `d`.`Staff_Email3`, `d`.`Staff_Email4`, `d`.`Staff_Name1`, `d`.`Staff_Name2`, `d`.`Staff_Name3`, `d`.`Staff_Name4`, `d`.`Staff_Phone1`, `d`.`Staff_Phone2`, `d`.`Staff_Phone3`, `d`.`Staff_Phone4`, `d`.`Updated_At`, `d`.`User_Id`, `d`.`Zip_O`, `d`.`Zip_R`
FROM `Dealers` AS `d`
WHERE (`d`.`Is_Deleted` = 0) AND (`d`.`User_Id` = @__userId_0)
2023-10-09 09:54:01.258 +05:30  INF  Executed DbCommand (0ms) [Parameters=[@__p_0='?' (DbType = Int64)], CommandType='"Text"', CommandTimeout='30']
SELECT `d`.`Id`, `d`.`Bank_Account_Number`, `d`.`Bank_Name`, `d`.`Dealer_Id`, `d`.`Ifsc_Code`, `d`.`Remarks`, `d`.`Updated_At`
FROM `Dealer_Bank_Details` AS `d`
WHERE `d`.`Dealer_Id` = @__p_0
2023-10-09 09:54:01.260 +05:30  INF  Executed DbCommand (0ms) [Parameters=[@__p_0='?' (DbType = Int64)], CommandType='"Text"', CommandTimeout='30']
SELECT `d`.`Id`, `d`.`Dealer_Id`, `d`.`Material_Cost`, `d`.`Material_Date`, `d`.`Material_Name`
FROM `Dealer_Material` AS `d`
WHERE `d`.`Dealer_Id` = @__p_0
2023-10-09 09:54:01.261 +05:30  INF  Executed DbCommand (0ms) [Parameters=[@__p_0='?' (DbType = Int64)], CommandType='"Text"', CommandTimeout='30']
SELECT `d`.`Id`, `d`.`Bank_Account_Number`, `d`.`Bank_Name`, `d`.`Dealer_Id`, `d`.`Ifsc_Code`, `d`.`Remarks`, `d`.`Updated_At`
FROM `Dealer_Bank_Details` AS `d`
WHERE `d`.`Dealer_Id` = @__p_0
2023-10-09 09:54:01.263 +05:30  INF  Executed DbCommand (0ms) [Parameters=[@__p_0='?' (DbType = Int64)], CommandType='"Text"', CommandTimeout='30']
SELECT `d`.`Id`, `d`.`Dealer_Id`, `d`.`Material_Cost`, `d`.`Material_Date`, `d`.`Material_Name`
FROM `Dealer_Material` AS `d`
WHERE `d`.`Dealer_Id` = @__p_0
2023-10-09 09:54:01.263 +05:30  INF  Executing ObjectResult, writing value of type 'System.Collections.Generic.List`1[[DCRM.Common.Dto.DealerDto, DCRM.Common, Version=1.0.0.0, Culture=neutral, PublicKeyToken=null]]'.
2023-10-09 09:54:01.263 +05:30  INF  Executed action DCRM.Api.Controllers.DealerController.GetAllAsync (DCRM.Api) in 8.3335ms
2023-10-09 09:54:01.263 +05:30  INF  Executed endpoint 'DCRM.Api.Controllers.DealerController.GetAllAsync (DCRM.Api)'
2023-10-09 09:54:01.263 +05:30  INF  Request finished HTTP/2 GET https://localhost:7069/api/Dealer/GetAll application/json - - 200 - application/json;+charset=utf-8 12.1557ms
2023-10-09 09:54:25.461 +05:30  INF  Request starting HTTP/2 OPTIONS https://localhost:7069/api/Dealer/Delete/31 - -
2023-10-09 09:54:25.462 +05:30  INF  CORS policy execution successful.
2023-10-09 09:54:25.462 +05:30  INF  Request finished HTTP/2 OPTIONS https://localhost:7069/api/Dealer/Delete/31 - - - 204 - - 0.3797ms
2023-10-09 09:54:25.463 +05:30  INF  Request starting HTTP/2 DELETE https://localhost:7069/api/Dealer/Delete/31 application/json -
2023-10-09 09:54:25.463 +05:30  INF  CORS policy execution successful.
2023-10-09 09:54:25.465 +05:30  INF  Executed DbCommand (1ms) [Parameters=[@__id_0='?' (DbType = Int32)], CommandType='"Text"', CommandTimeout='30']
SELECT `u`.`Id`, `u`.`About_Me`, `u`.`Account_Type`, `u`.`Address`, `u`.`Available_Days`, `u`.`Bn_Name`, `u`.`City`, `u`.`Country`, `u`.`Created_At`, `u`.`Currency`, `u`.`Degree`, `u`.`Email`, `u`.`Email_Verified`, `u`.`Enable_Appointment`, `u`.`Enable_Rating`, `u`.`Exp_Years`, `u`.`Facebook`, `u`.`Google_Analytics`, `u`.`Image`, `u`.`Instagram`, `u`.`Linkedin`, `u`.`Name`, `u`.`Parent_Id`, `u`.`Password`, `u`.`Paypal_Email`, `u`.`Paypal_Mode`, `u`.`Paypal_Payment`, `u`.`Paystack_Payment`, `u`.`Paystack_Public_Key`, `u`.`Paystack_Secret_Key`, `u`.`Phone`, `u`.`Publish_Key`, `u`.`Qr_Code`, `u`.`Razorpay_Key_Id`, `u`.`Razorpay_Key_Secret`, `u`.`Razorpay_Payment`, `u`.`Role`, `u`.`Secret_Key`, `u`.`Skype`, `u`.`Slug`, `u`.`Specialist`, `u`.`Status`, `u`.`Stripe_Payment`, `u`.`Thumb`, `u`.`Trial_Expire`, `u`.`Twitter`, `u`.`User_Name`, `u`.`User_Type`, `u`.`Verify_Code`, `u`.`Whatsapp`
FROM `Users` AS `u`
WHERE `u`.`Id` = @__id_0
LIMIT 1
2023-10-09 09:54:25.466 +05:30  INF  Executing endpoint 'DCRM.Api.Controllers.DealerController.Delete (DCRM.Api)'
2023-10-09 09:54:25.468 +05:30  INF  Route matched with {action = "Delete", controller = "Dealer"}. Executing controller action with signature System.Threading.Tasks.Task`1[Microsoft.AspNetCore.Mvc.IActionResult] Delete(Int64, Int32) on controller DCRM.Api.Controllers.DealerController (DCRM.Api).
2023-10-09 09:54:25.475 +05:30  INF  Executed DbCommand (1ms) [Parameters=[@__id_0='?' (DbType = Int32), @__userId_1='?' (DbType = Int64)], CommandType='"Text"', CommandTimeout='30']
SELECT `d`.`Id`, `d`.`Address_O`, `d`.`Address_R`, `d`.`City_O`, `d`.`City_R`, `d`.`Company_Name`, `d`.`Country_O`, `d`.`Country_R`, `d`.`Created_At`, `d`.`Email1`, `d`.`Email2`, `d`.`Gst_Number`, `d`.`Image`, `d`.`Is_Deleted`, `d`.`Own_Name_1`, `d`.`Own_Name_2`, `d`.`Pan_Number`, `d`.`Phone1`, `d`.`Phone2`, `d`.`Staff_Email1`, `d`.`Staff_Email2`, `d`.`Staff_Email3`, `d`.`Staff_Email4`, `d`.`Staff_Name1`, `d`.`Staff_Name2`, `d`.`Staff_Name3`, `d`.`Staff_Name4`, `d`.`Staff_Phone1`, `d`.`Staff_Phone2`, `d`.`Staff_Phone3`, `d`.`Staff_Phone4`, `d`.`Updated_At`, `d`.`User_Id`, `d`.`Zip_O`, `d`.`Zip_R`
FROM `Dealers` AS `d`
WHERE (`d`.`Id` = @__id_0) AND (`d`.`User_Id` = @__userId_1)
LIMIT 1
2023-10-09 09:54:25.476 +05:30  INF  Executing OkObjectResult, writing value of type 'System.Int32'.
2023-10-09 09:54:25.477 +05:30  INF  Executed action DCRM.Api.Controllers.DealerController.Delete (DCRM.Api) in 8.6261ms
2023-10-09 09:54:25.477 +05:30  INF  Executed endpoint 'DCRM.Api.Controllers.DealerController.Delete (DCRM.Api)'
2023-10-09 09:54:25.477 +05:30  INF  Request finished HTTP/2 DELETE https://localhost:7069/api/Dealer/Delete/31 application/json - - 200 - application/json;+charset=utf-8 14.0341ms
2023-10-09 09:54:27.914 +05:30  INF  Request starting HTTP/2 OPTIONS https://localhost:7069/api/Dealer/GetAll - -
2023-10-09 09:54:27.914 +05:30  INF  CORS policy execution successful.
2023-10-09 09:54:27.914 +05:30  INF  Request finished HTTP/2 OPTIONS https://localhost:7069/api/Dealer/GetAll - - - 204 - - 0.4012ms
2023-10-09 09:54:27.915 +05:30  INF  Request starting HTTP/2 GET https://localhost:7069/api/Dealer/GetAll application/json -
2023-10-09 09:54:27.915 +05:30  INF  CORS policy execution successful.
2023-10-09 09:54:27.919 +05:30  INF  Executed DbCommand (1ms) [Parameters=[@__id_0='?' (DbType = Int32)], CommandType='"Text"', CommandTimeout='30']
SELECT `u`.`Id`, `u`.`About_Me`, `u`.`Account_Type`, `u`.`Address`, `u`.`Available_Days`, `u`.`Bn_Name`, `u`.`City`, `u`.`Country`, `u`.`Created_At`, `u`.`Currency`, `u`.`Degree`, `u`.`Email`, `u`.`Email_Verified`, `u`.`Enable_Appointment`, `u`.`Enable_Rating`, `u`.`Exp_Years`, `u`.`Facebook`, `u`.`Google_Analytics`, `u`.`Image`, `u`.`Instagram`, `u`.`Linkedin`, `u`.`Name`, `u`.`Parent_Id`, `u`.`Password`, `u`.`Paypal_Email`, `u`.`Paypal_Mode`, `u`.`Paypal_Payment`, `u`.`Paystack_Payment`, `u`.`Paystack_Public_Key`, `u`.`Paystack_Secret_Key`, `u`.`Phone`, `u`.`Publish_Key`, `u`.`Qr_Code`, `u`.`Razorpay_Key_Id`, `u`.`Razorpay_Key_Secret`, `u`.`Razorpay_Payment`, `u`.`Role`, `u`.`Secret_Key`, `u`.`Skype`, `u`.`Slug`, `u`.`Specialist`, `u`.`Status`, `u`.`Stripe_Payment`, `u`.`Thumb`, `u`.`Trial_Expire`, `u`.`Twitter`, `u`.`User_Name`, `u`.`User_Type`, `u`.`Verify_Code`, `u`.`Whatsapp`
FROM `Users` AS `u`
WHERE `u`.`Id` = @__id_0
LIMIT 1
2023-10-09 09:54:27.919 +05:30  INF  Executing endpoint 'DCRM.Api.Controllers.DealerController.GetAllAsync (DCRM.Api)'
2023-10-09 09:54:27.919 +05:30  INF  Route matched with {action = "GetAll", controller = "Dealer"}. Executing controller action with signature System.Threading.Tasks.Task`1[System.Collections.Generic.IEnumerable`1[DCRM.Common.Dto.DealerDto]] GetAllAsync() on controller DCRM.Api.Controllers.DealerController (DCRM.Api).
2023-10-09 09:54:27.921 +05:30  INF  Executed DbCommand (1ms) [Parameters=[@__userId_0='?' (DbType = Int64)], CommandType='"Text"', CommandTimeout='30']
SELECT `d`.`Id`, `d`.`Address_O`, `d`.`Address_R`, `d`.`City_O`, `d`.`City_R`, `d`.`Company_Name`, `d`.`Country_O`, `d`.`Country_R`, `d`.`Created_At`, `d`.`Email1`, `d`.`Email2`, `d`.`Gst_Number`, `d`.`Image`, `d`.`Is_Deleted`, `d`.`Own_Name_1`, `d`.`Own_Name_2`, `d`.`Pan_Number`, `d`.`Phone1`, `d`.`Phone2`, `d`.`Staff_Email1`, `d`.`Staff_Email2`, `d`.`Staff_Email3`, `d`.`Staff_Email4`, `d`.`Staff_Name1`, `d`.`Staff_Name2`, `d`.`Staff_Name3`, `d`.`Staff_Name4`, `d`.`Staff_Phone1`, `d`.`Staff_Phone2`, `d`.`Staff_Phone3`, `d`.`Staff_Phone4`, `d`.`Updated_At`, `d`.`User_Id`, `d`.`Zip_O`, `d`.`Zip_R`
FROM `Dealers` AS `d`
WHERE (`d`.`Is_Deleted` = 0) AND (`d`.`User_Id` = @__userId_0)
2023-10-09 09:54:27.923 +05:30  INF  Executed DbCommand (1ms) [Parameters=[@__p_0='?' (DbType = Int64)], CommandType='"Text"', CommandTimeout='30']
SELECT `d`.`Id`, `d`.`Bank_Account_Number`, `d`.`Bank_Name`, `d`.`Dealer_Id`, `d`.`Ifsc_Code`, `d`.`Remarks`, `d`.`Updated_At`
FROM `Dealer_Bank_Details` AS `d`
WHERE `d`.`Dealer_Id` = @__p_0
2023-10-09 09:54:27.924 +05:30  INF  Executed DbCommand (1ms) [Parameters=[@__p_0='?' (DbType = Int64)], CommandType='"Text"', CommandTimeout='30']
SELECT `d`.`Id`, `d`.`Dealer_Id`, `d`.`Material_Cost`, `d`.`Material_Date`, `d`.`Material_Name`
FROM `Dealer_Material` AS `d`
WHERE `d`.`Dealer_Id` = @__p_0
2023-10-09 09:54:27.926 +05:30  INF  Executed DbCommand (1ms) [Parameters=[@__p_0='?' (DbType = Int64)], CommandType='"Text"', CommandTimeout='30']
SELECT `d`.`Id`, `d`.`Bank_Account_Number`, `d`.`Bank_Name`, `d`.`Dealer_Id`, `d`.`Ifsc_Code`, `d`.`Remarks`, `d`.`Updated_At`
FROM `Dealer_Bank_Details` AS `d`
WHERE `d`.`Dealer_Id` = @__p_0
2023-10-09 09:54:27.929 +05:30  INF  Executed DbCommand (1ms) [Parameters=[@__p_0='?' (DbType = Int64)], CommandType='"Text"', CommandTimeout='30']
SELECT `d`.`Id`, `d`.`Dealer_Id`, `d`.`Material_Cost`, `d`.`Material_Date`, `d`.`Material_Name`
FROM `Dealer_Material` AS `d`
WHERE `d`.`Dealer_Id` = @__p_0
2023-10-09 09:54:27.929 +05:30  INF  Executing ObjectResult, writing value of type 'System.Collections.Generic.List`1[[DCRM.Common.Dto.DealerDto, DCRM.Common, Version=1.0.0.0, Culture=neutral, PublicKeyToken=null]]'.
2023-10-09 09:54:27.930 +05:30  INF  Executed action DCRM.Api.Controllers.DealerController.GetAllAsync (DCRM.Api) in 10.4689ms
2023-10-09 09:54:27.930 +05:30  INF  Executed endpoint 'DCRM.Api.Controllers.DealerController.GetAllAsync (DCRM.Api)'
2023-10-09 09:54:27.930 +05:30  INF  Request finished HTTP/2 GET https://localhost:7069/api/Dealer/GetAll application/json - - 200 - application/json;+charset=utf-8 14.9710ms
>>>>>>> 2b130d7e599e094edfc5957739c23a6cbc514958
